[src/app/Application.cpp:227][APP - INFO] Opened Aurora disc image /workspaces/pcport/RMGK01.iso
[aurora:info:aurora] Aurora initializing
[aurora:info:aurora::system_info] CPU model: Unknown
[aurora:info:aurora::system_info] Memory: 0 MiB
[aurora:info:aurora::system_info] Architecture: x86_64
[aurora:info:aurora::system_info] OS: Unknown
[aurora:info:aurora::gpu] Creating WebGPU instance
[aurora:info:aurora::gpu] Attempting to initialize Vulkan
[aurora:info:aurora::gpu] Graphics adapter information
  API: Vulkan
  Device: NVIDIA GeForce RTX 3080 (DiscreteGPU)
  Driver: NVIDIA: 610.43.03 610.43.3.0
[aurora:info:aurora::gpu] Using limits:
  maxTextureDimension1D: 32768
  maxTextureDimension2D: 32768
  maxTextureDimension3D: 16384
  maxTextureArrayLayers: 2048
  maxDynamicStorageBuffersPerPipelineLayout: 16
  maxStorageBuffersPerShaderStage: 16
  minUniformBufferOffsetAlignment: 64
  minStorageBufferOffsetAlignment: 16
[aurora:info:aurora::gpu] Using surface format BGRA8Unorm, present mode Immediate
[aurora:info:aurora::gfx::texture_replacement] Indexed 0 texture replacements
[aurora:info:aurora] Using framebuffer size 640x480 scale 1
[src/runtime/RuntimeContext.cpp:1532][APP - INFO] SMG semantic event name_obj_lifecycle:connect_to_scene (object=画面キャプチャ;kind=name_obj;movement=-1;calc_anim=-1;draw_buffer=-1;draw_type=45)
[src/runtime/RuntimeContext.cpp:1532][APP - INFO] SMG semantic event name_obj_lifecycle:connect_to_scene (object=画面キャプチャ;kind=name_obj;movement=-1;calc_anim=-1;draw_buffer=-1;draw_type=46)
[src/runtime/RuntimeContext.cpp:508][APP - INFO] Using SMG disc image through Aurora DVD
[src/runtime/RuntimeContext.cpp:511][APP - INFO] Using SMG save files from /workspaces/pcport/pc-port/notes/object-name-table-20260807T003022Z/route-picturebook/picturebook/save
[src/runtime/RuntimeContext.cpp:519][APP - INFO] Loaded 1994 messages from /KrKorean/MessageData/Message.arc
[src/runtime/RuntimeContext.cpp:531][APP - INFO] Loaded 3327 particle names, 3327 particle resources, and 225 particle textures from /ParticleData/Effect.arc
[src/runtime/RuntimeContext.cpp:541][APP - INFO] Loaded 18 debug WPAD button script spans
[src/runtime/RuntimeContext.cpp:545][APP - INFO] Loaded 9 debug WPAD pointer script spans
[src/runtime/RuntimeContext.cpp:1532][APP - INFO] SMG semantic event runtime:runtime_context_created (disc=aurora-dvd)
[src/runtime/RuntimeContext.cpp:1532][APP - INFO] SMG semantic event sequence_state:scene_controller_phase (current_scene=Game;next_scene=;current_stage=;scene_wipe=Open;system_wipe=Open;draw_phase=;frame=0;phase=WaitingForRequest)
[src/app/Application.cpp:245][APP - INFO] Running SMG on Aurora
[src/app/Application.cpp:246][APP - INFO] Hold keyboard A+B or Enter+Backspace to satisfy Wii A+B title input
[src/app/Application.cpp:248][APP - INFO] Freecam debug keys: toggle F9, teleport to HeavensDoor F10, move with WASD, up/down Space/LeftShift, mouse look
[src/runtime/RuntimeContext.cpp:1532][APP - INFO] SMG semantic event aurora_route_smoke:picturebook (prologue picturebook first-page route frame)
[src/app/Application.cpp:275][APP - INFO] Will exit after frame 7660
[src/runtime/RuntimeContext.cpp:1532][APP - INFO] SMG semantic event sequence_state:stage_requested (current_scene=Game;next_scene=FileSelect;current_stage=FileSelect;scene_wipe=Open;system_wipe=Open;draw_phase=;frame=0;requested_stage=FileSelect;scenario=1)
[src/runtime/RuntimeContext.cpp:1532][APP - INFO] SMG semantic event sequence:boot_stage_requested (scene=Game;stage=FileSelect;scenario=1)
[src/runtime/RuntimeContext.cpp:1532][APP - INFO] SMG semantic event sequence_state:scene_controller_phase (current_scene=Game;next_scene=FileSelect;current_stage=FileSelect;scene_wipe=Open;system_wipe=Open;draw_phase=;frame=0;phase=RequestQueued)
[src/runtime/RuntimeContext.cpp:1532][APP - INFO] SMG semantic event sequence_state:scene_change_requested (current_scene=Game;next_scene=FileSelect;current_stage=FileSelect;scene_wipe=Open;system_wipe=Open;draw_phase=;frame=0;next_scene=Game;next_stage=FileSelect;scenario=1;start_id=0;start_zone_id=0)
[src/runtime/RuntimeContext.cpp:1532][APP - INFO] SMG semantic event scene_controller:scene_change_requested (next_scene=Game;next_stage=FileSelect;scenario=1;start_id=0;start_zone_id=0)
[src/runtime/RuntimeContext.cpp:1532][APP - INFO] SMG semantic event name_obj_lifecycle:connect_to_scene (object=システム用インフォメーションウィンドウ;kind=layout;movement=14;calc_anim=-1;draw_buffer=-1;draw_type=60)
[src/runtime/RuntimeContext.cpp:1487][APP - INFO] Resolved original layout archive SysInfoWindow -> /LayoutData/SysInfoWindow.arc
[src/runtime/RuntimeContext.cpp:1532][APP - INFO] SMG semantic event name_obj_lifecycle:connect_to_scene (object=Aボタンアイコン;kind=layout;movement=14;calc_anim=-1;draw_buffer=-1;draw_type=60)
[src/runtime/RuntimeContext.cpp:1487][APP - INFO] Resolved original layout archive IconAButton -> /LayoutData/IconAButton.arc
[src/runtime/RuntimeContext.cpp:1532][APP - INFO] SMG semantic event name_obj_lifecycle:connect_to_scene (object=システム用インフォメーションウィンドウ;kind=layout;movement=14;calc_anim=-1;draw_buffer=-1;draw_type=60)
[src/runtime/RuntimeContext.cpp:1487][APP - INFO] Resolved original layout archive SysInfoWindowMini -> /LayoutData/SysInfoWindowMini.arc
[src/runtime/RuntimeContext.cpp:1532][APP - INFO] SMG semantic event name_obj_lifecycle:connect_to_scene (object=Aボタンアイコン;kind=layout;movement=14;calc_anim=-1;draw_buffer=-1;draw_type=60)
[src/runtime/RuntimeContext.cpp:1487][APP - INFO] Resolved original layout archive IconAButton -> /LayoutData/IconAButton.arc
[src/runtime/RuntimeContext.cpp:1532][APP - INFO] SMG semantic event name_obj_lifecycle:connect_to_scene (object=SaveIcon;kind=layout;movement=14;calc_anim=-1;draw_buffer=-1;draw_type=60)
[src/runtime/RuntimeContext.cpp:1487][APP - INFO] Resolved original layout archive IconSave -> /LayoutData/IconSave.arc
[src/runtime/RuntimeContext.cpp:1532][APP - INFO] SMG semantic event sequence_state:scene_controller_phase (current_scene=Game;next_scene=FileSelect;current_stage=FileSelect;scene_wipe=Open;system_wipe=Open;draw_phase=;frame=1;phase=DestroyScene)
[src/runtime/RuntimeContext.cpp:1532][APP - INFO] SMG semantic event sequence_state:scene_controller_phase (current_scene=Game;next_scene=FileSelect;current_stage=FileSelect;scene_wipe=Open;system_wipe=Open;draw_phase=;frame=1;phase=InitializeScene)
[src/runtime/RuntimeContext.cpp:1532][APP - INFO] SMG semantic event sequence:stage_host_started (stage host factory created FileSelect through scene lifecycle service)
[src/runtime/RuntimeContext.cpp:1532][APP - INFO] SMG semantic event sequence_state:stage_host_started (current_scene=Game;next_scene=FileSelect;current_stage=FileSelect;scene_wipe=Open;system_wipe=Open;draw_phase=;frame=1;host=FileSelect;stage=FileSelect)
[src/runtime/RuntimeContext.cpp:1532][APP - INFO] SMG semantic event hit_sensor:registered (object=StagePlayer;sensor=body;joint=;type=player;radius=100.000000)
[src/runtime/RuntimeContext.cpp:1532][APP - INFO] SMG semantic event hit_sensor:registered (object=StagePlayer;sensor=spin;joint=;type=player;radius=140.000000)
[src/runtime/RuntimeContext.cpp:1532][APP - INFO] SMG semantic event name_obj_lifecycle:connect_to_scene (object=StagePlayer;kind=live_actor_model;movement=37;calc_anim=9;draw_buffer=20;draw_type=34)
[src/runtime/RuntimeContext.cpp:1500][APP - INFO] Resolved original object archive MarioAnime -> /ObjectData/MarioAnime.arc
[src/runtime/RuntimeContext.cpp:1532][APP - INFO] SMG semantic event player:stage_player_created (stage=FileSelect;scenario=1;start_id=0;start_zone_id=0;start_layer=common;start_table=jmp/start/common/startinfo;start_row=0;position=0.000000,0.000000,0.000000;model=Mario)
[src/runtime/RuntimeContext.cpp:1532][APP - INFO] SMG semantic event collision:stage_collision_loaded (stage=FileSelect;scenario=1;placements=4;archives=1;meshes=1;triangles=2;rejected_triangles=0)
[src/runtime/RuntimeContext.cpp:1532][APP - INFO] SMG semantic event gravity:stage_gravity_loaded (stage=FileSelect;scenario=1;placements=4;gravities=1;unsupported=0)
[src/runtime/RuntimeContext.cpp:1532][APP - INFO] SMG semantic event placement:stage_object (stage=FileSelect;zone=FileSelect;zone_id=0;scenario=1;layer=common;table=jmp/placement/common/objinfo;object=InvisibleWall10x10;factory=created_model_fallback;support_reason=direct_object_archive_model;common_path_id=-1;rail_info_attached=false;rail_path_row=-1;rail_point_count=0;rail_first_point=none;model_archive=InvisibleWall10x10;object_archive=/ObjectData/InvisibleWall10x10.arc)
[src/runtime/RuntimeContext.cpp:1532][APP - INFO] SMG semantic event name_obj_lifecycle:archive_request (object=InvisibleWall10x10;archive=InvisibleWall10x10;kind=object;loaded=true;disc_path=InvisibleWall10x10.arc)
[src/runtime/RuntimeContext.cpp:1532][APP - INFO] SMG semantic event name_obj_lifecycle:connect_to_scene (object=見えない壁10x10;kind=live_actor_model;movement=34;calc_anim=5;draw_buffer=8;draw_type=-1)
[src/runtime/RuntimeContext.cpp:1448][APP - INFO] Registered effect keeper 見えない壁10x10 group InvisibleWall10x10 capacity 8
[src/runtime/RuntimeContext.cpp:1532][APP - INFO] SMG semantic event name_obj_lifecycle:construct (object=InvisibleWall10x10;actor=見えない壁10x10)
[src/runtime/RuntimeContext.cpp:1532][APP - INFO] SMG semantic event sequence:stage_host_constructed (host=InvisibleWall10x10;stage=FileSelect)
[src/runtime/RuntimeContext.cpp:1532][APP - INFO] SMG semantic event name_obj_lifecycle:init_from_placement (object=見えない壁10x10;stage=FileSelect;zone=FileSelect;table=jmp/placement/common/objinfo;row=0;l_id=0)
[src/runtime/RuntimeContext.cpp:1532][APP - INFO] SMG semantic event sequence:stage_host_initialized (host=InvisibleWall10x10;stage=FileSelect)
[src/runtime/RuntimeContext.cpp:1532][APP - INFO] SMG semantic event placement:stage_object (stage=FileSelect;zone=FileSelect;zone_id=0;scenario=1;layer=common;table=jmp/placement/common/objinfo;object=FileSelector;factory=created;support_reason=original_factory;common_path_id=-1;rail_info_attached=false;rail_path_row=-1;rail_point_count=0;rail_first_point=none;model_archive=FileSelector;object_archive=)
[src/runtime/RuntimeContext.cpp:1532][APP - INFO] SMG semantic event name_obj_lifecycle:archive_request (object=FileSelector;archive=FileInfo;kind=layout;loaded=true;disc_path=FileInfo.arc)
[src/runtime/RuntimeContext.cpp:1532][APP - INFO] SMG semantic event name_obj_lifecycle:archive_request (object=FileSelector;archive=FileSelect;kind=layout;loaded=true;disc_path=FileSelect.arc)
[src/runtime/RuntimeContext.cpp:1532][APP - INFO] SMG semantic event name_obj_lifecycle:archive_request (object=FileSelector;archive=FileSelectDataPlanet;kind=object;loaded=true;disc_path=FileSelectDataPlanet.arc)
[src/runtime/RuntimeContext.cpp:1532][APP - INFO] SMG semantic event name_obj_lifecycle:archive_request (object=FileSelector;archive=FileSelectDataMario;kind=object;loaded=true;disc_path=FileSelectDataMario.arc)
[src/runtime/RuntimeContext.cpp:1532][APP - INFO] SMG semantic event name_obj_lifecycle:archive_request (object=FileSelector;archive=FileSelectDataYoshi;kind=object;loaded=true;disc_path=FileSelectDataYoshi.arc)
[src/runtime/RuntimeContext.cpp:1532][APP - INFO] SMG semantic event name_obj_lifecycle:archive_request (object=FileSelector;archive=FileSelectDataLuigi;kind=object;loaded=true;disc_path=FileSelectDataLuigi.arc)
[src/runtime/RuntimeContext.cpp:1532][APP - INFO] SMG semantic event name_obj_lifecycle:archive_request (object=FileSelector;archive=FileSelectDataPeach;kind=object;loaded=true;disc_path=FileSelectDataPeach.arc)
[src/runtime/RuntimeContext.cpp:1532][APP - INFO] SMG semantic event name_obj_lifecycle:archive_request (object=FileSelector;archive=FileSelectDataKinopio;kind=object;loaded=true;disc_path=FileSelectDataKinopio.arc)
[src/runtime/RuntimeContext.cpp:1532][APP - INFO] SMG semantic event name_obj_lifecycle:archive_request (object=FileSelector;archive=CometNearOrbitSky;kind=object;loaded=true;disc_path=CometNearOrbitSky.arc)
[src/runtime/RuntimeContext.cpp:1532][APP - INFO] SMG semantic event name_obj_lifecycle:archive_request (object=FileSelector;archive=MiiFaceDatabase;kind=object;loaded=true;disc_path=MiiFaceDatabase.arc)
[src/runtime/RuntimeContext.cpp:1532][APP - INFO] SMG semantic event name_obj_lifecycle:archive_request (object=FileSelector;archive=BackButton;kind=layout;loaded=true;disc_path=BackButton.arc)
[src/runtime/RuntimeContext.cpp:1532][APP - INFO] SMG semantic event name_obj_lifecycle:archive_request (object=FileSelector;archive=FileNumber;kind=layout;loaded=true;disc_path=FileNumber.arc)
[src/runtime/RuntimeContext.cpp:1532][APP - INFO] SMG semantic event name_obj_lifecycle:archive_request (object=FileSelector;archive=TitleLogo;kind=layout;loaded=true;disc_path=TitleLogo.arc)
[src/runtime/RuntimeContext.cpp:1532][APP - INFO] SMG semantic event name_obj_lifecycle:archive_request (object=FileSelector;archive=PressStart;kind=layout;loaded=true;disc_path=PressStart.arc)
[src/runtime/RuntimeContext.cpp:1532][APP - INFO] SMG semantic event name_obj_lifecycle:archive_request (object=FileSelector;archive=MiiSelect;kind=layout;loaded=true;disc_path=MiiSelect.arc)
[src/runtime/RuntimeContext.cpp:1532][APP - INFO] SMG semantic event name_obj_lifecycle:archive_request (object=FileSelector;archive=MiiIcon;kind=layout;loaded=true;disc_path=MiiIcon.arc)
[src/runtime/RuntimeContext.cpp:1532][APP - INFO] SMG semantic event name_obj_lifecycle:archive_request (object=FileSelector;archive=MiiConfirmIcon;kind=layout;loaded=true;disc_path=MiiConfirmIcon.arc)
[src/runtime/RuntimeContext.cpp:1532][APP - INFO] SMG semantic event name_obj_lifecycle:archive_request (object=FileSelector;archive=BrosButton;kind=layout;loaded=true;disc_path=BrosButton.arc)
[src/runtime/RuntimeContext.cpp:1532][APP - INFO] SMG semantic event name_obj_lifecycle:archive_request (object=FileSelector;archive=P2Manual;kind=layout;loaded=true;disc_path=P2Manual.arc)
[src/runtime/RuntimeContext.cpp:1532][APP - INFO] SMG semantic event name_obj_lifecycle:archive_request (object=FileSelector;archive=MiniatureGalaxySelect;kind=object;loaded=true;disc_path=MiniatureGalaxySelect.arc)
[src/runtime/RuntimeContext.cpp:1532][APP - INFO] SMG semantic event name_obj_lifecycle:archive_request (object=FileSelector;archive=SysPALInfo;kind=layout;loaded=true;disc_path=SysPALInfo.arc)
[src/runtime/RuntimeContext.cpp:1532][APP - INFO] SMG semantic event name_obj_lifecycle:archive_request (object=FileSelector;archive=MiiFont;kind=layout;loaded=true;disc_path=MiiFont.arc)
[src/runtime/RuntimeContext.cpp:1532][APP - INFO] SMG semantic event name_obj_lifecycle:construct (object=FileSelector;actor=ファイルセレクター)
[src/runtime/RuntimeContext.cpp:1532][APP - INFO] SMG semantic event sequence:stage_host_constructed (host=FileSelector;stage=FileSelect)
[src/runtime/RuntimeContext.cpp:1532][APP - INFO] SMG semantic event name_obj_lifecycle:init_from_placement (object=ファイルセレクター;stage=FileSelect;zone=FileSelect;table=jmp/placement/common/objinfo;row=1;l_id=2)
[src/runtime/RuntimeContext.cpp:1532][APP - INFO] SMG semantic event name_obj_lifecycle:connect_to_scene (object=ファイルセレクター;kind=name_obj;movement=33;calc_anim=-1;draw_buffer=-1;draw_type=-1)
[src/runtime/RuntimeContext.cpp:1532][APP - INFO] SMG semantic event name_obj_lifecycle:connect_to_scene (object=ファイル選択カメラ;kind=name_obj;movement=34;calc_anim=-1;draw_buffer=-1;draw_type=-1)
[src/runtime/RuntimeContext.cpp:1532][APP - INFO] SMG semantic event name_obj_lifecycle:connect_to_scene (object=ファイル選択空;kind=live_actor_model;movement=36;calc_anim=5;draw_buffer=1;draw_type=-1)
[src/runtime/RuntimeContext.cpp:1448][APP - INFO] Registered effect keeper ファイル選択空 group CometNearOrbitSky capacity 0
[src/runtime/RuntimeContext.cpp:1532][APP - INFO] SMG semantic event name_obj_lifecycle:connect_to_scene (object=ファイルセレクトアイテム;kind=name_obj;movement=34;calc_anim=-1;draw_buffer=-1;draw_type=-1)
[src/runtime/RuntimeContext.cpp:1532][APP - INFO] SMG semantic event name_obj_lifecycle:connect_to_scene (object=ニューフェイス;kind=live_actor_model;movement=43;calc_anim=11;draw_buffer=8;draw_type=-1)
[src/runtime/RuntimeContext.cpp:1448][APP - INFO] Registered effect keeper ニューフェイス group FileSelectDataPlanet capacity 8
[src/runtime/RuntimeContext.cpp:1532][APP - INFO] SMG semantic event name_obj_lifecycle:connect_to_scene (object=キャラフェイス;kind=live_actor_model;movement=40;calc_anim=6;draw_buffer=16;draw_type=-1)
[src/runtime/RuntimeContext.cpp:1448][APP - INFO] Registered effect keeper キャラフェイス group FileSelectDataMario capacity 0
[src/runtime/RuntimeContext.cpp:1532][APP - INFO] SMG semantic event name_obj_lifecycle:connect_to_scene (object=キャラフェイス;kind=live_actor_model;movement=40;calc_anim=6;draw_buffer=16;draw_type=-1)
[src/runtime/RuntimeContext.cpp:1448][APP - INFO] Registered effect keeper キャラフェイス group FileSelectDataLuigi capacity 0
[src/runtime/RuntimeContext.cpp:1532][APP - INFO] SMG semantic event name_obj_lifecycle:connect_to_scene (object=キャラフェイス;kind=live_actor_model;movement=40;calc_anim=6;draw_buffer=16;draw_type=-1)
[src/runtime/RuntimeContext.cpp:1448][APP - INFO] Registered effect keeper キャラフェイス group FileSelectDataYoshi capacity 0
[src/runtime/RuntimeContext.cpp:1532][APP - INFO] SMG semantic event name_obj_lifecycle:connect_to_scene (object=キャラフェイス;kind=live_actor_model;movement=40;calc_anim=6;draw_buffer=16;draw_type=-1)
[src/runtime/RuntimeContext.cpp:1448][APP - INFO] Registered effect keeper キャラフェイス group FileSelectDataKinopio capacity 0
[src/runtime/RuntimeContext.cpp:1532][APP - INFO] SMG semantic event name_obj_lifecycle:connect_to_scene (object=キャラフェイス;kind=live_actor_model;movement=40;calc_anim=6;draw_buffer=16;draw_type=-1)
[src/runtime/RuntimeContext.cpp:1448][APP - INFO] Registered effect keeper キャラフェイス group FileSelectDataPeach capacity 0
[src/runtime/RuntimeContext.cpp:1532][APP - INFO] SMG semantic event name_obj_lifecycle:connect_to_scene (object=ファイル番号;kind=layout;movement=14;calc_anim=-1;draw_buffer=-1;draw_type=60)
[src/runtime/RuntimeContext.cpp:1487][APP - INFO] Resolved original layout archive FileNumber -> /LayoutData/FileNumber.arc
[src/runtime/RuntimeContext.cpp:1532][APP - INFO] SMG semantic event name_obj_lifecycle:connect_to_scene (object=ファイル番号;kind=layout_actor;movement=14;calc_anim=13;draw_buffer=-1;draw_type=60)
[src/runtime/RuntimeContext.cpp:1532][APP - INFO] SMG semantic event name_obj_lifecycle:connect_to_scene (object=ファイルセレクトアイテム;kind=name_obj;movement=34;calc_anim=-1;draw_buffer=-1;draw_type=-1)
[src/runtime/RuntimeContext.cpp:1532][APP - INFO] SMG semantic event name_obj_lifecycle:connect_to_scene (object=ニューフェイス;kind=live_actor_model;movement=43;calc_anim=11;draw_buffer=8;draw_type=-1)
[src/runtime/RuntimeContext.cpp:1448][APP - INFO] Registered effect keeper ニューフェイス group FileSelectDataPlanet capacity 8
[src/runtime/RuntimeContext.cpp:1532][APP - INFO] SMG semantic event name_obj_lifecycle:connect_to_scene (object=キャラフェイス;kind=live_actor_model;movement=40;calc_anim=6;draw_buffer=16;draw_type=-1)
[src/runtime/RuntimeContext.cpp:1448][APP - INFO] Registered effect keeper キャラフェイス group FileSelectDataMario capacity 0
[src/runtime/RuntimeContext.cpp:1532][APP - INFO] SMG semantic event name_obj_lifecycle:connect_to_scene (object=キャラフェイス;kind=live_actor_model;movement=40;calc_anim=6;draw_buffer=16;draw_type=-1)
[src/runtime/RuntimeContext.cpp:1448][APP - INFO] Registered effect keeper キャラフェイス group FileSelectDataLuigi capacity 0
[src/runtime/RuntimeContext.cpp:1532][APP - INFO] SMG semantic event name_obj_lifecycle:connect_to_scene (object=キャラフェイス;kind=live_actor_model;movement=40;calc_anim=6;draw_buffer=16;draw_type=-1)
[src/runtime/RuntimeContext.cpp:1448][APP - INFO] Registered effect keeper キャラフェイス group FileSelectDataYoshi capacity 0
[src/runtime/RuntimeContext.cpp:1532][APP - INFO] SMG semantic event name_obj_lifecycle:connect_to_scene (object=キャラフェイス;kind=live_actor_model;movement=40;calc_anim=6;draw_buffer=16;draw_type=-1)
[src/runtime/RuntimeContext.cpp:1448][APP - INFO] Registered effect keeper キャラフェイス group FileSelectDataKinopio capacity 0
[src/runtime/RuntimeContext.cpp:1532][APP - INFO] SMG semantic event name_obj_lifecycle:connect_to_scene (object=キャラフェイス;kind=live_actor_model;movement=40;calc_anim=6;draw_buffer=16;draw_type=-1)
[src/runtime/RuntimeContext.cpp:1448][APP - INFO] Registered effect keeper キャラフェイス group FileSelectDataPeach capacity 0
[src/runtime/RuntimeContext.cpp:1532][APP - INFO] SMG semantic event name_obj_lifecycle:connect_to_scene (object=ファイル番号;kind=layout;movement=14;calc_anim=-1;draw_buffer=-1;draw_type=60)
[src/runtime/RuntimeContext.cpp:1487][APP - INFO] Resolved original layout archive FileNumber -> /LayoutData/FileNumber.arc
[src/runtime/RuntimeContext.cpp:1532][APP - INFO] SMG semantic event name_obj_lifecycle:connect_to_scene (object=ファイル番号;kind=layout_actor;movement=14;calc_anim=13;draw_buffer=-1;draw_type=60)
[src/runtime/RuntimeContext.cpp:1532][APP - INFO] SMG semantic event name_obj_lifecycle:connect_to_scene (object=ファイルセレクトアイテム;kind=name_obj;movement=34;calc_anim=-1;draw_buffer=-1;draw_type=-1)
[src/runtime/RuntimeContext.cpp:1532][APP - INFO] SMG semantic event name_obj_lifecycle:connect_to_scene (object=ニューフェイス;kind=live_actor_model;movement=43;calc_anim=11;draw_buffer=8;draw_type=-1)
[src/runtime/RuntimeContext.cpp:1448][APP - INFO] Registered effect keeper ニューフェイス group FileSelectDataPlanet capacity 8
[src/runtime/RuntimeContext.cpp:1532][APP - INFO] SMG semantic event name_obj_lifecycle:connect_to_scene (object=キャラフェイス;kind=live_actor_model;movement=40;calc_anim=6;draw_buffer=16;draw_type=-1)
[src/runtime/RuntimeContext.cpp:1448][APP - INFO] Registered effect keeper キャラフェイス group FileSelectDataMario capacity 0
[src/runtime/RuntimeContext.cpp:1532][APP - INFO] SMG semantic event name_obj_lifecycle:connect_to_scene (object=キャラフェイス;kind=live_actor_model;movement=40;calc_anim=6;draw_buffer=16;draw_type=-1)
[src/runtime/RuntimeContext.cpp:1448][APP - INFO] Registered effect keeper キャラフェイス group FileSelectDataLuigi capacity 0
[src/runtime/RuntimeContext.cpp:1532][APP - INFO] SMG semantic event name_obj_lifecycle:connect_to_scene (object=キャラフェイス;kind=live_actor_model;movement=40;calc_anim=6;draw_buffer=16;draw_type=-1)
[src/runtime/RuntimeContext.cpp:1448][APP - INFO] Registered effect keeper キャラフェイス group FileSelectDataYoshi capacity 0
[src/runtime/RuntimeContext.cpp:1532][APP - INFO] SMG semantic event name_obj_lifecycle:connect_to_scene (object=キャラフェイス;kind=live_actor_model;movement=40;calc_anim=6;draw_buffer=16;draw_type=-1)
[src/runtime/RuntimeContext.cpp:1448][APP - INFO] Registered effect keeper キャラフェイス group FileSelectDataKinopio capacity 0
[src/runtime/RuntimeContext.cpp:1532][APP - INFO] SMG semantic event name_obj_lifecycle:connect_to_scene (object=キャラフェイス;kind=live_actor_model;movement=40;calc_anim=6;draw_buffer=16;draw_type=-1)
[src/runtime/RuntimeContext.cpp:1448][APP - INFO] Registered effect keeper キャラフェイス group FileSelectDataPeach capacity 0
[src/runtime/RuntimeContext.cpp:1532][APP - INFO] SMG semantic event name_obj_lifecycle:connect_to_scene (object=ファイル番号;kind=layout;movement=14;calc_anim=-1;draw_buffer=-1;draw_type=60)
[src/runtime/RuntimeContext.cpp:1487][APP - INFO] Resolved original layout archive FileNumber -> /LayoutData/FileNumber.arc
[src/runtime/RuntimeContext.cpp:1532][APP - INFO] SMG semantic event name_obj_lifecycle:connect_to_scene (object=ファイル番号;kind=layout_actor;movement=14;calc_anim=13;draw_buffer=-1;draw_type=60)
[src/runtime/RuntimeContext.cpp:1532][APP - INFO] SMG semantic event name_obj_lifecycle:connect_to_scene (object=ファイルセレクトアイテム;kind=name_obj;movement=34;calc_anim=-1;draw_buffer=-1;draw_type=-1)
[src/runtime/RuntimeContext.cpp:1532][APP - INFO] SMG semantic event name_obj_lifecycle:connect_to_scene (object=ニューフェイス;kind=live_actor_model;movement=43;calc_anim=11;draw_buffer=8;draw_type=-1)
[src/runtime/RuntimeContext.cpp:1448][APP - INFO] Registered effect keeper ニューフェイス group FileSelectDataPlanet capacity 8
[src/runtime/RuntimeContext.cpp:1532][APP - INFO] SMG semantic event name_obj_lifecycle:connect_to_scene (object=キャラフェイス;kind=live_actor_model;movement=40;calc_anim=6;draw_buffer=16;draw_type=-1)
[src/runtime/RuntimeContext.cpp:1448][APP - INFO] Registered effect keeper キャラフェイス group FileSelectDataMario capacity 0
[src/runtime/RuntimeContext.cpp:1532][APP - INFO] SMG semantic event name_obj_lifecycle:connect_to_scene (object=キャラフェイス;kind=live_actor_model;movement=40;calc_anim=6;draw_buffer=16;draw_type=-1)
[src/runtime/RuntimeContext.cpp:1448][APP - INFO] Registered effect keeper キャラフェイス group FileSelectDataLuigi capacity 0
[src/runtime/RuntimeContext.cpp:1532][APP - INFO] SMG semantic event name_obj_lifecycle:connect_to_scene (object=キャラフェイス;kind=live_actor_model;movement=40;calc_anim=6;draw_buffer=16;draw_type=-1)
[src/runtime/RuntimeContext.cpp:1448][APP - INFO] Registered effect keeper キャラフェイス group FileSelectDataYoshi capacity 0
[src/runtime/RuntimeContext.cpp:1532][APP - INFO] SMG semantic event name_obj_lifecycle:connect_to_scene (object=キャラフェイス;kind=live_actor_model;movement=40;calc_anim=6;draw_buffer=16;draw_type=-1)
[src/runtime/RuntimeContext.cpp:1448][APP - INFO] Registered effect keeper キャラフェイス group FileSelectDataKinopio capacity 0
[src/runtime/RuntimeContext.cpp:1532][APP - INFO] SMG semantic event name_obj_lifecycle:connect_to_scene (object=キャラフェイス;kind=live_actor_model;movement=40;calc_anim=6;draw_buffer=16;draw_type=-1)
[src/runtime/RuntimeContext.cpp:1448][APP - INFO] Registered effect keeper キャラフェイス group FileSelectDataPeach capacity 0
[src/runtime/RuntimeContext.cpp:1532][APP - INFO] SMG semantic event name_obj_lifecycle:connect_to_scene (object=ファイル番号;kind=layout;movement=14;calc_anim=-1;draw_buffer=-1;draw_type=60)
[src/runtime/RuntimeContext.cpp:1487][APP - INFO] Resolved original layout archive FileNumber -> /LayoutData/FileNumber.arc
[src/runtime/RuntimeContext.cpp:1532][APP - INFO] SMG semantic event name_obj_lifecycle:connect_to_scene (object=ファイル番号;kind=layout_actor;movement=14;calc_anim=13;draw_buffer=-1;draw_type=60)
[src/runtime/RuntimeContext.cpp:1532][APP - INFO] SMG semantic event name_obj_lifecycle:connect_to_scene (object=ファイルセレクトアイテム;kind=name_obj;movement=34;calc_anim=-1;draw_buffer=-1;draw_type=-1)
[src/runtime/RuntimeContext.cpp:1532][APP - INFO] SMG semantic event name_obj_lifecycle:connect_to_scene (object=ニューフェイス;kind=live_actor_model;movement=43;calc_anim=11;draw_buffer=8;draw_type=-1)
[src/runtime/RuntimeContext.cpp:1448][APP - INFO] Registered effect keeper ニューフェイス group FileSelectDataPlanet capacity 8
[src/runtime/RuntimeContext.cpp:1532][APP - INFO] SMG semantic event name_obj_lifecycle:connect_to_scene (object=キャラフェイス;kind=live_actor_model;movement=40;calc_anim=6;draw_buffer=16;draw_type=-1)
[src/runtime/RuntimeContext.cpp:1448][APP - INFO] Registered effect keeper キャラフェイス group FileSelectDataMario capacity 0
[src/runtime/RuntimeContext.cpp:1532][APP - INFO] SMG semantic event name_obj_lifecycle:connect_to_scene (object=キャラフェイス;kind=live_actor_model;movement=40;calc_anim=6;draw_buffer=16;draw_type=-1)
[src/runtime/RuntimeContext.cpp:1448][APP - INFO] Registered effect keeper キャラフェイス group FileSelectDataLuigi capacity 0
[src/runtime/RuntimeContext.cpp:1532][APP - INFO] SMG semantic event name_obj_lifecycle:connect_to_scene (object=キャラフェイス;kind=live_actor_model;movement=40;calc_anim=6;draw_buffer=16;draw_type=-1)
[src/runtime/RuntimeContext.cpp:1448][APP - INFO] Registered effect keeper キャラフェイス group FileSelectDataYoshi capacity 0
[src/runtime/RuntimeContext.cpp:1532][APP - INFO] SMG semantic event name_obj_lifecycle:connect_to_scene (object=キャラフェイス;kind=live_actor_model;movement=40;calc_anim=6;draw_buffer=16;draw_type=-1)
[src/runtime/RuntimeContext.cpp:1448][APP - INFO] Registered effect keeper キャラフェイス group FileSelectDataKinopio capacity 0
[src/runtime/RuntimeContext.cpp:1532][APP - INFO] SMG semantic event name_obj_lifecycle:connect_to_scene (object=キャラフェイス;kind=live_actor_model;movement=40;calc_anim=6;draw_buffer=16;draw_type=-1)
[src/runtime/RuntimeContext.cpp:1448][APP - INFO] Registered effect keeper キャラフェイス group FileSelectDataPeach capacity 0
[src/runtime/RuntimeContext.cpp:1532][APP - INFO] SMG semantic event name_obj_lifecycle:connect_to_scene (object=ファイル番号;kind=layout;movement=14;calc_anim=-1;draw_buffer=-1;draw_type=60)
[src/runtime/RuntimeContext.cpp:1487][APP - INFO] Resolved original layout archive FileNumber -> /LayoutData/FileNumber.arc
[src/runtime/RuntimeContext.cpp:1532][APP - INFO] SMG semantic event name_obj_lifecycle:connect_to_scene (object=ファイル番号;kind=layout_actor;movement=14;calc_anim=13;draw_buffer=-1;draw_type=60)
[src/runtime/RuntimeContext.cpp:1532][APP - INFO] SMG semantic event name_obj_lifecycle:connect_to_scene (object=ファイルセレクトアイテム;kind=name_obj;movement=34;calc_anim=-1;draw_buffer=-1;draw_type=-1)
[src/runtime/RuntimeContext.cpp:1532][APP - INFO] SMG semantic event name_obj_lifecycle:connect_to_scene (object=ニューフェイス;kind=live_actor_model;movement=43;calc_anim=11;draw_buffer=8;draw_type=-1)
[src/runtime/RuntimeContext.cpp:1448][APP - INFO] Registered effect keeper ニューフェイス group FileSelectDataPlanet capacity 8
[src/runtime/RuntimeContext.cpp:1532][APP - INFO] SMG semantic event name_obj_lifecycle:connect_to_scene (object=キャラフェイス;kind=live_actor_model;movement=40;calc_anim=6;draw_buffer=16;draw_type=-1)
[src/runtime/RuntimeContext.cpp:1448][APP - INFO] Registered effect keeper キャラフェイス group FileSelectDataMario capacity 0
[src/runtime/RuntimeContext.cpp:1532][APP - INFO] SMG semantic event name_obj_lifecycle:connect_to_scene (object=キャラフェイス;kind=live_actor_model;movement=40;calc_anim=6;draw_buffer=16;draw_type=-1)
[src/runtime/RuntimeContext.cpp:1448][APP - INFO] Registered effect keeper キャラフェイス group FileSelectDataLuigi capacity 0
[src/runtime/RuntimeContext.cpp:1532][APP - INFO] SMG semantic event name_obj_lifecycle:connect_to_scene (object=キャラフェイス;kind=live_actor_model;movement=40;calc_anim=6;draw_buffer=16;draw_type=-1)
[src/runtime/RuntimeContext.cpp:1448][APP - INFO] Registered effect keeper キャラフェイス group FileSelectDataYoshi capacity 0
[src/runtime/RuntimeContext.cpp:1532][APP - INFO] SMG semantic event name_obj_lifecycle:connect_to_scene (object=キャラフェイス;kind=live_actor_model;movement=40;calc_anim=6;draw_buffer=16;draw_type=-1)
[src/runtime/RuntimeContext.cpp:1448][APP - INFO] Registered effect keeper キャラフェイス group FileSelectDataKinopio capacity 0
[src/runtime/RuntimeContext.cpp:1532][APP - INFO] SMG semantic event name_obj_lifecycle:connect_to_scene (object=キャラフェイス;kind=live_actor_model;movement=40;calc_anim=6;draw_buffer=16;draw_type=-1)
[src/runtime/RuntimeContext.cpp:1448][APP - INFO] Registered effect keeper キャラフェイス group FileSelectDataPeach capacity 0
[src/runtime/RuntimeContext.cpp:1532][APP - INFO] SMG semantic event name_obj_lifecycle:connect_to_scene (object=ファイル番号;kind=layout;movement=14;calc_anim=-1;draw_buffer=-1;draw_type=60)
[src/runtime/RuntimeContext.cpp:1487][APP - INFO] Resolved original layout archive FileNumber -> /LayoutData/FileNumber.arc
[src/runtime/RuntimeContext.cpp:1532][APP - INFO] SMG semantic event name_obj_lifecycle:connect_to_scene (object=ファイル番号;kind=layout_actor;movement=14;calc_anim=13;draw_buffer=-1;draw_type=60)
[src/runtime/RuntimeContext.cpp:1532][APP - INFO] SMG semantic event name_obj_lifecycle:connect_to_scene (object=ファイル選択ボタン;kind=layout;movement=14;calc_anim=-1;draw_buffer=-1;draw_type=60)
[src/runtime/RuntimeContext.cpp:1487][APP - INFO] Resolved original layout archive FileSelect -> /LayoutData/FileSelect.arc
[src/runtime/RuntimeContext.cpp:1532][APP - INFO] SMG semantic event name_obj_lifecycle:connect_to_scene (object=Galaxy情報簡易表示;kind=layout;movement=14;calc_anim=-1;draw_buffer=-1;draw_type=60)
[src/runtime/RuntimeContext.cpp:1487][APP - INFO] Resolved original layout archive GalaxyNamePlate -> /LayoutData/GalaxyNamePlate.arc
[src/runtime/RuntimeContext.cpp:1532][APP - INFO] SMG semantic event name_obj_lifecycle:connect_to_scene (object=Galaxy情報簡易表示;kind=layout_actor;movement=15;calc_anim=14;draw_buffer=-1;draw_type=61)
[src/runtime/RuntimeContext.cpp:1532][APP - INFO] SMG semantic event name_obj_lifecycle:connect_to_scene (object=ファイル選択ボタン;kind=layout_actor;movement=14;calc_anim=13;draw_buffer=-1;draw_type=60)
[src/runtime/RuntimeContext.cpp:1532][APP - INFO] SMG semantic event name_obj_lifecycle:connect_to_scene (object=戻るボタン;kind=layout;movement=14;calc_anim=-1;draw_buffer=-1;draw_type=60)
[src/runtime/RuntimeContext.cpp:1487][APP - INFO] Resolved original layout archive BackButton -> /LayoutData/BackButton.arc
[src/runtime/RuntimeContext.cpp:1532][APP - INFO] SMG semantic event name_obj_lifecycle:connect_to_scene (object=戻るボタン;kind=layout_actor;movement=14;calc_anim=13;draw_buffer=-1;draw_type=61)
[src/runtime/RuntimeContext.cpp:1532][APP - INFO] SMG semantic event name_obj_lifecycle:connect_to_scene (object=ルイージ切り替えボタン;kind=layout;movement=14;calc_anim=-1;draw_buffer=-1;draw_type=60)
[src/runtime/RuntimeContext.cpp:1487][APP - INFO] Resolved original layout archive BrosButton -> /LayoutData/BrosButton.arc
[src/runtime/RuntimeContext.cpp:1532][APP - INFO] SMG semantic event name_obj_lifecycle:connect_to_scene (object=ルイージ切り替えボタン;kind=layout_actor;movement=14;calc_anim=13;draw_buffer=-1;draw_type=60)
[src/runtime/RuntimeContext.cpp:1532][APP - INFO] SMG semantic event name_obj_lifecycle:connect_to_scene (object=インフォメーションメッセージ;kind=layout;movement=14;calc_anim=-1;draw_buffer=-1;draw_type=60)
[src/runtime/RuntimeContext.cpp:1487][APP - INFO] Resolved original layout archive InformationWindow -> /LayoutData/InformationWindow.arc
[src/runtime/RuntimeContext.cpp:1532][APP - INFO] SMG semantic event name_obj_lifecycle:connect_to_scene (object=インフォメーションメッセージ;kind=layout_actor;movement=15;calc_anim=14;draw_buffer=-1;draw_type=61)
[src/runtime/RuntimeContext.cpp:1532][APP - INFO] SMG semantic event name_obj_lifecycle:connect_to_scene (object=Aボタンアイコン;kind=layout_actor;movement=14;calc_anim=13;draw_buffer=-1;draw_type=67)
[src/runtime/RuntimeContext.cpp:1532][APP - INFO] SMG semantic event name_obj_lifecycle:connect_to_scene (object=Aボタンアイコン;kind=layout;movement=14;calc_anim=-1;draw_buffer=-1;draw_type=60)
[src/runtime/RuntimeContext.cpp:1487][APP - INFO] Resolved original layout archive IconAButton -> /LayoutData/IconAButton.arc
[src/runtime/RuntimeContext.cpp:1532][APP - INFO] SMG semantic event name_obj_lifecycle:connect_to_scene (object=システム用インフォメーションウィンドウ;kind=layout;movement=14;calc_anim=-1;draw_buffer=-1;draw_type=60)
[src/runtime/RuntimeContext.cpp:1487][APP - INFO] Resolved original layout archive SysInfoWindow -> /LayoutData/SysInfoWindow.arc
[src/runtime/RuntimeContext.cpp:1532][APP - INFO] SMG semantic event name_obj_lifecycle:connect_to_scene (object=Aボタンアイコン;kind=layout_actor;movement=14;calc_anim=13;draw_buffer=-1;draw_type=67)
[src/runtime/RuntimeContext.cpp:1532][APP - INFO] SMG semantic event name_obj_lifecycle:connect_to_scene (object=Aボタンアイコン;kind=layout;movement=14;calc_anim=-1;draw_buffer=-1;draw_type=60)
[src/runtime/RuntimeContext.cpp:1487][APP - INFO] Resolved original layout archive IconAButton -> /LayoutData/IconAButton.arc
[src/runtime/RuntimeContext.cpp:1532][APP - INFO] SMG semantic event name_obj_lifecycle:connect_to_scene (object=システム用インフォメーションウィンドウ;kind=layout_actor;movement=14;calc_anim=13;draw_buffer=-1;draw_type=60)
[src/runtime/RuntimeContext.cpp:1532][APP - INFO] SMG semantic event name_obj_lifecycle:connect_to_scene (object=システム用インフォメーションウィンドウ;kind=layout;movement=14;calc_anim=-1;draw_buffer=-1;draw_type=60)
[src/runtime/RuntimeContext.cpp:1487][APP - INFO] Resolved original layout archive SysInfoWindowMini -> /LayoutData/SysInfoWindowMini.arc
[src/runtime/RuntimeContext.cpp:1532][APP - INFO] SMG semantic event name_obj_lifecycle:connect_to_scene (object=Aボタンアイコン;kind=layout;movement=14;calc_anim=-1;draw_buffer=-1;draw_type=60)
[src/runtime/RuntimeContext.cpp:1487][APP - INFO] Resolved original layout archive IconAButton -> /LayoutData/IconAButton.arc
[src/runtime/RuntimeContext.cpp:1532][APP - INFO] SMG semantic event name_obj_lifecycle:connect_to_scene (object=システム用インフォメーションウィンドウ;kind=layout_actor;movement=14;calc_anim=13;draw_buffer=-1;draw_type=60)
[src/runtime/RuntimeContext.cpp:1532][APP - INFO] SMG semantic event name_obj_lifecycle:connect_to_scene (object=ファイル情報;kind=layout;movement=14;calc_anim=-1;draw_buffer=-1;draw_type=60)
[src/runtime/RuntimeContext.cpp:1487][APP - INFO] Resolved original layout archive FileInfo -> /LayoutData/FileInfo.arc
[src/runtime/RuntimeContext.cpp:1532][APP - INFO] SMG semantic event name_obj_lifecycle:connect_to_scene (object=ファイル情報;kind=layout_actor;movement=14;calc_anim=13;draw_buffer=-1;draw_type=60)
[src/runtime/RuntimeContext.cpp:1532][APP - INFO] SMG semantic event name_obj_lifecycle:connect_to_scene (object=ロゴ;kind=layout;movement=14;calc_anim=-1;draw_buffer=-1;draw_type=60)
[src/runtime/RuntimeContext.cpp:1487][APP - INFO] Resolved original layout archive TitleLogo -> /KrKorean/LayoutData/TitleLogo.arc
[src/runtime/RuntimeContext.cpp:1448][APP - INFO] Registered effect keeper ロゴ group TitleLogo capacity 1
[src/runtime/RuntimeContext.cpp:1532][APP - INFO] SMG semantic event name_obj_lifecycle:connect_to_scene (object=Press[A][B];kind=layout;movement=14;calc_anim=-1;draw_buffer=-1;draw_type=60)
[src/runtime/RuntimeContext.cpp:1487][APP - INFO] Resolved original layout archive PressStart -> /KrKorean/LayoutData/PressStart.arc
[src/runtime/RuntimeContext.cpp:1532][APP - INFO] SMG semantic event name_obj_lifecycle:connect_to_scene (object=PAL60案内;kind=layout;movement=14;calc_anim=-1;draw_buffer=-1;draw_type=60)
[src/runtime/RuntimeContext.cpp:1487][APP - INFO] Resolved original layout archive SysPALInfo -> /LayoutData/SysPALInfo.arc
[src/runtime/RuntimeContext.cpp:1532][APP - INFO] SMG semantic event name_obj_lifecycle:connect_to_scene (object=MiiSelect;kind=layout;movement=14;calc_anim=-1;draw_buffer=-1;draw_type=60)
[src/runtime/RuntimeContext.cpp:1487][APP - INFO] Resolved original layout archive MiiSelect -> /LayoutData/MiiSelect.arc
[src/runtime/RuntimeContext.cpp:1532][APP - INFO] SMG semantic event name_obj_lifecycle:connect_to_scene (object=MiiSelect;kind=layout_actor;movement=14;calc_anim=13;draw_buffer=-1;draw_type=60)
[src/runtime/RuntimeContext.cpp:1532][APP - INFO] SMG semantic event name_obj_lifecycle:connect_to_scene (object=Mii確認用アイコン;kind=layout;movement=14;calc_anim=-1;draw_buffer=-1;draw_type=60)
[src/runtime/RuntimeContext.cpp:1487][APP - INFO] Resolved original layout archive MiiConfirmIcon -> /LayoutData/MiiConfirmIcon.arc
[src/runtime/RuntimeContext.cpp:1532][APP - INFO] SMG semantic event name_obj_lifecycle:connect_to_scene (object=Mii確認用アイコン;kind=layout_actor;movement=14;calc_anim=13;draw_buffer=-1;draw_type=61)
[src/runtime/RuntimeContext.cpp:1532][APP - INFO] SMG semantic event name_obj_lifecycle:connect_to_scene (object=２Ｐマニュアル;kind=layout;movement=14;calc_anim=-1;draw_buffer=-1;draw_type=60)
[src/runtime/RuntimeContext.cpp:1487][APP - INFO] Resolved original layout archive P2Manual -> /LayoutData/P2Manual.arc
[src/runtime/RuntimeContext.cpp:1532][APP - INFO] SMG semantic event name_obj_lifecycle:connect_to_scene (object=マニュアルの戻るボタン;kind=layout_actor;movement=15;calc_anim=14;draw_buffer=-1;draw_type=61)
[src/runtime/RuntimeContext.cpp:1532][APP - INFO] SMG semantic event name_obj_lifecycle:connect_to_scene (object=マニュアルの戻るボタン;kind=layout;movement=14;calc_anim=-1;draw_buffer=-1;draw_type=60)
[src/runtime/RuntimeContext.cpp:1487][APP - INFO] Resolved original layout archive BackButton -> /LayoutData/BackButton.arc
[src/runtime/RuntimeContext.cpp:1532][APP - INFO] SMG semantic event name_obj_lifecycle:connect_to_scene (object=２Ｐマニュアル;kind=layout_actor;movement=14;calc_anim=13;draw_buffer=-1;draw_type=60)
[src/runtime/RuntimeContext.cpp:1532][APP - INFO] SMG semantic event name_obj_lifecycle:connect_to_scene (object=選択時エフェクト;kind=live_actor_model;movement=34;calc_anim=5;draw_buffer=8;draw_type=-1)
[src/runtime/RuntimeContext.cpp:1532][APP - INFO] SMG semantic event name_obj_lifecycle:connect_to_scene (object=選択時エフェクト;kind=live_actor_model;movement=34;calc_anim=5;draw_buffer=8;draw_type=-1)
[src/runtime/RuntimeContext.cpp:1532][APP - INFO] SMG semantic event name_obj_lifecycle:connect_to_scene (object=選択時エフェクト;kind=live_actor_model;movement=34;calc_anim=5;draw_buffer=8;draw_type=-1)
[src/runtime/RuntimeContext.cpp:1532][APP - INFO] SMG semantic event name_obj_lifecycle:connect_to_scene (object=選択時エフェクト;kind=live_actor_model;movement=34;calc_anim=5;draw_buffer=8;draw_type=-1)
[src/runtime/RuntimeContext.cpp:1532][APP - INFO] SMG semantic event name_obj_lifecycle:connect_to_scene (object=選択時エフェクト;kind=live_actor_model;movement=34;calc_anim=5;draw_buffer=8;draw_type=-1)
[src/runtime/RuntimeContext.cpp:1532][APP - INFO] SMG semantic event name_obj_lifecycle:connect_to_scene (object=選択時エフェクト;kind=live_actor_model;movement=34;calc_anim=5;draw_buffer=8;draw_type=-1)
[src/runtime/RuntimeContext.cpp:1532][APP - INFO] SMG semantic event sequence:stage_host_initialized (host=FileSelector;stage=FileSelect)
[src/runtime/RuntimeContext.cpp:1532][APP - INFO] SMG semantic event placement:stage_object (stage=FileSelect;zone=FileSelect;zone_id=0;scenario=1;layer=common;table=jmp/placement/common/objinfo;object=SphereSelectorHandle;factory=blocked;support_reason=no_original_factory_or_direct_object_archive;common_path_id=-1;rail_info_attached=false;rail_path_row=-1;rail_point_count=0;rail_first_point=none;model_archive=;object_archive=)
[src/runtime/RuntimeContext.cpp:1532][APP - INFO] SMG semantic event placement:stage_object (stage=FileSelect;zone=FileSelect;zone_id=0;scenario=1;layer=common;table=jmp/placement/common/planetobjinfo;object=GlobalPlaneGravityInBox;factory=ignored;support_reason=non_renderable_placement_helper_table;common_path_id=-1;rail_info_attached=false;rail_path_row=-1;rail_point_count=0;rail_first_point=none;model_archive=;object_archive=)
[src/runtime/RuntimeContext.cpp:1532][APP - INFO] SMG semantic event placement:stage_placement_summary (stage=FileSelect;scenario=1;objects=4;created=2;ignored=1;blocked=1)
[src/runtime/RuntimeContext.cpp:1532][APP - INFO] SMG semantic event name_obj_lifecycle:init_after_placement (object=見えない壁10x10)
[src/runtime/RuntimeContext.cpp:1532][APP - INFO] SMG semantic event name_obj_lifecycle:init_after_placement (object=ファイルセレクター)
[src/runtime/RuntimeContext.cpp:1532][APP - INFO] SMG semantic event camera:stage_start_camera_unavailable (stage=FileSelect;scenario=1;start_id=0;start_zone_id=0;status=unsupported_camera_type;detail=unsupported start camera type CAM_TYPE_FOLLOW;fallback=start_orientation_follow)
[src/runtime/RuntimeContext.cpp:1532][APP - INFO] SMG semantic event name_obj_lifecycle:connect_to_scene (object=オブジェスリープ管理;kind=name_obj;movement=34;calc_anim=-1;draw_buffer=-1;draw_type=-1)
[src/runtime/RuntimeContext.cpp:1532][APP - INFO] SMG semantic event sequence_state:scene_controller_phase (current_scene=Game;next_scene=FileSelect;current_stage=FileSelect;scene_wipe=Open;system_wipe=Open;draw_phase=;frame=1;phase=ReadyToStartScene)
[src/runtime/RuntimeContext.cpp:1532][APP - INFO] SMG semantic event sequence_state:scene_controller_phase (current_scene=Game;next_scene=FileSelect;current_stage=FileSelect;scene_wipe=Open;system_wipe=Open;draw_phase=;frame=1;phase=Normal)
[src/runtime/RuntimeContext.cpp:1532][APP - INFO] SMG semantic event sequence_state:scene_change_applied (current_scene=Game;next_scene=FileSelect;current_stage=FileSelect;scene_wipe=Open;system_wipe=Open;draw_phase=;frame=1;current_scene=Game;current_stage=FileSelect;scenario=1)
[src/runtime/RuntimeContext.cpp:1532][APP - INFO] SMG semantic event scene_controller:scene_change_applied (current_scene=Game;current_stage=FileSelect;scenario=1)
[src/runtime/RuntimeContext.cpp:1532][APP - INFO] SMG semantic event sequence_state:autorush_begin_sent (current_scene=Game;next_scene=FileSelect;current_stage=FileSelect;scene_wipe=Open;system_wipe=Open;draw_phase=;frame=1;message=ACTMES_AUTORUSH_BEGIN)
[src/runtime/RuntimeContext.cpp:1532][APP - INFO] SMG semantic event sequence:autorush_begin_sent (ACTMES_AUTORUSH_BEGIN)
[src/runtime/RuntimeContext.cpp:1375][APP - INFO] SMG requested stage BGM STM_TITLE
[src/runtime/RuntimeContext.cpp:1500][APP - INFO] Resolved original object archive CometNearOrbitSky -> /ObjectData/CometNearOrbitSky.arc
[src/runtime/RuntimeContext.cpp:1380][APP - INFO] SMG unlocked stage BGM
[src/runtime/RuntimeContext.cpp:1532][APP - INFO] SMG semantic event input:wpad_buttons_held (channel=0;buttons=A+B)
[src/runtime/RuntimeContext.cpp:1473][APP - INFO] ロゴ emitted effect TitleLogoLight
[src/runtime/RuntimeContext.cpp:1473][APP - INFO] ロゴ emitted effect TitleLogoLightB
[src/runtime/RuntimeContext.cpp:1473][APP - INFO] ロゴ emitted effect TitleLogoLightC
[src/runtime/RuntimeContext.cpp:1473][APP - INFO] ロゴ emitted effect TitleLogoLightD
[src/runtime/RuntimeContext.cpp:1473][APP - INFO] ロゴ emitted effect TitleLogoLightE
[src/runtime/RuntimeContext.cpp:1473][APP - INFO] ロゴ emitted effect TitleLogoLightF
[src/runtime/RuntimeContext.cpp:1473][APP - INFO] ロゴ emitted effect TitleLogoLightG
[src/runtime/RuntimeContext.cpp:1385][APP - INFO] SMG stopped stage BGM over 75 frames
[src/runtime/RuntimeContext.cpp:1395][APP - INFO] SMG requested system sound SE_SY_GAME_START
[src/runtime/RuntimeContext.cpp:1430][APP - INFO] SMG requested controller speaker sound CS_CLICK_CLOSE
[src/runtime/RuntimeContext.cpp:1483][APP - INFO] ロゴ deleted all effects
[src/runtime/RuntimeContext.cpp:1478][APP - INFO] キャラフェイス deleted effect Complete
[src/runtime/RuntimeContext.cpp:1478][APP - INFO] キャラフェイス deleted effect Complete
[src/runtime/RuntimeContext.cpp:1478][APP - INFO] キャラフェイス deleted effect Complete
[src/runtime/RuntimeContext.cpp:1478][APP - INFO] キャラフェイス deleted effect Complete
[src/runtime/RuntimeContext.cpp:1478][APP - INFO] キャラフェイス deleted effect Complete
[src/runtime/RuntimeContext.cpp:1478][APP - INFO] キャラフェイス deleted effect Complete
[src/runtime/RuntimeContext.cpp:1478][APP - INFO] キャラフェイス deleted effect Complete
[src/runtime/RuntimeContext.cpp:1478][APP - INFO] キャラフェイス deleted effect Complete
[src/runtime/RuntimeContext.cpp:1478][APP - INFO] キャラフェイス deleted effect Complete
[src/runtime/RuntimeContext.cpp:1478][APP - INFO] キャラフェイス deleted effect Complete
[src/runtime/RuntimeContext.cpp:1478][APP - INFO] キャラフェイス deleted effect Complete
[src/runtime/RuntimeContext.cpp:1478][APP - INFO] キャラフェイス deleted effect Complete
[src/runtime/RuntimeContext.cpp:1478][APP - INFO] キャラフェイス deleted effect Complete
[src/runtime/RuntimeContext.cpp:1478][APP - INFO] キャラフェイス deleted effect Complete
[src/runtime/RuntimeContext.cpp:1478][APP - INFO] キャラフェイス deleted effect Complete
[src/runtime/RuntimeContext.cpp:1478][APP - INFO] キャラフェイス deleted effect Complete
[src/runtime/RuntimeContext.cpp:1478][APP - INFO] キャラフェイス deleted effect Complete
[src/runtime/RuntimeContext.cpp:1478][APP - INFO] キャラフェイス deleted effect Complete
[src/runtime/RuntimeContext.cpp:1478][APP - INFO] キャラフェイス deleted effect Complete
[src/runtime/RuntimeContext.cpp:1478][APP - INFO] キャラフェイス deleted effect Complete
[src/runtime/RuntimeContext.cpp:1478][APP - INFO] キャラフェイス deleted effect Complete
[src/runtime/RuntimeContext.cpp:1478][APP - INFO] キャラフェイス deleted effect Complete
[src/runtime/RuntimeContext.cpp:1478][APP - INFO] キャラフェイス deleted effect Complete
[src/runtime/RuntimeContext.cpp:1478][APP - INFO] キャラフェイス deleted effect Complete
[src/runtime/RuntimeContext.cpp:1478][APP - INFO] キャラフェイス deleted effect Complete
[src/runtime/RuntimeContext.cpp:1478][APP - INFO] キャラフェイス deleted effect Complete
[src/runtime/RuntimeContext.cpp:1478][APP - INFO] キャラフェイス deleted effect Complete
[src/runtime/RuntimeContext.cpp:1478][APP - INFO] キャラフェイス deleted effect Complete
[src/runtime/RuntimeContext.cpp:1478][APP - INFO] キャラフェイス deleted effect Complete
[src/runtime/RuntimeContext.cpp:1478][APP - INFO] キャラフェイス deleted effect Complete
[src/runtime/RuntimeContext.cpp:1375][APP - INFO] SMG requested stage BGM MBGM_FILE_SELECT
[src/runtime/RuntimeContext.cpp:1390][APP - INFO] SMG set stage BGM state 5 over 60 frames
[src/runtime/RuntimeContext.cpp:1532][APP - INFO] SMG semantic event star_pointer:target_enter (actor=ファイルセレクトアイテム;channel=0;pointer_x=212.935;pointer_y=152.482;target_x=212.935;target_y=152.483;radius=59.477;check_z=true)
[src/runtime/RuntimeContext.cpp:1425][APP - INFO] SMG requested system ME ME_ASTRO_DOME_HIT_GALAXY_N3
[src/runtime/RuntimeContext.cpp:1532][APP - INFO] SMG semantic event star_pointer:target_select (actor=ファイルセレクトアイテム;channel=0;pointer_x=212.935;pointer_y=152.482;target_x=212.935;target_y=152.483;radius=59.477;check_z=true)
[src/runtime/RuntimeContext.cpp:1395][APP - INFO] SMG requested system sound SE_SY_GALAXY_SELECTED
[src/runtime/RuntimeContext.cpp:1425][APP - INFO] SMG requested system ME ME_ASTRO_DOME_SELECT1
[src/runtime/RuntimeContext.cpp:1390][APP - INFO] SMG set stage BGM state 6 over 60 frames
[src/runtime/RuntimeContext.cpp:1532][APP - INFO] SMG semantic event star_pointer:target_leave (actor=ファイルセレクトアイテム;channel=0;pointer_x=212.935;pointer_y=152.482;target_x=298.931;target_y=194.666;radius=93.7732;check_z=false)
[src/runtime/RuntimeContext.cpp:1430][APP - INFO] SMG requested controller speaker sound CS_CLICK_CLOSE
[src/runtime/RuntimeContext.cpp:1395][APP - INFO] SMG requested system sound SE_SY_FILE_SEL_NEW_FILE
[src/runtime/RuntimeContext.cpp:1395][APP - INFO] SMG requested system sound SE_SY_LV_SAVING
[src/runtime/RuntimeContext.cpp:1395][APP - INFO] SMG requested system sound SE_SY_LV_SAVING
[src/runtime/RuntimeContext.cpp:1395][APP - INFO] SMG requested system sound SE_SY_LV_SAVING
[src/runtime/RuntimeContext.cpp:1395][APP - INFO] SMG requested system sound SE_SY_LV_SAVING
[src/runtime/RuntimeContext.cpp:1395][APP - INFO] SMG requested system sound SE_SY_LV_SAVING
[src/runtime/RuntimeContext.cpp:1395][APP - INFO] SMG requested system sound SE_SY_LV_SAVING
[src/runtime/RuntimeContext.cpp:1395][APP - INFO] SMG requested system sound SE_SY_LV_SAVING
[src/runtime/RuntimeContext.cpp:1395][APP - INFO] SMG requested system sound SE_SY_LV_SAVING
[src/runtime/RuntimeContext.cpp:1395][APP - INFO] SMG requested system sound SE_SY_LV_SAVING
[src/runtime/RuntimeContext.cpp:1395][APP - INFO] SMG requested system sound SE_SY_LV_SAVING
[src/runtime/RuntimeContext.cpp:1395][APP - INFO] SMG requested system sound SE_SY_LV_SAVING
[src/runtime/RuntimeContext.cpp:1395][APP - INFO] SMG requested system sound SE_SY_LV_SAVING
[src/runtime/RuntimeContext.cpp:1395][APP - INFO] SMG requested system sound SE_SY_LV_SAVING
[src/runtime/RuntimeContext.cpp:1395][APP - INFO] SMG requested system sound SE_SY_LV_SAVING
[src/runtime/RuntimeContext.cpp:1395][APP - INFO] SMG requested system sound SE_SY_LV_SAVING
[src/runtime/RuntimeContext.cpp:1395][APP - INFO] SMG requested system sound SE_SY_LV_SAVING
[src/runtime/RuntimeContext.cpp:1395][APP - INFO] SMG requested system sound SE_SY_LV_SAVING
[src/runtime/RuntimeContext.cpp:1395][APP - INFO] SMG requested system sound SE_SY_LV_SAVING
[src/runtime/RuntimeContext.cpp:1395][APP - INFO] SMG requested system sound SE_SY_LV_SAVING
[src/runtime/RuntimeContext.cpp:1395][APP - INFO] SMG requested system sound SE_SY_LV_SAVING
[src/runtime/RuntimeContext.cpp:1395][APP - INFO] SMG requested system sound SE_SY_LV_SAVING
[src/runtime/RuntimeContext.cpp:1395][APP - INFO] SMG requested system sound SE_SY_LV_SAVING
[src/runtime/RuntimeContext.cpp:1395][APP - INFO] SMG requested system sound SE_SY_LV_SAVING
[src/runtime/RuntimeContext.cpp:1395][APP - INFO] SMG requested system sound SE_SY_LV_SAVING
[src/runtime/RuntimeContext.cpp:1395][APP - INFO] SMG requested system sound SE_SY_LV_SAVING
[src/runtime/RuntimeContext.cpp:1395][APP - INFO] SMG requested system sound SE_SY_LV_SAVING
[src/runtime/RuntimeContext.cpp:1395][APP - INFO] SMG requested system sound SE_SY_LV_SAVING
[src/runtime/RuntimeContext.cpp:1395][APP - INFO] SMG requested system sound SE_SY_LV_SAVING
[src/runtime/RuntimeContext.cpp:1395][APP - INFO] SMG requested system sound SE_SY_LV_SAVING
[src/runtime/RuntimeContext.cpp:1395][APP - INFO] SMG requested system sound SE_SY_LV_SAVING
[src/runtime/RuntimeContext.cpp:1395][APP - INFO] SMG requested system sound SE_SY_LV_SAVING
[src/runtime/RuntimeContext.cpp:1395][APP - INFO] SMG requested system sound SE_SY_LV_SAVING
[src/runtime/RuntimeContext.cpp:1395][APP - INFO] SMG requested system sound SE_SY_LV_SAVING
[src/runtime/RuntimeContext.cpp:1395][APP - INFO] SMG requested system sound SE_SY_LV_SAVING
[src/runtime/RuntimeContext.cpp:1395][APP - INFO] SMG requested system sound SE_SY_LV_SAVING
[src/runtime/RuntimeContext.cpp:1395][APP - INFO] SMG requested system sound SE_SY_LV_SAVING
[src/runtime/RuntimeContext.cpp:1395][APP - INFO] SMG requested system sound SE_SY_LV_SAVING
[src/runtime/RuntimeContext.cpp:1395][APP - INFO] SMG requested system sound SE_SY_LV_SAVING
[src/runtime/RuntimeContext.cpp:1395][APP - INFO] SMG requested system sound SE_SY_LV_SAVING
[src/runtime/RuntimeContext.cpp:1395][APP - INFO] SMG requested system sound SE_SY_LV_SAVING
[src/runtime/RuntimeContext.cpp:1395][APP - INFO] SMG requested system sound SE_SY_LV_SAVING
[src/runtime/RuntimeContext.cpp:1395][APP - INFO] SMG requested system sound SE_SY_LV_SAVING
[src/runtime/RuntimeContext.cpp:1395][APP - INFO] SMG requested system sound SE_SY_LV_SAVING
[src/runtime/RuntimeContext.cpp:1395][APP - INFO] SMG requested system sound SE_SY_LV_SAVING
[src/runtime/RuntimeContext.cpp:1395][APP - INFO] SMG requested system sound SE_SY_LV_SAVING
[src/runtime/RuntimeContext.cpp:1395][APP - INFO] SMG requested system sound SE_SY_LV_SAVING
[src/runtime/RuntimeContext.cpp:1395][APP - INFO] SMG requested system sound SE_SY_LV_SAVING
[src/runtime/RuntimeContext.cpp:1395][APP - INFO] SMG requested system sound SE_SY_LV_SAVING
[src/runtime/RuntimeContext.cpp:1395][APP - INFO] SMG requested system sound SE_SY_LV_SAVING
[src/runtime/RuntimeContext.cpp:1395][APP - INFO] SMG requested system sound SE_SY_LV_SAVING
[src/runtime/RuntimeContext.cpp:1395][APP - INFO] SMG requested system sound SE_SY_LV_SAVING
[src/runtime/RuntimeContext.cpp:1395][APP - INFO] SMG requested system sound SE_SY_LV_SAVING
[src/runtime/RuntimeContext.cpp:1395][APP - INFO] SMG requested system sound SE_SY_LV_SAVING
[src/runtime/RuntimeContext.cpp:1395][APP - INFO] SMG requested system sound SE_SY_LV_SAVING
[src/runtime/RuntimeContext.cpp:1395][APP - INFO] SMG requested system sound SE_SY_LV_SAVING
[src/runtime/RuntimeContext.cpp:1395][APP - INFO] SMG requested system sound SE_SY_LV_SAVING
[src/runtime/RuntimeContext.cpp:1395][APP - INFO] SMG requested system sound SE_SY_LV_SAVING
[src/runtime/RuntimeContext.cpp:1395][APP - INFO] SMG requested system sound SE_SY_LV_SAVING
[src/runtime/RuntimeContext.cpp:1395][APP - INFO] SMG requested system sound SE_SY_LV_SAVING
[src/runtime/RuntimeContext.cpp:1395][APP - INFO] SMG requested system sound SE_SY_LV_SAVING
[src/runtime/RuntimeContext.cpp:1395][APP - INFO] SMG requested system sound SE_SY_LV_SAVING
[src/runtime/RuntimeContext.cpp:1395][APP - INFO] SMG requested system sound SE_SY_LV_SAVING
[src/runtime/RuntimeContext.cpp:1395][APP - INFO] SMG requested system sound SE_SY_LV_SAVING
[src/runtime/RuntimeContext.cpp:1395][APP - INFO] SMG requested system sound SE_SY_LV_SAVING
[src/runtime/RuntimeContext.cpp:1395][APP - INFO] SMG requested system sound SE_SY_LV_SAVING
[src/runtime/RuntimeContext.cpp:1395][APP - INFO] SMG requested system sound SE_SY_LV_SAVING
[src/runtime/RuntimeContext.cpp:1395][APP - INFO] SMG requested system sound SE_SY_LV_SAVING
[src/runtime/RuntimeContext.cpp:1395][APP - INFO] SMG requested system sound SE_SY_LV_SAVING
[src/runtime/RuntimeContext.cpp:1395][APP - INFO] SMG requested system sound SE_SY_LV_SAVING
[src/runtime/RuntimeContext.cpp:1395][APP - INFO] SMG requested system sound SE_SY_LV_SAVING
[src/runtime/RuntimeContext.cpp:1395][APP - INFO] SMG requested system sound SE_SY_LV_SAVING
[src/runtime/RuntimeContext.cpp:1395][APP - INFO] SMG requested system sound SE_SY_LV_SAVING
[src/runtime/RuntimeContext.cpp:1395][APP - INFO] SMG requested system sound SE_SY_LV_SAVING
[src/runtime/RuntimeContext.cpp:1395][APP - INFO] SMG requested system sound SE_SY_LV_SAVING
[src/runtime/RuntimeContext.cpp:1395][APP - INFO] SMG requested system sound SE_SY_LV_SAVING
[src/runtime/RuntimeContext.cpp:1395][APP - INFO] SMG requested system sound SE_SY_LV_SAVING
[src/runtime/RuntimeContext.cpp:1395][APP - INFO] SMG requested system sound SE_SY_LV_SAVING
[src/runtime/RuntimeContext.cpp:1395][APP - INFO] SMG requested system sound SE_SY_LV_SAVING
[src/runtime/RuntimeContext.cpp:1395][APP - INFO] SMG requested system sound SE_SY_LV_SAVING
[src/runtime/RuntimeContext.cpp:1395][APP - INFO] SMG requested system sound SE_SY_LV_SAVING
[src/runtime/RuntimeContext.cpp:1395][APP - INFO] SMG requested system sound SE_SY_LV_SAVING
[src/runtime/RuntimeContext.cpp:1395][APP - INFO] SMG requested system sound SE_SY_LV_SAVING
[src/runtime/RuntimeContext.cpp:1395][APP - INFO] SMG requested system sound SE_SY_LV_SAVING
[src/runtime/RuntimeContext.cpp:1395][APP - INFO] SMG requested system sound SE_SY_LV_SAVING
[src/runtime/RuntimeContext.cpp:1395][APP - INFO] SMG requested system sound SE_SY_LV_SAVING
[src/runtime/RuntimeContext.cpp:1395][APP - INFO] SMG requested system sound SE_SY_LV_SAVING
[src/runtime/RuntimeContext.cpp:1395][APP - INFO] SMG requested system sound SE_SY_LV_SAVING
[src/runtime/RuntimeContext.cpp:1395][APP - INFO] SMG requested system sound SE_SY_LV_SAVING
[src/runtime/RuntimeContext.cpp:1395][APP - INFO] SMG requested system sound SE_SY_LV_SAVING
[src/runtime/RuntimeContext.cpp:1395][APP - INFO] SMG requested system sound SE_SY_LV_SAVING
[src/runtime/RuntimeContext.cpp:1395][APP - INFO] SMG requested system sound SE_SY_LV_SAVING
[src/runtime/RuntimeContext.cpp:1395][APP - INFO] SMG requested system sound SE_SY_LV_SAVING
[src/runtime/RuntimeContext.cpp:1395][APP - INFO] SMG requested system sound SE_SY_LV_SAVING
[src/runtime/RuntimeContext.cpp:1395][APP - INFO] SMG requested system sound SE_SY_LV_SAVING
[src/runtime/RuntimeContext.cpp:1395][APP - INFO] SMG requested system sound SE_SY_LV_SAVING
[src/runtime/RuntimeContext.cpp:1395][APP - INFO] SMG requested system sound SE_SY_LV_SAVING
[src/runtime/RuntimeContext.cpp:1395][APP - INFO] SMG requested system sound SE_SY_LV_SAVING
[src/runtime/RuntimeContext.cpp:1395][APP - INFO] SMG requested system sound SE_SY_LV_SAVING
[src/runtime/RuntimeContext.cpp:1395][APP - INFO] SMG requested system sound SE_SY_LV_SAVING
[src/runtime/RuntimeContext.cpp:1395][APP - INFO] SMG requested system sound SE_SY_LV_SAVING
[src/runtime/RuntimeContext.cpp:1395][APP - INFO] SMG requested system sound SE_SY_LV_SAVING
[src/runtime/RuntimeContext.cpp:1395][APP - INFO] SMG requested system sound SE_SY_SAVE_SUCCESS
[src/runtime/RuntimeContext.cpp:1395][APP - INFO] SMG requested system sound SE_SY_FILE_SEL_MIISEL_OPEN
[src/runtime/RuntimeContext.cpp:1395][APP - INFO] SMG requested system sound SE_SY_FILE_SEL_MII_SELECTED
[src/runtime/RuntimeContext.cpp:1430][APP - INFO] SMG requested controller speaker sound CS_CLICK_CLOSE
[src/runtime/RuntimeContext.cpp:1395][APP - INFO] SMG requested system sound SE_SY_FILE_SEL_MII_CHANGE
[src/runtime/RuntimeContext.cpp:1395][APP - INFO] SMG requested system sound SE_SY_LV_SAVING
[src/runtime/RuntimeContext.cpp:1395][APP - INFO] SMG requested system sound SE_SY_LV_SAVING
[src/runtime/RuntimeContext.cpp:1395][APP - INFO] SMG requested system sound SE_SY_LV_SAVING
[src/runtime/RuntimeContext.cpp:1395][APP - INFO] SMG requested system sound SE_SY_LV_SAVING
[src/runtime/RuntimeContext.cpp:1395][APP - INFO] SMG requested system sound SE_SY_LV_SAVING
[src/runtime/RuntimeContext.cpp:1395][APP - INFO] SMG requested system sound SE_SY_LV_SAVING
[src/runtime/RuntimeContext.cpp:1395][APP - INFO] SMG requested system sound SE_SY_LV_SAVING
[src/runtime/RuntimeContext.cpp:1395][APP - INFO] SMG requested system sound SE_SY_LV_SAVING
[src/runtime/RuntimeContext.cpp:1395][APP - INFO] SMG requested system sound SE_SY_LV_SAVING
[src/runtime/RuntimeContext.cpp:1395][APP - INFO] SMG requested system sound SE_SY_LV_SAVING
[src/runtime/RuntimeContext.cpp:1395][APP - INFO] SMG requested system sound SE_SY_LV_SAVING
[src/runtime/RuntimeContext.cpp:1395][APP - INFO] SMG requested system sound SE_SY_LV_SAVING
[src/runtime/RuntimeContext.cpp:1395][APP - INFO] SMG requested system sound SE_SY_LV_SAVING
[src/runtime/RuntimeContext.cpp:1395][APP - INFO] SMG requested system sound SE_SY_LV_SAVING
[src/runtime/RuntimeContext.cpp:1395][APP - INFO] SMG requested system sound SE_SY_LV_SAVING
[src/runtime/RuntimeContext.cpp:1395][APP - INFO] SMG requested system sound SE_SY_LV_SAVING
[src/runtime/RuntimeContext.cpp:1395][APP - INFO] SMG requested system sound SE_SY_LV_SAVING
[src/runtime/RuntimeContext.cpp:1395][APP - INFO] SMG requested system sound SE_SY_LV_SAVING
[src/runtime/RuntimeContext.cpp:1395][APP - INFO] SMG requested system sound SE_SY_LV_SAVING
[src/runtime/RuntimeContext.cpp:1395][APP - INFO] SMG requested system sound SE_SY_LV_SAVING
[src/runtime/RuntimeContext.cpp:1395][APP - INFO] SMG requested system sound SE_SY_LV_SAVING
[src/runtime/RuntimeContext.cpp:1395][APP - INFO] SMG requested system sound SE_SY_LV_SAVING
[src/runtime/RuntimeContext.cpp:1395][APP - INFO] SMG requested system sound SE_SY_LV_SAVING
[src/runtime/RuntimeContext.cpp:1395][APP - INFO] SMG requested system sound SE_SY_LV_SAVING
[src/runtime/RuntimeContext.cpp:1395][APP - INFO] SMG requested system sound SE_SY_LV_SAVING
[src/runtime/RuntimeContext.cpp:1395][APP - INFO] SMG requested system sound SE_SY_LV_SAVING
[src/runtime/RuntimeContext.cpp:1395][APP - INFO] SMG requested system sound SE_SY_LV_SAVING
[src/runtime/RuntimeContext.cpp:1395][APP - INFO] SMG requested system sound SE_SY_LV_SAVING
[src/runtime/RuntimeContext.cpp:1395][APP - INFO] SMG requested system sound SE_SY_LV_SAVING
[src/runtime/RuntimeContext.cpp:1395][APP - INFO] SMG requested system sound SE_SY_LV_SAVING
[src/runtime/RuntimeContext.cpp:1395][APP - INFO] SMG requested system sound SE_SY_LV_SAVING
[src/runtime/RuntimeContext.cpp:1395][APP - INFO] SMG requested system sound SE_SY_LV_SAVING
[src/runtime/RuntimeContext.cpp:1395][APP - INFO] SMG requested system sound SE_SY_LV_SAVING
[src/runtime/RuntimeContext.cpp:1395][APP - INFO] SMG requested system sound SE_SY_LV_SAVING
[src/runtime/RuntimeContext.cpp:1395][APP - INFO] SMG requested system sound SE_SY_LV_SAVING
[src/runtime/RuntimeContext.cpp:1395][APP - INFO] SMG requested system sound SE_SY_LV_SAVING
[src/runtime/RuntimeContext.cpp:1395][APP - INFO] SMG requested system sound SE_SY_LV_SAVING
[src/runtime/RuntimeContext.cpp:1395][APP - INFO] SMG requested system sound SE_SY_LV_SAVING
[src/runtime/RuntimeContext.cpp:1395][APP - INFO] SMG requested system sound SE_SY_LV_SAVING
[src/runtime/RuntimeContext.cpp:1395][APP - INFO] SMG requested system sound SE_SY_LV_SAVING
[src/runtime/RuntimeContext.cpp:1395][APP - INFO] SMG requested system sound SE_SY_LV_SAVING
[src/runtime/RuntimeContext.cpp:1395][APP - INFO] SMG requested system sound SE_SY_LV_SAVING
[src/runtime/RuntimeContext.cpp:1395][APP - INFO] SMG requested system sound SE_SY_LV_SAVING
[src/runtime/RuntimeContext.cpp:1395][APP - INFO] SMG requested system sound SE_SY_LV_SAVING
[src/runtime/RuntimeContext.cpp:1395][APP - INFO] SMG requested system sound SE_SY_LV_SAVING
[src/runtime/RuntimeContext.cpp:1395][APP - INFO] SMG requested system sound SE_SY_LV_SAVING
[src/runtime/RuntimeContext.cpp:1395][APP - INFO] SMG requested system sound SE_SY_LV_SAVING
[src/runtime/RuntimeContext.cpp:1395][APP - INFO] SMG requested system sound SE_SY_LV_SAVING
[src/runtime/RuntimeContext.cpp:1395][APP - INFO] SMG requested system sound SE_SY_LV_SAVING
[src/runtime/RuntimeContext.cpp:1395][APP - INFO] SMG requested system sound SE_SY_LV_SAVING
[src/runtime/RuntimeContext.cpp:1395][APP - INFO] SMG requested system sound SE_SY_LV_SAVING
[src/runtime/RuntimeContext.cpp:1395][APP - INFO] SMG requested system sound SE_SY_LV_SAVING
[src/runtime/RuntimeContext.cpp:1395][APP - INFO] SMG requested system sound SE_SY_LV_SAVING
[src/runtime/RuntimeContext.cpp:1395][APP - INFO] SMG requested system sound SE_SY_LV_SAVING
[src/runtime/RuntimeContext.cpp:1395][APP - INFO] SMG requested system sound SE_SY_LV_SAVING
[src/runtime/RuntimeContext.cpp:1395][APP - INFO] SMG requested system sound SE_SY_LV_SAVING
[src/runtime/RuntimeContext.cpp:1395][APP - INFO] SMG requested system sound SE_SY_LV_SAVING
[src/runtime/RuntimeContext.cpp:1395][APP - INFO] SMG requested system sound SE_SY_LV_SAVING
[src/runtime/RuntimeContext.cpp:1395][APP - INFO] SMG requested system sound SE_SY_LV_SAVING
[src/runtime/RuntimeContext.cpp:1395][APP - INFO] SMG requested system sound SE_SY_LV_SAVING
[src/runtime/RuntimeContext.cpp:1395][APP - INFO] SMG requested system sound SE_SY_LV_SAVING
[src/runtime/RuntimeContext.cpp:1395][APP - INFO] SMG requested system sound SE_SY_LV_SAVING
[src/runtime/RuntimeContext.cpp:1395][APP - INFO] SMG requested system sound SE_SY_LV_SAVING
[src/runtime/RuntimeContext.cpp:1395][APP - INFO] SMG requested system sound SE_SY_LV_SAVING
[src/runtime/RuntimeContext.cpp:1395][APP - INFO] SMG requested system sound SE_SY_LV_SAVING
[src/runtime/RuntimeContext.cpp:1395][APP - INFO] SMG requested system sound SE_SY_LV_SAVING
[src/runtime/RuntimeContext.cpp:1395][APP - INFO] SMG requested system sound SE_SY_LV_SAVING
[src/runtime/RuntimeContext.cpp:1395][APP - INFO] SMG requested system sound SE_SY_LV_SAVING
[src/runtime/RuntimeContext.cpp:1395][APP - INFO] SMG requested system sound SE_SY_LV_SAVING
[src/runtime/RuntimeContext.cpp:1395][APP - INFO] SMG requested system sound SE_SY_LV_SAVING
[src/runtime/RuntimeContext.cpp:1395][APP - INFO] SMG requested system sound SE_SY_LV_SAVING
[src/runtime/RuntimeContext.cpp:1395][APP - INFO] SMG requested system sound SE_SY_LV_SAVING
[src/runtime/RuntimeContext.cpp:1395][APP - INFO] SMG requested system sound SE_SY_LV_SAVING
[src/runtime/RuntimeContext.cpp:1395][APP - INFO] SMG requested system sound SE_SY_LV_SAVING
[src/runtime/RuntimeContext.cpp:1395][APP - INFO] SMG requested system sound SE_SY_LV_SAVING
[src/runtime/RuntimeContext.cpp:1395][APP - INFO] SMG requested system sound SE_SY_LV_SAVING
[src/runtime/RuntimeContext.cpp:1395][APP - INFO] SMG requested system sound SE_SY_LV_SAVING
[src/runtime/RuntimeContext.cpp:1395][APP - INFO] SMG requested system sound SE_SY_LV_SAVING
[src/runtime/RuntimeContext.cpp:1395][APP - INFO] SMG requested system sound SE_SY_LV_SAVING
[src/runtime/RuntimeContext.cpp:1395][APP - INFO] SMG requested system sound SE_SY_LV_SAVING
[src/runtime/RuntimeContext.cpp:1395][APP - INFO] SMG requested system sound SE_SY_LV_SAVING
[src/runtime/RuntimeContext.cpp:1395][APP - INFO] SMG requested system sound SE_SY_LV_SAVING
[src/runtime/RuntimeContext.cpp:1395][APP - INFO] SMG requested system sound SE_SY_LV_SAVING
[src/runtime/RuntimeContext.cpp:1395][APP - INFO] SMG requested system sound SE_SY_LV_SAVING
[src/runtime/RuntimeContext.cpp:1395][APP - INFO] SMG requested system sound SE_SY_LV_SAVING
[src/runtime/RuntimeContext.cpp:1395][APP - INFO] SMG requested system sound SE_SY_LV_SAVING
[src/runtime/RuntimeContext.cpp:1395][APP - INFO] SMG requested system sound SE_SY_LV_SAVING
[src/runtime/RuntimeContext.cpp:1395][APP - INFO] SMG requested system sound SE_SY_LV_SAVING
[src/runtime/RuntimeContext.cpp:1395][APP - INFO] SMG requested system sound SE_SY_LV_SAVING
[src/runtime/RuntimeContext.cpp:1395][APP - INFO] SMG requested system sound SE_SY_LV_SAVING
[src/runtime/RuntimeContext.cpp:1395][APP - INFO] SMG requested system sound SE_SY_LV_SAVING
[src/runtime/RuntimeContext.cpp:1395][APP - INFO] SMG requested system sound SE_SY_LV_SAVING
[src/runtime/RuntimeContext.cpp:1395][APP - INFO] SMG requested system sound SE_SY_LV_SAVING
[src/runtime/RuntimeContext.cpp:1395][APP - INFO] SMG requested system sound SE_SY_LV_SAVING
[src/runtime/RuntimeContext.cpp:1395][APP - INFO] SMG requested system sound SE_SY_LV_SAVING
[src/runtime/RuntimeContext.cpp:1395][APP - INFO] SMG requested system sound SE_SY_LV_SAVING
[src/runtime/RuntimeContext.cpp:1395][APP - INFO] SMG requested system sound SE_SY_LV_SAVING
[src/runtime/RuntimeContext.cpp:1395][APP - INFO] SMG requested system sound SE_SY_LV_SAVING
[src/runtime/RuntimeContext.cpp:1395][APP - INFO] SMG requested system sound SE_SY_LV_SAVING
[src/runtime/RuntimeContext.cpp:1395][APP - INFO] SMG requested system sound SE_SY_LV_SAVING
[src/runtime/RuntimeContext.cpp:1395][APP - INFO] SMG requested system sound SE_SY_LV_SAVING
[src/runtime/RuntimeContext.cpp:1395][APP - INFO] SMG requested system sound SE_SY_SAVE_SUCCESS
[src/runtime/RuntimeContext.cpp:1478][APP - INFO] キャラフェイス deleted effect Complete
[src/runtime/RuntimeContext.cpp:1478][APP - INFO] キャラフェイス deleted effect Complete
[src/runtime/RuntimeContext.cpp:1478][APP - INFO] キャラフェイス deleted effect Complete
[src/runtime/RuntimeContext.cpp:1478][APP - INFO] キャラフェイス deleted effect Complete
[src/runtime/RuntimeContext.cpp:1478][APP - INFO] キャラフェイス deleted effect Complete
[src/runtime/RuntimeContext.cpp:1395][APP - INFO] SMG requested system sound SE_SY_FILE_SEL_MII_CHANGE
[src/runtime/RuntimeContext.cpp:1405][APP - INFO] SMG requested system level sound SE_SY_FILE_SEL_MORPHBLR
[src/runtime/RuntimeContext.cpp:1405][APP - INFO] SMG requested system level sound SE_SY_FILE_SEL_MORPHBLR
[src/runtime/RuntimeContext.cpp:1405][APP - INFO] SMG requested system level sound SE_SY_FILE_SEL_MORPHBLR
[src/runtime/RuntimeContext.cpp:1405][APP - INFO] SMG requested system level sound SE_SY_FILE_SEL_MORPHBLR
[src/runtime/RuntimeContext.cpp:1405][APP - INFO] SMG requested system level sound SE_SY_FILE_SEL_MORPHBLR
[src/runtime/RuntimeContext.cpp:1405][APP - INFO] SMG requested system level sound SE_SY_FILE_SEL_MORPHBLR
[src/runtime/RuntimeContext.cpp:1405][APP - INFO] SMG requested system level sound SE_SY_FILE_SEL_MORPHBLR
[src/runtime/RuntimeContext.cpp:1405][APP - INFO] SMG requested system level sound SE_SY_FILE_SEL_MORPHBLR
[src/runtime/RuntimeContext.cpp:1405][APP - INFO] SMG requested system level sound SE_SY_FILE_SEL_MORPHBLR
[src/runtime/RuntimeContext.cpp:1405][APP - INFO] SMG requested system level sound SE_SY_FILE_SEL_MORPHBLR
[src/runtime/RuntimeContext.cpp:1405][APP - INFO] SMG requested system level sound SE_SY_FILE_SEL_MORPHBLR
[src/runtime/RuntimeContext.cpp:1405][APP - INFO] SMG requested system level sound SE_SY_FILE_SEL_MORPHBLR
[src/runtime/RuntimeContext.cpp:1405][APP - INFO] SMG requested system level sound SE_SY_FILE_SEL_MORPHBLR
[src/runtime/RuntimeContext.cpp:1405][APP - INFO] SMG requested system level sound SE_SY_FILE_SEL_MORPHBLR
[src/runtime/RuntimeContext.cpp:1405][APP - INFO] SMG requested system level sound SE_SY_FILE_SEL_MORPHBLR
[src/runtime/RuntimeContext.cpp:1405][APP - INFO] SMG requested system level sound SE_SY_FILE_SEL_MORPHBLR
[src/runtime/RuntimeContext.cpp:1405][APP - INFO] SMG requested system level sound SE_SY_FILE_SEL_MORPHBLR
[src/runtime/RuntimeContext.cpp:1405][APP - INFO] SMG requested system level sound SE_SY_FILE_SEL_MORPHBLR
[src/runtime/RuntimeContext.cpp:1405][APP - INFO] SMG requested system level sound SE_SY_FILE_SEL_MORPHBLR
[src/runtime/RuntimeContext.cpp:1405][APP - INFO] SMG requested system level sound SE_SY_FILE_SEL_MORPHBLR
[src/runtime/RuntimeContext.cpp:1405][APP - INFO] SMG requested system level sound SE_SY_FILE_SEL_MORPHBLR
[src/runtime/RuntimeContext.cpp:1405][APP - INFO] SMG requested system level sound SE_SY_FILE_SEL_MORPHBLR
[src/runtime/RuntimeContext.cpp:1405][APP - INFO] SMG requested system level sound SE_SY_FILE_SEL_MORPHBLR
[src/runtime/RuntimeContext.cpp:1405][APP - INFO] SMG requested system level sound SE_SY_FILE_SEL_MORPHBLR
[src/runtime/RuntimeContext.cpp:1405][APP - INFO] SMG requested system level sound SE_SY_FILE_SEL_MORPHBLR
[src/runtime/RuntimeContext.cpp:1405][APP - INFO] SMG requested system level sound SE_SY_FILE_SEL_MORPHBLR
[src/runtime/RuntimeContext.cpp:1405][APP - INFO] SMG requested system level sound SE_SY_FILE_SEL_MORPHBLR
[src/runtime/RuntimeContext.cpp:1405][APP - INFO] SMG requested system level sound SE_SY_FILE_SEL_MORPHBLR
[src/runtime/RuntimeContext.cpp:1405][APP - INFO] SMG requested system level sound SE_SY_FILE_SEL_MORPHBLR
[src/runtime/RuntimeContext.cpp:1405][APP - INFO] SMG requested system level sound SE_SY_FILE_SEL_MORPHBLR
[src/runtime/RuntimeContext.cpp:1405][APP - INFO] SMG requested system level sound SE_SY_FILE_SEL_MORPHBLR
[src/runtime/RuntimeContext.cpp:1405][APP - INFO] SMG requested system level sound SE_SY_FILE_SEL_MORPHBLR
[src/runtime/RuntimeContext.cpp:1405][APP - INFO] SMG requested system level sound SE_SY_FILE_SEL_MORPHBLR
[src/runtime/RuntimeContext.cpp:1405][APP - INFO] SMG requested system level sound SE_SY_FILE_SEL_MORPHBLR
[src/runtime/RuntimeContext.cpp:1405][APP - INFO] SMG requested system level sound SE_SY_FILE_SEL_MORPHBLR
[src/runtime/RuntimeContext.cpp:1405][APP - INFO] SMG requested system level sound SE_SY_FILE_SEL_MORPHBLR
[src/runtime/RuntimeContext.cpp:1405][APP - INFO] SMG requested system level sound SE_SY_FILE_SEL_MORPHBLR
[src/runtime/RuntimeContext.cpp:1405][APP - INFO] SMG requested system level sound SE_SY_FILE_SEL_MORPHBLR
[src/runtime/RuntimeContext.cpp:1405][APP - INFO] SMG requested system level sound SE_SY_FILE_SEL_MORPHBLR
[src/runtime/RuntimeContext.cpp:1405][APP - INFO] SMG requested system level sound SE_SY_FILE_SEL_MORPHBLR
[src/runtime/RuntimeContext.cpp:1395][APP - INFO] SMG requested system sound SE_SY_FILE_SEL_MORPH_MARIO
[src/runtime/RuntimeContext.cpp:1473][APP - INFO] キャラフェイス emitted effect Open
[src/runtime/RuntimeContext.cpp:1500][APP - INFO] Resolved original object archive FileSelectDataMario -> /ObjectData/FileSelectDataMario.arc
[src/runtime/RuntimeContext.cpp:1500][APP - INFO] Resolved original object archive FileSelectDataMario -> /ObjectData/FileSelectDataMario.arc
[src/runtime/RuntimeContext.cpp:1395][APP - INFO] SMG requested system sound SE_SY_TALK_OK
[src/runtime/RuntimeContext.cpp:1430][APP - INFO] SMG requested controller speaker sound CS_CLICK_CLOSE
[src/runtime/RuntimeContext.cpp:1500][APP - INFO] Resolved original object archive FileSelectDataMario -> /ObjectData/FileSelectDataMario.arc
[src/runtime/RuntimeContext.cpp:1500][APP - INFO] Resolved original object archive FileSelectDataMario -> /ObjectData/FileSelectDataMario.arc
[src/runtime/RuntimeContext.cpp:1500][APP - INFO] Resolved original object archive FileSelectDataMario -> /ObjectData/FileSelectDataMario.arc
[src/runtime/RuntimeContext.cpp:1500][APP - INFO] Resolved original object archive FileSelectDataMario -> /ObjectData/FileSelectDataMario.arc
[src/runtime/RuntimeContext.cpp:1500][APP - INFO] Resolved original object archive FileSelectDataMario -> /ObjectData/FileSelectDataMario.arc
[src/runtime/RuntimeContext.cpp:1500][APP - INFO] Resolved original object archive FileSelectDataMario -> /ObjectData/FileSelectDataMario.arc
[src/runtime/RuntimeContext.cpp:1500][APP - INFO] Resolved original object archive FileSelectDataMario -> /ObjectData/FileSelectDataMario.arc
[src/runtime/RuntimeContext.cpp:1500][APP - INFO] Resolved original object archive FileSelectDataMario -> /ObjectData/FileSelectDataMario.arc
[src/runtime/RuntimeContext.cpp:1500][APP - INFO] Resolved original object archive FileSelectDataMario -> /ObjectData/FileSelectDataMario.arc
[src/runtime/RuntimeContext.cpp:1500][APP - INFO] Resolved original object archive FileSelectDataMario -> /ObjectData/FileSelectDataMario.arc
[src/runtime/RuntimeContext.cpp:1395][APP - INFO] SMG requested system sound SE_SY_FILE_SELECTED
[src/runtime/RuntimeContext.cpp:1385][APP - INFO] SMG stopped stage BGM over 90 frames
[src/runtime/RuntimeContext.cpp:1385][APP - INFO] SMG stopped stage BGM over 90 frames
[src/runtime/RuntimeContext.cpp:1532][APP - INFO] SMG semantic event sequence_state:story_stage_prepared (current_scene=Game;next_scene=PeachCastleGardenGalaxy;current_stage=PeachCastleGardenGalaxy;scene_wipe=Closed;system_wipe=Open;draw_phase=;frame=5462;event=cDemoPrologue;demo=Prologue;stage=PeachCastleGardenGalaxy;scenario=1;start_id=0;start_zone_id=0)
[src/runtime/RuntimeContext.cpp:1532][APP - INFO] SMG semantic event story:story_stage_prepared (event=cDemoPrologue;demo=Prologue;stage=PeachCastleGardenGalaxy;scenario=1;start_id=0;start_zone_id=0)
[src/runtime/RuntimeContext.cpp:1532][APP - INFO] SMG semantic event sequence_state:scene_controller_phase (current_scene=Game;next_scene=PeachCastleGardenGalaxy;current_stage=PeachCastleGardenGalaxy;scene_wipe=Closed;system_wipe=Open;draw_phase=;frame=5462;phase=RequestQueued)
[src/runtime/RuntimeContext.cpp:1532][APP - INFO] SMG semantic event sequence_state:scene_change_requested (current_scene=Game;next_scene=PeachCastleGardenGalaxy;current_stage=PeachCastleGardenGalaxy;scene_wipe=Closed;system_wipe=Open;draw_phase=;frame=5462;next_scene=Game;next_stage=PeachCastleGardenGalaxy;scenario=1;start_id=0;start_zone_id=0)
[src/runtime/RuntimeContext.cpp:1532][APP - INFO] SMG semantic event scene_controller:scene_change_requested (next_scene=Game;next_stage=PeachCastleGardenGalaxy;scenario=1;start_id=0;start_zone_id=0)
[src/runtime/RuntimeContext.cpp:1532][APP - INFO] SMG semantic event sequence_state:scene_controller_phase (current_scene=Game;next_scene=PeachCastleGardenGalaxy;current_stage=PeachCastleGardenGalaxy;scene_wipe=Closed;system_wipe=Open;draw_phase=;frame=5462;phase=DestroyScene)
[src/runtime/RuntimeContext.cpp:1532][APP - INFO] SMG semantic event name_obj_lifecycle:destroy (object=見えない壁10x10)
[src/runtime/RuntimeContext.cpp:1532][APP - INFO] SMG semantic event name_obj_lifecycle:destroy (object=ファイルセレクター)
[src/runtime/RuntimeContext.cpp:1532][APP - INFO] SMG semantic event scene_lifecycle:stage_destroy_scheduler_cleanup (scene=Game;stage=FileSelect;scenario=1;before_entries=79;after_entries=2;removed_entries=77)
[src/runtime/RuntimeContext.cpp:1532][APP - INFO] SMG semantic event sequence_state:scene_controller_phase (current_scene=Game;next_scene=PeachCastleGardenGalaxy;current_stage=PeachCastleGardenGalaxy;scene_wipe=Closed;system_wipe=Open;draw_phase=;frame=5462;phase=InitializeScene)
[src/runtime/RuntimeContext.cpp:1532][APP - INFO] SMG semantic event sequence:stage_host_started (stage host factory created PrologueDirector through scene lifecycle service)
[src/runtime/RuntimeContext.cpp:1532][APP - INFO] SMG semantic event sequence_state:stage_host_started (current_scene=Game;next_scene=PeachCastleGardenGalaxy;current_stage=PeachCastleGardenGalaxy;scene_wipe=Closed;system_wipe=Open;draw_phase=;frame=5462;host=PrologueDirector;stage=PeachCastleGardenGalaxy)
[src/runtime/RuntimeContext.cpp:1532][APP - INFO] SMG semantic event hit_sensor:registered (object=StagePlayer;sensor=body;joint=;type=player;radius=100.000000)
[src/runtime/RuntimeContext.cpp:1532][APP - INFO] SMG semantic event hit_sensor:registered (object=StagePlayer;sensor=spin;joint=;type=player;radius=140.000000)
[src/runtime/RuntimeContext.cpp:1532][APP - INFO] SMG semantic event name_obj_lifecycle:connect_to_scene (object=StagePlayer;kind=live_actor_model;movement=37;calc_anim=9;draw_buffer=20;draw_type=34)
[src/runtime/RuntimeContext.cpp:1500][APP - INFO] Resolved original object archive MarioAnime -> /ObjectData/MarioAnime.arc
[src/runtime/RuntimeContext.cpp:1532][APP - INFO] SMG semantic event player:stage_player_created (stage=PeachCastleGardenGalaxy;scenario=1;start_id=0;start_zone_id=0;start_layer=layera;start_table=jmp/start/layera/startinfo;start_row=0;position=13550.000000,1300.000000,11900.000000;model=Mario)
[src/runtime/RuntimeContext.cpp:1532][APP - INFO] SMG semantic event collision:stage_collision_loaded (stage=PeachCastleGardenGalaxy;scenario=1;placements=230;archives=118;meshes=18;triangles=5685;rejected_triangles=0)
[src/runtime/RuntimeContext.cpp:1532][APP - INFO] SMG semantic event gravity:stage_gravity_loaded (stage=PeachCastleGardenGalaxy;scenario=1;placements=230;gravities=1;unsupported=0)
[src/runtime/RuntimeContext.cpp:1532][APP - INFO] SMG semantic event name_obj_lifecycle:archive_request (object=PrologueDirector;archive=DemoLetter;kind=object;loaded=true;disc_path=DemoLetter.arc)
[src/runtime/RuntimeContext.cpp:1532][APP - INFO] SMG semantic event name_obj_lifecycle:archive_request (object=PrologueDirector;archive=PeachLetterMini;kind=layout;loaded=true;disc_path=PeachLetterMini.arc)
[src/runtime/RuntimeContext.cpp:1532][APP - INFO] SMG semantic event name_obj_lifecycle:archive_request (object=PrologueDirector;archive=PrologueDemo;kind=layout;loaded=true;disc_path=PrologueDemo.arc)
[src/runtime/RuntimeContext.cpp:1532][APP - INFO] SMG semantic event name_obj_lifecycle:archive_request (object=PrologueDirector;archive=DemoPeachCastleGate;kind=object;loaded=true;disc_path=DemoPeachCastleGate.arc)
[src/runtime/RuntimeContext.cpp:1532][APP - INFO] SMG semantic event name_obj_lifecycle:construct (object=PrologueDirector;actor=プロローグデモ)
[src/runtime/RuntimeContext.cpp:1532][APP - INFO] SMG semantic event sequence:stage_host_constructed (host=PrologueDirector;stage=PeachCastleGardenGalaxy)
[src/runtime/RuntimeContext.cpp:1532][APP - INFO] SMG semantic event name_obj_lifecycle:init_from_placement (object=プロローグデモ;stage=PeachCastleGardenGalaxy;zone=PeachCastleGardenGalaxy;table=jmp/placement/layera/objinfo;row=88;l_id=136)
[src/runtime/RuntimeContext.cpp:1532][APP - INFO] SMG semantic event name_obj_lifecycle:connect_to_scene (object=プロローグデモ;kind=name_obj;movement=34;calc_anim=-1;draw_buffer=-1;draw_type=-1)
[src/runtime/RuntimeContext.cpp:1532][APP - INFO] SMG semantic event name_obj_lifecycle:connect_to_scene (object=プロローグの絵本;kind=layout_actor;movement=14;calc_anim=13;draw_buffer=-1;draw_type=60)
[src/runtime/RuntimeContext.cpp:1532][APP - INFO] SMG semantic event name_obj_lifecycle:connect_to_scene (object=プロローグの絵本;kind=layout;movement=14;calc_anim=-1;draw_buffer=-1;draw_type=60)
[src/runtime/RuntimeContext.cpp:1487][APP - INFO] Resolved original layout archive PrologueDemo -> /LayoutData/PrologueDemo.arc
[src/runtime/RuntimeContext.cpp:1532][APP - INFO] SMG semantic event name_obj_lifecycle:connect_to_scene (object=Aボタンアイコン;kind=layout_actor;movement=14;calc_anim=13;draw_buffer=-1;draw_type=67)
[src/runtime/RuntimeContext.cpp:1532][APP - INFO] SMG semantic event name_obj_lifecycle:connect_to_scene (object=Aボタンアイコン;kind=layout;movement=14;calc_anim=-1;draw_buffer=-1;draw_type=60)
[src/runtime/RuntimeContext.cpp:1487][APP - INFO] Resolved original layout archive IconAButton -> /LayoutData/IconAButton.arc
[src/runtime/RuntimeContext.cpp:1532][APP - INFO] SMG semantic event name_obj_lifecycle:connect_to_scene (object=ピーチからの手紙;kind=layout;movement=14;calc_anim=-1;draw_buffer=-1;draw_type=60)
[src/runtime/RuntimeContext.cpp:1487][APP - INFO] Resolved original layout archive PeachLetterMini -> /LayoutData/PeachLetterMini.arc
[src/runtime/RuntimeContext.cpp:1532][APP - INFO] SMG semantic event name_obj_lifecycle:connect_to_scene (object=Aボタンアイコン;kind=layout;movement=14;calc_anim=-1;draw_buffer=-1;draw_type=60)
[src/runtime/RuntimeContext.cpp:1487][APP - INFO] Resolved original layout archive IconAButton -> /LayoutData/IconAButton.arc
[src/runtime/RuntimeContext.cpp:1532][APP - INFO] SMG semantic event name_obj_lifecycle:connect_to_scene (object=Aボタンアイコン;kind=layout_actor;movement=15;calc_anim=14;draw_buffer=-1;draw_type=61)
[src/runtime/RuntimeContext.cpp:1532][APP - INFO] SMG semantic event name_obj_lifecycle:connect_to_scene (object=ピーチからの手紙;kind=layout_actor;movement=14;calc_anim=13;draw_buffer=-1;draw_type=60)
[src/runtime/RuntimeContext.cpp:1532][APP - INFO] SMG semantic event name_obj_lifecycle:connect_to_scene (object=背景書割;kind=live_actor_model;movement=35;calc_anim=11;draw_buffer=10;draw_type=-1)
[src/runtime/RuntimeContext.cpp:1448][APP - INFO] Registered effect keeper 背景書割 group DemoLetter capacity 8
[src/runtime/RuntimeContext.cpp:1532][APP - INFO] SMG semantic event name_obj_lifecycle:connect_to_scene (object=マリオの経路;kind=live_actor_model;movement=35;calc_anim=11;draw_buffer=8;draw_type=-1)
[src/runtime/RuntimeContext.cpp:1448][APP - INFO] Registered effect keeper マリオの経路 group DemoPeachCastleGate capacity 8
[src/runtime/RuntimeContext.cpp:1532][APP - INFO] SMG semantic event sequence:stage_host_initialized (host=PrologueDirector;stage=PeachCastleGardenGalaxy)
[src/runtime/RuntimeContext.cpp:1532][APP - INFO] SMG semantic event placement:stage_object (stage=PeachCastleGardenGalaxy;zone=PeachCastleGardenGalaxy;zone_id=0;scenario=1;layer=common;table=jmp/placement/common/objinfo;object=PeachCastleGardenPlanet;factory=created_model_fallback;support_reason=direct_object_archive_model;common_path_id=-1;rail_info_attached=false;rail_path_row=-1;rail_point_count=0;rail_first_point=none;model_archive=PeachCastleGardenPlanet;object_archive=/ObjectData/PeachCastleGardenPlanet.arc)
[src/runtime/RuntimeContext.cpp:1532][APP - INFO] SMG semantic event name_obj_lifecycle:archive_request (object=PeachCastleGardenPlanet;archive=PeachCastleGardenPlanet;kind=object;loaded=true;disc_path=PeachCastleGardenPlanet.arc)
[src/runtime/RuntimeContext.cpp:1532][APP - INFO] SMG semantic event name_obj_lifecycle:connect_to_scene (object=ピーチ城前庭惑星;kind=live_actor_model;movement=34;calc_anim=5;draw_buffer=8;draw_type=-1)
[src/runtime/RuntimeContext.cpp:1448][APP - INFO] Registered effect keeper ピーチ城前庭惑星 group PeachCastleGardenPlanet capacity 8
[src/runtime/RuntimeContext.cpp:1532][APP - INFO] SMG semantic event name_obj_lifecycle:construct (object=PeachCastleGardenPlanet;actor=ピーチ城前庭惑星)
[src/runtime/RuntimeContext.cpp:1532][APP - INFO] SMG semantic event sequence:stage_host_constructed (host=PeachCastleGardenPlanet;stage=PeachCastleGardenGalaxy)
[src/runtime/RuntimeContext.cpp:1532][APP - INFO] SMG semantic event name_obj_lifecycle:init_from_placement (object=ピーチ城前庭惑星;stage=PeachCastleGardenGalaxy;zone=PeachCastleGardenGalaxy;table=jmp/placement/common/objinfo;row=0;l_id=25)
[src/runtime/RuntimeContext.cpp:1532][APP - INFO] SMG semantic event sequence:stage_host_initialized (host=PeachCastleGardenPlanet;stage=PeachCastleGardenGalaxy)
[src/runtime/RuntimeContext.cpp:1532][APP - INFO] SMG semantic event placement:stage_object (stage=PeachCastleGardenGalaxy;zone=PeachCastleGardenGalaxy;zone_id=0;scenario=1;layer=common;table=jmp/placement/common/objinfo;object=PeachCastleTownBeforeAttack;factory=created_model_fallback;support_reason=direct_object_archive_model;common_path_id=-1;rail_info_attached=false;rail_path_row=-1;rail_point_count=0;rail_first_point=none;model_archive=PeachCastleTownBeforeAttack;object_archive=/ObjectData/PeachCastleTownBeforeAttack.arc)
[src/runtime/RuntimeContext.cpp:1532][APP - INFO] SMG semantic event name_obj_lifecycle:archive_request (object=PeachCastleTownBeforeAttack;archive=PeachCastleTownBeforeAttack;kind=object;loaded=true;disc_path=PeachCastleTownBeforeAttack.arc)
[src/runtime/RuntimeContext.cpp:1532][APP - INFO] SMG semantic event name_obj_lifecycle:archive_request (object=PeachCastleTownBeforeAttack;archive=PeachCastleTownBeforeAttackBloom;kind=object;loaded=true;disc_path=PeachCastleTownBeforeAttackBloom.arc)
[src/runtime/RuntimeContext.cpp:1532][APP - INFO] SMG semantic event name_obj_lifecycle:connect_to_scene (object=ピーチ城城下町空襲前;kind=live_actor_model;movement=34;calc_anim=5;draw_buffer=8;draw_type=-1)
[src/runtime/RuntimeContext.cpp:1448][APP - INFO] Registered effect keeper ピーチ城城下町空襲前 group PeachCastleTownBeforeAttack capacity 8
[src/runtime/RuntimeContext.cpp:1532][APP - INFO] SMG semantic event name_obj_lifecycle:construct (object=PeachCastleTownBeforeAttack;actor=ピーチ城城下町空襲前)
[src/runtime/RuntimeContext.cpp:1532][APP - INFO] SMG semantic event sequence:stage_host_constructed (host=PeachCastleTownBeforeAttack;stage=PeachCastleGardenGalaxy)
[src/runtime/RuntimeContext.cpp:1532][APP - INFO] SMG semantic event name_obj_lifecycle:init_from_placement (object=ピーチ城城下町空襲前;stage=PeachCastleGardenGalaxy;zone=PeachCastleGardenGalaxy;table=jmp/placement/common/objinfo;row=1;l_id=122)
[src/runtime/RuntimeContext.cpp:1532][APP - INFO] SMG semantic event sequence:stage_host_initialized (host=PeachCastleTownBeforeAttack;stage=PeachCastleGardenGalaxy)
[src/runtime/RuntimeContext.cpp:1532][APP - INFO] SMG semantic event placement:stage_object (stage=PeachCastleGardenGalaxy;zone=PeachCastleGardenGalaxy;zone_id=0;scenario=1;layer=common;table=jmp/placement/common/objinfo;object=PeachCastleTownAfterAttack;factory=created_model_fallback;support_reason=direct_object_archive_model;common_path_id=-1;rail_info_attached=false;rail_path_row=-1;rail_point_count=0;rail_first_point=none;model_archive=PeachCastleTownAfterAttack;object_archive=/ObjectData/PeachCastleTownAfterAttack.arc)
[src/runtime/RuntimeContext.cpp:1532][APP - INFO] SMG semantic event name_obj_lifecycle:archive_request (object=PeachCastleTownAfterAttack;archive=PeachCastleTownAfterAttack;kind=object;loaded=true;disc_path=PeachCastleTownAfterAttack.arc)
[src/runtime/RuntimeContext.cpp:1532][APP - INFO] SMG semantic event name_obj_lifecycle:connect_to_scene (object=ピーチ城城下町空襲後;kind=live_actor_model;movement=34;calc_anim=5;draw_buffer=8;draw_type=-1)
[src/runtime/RuntimeContext.cpp:1448][APP - INFO] Registered effect keeper ピーチ城城下町空襲後 group PeachCastleTownAfterAttack capacity 8
[src/runtime/RuntimeContext.cpp:1532][APP - INFO] SMG semantic event name_obj_lifecycle:construct (object=PeachCastleTownAfterAttack;actor=ピーチ城城下町空襲後)
[src/runtime/RuntimeContext.cpp:1532][APP - INFO] SMG semantic event sequence:stage_host_constructed (host=PeachCastleTownAfterAttack;stage=PeachCastleGardenGalaxy)
[src/runtime/RuntimeContext.cpp:1532][APP - INFO] SMG semantic event name_obj_lifecycle:init_from_placement (object=ピーチ城城下町空襲後;stage=PeachCastleGardenGalaxy;zone=PeachCastleGardenGalaxy;table=jmp/placement/common/objinfo;row=2;l_id=121)
[src/runtime/RuntimeContext.cpp:1532][APP - INFO] SMG semantic event sequence:stage_host_initialized (host=PeachCastleTownAfterAttack;stage=PeachCastleGardenGalaxy)
[src/runtime/RuntimeContext.cpp:1532][APP - INFO] SMG semantic event placement:stage_object (stage=PeachCastleGardenGalaxy;zone=PeachCastleGardenGalaxy;zone_id=0;scenario=1;layer=common;table=jmp/placement/common/objinfo;object=PeachCastleTownGate;factory=created_model_fallback;support_reason=direct_object_archive_model;common_path_id=-1;rail_info_attached=false;rail_path_row=-1;rail_point_count=0;rail_first_point=none;model_archive=PeachCastleTownGate;object_archive=/ObjectData/PeachCastleTownGate.arc)
[src/runtime/RuntimeContext.cpp:1532][APP - INFO] SMG semantic event name_obj_lifecycle:archive_request (object=PeachCastleTownGate;archive=PeachCastleTownGate;kind=object;loaded=true;disc_path=PeachCastleTownGate.arc)
[src/runtime/RuntimeContext.cpp:1532][APP - INFO] SMG semantic event name_obj_lifecycle:connect_to_scene (object=ピーチ城城下町の門;kind=live_actor_model;movement=34;calc_anim=5;draw_buffer=8;draw_type=-1)
[src/runtime/RuntimeContext.cpp:1448][APP - INFO] Registered effect keeper ピーチ城城下町の門 group PeachCastleTownGate capacity 8
[src/runtime/RuntimeContext.cpp:1532][APP - INFO] SMG semantic event name_obj_lifecycle:construct (object=PeachCastleTownGate;actor=ピーチ城城下町の門)
[src/runtime/RuntimeContext.cpp:1532][APP - INFO] SMG semantic event sequence:stage_host_constructed (host=PeachCastleTownGate;stage=PeachCastleGardenGalaxy)
[src/runtime/RuntimeContext.cpp:1532][APP - INFO] SMG semantic event name_obj_lifecycle:init_from_placement (object=ピーチ城城下町の門;stage=PeachCastleGardenGalaxy;zone=PeachCastleGardenGalaxy;table=jmp/placement/common/objinfo;row=3;l_id=185)
[src/runtime/RuntimeContext.cpp:1532][APP - INFO] SMG semantic event sequence:stage_host_initialized (host=PeachCastleTownGate;stage=PeachCastleGardenGalaxy)
[src/runtime/RuntimeContext.cpp:1532][APP - INFO] SMG semantic event placement:stage_object (stage=PeachCastleGardenGalaxy;zone=PeachCastleGardenGalaxy;zone_id=0;scenario=1;layer=common;table=jmp/placement/common/planetobjinfo;object=GlobalPlaneGravity;factory=ignored;support_reason=non_renderable_placement_helper_table;common_path_id=-1;rail_info_attached=false;rail_path_row=-1;rail_point_count=0;rail_first_point=none;model_archive=;object_archive=)
[src/runtime/RuntimeContext.cpp:1532][APP - INFO] SMG semantic event placement:stage_object (stage=PeachCastleGardenGalaxy;zone=PeachCastleGardenGalaxy;zone_id=0;scenario=1;layer=common;table=jmp/placement/common/soundinfo;object=SoundEmitter;factory=blocked;support_reason=no_original_factory_or_direct_object_archive;common_path_id=-1;rail_info_attached=false;rail_path_row=-1;rail_point_count=0;rail_first_point=none;model_archive=;object_archive=)
[src/runtime/RuntimeContext.cpp:1532][APP - INFO] SMG semantic event placement:stage_object (stage=PeachCastleGardenGalaxy;zone=PeachCastleGardenGalaxy;zone_id=0;scenario=1;layer=common;table=jmp/placement/common/soundinfo;object=SoundEmitter;factory=blocked;support_reason=no_original_factory_or_direct_object_archive;common_path_id=-1;rail_info_attached=false;rail_path_row=-1;rail_point_count=0;rail_first_point=none;model_archive=;object_archive=)
[src/runtime/RuntimeContext.cpp:1532][APP - INFO] SMG semantic event placement:stage_object (stage=PeachCastleGardenGalaxy;zone=PeachCastleGardenGalaxy;zone_id=0;scenario=1;layer=layera;table=jmp/placement/layera/areaobjinfo;object=SwitchCube;factory=ignored;support_reason=non_renderable_placement_helper_table;common_path_id=-1;rail_info_attached=false;rail_path_row=-1;rail_point_count=0;rail_first_point=none;model_archive=;object_archive=)
[src/runtime/RuntimeContext.cpp:1532][APP - INFO] SMG semantic event placement:stage_object (stage=PeachCastleGardenGalaxy;zone=PeachCastleGardenGalaxy;zone_id=0;scenario=1;layer=layera;table=jmp/placement/layera/areaobjinfo;object=MessageAreaCube;factory=ignored;support_reason=non_renderable_placement_helper_table;common_path_id=-1;rail_info_attached=false;rail_path_row=-1;rail_point_count=0;rail_first_point=none;model_archive=;object_archive=)
[src/runtime/RuntimeContext.cpp:1532][APP - INFO] SMG semantic event placement:stage_object (stage=PeachCastleGardenGalaxy;zone=PeachCastleGardenGalaxy;zone_id=0;scenario=1;layer=layera;table=jmp/placement/layera/areaobjinfo;object=MessageAreaCube;factory=ignored;support_reason=non_renderable_placement_helper_table;common_path_id=-1;rail_info_attached=false;rail_path_row=-1;rail_point_count=0;rail_first_point=none;model_archive=;object_archive=)
[src/runtime/RuntimeContext.cpp:1532][APP - INFO] SMG semantic event placement:stage_object (stage=PeachCastleGardenGalaxy;zone=PeachCastleGardenGalaxy;zone_id=0;scenario=1;layer=layera;table=jmp/placement/layera/areaobjinfo;object=LightCtrlCube;factory=ignored;support_reason=non_renderable_placement_helper_table;common_path_id=-1;rail_info_attached=false;rail_path_row=-1;rail_point_count=0;rail_first_point=none;model_archive=;object_archive=)
[src/runtime/RuntimeContext.cpp:1532][APP - INFO] SMG semantic event placement:stage_object (stage=PeachCastleGardenGalaxy;zone=PeachCastleGardenGalaxy;zone_id=0;scenario=1;layer=layera;table=jmp/placement/layera/areaobjinfo;object=LightCtrlCube;factory=ignored;support_reason=non_renderable_placement_helper_table;common_path_id=-1;rail_info_attached=false;rail_path_row=-1;rail_point_count=0;rail_first_point=none;model_archive=;object_archive=)
[src/runtime/RuntimeContext.cpp:1532][APP - INFO] SMG semantic event placement:stage_object (stage=PeachCastleGardenGalaxy;zone=PeachCastleGardenGalaxy;zone_id=0;scenario=1;layer=layera;table=jmp/placement/layera/areaobjinfo;object=NonSleepCube;factory=ignored;support_reason=non_renderable_placement_helper_table;common_path_id=-1;rail_info_attached=false;rail_path_row=-1;rail_point_count=0;rail_first_point=none;model_archive=;object_archive=)
[src/runtime/RuntimeContext.cpp:1532][APP - INFO] SMG semantic event placement:stage_object (stage=PeachCastleGardenGalaxy;zone=PeachCastleGardenGalaxy;zone_id=0;scenario=1;layer=layera;table=jmp/placement/layera/areaobjinfo;object=MessageAreaCube;factory=ignored;support_reason=non_renderable_placement_helper_table;common_path_id=-1;rail_info_attached=false;rail_path_row=-1;rail_point_count=0;rail_first_point=none;model_archive=;object_archive=)
[src/runtime/RuntimeContext.cpp:1532][APP - INFO] SMG semantic event placement:stage_object (stage=PeachCastleGardenGalaxy;zone=PeachCastleGardenGalaxy;zone_id=0;scenario=1;layer=layera;table=jmp/placement/layera/areaobjinfo;object=MessageAreaCube;factory=ignored;support_reason=non_renderable_placement_helper_table;common_path_id=-1;rail_info_attached=false;rail_path_row=-1;rail_point_count=0;rail_first_point=none;model_archive=;object_archive=)
[src/runtime/RuntimeContext.cpp:1532][APP - INFO] SMG semantic event placement:stage_object (stage=PeachCastleGardenGalaxy;zone=PeachCastleGardenGalaxy;zone_id=0;scenario=1;layer=layera;table=jmp/placement/layera/areaobjinfo;object=BloomCube;factory=ignored;support_reason=non_renderable_placement_helper_table;common_path_id=-1;rail_info_attached=false;rail_path_row=-1;rail_point_count=0;rail_first_point=none;model_archive=;object_archive=)
[src/runtime/RuntimeContext.cpp:1532][APP - INFO] SMG semantic event placement:stage_object (stage=PeachCastleGardenGalaxy;zone=PeachCastleGardenGalaxy;zone_id=0;scenario=1;layer=layera;table=jmp/placement/layera/areaobjinfo;object=BloomCube;factory=ignored;support_reason=non_renderable_placement_helper_table;common_path_id=-1;rail_info_attached=false;rail_path_row=-1;rail_point_count=0;rail_first_point=none;model_archive=;object_archive=)
[src/runtime/RuntimeContext.cpp:1532][APP - INFO] SMG semantic event placement:stage_object (stage=PeachCastleGardenGalaxy;zone=PeachCastleGardenGalaxy;zone_id=0;scenario=1;layer=layera;table=jmp/placement/layera/areaobjinfo;object=BloomCube;factory=ignored;support_reason=non_renderable_placement_helper_table;common_path_id=-1;rail_info_attached=false;rail_path_row=-1;rail_point_count=0;rail_first_point=none;model_archive=;object_archive=)
[src/runtime/RuntimeContext.cpp:1532][APP - INFO] SMG semantic event placement:stage_object (stage=PeachCastleGardenGalaxy;zone=PeachCastleGardenGalaxy;zone_id=0;scenario=1;layer=layera;table=jmp/placement/layera/areaobjinfo;object=BloomCube;factory=ignored;support_reason=non_renderable_placement_helper_table;common_path_id=-1;rail_info_attached=false;rail_path_row=-1;rail_point_count=0;rail_first_point=none;model_archive=;object_archive=)
[src/runtime/RuntimeContext.cpp:1532][APP - INFO] SMG semantic event placement:stage_object (stage=PeachCastleGardenGalaxy;zone=PeachCastleGardenGalaxy;zone_id=0;scenario=1;layer=layera;table=jmp/placement/layera/areaobjinfo;object=SwitchCube;factory=ignored;support_reason=non_renderable_placement_helper_table;common_path_id=-1;rail_info_attached=false;rail_path_row=-1;rail_point_count=0;rail_first_point=none;model_archive=;object_archive=)
[src/runtime/RuntimeContext.cpp:1532][APP - INFO] SMG semantic event placement:stage_object (stage=PeachCastleGardenGalaxy;zone=PeachCastleGardenGalaxy;zone_id=0;scenario=1;layer=layera;table=jmp/placement/layera/areaobjinfo;object=SwitchCube;factory=ignored;support_reason=non_renderable_placement_helper_table;common_path_id=-1;rail_info_attached=false;rail_path_row=-1;rail_point_count=0;rail_first_point=none;model_archive=;object_archive=)
[src/runtime/RuntimeContext.cpp:1532][APP - INFO] SMG semantic event placement:stage_object (stage=PeachCastleGardenGalaxy;zone=PeachCastleGardenGalaxy;zone_id=0;scenario=1;layer=layera;table=jmp/placement/layera/areaobjinfo;object=RestartCube;factory=ignored;support_reason=non_renderable_placement_helper_table;common_path_id=-1;rail_info_attached=false;rail_path_row=-1;rail_point_count=0;rail_first_point=none;model_archive=;object_archive=)
[src/runtime/RuntimeContext.cpp:1532][APP - INFO] SMG semantic event placement:stage_object (stage=PeachCastleGardenGalaxy;zone=PeachCastleGardenGalaxy;zone_id=0;scenario=1;layer=layera;table=jmp/placement/layera/areaobjinfo;object=LightCtrlCube;factory=ignored;support_reason=non_renderable_placement_helper_table;common_path_id=-1;rail_info_attached=false;rail_path_row=-1;rail_point_count=0;rail_first_point=none;model_archive=;object_archive=)
[src/runtime/RuntimeContext.cpp:1532][APP - INFO] SMG semantic event placement:stage_object (stage=PeachCastleGardenGalaxy;zone=PeachCastleGardenGalaxy;zone_id=0;scenario=1;layer=layera;table=jmp/placement/layera/areaobjinfo;object=LightCtrlCube;factory=ignored;support_reason=non_renderable_placement_helper_table;common_path_id=-1;rail_info_attached=false;rail_path_row=-1;rail_point_count=0;rail_first_point=none;model_archive=;object_archive=)
[src/runtime/RuntimeContext.cpp:1532][APP - INFO] SMG semantic event placement:stage_object (stage=PeachCastleGardenGalaxy;zone=PeachCastleGardenGalaxy;zone_id=0;scenario=1;layer=layera;table=jmp/placement/layera/areaobjinfo;object=LightCtrlCube;factory=ignored;support_reason=non_renderable_placement_helper_table;common_path_id=-1;rail_info_attached=false;rail_path_row=-1;rail_point_count=0;rail_first_point=none;model_archive=;object_archive=)
[src/runtime/RuntimeContext.cpp:1532][APP - INFO] SMG semantic event placement:stage_object (stage=PeachCastleGardenGalaxy;zone=PeachCastleGardenGalaxy;zone_id=0;scenario=1;layer=layera;table=jmp/placement/layera/areaobjinfo;object=LightCtrlCube;factory=ignored;support_reason=non_renderable_placement_helper_table;common_path_id=-1;rail_info_attached=false;rail_path_row=-1;rail_point_count=0;rail_first_point=none;model_archive=;object_archive=)
[src/runtime/RuntimeContext.cpp:1532][APP - INFO] SMG semantic event placement:stage_object (stage=PeachCastleGardenGalaxy;zone=PeachCastleGardenGalaxy;zone_id=0;scenario=1;layer=layera;table=jmp/placement/layera/areaobjinfo;object=LightCtrlCube;factory=ignored;support_reason=non_renderable_placement_helper_table;common_path_id=-1;rail_info_attached=false;rail_path_row=-1;rail_point_count=0;rail_first_point=none;model_archive=;object_archive=)
[src/runtime/RuntimeContext.cpp:1532][APP - INFO] SMG semantic event placement:stage_object (stage=PeachCastleGardenGalaxy;zone=PeachCastleGardenGalaxy;zone_id=0;scenario=1;layer=layera;table=jmp/placement/layera/areaobjinfo;object=LightCtrlCube;factory=ignored;support_reason=non_renderable_placement_helper_table;common_path_id=-1;rail_info_attached=false;rail_path_row=-1;rail_point_count=0;rail_first_point=none;model_archive=;object_archive=)
[src/runtime/RuntimeContext.cpp:1532][APP - INFO] SMG semantic event placement:stage_object (stage=PeachCastleGardenGalaxy;zone=PeachCastleGardenGalaxy;zone_id=0;scenario=1;layer=layera;table=jmp/placement/layera/areaobjinfo;object=LightCtrlCube;factory=ignored;support_reason=non_renderable_placement_helper_table;common_path_id=-1;rail_info_attached=false;rail_path_row=-1;rail_point_count=0;rail_first_point=none;model_archive=;object_archive=)
[src/runtime/RuntimeContext.cpp:1532][APP - INFO] SMG semantic event placement:stage_object (stage=PeachCastleGardenGalaxy;zone=PeachCastleGardenGalaxy;zone_id=0;scenario=1;layer=layera;table=jmp/placement/layera/areaobjinfo;object=LightCtrlCube;factory=ignored;support_reason=non_renderable_placement_helper_table;common_path_id=-1;rail_info_attached=false;rail_path_row=-1;rail_point_count=0;rail_first_point=none;model_archive=;object_archive=)
[src/runtime/RuntimeContext.cpp:1532][APP - INFO] SMG semantic event placement:stage_object (stage=PeachCastleGardenGalaxy;zone=PeachCastleGardenGalaxy;zone_id=0;scenario=1;layer=layera;table=jmp/placement/layera/areaobjinfo;object=LightCtrlCube;factory=ignored;support_reason=non_renderable_placement_helper_table;common_path_id=-1;rail_info_attached=false;rail_path_row=-1;rail_point_count=0;rail_first_point=none;model_archive=;object_archive=)
[src/runtime/RuntimeContext.cpp:1532][APP - INFO] SMG semantic event placement:stage_object (stage=PeachCastleGardenGalaxy;zone=PeachCastleGardenGalaxy;zone_id=0;scenario=1;layer=layera;table=jmp/placement/layera/areaobjinfo;object=LightCtrlCube;factory=ignored;support_reason=non_renderable_placement_helper_table;common_path_id=-1;rail_info_attached=false;rail_path_row=-1;rail_point_count=0;rail_first_point=none;model_archive=;object_archive=)
[src/runtime/RuntimeContext.cpp:1532][APP - INFO] SMG semantic event placement:stage_object (stage=PeachCastleGardenGalaxy;zone=PeachCastleGardenGalaxy;zone_id=0;scenario=1;layer=layera;table=jmp/placement/layera/areaobjinfo;object=LightCtrlCube;factory=ignored;support_reason=non_renderable_placement_helper_table;common_path_id=-1;rail_info_attached=false;rail_path_row=-1;rail_point_count=0;rail_first_point=none;model_archive=;object_archive=)
[src/runtime/RuntimeContext.cpp:1532][APP - INFO] SMG semantic event placement:stage_object (stage=PeachCastleGardenGalaxy;zone=PeachCastleGardenGalaxy;zone_id=0;scenario=1;layer=layera;table=jmp/placement/layera/areaobjinfo;object=LightCtrlCube;factory=ignored;support_reason=non_renderable_placement_helper_table;common_path_id=-1;rail_info_attached=false;rail_path_row=-1;rail_point_count=0;rail_first_point=none;model_archive=;object_archive=)
[src/runtime/RuntimeContext.cpp:1532][APP - INFO] SMG semantic event placement:stage_object (stage=PeachCastleGardenGalaxy;zone=PeachCastleGardenGalaxy;zone_id=0;scenario=1;layer=layera;table=jmp/placement/layera/areaobjinfo;object=LightCtrlCube;factory=ignored;support_reason=non_renderable_placement_helper_table;common_path_id=-1;rail_info_attached=false;rail_path_row=-1;rail_point_count=0;rail_first_point=none;model_archive=;object_archive=)
[src/runtime/RuntimeContext.cpp:1532][APP - INFO] SMG semantic event placement:stage_object (stage=PeachCastleGardenGalaxy;zone=PeachCastleGardenGalaxy;zone_id=0;scenario=1;layer=layera;table=jmp/placement/layera/areaobjinfo;object=LightCtrlCube;factory=ignored;support_reason=non_renderable_placement_helper_table;common_path_id=-1;rail_info_attached=false;rail_path_row=-1;rail_point_count=0;rail_first_point=none;model_archive=;object_archive=)
[src/runtime/RuntimeContext.cpp:1532][APP - INFO] SMG semantic event placement:stage_object (stage=PeachCastleGardenGalaxy;zone=PeachCastleGardenGalaxy;zone_id=0;scenario=1;layer=layera;table=jmp/placement/layera/areaobjinfo;object=LightCtrlCube;factory=ignored;support_reason=non_renderable_placement_helper_table;common_path_id=-1;rail_info_attached=false;rail_path_row=-1;rail_point_count=0;rail_first_point=none;model_archive=;object_archive=)
[src/runtime/RuntimeContext.cpp:1532][APP - INFO] SMG semantic event placement:stage_object (stage=PeachCastleGardenGalaxy;zone=PeachCastleGardenGalaxy;zone_id=0;scenario=1;layer=layera;table=jmp/placement/layera/areaobjinfo;object=LightCtrlCube;factory=ignored;support_reason=non_renderable_placement_helper_table;common_path_id=-1;rail_info_attached=false;rail_path_row=-1;rail_point_count=0;rail_first_point=none;model_archive=;object_archive=)
[src/runtime/RuntimeContext.cpp:1532][APP - INFO] SMG semantic event placement:stage_object (stage=PeachCastleGardenGalaxy;zone=PeachCastleGardenGalaxy;zone_id=0;scenario=1;layer=layera;table=jmp/placement/layera/areaobjinfo;object=LightCtrlCube;factory=ignored;support_reason=non_renderable_placement_helper_table;common_path_id=-1;rail_info_attached=false;rail_path_row=-1;rail_point_count=0;rail_first_point=none;model_archive=;object_archive=)
[src/runtime/RuntimeContext.cpp:1532][APP - INFO] SMG semantic event placement:stage_object (stage=PeachCastleGardenGalaxy;zone=PeachCastleGardenGalaxy;zone_id=0;scenario=1;layer=layera;table=jmp/placement/layera/areaobjinfo;object=LightCtrlCube;factory=ignored;support_reason=non_renderable_placement_helper_table;common_path_id=-1;rail_info_attached=false;rail_path_row=-1;rail_point_count=0;rail_first_point=none;model_archive=;object_archive=)
[src/runtime/RuntimeContext.cpp:1532][APP - INFO] SMG semantic event placement:stage_object (stage=PeachCastleGardenGalaxy;zone=PeachCastleGardenGalaxy;zone_id=0;scenario=1;layer=layera;table=jmp/placement/layera/areaobjinfo;object=LightCtrlCube;factory=ignored;support_reason=non_renderable_placement_helper_table;common_path_id=-1;rail_info_attached=false;rail_path_row=-1;rail_point_count=0;rail_first_point=none;model_archive=;object_archive=)
[src/runtime/RuntimeContext.cpp:1532][APP - INFO] SMG semantic event placement:stage_object (stage=PeachCastleGardenGalaxy;zone=PeachCastleGardenGalaxy;zone_id=0;scenario=1;layer=layera;table=jmp/placement/layera/areaobjinfo;object=ViewGroupCtrlCube;factory=ignored;support_reason=non_renderable_placement_helper_table;common_path_id=-1;rail_info_attached=false;rail_path_row=-1;rail_point_count=0;rail_first_point=none;model_archive=;object_archive=)
[src/runtime/RuntimeContext.cpp:1532][APP - INFO] SMG semantic event placement:stage_object (stage=PeachCastleGardenGalaxy;zone=PeachCastleGardenGalaxy;zone_id=0;scenario=1;layer=layera;table=jmp/placement/layera/areaobjinfo;object=ViewGroupCtrlCube;factory=ignored;support_reason=non_renderable_placement_helper_table;common_path_id=-1;rail_info_attached=false;rail_path_row=-1;rail_point_count=0;rail_first_point=none;model_archive=;object_archive=)
[src/runtime/RuntimeContext.cpp:1532][APP - INFO] SMG semantic event placement:stage_object (stage=PeachCastleGardenGalaxy;zone=PeachCastleGardenGalaxy;zone_id=0;scenario=1;layer=layera;table=jmp/placement/layera/areaobjinfo;object=LightCtrlCube;factory=ignored;support_reason=non_renderable_placement_helper_table;common_path_id=-1;rail_info_attached=false;rail_path_row=-1;rail_point_count=0;rail_first_point=none;model_archive=;object_archive=)
[src/runtime/RuntimeContext.cpp:1532][APP - INFO] SMG semantic event placement:stage_object (stage=PeachCastleGardenGalaxy;zone=PeachCastleGardenGalaxy;zone_id=0;scenario=1;layer=layera;table=jmp/placement/layera/areaobjinfo;object=SwitchCube;factory=ignored;support_reason=non_renderable_placement_helper_table;common_path_id=-1;rail_info_attached=false;rail_path_row=-1;rail_point_count=0;rail_first_point=none;model_archive=;object_archive=)
[src/runtime/RuntimeContext.cpp:1532][APP - INFO] SMG semantic event placement:stage_object (stage=PeachCastleGardenGalaxy;zone=PeachCastleGardenGalaxy;zone_id=0;scenario=1;layer=layera;table=jmp/placement/layera/areaobjinfo;object=MessageAreaCube;factory=ignored;support_reason=non_renderable_placement_helper_table;common_path_id=-1;rail_info_attached=false;rail_path_row=-1;rail_point_count=0;rail_first_point=none;model_archive=;object_archive=)
[src/runtime/RuntimeContext.cpp:1532][APP - INFO] SMG semantic event placement:stage_object (stage=PeachCastleGardenGalaxy;zone=PeachCastleGardenGalaxy;zone_id=0;scenario=1;layer=layera;table=jmp/placement/layera/areaobjinfo;object=ViewGroupCtrlCube;factory=ignored;support_reason=non_renderable_placement_helper_table;common_path_id=-1;rail_info_attached=false;rail_path_row=-1;rail_point_count=0;rail_first_point=none;model_archive=;object_archive=)
[src/runtime/RuntimeContext.cpp:1532][APP - INFO] SMG semantic event placement:stage_object (stage=PeachCastleGardenGalaxy;zone=PeachCastleGardenGalaxy;zone_id=0;scenario=1;layer=layera;table=jmp/placement/layera/areaobjinfo;object=ViewGroupCtrlCube;factory=ignored;support_reason=non_renderable_placement_helper_table;common_path_id=-1;rail_info_attached=false;rail_path_row=-1;rail_point_count=0;rail_first_point=none;model_archive=;object_archive=)
[src/runtime/RuntimeContext.cpp:1532][APP - INFO] SMG semantic event placement:stage_object (stage=PeachCastleGardenGalaxy;zone=PeachCastleGardenGalaxy;zone_id=0;scenario=1;layer=layera;table=jmp/placement/layera/areaobjinfo;object=SwitchCube;factory=ignored;support_reason=non_renderable_placement_helper_table;common_path_id=-1;rail_info_attached=false;rail_path_row=-1;rail_point_count=0;rail_first_point=none;model_archive=;object_archive=)
[src/runtime/RuntimeContext.cpp:1532][APP - INFO] SMG semantic event placement:stage_object (stage=PeachCastleGardenGalaxy;zone=PeachCastleGardenGalaxy;zone_id=0;scenario=1;layer=layera;table=jmp/placement/layera/areaobjinfo;object=SwitchCube;factory=ignored;support_reason=non_renderable_placement_helper_table;common_path_id=-1;rail_info_attached=false;rail_path_row=-1;rail_point_count=0;rail_first_point=none;model_archive=;object_archive=)
[src/runtime/RuntimeContext.cpp:1532][APP - INFO] SMG semantic event placement:stage_object (stage=PeachCastleGardenGalaxy;zone=PeachCastleGardenGalaxy;zone_id=0;scenario=1;layer=layera;table=jmp/placement/layera/areaobjinfo;object=SwitchCube;factory=ignored;support_reason=non_renderable_placement_helper_table;common_path_id=-1;rail_info_attached=false;rail_path_row=-1;rail_point_count=0;rail_first_point=none;model_archive=;object_archive=)
[src/runtime/RuntimeContext.cpp:1532][APP - INFO] SMG semantic event placement:stage_object (stage=PeachCastleGardenGalaxy;zone=PeachCastleGardenGalaxy;zone_id=0;scenario=1;layer=layera;table=jmp/placement/layera/areaobjinfo;object=SwitchCube;factory=ignored;support_reason=non_renderable_placement_helper_table;common_path_id=-1;rail_info_attached=false;rail_path_row=-1;rail_point_count=0;rail_first_point=none;model_archive=;object_archive=)
[src/runtime/RuntimeContext.cpp:1532][APP - INFO] SMG semantic event placement:stage_object (stage=PeachCastleGardenGalaxy;zone=PeachCastleGardenGalaxy;zone_id=0;scenario=1;layer=layera;table=jmp/placement/layera/areaobjinfo;object=SwitchCube;factory=ignored;support_reason=non_renderable_placement_helper_table;common_path_id=-1;rail_info_attached=false;rail_path_row=-1;rail_point_count=0;rail_first_point=none;model_archive=;object_archive=)
[src/runtime/RuntimeContext.cpp:1532][APP - INFO] SMG semantic event placement:stage_object (stage=PeachCastleGardenGalaxy;zone=PeachCastleGardenGalaxy;zone_id=0;scenario=1;layer=layera;table=jmp/placement/layera/areaobjinfo;object=MessageAreaCube;factory=ignored;support_reason=non_renderable_placement_helper_table;common_path_id=-1;rail_info_attached=false;rail_path_row=-1;rail_point_count=0;rail_first_point=none;model_archive=;object_archive=)
[src/runtime/RuntimeContext.cpp:1532][APP - INFO] SMG semantic event placement:stage_object (stage=PeachCastleGardenGalaxy;zone=PeachCastleGardenGalaxy;zone_id=0;scenario=1;layer=layera;table=jmp/placement/layera/cameracubeinfo;object=CubeCameraCylinder;factory=ignored;support_reason=non_renderable_placement_helper_table;common_path_id=-1;rail_info_attached=false;rail_path_row=-1;rail_point_count=0;rail_first_point=none;model_archive=;object_archive=)
[src/runtime/RuntimeContext.cpp:1532][APP - INFO] SMG semantic event placement:stage_object (stage=PeachCastleGardenGalaxy;zone=PeachCastleGardenGalaxy;zone_id=0;scenario=1;layer=layera;table=jmp/placement/layera/cameracubeinfo;object=CubeCameraCylinder;factory=ignored;support_reason=non_renderable_placement_helper_table;common_path_id=-1;rail_info_attached=false;rail_path_row=-1;rail_point_count=0;rail_first_point=none;model_archive=;object_archive=)
[src/runtime/RuntimeContext.cpp:1532][APP - INFO] SMG semantic event placement:stage_object (stage=PeachCastleGardenGalaxy;zone=PeachCastleGardenGalaxy;zone_id=0;scenario=1;layer=layera;table=jmp/placement/layera/cameracubeinfo;object=CubeCameraBox;factory=ignored;support_reason=non_renderable_placement_helper_table;common_path_id=-1;rail_info_attached=false;rail_path_row=-1;rail_point_count=0;rail_first_point=none;model_archive=;object_archive=)
[src/runtime/RuntimeContext.cpp:1532][APP - INFO] SMG semantic event placement:stage_object (stage=PeachCastleGardenGalaxy;zone=PeachCastleGardenGalaxy;zone_id=0;scenario=1;layer=layera;table=jmp/placement/layera/cameracubeinfo;object=CubeCameraBox;factory=ignored;support_reason=non_renderable_placement_helper_table;common_path_id=-1;rail_info_attached=false;rail_path_row=-1;rail_point_count=0;rail_first_point=none;model_archive=;object_archive=)
[src/runtime/RuntimeContext.cpp:1532][APP - INFO] SMG semantic event placement:stage_object (stage=PeachCastleGardenGalaxy;zone=PeachCastleGardenGalaxy;zone_id=0;scenario=1;layer=layera;table=jmp/placement/layera/cameracubeinfo;object=CubeCameraBox;factory=ignored;support_reason=non_renderable_placement_helper_table;common_path_id=-1;rail_info_attached=false;rail_path_row=-1;rail_point_count=0;rail_first_point=none;model_archive=;object_archive=)
[src/runtime/RuntimeContext.cpp:1532][APP - INFO] SMG semantic event placement:stage_object (stage=PeachCastleGardenGalaxy;zone=PeachCastleGardenGalaxy;zone_id=0;scenario=1;layer=layera;table=jmp/placement/layera/cameracubeinfo;object=CubeCameraBox;factory=ignored;support_reason=non_renderable_placement_helper_table;common_path_id=-1;rail_info_attached=false;rail_path_row=-1;rail_point_count=0;rail_first_point=none;model_archive=;object_archive=)
[src/runtime/RuntimeContext.cpp:1532][APP - INFO] SMG semantic event placement:stage_object (stage=PeachCastleGardenGalaxy;zone=PeachCastleGardenGalaxy;zone_id=0;scenario=1;layer=layera;table=jmp/placement/layera/cameracubeinfo;object=CubeCameraBox;factory=ignored;support_reason=non_renderable_placement_helper_table;common_path_id=-1;rail_info_attached=false;rail_path_row=-1;rail_point_count=0;rail_first_point=none;model_archive=;object_archive=)
[src/runtime/RuntimeContext.cpp:1532][APP - INFO] SMG semantic event placement:stage_object (stage=PeachCastleGardenGalaxy;zone=PeachCastleGardenGalaxy;zone_id=0;scenario=1;layer=layera;table=jmp/placement/layera/objinfo;object=MeteorCannon;factory=created_alias_model_fallback;support_reason=original_archive_model;common_path_id=12;rail_info_attached=true;rail_path_row=10;rail_point_count=2;rail_first_point=2100.000000,1850.000000,1550.000000;model_archive=MeteorStrike;object_archive=)
[src/runtime/RuntimeContext.cpp:1532][APP - INFO] SMG semantic event name_obj_lifecycle:archive_request (object=MeteorCannon;archive=MeteorStrike;kind=object;loaded=true;disc_path=MeteorStrike.arc)
[src/runtime/RuntimeContext.cpp:1532][APP - INFO] SMG semantic event name_obj_lifecycle:archive_request (object=MeteorCannon;archive=MeteorCannonBreak;kind=object;loaded=true;disc_path=MeteorCannonBreak.arc)
[src/runtime/RuntimeContext.cpp:1532][APP - INFO] SMG semantic event name_obj_lifecycle:connect_to_scene (object=メテオキャノン;kind=live_actor_model;movement=34;calc_anim=5;draw_buffer=8;draw_type=-1)
[src/runtime/RuntimeContext.cpp:1448][APP - INFO] Registered effect keeper メテオキャノン group MeteorStrike capacity 8
[src/runtime/RuntimeContext.cpp:1532][APP - INFO] SMG semantic event name_obj_lifecycle:construct (object=MeteorCannon;actor=メテオキャノン)
[src/runtime/RuntimeContext.cpp:1532][APP - INFO] SMG semantic event sequence:stage_host_constructed (host=MeteorCannon;stage=PeachCastleGardenGalaxy)
[src/runtime/RuntimeContext.cpp:1532][APP - INFO] SMG semantic event name_obj_lifecycle:init_from_placement (object=メテオキャノン;stage=PeachCastleGardenGalaxy;zone=PeachCastleGardenGalaxy;table=jmp/placement/layera/objinfo;row=0;l_id=137)
[src/runtime/RuntimeContext.cpp:1532][APP - INFO] SMG semantic event sequence:stage_host_initialized (host=MeteorCannon;stage=PeachCastleGardenGalaxy)
[src/runtime/RuntimeContext.cpp:1532][APP - INFO] SMG semantic event placement:stage_object (stage=PeachCastleGardenGalaxy;zone=PeachCastleGardenGalaxy;zone_id=0;scenario=1;layer=layera;table=jmp/placement/layera/objinfo;object=MeteorCannon;factory=created_alias_model_fallback;support_reason=original_archive_model;common_path_id=1;rail_info_attached=true;rail_path_row=0;rail_point_count=2;rail_first_point=-2250.000000,3900.000000,-6050.000000;model_archive=MeteorStrike;object_archive=)
[src/runtime/RuntimeContext.cpp:1532][APP - INFO] SMG semantic event name_obj_lifecycle:archive_request (object=MeteorCannon;archive=MeteorStrike;kind=object;loaded=true;disc_path=MeteorStrike.arc)
[src/runtime/RuntimeContext.cpp:1532][APP - INFO] SMG semantic event name_obj_lifecycle:archive_request (object=MeteorCannon;archive=MeteorCannonBreak;kind=object;loaded=true;disc_path=MeteorCannonBreak.arc)
[src/runtime/RuntimeContext.cpp:1532][APP - INFO] SMG semantic event name_obj_lifecycle:connect_to_scene (object=メテオキャノン;kind=live_actor_model;movement=34;calc_anim=5;draw_buffer=8;draw_type=-1)
[src/runtime/RuntimeContext.cpp:1448][APP - INFO] Registered effect keeper メテオキャノン group MeteorStrike capacity 8
[src/runtime/RuntimeContext.cpp:1532][APP - INFO] SMG semantic event name_obj_lifecycle:construct (object=MeteorCannon;actor=メテオキャノン)
[src/runtime/RuntimeContext.cpp:1532][APP - INFO] SMG semantic event sequence:stage_host_constructed (host=MeteorCannon;stage=PeachCastleGardenGalaxy)
[src/runtime/RuntimeContext.cpp:1532][APP - INFO] SMG semantic event name_obj_lifecycle:init_from_placement (object=メテオキャノン;stage=PeachCastleGardenGalaxy;zone=PeachCastleGardenGalaxy;table=jmp/placement/layera/objinfo;row=1;l_id=12)
[src/runtime/RuntimeContext.cpp:1532][APP - INFO] SMG semantic event sequence:stage_host_initialized (host=MeteorCannon;stage=PeachCastleGardenGalaxy)
[src/runtime/RuntimeContext.cpp:1532][APP - INFO] SMG semantic event placement:stage_object (stage=PeachCastleGardenGalaxy;zone=PeachCastleGardenGalaxy;zone_id=0;scenario=1;layer=layera;table=jmp/placement/layera/objinfo;object=MeteorCannon;factory=created_alias_model_fallback;support_reason=original_archive_model;common_path_id=17;rail_info_attached=true;rail_path_row=11;rail_point_count=2;rail_first_point=-10100.000000,2900.000000,2300.000000;model_archive=MeteorStrike;object_archive=)
[src/runtime/RuntimeContext.cpp:1532][APP - INFO] SMG semantic event name_obj_lifecycle:archive_request (object=MeteorCannon;archive=MeteorStrike;kind=object;loaded=true;disc_path=MeteorStrike.arc)
[src/runtime/RuntimeContext.cpp:1532][APP - INFO] SMG semantic event name_obj_lifecycle:archive_request (object=MeteorCannon;archive=MeteorCannonBreak;kind=object;loaded=true;disc_path=MeteorCannonBreak.arc)
[src/runtime/RuntimeContext.cpp:1532][APP - INFO] SMG semantic event name_obj_lifecycle:connect_to_scene (object=メテオキャノン;kind=live_actor_model;movement=34;calc_anim=5;draw_buffer=8;draw_type=-1)
[src/runtime/RuntimeContext.cpp:1448][APP - INFO] Registered effect keeper メテオキャノン group MeteorStrike capacity 8
[src/runtime/RuntimeContext.cpp:1532][APP - INFO] SMG semantic event name_obj_lifecycle:construct (object=MeteorCannon;actor=メテオキャノン)
[src/runtime/RuntimeContext.cpp:1532][APP - INFO] SMG semantic event sequence:stage_host_constructed (host=MeteorCannon;stage=PeachCastleGardenGalaxy)
[src/runtime/RuntimeContext.cpp:1532][APP - INFO] SMG semantic event name_obj_lifecycle:init_from_placement (object=メテオキャノン;stage=PeachCastleGardenGalaxy;zone=PeachCastleGardenGalaxy;table=jmp/placement/layera/objinfo;row=2;l_id=147)
[src/runtime/RuntimeContext.cpp:1532][APP - INFO] SMG semantic event sequence:stage_host_initialized (host=MeteorCannon;stage=PeachCastleGardenGalaxy)
[src/runtime/RuntimeContext.cpp:1532][APP - INFO] SMG semantic event placement:stage_object (stage=PeachCastleGardenGalaxy;zone=PeachCastleGardenGalaxy;zone_id=0;scenario=1;layer=layera;table=jmp/placement/layera/objinfo;object=ShootingStar;factory=created_model_fallback;support_reason=direct_object_archive_model;common_path_id=-1;rail_info_attached=false;rail_path_row=-1;rail_point_count=0;rail_first_point=none;model_archive=ShootingStar;object_archive=/ObjectData/ShootingStar.arc)
[src/runtime/RuntimeContext.cpp:1532][APP - INFO] SMG semantic event name_obj_lifecycle:archive_request (object=ShootingStar;archive=ShootingStar;kind=object;loaded=true;disc_path=ShootingStar.arc)
[src/runtime/RuntimeContext.cpp:1532][APP - INFO] SMG semantic event name_obj_lifecycle:connect_to_scene (object=スターピーススター;kind=live_actor_model;movement=34;calc_anim=5;draw_buffer=8;draw_type=-1)
[src/runtime/RuntimeContext.cpp:1448][APP - INFO] Registered effect keeper スターピーススター group ShootingStar capacity 8
[src/runtime/RuntimeContext.cpp:1532][APP - INFO] SMG semantic event name_obj_lifecycle:construct (object=ShootingStar;actor=スターピーススター)
[src/runtime/RuntimeContext.cpp:1532][APP - INFO] SMG semantic event sequence:stage_host_constructed (host=ShootingStar;stage=PeachCastleGardenGalaxy)
[src/runtime/RuntimeContext.cpp:1532][APP - INFO] SMG semantic event name_obj_lifecycle:init_from_placement (object=スターピーススター;stage=PeachCastleGardenGalaxy;zone=PeachCastleGardenGalaxy;table=jmp/placement/layera/objinfo;row=3;l_id=1)
[src/runtime/RuntimeContext.cpp:1532][APP - INFO] SMG semantic event sequence:stage_host_initialized (host=ShootingStar;stage=PeachCastleGardenGalaxy)
[src/runtime/RuntimeContext.cpp:1532][APP - INFO] SMG semantic event placement:stage_object (stage=PeachCastleGardenGalaxy;zone=PeachCastleGardenGalaxy;zone_id=0;scenario=1;layer=layera;table=jmp/placement/layera/objinfo;object=ShootingStar;factory=created_model_fallback;support_reason=direct_object_archive_model;common_path_id=-1;rail_info_attached=false;rail_path_row=-1;rail_point_count=0;rail_first_point=none;model_archive=ShootingStar;object_archive=/ObjectData/ShootingStar.arc)
[src/runtime/RuntimeContext.cpp:1532][APP - INFO] SMG semantic event name_obj_lifecycle:archive_request (object=ShootingStar;archive=ShootingStar;kind=object;loaded=true;disc_path=ShootingStar.arc)
[src/runtime/RuntimeContext.cpp:1532][APP - INFO] SMG semantic event name_obj_lifecycle:connect_to_scene (object=スターピーススター;kind=live_actor_model;movement=34;calc_anim=5;draw_buffer=8;draw_type=-1)
[src/runtime/RuntimeContext.cpp:1448][APP - INFO] Registered effect keeper スターピーススター group ShootingStar capacity 8
[src/runtime/RuntimeContext.cpp:1532][APP - INFO] SMG semantic event name_obj_lifecycle:construct (object=ShootingStar;actor=スターピーススター)
[src/runtime/RuntimeContext.cpp:1532][APP - INFO] SMG semantic event sequence:stage_host_constructed (host=ShootingStar;stage=PeachCastleGardenGalaxy)
[src/runtime/RuntimeContext.cpp:1532][APP - INFO] SMG semantic event name_obj_lifecycle:init_from_placement (object=スターピーススター;stage=PeachCastleGardenGalaxy;zone=PeachCastleGardenGalaxy;table=jmp/placement/layera/objinfo;row=4;l_id=2)
[src/runtime/RuntimeContext.cpp:1532][APP - INFO] SMG semantic event sequence:stage_host_initialized (host=ShootingStar;stage=PeachCastleGardenGalaxy)
[src/runtime/RuntimeContext.cpp:1532][APP - INFO] SMG semantic event placement:stage_object (stage=PeachCastleGardenGalaxy;zone=PeachCastleGardenGalaxy;zone_id=0;scenario=1;layer=layera;table=jmp/placement/layera/objinfo;object=ShootingStar;factory=created_model_fallback;support_reason=direct_object_archive_model;common_path_id=-1;rail_info_attached=false;rail_path_row=-1;rail_point_count=0;rail_first_point=none;model_archive=ShootingStar;object_archive=/ObjectData/ShootingStar.arc)
[src/runtime/RuntimeContext.cpp:1532][APP - INFO] SMG semantic event name_obj_lifecycle:archive_request (object=ShootingStar;archive=ShootingStar;kind=object;loaded=true;disc_path=ShootingStar.arc)
[src/runtime/RuntimeContext.cpp:1532][APP - INFO] SMG semantic event name_obj_lifecycle:connect_to_scene (object=スターピーススター;kind=live_actor_model;movement=34;calc_anim=5;draw_buffer=8;draw_type=-1)
[src/runtime/RuntimeContext.cpp:1448][APP - INFO] Registered effect keeper スターピーススター group ShootingStar capacity 8
[src/runtime/RuntimeContext.cpp:1532][APP - INFO] SMG semantic event name_obj_lifecycle:construct (object=ShootingStar;actor=スターピーススター)
[src/runtime/RuntimeContext.cpp:1532][APP - INFO] SMG semantic event sequence:stage_host_constructed (host=ShootingStar;stage=PeachCastleGardenGalaxy)
[src/runtime/RuntimeContext.cpp:1532][APP - INFO] SMG semantic event name_obj_lifecycle:init_from_placement (object=スターピーススター;stage=PeachCastleGardenGalaxy;zone=PeachCastleGardenGalaxy;table=jmp/placement/layera/objinfo;row=5;l_id=3)
[src/runtime/RuntimeContext.cpp:1532][APP - INFO] SMG semantic event sequence:stage_host_initialized (host=ShootingStar;stage=PeachCastleGardenGalaxy)
[src/runtime/RuntimeContext.cpp:1532][APP - INFO] SMG semantic event placement:stage_object (stage=PeachCastleGardenGalaxy;zone=PeachCastleGardenGalaxy;zone_id=0;scenario=1;layer=layera;table=jmp/placement/layera/objinfo;object=ShootingStar;factory=created_model_fallback;support_reason=direct_object_archive_model;common_path_id=-1;rail_info_attached=false;rail_path_row=-1;rail_point_count=0;rail_first_point=none;model_archive=ShootingStar;object_archive=/ObjectData/ShootingStar.arc)
[src/runtime/RuntimeContext.cpp:1532][APP - INFO] SMG semantic event name_obj_lifecycle:archive_request (object=ShootingStar;archive=ShootingStar;kind=object;loaded=true;disc_path=ShootingStar.arc)
[src/runtime/RuntimeContext.cpp:1532][APP - INFO] SMG semantic event name_obj_lifecycle:connect_to_scene (object=スターピーススター;kind=live_actor_model;movement=34;calc_anim=5;draw_buffer=8;draw_type=-1)
[src/runtime/RuntimeContext.cpp:1448][APP - INFO] Registered effect keeper スターピーススター group ShootingStar capacity 8
[src/runtime/RuntimeContext.cpp:1532][APP - INFO] SMG semantic event name_obj_lifecycle:construct (object=ShootingStar;actor=スターピーススター)
[src/runtime/RuntimeContext.cpp:1532][APP - INFO] SMG semantic event sequence:stage_host_constructed (host=ShootingStar;stage=PeachCastleGardenGalaxy)
[src/runtime/RuntimeContext.cpp:1532][APP - INFO] SMG semantic event name_obj_lifecycle:init_from_placement (object=スターピーススター;stage=PeachCastleGardenGalaxy;zone=PeachCastleGardenGalaxy;table=jmp/placement/layera/objinfo;row=6;l_id=4)
[src/runtime/RuntimeContext.cpp:1532][APP - INFO] SMG semantic event sequence:stage_host_initialized (host=ShootingStar;stage=PeachCastleGardenGalaxy)
[src/runtime/RuntimeContext.cpp:1532][APP - INFO] SMG semantic event placement:stage_object (stage=PeachCastleGardenGalaxy;zone=PeachCastleGardenGalaxy;zone_id=0;scenario=1;layer=layera;table=jmp/placement/layera/objinfo;object=ShootingStar;factory=created_model_fallback;support_reason=direct_object_archive_model;common_path_id=-1;rail_info_attached=false;rail_path_row=-1;rail_point_count=0;rail_first_point=none;model_archive=ShootingStar;object_archive=/ObjectData/ShootingStar.arc)
[src/runtime/RuntimeContext.cpp:1532][APP - INFO] SMG semantic event name_obj_lifecycle:archive_request (object=ShootingStar;archive=ShootingStar;kind=object;loaded=true;disc_path=ShootingStar.arc)
[src/runtime/RuntimeContext.cpp:1532][APP - INFO] SMG semantic event name_obj_lifecycle:connect_to_scene (object=スターピーススター;kind=live_actor_model;movement=34;calc_anim=5;draw_buffer=8;draw_type=-1)
[src/runtime/RuntimeContext.cpp:1448][APP - INFO] Registered effect keeper スターピーススター group ShootingStar capacity 8
[src/runtime/RuntimeContext.cpp:1532][APP - INFO] SMG semantic event name_obj_lifecycle:construct (object=ShootingStar;actor=スターピーススター)
[src/runtime/RuntimeContext.cpp:1532][APP - INFO] SMG semantic event sequence:stage_host_constructed (host=ShootingStar;stage=PeachCastleGardenGalaxy)
[src/runtime/RuntimeContext.cpp:1532][APP - INFO] SMG semantic event name_obj_lifecycle:init_from_placement (object=スターピーススター;stage=PeachCastleGardenGalaxy;zone=PeachCastleGardenGalaxy;table=jmp/placement/layera/objinfo;row=7;l_id=5)
[src/runtime/RuntimeContext.cpp:1532][APP - INFO] SMG semantic event sequence:stage_host_initialized (host=ShootingStar;stage=PeachCastleGardenGalaxy)
[src/runtime/RuntimeContext.cpp:1532][APP - INFO] SMG semantic event placement:stage_object (stage=PeachCastleGardenGalaxy;zone=PeachCastleGardenGalaxy;zone_id=0;scenario=1;layer=layera;table=jmp/placement/layera/objinfo;object=ShootingStar;factory=created_model_fallback;support_reason=direct_object_archive_model;common_path_id=-1;rail_info_attached=false;rail_path_row=-1;rail_point_count=0;rail_first_point=none;model_archive=ShootingStar;object_archive=/ObjectData/ShootingStar.arc)
[src/runtime/RuntimeContext.cpp:1532][APP - INFO] SMG semantic event name_obj_lifecycle:archive_request (object=ShootingStar;archive=ShootingStar;kind=object;loaded=true;disc_path=ShootingStar.arc)
[src/runtime/RuntimeContext.cpp:1532][APP - INFO] SMG semantic event name_obj_lifecycle:connect_to_scene (object=スターピーススター;kind=live_actor_model;movement=34;calc_anim=5;draw_buffer=8;draw_type=-1)
[src/runtime/RuntimeContext.cpp:1448][APP - INFO] Registered effect keeper スターピーススター group ShootingStar capacity 8
[src/runtime/RuntimeContext.cpp:1532][APP - INFO] SMG semantic event name_obj_lifecycle:construct (object=ShootingStar;actor=スターピーススター)
[src/runtime/RuntimeContext.cpp:1532][APP - INFO] SMG semantic event sequence:stage_host_constructed (host=ShootingStar;stage=PeachCastleGardenGalaxy)
[src/runtime/RuntimeContext.cpp:1532][APP - INFO] SMG semantic event name_obj_lifecycle:init_from_placement (object=スターピーススター;stage=PeachCastleGardenGalaxy;zone=PeachCastleGardenGalaxy;table=jmp/placement/layera/objinfo;row=8;l_id=6)
[src/runtime/RuntimeContext.cpp:1532][APP - INFO] SMG semantic event sequence:stage_host_initialized (host=ShootingStar;stage=PeachCastleGardenGalaxy)
[src/runtime/RuntimeContext.cpp:1532][APP - INFO] SMG semantic event placement:stage_object (stage=PeachCastleGardenGalaxy;zone=PeachCastleGardenGalaxy;zone_id=0;scenario=1;layer=layera;table=jmp/placement/layera/objinfo;object=ShootingStar;factory=created_model_fallback;support_reason=direct_object_archive_model;common_path_id=-1;rail_info_attached=false;rail_path_row=-1;rail_point_count=0;rail_first_point=none;model_archive=ShootingStar;object_archive=/ObjectData/ShootingStar.arc)
[src/runtime/RuntimeContext.cpp:1532][APP - INFO] SMG semantic event name_obj_lifecycle:archive_request (object=ShootingStar;archive=ShootingStar;kind=object;loaded=true;disc_path=ShootingStar.arc)
[src/runtime/RuntimeContext.cpp:1532][APP - INFO] SMG semantic event name_obj_lifecycle:connect_to_scene (object=スターピーススター;kind=live_actor_model;movement=34;calc_anim=5;draw_buffer=8;draw_type=-1)
[src/runtime/RuntimeContext.cpp:1448][APP - INFO] Registered effect keeper スターピーススター group ShootingStar capacity 8
[src/runtime/RuntimeContext.cpp:1532][APP - INFO] SMG semantic event name_obj_lifecycle:construct (object=ShootingStar;actor=スターピーススター)
[src/runtime/RuntimeContext.cpp:1532][APP - INFO] SMG semantic event sequence:stage_host_constructed (host=ShootingStar;stage=PeachCastleGardenGalaxy)
[src/runtime/RuntimeContext.cpp:1532][APP - INFO] SMG semantic event name_obj_lifecycle:init_from_placement (object=スターピーススター;stage=PeachCastleGardenGalaxy;zone=PeachCastleGardenGalaxy;table=jmp/placement/layera/objinfo;row=9;l_id=27)
[src/runtime/RuntimeContext.cpp:1532][APP - INFO] SMG semantic event sequence:stage_host_initialized (host=ShootingStar;stage=PeachCastleGardenGalaxy)
[src/runtime/RuntimeContext.cpp:1532][APP - INFO] SMG semantic event placement:stage_object (stage=PeachCastleGardenGalaxy;zone=PeachCastleGardenGalaxy;zone_id=0;scenario=1;layer=layera;table=jmp/placement/layera/objinfo;object=ShootingStar;factory=created_model_fallback;support_reason=direct_object_archive_model;common_path_id=-1;rail_info_attached=false;rail_path_row=-1;rail_point_count=0;rail_first_point=none;model_archive=ShootingStar;object_archive=/ObjectData/ShootingStar.arc)
[src/runtime/RuntimeContext.cpp:1532][APP - INFO] SMG semantic event name_obj_lifecycle:archive_request (object=ShootingStar;archive=ShootingStar;kind=object;loaded=true;disc_path=ShootingStar.arc)
[src/runtime/RuntimeContext.cpp:1532][APP - INFO] SMG semantic event name_obj_lifecycle:connect_to_scene (object=スターピーススター;kind=live_actor_model;movement=34;calc_anim=5;draw_buffer=8;draw_type=-1)
[src/runtime/RuntimeContext.cpp:1448][APP - INFO] Registered effect keeper スターピーススター group ShootingStar capacity 8
[src/runtime/RuntimeContext.cpp:1532][APP - INFO] SMG semantic event name_obj_lifecycle:construct (object=ShootingStar;actor=スターピーススター)
[src/runtime/RuntimeContext.cpp:1532][APP - INFO] SMG semantic event sequence:stage_host_constructed (host=ShootingStar;stage=PeachCastleGardenGalaxy)
[src/runtime/RuntimeContext.cpp:1532][APP - INFO] SMG semantic event name_obj_lifecycle:init_from_placement (object=スターピーススター;stage=PeachCastleGardenGalaxy;zone=PeachCastleGardenGalaxy;table=jmp/placement/layera/objinfo;row=10;l_id=90)
[src/runtime/RuntimeContext.cpp:1532][APP - INFO] SMG semantic event sequence:stage_host_initialized (host=ShootingStar;stage=PeachCastleGardenGalaxy)
[src/runtime/RuntimeContext.cpp:1532][APP - INFO] SMG semantic event placement:stage_object (stage=PeachCastleGardenGalaxy;zone=PeachCastleGardenGalaxy;zone_id=0;scenario=1;layer=layera;table=jmp/placement/layera/objinfo;object=FlowerBlueGroup;factory=created_alias_model_fallback;support_reason=original_archive_model;common_path_id=-1;rail_info_attached=false;rail_path_row=-1;rail_point_count=0;rail_first_point=none;model_archive=FlowerBlue;object_archive=)
[src/runtime/RuntimeContext.cpp:1532][APP - INFO] SMG semantic event name_obj_lifecycle:archive_request (object=FlowerBlueGroup;archive=FlowerBlue;kind=object;loaded=true;disc_path=FlowerBlue.arc)
[src/runtime/RuntimeContext.cpp:1532][APP - INFO] SMG semantic event name_obj_lifecycle:connect_to_scene (object=青い花;kind=live_actor_model;movement=34;calc_anim=5;draw_buffer=8;draw_type=-1)
[src/runtime/RuntimeContext.cpp:1448][APP - INFO] Registered effect keeper 青い花 group FlowerBlue capacity 8
[src/runtime/RuntimeContext.cpp:1532][APP - INFO] SMG semantic event name_obj_lifecycle:construct (object=FlowerBlueGroup;actor=青い花)
[src/runtime/RuntimeContext.cpp:1532][APP - INFO] SMG semantic event sequence:stage_host_constructed (host=FlowerBlueGroup;stage=PeachCastleGardenGalaxy)
[src/runtime/RuntimeContext.cpp:1532][APP - INFO] SMG semantic event name_obj_lifecycle:init_from_placement (object=青い花;stage=PeachCastleGardenGalaxy;zone=PeachCastleGardenGalaxy;table=jmp/placement/layera/objinfo;row=11;l_id=176)
[src/runtime/RuntimeContext.cpp:1532][APP - INFO] SMG semantic event sequence:stage_host_initialized (host=FlowerBlueGroup;stage=PeachCastleGardenGalaxy)
[src/runtime/RuntimeContext.cpp:1532][APP - INFO] SMG semantic event placement:stage_object (stage=PeachCastleGardenGalaxy;zone=PeachCastleGardenGalaxy;zone_id=0;scenario=1;layer=layera;table=jmp/placement/layera/objinfo;object=FlowerBlueGroup;factory=created_alias_model_fallback;support_reason=original_archive_model;common_path_id=-1;rail_info_attached=false;rail_path_row=-1;rail_point_count=0;rail_first_point=none;model_archive=FlowerBlue;object_archive=)
[src/runtime/RuntimeContext.cpp:1532][APP - INFO] SMG semantic event name_obj_lifecycle:archive_request (object=FlowerBlueGroup;archive=FlowerBlue;kind=object;loaded=true;disc_path=FlowerBlue.arc)
[src/runtime/RuntimeContext.cpp:1532][APP - INFO] SMG semantic event name_obj_lifecycle:connect_to_scene (object=青い花;kind=live_actor_model;movement=34;calc_anim=5;draw_buffer=8;draw_type=-1)
[src/runtime/RuntimeContext.cpp:1448][APP - INFO] Registered effect keeper 青い花 group FlowerBlue capacity 8
[src/runtime/RuntimeContext.cpp:1532][APP - INFO] SMG semantic event name_obj_lifecycle:construct (object=FlowerBlueGroup;actor=青い花)
[src/runtime/RuntimeContext.cpp:1532][APP - INFO] SMG semantic event sequence:stage_host_constructed (host=FlowerBlueGroup;stage=PeachCastleGardenGalaxy)
[src/runtime/RuntimeContext.cpp:1532][APP - INFO] SMG semantic event name_obj_lifecycle:init_from_placement (object=青い花;stage=PeachCastleGardenGalaxy;zone=PeachCastleGardenGalaxy;table=jmp/placement/layera/objinfo;row=12;l_id=177)
[src/runtime/RuntimeContext.cpp:1532][APP - INFO] SMG semantic event sequence:stage_host_initialized (host=FlowerBlueGroup;stage=PeachCastleGardenGalaxy)
[src/runtime/RuntimeContext.cpp:1532][APP - INFO] SMG semantic event placement:stage_object (stage=PeachCastleGardenGalaxy;zone=PeachCastleGardenGalaxy;zone_id=0;scenario=1;layer=layera;table=jmp/placement/layera/objinfo;object=FlowerBlueGroup;factory=created_alias_model_fallback;support_reason=original_archive_model;common_path_id=-1;rail_info_attached=false;rail_path_row=-1;rail_point_count=0;rail_first_point=none;model_archive=FlowerBlue;object_archive=)
[src/runtime/RuntimeContext.cpp:1532][APP - INFO] SMG semantic event name_obj_lifecycle:archive_request (object=FlowerBlueGroup;archive=FlowerBlue;kind=object;loaded=true;disc_path=FlowerBlue.arc)
[src/runtime/RuntimeContext.cpp:1532][APP - INFO] SMG semantic event name_obj_lifecycle:connect_to_scene (object=青い花;kind=live_actor_model;movement=34;calc_anim=5;draw_buffer=8;draw_type=-1)
[src/runtime/RuntimeContext.cpp:1448][APP - INFO] Registered effect keeper 青い花 group FlowerBlue capacity 8
[src/runtime/RuntimeContext.cpp:1532][APP - INFO] SMG semantic event name_obj_lifecycle:construct (object=FlowerBlueGroup;actor=青い花)
[src/runtime/RuntimeContext.cpp:1532][APP - INFO] SMG semantic event sequence:stage_host_constructed (host=FlowerBlueGroup;stage=PeachCastleGardenGalaxy)
[src/runtime/RuntimeContext.cpp:1532][APP - INFO] SMG semantic event name_obj_lifecycle:init_from_placement (object=青い花;stage=PeachCastleGardenGalaxy;zone=PeachCastleGardenGalaxy;table=jmp/placement/layera/objinfo;row=13;l_id=178)
[src/runtime/RuntimeContext.cpp:1532][APP - INFO] SMG semantic event sequence:stage_host_initialized (host=FlowerBlueGroup;stage=PeachCastleGardenGalaxy)
[src/runtime/RuntimeContext.cpp:1532][APP - INFO] SMG semantic event placement:stage_object (stage=PeachCastleGardenGalaxy;zone=PeachCastleGardenGalaxy;zone_id=0;scenario=1;layer=layera;table=jmp/placement/layera/objinfo;object=FlowerBlueGroup;factory=created_alias_model_fallback;support_reason=original_archive_model;common_path_id=-1;rail_info_attached=false;rail_path_row=-1;rail_point_count=0;rail_first_point=none;model_archive=FlowerBlue;object_archive=)
[src/runtime/RuntimeContext.cpp:1532][APP - INFO] SMG semantic event name_obj_lifecycle:archive_request (object=FlowerBlueGroup;archive=FlowerBlue;kind=object;loaded=true;disc_path=FlowerBlue.arc)
[src/runtime/RuntimeContext.cpp:1532][APP - INFO] SMG semantic event name_obj_lifecycle:connect_to_scene (object=青い花;kind=live_actor_model;movement=34;calc_anim=5;draw_buffer=8;draw_type=-1)
[src/runtime/RuntimeContext.cpp:1448][APP - INFO] Registered effect keeper 青い花 group FlowerBlue capacity 8
[src/runtime/RuntimeContext.cpp:1532][APP - INFO] SMG semantic event name_obj_lifecycle:construct (object=FlowerBlueGroup;actor=青い花)
[src/runtime/RuntimeContext.cpp:1532][APP - INFO] SMG semantic event sequence:stage_host_constructed (host=FlowerBlueGroup;stage=PeachCastleGardenGalaxy)
[src/runtime/RuntimeContext.cpp:1532][APP - INFO] SMG semantic event name_obj_lifecycle:init_from_placement (object=青い花;stage=PeachCastleGardenGalaxy;zone=PeachCastleGardenGalaxy;table=jmp/placement/layera/objinfo;row=14;l_id=179)
[src/runtime/RuntimeContext.cpp:1532][APP - INFO] SMG semantic event sequence:stage_host_initialized (host=FlowerBlueGroup;stage=PeachCastleGardenGalaxy)
[src/runtime/RuntimeContext.cpp:1532][APP - INFO] SMG semantic event placement:stage_object (stage=PeachCastleGardenGalaxy;zone=PeachCastleGardenGalaxy;zone_id=0;scenario=1;layer=layera;table=jmp/placement/layera/objinfo;object=FlowerGroup;factory=created_alias_model_fallback;support_reason=original_archive_model;common_path_id=-1;rail_info_attached=false;rail_path_row=-1;rail_point_count=0;rail_first_point=none;model_archive=Flower;object_archive=)
[src/runtime/RuntimeContext.cpp:1532][APP - INFO] SMG semantic event name_obj_lifecycle:archive_request (object=FlowerGroup;archive=Flower;kind=object;loaded=true;disc_path=Flower.arc)
[src/runtime/RuntimeContext.cpp:1532][APP - INFO] SMG semantic event name_obj_lifecycle:connect_to_scene (object=花;kind=live_actor_model;movement=34;calc_anim=5;draw_buffer=8;draw_type=-1)
[src/runtime/RuntimeContext.cpp:1448][APP - INFO] Registered effect keeper 花 group Flower capacity 8
[src/runtime/RuntimeContext.cpp:1532][APP - INFO] SMG semantic event name_obj_lifecycle:construct (object=FlowerGroup;actor=花)
[src/runtime/RuntimeContext.cpp:1532][APP - INFO] SMG semantic event sequence:stage_host_constructed (host=FlowerGroup;stage=PeachCastleGardenGalaxy)
[src/runtime/RuntimeContext.cpp:1532][APP - INFO] SMG semantic event name_obj_lifecycle:init_from_placement (object=花;stage=PeachCastleGardenGalaxy;zone=PeachCastleGardenGalaxy;table=jmp/placement/layera/objinfo;row=15;l_id=46)
[src/runtime/RuntimeContext.cpp:1532][APP - INFO] SMG semantic event sequence:stage_host_initialized (host=FlowerGroup;stage=PeachCastleGardenGalaxy)
[src/runtime/RuntimeContext.cpp:1532][APP - INFO] SMG semantic event placement:stage_object (stage=PeachCastleGardenGalaxy;zone=PeachCastleGardenGalaxy;zone_id=0;scenario=1;layer=layera;table=jmp/placement/layera/objinfo;object=FlowerGroup;factory=created_alias_model_fallback;support_reason=original_archive_model;common_path_id=-1;rail_info_attached=false;rail_path_row=-1;rail_point_count=0;rail_first_point=none;model_archive=Flower;object_archive=)
[src/runtime/RuntimeContext.cpp:1532][APP - INFO] SMG semantic event name_obj_lifecycle:archive_request (object=FlowerGroup;archive=Flower;kind=object;loaded=true;disc_path=Flower.arc)
[src/runtime/RuntimeContext.cpp:1532][APP - INFO] SMG semantic event name_obj_lifecycle:connect_to_scene (object=花;kind=live_actor_model;movement=34;calc_anim=5;draw_buffer=8;draw_type=-1)
[src/runtime/RuntimeContext.cpp:1448][APP - INFO] Registered effect keeper 花 group Flower capacity 8
[src/runtime/RuntimeContext.cpp:1532][APP - INFO] SMG semantic event name_obj_lifecycle:construct (object=FlowerGroup;actor=花)
[src/runtime/RuntimeContext.cpp:1532][APP - INFO] SMG semantic event sequence:stage_host_constructed (host=FlowerGroup;stage=PeachCastleGardenGalaxy)
[src/runtime/RuntimeContext.cpp:1532][APP - INFO] SMG semantic event name_obj_lifecycle:init_from_placement (object=花;stage=PeachCastleGardenGalaxy;zone=PeachCastleGardenGalaxy;table=jmp/placement/layera/objinfo;row=16;l_id=49)
[src/runtime/RuntimeContext.cpp:1532][APP - INFO] SMG semantic event sequence:stage_host_initialized (host=FlowerGroup;stage=PeachCastleGardenGalaxy)
[src/runtime/RuntimeContext.cpp:1532][APP - INFO] SMG semantic event placement:stage_object (stage=PeachCastleGardenGalaxy;zone=PeachCastleGardenGalaxy;zone_id=0;scenario=1;layer=layera;table=jmp/placement/layera/objinfo;object=FlowerGroup;factory=created_alias_model_fallback;support_reason=original_archive_model;common_path_id=-1;rail_info_attached=false;rail_path_row=-1;rail_point_count=0;rail_first_point=none;model_archive=Flower;object_archive=)
[src/runtime/RuntimeContext.cpp:1532][APP - INFO] SMG semantic event name_obj_lifecycle:archive_request (object=FlowerGroup;archive=Flower;kind=object;loaded=true;disc_path=Flower.arc)
[src/runtime/RuntimeContext.cpp:1532][APP - INFO] SMG semantic event name_obj_lifecycle:connect_to_scene (object=花;kind=live_actor_model;movement=34;calc_anim=5;draw_buffer=8;draw_type=-1)
[src/runtime/RuntimeContext.cpp:1448][APP - INFO] Registered effect keeper 花 group Flower capacity 8
[src/runtime/RuntimeContext.cpp:1532][APP - INFO] SMG semantic event name_obj_lifecycle:construct (object=FlowerGroup;actor=花)
[src/runtime/RuntimeContext.cpp:1532][APP - INFO] SMG semantic event sequence:stage_host_constructed (host=FlowerGroup;stage=PeachCastleGardenGalaxy)
[src/runtime/RuntimeContext.cpp:1532][APP - INFO] SMG semantic event name_obj_lifecycle:init_from_placement (object=花;stage=PeachCastleGardenGalaxy;zone=PeachCastleGardenGalaxy;table=jmp/placement/layera/objinfo;row=17;l_id=50)
[src/runtime/RuntimeContext.cpp:1532][APP - INFO] SMG semantic event sequence:stage_host_initialized (host=FlowerGroup;stage=PeachCastleGardenGalaxy)
[src/runtime/RuntimeContext.cpp:1532][APP - INFO] SMG semantic event placement:stage_object (stage=PeachCastleGardenGalaxy;zone=PeachCastleGardenGalaxy;zone_id=0;scenario=1;layer=layera;table=jmp/placement/layera/objinfo;object=FlowerGroup;factory=created_alias_model_fallback;support_reason=original_archive_model;common_path_id=-1;rail_info_attached=false;rail_path_row=-1;rail_point_count=0;rail_first_point=none;model_archive=Flower;object_archive=)
[src/runtime/RuntimeContext.cpp:1532][APP - INFO] SMG semantic event name_obj_lifecycle:archive_request (object=FlowerGroup;archive=Flower;kind=object;loaded=true;disc_path=Flower.arc)
[src/runtime/RuntimeContext.cpp:1532][APP - INFO] SMG semantic event name_obj_lifecycle:connect_to_scene (object=花;kind=live_actor_model;movement=34;calc_anim=5;draw_buffer=8;draw_type=-1)
[src/runtime/RuntimeContext.cpp:1448][APP - INFO] Registered effect keeper 花 group Flower capacity 8
[src/runtime/RuntimeContext.cpp:1532][APP - INFO] SMG semantic event name_obj_lifecycle:construct (object=FlowerGroup;actor=花)
[src/runtime/RuntimeContext.cpp:1532][APP - INFO] SMG semantic event sequence:stage_host_constructed (host=FlowerGroup;stage=PeachCastleGardenGalaxy)
[src/runtime/RuntimeContext.cpp:1532][APP - INFO] SMG semantic event name_obj_lifecycle:init_from_placement (object=花;stage=PeachCastleGardenGalaxy;zone=PeachCastleGardenGalaxy;table=jmp/placement/layera/objinfo;row=18;l_id=54)
[src/runtime/RuntimeContext.cpp:1532][APP - INFO] SMG semantic event sequence:stage_host_initialized (host=FlowerGroup;stage=PeachCastleGardenGalaxy)
[src/runtime/RuntimeContext.cpp:1532][APP - INFO] SMG semantic event placement:stage_object (stage=PeachCastleGardenGalaxy;zone=PeachCastleGardenGalaxy;zone_id=0;scenario=1;layer=layera;table=jmp/placement/layera/objinfo;object=FlowerGroup;factory=created_alias_model_fallback;support_reason=original_archive_model;common_path_id=-1;rail_info_attached=false;rail_path_row=-1;rail_point_count=0;rail_first_point=none;model_archive=Flower;object_archive=)
[src/runtime/RuntimeContext.cpp:1532][APP - INFO] SMG semantic event name_obj_lifecycle:archive_request (object=FlowerGroup;archive=Flower;kind=object;loaded=true;disc_path=Flower.arc)
[src/runtime/RuntimeContext.cpp:1532][APP - INFO] SMG semantic event name_obj_lifecycle:connect_to_scene (object=花;kind=live_actor_model;movement=34;calc_anim=5;draw_buffer=8;draw_type=-1)
[src/runtime/RuntimeContext.cpp:1448][APP - INFO] Registered effect keeper 花 group Flower capacity 8
[src/runtime/RuntimeContext.cpp:1532][APP - INFO] SMG semantic event name_obj_lifecycle:construct (object=FlowerGroup;actor=花)
[src/runtime/RuntimeContext.cpp:1532][APP - INFO] SMG semantic event sequence:stage_host_constructed (host=FlowerGroup;stage=PeachCastleGardenGalaxy)
[src/runtime/RuntimeContext.cpp:1532][APP - INFO] SMG semantic event name_obj_lifecycle:init_from_placement (object=花;stage=PeachCastleGardenGalaxy;zone=PeachCastleGardenGalaxy;table=jmp/placement/layera/objinfo;row=19;l_id=70)
[src/runtime/RuntimeContext.cpp:1532][APP - INFO] SMG semantic event sequence:stage_host_initialized (host=FlowerGroup;stage=PeachCastleGardenGalaxy)
[src/runtime/RuntimeContext.cpp:1532][APP - INFO] SMG semantic event placement:stage_object (stage=PeachCastleGardenGalaxy;zone=PeachCastleGardenGalaxy;zone_id=0;scenario=1;layer=layera;table=jmp/placement/layera/objinfo;object=FlowerGroup;factory=created_alias_model_fallback;support_reason=original_archive_model;common_path_id=-1;rail_info_attached=false;rail_path_row=-1;rail_point_count=0;rail_first_point=none;model_archive=Flower;object_archive=)
[src/runtime/RuntimeContext.cpp:1532][APP - INFO] SMG semantic event name_obj_lifecycle:archive_request (object=FlowerGroup;archive=Flower;kind=object;loaded=true;disc_path=Flower.arc)
[src/runtime/RuntimeContext.cpp:1532][APP - INFO] SMG semantic event name_obj_lifecycle:connect_to_scene (object=花;kind=live_actor_model;movement=34;calc_anim=5;draw_buffer=8;draw_type=-1)
[src/runtime/RuntimeContext.cpp:1448][APP - INFO] Registered effect keeper 花 group Flower capacity 8
[src/runtime/RuntimeContext.cpp:1532][APP - INFO] SMG semantic event name_obj_lifecycle:construct (object=FlowerGroup;actor=花)
[src/runtime/RuntimeContext.cpp:1532][APP - INFO] SMG semantic event sequence:stage_host_constructed (host=FlowerGroup;stage=PeachCastleGardenGalaxy)
[src/runtime/RuntimeContext.cpp:1532][APP - INFO] SMG semantic event name_obj_lifecycle:init_from_placement (object=花;stage=PeachCastleGardenGalaxy;zone=PeachCastleGardenGalaxy;table=jmp/placement/layera/objinfo;row=20;l_id=71)
[src/runtime/RuntimeContext.cpp:1532][APP - INFO] SMG semantic event sequence:stage_host_initialized (host=FlowerGroup;stage=PeachCastleGardenGalaxy)
[src/runtime/RuntimeContext.cpp:1532][APP - INFO] SMG semantic event placement:stage_object (stage=PeachCastleGardenGalaxy;zone=PeachCastleGardenGalaxy;zone_id=0;scenario=1;layer=layera;table=jmp/placement/layera/objinfo;object=FlowerGroup;factory=created_alias_model_fallback;support_reason=original_archive_model;common_path_id=-1;rail_info_attached=false;rail_path_row=-1;rail_point_count=0;rail_first_point=none;model_archive=Flower;object_archive=)
[src/runtime/RuntimeContext.cpp:1532][APP - INFO] SMG semantic event name_obj_lifecycle:archive_request (object=FlowerGroup;archive=Flower;kind=object;loaded=true;disc_path=Flower.arc)
[src/runtime/RuntimeContext.cpp:1532][APP - INFO] SMG semantic event name_obj_lifecycle:connect_to_scene (object=花;kind=live_actor_model;movement=34;calc_anim=5;draw_buffer=8;draw_type=-1)
[src/runtime/RuntimeContext.cpp:1448][APP - INFO] Registered effect keeper 花 group Flower capacity 8
[src/runtime/RuntimeContext.cpp:1532][APP - INFO] SMG semantic event name_obj_lifecycle:construct (object=FlowerGroup;actor=花)
[src/runtime/RuntimeContext.cpp:1532][APP - INFO] SMG semantic event sequence:stage_host_constructed (host=FlowerGroup;stage=PeachCastleGardenGalaxy)
[src/runtime/RuntimeContext.cpp:1532][APP - INFO] SMG semantic event name_obj_lifecycle:init_from_placement (object=花;stage=PeachCastleGardenGalaxy;zone=PeachCastleGardenGalaxy;table=jmp/placement/layera/objinfo;row=21;l_id=171)
[src/runtime/RuntimeContext.cpp:1532][APP - INFO] SMG semantic event sequence:stage_host_initialized (host=FlowerGroup;stage=PeachCastleGardenGalaxy)
[src/runtime/RuntimeContext.cpp:1532][APP - INFO] SMG semantic event placement:stage_object (stage=PeachCastleGardenGalaxy;zone=PeachCastleGardenGalaxy;zone_id=0;scenario=1;layer=layera;table=jmp/placement/layera/objinfo;object=FlowerGroup;factory=created_alias_model_fallback;support_reason=original_archive_model;common_path_id=-1;rail_info_attached=false;rail_path_row=-1;rail_point_count=0;rail_first_point=none;model_archive=Flower;object_archive=)
[src/runtime/RuntimeContext.cpp:1532][APP - INFO] SMG semantic event name_obj_lifecycle:archive_request (object=FlowerGroup;archive=Flower;kind=object;loaded=true;disc_path=Flower.arc)
[src/runtime/RuntimeContext.cpp:1532][APP - INFO] SMG semantic event name_obj_lifecycle:connect_to_scene (object=花;kind=live_actor_model;movement=34;calc_anim=5;draw_buffer=8;draw_type=-1)
[src/runtime/RuntimeContext.cpp:1448][APP - INFO] Registered effect keeper 花 group Flower capacity 8
[src/runtime/RuntimeContext.cpp:1532][APP - INFO] SMG semantic event name_obj_lifecycle:construct (object=FlowerGroup;actor=花)
[src/runtime/RuntimeContext.cpp:1532][APP - INFO] SMG semantic event sequence:stage_host_constructed (host=FlowerGroup;stage=PeachCastleGardenGalaxy)
[src/runtime/RuntimeContext.cpp:1532][APP - INFO] SMG semantic event name_obj_lifecycle:init_from_placement (object=花;stage=PeachCastleGardenGalaxy;zone=PeachCastleGardenGalaxy;table=jmp/placement/layera/objinfo;row=22;l_id=172)
[src/runtime/RuntimeContext.cpp:1532][APP - INFO] SMG semantic event sequence:stage_host_initialized (host=FlowerGroup;stage=PeachCastleGardenGalaxy)
[src/runtime/RuntimeContext.cpp:1532][APP - INFO] SMG semantic event placement:stage_object (stage=PeachCastleGardenGalaxy;zone=PeachCastleGardenGalaxy;zone_id=0;scenario=1;layer=layera;table=jmp/placement/layera/objinfo;object=FlowerGroup;factory=created_alias_model_fallback;support_reason=original_archive_model;common_path_id=-1;rail_info_attached=false;rail_path_row=-1;rail_point_count=0;rail_first_point=none;model_archive=Flower;object_archive=)
[src/runtime/RuntimeContext.cpp:1532][APP - INFO] SMG semantic event name_obj_lifecycle:archive_request (object=FlowerGroup;archive=Flower;kind=object;loaded=true;disc_path=Flower.arc)
[src/runtime/RuntimeContext.cpp:1532][APP - INFO] SMG semantic event name_obj_lifecycle:connect_to_scene (object=花;kind=live_actor_model;movement=34;calc_anim=5;draw_buffer=8;draw_type=-1)
[src/runtime/RuntimeContext.cpp:1448][APP - INFO] Registered effect keeper 花 group Flower capacity 8
[src/runtime/RuntimeContext.cpp:1532][APP - INFO] SMG semantic event name_obj_lifecycle:construct (object=FlowerGroup;actor=花)
[src/runtime/RuntimeContext.cpp:1532][APP - INFO] SMG semantic event sequence:stage_host_constructed (host=FlowerGroup;stage=PeachCastleGardenGalaxy)
[src/runtime/RuntimeContext.cpp:1532][APP - INFO] SMG semantic event name_obj_lifecycle:init_from_placement (object=花;stage=PeachCastleGardenGalaxy;zone=PeachCastleGardenGalaxy;table=jmp/placement/layera/objinfo;row=23;l_id=173)
[src/runtime/RuntimeContext.cpp:1532][APP - INFO] SMG semantic event sequence:stage_host_initialized (host=FlowerGroup;stage=PeachCastleGardenGalaxy)
[src/runtime/RuntimeContext.cpp:1532][APP - INFO] SMG semantic event placement:stage_object (stage=PeachCastleGardenGalaxy;zone=PeachCastleGardenGalaxy;zone_id=0;scenario=1;layer=layera;table=jmp/placement/layera/objinfo;object=FlowerGroup;factory=created_alias_model_fallback;support_reason=original_archive_model;common_path_id=-1;rail_info_attached=false;rail_path_row=-1;rail_point_count=0;rail_first_point=none;model_archive=Flower;object_archive=)
[src/runtime/RuntimeContext.cpp:1532][APP - INFO] SMG semantic event name_obj_lifecycle:archive_request (object=FlowerGroup;archive=Flower;kind=object;loaded=true;disc_path=Flower.arc)
[src/runtime/RuntimeContext.cpp:1532][APP - INFO] SMG semantic event name_obj_lifecycle:connect_to_scene (object=花;kind=live_actor_model;movement=34;calc_anim=5;draw_buffer=8;draw_type=-1)
[src/runtime/RuntimeContext.cpp:1448][APP - INFO] Registered effect keeper 花 group Flower capacity 8
[src/runtime/RuntimeContext.cpp:1532][APP - INFO] SMG semantic event name_obj_lifecycle:construct (object=FlowerGroup;actor=花)
[src/runtime/RuntimeContext.cpp:1532][APP - INFO] SMG semantic event sequence:stage_host_constructed (host=FlowerGroup;stage=PeachCastleGardenGalaxy)
[src/runtime/RuntimeContext.cpp:1532][APP - INFO] SMG semantic event name_obj_lifecycle:init_from_placement (object=花;stage=PeachCastleGardenGalaxy;zone=PeachCastleGardenGalaxy;table=jmp/placement/layera/objinfo;row=24;l_id=174)
[src/runtime/RuntimeContext.cpp:1532][APP - INFO] SMG semantic event sequence:stage_host_initialized (host=FlowerGroup;stage=PeachCastleGardenGalaxy)
[src/runtime/RuntimeContext.cpp:1532][APP - INFO] SMG semantic event placement:stage_object (stage=PeachCastleGardenGalaxy;zone=PeachCastleGardenGalaxy;zone_id=0;scenario=1;layer=layera;table=jmp/placement/layera/objinfo;object=FlowerGroup;factory=created_alias_model_fallback;support_reason=original_archive_model;common_path_id=-1;rail_info_attached=false;rail_path_row=-1;rail_point_count=0;rail_first_point=none;model_archive=Flower;object_archive=)
[src/runtime/RuntimeContext.cpp:1532][APP - INFO] SMG semantic event name_obj_lifecycle:archive_request (object=FlowerGroup;archive=Flower;kind=object;loaded=true;disc_path=Flower.arc)
[src/runtime/RuntimeContext.cpp:1532][APP - INFO] SMG semantic event name_obj_lifecycle:connect_to_scene (object=花;kind=live_actor_model;movement=34;calc_anim=5;draw_buffer=8;draw_type=-1)
[src/runtime/RuntimeContext.cpp:1448][APP - INFO] Registered effect keeper 花 group Flower capacity 8
[src/runtime/RuntimeContext.cpp:1532][APP - INFO] SMG semantic event name_obj_lifecycle:construct (object=FlowerGroup;actor=花)
[src/runtime/RuntimeContext.cpp:1532][APP - INFO] SMG semantic event sequence:stage_host_constructed (host=FlowerGroup;stage=PeachCastleGardenGalaxy)
[src/runtime/RuntimeContext.cpp:1532][APP - INFO] SMG semantic event name_obj_lifecycle:init_from_placement (object=花;stage=PeachCastleGardenGalaxy;zone=PeachCastleGardenGalaxy;table=jmp/placement/layera/objinfo;row=25;l_id=175)
[src/runtime/RuntimeContext.cpp:1532][APP - INFO] SMG semantic event sequence:stage_host_initialized (host=FlowerGroup;stage=PeachCastleGardenGalaxy)
[src/runtime/RuntimeContext.cpp:1532][APP - INFO] SMG semantic event placement:stage_object (stage=PeachCastleGardenGalaxy;zone=PeachCastleGardenGalaxy;zone_id=0;scenario=1;layer=layera;table=jmp/placement/layera/objinfo;object=Kinopio;factory=created_model_fallback;support_reason=direct_object_archive_model;common_path_id=-1;rail_info_attached=false;rail_path_row=-1;rail_point_count=0;rail_first_point=none;model_archive=Kinopio;object_archive=/ObjectData/Kinopio.arc)
[src/runtime/RuntimeContext.cpp:1532][APP - INFO] SMG semantic event name_obj_lifecycle:archive_request (object=Kinopio;archive=Kinopio;kind=object;loaded=true;disc_path=Kinopio.arc)
[src/runtime/RuntimeContext.cpp:1532][APP - INFO] SMG semantic event name_obj_lifecycle:archive_request (object=Kinopio;archive=KinopioMiddle;kind=object;loaded=true;disc_path=KinopioMiddle.arc)
[src/runtime/RuntimeContext.cpp:1532][APP - INFO] SMG semantic event name_obj_lifecycle:archive_request (object=Kinopio;archive=KinopioLow;kind=object;loaded=true;disc_path=KinopioLow.arc)
[src/runtime/RuntimeContext.cpp:1532][APP - INFO] SMG semantic event name_obj_lifecycle:connect_to_scene (object=キノピオ;kind=live_actor_model;movement=34;calc_anim=5;draw_buffer=8;draw_type=-1)
[src/runtime/RuntimeContext.cpp:1448][APP - INFO] Registered effect keeper キノピオ group Kinopio capacity 8
[src/runtime/RuntimeContext.cpp:1532][APP - INFO] SMG semantic event name_obj_lifecycle:construct (object=Kinopio;actor=キノピオ)
[src/runtime/RuntimeContext.cpp:1532][APP - INFO] SMG semantic event sequence:stage_host_constructed (host=Kinopio;stage=PeachCastleGardenGalaxy)
[src/runtime/RuntimeContext.cpp:1532][APP - INFO] SMG semantic event name_obj_lifecycle:init_from_placement (object=キノピオ;stage=PeachCastleGardenGalaxy;zone=PeachCastleGardenGalaxy;table=jmp/placement/layera/objinfo;row=26;l_id=28)
[src/runtime/RuntimeContext.cpp:1532][APP - INFO] SMG semantic event sequence:stage_host_initialized (host=Kinopio;stage=PeachCastleGardenGalaxy)
[src/runtime/RuntimeContext.cpp:1532][APP - INFO] SMG semantic event placement:stage_object (stage=PeachCastleGardenGalaxy;zone=PeachCastleGardenGalaxy;zone_id=0;scenario=1;layer=layera;table=jmp/placement/layera/objinfo;object=Kinopio;factory=created_model_fallback;support_reason=direct_object_archive_model;common_path_id=31;rail_info_attached=true;rail_path_row=20;rail_point_count=3;rail_first_point=10695.255859,1479.013062,10113.105469;model_archive=Kinopio;object_archive=/ObjectData/Kinopio.arc)
[src/runtime/RuntimeContext.cpp:1532][APP - INFO] SMG semantic event name_obj_lifecycle:archive_request (object=Kinopio;archive=Kinopio;kind=object;loaded=true;disc_path=Kinopio.arc)
[src/runtime/RuntimeContext.cpp:1532][APP - INFO] SMG semantic event name_obj_lifecycle:archive_request (object=Kinopio;archive=KinopioMiddle;kind=object;loaded=true;disc_path=KinopioMiddle.arc)
[src/runtime/RuntimeContext.cpp:1532][APP - INFO] SMG semantic event name_obj_lifecycle:archive_request (object=Kinopio;archive=KinopioLow;kind=object;loaded=true;disc_path=KinopioLow.arc)
[src/runtime/RuntimeContext.cpp:1532][APP - INFO] SMG semantic event name_obj_lifecycle:connect_to_scene (object=キノピオ;kind=live_actor_model;movement=34;calc_anim=5;draw_buffer=8;draw_type=-1)
[src/runtime/RuntimeContext.cpp:1448][APP - INFO] Registered effect keeper キノピオ group Kinopio capacity 8
[src/runtime/RuntimeContext.cpp:1532][APP - INFO] SMG semantic event name_obj_lifecycle:construct (object=Kinopio;actor=キノピオ)
[src/runtime/RuntimeContext.cpp:1532][APP - INFO] SMG semantic event sequence:stage_host_constructed (host=Kinopio;stage=PeachCastleGardenGalaxy)
[src/runtime/RuntimeContext.cpp:1532][APP - INFO] SMG semantic event name_obj_lifecycle:init_from_placement (object=キノピオ;stage=PeachCastleGardenGalaxy;zone=PeachCastleGardenGalaxy;table=jmp/placement/layera/objinfo;row=27;l_id=29)
[src/runtime/RuntimeContext.cpp:1532][APP - INFO] SMG semantic event sequence:stage_host_initialized (host=Kinopio;stage=PeachCastleGardenGalaxy)
[src/runtime/RuntimeContext.cpp:1532][APP - INFO] SMG semantic event placement:stage_object (stage=PeachCastleGardenGalaxy;zone=PeachCastleGardenGalaxy;zone_id=0;scenario=1;layer=layera;table=jmp/placement/layera/objinfo;object=Kinopio;factory=created_model_fallback;support_reason=direct_object_archive_model;common_path_id=-1;rail_info_attached=false;rail_path_row=-1;rail_point_count=0;rail_first_point=none;model_archive=Kinopio;object_archive=/ObjectData/Kinopio.arc)
[src/runtime/RuntimeContext.cpp:1532][APP - INFO] SMG semantic event name_obj_lifecycle:archive_request (object=Kinopio;archive=Kinopio;kind=object;loaded=true;disc_path=Kinopio.arc)
[src/runtime/RuntimeContext.cpp:1532][APP - INFO] SMG semantic event name_obj_lifecycle:archive_request (object=Kinopio;archive=KinopioMiddle;kind=object;loaded=true;disc_path=KinopioMiddle.arc)
[src/runtime/RuntimeContext.cpp:1532][APP - INFO] SMG semantic event name_obj_lifecycle:archive_request (object=Kinopio;archive=KinopioLow;kind=object;loaded=true;disc_path=KinopioLow.arc)
[src/runtime/RuntimeContext.cpp:1532][APP - INFO] SMG semantic event name_obj_lifecycle:connect_to_scene (object=キノピオ;kind=live_actor_model;movement=34;calc_anim=5;draw_buffer=8;draw_type=-1)
[src/runtime/RuntimeContext.cpp:1448][APP - INFO] Registered effect keeper キノピオ group Kinopio capacity 8
[src/runtime/RuntimeContext.cpp:1532][APP - INFO] SMG semantic event name_obj_lifecycle:construct (object=Kinopio;actor=キノピオ)
[src/runtime/RuntimeContext.cpp:1532][APP - INFO] SMG semantic event sequence:stage_host_constructed (host=Kinopio;stage=PeachCastleGardenGalaxy)
[src/runtime/RuntimeContext.cpp:1532][APP - INFO] SMG semantic event name_obj_lifecycle:init_from_placement (object=キノピオ;stage=PeachCastleGardenGalaxy;zone=PeachCastleGardenGalaxy;table=jmp/placement/layera/objinfo;row=28;l_id=31)
[src/runtime/RuntimeContext.cpp:1532][APP - INFO] SMG semantic event sequence:stage_host_initialized (host=Kinopio;stage=PeachCastleGardenGalaxy)
[src/runtime/RuntimeContext.cpp:1532][APP - INFO] SMG semantic event placement:stage_object (stage=PeachCastleGardenGalaxy;zone=PeachCastleGardenGalaxy;zone_id=0;scenario=1;layer=layera;table=jmp/placement/layera/objinfo;object=Kinopio;factory=created_model_fallback;support_reason=direct_object_archive_model;common_path_id=-1;rail_info_attached=false;rail_path_row=-1;rail_point_count=0;rail_first_point=none;model_archive=Kinopio;object_archive=/ObjectData/Kinopio.arc)
[src/runtime/RuntimeContext.cpp:1532][APP - INFO] SMG semantic event name_obj_lifecycle:archive_request (object=Kinopio;archive=Kinopio;kind=object;loaded=true;disc_path=Kinopio.arc)
[src/runtime/RuntimeContext.cpp:1532][APP - INFO] SMG semantic event name_obj_lifecycle:archive_request (object=Kinopio;archive=KinopioMiddle;kind=object;loaded=true;disc_path=KinopioMiddle.arc)
[src/runtime/RuntimeContext.cpp:1532][APP - INFO] SMG semantic event name_obj_lifecycle:archive_request (object=Kinopio;archive=KinopioLow;kind=object;loaded=true;disc_path=KinopioLow.arc)
[src/runtime/RuntimeContext.cpp:1532][APP - INFO] SMG semantic event name_obj_lifecycle:connect_to_scene (object=キノピオ;kind=live_actor_model;movement=34;calc_anim=5;draw_buffer=8;draw_type=-1)
[src/runtime/RuntimeContext.cpp:1448][APP - INFO] Registered effect keeper キノピオ group Kinopio capacity 8
[src/runtime/RuntimeContext.cpp:1532][APP - INFO] SMG semantic event name_obj_lifecycle:construct (object=Kinopio;actor=キノピオ)
[src/runtime/RuntimeContext.cpp:1532][APP - INFO] SMG semantic event sequence:stage_host_constructed (host=Kinopio;stage=PeachCastleGardenGalaxy)
[src/runtime/RuntimeContext.cpp:1532][APP - INFO] SMG semantic event name_obj_lifecycle:init_from_placement (object=キノピオ;stage=PeachCastleGardenGalaxy;zone=PeachCastleGardenGalaxy;table=jmp/placement/layera/objinfo;row=29;l_id=34)
[src/runtime/RuntimeContext.cpp:1532][APP - INFO] SMG semantic event sequence:stage_host_initialized (host=Kinopio;stage=PeachCastleGardenGalaxy)
[src/runtime/RuntimeContext.cpp:1532][APP - INFO] SMG semantic event placement:stage_object (stage=PeachCastleGardenGalaxy;zone=PeachCastleGardenGalaxy;zone_id=0;scenario=1;layer=layera;table=jmp/placement/layera/objinfo;object=Kinopio;factory=created_model_fallback;support_reason=direct_object_archive_model;common_path_id=-1;rail_info_attached=false;rail_path_row=-1;rail_point_count=0;rail_first_point=none;model_archive=Kinopio;object_archive=/ObjectData/Kinopio.arc)
[src/runtime/RuntimeContext.cpp:1532][APP - INFO] SMG semantic event name_obj_lifecycle:archive_request (object=Kinopio;archive=Kinopio;kind=object;loaded=true;disc_path=Kinopio.arc)
[src/runtime/RuntimeContext.cpp:1532][APP - INFO] SMG semantic event name_obj_lifecycle:archive_request (object=Kinopio;archive=KinopioMiddle;kind=object;loaded=true;disc_path=KinopioMiddle.arc)
[src/runtime/RuntimeContext.cpp:1532][APP - INFO] SMG semantic event name_obj_lifecycle:archive_request (object=Kinopio;archive=KinopioLow;kind=object;loaded=true;disc_path=KinopioLow.arc)
[src/runtime/RuntimeContext.cpp:1532][APP - INFO] SMG semantic event name_obj_lifecycle:connect_to_scene (object=キノピオ;kind=live_actor_model;movement=34;calc_anim=5;draw_buffer=8;draw_type=-1)
[src/runtime/RuntimeContext.cpp:1448][APP - INFO] Registered effect keeper キノピオ group Kinopio capacity 8
[src/runtime/RuntimeContext.cpp:1532][APP - INFO] SMG semantic event name_obj_lifecycle:construct (object=Kinopio;actor=キノピオ)
[src/runtime/RuntimeContext.cpp:1532][APP - INFO] SMG semantic event sequence:stage_host_constructed (host=Kinopio;stage=PeachCastleGardenGalaxy)
[src/runtime/RuntimeContext.cpp:1532][APP - INFO] SMG semantic event name_obj_lifecycle:init_from_placement (object=キノピオ;stage=PeachCastleGardenGalaxy;zone=PeachCastleGardenGalaxy;table=jmp/placement/layera/objinfo;row=30;l_id=35)
[src/runtime/RuntimeContext.cpp:1532][APP - INFO] SMG semantic event sequence:stage_host_initialized (host=Kinopio;stage=PeachCastleGardenGalaxy)
[src/runtime/RuntimeContext.cpp:1532][APP - INFO] SMG semantic event placement:stage_object (stage=PeachCastleGardenGalaxy;zone=PeachCastleGardenGalaxy;zone_id=0;scenario=1;layer=layera;table=jmp/placement/layera/objinfo;object=Kinopio;factory=created_model_fallback;support_reason=direct_object_archive_model;common_path_id=-1;rail_info_attached=false;rail_path_row=-1;rail_point_count=0;rail_first_point=none;model_archive=Kinopio;object_archive=/ObjectData/Kinopio.arc)
[src/runtime/RuntimeContext.cpp:1532][APP - INFO] SMG semantic event name_obj_lifecycle:archive_request (object=Kinopio;archive=Kinopio;kind=object;loaded=true;disc_path=Kinopio.arc)
[src/runtime/RuntimeContext.cpp:1532][APP - INFO] SMG semantic event name_obj_lifecycle:archive_request (object=Kinopio;archive=KinopioMiddle;kind=object;loaded=true;disc_path=KinopioMiddle.arc)
[src/runtime/RuntimeContext.cpp:1532][APP - INFO] SMG semantic event name_obj_lifecycle:archive_request (object=Kinopio;archive=KinopioLow;kind=object;loaded=true;disc_path=KinopioLow.arc)
[src/runtime/RuntimeContext.cpp:1532][APP - INFO] SMG semantic event name_obj_lifecycle:connect_to_scene (object=キノピオ;kind=live_actor_model;movement=34;calc_anim=5;draw_buffer=8;draw_type=-1)
[src/runtime/RuntimeContext.cpp:1448][APP - INFO] Registered effect keeper キノピオ group Kinopio capacity 8
[src/runtime/RuntimeContext.cpp:1532][APP - INFO] SMG semantic event name_obj_lifecycle:construct (object=Kinopio;actor=キノピオ)
[src/runtime/RuntimeContext.cpp:1532][APP - INFO] SMG semantic event sequence:stage_host_constructed (host=Kinopio;stage=PeachCastleGardenGalaxy)
[src/runtime/RuntimeContext.cpp:1532][APP - INFO] SMG semantic event name_obj_lifecycle:init_from_placement (object=キノピオ;stage=PeachCastleGardenGalaxy;zone=PeachCastleGardenGalaxy;table=jmp/placement/layera/objinfo;row=31;l_id=36)
[src/runtime/RuntimeContext.cpp:1532][APP - INFO] SMG semantic event sequence:stage_host_initialized (host=Kinopio;stage=PeachCastleGardenGalaxy)
[src/runtime/RuntimeContext.cpp:1532][APP - INFO] SMG semantic event placement:stage_object (stage=PeachCastleGardenGalaxy;zone=PeachCastleGardenGalaxy;zone_id=0;scenario=1;layer=layera;table=jmp/placement/layera/objinfo;object=Kinopio;factory=created_model_fallback;support_reason=direct_object_archive_model;common_path_id=37;rail_info_attached=true;rail_path_row=26;rail_point_count=4;rail_first_point=-1150.000000,350.000000,3800.000000;model_archive=Kinopio;object_archive=/ObjectData/Kinopio.arc)
[src/runtime/RuntimeContext.cpp:1532][APP - INFO] SMG semantic event name_obj_lifecycle:archive_request (object=Kinopio;archive=Kinopio;kind=object;loaded=true;disc_path=Kinopio.arc)
[src/runtime/RuntimeContext.cpp:1532][APP - INFO] SMG semantic event name_obj_lifecycle:archive_request (object=Kinopio;archive=KinopioMiddle;kind=object;loaded=true;disc_path=KinopioMiddle.arc)
[src/runtime/RuntimeContext.cpp:1532][APP - INFO] SMG semantic event name_obj_lifecycle:archive_request (object=Kinopio;archive=KinopioLow;kind=object;loaded=true;disc_path=KinopioLow.arc)
[src/runtime/RuntimeContext.cpp:1532][APP - INFO] SMG semantic event name_obj_lifecycle:connect_to_scene (object=キノピオ;kind=live_actor_model;movement=34;calc_anim=5;draw_buffer=8;draw_type=-1)
[src/runtime/RuntimeContext.cpp:1448][APP - INFO] Registered effect keeper キノピオ group Kinopio capacity 8
[src/runtime/RuntimeContext.cpp:1532][APP - INFO] SMG semantic event name_obj_lifecycle:construct (object=Kinopio;actor=キノピオ)
[src/runtime/RuntimeContext.cpp:1532][APP - INFO] SMG semantic event sequence:stage_host_constructed (host=Kinopio;stage=PeachCastleGardenGalaxy)
[src/runtime/RuntimeContext.cpp:1532][APP - INFO] SMG semantic event name_obj_lifecycle:init_from_placement (object=キノピオ;stage=PeachCastleGardenGalaxy;zone=PeachCastleGardenGalaxy;table=jmp/placement/layera/objinfo;row=32;l_id=37)
[src/runtime/RuntimeContext.cpp:1532][APP - INFO] SMG semantic event sequence:stage_host_initialized (host=Kinopio;stage=PeachCastleGardenGalaxy)
[src/runtime/RuntimeContext.cpp:1532][APP - INFO] SMG semantic event placement:stage_object (stage=PeachCastleGardenGalaxy;zone=PeachCastleGardenGalaxy;zone_id=0;scenario=1;layer=layera;table=jmp/placement/layera/objinfo;object=Kinopio;factory=created_model_fallback;support_reason=direct_object_archive_model;common_path_id=-1;rail_info_attached=false;rail_path_row=-1;rail_point_count=0;rail_first_point=none;model_archive=Kinopio;object_archive=/ObjectData/Kinopio.arc)
[src/runtime/RuntimeContext.cpp:1532][APP - INFO] SMG semantic event name_obj_lifecycle:archive_request (object=Kinopio;archive=Kinopio;kind=object;loaded=true;disc_path=Kinopio.arc)
[src/runtime/RuntimeContext.cpp:1532][APP - INFO] SMG semantic event name_obj_lifecycle:archive_request (object=Kinopio;archive=KinopioMiddle;kind=object;loaded=true;disc_path=KinopioMiddle.arc)
[src/runtime/RuntimeContext.cpp:1532][APP - INFO] SMG semantic event name_obj_lifecycle:archive_request (object=Kinopio;archive=KinopioLow;kind=object;loaded=true;disc_path=KinopioLow.arc)
[src/runtime/RuntimeContext.cpp:1532][APP - INFO] SMG semantic event name_obj_lifecycle:connect_to_scene (object=キノピオ;kind=live_actor_model;movement=34;calc_anim=5;draw_buffer=8;draw_type=-1)
[src/runtime/RuntimeContext.cpp:1448][APP - INFO] Registered effect keeper キノピオ group Kinopio capacity 8
[src/runtime/RuntimeContext.cpp:1532][APP - INFO] SMG semantic event name_obj_lifecycle:construct (object=Kinopio;actor=キノピオ)
[src/runtime/RuntimeContext.cpp:1532][APP - INFO] SMG semantic event sequence:stage_host_constructed (host=Kinopio;stage=PeachCastleGardenGalaxy)
[src/runtime/RuntimeContext.cpp:1532][APP - INFO] SMG semantic event name_obj_lifecycle:init_from_placement (object=キノピオ;stage=PeachCastleGardenGalaxy;zone=PeachCastleGardenGalaxy;table=jmp/placement/layera/objinfo;row=33;l_id=38)
[src/runtime/RuntimeContext.cpp:1532][APP - INFO] SMG semantic event sequence:stage_host_initialized (host=Kinopio;stage=PeachCastleGardenGalaxy)
[src/runtime/RuntimeContext.cpp:1532][APP - INFO] SMG semantic event placement:stage_object (stage=PeachCastleGardenGalaxy;zone=PeachCastleGardenGalaxy;zone_id=0;scenario=1;layer=layera;table=jmp/placement/layera/objinfo;object=Kinopio;factory=created_model_fallback;support_reason=direct_object_archive_model;common_path_id=-1;rail_info_attached=false;rail_path_row=-1;rail_point_count=0;rail_first_point=none;model_archive=Kinopio;object_archive=/ObjectData/Kinopio.arc)
[src/runtime/RuntimeContext.cpp:1532][APP - INFO] SMG semantic event name_obj_lifecycle:archive_request (object=Kinopio;archive=Kinopio;kind=object;loaded=true;disc_path=Kinopio.arc)
[src/runtime/RuntimeContext.cpp:1532][APP - INFO] SMG semantic event name_obj_lifecycle:archive_request (object=Kinopio;archive=KinopioMiddle;kind=object;loaded=true;disc_path=KinopioMiddle.arc)
[src/runtime/RuntimeContext.cpp:1532][APP - INFO] SMG semantic event name_obj_lifecycle:archive_request (object=Kinopio;archive=KinopioLow;kind=object;loaded=true;disc_path=KinopioLow.arc)
[src/runtime/RuntimeContext.cpp:1532][APP - INFO] SMG semantic event name_obj_lifecycle:connect_to_scene (object=キノピオ;kind=live_actor_model;movement=34;calc_anim=5;draw_buffer=8;draw_type=-1)
[src/runtime/RuntimeContext.cpp:1448][APP - INFO] Registered effect keeper キノピオ group Kinopio capacity 8
[src/runtime/RuntimeContext.cpp:1532][APP - INFO] SMG semantic event name_obj_lifecycle:construct (object=Kinopio;actor=キノピオ)
[src/runtime/RuntimeContext.cpp:1532][APP - INFO] SMG semantic event sequence:stage_host_constructed (host=Kinopio;stage=PeachCastleGardenGalaxy)
[src/runtime/RuntimeContext.cpp:1532][APP - INFO] SMG semantic event name_obj_lifecycle:init_from_placement (object=キノピオ;stage=PeachCastleGardenGalaxy;zone=PeachCastleGardenGalaxy;table=jmp/placement/layera/objinfo;row=34;l_id=39)
[src/runtime/RuntimeContext.cpp:1532][APP - INFO] SMG semantic event sequence:stage_host_initialized (host=Kinopio;stage=PeachCastleGardenGalaxy)
[src/runtime/RuntimeContext.cpp:1532][APP - INFO] SMG semantic event placement:stage_object (stage=PeachCastleGardenGalaxy;zone=PeachCastleGardenGalaxy;zone_id=0;scenario=1;layer=layera;table=jmp/placement/layera/objinfo;object=Kinopio;factory=created_model_fallback;support_reason=direct_object_archive_model;common_path_id=-1;rail_info_attached=false;rail_path_row=-1;rail_point_count=0;rail_first_point=none;model_archive=Kinopio;object_archive=/ObjectData/Kinopio.arc)
[src/runtime/RuntimeContext.cpp:1532][APP - INFO] SMG semantic event name_obj_lifecycle:archive_request (object=Kinopio;archive=Kinopio;kind=object;loaded=true;disc_path=Kinopio.arc)
[src/runtime/RuntimeContext.cpp:1532][APP - INFO] SMG semantic event name_obj_lifecycle:archive_request (object=Kinopio;archive=KinopioMiddle;kind=object;loaded=true;disc_path=KinopioMiddle.arc)
[src/runtime/RuntimeContext.cpp:1532][APP - INFO] SMG semantic event name_obj_lifecycle:archive_request (object=Kinopio;archive=KinopioLow;kind=object;loaded=true;disc_path=KinopioLow.arc)
[src/runtime/RuntimeContext.cpp:1532][APP - INFO] SMG semantic event name_obj_lifecycle:connect_to_scene (object=キノピオ;kind=live_actor_model;movement=34;calc_anim=5;draw_buffer=8;draw_type=-1)
[src/runtime/RuntimeContext.cpp:1448][APP - INFO] Registered effect keeper キノピオ group Kinopio capacity 8
[src/runtime/RuntimeContext.cpp:1532][APP - INFO] SMG semantic event name_obj_lifecycle:construct (object=Kinopio;actor=キノピオ)
[src/runtime/RuntimeContext.cpp:1532][APP - INFO] SMG semantic event sequence:stage_host_constructed (host=Kinopio;stage=PeachCastleGardenGalaxy)
[src/runtime/RuntimeContext.cpp:1532][APP - INFO] SMG semantic event name_obj_lifecycle:init_from_placement (object=キノピオ;stage=PeachCastleGardenGalaxy;zone=PeachCastleGardenGalaxy;table=jmp/placement/layera/objinfo;row=35;l_id=40)
[src/runtime/RuntimeContext.cpp:1532][APP - INFO] SMG semantic event sequence:stage_host_initialized (host=Kinopio;stage=PeachCastleGardenGalaxy)
[src/runtime/RuntimeContext.cpp:1532][APP - INFO] SMG semantic event placement:stage_object (stage=PeachCastleGardenGalaxy;zone=PeachCastleGardenGalaxy;zone_id=0;scenario=1;layer=layera;table=jmp/placement/layera/objinfo;object=Kinopio;factory=created_model_fallback;support_reason=direct_object_archive_model;common_path_id=-1;rail_info_attached=false;rail_path_row=-1;rail_point_count=0;rail_first_point=none;model_archive=Kinopio;object_archive=/ObjectData/Kinopio.arc)
[src/runtime/RuntimeContext.cpp:1532][APP - INFO] SMG semantic event name_obj_lifecycle:archive_request (object=Kinopio;archive=Kinopio;kind=object;loaded=true;disc_path=Kinopio.arc)
[src/runtime/RuntimeContext.cpp:1532][APP - INFO] SMG semantic event name_obj_lifecycle:archive_request (object=Kinopio;archive=KinopioMiddle;kind=object;loaded=true;disc_path=KinopioMiddle.arc)
[src/runtime/RuntimeContext.cpp:1532][APP - INFO] SMG semantic event name_obj_lifecycle:archive_request (object=Kinopio;archive=KinopioLow;kind=object;loaded=true;disc_path=KinopioLow.arc)
[src/runtime/RuntimeContext.cpp:1532][APP - INFO] SMG semantic event name_obj_lifecycle:connect_to_scene (object=キノピオ;kind=live_actor_model;movement=34;calc_anim=5;draw_buffer=8;draw_type=-1)
[src/runtime/RuntimeContext.cpp:1448][APP - INFO] Registered effect keeper キノピオ group Kinopio capacity 8
[src/runtime/RuntimeContext.cpp:1532][APP - INFO] SMG semantic event name_obj_lifecycle:construct (object=Kinopio;actor=キノピオ)
[src/runtime/RuntimeContext.cpp:1532][APP - INFO] SMG semantic event sequence:stage_host_constructed (host=Kinopio;stage=PeachCastleGardenGalaxy)
[src/runtime/RuntimeContext.cpp:1532][APP - INFO] SMG semantic event name_obj_lifecycle:init_from_placement (object=キノピオ;stage=PeachCastleGardenGalaxy;zone=PeachCastleGardenGalaxy;table=jmp/placement/layera/objinfo;row=36;l_id=41)
[src/runtime/RuntimeContext.cpp:1532][APP - INFO] SMG semantic event sequence:stage_host_initialized (host=Kinopio;stage=PeachCastleGardenGalaxy)
[src/runtime/RuntimeContext.cpp:1532][APP - INFO] SMG semantic event placement:stage_object (stage=PeachCastleGardenGalaxy;zone=PeachCastleGardenGalaxy;zone_id=0;scenario=1;layer=layera;table=jmp/placement/layera/objinfo;object=Kinopio;factory=created_model_fallback;support_reason=direct_object_archive_model;common_path_id=-1;rail_info_attached=false;rail_path_row=-1;rail_point_count=0;rail_first_point=none;model_archive=Kinopio;object_archive=/ObjectData/Kinopio.arc)
[src/runtime/RuntimeContext.cpp:1532][APP - INFO] SMG semantic event name_obj_lifecycle:archive_request (object=Kinopio;archive=Kinopio;kind=object;loaded=true;disc_path=Kinopio.arc)
[src/runtime/RuntimeContext.cpp:1532][APP - INFO] SMG semantic event name_obj_lifecycle:archive_request (object=Kinopio;archive=KinopioMiddle;kind=object;loaded=true;disc_path=KinopioMiddle.arc)
[src/runtime/RuntimeContext.cpp:1532][APP - INFO] SMG semantic event name_obj_lifecycle:archive_request (object=Kinopio;archive=KinopioLow;kind=object;loaded=true;disc_path=KinopioLow.arc)
[src/runtime/RuntimeContext.cpp:1532][APP - INFO] SMG semantic event name_obj_lifecycle:connect_to_scene (object=キノピオ;kind=live_actor_model;movement=34;calc_anim=5;draw_buffer=8;draw_type=-1)
[src/runtime/RuntimeContext.cpp:1448][APP - INFO] Registered effect keeper キノピオ group Kinopio capacity 8
[src/runtime/RuntimeContext.cpp:1532][APP - INFO] SMG semantic event name_obj_lifecycle:construct (object=Kinopio;actor=キノピオ)
[src/runtime/RuntimeContext.cpp:1532][APP - INFO] SMG semantic event sequence:stage_host_constructed (host=Kinopio;stage=PeachCastleGardenGalaxy)
[src/runtime/RuntimeContext.cpp:1532][APP - INFO] SMG semantic event name_obj_lifecycle:init_from_placement (object=キノピオ;stage=PeachCastleGardenGalaxy;zone=PeachCastleGardenGalaxy;table=jmp/placement/layera/objinfo;row=37;l_id=42)
[src/runtime/RuntimeContext.cpp:1532][APP - INFO] SMG semantic event sequence:stage_host_initialized (host=Kinopio;stage=PeachCastleGardenGalaxy)
[src/runtime/RuntimeContext.cpp:1532][APP - INFO] SMG semantic event placement:stage_object (stage=PeachCastleGardenGalaxy;zone=PeachCastleGardenGalaxy;zone_id=0;scenario=1;layer=layera;table=jmp/placement/layera/objinfo;object=Kinopio;factory=created_model_fallback;support_reason=direct_object_archive_model;common_path_id=-1;rail_info_attached=false;rail_path_row=-1;rail_point_count=0;rail_first_point=none;model_archive=Kinopio;object_archive=/ObjectData/Kinopio.arc)
[src/runtime/RuntimeContext.cpp:1532][APP - INFO] SMG semantic event name_obj_lifecycle:archive_request (object=Kinopio;archive=Kinopio;kind=object;loaded=true;disc_path=Kinopio.arc)
[src/runtime/RuntimeContext.cpp:1532][APP - INFO] SMG semantic event name_obj_lifecycle:archive_request (object=Kinopio;archive=KinopioMiddle;kind=object;loaded=true;disc_path=KinopioMiddle.arc)
[src/runtime/RuntimeContext.cpp:1532][APP - INFO] SMG semantic event name_obj_lifecycle:archive_request (object=Kinopio;archive=KinopioLow;kind=object;loaded=true;disc_path=KinopioLow.arc)
[src/runtime/RuntimeContext.cpp:1532][APP - INFO] SMG semantic event name_obj_lifecycle:connect_to_scene (object=キノピオ;kind=live_actor_model;movement=34;calc_anim=5;draw_buffer=8;draw_type=-1)
[src/runtime/RuntimeContext.cpp:1448][APP - INFO] Registered effect keeper キノピオ group Kinopio capacity 8
[src/runtime/RuntimeContext.cpp:1532][APP - INFO] SMG semantic event name_obj_lifecycle:construct (object=Kinopio;actor=キノピオ)
[src/runtime/RuntimeContext.cpp:1532][APP - INFO] SMG semantic event sequence:stage_host_constructed (host=Kinopio;stage=PeachCastleGardenGalaxy)
[src/runtime/RuntimeContext.cpp:1532][APP - INFO] SMG semantic event name_obj_lifecycle:init_from_placement (object=キノピオ;stage=PeachCastleGardenGalaxy;zone=PeachCastleGardenGalaxy;table=jmp/placement/layera/objinfo;row=38;l_id=55)
[src/runtime/RuntimeContext.cpp:1532][APP - INFO] SMG semantic event sequence:stage_host_initialized (host=Kinopio;stage=PeachCastleGardenGalaxy)
[src/runtime/RuntimeContext.cpp:1532][APP - INFO] SMG semantic event placement:stage_object (stage=PeachCastleGardenGalaxy;zone=PeachCastleGardenGalaxy;zone_id=0;scenario=1;layer=layera;table=jmp/placement/layera/objinfo;object=Kinopio;factory=created_model_fallback;support_reason=direct_object_archive_model;common_path_id=-1;rail_info_attached=false;rail_path_row=-1;rail_point_count=0;rail_first_point=none;model_archive=Kinopio;object_archive=/ObjectData/Kinopio.arc)
[src/runtime/RuntimeContext.cpp:1532][APP - INFO] SMG semantic event name_obj_lifecycle:archive_request (object=Kinopio;archive=Kinopio;kind=object;loaded=true;disc_path=Kinopio.arc)
[src/runtime/RuntimeContext.cpp:1532][APP - INFO] SMG semantic event name_obj_lifecycle:archive_request (object=Kinopio;archive=KinopioMiddle;kind=object;loaded=true;disc_path=KinopioMiddle.arc)
[src/runtime/RuntimeContext.cpp:1532][APP - INFO] SMG semantic event name_obj_lifecycle:archive_request (object=Kinopio;archive=KinopioLow;kind=object;loaded=true;disc_path=KinopioLow.arc)
[src/runtime/RuntimeContext.cpp:1532][APP - INFO] SMG semantic event name_obj_lifecycle:connect_to_scene (object=キノピオ;kind=live_actor_model;movement=34;calc_anim=5;draw_buffer=8;draw_type=-1)
[src/runtime/RuntimeContext.cpp:1448][APP - INFO] Registered effect keeper キノピオ group Kinopio capacity 8
[src/runtime/RuntimeContext.cpp:1532][APP - INFO] SMG semantic event name_obj_lifecycle:construct (object=Kinopio;actor=キノピオ)
[src/runtime/RuntimeContext.cpp:1532][APP - INFO] SMG semantic event sequence:stage_host_constructed (host=Kinopio;stage=PeachCastleGardenGalaxy)
[src/runtime/RuntimeContext.cpp:1532][APP - INFO] SMG semantic event name_obj_lifecycle:init_from_placement (object=キノピオ;stage=PeachCastleGardenGalaxy;zone=PeachCastleGardenGalaxy;table=jmp/placement/layera/objinfo;row=39;l_id=60)
[src/runtime/RuntimeContext.cpp:1532][APP - INFO] SMG semantic event sequence:stage_host_initialized (host=Kinopio;stage=PeachCastleGardenGalaxy)
[src/runtime/RuntimeContext.cpp:1532][APP - INFO] SMG semantic event placement:stage_object (stage=PeachCastleGardenGalaxy;zone=PeachCastleGardenGalaxy;zone_id=0;scenario=1;layer=layera;table=jmp/placement/layera/objinfo;object=Kinopio;factory=created_model_fallback;support_reason=direct_object_archive_model;common_path_id=-1;rail_info_attached=false;rail_path_row=-1;rail_point_count=0;rail_first_point=none;model_archive=Kinopio;object_archive=/ObjectData/Kinopio.arc)
[src/runtime/RuntimeContext.cpp:1532][APP - INFO] SMG semantic event name_obj_lifecycle:archive_request (object=Kinopio;archive=Kinopio;kind=object;loaded=true;disc_path=Kinopio.arc)
[src/runtime/RuntimeContext.cpp:1532][APP - INFO] SMG semantic event name_obj_lifecycle:archive_request (object=Kinopio;archive=KinopioMiddle;kind=object;loaded=true;disc_path=KinopioMiddle.arc)
[src/runtime/RuntimeContext.cpp:1532][APP - INFO] SMG semantic event name_obj_lifecycle:archive_request (object=Kinopio;archive=KinopioLow;kind=object;loaded=true;disc_path=KinopioLow.arc)
[src/runtime/RuntimeContext.cpp:1532][APP - INFO] SMG semantic event name_obj_lifecycle:connect_to_scene (object=キノピオ;kind=live_actor_model;movement=34;calc_anim=5;draw_buffer=8;draw_type=-1)
[src/runtime/RuntimeContext.cpp:1448][APP - INFO] Registered effect keeper キノピオ group Kinopio capacity 8
[src/runtime/RuntimeContext.cpp:1532][APP - INFO] SMG semantic event name_obj_lifecycle:construct (object=Kinopio;actor=キノピオ)
[src/runtime/RuntimeContext.cpp:1532][APP - INFO] SMG semantic event sequence:stage_host_constructed (host=Kinopio;stage=PeachCastleGardenGalaxy)
[src/runtime/RuntimeContext.cpp:1532][APP - INFO] SMG semantic event name_obj_lifecycle:init_from_placement (object=キノピオ;stage=PeachCastleGardenGalaxy;zone=PeachCastleGardenGalaxy;table=jmp/placement/layera/objinfo;row=40;l_id=61)
[src/runtime/RuntimeContext.cpp:1532][APP - INFO] SMG semantic event sequence:stage_host_initialized (host=Kinopio;stage=PeachCastleGardenGalaxy)
[src/runtime/RuntimeContext.cpp:1532][APP - INFO] SMG semantic event placement:stage_object (stage=PeachCastleGardenGalaxy;zone=PeachCastleGardenGalaxy;zone_id=0;scenario=1;layer=layera;table=jmp/placement/layera/objinfo;object=Kinopio;factory=created_model_fallback;support_reason=direct_object_archive_model;common_path_id=-1;rail_info_attached=false;rail_path_row=-1;rail_point_count=0;rail_first_point=none;model_archive=Kinopio;object_archive=/ObjectData/Kinopio.arc)
[src/runtime/RuntimeContext.cpp:1532][APP - INFO] SMG semantic event name_obj_lifecycle:archive_request (object=Kinopio;archive=Kinopio;kind=object;loaded=true;disc_path=Kinopio.arc)
[src/runtime/RuntimeContext.cpp:1532][APP - INFO] SMG semantic event name_obj_lifecycle:archive_request (object=Kinopio;archive=KinopioMiddle;kind=object;loaded=true;disc_path=KinopioMiddle.arc)
[src/runtime/RuntimeContext.cpp:1532][APP - INFO] SMG semantic event name_obj_lifecycle:archive_request (object=Kinopio;archive=KinopioLow;kind=object;loaded=true;disc_path=KinopioLow.arc)
[src/runtime/RuntimeContext.cpp:1532][APP - INFO] SMG semantic event name_obj_lifecycle:connect_to_scene (object=キノピオ;kind=live_actor_model;movement=34;calc_anim=5;draw_buffer=8;draw_type=-1)
[src/runtime/RuntimeContext.cpp:1448][APP - INFO] Registered effect keeper キノピオ group Kinopio capacity 8
[src/runtime/RuntimeContext.cpp:1532][APP - INFO] SMG semantic event name_obj_lifecycle:construct (object=Kinopio;actor=キノピオ)
[src/runtime/RuntimeContext.cpp:1532][APP - INFO] SMG semantic event sequence:stage_host_constructed (host=Kinopio;stage=PeachCastleGardenGalaxy)
[src/runtime/RuntimeContext.cpp:1532][APP - INFO] SMG semantic event name_obj_lifecycle:init_from_placement (object=キノピオ;stage=PeachCastleGardenGalaxy;zone=PeachCastleGardenGalaxy;table=jmp/placement/layera/objinfo;row=41;l_id=62)
[src/runtime/RuntimeContext.cpp:1532][APP - INFO] SMG semantic event sequence:stage_host_initialized (host=Kinopio;stage=PeachCastleGardenGalaxy)
[src/runtime/RuntimeContext.cpp:1532][APP - INFO] SMG semantic event placement:stage_object (stage=PeachCastleGardenGalaxy;zone=PeachCastleGardenGalaxy;zone_id=0;scenario=1;layer=layera;table=jmp/placement/layera/objinfo;object=Kinopio;factory=created_model_fallback;support_reason=direct_object_archive_model;common_path_id=40;rail_info_attached=true;rail_path_row=29;rail_point_count=5;rail_first_point=-2100.000000,300.000000,4450.000000;model_archive=Kinopio;object_archive=/ObjectData/Kinopio.arc)
[src/runtime/RuntimeContext.cpp:1532][APP - INFO] SMG semantic event name_obj_lifecycle:archive_request (object=Kinopio;archive=Kinopio;kind=object;loaded=true;disc_path=Kinopio.arc)
[src/runtime/RuntimeContext.cpp:1532][APP - INFO] SMG semantic event name_obj_lifecycle:archive_request (object=Kinopio;archive=KinopioMiddle;kind=object;loaded=true;disc_path=KinopioMiddle.arc)
[src/runtime/RuntimeContext.cpp:1532][APP - INFO] SMG semantic event name_obj_lifecycle:archive_request (object=Kinopio;archive=KinopioLow;kind=object;loaded=true;disc_path=KinopioLow.arc)
[src/runtime/RuntimeContext.cpp:1532][APP - INFO] SMG semantic event name_obj_lifecycle:connect_to_scene (object=キノピオ;kind=live_actor_model;movement=34;calc_anim=5;draw_buffer=8;draw_type=-1)
[src/runtime/RuntimeContext.cpp:1448][APP - INFO] Registered effect keeper キノピオ group Kinopio capacity 8
[src/runtime/RuntimeContext.cpp:1532][APP - INFO] SMG semantic event name_obj_lifecycle:construct (object=Kinopio;actor=キノピオ)
[src/runtime/RuntimeContext.cpp:1532][APP - INFO] SMG semantic event sequence:stage_host_constructed (host=Kinopio;stage=PeachCastleGardenGalaxy)
[src/runtime/RuntimeContext.cpp:1532][APP - INFO] SMG semantic event name_obj_lifecycle:init_from_placement (object=キノピオ;stage=PeachCastleGardenGalaxy;zone=PeachCastleGardenGalaxy;table=jmp/placement/layera/objinfo;row=42;l_id=63)
[src/runtime/RuntimeContext.cpp:1532][APP - INFO] SMG semantic event sequence:stage_host_initialized (host=Kinopio;stage=PeachCastleGardenGalaxy)
[src/runtime/RuntimeContext.cpp:1532][APP - INFO] SMG semantic event placement:stage_object (stage=PeachCastleGardenGalaxy;zone=PeachCastleGardenGalaxy;zone_id=0;scenario=1;layer=layera;table=jmp/placement/layera/objinfo;object=Kinopio;factory=created_model_fallback;support_reason=direct_object_archive_model;common_path_id=39;rail_info_attached=true;rail_path_row=28;rail_point_count=4;rail_first_point=-1400.000000,300.000000,4850.000000;model_archive=Kinopio;object_archive=/ObjectData/Kinopio.arc)
[src/runtime/RuntimeContext.cpp:1532][APP - INFO] SMG semantic event name_obj_lifecycle:archive_request (object=Kinopio;archive=Kinopio;kind=object;loaded=true;disc_path=Kinopio.arc)
[src/runtime/RuntimeContext.cpp:1532][APP - INFO] SMG semantic event name_obj_lifecycle:archive_request (object=Kinopio;archive=KinopioMiddle;kind=object;loaded=true;disc_path=KinopioMiddle.arc)
[src/runtime/RuntimeContext.cpp:1532][APP - INFO] SMG semantic event name_obj_lifecycle:archive_request (object=Kinopio;archive=KinopioLow;kind=object;loaded=true;disc_path=KinopioLow.arc)
[src/runtime/RuntimeContext.cpp:1532][APP - INFO] SMG semantic event name_obj_lifecycle:connect_to_scene (object=キノピオ;kind=live_actor_model;movement=34;calc_anim=5;draw_buffer=8;draw_type=-1)
[src/runtime/RuntimeContext.cpp:1448][APP - INFO] Registered effect keeper キノピオ group Kinopio capacity 8
[src/runtime/RuntimeContext.cpp:1532][APP - INFO] SMG semantic event name_obj_lifecycle:construct (object=Kinopio;actor=キノピオ)
[src/runtime/RuntimeContext.cpp:1532][APP - INFO] SMG semantic event sequence:stage_host_constructed (host=Kinopio;stage=PeachCastleGardenGalaxy)
[src/runtime/RuntimeContext.cpp:1532][APP - INFO] SMG semantic event name_obj_lifecycle:init_from_placement (object=キノピオ;stage=PeachCastleGardenGalaxy;zone=PeachCastleGardenGalaxy;table=jmp/placement/layera/objinfo;row=43;l_id=64)
[src/runtime/RuntimeContext.cpp:1532][APP - INFO] SMG semantic event sequence:stage_host_initialized (host=Kinopio;stage=PeachCastleGardenGalaxy)
[src/runtime/RuntimeContext.cpp:1532][APP - INFO] SMG semantic event placement:stage_object (stage=PeachCastleGardenGalaxy;zone=PeachCastleGardenGalaxy;zone_id=0;scenario=1;layer=layera;table=jmp/placement/layera/objinfo;object=Kinopio;factory=created_model_fallback;support_reason=direct_object_archive_model;common_path_id=38;rail_info_attached=true;rail_path_row=27;rail_point_count=3;rail_first_point=-2300.000000,350.000000,5850.000000;model_archive=Kinopio;object_archive=/ObjectData/Kinopio.arc)
[src/runtime/RuntimeContext.cpp:1532][APP - INFO] SMG semantic event name_obj_lifecycle:archive_request (object=Kinopio;archive=Kinopio;kind=object;loaded=true;disc_path=Kinopio.arc)
[src/runtime/RuntimeContext.cpp:1532][APP - INFO] SMG semantic event name_obj_lifecycle:archive_request (object=Kinopio;archive=KinopioMiddle;kind=object;loaded=true;disc_path=KinopioMiddle.arc)
[src/runtime/RuntimeContext.cpp:1532][APP - INFO] SMG semantic event name_obj_lifecycle:archive_request (object=Kinopio;archive=KinopioLow;kind=object;loaded=true;disc_path=KinopioLow.arc)
[src/runtime/RuntimeContext.cpp:1532][APP - INFO] SMG semantic event name_obj_lifecycle:connect_to_scene (object=キノピオ;kind=live_actor_model;movement=34;calc_anim=5;draw_buffer=8;draw_type=-1)
[src/runtime/RuntimeContext.cpp:1448][APP - INFO] Registered effect keeper キノピオ group Kinopio capacity 8
[src/runtime/RuntimeContext.cpp:1532][APP - INFO] SMG semantic event name_obj_lifecycle:construct (object=Kinopio;actor=キノピオ)
[src/runtime/RuntimeContext.cpp:1532][APP - INFO] SMG semantic event sequence:stage_host_constructed (host=Kinopio;stage=PeachCastleGardenGalaxy)
[src/runtime/RuntimeContext.cpp:1532][APP - INFO] SMG semantic event name_obj_lifecycle:init_from_placement (object=キノピオ;stage=PeachCastleGardenGalaxy;zone=PeachCastleGardenGalaxy;table=jmp/placement/layera/objinfo;row=44;l_id=65)
[src/runtime/RuntimeContext.cpp:1532][APP - INFO] SMG semantic event sequence:stage_host_initialized (host=Kinopio;stage=PeachCastleGardenGalaxy)
[src/runtime/RuntimeContext.cpp:1532][APP - INFO] SMG semantic event placement:stage_object (stage=PeachCastleGardenGalaxy;zone=PeachCastleGardenGalaxy;zone_id=0;scenario=1;layer=layera;table=jmp/placement/layera/objinfo;object=Kinopio;factory=created_model_fallback;support_reason=direct_object_archive_model;common_path_id=-1;rail_info_attached=false;rail_path_row=-1;rail_point_count=0;rail_first_point=none;model_archive=Kinopio;object_archive=/ObjectData/Kinopio.arc)
[src/runtime/RuntimeContext.cpp:1532][APP - INFO] SMG semantic event name_obj_lifecycle:archive_request (object=Kinopio;archive=Kinopio;kind=object;loaded=true;disc_path=Kinopio.arc)
[src/runtime/RuntimeContext.cpp:1532][APP - INFO] SMG semantic event name_obj_lifecycle:archive_request (object=Kinopio;archive=KinopioMiddle;kind=object;loaded=true;disc_path=KinopioMiddle.arc)
[src/runtime/RuntimeContext.cpp:1532][APP - INFO] SMG semantic event name_obj_lifecycle:archive_request (object=Kinopio;archive=KinopioLow;kind=object;loaded=true;disc_path=KinopioLow.arc)
[src/runtime/RuntimeContext.cpp:1532][APP - INFO] SMG semantic event name_obj_lifecycle:connect_to_scene (object=キノピオ;kind=live_actor_model;movement=34;calc_anim=5;draw_buffer=8;draw_type=-1)
[src/runtime/RuntimeContext.cpp:1448][APP - INFO] Registered effect keeper キノピオ group Kinopio capacity 8
[src/runtime/RuntimeContext.cpp:1532][APP - INFO] SMG semantic event name_obj_lifecycle:construct (object=Kinopio;actor=キノピオ)
[src/runtime/RuntimeContext.cpp:1532][APP - INFO] SMG semantic event sequence:stage_host_constructed (host=Kinopio;stage=PeachCastleGardenGalaxy)
[src/runtime/RuntimeContext.cpp:1532][APP - INFO] SMG semantic event name_obj_lifecycle:init_from_placement (object=キノピオ;stage=PeachCastleGardenGalaxy;zone=PeachCastleGardenGalaxy;table=jmp/placement/layera/objinfo;row=45;l_id=66)
[src/runtime/RuntimeContext.cpp:1532][APP - INFO] SMG semantic event sequence:stage_host_initialized (host=Kinopio;stage=PeachCastleGardenGalaxy)
[src/runtime/RuntimeContext.cpp:1532][APP - INFO] SMG semantic event placement:stage_object (stage=PeachCastleGardenGalaxy;zone=PeachCastleGardenGalaxy;zone_id=0;scenario=1;layer=layera;table=jmp/placement/layera/objinfo;object=Kinopio;factory=created_model_fallback;support_reason=direct_object_archive_model;common_path_id=-1;rail_info_attached=false;rail_path_row=-1;rail_point_count=0;rail_first_point=none;model_archive=Kinopio;object_archive=/ObjectData/Kinopio.arc)
[src/runtime/RuntimeContext.cpp:1532][APP - INFO] SMG semantic event name_obj_lifecycle:archive_request (object=Kinopio;archive=Kinopio;kind=object;loaded=true;disc_path=Kinopio.arc)
[src/runtime/RuntimeContext.cpp:1532][APP - INFO] SMG semantic event name_obj_lifecycle:archive_request (object=Kinopio;archive=KinopioMiddle;kind=object;loaded=true;disc_path=KinopioMiddle.arc)
[src/runtime/RuntimeContext.cpp:1532][APP - INFO] SMG semantic event name_obj_lifecycle:archive_request (object=Kinopio;archive=KinopioLow;kind=object;loaded=true;disc_path=KinopioLow.arc)
[src/runtime/RuntimeContext.cpp:1532][APP - INFO] SMG semantic event name_obj_lifecycle:connect_to_scene (object=キノピオ;kind=live_actor_model;movement=34;calc_anim=5;draw_buffer=8;draw_type=-1)
[src/runtime/RuntimeContext.cpp:1448][APP - INFO] Registered effect keeper キノピオ group Kinopio capacity 8
[src/runtime/RuntimeContext.cpp:1532][APP - INFO] SMG semantic event name_obj_lifecycle:construct (object=Kinopio;actor=キノピオ)
[src/runtime/RuntimeContext.cpp:1532][APP - INFO] SMG semantic event sequence:stage_host_constructed (host=Kinopio;stage=PeachCastleGardenGalaxy)
[src/runtime/RuntimeContext.cpp:1532][APP - INFO] SMG semantic event name_obj_lifecycle:init_from_placement (object=キノピオ;stage=PeachCastleGardenGalaxy;zone=PeachCastleGardenGalaxy;table=jmp/placement/layera/objinfo;row=46;l_id=68)
[src/runtime/RuntimeContext.cpp:1532][APP - INFO] SMG semantic event sequence:stage_host_initialized (host=Kinopio;stage=PeachCastleGardenGalaxy)
[src/runtime/RuntimeContext.cpp:1532][APP - INFO] SMG semantic event placement:stage_object (stage=PeachCastleGardenGalaxy;zone=PeachCastleGardenGalaxy;zone_id=0;scenario=1;layer=layera;table=jmp/placement/layera/objinfo;object=Kinopio;factory=created_model_fallback;support_reason=direct_object_archive_model;common_path_id=-1;rail_info_attached=false;rail_path_row=-1;rail_point_count=0;rail_first_point=none;model_archive=Kinopio;object_archive=/ObjectData/Kinopio.arc)
[src/runtime/RuntimeContext.cpp:1532][APP - INFO] SMG semantic event name_obj_lifecycle:archive_request (object=Kinopio;archive=Kinopio;kind=object;loaded=true;disc_path=Kinopio.arc)
[src/runtime/RuntimeContext.cpp:1532][APP - INFO] SMG semantic event name_obj_lifecycle:archive_request (object=Kinopio;archive=KinopioMiddle;kind=object;loaded=true;disc_path=KinopioMiddle.arc)
[src/runtime/RuntimeContext.cpp:1532][APP - INFO] SMG semantic event name_obj_lifecycle:archive_request (object=Kinopio;archive=KinopioLow;kind=object;loaded=true;disc_path=KinopioLow.arc)
[src/runtime/RuntimeContext.cpp:1532][APP - INFO] SMG semantic event name_obj_lifecycle:connect_to_scene (object=キノピオ;kind=live_actor_model;movement=34;calc_anim=5;draw_buffer=8;draw_type=-1)
[src/runtime/RuntimeContext.cpp:1448][APP - INFO] Registered effect keeper キノピオ group Kinopio capacity 8
[src/runtime/RuntimeContext.cpp:1532][APP - INFO] SMG semantic event name_obj_lifecycle:construct (object=Kinopio;actor=キノピオ)
[src/runtime/RuntimeContext.cpp:1532][APP - INFO] SMG semantic event sequence:stage_host_constructed (host=Kinopio;stage=PeachCastleGardenGalaxy)
[src/runtime/RuntimeContext.cpp:1532][APP - INFO] SMG semantic event name_obj_lifecycle:init_from_placement (object=キノピオ;stage=PeachCastleGardenGalaxy;zone=PeachCastleGardenGalaxy;table=jmp/placement/layera/objinfo;row=47;l_id=72)
[src/runtime/RuntimeContext.cpp:1532][APP - INFO] SMG semantic event sequence:stage_host_initialized (host=Kinopio;stage=PeachCastleGardenGalaxy)
[src/runtime/RuntimeContext.cpp:1532][APP - INFO] SMG semantic event placement:stage_object (stage=PeachCastleGardenGalaxy;zone=PeachCastleGardenGalaxy;zone_id=0;scenario=1;layer=layera;table=jmp/placement/layera/objinfo;object=Kinopio;factory=created_model_fallback;support_reason=direct_object_archive_model;common_path_id=-1;rail_info_attached=false;rail_path_row=-1;rail_point_count=0;rail_first_point=none;model_archive=Kinopio;object_archive=/ObjectData/Kinopio.arc)
[src/runtime/RuntimeContext.cpp:1532][APP - INFO] SMG semantic event name_obj_lifecycle:archive_request (object=Kinopio;archive=Kinopio;kind=object;loaded=true;disc_path=Kinopio.arc)
[src/runtime/RuntimeContext.cpp:1532][APP - INFO] SMG semantic event name_obj_lifecycle:archive_request (object=Kinopio;archive=KinopioMiddle;kind=object;loaded=true;disc_path=KinopioMiddle.arc)
[src/runtime/RuntimeContext.cpp:1532][APP - INFO] SMG semantic event name_obj_lifecycle:archive_request (object=Kinopio;archive=KinopioLow;kind=object;loaded=true;disc_path=KinopioLow.arc)
[src/runtime/RuntimeContext.cpp:1532][APP - INFO] SMG semantic event name_obj_lifecycle:connect_to_scene (object=キノピオ;kind=live_actor_model;movement=34;calc_anim=5;draw_buffer=8;draw_type=-1)
[src/runtime/RuntimeContext.cpp:1448][APP - INFO] Registered effect keeper キノピオ group Kinopio capacity 8
[src/runtime/RuntimeContext.cpp:1532][APP - INFO] SMG semantic event name_obj_lifecycle:construct (object=Kinopio;actor=キノピオ)
[src/runtime/RuntimeContext.cpp:1532][APP - INFO] SMG semantic event sequence:stage_host_constructed (host=Kinopio;stage=PeachCastleGardenGalaxy)
[src/runtime/RuntimeContext.cpp:1532][APP - INFO] SMG semantic event name_obj_lifecycle:init_from_placement (object=キノピオ;stage=PeachCastleGardenGalaxy;zone=PeachCastleGardenGalaxy;table=jmp/placement/layera/objinfo;row=48;l_id=74)
[src/runtime/RuntimeContext.cpp:1532][APP - INFO] SMG semantic event sequence:stage_host_initialized (host=Kinopio;stage=PeachCastleGardenGalaxy)
[src/runtime/RuntimeContext.cpp:1532][APP - INFO] SMG semantic event placement:stage_object (stage=PeachCastleGardenGalaxy;zone=PeachCastleGardenGalaxy;zone_id=0;scenario=1;layer=layera;table=jmp/placement/layera/objinfo;object=Kinopio;factory=created_model_fallback;support_reason=direct_object_archive_model;common_path_id=-1;rail_info_attached=false;rail_path_row=-1;rail_point_count=0;rail_first_point=none;model_archive=Kinopio;object_archive=/ObjectData/Kinopio.arc)
[src/runtime/RuntimeContext.cpp:1532][APP - INFO] SMG semantic event name_obj_lifecycle:archive_request (object=Kinopio;archive=Kinopio;kind=object;loaded=true;disc_path=Kinopio.arc)
[src/runtime/RuntimeContext.cpp:1532][APP - INFO] SMG semantic event name_obj_lifecycle:archive_request (object=Kinopio;archive=KinopioMiddle;kind=object;loaded=true;disc_path=KinopioMiddle.arc)
[src/runtime/RuntimeContext.cpp:1532][APP - INFO] SMG semantic event name_obj_lifecycle:archive_request (object=Kinopio;archive=KinopioLow;kind=object;loaded=true;disc_path=KinopioLow.arc)
[src/runtime/RuntimeContext.cpp:1532][APP - INFO] SMG semantic event name_obj_lifecycle:connect_to_scene (object=キノピオ;kind=live_actor_model;movement=34;calc_anim=5;draw_buffer=8;draw_type=-1)
[src/runtime/RuntimeContext.cpp:1448][APP - INFO] Registered effect keeper キノピオ group Kinopio capacity 8
[src/runtime/RuntimeContext.cpp:1532][APP - INFO] SMG semantic event name_obj_lifecycle:construct (object=Kinopio;actor=キノピオ)
[src/runtime/RuntimeContext.cpp:1532][APP - INFO] SMG semantic event sequence:stage_host_constructed (host=Kinopio;stage=PeachCastleGardenGalaxy)
[src/runtime/RuntimeContext.cpp:1532][APP - INFO] SMG semantic event name_obj_lifecycle:init_from_placement (object=キノピオ;stage=PeachCastleGardenGalaxy;zone=PeachCastleGardenGalaxy;table=jmp/placement/layera/objinfo;row=49;l_id=93)
[src/runtime/RuntimeContext.cpp:1532][APP - INFO] SMG semantic event sequence:stage_host_initialized (host=Kinopio;stage=PeachCastleGardenGalaxy)
[src/runtime/RuntimeContext.cpp:1532][APP - INFO] SMG semantic event placement:stage_object (stage=PeachCastleGardenGalaxy;zone=PeachCastleGardenGalaxy;zone_id=0;scenario=1;layer=layera;table=jmp/placement/layera/objinfo;object=Kinopio;factory=created_model_fallback;support_reason=direct_object_archive_model;common_path_id=-1;rail_info_attached=false;rail_path_row=-1;rail_point_count=0;rail_first_point=none;model_archive=Kinopio;object_archive=/ObjectData/Kinopio.arc)
[src/runtime/RuntimeContext.cpp:1532][APP - INFO] SMG semantic event name_obj_lifecycle:archive_request (object=Kinopio;archive=Kinopio;kind=object;loaded=true;disc_path=Kinopio.arc)
[src/runtime/RuntimeContext.cpp:1532][APP - INFO] SMG semantic event name_obj_lifecycle:archive_request (object=Kinopio;archive=KinopioMiddle;kind=object;loaded=true;disc_path=KinopioMiddle.arc)
[src/runtime/RuntimeContext.cpp:1532][APP - INFO] SMG semantic event name_obj_lifecycle:archive_request (object=Kinopio;archive=KinopioLow;kind=object;loaded=true;disc_path=KinopioLow.arc)
[src/runtime/RuntimeContext.cpp:1532][APP - INFO] SMG semantic event name_obj_lifecycle:connect_to_scene (object=キノピオ;kind=live_actor_model;movement=34;calc_anim=5;draw_buffer=8;draw_type=-1)
[src/runtime/RuntimeContext.cpp:1448][APP - INFO] Registered effect keeper キノピオ group Kinopio capacity 8
[src/runtime/RuntimeContext.cpp:1532][APP - INFO] SMG semantic event name_obj_lifecycle:construct (object=Kinopio;actor=キノピオ)
[src/runtime/RuntimeContext.cpp:1532][APP - INFO] SMG semantic event sequence:stage_host_constructed (host=Kinopio;stage=PeachCastleGardenGalaxy)
[src/runtime/RuntimeContext.cpp:1532][APP - INFO] SMG semantic event name_obj_lifecycle:init_from_placement (object=キノピオ;stage=PeachCastleGardenGalaxy;zone=PeachCastleGardenGalaxy;table=jmp/placement/layera/objinfo;row=50;l_id=120)
[src/runtime/RuntimeContext.cpp:1532][APP - INFO] SMG semantic event sequence:stage_host_initialized (host=Kinopio;stage=PeachCastleGardenGalaxy)
[src/runtime/RuntimeContext.cpp:1532][APP - INFO] SMG semantic event placement:stage_object (stage=PeachCastleGardenGalaxy;zone=PeachCastleGardenGalaxy;zone_id=0;scenario=1;layer=layera;table=jmp/placement/layera/objinfo;object=Kinopio;factory=created_model_fallback;support_reason=direct_object_archive_model;common_path_id=-1;rail_info_attached=false;rail_path_row=-1;rail_point_count=0;rail_first_point=none;model_archive=Kinopio;object_archive=/ObjectData/Kinopio.arc)
[src/runtime/RuntimeContext.cpp:1532][APP - INFO] SMG semantic event name_obj_lifecycle:archive_request (object=Kinopio;archive=Kinopio;kind=object;loaded=true;disc_path=Kinopio.arc)
[src/runtime/RuntimeContext.cpp:1532][APP - INFO] SMG semantic event name_obj_lifecycle:archive_request (object=Kinopio;archive=KinopioMiddle;kind=object;loaded=true;disc_path=KinopioMiddle.arc)
[src/runtime/RuntimeContext.cpp:1532][APP - INFO] SMG semantic event name_obj_lifecycle:archive_request (object=Kinopio;archive=KinopioLow;kind=object;loaded=true;disc_path=KinopioLow.arc)
[src/runtime/RuntimeContext.cpp:1532][APP - INFO] SMG semantic event name_obj_lifecycle:connect_to_scene (object=キノピオ;kind=live_actor_model;movement=34;calc_anim=5;draw_buffer=8;draw_type=-1)
[src/runtime/RuntimeContext.cpp:1448][APP - INFO] Registered effect keeper キノピオ group Kinopio capacity 8
[src/runtime/RuntimeContext.cpp:1532][APP - INFO] SMG semantic event name_obj_lifecycle:construct (object=Kinopio;actor=キノピオ)
[src/runtime/RuntimeContext.cpp:1532][APP - INFO] SMG semantic event sequence:stage_host_constructed (host=Kinopio;stage=PeachCastleGardenGalaxy)
[src/runtime/RuntimeContext.cpp:1532][APP - INFO] SMG semantic event name_obj_lifecycle:init_from_placement (object=キノピオ;stage=PeachCastleGardenGalaxy;zone=PeachCastleGardenGalaxy;table=jmp/placement/layera/objinfo;row=51;l_id=180)
[src/runtime/RuntimeContext.cpp:1532][APP - INFO] SMG semantic event sequence:stage_host_initialized (host=Kinopio;stage=PeachCastleGardenGalaxy)
[src/runtime/RuntimeContext.cpp:1532][APP - INFO] SMG semantic event placement:stage_object (stage=PeachCastleGardenGalaxy;zone=PeachCastleGardenGalaxy;zone_id=0;scenario=1;layer=layera;table=jmp/placement/layera/objinfo;object=Kinopio;factory=created_model_fallback;support_reason=direct_object_archive_model;common_path_id=29;rail_info_attached=true;rail_path_row=18;rail_point_count=3;rail_first_point=5150.000000,1700.000000,7900.000000;model_archive=Kinopio;object_archive=/ObjectData/Kinopio.arc)
[src/runtime/RuntimeContext.cpp:1532][APP - INFO] SMG semantic event name_obj_lifecycle:archive_request (object=Kinopio;archive=Kinopio;kind=object;loaded=true;disc_path=Kinopio.arc)
[src/runtime/RuntimeContext.cpp:1532][APP - INFO] SMG semantic event name_obj_lifecycle:archive_request (object=Kinopio;archive=KinopioMiddle;kind=object;loaded=true;disc_path=KinopioMiddle.arc)
[src/runtime/RuntimeContext.cpp:1532][APP - INFO] SMG semantic event name_obj_lifecycle:archive_request (object=Kinopio;archive=KinopioLow;kind=object;loaded=true;disc_path=KinopioLow.arc)
[src/runtime/RuntimeContext.cpp:1532][APP - INFO] SMG semantic event name_obj_lifecycle:connect_to_scene (object=キノピオ;kind=live_actor_model;movement=34;calc_anim=5;draw_buffer=8;draw_type=-1)
[src/runtime/RuntimeContext.cpp:1448][APP - INFO] Registered effect keeper キノピオ group Kinopio capacity 8
[src/runtime/RuntimeContext.cpp:1532][APP - INFO] SMG semantic event name_obj_lifecycle:construct (object=Kinopio;actor=キノピオ)
[src/runtime/RuntimeContext.cpp:1532][APP - INFO] SMG semantic event sequence:stage_host_constructed (host=Kinopio;stage=PeachCastleGardenGalaxy)
[src/runtime/RuntimeContext.cpp:1532][APP - INFO] SMG semantic event name_obj_lifecycle:init_from_placement (object=キノピオ;stage=PeachCastleGardenGalaxy;zone=PeachCastleGardenGalaxy;table=jmp/placement/layera/objinfo;row=52;l_id=181)
[src/runtime/RuntimeContext.cpp:1532][APP - INFO] SMG semantic event sequence:stage_host_initialized (host=Kinopio;stage=PeachCastleGardenGalaxy)
[src/runtime/RuntimeContext.cpp:1532][APP - INFO] SMG semantic event placement:stage_object (stage=PeachCastleGardenGalaxy;zone=PeachCastleGardenGalaxy;zone_id=0;scenario=1;layer=layera;table=jmp/placement/layera/objinfo;object=Kinopio;factory=created_model_fallback;support_reason=direct_object_archive_model;common_path_id=-1;rail_info_attached=false;rail_path_row=-1;rail_point_count=0;rail_first_point=none;model_archive=Kinopio;object_archive=/ObjectData/Kinopio.arc)
[src/runtime/RuntimeContext.cpp:1532][APP - INFO] SMG semantic event name_obj_lifecycle:archive_request (object=Kinopio;archive=Kinopio;kind=object;loaded=true;disc_path=Kinopio.arc)
[src/runtime/RuntimeContext.cpp:1532][APP - INFO] SMG semantic event name_obj_lifecycle:archive_request (object=Kinopio;archive=KinopioMiddle;kind=object;loaded=true;disc_path=KinopioMiddle.arc)
[src/runtime/RuntimeContext.cpp:1532][APP - INFO] SMG semantic event name_obj_lifecycle:archive_request (object=Kinopio;archive=KinopioLow;kind=object;loaded=true;disc_path=KinopioLow.arc)
[src/runtime/RuntimeContext.cpp:1532][APP - INFO] SMG semantic event name_obj_lifecycle:connect_to_scene (object=キノピオ;kind=live_actor_model;movement=34;calc_anim=5;draw_buffer=8;draw_type=-1)
[src/runtime/RuntimeContext.cpp:1448][APP - INFO] Registered effect keeper キノピオ group Kinopio capacity 8
[src/runtime/RuntimeContext.cpp:1532][APP - INFO] SMG semantic event name_obj_lifecycle:construct (object=Kinopio;actor=キノピオ)
[src/runtime/RuntimeContext.cpp:1532][APP - INFO] SMG semantic event sequence:stage_host_constructed (host=Kinopio;stage=PeachCastleGardenGalaxy)
[src/runtime/RuntimeContext.cpp:1532][APP - INFO] SMG semantic event name_obj_lifecycle:init_from_placement (object=キノピオ;stage=PeachCastleGardenGalaxy;zone=PeachCastleGardenGalaxy;table=jmp/placement/layera/objinfo;row=53;l_id=182)
[src/runtime/RuntimeContext.cpp:1532][APP - INFO] SMG semantic event sequence:stage_host_initialized (host=Kinopio;stage=PeachCastleGardenGalaxy)
[src/runtime/RuntimeContext.cpp:1532][APP - INFO] SMG semantic event placement:stage_object (stage=PeachCastleGardenGalaxy;zone=PeachCastleGardenGalaxy;zone_id=0;scenario=1;layer=layera;table=jmp/placement/layera/objinfo;object=Kinopio;factory=created_model_fallback;support_reason=direct_object_archive_model;common_path_id=27;rail_info_attached=true;rail_path_row=16;rail_point_count=3;rail_first_point=8811.862305,2335.615479,8667.791992;model_archive=Kinopio;object_archive=/ObjectData/Kinopio.arc)
[src/runtime/RuntimeContext.cpp:1532][APP - INFO] SMG semantic event name_obj_lifecycle:archive_request (object=Kinopio;archive=Kinopio;kind=object;loaded=true;disc_path=Kinopio.arc)
[src/runtime/RuntimeContext.cpp:1532][APP - INFO] SMG semantic event name_obj_lifecycle:archive_request (object=Kinopio;archive=KinopioMiddle;kind=object;loaded=true;disc_path=KinopioMiddle.arc)
[src/runtime/RuntimeContext.cpp:1532][APP - INFO] SMG semantic event name_obj_lifecycle:archive_request (object=Kinopio;archive=KinopioLow;kind=object;loaded=true;disc_path=KinopioLow.arc)
[src/runtime/RuntimeContext.cpp:1532][APP - INFO] SMG semantic event name_obj_lifecycle:connect_to_scene (object=キノピオ;kind=live_actor_model;movement=34;calc_anim=5;draw_buffer=8;draw_type=-1)
[src/runtime/RuntimeContext.cpp:1448][APP - INFO] Registered effect keeper キノピオ group Kinopio capacity 8
[src/runtime/RuntimeContext.cpp:1532][APP - INFO] SMG semantic event name_obj_lifecycle:construct (object=Kinopio;actor=キノピオ)
[src/runtime/RuntimeContext.cpp:1532][APP - INFO] SMG semantic event sequence:stage_host_constructed (host=Kinopio;stage=PeachCastleGardenGalaxy)
[src/runtime/RuntimeContext.cpp:1532][APP - INFO] SMG semantic event name_obj_lifecycle:init_from_placement (object=キノピオ;stage=PeachCastleGardenGalaxy;zone=PeachCastleGardenGalaxy;table=jmp/placement/layera/objinfo;row=54;l_id=183)
[src/runtime/RuntimeContext.cpp:1532][APP - INFO] SMG semantic event sequence:stage_host_initialized (host=Kinopio;stage=PeachCastleGardenGalaxy)
[src/runtime/RuntimeContext.cpp:1532][APP - INFO] SMG semantic event placement:stage_object (stage=PeachCastleGardenGalaxy;zone=PeachCastleGardenGalaxy;zone_id=0;scenario=1;layer=layera;table=jmp/placement/layera/objinfo;object=Kinopio;factory=created_model_fallback;support_reason=direct_object_archive_model;common_path_id=30;rail_info_attached=true;rail_path_row=19;rail_point_count=3;rail_first_point=12149.983398,1320.000000,10760.173828;model_archive=Kinopio;object_archive=/ObjectData/Kinopio.arc)
[src/runtime/RuntimeContext.cpp:1532][APP - INFO] SMG semantic event name_obj_lifecycle:archive_request (object=Kinopio;archive=Kinopio;kind=object;loaded=true;disc_path=Kinopio.arc)
[src/runtime/RuntimeContext.cpp:1532][APP - INFO] SMG semantic event name_obj_lifecycle:archive_request (object=Kinopio;archive=KinopioMiddle;kind=object;loaded=true;disc_path=KinopioMiddle.arc)
[src/runtime/RuntimeContext.cpp:1532][APP - INFO] SMG semantic event name_obj_lifecycle:archive_request (object=Kinopio;archive=KinopioLow;kind=object;loaded=true;disc_path=KinopioLow.arc)
[src/runtime/RuntimeContext.cpp:1532][APP - INFO] SMG semantic event name_obj_lifecycle:connect_to_scene (object=キノピオ;kind=live_actor_model;movement=34;calc_anim=5;draw_buffer=8;draw_type=-1)
[src/runtime/RuntimeContext.cpp:1448][APP - INFO] Registered effect keeper キノピオ group Kinopio capacity 8
[src/runtime/RuntimeContext.cpp:1532][APP - INFO] SMG semantic event name_obj_lifecycle:construct (object=Kinopio;actor=キノピオ)
[src/runtime/RuntimeContext.cpp:1532][APP - INFO] SMG semantic event sequence:stage_host_constructed (host=Kinopio;stage=PeachCastleGardenGalaxy)
[src/runtime/RuntimeContext.cpp:1532][APP - INFO] SMG semantic event name_obj_lifecycle:init_from_placement (object=キノピオ;stage=PeachCastleGardenGalaxy;zone=PeachCastleGardenGalaxy;table=jmp/placement/layera/objinfo;row=55;l_id=184)
[src/runtime/RuntimeContext.cpp:1532][APP - INFO] SMG semantic event sequence:stage_host_initialized (host=Kinopio;stage=PeachCastleGardenGalaxy)
[src/runtime/RuntimeContext.cpp:1532][APP - INFO] SMG semantic event placement:stage_object (stage=PeachCastleGardenGalaxy;zone=PeachCastleGardenGalaxy;zone_id=0;scenario=1;layer=layera;table=jmp/placement/layera/objinfo;object=GalaxySky;factory=created_model_fallback;support_reason=direct_object_archive_model;common_path_id=-1;rail_info_attached=false;rail_path_row=-1;rail_point_count=0;rail_first_point=none;model_archive=GalaxySky;object_archive=/ObjectData/GalaxySky.arc)
[src/runtime/RuntimeContext.cpp:1532][APP - INFO] SMG semantic event name_obj_lifecycle:archive_request (object=GalaxySky;archive=GalaxySky;kind=object;loaded=true;disc_path=GalaxySky.arc)
[src/runtime/RuntimeContext.cpp:1532][APP - INFO] SMG semantic event name_obj_lifecycle:connect_to_scene (object=銀河空;kind=live_actor_model;movement=34;calc_anim=5;draw_buffer=8;draw_type=-1)
[src/runtime/RuntimeContext.cpp:1448][APP - INFO] Registered effect keeper 銀河空 group GalaxySky capacity 8
[src/runtime/RuntimeContext.cpp:1532][APP - INFO] SMG semantic event name_obj_lifecycle:construct (object=GalaxySky;actor=銀河空)
[src/runtime/RuntimeContext.cpp:1532][APP - INFO] SMG semantic event sequence:stage_host_constructed (host=GalaxySky;stage=PeachCastleGardenGalaxy)
[src/runtime/RuntimeContext.cpp:1532][APP - INFO] SMG semantic event name_obj_lifecycle:init_from_placement (object=銀河空;stage=PeachCastleGardenGalaxy;zone=PeachCastleGardenGalaxy;table=jmp/placement/layera/objinfo;row=56;l_id=26)
[src/runtime/RuntimeContext.cpp:1532][APP - INFO] SMG semantic event sequence:stage_host_initialized (host=GalaxySky;stage=PeachCastleGardenGalaxy)
[src/runtime/RuntimeContext.cpp:1532][APP - INFO] SMG semantic event placement:stage_object (stage=PeachCastleGardenGalaxy;zone=PeachCastleGardenGalaxy;zone_id=0;scenario=1;layer=layera;table=jmp/placement/layera/objinfo;object=Butterfly;factory=created_model_fallback;support_reason=direct_object_archive_model;common_path_id=-1;rail_info_attached=false;rail_path_row=-1;rail_point_count=0;rail_first_point=none;model_archive=Butterfly;object_archive=/ObjectData/Butterfly.arc)
[src/runtime/RuntimeContext.cpp:1532][APP - INFO] SMG semantic event name_obj_lifecycle:archive_request (object=Butterfly;archive=Butterfly;kind=object;loaded=true;disc_path=Butterfly.arc)
[src/runtime/RuntimeContext.cpp:1532][APP - INFO] SMG semantic event name_obj_lifecycle:connect_to_scene (object=蝶;kind=live_actor_model;movement=34;calc_anim=5;draw_buffer=8;draw_type=-1)
[src/runtime/RuntimeContext.cpp:1448][APP - INFO] Registered effect keeper 蝶 group Butterfly capacity 8
[src/runtime/RuntimeContext.cpp:1532][APP - INFO] SMG semantic event name_obj_lifecycle:construct (object=Butterfly;actor=蝶)
[src/runtime/RuntimeContext.cpp:1532][APP - INFO] SMG semantic event sequence:stage_host_constructed (host=Butterfly;stage=PeachCastleGardenGalaxy)
[src/runtime/RuntimeContext.cpp:1532][APP - INFO] SMG semantic event name_obj_lifecycle:init_from_placement (object=蝶;stage=PeachCastleGardenGalaxy;zone=PeachCastleGardenGalaxy;table=jmp/placement/layera/objinfo;row=57;l_id=44)
[src/runtime/RuntimeContext.cpp:1532][APP - INFO] SMG semantic event sequence:stage_host_initialized (host=Butterfly;stage=PeachCastleGardenGalaxy)
[src/runtime/RuntimeContext.cpp:1532][APP - INFO] SMG semantic event placement:stage_object (stage=PeachCastleGardenGalaxy;zone=PeachCastleGardenGalaxy;zone_id=0;scenario=1;layer=layera;table=jmp/placement/layera/objinfo;object=FountainBig;factory=created_model_fallback;support_reason=direct_object_archive_model;common_path_id=-1;rail_info_attached=false;rail_path_row=-1;rail_point_count=0;rail_first_point=none;model_archive=FountainBig;object_archive=/ObjectData/FountainBig.arc)
[src/runtime/RuntimeContext.cpp:1532][APP - INFO] SMG semantic event name_obj_lifecycle:archive_request (object=FountainBig;archive=FountainBig;kind=object;loaded=true;disc_path=FountainBig.arc)
[src/runtime/RuntimeContext.cpp:1532][APP - INFO] SMG semantic event name_obj_lifecycle:connect_to_scene (object=噴水（大）;kind=live_actor_model;movement=34;calc_anim=5;draw_buffer=8;draw_type=-1)
[src/runtime/RuntimeContext.cpp:1448][APP - INFO] Registered effect keeper 噴水（大） group FountainBig capacity 8
[src/runtime/RuntimeContext.cpp:1532][APP - INFO] SMG semantic event name_obj_lifecycle:construct (object=FountainBig;actor=噴水（大）)
[src/runtime/RuntimeContext.cpp:1532][APP - INFO] SMG semantic event sequence:stage_host_constructed (host=FountainBig;stage=PeachCastleGardenGalaxy)
[src/runtime/RuntimeContext.cpp:1532][APP - INFO] SMG semantic event name_obj_lifecycle:init_from_placement (object=噴水（大）;stage=PeachCastleGardenGalaxy;zone=PeachCastleGardenGalaxy;table=jmp/placement/layera/objinfo;row=58;l_id=75)
[src/runtime/RuntimeContext.cpp:1532][APP - INFO] SMG semantic event sequence:stage_host_initialized (host=FountainBig;stage=PeachCastleGardenGalaxy)
[src/runtime/RuntimeContext.cpp:1532][APP - INFO] SMG semantic event placement:stage_object (stage=PeachCastleGardenGalaxy;zone=PeachCastleGardenGalaxy;zone_id=0;scenario=1;layer=layera;table=jmp/placement/layera/objinfo;object=FountainBig;factory=created_model_fallback;support_reason=direct_object_archive_model;common_path_id=-1;rail_info_attached=false;rail_path_row=-1;rail_point_count=0;rail_first_point=none;model_archive=FountainBig;object_archive=/ObjectData/FountainBig.arc)
[src/runtime/RuntimeContext.cpp:1532][APP - INFO] SMG semantic event name_obj_lifecycle:archive_request (object=FountainBig;archive=FountainBig;kind=object;loaded=true;disc_path=FountainBig.arc)
[src/runtime/RuntimeContext.cpp:1532][APP - INFO] SMG semantic event name_obj_lifecycle:connect_to_scene (object=噴水（大）;kind=live_actor_model;movement=34;calc_anim=5;draw_buffer=8;draw_type=-1)
[src/runtime/RuntimeContext.cpp:1448][APP - INFO] Registered effect keeper 噴水（大） group FountainBig capacity 8
[src/runtime/RuntimeContext.cpp:1532][APP - INFO] SMG semantic event name_obj_lifecycle:construct (object=FountainBig;actor=噴水（大）)
[src/runtime/RuntimeContext.cpp:1532][APP - INFO] SMG semantic event sequence:stage_host_constructed (host=FountainBig;stage=PeachCastleGardenGalaxy)
[src/runtime/RuntimeContext.cpp:1532][APP - INFO] SMG semantic event name_obj_lifecycle:init_from_placement (object=噴水（大）;stage=PeachCastleGardenGalaxy;zone=PeachCastleGardenGalaxy;table=jmp/placement/layera/objinfo;row=59;l_id=76)
[src/runtime/RuntimeContext.cpp:1532][APP - INFO] SMG semantic event sequence:stage_host_initialized (host=FountainBig;stage=PeachCastleGardenGalaxy)
[src/runtime/RuntimeContext.cpp:1532][APP - INFO] SMG semantic event placement:stage_object (stage=PeachCastleGardenGalaxy;zone=PeachCastleGardenGalaxy;zone_id=0;scenario=1;layer=layera;table=jmp/placement/layera/objinfo;object=FountainBig;factory=created_model_fallback;support_reason=direct_object_archive_model;common_path_id=-1;rail_info_attached=false;rail_path_row=-1;rail_point_count=0;rail_first_point=none;model_archive=FountainBig;object_archive=/ObjectData/FountainBig.arc)
[src/runtime/RuntimeContext.cpp:1532][APP - INFO] SMG semantic event name_obj_lifecycle:archive_request (object=FountainBig;archive=FountainBig;kind=object;loaded=true;disc_path=FountainBig.arc)
[src/runtime/RuntimeContext.cpp:1532][APP - INFO] SMG semantic event name_obj_lifecycle:connect_to_scene (object=噴水（大）;kind=live_actor_model;movement=34;calc_anim=5;draw_buffer=8;draw_type=-1)
[src/runtime/RuntimeContext.cpp:1448][APP - INFO] Registered effect keeper 噴水（大） group FountainBig capacity 8
[src/runtime/RuntimeContext.cpp:1532][APP - INFO] SMG semantic event name_obj_lifecycle:construct (object=FountainBig;actor=噴水（大）)
[src/runtime/RuntimeContext.cpp:1532][APP - INFO] SMG semantic event sequence:stage_host_constructed (host=FountainBig;stage=PeachCastleGardenGalaxy)
[src/runtime/RuntimeContext.cpp:1532][APP - INFO] SMG semantic event name_obj_lifecycle:init_from_placement (object=噴水（大）;stage=PeachCastleGardenGalaxy;zone=PeachCastleGardenGalaxy;table=jmp/placement/layera/objinfo;row=60;l_id=77)
[src/runtime/RuntimeContext.cpp:1532][APP - INFO] SMG semantic event sequence:stage_host_initialized (host=FountainBig;stage=PeachCastleGardenGalaxy)
[src/runtime/RuntimeContext.cpp:1532][APP - INFO] SMG semantic event placement:stage_object (stage=PeachCastleGardenGalaxy;zone=PeachCastleGardenGalaxy;zone_id=0;scenario=1;layer=layera;table=jmp/placement/layera/objinfo;object=FountainBig;factory=created_model_fallback;support_reason=direct_object_archive_model;common_path_id=-1;rail_info_attached=false;rail_path_row=-1;rail_point_count=0;rail_first_point=none;model_archive=FountainBig;object_archive=/ObjectData/FountainBig.arc)
[src/runtime/RuntimeContext.cpp:1532][APP - INFO] SMG semantic event name_obj_lifecycle:archive_request (object=FountainBig;archive=FountainBig;kind=object;loaded=true;disc_path=FountainBig.arc)
[src/runtime/RuntimeContext.cpp:1532][APP - INFO] SMG semantic event name_obj_lifecycle:connect_to_scene (object=噴水（大）;kind=live_actor_model;movement=34;calc_anim=5;draw_buffer=8;draw_type=-1)
[src/runtime/RuntimeContext.cpp:1448][APP - INFO] Registered effect keeper 噴水（大） group FountainBig capacity 8
[src/runtime/RuntimeContext.cpp:1532][APP - INFO] SMG semantic event name_obj_lifecycle:construct (object=FountainBig;actor=噴水（大）)
[src/runtime/RuntimeContext.cpp:1532][APP - INFO] SMG semantic event sequence:stage_host_constructed (host=FountainBig;stage=PeachCastleGardenGalaxy)
[src/runtime/RuntimeContext.cpp:1532][APP - INFO] SMG semantic event name_obj_lifecycle:init_from_placement (object=噴水（大）;stage=PeachCastleGardenGalaxy;zone=PeachCastleGardenGalaxy;table=jmp/placement/layera/objinfo;row=61;l_id=78)
[src/runtime/RuntimeContext.cpp:1532][APP - INFO] SMG semantic event sequence:stage_host_initialized (host=FountainBig;stage=PeachCastleGardenGalaxy)
[src/runtime/RuntimeContext.cpp:1532][APP - INFO] SMG semantic event placement:stage_object (stage=PeachCastleGardenGalaxy;zone=PeachCastleGardenGalaxy;zone_id=0;scenario=1;layer=layera;table=jmp/placement/layera/objinfo;object=Butterfly;factory=created_model_fallback;support_reason=direct_object_archive_model;common_path_id=-1;rail_info_attached=false;rail_path_row=-1;rail_point_count=0;rail_first_point=none;model_archive=Butterfly;object_archive=/ObjectData/Butterfly.arc)
[src/runtime/RuntimeContext.cpp:1532][APP - INFO] SMG semantic event name_obj_lifecycle:archive_request (object=Butterfly;archive=Butterfly;kind=object;loaded=true;disc_path=Butterfly.arc)
[src/runtime/RuntimeContext.cpp:1532][APP - INFO] SMG semantic event name_obj_lifecycle:connect_to_scene (object=蝶;kind=live_actor_model;movement=34;calc_anim=5;draw_buffer=8;draw_type=-1)
[src/runtime/RuntimeContext.cpp:1448][APP - INFO] Registered effect keeper 蝶 group Butterfly capacity 8
[src/runtime/RuntimeContext.cpp:1532][APP - INFO] SMG semantic event name_obj_lifecycle:construct (object=Butterfly;actor=蝶)
[src/runtime/RuntimeContext.cpp:1532][APP - INFO] SMG semantic event sequence:stage_host_constructed (host=Butterfly;stage=PeachCastleGardenGalaxy)
[src/runtime/RuntimeContext.cpp:1532][APP - INFO] SMG semantic event name_obj_lifecycle:init_from_placement (object=蝶;stage=PeachCastleGardenGalaxy;zone=PeachCastleGardenGalaxy;table=jmp/placement/layera/objinfo;row=62;l_id=99)
[src/runtime/RuntimeContext.cpp:1532][APP - INFO] SMG semantic event sequence:stage_host_initialized (host=Butterfly;stage=PeachCastleGardenGalaxy)
[src/runtime/RuntimeContext.cpp:1532][APP - INFO] SMG semantic event placement:stage_object (stage=PeachCastleGardenGalaxy;zone=PeachCastleGardenGalaxy;zone_id=0;scenario=1;layer=layera;table=jmp/placement/layera/objinfo;object=CrystalCageS;factory=created_model_fallback;support_reason=direct_object_archive_model;common_path_id=-1;rail_info_attached=false;rail_path_row=-1;rail_point_count=0;rail_first_point=none;model_archive=CrystalCageS;object_archive=/ObjectData/CrystalCageS.arc)
[src/runtime/RuntimeContext.cpp:1532][APP - INFO] SMG semantic event name_obj_lifecycle:archive_request (object=CrystalCageS;archive=CrystalCageS;kind=object;loaded=true;disc_path=CrystalCageS.arc)
[src/runtime/RuntimeContext.cpp:1532][APP - INFO] SMG semantic event name_obj_lifecycle:archive_request (object=CrystalCageS;archive=CrystalCageSBreak;kind=object;loaded=true;disc_path=CrystalCageSBreak.arc)
[src/runtime/RuntimeContext.cpp:1532][APP - INFO] SMG semantic event name_obj_lifecycle:connect_to_scene (object=クリスタルケージ[小];kind=live_actor_model;movement=34;calc_anim=5;draw_buffer=8;draw_type=-1)
[src/runtime/RuntimeContext.cpp:1448][APP - INFO] Registered effect keeper クリスタルケージ[小] group CrystalCageS capacity 8
[src/runtime/RuntimeContext.cpp:1532][APP - INFO] SMG semantic event name_obj_lifecycle:construct (object=CrystalCageS;actor=クリスタルケージ[小])
[src/runtime/RuntimeContext.cpp:1532][APP - INFO] SMG semantic event sequence:stage_host_constructed (host=CrystalCageS;stage=PeachCastleGardenGalaxy)
[src/runtime/RuntimeContext.cpp:1532][APP - INFO] SMG semantic event name_obj_lifecycle:init_from_placement (object=クリスタルケージ[小];stage=PeachCastleGardenGalaxy;zone=PeachCastleGardenGalaxy;table=jmp/placement/layera/objinfo;row=63;l_id=102)
[src/runtime/RuntimeContext.cpp:1532][APP - INFO] SMG semantic event sequence:stage_host_initialized (host=CrystalCageS;stage=PeachCastleGardenGalaxy)
[src/runtime/RuntimeContext.cpp:1532][APP - INFO] SMG semantic event placement:stage_object (stage=PeachCastleGardenGalaxy;zone=PeachCastleGardenGalaxy;zone_id=0;scenario=1;layer=layera;table=jmp/placement/layera/objinfo;object=CrystalCageS;factory=created_model_fallback;support_reason=direct_object_archive_model;common_path_id=-1;rail_info_attached=false;rail_path_row=-1;rail_point_count=0;rail_first_point=none;model_archive=CrystalCageS;object_archive=/ObjectData/CrystalCageS.arc)
[src/runtime/RuntimeContext.cpp:1532][APP - INFO] SMG semantic event name_obj_lifecycle:archive_request (object=CrystalCageS;archive=CrystalCageS;kind=object;loaded=true;disc_path=CrystalCageS.arc)
[src/runtime/RuntimeContext.cpp:1532][APP - INFO] SMG semantic event name_obj_lifecycle:archive_request (object=CrystalCageS;archive=CrystalCageSBreak;kind=object;loaded=true;disc_path=CrystalCageSBreak.arc)
[src/runtime/RuntimeContext.cpp:1532][APP - INFO] SMG semantic event name_obj_lifecycle:connect_to_scene (object=クリスタルケージ[小];kind=live_actor_model;movement=34;calc_anim=5;draw_buffer=8;draw_type=-1)
[src/runtime/RuntimeContext.cpp:1448][APP - INFO] Registered effect keeper クリスタルケージ[小] group CrystalCageS capacity 8
[src/runtime/RuntimeContext.cpp:1532][APP - INFO] SMG semantic event name_obj_lifecycle:construct (object=CrystalCageS;actor=クリスタルケージ[小])
[src/runtime/RuntimeContext.cpp:1532][APP - INFO] SMG semantic event sequence:stage_host_constructed (host=CrystalCageS;stage=PeachCastleGardenGalaxy)
[src/runtime/RuntimeContext.cpp:1532][APP - INFO] SMG semantic event name_obj_lifecycle:init_from_placement (object=クリスタルケージ[小];stage=PeachCastleGardenGalaxy;zone=PeachCastleGardenGalaxy;table=jmp/placement/layera/objinfo;row=64;l_id=104)
[src/runtime/RuntimeContext.cpp:1532][APP - INFO] SMG semantic event sequence:stage_host_initialized (host=CrystalCageS;stage=PeachCastleGardenGalaxy)
[src/runtime/RuntimeContext.cpp:1532][APP - INFO] SMG semantic event placement:stage_object (stage=PeachCastleGardenGalaxy;zone=PeachCastleGardenGalaxy;zone_id=0;scenario=1;layer=layera;table=jmp/placement/layera/objinfo;object=CrystalCageS;factory=created_model_fallback;support_reason=direct_object_archive_model;common_path_id=-1;rail_info_attached=false;rail_path_row=-1;rail_point_count=0;rail_first_point=none;model_archive=CrystalCageS;object_archive=/ObjectData/CrystalCageS.arc)
[src/runtime/RuntimeContext.cpp:1532][APP - INFO] SMG semantic event name_obj_lifecycle:archive_request (object=CrystalCageS;archive=CrystalCageS;kind=object;loaded=true;disc_path=CrystalCageS.arc)
[src/runtime/RuntimeContext.cpp:1532][APP - INFO] SMG semantic event name_obj_lifecycle:archive_request (object=CrystalCageS;archive=CrystalCageSBreak;kind=object;loaded=true;disc_path=CrystalCageSBreak.arc)
[src/runtime/RuntimeContext.cpp:1532][APP - INFO] SMG semantic event name_obj_lifecycle:connect_to_scene (object=クリスタルケージ[小];kind=live_actor_model;movement=34;calc_anim=5;draw_buffer=8;draw_type=-1)
[src/runtime/RuntimeContext.cpp:1448][APP - INFO] Registered effect keeper クリスタルケージ[小] group CrystalCageS capacity 8
[src/runtime/RuntimeContext.cpp:1532][APP - INFO] SMG semantic event name_obj_lifecycle:construct (object=CrystalCageS;actor=クリスタルケージ[小])
[src/runtime/RuntimeContext.cpp:1532][APP - INFO] SMG semantic event sequence:stage_host_constructed (host=CrystalCageS;stage=PeachCastleGardenGalaxy)
[src/runtime/RuntimeContext.cpp:1532][APP - INFO] SMG semantic event name_obj_lifecycle:init_from_placement (object=クリスタルケージ[小];stage=PeachCastleGardenGalaxy;zone=PeachCastleGardenGalaxy;table=jmp/placement/layera/objinfo;row=65;l_id=105)
[src/runtime/RuntimeContext.cpp:1532][APP - INFO] SMG semantic event sequence:stage_host_initialized (host=CrystalCageS;stage=PeachCastleGardenGalaxy)
[src/runtime/RuntimeContext.cpp:1532][APP - INFO] SMG semantic event placement:stage_object (stage=PeachCastleGardenGalaxy;zone=PeachCastleGardenGalaxy;zone_id=0;scenario=1;layer=layera;table=jmp/placement/layera/objinfo;object=CrystalCageS;factory=created_model_fallback;support_reason=direct_object_archive_model;common_path_id=-1;rail_info_attached=false;rail_path_row=-1;rail_point_count=0;rail_first_point=none;model_archive=CrystalCageS;object_archive=/ObjectData/CrystalCageS.arc)
[src/runtime/RuntimeContext.cpp:1532][APP - INFO] SMG semantic event name_obj_lifecycle:archive_request (object=CrystalCageS;archive=CrystalCageS;kind=object;loaded=true;disc_path=CrystalCageS.arc)
[src/runtime/RuntimeContext.cpp:1532][APP - INFO] SMG semantic event name_obj_lifecycle:archive_request (object=CrystalCageS;archive=CrystalCageSBreak;kind=object;loaded=true;disc_path=CrystalCageSBreak.arc)
[src/runtime/RuntimeContext.cpp:1532][APP - INFO] SMG semantic event name_obj_lifecycle:connect_to_scene (object=クリスタルケージ[小];kind=live_actor_model;movement=34;calc_anim=5;draw_buffer=8;draw_type=-1)
[src/runtime/RuntimeContext.cpp:1448][APP - INFO] Registered effect keeper クリスタルケージ[小] group CrystalCageS capacity 8
[src/runtime/RuntimeContext.cpp:1532][APP - INFO] SMG semantic event name_obj_lifecycle:construct (object=CrystalCageS;actor=クリスタルケージ[小])
[src/runtime/RuntimeContext.cpp:1532][APP - INFO] SMG semantic event sequence:stage_host_constructed (host=CrystalCageS;stage=PeachCastleGardenGalaxy)
[src/runtime/RuntimeContext.cpp:1532][APP - INFO] SMG semantic event name_obj_lifecycle:init_from_placement (object=クリスタルケージ[小];stage=PeachCastleGardenGalaxy;zone=PeachCastleGardenGalaxy;table=jmp/placement/layera/objinfo;row=66;l_id=108)
[src/runtime/RuntimeContext.cpp:1532][APP - INFO] SMG semantic event sequence:stage_host_initialized (host=CrystalCageS;stage=PeachCastleGardenGalaxy)
[src/runtime/RuntimeContext.cpp:1532][APP - INFO] SMG semantic event placement:stage_object (stage=PeachCastleGardenGalaxy;zone=PeachCastleGardenGalaxy;zone_id=0;scenario=1;layer=layera;table=jmp/placement/layera/objinfo;object=CrystalCageS;factory=created_model_fallback;support_reason=direct_object_archive_model;common_path_id=-1;rail_info_attached=false;rail_path_row=-1;rail_point_count=0;rail_first_point=none;model_archive=CrystalCageS;object_archive=/ObjectData/CrystalCageS.arc)
[src/runtime/RuntimeContext.cpp:1532][APP - INFO] SMG semantic event name_obj_lifecycle:archive_request (object=CrystalCageS;archive=CrystalCageS;kind=object;loaded=true;disc_path=CrystalCageS.arc)
[src/runtime/RuntimeContext.cpp:1532][APP - INFO] SMG semantic event name_obj_lifecycle:archive_request (object=CrystalCageS;archive=CrystalCageSBreak;kind=object;loaded=true;disc_path=CrystalCageSBreak.arc)
[src/runtime/RuntimeContext.cpp:1532][APP - INFO] SMG semantic event name_obj_lifecycle:connect_to_scene (object=クリスタルケージ[小];kind=live_actor_model;movement=34;calc_anim=5;draw_buffer=8;draw_type=-1)
[src/runtime/RuntimeContext.cpp:1448][APP - INFO] Registered effect keeper クリスタルケージ[小] group CrystalCageS capacity 8
[src/runtime/RuntimeContext.cpp:1532][APP - INFO] SMG semantic event name_obj_lifecycle:construct (object=CrystalCageS;actor=クリスタルケージ[小])
[src/runtime/RuntimeContext.cpp:1532][APP - INFO] SMG semantic event sequence:stage_host_constructed (host=CrystalCageS;stage=PeachCastleGardenGalaxy)
[src/runtime/RuntimeContext.cpp:1532][APP - INFO] SMG semantic event name_obj_lifecycle:init_from_placement (object=クリスタルケージ[小];stage=PeachCastleGardenGalaxy;zone=PeachCastleGardenGalaxy;table=jmp/placement/layera/objinfo;row=67;l_id=109)
[src/runtime/RuntimeContext.cpp:1532][APP - INFO] SMG semantic event sequence:stage_host_initialized (host=CrystalCageS;stage=PeachCastleGardenGalaxy)
[src/runtime/RuntimeContext.cpp:1532][APP - INFO] SMG semantic event placement:stage_object (stage=PeachCastleGardenGalaxy;zone=PeachCastleGardenGalaxy;zone_id=0;scenario=1;layer=layera;table=jmp/placement/layera/objinfo;object=CrystalCageS;factory=created_model_fallback;support_reason=direct_object_archive_model;common_path_id=-1;rail_info_attached=false;rail_path_row=-1;rail_point_count=0;rail_first_point=none;model_archive=CrystalCageS;object_archive=/ObjectData/CrystalCageS.arc)
[src/runtime/RuntimeContext.cpp:1532][APP - INFO] SMG semantic event name_obj_lifecycle:archive_request (object=CrystalCageS;archive=CrystalCageS;kind=object;loaded=true;disc_path=CrystalCageS.arc)
[src/runtime/RuntimeContext.cpp:1532][APP - INFO] SMG semantic event name_obj_lifecycle:archive_request (object=CrystalCageS;archive=CrystalCageSBreak;kind=object;loaded=true;disc_path=CrystalCageSBreak.arc)
[src/runtime/RuntimeContext.cpp:1532][APP - INFO] SMG semantic event name_obj_lifecycle:connect_to_scene (object=クリスタルケージ[小];kind=live_actor_model;movement=34;calc_anim=5;draw_buffer=8;draw_type=-1)
[src/runtime/RuntimeContext.cpp:1448][APP - INFO] Registered effect keeper クリスタルケージ[小] group CrystalCageS capacity 8
[src/runtime/RuntimeContext.cpp:1532][APP - INFO] SMG semantic event name_obj_lifecycle:construct (object=CrystalCageS;actor=クリスタルケージ[小])
[src/runtime/RuntimeContext.cpp:1532][APP - INFO] SMG semantic event sequence:stage_host_constructed (host=CrystalCageS;stage=PeachCastleGardenGalaxy)
[src/runtime/RuntimeContext.cpp:1532][APP - INFO] SMG semantic event name_obj_lifecycle:init_from_placement (object=クリスタルケージ[小];stage=PeachCastleGardenGalaxy;zone=PeachCastleGardenGalaxy;table=jmp/placement/layera/objinfo;row=68;l_id=110)
[src/runtime/RuntimeContext.cpp:1532][APP - INFO] SMG semantic event sequence:stage_host_initialized (host=CrystalCageS;stage=PeachCastleGardenGalaxy)
[src/runtime/RuntimeContext.cpp:1532][APP - INFO] SMG semantic event placement:stage_object (stage=PeachCastleGardenGalaxy;zone=PeachCastleGardenGalaxy;zone_id=0;scenario=1;layer=layera;table=jmp/placement/layera/objinfo;object=CrystalCageS;factory=created_model_fallback;support_reason=direct_object_archive_model;common_path_id=-1;rail_info_attached=false;rail_path_row=-1;rail_point_count=0;rail_first_point=none;model_archive=CrystalCageS;object_archive=/ObjectData/CrystalCageS.arc)
[src/runtime/RuntimeContext.cpp:1532][APP - INFO] SMG semantic event name_obj_lifecycle:archive_request (object=CrystalCageS;archive=CrystalCageS;kind=object;loaded=true;disc_path=CrystalCageS.arc)
[src/runtime/RuntimeContext.cpp:1532][APP - INFO] SMG semantic event name_obj_lifecycle:archive_request (object=CrystalCageS;archive=CrystalCageSBreak;kind=object;loaded=true;disc_path=CrystalCageSBreak.arc)
[src/runtime/RuntimeContext.cpp:1532][APP - INFO] SMG semantic event name_obj_lifecycle:connect_to_scene (object=クリスタルケージ[小];kind=live_actor_model;movement=34;calc_anim=5;draw_buffer=8;draw_type=-1)
[src/runtime/RuntimeContext.cpp:1448][APP - INFO] Registered effect keeper クリスタルケージ[小] group CrystalCageS capacity 8
[src/runtime/RuntimeContext.cpp:1532][APP - INFO] SMG semantic event name_obj_lifecycle:construct (object=CrystalCageS;actor=クリスタルケージ[小])
[src/runtime/RuntimeContext.cpp:1532][APP - INFO] SMG semantic event sequence:stage_host_constructed (host=CrystalCageS;stage=PeachCastleGardenGalaxy)
[src/runtime/RuntimeContext.cpp:1532][APP - INFO] SMG semantic event name_obj_lifecycle:init_from_placement (object=クリスタルケージ[小];stage=PeachCastleGardenGalaxy;zone=PeachCastleGardenGalaxy;table=jmp/placement/layera/objinfo;row=69;l_id=111)
[src/runtime/RuntimeContext.cpp:1532][APP - INFO] SMG semantic event sequence:stage_host_initialized (host=CrystalCageS;stage=PeachCastleGardenGalaxy)
[src/runtime/RuntimeContext.cpp:1532][APP - INFO] SMG semantic event placement:stage_object (stage=PeachCastleGardenGalaxy;zone=PeachCastleGardenGalaxy;zone_id=0;scenario=1;layer=layera;table=jmp/placement/layera/objinfo;object=CrystalCageS;factory=created_model_fallback;support_reason=direct_object_archive_model;common_path_id=-1;rail_info_attached=false;rail_path_row=-1;rail_point_count=0;rail_first_point=none;model_archive=CrystalCageS;object_archive=/ObjectData/CrystalCageS.arc)
[src/runtime/RuntimeContext.cpp:1532][APP - INFO] SMG semantic event name_obj_lifecycle:archive_request (object=CrystalCageS;archive=CrystalCageS;kind=object;loaded=true;disc_path=CrystalCageS.arc)
[src/runtime/RuntimeContext.cpp:1532][APP - INFO] SMG semantic event name_obj_lifecycle:archive_request (object=CrystalCageS;archive=CrystalCageSBreak;kind=object;loaded=true;disc_path=CrystalCageSBreak.arc)
[src/runtime/RuntimeContext.cpp:1532][APP - INFO] SMG semantic event name_obj_lifecycle:connect_to_scene (object=クリスタルケージ[小];kind=live_actor_model;movement=34;calc_anim=5;draw_buffer=8;draw_type=-1)
[src/runtime/RuntimeContext.cpp:1448][APP - INFO] Registered effect keeper クリスタルケージ[小] group CrystalCageS capacity 8
[src/runtime/RuntimeContext.cpp:1532][APP - INFO] SMG semantic event name_obj_lifecycle:construct (object=CrystalCageS;actor=クリスタルケージ[小])
[src/runtime/RuntimeContext.cpp:1532][APP - INFO] SMG semantic event sequence:stage_host_constructed (host=CrystalCageS;stage=PeachCastleGardenGalaxy)
[src/runtime/RuntimeContext.cpp:1532][APP - INFO] SMG semantic event name_obj_lifecycle:init_from_placement (object=クリスタルケージ[小];stage=PeachCastleGardenGalaxy;zone=PeachCastleGardenGalaxy;table=jmp/placement/layera/objinfo;row=70;l_id=113)
[src/runtime/RuntimeContext.cpp:1532][APP - INFO] SMG semantic event sequence:stage_host_initialized (host=CrystalCageS;stage=PeachCastleGardenGalaxy)
[src/runtime/RuntimeContext.cpp:1532][APP - INFO] SMG semantic event placement:stage_object (stage=PeachCastleGardenGalaxy;zone=PeachCastleGardenGalaxy;zone_id=0;scenario=1;layer=layera;table=jmp/placement/layera/objinfo;object=CrystalCageS;factory=created_model_fallback;support_reason=direct_object_archive_model;common_path_id=-1;rail_info_attached=false;rail_path_row=-1;rail_point_count=0;rail_first_point=none;model_archive=CrystalCageS;object_archive=/ObjectData/CrystalCageS.arc)
[src/runtime/RuntimeContext.cpp:1532][APP - INFO] SMG semantic event name_obj_lifecycle:archive_request (object=CrystalCageS;archive=CrystalCageS;kind=object;loaded=true;disc_path=CrystalCageS.arc)
[src/runtime/RuntimeContext.cpp:1532][APP - INFO] SMG semantic event name_obj_lifecycle:archive_request (object=CrystalCageS;archive=CrystalCageSBreak;kind=object;loaded=true;disc_path=CrystalCageSBreak.arc)
[src/runtime/RuntimeContext.cpp:1532][APP - INFO] SMG semantic event name_obj_lifecycle:connect_to_scene (object=クリスタルケージ[小];kind=live_actor_model;movement=34;calc_anim=5;draw_buffer=8;draw_type=-1)
[src/runtime/RuntimeContext.cpp:1448][APP - INFO] Registered effect keeper クリスタルケージ[小] group CrystalCageS capacity 8
[src/runtime/RuntimeContext.cpp:1532][APP - INFO] SMG semantic event name_obj_lifecycle:construct (object=CrystalCageS;actor=クリスタルケージ[小])
[src/runtime/RuntimeContext.cpp:1532][APP - INFO] SMG semantic event sequence:stage_host_constructed (host=CrystalCageS;stage=PeachCastleGardenGalaxy)
[src/runtime/RuntimeContext.cpp:1532][APP - INFO] SMG semantic event name_obj_lifecycle:init_from_placement (object=クリスタルケージ[小];stage=PeachCastleGardenGalaxy;zone=PeachCastleGardenGalaxy;table=jmp/placement/layera/objinfo;row=71;l_id=115)
[src/runtime/RuntimeContext.cpp:1532][APP - INFO] SMG semantic event sequence:stage_host_initialized (host=CrystalCageS;stage=PeachCastleGardenGalaxy)
[src/runtime/RuntimeContext.cpp:1532][APP - INFO] SMG semantic event placement:stage_object (stage=PeachCastleGardenGalaxy;zone=PeachCastleGardenGalaxy;zone_id=0;scenario=1;layer=layera;table=jmp/placement/layera/objinfo;object=CrystalCageS;factory=created_model_fallback;support_reason=direct_object_archive_model;common_path_id=-1;rail_info_attached=false;rail_path_row=-1;rail_point_count=0;rail_first_point=none;model_archive=CrystalCageS;object_archive=/ObjectData/CrystalCageS.arc)
[src/runtime/RuntimeContext.cpp:1532][APP - INFO] SMG semantic event name_obj_lifecycle:archive_request (object=CrystalCageS;archive=CrystalCageS;kind=object;loaded=true;disc_path=CrystalCageS.arc)
[src/runtime/RuntimeContext.cpp:1532][APP - INFO] SMG semantic event name_obj_lifecycle:archive_request (object=CrystalCageS;archive=CrystalCageSBreak;kind=object;loaded=true;disc_path=CrystalCageSBreak.arc)
[src/runtime/RuntimeContext.cpp:1532][APP - INFO] SMG semantic event name_obj_lifecycle:connect_to_scene (object=クリスタルケージ[小];kind=live_actor_model;movement=34;calc_anim=5;draw_buffer=8;draw_type=-1)
[src/runtime/RuntimeContext.cpp:1448][APP - INFO] Registered effect keeper クリスタルケージ[小] group CrystalCageS capacity 8
[src/runtime/RuntimeContext.cpp:1532][APP - INFO] SMG semantic event name_obj_lifecycle:construct (object=CrystalCageS;actor=クリスタルケージ[小])
[src/runtime/RuntimeContext.cpp:1532][APP - INFO] SMG semantic event sequence:stage_host_constructed (host=CrystalCageS;stage=PeachCastleGardenGalaxy)
[src/runtime/RuntimeContext.cpp:1532][APP - INFO] SMG semantic event name_obj_lifecycle:init_from_placement (object=クリスタルケージ[小];stage=PeachCastleGardenGalaxy;zone=PeachCastleGardenGalaxy;table=jmp/placement/layera/objinfo;row=72;l_id=116)
[src/runtime/RuntimeContext.cpp:1532][APP - INFO] SMG semantic event sequence:stage_host_initialized (host=CrystalCageS;stage=PeachCastleGardenGalaxy)
[src/runtime/RuntimeContext.cpp:1532][APP - INFO] SMG semantic event placement:stage_object (stage=PeachCastleGardenGalaxy;zone=PeachCastleGardenGalaxy;zone_id=0;scenario=1;layer=layera;table=jmp/placement/layera/objinfo;object=CrystalCageS;factory=created_model_fallback;support_reason=direct_object_archive_model;common_path_id=-1;rail_info_attached=false;rail_path_row=-1;rail_point_count=0;rail_first_point=none;model_archive=CrystalCageS;object_archive=/ObjectData/CrystalCageS.arc)
[src/runtime/RuntimeContext.cpp:1532][APP - INFO] SMG semantic event name_obj_lifecycle:archive_request (object=CrystalCageS;archive=CrystalCageS;kind=object;loaded=true;disc_path=CrystalCageS.arc)
[src/runtime/RuntimeContext.cpp:1532][APP - INFO] SMG semantic event name_obj_lifecycle:archive_request (object=CrystalCageS;archive=CrystalCageSBreak;kind=object;loaded=true;disc_path=CrystalCageSBreak.arc)
[src/runtime/RuntimeContext.cpp:1532][APP - INFO] SMG semantic event name_obj_lifecycle:connect_to_scene (object=クリスタルケージ[小];kind=live_actor_model;movement=34;calc_anim=5;draw_buffer=8;draw_type=-1)
[src/runtime/RuntimeContext.cpp:1448][APP - INFO] Registered effect keeper クリスタルケージ[小] group CrystalCageS capacity 8
[src/runtime/RuntimeContext.cpp:1532][APP - INFO] SMG semantic event name_obj_lifecycle:construct (object=CrystalCageS;actor=クリスタルケージ[小])
[src/runtime/RuntimeContext.cpp:1532][APP - INFO] SMG semantic event sequence:stage_host_constructed (host=CrystalCageS;stage=PeachCastleGardenGalaxy)
[src/runtime/RuntimeContext.cpp:1532][APP - INFO] SMG semantic event name_obj_lifecycle:init_from_placement (object=クリスタルケージ[小];stage=PeachCastleGardenGalaxy;zone=PeachCastleGardenGalaxy;table=jmp/placement/layera/objinfo;row=73;l_id=118)
[src/runtime/RuntimeContext.cpp:1532][APP - INFO] SMG semantic event sequence:stage_host_initialized (host=CrystalCageS;stage=PeachCastleGardenGalaxy)
[src/runtime/RuntimeContext.cpp:1532][APP - INFO] SMG semantic event placement:stage_object (stage=PeachCastleGardenGalaxy;zone=PeachCastleGardenGalaxy;zone_id=0;scenario=1;layer=layera;table=jmp/placement/layera/objinfo;object=SwitchSynchronizerReverse;factory=created;support_reason=original_factory;common_path_id=-1;rail_info_attached=false;rail_path_row=-1;rail_point_count=0;rail_first_point=none;model_archive=SwitchSynchronizerReverse;object_archive=)
[src/runtime/RuntimeContext.cpp:1532][APP - INFO] SMG semantic event name_obj_lifecycle:construct (object=SwitchSynchronizerReverse;actor=スイッチ同期[反転])
[src/runtime/RuntimeContext.cpp:1532][APP - INFO] SMG semantic event sequence:stage_host_constructed (host=SwitchSynchronizerReverse;stage=PeachCastleGardenGalaxy)
[src/runtime/RuntimeContext.cpp:1532][APP - INFO] SMG semantic event name_obj_lifecycle:init_from_placement (object=スイッチ同期[反転];stage=PeachCastleGardenGalaxy;zone=PeachCastleGardenGalaxy;table=jmp/placement/layera/objinfo;row=74;l_id=126)
[src/runtime/RuntimeContext.cpp:1532][APP - INFO] SMG semantic event name_obj_lifecycle:connect_to_scene (object=スイッチ同期[反転];kind=name_obj;movement=34;calc_anim=-1;draw_buffer=-1;draw_type=-1)
[src/runtime/RuntimeContext.cpp:1532][APP - INFO] SMG semantic event sequence:stage_host_initialized (host=SwitchSynchronizerReverse;stage=PeachCastleGardenGalaxy)
[src/runtime/RuntimeContext.cpp:1532][APP - INFO] SMG semantic event placement:stage_object (stage=PeachCastleGardenGalaxy;zone=PeachCastleGardenGalaxy;zone_id=0;scenario=1;layer=layera;table=jmp/placement/layera/objinfo;object=CrystalCageS;factory=created_model_fallback;support_reason=direct_object_archive_model;common_path_id=-1;rail_info_attached=false;rail_path_row=-1;rail_point_count=0;rail_first_point=none;model_archive=CrystalCageS;object_archive=/ObjectData/CrystalCageS.arc)
[src/runtime/RuntimeContext.cpp:1532][APP - INFO] SMG semantic event name_obj_lifecycle:archive_request (object=CrystalCageS;archive=CrystalCageS;kind=object;loaded=true;disc_path=CrystalCageS.arc)
[src/runtime/RuntimeContext.cpp:1532][APP - INFO] SMG semantic event name_obj_lifecycle:archive_request (object=CrystalCageS;archive=CrystalCageSBreak;kind=object;loaded=true;disc_path=CrystalCageSBreak.arc)
[src/runtime/RuntimeContext.cpp:1532][APP - INFO] SMG semantic event name_obj_lifecycle:connect_to_scene (object=クリスタルケージ[小];kind=live_actor_model;movement=34;calc_anim=5;draw_buffer=8;draw_type=-1)
[src/runtime/RuntimeContext.cpp:1448][APP - INFO] Registered effect keeper クリスタルケージ[小] group CrystalCageS capacity 8
[src/runtime/RuntimeContext.cpp:1532][APP - INFO] SMG semantic event name_obj_lifecycle:construct (object=CrystalCageS;actor=クリスタルケージ[小])
[src/runtime/RuntimeContext.cpp:1532][APP - INFO] SMG semantic event sequence:stage_host_constructed (host=CrystalCageS;stage=PeachCastleGardenGalaxy)
[src/runtime/RuntimeContext.cpp:1532][APP - INFO] SMG semantic event name_obj_lifecycle:init_from_placement (object=クリスタルケージ[小];stage=PeachCastleGardenGalaxy;zone=PeachCastleGardenGalaxy;table=jmp/placement/layera/objinfo;row=75;l_id=127)
[src/runtime/RuntimeContext.cpp:1532][APP - INFO] SMG semantic event sequence:stage_host_initialized (host=CrystalCageS;stage=PeachCastleGardenGalaxy)
[src/runtime/RuntimeContext.cpp:1532][APP - INFO] SMG semantic event placement:stage_object (stage=PeachCastleGardenGalaxy;zone=PeachCastleGardenGalaxy;zone_id=0;scenario=1;layer=layera;table=jmp/placement/layera/objinfo;object=CrystalCageS;factory=created_model_fallback;support_reason=direct_object_archive_model;common_path_id=-1;rail_info_attached=false;rail_path_row=-1;rail_point_count=0;rail_first_point=none;model_archive=CrystalCageS;object_archive=/ObjectData/CrystalCageS.arc)
[src/runtime/RuntimeContext.cpp:1532][APP - INFO] SMG semantic event name_obj_lifecycle:archive_request (object=CrystalCageS;archive=CrystalCageS;kind=object;loaded=true;disc_path=CrystalCageS.arc)
[src/runtime/RuntimeContext.cpp:1532][APP - INFO] SMG semantic event name_obj_lifecycle:archive_request (object=CrystalCageS;archive=CrystalCageSBreak;kind=object;loaded=true;disc_path=CrystalCageSBreak.arc)
[src/runtime/RuntimeContext.cpp:1532][APP - INFO] SMG semantic event name_obj_lifecycle:connect_to_scene (object=クリスタルケージ[小];kind=live_actor_model;movement=34;calc_anim=5;draw_buffer=8;draw_type=-1)
[src/runtime/RuntimeContext.cpp:1448][APP - INFO] Registered effect keeper クリスタルケージ[小] group CrystalCageS capacity 8
[src/runtime/RuntimeContext.cpp:1532][APP - INFO] SMG semantic event name_obj_lifecycle:construct (object=CrystalCageS;actor=クリスタルケージ[小])
[src/runtime/RuntimeContext.cpp:1532][APP - INFO] SMG semantic event sequence:stage_host_constructed (host=CrystalCageS;stage=PeachCastleGardenGalaxy)
[src/runtime/RuntimeContext.cpp:1532][APP - INFO] SMG semantic event name_obj_lifecycle:init_from_placement (object=クリスタルケージ[小];stage=PeachCastleGardenGalaxy;zone=PeachCastleGardenGalaxy;table=jmp/placement/layera/objinfo;row=76;l_id=130)
[src/runtime/RuntimeContext.cpp:1532][APP - INFO] SMG semantic event sequence:stage_host_initialized (host=CrystalCageS;stage=PeachCastleGardenGalaxy)
[src/runtime/RuntimeContext.cpp:1532][APP - INFO] SMG semantic event placement:stage_object (stage=PeachCastleGardenGalaxy;zone=PeachCastleGardenGalaxy;zone_id=0;scenario=1;layer=layera;table=jmp/placement/layera/objinfo;object=CrystalCageS;factory=created_model_fallback;support_reason=direct_object_archive_model;common_path_id=-1;rail_info_attached=false;rail_path_row=-1;rail_point_count=0;rail_first_point=none;model_archive=CrystalCageS;object_archive=/ObjectData/CrystalCageS.arc)
[src/runtime/RuntimeContext.cpp:1532][APP - INFO] SMG semantic event name_obj_lifecycle:archive_request (object=CrystalCageS;archive=CrystalCageS;kind=object;loaded=true;disc_path=CrystalCageS.arc)
[src/runtime/RuntimeContext.cpp:1532][APP - INFO] SMG semantic event name_obj_lifecycle:archive_request (object=CrystalCageS;archive=CrystalCageSBreak;kind=object;loaded=true;disc_path=CrystalCageSBreak.arc)
[src/runtime/RuntimeContext.cpp:1532][APP - INFO] SMG semantic event name_obj_lifecycle:connect_to_scene (object=クリスタルケージ[小];kind=live_actor_model;movement=34;calc_anim=5;draw_buffer=8;draw_type=-1)
[src/runtime/RuntimeContext.cpp:1448][APP - INFO] Registered effect keeper クリスタルケージ[小] group CrystalCageS capacity 8
[src/runtime/RuntimeContext.cpp:1532][APP - INFO] SMG semantic event name_obj_lifecycle:construct (object=CrystalCageS;actor=クリスタルケージ[小])
[src/runtime/RuntimeContext.cpp:1532][APP - INFO] SMG semantic event sequence:stage_host_constructed (host=CrystalCageS;stage=PeachCastleGardenGalaxy)
[src/runtime/RuntimeContext.cpp:1532][APP - INFO] SMG semantic event name_obj_lifecycle:init_from_placement (object=クリスタルケージ[小];stage=PeachCastleGardenGalaxy;zone=PeachCastleGardenGalaxy;table=jmp/placement/layera/objinfo;row=77;l_id=132)
[src/runtime/RuntimeContext.cpp:1532][APP - INFO] SMG semantic event sequence:stage_host_initialized (host=CrystalCageS;stage=PeachCastleGardenGalaxy)
[src/runtime/RuntimeContext.cpp:1532][APP - INFO] SMG semantic event placement:stage_object (stage=PeachCastleGardenGalaxy;zone=PeachCastleGardenGalaxy;zone_id=0;scenario=1;layer=layera;table=jmp/placement/layera/objinfo;object=MovieStarter;factory=created_alias_model_fallback;support_reason=original_archive_model;common_path_id=-1;rail_info_attached=false;rail_path_row=-1;rail_point_count=0;rail_first_point=none;model_archive=MoviePadRumblePrologueA;object_archive=)
[src/runtime/RuntimeContext.cpp:1532][APP - INFO] SMG semantic event name_obj_lifecycle:archive_request (object=MovieStarter;archive=CinemaSuper;kind=layout;loaded=true;disc_path=CinemaSuper.arc)
[src/runtime/RuntimeContext.cpp:1532][APP - INFO] SMG semantic event name_obj_lifecycle:archive_request (object=MovieStarter;archive=MoviePadRumblePrologueA;kind=object;loaded=true;disc_path=MoviePadRumblePrologueA.arc)
[src/runtime/RuntimeContext.cpp:1532][APP - INFO] SMG semantic event name_obj_lifecycle:archive_request (object=MovieStarter;archive=MoviePadRumblePrologueB;kind=object;loaded=true;disc_path=MoviePadRumblePrologueB.arc)
[src/runtime/RuntimeContext.cpp:1532][APP - INFO] SMG semantic event name_obj_lifecycle:archive_request (object=MovieStarter;archive=MoviePadRumbleFinalBattle;kind=object;loaded=true;disc_path=MoviePadRumbleFinalBattle.arc)
[src/runtime/RuntimeContext.cpp:1532][APP - INFO] SMG semantic event name_obj_lifecycle:archive_request (object=MovieStarter;archive=MoviePadRumbleEpilogueA;kind=object;loaded=true;disc_path=MoviePadRumbleEpilogueA.arc)
[src/runtime/RuntimeContext.cpp:1532][APP - INFO] SMG semantic event name_obj_lifecycle:archive_request (object=MovieStarter;archive=MoviePadRumbleEndingA;kind=object;loaded=true;disc_path=MoviePadRumbleEndingA.arc)
[src/runtime/RuntimeContext.cpp:1532][APP - INFO] SMG semantic event name_obj_lifecycle:archive_request (object=MovieStarter;archive=MoviePadRumbleEndingB;kind=object;loaded=true;disc_path=MoviePadRumbleEndingB.arc)
[src/runtime/RuntimeContext.cpp:1532][APP - INFO] SMG semantic event name_obj_lifecycle:connect_to_scene (object=ムービー再生オブジェ;kind=live_actor_model;movement=34;calc_anim=5;draw_buffer=8;draw_type=-1)
[src/runtime/RuntimeContext.cpp:1448][APP - INFO] Registered effect keeper ムービー再生オブジェ group MoviePadRumblePrologueA capacity 8
[src/runtime/RuntimeContext.cpp:1532][APP - INFO] SMG semantic event name_obj_lifecycle:construct (object=MovieStarter;actor=ムービー再生オブジェ)
[src/runtime/RuntimeContext.cpp:1532][APP - INFO] SMG semantic event sequence:stage_host_constructed (host=MovieStarter;stage=PeachCastleGardenGalaxy)
[src/runtime/RuntimeContext.cpp:1532][APP - INFO] SMG semantic event name_obj_lifecycle:init_from_placement (object=ムービー再生オブジェ;stage=PeachCastleGardenGalaxy;zone=PeachCastleGardenGalaxy;table=jmp/placement/layera/objinfo;row=78;l_id=32)
[src/runtime/RuntimeContext.cpp:1532][APP - INFO] SMG semantic event sequence:stage_host_initialized (host=MovieStarter;stage=PeachCastleGardenGalaxy)
[src/runtime/RuntimeContext.cpp:1532][APP - INFO] SMG semantic event placement:stage_object (stage=PeachCastleGardenGalaxy;zone=PeachCastleGardenGalaxy;zone_id=0;scenario=1;layer=layera;table=jmp/placement/layera/objinfo;object=MovieStarter;factory=created_alias_model_fallback;support_reason=original_archive_model;common_path_id=-1;rail_info_attached=false;rail_path_row=-1;rail_point_count=0;rail_first_point=none;model_archive=MoviePadRumblePrologueA;object_archive=)
[src/runtime/RuntimeContext.cpp:1532][APP - INFO] SMG semantic event name_obj_lifecycle:archive_request (object=MovieStarter;archive=CinemaSuper;kind=layout;loaded=true;disc_path=CinemaSuper.arc)
[src/runtime/RuntimeContext.cpp:1532][APP - INFO] SMG semantic event name_obj_lifecycle:archive_request (object=MovieStarter;archive=MoviePadRumblePrologueA;kind=object;loaded=true;disc_path=MoviePadRumblePrologueA.arc)
[src/runtime/RuntimeContext.cpp:1532][APP - INFO] SMG semantic event name_obj_lifecycle:archive_request (object=MovieStarter;archive=MoviePadRumblePrologueB;kind=object;loaded=true;disc_path=MoviePadRumblePrologueB.arc)
[src/runtime/RuntimeContext.cpp:1532][APP - INFO] SMG semantic event name_obj_lifecycle:archive_request (object=MovieStarter;archive=MoviePadRumbleFinalBattle;kind=object;loaded=true;disc_path=MoviePadRumbleFinalBattle.arc)
[src/runtime/RuntimeContext.cpp:1532][APP - INFO] SMG semantic event name_obj_lifecycle:archive_request (object=MovieStarter;archive=MoviePadRumbleEpilogueA;kind=object;loaded=true;disc_path=MoviePadRumbleEpilogueA.arc)
[src/runtime/RuntimeContext.cpp:1532][APP - INFO] SMG semantic event name_obj_lifecycle:archive_request (object=MovieStarter;archive=MoviePadRumbleEndingA;kind=object;loaded=true;disc_path=MoviePadRumbleEndingA.arc)
[src/runtime/RuntimeContext.cpp:1532][APP - INFO] SMG semantic event name_obj_lifecycle:archive_request (object=MovieStarter;archive=MoviePadRumbleEndingB;kind=object;loaded=true;disc_path=MoviePadRumbleEndingB.arc)
[src/runtime/RuntimeContext.cpp:1532][APP - INFO] SMG semantic event name_obj_lifecycle:connect_to_scene (object=ムービー再生オブジェ;kind=live_actor_model;movement=34;calc_anim=5;draw_buffer=8;draw_type=-1)
[src/runtime/RuntimeContext.cpp:1448][APP - INFO] Registered effect keeper ムービー再生オブジェ group MoviePadRumblePrologueA capacity 8
[src/runtime/RuntimeContext.cpp:1532][APP - INFO] SMG semantic event name_obj_lifecycle:construct (object=MovieStarter;actor=ムービー再生オブジェ)
[src/runtime/RuntimeContext.cpp:1532][APP - INFO] SMG semantic event sequence:stage_host_constructed (host=MovieStarter;stage=PeachCastleGardenGalaxy)
[src/runtime/RuntimeContext.cpp:1532][APP - INFO] SMG semantic event name_obj_lifecycle:init_from_placement (object=ムービー再生オブジェ;stage=PeachCastleGardenGalaxy;zone=PeachCastleGardenGalaxy;table=jmp/placement/layera/objinfo;row=79;l_id=33)
[src/runtime/RuntimeContext.cpp:1532][APP - INFO] SMG semantic event sequence:stage_host_initialized (host=MovieStarter;stage=PeachCastleGardenGalaxy)
[src/runtime/RuntimeContext.cpp:1532][APP - INFO] SMG semantic event placement:stage_object (stage=PeachCastleGardenGalaxy;zone=PeachCastleGardenGalaxy;zone_id=0;scenario=1;layer=layera;table=jmp/placement/layera/objinfo;object=MeteorCannon;factory=created_alias_model_fallback;support_reason=original_archive_model;common_path_id=4;rail_info_attached=true;rail_path_row=2;rail_point_count=2;rail_first_point=-10150.000000,2900.000000,2750.000000;model_archive=MeteorStrike;object_archive=)
[src/runtime/RuntimeContext.cpp:1532][APP - INFO] SMG semantic event name_obj_lifecycle:archive_request (object=MeteorCannon;archive=MeteorStrike;kind=object;loaded=true;disc_path=MeteorStrike.arc)
[src/runtime/RuntimeContext.cpp:1532][APP - INFO] SMG semantic event name_obj_lifecycle:archive_request (object=MeteorCannon;archive=MeteorCannonBreak;kind=object;loaded=true;disc_path=MeteorCannonBreak.arc)
[src/runtime/RuntimeContext.cpp:1532][APP - INFO] SMG semantic event name_obj_lifecycle:connect_to_scene (object=メテオキャノン;kind=live_actor_model;movement=34;calc_anim=5;draw_buffer=8;draw_type=-1)
[src/runtime/RuntimeContext.cpp:1448][APP - INFO] Registered effect keeper メテオキャノン group MeteorStrike capacity 8
[src/runtime/RuntimeContext.cpp:1532][APP - INFO] SMG semantic event name_obj_lifecycle:construct (object=MeteorCannon;actor=メテオキャノン)
[src/runtime/RuntimeContext.cpp:1532][APP - INFO] SMG semantic event sequence:stage_host_constructed (host=MeteorCannon;stage=PeachCastleGardenGalaxy)
[src/runtime/RuntimeContext.cpp:1532][APP - INFO] SMG semantic event name_obj_lifecycle:init_from_placement (object=メテオキャノン;stage=PeachCastleGardenGalaxy;zone=PeachCastleGardenGalaxy;table=jmp/placement/layera/objinfo;row=80;l_id=89)
[src/runtime/RuntimeContext.cpp:1532][APP - INFO] SMG semantic event sequence:stage_host_initialized (host=MeteorCannon;stage=PeachCastleGardenGalaxy)
[src/runtime/RuntimeContext.cpp:1532][APP - INFO] SMG semantic event placement:stage_object (stage=PeachCastleGardenGalaxy;zone=PeachCastleGardenGalaxy;zone_id=0;scenario=1;layer=layera;table=jmp/placement/layera/objinfo;object=MeteorCannon;factory=created_alias_model_fallback;support_reason=original_archive_model;common_path_id=5;rail_info_attached=true;rail_path_row=3;rail_point_count=2;rail_first_point=-10200.000000,2900.000000,3150.000000;model_archive=MeteorStrike;object_archive=)
[src/runtime/RuntimeContext.cpp:1532][APP - INFO] SMG semantic event name_obj_lifecycle:archive_request (object=MeteorCannon;archive=MeteorStrike;kind=object;loaded=true;disc_path=MeteorStrike.arc)
[src/runtime/RuntimeContext.cpp:1532][APP - INFO] SMG semantic event name_obj_lifecycle:archive_request (object=MeteorCannon;archive=MeteorCannonBreak;kind=object;loaded=true;disc_path=MeteorCannonBreak.arc)
[src/runtime/RuntimeContext.cpp:1532][APP - INFO] SMG semantic event name_obj_lifecycle:connect_to_scene (object=メテオキャノン;kind=live_actor_model;movement=34;calc_anim=5;draw_buffer=8;draw_type=-1)
[src/runtime/RuntimeContext.cpp:1448][APP - INFO] Registered effect keeper メテオキャノン group MeteorStrike capacity 8
[src/runtime/RuntimeContext.cpp:1532][APP - INFO] SMG semantic event name_obj_lifecycle:construct (object=MeteorCannon;actor=メテオキャノン)
[src/runtime/RuntimeContext.cpp:1532][APP - INFO] SMG semantic event sequence:stage_host_constructed (host=MeteorCannon;stage=PeachCastleGardenGalaxy)
[src/runtime/RuntimeContext.cpp:1532][APP - INFO] SMG semantic event name_obj_lifecycle:init_from_placement (object=メテオキャノン;stage=PeachCastleGardenGalaxy;zone=PeachCastleGardenGalaxy;table=jmp/placement/layera/objinfo;row=81;l_id=91)
[src/runtime/RuntimeContext.cpp:1532][APP - INFO] SMG semantic event sequence:stage_host_initialized (host=MeteorCannon;stage=PeachCastleGardenGalaxy)
[src/runtime/RuntimeContext.cpp:1532][APP - INFO] SMG semantic event placement:stage_object (stage=PeachCastleGardenGalaxy;zone=PeachCastleGardenGalaxy;zone_id=0;scenario=1;layer=layera;table=jmp/placement/layera/objinfo;object=MeteorCannon;factory=created_alias_model_fallback;support_reason=original_archive_model;common_path_id=6;rail_info_attached=true;rail_path_row=4;rail_point_count=2;rail_first_point=-11300.000000,2650.000000,50.000000;model_archive=MeteorStrike;object_archive=)
[src/runtime/RuntimeContext.cpp:1532][APP - INFO] SMG semantic event name_obj_lifecycle:archive_request (object=MeteorCannon;archive=MeteorStrike;kind=object;loaded=true;disc_path=MeteorStrike.arc)
[src/runtime/RuntimeContext.cpp:1532][APP - INFO] SMG semantic event name_obj_lifecycle:archive_request (object=MeteorCannon;archive=MeteorCannonBreak;kind=object;loaded=true;disc_path=MeteorCannonBreak.arc)
[src/runtime/RuntimeContext.cpp:1532][APP - INFO] SMG semantic event name_obj_lifecycle:connect_to_scene (object=メテオキャノン;kind=live_actor_model;movement=34;calc_anim=5;draw_buffer=8;draw_type=-1)
[src/runtime/RuntimeContext.cpp:1448][APP - INFO] Registered effect keeper メテオキャノン group MeteorStrike capacity 8
[src/runtime/RuntimeContext.cpp:1532][APP - INFO] SMG semantic event name_obj_lifecycle:construct (object=MeteorCannon;actor=メテオキャノン)
[src/runtime/RuntimeContext.cpp:1532][APP - INFO] SMG semantic event sequence:stage_host_constructed (host=MeteorCannon;stage=PeachCastleGardenGalaxy)
[src/runtime/RuntimeContext.cpp:1532][APP - INFO] SMG semantic event name_obj_lifecycle:init_from_placement (object=メテオキャノン;stage=PeachCastleGardenGalaxy;zone=PeachCastleGardenGalaxy;table=jmp/placement/layera/objinfo;row=82;l_id=92)
[src/runtime/RuntimeContext.cpp:1532][APP - INFO] SMG semantic event sequence:stage_host_initialized (host=MeteorCannon;stage=PeachCastleGardenGalaxy)
[src/runtime/RuntimeContext.cpp:1532][APP - INFO] SMG semantic event placement:stage_object (stage=PeachCastleGardenGalaxy;zone=PeachCastleGardenGalaxy;zone_id=0;scenario=1;layer=layera;table=jmp/placement/layera/objinfo;object=MeteorCannon;factory=created_alias_model_fallback;support_reason=original_archive_model;common_path_id=7;rail_info_attached=true;rail_path_row=5;rail_point_count=2;rail_first_point=-11100.000000,2300.000000,-4735.000000;model_archive=MeteorStrike;object_archive=)
[src/runtime/RuntimeContext.cpp:1532][APP - INFO] SMG semantic event name_obj_lifecycle:archive_request (object=MeteorCannon;archive=MeteorStrike;kind=object;loaded=true;disc_path=MeteorStrike.arc)
[src/runtime/RuntimeContext.cpp:1532][APP - INFO] SMG semantic event name_obj_lifecycle:archive_request (object=MeteorCannon;archive=MeteorCannonBreak;kind=object;loaded=true;disc_path=MeteorCannonBreak.arc)
[src/runtime/RuntimeContext.cpp:1532][APP - INFO] SMG semantic event name_obj_lifecycle:connect_to_scene (object=メテオキャノン;kind=live_actor_model;movement=34;calc_anim=5;draw_buffer=8;draw_type=-1)
[src/runtime/RuntimeContext.cpp:1448][APP - INFO] Registered effect keeper メテオキャノン group MeteorStrike capacity 8
[src/runtime/RuntimeContext.cpp:1532][APP - INFO] SMG semantic event name_obj_lifecycle:construct (object=MeteorCannon;actor=メテオキャノン)
[src/runtime/RuntimeContext.cpp:1532][APP - INFO] SMG semantic event sequence:stage_host_constructed (host=MeteorCannon;stage=PeachCastleGardenGalaxy)
[src/runtime/RuntimeContext.cpp:1532][APP - INFO] SMG semantic event name_obj_lifecycle:init_from_placement (object=メテオキャノン;stage=PeachCastleGardenGalaxy;zone=PeachCastleGardenGalaxy;table=jmp/placement/layera/objinfo;row=83;l_id=95)
[src/runtime/RuntimeContext.cpp:1532][APP - INFO] SMG semantic event sequence:stage_host_initialized (host=MeteorCannon;stage=PeachCastleGardenGalaxy)
[src/runtime/RuntimeContext.cpp:1532][APP - INFO] SMG semantic event placement:stage_object (stage=PeachCastleGardenGalaxy;zone=PeachCastleGardenGalaxy;zone_id=0;scenario=1;layer=layera;table=jmp/placement/layera/objinfo;object=MeteorCannon;factory=created_alias_model_fallback;support_reason=original_archive_model;common_path_id=8;rail_info_attached=true;rail_path_row=6;rail_point_count=2;rail_first_point=-10800.000000,2300.000000,-5050.000000;model_archive=MeteorStrike;object_archive=)
[src/runtime/RuntimeContext.cpp:1532][APP - INFO] SMG semantic event name_obj_lifecycle:archive_request (object=MeteorCannon;archive=MeteorStrike;kind=object;loaded=true;disc_path=MeteorStrike.arc)
[src/runtime/RuntimeContext.cpp:1532][APP - INFO] SMG semantic event name_obj_lifecycle:archive_request (object=MeteorCannon;archive=MeteorCannonBreak;kind=object;loaded=true;disc_path=MeteorCannonBreak.arc)
[src/runtime/RuntimeContext.cpp:1532][APP - INFO] SMG semantic event name_obj_lifecycle:connect_to_scene (object=メテオキャノン;kind=live_actor_model;movement=34;calc_anim=5;draw_buffer=8;draw_type=-1)
[src/runtime/RuntimeContext.cpp:1448][APP - INFO] Registered effect keeper メテオキャノン group MeteorStrike capacity 8
[src/runtime/RuntimeContext.cpp:1532][APP - INFO] SMG semantic event name_obj_lifecycle:construct (object=MeteorCannon;actor=メテオキャノン)
[src/runtime/RuntimeContext.cpp:1532][APP - INFO] SMG semantic event sequence:stage_host_constructed (host=MeteorCannon;stage=PeachCastleGardenGalaxy)
[src/runtime/RuntimeContext.cpp:1532][APP - INFO] SMG semantic event name_obj_lifecycle:init_from_placement (object=メテオキャノン;stage=PeachCastleGardenGalaxy;zone=PeachCastleGardenGalaxy;table=jmp/placement/layera/objinfo;row=84;l_id=96)
[src/runtime/RuntimeContext.cpp:1532][APP - INFO] SMG semantic event sequence:stage_host_initialized (host=MeteorCannon;stage=PeachCastleGardenGalaxy)
[src/runtime/RuntimeContext.cpp:1532][APP - INFO] SMG semantic event placement:stage_object (stage=PeachCastleGardenGalaxy;zone=PeachCastleGardenGalaxy;zone_id=0;scenario=1;layer=layera;table=jmp/placement/layera/objinfo;object=MeteorCannon;factory=created_alias_model_fallback;support_reason=original_archive_model;common_path_id=9;rail_info_attached=true;rail_path_row=7;rail_point_count=2;rail_first_point=2400.000000,1850.000000,1850.000000;model_archive=MeteorStrike;object_archive=)
[src/runtime/RuntimeContext.cpp:1532][APP - INFO] SMG semantic event name_obj_lifecycle:archive_request (object=MeteorCannon;archive=MeteorStrike;kind=object;loaded=true;disc_path=MeteorStrike.arc)
[src/runtime/RuntimeContext.cpp:1532][APP - INFO] SMG semantic event name_obj_lifecycle:archive_request (object=MeteorCannon;archive=MeteorCannonBreak;kind=object;loaded=true;disc_path=MeteorCannonBreak.arc)
[src/runtime/RuntimeContext.cpp:1532][APP - INFO] SMG semantic event name_obj_lifecycle:connect_to_scene (object=メテオキャノン;kind=live_actor_model;movement=34;calc_anim=5;draw_buffer=8;draw_type=-1)
[src/runtime/RuntimeContext.cpp:1448][APP - INFO] Registered effect keeper メテオキャノン group MeteorStrike capacity 8
[src/runtime/RuntimeContext.cpp:1532][APP - INFO] SMG semantic event name_obj_lifecycle:construct (object=MeteorCannon;actor=メテオキャノン)
[src/runtime/RuntimeContext.cpp:1532][APP - INFO] SMG semantic event sequence:stage_host_constructed (host=MeteorCannon;stage=PeachCastleGardenGalaxy)
[src/runtime/RuntimeContext.cpp:1532][APP - INFO] SMG semantic event name_obj_lifecycle:init_from_placement (object=メテオキャノン;stage=PeachCastleGardenGalaxy;zone=PeachCastleGardenGalaxy;table=jmp/placement/layera/objinfo;row=85;l_id=97)
[src/runtime/RuntimeContext.cpp:1532][APP - INFO] SMG semantic event sequence:stage_host_initialized (host=MeteorCannon;stage=PeachCastleGardenGalaxy)
[src/runtime/RuntimeContext.cpp:1532][APP - INFO] SMG semantic event placement:stage_object (stage=PeachCastleGardenGalaxy;zone=PeachCastleGardenGalaxy;zone_id=0;scenario=1;layer=layera;table=jmp/placement/layera/objinfo;object=MeteorCannon;factory=created_alias_model_fallback;support_reason=original_archive_model;common_path_id=10;rail_info_attached=true;rail_path_row=8;rail_point_count=2;rail_first_point=1800.000000,1850.000000,1200.000000;model_archive=MeteorStrike;object_archive=)
[src/runtime/RuntimeContext.cpp:1532][APP - INFO] SMG semantic event name_obj_lifecycle:archive_request (object=MeteorCannon;archive=MeteorStrike;kind=object;loaded=true;disc_path=MeteorStrike.arc)
[src/runtime/RuntimeContext.cpp:1532][APP - INFO] SMG semantic event name_obj_lifecycle:archive_request (object=MeteorCannon;archive=MeteorCannonBreak;kind=object;loaded=true;disc_path=MeteorCannonBreak.arc)
[src/runtime/RuntimeContext.cpp:1532][APP - INFO] SMG semantic event name_obj_lifecycle:connect_to_scene (object=メテオキャノン;kind=live_actor_model;movement=34;calc_anim=5;draw_buffer=8;draw_type=-1)
[src/runtime/RuntimeContext.cpp:1448][APP - INFO] Registered effect keeper メテオキャノン group MeteorStrike capacity 8
[src/runtime/RuntimeContext.cpp:1532][APP - INFO] SMG semantic event name_obj_lifecycle:construct (object=MeteorCannon;actor=メテオキャノン)
[src/runtime/RuntimeContext.cpp:1532][APP - INFO] SMG semantic event sequence:stage_host_constructed (host=MeteorCannon;stage=PeachCastleGardenGalaxy)
[src/runtime/RuntimeContext.cpp:1532][APP - INFO] SMG semantic event name_obj_lifecycle:init_from_placement (object=メテオキャノン;stage=PeachCastleGardenGalaxy;zone=PeachCastleGardenGalaxy;table=jmp/placement/layera/objinfo;row=86;l_id=98)
[src/runtime/RuntimeContext.cpp:1532][APP - INFO] SMG semantic event sequence:stage_host_initialized (host=MeteorCannon;stage=PeachCastleGardenGalaxy)
[src/runtime/RuntimeContext.cpp:1532][APP - INFO] SMG semantic event placement:stage_object (stage=PeachCastleGardenGalaxy;zone=PeachCastleGardenGalaxy;zone_id=0;scenario=1;layer=layera;table=jmp/placement/layera/objinfo;object=Peach;factory=created_model_fallback;support_reason=direct_object_archive_model;common_path_id=-1;rail_info_attached=false;rail_path_row=-1;rail_point_count=0;rail_first_point=none;model_archive=Peach;object_archive=/ObjectData/Peach.arc)
[src/runtime/RuntimeContext.cpp:1532][APP - INFO] SMG semantic event name_obj_lifecycle:archive_request (object=Peach;archive=Peach;kind=object;loaded=true;disc_path=Peach.arc)
[src/runtime/RuntimeContext.cpp:1532][APP - INFO] SMG semantic event name_obj_lifecycle:archive_request (object=Peach;archive=PeachLow;kind=object;loaded=true;disc_path=PeachLow.arc)
[src/runtime/RuntimeContext.cpp:1532][APP - INFO] SMG semantic event name_obj_lifecycle:archive_request (object=Peach;archive=PeachMiddle;kind=object;loaded=true;disc_path=PeachMiddle.arc)
[src/runtime/RuntimeContext.cpp:1532][APP - INFO] SMG semantic event name_obj_lifecycle:connect_to_scene (object=ピーチ姫;kind=live_actor_model;movement=34;calc_anim=5;draw_buffer=8;draw_type=-1)
[src/runtime/RuntimeContext.cpp:1448][APP - INFO] Registered effect keeper ピーチ姫 group Peach capacity 8
[src/runtime/RuntimeContext.cpp:1532][APP - INFO] SMG semantic event name_obj_lifecycle:construct (object=Peach;actor=ピーチ姫)
[src/runtime/RuntimeContext.cpp:1532][APP - INFO] SMG semantic event sequence:stage_host_constructed (host=Peach;stage=PeachCastleGardenGalaxy)
[src/runtime/RuntimeContext.cpp:1532][APP - INFO] SMG semantic event name_obj_lifecycle:init_from_placement (object=ピーチ姫;stage=PeachCastleGardenGalaxy;zone=PeachCastleGardenGalaxy;table=jmp/placement/layera/objinfo;row=87;l_id=101)
[src/runtime/RuntimeContext.cpp:1532][APP - INFO] SMG semantic event sequence:stage_host_initialized (host=Peach;stage=PeachCastleGardenGalaxy)
[src/runtime/RuntimeContext.cpp:1532][APP - INFO] SMG semantic event placement:stage_object (stage=PeachCastleGardenGalaxy;zone=PeachCastleGardenGalaxy;zone_id=0;scenario=1;layer=layera;table=jmp/placement/layera/objinfo;object=PrologueDirector;factory=created;support_reason=original_factory;common_path_id=-1;rail_info_attached=false;rail_path_row=-1;rail_point_count=0;rail_first_point=none;model_archive=PrologueDirector;object_archive=)
[src/runtime/RuntimeContext.cpp:1532][APP - INFO] SMG semantic event placement:stage_object_deduplicated (stage=PeachCastleGardenGalaxy;object=PrologueDirector;table=jmp/placement/layera/objinfo;row=88;reason=explicit_root_same_data_identity)
[src/runtime/RuntimeContext.cpp:1532][APP - INFO] SMG semantic event placement:stage_object (stage=PeachCastleGardenGalaxy;zone=PeachCastleGardenGalaxy;zone_id=0;scenario=1;layer=layera;table=jmp/placement/layera/objinfo;object=KoopaShipE;factory=created_model_fallback;support_reason=direct_object_archive_model;common_path_id=-1;rail_info_attached=false;rail_path_row=-1;rail_point_count=0;rail_first_point=none;model_archive=KoopaShipE;object_archive=/ObjectData/KoopaShipE.arc)
[src/runtime/RuntimeContext.cpp:1532][APP - INFO] SMG semantic event name_obj_lifecycle:archive_request (object=KoopaShipE;archive=KoopaShipE;kind=object;loaded=true;disc_path=KoopaShipE.arc)
[src/runtime/RuntimeContext.cpp:1532][APP - INFO] SMG semantic event name_obj_lifecycle:archive_request (object=KoopaShipE;archive=KoopaShipELow;kind=object;loaded=true;disc_path=KoopaShipELow.arc)
[src/runtime/RuntimeContext.cpp:1532][APP - INFO] SMG semantic event name_obj_lifecycle:connect_to_scene (object=クッパ船Ｅ;kind=live_actor_model;movement=34;calc_anim=5;draw_buffer=8;draw_type=-1)
[src/runtime/RuntimeContext.cpp:1448][APP - INFO] Registered effect keeper クッパ船Ｅ group KoopaShipE capacity 8
[src/runtime/RuntimeContext.cpp:1532][APP - INFO] SMG semantic event name_obj_lifecycle:construct (object=KoopaShipE;actor=クッパ船Ｅ)
[src/runtime/RuntimeContext.cpp:1532][APP - INFO] SMG semantic event sequence:stage_host_constructed (host=KoopaShipE;stage=PeachCastleGardenGalaxy)
[src/runtime/RuntimeContext.cpp:1532][APP - INFO] SMG semantic event name_obj_lifecycle:init_from_placement (object=クッパ船Ｅ;stage=PeachCastleGardenGalaxy;zone=PeachCastleGardenGalaxy;table=jmp/placement/layera/objinfo;row=89;l_id=7)
[src/runtime/RuntimeContext.cpp:1532][APP - INFO] SMG semantic event sequence:stage_host_initialized (host=KoopaShipE;stage=PeachCastleGardenGalaxy)
[src/runtime/RuntimeContext.cpp:1532][APP - INFO] SMG semantic event placement:stage_object (stage=PeachCastleGardenGalaxy;zone=PeachCastleGardenGalaxy;zone_id=0;scenario=1;layer=layera;table=jmp/placement/layera/objinfo;object=KoopaShipE;factory=created_model_fallback;support_reason=direct_object_archive_model;common_path_id=-1;rail_info_attached=false;rail_path_row=-1;rail_point_count=0;rail_first_point=none;model_archive=KoopaShipE;object_archive=/ObjectData/KoopaShipE.arc)
[src/runtime/RuntimeContext.cpp:1532][APP - INFO] SMG semantic event name_obj_lifecycle:archive_request (object=KoopaShipE;archive=KoopaShipE;kind=object;loaded=true;disc_path=KoopaShipE.arc)
[src/runtime/RuntimeContext.cpp:1532][APP - INFO] SMG semantic event name_obj_lifecycle:archive_request (object=KoopaShipE;archive=KoopaShipELow;kind=object;loaded=true;disc_path=KoopaShipELow.arc)
[src/runtime/RuntimeContext.cpp:1532][APP - INFO] SMG semantic event name_obj_lifecycle:connect_to_scene (object=クッパ船Ｅ;kind=live_actor_model;movement=34;calc_anim=5;draw_buffer=8;draw_type=-1)
[src/runtime/RuntimeContext.cpp:1448][APP - INFO] Registered effect keeper クッパ船Ｅ group KoopaShipE capacity 8
[src/runtime/RuntimeContext.cpp:1532][APP - INFO] SMG semantic event name_obj_lifecycle:construct (object=KoopaShipE;actor=クッパ船Ｅ)
[src/runtime/RuntimeContext.cpp:1532][APP - INFO] SMG semantic event sequence:stage_host_constructed (host=KoopaShipE;stage=PeachCastleGardenGalaxy)
[src/runtime/RuntimeContext.cpp:1532][APP - INFO] SMG semantic event name_obj_lifecycle:init_from_placement (object=クッパ船Ｅ;stage=PeachCastleGardenGalaxy;zone=PeachCastleGardenGalaxy;table=jmp/placement/layera/objinfo;row=90;l_id=8)
[src/runtime/RuntimeContext.cpp:1532][APP - INFO] SMG semantic event sequence:stage_host_initialized (host=KoopaShipE;stage=PeachCastleGardenGalaxy)
[src/runtime/RuntimeContext.cpp:1532][APP - INFO] SMG semantic event placement:stage_object (stage=PeachCastleGardenGalaxy;zone=PeachCastleGardenGalaxy;zone_id=0;scenario=1;layer=layera;table=jmp/placement/layera/objinfo;object=KoopaShipE;factory=created_model_fallback;support_reason=direct_object_archive_model;common_path_id=-1;rail_info_attached=false;rail_path_row=-1;rail_point_count=0;rail_first_point=none;model_archive=KoopaShipE;object_archive=/ObjectData/KoopaShipE.arc)
[src/runtime/RuntimeContext.cpp:1532][APP - INFO] SMG semantic event name_obj_lifecycle:archive_request (object=KoopaShipE;archive=KoopaShipE;kind=object;loaded=true;disc_path=KoopaShipE.arc)
[src/runtime/RuntimeContext.cpp:1532][APP - INFO] SMG semantic event name_obj_lifecycle:archive_request (object=KoopaShipE;archive=KoopaShipELow;kind=object;loaded=true;disc_path=KoopaShipELow.arc)
[src/runtime/RuntimeContext.cpp:1532][APP - INFO] SMG semantic event name_obj_lifecycle:connect_to_scene (object=クッパ船Ｅ;kind=live_actor_model;movement=34;calc_anim=5;draw_buffer=8;draw_type=-1)
[src/runtime/RuntimeContext.cpp:1448][APP - INFO] Registered effect keeper クッパ船Ｅ group KoopaShipE capacity 8
[src/runtime/RuntimeContext.cpp:1532][APP - INFO] SMG semantic event name_obj_lifecycle:construct (object=KoopaShipE;actor=クッパ船Ｅ)
[src/runtime/RuntimeContext.cpp:1532][APP - INFO] SMG semantic event sequence:stage_host_constructed (host=KoopaShipE;stage=PeachCastleGardenGalaxy)
[src/runtime/RuntimeContext.cpp:1532][APP - INFO] SMG semantic event name_obj_lifecycle:init_from_placement (object=クッパ船Ｅ;stage=PeachCastleGardenGalaxy;zone=PeachCastleGardenGalaxy;table=jmp/placement/layera/objinfo;row=91;l_id=79)
[src/runtime/RuntimeContext.cpp:1532][APP - INFO] SMG semantic event sequence:stage_host_initialized (host=KoopaShipE;stage=PeachCastleGardenGalaxy)
[src/runtime/RuntimeContext.cpp:1532][APP - INFO] SMG semantic event placement:stage_object (stage=PeachCastleGardenGalaxy;zone=PeachCastleGardenGalaxy;zone_id=0;scenario=1;layer=layera;table=jmp/placement/layera/objinfo;object=KoopaShipE;factory=created_model_fallback;support_reason=direct_object_archive_model;common_path_id=-1;rail_info_attached=false;rail_path_row=-1;rail_point_count=0;rail_first_point=none;model_archive=KoopaShipE;object_archive=/ObjectData/KoopaShipE.arc)
[src/runtime/RuntimeContext.cpp:1532][APP - INFO] SMG semantic event name_obj_lifecycle:archive_request (object=KoopaShipE;archive=KoopaShipE;kind=object;loaded=true;disc_path=KoopaShipE.arc)
[src/runtime/RuntimeContext.cpp:1532][APP - INFO] SMG semantic event name_obj_lifecycle:archive_request (object=KoopaShipE;archive=KoopaShipELow;kind=object;loaded=true;disc_path=KoopaShipELow.arc)
[src/runtime/RuntimeContext.cpp:1532][APP - INFO] SMG semantic event name_obj_lifecycle:connect_to_scene (object=クッパ船Ｅ;kind=live_actor_model;movement=34;calc_anim=5;draw_buffer=8;draw_type=-1)
[src/runtime/RuntimeContext.cpp:1448][APP - INFO] Registered effect keeper クッパ船Ｅ group KoopaShipE capacity 8
[src/runtime/RuntimeContext.cpp:1532][APP - INFO] SMG semantic event name_obj_lifecycle:construct (object=KoopaShipE;actor=クッパ船Ｅ)
[src/runtime/RuntimeContext.cpp:1532][APP - INFO] SMG semantic event sequence:stage_host_constructed (host=KoopaShipE;stage=PeachCastleGardenGalaxy)
[src/runtime/RuntimeContext.cpp:1532][APP - INFO] SMG semantic event name_obj_lifecycle:init_from_placement (object=クッパ船Ｅ;stage=PeachCastleGardenGalaxy;zone=PeachCastleGardenGalaxy;table=jmp/placement/layera/objinfo;row=92;l_id=84)
[src/runtime/RuntimeContext.cpp:1532][APP - INFO] SMG semantic event sequence:stage_host_initialized (host=KoopaShipE;stage=PeachCastleGardenGalaxy)
[src/runtime/RuntimeContext.cpp:1532][APP - INFO] SMG semantic event placement:stage_object (stage=PeachCastleGardenGalaxy;zone=PeachCastleGardenGalaxy;zone_id=0;scenario=1;layer=layera;table=jmp/placement/layera/objinfo;object=TimerSwitch;factory=blocked;support_reason=no_original_factory_or_direct_object_archive;common_path_id=-1;rail_info_attached=false;rail_path_row=-1;rail_point_count=0;rail_first_point=none;model_archive=;object_archive=)
[src/runtime/RuntimeContext.cpp:1532][APP - INFO] SMG semantic event placement:stage_object (stage=PeachCastleGardenGalaxy;zone=PeachCastleGardenGalaxy;zone_id=0;scenario=1;layer=layera;table=jmp/placement/layera/objinfo;object=TimerSwitch;factory=blocked;support_reason=no_original_factory_or_direct_object_archive;common_path_id=-1;rail_info_attached=false;rail_path_row=-1;rail_point_count=0;rail_first_point=none;model_archive=;object_archive=)
[src/runtime/RuntimeContext.cpp:1532][APP - INFO] SMG semantic event placement:stage_object (stage=PeachCastleGardenGalaxy;zone=PeachCastleGardenGalaxy;zone_id=0;scenario=1;layer=layera;table=jmp/placement/layera/objinfo;object=TimerSwitch;factory=blocked;support_reason=no_original_factory_or_direct_object_archive;common_path_id=-1;rail_info_attached=false;rail_path_row=-1;rail_point_count=0;rail_first_point=none;model_archive=;object_archive=)
[src/runtime/RuntimeContext.cpp:1532][APP - INFO] SMG semantic event placement:stage_object (stage=PeachCastleGardenGalaxy;zone=PeachCastleGardenGalaxy;zone_id=0;scenario=1;layer=layera;table=jmp/placement/layera/objinfo;object=TimerSwitch;factory=blocked;support_reason=no_original_factory_or_direct_object_archive;common_path_id=-1;rail_info_attached=false;rail_path_row=-1;rail_point_count=0;rail_first_point=none;model_archive=;object_archive=)
[src/runtime/RuntimeContext.cpp:1532][APP - INFO] SMG semantic event placement:stage_object (stage=PeachCastleGardenGalaxy;zone=PeachCastleGardenGalaxy;zone_id=0;scenario=1;layer=layera;table=jmp/placement/layera/objinfo;object=TimerSwitch;factory=blocked;support_reason=no_original_factory_or_direct_object_archive;common_path_id=-1;rail_info_attached=false;rail_path_row=-1;rail_point_count=0;rail_first_point=none;model_archive=;object_archive=)
[src/runtime/RuntimeContext.cpp:1532][APP - INFO] SMG semantic event placement:stage_object (stage=PeachCastleGardenGalaxy;zone=PeachCastleGardenGalaxy;zone_id=0;scenario=1;layer=layera;table=jmp/placement/layera/objinfo;object=TimerSwitch;factory=blocked;support_reason=no_original_factory_or_direct_object_archive;common_path_id=-1;rail_info_attached=false;rail_path_row=-1;rail_point_count=0;rail_first_point=none;model_archive=;object_archive=)
[src/runtime/RuntimeContext.cpp:1532][APP - INFO] SMG semantic event placement:stage_object (stage=PeachCastleGardenGalaxy;zone=PeachCastleGardenGalaxy;zone_id=0;scenario=1;layer=layera;table=jmp/placement/layera/objinfo;object=TimerSwitch;factory=blocked;support_reason=no_original_factory_or_direct_object_archive;common_path_id=-1;rail_info_attached=false;rail_path_row=-1;rail_point_count=0;rail_first_point=none;model_archive=;object_archive=)
[src/runtime/RuntimeContext.cpp:1532][APP - INFO] SMG semantic event placement:stage_object (stage=PeachCastleGardenGalaxy;zone=PeachCastleGardenGalaxy;zone_id=0;scenario=1;layer=layera;table=jmp/placement/layera/objinfo;object=TimerSwitch;factory=blocked;support_reason=no_original_factory_or_direct_object_archive;common_path_id=-1;rail_info_attached=false;rail_path_row=-1;rail_point_count=0;rail_first_point=none;model_archive=;object_archive=)
[src/runtime/RuntimeContext.cpp:1532][APP - INFO] SMG semantic event placement:stage_object (stage=PeachCastleGardenGalaxy;zone=PeachCastleGardenGalaxy;zone_id=0;scenario=1;layer=layera;table=jmp/placement/layera/objinfo;object=MeteorCannon;factory=created_alias_model_fallback;support_reason=original_archive_model;common_path_id=20;rail_info_attached=true;rail_path_row=12;rail_point_count=2;rail_first_point=-2550.000000,3900.000000,-6400.000000;model_archive=MeteorStrike;object_archive=)
[src/runtime/RuntimeContext.cpp:1532][APP - INFO] SMG semantic event name_obj_lifecycle:archive_request (object=MeteorCannon;archive=MeteorStrike;kind=object;loaded=true;disc_path=MeteorStrike.arc)
[src/runtime/RuntimeContext.cpp:1532][APP - INFO] SMG semantic event name_obj_lifecycle:archive_request (object=MeteorCannon;archive=MeteorCannonBreak;kind=object;loaded=true;disc_path=MeteorCannonBreak.arc)
[src/runtime/RuntimeContext.cpp:1532][APP - INFO] SMG semantic event name_obj_lifecycle:connect_to_scene (object=メテオキャノン;kind=live_actor_model;movement=34;calc_anim=5;draw_buffer=8;draw_type=-1)
[src/runtime/RuntimeContext.cpp:1448][APP - INFO] Registered effect keeper メテオキャノン group MeteorStrike capacity 8
[src/runtime/RuntimeContext.cpp:1532][APP - INFO] SMG semantic event name_obj_lifecycle:construct (object=MeteorCannon;actor=メテオキャノン)
[src/runtime/RuntimeContext.cpp:1532][APP - INFO] SMG semantic event sequence:stage_host_constructed (host=MeteorCannon;stage=PeachCastleGardenGalaxy)
[src/runtime/RuntimeContext.cpp:1532][APP - INFO] SMG semantic event name_obj_lifecycle:init_from_placement (object=メテオキャノン;stage=PeachCastleGardenGalaxy;zone=PeachCastleGardenGalaxy;table=jmp/placement/layera/objinfo;row=101;l_id=155)
[src/runtime/RuntimeContext.cpp:1532][APP - INFO] SMG semantic event sequence:stage_host_initialized (host=MeteorCannon;stage=PeachCastleGardenGalaxy)
[src/runtime/RuntimeContext.cpp:1532][APP - INFO] SMG semantic event placement:stage_object (stage=PeachCastleGardenGalaxy;zone=PeachCastleGardenGalaxy;zone_id=0;scenario=1;layer=layera;table=jmp/placement/layera/objinfo;object=MeteorCannon;factory=created_alias_model_fallback;support_reason=original_archive_model;common_path_id=21;rail_info_attached=true;rail_path_row=13;rail_point_count=2;rail_first_point=-2700.000000,3900.000000,-6800.000000;model_archive=MeteorStrike;object_archive=)
[src/runtime/RuntimeContext.cpp:1532][APP - INFO] SMG semantic event name_obj_lifecycle:archive_request (object=MeteorCannon;archive=MeteorStrike;kind=object;loaded=true;disc_path=MeteorStrike.arc)
[src/runtime/RuntimeContext.cpp:1532][APP - INFO] SMG semantic event name_obj_lifecycle:archive_request (object=MeteorCannon;archive=MeteorCannonBreak;kind=object;loaded=true;disc_path=MeteorCannonBreak.arc)
[src/runtime/RuntimeContext.cpp:1532][APP - INFO] SMG semantic event name_obj_lifecycle:connect_to_scene (object=メテオキャノン;kind=live_actor_model;movement=34;calc_anim=5;draw_buffer=8;draw_type=-1)
[src/runtime/RuntimeContext.cpp:1448][APP - INFO] Registered effect keeper メテオキャノン group MeteorStrike capacity 8
[src/runtime/RuntimeContext.cpp:1532][APP - INFO] SMG semantic event name_obj_lifecycle:construct (object=MeteorCannon;actor=メテオキャノン)
[src/runtime/RuntimeContext.cpp:1532][APP - INFO] SMG semantic event sequence:stage_host_constructed (host=MeteorCannon;stage=PeachCastleGardenGalaxy)
[src/runtime/RuntimeContext.cpp:1532][APP - INFO] SMG semantic event name_obj_lifecycle:init_from_placement (object=メテオキャノン;stage=PeachCastleGardenGalaxy;zone=PeachCastleGardenGalaxy;table=jmp/placement/layera/objinfo;row=102;l_id=156)
[src/runtime/RuntimeContext.cpp:1532][APP - INFO] SMG semantic event sequence:stage_host_initialized (host=MeteorCannon;stage=PeachCastleGardenGalaxy)
[src/runtime/RuntimeContext.cpp:1532][APP - INFO] SMG semantic event placement:stage_object (stage=PeachCastleGardenGalaxy;zone=PeachCastleGardenGalaxy;zone_id=0;scenario=1;layer=layera;table=jmp/placement/layera/objinfo;object=TimerSwitch;factory=blocked;support_reason=no_original_factory_or_direct_object_archive;common_path_id=-1;rail_info_attached=false;rail_path_row=-1;rail_point_count=0;rail_first_point=none;model_archive=;object_archive=)
[src/runtime/RuntimeContext.cpp:1532][APP - INFO] SMG semantic event placement:stage_object (stage=PeachCastleGardenGalaxy;zone=PeachCastleGardenGalaxy;zone_id=0;scenario=1;layer=layera;table=jmp/placement/layera/objinfo;object=TimerSwitch;factory=blocked;support_reason=no_original_factory_or_direct_object_archive;common_path_id=-1;rail_info_attached=false;rail_path_row=-1;rail_point_count=0;rail_first_point=none;model_archive=;object_archive=)
[src/runtime/RuntimeContext.cpp:1532][APP - INFO] SMG semantic event placement:stage_object (stage=PeachCastleGardenGalaxy;zone=PeachCastleGardenGalaxy;zone_id=0;scenario=1;layer=layera;table=jmp/placement/layera/objinfo;object=TimerSwitch;factory=blocked;support_reason=no_original_factory_or_direct_object_archive;common_path_id=-1;rail_info_attached=false;rail_path_row=-1;rail_point_count=0;rail_first_point=none;model_archive=;object_archive=)
[src/runtime/RuntimeContext.cpp:1532][APP - INFO] SMG semantic event placement:stage_object (stage=PeachCastleGardenGalaxy;zone=PeachCastleGardenGalaxy;zone_id=0;scenario=1;layer=layera;table=jmp/placement/layera/objinfo;object=TimerSwitch;factory=blocked;support_reason=no_original_factory_or_direct_object_archive;common_path_id=-1;rail_info_attached=false;rail_path_row=-1;rail_point_count=0;rail_first_point=none;model_archive=;object_archive=)
[src/runtime/RuntimeContext.cpp:1532][APP - INFO] SMG semantic event placement:stage_object (stage=PeachCastleGardenGalaxy;zone=PeachCastleGardenGalaxy;zone_id=0;scenario=1;layer=layera;table=jmp/placement/layera/objinfo;object=TimerSwitch;factory=blocked;support_reason=no_original_factory_or_direct_object_archive;common_path_id=-1;rail_info_attached=false;rail_path_row=-1;rail_point_count=0;rail_first_point=none;model_archive=;object_archive=)
[src/runtime/RuntimeContext.cpp:1532][APP - INFO] SMG semantic event placement:stage_object (stage=PeachCastleGardenGalaxy;zone=PeachCastleGardenGalaxy;zone_id=0;scenario=1;layer=layera;table=jmp/placement/layera/objinfo;object=MeteorCannon;factory=created_alias_model_fallback;support_reason=original_archive_model;common_path_id=22;rail_info_attached=true;rail_path_row=14;rail_point_count=2;rail_first_point=-11400.000000,2300.000000,-4440.000000;model_archive=MeteorStrike;object_archive=)
[src/runtime/RuntimeContext.cpp:1532][APP - INFO] SMG semantic event name_obj_lifecycle:archive_request (object=MeteorCannon;archive=MeteorStrike;kind=object;loaded=true;disc_path=MeteorStrike.arc)
[src/runtime/RuntimeContext.cpp:1532][APP - INFO] SMG semantic event name_obj_lifecycle:archive_request (object=MeteorCannon;archive=MeteorCannonBreak;kind=object;loaded=true;disc_path=MeteorCannonBreak.arc)
[src/runtime/RuntimeContext.cpp:1532][APP - INFO] SMG semantic event name_obj_lifecycle:connect_to_scene (object=メテオキャノン;kind=live_actor_model;movement=34;calc_anim=5;draw_buffer=8;draw_type=-1)
[src/runtime/RuntimeContext.cpp:1448][APP - INFO] Registered effect keeper メテオキャノン group MeteorStrike capacity 8
[src/runtime/RuntimeContext.cpp:1532][APP - INFO] SMG semantic event name_obj_lifecycle:construct (object=MeteorCannon;actor=メテオキャノン)
[src/runtime/RuntimeContext.cpp:1532][APP - INFO] SMG semantic event sequence:stage_host_constructed (host=MeteorCannon;stage=PeachCastleGardenGalaxy)
[src/runtime/RuntimeContext.cpp:1532][APP - INFO] SMG semantic event name_obj_lifecycle:init_from_placement (object=メテオキャノン;stage=PeachCastleGardenGalaxy;zone=PeachCastleGardenGalaxy;table=jmp/placement/layera/objinfo;row=108;l_id=162)
[src/runtime/RuntimeContext.cpp:1532][APP - INFO] SMG semantic event sequence:stage_host_initialized (host=MeteorCannon;stage=PeachCastleGardenGalaxy)
[src/runtime/RuntimeContext.cpp:1532][APP - INFO] SMG semantic event placement:stage_object (stage=PeachCastleGardenGalaxy;zone=PeachCastleGardenGalaxy;zone_id=0;scenario=1;layer=layera;table=jmp/placement/layera/objinfo;object=TimerSwitch;factory=blocked;support_reason=no_original_factory_or_direct_object_archive;common_path_id=-1;rail_info_attached=false;rail_path_row=-1;rail_point_count=0;rail_first_point=none;model_archive=;object_archive=)
[src/runtime/RuntimeContext.cpp:1532][APP - INFO] SMG semantic event placement:stage_object (stage=PeachCastleGardenGalaxy;zone=PeachCastleGardenGalaxy;zone_id=0;scenario=1;layer=layera;table=jmp/placement/layera/objinfo;object=TimerSwitch;factory=blocked;support_reason=no_original_factory_or_direct_object_archive;common_path_id=-1;rail_info_attached=false;rail_path_row=-1;rail_point_count=0;rail_first_point=none;model_archive=;object_archive=)
[src/runtime/RuntimeContext.cpp:1532][APP - INFO] SMG semantic event placement:stage_object (stage=PeachCastleGardenGalaxy;zone=PeachCastleGardenGalaxy;zone_id=0;scenario=1;layer=layera;table=jmp/placement/layera/objinfo;object=TimerSwitch;factory=blocked;support_reason=no_original_factory_or_direct_object_archive;common_path_id=-1;rail_info_attached=false;rail_path_row=-1;rail_point_count=0;rail_first_point=none;model_archive=;object_archive=)
[src/runtime/RuntimeContext.cpp:1532][APP - INFO] SMG semantic event placement:stage_object (stage=PeachCastleGardenGalaxy;zone=PeachCastleGardenGalaxy;zone_id=0;scenario=1;layer=layera;table=jmp/placement/layera/objinfo;object=TimerSwitch;factory=blocked;support_reason=no_original_factory_or_direct_object_archive;common_path_id=-1;rail_info_attached=false;rail_path_row=-1;rail_point_count=0;rail_first_point=none;model_archive=;object_archive=)
[src/runtime/RuntimeContext.cpp:1532][APP - INFO] SMG semantic event placement:stage_object (stage=PeachCastleGardenGalaxy;zone=PeachCastleGardenGalaxy;zone_id=0;scenario=1;layer=layera;table=jmp/placement/layera/objinfo;object=TimerSwitch;factory=blocked;support_reason=no_original_factory_or_direct_object_archive;common_path_id=-1;rail_info_attached=false;rail_path_row=-1;rail_point_count=0;rail_first_point=none;model_archive=;object_archive=)
[src/runtime/RuntimeContext.cpp:1532][APP - INFO] SMG semantic event placement:stage_object (stage=PeachCastleGardenGalaxy;zone=PeachCastleGardenGalaxy;zone_id=0;scenario=1;layer=layera;table=jmp/placement/layera/objinfo;object=Kinopio;factory=created_model_fallback;support_reason=direct_object_archive_model;common_path_id=-1;rail_info_attached=false;rail_path_row=-1;rail_point_count=0;rail_first_point=none;model_archive=Kinopio;object_archive=/ObjectData/Kinopio.arc)
[src/runtime/RuntimeContext.cpp:1532][APP - INFO] SMG semantic event name_obj_lifecycle:archive_request (object=Kinopio;archive=Kinopio;kind=object;loaded=true;disc_path=Kinopio.arc)
[src/runtime/RuntimeContext.cpp:1532][APP - INFO] SMG semantic event name_obj_lifecycle:archive_request (object=Kinopio;archive=KinopioMiddle;kind=object;loaded=true;disc_path=KinopioMiddle.arc)
[src/runtime/RuntimeContext.cpp:1532][APP - INFO] SMG semantic event name_obj_lifecycle:archive_request (object=Kinopio;archive=KinopioLow;kind=object;loaded=true;disc_path=KinopioLow.arc)
[src/runtime/RuntimeContext.cpp:1532][APP - INFO] SMG semantic event name_obj_lifecycle:connect_to_scene (object=キノピオ;kind=live_actor_model;movement=34;calc_anim=5;draw_buffer=8;draw_type=-1)
[src/runtime/RuntimeContext.cpp:1448][APP - INFO] Registered effect keeper キノピオ group Kinopio capacity 8
[src/runtime/RuntimeContext.cpp:1532][APP - INFO] SMG semantic event name_obj_lifecycle:construct (object=Kinopio;actor=キノピオ)
[src/runtime/RuntimeContext.cpp:1532][APP - INFO] SMG semantic event sequence:stage_host_constructed (host=Kinopio;stage=PeachCastleGardenGalaxy)
[src/runtime/RuntimeContext.cpp:1532][APP - INFO] SMG semantic event name_obj_lifecycle:init_from_placement (object=キノピオ;stage=PeachCastleGardenGalaxy;zone=PeachCastleGardenGalaxy;table=jmp/placement/layera/objinfo;row=114;l_id=186)
[src/runtime/RuntimeContext.cpp:1532][APP - INFO] SMG semantic event sequence:stage_host_initialized (host=Kinopio;stage=PeachCastleGardenGalaxy)
[src/runtime/RuntimeContext.cpp:1532][APP - INFO] SMG semantic event placement:stage_object (stage=PeachCastleGardenGalaxy;zone=PeachCastleGardenGalaxy;zone_id=0;scenario=1;layer=layera;table=jmp/placement/layera/objinfo;object=SwitchSynchronizerReverse;factory=created;support_reason=original_factory;common_path_id=-1;rail_info_attached=false;rail_path_row=-1;rail_point_count=0;rail_first_point=none;model_archive=SwitchSynchronizerReverse;object_archive=)
[src/runtime/RuntimeContext.cpp:1532][APP - INFO] SMG semantic event name_obj_lifecycle:construct (object=SwitchSynchronizerReverse;actor=スイッチ同期[反転])
[src/runtime/RuntimeContext.cpp:1532][APP - INFO] SMG semantic event sequence:stage_host_constructed (host=SwitchSynchronizerReverse;stage=PeachCastleGardenGalaxy)
[src/runtime/RuntimeContext.cpp:1532][APP - INFO] SMG semantic event name_obj_lifecycle:init_from_placement (object=スイッチ同期[反転];stage=PeachCastleGardenGalaxy;zone=PeachCastleGardenGalaxy;table=jmp/placement/layera/objinfo;row=115;l_id=187)
[src/runtime/RuntimeContext.cpp:1532][APP - INFO] SMG semantic event name_obj_lifecycle:connect_to_scene (object=スイッチ同期[反転];kind=name_obj;movement=34;calc_anim=-1;draw_buffer=-1;draw_type=-1)
[src/runtime/RuntimeContext.cpp:1532][APP - INFO] SMG semantic event sequence:stage_host_initialized (host=SwitchSynchronizerReverse;stage=PeachCastleGardenGalaxy)
[src/runtime/RuntimeContext.cpp:1532][APP - INFO] SMG semantic event placement:stage_object (stage=PeachCastleGardenGalaxy;zone=PeachCastleGardenGalaxy;zone_id=0;scenario=1;layer=layera;table=jmp/placement/layera/objinfo;object=Kinopio;factory=created_model_fallback;support_reason=direct_object_archive_model;common_path_id=36;rail_info_attached=true;rail_path_row=25;rail_point_count=5;rail_first_point=1000.000000,750.000000,6600.000000;model_archive=Kinopio;object_archive=/ObjectData/Kinopio.arc)
[src/runtime/RuntimeContext.cpp:1532][APP - INFO] SMG semantic event name_obj_lifecycle:archive_request (object=Kinopio;archive=Kinopio;kind=object;loaded=true;disc_path=Kinopio.arc)
[src/runtime/RuntimeContext.cpp:1532][APP - INFO] SMG semantic event name_obj_lifecycle:archive_request (object=Kinopio;archive=KinopioMiddle;kind=object;loaded=true;disc_path=KinopioMiddle.arc)
[src/runtime/RuntimeContext.cpp:1532][APP - INFO] SMG semantic event name_obj_lifecycle:archive_request (object=Kinopio;archive=KinopioLow;kind=object;loaded=true;disc_path=KinopioLow.arc)
[src/runtime/RuntimeContext.cpp:1532][APP - INFO] SMG semantic event name_obj_lifecycle:connect_to_scene (object=キノピオ;kind=live_actor_model;movement=34;calc_anim=5;draw_buffer=8;draw_type=-1)
[src/runtime/RuntimeContext.cpp:1448][APP - INFO] Registered effect keeper キノピオ group Kinopio capacity 8
[src/runtime/RuntimeContext.cpp:1532][APP - INFO] SMG semantic event name_obj_lifecycle:construct (object=Kinopio;actor=キノピオ)
[src/runtime/RuntimeContext.cpp:1532][APP - INFO] SMG semantic event sequence:stage_host_constructed (host=Kinopio;stage=PeachCastleGardenGalaxy)
[src/runtime/RuntimeContext.cpp:1532][APP - INFO] SMG semantic event name_obj_lifecycle:init_from_placement (object=キノピオ;stage=PeachCastleGardenGalaxy;zone=PeachCastleGardenGalaxy;table=jmp/placement/layera/objinfo;row=116;l_id=188)
[src/runtime/RuntimeContext.cpp:1532][APP - INFO] SMG semantic event sequence:stage_host_initialized (host=Kinopio;stage=PeachCastleGardenGalaxy)
[src/runtime/RuntimeContext.cpp:1532][APP - INFO] SMG semantic event placement:stage_object (stage=PeachCastleGardenGalaxy;zone=PeachCastleGardenGalaxy;zone_id=0;scenario=1;layer=layera;table=jmp/placement/layera/objinfo;object=Kinopio;factory=created_model_fallback;support_reason=direct_object_archive_model;common_path_id=-1;rail_info_attached=false;rail_path_row=-1;rail_point_count=0;rail_first_point=none;model_archive=Kinopio;object_archive=/ObjectData/Kinopio.arc)
[src/runtime/RuntimeContext.cpp:1532][APP - INFO] SMG semantic event name_obj_lifecycle:archive_request (object=Kinopio;archive=Kinopio;kind=object;loaded=true;disc_path=Kinopio.arc)
[src/runtime/RuntimeContext.cpp:1532][APP - INFO] SMG semantic event name_obj_lifecycle:archive_request (object=Kinopio;archive=KinopioMiddle;kind=object;loaded=true;disc_path=KinopioMiddle.arc)
[src/runtime/RuntimeContext.cpp:1532][APP - INFO] SMG semantic event name_obj_lifecycle:archive_request (object=Kinopio;archive=KinopioLow;kind=object;loaded=true;disc_path=KinopioLow.arc)
[src/runtime/RuntimeContext.cpp:1532][APP - INFO] SMG semantic event name_obj_lifecycle:connect_to_scene (object=キノピオ;kind=live_actor_model;movement=34;calc_anim=5;draw_buffer=8;draw_type=-1)
[src/runtime/RuntimeContext.cpp:1448][APP - INFO] Registered effect keeper キノピオ group Kinopio capacity 8
[src/runtime/RuntimeContext.cpp:1532][APP - INFO] SMG semantic event name_obj_lifecycle:construct (object=Kinopio;actor=キノピオ)
[src/runtime/RuntimeContext.cpp:1532][APP - INFO] SMG semantic event sequence:stage_host_constructed (host=Kinopio;stage=PeachCastleGardenGalaxy)
[src/runtime/RuntimeContext.cpp:1532][APP - INFO] SMG semantic event name_obj_lifecycle:init_from_placement (object=キノピオ;stage=PeachCastleGardenGalaxy;zone=PeachCastleGardenGalaxy;table=jmp/placement/layera/objinfo;row=117;l_id=189)
[src/runtime/RuntimeContext.cpp:1532][APP - INFO] SMG semantic event sequence:stage_host_initialized (host=Kinopio;stage=PeachCastleGardenGalaxy)
[src/runtime/RuntimeContext.cpp:1532][APP - INFO] SMG semantic event placement:stage_object (stage=PeachCastleGardenGalaxy;zone=PeachCastleGardenGalaxy;zone_id=0;scenario=1;layer=layera;table=jmp/placement/layera/objinfo;object=Kinopio;factory=created_model_fallback;support_reason=direct_object_archive_model;common_path_id=32;rail_info_attached=true;rail_path_row=21;rail_point_count=3;rail_first_point=-1600.000000,300.000000,4800.000000;model_archive=Kinopio;object_archive=/ObjectData/Kinopio.arc)
[src/runtime/RuntimeContext.cpp:1532][APP - INFO] SMG semantic event name_obj_lifecycle:archive_request (object=Kinopio;archive=Kinopio;kind=object;loaded=true;disc_path=Kinopio.arc)
[src/runtime/RuntimeContext.cpp:1532][APP - INFO] SMG semantic event name_obj_lifecycle:archive_request (object=Kinopio;archive=KinopioMiddle;kind=object;loaded=true;disc_path=KinopioMiddle.arc)
[src/runtime/RuntimeContext.cpp:1532][APP - INFO] SMG semantic event name_obj_lifecycle:archive_request (object=Kinopio;archive=KinopioLow;kind=object;loaded=true;disc_path=KinopioLow.arc)
[src/runtime/RuntimeContext.cpp:1532][APP - INFO] SMG semantic event name_obj_lifecycle:connect_to_scene (object=キノピオ;kind=live_actor_model;movement=34;calc_anim=5;draw_buffer=8;draw_type=-1)
[src/runtime/RuntimeContext.cpp:1448][APP - INFO] Registered effect keeper キノピオ group Kinopio capacity 8
[src/runtime/RuntimeContext.cpp:1532][APP - INFO] SMG semantic event name_obj_lifecycle:construct (object=Kinopio;actor=キノピオ)
[src/runtime/RuntimeContext.cpp:1532][APP - INFO] SMG semantic event sequence:stage_host_constructed (host=Kinopio;stage=PeachCastleGardenGalaxy)
[src/runtime/RuntimeContext.cpp:1532][APP - INFO] SMG semantic event name_obj_lifecycle:init_from_placement (object=キノピオ;stage=PeachCastleGardenGalaxy;zone=PeachCastleGardenGalaxy;table=jmp/placement/layera/objinfo;row=118;l_id=190)
[src/runtime/RuntimeContext.cpp:1532][APP - INFO] SMG semantic event sequence:stage_host_initialized (host=Kinopio;stage=PeachCastleGardenGalaxy)
[src/runtime/RuntimeContext.cpp:1532][APP - INFO] SMG semantic event placement:stage_object (stage=PeachCastleGardenGalaxy;zone=PeachCastleGardenGalaxy;zone_id=0;scenario=1;layer=layera;table=jmp/placement/layera/objinfo;object=Kinopio;factory=created_model_fallback;support_reason=direct_object_archive_model;common_path_id=-1;rail_info_attached=false;rail_path_row=-1;rail_point_count=0;rail_first_point=none;model_archive=Kinopio;object_archive=/ObjectData/Kinopio.arc)
[src/runtime/RuntimeContext.cpp:1532][APP - INFO] SMG semantic event name_obj_lifecycle:archive_request (object=Kinopio;archive=Kinopio;kind=object;loaded=true;disc_path=Kinopio.arc)
[src/runtime/RuntimeContext.cpp:1532][APP - INFO] SMG semantic event name_obj_lifecycle:archive_request (object=Kinopio;archive=KinopioMiddle;kind=object;loaded=true;disc_path=KinopioMiddle.arc)
[src/runtime/RuntimeContext.cpp:1532][APP - INFO] SMG semantic event name_obj_lifecycle:archive_request (object=Kinopio;archive=KinopioLow;kind=object;loaded=true;disc_path=KinopioLow.arc)
[src/runtime/RuntimeContext.cpp:1532][APP - INFO] SMG semantic event name_obj_lifecycle:connect_to_scene (object=キノピオ;kind=live_actor_model;movement=34;calc_anim=5;draw_buffer=8;draw_type=-1)
[src/runtime/RuntimeContext.cpp:1448][APP - INFO] Registered effect keeper キノピオ group Kinopio capacity 8
[src/runtime/RuntimeContext.cpp:1532][APP - INFO] SMG semantic event name_obj_lifecycle:construct (object=Kinopio;actor=キノピオ)
[src/runtime/RuntimeContext.cpp:1532][APP - INFO] SMG semantic event sequence:stage_host_constructed (host=Kinopio;stage=PeachCastleGardenGalaxy)
[src/runtime/RuntimeContext.cpp:1532][APP - INFO] SMG semantic event name_obj_lifecycle:init_from_placement (object=キノピオ;stage=PeachCastleGardenGalaxy;zone=PeachCastleGardenGalaxy;table=jmp/placement/layera/objinfo;row=119;l_id=192)
[src/runtime/RuntimeContext.cpp:1532][APP - INFO] SMG semantic event sequence:stage_host_initialized (host=Kinopio;stage=PeachCastleGardenGalaxy)
[src/runtime/RuntimeContext.cpp:1532][APP - INFO] SMG semantic event placement:stage_object (stage=PeachCastleGardenGalaxy;zone=PeachCastleGardenGalaxy;zone_id=0;scenario=1;layer=layera;table=jmp/placement/layera/objinfo;object=Kinopio;factory=created_model_fallback;support_reason=direct_object_archive_model;common_path_id=-1;rail_info_attached=false;rail_path_row=-1;rail_point_count=0;rail_first_point=none;model_archive=Kinopio;object_archive=/ObjectData/Kinopio.arc)
[src/runtime/RuntimeContext.cpp:1532][APP - INFO] SMG semantic event name_obj_lifecycle:archive_request (object=Kinopio;archive=Kinopio;kind=object;loaded=true;disc_path=Kinopio.arc)
[src/runtime/RuntimeContext.cpp:1532][APP - INFO] SMG semantic event name_obj_lifecycle:archive_request (object=Kinopio;archive=KinopioMiddle;kind=object;loaded=true;disc_path=KinopioMiddle.arc)
[src/runtime/RuntimeContext.cpp:1532][APP - INFO] SMG semantic event name_obj_lifecycle:archive_request (object=Kinopio;archive=KinopioLow;kind=object;loaded=true;disc_path=KinopioLow.arc)
[src/runtime/RuntimeContext.cpp:1532][APP - INFO] SMG semantic event name_obj_lifecycle:connect_to_scene (object=キノピオ;kind=live_actor_model;movement=34;calc_anim=5;draw_buffer=8;draw_type=-1)
[src/runtime/RuntimeContext.cpp:1448][APP - INFO] Registered effect keeper キノピオ group Kinopio capacity 8
[src/runtime/RuntimeContext.cpp:1532][APP - INFO] SMG semantic event name_obj_lifecycle:construct (object=Kinopio;actor=キノピオ)
[src/runtime/RuntimeContext.cpp:1532][APP - INFO] SMG semantic event sequence:stage_host_constructed (host=Kinopio;stage=PeachCastleGardenGalaxy)
[src/runtime/RuntimeContext.cpp:1532][APP - INFO] SMG semantic event name_obj_lifecycle:init_from_placement (object=キノピオ;stage=PeachCastleGardenGalaxy;zone=PeachCastleGardenGalaxy;table=jmp/placement/layera/objinfo;row=120;l_id=193)
[src/runtime/RuntimeContext.cpp:1532][APP - INFO] SMG semantic event sequence:stage_host_initialized (host=Kinopio;stage=PeachCastleGardenGalaxy)
[src/runtime/RuntimeContext.cpp:1532][APP - INFO] SMG semantic event placement:stage_object (stage=PeachCastleGardenGalaxy;zone=PeachCastleGardenGalaxy;zone_id=0;scenario=1;layer=layera;table=jmp/placement/layera/objinfo;object=Kinopio;factory=created_model_fallback;support_reason=direct_object_archive_model;common_path_id=-1;rail_info_attached=false;rail_path_row=-1;rail_point_count=0;rail_first_point=none;model_archive=Kinopio;object_archive=/ObjectData/Kinopio.arc)
[src/runtime/RuntimeContext.cpp:1532][APP - INFO] SMG semantic event name_obj_lifecycle:archive_request (object=Kinopio;archive=Kinopio;kind=object;loaded=true;disc_path=Kinopio.arc)
[src/runtime/RuntimeContext.cpp:1532][APP - INFO] SMG semantic event name_obj_lifecycle:archive_request (object=Kinopio;archive=KinopioMiddle;kind=object;loaded=true;disc_path=KinopioMiddle.arc)
[src/runtime/RuntimeContext.cpp:1532][APP - INFO] SMG semantic event name_obj_lifecycle:archive_request (object=Kinopio;archive=KinopioLow;kind=object;loaded=true;disc_path=KinopioLow.arc)
[src/runtime/RuntimeContext.cpp:1532][APP - INFO] SMG semantic event name_obj_lifecycle:connect_to_scene (object=キノピオ;kind=live_actor_model;movement=34;calc_anim=5;draw_buffer=8;draw_type=-1)
[src/runtime/RuntimeContext.cpp:1448][APP - INFO] Registered effect keeper キノピオ group Kinopio capacity 8
[src/runtime/RuntimeContext.cpp:1532][APP - INFO] SMG semantic event name_obj_lifecycle:construct (object=Kinopio;actor=キノピオ)
[src/runtime/RuntimeContext.cpp:1532][APP - INFO] SMG semantic event sequence:stage_host_constructed (host=Kinopio;stage=PeachCastleGardenGalaxy)
[src/runtime/RuntimeContext.cpp:1532][APP - INFO] SMG semantic event name_obj_lifecycle:init_from_placement (object=キノピオ;stage=PeachCastleGardenGalaxy;zone=PeachCastleGardenGalaxy;table=jmp/placement/layera/objinfo;row=121;l_id=194)
[src/runtime/RuntimeContext.cpp:1532][APP - INFO] SMG semantic event sequence:stage_host_initialized (host=Kinopio;stage=PeachCastleGardenGalaxy)
[src/runtime/RuntimeContext.cpp:1532][APP - INFO] SMG semantic event placement:stage_object (stage=PeachCastleGardenGalaxy;zone=PeachCastleGardenGalaxy;zone_id=0;scenario=1;layer=layera;table=jmp/placement/layera/objinfo;object=Kinopio;factory=created_model_fallback;support_reason=direct_object_archive_model;common_path_id=-1;rail_info_attached=false;rail_path_row=-1;rail_point_count=0;rail_first_point=none;model_archive=Kinopio;object_archive=/ObjectData/Kinopio.arc)
[src/runtime/RuntimeContext.cpp:1532][APP - INFO] SMG semantic event name_obj_lifecycle:archive_request (object=Kinopio;archive=Kinopio;kind=object;loaded=true;disc_path=Kinopio.arc)
[src/runtime/RuntimeContext.cpp:1532][APP - INFO] SMG semantic event name_obj_lifecycle:archive_request (object=Kinopio;archive=KinopioMiddle;kind=object;loaded=true;disc_path=KinopioMiddle.arc)
[src/runtime/RuntimeContext.cpp:1532][APP - INFO] SMG semantic event name_obj_lifecycle:archive_request (object=Kinopio;archive=KinopioLow;kind=object;loaded=true;disc_path=KinopioLow.arc)
[src/runtime/RuntimeContext.cpp:1532][APP - INFO] SMG semantic event name_obj_lifecycle:connect_to_scene (object=キノピオ;kind=live_actor_model;movement=34;calc_anim=5;draw_buffer=8;draw_type=-1)
[src/runtime/RuntimeContext.cpp:1448][APP - INFO] Registered effect keeper キノピオ group Kinopio capacity 8
[src/runtime/RuntimeContext.cpp:1532][APP - INFO] SMG semantic event name_obj_lifecycle:construct (object=Kinopio;actor=キノピオ)
[src/runtime/RuntimeContext.cpp:1532][APP - INFO] SMG semantic event sequence:stage_host_constructed (host=Kinopio;stage=PeachCastleGardenGalaxy)
[src/runtime/RuntimeContext.cpp:1532][APP - INFO] SMG semantic event name_obj_lifecycle:init_from_placement (object=キノピオ;stage=PeachCastleGardenGalaxy;zone=PeachCastleGardenGalaxy;table=jmp/placement/layera/objinfo;row=122;l_id=195)
[src/runtime/RuntimeContext.cpp:1532][APP - INFO] SMG semantic event sequence:stage_host_initialized (host=Kinopio;stage=PeachCastleGardenGalaxy)
[src/runtime/RuntimeContext.cpp:1532][APP - INFO] SMG semantic event placement:stage_object (stage=PeachCastleGardenGalaxy;zone=PeachCastleGardenGalaxy;zone_id=0;scenario=1;layer=layera;table=jmp/placement/layera/objinfo;object=Kinopio;factory=created_model_fallback;support_reason=direct_object_archive_model;common_path_id=-1;rail_info_attached=false;rail_path_row=-1;rail_point_count=0;rail_first_point=none;model_archive=Kinopio;object_archive=/ObjectData/Kinopio.arc)
[src/runtime/RuntimeContext.cpp:1532][APP - INFO] SMG semantic event name_obj_lifecycle:archive_request (object=Kinopio;archive=Kinopio;kind=object;loaded=true;disc_path=Kinopio.arc)
[src/runtime/RuntimeContext.cpp:1532][APP - INFO] SMG semantic event name_obj_lifecycle:archive_request (object=Kinopio;archive=KinopioMiddle;kind=object;loaded=true;disc_path=KinopioMiddle.arc)
[src/runtime/RuntimeContext.cpp:1532][APP - INFO] SMG semantic event name_obj_lifecycle:archive_request (object=Kinopio;archive=KinopioLow;kind=object;loaded=true;disc_path=KinopioLow.arc)
[src/runtime/RuntimeContext.cpp:1532][APP - INFO] SMG semantic event name_obj_lifecycle:connect_to_scene (object=キノピオ;kind=live_actor_model;movement=34;calc_anim=5;draw_buffer=8;draw_type=-1)
[src/runtime/RuntimeContext.cpp:1448][APP - INFO] Registered effect keeper キノピオ group Kinopio capacity 8
[src/runtime/RuntimeContext.cpp:1532][APP - INFO] SMG semantic event name_obj_lifecycle:construct (object=Kinopio;actor=キノピオ)
[src/runtime/RuntimeContext.cpp:1532][APP - INFO] SMG semantic event sequence:stage_host_constructed (host=Kinopio;stage=PeachCastleGardenGalaxy)
[src/runtime/RuntimeContext.cpp:1532][APP - INFO] SMG semantic event name_obj_lifecycle:init_from_placement (object=キノピオ;stage=PeachCastleGardenGalaxy;zone=PeachCastleGardenGalaxy;table=jmp/placement/layera/objinfo;row=123;l_id=196)
[src/runtime/RuntimeContext.cpp:1532][APP - INFO] SMG semantic event sequence:stage_host_initialized (host=Kinopio;stage=PeachCastleGardenGalaxy)
[src/runtime/RuntimeContext.cpp:1532][APP - INFO] SMG semantic event placement:stage_object (stage=PeachCastleGardenGalaxy;zone=PeachCastleGardenGalaxy;zone_id=0;scenario=1;layer=layera;table=jmp/placement/layera/objinfo;object=Kinopio;factory=created_model_fallback;support_reason=direct_object_archive_model;common_path_id=-1;rail_info_attached=false;rail_path_row=-1;rail_point_count=0;rail_first_point=none;model_archive=Kinopio;object_archive=/ObjectData/Kinopio.arc)
[src/runtime/RuntimeContext.cpp:1532][APP - INFO] SMG semantic event name_obj_lifecycle:archive_request (object=Kinopio;archive=Kinopio;kind=object;loaded=true;disc_path=Kinopio.arc)
[src/runtime/RuntimeContext.cpp:1532][APP - INFO] SMG semantic event name_obj_lifecycle:archive_request (object=Kinopio;archive=KinopioMiddle;kind=object;loaded=true;disc_path=KinopioMiddle.arc)
[src/runtime/RuntimeContext.cpp:1532][APP - INFO] SMG semantic event name_obj_lifecycle:archive_request (object=Kinopio;archive=KinopioLow;kind=object;loaded=true;disc_path=KinopioLow.arc)
[src/runtime/RuntimeContext.cpp:1532][APP - INFO] SMG semantic event name_obj_lifecycle:connect_to_scene (object=キノピオ;kind=live_actor_model;movement=34;calc_anim=5;draw_buffer=8;draw_type=-1)
[src/runtime/RuntimeContext.cpp:1448][APP - INFO] Registered effect keeper キノピオ group Kinopio capacity 8
[src/runtime/RuntimeContext.cpp:1532][APP - INFO] SMG semantic event name_obj_lifecycle:construct (object=Kinopio;actor=キノピオ)
[src/runtime/RuntimeContext.cpp:1532][APP - INFO] SMG semantic event sequence:stage_host_constructed (host=Kinopio;stage=PeachCastleGardenGalaxy)
[src/runtime/RuntimeContext.cpp:1532][APP - INFO] SMG semantic event name_obj_lifecycle:init_from_placement (object=キノピオ;stage=PeachCastleGardenGalaxy;zone=PeachCastleGardenGalaxy;table=jmp/placement/layera/objinfo;row=124;l_id=197)
[src/runtime/RuntimeContext.cpp:1532][APP - INFO] SMG semantic event sequence:stage_host_initialized (host=Kinopio;stage=PeachCastleGardenGalaxy)
[src/runtime/RuntimeContext.cpp:1532][APP - INFO] SMG semantic event placement:stage_object (stage=PeachCastleGardenGalaxy;zone=PeachCastleGardenGalaxy;zone_id=0;scenario=1;layer=layera;table=jmp/placement/layera/objinfo;object=Kinopio;factory=created_model_fallback;support_reason=direct_object_archive_model;common_path_id=33;rail_info_attached=true;rail_path_row=22;rail_point_count=3;rail_first_point=-2050.000000,350.000000,6100.000000;model_archive=Kinopio;object_archive=/ObjectData/Kinopio.arc)
[src/runtime/RuntimeContext.cpp:1532][APP - INFO] SMG semantic event name_obj_lifecycle:archive_request (object=Kinopio;archive=Kinopio;kind=object;loaded=true;disc_path=Kinopio.arc)
[src/runtime/RuntimeContext.cpp:1532][APP - INFO] SMG semantic event name_obj_lifecycle:archive_request (object=Kinopio;archive=KinopioMiddle;kind=object;loaded=true;disc_path=KinopioMiddle.arc)
[src/runtime/RuntimeContext.cpp:1532][APP - INFO] SMG semantic event name_obj_lifecycle:archive_request (object=Kinopio;archive=KinopioLow;kind=object;loaded=true;disc_path=KinopioLow.arc)
[src/runtime/RuntimeContext.cpp:1532][APP - INFO] SMG semantic event name_obj_lifecycle:connect_to_scene (object=キノピオ;kind=live_actor_model;movement=34;calc_anim=5;draw_buffer=8;draw_type=-1)
[src/runtime/RuntimeContext.cpp:1448][APP - INFO] Registered effect keeper キノピオ group Kinopio capacity 8
[src/runtime/RuntimeContext.cpp:1532][APP - INFO] SMG semantic event name_obj_lifecycle:construct (object=Kinopio;actor=キノピオ)
[src/runtime/RuntimeContext.cpp:1532][APP - INFO] SMG semantic event sequence:stage_host_constructed (host=Kinopio;stage=PeachCastleGardenGalaxy)
[src/runtime/RuntimeContext.cpp:1532][APP - INFO] SMG semantic event name_obj_lifecycle:init_from_placement (object=キノピオ;stage=PeachCastleGardenGalaxy;zone=PeachCastleGardenGalaxy;table=jmp/placement/layera/objinfo;row=125;l_id=198)
[src/runtime/RuntimeContext.cpp:1532][APP - INFO] SMG semantic event sequence:stage_host_initialized (host=Kinopio;stage=PeachCastleGardenGalaxy)
[src/runtime/RuntimeContext.cpp:1532][APP - INFO] SMG semantic event placement:stage_object (stage=PeachCastleGardenGalaxy;zone=PeachCastleGardenGalaxy;zone_id=0;scenario=1;layer=layera;table=jmp/placement/layera/objinfo;object=Kinopio;factory=created_model_fallback;support_reason=direct_object_archive_model;common_path_id=-1;rail_info_attached=false;rail_path_row=-1;rail_point_count=0;rail_first_point=none;model_archive=Kinopio;object_archive=/ObjectData/Kinopio.arc)
[src/runtime/RuntimeContext.cpp:1532][APP - INFO] SMG semantic event name_obj_lifecycle:archive_request (object=Kinopio;archive=Kinopio;kind=object;loaded=true;disc_path=Kinopio.arc)
[src/runtime/RuntimeContext.cpp:1532][APP - INFO] SMG semantic event name_obj_lifecycle:archive_request (object=Kinopio;archive=KinopioMiddle;kind=object;loaded=true;disc_path=KinopioMiddle.arc)
[src/runtime/RuntimeContext.cpp:1532][APP - INFO] SMG semantic event name_obj_lifecycle:archive_request (object=Kinopio;archive=KinopioLow;kind=object;loaded=true;disc_path=KinopioLow.arc)
[src/runtime/RuntimeContext.cpp:1532][APP - INFO] SMG semantic event name_obj_lifecycle:connect_to_scene (object=キノピオ;kind=live_actor_model;movement=34;calc_anim=5;draw_buffer=8;draw_type=-1)
[src/runtime/RuntimeContext.cpp:1448][APP - INFO] Registered effect keeper キノピオ group Kinopio capacity 8
[src/runtime/RuntimeContext.cpp:1532][APP - INFO] SMG semantic event name_obj_lifecycle:construct (object=Kinopio;actor=キノピオ)
[src/runtime/RuntimeContext.cpp:1532][APP - INFO] SMG semantic event sequence:stage_host_constructed (host=Kinopio;stage=PeachCastleGardenGalaxy)
[src/runtime/RuntimeContext.cpp:1532][APP - INFO] SMG semantic event name_obj_lifecycle:init_from_placement (object=キノピオ;stage=PeachCastleGardenGalaxy;zone=PeachCastleGardenGalaxy;table=jmp/placement/layera/objinfo;row=126;l_id=199)
[src/runtime/RuntimeContext.cpp:1532][APP - INFO] SMG semantic event sequence:stage_host_initialized (host=Kinopio;stage=PeachCastleGardenGalaxy)
[src/runtime/RuntimeContext.cpp:1532][APP - INFO] SMG semantic event placement:stage_object (stage=PeachCastleGardenGalaxy;zone=PeachCastleGardenGalaxy;zone_id=0;scenario=1;layer=layera;table=jmp/placement/layera/objinfo;object=Kinopio;factory=created_model_fallback;support_reason=direct_object_archive_model;common_path_id=-1;rail_info_attached=false;rail_path_row=-1;rail_point_count=0;rail_first_point=none;model_archive=Kinopio;object_archive=/ObjectData/Kinopio.arc)
[src/runtime/RuntimeContext.cpp:1532][APP - INFO] SMG semantic event name_obj_lifecycle:archive_request (object=Kinopio;archive=Kinopio;kind=object;loaded=true;disc_path=Kinopio.arc)
[src/runtime/RuntimeContext.cpp:1532][APP - INFO] SMG semantic event name_obj_lifecycle:archive_request (object=Kinopio;archive=KinopioMiddle;kind=object;loaded=true;disc_path=KinopioMiddle.arc)
[src/runtime/RuntimeContext.cpp:1532][APP - INFO] SMG semantic event name_obj_lifecycle:archive_request (object=Kinopio;archive=KinopioLow;kind=object;loaded=true;disc_path=KinopioLow.arc)
[src/runtime/RuntimeContext.cpp:1532][APP - INFO] SMG semantic event name_obj_lifecycle:connect_to_scene (object=キノピオ;kind=live_actor_model;movement=34;calc_anim=5;draw_buffer=8;draw_type=-1)
[src/runtime/RuntimeContext.cpp:1448][APP - INFO] Registered effect keeper キノピオ group Kinopio capacity 8
[src/runtime/RuntimeContext.cpp:1532][APP - INFO] SMG semantic event name_obj_lifecycle:construct (object=Kinopio;actor=キノピオ)
[src/runtime/RuntimeContext.cpp:1532][APP - INFO] SMG semantic event sequence:stage_host_constructed (host=Kinopio;stage=PeachCastleGardenGalaxy)
[src/runtime/RuntimeContext.cpp:1532][APP - INFO] SMG semantic event name_obj_lifecycle:init_from_placement (object=キノピオ;stage=PeachCastleGardenGalaxy;zone=PeachCastleGardenGalaxy;table=jmp/placement/layera/objinfo;row=127;l_id=200)
[src/runtime/RuntimeContext.cpp:1532][APP - INFO] SMG semantic event sequence:stage_host_initialized (host=Kinopio;stage=PeachCastleGardenGalaxy)
[src/runtime/RuntimeContext.cpp:1532][APP - INFO] SMG semantic event placement:stage_object (stage=PeachCastleGardenGalaxy;zone=PeachCastleGardenGalaxy;zone_id=0;scenario=1;layer=layera;table=jmp/placement/layera/objinfo;object=Kinopio;factory=created_model_fallback;support_reason=direct_object_archive_model;common_path_id=35;rail_info_attached=true;rail_path_row=24;rail_point_count=3;rail_first_point=9400.000000,2150.000000,9300.000000;model_archive=Kinopio;object_archive=/ObjectData/Kinopio.arc)
[src/runtime/RuntimeContext.cpp:1532][APP - INFO] SMG semantic event name_obj_lifecycle:archive_request (object=Kinopio;archive=Kinopio;kind=object;loaded=true;disc_path=Kinopio.arc)
[src/runtime/RuntimeContext.cpp:1532][APP - INFO] SMG semantic event name_obj_lifecycle:archive_request (object=Kinopio;archive=KinopioMiddle;kind=object;loaded=true;disc_path=KinopioMiddle.arc)
[src/runtime/RuntimeContext.cpp:1532][APP - INFO] SMG semantic event name_obj_lifecycle:archive_request (object=Kinopio;archive=KinopioLow;kind=object;loaded=true;disc_path=KinopioLow.arc)
[src/runtime/RuntimeContext.cpp:1532][APP - INFO] SMG semantic event name_obj_lifecycle:connect_to_scene (object=キノピオ;kind=live_actor_model;movement=34;calc_anim=5;draw_buffer=8;draw_type=-1)
[src/runtime/RuntimeContext.cpp:1448][APP - INFO] Registered effect keeper キノピオ group Kinopio capacity 8
[src/runtime/RuntimeContext.cpp:1532][APP - INFO] SMG semantic event name_obj_lifecycle:construct (object=Kinopio;actor=キノピオ)
[src/runtime/RuntimeContext.cpp:1532][APP - INFO] SMG semantic event sequence:stage_host_constructed (host=Kinopio;stage=PeachCastleGardenGalaxy)
[src/runtime/RuntimeContext.cpp:1532][APP - INFO] SMG semantic event name_obj_lifecycle:init_from_placement (object=キノピオ;stage=PeachCastleGardenGalaxy;zone=PeachCastleGardenGalaxy;table=jmp/placement/layera/objinfo;row=128;l_id=204)
[src/runtime/RuntimeContext.cpp:1532][APP - INFO] SMG semantic event sequence:stage_host_initialized (host=Kinopio;stage=PeachCastleGardenGalaxy)
[src/runtime/RuntimeContext.cpp:1532][APP - INFO] SMG semantic event placement:stage_object (stage=PeachCastleGardenGalaxy;zone=PeachCastleGardenGalaxy;zone_id=0;scenario=1;layer=layera;table=jmp/placement/layera/objinfo;object=FlagPeachCastleC;factory=created_model_fallback;support_reason=direct_object_archive_model;common_path_id=-1;rail_info_attached=false;rail_path_row=-1;rail_point_count=0;rail_first_point=none;model_archive=FlagPeachCastleC;object_archive=/ObjectData/FlagPeachCastleC.arc)
[src/runtime/RuntimeContext.cpp:1532][APP - INFO] SMG semantic event name_obj_lifecycle:archive_request (object=FlagPeachCastleC;archive=FlagPeachCastleC;kind=object;loaded=true;disc_path=FlagPeachCastleC.arc)
[src/runtime/RuntimeContext.cpp:1532][APP - INFO] SMG semantic event name_obj_lifecycle:connect_to_scene (object=旗（ピーチ城の頂上）;kind=live_actor_model;movement=34;calc_anim=5;draw_buffer=8;draw_type=-1)
[src/runtime/RuntimeContext.cpp:1448][APP - INFO] Registered effect keeper 旗（ピーチ城の頂上） group FlagPeachCastleC capacity 8
[src/runtime/RuntimeContext.cpp:1532][APP - INFO] SMG semantic event name_obj_lifecycle:construct (object=FlagPeachCastleC;actor=旗（ピーチ城の頂上）)
[src/runtime/RuntimeContext.cpp:1532][APP - INFO] SMG semantic event sequence:stage_host_constructed (host=FlagPeachCastleC;stage=PeachCastleGardenGalaxy)
[src/runtime/RuntimeContext.cpp:1532][APP - INFO] SMG semantic event name_obj_lifecycle:init_from_placement (object=旗（ピーチ城の頂上）;stage=PeachCastleGardenGalaxy;zone=PeachCastleGardenGalaxy;table=jmp/placement/layera/objinfo;row=129;l_id=205)
[src/runtime/RuntimeContext.cpp:1532][APP - INFO] SMG semantic event sequence:stage_host_initialized (host=FlagPeachCastleC;stage=PeachCastleGardenGalaxy)
[src/runtime/RuntimeContext.cpp:1532][APP - INFO] SMG semantic event placement:stage_object (stage=PeachCastleGardenGalaxy;zone=PeachCastleGardenGalaxy;zone_id=0;scenario=1;layer=layera;table=jmp/placement/layera/objinfo;object=FlagPeachCastleA;factory=created_model_fallback;support_reason=direct_object_archive_model;common_path_id=-1;rail_info_attached=false;rail_path_row=-1;rail_point_count=0;rail_first_point=none;model_archive=FlagPeachCastleA;object_archive=/ObjectData/FlagPeachCastleA.arc)
[src/runtime/RuntimeContext.cpp:1532][APP - INFO] SMG semantic event name_obj_lifecycle:archive_request (object=FlagPeachCastleA;archive=FlagPeachCastleA;kind=object;loaded=true;disc_path=FlagPeachCastleA.arc)
[src/runtime/RuntimeContext.cpp:1532][APP - INFO] SMG semantic event name_obj_lifecycle:connect_to_scene (object=旗（ピーチ城の街灯）;kind=live_actor_model;movement=34;calc_anim=5;draw_buffer=8;draw_type=-1)
[src/runtime/RuntimeContext.cpp:1448][APP - INFO] Registered effect keeper 旗（ピーチ城の街灯） group FlagPeachCastleA capacity 8
[src/runtime/RuntimeContext.cpp:1532][APP - INFO] SMG semantic event name_obj_lifecycle:construct (object=FlagPeachCastleA;actor=旗（ピーチ城の街灯）)
[src/runtime/RuntimeContext.cpp:1532][APP - INFO] SMG semantic event sequence:stage_host_constructed (host=FlagPeachCastleA;stage=PeachCastleGardenGalaxy)
[src/runtime/RuntimeContext.cpp:1532][APP - INFO] SMG semantic event name_obj_lifecycle:init_from_placement (object=旗（ピーチ城の街灯）;stage=PeachCastleGardenGalaxy;zone=PeachCastleGardenGalaxy;table=jmp/placement/layera/objinfo;row=130;l_id=206)
[src/runtime/RuntimeContext.cpp:1532][APP - INFO] SMG semantic event sequence:stage_host_initialized (host=FlagPeachCastleA;stage=PeachCastleGardenGalaxy)
[src/runtime/RuntimeContext.cpp:1532][APP - INFO] SMG semantic event placement:stage_object (stage=PeachCastleGardenGalaxy;zone=PeachCastleGardenGalaxy;zone_id=0;scenario=1;layer=layera;table=jmp/placement/layera/objinfo;object=ShootingStar;factory=created_model_fallback;support_reason=direct_object_archive_model;common_path_id=-1;rail_info_attached=false;rail_path_row=-1;rail_point_count=0;rail_first_point=none;model_archive=ShootingStar;object_archive=/ObjectData/ShootingStar.arc)
[src/runtime/RuntimeContext.cpp:1532][APP - INFO] SMG semantic event name_obj_lifecycle:archive_request (object=ShootingStar;archive=ShootingStar;kind=object;loaded=true;disc_path=ShootingStar.arc)
[src/runtime/RuntimeContext.cpp:1532][APP - INFO] SMG semantic event name_obj_lifecycle:connect_to_scene (object=スターピーススター;kind=live_actor_model;movement=34;calc_anim=5;draw_buffer=8;draw_type=-1)
[src/runtime/RuntimeContext.cpp:1448][APP - INFO] Registered effect keeper スターピーススター group ShootingStar capacity 8
[src/runtime/RuntimeContext.cpp:1532][APP - INFO] SMG semantic event name_obj_lifecycle:construct (object=ShootingStar;actor=スターピーススター)
[src/runtime/RuntimeContext.cpp:1532][APP - INFO] SMG semantic event sequence:stage_host_constructed (host=ShootingStar;stage=PeachCastleGardenGalaxy)
[src/runtime/RuntimeContext.cpp:1532][APP - INFO] SMG semantic event name_obj_lifecycle:init_from_placement (object=スターピーススター;stage=PeachCastleGardenGalaxy;zone=PeachCastleGardenGalaxy;table=jmp/placement/layera/objinfo;row=131;l_id=207)
[src/runtime/RuntimeContext.cpp:1532][APP - INFO] SMG semantic event sequence:stage_host_initialized (host=ShootingStar;stage=PeachCastleGardenGalaxy)
[src/runtime/RuntimeContext.cpp:1532][APP - INFO] SMG semantic event placement:stage_object (stage=PeachCastleGardenGalaxy;zone=PeachCastleGardenGalaxy;zone_id=0;scenario=1;layer=layera;table=jmp/placement/layera/objinfo;object=FlagPeachCastleA;factory=created_model_fallback;support_reason=direct_object_archive_model;common_path_id=-1;rail_info_attached=false;rail_path_row=-1;rail_point_count=0;rail_first_point=none;model_archive=FlagPeachCastleA;object_archive=/ObjectData/FlagPeachCastleA.arc)
[src/runtime/RuntimeContext.cpp:1532][APP - INFO] SMG semantic event name_obj_lifecycle:archive_request (object=FlagPeachCastleA;archive=FlagPeachCastleA;kind=object;loaded=true;disc_path=FlagPeachCastleA.arc)
[src/runtime/RuntimeContext.cpp:1532][APP - INFO] SMG semantic event name_obj_lifecycle:connect_to_scene (object=旗（ピーチ城の街灯）;kind=live_actor_model;movement=34;calc_anim=5;draw_buffer=8;draw_type=-1)
[src/runtime/RuntimeContext.cpp:1448][APP - INFO] Registered effect keeper 旗（ピーチ城の街灯） group FlagPeachCastleA capacity 8
[src/runtime/RuntimeContext.cpp:1532][APP - INFO] SMG semantic event name_obj_lifecycle:construct (object=FlagPeachCastleA;actor=旗（ピーチ城の街灯）)
[src/runtime/RuntimeContext.cpp:1532][APP - INFO] SMG semantic event sequence:stage_host_constructed (host=FlagPeachCastleA;stage=PeachCastleGardenGalaxy)
[src/runtime/RuntimeContext.cpp:1532][APP - INFO] SMG semantic event name_obj_lifecycle:init_from_placement (object=旗（ピーチ城の街灯）;stage=PeachCastleGardenGalaxy;zone=PeachCastleGardenGalaxy;table=jmp/placement/layera/objinfo;row=132;l_id=208)
[src/runtime/RuntimeContext.cpp:1532][APP - INFO] SMG semantic event sequence:stage_host_initialized (host=FlagPeachCastleA;stage=PeachCastleGardenGalaxy)
[src/runtime/RuntimeContext.cpp:1532][APP - INFO] SMG semantic event placement:stage_object (stage=PeachCastleGardenGalaxy;zone=PeachCastleGardenGalaxy;zone_id=0;scenario=1;layer=layera;table=jmp/placement/layera/objinfo;object=FlagPeachCastleA;factory=created_model_fallback;support_reason=direct_object_archive_model;common_path_id=-1;rail_info_attached=false;rail_path_row=-1;rail_point_count=0;rail_first_point=none;model_archive=FlagPeachCastleA;object_archive=/ObjectData/FlagPeachCastleA.arc)
[src/runtime/RuntimeContext.cpp:1532][APP - INFO] SMG semantic event name_obj_lifecycle:archive_request (object=FlagPeachCastleA;archive=FlagPeachCastleA;kind=object;loaded=true;disc_path=FlagPeachCastleA.arc)
[src/runtime/RuntimeContext.cpp:1532][APP - INFO] SMG semantic event name_obj_lifecycle:connect_to_scene (object=旗（ピーチ城の街灯）;kind=live_actor_model;movement=34;calc_anim=5;draw_buffer=8;draw_type=-1)
[src/runtime/RuntimeContext.cpp:1448][APP - INFO] Registered effect keeper 旗（ピーチ城の街灯） group FlagPeachCastleA capacity 8
[src/runtime/RuntimeContext.cpp:1532][APP - INFO] SMG semantic event name_obj_lifecycle:construct (object=FlagPeachCastleA;actor=旗（ピーチ城の街灯）)
[src/runtime/RuntimeContext.cpp:1532][APP - INFO] SMG semantic event sequence:stage_host_constructed (host=FlagPeachCastleA;stage=PeachCastleGardenGalaxy)
[src/runtime/RuntimeContext.cpp:1532][APP - INFO] SMG semantic event name_obj_lifecycle:init_from_placement (object=旗（ピーチ城の街灯）;stage=PeachCastleGardenGalaxy;zone=PeachCastleGardenGalaxy;table=jmp/placement/layera/objinfo;row=133;l_id=209)
[src/runtime/RuntimeContext.cpp:1532][APP - INFO] SMG semantic event sequence:stage_host_initialized (host=FlagPeachCastleA;stage=PeachCastleGardenGalaxy)
[src/runtime/RuntimeContext.cpp:1532][APP - INFO] SMG semantic event placement:stage_object (stage=PeachCastleGardenGalaxy;zone=PeachCastleGardenGalaxy;zone_id=0;scenario=1;layer=layera;table=jmp/placement/layera/objinfo;object=FlagPeachCastleA;factory=created_model_fallback;support_reason=direct_object_archive_model;common_path_id=-1;rail_info_attached=false;rail_path_row=-1;rail_point_count=0;rail_first_point=none;model_archive=FlagPeachCastleA;object_archive=/ObjectData/FlagPeachCastleA.arc)
[src/runtime/RuntimeContext.cpp:1532][APP - INFO] SMG semantic event name_obj_lifecycle:archive_request (object=FlagPeachCastleA;archive=FlagPeachCastleA;kind=object;loaded=true;disc_path=FlagPeachCastleA.arc)
[src/runtime/RuntimeContext.cpp:1532][APP - INFO] SMG semantic event name_obj_lifecycle:connect_to_scene (object=旗（ピーチ城の街灯）;kind=live_actor_model;movement=34;calc_anim=5;draw_buffer=8;draw_type=-1)
[src/runtime/RuntimeContext.cpp:1448][APP - INFO] Registered effect keeper 旗（ピーチ城の街灯） group FlagPeachCastleA capacity 8
[src/runtime/RuntimeContext.cpp:1532][APP - INFO] SMG semantic event name_obj_lifecycle:construct (object=FlagPeachCastleA;actor=旗（ピーチ城の街灯）)
[src/runtime/RuntimeContext.cpp:1532][APP - INFO] SMG semantic event sequence:stage_host_constructed (host=FlagPeachCastleA;stage=PeachCastleGardenGalaxy)
[src/runtime/RuntimeContext.cpp:1532][APP - INFO] SMG semantic event name_obj_lifecycle:init_from_placement (object=旗（ピーチ城の街灯）;stage=PeachCastleGardenGalaxy;zone=PeachCastleGardenGalaxy;table=jmp/placement/layera/objinfo;row=134;l_id=215)
[src/runtime/RuntimeContext.cpp:1532][APP - INFO] SMG semantic event sequence:stage_host_initialized (host=FlagPeachCastleA;stage=PeachCastleGardenGalaxy)
[src/runtime/RuntimeContext.cpp:1532][APP - INFO] SMG semantic event placement:stage_object (stage=PeachCastleGardenGalaxy;zone=PeachCastleGardenGalaxy;zone_id=0;scenario=1;layer=layera;table=jmp/placement/layera/objinfo;object=FlagPeachCastleA;factory=created_model_fallback;support_reason=direct_object_archive_model;common_path_id=-1;rail_info_attached=false;rail_path_row=-1;rail_point_count=0;rail_first_point=none;model_archive=FlagPeachCastleA;object_archive=/ObjectData/FlagPeachCastleA.arc)
[src/runtime/RuntimeContext.cpp:1532][APP - INFO] SMG semantic event name_obj_lifecycle:archive_request (object=FlagPeachCastleA;archive=FlagPeachCastleA;kind=object;loaded=true;disc_path=FlagPeachCastleA.arc)
[src/runtime/RuntimeContext.cpp:1532][APP - INFO] SMG semantic event name_obj_lifecycle:connect_to_scene (object=旗（ピーチ城の街灯）;kind=live_actor_model;movement=34;calc_anim=5;draw_buffer=8;draw_type=-1)
[src/runtime/RuntimeContext.cpp:1448][APP - INFO] Registered effect keeper 旗（ピーチ城の街灯） group FlagPeachCastleA capacity 8
[src/runtime/RuntimeContext.cpp:1532][APP - INFO] SMG semantic event name_obj_lifecycle:construct (object=FlagPeachCastleA;actor=旗（ピーチ城の街灯）)
[src/runtime/RuntimeContext.cpp:1532][APP - INFO] SMG semantic event sequence:stage_host_constructed (host=FlagPeachCastleA;stage=PeachCastleGardenGalaxy)
[src/runtime/RuntimeContext.cpp:1532][APP - INFO] SMG semantic event name_obj_lifecycle:init_from_placement (object=旗（ピーチ城の街灯）;stage=PeachCastleGardenGalaxy;zone=PeachCastleGardenGalaxy;table=jmp/placement/layera/objinfo;row=135;l_id=216)
[src/runtime/RuntimeContext.cpp:1532][APP - INFO] SMG semantic event sequence:stage_host_initialized (host=FlagPeachCastleA;stage=PeachCastleGardenGalaxy)
[src/runtime/RuntimeContext.cpp:1532][APP - INFO] SMG semantic event placement:stage_object (stage=PeachCastleGardenGalaxy;zone=PeachCastleGardenGalaxy;zone_id=0;scenario=1;layer=layera;table=jmp/placement/layera/objinfo;object=FlagPeachCastleA;factory=created_model_fallback;support_reason=direct_object_archive_model;common_path_id=-1;rail_info_attached=false;rail_path_row=-1;rail_point_count=0;rail_first_point=none;model_archive=FlagPeachCastleA;object_archive=/ObjectData/FlagPeachCastleA.arc)
[src/runtime/RuntimeContext.cpp:1532][APP - INFO] SMG semantic event name_obj_lifecycle:archive_request (object=FlagPeachCastleA;archive=FlagPeachCastleA;kind=object;loaded=true;disc_path=FlagPeachCastleA.arc)
[src/runtime/RuntimeContext.cpp:1532][APP - INFO] SMG semantic event name_obj_lifecycle:connect_to_scene (object=旗（ピーチ城の街灯）;kind=live_actor_model;movement=34;calc_anim=5;draw_buffer=8;draw_type=-1)
[src/runtime/RuntimeContext.cpp:1448][APP - INFO] Registered effect keeper 旗（ピーチ城の街灯） group FlagPeachCastleA capacity 8
[src/runtime/RuntimeContext.cpp:1532][APP - INFO] SMG semantic event name_obj_lifecycle:construct (object=FlagPeachCastleA;actor=旗（ピーチ城の街灯）)
[src/runtime/RuntimeContext.cpp:1532][APP - INFO] SMG semantic event sequence:stage_host_constructed (host=FlagPeachCastleA;stage=PeachCastleGardenGalaxy)
[src/runtime/RuntimeContext.cpp:1532][APP - INFO] SMG semantic event name_obj_lifecycle:init_from_placement (object=旗（ピーチ城の街灯）;stage=PeachCastleGardenGalaxy;zone=PeachCastleGardenGalaxy;table=jmp/placement/layera/objinfo;row=136;l_id=217)
[src/runtime/RuntimeContext.cpp:1532][APP - INFO] SMG semantic event sequence:stage_host_initialized (host=FlagPeachCastleA;stage=PeachCastleGardenGalaxy)
[src/runtime/RuntimeContext.cpp:1532][APP - INFO] SMG semantic event placement:stage_object (stage=PeachCastleGardenGalaxy;zone=PeachCastleGardenGalaxy;zone_id=0;scenario=1;layer=layera;table=jmp/placement/layera/objinfo;object=FlagPeachCastleA;factory=created_model_fallback;support_reason=direct_object_archive_model;common_path_id=-1;rail_info_attached=false;rail_path_row=-1;rail_point_count=0;rail_first_point=none;model_archive=FlagPeachCastleA;object_archive=/ObjectData/FlagPeachCastleA.arc)
[src/runtime/RuntimeContext.cpp:1532][APP - INFO] SMG semantic event name_obj_lifecycle:archive_request (object=FlagPeachCastleA;archive=FlagPeachCastleA;kind=object;loaded=true;disc_path=FlagPeachCastleA.arc)
[src/runtime/RuntimeContext.cpp:1532][APP - INFO] SMG semantic event name_obj_lifecycle:connect_to_scene (object=旗（ピーチ城の街灯）;kind=live_actor_model;movement=34;calc_anim=5;draw_buffer=8;draw_type=-1)
[src/runtime/RuntimeContext.cpp:1448][APP - INFO] Registered effect keeper 旗（ピーチ城の街灯） group FlagPeachCastleA capacity 8
[src/runtime/RuntimeContext.cpp:1532][APP - INFO] SMG semantic event name_obj_lifecycle:construct (object=FlagPeachCastleA;actor=旗（ピーチ城の街灯）)
[src/runtime/RuntimeContext.cpp:1532][APP - INFO] SMG semantic event sequence:stage_host_constructed (host=FlagPeachCastleA;stage=PeachCastleGardenGalaxy)
[src/runtime/RuntimeContext.cpp:1532][APP - INFO] SMG semantic event name_obj_lifecycle:init_from_placement (object=旗（ピーチ城の街灯）;stage=PeachCastleGardenGalaxy;zone=PeachCastleGardenGalaxy;table=jmp/placement/layera/objinfo;row=137;l_id=218)
[src/runtime/RuntimeContext.cpp:1532][APP - INFO] SMG semantic event sequence:stage_host_initialized (host=FlagPeachCastleA;stage=PeachCastleGardenGalaxy)
[src/runtime/RuntimeContext.cpp:1532][APP - INFO] SMG semantic event placement:stage_object (stage=PeachCastleGardenGalaxy;zone=PeachCastleGardenGalaxy;zone_id=0;scenario=1;layer=layera;table=jmp/placement/layera/objinfo;object=FlagPeachCastleA;factory=created_model_fallback;support_reason=direct_object_archive_model;common_path_id=-1;rail_info_attached=false;rail_path_row=-1;rail_point_count=0;rail_first_point=none;model_archive=FlagPeachCastleA;object_archive=/ObjectData/FlagPeachCastleA.arc)
[src/runtime/RuntimeContext.cpp:1532][APP - INFO] SMG semantic event name_obj_lifecycle:archive_request (object=FlagPeachCastleA;archive=FlagPeachCastleA;kind=object;loaded=true;disc_path=FlagPeachCastleA.arc)
[src/runtime/RuntimeContext.cpp:1532][APP - INFO] SMG semantic event name_obj_lifecycle:connect_to_scene (object=旗（ピーチ城の街灯）;kind=live_actor_model;movement=34;calc_anim=5;draw_buffer=8;draw_type=-1)
[src/runtime/RuntimeContext.cpp:1448][APP - INFO] Registered effect keeper 旗（ピーチ城の街灯） group FlagPeachCastleA capacity 8
[src/runtime/RuntimeContext.cpp:1532][APP - INFO] SMG semantic event name_obj_lifecycle:construct (object=FlagPeachCastleA;actor=旗（ピーチ城の街灯）)
[src/runtime/RuntimeContext.cpp:1532][APP - INFO] SMG semantic event sequence:stage_host_constructed (host=FlagPeachCastleA;stage=PeachCastleGardenGalaxy)
[src/runtime/RuntimeContext.cpp:1532][APP - INFO] SMG semantic event name_obj_lifecycle:init_from_placement (object=旗（ピーチ城の街灯）;stage=PeachCastleGardenGalaxy;zone=PeachCastleGardenGalaxy;table=jmp/placement/layera/objinfo;row=138;l_id=219)
[src/runtime/RuntimeContext.cpp:1532][APP - INFO] SMG semantic event sequence:stage_host_initialized (host=FlagPeachCastleA;stage=PeachCastleGardenGalaxy)
[src/runtime/RuntimeContext.cpp:1532][APP - INFO] SMG semantic event placement:stage_object (stage=PeachCastleGardenGalaxy;zone=PeachCastleGardenGalaxy;zone_id=0;scenario=1;layer=layera;table=jmp/placement/layera/objinfo;object=FlagPeachCastleA;factory=created_model_fallback;support_reason=direct_object_archive_model;common_path_id=-1;rail_info_attached=false;rail_path_row=-1;rail_point_count=0;rail_first_point=none;model_archive=FlagPeachCastleA;object_archive=/ObjectData/FlagPeachCastleA.arc)
[src/runtime/RuntimeContext.cpp:1532][APP - INFO] SMG semantic event name_obj_lifecycle:archive_request (object=FlagPeachCastleA;archive=FlagPeachCastleA;kind=object;loaded=true;disc_path=FlagPeachCastleA.arc)
[src/runtime/RuntimeContext.cpp:1532][APP - INFO] SMG semantic event name_obj_lifecycle:connect_to_scene (object=旗（ピーチ城の街灯）;kind=live_actor_model;movement=34;calc_anim=5;draw_buffer=8;draw_type=-1)
[src/runtime/RuntimeContext.cpp:1448][APP - INFO] Registered effect keeper 旗（ピーチ城の街灯） group FlagPeachCastleA capacity 8
[src/runtime/RuntimeContext.cpp:1532][APP - INFO] SMG semantic event name_obj_lifecycle:construct (object=FlagPeachCastleA;actor=旗（ピーチ城の街灯）)
[src/runtime/RuntimeContext.cpp:1532][APP - INFO] SMG semantic event sequence:stage_host_constructed (host=FlagPeachCastleA;stage=PeachCastleGardenGalaxy)
[src/runtime/RuntimeContext.cpp:1532][APP - INFO] SMG semantic event name_obj_lifecycle:init_from_placement (object=旗（ピーチ城の街灯）;stage=PeachCastleGardenGalaxy;zone=PeachCastleGardenGalaxy;table=jmp/placement/layera/objinfo;row=139;l_id=220)
[src/runtime/RuntimeContext.cpp:1532][APP - INFO] SMG semantic event sequence:stage_host_initialized (host=FlagPeachCastleA;stage=PeachCastleGardenGalaxy)
[src/runtime/RuntimeContext.cpp:1532][APP - INFO] SMG semantic event placement:stage_object (stage=PeachCastleGardenGalaxy;zone=PeachCastleGardenGalaxy;zone_id=0;scenario=1;layer=layera;table=jmp/placement/layera/objinfo;object=FlagPeachCastleA;factory=created_model_fallback;support_reason=direct_object_archive_model;common_path_id=-1;rail_info_attached=false;rail_path_row=-1;rail_point_count=0;rail_first_point=none;model_archive=FlagPeachCastleA;object_archive=/ObjectData/FlagPeachCastleA.arc)
[src/runtime/RuntimeContext.cpp:1532][APP - INFO] SMG semantic event name_obj_lifecycle:archive_request (object=FlagPeachCastleA;archive=FlagPeachCastleA;kind=object;loaded=true;disc_path=FlagPeachCastleA.arc)
[src/runtime/RuntimeContext.cpp:1532][APP - INFO] SMG semantic event name_obj_lifecycle:connect_to_scene (object=旗（ピーチ城の街灯）;kind=live_actor_model;movement=34;calc_anim=5;draw_buffer=8;draw_type=-1)
[src/runtime/RuntimeContext.cpp:1448][APP - INFO] Registered effect keeper 旗（ピーチ城の街灯） group FlagPeachCastleA capacity 8
[src/runtime/RuntimeContext.cpp:1532][APP - INFO] SMG semantic event name_obj_lifecycle:construct (object=FlagPeachCastleA;actor=旗（ピーチ城の街灯）)
[src/runtime/RuntimeContext.cpp:1532][APP - INFO] SMG semantic event sequence:stage_host_constructed (host=FlagPeachCastleA;stage=PeachCastleGardenGalaxy)
[src/runtime/RuntimeContext.cpp:1532][APP - INFO] SMG semantic event name_obj_lifecycle:init_from_placement (object=旗（ピーチ城の街灯）;stage=PeachCastleGardenGalaxy;zone=PeachCastleGardenGalaxy;table=jmp/placement/layera/objinfo;row=140;l_id=221)
[src/runtime/RuntimeContext.cpp:1532][APP - INFO] SMG semantic event sequence:stage_host_initialized (host=FlagPeachCastleA;stage=PeachCastleGardenGalaxy)
[src/runtime/RuntimeContext.cpp:1532][APP - INFO] SMG semantic event placement:stage_object (stage=PeachCastleGardenGalaxy;zone=PeachCastleGardenGalaxy;zone_id=0;scenario=1;layer=layera;table=jmp/placement/layera/objinfo;object=FlagPeachCastleA;factory=created_model_fallback;support_reason=direct_object_archive_model;common_path_id=-1;rail_info_attached=false;rail_path_row=-1;rail_point_count=0;rail_first_point=none;model_archive=FlagPeachCastleA;object_archive=/ObjectData/FlagPeachCastleA.arc)
[src/runtime/RuntimeContext.cpp:1532][APP - INFO] SMG semantic event name_obj_lifecycle:archive_request (object=FlagPeachCastleA;archive=FlagPeachCastleA;kind=object;loaded=true;disc_path=FlagPeachCastleA.arc)
[src/runtime/RuntimeContext.cpp:1532][APP - INFO] SMG semantic event name_obj_lifecycle:connect_to_scene (object=旗（ピーチ城の街灯）;kind=live_actor_model;movement=34;calc_anim=5;draw_buffer=8;draw_type=-1)
[src/runtime/RuntimeContext.cpp:1448][APP - INFO] Registered effect keeper 旗（ピーチ城の街灯） group FlagPeachCastleA capacity 8
[src/runtime/RuntimeContext.cpp:1532][APP - INFO] SMG semantic event name_obj_lifecycle:construct (object=FlagPeachCastleA;actor=旗（ピーチ城の街灯）)
[src/runtime/RuntimeContext.cpp:1532][APP - INFO] SMG semantic event sequence:stage_host_constructed (host=FlagPeachCastleA;stage=PeachCastleGardenGalaxy)
[src/runtime/RuntimeContext.cpp:1532][APP - INFO] SMG semantic event name_obj_lifecycle:init_from_placement (object=旗（ピーチ城の街灯）;stage=PeachCastleGardenGalaxy;zone=PeachCastleGardenGalaxy;table=jmp/placement/layera/objinfo;row=141;l_id=222)
[src/runtime/RuntimeContext.cpp:1532][APP - INFO] SMG semantic event sequence:stage_host_initialized (host=FlagPeachCastleA;stage=PeachCastleGardenGalaxy)
[src/runtime/RuntimeContext.cpp:1532][APP - INFO] SMG semantic event placement:stage_object (stage=PeachCastleGardenGalaxy;zone=PeachCastleGardenGalaxy;zone_id=0;scenario=1;layer=layera;table=jmp/placement/layera/objinfo;object=FlagPeachCastleA;factory=created_model_fallback;support_reason=direct_object_archive_model;common_path_id=-1;rail_info_attached=false;rail_path_row=-1;rail_point_count=0;rail_first_point=none;model_archive=FlagPeachCastleA;object_archive=/ObjectData/FlagPeachCastleA.arc)
[src/runtime/RuntimeContext.cpp:1532][APP - INFO] SMG semantic event name_obj_lifecycle:archive_request (object=FlagPeachCastleA;archive=FlagPeachCastleA;kind=object;loaded=true;disc_path=FlagPeachCastleA.arc)
[src/runtime/RuntimeContext.cpp:1532][APP - INFO] SMG semantic event name_obj_lifecycle:connect_to_scene (object=旗（ピーチ城の街灯）;kind=live_actor_model;movement=34;calc_anim=5;draw_buffer=8;draw_type=-1)
[src/runtime/RuntimeContext.cpp:1448][APP - INFO] Registered effect keeper 旗（ピーチ城の街灯） group FlagPeachCastleA capacity 8
[src/runtime/RuntimeContext.cpp:1532][APP - INFO] SMG semantic event name_obj_lifecycle:construct (object=FlagPeachCastleA;actor=旗（ピーチ城の街灯）)
[src/runtime/RuntimeContext.cpp:1532][APP - INFO] SMG semantic event sequence:stage_host_constructed (host=FlagPeachCastleA;stage=PeachCastleGardenGalaxy)
[src/runtime/RuntimeContext.cpp:1532][APP - INFO] SMG semantic event name_obj_lifecycle:init_from_placement (object=旗（ピーチ城の街灯）;stage=PeachCastleGardenGalaxy;zone=PeachCastleGardenGalaxy;table=jmp/placement/layera/objinfo;row=142;l_id=227)
[src/runtime/RuntimeContext.cpp:1532][APP - INFO] SMG semantic event sequence:stage_host_initialized (host=FlagPeachCastleA;stage=PeachCastleGardenGalaxy)
[src/runtime/RuntimeContext.cpp:1532][APP - INFO] SMG semantic event placement:stage_object (stage=PeachCastleGardenGalaxy;zone=PeachCastleGardenGalaxy;zone_id=0;scenario=1;layer=layera;table=jmp/placement/layera/objinfo;object=FlagPeachCastleA;factory=created_model_fallback;support_reason=direct_object_archive_model;common_path_id=-1;rail_info_attached=false;rail_path_row=-1;rail_point_count=0;rail_first_point=none;model_archive=FlagPeachCastleA;object_archive=/ObjectData/FlagPeachCastleA.arc)
[src/runtime/RuntimeContext.cpp:1532][APP - INFO] SMG semantic event name_obj_lifecycle:archive_request (object=FlagPeachCastleA;archive=FlagPeachCastleA;kind=object;loaded=true;disc_path=FlagPeachCastleA.arc)
[src/runtime/RuntimeContext.cpp:1532][APP - INFO] SMG semantic event name_obj_lifecycle:connect_to_scene (object=旗（ピーチ城の街灯）;kind=live_actor_model;movement=34;calc_anim=5;draw_buffer=8;draw_type=-1)
[src/runtime/RuntimeContext.cpp:1448][APP - INFO] Registered effect keeper 旗（ピーチ城の街灯） group FlagPeachCastleA capacity 8
[src/runtime/RuntimeContext.cpp:1532][APP - INFO] SMG semantic event name_obj_lifecycle:construct (object=FlagPeachCastleA;actor=旗（ピーチ城の街灯）)
[src/runtime/RuntimeContext.cpp:1532][APP - INFO] SMG semantic event sequence:stage_host_constructed (host=FlagPeachCastleA;stage=PeachCastleGardenGalaxy)
[src/runtime/RuntimeContext.cpp:1532][APP - INFO] SMG semantic event name_obj_lifecycle:init_from_placement (object=旗（ピーチ城の街灯）;stage=PeachCastleGardenGalaxy;zone=PeachCastleGardenGalaxy;table=jmp/placement/layera/objinfo;row=143;l_id=228)
[src/runtime/RuntimeContext.cpp:1532][APP - INFO] SMG semantic event sequence:stage_host_initialized (host=FlagPeachCastleA;stage=PeachCastleGardenGalaxy)
[src/runtime/RuntimeContext.cpp:1532][APP - INFO] SMG semantic event placement:stage_object (stage=PeachCastleGardenGalaxy;zone=PeachCastleGardenGalaxy;zone_id=0;scenario=1;layer=layera;table=jmp/placement/layera/objinfo;object=FlagPeachCastleA;factory=created_model_fallback;support_reason=direct_object_archive_model;common_path_id=-1;rail_info_attached=false;rail_path_row=-1;rail_point_count=0;rail_first_point=none;model_archive=FlagPeachCastleA;object_archive=/ObjectData/FlagPeachCastleA.arc)
[src/runtime/RuntimeContext.cpp:1532][APP - INFO] SMG semantic event name_obj_lifecycle:archive_request (object=FlagPeachCastleA;archive=FlagPeachCastleA;kind=object;loaded=true;disc_path=FlagPeachCastleA.arc)
[src/runtime/RuntimeContext.cpp:1532][APP - INFO] SMG semantic event name_obj_lifecycle:connect_to_scene (object=旗（ピーチ城の街灯）;kind=live_actor_model;movement=34;calc_anim=5;draw_buffer=8;draw_type=-1)
[src/runtime/RuntimeContext.cpp:1448][APP - INFO] Registered effect keeper 旗（ピーチ城の街灯） group FlagPeachCastleA capacity 8
[src/runtime/RuntimeContext.cpp:1532][APP - INFO] SMG semantic event name_obj_lifecycle:construct (object=FlagPeachCastleA;actor=旗（ピーチ城の街灯）)
[src/runtime/RuntimeContext.cpp:1532][APP - INFO] SMG semantic event sequence:stage_host_constructed (host=FlagPeachCastleA;stage=PeachCastleGardenGalaxy)
[src/runtime/RuntimeContext.cpp:1532][APP - INFO] SMG semantic event name_obj_lifecycle:init_from_placement (object=旗（ピーチ城の街灯）;stage=PeachCastleGardenGalaxy;zone=PeachCastleGardenGalaxy;table=jmp/placement/layera/objinfo;row=144;l_id=229)
[src/runtime/RuntimeContext.cpp:1532][APP - INFO] SMG semantic event sequence:stage_host_initialized (host=FlagPeachCastleA;stage=PeachCastleGardenGalaxy)
[src/runtime/RuntimeContext.cpp:1532][APP - INFO] SMG semantic event placement:stage_object (stage=PeachCastleGardenGalaxy;zone=PeachCastleGardenGalaxy;zone_id=0;scenario=1;layer=layera;table=jmp/placement/layera/objinfo;object=FlagPeachCastleA;factory=created_model_fallback;support_reason=direct_object_archive_model;common_path_id=-1;rail_info_attached=false;rail_path_row=-1;rail_point_count=0;rail_first_point=none;model_archive=FlagPeachCastleA;object_archive=/ObjectData/FlagPeachCastleA.arc)
[src/runtime/RuntimeContext.cpp:1532][APP - INFO] SMG semantic event name_obj_lifecycle:archive_request (object=FlagPeachCastleA;archive=FlagPeachCastleA;kind=object;loaded=true;disc_path=FlagPeachCastleA.arc)
[src/runtime/RuntimeContext.cpp:1532][APP - INFO] SMG semantic event name_obj_lifecycle:connect_to_scene (object=旗（ピーチ城の街灯）;kind=live_actor_model;movement=34;calc_anim=5;draw_buffer=8;draw_type=-1)
[src/runtime/RuntimeContext.cpp:1448][APP - INFO] Registered effect keeper 旗（ピーチ城の街灯） group FlagPeachCastleA capacity 8
[src/runtime/RuntimeContext.cpp:1532][APP - INFO] SMG semantic event name_obj_lifecycle:construct (object=FlagPeachCastleA;actor=旗（ピーチ城の街灯）)
[src/runtime/RuntimeContext.cpp:1532][APP - INFO] SMG semantic event sequence:stage_host_constructed (host=FlagPeachCastleA;stage=PeachCastleGardenGalaxy)
[src/runtime/RuntimeContext.cpp:1532][APP - INFO] SMG semantic event name_obj_lifecycle:init_from_placement (object=旗（ピーチ城の街灯）;stage=PeachCastleGardenGalaxy;zone=PeachCastleGardenGalaxy;table=jmp/placement/layera/objinfo;row=145;l_id=230)
[src/runtime/RuntimeContext.cpp:1532][APP - INFO] SMG semantic event sequence:stage_host_initialized (host=FlagPeachCastleA;stage=PeachCastleGardenGalaxy)
[src/runtime/RuntimeContext.cpp:1532][APP - INFO] SMG semantic event placement:stage_object (stage=PeachCastleGardenGalaxy;zone=PeachCastleGardenGalaxy;zone_id=0;scenario=1;layer=layera;table=jmp/placement/layera/objinfo;object=FlagPeachCastleA;factory=created_model_fallback;support_reason=direct_object_archive_model;common_path_id=-1;rail_info_attached=false;rail_path_row=-1;rail_point_count=0;rail_first_point=none;model_archive=FlagPeachCastleA;object_archive=/ObjectData/FlagPeachCastleA.arc)
[src/runtime/RuntimeContext.cpp:1532][APP - INFO] SMG semantic event name_obj_lifecycle:archive_request (object=FlagPeachCastleA;archive=FlagPeachCastleA;kind=object;loaded=true;disc_path=FlagPeachCastleA.arc)
[src/runtime/RuntimeContext.cpp:1532][APP - INFO] SMG semantic event name_obj_lifecycle:connect_to_scene (object=旗（ピーチ城の街灯）;kind=live_actor_model;movement=34;calc_anim=5;draw_buffer=8;draw_type=-1)
[src/runtime/RuntimeContext.cpp:1448][APP - INFO] Registered effect keeper 旗（ピーチ城の街灯） group FlagPeachCastleA capacity 8
[src/runtime/RuntimeContext.cpp:1532][APP - INFO] SMG semantic event name_obj_lifecycle:construct (object=FlagPeachCastleA;actor=旗（ピーチ城の街灯）)
[src/runtime/RuntimeContext.cpp:1532][APP - INFO] SMG semantic event sequence:stage_host_constructed (host=FlagPeachCastleA;stage=PeachCastleGardenGalaxy)
[src/runtime/RuntimeContext.cpp:1532][APP - INFO] SMG semantic event name_obj_lifecycle:init_from_placement (object=旗（ピーチ城の街灯）;stage=PeachCastleGardenGalaxy;zone=PeachCastleGardenGalaxy;table=jmp/placement/layera/objinfo;row=146;l_id=231)
[src/runtime/RuntimeContext.cpp:1532][APP - INFO] SMG semantic event sequence:stage_host_initialized (host=FlagPeachCastleA;stage=PeachCastleGardenGalaxy)
[src/runtime/RuntimeContext.cpp:1532][APP - INFO] SMG semantic event placement:stage_object (stage=PeachCastleGardenGalaxy;zone=PeachCastleGardenGalaxy;zone_id=0;scenario=1;layer=layera;table=jmp/placement/layera/objinfo;object=Kinopio;factory=created_model_fallback;support_reason=direct_object_archive_model;common_path_id=-1;rail_info_attached=false;rail_path_row=-1;rail_point_count=0;rail_first_point=none;model_archive=Kinopio;object_archive=/ObjectData/Kinopio.arc)
[src/runtime/RuntimeContext.cpp:1532][APP - INFO] SMG semantic event name_obj_lifecycle:archive_request (object=Kinopio;archive=Kinopio;kind=object;loaded=true;disc_path=Kinopio.arc)
[src/runtime/RuntimeContext.cpp:1532][APP - INFO] SMG semantic event name_obj_lifecycle:archive_request (object=Kinopio;archive=KinopioMiddle;kind=object;loaded=true;disc_path=KinopioMiddle.arc)
[src/runtime/RuntimeContext.cpp:1532][APP - INFO] SMG semantic event name_obj_lifecycle:archive_request (object=Kinopio;archive=KinopioLow;kind=object;loaded=true;disc_path=KinopioLow.arc)
[src/runtime/RuntimeContext.cpp:1532][APP - INFO] SMG semantic event name_obj_lifecycle:connect_to_scene (object=キノピオ;kind=live_actor_model;movement=34;calc_anim=5;draw_buffer=8;draw_type=-1)
[src/runtime/RuntimeContext.cpp:1448][APP - INFO] Registered effect keeper キノピオ group Kinopio capacity 8
[src/runtime/RuntimeContext.cpp:1532][APP - INFO] SMG semantic event name_obj_lifecycle:construct (object=Kinopio;actor=キノピオ)
[src/runtime/RuntimeContext.cpp:1532][APP - INFO] SMG semantic event sequence:stage_host_constructed (host=Kinopio;stage=PeachCastleGardenGalaxy)
[src/runtime/RuntimeContext.cpp:1532][APP - INFO] SMG semantic event name_obj_lifecycle:init_from_placement (object=キノピオ;stage=PeachCastleGardenGalaxy;zone=PeachCastleGardenGalaxy;table=jmp/placement/layera/objinfo;row=147;l_id=232)
[src/runtime/RuntimeContext.cpp:1532][APP - INFO] SMG semantic event sequence:stage_host_initialized (host=Kinopio;stage=PeachCastleGardenGalaxy)
[src/runtime/RuntimeContext.cpp:1532][APP - INFO] SMG semantic event placement:stage_object (stage=PeachCastleGardenGalaxy;zone=PeachCastleGardenGalaxy;zone_id=0;scenario=1;layer=layera;table=jmp/placement/layera/objinfo;object=Kinopio;factory=created_model_fallback;support_reason=direct_object_archive_model;common_path_id=-1;rail_info_attached=false;rail_path_row=-1;rail_point_count=0;rail_first_point=none;model_archive=Kinopio;object_archive=/ObjectData/Kinopio.arc)
[src/runtime/RuntimeContext.cpp:1532][APP - INFO] SMG semantic event name_obj_lifecycle:archive_request (object=Kinopio;archive=Kinopio;kind=object;loaded=true;disc_path=Kinopio.arc)
[src/runtime/RuntimeContext.cpp:1532][APP - INFO] SMG semantic event name_obj_lifecycle:archive_request (object=Kinopio;archive=KinopioMiddle;kind=object;loaded=true;disc_path=KinopioMiddle.arc)
[src/runtime/RuntimeContext.cpp:1532][APP - INFO] SMG semantic event name_obj_lifecycle:archive_request (object=Kinopio;archive=KinopioLow;kind=object;loaded=true;disc_path=KinopioLow.arc)
[src/runtime/RuntimeContext.cpp:1532][APP - INFO] SMG semantic event name_obj_lifecycle:connect_to_scene (object=キノピオ;kind=live_actor_model;movement=34;calc_anim=5;draw_buffer=8;draw_type=-1)
[src/runtime/RuntimeContext.cpp:1448][APP - INFO] Registered effect keeper キノピオ group Kinopio capacity 8
[src/runtime/RuntimeContext.cpp:1532][APP - INFO] SMG semantic event name_obj_lifecycle:construct (object=Kinopio;actor=キノピオ)
[src/runtime/RuntimeContext.cpp:1532][APP - INFO] SMG semantic event sequence:stage_host_constructed (host=Kinopio;stage=PeachCastleGardenGalaxy)
[src/runtime/RuntimeContext.cpp:1532][APP - INFO] SMG semantic event name_obj_lifecycle:init_from_placement (object=キノピオ;stage=PeachCastleGardenGalaxy;zone=PeachCastleGardenGalaxy;table=jmp/placement/layera/objinfo;row=148;l_id=233)
[src/runtime/RuntimeContext.cpp:1532][APP - INFO] SMG semantic event sequence:stage_host_initialized (host=Kinopio;stage=PeachCastleGardenGalaxy)
[src/runtime/RuntimeContext.cpp:1532][APP - INFO] SMG semantic event placement:stage_object (stage=PeachCastleGardenGalaxy;zone=PeachCastleGardenGalaxy;zone_id=0;scenario=1;layer=layera;table=jmp/placement/layera/objinfo;object=FlagPeachCastleA;factory=created_model_fallback;support_reason=direct_object_archive_model;common_path_id=-1;rail_info_attached=false;rail_path_row=-1;rail_point_count=0;rail_first_point=none;model_archive=FlagPeachCastleA;object_archive=/ObjectData/FlagPeachCastleA.arc)
[src/runtime/RuntimeContext.cpp:1532][APP - INFO] SMG semantic event name_obj_lifecycle:archive_request (object=FlagPeachCastleA;archive=FlagPeachCastleA;kind=object;loaded=true;disc_path=FlagPeachCastleA.arc)
[src/runtime/RuntimeContext.cpp:1532][APP - INFO] SMG semantic event name_obj_lifecycle:connect_to_scene (object=旗（ピーチ城の街灯）;kind=live_actor_model;movement=34;calc_anim=5;draw_buffer=8;draw_type=-1)
[src/runtime/RuntimeContext.cpp:1448][APP - INFO] Registered effect keeper 旗（ピーチ城の街灯） group FlagPeachCastleA capacity 8
[src/runtime/RuntimeContext.cpp:1532][APP - INFO] SMG semantic event name_obj_lifecycle:construct (object=FlagPeachCastleA;actor=旗（ピーチ城の街灯）)
[src/runtime/RuntimeContext.cpp:1532][APP - INFO] SMG semantic event sequence:stage_host_constructed (host=FlagPeachCastleA;stage=PeachCastleGardenGalaxy)
[src/runtime/RuntimeContext.cpp:1532][APP - INFO] SMG semantic event name_obj_lifecycle:init_from_placement (object=旗（ピーチ城の街灯）;stage=PeachCastleGardenGalaxy;zone=PeachCastleGardenGalaxy;table=jmp/placement/layera/objinfo;row=149;l_id=234)
[src/runtime/RuntimeContext.cpp:1532][APP - INFO] SMG semantic event sequence:stage_host_initialized (host=FlagPeachCastleA;stage=PeachCastleGardenGalaxy)
[src/runtime/RuntimeContext.cpp:1532][APP - INFO] SMG semantic event placement:stage_object (stage=PeachCastleGardenGalaxy;zone=PeachCastleGardenGalaxy;zone_id=0;scenario=1;layer=layera;table=jmp/placement/layera/objinfo;object=FlagPeachCastleA;factory=created_model_fallback;support_reason=direct_object_archive_model;common_path_id=-1;rail_info_attached=false;rail_path_row=-1;rail_point_count=0;rail_first_point=none;model_archive=FlagPeachCastleA;object_archive=/ObjectData/FlagPeachCastleA.arc)
[src/runtime/RuntimeContext.cpp:1532][APP - INFO] SMG semantic event name_obj_lifecycle:archive_request (object=FlagPeachCastleA;archive=FlagPeachCastleA;kind=object;loaded=true;disc_path=FlagPeachCastleA.arc)
[src/runtime/RuntimeContext.cpp:1532][APP - INFO] SMG semantic event name_obj_lifecycle:connect_to_scene (object=旗（ピーチ城の街灯）;kind=live_actor_model;movement=34;calc_anim=5;draw_buffer=8;draw_type=-1)
[src/runtime/RuntimeContext.cpp:1448][APP - INFO] Registered effect keeper 旗（ピーチ城の街灯） group FlagPeachCastleA capacity 8
[src/runtime/RuntimeContext.cpp:1532][APP - INFO] SMG semantic event name_obj_lifecycle:construct (object=FlagPeachCastleA;actor=旗（ピーチ城の街灯）)
[src/runtime/RuntimeContext.cpp:1532][APP - INFO] SMG semantic event sequence:stage_host_constructed (host=FlagPeachCastleA;stage=PeachCastleGardenGalaxy)
[src/runtime/RuntimeContext.cpp:1532][APP - INFO] SMG semantic event name_obj_lifecycle:init_from_placement (object=旗（ピーチ城の街灯）;stage=PeachCastleGardenGalaxy;zone=PeachCastleGardenGalaxy;table=jmp/placement/layera/objinfo;row=150;l_id=235)
[src/runtime/RuntimeContext.cpp:1532][APP - INFO] SMG semantic event sequence:stage_host_initialized (host=FlagPeachCastleA;stage=PeachCastleGardenGalaxy)
[src/runtime/RuntimeContext.cpp:1532][APP - INFO] SMG semantic event placement:stage_object (stage=PeachCastleGardenGalaxy;zone=PeachCastleGardenGalaxy;zone_id=0;scenario=1;layer=layera;table=jmp/placement/layera/objinfo;object=FlagPeachCastleA;factory=created_model_fallback;support_reason=direct_object_archive_model;common_path_id=-1;rail_info_attached=false;rail_path_row=-1;rail_point_count=0;rail_first_point=none;model_archive=FlagPeachCastleA;object_archive=/ObjectData/FlagPeachCastleA.arc)
[src/runtime/RuntimeContext.cpp:1532][APP - INFO] SMG semantic event name_obj_lifecycle:archive_request (object=FlagPeachCastleA;archive=FlagPeachCastleA;kind=object;loaded=true;disc_path=FlagPeachCastleA.arc)
[src/runtime/RuntimeContext.cpp:1532][APP - INFO] SMG semantic event name_obj_lifecycle:connect_to_scene (object=旗（ピーチ城の街灯）;kind=live_actor_model;movement=34;calc_anim=5;draw_buffer=8;draw_type=-1)
[src/runtime/RuntimeContext.cpp:1448][APP - INFO] Registered effect keeper 旗（ピーチ城の街灯） group FlagPeachCastleA capacity 8
[src/runtime/RuntimeContext.cpp:1532][APP - INFO] SMG semantic event name_obj_lifecycle:construct (object=FlagPeachCastleA;actor=旗（ピーチ城の街灯）)
[src/runtime/RuntimeContext.cpp:1532][APP - INFO] SMG semantic event sequence:stage_host_constructed (host=FlagPeachCastleA;stage=PeachCastleGardenGalaxy)
[src/runtime/RuntimeContext.cpp:1532][APP - INFO] SMG semantic event name_obj_lifecycle:init_from_placement (object=旗（ピーチ城の街灯）;stage=PeachCastleGardenGalaxy;zone=PeachCastleGardenGalaxy;table=jmp/placement/layera/objinfo;row=151;l_id=236)
[src/runtime/RuntimeContext.cpp:1532][APP - INFO] SMG semantic event sequence:stage_host_initialized (host=FlagPeachCastleA;stage=PeachCastleGardenGalaxy)
[src/runtime/RuntimeContext.cpp:1532][APP - INFO] SMG semantic event placement:stage_object (stage=PeachCastleGardenGalaxy;zone=PeachCastleGardenGalaxy;zone_id=0;scenario=1;layer=layera;table=jmp/placement/layera/objinfo;object=FlagPeachCastleA;factory=created_model_fallback;support_reason=direct_object_archive_model;common_path_id=-1;rail_info_attached=false;rail_path_row=-1;rail_point_count=0;rail_first_point=none;model_archive=FlagPeachCastleA;object_archive=/ObjectData/FlagPeachCastleA.arc)
[src/runtime/RuntimeContext.cpp:1532][APP - INFO] SMG semantic event name_obj_lifecycle:archive_request (object=FlagPeachCastleA;archive=FlagPeachCastleA;kind=object;loaded=true;disc_path=FlagPeachCastleA.arc)
[src/runtime/RuntimeContext.cpp:1532][APP - INFO] SMG semantic event name_obj_lifecycle:connect_to_scene (object=旗（ピーチ城の街灯）;kind=live_actor_model;movement=34;calc_anim=5;draw_buffer=8;draw_type=-1)
[src/runtime/RuntimeContext.cpp:1448][APP - INFO] Registered effect keeper 旗（ピーチ城の街灯） group FlagPeachCastleA capacity 8
[src/runtime/RuntimeContext.cpp:1532][APP - INFO] SMG semantic event name_obj_lifecycle:construct (object=FlagPeachCastleA;actor=旗（ピーチ城の街灯）)
[src/runtime/RuntimeContext.cpp:1532][APP - INFO] SMG semantic event sequence:stage_host_constructed (host=FlagPeachCastleA;stage=PeachCastleGardenGalaxy)
[src/runtime/RuntimeContext.cpp:1532][APP - INFO] SMG semantic event name_obj_lifecycle:init_from_placement (object=旗（ピーチ城の街灯）;stage=PeachCastleGardenGalaxy;zone=PeachCastleGardenGalaxy;table=jmp/placement/layera/objinfo;row=152;l_id=237)
[src/runtime/RuntimeContext.cpp:1532][APP - INFO] SMG semantic event sequence:stage_host_initialized (host=FlagPeachCastleA;stage=PeachCastleGardenGalaxy)
[src/runtime/RuntimeContext.cpp:1532][APP - INFO] SMG semantic event placement:stage_object (stage=PeachCastleGardenGalaxy;zone=PeachCastleGardenGalaxy;zone_id=0;scenario=1;layer=layera;table=jmp/placement/layera/objinfo;object=FlagPeachCastleA;factory=created_model_fallback;support_reason=direct_object_archive_model;common_path_id=-1;rail_info_attached=false;rail_path_row=-1;rail_point_count=0;rail_first_point=none;model_archive=FlagPeachCastleA;object_archive=/ObjectData/FlagPeachCastleA.arc)
[src/runtime/RuntimeContext.cpp:1532][APP - INFO] SMG semantic event name_obj_lifecycle:archive_request (object=FlagPeachCastleA;archive=FlagPeachCastleA;kind=object;loaded=true;disc_path=FlagPeachCastleA.arc)
[src/runtime/RuntimeContext.cpp:1532][APP - INFO] SMG semantic event name_obj_lifecycle:connect_to_scene (object=旗（ピーチ城の街灯）;kind=live_actor_model;movement=34;calc_anim=5;draw_buffer=8;draw_type=-1)
[src/runtime/RuntimeContext.cpp:1448][APP - INFO] Registered effect keeper 旗（ピーチ城の街灯） group FlagPeachCastleA capacity 8
[src/runtime/RuntimeContext.cpp:1532][APP - INFO] SMG semantic event name_obj_lifecycle:construct (object=FlagPeachCastleA;actor=旗（ピーチ城の街灯）)
[src/runtime/RuntimeContext.cpp:1532][APP - INFO] SMG semantic event sequence:stage_host_constructed (host=FlagPeachCastleA;stage=PeachCastleGardenGalaxy)
[src/runtime/RuntimeContext.cpp:1532][APP - INFO] SMG semantic event name_obj_lifecycle:init_from_placement (object=旗（ピーチ城の街灯）;stage=PeachCastleGardenGalaxy;zone=PeachCastleGardenGalaxy;table=jmp/placement/layera/objinfo;row=153;l_id=238)
[src/runtime/RuntimeContext.cpp:1532][APP - INFO] SMG semantic event sequence:stage_host_initialized (host=FlagPeachCastleA;stage=PeachCastleGardenGalaxy)
[src/runtime/RuntimeContext.cpp:1532][APP - INFO] SMG semantic event placement:stage_object (stage=PeachCastleGardenGalaxy;zone=PeachCastleGardenGalaxy;zone_id=0;scenario=1;layer=layera;table=jmp/placement/layera/objinfo;object=FlagPeachCastleA;factory=created_model_fallback;support_reason=direct_object_archive_model;common_path_id=-1;rail_info_attached=false;rail_path_row=-1;rail_point_count=0;rail_first_point=none;model_archive=FlagPeachCastleA;object_archive=/ObjectData/FlagPeachCastleA.arc)
[src/runtime/RuntimeContext.cpp:1532][APP - INFO] SMG semantic event name_obj_lifecycle:archive_request (object=FlagPeachCastleA;archive=FlagPeachCastleA;kind=object;loaded=true;disc_path=FlagPeachCastleA.arc)
[src/runtime/RuntimeContext.cpp:1532][APP - INFO] SMG semantic event name_obj_lifecycle:connect_to_scene (object=旗（ピーチ城の街灯）;kind=live_actor_model;movement=34;calc_anim=5;draw_buffer=8;draw_type=-1)
[src/runtime/RuntimeContext.cpp:1448][APP - INFO] Registered effect keeper 旗（ピーチ城の街灯） group FlagPeachCastleA capacity 8
[src/runtime/RuntimeContext.cpp:1532][APP - INFO] SMG semantic event name_obj_lifecycle:construct (object=FlagPeachCastleA;actor=旗（ピーチ城の街灯）)
[src/runtime/RuntimeContext.cpp:1532][APP - INFO] SMG semantic event sequence:stage_host_constructed (host=FlagPeachCastleA;stage=PeachCastleGardenGalaxy)
[src/runtime/RuntimeContext.cpp:1532][APP - INFO] SMG semantic event name_obj_lifecycle:init_from_placement (object=旗（ピーチ城の街灯）;stage=PeachCastleGardenGalaxy;zone=PeachCastleGardenGalaxy;table=jmp/placement/layera/objinfo;row=154;l_id=239)
[src/runtime/RuntimeContext.cpp:1532][APP - INFO] SMG semantic event sequence:stage_host_initialized (host=FlagPeachCastleA;stage=PeachCastleGardenGalaxy)
[src/runtime/RuntimeContext.cpp:1532][APP - INFO] SMG semantic event placement:stage_object (stage=PeachCastleGardenGalaxy;zone=PeachCastleGardenGalaxy;zone_id=0;scenario=1;layer=layera;table=jmp/placement/layera/objinfo;object=FlagPeachCastleA;factory=created_model_fallback;support_reason=direct_object_archive_model;common_path_id=-1;rail_info_attached=false;rail_path_row=-1;rail_point_count=0;rail_first_point=none;model_archive=FlagPeachCastleA;object_archive=/ObjectData/FlagPeachCastleA.arc)
[src/runtime/RuntimeContext.cpp:1532][APP - INFO] SMG semantic event name_obj_lifecycle:archive_request (object=FlagPeachCastleA;archive=FlagPeachCastleA;kind=object;loaded=true;disc_path=FlagPeachCastleA.arc)
[src/runtime/RuntimeContext.cpp:1532][APP - INFO] SMG semantic event name_obj_lifecycle:connect_to_scene (object=旗（ピーチ城の街灯）;kind=live_actor_model;movement=34;calc_anim=5;draw_buffer=8;draw_type=-1)
[src/runtime/RuntimeContext.cpp:1448][APP - INFO] Registered effect keeper 旗（ピーチ城の街灯） group FlagPeachCastleA capacity 8
[src/runtime/RuntimeContext.cpp:1532][APP - INFO] SMG semantic event name_obj_lifecycle:construct (object=FlagPeachCastleA;actor=旗（ピーチ城の街灯）)
[src/runtime/RuntimeContext.cpp:1532][APP - INFO] SMG semantic event sequence:stage_host_constructed (host=FlagPeachCastleA;stage=PeachCastleGardenGalaxy)
[src/runtime/RuntimeContext.cpp:1532][APP - INFO] SMG semantic event name_obj_lifecycle:init_from_placement (object=旗（ピーチ城の街灯）;stage=PeachCastleGardenGalaxy;zone=PeachCastleGardenGalaxy;table=jmp/placement/layera/objinfo;row=155;l_id=240)
[src/runtime/RuntimeContext.cpp:1532][APP - INFO] SMG semantic event sequence:stage_host_initialized (host=FlagPeachCastleA;stage=PeachCastleGardenGalaxy)
[src/runtime/RuntimeContext.cpp:1532][APP - INFO] SMG semantic event placement:stage_object (stage=PeachCastleGardenGalaxy;zone=PeachCastleGardenGalaxy;zone_id=0;scenario=1;layer=layera;table=jmp/placement/layera/objinfo;object=FlagPeachCastleA;factory=created_model_fallback;support_reason=direct_object_archive_model;common_path_id=-1;rail_info_attached=false;rail_path_row=-1;rail_point_count=0;rail_first_point=none;model_archive=FlagPeachCastleA;object_archive=/ObjectData/FlagPeachCastleA.arc)
[src/runtime/RuntimeContext.cpp:1532][APP - INFO] SMG semantic event name_obj_lifecycle:archive_request (object=FlagPeachCastleA;archive=FlagPeachCastleA;kind=object;loaded=true;disc_path=FlagPeachCastleA.arc)
[src/runtime/RuntimeContext.cpp:1532][APP - INFO] SMG semantic event name_obj_lifecycle:connect_to_scene (object=旗（ピーチ城の街灯）;kind=live_actor_model;movement=34;calc_anim=5;draw_buffer=8;draw_type=-1)
[src/runtime/RuntimeContext.cpp:1448][APP - INFO] Registered effect keeper 旗（ピーチ城の街灯） group FlagPeachCastleA capacity 8
[src/runtime/RuntimeContext.cpp:1532][APP - INFO] SMG semantic event name_obj_lifecycle:construct (object=FlagPeachCastleA;actor=旗（ピーチ城の街灯）)
[src/runtime/RuntimeContext.cpp:1532][APP - INFO] SMG semantic event sequence:stage_host_constructed (host=FlagPeachCastleA;stage=PeachCastleGardenGalaxy)
[src/runtime/RuntimeContext.cpp:1532][APP - INFO] SMG semantic event name_obj_lifecycle:init_from_placement (object=旗（ピーチ城の街灯）;stage=PeachCastleGardenGalaxy;zone=PeachCastleGardenGalaxy;table=jmp/placement/layera/objinfo;row=156;l_id=241)
[src/runtime/RuntimeContext.cpp:1532][APP - INFO] SMG semantic event sequence:stage_host_initialized (host=FlagPeachCastleA;stage=PeachCastleGardenGalaxy)
[src/runtime/RuntimeContext.cpp:1532][APP - INFO] SMG semantic event placement:stage_object (stage=PeachCastleGardenGalaxy;zone=PeachCastleGardenGalaxy;zone_id=0;scenario=1;layer=layera;table=jmp/placement/layera/objinfo;object=FlagPeachCastleA;factory=created_model_fallback;support_reason=direct_object_archive_model;common_path_id=-1;rail_info_attached=false;rail_path_row=-1;rail_point_count=0;rail_first_point=none;model_archive=FlagPeachCastleA;object_archive=/ObjectData/FlagPeachCastleA.arc)
[src/runtime/RuntimeContext.cpp:1532][APP - INFO] SMG semantic event name_obj_lifecycle:archive_request (object=FlagPeachCastleA;archive=FlagPeachCastleA;kind=object;loaded=true;disc_path=FlagPeachCastleA.arc)
[src/runtime/RuntimeContext.cpp:1532][APP - INFO] SMG semantic event name_obj_lifecycle:connect_to_scene (object=旗（ピーチ城の街灯）;kind=live_actor_model;movement=34;calc_anim=5;draw_buffer=8;draw_type=-1)
[src/runtime/RuntimeContext.cpp:1448][APP - INFO] Registered effect keeper 旗（ピーチ城の街灯） group FlagPeachCastleA capacity 8
[src/runtime/RuntimeContext.cpp:1532][APP - INFO] SMG semantic event name_obj_lifecycle:construct (object=FlagPeachCastleA;actor=旗（ピーチ城の街灯）)
[src/runtime/RuntimeContext.cpp:1532][APP - INFO] SMG semantic event sequence:stage_host_constructed (host=FlagPeachCastleA;stage=PeachCastleGardenGalaxy)
[src/runtime/RuntimeContext.cpp:1532][APP - INFO] SMG semantic event name_obj_lifecycle:init_from_placement (object=旗（ピーチ城の街灯）;stage=PeachCastleGardenGalaxy;zone=PeachCastleGardenGalaxy;table=jmp/placement/layera/objinfo;row=157;l_id=242)
[src/runtime/RuntimeContext.cpp:1532][APP - INFO] SMG semantic event sequence:stage_host_initialized (host=FlagPeachCastleA;stage=PeachCastleGardenGalaxy)
[src/runtime/RuntimeContext.cpp:1532][APP - INFO] SMG semantic event placement:stage_object (stage=PeachCastleGardenGalaxy;zone=PeachCastleGardenGalaxy;zone_id=0;scenario=1;layer=layera;table=jmp/placement/layera/objinfo;object=FlagPeachCastleA;factory=created_model_fallback;support_reason=direct_object_archive_model;common_path_id=-1;rail_info_attached=false;rail_path_row=-1;rail_point_count=0;rail_first_point=none;model_archive=FlagPeachCastleA;object_archive=/ObjectData/FlagPeachCastleA.arc)
[src/runtime/RuntimeContext.cpp:1532][APP - INFO] SMG semantic event name_obj_lifecycle:archive_request (object=FlagPeachCastleA;archive=FlagPeachCastleA;kind=object;loaded=true;disc_path=FlagPeachCastleA.arc)
[src/runtime/RuntimeContext.cpp:1532][APP - INFO] SMG semantic event name_obj_lifecycle:connect_to_scene (object=旗（ピーチ城の街灯）;kind=live_actor_model;movement=34;calc_anim=5;draw_buffer=8;draw_type=-1)
[src/runtime/RuntimeContext.cpp:1448][APP - INFO] Registered effect keeper 旗（ピーチ城の街灯） group FlagPeachCastleA capacity 8
[src/runtime/RuntimeContext.cpp:1532][APP - INFO] SMG semantic event name_obj_lifecycle:construct (object=FlagPeachCastleA;actor=旗（ピーチ城の街灯）)
[src/runtime/RuntimeContext.cpp:1532][APP - INFO] SMG semantic event sequence:stage_host_constructed (host=FlagPeachCastleA;stage=PeachCastleGardenGalaxy)
[src/runtime/RuntimeContext.cpp:1532][APP - INFO] SMG semantic event name_obj_lifecycle:init_from_placement (object=旗（ピーチ城の街灯）;stage=PeachCastleGardenGalaxy;zone=PeachCastleGardenGalaxy;table=jmp/placement/layera/objinfo;row=158;l_id=243)
[src/runtime/RuntimeContext.cpp:1532][APP - INFO] SMG semantic event sequence:stage_host_initialized (host=FlagPeachCastleA;stage=PeachCastleGardenGalaxy)
[src/runtime/RuntimeContext.cpp:1532][APP - INFO] SMG semantic event placement:stage_object (stage=PeachCastleGardenGalaxy;zone=PeachCastleGardenGalaxy;zone_id=0;scenario=1;layer=layera;table=jmp/placement/layera/objinfo;object=ShootingStar;factory=created_model_fallback;support_reason=direct_object_archive_model;common_path_id=-1;rail_info_attached=false;rail_path_row=-1;rail_point_count=0;rail_first_point=none;model_archive=ShootingStar;object_archive=/ObjectData/ShootingStar.arc)
[src/runtime/RuntimeContext.cpp:1532][APP - INFO] SMG semantic event name_obj_lifecycle:archive_request (object=ShootingStar;archive=ShootingStar;kind=object;loaded=true;disc_path=ShootingStar.arc)
[src/runtime/RuntimeContext.cpp:1532][APP - INFO] SMG semantic event name_obj_lifecycle:connect_to_scene (object=スターピーススター;kind=live_actor_model;movement=34;calc_anim=5;draw_buffer=8;draw_type=-1)
[src/runtime/RuntimeContext.cpp:1448][APP - INFO] Registered effect keeper スターピーススター group ShootingStar capacity 8
[src/runtime/RuntimeContext.cpp:1532][APP - INFO] SMG semantic event name_obj_lifecycle:construct (object=ShootingStar;actor=スターピーススター)
[src/runtime/RuntimeContext.cpp:1532][APP - INFO] SMG semantic event sequence:stage_host_constructed (host=ShootingStar;stage=PeachCastleGardenGalaxy)
[src/runtime/RuntimeContext.cpp:1532][APP - INFO] SMG semantic event name_obj_lifecycle:init_from_placement (object=スターピーススター;stage=PeachCastleGardenGalaxy;zone=PeachCastleGardenGalaxy;table=jmp/placement/layera/objinfo;row=159;l_id=244)
[src/runtime/RuntimeContext.cpp:1532][APP - INFO] SMG semantic event sequence:stage_host_initialized (host=ShootingStar;stage=PeachCastleGardenGalaxy)
[src/runtime/RuntimeContext.cpp:1532][APP - INFO] SMG semantic event placement:stage_object (stage=PeachCastleGardenGalaxy;zone=PeachCastleGardenGalaxy;zone_id=0;scenario=1;layer=layera;table=jmp/placement/layera/objinfo;object=ShootingStar;factory=created_model_fallback;support_reason=direct_object_archive_model;common_path_id=-1;rail_info_attached=false;rail_path_row=-1;rail_point_count=0;rail_first_point=none;model_archive=ShootingStar;object_archive=/ObjectData/ShootingStar.arc)
[src/runtime/RuntimeContext.cpp:1532][APP - INFO] SMG semantic event name_obj_lifecycle:archive_request (object=ShootingStar;archive=ShootingStar;kind=object;loaded=true;disc_path=ShootingStar.arc)
[src/runtime/RuntimeContext.cpp:1532][APP - INFO] SMG semantic event name_obj_lifecycle:connect_to_scene (object=スターピーススター;kind=live_actor_model;movement=34;calc_anim=5;draw_buffer=8;draw_type=-1)
[src/runtime/RuntimeContext.cpp:1448][APP - INFO] Registered effect keeper スターピーススター group ShootingStar capacity 8
[src/runtime/RuntimeContext.cpp:1532][APP - INFO] SMG semantic event name_obj_lifecycle:construct (object=ShootingStar;actor=スターピーススター)
[src/runtime/RuntimeContext.cpp:1532][APP - INFO] SMG semantic event sequence:stage_host_constructed (host=ShootingStar;stage=PeachCastleGardenGalaxy)
[src/runtime/RuntimeContext.cpp:1532][APP - INFO] SMG semantic event name_obj_lifecycle:init_from_placement (object=スターピーススター;stage=PeachCastleGardenGalaxy;zone=PeachCastleGardenGalaxy;table=jmp/placement/layera/objinfo;row=160;l_id=245)
[src/runtime/RuntimeContext.cpp:1532][APP - INFO] SMG semantic event sequence:stage_host_initialized (host=ShootingStar;stage=PeachCastleGardenGalaxy)
[src/runtime/RuntimeContext.cpp:1532][APP - INFO] SMG semantic event placement:stage_object (stage=PeachCastleGardenGalaxy;zone=PeachCastleGardenGalaxy;zone_id=0;scenario=1;layer=layera;table=jmp/placement/layera/objinfo;object=ShootingStar;factory=created_model_fallback;support_reason=direct_object_archive_model;common_path_id=-1;rail_info_attached=false;rail_path_row=-1;rail_point_count=0;rail_first_point=none;model_archive=ShootingStar;object_archive=/ObjectData/ShootingStar.arc)
[src/runtime/RuntimeContext.cpp:1532][APP - INFO] SMG semantic event name_obj_lifecycle:archive_request (object=ShootingStar;archive=ShootingStar;kind=object;loaded=true;disc_path=ShootingStar.arc)
[src/runtime/RuntimeContext.cpp:1532][APP - INFO] SMG semantic event name_obj_lifecycle:connect_to_scene (object=スターピーススター;kind=live_actor_model;movement=34;calc_anim=5;draw_buffer=8;draw_type=-1)
[src/runtime/RuntimeContext.cpp:1448][APP - INFO] Registered effect keeper スターピーススター group ShootingStar capacity 8
[src/runtime/RuntimeContext.cpp:1532][APP - INFO] SMG semantic event name_obj_lifecycle:construct (object=ShootingStar;actor=スターピーススター)
[src/runtime/RuntimeContext.cpp:1532][APP - INFO] SMG semantic event sequence:stage_host_constructed (host=ShootingStar;stage=PeachCastleGardenGalaxy)
[src/runtime/RuntimeContext.cpp:1532][APP - INFO] SMG semantic event name_obj_lifecycle:init_from_placement (object=スターピーススター;stage=PeachCastleGardenGalaxy;zone=PeachCastleGardenGalaxy;table=jmp/placement/layera/objinfo;row=161;l_id=246)
[src/runtime/RuntimeContext.cpp:1532][APP - INFO] SMG semantic event sequence:stage_host_initialized (host=ShootingStar;stage=PeachCastleGardenGalaxy)
[src/runtime/RuntimeContext.cpp:1532][APP - INFO] SMG semantic event placement:stage_object (stage=PeachCastleGardenGalaxy;zone=PeachCastleGardenGalaxy;zone_id=0;scenario=1;layer=layera;table=jmp/placement/layera/objinfo;object=CrystalCageS;factory=created_model_fallback;support_reason=direct_object_archive_model;common_path_id=-1;rail_info_attached=false;rail_path_row=-1;rail_point_count=0;rail_first_point=none;model_archive=CrystalCageS;object_archive=/ObjectData/CrystalCageS.arc)
[src/runtime/RuntimeContext.cpp:1532][APP - INFO] SMG semantic event name_obj_lifecycle:archive_request (object=CrystalCageS;archive=CrystalCageS;kind=object;loaded=true;disc_path=CrystalCageS.arc)
[src/runtime/RuntimeContext.cpp:1532][APP - INFO] SMG semantic event name_obj_lifecycle:archive_request (object=CrystalCageS;archive=CrystalCageSBreak;kind=object;loaded=true;disc_path=CrystalCageSBreak.arc)
[src/runtime/RuntimeContext.cpp:1532][APP - INFO] SMG semantic event name_obj_lifecycle:connect_to_scene (object=クリスタルケージ[小];kind=live_actor_model;movement=34;calc_anim=5;draw_buffer=8;draw_type=-1)
[src/runtime/RuntimeContext.cpp:1448][APP - INFO] Registered effect keeper クリスタルケージ[小] group CrystalCageS capacity 8
[src/runtime/RuntimeContext.cpp:1532][APP - INFO] SMG semantic event name_obj_lifecycle:construct (object=CrystalCageS;actor=クリスタルケージ[小])
[src/runtime/RuntimeContext.cpp:1532][APP - INFO] SMG semantic event sequence:stage_host_constructed (host=CrystalCageS;stage=PeachCastleGardenGalaxy)
[src/runtime/RuntimeContext.cpp:1532][APP - INFO] SMG semantic event name_obj_lifecycle:init_from_placement (object=クリスタルケージ[小];stage=PeachCastleGardenGalaxy;zone=PeachCastleGardenGalaxy;table=jmp/placement/layera/objinfo;row=162;l_id=247)
[src/runtime/RuntimeContext.cpp:1532][APP - INFO] SMG semantic event sequence:stage_host_initialized (host=CrystalCageS;stage=PeachCastleGardenGalaxy)
[src/runtime/RuntimeContext.cpp:1532][APP - INFO] SMG semantic event placement:stage_object (stage=PeachCastleGardenGalaxy;zone=PeachCastleGardenGalaxy;zone_id=0;scenario=1;layer=layera;table=jmp/placement/layera/objinfo;object=FlagPeachCastleA;factory=created_model_fallback;support_reason=direct_object_archive_model;common_path_id=-1;rail_info_attached=false;rail_path_row=-1;rail_point_count=0;rail_first_point=none;model_archive=FlagPeachCastleA;object_archive=/ObjectData/FlagPeachCastleA.arc)
[src/runtime/RuntimeContext.cpp:1532][APP - INFO] SMG semantic event name_obj_lifecycle:archive_request (object=FlagPeachCastleA;archive=FlagPeachCastleA;kind=object;loaded=true;disc_path=FlagPeachCastleA.arc)
[src/runtime/RuntimeContext.cpp:1532][APP - INFO] SMG semantic event name_obj_lifecycle:connect_to_scene (object=旗（ピーチ城の街灯）;kind=live_actor_model;movement=34;calc_anim=5;draw_buffer=8;draw_type=-1)
[src/runtime/RuntimeContext.cpp:1448][APP - INFO] Registered effect keeper 旗（ピーチ城の街灯） group FlagPeachCastleA capacity 8
[src/runtime/RuntimeContext.cpp:1532][APP - INFO] SMG semantic event name_obj_lifecycle:construct (object=FlagPeachCastleA;actor=旗（ピーチ城の街灯）)
[src/runtime/RuntimeContext.cpp:1532][APP - INFO] SMG semantic event sequence:stage_host_constructed (host=FlagPeachCastleA;stage=PeachCastleGardenGalaxy)
[src/runtime/RuntimeContext.cpp:1532][APP - INFO] SMG semantic event name_obj_lifecycle:init_from_placement (object=旗（ピーチ城の街灯）;stage=PeachCastleGardenGalaxy;zone=PeachCastleGardenGalaxy;table=jmp/placement/layera/objinfo;row=163;l_id=248)
[src/runtime/RuntimeContext.cpp:1532][APP - INFO] SMG semantic event sequence:stage_host_initialized (host=FlagPeachCastleA;stage=PeachCastleGardenGalaxy)
[src/runtime/RuntimeContext.cpp:1532][APP - INFO] SMG semantic event placement:stage_object (stage=PeachCastleGardenGalaxy;zone=PeachCastleGardenGalaxy;zone_id=0;scenario=1;layer=layera;table=jmp/placement/layera/objinfo;object=FlagPeachCastleA;factory=created_model_fallback;support_reason=direct_object_archive_model;common_path_id=-1;rail_info_attached=false;rail_path_row=-1;rail_point_count=0;rail_first_point=none;model_archive=FlagPeachCastleA;object_archive=/ObjectData/FlagPeachCastleA.arc)
[src/runtime/RuntimeContext.cpp:1532][APP - INFO] SMG semantic event name_obj_lifecycle:archive_request (object=FlagPeachCastleA;archive=FlagPeachCastleA;kind=object;loaded=true;disc_path=FlagPeachCastleA.arc)
[src/runtime/RuntimeContext.cpp:1532][APP - INFO] SMG semantic event name_obj_lifecycle:connect_to_scene (object=旗（ピーチ城の街灯）;kind=live_actor_model;movement=34;calc_anim=5;draw_buffer=8;draw_type=-1)
[src/runtime/RuntimeContext.cpp:1448][APP - INFO] Registered effect keeper 旗（ピーチ城の街灯） group FlagPeachCastleA capacity 8
[src/runtime/RuntimeContext.cpp:1532][APP - INFO] SMG semantic event name_obj_lifecycle:construct (object=FlagPeachCastleA;actor=旗（ピーチ城の街灯）)
[src/runtime/RuntimeContext.cpp:1532][APP - INFO] SMG semantic event sequence:stage_host_constructed (host=FlagPeachCastleA;stage=PeachCastleGardenGalaxy)
[src/runtime/RuntimeContext.cpp:1532][APP - INFO] SMG semantic event name_obj_lifecycle:init_from_placement (object=旗（ピーチ城の街灯）;stage=PeachCastleGardenGalaxy;zone=PeachCastleGardenGalaxy;table=jmp/placement/layera/objinfo;row=164;l_id=249)
[src/runtime/RuntimeContext.cpp:1532][APP - INFO] SMG semantic event sequence:stage_host_initialized (host=FlagPeachCastleA;stage=PeachCastleGardenGalaxy)
[src/runtime/RuntimeContext.cpp:1532][APP - INFO] SMG semantic event placement:stage_object (stage=PeachCastleGardenGalaxy;zone=PeachCastleGardenGalaxy;zone_id=0;scenario=1;layer=layera;table=jmp/placement/layera/soundinfo;object=SoundEmitter;factory=blocked;support_reason=no_original_factory_or_direct_object_archive;common_path_id=-1;rail_info_attached=false;rail_path_row=-1;rail_point_count=0;rail_first_point=none;model_archive=;object_archive=)
[src/runtime/RuntimeContext.cpp:1532][APP - INFO] SMG semantic event placement:stage_object (stage=PeachCastleGardenGalaxy;zone=PeachCastleGardenGalaxy;zone_id=0;scenario=1;layer=layera;table=jmp/placement/layera/soundinfo;object=SoundEmitter;factory=blocked;support_reason=no_original_factory_or_direct_object_archive;common_path_id=-1;rail_info_attached=false;rail_path_row=-1;rail_point_count=0;rail_first_point=none;model_archive=;object_archive=)
[src/runtime/RuntimeContext.cpp:1532][APP - INFO] SMG semantic event placement:stage_object (stage=PeachCastleGardenGalaxy;zone=PeachCastleGardenGalaxy;zone_id=0;scenario=1;layer=layera;table=jmp/placement/layera/soundinfo;object=SoundEmitter;factory=blocked;support_reason=no_original_factory_or_direct_object_archive;common_path_id=-1;rail_info_attached=false;rail_path_row=-1;rail_point_count=0;rail_first_point=none;model_archive=;object_archive=)
[src/runtime/RuntimeContext.cpp:1532][APP - INFO] SMG semantic event placement:stage_object (stage=PeachCastleGardenGalaxy;zone=PeachCastleGardenGalaxy;zone_id=0;scenario=1;layer=layera;table=jmp/placement/layera/soundinfo;object=SoundEmitter;factory=blocked;support_reason=no_original_factory_or_direct_object_archive;common_path_id=-1;rail_info_attached=false;rail_path_row=-1;rail_point_count=0;rail_first_point=none;model_archive=;object_archive=)
[src/runtime/RuntimeContext.cpp:1532][APP - INFO] SMG semantic event placement:stage_placement_summary (stage=PeachCastleGardenGalaxy;scenario=1;objects=230;created=151;ignored=55;blocked=24)
[src/runtime/RuntimeContext.cpp:1532][APP - INFO] SMG semantic event name_obj_lifecycle:init_after_placement (object=プロローグデモ)
[src/runtime/RuntimeContext.cpp:1532][APP - INFO] SMG semantic event name_obj_lifecycle:init_after_placement (object=ピーチ城前庭惑星)
[src/runtime/RuntimeContext.cpp:1532][APP - INFO] SMG semantic event name_obj_lifecycle:init_after_placement (object=ピーチ城城下町空襲前)
[src/runtime/RuntimeContext.cpp:1532][APP - INFO] SMG semantic event name_obj_lifecycle:init_after_placement (object=ピーチ城城下町空襲後)
[src/runtime/RuntimeContext.cpp:1532][APP - INFO] SMG semantic event name_obj_lifecycle:init_after_placement (object=ピーチ城城下町の門)
[src/runtime/RuntimeContext.cpp:1532][APP - INFO] SMG semantic event name_obj_lifecycle:init_after_placement (object=メテオキャノン)
[src/runtime/RuntimeContext.cpp:1532][APP - INFO] SMG semantic event name_obj_lifecycle:init_after_placement (object=メテオキャノン)
[src/runtime/RuntimeContext.cpp:1532][APP - INFO] SMG semantic event name_obj_lifecycle:init_after_placement (object=メテオキャノン)
[src/runtime/RuntimeContext.cpp:1532][APP - INFO] SMG semantic event name_obj_lifecycle:init_after_placement (object=スターピーススター)
[src/runtime/RuntimeContext.cpp:1532][APP - INFO] SMG semantic event name_obj_lifecycle:init_after_placement (object=スターピーススター)
[src/runtime/RuntimeContext.cpp:1532][APP - INFO] SMG semantic event name_obj_lifecycle:init_after_placement (object=スターピーススター)
[src/runtime/RuntimeContext.cpp:1532][APP - INFO] SMG semantic event name_obj_lifecycle:init_after_placement (object=スターピーススター)
[src/runtime/RuntimeContext.cpp:1532][APP - INFO] SMG semantic event name_obj_lifecycle:init_after_placement (object=スターピーススター)
[src/runtime/RuntimeContext.cpp:1532][APP - INFO] SMG semantic event name_obj_lifecycle:init_after_placement (object=スターピーススター)
[src/runtime/RuntimeContext.cpp:1532][APP - INFO] SMG semantic event name_obj_lifecycle:init_after_placement (object=スターピーススター)
[src/runtime/RuntimeContext.cpp:1532][APP - INFO] SMG semantic event name_obj_lifecycle:init_after_placement (object=スターピーススター)
[src/runtime/RuntimeContext.cpp:1532][APP - INFO] SMG semantic event name_obj_lifecycle:init_after_placement (object=青い花)
[src/runtime/RuntimeContext.cpp:1532][APP - INFO] SMG semantic event name_obj_lifecycle:init_after_placement (object=青い花)
[src/runtime/RuntimeContext.cpp:1532][APP - INFO] SMG semantic event name_obj_lifecycle:init_after_placement (object=青い花)
[src/runtime/RuntimeContext.cpp:1532][APP - INFO] SMG semantic event name_obj_lifecycle:init_after_placement (object=青い花)
[src/runtime/RuntimeContext.cpp:1532][APP - INFO] SMG semantic event name_obj_lifecycle:init_after_placement (object=花)
[src/runtime/RuntimeContext.cpp:1532][APP - INFO] SMG semantic event name_obj_lifecycle:init_after_placement (object=花)
[src/runtime/RuntimeContext.cpp:1532][APP - INFO] SMG semantic event name_obj_lifecycle:init_after_placement (object=花)
[src/runtime/RuntimeContext.cpp:1532][APP - INFO] SMG semantic event name_obj_lifecycle:init_after_placement (object=花)
[src/runtime/RuntimeContext.cpp:1532][APP - INFO] SMG semantic event name_obj_lifecycle:init_after_placement (object=花)
[src/runtime/RuntimeContext.cpp:1532][APP - INFO] SMG semantic event name_obj_lifecycle:init_after_placement (object=花)
[src/runtime/RuntimeContext.cpp:1532][APP - INFO] SMG semantic event name_obj_lifecycle:init_after_placement (object=花)
[src/runtime/RuntimeContext.cpp:1532][APP - INFO] SMG semantic event name_obj_lifecycle:init_after_placement (object=花)
[src/runtime/RuntimeContext.cpp:1532][APP - INFO] SMG semantic event name_obj_lifecycle:init_after_placement (object=花)
[src/runtime/RuntimeContext.cpp:1532][APP - INFO] SMG semantic event name_obj_lifecycle:init_after_placement (object=花)
[src/runtime/RuntimeContext.cpp:1532][APP - INFO] SMG semantic event name_obj_lifecycle:init_after_placement (object=花)
[src/runtime/RuntimeContext.cpp:1532][APP - INFO] SMG semantic event name_obj_lifecycle:init_after_placement (object=キノピオ)
[src/runtime/RuntimeContext.cpp:1532][APP - INFO] SMG semantic event name_obj_lifecycle:init_after_placement (object=キノピオ)
[src/runtime/RuntimeContext.cpp:1532][APP - INFO] SMG semantic event name_obj_lifecycle:init_after_placement (object=キノピオ)
[src/runtime/RuntimeContext.cpp:1532][APP - INFO] SMG semantic event name_obj_lifecycle:init_after_placement (object=キノピオ)
[src/runtime/RuntimeContext.cpp:1532][APP - INFO] SMG semantic event name_obj_lifecycle:init_after_placement (object=キノピオ)
[src/runtime/RuntimeContext.cpp:1532][APP - INFO] SMG semantic event name_obj_lifecycle:init_after_placement (object=キノピオ)
[src/runtime/RuntimeContext.cpp:1532][APP - INFO] SMG semantic event name_obj_lifecycle:init_after_placement (object=キノピオ)
[src/runtime/RuntimeContext.cpp:1532][APP - INFO] SMG semantic event name_obj_lifecycle:init_after_placement (object=キノピオ)
[src/runtime/RuntimeContext.cpp:1532][APP - INFO] SMG semantic event name_obj_lifecycle:init_after_placement (object=キノピオ)
[src/runtime/RuntimeContext.cpp:1532][APP - INFO] SMG semantic event name_obj_lifecycle:init_after_placement (object=キノピオ)
[src/runtime/RuntimeContext.cpp:1532][APP - INFO] SMG semantic event name_obj_lifecycle:init_after_placement (object=キノピオ)
[src/runtime/RuntimeContext.cpp:1532][APP - INFO] SMG semantic event name_obj_lifecycle:init_after_placement (object=キノピオ)
[src/runtime/RuntimeContext.cpp:1532][APP - INFO] SMG semantic event name_obj_lifecycle:init_after_placement (object=キノピオ)
[src/runtime/RuntimeContext.cpp:1532][APP - INFO] SMG semantic event name_obj_lifecycle:init_after_placement (object=キノピオ)
[src/runtime/RuntimeContext.cpp:1532][APP - INFO] SMG semantic event name_obj_lifecycle:init_after_placement (object=キノピオ)
[src/runtime/RuntimeContext.cpp:1532][APP - INFO] SMG semantic event name_obj_lifecycle:init_after_placement (object=キノピオ)
[src/runtime/RuntimeContext.cpp:1532][APP - INFO] SMG semantic event name_obj_lifecycle:init_after_placement (object=キノピオ)
[src/runtime/RuntimeContext.cpp:1532][APP - INFO] SMG semantic event name_obj_lifecycle:init_after_placement (object=キノピオ)
[src/runtime/RuntimeContext.cpp:1532][APP - INFO] SMG semantic event name_obj_lifecycle:init_after_placement (object=キノピオ)
[src/runtime/RuntimeContext.cpp:1532][APP - INFO] SMG semantic event name_obj_lifecycle:init_after_placement (object=キノピオ)
[src/runtime/RuntimeContext.cpp:1532][APP - INFO] SMG semantic event name_obj_lifecycle:init_after_placement (object=キノピオ)
[src/runtime/RuntimeContext.cpp:1532][APP - INFO] SMG semantic event name_obj_lifecycle:init_after_placement (object=キノピオ)
[src/runtime/RuntimeContext.cpp:1532][APP - INFO] SMG semantic event name_obj_lifecycle:init_after_placement (object=キノピオ)
[src/runtime/RuntimeContext.cpp:1532][APP - INFO] SMG semantic event name_obj_lifecycle:init_after_placement (object=キノピオ)
[src/runtime/RuntimeContext.cpp:1532][APP - INFO] SMG semantic event name_obj_lifecycle:init_after_placement (object=キノピオ)
[src/runtime/RuntimeContext.cpp:1532][APP - INFO] SMG semantic event name_obj_lifecycle:init_after_placement (object=キノピオ)
[src/runtime/RuntimeContext.cpp:1532][APP - INFO] SMG semantic event name_obj_lifecycle:init_after_placement (object=キノピオ)
[src/runtime/RuntimeContext.cpp:1532][APP - INFO] SMG semantic event name_obj_lifecycle:init_after_placement (object=キノピオ)
[src/runtime/RuntimeContext.cpp:1532][APP - INFO] SMG semantic event name_obj_lifecycle:init_after_placement (object=キノピオ)
[src/runtime/RuntimeContext.cpp:1532][APP - INFO] SMG semantic event name_obj_lifecycle:init_after_placement (object=キノピオ)
[src/runtime/RuntimeContext.cpp:1532][APP - INFO] SMG semantic event name_obj_lifecycle:init_after_placement (object=銀河空)
[src/runtime/RuntimeContext.cpp:1532][APP - INFO] SMG semantic event name_obj_lifecycle:init_after_placement (object=蝶)
[src/runtime/RuntimeContext.cpp:1532][APP - INFO] SMG semantic event name_obj_lifecycle:init_after_placement (object=噴水（大）)
[src/runtime/RuntimeContext.cpp:1532][APP - INFO] SMG semantic event name_obj_lifecycle:init_after_placement (object=噴水（大）)
[src/runtime/RuntimeContext.cpp:1532][APP - INFO] SMG semantic event name_obj_lifecycle:init_after_placement (object=噴水（大）)
[src/runtime/RuntimeContext.cpp:1532][APP - INFO] SMG semantic event name_obj_lifecycle:init_after_placement (object=噴水（大）)
[src/runtime/RuntimeContext.cpp:1532][APP - INFO] SMG semantic event name_obj_lifecycle:init_after_placement (object=蝶)
[src/runtime/RuntimeContext.cpp:1532][APP - INFO] SMG semantic event name_obj_lifecycle:init_after_placement (object=クリスタルケージ[小])
[src/runtime/RuntimeContext.cpp:1532][APP - INFO] SMG semantic event name_obj_lifecycle:init_after_placement (object=クリスタルケージ[小])
[src/runtime/RuntimeContext.cpp:1532][APP - INFO] SMG semantic event name_obj_lifecycle:init_after_placement (object=クリスタルケージ[小])
[src/runtime/RuntimeContext.cpp:1532][APP - INFO] SMG semantic event name_obj_lifecycle:init_after_placement (object=クリスタルケージ[小])
[src/runtime/RuntimeContext.cpp:1532][APP - INFO] SMG semantic event name_obj_lifecycle:init_after_placement (object=クリスタルケージ[小])
[src/runtime/RuntimeContext.cpp:1532][APP - INFO] SMG semantic event name_obj_lifecycle:init_after_placement (object=クリスタルケージ[小])
[src/runtime/RuntimeContext.cpp:1532][APP - INFO] SMG semantic event name_obj_lifecycle:init_after_placement (object=クリスタルケージ[小])
[src/runtime/RuntimeContext.cpp:1532][APP - INFO] SMG semantic event name_obj_lifecycle:init_after_placement (object=クリスタルケージ[小])
[src/runtime/RuntimeContext.cpp:1532][APP - INFO] SMG semantic event name_obj_lifecycle:init_after_placement (object=クリスタルケージ[小])
[src/runtime/RuntimeContext.cpp:1532][APP - INFO] SMG semantic event name_obj_lifecycle:init_after_placement (object=クリスタルケージ[小])
[src/runtime/RuntimeContext.cpp:1532][APP - INFO] SMG semantic event name_obj_lifecycle:init_after_placement (object=クリスタルケージ[小])
[src/runtime/RuntimeContext.cpp:1532][APP - INFO] SMG semantic event name_obj_lifecycle:init_after_placement (object=スイッチ同期[反転])
[src/runtime/RuntimeContext.cpp:1532][APP - INFO] SMG semantic event name_obj_lifecycle:init_after_placement (object=クリスタルケージ[小])
[src/runtime/RuntimeContext.cpp:1532][APP - INFO] SMG semantic event name_obj_lifecycle:init_after_placement (object=クリスタルケージ[小])
[src/runtime/RuntimeContext.cpp:1532][APP - INFO] SMG semantic event name_obj_lifecycle:init_after_placement (object=クリスタルケージ[小])
[src/runtime/RuntimeContext.cpp:1532][APP - INFO] SMG semantic event name_obj_lifecycle:init_after_placement (object=ムービー再生オブジェ)
[src/runtime/RuntimeContext.cpp:1532][APP - INFO] SMG semantic event name_obj_lifecycle:init_after_placement (object=ムービー再生オブジェ)
[src/runtime/RuntimeContext.cpp:1532][APP - INFO] SMG semantic event name_obj_lifecycle:init_after_placement (object=メテオキャノン)
[src/runtime/RuntimeContext.cpp:1532][APP - INFO] SMG semantic event name_obj_lifecycle:init_after_placement (object=メテオキャノン)
[src/runtime/RuntimeContext.cpp:1532][APP - INFO] SMG semantic event name_obj_lifecycle:init_after_placement (object=メテオキャノン)
[src/runtime/RuntimeContext.cpp:1532][APP - INFO] SMG semantic event name_obj_lifecycle:init_after_placement (object=メテオキャノン)
[src/runtime/RuntimeContext.cpp:1532][APP - INFO] SMG semantic event name_obj_lifecycle:init_after_placement (object=メテオキャノン)
[src/runtime/RuntimeContext.cpp:1532][APP - INFO] SMG semantic event name_obj_lifecycle:init_after_placement (object=メテオキャノン)
[src/runtime/RuntimeContext.cpp:1532][APP - INFO] SMG semantic event name_obj_lifecycle:init_after_placement (object=メテオキャノン)
[src/runtime/RuntimeContext.cpp:1532][APP - INFO] SMG semantic event name_obj_lifecycle:init_after_placement (object=ピーチ姫)
[src/runtime/RuntimeContext.cpp:1532][APP - INFO] SMG semantic event name_obj_lifecycle:init_after_placement (object=クッパ船Ｅ)
[src/runtime/RuntimeContext.cpp:1532][APP - INFO] SMG semantic event name_obj_lifecycle:init_after_placement (object=クッパ船Ｅ)
[src/runtime/RuntimeContext.cpp:1532][APP - INFO] SMG semantic event name_obj_lifecycle:init_after_placement (object=クッパ船Ｅ)
[src/runtime/RuntimeContext.cpp:1532][APP - INFO] SMG semantic event name_obj_lifecycle:init_after_placement (object=クッパ船Ｅ)
[src/runtime/RuntimeContext.cpp:1532][APP - INFO] SMG semantic event name_obj_lifecycle:init_after_placement (object=メテオキャノン)
[src/runtime/RuntimeContext.cpp:1532][APP - INFO] SMG semantic event name_obj_lifecycle:init_after_placement (object=メテオキャノン)
[src/runtime/RuntimeContext.cpp:1532][APP - INFO] SMG semantic event name_obj_lifecycle:init_after_placement (object=メテオキャノン)
[src/runtime/RuntimeContext.cpp:1532][APP - INFO] SMG semantic event name_obj_lifecycle:init_after_placement (object=キノピオ)
[src/runtime/RuntimeContext.cpp:1532][APP - INFO] SMG semantic event name_obj_lifecycle:init_after_placement (object=スイッチ同期[反転])
[src/runtime/RuntimeContext.cpp:1532][APP - INFO] SMG semantic event name_obj_lifecycle:init_after_placement (object=キノピオ)
[src/runtime/RuntimeContext.cpp:1532][APP - INFO] SMG semantic event name_obj_lifecycle:init_after_placement (object=キノピオ)
[src/runtime/RuntimeContext.cpp:1532][APP - INFO] SMG semantic event name_obj_lifecycle:init_after_placement (object=キノピオ)
[src/runtime/RuntimeContext.cpp:1532][APP - INFO] SMG semantic event name_obj_lifecycle:init_after_placement (object=キノピオ)
[src/runtime/RuntimeContext.cpp:1532][APP - INFO] SMG semantic event name_obj_lifecycle:init_after_placement (object=キノピオ)
[src/runtime/RuntimeContext.cpp:1532][APP - INFO] SMG semantic event name_obj_lifecycle:init_after_placement (object=キノピオ)
[src/runtime/RuntimeContext.cpp:1532][APP - INFO] SMG semantic event name_obj_lifecycle:init_after_placement (object=キノピオ)
[src/runtime/RuntimeContext.cpp:1532][APP - INFO] SMG semantic event name_obj_lifecycle:init_after_placement (object=キノピオ)
[src/runtime/RuntimeContext.cpp:1532][APP - INFO] SMG semantic event name_obj_lifecycle:init_after_placement (object=キノピオ)
[src/runtime/RuntimeContext.cpp:1532][APP - INFO] SMG semantic event name_obj_lifecycle:init_after_placement (object=キノピオ)
[src/runtime/RuntimeContext.cpp:1532][APP - INFO] SMG semantic event name_obj_lifecycle:init_after_placement (object=キノピオ)
[src/runtime/RuntimeContext.cpp:1532][APP - INFO] SMG semantic event name_obj_lifecycle:init_after_placement (object=キノピオ)
[src/runtime/RuntimeContext.cpp:1532][APP - INFO] SMG semantic event name_obj_lifecycle:init_after_placement (object=キノピオ)
[src/runtime/RuntimeContext.cpp:1532][APP - INFO] SMG semantic event name_obj_lifecycle:init_after_placement (object=旗（ピーチ城の頂上）)
[src/runtime/RuntimeContext.cpp:1532][APP - INFO] SMG semantic event name_obj_lifecycle:init_after_placement (object=旗（ピーチ城の街灯）)
[src/runtime/RuntimeContext.cpp:1532][APP - INFO] SMG semantic event name_obj_lifecycle:init_after_placement (object=スターピーススター)
[src/runtime/RuntimeContext.cpp:1532][APP - INFO] SMG semantic event name_obj_lifecycle:init_after_placement (object=旗（ピーチ城の街灯）)
[src/runtime/RuntimeContext.cpp:1532][APP - INFO] SMG semantic event name_obj_lifecycle:init_after_placement (object=旗（ピーチ城の街灯）)
[src/runtime/RuntimeContext.cpp:1532][APP - INFO] SMG semantic event name_obj_lifecycle:init_after_placement (object=旗（ピーチ城の街灯）)
[src/runtime/RuntimeContext.cpp:1532][APP - INFO] SMG semantic event name_obj_lifecycle:init_after_placement (object=旗（ピーチ城の街灯）)
[src/runtime/RuntimeContext.cpp:1532][APP - INFO] SMG semantic event name_obj_lifecycle:init_after_placement (object=旗（ピーチ城の街灯）)
[src/runtime/RuntimeContext.cpp:1532][APP - INFO] SMG semantic event name_obj_lifecycle:init_after_placement (object=旗（ピーチ城の街灯）)
[src/runtime/RuntimeContext.cpp:1532][APP - INFO] SMG semantic event name_obj_lifecycle:init_after_placement (object=旗（ピーチ城の街灯）)
[src/runtime/RuntimeContext.cpp:1532][APP - INFO] SMG semantic event name_obj_lifecycle:init_after_placement (object=旗（ピーチ城の街灯）)
[src/runtime/RuntimeContext.cpp:1532][APP - INFO] SMG semantic event name_obj_lifecycle:init_after_placement (object=旗（ピーチ城の街灯）)
[src/runtime/RuntimeContext.cpp:1532][APP - INFO] SMG semantic event name_obj_lifecycle:init_after_placement (object=旗（ピーチ城の街灯）)
[src/runtime/RuntimeContext.cpp:1532][APP - INFO] SMG semantic event name_obj_lifecycle:init_after_placement (object=旗（ピーチ城の街灯）)
[src/runtime/RuntimeContext.cpp:1532][APP - INFO] SMG semantic event name_obj_lifecycle:init_after_placement (object=旗（ピーチ城の街灯）)
[src/runtime/RuntimeContext.cpp:1532][APP - INFO] SMG semantic event name_obj_lifecycle:init_after_placement (object=旗（ピーチ城の街灯）)
[src/runtime/RuntimeContext.cpp:1532][APP - INFO] SMG semantic event name_obj_lifecycle:init_after_placement (object=旗（ピーチ城の街灯）)
[src/runtime/RuntimeContext.cpp:1532][APP - INFO] SMG semantic event name_obj_lifecycle:init_after_placement (object=旗（ピーチ城の街灯）)
[src/runtime/RuntimeContext.cpp:1532][APP - INFO] SMG semantic event name_obj_lifecycle:init_after_placement (object=キノピオ)
[src/runtime/RuntimeContext.cpp:1532][APP - INFO] SMG semantic event name_obj_lifecycle:init_after_placement (object=キノピオ)
[src/runtime/RuntimeContext.cpp:1532][APP - INFO] SMG semantic event name_obj_lifecycle:init_after_placement (object=旗（ピーチ城の街灯）)
[src/runtime/RuntimeContext.cpp:1532][APP - INFO] SMG semantic event name_obj_lifecycle:init_after_placement (object=旗（ピーチ城の街灯）)
[src/runtime/RuntimeContext.cpp:1532][APP - INFO] SMG semantic event name_obj_lifecycle:init_after_placement (object=旗（ピーチ城の街灯）)
[src/runtime/RuntimeContext.cpp:1532][APP - INFO] SMG semantic event name_obj_lifecycle:init_after_placement (object=旗（ピーチ城の街灯）)
[src/runtime/RuntimeContext.cpp:1532][APP - INFO] SMG semantic event name_obj_lifecycle:init_after_placement (object=旗（ピーチ城の街灯）)
[src/runtime/RuntimeContext.cpp:1532][APP - INFO] SMG semantic event name_obj_lifecycle:init_after_placement (object=旗（ピーチ城の街灯）)
[src/runtime/RuntimeContext.cpp:1532][APP - INFO] SMG semantic event name_obj_lifecycle:init_after_placement (object=旗（ピーチ城の街灯）)
[src/runtime/RuntimeContext.cpp:1532][APP - INFO] SMG semantic event name_obj_lifecycle:init_after_placement (object=旗（ピーチ城の街灯）)
[src/runtime/RuntimeContext.cpp:1532][APP - INFO] SMG semantic event name_obj_lifecycle:init_after_placement (object=旗（ピーチ城の街灯）)
[src/runtime/RuntimeContext.cpp:1532][APP - INFO] SMG semantic event name_obj_lifecycle:init_after_placement (object=旗（ピーチ城の街灯）)
[src/runtime/RuntimeContext.cpp:1532][APP - INFO] SMG semantic event name_obj_lifecycle:init_after_placement (object=スターピーススター)
[src/runtime/RuntimeContext.cpp:1532][APP - INFO] SMG semantic event name_obj_lifecycle:init_after_placement (object=スターピーススター)
[src/runtime/RuntimeContext.cpp:1532][APP - INFO] SMG semantic event name_obj_lifecycle:init_after_placement (object=スターピーススター)
[src/runtime/RuntimeContext.cpp:1532][APP - INFO] SMG semantic event name_obj_lifecycle:init_after_placement (object=クリスタルケージ[小])
[src/runtime/RuntimeContext.cpp:1532][APP - INFO] SMG semantic event name_obj_lifecycle:init_after_placement (object=旗（ピーチ城の街灯）)
[src/runtime/RuntimeContext.cpp:1532][APP - INFO] SMG semantic event name_obj_lifecycle:init_after_placement (object=旗（ピーチ城の街灯）)
[src/runtime/RuntimeContext.cpp:1532][APP - INFO] SMG semantic event camera:stage_start_camera_selected (stage=PeachCastleGardenGalaxy;scenario=1;start_id=0;start_zone_id=0;start_layer=layera;start_table=jmp/start/layera/startinfo;start_row=0;camera_id=100;camera_key=s:0064;camera_type=CAM_TYPE_XZ_PARA;camera_archive=/StageData/PeachCastleGardenGalaxy.arc;eye=14232.333984,1542.000122,12317.559570;watch=13550.000000,1550.000000,11900.000000;up=0.008529,0.999950,0.005220;fovy=45.000000)
[src/runtime/RuntimeContext.cpp:1532][APP - INFO] SMG semantic event camera:stage_player_follow_camera_initialized (stage=PeachCastleGardenGalaxy;start_id=0;start_zone_id=0;gravity_source=active_stage_gravity_or_start_orientation)
[src/runtime/RuntimeContext.cpp:1532][APP - INFO] SMG semantic event name_obj_lifecycle:connect_to_scene (object=オブジェスリープ管理;kind=name_obj;movement=34;calc_anim=-1;draw_buffer=-1;draw_type=-1)
[src/runtime/RuntimeContext.cpp:1532][APP - INFO] SMG semantic event name_obj_lifecycle:appear (object=プロローグデモ)
[src/runtime/RuntimeContext.cpp:1532][APP - INFO] SMG semantic event sequence_state:scene_controller_phase (current_scene=Game;next_scene=PeachCastleGardenGalaxy;current_stage=PeachCastleGardenGalaxy;scene_wipe=Closed;system_wipe=Open;draw_phase=;frame=5462;phase=ReadyToStartScene)
[src/runtime/RuntimeContext.cpp:1532][APP - INFO] SMG semantic event sequence_state:scene_controller_phase (current_scene=Game;next_scene=PeachCastleGardenGalaxy;current_stage=PeachCastleGardenGalaxy;scene_wipe=Closed;system_wipe=Open;draw_phase=;frame=5462;phase=Normal)
[src/runtime/RuntimeContext.cpp:1532][APP - INFO] SMG semantic event sequence_state:scene_change_applied (current_scene=Game;next_scene=PeachCastleGardenGalaxy;current_stage=PeachCastleGardenGalaxy;scene_wipe=Closed;system_wipe=Open;draw_phase=;frame=5462;current_scene=Game;current_stage=PeachCastleGardenGalaxy;scenario=1)
[src/runtime/RuntimeContext.cpp:1532][APP - INFO] SMG semantic event scene_controller:scene_change_applied (current_scene=Game;current_stage=PeachCastleGardenGalaxy;scenario=1)
[src/runtime/RuntimeContext.cpp:1532][APP - INFO] SMG semantic event demo:demo_started (name=プロローグデモ)
[src/runtime/RuntimeContext.cpp:1410][APP - INFO] SMG submitted level sounds
[src/runtime/RuntimeContext.cpp:1375][APP - INFO] SMG requested stage BGM STM_PROLOGUE_01
[src/runtime/RuntimeContext.cpp:1500][APP - INFO] Resolved original object archive PeachCastleGardenPlanet -> /ObjectData/PeachCastleGardenPlanet.arc
[src/runtime/RuntimeContext.cpp:1500][APP - INFO] Resolved original object archive PeachCastleTownBeforeAttack -> /ObjectData/PeachCastleTownBeforeAttack.arc
[src/runtime/RuntimeContext.cpp:1500][APP - INFO] Resolved original object archive PeachCastleTownAfterAttack -> /ObjectData/PeachCastleTownAfterAttack.arc
[src/runtime/RuntimeContext.cpp:1500][APP - INFO] Resolved original object archive PeachCastleTownGate -> /ObjectData/PeachCastleTownGate.arc
[src/runtime/RuntimeContext.cpp:1500][APP - INFO] Resolved original object archive MeteorStrike -> /ObjectData/MeteorStrike.arc
[src/runtime/RuntimeContext.cpp:1500][APP - INFO] Resolved original object archive MeteorStrike -> /ObjectData/MeteorStrike.arc
[src/runtime/RuntimeContext.cpp:1500][APP - INFO] Resolved original object archive MeteorStrike -> /ObjectData/MeteorStrike.arc
[src/runtime/RuntimeContext.cpp:1500][APP - INFO] Resolved original object archive ShootingStar -> /ObjectData/ShootingStar.arc
[src/runtime/RuntimeContext.cpp:1500][APP - INFO] Resolved original object archive ShootingStar -> /ObjectData/ShootingStar.arc
[src/runtime/RuntimeContext.cpp:1500][APP - INFO] Resolved original object archive ShootingStar -> /ObjectData/ShootingStar.arc
[src/runtime/RuntimeContext.cpp:1500][APP - INFO] Resolved original object archive ShootingStar -> /ObjectData/ShootingStar.arc
[src/runtime/RuntimeContext.cpp:1500][APP - INFO] Resolved original object archive ShootingStar -> /ObjectData/ShootingStar.arc
[src/runtime/RuntimeContext.cpp:1500][APP - INFO] Resolved original object archive ShootingStar -> /ObjectData/ShootingStar.arc
[src/runtime/RuntimeContext.cpp:1500][APP - INFO] Resolved original object archive ShootingStar -> /ObjectData/ShootingStar.arc
[src/runtime/RuntimeContext.cpp:1500][APP - INFO] Resolved original object archive ShootingStar -> /ObjectData/ShootingStar.arc
[src/runtime/RuntimeContext.cpp:1500][APP - INFO] Resolved original object archive FlowerBlue -> /ObjectData/FlowerBlue.arc
[src/runtime/RuntimeContext.cpp:1500][APP - INFO] Resolved original object archive FlowerBlue -> /ObjectData/FlowerBlue.arc
[src/runtime/RuntimeContext.cpp:1500][APP - INFO] Resolved original object archive FlowerBlue -> /ObjectData/FlowerBlue.arc
[src/runtime/RuntimeContext.cpp:1500][APP - INFO] Resolved original object archive FlowerBlue -> /ObjectData/FlowerBlue.arc
[src/runtime/RuntimeContext.cpp:1500][APP - INFO] Resolved original object archive Flower -> /ObjectData/Flower.arc
[src/runtime/RuntimeContext.cpp:1500][APP - INFO] Resolved original object archive Flower -> /ObjectData/Flower.arc
[src/runtime/RuntimeContext.cpp:1500][APP - INFO] Resolved original object archive Flower -> /ObjectData/Flower.arc
[src/runtime/RuntimeContext.cpp:1500][APP - INFO] Resolved original object archive Flower -> /ObjectData/Flower.arc
[src/runtime/RuntimeContext.cpp:1500][APP - INFO] Resolved original object archive Flower -> /ObjectData/Flower.arc
[src/runtime/RuntimeContext.cpp:1500][APP - INFO] Resolved original object archive Flower -> /ObjectData/Flower.arc
[src/runtime/RuntimeContext.cpp:1500][APP - INFO] Resolved original object archive Flower -> /ObjectData/Flower.arc
[src/runtime/RuntimeContext.cpp:1500][APP - INFO] Resolved original object archive Flower -> /ObjectData/Flower.arc
[src/runtime/RuntimeContext.cpp:1500][APP - INFO] Resolved original object archive Flower -> /ObjectData/Flower.arc
[src/runtime/RuntimeContext.cpp:1500][APP - INFO] Resolved original object archive Flower -> /ObjectData/Flower.arc
[src/runtime/RuntimeContext.cpp:1500][APP - INFO] Resolved original object archive Flower -> /ObjectData/Flower.arc
[src/runtime/RuntimeContext.cpp:1500][APP - INFO] Resolved original object archive Kinopio -> /ObjectData/Kinopio.arc
[src/runtime/RuntimeContext.cpp:1500][APP - INFO] Resolved original object archive Kinopio -> /ObjectData/Kinopio.arc
[src/runtime/RuntimeContext.cpp:1500][APP - INFO] Resolved original object archive Kinopio -> /ObjectData/Kinopio.arc
[src/runtime/RuntimeContext.cpp:1500][APP - INFO] Resolved original object archive Kinopio -> /ObjectData/Kinopio.arc
[src/runtime/RuntimeContext.cpp:1500][APP - INFO] Resolved original object archive Kinopio -> /ObjectData/Kinopio.arc
[src/runtime/RuntimeContext.cpp:1500][APP - INFO] Resolved original object archive Kinopio -> /ObjectData/Kinopio.arc
[src/runtime/RuntimeContext.cpp:1500][APP - INFO] Resolved original object archive Kinopio -> /ObjectData/Kinopio.arc
[src/runtime/RuntimeContext.cpp:1500][APP - INFO] Resolved original object archive Kinopio -> /ObjectData/Kinopio.arc
[src/runtime/RuntimeContext.cpp:1500][APP - INFO] Resolved original object archive Kinopio -> /ObjectData/Kinopio.arc
[src/runtime/RuntimeContext.cpp:1500][APP - INFO] Resolved original object archive Kinopio -> /ObjectData/Kinopio.arc
[src/runtime/RuntimeContext.cpp:1500][APP - INFO] Resolved original object archive Kinopio -> /ObjectData/Kinopio.arc
[src/runtime/RuntimeContext.cpp:1500][APP - INFO] Resolved original object archive Kinopio -> /ObjectData/Kinopio.arc
[src/runtime/RuntimeContext.cpp:1500][APP - INFO] Resolved original object archive Kinopio -> /ObjectData/Kinopio.arc
[src/runtime/RuntimeContext.cpp:1500][APP - INFO] Resolved original object archive Kinopio -> /ObjectData/Kinopio.arc
[src/runtime/RuntimeContext.cpp:1500][APP - INFO] Resolved original object archive Kinopio -> /ObjectData/Kinopio.arc
[src/runtime/RuntimeContext.cpp:1500][APP - INFO] Resolved original object archive Kinopio -> /ObjectData/Kinopio.arc
[src/runtime/RuntimeContext.cpp:1500][APP - INFO] Resolved original object archive Kinopio -> /ObjectData/Kinopio.arc
[src/runtime/RuntimeContext.cpp:1500][APP - INFO] Resolved original object archive Kinopio -> /ObjectData/Kinopio.arc
[src/runtime/RuntimeContext.cpp:1500][APP - INFO] Resolved original object archive Kinopio -> /ObjectData/Kinopio.arc
[src/runtime/RuntimeContext.cpp:1500][APP - INFO] Resolved original object archive Kinopio -> /ObjectData/Kinopio.arc
[src/runtime/RuntimeContext.cpp:1500][APP - INFO] Resolved original object archive Kinopio -> /ObjectData/Kinopio.arc
[src/runtime/RuntimeContext.cpp:1500][APP - INFO] Resolved original object archive Kinopio -> /ObjectData/Kinopio.arc
[src/runtime/RuntimeContext.cpp:1500][APP - INFO] Resolved original object archive Kinopio -> /ObjectData/Kinopio.arc
[src/runtime/RuntimeContext.cpp:1500][APP - INFO] Resolved original object archive Kinopio -> /ObjectData/Kinopio.arc
[src/runtime/RuntimeContext.cpp:1500][APP - INFO] Resolved original object archive Kinopio -> /ObjectData/Kinopio.arc
[src/runtime/RuntimeContext.cpp:1500][APP - INFO] Resolved original object archive Kinopio -> /ObjectData/Kinopio.arc
[src/runtime/RuntimeContext.cpp:1500][APP - INFO] Resolved original object archive Kinopio -> /ObjectData/Kinopio.arc
[src/runtime/RuntimeContext.cpp:1500][APP - INFO] Resolved original object archive Kinopio -> /ObjectData/Kinopio.arc
[src/runtime/RuntimeContext.cpp:1500][APP - INFO] Resolved original object archive Kinopio -> /ObjectData/Kinopio.arc
[src/runtime/RuntimeContext.cpp:1500][APP - INFO] Resolved original object archive Kinopio -> /ObjectData/Kinopio.arc
[src/runtime/RuntimeContext.cpp:1500][APP - INFO] Resolved original object archive GalaxySky -> /ObjectData/GalaxySky.arc
[src/runtime/RuntimeContext.cpp:1500][APP - INFO] Resolved original object archive Butterfly -> /ObjectData/Butterfly.arc
[src/runtime/RuntimeContext.cpp:1500][APP - INFO] Resolved original object archive FountainBig -> /ObjectData/FountainBig.arc
[src/runtime/RuntimeContext.cpp:1500][APP - INFO] Resolved original object archive FountainBig -> /ObjectData/FountainBig.arc
[src/runtime/RuntimeContext.cpp:1500][APP - INFO] Resolved original object archive FountainBig -> /ObjectData/FountainBig.arc
[src/runtime/RuntimeContext.cpp:1500][APP - INFO] Resolved original object archive FountainBig -> /ObjectData/FountainBig.arc
[src/runtime/RuntimeContext.cpp:1500][APP - INFO] Resolved original object archive Butterfly -> /ObjectData/Butterfly.arc
[src/runtime/RuntimeContext.cpp:1500][APP - INFO] Resolved original object archive CrystalCageS -> /ObjectData/CrystalCageS.arc
[src/runtime/RuntimeContext.cpp:1500][APP - INFO] Resolved original object archive CrystalCageS -> /ObjectData/CrystalCageS.arc
[src/runtime/RuntimeContext.cpp:1500][APP - INFO] Resolved original object archive CrystalCageS -> /ObjectData/CrystalCageS.arc
[src/runtime/RuntimeContext.cpp:1500][APP - INFO] Resolved original object archive CrystalCageS -> /ObjectData/CrystalCageS.arc
[src/runtime/RuntimeContext.cpp:1500][APP - INFO] Resolved original object archive CrystalCageS -> /ObjectData/CrystalCageS.arc
[src/runtime/RuntimeContext.cpp:1500][APP - INFO] Resolved original object archive CrystalCageS -> /ObjectData/CrystalCageS.arc
[src/runtime/RuntimeContext.cpp:1500][APP - INFO] Resolved original object archive CrystalCageS -> /ObjectData/CrystalCageS.arc
[src/runtime/RuntimeContext.cpp:1500][APP - INFO] Resolved original object archive CrystalCageS -> /ObjectData/CrystalCageS.arc
[src/runtime/RuntimeContext.cpp:1500][APP - INFO] Resolved original object archive CrystalCageS -> /ObjectData/CrystalCageS.arc
[s[src/runtime/RuntimeContext.cpp:1508][APP - WARNING] Skipped object texture data from MoviePadRumblePrologueA: archive contains no BDL/BMD model
[src/runtime/RuntimeContext.cpp:1508][APP - WARNING] Skipped object texture data from MoviePadRumblePrologueA: archive contains no BDL/BMD model
rc/runtime/RuntimeContext.cpp:1500][APP - INFO] Resolved original object archive CrystalCageS -> /ObjectData/CrystalCageS.arc
[src/runtime/RuntimeContext.cpp:1500][APP - INFO] Resolved original object archive CrystalCageS -> /ObjectData/CrystalCageS.arc
[src/runtime/RuntimeContext.cpp:1500][APP - INFO] Resolved original object archive CrystalCageS -> /ObjectData/CrystalCageS.arc
[src/runtime/RuntimeContext.cpp:1500][APP - INFO] Resolved original object archive CrystalCageS -> /ObjectData/CrystalCageS.arc
[src/runtime/RuntimeContext.cpp:1500][APP - INFO] Resolved original object archive CrystalCageS -> /ObjectData/CrystalCageS.arc
[src/runtime/RuntimeContext.cpp:1500][APP - INFO] Resolved original object archive MeteorStrike -> /ObjectData/MeteorStrike.arc
[src/runtime/RuntimeContext.cpp:1500][APP - INFO] Resolved original object archive MeteorStrike -> /ObjectData/MeteorStrike.arc
[src/runtime/RuntimeContext.cpp:1500][APP - INFO] Resolved original object archive MeteorStrike -> /ObjectData/MeteorStrike.arc
[src/runtime/RuntimeContext.cpp:1500][APP - INFO] Resolved original object archive MeteorStrike -> /ObjectData/MeteorStrike.arc
[src/runtime/RuntimeContext.cpp:1500][APP - INFO] Resolved original object archive MeteorStrike -> /ObjectData/MeteorStrike.arc
[src/runtime/RuntimeContext.cpp:1500][APP - INFO] Resolved original object archive MeteorStrike -> /ObjectData/MeteorStrike.arc
[src/runtime/RuntimeContext.cpp:1500][APP - INFO] Resolved original object archive MeteorStrike -> /ObjectData/MeteorStrike.arc
[src/runtime/RuntimeContext.cpp:1500][APP - INFO] Resolved original object archive Peach -> /ObjectData/Peach.arc
[src/runtime/RuntimeContext.cpp:1500][APP - INFO] Resolved original object archive KoopaShipE -> /ObjectData/KoopaShipE.arc
[src/runtime/RuntimeContext.cpp:1500][APP - INFO] Resolved original object archive KoopaShipE -> /ObjectData/KoopaShipE.arc
[src/runtime/RuntimeContext.cpp:1500][APP - INFO] Resolved original object archive KoopaShipE -> /ObjectData/KoopaShipE.arc
[src/runtime/RuntimeContext.cpp:1500][APP - INFO] Resolved original object archive KoopaShipE -> /ObjectData/KoopaShipE.arc
[src/runtime/RuntimeContext.cpp:1500][APP - INFO] Resolved original object archive MeteorStrike -> /ObjectData/MeteorStrike.arc
[src/runtime/RuntimeContext.cpp:1500][APP - INFO] Resolved original object archive MeteorStrike -> /ObjectData/MeteorStrike.arc
[src/runtime/RuntimeContext.cpp:1500][APP - INFO] Resolved original object archive MeteorStrike -> /ObjectData/MeteorStrike.arc
[src/runtime/RuntimeContext.cpp:1500][APP - INFO] Resolved original object archive Kinopio -> /ObjectData/Kinopio.arc
[src/runtime/RuntimeContext.cpp:1500][APP - INFO] Resolved original object archive Kinopio -> /ObjectData/Kinopio.arc
[src/runtime/RuntimeContext.cpp:1500][APP - INFO] Resolved original object archive Kinopio -> /ObjectData/Kinopio.arc
[src/runtime/RuntimeContext.cpp:1500][APP - INFO] Resolved original object archive Kinopio -> /ObjectData/Kinopio.arc
[src/runtime/RuntimeContext.cpp:1500][APP - INFO] Resolved original object archive Kinopio -> /ObjectData/Kinopio.arc
[src/runtime/RuntimeContext.cpp:1500][APP - INFO] Resolved original object archive Kinopio -> /ObjectData/Kinopio.arc
[src/runtime/RuntimeContext.cpp:1500][APP - INFO] Resolved original object archive Kinopio -> /ObjectData/Kinopio.arc
[src/runtime/RuntimeContext.cpp:1500][APP - INFO] Resolved original object archive Kinopio -> /ObjectData/Kinopio.arc
[src/runtime/RuntimeContext.cpp:1500][APP - INFO] Resolved original object archive Kinopio -> /ObjectData/Kinopio.arc
[src/runtime/RuntimeContext.cpp:1500][APP - INFO] Resolved original object archive Kinopio -> /ObjectData/Kinopio.arc
[src/runtime/RuntimeContext.cpp:1500][APP - INFO] Resolved original object archive Kinopio -> /ObjectData/Kinopio.arc
[src/runtime/RuntimeContext.cpp:1500][APP - INFO] Resolved original object archive Kinopio -> /ObjectData/Kinopio.arc
[src/runtime/RuntimeContext.cpp:1500][APP - INFO] Resolved original object archive Kinopio -> /ObjectData/Kinopio.arc
[src/runtime/RuntimeContext.cpp:15[src/runtime/RuntimeContext.cpp:1508][APP - WARNING] Skipped object texture data from FlagPeachCastleC: archive contains no BDL/BMD model
[src/runtime/RuntimeContext.cpp:1508][APP - WARNING] Skipped object texture data from FlagPeachCastleA: archive contains no BDL/BMD model
[src/runtime/RuntimeContext.cpp:1508][APP - WARNING] Skipped object texture data from FlagPeachCastleA: archive contains no BDL/BMD model
[src/runtime/RuntimeContext.cpp:1508][APP - WARNING] Skipped object texture data from FlagPeachCastleA: archive contains no BDL/BMD model
[src/runtime/RuntimeContext.cpp:1508][APP - WARNING] Skipped object texture data from FlagPeachCastleA: archive contains no BDL/BMD model
[src/runtime/RuntimeContext.cpp:1508][APP - WARNING] Skipped object texture data from FlagPeachCastleA: archive contains no BDL/BMD model
[src/runtime/RuntimeContext.cpp:1508][APP - WARNING] Skipped object texture data from FlagPeachCastleA: archive contains no BDL/BMD model
[src/runtime/RuntimeContext.cpp:1508][APP - WARNING] Skipped object texture data from FlagPeachCastleA: archive contains no BDL/BMD model
[src/runtime/RuntimeContext.cpp:1508][APP - WARNING] Skipped object texture data from FlagPeachCastleA: archive contains no BDL/BMD model
[src/runtime/RuntimeContext.cpp:1508][APP - WARNING] Skipped object texture data from FlagPeachCastleA: archive contains no BDL/BMD model
[src/runtime/RuntimeContext.cpp:1508][APP - WARNING] Skipped object texture data from FlagPeachCastleA: archive contains no BDL/BMD model
[src/runtime/RuntimeContext.cpp:1508][APP - WARNING] Skipped object texture data from FlagPeachCastleA: archive contains no BDL/BMD model
[src/runtime/RuntimeContext.cpp:1508][APP - WARNING] Skipped object texture data from FlagPeachCastleA: archive contains no BDL/BMD model
[src/runtime/RuntimeContext.cpp:1508][APP - WARNING] Skipped object texture data from FlagPeachCastleA: archive contains no BDL/BMD model
[src/runtime/RuntimeContext.cpp:1508][APP - WARNING] Skipped object texture data from FlagPeachCastleA: archive contains no BDL/BMD model
[src/runtime/RuntimeContext.cpp:1508][APP - WARNING] Skipped object texture data from FlagPeachCastleA: archive contains no BDL/BMD model
[src/runtime/RuntimeContext.cpp:1508][APP - WARNING] Skipped object texture data from FlagPeachCastleA: archive contains no BDL/BMD model
[src/runtime/RuntimeContext.cpp:1508][APP - WARNING] Skipped object texture data from FlagPeachCastleA: archive contains no BDL/BMD model
[src/runtime/RuntimeContext.cpp:1508][APP - WARNING] Skipped object texture data from FlagPeachCastleA: archive contains no BDL/BMD model
[src/runtime/RuntimeContext.cpp:1508][APP - WARNING] Skipped object texture data from FlagPeachCastleA: archive contains no BDL/BMD model
[src/runtime/RuntimeContext.cpp:1508][APP - WARNING] Skipped object texture data from FlagPeachCastleA: archive contains no BDL/BMD model
[src/runtime/RuntimeContext.cpp:1508][APP - WARNING] Skipped object texture data from FlagPeachCastleA: archive contains no BDL/BMD model
[src/runtime/RuntimeContext.cpp:1508][APP - WARNING] Skipped object texture data from FlagPeachCastleA: archive contains no BDL/BMD model
[src/runtime/RuntimeContext.cpp:1508][APP - WARNING] Skipped object texture data from FlagPeachCastleA: archive contains no BDL/BMD model
[src/runtime/RuntimeContext.cpp:1508][APP - WARNING] Skipped object texture data from FlagPeachCastleA: archive contains no BDL/BMD model
[src/runtime/RuntimeContext.cpp:1508][APP - WARNING] Skipped object texture data from FlagPeachCastleA: archive contains no BDL/BMD model
[src/runtime/RuntimeContext.cpp:1508][APP - WARNING] Skipped object texture data from FlagPeachCastleA: archive contains no BDL/BMD model
[src/runtime/RuntimeContext.cpp:1508][APP - WARNING] Skipped object texture data from FlagPeachCastleA: archive contains no BDL/BMD model
[src/runtime/RuntimeContext.cpp:1508][APP - WARNING] Skipped object texture data from FlagPeachCastleA: archive contains no BDL/BMD model
