[src/app/Application.cpp:59][APP - INFO] Opened Aurora disc image /Users/frityet/Projects/petari/Super Mario Wii - Galaxy Adventure (Korea).rvz
[aurora:info:aurora] Aurora initializing
[aurora:info:aurora::system_info] CPU model: Apple M5 Max
[aurora:info:aurora::system_info] Memory: 131072 MiB
[aurora:info:aurora::system_info] Architecture: aarch64
[aurora:info:aurora::system_info] OS: macOS Version 27.0 (Build 26A428)
[aurora:info:aurora::gpu] Creating WebGPU instance
[aurora:info:aurora::gpu] Attempting to initialize Metal
[aurora:info:aurora::gpu] Requesting adapter
  Feature level: Compatibility
  Power preference: HighPerformance
  Backend: Metal
  Compatible surface: true
[aurora:info:aurora::gpu] Graphics adapter information
  API: Metal
  Device: Apple M5 Max (IntegratedGPU)
  Driver: Metal driver on macOS Version 27.0 (Build 26A428)
[aurora:info:aurora::gpu] Using limits:
  maxTextureDimension1D: 16384
  maxTextureDimension2D: 16384
  maxTextureDimension3D: 2048
  maxTextureArrayLayers: 2048
  maxStorageBuffersPerShaderStage: 2
  minUniformBufferOffsetAlignment: 256
  minStorageBufferOffsetAlignment: 256
  maxImmediateSize: 64
[aurora:info:aurora::gpu] Enabling features: 
  CoreFeaturesAndLimits
  DepthClipControl
  TextureCompressionBC
  TextureCompressionASTC
  ClipDistances
  DualSourceBlending
  TextureComponentSwizzle
[aurora:info:aurora::gpu] Using surface format BGRA8Unorm, present mode Fifo
[aurora:info:aurora::gfx::pipeline_cache] No bundled initial pipeline cache found at '/Users/frityet/Projects/petari/build/macosx/arm64/debug/initial_pipeline_cache.db'
[aurora:info:aurora] Using framebuffer size 2560x1440 scale 2
[original-process] Preparing original heap arenas
[original-process] Initializing SDK, layout allocator and original heap watcher
[original-process] Initialized console language 9 for disc region K
<< NW4R    - LYT 	final   build: Jul 17 2007 12:25:23 (0x4199_60831) >>
[original-process] Initializing original file and exception services
[original-process] Constructing GameSystem
[original-process] Entering GameSystem::init
[src/app/OriginalGameApplication.cpp:512][APP - INFO] Booting the original GameSystem
[aurora:info:aurora::gpu::cache] Pruned 4 stale Dawn cache entries
[original-process] GameSystem::init completed
[debug-input-file] frame=0 revision=1 scripts={"buttons":"","pointer":"","stick":""}
[original-process] Requesting authored stage HeavensDoorGalaxy scenario 1 through GameSequence
[debug-input-file] frame=1404 revision=2 scripts={"buttons":"1401-1410:A","pointer":"","stick":"1401-1490:0.000000:0.000000"}
[original-process] Debug controller script frame 1404: buttons=active pointer=inactive stick=active hold=0x00000800 axes=0,0
[original-process] Debug controller script frame 1411: buttons=inactive pointer=inactive stick=active hold=0x00000000 axes=0,0
[debug-input-file] frame=1415 revision=3 scripts={"buttons":"","pointer":"","stick":"1411-1500:0.266367:-0.252075"}
[debug-input-file] frame=1425 revision=4 scripts={"buttons":"","pointer":"","stick":"1421-1510:0.333077:-0.286553"}
[debug-input-file] frame=1435 revision=5 scripts={"buttons":"","pointer":"","stick":"1431-1520:0.546321:-0.350239"}
[debug-input-file] frame=1445 revision=6 scripts={"buttons":"","pointer":"","stick":"1441-1530:0.566156:0.352011"}
[debug-input-file] frame=1455 revision=7 scripts={"buttons":"","pointer":"","stick":"1451-1540:0.527442:0.407737"}
[debug-input-file] frame=1466 revision=8 scripts={"buttons":"","pointer":"","stick":"1461-1550:0.380774:0.547225"}
[debug-input-file] frame=1476 revision=9 scripts={"buttons":"","pointer":"","stick":"1471-1560:0.282456:0.603873"}
[debug-input-file] frame=1485 revision=10 scripts={"buttons":"","pointer":"","stick":"1481-1570:0.265434:0.611546"}
[debug-input-file] frame=1494 revision=11 scripts={"buttons":"","pointer":"","stick":"1491-1580:0.256079:0.615523"}
[debug-input-file] frame=1503 revision=12 scripts={"buttons":"","pointer":"","stick":"1501-1590:0.258117:0.614671"}
[debug-input-file] frame=1512 revision=13 scripts={"buttons":"","pointer":"","stick":"1511-1600:0.269272:0.609866"}
[debug-input-file] frame=1526 revision=14 scripts={"buttons":"","pointer":"","stick":"1521-1610:0.299701:0.595503"}
[debug-input-file] frame=1535 revision=15 scripts={"buttons":"","pointer":"","stick":"1531-1620:0.366284:0.557029"}
[debug-input-file] frame=1545 revision=16 scripts={"buttons":"","pointer":"","stick":"1541-1630:0.410998:0.524905"}
[debug-input-file] frame=1555 revision=17 scripts={"buttons":"","pointer":"","stick":"1551-1640:0.450746:0.491195"}
[debug-input-file] frame=1565 revision=18 scripts={"buttons":"","pointer":"","stick":"1561-1650:0.471845:0.470964"}
[debug-input-file] frame=1575 revision=19 scripts={"buttons":"","pointer":"","stick":"1571-1660:0.448559:0.493193"}
[debug-input-file] frame=1584 revision=20 scripts={"buttons":"","pointer":"","stick":"1581-1670:0.502897:0.437652"}
[debug-input-file] frame=1594 revision=21 scripts={"buttons":"","pointer":"","stick":"1591-1680:0.394648:0.537305"}
[debug-input-file] frame=1603 revision=22 scripts={"buttons":"","pointer":"","stick":"1601-1690:0.330600:0.578920"}
[debug-input-file] frame=1612 revision=23 scripts={"buttons":"","pointer":"","stick":"1611-1700:0.272056:0.608629"}
[debug-input-file] frame=1626 revision=24 scripts={"buttons":"","pointer":"","stick":"1621-1710:-0.213508:0.631553"}
[debug-input-file] frame=1635 revision=25 scripts={"buttons":"","pointer":"","stick":"1631-1720:-0.274164:0.607683"}
[debug-input-file] frame=1644 revision=26 scripts={"buttons":"","pointer":"","stick":"1641-1730:-0.374223:0.551726"}
[debug-input-file] frame=1653 revision=27 scripts={"buttons":"","pointer":"","stick":"1651-1740:-0.457953:0.484483"}
[debug-input-file] frame=1663 revision=28 scripts={"buttons":"","pointer":"","stick":"1661-1750:-0.511793:0.427215"}
[debug-input-file] frame=1672 revision=29 scripts={"buttons":"","pointer":"","stick":"1671-1760:-0.548558:0.378852"}
[debug-input-file] frame=1685 revision=30 scripts={"buttons":"","pointer":"","stick":"1681-1770:-0.565685:0.352768"}
[debug-input-file] frame=1695 revision=31 scripts={"buttons":"","pointer":"","stick":"1691-1780:-0.566156:0.352011"}
[debug-input-file] frame=1705 revision=32 scripts={"buttons":"","pointer":"","stick":"1701-1790:-0.565685:0.352768"}
[debug-input-file] frame=1714 revision=33 scripts={"buttons":"","pointer":"","stick":"1711-1800:-0.534000:0.399109"}
[debug-input-file] frame=1723 revision=34 scripts={"buttons":"","pointer":"","stick":"1721-1810:-0.507431:0.432387"}
[debug-input-file] frame=1732 revision=35 scripts={"buttons":"","pointer":"","stick":"1731-1820:-0.470209:0.472597"}
[debug-input-file] frame=1746 revision=36 scripts={"buttons":"","pointer":"","stick":"1741-1830:-0.433316:0.506638"}
[debug-input-file] frame=1755 revision=37 scripts={"buttons":"","pointer":"","stick":"1751-1840:-0.462950:0.479710"}
[debug-input-file] frame=1764 revision=38 scripts={"buttons":"","pointer":"","stick":"1761-1850:-0.443183:0.498029"}
[debug-input-file] frame=1775 revision=39 scripts={"buttons":"","pointer":"","stick":"1771-1860:-0.323990:0.582645"}
[debug-input-file] frame=1785 revision=40 scripts={"buttons":"","pointer":"","stick":"1781-1870:-0.221420:0.628823"}
[debug-input-file] frame=1794 revision=41 scripts={"buttons":"","pointer":"","stick":"1791-1880:0.226217:0.627113"}
[debug-input-file] frame=1804 revision=42 scripts={"buttons":"","pointer":"","stick":"1801-1890:0.245931:0.619647"}
[debug-input-file] frame=1814 revision=43 scripts={"buttons":"","pointer":"","stick":"1811-1900:0.248584:0.610957"}
[debug-input-file] frame=1824 revision=44 scripts={"buttons":"","pointer":"","stick":"1821-1910:-0.239941:0.600445"}
[debug-input-file] frame=1834 revision=45 scripts={"buttons":"","pointer":"","stick":"1831-1920:-0.310285:0.540737"}
[debug-input-file] frame=1845 revision=46 scripts={"buttons":"","pointer":"","stick":"1841-1930:-0.360476:0.520561"}
[debug-input-file] frame=1855 revision=47 scripts={"buttons":"","pointer":"","stick":"1851-1940:-0.432331:0.497308"}
[debug-input-file] frame=1864 revision=48 scripts={"buttons":"","pointer":"","stick":"1861-1950:-0.472965:0.469839"}
[debug-input-file] frame=1875 revision=49 scripts={"buttons":"","pointer":"","stick":"1871-1960:-0.481653:0.460928"}
[debug-input-file] frame=1885 revision=50 scripts={"buttons":"","pointer":"","stick":"1881-1970:-0.471681:0.471128"}
[debug-input-file] frame=1895 revision=51 scripts={"buttons":"","pointer":"","stick":"1891-1980:-0.450455:0.489460"}
[debug-input-file] frame=1905 revision=52 scripts={"buttons":"","pointer":"","stick":"1901-1990:-0.509562:0.347007"}
[debug-input-file] frame=1914 revision=53 scripts={"buttons":"","pointer":"","stick":"1911-2000:-0.450765:0.342015"}
[debug-input-file] frame=1924 revision=54 scripts={"buttons":"","pointer":"","stick":"1921-2010:-0.386945:0.359101"}
[debug-input-file] frame=1934 revision=55 scripts={"buttons":"","pointer":"","stick":"1931-2020:-0.234049:0.459046"}
[debug-input-file] frame=1944 revision=56 scripts={"buttons":"","pointer":"","stick":"1941-2030:0.294134:0.471084"}
[debug-input-file] frame=1954 revision=57 scripts={"buttons":"","pointer":"","stick":"1951-2040:0.400534:0.430467"}
[debug-input-file] frame=1965 revision=58 scripts={"buttons":"","pointer":"","stick":"1961-2050:0.440913:0.445678"}
[debug-input-file] frame=1974 revision=59 scripts={"buttons":"","pointer":"","stick":"1971-2060:0.453023:0.489096"}
[debug-input-file] frame=1984 revision=60 scripts={"buttons":"","pointer":"","stick":"1981-2070:0.411395:0.524594"}
[debug-input-file] frame=1994 revision=61 scripts={"buttons":"","pointer":"","stick":"1991-2080:0.369489:0.554908"}
[debug-input-file] frame=2003 revision=62 scripts={"buttons":"","pointer":"","stick":"2001-2090:0.335420:0.576140"}
[debug-input-file] frame=2013 revision=63 scripts={"buttons":"","pointer":"","stick":"2011-2100:0.316076:0.586976"}
[debug-input-file] frame=2022 revision=64 scripts={"buttons":"","pointer":"","stick":"2021-2110:0.292211:0.599214"}
[debug-input-file] frame=2032 revision=65 scripts={"buttons":"","pointer":"","stick":"2031-2120:0.274895:0.603008"}
[debug-input-file] frame=2042 revision=66 scripts={"buttons":"","pointer":"","stick":"2041-2130:0.273319:0.578317"}
[debug-input-file] frame=2052 revision=67 scripts={"buttons":"","pointer":"","stick":"2051-2140:0.285227:0.555862"}
[debug-input-file] frame=2062 revision=68 scripts={"buttons":"","pointer":"","stick":"2061-2150:0.303417:0.556802"}
[debug-input-file] frame=2072 revision=69 scripts={"buttons":"","pointer":"","stick":"2071-2160:0.323059:0.565091"}
[debug-input-file] frame=2082 revision=70 scripts={"buttons":"","pointer":"","stick":"2081-2170:0.342670:0.571858"}
[debug-input-file] frame=2096 revision=71 scripts={"buttons":"","pointer":"","stick":"2091-2180:0.355406:0.564031"}
[debug-input-file] frame=2106 revision=72 scripts={"buttons":"","pointer":"","stick":"2101-2190:0.362051:0.555634"}
[debug-input-file] frame=2112 revision=73 scripts={"buttons":"","pointer":"","stick":"2111-2200:0.360727:0.511977"}
[debug-input-file] frame=2121 revision=74 scripts={"buttons":"","pointer":"","stick":"2121-2210:0.367845:0.467966"}
[debug-input-file] frame=2136 revision=75 scripts={"buttons":"","pointer":"","stick":"2131-2220:0.373582:0.447616"}
[debug-input-file] frame=2146 revision=76 scripts={"buttons":"","pointer":"","stick":"2141-2230:0.370724:0.442510"}
[debug-input-file] frame=2157 revision=77 scripts={"buttons":"","pointer":"","stick":"2151-2240:0.372268:0.436242"}
[debug-input-file] frame=2162 revision=78 scripts={"buttons":"","pointer":"","stick":"2161-2250:0.371979:0.436763"}
[debug-input-file] frame=2172 revision=79 scripts={"buttons":"","pointer":"","stick":"2171-2260:0.372716:0.436230"}
[debug-input-file] frame=2183 revision=80 scripts={"buttons":"","pointer":"","stick":"2181-2270:0.373366:0.435951"}
[debug-input-file] frame=2193 revision=81 scripts={"buttons":"","pointer":"","stick":"2191-2280:0.373521:0.436033"}
[debug-input-file] frame=2203 revision=82 scripts={"buttons":"","pointer":"","stick":"2201-2290:0.373647:0.436033"}
[debug-input-file] frame=2213 revision=83 scripts={"buttons":"","pointer":"","stick":"2211-2300:0.373895:0.436184"}
[debug-input-file] frame=2222 revision=84 scripts={"buttons":"","pointer":"","stick":"2221-2310:0.314894:0.431048"}
[debug-input-file] frame=2233 revision=85 scripts={"buttons":"","pointer":"","stick":"2231-2320:0.315365:0.431036"}
[debug-input-file] frame=2243 revision=86 scripts={"buttons":"","pointer":"","stick":"2241-2330:0.315110:0.431157"}
[debug-input-file] frame=2253 revision=87 scripts={"buttons":"","pointer":"","stick":"2251-2340:0.315489:0.431325"}
[debug-input-file] frame=2263 revision=88 scripts={"buttons":"","pointer":"","stick":"2261-2350:0.315440:0.431556"}
[debug-input-file] frame=2273 revision=89 scripts={"buttons":"","pointer":"","stick":"2271-2360:0.315760:0.431883"}
[debug-input-file] frame=2283 revision=90 scripts={"buttons":"2281-2290:A","pointer":"","stick":"2281-2370:0.000000:0.000000"}
[original-process] Debug controller script frame 2283: buttons=active pointer=inactive stick=active hold=0x00000800 axes=0,0
[original-process] Debug controller script frame 2291: buttons=inactive pointer=inactive stick=active hold=0x00000000 axes=0,0
[debug-input-file] frame=2293 revision=91 scripts={"buttons":"2281-2290:A","pointer":"","stick":"2291-2380:0.000000:0.000000"}
[debug-input-file] frame=2303 revision=92 scripts={"buttons":"2281-2290:A","pointer":"","stick":"2301-2390:0.000000:0.000000"}
[debug-input-file] frame=2313 revision=93 scripts={"buttons":"2281-2290:A","pointer":"","stick":"2311-2400:0.000000:0.000000"}
[debug-input-file] frame=2323 revision=94 scripts={"buttons":"2281-2290:A","pointer":"","stick":"2321-2410:0.000000:0.000000"}
[debug-input-file] frame=2334 revision=95 scripts={"buttons":"2281-2290:A","pointer":"","stick":"2331-2420:0.000000:0.000000"}
[debug-input-file] frame=2345 revision=96 scripts={"buttons":"2281-2290:A","pointer":"","stick":"2341-2430:0.000000:0.000000"}
[debug-input-file] frame=2355 revision=97 scripts={"buttons":"2281-2290:A","pointer":"","stick":"2351-2440:0.000000:0.000000"}
[debug-input-file] frame=2365 revision=98 scripts={"buttons":"2281-2290:A","pointer":"","stick":"2361-2450:0.000000:0.000000"}
[debug-input-file] frame=2376 revision=99 scripts={"buttons":"2281-2290:A","pointer":"","stick":"2371-2460:0.000000:0.000000"}
[debug-input-file] frame=2386 revision=100 scripts={"buttons":"2281-2290:A","pointer":"","stick":"2381-2470:0.000000:0.000000"}
[debug-input-file] frame=2396 revision=101 scripts={"buttons":"2281-2290:A","pointer":"","stick":"2391-2480:0.000000:0.000000"}
[debug-input-file] frame=2407 revision=102 scripts={"buttons":"2401-2410:A","pointer":"","stick":"2401-2490:0.000000:0.000000"}
[original-process] Debug controller script frame 2407: buttons=active pointer=inactive stick=active hold=0x00000800 axes=0,0
[original-process] Debug controller script frame 2411: buttons=inactive pointer=inactive stick=active hold=0x00000000 axes=0,0
[debug-input-file] frame=2417 revision=103 scripts={"buttons":"2401-2410:A","pointer":"","stick":"2411-2500:0.000000:0.000000"}
[debug-input-file] frame=2422 revision=104 scripts={"buttons":"2401-2410:A","pointer":"","stick":"2421-2510:0.000000:0.000000"}
[debug-input-file] frame=2432 revision=105 scripts={"buttons":"2401-2410:A","pointer":"","stick":"2431-2520:0.000000:0.000000"}
[debug-input-file] frame=2443 revision=106 scripts={"buttons":"2401-2410:A","pointer":"","stick":"2441-2530:0.000000:0.000000"}
[debug-input-file] frame=2453 revision=107 scripts={"buttons":"2401-2410:A","pointer":"","stick":"2451-2540:0.000000:0.000000"}
[debug-input-file] frame=2463 revision=108 scripts={"buttons":"2401-2410:A","pointer":"","stick":"2461-2550:0.000000:0.000000"}
[debug-input-file] frame=2474 revision=109 scripts={"buttons":"2401-2410:A","pointer":"","stick":"2471-2560:0.000000:0.000000"}
[debug-input-file] frame=2484 revision=110 scripts={"buttons":"2401-2410:A","pointer":"","stick":"2481-2570:0.000000:0.000000"}
[debug-input-file] frame=2494 revision=111 scripts={"buttons":"2401-2410:A","pointer":"","stick":"2491-2580:0.000000:0.000000"}
[debug-input-file] frame=2504 revision=112 scripts={"buttons":"2401-2410:A","pointer":"","stick":"2501-2590:0.000000:0.000000"}
[debug-input-file] frame=2514 revision=113 scripts={"buttons":"2401-2410:A","pointer":"","stick":"2511-2600:0.000000:0.000000"}
[debug-input-file] frame=2524 revision=114 scripts={"buttons":"2521-2530:A","pointer":"","stick":"2521-2610:0.000000:0.000000"}
[original-process] Debug controller script frame 2524: buttons=active pointer=inactive stick=active hold=0x00000800 axes=0,0
[original-process] Debug controller script frame 2531: buttons=inactive pointer=inactive stick=active hold=0x00000000 axes=0,0
[debug-input-file] frame=2534 revision=115 scripts={"buttons":"2521-2530:A","pointer":"","stick":"2531-2620:0.000000:0.000000"}
[debug-input-file] frame=2544 revision=116 scripts={"buttons":"2521-2530:A","pointer":"","stick":"2541-2630:0.000000:0.000000"}
[debug-input-file] frame=2556 revision=117 scripts={"buttons":"2521-2530:A","pointer":"","stick":"2551-2640:0.000000:0.000000"}
[debug-input-file] frame=2566 revision=118 scripts={"buttons":"2521-2530:A","pointer":"","stick":"2561-2650:0.000000:0.000000"}
[debug-input-file] frame=2575 revision=119 scripts={"buttons":"2521-2530:A","pointer":"","stick":"2571-2660:0.000000:0.000000"}
[debug-input-file] frame=2585 revision=120 scripts={"buttons":"2521-2530:A","pointer":"","stick":"2581-2670:0.000000:0.000000"}
[debug-input-file] frame=2596 revision=121 scripts={"buttons":"2521-2530:A","pointer":"","stick":"2591-2680:0.000000:0.000000"}
[debug-input-file] frame=2606 revision=122 scripts={"buttons":"2521-2530:A","pointer":"","stick":"2601-2690:0.000000:0.000000"}
[debug-input-file] frame=2615 revision=123 scripts={"buttons":"","pointer":"","stick":"2611-2700:-0.353882:0.564988"}
[debug-input-file] frame=2625 revision=124 scripts={"buttons":"","pointer":"","stick":"2621-2710:-0.343228:0.571523"}
[debug-input-file] frame=2634 revision=125 scripts={"buttons":"","pointer":"","stick":"2631-2720:-0.323368:0.582990"}
[debug-input-file] frame=2644 revision=126 scripts={"buttons":"","pointer":"","stick":"2641-2730:-0.282461:0.603871"}
[debug-input-file] frame=2654 revision=127 scripts={"buttons":"","pointer":"","stick":"2651-2740:-0.235489:0.623690"}
[debug-input-file] frame=2663 revision=128 scripts={"buttons":"","pointer":"","stick":"2661-2750:0.212756:0.631806"}
[debug-input-file] frame=2672 revision=129 scripts={"buttons":"","pointer":"","stick":"2671-2760:0.220097:0.629287"}
[debug-input-file] frame=2686 revision=130 scripts={"buttons":"","pointer":"","stick":"2681-2770:0.219551:0.629478"}
[debug-input-file] frame=2695 revision=131 scripts={"buttons":"","pointer":"","stick":"2691-2780:0.219268:0.629576"}
[debug-input-file] frame=2704 revision=132 scripts={"buttons":"","pointer":"","stick":"2701-2790:0.219617:0.629454"}
[debug-input-file] frame=2714 revision=133 scripts={"buttons":"","pointer":"","stick":"2711-2800:0.219133:0.629623"}
[debug-input-file] frame=2724 revision=134 scripts={"buttons":"","pointer":"","stick":"2721-2810:0.219209:0.629597"}
[debug-input-file] frame=2734 revision=135 scripts={"buttons":"","pointer":"","stick":"2731-2820:0.218906:0.629702"}
[debug-input-file] frame=2743 revision=136 scripts={"buttons":"","pointer":"","stick":"2741-2830:0.218159:0.629961"}
[debug-input-file] frame=2753 revision=137 scripts={"buttons":"","pointer":"","stick":"2751-2840:0.217995:0.630018"}
[debug-input-file] frame=2762 revision=138 scripts={"buttons":"","pointer":"","stick":"2761-2850:0.217385:0.630229"}
[debug-input-file] frame=2776 revision=139 scripts={"buttons":"","pointer":"","stick":"2771-2860:0.220861:0.629019"}
[debug-input-file] frame=2786 revision=140 scripts={"buttons":"","pointer":"","stick":"2781-2870:0.226335:0.627070"}
[debug-input-file] frame=2795 revision=141 scripts={"buttons":"","pointer":"","stick":"2791-2880:-0.395921:0.536369"}
[debug-input-file] frame=2804 revision=142 scripts={"buttons":"","pointer":"","stick":"2801-2890:-0.224202:0.627836"}
[debug-input-file] frame=2813 revision=143 scripts={"buttons":"","pointer":"","stick":"2811-2900:0.224380:0.627772"}
[debug-input-file] frame=2823 revision=144 scripts={"buttons":"","pointer":"","stick":"2821-2910:0.322741:0.583337"}
[debug-input-file] frame=2833 revision=145 scripts={"buttons":"","pointer":"","stick":"2831-2920:0.266154:0.611234"}
[debug-input-file] frame=2842 revision=146 scripts={"buttons":"","pointer":"","stick":"2841-2930:0.232940:0.624647"}
[debug-input-file] frame=2856 revision=147 scripts={"buttons":"","pointer":"","stick":"2851-2940:0.393568:0.538097"}
[debug-input-file] frame=2865 revision=148 scripts={"buttons":"","pointer":"","stick":"2861-2950:0.221905:0.628651"}
[debug-input-file] frame=2875 revision=149 scripts={"buttons":"","pointer":"","stick":"2871-2960:0.227775:0.626548"}
[debug-input-file] frame=2884 revision=150 scripts={"buttons":"","pointer":"","stick":"2881-2970:-0.219876:0.629364"}
[debug-input-file] frame=2893 revision=151 scripts={"buttons":"","pointer":"","stick":"2891-2980:-0.222368:0.628488"}
[debug-input-file] frame=2903 revision=152 scripts={"buttons":"","pointer":"","stick":"2901-2990:-0.219818:0.629384"}
[debug-input-file] frame=2912 revision=153 scripts={"buttons":"","pointer":"","stick":"2911-3000:-0.216610:0.630495"}
[debug-input-file] frame=2926 revision=154 scripts={"buttons":"","pointer":"","stick":"2921-3010:-0.215698:0.630808"}
[debug-input-file] frame=2935 revision=155 scripts={"buttons":"","pointer":"","stick":"2931-3020:-0.214997:0.631047"}
[debug-input-file] frame=2945 revision=156 scripts={"buttons":"","pointer":"","stick":"2941-3030:-0.215720:0.630801"}
[debug-input-file] frame=2954 revision=157 scripts={"buttons":"","pointer":"","stick":"2951-3040:-0.215439:0.630897"}
[debug-input-file] frame=2964 revision=158 scripts={"buttons":"","pointer":"","stick":"2961-3050:-0.216612:0.630495"}
[debug-input-file] frame=2974 revision=159 scripts={"buttons":"","pointer":"","stick":"2971-3060:-0.215836:0.630761"}
[debug-input-file] frame=2983 revision=160 scripts={"buttons":"","pointer":"","stick":"2981-3070:-0.215721:0.529348"}
[debug-input-file] frame=2992 revision=161 scripts={"buttons":"","pointer":"","stick":"2991-3080:-0.551596:0.374415"}
[debug-input-file] frame=3002 revision=162 scripts={"buttons":"","pointer":"","stick":"3001-3090:-0.565685:0.352768"}
[debug-input-file] frame=3016 revision=163 scripts={"buttons":"","pointer":"","stick":"3011-3100:-0.549419:0.377601"}
[debug-input-file] frame=3025 revision=164 scripts={"buttons":"","pointer":"","stick":"3021-3110:-0.498522:0.442629"}
[debug-input-file] frame=3034 revision=165 scripts={"buttons":"","pointer":"","stick":"3031-3120:-0.453733:0.488437"}
[debug-input-file] frame=3043 revision=166 scripts={"buttons":"","pointer":"","stick":"3041-3130:-0.428231:0.510943"}
[debug-input-file] frame=3053 revision=167 scripts={"buttons":"","pointer":"","stick":"3051-3140:-0.406680:0.528258"}
[debug-input-file] frame=3063 revision=168 scripts={"buttons":"","pointer":"","stick":"3061-3150:-0.384175:0.544843"}
[debug-input-file] frame=3072 revision=169 scripts={"buttons":"","pointer":"","stick":"3071-3160:-0.328287:0.580235"}
[debug-input-file] frame=3082 revision=170 scripts={"buttons":"","pointer":"","stick":"3081-3170:-0.214943:0.631066"}
[debug-input-file] frame=3096 revision=171 scripts={"buttons":"","pointer":"","stick":"3091-3180:0.368943:0.555271"}
[debug-input-file] frame=3105 revision=172 scripts={"buttons":"","pointer":"","stick":"3101-3190:0.554287:0.370418"}
[debug-input-file] frame=3114 revision=173 scripts={"buttons":"","pointer":"","stick":"3111-3200:0.565685:0.352768"}
[debug-input-file] frame=3123 revision=174 scripts={"buttons":"","pointer":"","stick":"3121-3210:0.452096:0.489953"}
[debug-input-file] frame=3132 revision=175 scripts={"buttons":"","pointer":"","stick":"3131-3220:0.271490:0.608882"}
[debug-input-file] frame=3141 revision=176 scripts={"buttons":"","pointer":"","stick":"3141-3230:-0.312775:0.588741"}
[debug-input-file] frame=3152 revision=177 scripts={"buttons":"","pointer":"","stick":"3151-3240:-0.354636:0.564515"}
[debug-input-file] frame=3167 revision=178 scripts={"buttons":"","pointer":"","stick":"3161-3250:-0.393949:0.537818"}
[debug-input-file] frame=3173 revision=179 scripts={"buttons":"","pointer":"","stick":"3171-3260:0.000000:0.000000"}
[debug-input-file] frame=3182 revision=180 scripts={"buttons":"","pointer":"","stick":"3181-3270:0.000000:0.000000"}
[debug-input-file] frame=3193 revision=181 scripts={"buttons":"","pointer":"","stick":"3191-3280:0.000000:0.000000"}
[debug-input-file] frame=3203 revision=182 scripts={"buttons":"","pointer":"","stick":"3201-3290:0.000000:0.000000"}
[debug-input-file] frame=3214 revision=183 scripts={"buttons":"","pointer":"","stick":"3211-3300:0.000000:0.000000"}
[debug-input-file] frame=3224 revision=184 scripts={"buttons":"","pointer":"","stick":"3221-3310:0.000000:0.000000"}
[debug-input-file] frame=3234 revision=185 scripts={"buttons":"","pointer":"","stick":"3231-3320:0.000000:0.000000"}
[debug-input-file] frame=3244 revision=186 scripts={"buttons":"","pointer":"","stick":"3241-3330:0.000000:0.000000"}
[debug-input-file] frame=3254 revision=187 scripts={"buttons":"","pointer":"","stick":"3251-3340:0.000000:0.000000"}
[debug-input-file] frame=3265 revision=188 scripts={"buttons":"","pointer":"","stick":"3261-3350:0.000000:0.000000"}
[debug-input-file] frame=3275 revision=189 scripts={"buttons":"","pointer":"","stick":"3271-3360:0.000000:0.000000"}
[debug-input-file] frame=3285 revision=190 scripts={"buttons":"","pointer":"","stick":"3281-3370:0.000000:0.000000"}
[debug-input-file] frame=3294 revision=191 scripts={"buttons":"3291-3300:A","pointer":"","stick":"3291-3380:0.000000:0.000000"}
[original-process] Debug controller script frame 3294: buttons=active pointer=inactive stick=active hold=0x00000800 axes=0,0
[original-process] Debug controller script frame 3301: buttons=inactive pointer=inactive stick=active hold=0x00000000 axes=0,0
[debug-input-file] frame=3305 revision=192 scripts={"buttons":"3291-3300:A","pointer":"","stick":"3301-3390:0.000000:0.000000"}
[debug-input-file] frame=3315 revision=193 scripts={"buttons":"3291-3300:A","pointer":"","stick":"3311-3400:0.000000:0.000000"}
[debug-input-file] frame=3325 revision=194 scripts={"buttons":"3291-3300:A","pointer":"","stick":"3321-3410:0.000000:0.000000"}
[debug-input-file] frame=3335 revision=195 scripts={"buttons":"3291-3300:A","pointer":"","stick":"3331-3420:0.000000:0.000000"}
[debug-input-file] frame=3346 revision=196 scripts={"buttons":"3291-3300:A","pointer":"","stick":"3341-3430:0.000000:0.000000"}
[debug-input-file] frame=3356 revision=197 scripts={"buttons":"3291-3300:A","pointer":"","stick":"3351-3440:0.000000:0.000000"}
[debug-input-file] frame=3366 revision=198 scripts={"buttons":"3291-3300:A","pointer":"","stick":"3361-3450:0.000000:0.000000"}
[debug-input-file] frame=3377 revision=199 scripts={"buttons":"3291-3300:A","pointer":"","stick":"3371-3460:0.000000:0.000000"}
[debug-input-file] frame=3382 revision=200 scripts={"buttons":"3291-3300:A","pointer":"","stick":"3381-3470:0.000000:0.000000"}
[debug-input-file] frame=3392 revision=201 scripts={"buttons":"3291-3300:A","pointer":"","stick":"3391-3480:0.000000:0.000000"}
[debug-input-file] frame=3402 revision=202 scripts={"buttons":"3291-3300:A","pointer":"","stick":"3401-3490:0.000000:0.000000"}
[debug-input-file] frame=3413 revision=203 scripts={"buttons":"3411-3420:A","pointer":"","stick":"3411-3500:0.000000:0.000000"}
[original-process] Debug controller script frame 3413: buttons=active pointer=inactive stick=active hold=0x00000800 axes=0,0
[original-process] Debug controller script frame 3421: buttons=inactive pointer=inactive stick=active hold=0x00000000 axes=0,0
[debug-input-file] frame=3423 revision=204 scripts={"buttons":"3411-3420:A","pointer":"","stick":"3421-3510:0.000000:0.000000"}
[debug-input-file] frame=3433 revision=205 scripts={"buttons":"3411-3420:A","pointer":"","stick":"3431-3520:0.000000:0.000000"}
[debug-input-file] frame=3444 revision=206 scripts={"buttons":"3411-3420:A","pointer":"","stick":"3441-3530:0.000000:0.000000"}
[debug-input-file] frame=3455 revision=207 scripts={"buttons":"3411-3420:A","pointer":"","stick":"3451-3540:0.000000:0.000000"}
[debug-input-file] frame=3466 revision=208 scripts={"buttons":"3411-3420:A","pointer":"","stick":"3461-3550:0.000000:0.000000"}
[debug-input-file] frame=3476 revision=209 scripts={"buttons":"3411-3420:A","pointer":"","stick":"3471-3560:0.000000:0.000000"}
[debug-input-file] frame=3486 revision=210 scripts={"buttons":"3411-3420:A","pointer":"","stick":"3481-3570:0.000000:0.000000"}
[debug-input-file] frame=3496 revision=211 scripts={"buttons":"3411-3420:A","pointer":"","stick":"3491-3580:0.000000:0.000000"}
[debug-input-file] frame=3506 revision=212 scripts={"buttons":"3411-3420:A","pointer":"","stick":"3501-3590:0.000000:0.000000"}
[debug-input-file] frame=3516 revision=213 scripts={"buttons":"3411-3420:A","pointer":"","stick":"3511-3600:0.000000:0.000000"}
[debug-input-file] frame=3522 revision=214 scripts={"buttons":"3411-3420:A","pointer":"","stick":"3521-3610:0.000000:0.000000"}
[debug-input-file] frame=3532 revision=215 scripts={"buttons":"3531-3540:A","pointer":"","stick":"3531-3620:0.000000:0.000000"}
[original-process] Debug controller script frame 3532: buttons=active pointer=inactive stick=active hold=0x00000800 axes=0,0
[original-process] Debug controller script frame 3541: buttons=inactive pointer=inactive stick=active hold=0x00000000 axes=0,0
[debug-input-file] frame=3542 revision=216 scripts={"buttons":"","pointer":"","stick":"3541-3630:-0.397015:-0.535559"}
[debug-input-file] frame=3552 revision=217 scripts={"buttons":"","pointer":"","stick":"3551-3640:-0.423191:-0.515125"}
[debug-input-file] frame=3562 revision=218 scripts={"buttons":"","pointer":"","stick":"3561-3650:-0.472851:-0.469954"}
[debug-input-file] frame=3576 revision=219 scripts={"buttons":"","pointer":"","stick":"3571-3660:-0.509849:-0.429533"}
[debug-input-file] frame=3586 revision=220 scripts={"buttons":"","pointer":"","stick":"3581-3670:-0.471514:-0.471295"}
[debug-input-file] frame=3595 revision=221 scripts={"buttons":"","pointer":"","stick":"3591-3680:-0.475680:-0.467090"}
[debug-input-file] frame=3605 revision=222 scripts={"buttons":"","pointer":"","stick":"3601-3690:-0.479898:-0.462755"}
[debug-input-file] frame=3614 revision=223 scripts={"buttons":"","pointer":"","stick":"3611-3700:-0.484975:-0.457431"}
[debug-input-file] frame=3624 revision=224 scripts={"buttons":"","pointer":"","stick":"3621-3710:-0.487102:-0.455167"}
[debug-input-file] frame=3633 revision=225 scripts={"buttons":"","pointer":"","stick":"3631-3720:-0.492376:-0.449455"}
[debug-input-file] frame=3643 revision=226 scripts={"buttons":"","pointer":"","stick":"3641-3730:-0.494530:-0.447084"}
[debug-input-file] frame=3652 revision=227 scripts={"buttons":"","pointer":"","stick":"3651-3740:-0.499931:-0.441036"}
[debug-input-file] frame=3666 revision=228 scripts={"buttons":"","pointer":"","stick":"3661-3750:-0.453560:-0.372174"}
[debug-input-file] frame=3675 revision=229 scripts={"buttons":"","pointer":"","stick":"3671-3760:-0.294439:-0.277849"}
[debug-input-file] frame=3685 revision=230 scripts={"buttons":"","pointer":"","stick":"3681-3770:-0.282759:-0.269394"}
[debug-input-file] frame=3695 revision=231 scripts={"buttons":"","pointer":"","stick":"3691-3780:-0.281024:-0.270497"}
[debug-input-file] frame=3704 revision=232 scripts={"buttons":"","pointer":"","stick":"3701-3790:-0.280009:-0.271501"}
[debug-input-file] frame=3714 revision=233 scripts={"buttons":"","pointer":"","stick":"3711-3800:-0.278741:-0.272746"}
[debug-input-file] frame=3723 revision=234 scripts={"buttons":"","pointer":"","stick":"3721-3810:-0.277875:-0.273569"}
[debug-input-file] frame=3733 revision=235 scripts={"buttons":"","pointer":"","stick":"3731-3820:-0.277053:-0.274304"}
[debug-input-file] frame=3742 revision=236 scripts={"buttons":"","pointer":"","stick":"3741-3830:-0.275489:-0.275821"}
[debug-input-file] frame=3756 revision=237 scripts={"buttons":"","pointer":"","stick":"3751-3840:-0.274808:-0.276463"}
[debug-input-file] frame=3766 revision=238 scripts={"buttons":"","pointer":"","stick":"3761-3850:-0.273805:-0.277426"}
[debug-input-file] frame=3775 revision=239 scripts={"buttons":"","pointer":"","stick":"3771-3860:-0.272884:-0.278312"}
[debug-input-file] frame=3784 revision=240 scripts={"buttons":"","pointer":"","stick":"3781-3870:-0.271686:-0.279467"}
[debug-input-file] frame=3794 revision=241 scripts={"buttons":"","pointer":"","stick":"3791-3880:-0.270953:-0.280163"}
[debug-input-file] frame=3804 revision=242 scripts={"buttons":"","pointer":"","stick":"3801-3890:-0.270696:-0.280404"}
[debug-input-file] frame=3815 revision=243 scripts={"buttons":"","pointer":"","stick":"3811-3900:-0.270090:-0.280979"}
[debug-input-file] frame=3824 revision=244 scripts={"buttons":"","pointer":"","stick":"3821-3910:-0.269141:-0.281884"}
[debug-input-file] frame=3834 revision=245 scripts={"buttons":"","pointer":"","stick":"3831-3920:-0.268636:-0.282362"}
[debug-input-file] frame=3843 revision=246 scripts={"buttons":"","pointer":"","stick":"3841-3930:-0.268181:-0.282795"}
[debug-input-file] frame=3854 revision=247 scripts={"buttons":"","pointer":"","stick":"3851-3940:-0.268121:-0.282851"}
[debug-input-file] frame=3863 revision=248 scripts={"buttons":"","pointer":"","stick":"3861-3950:-0.269837:-0.286372"}
[debug-input-file] frame=3873 revision=249 scripts={"buttons":"","pointer":"","stick":"3871-3960:-0.273434:-0.285567"}
[debug-input-file] frame=3883 revision=250 scripts={"buttons":"","pointer":"","stick":"3881-3970:-0.278470:-0.281720"}
[debug-input-file] frame=3892 revision=251 scripts={"buttons":"","pointer":"","stick":"3891-3980:-0.282141:-0.278146"}
[debug-input-file] frame=3902 revision=252 scripts={"buttons":"","pointer":"","stick":"3901-3990:-0.285966:-0.274382"}
[debug-input-file] frame=3912 revision=253 scripts={"buttons":"3911-3940:A","pointer":"","stick":"3911-4000:-0.289947:-0.270401"}
[original-process] Debug controller script frame 3912: buttons=active pointer=inactive stick=active hold=0x00000800 axes=-0.289947,-0.270401
[debug-input-file] frame=3922 revision=254 scripts={"buttons":"","pointer":"","stick":"3921-4010:-0.215847:-0.204077"}
[original-process] Debug controller script frame 3922: buttons=inactive pointer=inactive stick=active hold=0x00000000 axes=-0.215847,-0.204077
[debug-input-file] frame=3931 revision=255 scripts={"buttons":"","pointer":"","stick":"3931-4020:0.000000:0.000000"}
[debug-input-file] frame=3946 revision=256 scripts={"buttons":"","pointer":"","stick":"3941-4030:0.000000:0.000000"}
[debug-input-file] frame=3956 revision=257 scripts={"buttons":"","pointer":"","stick":"3951-4040:0.000000:0.000000"}
[debug-input-file] frame=3966 revision=258 scripts={"buttons":"","pointer":"","stick":"3961-4050:0.000000:0.000000"}
[debug-input-file] frame=3975 revision=259 scripts={"buttons":"","pointer":"","stick":"3971-4060:0.000000:0.000000"}
[debug-input-file] frame=3984 revision=260 scripts={"buttons":"","pointer":"","stick":"3981-4070:0.000000:0.000000"}
[debug-input-file] frame=3995 revision=261 scripts={"buttons":"","pointer":"","stick":"3991-4080:0.000000:0.000000"}
[debug-input-file] frame=4005 revision=262 scripts={"buttons":"","pointer":"","stick":"4001-4090:0.000000:0.000000"}
[debug-input-file] frame=4015 revision=263 scripts={"buttons":"","pointer":"","stick":"4011-4100:0.000000:0.000000"}
[debug-input-file] frame=4025 revision=264 scripts={"buttons":"","pointer":"","stick":"4021-4110:-0.632267:0.211384"}
[debug-input-file] frame=4035 revision=265 scripts={"buttons":"","pointer":"","stick":"4031-4120:-0.479289:-0.463385"}
[debug-input-file] frame=4043 revision=266 scripts={"buttons":"","pointer":"","stick":"4041-4130:-0.447084:-0.494530"}
[debug-input-file] frame=4052 revision=267 scripts={"buttons":"","pointer":"","stick":"4051-4140:-0.445181:-0.496244"}
[debug-input-file] frame=4065 revision=268 scripts={"buttons":"","pointer":"","stick":"4061-4150:-0.445132:-0.496288"}
[debug-input-file] frame=4074 revision=269 scripts={"buttons":"","pointer":"","stick":"4071-4160:-0.445131:-0.496289"}
[debug-input-file] frame=4083 revision=270 scripts={"buttons":"","pointer":"","stick":"4081-4170:-0.445131:-0.496289"}
[debug-input-file] frame=4092 revision=271 scripts={"buttons":"","pointer":"","stick":"4091-4180:-0.505594:0.434533"}
[debug-input-file] frame=4105 revision=272 scripts={"buttons":"","pointer":"","stick":"4101-4190:-0.483526:0.458963"}
[debug-input-file] frame=4114 revision=273 scripts={"buttons":"","pointer":"","stick":"4111-4200:-0.485029:0.457374"}
[debug-input-file] frame=4122 revision=274 scripts={"buttons":"","pointer":"","stick":"4121-4210:-0.497509:0.443768"}
[debug-input-file] frame=4133 revision=275 scripts={"buttons":"","pointer":"","stick":"4131-4220:-0.513566:0.425082"}
[debug-input-file] frame=4147 revision=276 scripts={"buttons":"","pointer":"","stick":"4141-4230:-0.312924:-0.588662"}
[debug-input-file] frame=4156 revision=277 scripts={"buttons":"","pointer":"","stick":"4151-4240:-0.299208:-0.595751"}
[debug-input-file] frame=4165 revision=278 scripts={"buttons":"","pointer":"","stick":"4161-4250:-0.295495:-0.597601"}
[debug-input-file] frame=4174 revision=279 scripts={"buttons":"","pointer":"","stick":"4171-4260:-0.292139:-0.599249"}
[debug-input-file] frame=4184 revision=280 scripts={"buttons":"","pointer":"","stick":"4181-4270:-0.253175:-0.616723"}
[debug-input-file] frame=4193 revision=281 scripts={"buttons":"","pointer":"","stick":"4191-4280:-0.219176:-0.629608"}
[debug-input-file] frame=4202 revision=282 scripts={"buttons":"","pointer":"","stick":"4201-4290:0.228240:-0.626379"}
[debug-input-file] frame=4211 revision=283 scripts={"buttons":"","pointer":"","stick":"4211-4300:0.266688:-0.611001"}
[debug-input-file] frame=4225 revision=284 scripts={"buttons":"","pointer":"","stick":"4221-4310:0.286431:-0.601998"}
[debug-input-file] frame=4234 revision=285 scripts={"buttons":"","pointer":"","stick":"4231-4320:0.366336:-0.556994"}
[debug-input-file] frame=4243 revision=286 scripts={"buttons":"","pointer":"","stick":"4241-4330:0.438428:-0.502221"}
[debug-input-file] frame=4253 revision=287 scripts={"buttons":"","pointer":"","stick":"4251-4340:0.633459:-0.207785"}
[debug-input-file] frame=4263 revision=288 scripts={"buttons":"","pointer":"","stick":"4261-4350:0.606209:0.277408"}
[debug-input-file] frame=4272 revision=289 scripts={"buttons":"","pointer":"","stick":"4271-4360:0.612455:0.263332"}
[debug-input-file] frame=4282 revision=290 scripts={"buttons":"","pointer":"","stick":"4281-4370:0.629147:0.220496"}
[debug-input-file] frame=4295 revision=291 scripts={"buttons":"","pointer":"","stick":"4291-4380:0.626806:-0.227066"}
[debug-input-file] frame=4304 revision=292 scripts={"buttons":"","pointer":"","stick":"4301-4390:0.565685:-0.352768"}
[debug-input-file] frame=4312 revision=293 scripts={"buttons":"","pointer":"","stick":"4311-4400:0.479698:-0.462963"}
[debug-input-file] frame=4326 revision=294 scripts={"buttons":"","pointer":"","stick":"4321-4410:0.390206:-0.540540"}
[debug-input-file] frame=4335 revision=295 scripts={"buttons":"","pointer":"","stick":"4331-4420:0.265941:-0.611326"}
[debug-input-file] frame=4344 revision=296 scripts={"buttons":"","pointer":"","stick":"4341-4430:-0.250750:-0.617713"}
[debug-input-file] frame=4353 revision=297 scripts={"buttons":"","pointer":"","stick":"4351-4440:0.253451:-0.616609"}
[debug-input-file] frame=4363 revision=298 scripts={"buttons":"","pointer":"","stick":"4361-4450:0.000000:0.000000"}
[debug-input-file] frame=4373 revision=299 scripts={"buttons":"","pointer":"","stick":"4371-4460:0.000000:0.000000"}
[debug-input-file] frame=4383 revision=300 scripts={"buttons":"","pointer":"","stick":"4381-4470:0.000000:0.000000"}
[debug-input-file] frame=4393 revision=301 scripts={"buttons":"","pointer":"","stick":"4391-4480:0.000000:0.000000"}
[debug-input-file] frame=4407 revision=302 scripts={"buttons":"","pointer":"","stick":"4401-4490:0.000000:0.000000"}
[debug-input-file] frame=4412 revision=303 scripts={"buttons":"","pointer":"","stick":"4411-4500:0.000000:0.000000"}
[debug-input-file] frame=4422 revision=304 scripts={"buttons":"","pointer":"","stick":"4421-4510:0.000000:0.000000"}
[debug-input-file] frame=4433 revision=305 scripts={"buttons":"","pointer":"","stick":"4431-4520:0.000000:0.000000"}
[debug-input-file] frame=4444 revision=306 scripts={"buttons":"","pointer":"","stick":"4441-4530:0.000000:0.000000"}
[debug-input-file] frame=4454 revision=307 scripts={"buttons":"","pointer":"","stick":"4451-4540:0.000000:0.000000"}
[debug-input-file] frame=4464 revision=308 scripts={"buttons":"","pointer":"","stick":"4461-4550:0.000000:0.000000"}
[debug-input-file] frame=4474 revision=309 scripts={"buttons":"","pointer":"","stick":"4471-4560:0.000000:0.000000"}
[debug-input-file] frame=4484 revision=310 scripts={"buttons":"4481-4490:A","pointer":"","stick":"4481-4570:0.000000:0.000000"}
[original-process] Debug controller script frame 4484: buttons=active pointer=inactive stick=active hold=0x00000800 axes=0,0
[original-process] Debug controller script frame 4491: buttons=inactive pointer=inactive stick=active hold=0x00000000 axes=0,0
[debug-input-file] frame=4495 revision=311 scripts={"buttons":"4481-4490:A","pointer":"","stick":"4491-4580:0.000000:0.000000"}
[debug-input-file] frame=4505 revision=312 scripts={"buttons":"4481-4490:A","pointer":"","stick":"4501-4590:0.000000:0.000000"}
[debug-input-file] frame=4515 revision=313 scripts={"buttons":"4481-4490:A","pointer":"","stick":"4511-4600:0.000000:0.000000"}
[debug-input-file] frame=4525 revision=314 scripts={"buttons":"4481-4490:A","pointer":"","stick":"4521-4610:0.000000:0.000000"}
[debug-input-file] frame=4535 revision=315 scripts={"buttons":"4481-4490:A","pointer":"","stick":"4531-4620:0.000000:0.000000"}
[debug-input-file] frame=4545 revision=316 scripts={"buttons":"4481-4490:A","pointer":"","stick":"4541-4630:0.000000:0.000000"}
[debug-input-file] frame=4555 revision=317 scripts={"buttons":"4481-4490:A","pointer":"","stick":"4551-4640:0.000000:0.000000"}
[debug-input-file] frame=4565 revision=318 scripts={"buttons":"4481-4490:A","pointer":"","stick":"4561-4650:0.000000:0.000000"}
[debug-input-file] frame=4575 revision=319 scripts={"buttons":"4481-4490:A","pointer":"","stick":"4571-4660:0.000000:0.000000"}
[debug-input-file] frame=4586 revision=320 scripts={"buttons":"4481-4490:A","pointer":"","stick":"4581-4670:0.000000:0.000000"}
[debug-input-file] frame=4596 revision=321 scripts={"buttons":"4481-4490:A","pointer":"","stick":"4591-4680:0.000000:0.000000"}
[debug-input-file] frame=4606 revision=322 scripts={"buttons":"4601-4610:A","pointer":"","stick":"4601-4690:0.000000:0.000000"}
[original-process] Debug controller script frame 4606: buttons=active pointer=inactive stick=active hold=0x00000800 axes=0,0
[original-process] Debug controller script frame 4611: buttons=inactive pointer=inactive stick=active hold=0x00000000 axes=0,0
[debug-input-file] frame=4617 revision=323 scripts={"buttons":"4601-4610:A","pointer":"","stick":"4611-4700:0.000000:0.000000"}
[debug-input-file] frame=4622 revision=324 scripts={"buttons":"4601-4610:A","pointer":"","stick":"4621-4710:0.000000:0.000000"}
[debug-input-file] frame=4632 revision=325 scripts={"buttons":"4601-4610:A","pointer":"","stick":"4631-4720:0.000000:0.000000"}
[debug-input-file] frame=4642 revision=326 scripts={"buttons":"4601-4610:A","pointer":"","stick":"4641-4730:0.000000:0.000000"}
[debug-input-file] frame=4652 revision=327 scripts={"buttons":"4601-4610:A","pointer":"","stick":"4651-4740:0.000000:0.000000"}
[debug-input-file] frame=4662 revision=328 scripts={"buttons":"4601-4610:A","pointer":"","stick":"4661-4750:0.000000:0.000000"}
[debug-input-file] frame=4672 revision=329 scripts={"buttons":"4601-4610:A","pointer":"","stick":"4671-4760:0.000000:0.000000"}
[debug-input-file] frame=4682 revision=330 scripts={"buttons":"4601-4610:A","pointer":"","stick":"4681-4770:0.000000:0.000000"}
[debug-input-file] frame=4693 revision=331 scripts={"buttons":"4601-4610:A","pointer":"","stick":"4691-4780:0.000000:0.000000"}
[debug-input-file] frame=4703 revision=332 scripts={"buttons":"4601-4610:A","pointer":"","stick":"4701-4790:0.000000:0.000000"}
[debug-input-file] frame=4713 revision=333 scripts={"buttons":"4601-4610:A","pointer":"","stick":"4711-4800:0.000000:0.000000"}
[debug-input-file] frame=4723 revision=334 scripts={"buttons":"4721-4730:A","pointer":"","stick":"4721-4810:0.000000:0.000000"}
[original-process] Debug controller script frame 4723: buttons=active pointer=inactive stick=active hold=0x00000800 axes=0,0
[original-process] Debug controller script frame 4731: buttons=inactive pointer=inactive stick=active hold=0x00000000 axes=0,0
[debug-input-file] frame=4733 revision=335 scripts={"buttons":"","pointer":"","stick":"4731-4820:0.499032:0.442053"}
[debug-input-file] frame=4743 revision=336 scripts={"buttons":"","pointer":"","stick":"4741-4830:0.544900:0.384095"}
[debug-input-file] frame=4752 revision=337 scripts={"buttons":"","pointer":"","stick":"4751-4840:0.388207:-0.541978"}
[debug-input-file] frame=4765 revision=338 scripts={"buttons":"","pointer":"","stick":"4761-4850:-0.315371:-0.587355"}
[debug-input-file] frame=4774 revision=339 scripts={"buttons":"","pointer":"","stick":"4771-4860:-0.329827:-0.579361"}
[debug-input-file] frame=4783 revision=340 scripts={"buttons":"","pointer":"","stick":"4781-4870:-0.298733:-0.595989"}
[debug-input-file] frame=4793 revision=341 scripts={"buttons":"","pointer":"","stick":"4791-4880:-0.311630:-0.589348"}
[debug-input-file] frame=4802 revision=342 scripts={"buttons":"","pointer":"","stick":"4801-4890:-0.302768:-0.593949"}
[debug-input-file] frame=4816 revision=343 scripts={"buttons":"","pointer":"","stick":"4811-4900:-0.234170:-0.624187"}
[debug-input-file] frame=4826 revision=344 scripts={"buttons":"","pointer":"","stick":"4821-4910:0.357092:-0.562965"}
[debug-input-file] frame=4835 revision=345 scripts={"buttons":"","pointer":"","stick":"4831-4920:0.333650:-0.577167"}
[debug-input-file] frame=4844 revision=346 scripts={"buttons":"","pointer":"","stick":"4841-4930:0.378008:-0.549140"}
[debug-input-file] frame=4853 revision=347 scripts={"buttons":"","pointer":"","stick":"4851-4940:0.317367:-0.586279"}
[debug-input-file] frame=4863 revision=348 scripts={"buttons":"","pointer":"","stick":"4861-4950:0.302123:-0.594278"}
[debug-input-file] frame=4872 revision=349 scripts={"buttons":"","pointer":"","stick":"4871-4960:0.297732:-0.596490"}
[debug-input-file] frame=4882 revision=350 scripts={"buttons":"","pointer":"","stick":"4881-4970:0.288705:-0.600911"}
[debug-input-file] frame=4896 revision=351 scripts={"buttons":"","pointer":"","stick":"4891-4980:0.255066:-0.615943"}
[debug-input-file] frame=4905 revision=352 scripts={"buttons":"","pointer":"","stick":"4901-4990:0.272365:-0.608491"}
[debug-input-file] frame=4915 revision=353 scripts={"buttons":"","pointer":"","stick":"4911-5000:0.243375:-0.620655"}
[debug-input-file] frame=4925 revision=354 scripts={"buttons":"","pointer":"","stick":"4921-5010:-0.222267:-0.628523"}
[debug-input-file] frame=4934 revision=355 scripts={"buttons":"","pointer":"","stick":"4931-5020:-0.224297:-0.627802"}
[debug-input-file] frame=4943 revision=356 scripts={"buttons":"","pointer":"","stick":"4941-5030:-0.217099:-0.630327"}
[debug-input-file] frame=4952 revision=357 scripts={"buttons":"","pointer":"","stick":"4951-5040:-0.210018:-0.632722"}
[debug-input-file] frame=4962 revision=358 scripts={"buttons":"","pointer":"","stick":"4961-5050:0.216057:-0.630685"}
[debug-input-file] frame=4972 revision=359 scripts={"buttons":"","pointer":"","stick":"4971-5060:0.224701:-0.627658"}
[debug-input-file] frame=4986 revision=360 scripts={"buttons":"","pointer":"","stick":"4981-5070:0.239247:-0.622258"}
[debug-input-file] frame=4996 revision=361 scripts={"buttons":"","pointer":"","stick":"4991-5080:0.235918:-0.623528"}
[debug-input-file] frame=5005 revision=362 scripts={"buttons":"","pointer":"","stick":"5001-5090:0.241502:-0.621386"}
[debug-input-file] frame=5015 revision=363 scripts={"buttons":"","pointer":"","stick":"5011-5100:0.239059:-0.622331"}
[debug-input-file] frame=5024 revision=364 scripts={"buttons":"","pointer":"","stick":"5021-5110:0.228432:-0.626309"}
[debug-input-file] frame=5034 revision=365 scripts={"buttons":"","pointer":"","stick":"5031-5120:0.226966:-0.626842"}
[debug-input-file] frame=5043 revision=366 scripts={"buttons":"","pointer":"","stick":"5041-5130:0.227119:-0.626787"}
[debug-input-file] frame=5053 revision=367 scripts={"buttons":"","pointer":"","stick":"5051-5140:0.225949:-0.627209"}
[debug-input-file] frame=5064 revision=368 scripts={"buttons":"","pointer":"","stick":"5061-5150:0.220699:-0.629076"}
[debug-input-file] frame=5073 revision=369 scripts={"buttons":"","pointer":"","stick":"5071-5160:0.228481:-0.626291"}
[debug-input-file] frame=5082 revision=370 scripts={"buttons":"","pointer":"","stick":"5081-5170:0.230087:-0.625703"}
[debug-input-file] frame=5092 revision=371 scripts={"buttons":"","pointer":"","stick":"5091-5180:0.225478:-0.627379"}
[debug-input-file] frame=5102 revision=372 scripts={"buttons":"","pointer":"","stick":"5101-5190:0.224325:-0.627792"}
[debug-input-file] frame=5112 revision=373 scripts={"buttons":"","pointer":"","stick":"5111-5200:0.220816:-0.629035"}
[debug-input-file] frame=5126 revision=374 scripts={"buttons":"","pointer":"","stick":"5121-5210:0.219516:-0.629490"}
[debug-input-file] frame=5136 revision=375 scripts={"buttons":"","pointer":"","stick":"5131-5220:0.222499:-0.628441"}
[debug-input-file] frame=5145 revision=376 scripts={"buttons":"","pointer":"","stick":"5141-5230:0.279172:-0.605399"}
[debug-input-file] frame=5155 revision=377 scripts={"buttons":"","pointer":"","stick":"5151-5240:0.244792:-0.620098"}
[debug-input-file] frame=5166 revision=378 scripts={"buttons":"","pointer":"","stick":"5161-5250:0.230649:-0.625496"}
[debug-input-file] frame=5176 revision=379 scripts={"buttons":"","pointer":"","stick":"5171-5260:0.220631:-0.629100"}
[debug-input-file] frame=5186 revision=380 scripts={"buttons":"","pointer":"","stick":"5181-5270:0.217612:-0.630150"}
[debug-input-file] frame=5196 revision=381 scripts={"buttons":"","pointer":"","stick":"5191-5280:-0.211748:-0.632145"}
[debug-input-file] frame=5206 revision=382 scripts={"buttons":"","pointer":"","stick":"5201-5290:-0.210546:-0.632546"}
[debug-input-file] frame=5212 revision=383 scripts={"buttons":"","pointer":"","stick":"5211-5300:-0.217364:-0.630236"}
[debug-input-file] frame=5222 revision=384 scripts={"buttons":"","pointer":"","stick":"5221-5310:-0.228292:-0.626360"}
[debug-input-file] frame=5232 revision=385 scripts={"buttons":"","pointer":"","stick":"5231-5320:-0.260325:-0.613739"}
[debug-input-file] frame=5242 revision=386 scripts={"buttons":"","pointer":"","stick":"5241-5330:0.210271:-0.632638"}
[debug-input-file] frame=5252 revision=387 scripts={"buttons":"","pointer":"","stick":"5251-5340:0.221702:-0.628723"}
[debug-input-file] frame=5262 revision=388 scripts={"buttons":"","pointer":"","stick":"5261-5350:0.210550:-0.632545"}
[debug-input-file] frame=5273 revision=389 scripts={"buttons":"","pointer":"","stick":"5271-5360:-0.199410:-0.426208"}
[debug-input-file] frame=5282 revision=390 scripts={"buttons":"","pointer":"","stick":"5281-5370:0.532314:-0.401355"}
[debug-input-file] frame=5295 revision=391 scripts={"buttons":"","pointer":"","stick":"5291-5380:0.294522:0.598081"}
[debug-input-file] frame=5304 revision=392 scripts={"buttons":"","pointer":"","stick":"5301-5390:0.264479:0.611960"}
[debug-input-file] frame=5313 revision=393 scripts={"buttons":"","pointer":"","stick":"5311-5400:0.244924:0.620046"}
[debug-input-file] frame=5325 revision=394 scripts={"buttons":"","pointer":"","stick":"5321-5410:0.237430:0.622954"}
[debug-input-file] frame=5333 revision=395 scripts={"buttons":"","pointer":"","stick":"5331-5420:0.237771:0.622824"}
[debug-input-file] frame=5345 revision=396 scripts={"buttons":"","pointer":"","stick":"5341-5430:0.237240:0.623026"}
[debug-input-file] frame=5354 revision=397 scripts={"buttons":"","pointer":"","stick":"5351-5440:0.236710:0.623228"}
[debug-input-file] frame=5362 revision=398 scripts={"buttons":"","pointer":"","stick":"5361-5450:0.236984:0.623124"}
[debug-input-file] frame=5374 revision=399 scripts={"buttons":"","pointer":"","stick":"5371-5460:0.239035:0.622340"}
[debug-input-file] frame=5382 revision=400 scripts={"buttons":"","pointer":"","stick":"5381-5470:0.242606:0.620956"}
[debug-input-file] frame=5394 revision=401 scripts={"buttons":"","pointer":"","stick":"5391-5480:0.246508:0.619418"}
[debug-input-file] frame=5402 revision=402 scripts={"buttons":"","pointer":"","stick":"5401-5490:0.249043:0.618403"}
[debug-input-file] frame=5414 revision=403 scripts={"buttons":"","pointer":"","stick":"5411-5500:0.249892:0.618060"}
[debug-input-file] frame=5422 revision=404 scripts={"buttons":"","pointer":"","stick":"5421-5510:0.249120:0.618372"}
[debug-input-file] frame=5434 revision=405 scripts={"buttons":"","pointer":"","stick":"5431-5520:0.247251:0.619121"}
[debug-input-file] frame=5442 revision=406 scripts={"buttons":"","pointer":"","stick":"5441-5530:0.244987:0.620021"}
[debug-input-file] frame=5455 revision=407 scripts={"buttons":"","pointer":"","stick":"5451-5540:0.243195:0.620726"}
[debug-input-file] frame=5464 revision=408 scripts={"buttons":"","pointer":"","stick":"5461-5550:0.242263:0.621090"}
[debug-input-file] frame=5472 revision=409 scripts={"buttons":"","pointer":"","stick":"5471-5560:0.241799:0.621271"}
[debug-input-file] frame=5485 revision=410 scripts={"buttons":"","pointer":"","stick":"5481-5570:0.241566:0.621362"}
[debug-input-file] frame=5493 revision=411 scripts={"buttons":"","pointer":"","stick":"5491-5580:0.241394:0.621428"}
[debug-input-file] frame=5502 revision=412 scripts={"buttons":"","pointer":"","stick":"5501-5590:0.240460:0.621791"}
[debug-input-file] frame=5514 revision=413 scripts={"buttons":"","pointer":"","stick":"5511-5600:0.238788:0.622434"}
[debug-input-file] frame=5523 revision=414 scripts={"buttons":"","pointer":"","stick":"5521-5610:0.241909:0.621228"}
[debug-input-file] frame=5532 revision=415 scripts={"buttons":"","pointer":"","stick":"5531-5620:0.241536:0.621373"}
[debug-input-file] frame=5544 revision=416 scripts={"buttons":"","pointer":"","stick":"5541-5630:0.238293:0.622624"}
[debug-input-file] frame=5552 revision=417 scripts={"buttons":"","pointer":"","stick":"5551-5640:0.236961:0.623132"}
[debug-input-file] frame=5565 revision=418 scripts={"buttons":"","pointer":"","stick":"5561-5650:0.234883:0.623919"}
[debug-input-file] frame=5574 revision=419 scripts={"buttons":"","pointer":"","stick":"5571-5660:0.229601:0.625882"}
[debug-input-file] frame=5583 revision=420 scripts={"buttons":"","pointer":"","stick":"5581-5670:0.227101:0.626793"}
[debug-input-file] frame=5592 revision=421 scripts={"buttons":"","pointer":"","stick":"5591-5680:0.220852:0.629022"}
[debug-input-file] frame=5602 revision=422 scripts={"buttons":"","pointer":"","stick":"5601-5690:0.222939:0.628286"}
[debug-input-file] frame=5612 revision=423 scripts={"buttons":"","pointer":"","stick":"5611-5700:0.222770:0.628345"}
[debug-input-file] frame=5622 revision=424 scripts={"buttons":"","pointer":"","stick":"5621-5710:0.219867:0.629367"}
[debug-input-file] frame=5636 revision=425 scripts={"buttons":"","pointer":"","stick":"5631-5720:0.217376:0.630232"}
[debug-input-file] frame=5645 revision=426 scripts={"buttons":"","pointer":"","stick":"5641-5730:-0.224067:0.627884"}
[debug-input-file] frame=5654 revision=427 scripts={"buttons":"","pointer":"","stick":"5651-5740:-0.291290:0.599662"}
[debug-input-file] frame=5663 revision=428 scripts={"buttons":"","pointer":"","stick":"5661-5750:-0.394493:0.537420"}
[debug-input-file] frame=5672 revision=429 scripts={"buttons":"","pointer":"","stick":"5671-5760:-0.503316:0.437170"}
[debug-input-file] frame=5686 revision=430 scripts={"buttons":"","pointer":"","stick":"5681-5770:-0.566156:0.352011"}
[debug-input-file] frame=5694 revision=431 scripts={"buttons":"","pointer":"","stick":"5691-5780:-0.627488:0.225175"}
[debug-input-file] frame=5703 revision=432 scripts={"buttons":"","pointer":"","stick":"5701-5790:-0.616460:-0.253814"}
[debug-input-file] frame=5712 revision=433 scripts={"buttons":"","pointer":"","stick":"5711-5800:-0.566156:-0.352011"}
[debug-input-file] frame=5725 revision=434 scripts={"buttons":"","pointer":"","stick":"5721-5810:-0.464813:-0.477905"}
[debug-input-file] frame=5735 revision=435 scripts={"buttons":"","pointer":"","stick":"5731-5820:-0.254558:-0.616153"}
[debug-input-file] frame=5743 revision=436 scripts={"buttons":"","pointer":"","stick":"5741-5830:0.385633:-0.543812"}
[debug-input-file] frame=5752 revision=437 scripts={"buttons":"","pointer":"","stick":"5751-5840:0.565685:-0.352768"}
[debug-input-file] frame=5761 revision=438 scripts={"buttons":"","pointer":"","stick":"5761-5850:0.631377:-0.214027"}
[debug-input-file] frame=5775 revision=439 scripts={"buttons":"","pointer":"","stick":"5771-5860:0.587712:0.314704"}
[debug-input-file] frame=5784 revision=440 scripts={"buttons":"","pointer":"","stick":"5781-5870:0.492660:0.449144"}
[debug-input-file] frame=5792 revision=441 scripts={"buttons":"","pointer":"","stick":"5791-5880:0.350130:0.567321"}
[debug-input-file] frame=5805 revision=442 scripts={"buttons":"","pointer":"","stick":"5801-5890:-0.223778:0.627987"}
[debug-input-file] frame=5814 revision=443 scripts={"buttons":"","pointer":"","stick":"5811-5900:-0.398905:0.534153"}
[debug-input-file] frame=5822 revision=444 scripts={"buttons":"","pointer":"","stick":"5821-5910:-0.531564:0.402348"}
[debug-input-file] frame=5835 revision=445 scripts={"buttons":"","pointer":"","stick":"5831-5920:-0.597361:0.295980"}
[debug-input-file] frame=5843 revision=446 scripts={"buttons":"","pointer":"","stick":"5841-5930:-0.636201:-0.199230"}
[debug-input-file] frame=5852 revision=447 scripts={"buttons":"","pointer":"","stick":"5851-5940:-0.585457:-0.318880"}
[debug-input-file] frame=5866 revision=448 scripts={"buttons":"","pointer":"","stick":"5861-5950:-0.527393:-0.407801"}
[debug-input-file] frame=5875 revision=449 scripts={"buttons":"","pointer":"","stick":"5871-5960:-0.316993:-0.586481"}
[debug-input-file] frame=5884 revision=450 scripts={"buttons":"","pointer":"","stick":"5881-5970:0.340718:-0.573023"}
[debug-input-file] frame=5893 revision=451 scripts={"buttons":"","pointer":"","stick":"5891-5980:0.560095:-0.361577"}
[debug-input-file] frame=5902 revision=452 scripts={"buttons":"","pointer":"","stick":"5901-5990:0.622902:-0.237567"}
[debug-input-file] frame=5911 revision=453 scripts={"buttons":"","pointer":"","stick":"5911-6000:0.605976:0.277917"}
[debug-input-file] frame=5925 revision=454 scripts={"buttons":"","pointer":"","stick":"5921-6010:0.542067:0.388082"}
[debug-input-file] frame=5934 revision=455 scripts={"buttons":"","pointer":"","stick":"5931-6020:0.347258:0.569084"}
[debug-input-file] frame=5942 revision=456 scripts={"buttons":"","pointer":"","stick":"5941-6030:-0.263544:0.612363"}
[debug-input-file] frame=5955 revision=457 scripts={"buttons":"","pointer":"","stick":"5951-6040:-0.396175:0.536180"}
[debug-input-file] frame=5964 revision=458 scripts={"buttons":"","pointer":"","stick":"5961-6050:-0.539910:0.391078"}
[debug-input-file] frame=5972 revision=459 scripts={"buttons":"","pointer":"","stick":"5971-6060:-0.614928:0.257502"}
[debug-input-file] frame=5984 revision=460 scripts={"buttons":"","pointer":"","stick":"5981-6070:-0.621295:-0.241737"}
[debug-input-file] frame=5992 revision=461 scripts={"buttons":"","pointer":"","stick":"5991-6080:-0.565685:-0.352768"}
[debug-input-file] frame=6006 revision=462 scripts={"buttons":"","pointer":"","stick":"6001-6090:-0.398664:-0.534333"}
[debug-input-file] frame=6015 revision=463 scripts={"buttons":"","pointer":"","stick":"6011-6100:0.311129:-0.589613"}
[debug-input-file] frame=6025 revision=464 scripts={"buttons":"","pointer":"","stick":"6021-6110:0.566156:-0.352011"}
[debug-input-file] frame=6033 revision=465 scripts={"buttons":"","pointer":"","stick":"6031-6120:0.634708:-0.203938"}
[debug-input-file] frame=6042 revision=466 scripts={"buttons":"","pointer":"","stick":"6041-6130:0.617163:0.252100"}
[debug-input-file] frame=6056 revision=467 scripts={"buttons":"","pointer":"","stick":"6051-6140:0.565685:0.352768"}
[debug-input-file] frame=6064 revision=468 scripts={"buttons":"","pointer":"","stick":"6061-6150:0.394279:0.537576"}
[debug-input-file] frame=6073 revision=469 scripts={"buttons":"","pointer":"","stick":"6071-6160:-0.244636:0.620159"}
[debug-input-file] frame=6082 revision=470 scripts={"buttons":"","pointer":"","stick":"6081-6170:-0.422429:0.515750"}
[debug-input-file] frame=6095 revision=471 scripts={"buttons":"","pointer":"","stick":"6091-6180:-0.554967:0.369399"}
[debug-input-file] frame=6103 revision=472 scripts={"buttons":"","pointer":"","stick":"6101-6190:-0.637181:-0.196072"}
[debug-input-file] frame=6112 revision=473 scripts={"buttons":"","pointer":"","stick":"6111-6200:-0.566156:-0.352011"}
[debug-input-file] frame=6125 revision=474 scripts={"buttons":"","pointer":"","stick":"6121-6210:-0.470629:-0.472178"}
[debug-input-file] frame=6134 revision=475 scripts={"buttons":"","pointer":"","stick":"6131-6220:0.213746:-0.631472"}
[debug-input-file] frame=6144 revision=476 scripts={"buttons":"","pointer":"","stick":"6141-6230:0.000000:0.000000"}
[debug-input-file] frame=6155 revision=477 scripts={"buttons":"","pointer":"","stick":"6151-6240:0.000000:0.000000"}
[debug-input-file] frame=6165 revision=478 scripts={"buttons":"","pointer":"","stick":"6161-6250:0.000000:0.000000"}
[debug-input-file] frame=6175 revision=479 scripts={"buttons":"","pointer":"","stick":"6171-6260:0.000000:0.000000"}
[debug-input-file] frame=6186 revision=480 scripts={"buttons":"","pointer":"","stick":"6181-6270:0.000000:0.000000"}
[debug-input-file] frame=6196 revision=481 scripts={"buttons":"","pointer":"","stick":"6191-6280:0.000000:0.000000"}
[debug-input-file] frame=6206 revision=482 scripts={"buttons":"","pointer":"","stick":"6201-6290:0.000000:0.000000"}
[debug-input-file] frame=6216 revision=483 scripts={"buttons":"","pointer":"","stick":"6211-6300:0.000000:0.000000"}
[debug-input-file] frame=6226 revision=484 scripts={"buttons":"","pointer":"","stick":"6221-6310:0.000000:0.000000"}
[debug-input-file] frame=6237 revision=485 scripts={"buttons":"","pointer":"","stick":"6231-6320:0.000000:0.000000"}
[debug-input-file] frame=6242 revision=486 scripts={"buttons":"","pointer":"","stick":"6241-6330:0.000000:0.000000"}
[debug-input-file] frame=6252 revision=487 scripts={"buttons":"","pointer":"","stick":"6251-6340:0.000000:0.000000"}
[debug-input-file] frame=6263 revision=488 scripts={"buttons":"6261-6270:A","pointer":"","stick":"6261-6350:0.000000:0.000000"}
[original-process] Debug controller script frame 6263: buttons=active pointer=inactive stick=active hold=0x00000800 axes=0,0
[original-process] Debug controller script frame 6271: buttons=inactive pointer=inactive stick=active hold=0x00000000 axes=0,0
[debug-input-file] frame=6273 revision=489 scripts={"buttons":"6261-6270:A","pointer":"","stick":"6271-6360:0.000000:0.000000"}
[debug-input-file] frame=6282 revision=490 scripts={"buttons":"6261-6270:A","pointer":"","stick":"6281-6370:0.000000:0.000000"}
[debug-input-file] frame=6293 revision=491 scripts={"buttons":"6261-6270:A","pointer":"","stick":"6291-6380:0.000000:0.000000"}
[debug-input-file] frame=6303 revision=492 scripts={"buttons":"6261-6270:A","pointer":"","stick":"6301-6390:0.000000:0.000000"}
[debug-input-file] frame=6313 revision=493 scripts={"buttons":"6261-6270:A","pointer":"","stick":"6311-6400:0.000000:0.000000"}
[debug-input-file] frame=6324 revision=494 scripts={"buttons":"6261-6270:A","pointer":"","stick":"6321-6410:0.000000:0.000000"}
[debug-input-file] frame=6334 revision=495 scripts={"buttons":"6261-6270:A","pointer":"","stick":"6331-6420:0.000000:0.000000"}
[debug-input-file] frame=6345 revision=496 scripts={"buttons":"6261-6270:A","pointer":"","stick":"6341-6430:0.000000:0.000000"}
[debug-input-file] frame=6355 revision=497 scripts={"buttons":"6261-6270:A","pointer":"","stick":"6351-6440:0.000000:0.000000"}
[debug-input-file] frame=6366 revision=498 scripts={"buttons":"6261-6270:A","pointer":"","stick":"6361-6450:0.000000:0.000000"}
[debug-input-file] frame=6376 revision=499 scripts={"buttons":"6261-6270:A","pointer":"","stick":"6371-6460:0.000000:0.000000"}
[debug-input-file] frame=6386 revision=500 scripts={"buttons":"6381-6390:A","pointer":"","stick":"6381-6470:0.000000:0.000000"}
[original-process] Debug controller script frame 6386: buttons=active pointer=inactive stick=active hold=0x00000800 axes=0,0
[original-process] Debug controller script frame 6391: buttons=inactive pointer=inactive stick=active hold=0x00000000 axes=0,0
[debug-input-file] frame=6397 revision=501 scripts={"buttons":"6381-6390:A","pointer":"","stick":"6391-6480:0.000000:0.000000"}
[debug-input-file] frame=6402 revision=502 scripts={"buttons":"6381-6390:A","pointer":"","stick":"6401-6490:0.000000:0.000000"}
[debug-input-file] frame=6415 revision=503 scripts={"buttons":"6381-6390:A","pointer":"","stick":"6411-6500:0.000000:0.000000"}
[debug-input-file] frame=6426 revision=504 scripts={"buttons":"6381-6390:A","pointer":"","stick":"6421-6510:0.000000:0.000000"}
[debug-input-file] frame=6436 revision=505 scripts={"buttons":"6381-6390:A","pointer":"","stick":"6431-6520:0.000000:0.000000"}
[debug-input-file] frame=6446 revision=506 scripts={"buttons":"6381-6390:A","pointer":"","stick":"6441-6530:0.000000:0.000000"}
[debug-input-file] frame=6456 revision=507 scripts={"buttons":"6381-6390:A","pointer":"","stick":"6451-6540:0.000000:0.000000"}
[debug-input-file] frame=6466 revision=508 scripts={"buttons":"6381-6390:A","pointer":"","stick":"6461-6550:0.000000:0.000000"}
[debug-input-file] frame=6477 revision=509 scripts={"buttons":"6381-6390:A","pointer":"","stick":"6471-6560:0.000000:0.000000"}
[debug-input-file] frame=6482 revision=510 scripts={"buttons":"6381-6390:A","pointer":"","stick":"6481-6570:0.000000:0.000000"}
[debug-input-file] frame=6492 revision=511 scripts={"buttons":"6381-6390:A","pointer":"","stick":"6491-6580:0.000000:0.000000"}
[debug-input-file] frame=6503 revision=512 scripts={"buttons":"6501-6510:A","pointer":"","stick":"6501-6590:0.000000:0.000000"}
[original-process] Debug controller script frame 6503: buttons=active pointer=inactive stick=active hold=0x00000800 axes=0,0
[original-process] Debug controller script frame 6511: buttons=inactive pointer=inactive stick=active hold=0x00000000 axes=0,0
[debug-input-file] frame=6513 revision=513 scripts={"buttons":"6501-6510:A","pointer":"","stick":"6511-6600:0.000000:0.000000"}
[debug-input-file] frame=6524 revision=514 scripts={"buttons":"6501-6510:A","pointer":"","stick":"6521-6610:0.000000:0.000000"}
[debug-input-file] frame=6534 revision=515 scripts={"buttons":"6501-6510:A","pointer":"","stick":"6531-6620:0.000000:0.000000"}
[debug-input-file] frame=6544 revision=516 scripts={"buttons":"6501-6510:A","pointer":"","stick":"6541-6630:0.000000:0.000000"}
[debug-input-file] frame=6554 revision=517 scripts={"buttons":"6501-6510:A","pointer":"","stick":"6551-6640:0.000000:0.000000"}
[debug-input-file] frame=6565 revision=518 scripts={"buttons":"6501-6510:A","pointer":"","stick":"6561-6650:0.000000:0.000000"}
[debug-input-file] frame=6574 revision=519 scripts={"buttons":"6501-6510:A","pointer":"","stick":"6571-6660:0.000000:0.000000"}
[debug-input-file] frame=6585 revision=520 scripts={"buttons":"6501-6510:A","pointer":"","stick":"6581-6670:0.000000:0.000000"}
[debug-input-file] frame=6595 revision=521 scripts={"buttons":"6501-6510:A","pointer":"","stick":"6591-6680:0.000000:0.000000"}
[debug-input-file] frame=6605 revision=522 scripts={"buttons":"6501-6510:A","pointer":"","stick":"6601-6690:0.000000:0.000000"}
[debug-input-file] frame=6615 revision=523 scripts={"buttons":"6501-6510:A","pointer":"","stick":"6611-6700:0.000000:0.000000"}
[debug-input-file] frame=6626 revision=524 scripts={"buttons":"6621-6630:A","pointer":"","stick":"6621-6710:0.000000:0.000000"}
[original-process] Debug controller script frame 6626: buttons=active pointer=inactive stick=active hold=0x00000800 axes=0,0
[original-process] Debug controller script frame 6631: buttons=inactive pointer=inactive stick=active hold=0x00000000 axes=0,0
[debug-input-file] frame=6637 revision=525 scripts={"buttons":"","pointer":"","stick":"6631-6720:0.000000:0.000000"}
[debug-input-file] frame=6647 revision=526 scripts={"buttons":"","pointer":"","stick":"6641-6730:0.000000:0.000000"}
[debug-input-file] frame=6652 revision=527 scripts={"buttons":"","pointer":"","stick":"6651-6740:0.000000:0.000000"}
[debug-input-file] frame=6663 revision=528 scripts={"buttons":"","pointer":"","stick":"6661-6750:0.000000:0.000000"}
[debug-input-file] frame=6674 revision=529 scripts={"buttons":"","pointer":"","stick":"6671-6760:0.000000:0.000000"}
[debug-input-file] frame=6683 revision=530 scripts={"buttons":"","pointer":"","stick":"6681-6770:0.000000:0.000000"}
[debug-input-file] frame=6694 revision=531 scripts={"buttons":"","pointer":"","stick":"6691-6780:0.000000:0.000000"}
[debug-input-file] frame=6704 revision=532 scripts={"buttons":"","pointer":"","stick":"6701-6790:0.000000:0.000000"}
[debug-input-file] frame=6714 revision=533 scripts={"buttons":"","pointer":"","stick":"6711-6800:0.000000:0.000000"}
[debug-input-file] frame=6725 revision=534 scripts={"buttons":"","pointer":"","stick":"6721-6810:0.000000:0.000000"}
[debug-input-file] frame=6735 revision=535 scripts={"buttons":"","pointer":"","stick":"6731-6820:0.000000:0.000000"}
[debug-input-file] frame=6745 revision=536 scripts={"buttons":"","pointer":"","stick":"6741-6830:0.000000:0.000000"}
[debug-input-file] frame=6755 revision=537 scripts={"buttons":"","pointer":"","stick":"6751-6840:0.000000:0.000000"}
[debug-input-file] frame=6766 revision=538 scripts={"buttons":"","pointer":"","stick":"6761-6850:0.000000:0.000000"}
[debug-input-file] frame=6775 revision=539 scripts={"buttons":"","pointer":"","stick":"6771-6860:0.000000:0.000000"}
[debug-input-file] frame=6786 revision=540 scripts={"buttons":"","pointer":"","stick":"6781-6870:0.000000:0.000000"}
[debug-input-file] frame=6796 revision=541 scripts={"buttons":"","pointer":"","stick":"6791-6880:0.000000:0.000000"}
[debug-input-file] frame=6805 revision=542 scripts={"buttons":"","pointer":"","stick":"6801-6890:0.000000:0.000000"}
[debug-input-file] frame=6815 revision=543 scripts={"buttons":"","pointer":"","stick":"6811-6900:0.000000:0.000000"}
[debug-input-file] frame=6825 revision=544 scripts={"buttons":"","pointer":"","stick":"6821-6910:0.000000:0.000000"}
[debug-input-file] frame=6835 revision=545 scripts={"buttons":"","pointer":"","stick":"6831-6920:0.000000:0.000000"}
[debug-input-file] frame=6844 revision=546 scripts={"buttons":"","pointer":"","stick":"6841-6930:0.000000:0.000000"}
[debug-input-file] frame=6855 revision=547 scripts={"buttons":"","pointer":"","stick":"6851-6940:0.000000:0.000000"}
[debug-input-file] frame=6865 revision=548 scripts={"buttons":"","pointer":"","stick":"6861-6950:0.000000:0.000000"}
[debug-input-file] frame=6875 revision=549 scripts={"buttons":"","pointer":"","stick":"6871-6960:0.000000:0.000000"}
[debug-input-file] frame=6885 revision=550 scripts={"buttons":"","pointer":"","stick":"6881-6970:0.000000:0.000000"}
[debug-input-file] frame=6895 revision=551 scripts={"buttons":"","pointer":"","stick":"6891-6980:0.000000:0.000000"}
[debug-input-file] frame=6905 revision=552 scripts={"buttons":"","pointer":"","stick":"6901-6990:0.000000:0.000000"}
[debug-input-file] frame=6915 revision=553 scripts={"buttons":"","pointer":"","stick":"6911-7000:0.000000:0.000000"}
[debug-input-file] frame=6925 revision=554 scripts={"buttons":"","pointer":"","stick":"6921-7010:0.000000:0.000000"}
[debug-input-file] frame=6935 revision=555 scripts={"buttons":"","pointer":"","stick":"6931-7020:0.000000:0.000000"}
[debug-input-file] frame=6946 revision=556 scripts={"buttons":"","pointer":"","stick":"6941-7030:0.000000:0.000000"}
[debug-input-file] frame=6955 revision=557 scripts={"buttons":"","pointer":"","stick":"6951-7040:0.000000:0.000000"}
[debug-input-file] frame=6966 revision=558 scripts={"buttons":"","pointer":"","stick":"6961-7050:0.000000:0.000000"}
[debug-input-file] frame=6976 revision=559 scripts={"buttons":"","pointer":"","stick":"6971-7060:0.000000:0.000000"}
[debug-input-file] frame=6987 revision=560 scripts={"buttons":"","pointer":"","stick":"6981-7070:0.000000:0.000000"}
[debug-input-file] frame=6997 revision=561 scripts={"buttons":"","pointer":"","stick":"6991-7080:0.000000:0.000000"}
[debug-input-file] frame=7002 revision=562 scripts={"buttons":"","pointer":"","stick":"7001-7090:0.000000:0.000000"}
[debug-input-file] frame=7013 revision=563 scripts={"buttons":"","pointer":"","stick":"7011-7100:0.000000:0.000000"}
[debug-input-file] frame=7023 revision=564 scripts={"buttons":"","pointer":"","stick":"7021-7110:0.000000:0.000000"}
[debug-input-file] frame=7032 revision=565 scripts={"buttons":"","pointer":"","stick":"7031-7120:0.000000:0.000000"}
[debug-input-file] frame=7043 revision=566 scripts={"buttons":"","pointer":"","stick":"7041-7130:0.000000:0.000000"}
[debug-input-file] frame=7053 revision=567 scripts={"buttons":"","pointer":"","stick":"7051-7140:0.000000:0.000000"}
[debug-input-file] frame=7063 revision=568 scripts={"buttons":"","pointer":"","stick":"7061-7150:0.000000:0.000000"}
[debug-input-file] frame=7073 revision=569 scripts={"buttons":"","pointer":"","stick":"7071-7160:0.000000:0.000000"}
[debug-input-file] frame=7083 revision=570 scripts={"buttons":"","pointer":"","stick":"7081-7170:0.000000:0.000000"}
[debug-input-file] frame=7093 revision=571 scripts={"buttons":"","pointer":"","stick":"7091-7180:0.000000:0.000000"}
[debug-input-file] frame=7104 revision=572 scripts={"buttons":"","pointer":"","stick":""}
[original-process] Debug controller script frame 7104: buttons=inactive pointer=inactive stick=inactive hold=0x00000000 axes=0,0
[src/app/OriginalGameApplication.cpp:514][APP - INFO] Running the original GameSystem frame loop
[aurora:warning:aurora::gpu] WebGPU message: Calling [RenderPassEncoder "EFB 2"].Draw with a vertex count of 0 is unusual.
[debug-input-file] frame=13564 revision=573 scripts={"buttons":"","pointer":"","stick":"13221-13310:-0.461839:-0.480780"}
[debug-input-file] frame=13565 revision=574 scripts={"buttons":"","pointer":"","stick":"13511-13600:-0.461839:-0.480780"}
[original-process] Debug controller script frame 13565: buttons=inactive pointer=inactive stick=active hold=0x00000000 axes=-0.461839,-0.48078
[debug-input-file] frame=13566 revision=575 scripts={"buttons":"","pointer":"","stick":"13561-13650:-0.461839:-0.480780"}
[debug-input-file] frame=13572 revision=576 scripts={"buttons":"","pointer":"","stick":"13571-13660:-0.291704:0.599461"}
[debug-input-file] frame=13583 revision=577 scripts={"buttons":"","pointer":"","stick":"13581-13670:-0.289137:0.600703"}
[debug-input-file] frame=13594 revision=578 scripts={"buttons":"","pointer":"","stick":"13591-13680:-0.291506:0.599557"}
[debug-input-file] frame=13606 revision=579 scripts={"buttons":"","pointer":"","stick":"13601-13690:-0.297419:0.596646"}
[debug-input-file] frame=13617 revision=580 scripts={"buttons":"","pointer":"","stick":"13611-13700:-0.298409:0.596152"}
[debug-input-file] frame=13622 revision=581 scripts={"buttons":"","pointer":"","stick":"13621-13710:-0.298444:0.596134"}
[debug-input-file] frame=13634 revision=582 scripts={"buttons":"","pointer":"","stick":"13631-13720:-0.304008:0.593316"}
[debug-input-file] frame=13645 revision=583 scripts={"buttons":"","pointer":"","stick":"13641-13730:-0.317807:0.586040"}
[debug-input-file] frame=13657 revision=584 scripts={"buttons":"","pointer":"","stick":"13651-13740:-0.322301:0.583581"}
[debug-input-file] frame=13662 revision=585 scripts={"buttons":"","pointer":"","stick":"13661-13750:-0.290052:0.600262"}
[debug-input-file] frame=13674 revision=586 scripts={"buttons":"","pointer":"","stick":"13671-13760:-0.278327:0.605787"}
[debug-input-file] frame=13685 revision=587 scripts={"buttons":"","pointer":"","stick":"13681-13770:-0.279638:0.605183"}
[debug-input-file] frame=13695 revision=588 scripts={"buttons":"","pointer":"","stick":"13691-13780:-0.280172:0.604936"}
[debug-input-file] frame=13707 revision=589 scripts={"buttons":"","pointer":"","stick":"13701-13790:-0.274503:0.607530"}
[debug-input-file] frame=13712 revision=590 scripts={"buttons":"","pointer":"","stick":"13711-13800:-0.269258:0.609873"}
[debug-input-file] frame=13723 revision=591 scripts={"buttons":"","pointer":"","stick":"13721-13810:-0.265925:0.611333"}
[debug-input-file] frame=13734 revision=592 scripts={"buttons":"","pointer":"","stick":"13731-13820:-0.265654:0.611451"}
[debug-input-file] frame=13746 revision=593 scripts={"buttons":"","pointer":"","stick":"13741-13830:-0.264927:0.611766"}
[debug-input-file] frame=13756 revision=594 scripts={"buttons":"","pointer":"","stick":"13751-13840:-0.262458:0.612830"}
[debug-input-file] frame=13762 revision=595 scripts={"buttons":"","pointer":"","stick":"13761-13850:-0.261463:0.613255"}
[debug-input-file] frame=13774 revision=596 scripts={"buttons":"","pointer":"","stick":"13771-13860:-0.262273:0.612909"}
[debug-input-file] frame=13784 revision=597 scripts={"buttons":"","pointer":"","stick":"13781-13870:-0.262486:0.612818"}
[debug-input-file] frame=13796 revision=598 scripts={"buttons":"","pointer":"","stick":"13791-13880:-0.262079:0.612992"}
[debug-input-file] frame=13802 revision=599 scripts={"buttons":"","pointer":"","stick":"13801-13890:-0.261689:0.613159"}
[debug-input-file] frame=13813 revision=600 scripts={"buttons":"","pointer":"","stick":"13811-13900:-0.261434:0.613267"}
[debug-input-file] frame=13824 revision=601 scripts={"buttons":"","pointer":"","stick":"13821-13910:-0.259922:0.613910"}
[debug-input-file] frame=13836 revision=602 scripts={"buttons":"","pointer":"","stick":"13831-13920:-0.258656:0.614444"}
[debug-input-file] frame=13842 revision=603 scripts={"buttons":"","pointer":"","stick":"13841-13930:-0.257730:0.614833"}
[debug-input-file] frame=13853 revision=604 scripts={"buttons":"","pointer":"","stick":"13851-13940:-0.257652:0.614866"}
[debug-input-file] frame=13865 revision=605 scripts={"buttons":"","pointer":"","stick":"13861-13950:-0.257053:0.615116"}
[debug-input-file] frame=13876 revision=606 scripts={"buttons":"","pointer":"","stick":"13871-13960:-0.257875:0.614772"}
[debug-input-file] frame=13887 revision=607 scripts={"buttons":"","pointer":"","stick":"13881-13970:-0.257364:0.614986"}
[debug-input-file] frame=13892 revision=608 scripts={"buttons":"","pointer":"","stick":"13891-13980:-0.256848:0.615202"}
[debug-input-file] frame=13904 revision=609 scripts={"buttons":"","pointer":"","stick":"13901-13990:-0.256321:0.615422"}
[debug-input-file] frame=13916 revision=610 scripts={"buttons":"","pointer":"","stick":"13911-14000:-0.256618:0.615298"}
[debug-input-file] frame=13922 revision=611 scripts={"buttons":"","pointer":"","stick":"13921-14010:-0.255285:0.615852"}
[debug-input-file] frame=13933 revision=612 scripts={"buttons":"","pointer":"","stick":"13931-14020:-0.254234:0.616287"}
[debug-input-file] frame=13944 revision=613 scripts={"buttons":"","pointer":"","stick":"13941-14030:-0.252914:0.616830"}
[debug-input-file] frame=13955 revision=614 scripts={"buttons":"","pointer":"","stick":"13951-14040:-0.252860:0.616852"}
[debug-input-file] frame=13966 revision=615 scripts={"buttons":"","pointer":"","stick":"13961-14050:-0.252171:0.617134"}
[debug-input-file] frame=13972 revision=616 scripts={"buttons":"","pointer":"","stick":"13971-14060:-0.251114:0.617565"}
[debug-input-file] frame=13984 revision=617 scripts={"buttons":"","pointer":"","stick":"13981-14070:-0.249741:0.618121"}
[debug-input-file] frame=13996 revision=618 scripts={"buttons":"","pointer":"","stick":"13991-14080:-0.242482:0.621005"}
[debug-input-file] frame=14002 revision=619 scripts={"buttons":"","pointer":"","stick":"14001-14090:-0.239873:0.622017"}
[debug-input-file] frame=14013 revision=620 scripts={"buttons":"","pointer":"","stick":"14011-14100:-0.240821:0.621651"}
[debug-input-file] frame=14024 revision=621 scripts={"buttons":"","pointer":"","stick":"14021-14110:-0.239634:0.622109"}
[debug-input-file] frame=14035 revision=622 scripts={"buttons":"","pointer":"","stick":"14031-14120:-0.237790:0.622816"}
[debug-input-file] frame=14046 revision=623 scripts={"buttons":"","pointer":"","stick":"14041-14130:-0.237431:0.622953"}
[debug-input-file] frame=14057 revision=624 scripts={"buttons":"","pointer":"","stick":"14051-14140:-0.236993:0.623120"}
[debug-input-file] frame=14062 revision=625 scripts={"buttons":"","pointer":"","stick":"14061-14150:-0.236997:0.623119"}
[debug-input-file] frame=14073 revision=626 scripts={"buttons":"","pointer":"","stick":"14071-14160:-0.236753:0.623211"}
[debug-input-file] frame=14085 revision=627 scripts={"buttons":"","pointer":"","stick":"14081-14170:-0.235842:0.623557"}
[debug-input-file] frame=14096 revision=628 scripts={"buttons":"","pointer":"","stick":"14091-14180:-0.235629:0.623637"}
[debug-input-file] frame=14107 revision=629 scripts={"buttons":"","pointer":"","stick":"14101-14190:-0.235015:0.623869"}
[debug-input-file] frame=14112 revision=630 scripts={"buttons":"","pointer":"","stick":"14111-14200:-0.234711:0.623983"}
[debug-input-file] frame=14123 revision=631 scripts={"buttons":"","pointer":"","stick":"14121-14210:-0.234597:0.624026"}
[debug-input-file] frame=14135 revision=632 scripts={"buttons":"","pointer":"","stick":"14131-14220:-0.233821:0.624318"}
[debug-input-file] frame=14146 revision=633 scripts={"buttons":"","pointer":"","stick":"14141-14230:-0.233672:0.624373"}
[debug-input-file] frame=14152 revision=634 scripts={"buttons":"","pointer":"","stick":"14151-14240:-0.233513:0.624432"}
[debug-input-file] frame=14164 revision=635 scripts={"buttons":"","pointer":"","stick":"14161-14250:-0.231147:0.625313"}
[debug-input-file] frame=14175 revision=636 scripts={"buttons":"","pointer":"","stick":"14171-14260:-0.229876:0.625781"}
[debug-input-file] frame=14186 revision=637 scripts={"buttons":"","pointer":"","stick":"14181-14270:-0.229758:0.625824"}
[debug-input-file] frame=14197 revision=638 scripts={"buttons":"","pointer":"","stick":"14191-14280:-0.229560:0.625897"}
[debug-input-file] frame=14203 revision=639 scripts={"buttons":"","pointer":"","stick":"14201-14290:-0.228645:0.626231"}
[debug-input-file] frame=14214 revision=640 scripts={"buttons":"","pointer":"","stick":"14211-14300:-0.228596:0.626250"}
[debug-input-file] frame=14226 revision=641 scripts={"buttons":"","pointer":"","stick":"14221-14310:-0.228104:0.626429"}
[debug-input-file] frame=14237 revision=642 scripts={"buttons":"","pointer":"","stick":"14231-14320:-0.226339:0.627069"}
[debug-input-file] frame=14243 revision=643 scripts={"buttons":"","pointer":"","stick":"14241-14330:-0.226285:0.627088"}
[debug-input-file] frame=14255 revision=644 scripts={"buttons":"","pointer":"","stick":"14251-14340:-0.225006:0.627548"}
[debug-input-file] frame=14266 revision=645 scripts={"buttons":"","pointer":"","stick":"14261-14350:-0.222797:0.628336"}
[debug-input-file] frame=14272 revision=646 scripts={"buttons":"","pointer":"","stick":"14271-14360:-0.222612:0.628401"}
[debug-input-file] frame=14283 revision=647 scripts={"buttons":"","pointer":"","stick":"14281-14370:-0.221819:0.628682"}
[debug-input-file] frame=14294 revision=648 scripts={"buttons":"","pointer":"","stick":"14291-14380:-0.221568:0.628770"}
[debug-input-file] frame=14306 revision=649 scripts={"buttons":"","pointer":"","stick":"14301-14390:-0.220814:0.629035"}
[debug-input-file] frame=14312 revision=650 scripts={"buttons":"","pointer":"","stick":"14311-14400:-0.219808:0.629388"}
[debug-input-file] frame=14323 revision=651 scripts={"buttons":"","pointer":"","stick":"14321-14410:-0.219483:0.629501"}
[debug-input-file] frame=14333 revision=652 scripts={"buttons":"","pointer":"","stick":"14331-14420:-0.218613:0.629804"}
[debug-input-file] frame=14345 revision=653 scripts={"buttons":"","pointer":"","stick":"14341-14430:-0.217771:0.630095"}
[debug-input-file] frame=14356 revision=654 scripts={"buttons":"","pointer":"","stick":"14351-14440:-0.217333:0.630247"}
[debug-input-file] frame=14362 revision=655 scripts={"buttons":"","pointer":"","stick":"14361-14450:-0.216326:0.630593"}
[debug-input-file] frame=14373 revision=656 scripts={"buttons":"","pointer":"","stick":"14371-14460:-0.216043:0.630690"}
[debug-input-file] frame=14383 revision=657 scripts={"buttons":"","pointer":"","stick":"14381-14470:-0.215073:0.631021"}
[debug-input-file] frame=14395 revision=658 scripts={"buttons":"","pointer":"","stick":"14391-14480:-0.214669:0.631159"}
[debug-input-file] frame=14405 revision=659 scripts={"buttons":"","pointer":"","stick":"14401-14490:-0.212843:0.631777"}
[debug-input-file] frame=14417 revision=660 scripts={"buttons":"","pointer":"","stick":"14411-14500:-0.212698:0.631826"}
[debug-input-file] frame=14423 revision=661 scripts={"buttons":"","pointer":"","stick":"14421-14510:-0.212460:0.631906"}
[debug-input-file] frame=14434 revision=662 scripts={"buttons":"","pointer":"","stick":"14431-14520:0.210810:0.632458"}
[debug-input-file] frame=14446 revision=663 scripts={"buttons":"","pointer":"","stick":"14441-14530:0.210902:0.632428"}
[debug-input-file] frame=14452 revision=664 scripts={"buttons":"","pointer":"","stick":"14451-14540:0.211267:0.632306"}
[debug-input-file] frame=14463 revision=665 scripts={"buttons":"","pointer":"","stick":"14461-14550:0.213854:0.631435"}
[debug-input-file] frame=14475 revision=666 scripts={"buttons":"","pointer":"","stick":"14471-14560:0.214072:0.631362"}
[debug-input-file] frame=14486 revision=667 scripts={"buttons":"","pointer":"","stick":"14481-14570:0.215463:0.630889"}
[debug-input-file] frame=14497 revision=668 scripts={"buttons":"","pointer":"","stick":"14491-14580:0.215686:0.630812"}
[debug-input-file] frame=14502 revision=669 scripts={"buttons":"","pointer":"","stick":"14501-14590:0.215903:0.630738"}
[debug-input-file] frame=14515 revision=670 scripts={"buttons":"","pointer":"","stick":"14511-14600:0.217468:0.630200"}
[debug-input-file] frame=14526 revision=671 scripts={"buttons":"","pointer":"","stick":"14521-14610:0.217758:0.630100"}
[debug-input-file] frame=14532 revision=672 scripts={"buttons":"","pointer":"","stick":"14531-14620:0.220843:0.629025"}
[debug-input-file] frame=14543 revision=673 scripts={"buttons":"","pointer":"","stick":"14541-14630:0.221517:0.628788"}
[debug-input-file] frame=14554 revision=674 scripts={"buttons":"","pointer":"","stick":"14551-14640:0.221599:0.628759"}
[debug-input-file] frame=14566 revision=675 scripts={"buttons":"","pointer":"","stick":"14561-14650:0.225451:0.627389"}
[debug-input-file] frame=14577 revision=676 scripts={"buttons":"","pointer":"","stick":"14571-14660:0.226034:0.627179"}
[debug-input-file] frame=14583 revision=677 scripts={"buttons":"","pointer":"","stick":"14581-14670:0.226058:0.627170"}
[debug-input-file] frame=14594 revision=678 scripts={"buttons":"","pointer":"","stick":"14591-14680:0.226204:0.627117"}
[debug-input-file] frame=14605 revision=679 scripts={"buttons":"","pointer":"","stick":"14601-14690:0.229136:0.626052"}
[debug-input-file] frame=14617 revision=680 scripts={"buttons":"","pointer":"","stick":"14611-14700:0.229892:0.625775"}
[debug-input-file] frame=14622 revision=681 scripts={"buttons":"","pointer":"","stick":"14621-14710:0.229920:0.625764"}
[debug-input-file] frame=14634 revision=682 scripts={"buttons":"","pointer":"","stick":"14631-14720:0.233986:0.624256"}
[debug-input-file] frame=14645 revision=683 scripts={"buttons":"","pointer":"","stick":"14641-14730:0.236024:0.623488"}
[debug-input-file] frame=14657 revision=684 scripts={"buttons":"","pointer":"","stick":"14651-14740:0.236093:0.623462"}
[debug-input-file] frame=14662 revision=685 scripts={"buttons":"","pointer":"","stick":"14661-14750:0.236342:0.623367"}
[debug-input-file] frame=14673 revision=686 scripts={"buttons":"","pointer":"","stick":"14671-14760:0.237460:0.622942"}
[debug-input-file] frame=14684 revision=687 scripts={"buttons":"","pointer":"","stick":"14681-14770:0.237677:0.622860"}
[debug-input-file] frame=14695 revision=688 scripts={"buttons":"","pointer":"","stick":"14691-14780:0.241594:0.621351"}
[debug-input-file] frame=14707 revision=689 scripts={"buttons":"","pointer":"","stick":"14701-14790:0.242872:0.620852"}
[debug-input-file] frame=14712 revision=690 scripts={"buttons":"","pointer":"","stick":"14711-14800:0.242920:0.620834"}
[debug-input-file] frame=14724 revision=691 scripts={"buttons":"","pointer":"","stick":"14721-14810:0.244626:0.620163"}
[debug-input-file] frame=14735 revision=692 scripts={"buttons":"","pointer":"","stick":"14731-14820:0.245582:0.619786"}
[debug-input-file] frame=14746 revision=693 scripts={"buttons":"","pointer":"","stick":"14741-14830:0.245524:0.619808"}
[debug-input-file] frame=14752 revision=694 scripts={"buttons":"","pointer":"","stick":"14751-14840:0.245480:0.619826"}
[debug-input-file] frame=14763 revision=695 scripts={"buttons":"","pointer":"","stick":"14761-14850:0.245434:0.619844"}
[debug-input-file] frame=14775 revision=696 scripts={"buttons":"","pointer":"","stick":"14771-14860:0.245409:0.619854"}
[debug-input-file] frame=14785 revision=697 scripts={"buttons":"","pointer":"","stick":"14781-14870:0.245365:0.619871"}
[debug-input-file] frame=14797 revision=698 scripts={"buttons":"","pointer":"","stick":"14791-14880:0.245320:0.619889"}
[debug-input-file] frame=14802 revision=699 scripts={"buttons":"","pointer":"","stick":"14801-14890:0.245291:0.619901"}
[debug-input-file] frame=14813 revision=700 scripts={"buttons":"","pointer":"","stick":"14811-14900:0.245293:0.619900"}
[debug-input-file] frame=14825 revision=701 scripts={"buttons":"","pointer":"","stick":"14821-14910:0.245296:0.619899"}
[debug-input-file] frame=14836 revision=702 scripts={"buttons":"","pointer":"","stick":"14831-14920:0.245247:0.619918"}
[debug-input-file] frame=14842 revision=703 scripts={"buttons":"","pointer":"","stick":"14841-14930:0.245258:0.619914"}
[debug-input-file] frame=14853 revision=704 scripts={"buttons":"","pointer":"","stick":"14851-14940:0.245261:0.619913"}
[debug-input-file] frame=14864 revision=705 scripts={"buttons":"","pointer":"","stick":"14861-14950:0.245264:0.619911"}
[debug-input-file] frame=14876 revision=706 scripts={"buttons":"","pointer":"","stick":"14871-14960:0.245294:0.619900"}
[debug-input-file] frame=14887 revision=707 scripts={"buttons":"","pointer":"","stick":"14881-14970:0.245296:0.619899"}
[debug-input-file] frame=14893 revision=708 scripts={"buttons":"","pointer":"","stick":"14891-14980:0.245247:0.619918"}
[debug-input-file] frame=14904 revision=709 scripts={"buttons":"","pointer":"","stick":"14901-14990:0.245258:0.619914"}
[debug-input-file] frame=14915 revision=710 scripts={"buttons":"","pointer":"","stick":"14911-15000:0.245261:0.619913"}
[debug-input-file] frame=14926 revision=711 scripts={"buttons":"","pointer":"","stick":"14921-15010:0.245264:0.619911"}
[debug-input-file] frame=14937 revision=712 scripts={"buttons":"","pointer":"","stick":"14931-15020:0.245294:0.619900"}
[debug-input-file] frame=14942 revision=713 scripts={"buttons":"","pointer":"","stick":"14941-15030:0.245296:0.619899"}
[debug-input-file] frame=14954 revision=714 scripts={"buttons":"","pointer":"","stick":"14951-15040:0.245247:0.619918"}
[debug-input-file] frame=14965 revision=715 scripts={"buttons":"","pointer":"","stick":"14961-15050:0.245258:0.619914"}
[debug-input-file] frame=14976 revision=716 scripts={"buttons":"","pointer":"","stick":"14971-15060:0.245261:0.619913"}
[debug-input-file] frame=14982 revision=717 scripts={"buttons":"","pointer":"","stick":"14981-15070:0.245264:0.619911"}
[debug-input-file] frame=14993 revision=718 scripts={"buttons":"","pointer":"","stick":"14991-15080:0.245294:0.619900"}
[debug-input-file] frame=15005 revision=719 scripts={"buttons":"","pointer":"","stick":"15001-15090:0.245296:0.619899"}
[debug-input-file] frame=15016 revision=720 scripts={"buttons":"","pointer":"","stick":"15011-15100:0.245247:0.619918"}
[debug-input-file] frame=15022 revision=721 scripts={"buttons":"","pointer":"","stick":"15021-15110:0.245258:0.619914"}
[debug-input-file] frame=15033 revision=722 scripts={"buttons":"","pointer":"","stick":"15031-15120:0.245261:0.619913"}
[debug-input-file] frame=15044 revision=723 scripts={"buttons":"","pointer":"","stick":"15041-15130:0.245264:0.619911"}
[debug-input-file] frame=15055 revision=724 scripts={"buttons":"","pointer":"","stick":"15051-15140:0.245294:0.619900"}
[debug-input-file] frame=15067 revision=725 scripts={"buttons":"","pointer":"","stick":"15061-15150:0.245296:0.619899"}
[debug-input-file] frame=15072 revision=726 scripts={"buttons":"","pointer":"","stick":"15071-15160:0.245247:0.619918"}
[debug-input-file] frame=15083 revision=727 scripts={"buttons":"","pointer":"","stick":"15081-15170:0.245258:0.619914"}
[debug-input-file] frame=15095 revision=728 scripts={"buttons":"","pointer":"","stick":"15091-15180:0.245261:0.619913"}
[debug-input-file] frame=15106 revision=729 scripts={"buttons":"","pointer":"","stick":"15101-15190:0.245264:0.619911"}
[debug-input-file] frame=15112 revision=730 scripts={"buttons":"","pointer":"","stick":"15111-15200:0.245294:0.619900"}
[debug-input-file] frame=15123 revision=731 scripts={"buttons":"","pointer":"","stick":"15121-15210:0.245296:0.619899"}
[debug-input-file] frame=15134 revision=732 scripts={"buttons":"","pointer":"","stick":"15131-15220:0.245247:0.619918"}
[debug-input-file] frame=15145 revision=733 scripts={"buttons":"","pointer":"","stick":"15141-15230:0.245258:0.619914"}
[debug-input-file] frame=15156 revision=734 scripts={"buttons":"","pointer":"","stick":"15151-15240:0.245261:0.619913"}
[debug-input-file] frame=15162 revision=735 scripts={"buttons":"","pointer":"","stick":"15161-15250:0.245264:0.619911"}
[debug-input-file] frame=15173 revision=736 scripts={"buttons":"","pointer":"","stick":"15171-15260:0.245294:0.619900"}
[debug-input-file] frame=15184 revision=737 scripts={"buttons":"","pointer":"","stick":"15181-15270:0.245296:0.619899"}
[debug-input-file] frame=15196 revision=738 scripts={"buttons":"","pointer":"","stick":"15191-15280:0.245247:0.619918"}
[debug-input-file] frame=15207 revision=739 scripts={"buttons":"","pointer":"","stick":"15201-15290:0.245258:0.619914"}
[debug-input-file] frame=15213 revision=740 scripts={"buttons":"","pointer":"","stick":"15211-15300:0.245261:0.619913"}
[debug-input-file] frame=15224 revision=741 scripts={"buttons":"","pointer":"","stick":"15221-15310:0.245264:0.619911"}
[debug-input-file] frame=15235 revision=742 scripts={"buttons":"","pointer":"","stick":"15231-15320:0.245294:0.619900"}
[debug-input-file] frame=15247 revision=743 scripts={"buttons":"","pointer":"","stick":"15241-15330:0.245296:0.619899"}
[debug-input-file] frame=15253 revision=744 scripts={"buttons":"","pointer":"","stick":"15251-15340:0.245247:0.619918"}
[debug-input-file] frame=15264 revision=745 scripts={"buttons":"","pointer":"","stick":"15261-15350:0.245258:0.619914"}
[debug-input-file] frame=15276 revision=746 scripts={"buttons":"","pointer":"","stick":"15271-15360:0.245261:0.619913"}
[debug-input-file] frame=15282 revision=747 scripts={"buttons":"","pointer":"","stick":"15281-15370:0.245264:0.619911"}
[debug-input-file] frame=15294 revision=748 scripts={"buttons":"","pointer":"","stick":"15291-15380:0.245294:0.619900"}
[debug-input-file] frame=15305 revision=749 scripts={"buttons":"","pointer":"","stick":"15301-15390:0.245296:0.619899"}
[debug-input-file] frame=15317 revision=750 scripts={"buttons":"","pointer":"","stick":"15311-15400:0.245247:0.619918"}
[debug-input-file] frame=15323 revision=751 scripts={"buttons":"","pointer":"","stick":"15321-15410:0.245258:0.619914"}
[debug-input-file] frame=15335 revision=752 scripts={"buttons":"","pointer":"","stick":"15331-15420:0.245261:0.619913"}
[debug-input-file] frame=15346 revision=753 scripts={"buttons":"","pointer":"","stick":"15341-15430:0.245264:0.619911"}
[debug-input-file] frame=15352 revision=754 scripts={"buttons":"","pointer":"","stick":"15351-15440:0.245294:0.619900"}
[debug-input-file] frame=15363 revision=755 scripts={"buttons":"","pointer":"","stick":"15361-15450:0.245296:0.619899"}
[debug-input-file] frame=15375 revision=756 scripts={"buttons":"","pointer":"","stick":"15371-15460:0.245247:0.619918"}
[debug-input-file] frame=15386 revision=757 scripts={"buttons":"","pointer":"","stick":"15381-15470:0.245258:0.619914"}
[debug-input-file] frame=15391 revision=758 scripts={"buttons":"","pointer":"","stick":"15391-15480:0.245261:0.619913"}
[debug-input-file] frame=15403 revision=759 scripts={"buttons":"","pointer":"","stick":"15401-15490:0.245264:0.619911"}
[debug-input-file] frame=15414 revision=760 scripts={"buttons":"","pointer":"","stick":"15411-15500:0.245294:0.619900"}
[debug-input-file] frame=15425 revision=761 scripts={"buttons":"","pointer":"","stick":"15421-15510:0.245296:0.619899"}
[debug-input-file] frame=15436 revision=762 scripts={"buttons":"","pointer":"","stick":"15431-15520:0.245247:0.619918"}
[debug-input-file] frame=15442 revision=763 scripts={"buttons":"","pointer":"","stick":"15441-15530:0.245258:0.619914"}
[debug-input-file] frame=15453 revision=764 scripts={"buttons":"","pointer":"","stick":"15451-15540:0.245261:0.619913"}
[debug-input-file] frame=15464 revision=765 scripts={"buttons":"","pointer":"","stick":"15461-15550:0.245264:0.619911"}
[debug-input-file] frame=15476 revision=766 scripts={"buttons":"","pointer":"","stick":"15471-15560:0.245294:0.619900"}
[debug-input-file] frame=15487 revision=767 scripts={"buttons":"","pointer":"","stick":"15481-15570:0.245296:0.619899"}
[debug-input-file] frame=15493 revision=768 scripts={"buttons":"","pointer":"","stick":"15491-15580:0.245247:0.619918"}
[debug-input-file] frame=15503 revision=769 scripts={"buttons":"","pointer":"","stick":"15501-15590:0.245258:0.619914"}
[debug-input-file] frame=15514 revision=770 scripts={"buttons":"","pointer":"","stick":"15511-15600:0.245261:0.619913"}
[debug-input-file] frame=15526 revision=771 scripts={"buttons":"","pointer":"","stick":"15521-15610:0.245264:0.619911"}
[debug-input-file] frame=15537 revision=772 scripts={"buttons":"","pointer":"","stick":"15531-15620:0.245294:0.619900"}
[debug-input-file] frame=15543 revision=773 scripts={"buttons":"","pointer":"","stick":"15541-15630:0.245296:0.619899"}
[debug-input-file] frame=15554 revision=774 scripts={"buttons":"","pointer":"","stick":"15551-15640:0.245247:0.619918"}
[debug-input-file] frame=15565 revision=775 scripts={"buttons":"","pointer":"","stick":"15561-15650:0.245258:0.619914"}
[debug-input-file] frame=15576 revision=776 scripts={"buttons":"","pointer":"","stick":"15571-15660:0.245261:0.619913"}
[debug-input-file] frame=15587 revision=777 scripts={"buttons":"","pointer":"","stick":"15581-15670:0.245264:0.619911"}
[debug-input-file] frame=15593 revision=778 scripts={"buttons":"","pointer":"","stick":"15591-15680:0.245294:0.619900"}
[debug-input-file] frame=15604 revision=779 scripts={"buttons":"","pointer":"","stick":"15601-15690:0.245296:0.619899"}
[debug-input-file] frame=15615 revision=780 scripts={"buttons":"","pointer":"","stick":"15611-15700:0.245247:0.619918"}
[debug-input-file] frame=15627 revision=781 scripts={"buttons":"","pointer":"","stick":"15621-15710:0.245258:0.619914"}
[debug-input-file] frame=15632 revision=782 scripts={"buttons":"","pointer":"","stick":"15631-15720:0.245261:0.619913"}
[debug-input-file] frame=15643 revision=783 scripts={"buttons":"","pointer":"","stick":"15641-15730:0.245264:0.619911"}
[debug-input-file] frame=15654 revision=784 scripts={"buttons":"","pointer":"","stick":"15651-15740:0.245294:0.619900"}
[debug-input-file] frame=15665 revision=785 scripts={"buttons":"","pointer":"","stick":"15661-15750:0.245296:0.619899"}
[debug-input-file] frame=15677 revision=786 scripts={"buttons":"","pointer":"","stick":"15671-15760:0.245247:0.619918"}
[debug-input-file] frame=15683 revision=787 scripts={"buttons":"","pointer":"","stick":"15681-15770:0.245258:0.619914"}
[debug-input-file] frame=15694 revision=788 scripts={"buttons":"","pointer":"","stick":"15691-15780:0.245261:0.619913"}
[debug-input-file] frame=15705 revision=789 scripts={"buttons":"","pointer":"","stick":"15701-15790:0.245264:0.619911"}
[debug-input-file] frame=15717 revision=790 scripts={"buttons":"","pointer":"","stick":"15711-15800:0.245294:0.619900"}
[debug-input-file] frame=15722 revision=791 scripts={"buttons":"","pointer":"","stick":"15721-15810:0.245296:0.619899"}
[debug-input-file] frame=15733 revision=792 scripts={"buttons":"","pointer":"","stick":"15731-15820:0.245247:0.619918"}
[debug-input-file] frame=15744 revision=793 scripts={"buttons":"","pointer":"","stick":"15741-15830:0.245258:0.619914"}
[debug-input-file] frame=15755 revision=794 scripts={"buttons":"","pointer":"","stick":"15751-15840:0.245261:0.619913"}
[debug-input-file] frame=15766 revision=795 scripts={"buttons":"","pointer":"","stick":"15761-15850:0.245264:0.619911"}
[debug-input-file] frame=15772 revision=796 scripts={"buttons":"","pointer":"","stick":"15771-15860:0.245294:0.619900"}
[debug-input-file] frame=15784 revision=797 scripts={"buttons":"","pointer":"","stick":"15781-15870:0.245296:0.619899"}
[debug-input-file] frame=15795 revision=798 scripts={"buttons":"","pointer":"","stick":"15791-15880:0.245247:0.619918"}
[debug-input-file] frame=15806 revision=799 scripts={"buttons":"","pointer":"","stick":"15801-15890:0.245258:0.619914"}
[debug-input-file] frame=15817 revision=800 scripts={"buttons":"","pointer":"","stick":"15811-15900:0.245261:0.619913"}
[debug-input-file] frame=15823 revision=801 scripts={"buttons":"","pointer":"","stick":"15821-15910:0.245264:0.619911"}
[debug-input-file] frame=15834 revision=802 scripts={"buttons":"","pointer":"","stick":"15831-15920:0.245294:0.619900"}
[debug-input-file] frame=15846 revision=803 scripts={"buttons":"","pointer":"","stick":"15841-15930:0.245296:0.619899"}
[debug-input-file] frame=15852 revision=804 scripts={"buttons":"","pointer":"","stick":"15851-15940:0.245247:0.619918"}
[debug-input-file] frame=15863 revision=805 scripts={"buttons":"","pointer":"","stick":"15861-15950:0.245258:0.619914"}
[debug-input-file] frame=15875 revision=806 scripts={"buttons":"","pointer":"","stick":"15871-15960:0.245261:0.619913"}
[debug-input-file] frame=15886 revision=807 scripts={"buttons":"","pointer":"","stick":"15881-15970:0.245264:0.619911"}
[debug-input-file] frame=15892 revision=808 scripts={"buttons":"","pointer":"","stick":"15891-15980:0.245294:0.619900"}
[debug-input-file] frame=15903 revision=809 scripts={"buttons":"","pointer":"","stick":"15901-15990:0.245296:0.619899"}
[debug-input-file] frame=15914 revision=810 scripts={"buttons":"","pointer":"","stick":"15911-16000:0.245247:0.619918"}
[debug-input-file] frame=15925 revision=811 scripts={"buttons":"","pointer":"","stick":"15921-16010:0.245258:0.619914"}
[debug-input-file] frame=15936 revision=812 scripts={"buttons":"","pointer":"","stick":"15931-16020:0.245261:0.619913"}
[debug-input-file] frame=15942 revision=813 scripts={"buttons":"","pointer":"","stick":"15941-16030:0.245264:0.619911"}
[debug-input-file] frame=15953 revision=814 scripts={"buttons":"","pointer":"","stick":"15951-16040:0.245294:0.619900"}
[debug-input-file] frame=15964 revision=815 scripts={"buttons":"","pointer":"","stick":"15961-16050:0.245296:0.619899"}
[debug-input-file] frame=15975 revision=816 scripts={"buttons":"","pointer":"","stick":"15971-16060:0.245247:0.619918"}
[debug-input-file] frame=15986 revision=817 scripts={"buttons":"","pointer":"","stick":"15981-16070:0.245258:0.619914"}
[debug-input-file] frame=15997 revision=818 scripts={"buttons":"","pointer":"","stick":"15991-16080:0.245261:0.619913"}
[debug-input-file] frame=16006 revision=819 scripts={"buttons":"","pointer":"","stick":"16001-16090:0.245264:0.619911"}
[debug-input-file] frame=16012 revision=820 scripts={"buttons":"","pointer":"","stick":"16011-16100:0.245294:0.619900"}
[debug-input-file] frame=16023 revision=821 scripts={"buttons":"","pointer":"","stick":"16021-16110:0.245296:0.619899"}
[debug-input-file] frame=16034 revision=822 scripts={"buttons":"","pointer":"","stick":"16031-16120:0.245247:0.619918"}
[debug-input-file] frame=16045 revision=823 scripts={"buttons":"","pointer":"","stick":"16041-16130:0.245258:0.619914"}
[debug-input-file] frame=16056 revision=824 scripts={"buttons":"","pointer":"","stick":"16051-16140:0.245261:0.619913"}
[debug-input-file] frame=16062 revision=825 scripts={"buttons":"","pointer":"","stick":"16061-16150:0.245264:0.619911"}
[debug-input-file] frame=16073 revision=826 scripts={"buttons":"","pointer":"","stick":"16071-16160:0.245294:0.619900"}
[debug-input-file] frame=16084 revision=827 scripts={"buttons":"","pointer":"","stick":"16081-16170:0.245296:0.619899"}
[debug-input-file] frame=16096 revision=828 scripts={"buttons":"","pointer":"","stick":"16091-16180:0.245247:0.619918"}
[debug-input-file] frame=16107 revision=829 scripts={"buttons":"","pointer":"","stick":"16101-16190:0.245258:0.619914"}
[debug-input-file] frame=16112 revision=830 scripts={"buttons":"","pointer":"","stick":"16111-16200:0.245261:0.619913"}
[debug-input-file] frame=16124 revision=831 scripts={"buttons":"","pointer":"","stick":"16121-16210:0.245264:0.619911"}
[debug-input-file] frame=16135 revision=832 scripts={"buttons":"","pointer":"","stick":"16131-16220:0.245294:0.619900"}
[debug-input-file] frame=16147 revision=833 scripts={"buttons":"","pointer":"","stick":"16141-16230:0.245296:0.619899"}
[debug-input-file] frame=16153 revision=834 scripts={"buttons":"","pointer":"","stick":"16151-16240:0.245247:0.619918"}
[debug-input-file] frame=16164 revision=835 scripts={"buttons":"","pointer":"","stick":"16161-16250:0.245258:0.619914"}
[debug-input-file] frame=16175 revision=836 scripts={"buttons":"","pointer":"","stick":"16171-16260:0.245261:0.619913"}
[debug-input-file] frame=16186 revision=837 scripts={"buttons":"","pointer":"","stick":"16181-16270:0.245264:0.619911"}
[debug-input-file] frame=16192 revision=838 scripts={"buttons":"","pointer":"","stick":"16191-16280:0.245294:0.619900"}
[debug-input-file] frame=16203 revision=839 scripts={"buttons":"","pointer":"","stick":"16201-16290:0.245296:0.619899"}
[debug-input-file] frame=16215 revision=840 scripts={"buttons":"","pointer":"","stick":"16211-16300:0.245247:0.619918"}
[debug-input-file] frame=16226 revision=841 scripts={"buttons":"","pointer":"","stick":"16221-16310:0.245258:0.619914"}
[debug-input-file] frame=16232 revision=842 scripts={"buttons":"","pointer":"","stick":"16231-16320:0.245261:0.619913"}
[debug-input-file] frame=16243 revision=843 scripts={"buttons":"","pointer":"","stick":"16241-16330:0.245264:0.619911"}
[debug-input-file] frame=16254 revision=844 scripts={"buttons":"","pointer":"","stick":"16251-16340:0.245294:0.619900"}
[debug-input-file] frame=16266 revision=845 scripts={"buttons":"","pointer":"","stick":"16261-16350:0.245296:0.619899"}
[debug-input-file] frame=16277 revision=846 scripts={"buttons":"","pointer":"","stick":"16271-16360:0.245247:0.619918"}
[debug-input-file] frame=16282 revision=847 scripts={"buttons":"","pointer":"","stick":"16281-16370:0.245258:0.619914"}
[debug-input-file] frame=16293 revision=848 scripts={"buttons":"","pointer":"","stick":"16291-16380:0.245261:0.619913"}
[debug-input-file] frame=16304 revision=849 scripts={"buttons":"","pointer":"","stick":"16301-16390:0.245264:0.619911"}
[debug-input-file] frame=16316 revision=850 scripts={"buttons":"","pointer":"","stick":"16311-16400:0.245294:0.619900"}
[debug-input-file] frame=16322 revision=851 scripts={"buttons":"","pointer":"","stick":"16321-16410:0.245296:0.619899"}
[debug-input-file] frame=16333 revision=852 scripts={"buttons":"","pointer":"","stick":"16331-16420:0.245247:0.619918"}
[debug-input-file] frame=16344 revision=853 scripts={"buttons":"","pointer":"","stick":"16341-16430:0.245258:0.619914"}
[debug-input-file] frame=16355 revision=854 scripts={"buttons":"","pointer":"","stick":"16351-16440:0.245261:0.619913"}
[debug-input-file] frame=16367 revision=855 scripts={"buttons":"","pointer":"","stick":"16361-16450:0.245264:0.619911"}
[debug-input-file] frame=16373 revision=856 scripts={"buttons":"","pointer":"","stick":"16371-16460:0.245294:0.619900"}
[debug-input-file] frame=16385 revision=857 scripts={"buttons":"","pointer":"","stick":"16381-16470:0.245296:0.619899"}
[debug-input-file] frame=16396 revision=858 scripts={"buttons":"","pointer":"","stick":"16391-16480:0.245247:0.619918"}
[debug-input-file] frame=16402 revision=859 scripts={"buttons":"","pointer":"","stick":"16401-16490:0.245258:0.619914"}
[debug-input-file] frame=16413 revision=860 scripts={"buttons":"","pointer":"","stick":"16411-16500:0.245261:0.619913"}
[debug-input-file] frame=16425 revision=861 scripts={"buttons":"","pointer":"","stick":"16421-16510:0.245264:0.619911"}
[debug-input-file] frame=16436 revision=862 scripts={"buttons":"","pointer":"","stick":"16431-16520:0.245294:0.619900"}
[debug-input-file] frame=16447 revision=863 scripts={"buttons":"","pointer":"","stick":"16441-16530:0.245296:0.619899"}
[debug-input-file] frame=16453 revision=864 scripts={"buttons":"","pointer":"","stick":"16451-16540:0.245247:0.619918"}
[debug-input-file] frame=16464 revision=865 scripts={"buttons":"","pointer":"","stick":"16461-16550:0.245258:0.619914"}
[debug-input-file] frame=16475 revision=866 scripts={"buttons":"","pointer":"","stick":"16471-16560:0.245261:0.619913"}
[debug-input-file] frame=16487 revision=867 scripts={"buttons":"","pointer":"","stick":"16481-16570:0.245264:0.619911"}
[debug-input-file] frame=16492 revision=868 scripts={"buttons":"","pointer":"","stick":"16491-16580:0.245294:0.619900"}
[debug-input-file] frame=16503 revision=869 scripts={"buttons":"","pointer":"","stick":"16501-16590:0.245296:0.619899"}
[debug-input-file] frame=16514 revision=870 scripts={"buttons":"","pointer":"","stick":"16511-16600:0.245247:0.619918"}
[debug-input-file] frame=16526 revision=871 scripts={"buttons":"","pointer":"","stick":"16521-16610:0.245258:0.619914"}
[debug-input-file] frame=16532 revision=872 scripts={"buttons":"","pointer":"","stick":"16531-16620:0.245261:0.619913"}
[debug-input-file] frame=16544 revision=873 scripts={"buttons":"","pointer":"","stick":"16541-16630:0.245264:0.619911"}
[debug-input-file] frame=16555 revision=874 scripts={"buttons":"","pointer":"","stick":"16551-16640:0.245294:0.619900"}
[debug-input-file] frame=16566 revision=875 scripts={"buttons":"","pointer":"","stick":"16561-16650:0.245296:0.619899"}
[debug-input-file] frame=16572 revision=876 scripts={"buttons":"","pointer":"","stick":"16571-16660:0.245247:0.619918"}
[debug-input-file] frame=16583 revision=877 scripts={"buttons":"","pointer":"","stick":"16581-16670:0.245258:0.619914"}
[debug-input-file] frame=16594 revision=878 scripts={"buttons":"","pointer":"","stick":"16591-16680:0.245261:0.619913"}
[debug-input-file] frame=16606 revision=879 scripts={"buttons":"","pointer":"","stick":"16601-16690:0.245264:0.619911"}
[debug-input-file] frame=16612 revision=880 scripts={"buttons":"","pointer":"","stick":"16611-16700:0.245294:0.619900"}
[debug-input-file] frame=16624 revision=881 scripts={"buttons":"","pointer":"","stick":"16621-16710:0.245296:0.619899"}
[debug-input-file] frame=16635 revision=882 scripts={"buttons":"","pointer":"","stick":"16631-16720:0.245247:0.619918"}
[debug-input-file] frame=16647 revision=883 scripts={"buttons":"","pointer":"","stick":"16641-16730:0.245258:0.619914"}
[debug-input-file] frame=16652 revision=884 scripts={"buttons":"","pointer":"","stick":"16651-16740:0.245261:0.619913"}
[debug-input-file] frame=16663 revision=885 scripts={"buttons":"","pointer":"","stick":"16661-16750:0.245264:0.619911"}
[debug-input-file] frame=16675 revision=886 scripts={"buttons":"","pointer":"","stick":"16671-16760:0.245294:0.619900"}
[debug-input-file] frame=16686 revision=887 scripts={"buttons":"","pointer":"","stick":"16681-16770:0.245296:0.619899"}
[debug-input-file] frame=16697 revision=888 scripts={"buttons":"","pointer":"","stick":"16691-16780:0.245247:0.619918"}
[debug-input-file] frame=16703 revision=889 scripts={"buttons":"","pointer":"","stick":"16701-16790:0.245258:0.619914"}
[debug-input-file] frame=16715 revision=890 scripts={"buttons":"","pointer":"","stick":"16711-16800:0.245261:0.619913"}
[debug-input-file] frame=16726 revision=891 scripts={"buttons":"","pointer":"","stick":"16721-16810:0.245264:0.619911"}
[debug-input-file] frame=16732 revision=892 scripts={"buttons":"","pointer":"","stick":"16731-16820:0.245294:0.619900"}
[debug-input-file] frame=16743 revision=893 scripts={"buttons":"","pointer":"","stick":"16741-16830:0.245296:0.619899"}
[debug-input-file] frame=16755 revision=894 scripts={"buttons":"","pointer":"","stick":"16751-16840:0.245247:0.619918"}
[debug-input-file] frame=16767 revision=895 scripts={"buttons":"","pointer":"","stick":"16761-16850:0.245258:0.619914"}
[debug-input-file] frame=16772 revision=896 scripts={"buttons":"","pointer":"","stick":"16771-16860:0.245261:0.619913"}
[debug-input-file] frame=16783 revision=897 scripts={"buttons":"","pointer":"","stick":"16781-16870:0.245264:0.619911"}
[debug-input-file] frame=16794 revision=898 scripts={"buttons":"","pointer":"","stick":"16791-16880:0.245294:0.619900"}
[debug-input-file] frame=16806 revision=899 scripts={"buttons":"","pointer":"","stick":"16801-16890:0.245296:0.619899"}
[debug-input-file] frame=16812 revision=900 scripts={"buttons":"","pointer":"","stick":"16811-16900:0.245247:0.619918"}
[debug-input-file] frame=16822 revision=901 scripts={"buttons":"","pointer":"","stick":"16821-16910:0.245258:0.619914"}
[debug-input-file] frame=16833 revision=902 scripts={"buttons":"","pointer":"","stick":"16831-16920:0.245261:0.619913"}
[debug-input-file] frame=16844 revision=903 scripts={"buttons":"","pointer":"","stick":"16841-16930:0.245264:0.619911"}
[debug-input-file] frame=16855 revision=904 scripts={"buttons":"","pointer":"","stick":"16851-16940:0.245294:0.619900"}
[debug-input-file] frame=16866 revision=905 scripts={"buttons":"","pointer":"","stick":"16861-16950:0.245296:0.619899"}
[debug-input-file] frame=16877 revision=906 scripts={"buttons":"","pointer":"","stick":"16871-16960:0.245247:0.619918"}
[debug-input-file] frame=16883 revision=907 scripts={"buttons":"","pointer":"","stick":"16881-16970:0.245258:0.619914"}
[debug-input-file] frame=16895 revision=908 scripts={"buttons":"","pointer":"","stick":"16891-16980:0.245261:0.619913"}
[debug-input-file] frame=16906 revision=909 scripts={"buttons":"","pointer":"","stick":"16901-16990:0.245264:0.619911"}
[debug-input-file] frame=16912 revision=910 scripts={"buttons":"","pointer":"","stick":"16911-17000:0.245294:0.619900"}
[debug-input-file] frame=16924 revision=911 scripts={"buttons":"","pointer":"","stick":"16921-17010:0.245296:0.619899"}
[debug-input-file] frame=16935 revision=912 scripts={"buttons":"","pointer":"","stick":"16931-17020:0.245247:0.619918"}
[debug-input-file] frame=16946 revision=913 scripts={"buttons":"","pointer":"","stick":"16941-17030:0.245258:0.619914"}
[debug-input-file] frame=16952 revision=914 scripts={"buttons":"","pointer":"","stick":"16951-17040:0.245261:0.619913"}
[debug-input-file] frame=16963 revision=915 scripts={"buttons":"","pointer":"","stick":"16961-17050:0.245264:0.619911"}
[debug-input-file] frame=16975 revision=916 scripts={"buttons":"","pointer":"","stick":"16971-17060:0.245294:0.619900"}
[debug-input-file] frame=16987 revision=917 scripts={"buttons":"","pointer":"","stick":"16981-17070:0.245296:0.619899"}
[debug-input-file] frame=16993 revision=918 scripts={"buttons":"","pointer":"","stick":"16991-17080:0.245247:0.619918"}
[debug-input-file] frame=17004 revision=919 scripts={"buttons":"","pointer":"","stick":"17001-17090:0.245258:0.619914"}
[debug-input-file] frame=17015 revision=920 scripts={"buttons":"","pointer":"","stick":"17011-17100:0.245261:0.619913"}
[debug-input-file] frame=17026 revision=921 scripts={"buttons":"","pointer":"","stick":"17021-17110:0.245264:0.619911"}
[debug-input-file] frame=17032 revision=922 scripts={"buttons":"","pointer":"","stick":"17031-17120:0.245294:0.619900"}
[debug-input-file] frame=17043 revision=923 scripts={"buttons":"","pointer":"","stick":"17041-17130:0.245296:0.619899"}
[debug-input-file] frame=17054 revision=924 scripts={"buttons":"","pointer":"","stick":"17051-17140:0.245247:0.619918"}
[debug-input-file] frame=17065 revision=925 scripts={"buttons":"","pointer":"","stick":"17061-17150:0.245258:0.619914"}
[debug-input-file] frame=17077 revision=926 scripts={"buttons":"","pointer":"","stick":"17071-17160:0.245261:0.619913"}
[debug-input-file] frame=17082 revision=927 scripts={"buttons":"","pointer":"","stick":"17081-17170:0.245264:0.619911"}
[debug-input-file] frame=17094 revision=928 scripts={"buttons":"","pointer":"","stick":"17091-17180:0.245294:0.619900"}
[debug-input-file] frame=17105 revision=929 scripts={"buttons":"","pointer":"","stick":"17101-17190:0.245296:0.619899"}
[debug-input-file] frame=17117 revision=930 scripts={"buttons":"","pointer":"","stick":"17111-17200:0.245247:0.619918"}
[debug-input-file] frame=17122 revision=931 scripts={"buttons":"","pointer":"","stick":"17121-17210:0.245258:0.619914"}
[debug-input-file] frame=17134 revision=932 scripts={"buttons":"","pointer":"","stick":"17131-17220:0.245261:0.619913"}
[debug-input-file] frame=17146 revision=933 scripts={"buttons":"","pointer":"","stick":"17141-17230:0.245264:0.619911"}
[debug-input-file] frame=17157 revision=934 scripts={"buttons":"","pointer":"","stick":"17151-17240:0.245294:0.619900"}
[debug-input-file] frame=17162 revision=935 scripts={"buttons":"","pointer":"","stick":"17161-17250:0.245296:0.619899"}
[debug-input-file] frame=17173 revision=936 scripts={"buttons":"","pointer":"","stick":"17171-17260:0.245247:0.619918"}
[debug-input-file] frame=17185 revision=937 scripts={"buttons":"","pointer":"","stick":"17181-17270:0.245258:0.619914"}
[debug-input-file] frame=17196 revision=938 scripts={"buttons":"","pointer":"","stick":"17191-17280:0.245261:0.619913"}
[debug-input-file] frame=17201 revision=939 scripts={"buttons":"","pointer":"","stick":"17201-17290:0.245264:0.619911"}
[debug-input-file] frame=17213 revision=940 scripts={"buttons":"","pointer":"","stick":"17211-17300:0.245294:0.619900"}
[debug-input-file] frame=17225 revision=941 scripts={"buttons":"","pointer":"","stick":"17221-17310:0.245296:0.619899"}
[debug-input-file] frame=17236 revision=942 scripts={"buttons":"","pointer":"","stick":"17231-17320:0.245247:0.619918"}
[debug-input-file] frame=17242 revision=943 scripts={"buttons":"","pointer":"","stick":"17241-17330:0.245258:0.619914"}
[debug-input-file] frame=17253 revision=944 scripts={"buttons":"","pointer":"","stick":"17251-17340:0.245261:0.619913"}
[debug-input-file] frame=17264 revision=945 scripts={"buttons":"","pointer":"","stick":"17261-17350:0.245264:0.619911"}
[debug-input-file] frame=17276 revision=946 scripts={"buttons":"","pointer":"","stick":"17271-17360:0.245294:0.619900"}
[debug-input-file] frame=17286 revision=947 scripts={"buttons":"","pointer":"","stick":"17281-17370:0.245296:0.619899"}
[debug-input-file] frame=17292 revision=948 scripts={"buttons":"","pointer":"","stick":"17291-17380:0.245247:0.619918"}
[debug-input-file] frame=17303 revision=949 scripts={"buttons":"","pointer":"","stick":"17301-17390:0.245258:0.619914"}
[debug-input-file] frame=17314 revision=950 scripts={"buttons":"","pointer":"","stick":"17311-17400:0.245261:0.619913"}
[debug-input-file] frame=17325 revision=951 scripts={"buttons":"","pointer":"","stick":"17321-17410:0.245264:0.619911"}
[debug-input-file] frame=17336 revision=952 scripts={"buttons":"","pointer":"","stick":"17331-17420:0.245294:0.619900"}
[debug-input-file] frame=17341 revision=953 scripts={"buttons":"","pointer":"","stick":"17341-17430:0.245296:0.619899"}
[debug-input-file] frame=17353 revision=954 scripts={"buttons":"","pointer":"","stick":"17351-17440:0.245247:0.619918"}
[debug-input-file] frame=17364 revision=955 scripts={"buttons":"","pointer":"","stick":"17361-17450:0.245258:0.619914"}
[debug-input-file] frame=17375 revision=956 scripts={"buttons":"","pointer":"","stick":"17371-17460:0.245261:0.619913"}
[debug-input-file] frame=17387 revision=957 scripts={"buttons":"","pointer":"","stick":"17381-17470:0.245264:0.619911"}
[debug-input-file] frame=17392 revision=958 scripts={"buttons":"","pointer":"","stick":"17391-17480:0.245294:0.619900"}
[debug-input-file] frame=17404 revision=959 scripts={"buttons":"","pointer":"","stick":"17401-17490:0.245296:0.619899"}
[debug-input-file] frame=17415 revision=960 scripts={"buttons":"","pointer":"","stick":"17411-17500:0.245247:0.619918"}
[debug-input-file] frame=17426 revision=961 scripts={"buttons":"","pointer":"","stick":"17421-17510:0.245258:0.619914"}
[debug-input-file] frame=17436 revision=962 scripts={"buttons":"","pointer":"","stick":"17431-17520:0.245261:0.619913"}
[debug-input-file] frame=17442 revision=963 scripts={"buttons":"","pointer":"","stick":"17441-17530:0.245264:0.619911"}
[debug-input-file] frame=17453 revision=964 scripts={"buttons":"","pointer":"","stick":"17451-17540:0.245294:0.619900"}
[debug-input-file] frame=17464 revision=965 scripts={"buttons":"","pointer":"","stick":"17461-17550:0.245296:0.619899"}
[debug-input-file] frame=17475 revision=966 scripts={"buttons":"","pointer":"","stick":"17471-17560:0.245247:0.619918"}
[debug-input-file] frame=17487 revision=967 scripts={"buttons":"","pointer":"","stick":"17481-17570:0.245258:0.619914"}
[debug-input-file] frame=17492 revision=968 scripts={"buttons":"","pointer":"","stick":"17491-17580:0.245261:0.619913"}
[debug-input-file] frame=17503 revision=969 scripts={"buttons":"","pointer":"","stick":"17501-17590:0.245264:0.619911"}
[debug-input-file] frame=17514 revision=970 scripts={"buttons":"","pointer":"","stick":"17511-17600:0.245294:0.619900"}
[debug-input-file] frame=17525 revision=971 scripts={"buttons":"","pointer":"","stick":"17521-17610:0.245296:0.619899"}
[debug-input-file] frame=17537 revision=972 scripts={"buttons":"","pointer":"","stick":"17531-17620:0.245247:0.619918"}
[debug-input-file] frame=17542 revision=973 scripts={"buttons":"","pointer":"","stick":"17541-17630:0.245258:0.619914"}
[debug-input-file] frame=17553 revision=974 scripts={"buttons":"","pointer":"","stick":"17551-17640:0.245261:0.619913"}
[debug-input-file] frame=17565 revision=975 scripts={"buttons":"","pointer":"","stick":"17561-17650:0.245264:0.619911"}
[debug-input-file] frame=17577 revision=976 scripts={"buttons":"","pointer":"","stick":"17571-17660:0.245294:0.619900"}
[debug-input-file] frame=17582 revision=977 scripts={"buttons":"","pointer":"","stick":"17581-17670:0.245296:0.619899"}
[debug-input-file] frame=17593 revision=978 scripts={"buttons":"","pointer":"","stick":"17591-17680:0.245247:0.619918"}
[debug-input-file] frame=17604 revision=979 scripts={"buttons":"","pointer":"","stick":"17601-17690:0.245258:0.619914"}
[debug-input-file] frame=17615 revision=980 scripts={"buttons":"","pointer":"","stick":"17611-17700:0.245261:0.619913"}
[debug-input-file] frame=17626 revision=981 scripts={"buttons":"","pointer":"","stick":"17621-17710:0.245264:0.619911"}
[debug-input-file] frame=17637 revision=982 scripts={"buttons":"","pointer":"","stick":"17631-17720:0.245294:0.619900"}
[debug-input-file] frame=17643 revision=983 scripts={"buttons":"","pointer":"","stick":"17641-17730:0.245296:0.619899"}
[debug-input-file] frame=17655 revision=984 scripts={"buttons":"","pointer":"","stick":"17651-17740:0.245247:0.619918"}
[debug-input-file] frame=17667 revision=985 scripts={"buttons":"","pointer":"","stick":"17661-17750:0.245258:0.619914"}
[debug-input-file] frame=17672 revision=986 scripts={"buttons":"","pointer":"","stick":"17671-17760:0.245261:0.619913"}
[debug-input-file] frame=17684 revision=987 scripts={"buttons":"","pointer":"","stick":"17681-17770:0.245264:0.619911"}
[debug-input-file] frame=17696 revision=988 scripts={"buttons":"","pointer":"","stick":"17691-17780:0.245294:0.619900"}
[debug-input-file] frame=17707 revision=989 scripts={"buttons":"","pointer":"","stick":"17701-17790:0.000000:0.000000"}
[original-process] Debug controller script frame 17791: buttons=inactive pointer=inactive stick=inactive hold=0x00000000 axes=0,0
[src/app/OriginalGameApplication.cpp:551][APP - INFO] Original GameSystem stopped after 18000 completed frames
[aurora:warning:aurora::gpu] Device lost: Device was destroyed.
