[src/app/Application.cpp:227][APP - INFO] Opened Aurora disc image /workspaces/pcport/RMGK01.iso
[aurora:info:aurora] Aurora initializing
[aurora:info:aurora::system_info] CPU model: Unknown
[aurora:info:aurora::system_info] Memory: 0 MiB
[aurora:info:aurora::system_info] Architecture: x86_64
[aurora:info:aurora::system_info] OS: Unknown
[aurora:info:aurora::gpu] Creating WebGPU instance
[aurora:info:aurora::gpu] Attempting to initialize Vulkan
[aurora:info:aurora::gpu] Graphics adapter information
  API: Vulkan
  Device: NVIDIA GeForce RTX 3080 (DiscreteGPU)
  Driver: NVIDIA: 610.43.03 610.43.3.0
[aurora:info:aurora::gpu] Using limits:
  maxTextureDimension1D: 32768
  maxTextureDimension2D: 32768
  maxTextureDimension3D: 16384
  maxTextureArrayLayers: 2048
  maxDynamicStorageBuffersPerPipelineLayout: 16
  maxStorageBuffersPerShaderStage: 16
  minUniformBufferOffsetAlignment: 64
  minStorageBufferOffsetAlignment: 16
[aurora:info:aurora::gpu] Using surface format BGRA8Unorm, present mode Immediate
[aurora:info:aurora::gfx::texture_replacement] Indexed 0 texture replacements
[aurora:info:aurora] Using framebuffer size 640x480 scale 1
[src/runtime/RuntimeContext.cpp:1485][APP - INFO] SMG semantic event name_obj_lifecycle:connect_to_scene (object=画面キャプチャ;kind=name_obj;movement=-1;calc_anim=-1;draw_buffer=-1;draw_type=45)
[src/runtime/RuntimeContext.cpp:1485][APP - INFO] SMG semantic event name_obj_lifecycle:connect_to_scene (object=画面キャプチャ;kind=name_obj;movement=-1;calc_anim=-1;draw_buffer=-1;draw_type=46)
[src/runtime/RuntimeContext.cpp:500][APP - INFO] Using SMG disc image through Aurora DVD
[src/runtime/RuntimeContext.cpp:503][APP - INFO] Using SMG save files from /workspaces/pcport/pc-port/notes/demo-rabbit-pc-20260806T210100Z/gateway/gateway_handoff/save
[src/runtime/RuntimeContext.cpp:511][APP - INFO] Loaded 1994 messages from /KrKorean/MessageData/Message.arc
[src/runtime/RuntimeContext.cpp:523][APP - INFO] Loaded 3327 particle names, 3327 particle resources, and 225 particle textures from /ParticleData/Effect.arc
[src/runtime/RuntimeContext.cpp:533][APP - INFO] Loaded 23 debug WPAD button script spans
[src/runtime/RuntimeContext.cpp:537][APP - INFO] Loaded 9 debug WPAD pointer script spans
[src/runtime/RuntimeContext.cpp:1485][APP - INFO] SMG semantic event runtime:runtime_context_created (disc=aurora-dvd)
[src/runtime/RuntimeContext.cpp:1485][APP - INFO] SMG semantic event sequence_state:scene_controller_phase (current_scene=Game;next_scene=;current_stage=;scene_wipe=Open;system_wipe=Open;draw_phase=;frame=0;phase=WaitingForRequest)
[src/app/Application.cpp:245][APP - INFO] Running SMG on Aurora
[src/app/Application.cpp:246][APP - INFO] Hold keyboard A+B or Enter+Backspace to satisfy Wii A+B title input
[src/app/Application.cpp:248][APP - INFO] Freecam debug keys: toggle F9, teleport to HeavensDoor F10, move with WASD, up/down Space/LeftShift, mouse look
[src/runtime/RuntimeContext.cpp:1485][APP - INFO] SMG semantic event aurora_route_smoke:gateway_handoff (title through five-page picturebook advance into the HeavensDoor stage handoff)
[src/app/Application.cpp:275][APP - INFO] Will exit after frame 10410
[src/runtime/RuntimeContext.cpp:1485][APP - INFO] SMG semantic event sequence_state:stage_requested (current_scene=Game;next_scene=FileSelect;current_stage=FileSelect;scene_wipe=Open;system_wipe=Open;draw_phase=;frame=0;requested_stage=FileSelect;scenario=1)
[src/runtime/RuntimeContext.cpp:1485][APP - INFO] SMG semantic event sequence:boot_stage_requested (scene=Game;stage=FileSelect;scenario=1)
[src/runtime/RuntimeContext.cpp:1485][APP - INFO] SMG semantic event sequence_state:scene_controller_phase (current_scene=Game;next_scene=FileSelect;current_stage=FileSelect;scene_wipe=Open;system_wipe=Open;draw_phase=;frame=0;phase=RequestQueued)
[src/runtime/RuntimeContext.cpp:1485][APP - INFO] SMG semantic event sequence_state:scene_change_requested (current_scene=Game;next_scene=FileSelect;current_stage=FileSelect;scene_wipe=Open;system_wipe=Open;draw_phase=;frame=0;next_scene=Game;next_stage=FileSelect;scenario=1)
[src/runtime/RuntimeContext.cpp:1485][APP - INFO] SMG semantic event scene_controller:scene_change_requested (next_scene=Game;next_stage=FileSelect;scenario=1)
[src/runtime/RuntimeContext.cpp:1485][APP - INFO] SMG semantic event name_obj_lifecycle:connect_to_scene (object=システム用インフォメーションウィンドウ;kind=layout;movement=14;calc_anim=-1;draw_buffer=-1;draw_type=60)
[src/runtime/RuntimeContext.cpp:1440][APP - INFO] Resolved original layout archive SysInfoWindow -> /LayoutData/SysInfoWindow.arc
[src/runtime/RuntimeContext.cpp:1485][APP - INFO] SMG semantic event name_obj_lifecycle:connect_to_scene (object=Aボタンアイコン;kind=layout;movement=14;calc_anim=-1;draw_buffer=-1;draw_type=60)
[src/runtime/RuntimeContext.cpp:1440][APP - INFO] Resolved original layout archive IconAButton -> /LayoutData/IconAButton.arc
[src/runtime/RuntimeContext.cpp:1485][APP - INFO] SMG semantic event name_obj_lifecycle:connect_to_scene (object=システム用インフォメーションウィンドウ;kind=layout;movement=14;calc_anim=-1;draw_buffer=-1;draw_type=60)
[src/runtime/RuntimeContext.cpp:1440][APP - INFO] Resolved original layout archive SysInfoWindowMini -> /LayoutData/SysInfoWindowMini.arc
[src/runtime/RuntimeContext.cpp:1485][APP - INFO] SMG semantic event name_obj_lifecycle:connect_to_scene (object=Aボタンアイコン;kind=layout;movement=14;calc_anim=-1;draw_buffer=-1;draw_type=60)
[src/runtime/RuntimeContext.cpp:1440][APP - INFO] Resolved original layout archive IconAButton -> /LayoutData/IconAButton.arc
[src/runtime/RuntimeContext.cpp:1485][APP - INFO] SMG semantic event name_obj_lifecycle:connect_to_scene (object=SaveIcon;kind=layout;movement=14;calc_anim=-1;draw_buffer=-1;draw_type=60)
[src/runtime/RuntimeContext.cpp:1440][APP - INFO] Resolved original layout archive IconSave -> /LayoutData/IconSave.arc
[src/runtime/RuntimeContext.cpp:1485][APP - INFO] SMG semantic event sequence_state:scene_controller_phase (current_scene=Game;next_scene=FileSelect;current_stage=FileSelect;scene_wipe=Open;system_wipe=Open;draw_phase=;frame=1;phase=DestroyScene)
[src/runtime/RuntimeContext.cpp:1485][APP - INFO] SMG semantic event sequence_state:scene_controller_phase (current_scene=Game;next_scene=FileSelect;current_stage=FileSelect;scene_wipe=Open;system_wipe=Open;draw_phase=;frame=1;phase=InitializeScene)
[src/runtime/RuntimeContext.cpp:1485][APP - INFO] SMG semantic event sequence:stage_host_started (stage host factory created FileSelect through scene lifecycle service)
[src/runtime/RuntimeContext.cpp:1485][APP - INFO] SMG semantic event sequence_state:stage_host_started (current_scene=Game;next_scene=FileSelect;current_stage=FileSelect;scene_wipe=Open;system_wipe=Open;draw_phase=;frame=1;host=FileSelect;stage=FileSelect)
[src/runtime/RuntimeContext.cpp:1485][APP - INFO] SMG semantic event placement:stage_object (stage=FileSelect;zone=FileSelect;zone_id=0;scenario=1;layer=common;table=jmp/placement/common/objinfo;object=InvisibleWall10x10;factory=created_model_fallback;support_reason=direct_object_archive_model;common_path_id=-1;rail_info_attached=false;rail_path_row=-1;rail_point_count=0;rail_first_point=none;model_archive=InvisibleWall10x10;object_archive=/ObjectData/InvisibleWall10x10.arc)
[src/runtime/RuntimeContext.cpp:1485][APP - INFO] SMG semantic event name_obj_lifecycle:archive_request (object=InvisibleWall10x10;archive=InvisibleWall10x10;kind=object;loaded=true;disc_path=InvisibleWall10x10.arc)
[src/runtime/RuntimeContext.cpp:1485][APP - INFO] SMG semantic event name_obj_lifecycle:connect_to_scene (object=InvisibleWall10x10;kind=live_actor_model;movement=34;calc_anim=5;draw_buffer=8;draw_type=-1)
[src/runtime/RuntimeContext.cpp:1413][APP - INFO] Registered effect keeper InvisibleWall10x10 group InvisibleWall10x10 capacity 8
[src/runtime/RuntimeContext.cpp:1485][APP - INFO] SMG semantic event name_obj_lifecycle:construct (object=InvisibleWall10x10;actor=InvisibleWall10x10)
[src/runtime/RuntimeContext.cpp:1485][APP - INFO] SMG semantic event sequence:stage_host_constructed (host=InvisibleWall10x10;stage=FileSelect)
[src/runtime/RuntimeContext.cpp:1485][APP - INFO] SMG semantic event name_obj_lifecycle:init_from_placement (object=InvisibleWall10x10;stage=FileSelect;zone=FileSelect;table=jmp/placement/common/objinfo;row=0;l_id=0)
[src/runtime/RuntimeContext.cpp:1485][APP - INFO] SMG semantic event sequence:stage_host_initialized (host=InvisibleWall10x10;stage=FileSelect)
[src/runtime/RuntimeContext.cpp:1485][APP - INFO] SMG semantic event placement:stage_object (stage=FileSelect;zone=FileSelect;zone_id=0;scenario=1;layer=common;table=jmp/placement/common/objinfo;object=FileSelector;factory=created;support_reason=original_factory;common_path_id=-1;rail_info_attached=false;rail_path_row=-1;rail_point_count=0;rail_first_point=none;model_archive=FileSelector;object_archive=)
[src/runtime/RuntimeContext.cpp:1485][APP - INFO] SMG semantic event name_obj_lifecycle:archive_request (object=FileSelector;archive=FileInfo;kind=layout;loaded=true;disc_path=FileInfo.arc)
[src/runtime/RuntimeContext.cpp:1485][APP - INFO] SMG semantic event name_obj_lifecycle:archive_request (object=FileSelector;archive=FileSelect;kind=layout;loaded=true;disc_path=FileSelect.arc)
[src/runtime/RuntimeContext.cpp:1485][APP - INFO] SMG semantic event name_obj_lifecycle:archive_request (object=FileSelector;archive=FileSelectDataPlanet;kind=object;loaded=true;disc_path=FileSelectDataPlanet.arc)
[src/runtime/RuntimeContext.cpp:1485][APP - INFO] SMG semantic event name_obj_lifecycle:archive_request (object=FileSelector;archive=FileSelectDataMario;kind=object;loaded=true;disc_path=FileSelectDataMario.arc)
[src/runtime/RuntimeContext.cpp:1485][APP - INFO] SMG semantic event name_obj_lifecycle:archive_request (object=FileSelector;archive=FileSelectDataYoshi;kind=object;loaded=true;disc_path=FileSelectDataYoshi.arc)
[src/runtime/RuntimeContext.cpp:1485][APP - INFO] SMG semantic event name_obj_lifecycle:archive_request (object=FileSelector;archive=FileSelectDataLuigi;kind=object;loaded=true;disc_path=FileSelectDataLuigi.arc)
[src/runtime/RuntimeContext.cpp:1485][APP - INFO] SMG semantic event name_obj_lifecycle:archive_request (object=FileSelector;archive=FileSelectDataPeach;kind=object;loaded=true;disc_path=FileSelectDataPeach.arc)
[src/runtime/RuntimeContext.cpp:1485][APP - INFO] SMG semantic event name_obj_lifecycle:archive_request (object=FileSelector;archive=FileSelectDataKinopio;kind=object;loaded=true;disc_path=FileSelectDataKinopio.arc)
[src/runtime/RuntimeContext.cpp:1485][APP - INFO] SMG semantic event name_obj_lifecycle:archive_request (object=FileSelector;archive=CometNearOrbitSky;kind=object;loaded=true;disc_path=CometNearOrbitSky.arc)
[src/runtime/RuntimeContext.cpp:1485][APP - INFO] SMG semantic event name_obj_lifecycle:archive_request (object=FileSelector;archive=MiiFaceDatabase;kind=object;loaded=true;disc_path=MiiFaceDatabase.arc)
[src/runtime/RuntimeContext.cpp:1485][APP - INFO] SMG semantic event name_obj_lifecycle:archive_request (object=FileSelector;archive=BackButton;kind=layout;loaded=true;disc_path=BackButton.arc)
[src/runtime/RuntimeContext.cpp:1485][APP - INFO] SMG semantic event name_obj_lifecycle:archive_request (object=FileSelector;archive=FileNumber;kind=layout;loaded=true;disc_path=FileNumber.arc)
[src/runtime/RuntimeContext.cpp:1485][APP - INFO] SMG semantic event name_obj_lifecycle:archive_request (object=FileSelector;archive=TitleLogo;kind=layout;loaded=true;disc_path=TitleLogo.arc)
[src/runtime/RuntimeContext.cpp:1485][APP - INFO] SMG semantic event name_obj_lifecycle:archive_request (object=FileSelector;archive=PressStart;kind=layout;loaded=true;disc_path=PressStart.arc)
[src/runtime/RuntimeContext.cpp:1485][APP - INFO] SMG semantic event name_obj_lifecycle:archive_request (object=FileSelector;archive=MiiSelect;kind=layout;loaded=true;disc_path=MiiSelect.arc)
[src/runtime/RuntimeContext.cpp:1485][APP - INFO] SMG semantic event name_obj_lifecycle:archive_request (object=FileSelector;archive=MiiIcon;kind=layout;loaded=true;disc_path=MiiIcon.arc)
[src/runtime/RuntimeContext.cpp:1485][APP - INFO] SMG semantic event name_obj_lifecycle:archive_request (object=FileSelector;archive=MiiConfirmIcon;kind=layout;loaded=true;disc_path=MiiConfirmIcon.arc)
[src/runtime/RuntimeContext.cpp:1485][APP - INFO] SMG semantic event name_obj_lifecycle:archive_request (object=FileSelector;archive=BrosButton;kind=layout;loaded=true;disc_path=BrosButton.arc)
[src/runtime/RuntimeContext.cpp:1485][APP - INFO] SMG semantic event name_obj_lifecycle:archive_request (object=FileSelector;archive=P2Manual;kind=layout;loaded=true;disc_path=P2Manual.arc)
[src/runtime/RuntimeContext.cpp:1485][APP - INFO] SMG semantic event name_obj_lifecycle:archive_request (object=FileSelector;archive=MiniatureGalaxySelect;kind=object;loaded=true;disc_path=MiniatureGalaxySelect.arc)
[src/runtime/RuntimeContext.cpp:1485][APP - INFO] SMG semantic event name_obj_lifecycle:archive_request (object=FileSelector;archive=SysPALInfo;kind=layout;loaded=true;disc_path=SysPALInfo.arc)
[src/runtime/RuntimeContext.cpp:1485][APP - INFO] SMG semantic event name_obj_lifecycle:archive_request (object=FileSelector;archive=MiiFont;kind=layout;loaded=true;disc_path=MiiFont.arc)
[src/runtime/RuntimeContext.cpp:1485][APP - INFO] SMG semantic event name_obj_lifecycle:construct (object=FileSelector;actor=FileSelector)
[src/runtime/RuntimeContext.cpp:1485][APP - INFO] SMG semantic event sequence:stage_host_constructed (host=FileSelector;stage=FileSelect)
[src/runtime/RuntimeContext.cpp:1485][APP - INFO] SMG semantic event name_obj_lifecycle:init_from_placement (object=FileSelector;stage=FileSelect;zone=FileSelect;table=jmp/placement/common/objinfo;row=1;l_id=2)
[src/runtime/RuntimeContext.cpp:1485][APP - INFO] SMG semantic event name_obj_lifecycle:connect_to_scene (object=FileSelector;kind=name_obj;movement=33;calc_anim=-1;draw_buffer=-1;draw_type=-1)
[src/runtime/RuntimeContext.cpp:1485][APP - INFO] SMG semantic event name_obj_lifecycle:connect_to_scene (object=ファイル選択カメラ;kind=name_obj;movement=34;calc_anim=-1;draw_buffer=-1;draw_type=-1)
[src/runtime/RuntimeContext.cpp:1485][APP - INFO] SMG semantic event name_obj_lifecycle:connect_to_scene (object=ファイル選択空;kind=live_actor_model;movement=36;calc_anim=5;draw_buffer=1;draw_type=-1)
[src/runtime/RuntimeContext.cpp:1413][APP - INFO] Registered effect keeper ファイル選択空 group CometNearOrbitSky capacity 0
[src/runtime/RuntimeContext.cpp:1485][APP - INFO] SMG semantic event name_obj_lifecycle:connect_to_scene (object=ファイルセレクトアイテム;kind=name_obj;movement=34;calc_anim=-1;draw_buffer=-1;draw_type=-1)
[src/runtime/RuntimeContext.cpp:1485][APP - INFO] SMG semantic event name_obj_lifecycle:connect_to_scene (object=ニューフェイス;kind=live_actor_model;movement=43;calc_anim=11;draw_buffer=8;draw_type=-1)
[src/runtime/RuntimeContext.cpp:1413][APP - INFO] Registered effect keeper ニューフェイス group FileSelectDataPlanet capacity 8
[src/runtime/RuntimeContext.cpp:1485][APP - INFO] SMG semantic event name_obj_lifecycle:connect_to_scene (object=キャラフェイス;kind=live_actor_model;movement=40;calc_anim=6;draw_buffer=16;draw_type=-1)
[src/runtime/RuntimeContext.cpp:1413][APP - INFO] Registered effect keeper キャラフェイス group FileSelectDataMario capacity 0
[src/runtime/RuntimeContext.cpp:1485][APP - INFO] SMG semantic event name_obj_lifecycle:connect_to_scene (object=キャラフェイス;kind=live_actor_model;movement=40;calc_anim=6;draw_buffer=16;draw_type=-1)
[src/runtime/RuntimeContext.cpp:1413][APP - INFO] Registered effect keeper キャラフェイス group FileSelectDataLuigi capacity 0
[src/runtime/RuntimeContext.cpp:1485][APP - INFO] SMG semantic event name_obj_lifecycle:connect_to_scene (object=キャラフェイス;kind=live_actor_model;movement=40;calc_anim=6;draw_buffer=16;draw_type=-1)
[src/runtime/RuntimeContext.cpp:1413][APP - INFO] Registered effect keeper キャラフェイス group FileSelectDataYoshi capacity 0
[src/runtime/RuntimeContext.cpp:1485][APP - INFO] SMG semantic event name_obj_lifecycle:connect_to_scene (object=キャラフェイス;kind=live_actor_model;movement=40;calc_anim=6;draw_buffer=16;draw_type=-1)
[src/runtime/RuntimeContext.cpp:1413][APP - INFO] Registered effect keeper キャラフェイス group FileSelectDataKinopio capacity 0
[src/runtime/RuntimeContext.cpp:1485][APP - INFO] SMG semantic event name_obj_lifecycle:connect_to_scene (object=キャラフェイス;kind=live_actor_model;movement=40;calc_anim=6;draw_buffer=16;draw_type=-1)
[src/runtime/RuntimeContext.cpp:1413][APP - INFO] Registered effect keeper キャラフェイス group FileSelectDataPeach capacity 0
[src/runtime/RuntimeContext.cpp:1485][APP - INFO] SMG semantic event name_obj_lifecycle:connect_to_scene (object=ファイル番号;kind=layout;movement=14;calc_anim=-1;draw_buffer=-1;draw_type=60)
[src/runtime/RuntimeContext.cpp:1440][APP - INFO] Resolved original layout archive FileNumber -> /LayoutData/FileNumber.arc
[src/runtime/RuntimeContext.cpp:1485][APP - INFO] SMG semantic event name_obj_lifecycle:connect_to_scene (object=ファイル番号;kind=layout_actor;movement=14;calc_anim=13;draw_buffer=-1;draw_type=60)
[src/runtime/RuntimeContext.cpp:1485][APP - INFO] SMG semantic event name_obj_lifecycle:connect_to_scene (object=ファイルセレクトアイテム;kind=name_obj;movement=34;calc_anim=-1;draw_buffer=-1;draw_type=-1)
[src/runtime/RuntimeContext.cpp:1485][APP - INFO] SMG semantic event name_obj_lifecycle:connect_to_scene (object=ニューフェイス;kind=live_actor_model;movement=43;calc_anim=11;draw_buffer=8;draw_type=-1)
[src/runtime/RuntimeContext.cpp:1413][APP - INFO] Registered effect keeper ニューフェイス group FileSelectDataPlanet capacity 8
[src/runtime/RuntimeContext.cpp:1485][APP - INFO] SMG semantic event name_obj_lifecycle:connect_to_scene (object=キャラフェイス;kind=live_actor_model;movement=40;calc_anim=6;draw_buffer=16;draw_type=-1)
[src/runtime/RuntimeContext.cpp:1413][APP - INFO] Registered effect keeper キャラフェイス group FileSelectDataMario capacity 0
[src/runtime/RuntimeContext.cpp:1485][APP - INFO] SMG semantic event name_obj_lifecycle:connect_to_scene (object=キャラフェイス;kind=live_actor_model;movement=40;calc_anim=6;draw_buffer=16;draw_type=-1)
[src/runtime/RuntimeContext.cpp:1413][APP - INFO] Registered effect keeper キャラフェイス group FileSelectDataLuigi capacity 0
[src/runtime/RuntimeContext.cpp:1485][APP - INFO] SMG semantic event name_obj_lifecycle:connect_to_scene (object=キャラフェイス;kind=live_actor_model;movement=40;calc_anim=6;draw_buffer=16;draw_type=-1)
[src/runtime/RuntimeContext.cpp:1413][APP - INFO] Registered effect keeper キャラフェイス group FileSelectDataYoshi capacity 0
[src/runtime/RuntimeContext.cpp:1485][APP - INFO] SMG semantic event name_obj_lifecycle:connect_to_scene (object=キャラフェイス;kind=live_actor_model;movement=40;calc_anim=6;draw_buffer=16;draw_type=-1)
[src/runtime/RuntimeContext.cpp:1413][APP - INFO] Registered effect keeper キャラフェイス group FileSelectDataKinopio capacity 0
[src/runtime/RuntimeContext.cpp:1485][APP - INFO] SMG semantic event name_obj_lifecycle:connect_to_scene (object=キャラフェイス;kind=live_actor_model;movement=40;calc_anim=6;draw_buffer=16;draw_type=-1)
[src/runtime/RuntimeContext.cpp:1413][APP - INFO] Registered effect keeper キャラフェイス group FileSelectDataPeach capacity 0
[src/runtime/RuntimeContext.cpp:1485][APP - INFO] SMG semantic event name_obj_lifecycle:connect_to_scene (object=ファイル番号;kind=layout;movement=14;calc_anim=-1;draw_buffer=-1;draw_type=60)
[src/runtime/RuntimeContext.cpp:1440][APP - INFO] Resolved original layout archive FileNumber -> /LayoutData/FileNumber.arc
[src/runtime/RuntimeContext.cpp:1485][APP - INFO] SMG semantic event name_obj_lifecycle:connect_to_scene (object=ファイル番号;kind=layout_actor;movement=14;calc_anim=13;draw_buffer=-1;draw_type=60)
[src/runtime/RuntimeContext.cpp:1485][APP - INFO] SMG semantic event name_obj_lifecycle:connect_to_scene (object=ファイルセレクトアイテム;kind=name_obj;movement=34;calc_anim=-1;draw_buffer=-1;draw_type=-1)
[src/runtime/RuntimeContext.cpp:1485][APP - INFO] SMG semantic event name_obj_lifecycle:connect_to_scene (object=ニューフェイス;kind=live_actor_model;movement=43;calc_anim=11;draw_buffer=8;draw_type=-1)
[src/runtime/RuntimeContext.cpp:1413][APP - INFO] Registered effect keeper ニューフェイス group FileSelectDataPlanet capacity 8
[src/runtime/RuntimeContext.cpp:1485][APP - INFO] SMG semantic event name_obj_lifecycle:connect_to_scene (object=キャラフェイス;kind=live_actor_model;movement=40;calc_anim=6;draw_buffer=16;draw_type=-1)
[src/runtime/RuntimeContext.cpp:1413][APP - INFO] Registered effect keeper キャラフェイス group FileSelectDataMario capacity 0
[src/runtime/RuntimeContext.cpp:1485][APP - INFO] SMG semantic event name_obj_lifecycle:connect_to_scene (object=キャラフェイス;kind=live_actor_model;movement=40;calc_anim=6;draw_buffer=16;draw_type=-1)
[src/runtime/RuntimeContext.cpp:1413][APP - INFO] Registered effect keeper キャラフェイス group FileSelectDataLuigi capacity 0
[src/runtime/RuntimeContext.cpp:1485][APP - INFO] SMG semantic event name_obj_lifecycle:connect_to_scene (object=キャラフェイス;kind=live_actor_model;movement=40;calc_anim=6;draw_buffer=16;draw_type=-1)
[src/runtime/RuntimeContext.cpp:1413][APP - INFO] Registered effect keeper キャラフェイス group FileSelectDataYoshi capacity 0
[src/runtime/RuntimeContext.cpp:1485][APP - INFO] SMG semantic event name_obj_lifecycle:connect_to_scene (object=キャラフェイス;kind=live_actor_model;movement=40;calc_anim=6;draw_buffer=16;draw_type=-1)
[src/runtime/RuntimeContext.cpp:1413][APP - INFO] Registered effect keeper キャラフェイス group FileSelectDataKinopio capacity 0
[src/runtime/RuntimeContext.cpp:1485][APP - INFO] SMG semantic event name_obj_lifecycle:connect_to_scene (object=キャラフェイス;kind=live_actor_model;movement=40;calc_anim=6;draw_buffer=16;draw_type=-1)
[src/runtime/RuntimeContext.cpp:1413][APP - INFO] Registered effect keeper キャラフェイス group FileSelectDataPeach capacity 0
[src/runtime/RuntimeContext.cpp:1485][APP - INFO] SMG semantic event name_obj_lifecycle:connect_to_scene (object=ファイル番号;kind=layout;movement=14;calc_anim=-1;draw_buffer=-1;draw_type=60)
[src/runtime/RuntimeContext.cpp:1440][APP - INFO] Resolved original layout archive FileNumber -> /LayoutData/FileNumber.arc
[src/runtime/RuntimeContext.cpp:1485][APP - INFO] SMG semantic event name_obj_lifecycle:connect_to_scene (object=ファイル番号;kind=layout_actor;movement=14;calc_anim=13;draw_buffer=-1;draw_type=60)
[src/runtime/RuntimeContext.cpp:1485][APP - INFO] SMG semantic event name_obj_lifecycle:connect_to_scene (object=ファイルセレクトアイテム;kind=name_obj;movement=34;calc_anim=-1;draw_buffer=-1;draw_type=-1)
[src/runtime/RuntimeContext.cpp:1485][APP - INFO] SMG semantic event name_obj_lifecycle:connect_to_scene (object=ニューフェイス;kind=live_actor_model;movement=43;calc_anim=11;draw_buffer=8;draw_type=-1)
[src/runtime/RuntimeContext.cpp:1413][APP - INFO] Registered effect keeper ニューフェイス group FileSelectDataPlanet capacity 8
[src/runtime/RuntimeContext.cpp:1485][APP - INFO] SMG semantic event name_obj_lifecycle:connect_to_scene (object=キャラフェイス;kind=live_actor_model;movement=40;calc_anim=6;draw_buffer=16;draw_type=-1)
[src/runtime/RuntimeContext.cpp:1413][APP - INFO] Registered effect keeper キャラフェイス group FileSelectDataMario capacity 0
[src/runtime/RuntimeContext.cpp:1485][APP - INFO] SMG semantic event name_obj_lifecycle:connect_to_scene (object=キャラフェイス;kind=live_actor_model;movement=40;calc_anim=6;draw_buffer=16;draw_type=-1)
[src/runtime/RuntimeContext.cpp:1413][APP - INFO] Registered effect keeper キャラフェイス group FileSelectDataLuigi capacity 0
[src/runtime/RuntimeContext.cpp:1485][APP - INFO] SMG semantic event name_obj_lifecycle:connect_to_scene (object=キャラフェイス;kind=live_actor_model;movement=40;calc_anim=6;draw_buffer=16;draw_type=-1)
[src/runtime/RuntimeContext.cpp:1413][APP - INFO] Registered effect keeper キャラフェイス group FileSelectDataYoshi capacity 0
[src/runtime/RuntimeContext.cpp:1485][APP - INFO] SMG semantic event name_obj_lifecycle:connect_to_scene (object=キャラフェイス;kind=live_actor_model;movement=40;calc_anim=6;draw_buffer=16;draw_type=-1)
[src/runtime/RuntimeContext.cpp:1413][APP - INFO] Registered effect keeper キャラフェイス group FileSelectDataKinopio capacity 0
[src/runtime/RuntimeContext.cpp:1485][APP - INFO] SMG semantic event name_obj_lifecycle:connect_to_scene (object=キャラフェイス;kind=live_actor_model;movement=40;calc_anim=6;draw_buffer=16;draw_type=-1)
[src/runtime/RuntimeContext.cpp:1413][APP - INFO] Registered effect keeper キャラフェイス group FileSelectDataPeach capacity 0
[src/runtime/RuntimeContext.cpp:1485][APP - INFO] SMG semantic event name_obj_lifecycle:connect_to_scene (object=ファイル番号;kind=layout;movement=14;calc_anim=-1;draw_buffer=-1;draw_type=60)
[src/runtime/RuntimeContext.cpp:1440][APP - INFO] Resolved original layout archive FileNumber -> /LayoutData/FileNumber.arc
[src/runtime/RuntimeContext.cpp:1485][APP - INFO] SMG semantic event name_obj_lifecycle:connect_to_scene (object=ファイル番号;kind=layout_actor;movement=14;calc_anim=13;draw_buffer=-1;draw_type=60)
[src/runtime/RuntimeContext.cpp:1485][APP - INFO] SMG semantic event name_obj_lifecycle:connect_to_scene (object=ファイルセレクトアイテム;kind=name_obj;movement=34;calc_anim=-1;draw_buffer=-1;draw_type=-1)
[src/runtime/RuntimeContext.cpp:1485][APP - INFO] SMG semantic event name_obj_lifecycle:connect_to_scene (object=ニューフェイス;kind=live_actor_model;movement=43;calc_anim=11;draw_buffer=8;draw_type=-1)
[src/runtime/RuntimeContext.cpp:1413][APP - INFO] Registered effect keeper ニューフェイス group FileSelectDataPlanet capacity 8
[src/runtime/RuntimeContext.cpp:1485][APP - INFO] SMG semantic event name_obj_lifecycle:connect_to_scene (object=キャラフェイス;kind=live_actor_model;movement=40;calc_anim=6;draw_buffer=16;draw_type=-1)
[src/runtime/RuntimeContext.cpp:1413][APP - INFO] Registered effect keeper キャラフェイス group FileSelectDataMario capacity 0
[src/runtime/RuntimeContext.cpp:1485][APP - INFO] SMG semantic event name_obj_lifecycle:connect_to_scene (object=キャラフェイス;kind=live_actor_model;movement=40;calc_anim=6;draw_buffer=16;draw_type=-1)
[src/runtime/RuntimeContext.cpp:1413][APP - INFO] Registered effect keeper キャラフェイス group FileSelectDataLuigi capacity 0
[src/runtime/RuntimeContext.cpp:1485][APP - INFO] SMG semantic event name_obj_lifecycle:connect_to_scene (object=キャラフェイス;kind=live_actor_model;movement=40;calc_anim=6;draw_buffer=16;draw_type=-1)
[src/runtime/RuntimeContext.cpp:1413][APP - INFO] Registered effect keeper キャラフェイス group FileSelectDataYoshi capacity 0
[src/runtime/RuntimeContext.cpp:1485][APP - INFO] SMG semantic event name_obj_lifecycle:connect_to_scene (object=キャラフェイス;kind=live_actor_model;movement=40;calc_anim=6;draw_buffer=16;draw_type=-1)
[src/runtime/RuntimeContext.cpp:1413][APP - INFO] Registered effect keeper キャラフェイス group FileSelectDataKinopio capacity 0
[src/runtime/RuntimeContext.cpp:1485][APP - INFO] SMG semantic event name_obj_lifecycle:connect_to_scene (object=キャラフェイス;kind=live_actor_model;movement=40;calc_anim=6;draw_buffer=16;draw_type=-1)
[src/runtime/RuntimeContext.cpp:1413][APP - INFO] Registered effect keeper キャラフェイス group FileSelectDataPeach capacity 0
[src/runtime/RuntimeContext.cpp:1485][APP - INFO] SMG semantic event name_obj_lifecycle:connect_to_scene (object=ファイル番号;kind=layout;movement=14;calc_anim=-1;draw_buffer=-1;draw_type=60)
[src/runtime/RuntimeContext.cpp:1440][APP - INFO] Resolved original layout archive FileNumber -> /LayoutData/FileNumber.arc
[src/runtime/RuntimeContext.cpp:1485][APP - INFO] SMG semantic event name_obj_lifecycle:connect_to_scene (object=ファイル番号;kind=layout_actor;movement=14;calc_anim=13;draw_buffer=-1;draw_type=60)
[src/runtime/RuntimeContext.cpp:1485][APP - INFO] SMG semantic event name_obj_lifecycle:connect_to_scene (object=ファイルセレクトアイテム;kind=name_obj;movement=34;calc_anim=-1;draw_buffer=-1;draw_type=-1)
[src/runtime/RuntimeContext.cpp:1485][APP - INFO] SMG semantic event name_obj_lifecycle:connect_to_scene (object=ニューフェイス;kind=live_actor_model;movement=43;calc_anim=11;draw_buffer=8;draw_type=-1)
[src/runtime/RuntimeContext.cpp:1413][APP - INFO] Registered effect keeper ニューフェイス group FileSelectDataPlanet capacity 8
[src/runtime/RuntimeContext.cpp:1485][APP - INFO] SMG semantic event name_obj_lifecycle:connect_to_scene (object=キャラフェイス;kind=live_actor_model;movement=40;calc_anim=6;draw_buffer=16;draw_type=-1)
[src/runtime/RuntimeContext.cpp:1413][APP - INFO] Registered effect keeper キャラフェイス group FileSelectDataMario capacity 0
[src/runtime/RuntimeContext.cpp:1485][APP - INFO] SMG semantic event name_obj_lifecycle:connect_to_scene (object=キャラフェイス;kind=live_actor_model;movement=40;calc_anim=6;draw_buffer=16;draw_type=-1)
[src/runtime/RuntimeContext.cpp:1413][APP - INFO] Registered effect keeper キャラフェイス group FileSelectDataLuigi capacity 0
[src/runtime/RuntimeContext.cpp:1485][APP - INFO] SMG semantic event name_obj_lifecycle:connect_to_scene (object=キャラフェイス;kind=live_actor_model;movement=40;calc_anim=6;draw_buffer=16;draw_type=-1)
[src/runtime/RuntimeContext.cpp:1413][APP - INFO] Registered effect keeper キャラフェイス group FileSelectDataYoshi capacity 0
[src/runtime/RuntimeContext.cpp:1485][APP - INFO] SMG semantic event name_obj_lifecycle:connect_to_scene (object=キャラフェイス;kind=live_actor_model;movement=40;calc_anim=6;draw_buffer=16;draw_type=-1)
[src/runtime/RuntimeContext.cpp:1413][APP - INFO] Registered effect keeper キャラフェイス group FileSelectDataKinopio capacity 0
[src/runtime/RuntimeContext.cpp:1485][APP - INFO] SMG semantic event name_obj_lifecycle:connect_to_scene (object=キャラフェイス;kind=live_actor_model;movement=40;calc_anim=6;draw_buffer=16;draw_type=-1)
[src/runtime/RuntimeContext.cpp:1413][APP - INFO] Registered effect keeper キャラフェイス group FileSelectDataPeach capacity 0
[src/runtime/RuntimeContext.cpp:1485][APP - INFO] SMG semantic event name_obj_lifecycle:connect_to_scene (object=ファイル番号;kind=layout;movement=14;calc_anim=-1;draw_buffer=-1;draw_type=60)
[src/runtime/RuntimeContext.cpp:1440][APP - INFO] Resolved original layout archive FileNumber -> /LayoutData/FileNumber.arc
[src/runtime/RuntimeContext.cpp:1485][APP - INFO] SMG semantic event name_obj_lifecycle:connect_to_scene (object=ファイル番号;kind=layout_actor;movement=14;calc_anim=13;draw_buffer=-1;draw_type=60)
[src/runtime/RuntimeContext.cpp:1485][APP - INFO] SMG semantic event name_obj_lifecycle:connect_to_scene (object=ファイル選択ボタン;kind=layout;movement=14;calc_anim=-1;draw_buffer=-1;draw_type=60)
[src/runtime/RuntimeContext.cpp:1440][APP - INFO] Resolved original layout archive FileSelect -> /LayoutData/FileSelect.arc
[src/runtime/RuntimeContext.cpp:1485][APP - INFO] SMG semantic event name_obj_lifecycle:connect_to_scene (object=Galaxy情報簡易表示;kind=layout;movement=14;calc_anim=-1;draw_buffer=-1;draw_type=60)
[src/runtime/RuntimeContext.cpp:1440][APP - INFO] Resolved original layout archive GalaxyNamePlate -> /LayoutData/GalaxyNamePlate.arc
[src/runtime/RuntimeContext.cpp:1485][APP - INFO] SMG semantic event name_obj_lifecycle:connect_to_scene (object=Galaxy情報簡易表示;kind=layout_actor;movement=15;calc_anim=14;draw_buffer=-1;draw_type=61)
[src/runtime/RuntimeContext.cpp:1485][APP - INFO] SMG semantic event name_obj_lifecycle:connect_to_scene (object=ファイル選択ボタン;kind=layout_actor;movement=14;calc_anim=13;draw_buffer=-1;draw_type=60)
[src/runtime/RuntimeContext.cpp:1485][APP - INFO] SMG semantic event name_obj_lifecycle:connect_to_scene (object=戻るボタン;kind=layout;movement=14;calc_anim=-1;draw_buffer=-1;draw_type=60)
[src/runtime/RuntimeContext.cpp:1440][APP - INFO] Resolved original layout archive BackButton -> /LayoutData/BackButton.arc
[src/runtime/RuntimeContext.cpp:1485][APP - INFO] SMG semantic event name_obj_lifecycle:connect_to_scene (object=戻るボタン;kind=layout_actor;movement=14;calc_anim=13;draw_buffer=-1;draw_type=61)
[src/runtime/RuntimeContext.cpp:1485][APP - INFO] SMG semantic event name_obj_lifecycle:connect_to_scene (object=ルイージ切り替えボタン;kind=layout;movement=14;calc_anim=-1;draw_buffer=-1;draw_type=60)
[src/runtime/RuntimeContext.cpp:1440][APP - INFO] Resolved original layout archive BrosButton -> /LayoutData/BrosButton.arc
[src/runtime/RuntimeContext.cpp:1485][APP - INFO] SMG semantic event name_obj_lifecycle:connect_to_scene (object=ルイージ切り替えボタン;kind=layout_actor;movement=14;calc_anim=13;draw_buffer=-1;draw_type=60)
[src/runtime/RuntimeContext.cpp:1485][APP - INFO] SMG semantic event name_obj_lifecycle:connect_to_scene (object=インフォメーションメッセージ;kind=layout;movement=14;calc_anim=-1;draw_buffer=-1;draw_type=60)
[src/runtime/RuntimeContext.cpp:1440][APP - INFO] Resolved original layout archive InformationWindow -> /LayoutData/InformationWindow.arc
[src/runtime/RuntimeContext.cpp:1485][APP - INFO] SMG semantic event name_obj_lifecycle:connect_to_scene (object=インフォメーションメッセージ;kind=layout_actor;movement=15;calc_anim=14;draw_buffer=-1;draw_type=61)
[src/runtime/RuntimeContext.cpp:1485][APP - INFO] SMG semantic event name_obj_lifecycle:connect_to_scene (object=Aボタンアイコン;kind=layout_actor;movement=14;calc_anim=13;draw_buffer=-1;draw_type=67)
[src/runtime/RuntimeContext.cpp:1485][APP - INFO] SMG semantic event name_obj_lifecycle:connect_to_scene (object=Aボタンアイコン;kind=layout;movement=14;calc_anim=-1;draw_buffer=-1;draw_type=60)
[src/runtime/RuntimeContext.cpp:1440][APP - INFO] Resolved original layout archive IconAButton -> /LayoutData/IconAButton.arc
[src/runtime/RuntimeContext.cpp:1485][APP - INFO] SMG semantic event name_obj_lifecycle:connect_to_scene (object=システム用インフォメーションウィンドウ;kind=layout;movement=14;calc_anim=-1;draw_buffer=-1;draw_type=60)
[src/runtime/RuntimeContext.cpp:1440][APP - INFO] Resolved original layout archive SysInfoWindow -> /LayoutData/SysInfoWindow.arc
[src/runtime/RuntimeContext.cpp:1485][APP - INFO] SMG semantic event name_obj_lifecycle:connect_to_scene (object=Aボタンアイコン;kind=layout_actor;movement=14;calc_anim=13;draw_buffer=-1;draw_type=67)
[src/runtime/RuntimeContext.cpp:1485][APP - INFO] SMG semantic event name_obj_lifecycle:connect_to_scene (object=Aボタンアイコン;kind=layout;movement=14;calc_anim=-1;draw_buffer=-1;draw_type=60)
[src/runtime/RuntimeContext.cpp:1440][APP - INFO] Resolved original layout archive IconAButton -> /LayoutData/IconAButton.arc
[src/runtime/RuntimeContext.cpp:1485][APP - INFO] SMG semantic event name_obj_lifecycle:connect_to_scene (object=システム用インフォメーションウィンドウ;kind=layout_actor;movement=14;calc_anim=13;draw_buffer=-1;draw_type=60)
[src/runtime/RuntimeContext.cpp:1485][APP - INFO] SMG semantic event name_obj_lifecycle:connect_to_scene (object=システム用インフォメーションウィンドウ;kind=layout;movement=14;calc_anim=-1;draw_buffer=-1;draw_type=60)
[src/runtime/RuntimeContext.cpp:1440][APP - INFO] Resolved original layout archive SysInfoWindowMini -> /LayoutData/SysInfoWindowMini.arc
[src/runtime/RuntimeContext.cpp:1485][APP - INFO] SMG semantic event name_obj_lifecycle:connect_to_scene (object=Aボタンアイコン;kind=layout;movement=14;calc_anim=-1;draw_buffer=-1;draw_type=60)
[src/runtime/RuntimeContext.cpp:1440][APP - INFO] Resolved original layout archive IconAButton -> /LayoutData/IconAButton.arc
[src/runtime/RuntimeContext.cpp:1485][APP - INFO] SMG semantic event name_obj_lifecycle:connect_to_scene (object=システム用インフォメーションウィンドウ;kind=layout_actor;movement=14;calc_anim=13;draw_buffer=-1;draw_type=60)
[src/runtime/RuntimeContext.cpp:1485][APP - INFO] SMG semantic event name_obj_lifecycle:connect_to_scene (object=ファイル情報;kind=layout;movement=14;calc_anim=-1;draw_buffer=-1;draw_type=60)
[src/runtime/RuntimeContext.cpp:1440][APP - INFO] Resolved original layout archive FileInfo -> /LayoutData/FileInfo.arc
[src/runtime/RuntimeContext.cpp:1485][APP - INFO] SMG semantic event name_obj_lifecycle:connect_to_scene (object=ファイル情報;kind=layout_actor;movement=14;calc_anim=13;draw_buffer=-1;draw_type=60)
[src/runtime/RuntimeContext.cpp:1485][APP - INFO] SMG semantic event name_obj_lifecycle:connect_to_scene (object=ロゴ;kind=layout;movement=14;calc_anim=-1;draw_buffer=-1;draw_type=60)
[src/runtime/RuntimeContext.cpp:1440][APP - INFO] Resolved original layout archive TitleLogo -> /KrKorean/LayoutData/TitleLogo.arc
[src/runtime/RuntimeContext.cpp:1413][APP - INFO] Registered effect keeper ロゴ group TitleLogo capacity 1
[src/runtime/RuntimeContext.cpp:1485][APP - INFO] SMG semantic event name_obj_lifecycle:connect_to_scene (object=Press[A][B];kind=layout;movement=14;calc_anim=-1;draw_buffer=-1;draw_type=60)
[src/runtime/RuntimeContext.cpp:1440][APP - INFO] Resolved original layout archive PressStart -> /KrKorean/LayoutData/PressStart.arc
[src/runtime/RuntimeContext.cpp:1485][APP - INFO] SMG semantic event name_obj_lifecycle:connect_to_scene (object=PAL60案内;kind=layout;movement=14;calc_anim=-1;draw_buffer=-1;draw_type=60)
[src/runtime/RuntimeContext.cpp:1440][APP - INFO] Resolved original layout archive SysPALInfo -> /LayoutData/SysPALInfo.arc
[src/runtime/RuntimeContext.cpp:1485][APP - INFO] SMG semantic event name_obj_lifecycle:connect_to_scene (object=MiiSelect;kind=layout;movement=14;calc_anim=-1;draw_buffer=-1;draw_type=60)
[src/runtime/RuntimeContext.cpp:1440][APP - INFO] Resolved original layout archive MiiSelect -> /LayoutData/MiiSelect.arc
[src/runtime/RuntimeContext.cpp:1485][APP - INFO] SMG semantic event name_obj_lifecycle:connect_to_scene (object=MiiSelect;kind=layout_actor;movement=14;calc_anim=13;draw_buffer=-1;draw_type=60)
[src/runtime/RuntimeContext.cpp:1485][APP - INFO] SMG semantic event name_obj_lifecycle:connect_to_scene (object=Mii確認用アイコン;kind=layout;movement=14;calc_anim=-1;draw_buffer=-1;draw_type=60)
[src/runtime/RuntimeContext.cpp:1440][APP - INFO] Resolved original layout archive MiiConfirmIcon -> /LayoutData/MiiConfirmIcon.arc
[src/runtime/RuntimeContext.cpp:1485][APP - INFO] SMG semantic event name_obj_lifecycle:connect_to_scene (object=Mii確認用アイコン;kind=layout_actor;movement=14;calc_anim=13;draw_buffer=-1;draw_type=61)
[src/runtime/RuntimeContext.cpp:1485][APP - INFO] SMG semantic event name_obj_lifecycle:connect_to_scene (object=２Ｐマニュアル;kind=layout;movement=14;calc_anim=-1;draw_buffer=-1;draw_type=60)
[src/runtime/RuntimeContext.cpp:1440][APP - INFO] Resolved original layout archive P2Manual -> /LayoutData/P2Manual.arc
[src/runtime/RuntimeContext.cpp:1485][APP - INFO] SMG semantic event name_obj_lifecycle:connect_to_scene (object=マニュアルの戻るボタン;kind=layout_actor;movement=15;calc_anim=14;draw_buffer=-1;draw_type=61)
[src/runtime/RuntimeContext.cpp:1485][APP - INFO] SMG semantic event name_obj_lifecycle:connect_to_scene (object=マニュアルの戻るボタン;kind=layout;movement=14;calc_anim=-1;draw_buffer=-1;draw_type=60)
[src/runtime/RuntimeContext.cpp:1440][APP - INFO] Resolved original layout archive BackButton -> /LayoutData/BackButton.arc
[src/runtime/RuntimeContext.cpp:1485][APP - INFO] SMG semantic event name_obj_lifecycle:connect_to_scene (object=２Ｐマニュアル;kind=layout_actor;movement=14;calc_anim=13;draw_buffer=-1;draw_type=60)
[src/runtime/RuntimeContext.cpp:1485][APP - INFO] SMG semantic event name_obj_lifecycle:connect_to_scene (object=選択時エフェクト;kind=live_actor_model;movement=34;calc_anim=5;draw_buffer=8;draw_type=-1)
[src/runtime/RuntimeContext.cpp:1485][APP - INFO] SMG semantic event name_obj_lifecycle:connect_to_scene (object=選択時エフェクト;kind=live_actor_model;movement=34;calc_anim=5;draw_buffer=8;draw_type=-1)
[src/runtime/RuntimeContext.cpp:1485][APP - INFO] SMG semantic event name_obj_lifecycle:connect_to_scene (object=選択時エフェクト;kind=live_actor_model;movement=34;calc_anim=5;draw_buffer=8;draw_type=-1)
[src/runtime/RuntimeContext.cpp:1485][APP - INFO] SMG semantic event name_obj_lifecycle:connect_to_scene (object=選択時エフェクト;kind=live_actor_model;movement=34;calc_anim=5;draw_buffer=8;draw_type=-1)
[src/runtime/RuntimeContext.cpp:1485][APP - INFO] SMG semantic event name_obj_lifecycle:connect_to_scene (object=選択時エフェクト;kind=live_actor_model;movement=34;calc_anim=5;draw_buffer=8;draw_type=-1)
[src/runtime/RuntimeContext.cpp:1485][APP - INFO] SMG semantic event name_obj_lifecycle:connect_to_scene (object=選択時エフェクト;kind=live_actor_model;movement=34;calc_anim=5;draw_buffer=8;draw_type=-1)
[src/runtime/RuntimeContext.cpp:1485][APP - INFO] SMG semantic event sequence:stage_host_initialized (host=FileSelector;stage=FileSelect)
[src/runtime/RuntimeContext.cpp:1485][APP - INFO] SMG semantic event placement:stage_object (stage=FileSelect;zone=FileSelect;zone_id=0;scenario=1;layer=common;table=jmp/placement/common/objinfo;object=SphereSelectorHandle;factory=blocked;support_reason=no_original_factory_or_direct_object_archive;common_path_id=-1;rail_info_attached=false;rail_path_row=-1;rail_point_count=0;rail_first_point=none;model_archive=;object_archive=)
[src/runtime/RuntimeContext.cpp:1485][APP - INFO] SMG semantic event placement:stage_object (stage=FileSelect;zone=FileSelect;zone_id=0;scenario=1;layer=common;table=jmp/placement/common/planetobjinfo;object=GlobalPlaneGravityInBox;factory=ignored;support_reason=non_renderable_placement_helper_table;common_path_id=-1;rail_info_attached=false;rail_path_row=-1;rail_point_count=0;rail_first_point=none;model_archive=;object_archive=)
[src/runtime/RuntimeContext.cpp:1485][APP - INFO] SMG semantic event placement:stage_placement_summary (stage=FileSelect;scenario=1;objects=4;created=2;ignored=1;blocked=1)
[src/runtime/RuntimeContext.cpp:1485][APP - INFO] SMG semantic event name_obj_lifecycle:init_after_placement (object=InvisibleWall10x10)
[src/runtime/RuntimeContext.cpp:1485][APP - INFO] SMG semantic event name_obj_lifecycle:init_after_placement (object=FileSelector)
[src/runtime/RuntimeContext.cpp:1485][APP - INFO] SMG semantic event name_obj_lifecycle:connect_to_scene (object=オブジェスリープ管理;kind=name_obj;movement=34;calc_anim=-1;draw_buffer=-1;draw_type=-1)
[src/runtime/RuntimeContext.cpp:1485][APP - INFO] SMG semantic event sequence_state:scene_controller_phase (current_scene=Game;next_scene=FileSelect;current_stage=FileSelect;scene_wipe=Open;system_wipe=Open;draw_phase=;frame=1;phase=ReadyToStartScene)
[src/runtime/RuntimeContext.cpp:1485][APP - INFO] SMG semantic event sequence_state:scene_controller_phase (current_scene=Game;next_scene=FileSelect;current_stage=FileSelect;scene_wipe=Open;system_wipe=Open;draw_phase=;frame=1;phase=Normal)
[src/runtime/RuntimeContext.cpp:1485][APP - INFO] SMG semantic event sequence_state:scene_change_applied (current_scene=Game;next_scene=FileSelect;current_stage=FileSelect;scene_wipe=Open;system_wipe=Open;draw_phase=;frame=1;current_scene=Game;current_stage=FileSelect;scenario=1)
[src/runtime/RuntimeContext.cpp:1485][APP - INFO] SMG semantic event scene_controller:scene_change_applied (current_scene=Game;current_stage=FileSelect;scenario=1)
[src/runtime/RuntimeContext.cpp:1485][APP - INFO] SMG semantic event sequence_state:autorush_begin_sent (current_scene=Game;next_scene=FileSelect;current_stage=FileSelect;scene_wipe=Open;system_wipe=Open;draw_phase=;frame=1;message=ACTMES_AUTORUSH_BEGIN)
[src/runtime/RuntimeContext.cpp:1485][APP - INFO] SMG semantic event sequence:autorush_begin_sent (ACTMES_AUTORUSH_BEGIN)
[src/runtime/RuntimeContext.cpp:1348][APP - INFO] SMG requested stage BGM STM_TITLE
[src/runtime/RuntimeContext.cpp:1353][APP - INFO] SMG unlocked stage BGM
[src/runtime/RuntimeContext.cpp:1485][APP - INFO] SMG semantic event input:wpad_buttons_held (channel=0;buttons=A+B)
[src/runtime/RuntimeContext.cpp:1426][APP - INFO] ロゴ emitted effect TitleLogoLight
[src/runtime/RuntimeContext.cpp:1426][APP - INFO] ロゴ emitted effect TitleLogoLightB
[src/runtime/RuntimeContext.cpp:1426][APP - INFO] ロゴ emitted effect TitleLogoLightC
[src/runtime/RuntimeContext.cpp:1426][APP - INFO] ロゴ emitted effect TitleLogoLightD
[src/runtime/RuntimeContext.cpp:1426][APP - INFO] ロゴ emitted effect TitleLogoLightE
[src/runtime/RuntimeContext.cpp:1426][APP - INFO] ロゴ emitted effect TitleLogoLightF
[src/runtime/RuntimeContext.cpp:1426][APP - INFO] ロゴ emitted effect TitleLogoLightG
[src/runtime/RuntimeContext.cpp:1358][APP - INFO] SMG stopped stage BGM over 75 frames
[src/runtime/RuntimeContext.cpp:1368][APP - INFO] SMG requested system sound SE_SY_GAME_START
[src/runtime/RuntimeContext.cpp:1403][APP - INFO] SMG requested controller speaker sound CS_CLICK_CLOSE
[src/runtime/RuntimeContext.cpp:1436][APP - INFO] ロゴ deleted all effects
[src/runtime/RuntimeContext.cpp:1431][APP - INFO] キャラフェイス deleted effect Complete
[src/runtime/RuntimeContext.cpp:1431][APP - INFO] キャラフェイス deleted effect Complete
[src/runtime/RuntimeContext.cpp:1431][APP - INFO] キャラフェイス deleted effect Complete
[src/runtime/RuntimeContext.cpp:1431][APP - INFO] キャラフェイス deleted effect Complete
[src/runtime/RuntimeContext.cpp:1431][APP - INFO] キャラフェイス deleted effect Complete
[src/runtime/RuntimeContext.cpp:1431][APP - INFO] キャラフェイス deleted effect Complete
[src/runtime/RuntimeContext.cpp:1431][APP - INFO] キャラフェイス deleted effect Complete
[src/runtime/RuntimeContext.cpp:1431][APP - INFO] キャラフェイス deleted effect Complete
[src/runtime/RuntimeContext.cpp:1431][APP - INFO] キャラフェイス deleted effect Complete
[src/runtime/RuntimeContext.cpp:1431][APP - INFO] キャラフェイス deleted effect Complete
[src/runtime/RuntimeContext.cpp:1431][APP - INFO] キャラフェイス deleted effect Complete
[src/runtime/RuntimeContext.cpp:1431][APP - INFO] キャラフェイス deleted effect Complete
[src/runtime/RuntimeContext.cpp:1431][APP - INFO] キャラフェイス deleted effect Complete
[src/runtime/RuntimeContext.cpp:1431][APP - INFO] キャラフェイス deleted effect Complete
[src/runtime/RuntimeContext.cpp:1431][APP - INFO] キャラフェイス deleted effect Complete
[src/runtime/RuntimeContext.cpp:1431][APP - INFO] キャラフェイス deleted effect Complete
[src/runtime/RuntimeContext.cpp:1431][APP - INFO] キャラフェイス deleted effect Complete
[src/runtime/RuntimeContext.cpp:1431][APP - INFO] キャラフェイス deleted effect Complete
[src/runtime/RuntimeContext.cpp:1431][APP - INFO] キャラフェイス deleted effect Complete
[src/runtime/RuntimeContext.cpp:1431][APP - INFO] キャラフェイス deleted effect Complete
[src/runtime/RuntimeContext.cpp:1431][APP - INFO] キャラフェイス deleted effect Complete
[src/runtime/RuntimeContext.cpp:1431][APP - INFO] キャラフェイス deleted effect Complete
[src/runtime/RuntimeContext.cpp:1431][APP - INFO] キャラフェイス deleted effect Complete
[src/runtime/RuntimeContext.cpp:1431][APP - INFO] キャラフェイス deleted effect Complete
[src/runtime/RuntimeContext.cpp:1431][APP - INFO] キャラフェイス deleted effect Complete
[src/runtime/RuntimeContext.cpp:1431][APP - INFO] キャラフェイス deleted effect Complete
[src/runtime/RuntimeContext.cpp:1431][APP - INFO] キャラフェイス deleted effect Complete
[src/runtime/RuntimeContext.cpp:1431][APP - INFO] キャラフェイス deleted effect Complete
[src/runtime/RuntimeContext.cpp:1431][APP - INFO] キャラフェイス deleted effect Complete
[src/runtime/RuntimeContext.cpp:1431][APP - INFO] キャラフェイス deleted effect Complete
[src/runtime/RuntimeContext.cpp:1348][APP - INFO] SMG requested stage BGM MBGM_FILE_SELECT
[src/runtime/RuntimeContext.cpp:1363][APP - INFO] SMG set stage BGM state 5 over 60 frames
[src/runtime/RuntimeContext.cpp:1485][APP - INFO] SMG semantic event star_pointer:target_enter (actor=ファイルセレクトアイテム;channel=0;pointer_x=212.935;pointer_y=152.482;target_x=212.935;target_y=152.483;radius=59.477;check_z=true)
[src/runtime/RuntimeContext.cpp:1398][APP - INFO] SMG requested system ME ME_ASTRO_DOME_HIT_GALAXY_N3
[src/runtime/RuntimeContext.cpp:1485][APP - INFO] SMG semantic event star_pointer:target_select (actor=ファイルセレクトアイテム;channel=0;pointer_x=212.935;pointer_y=152.482;target_x=212.935;target_y=152.483;radius=59.477;check_z=true)
[src/runtime/RuntimeContext.cpp:1368][APP - INFO] SMG requested system sound SE_SY_GALAXY_SELECTED
[src/runtime/RuntimeContext.cpp:1398][APP - INFO] SMG requested system ME ME_ASTRO_DOME_SELECT1
[src/runtime/RuntimeContext.cpp:1363][APP - INFO] SMG set stage BGM state 6 over 60 frames
[src/runtime/RuntimeContext.cpp:1485][APP - INFO] SMG semantic event star_pointer:target_leave (actor=ファイルセレクトアイテム;channel=0;pointer_x=212.935;pointer_y=152.482;target_x=298.931;target_y=194.666;radius=93.7732;check_z=false)
[src/runtime/RuntimeContext.cpp:1403][APP - INFO] SMG requested controller speaker sound CS_CLICK_CLOSE
[src/runtime/RuntimeContext.cpp:1368][APP - INFO] SMG requested system sound SE_SY_FILE_SEL_NEW_FILE
[src/runtime/RuntimeContext.cpp:1368][APP - INFO] SMG requested system sound SE_SY_LV_SAVING
[src/runtime/RuntimeContext.cpp:1368][APP - INFO] SMG requested system sound SE_SY_LV_SAVING
[src/runtime/RuntimeContext.cpp:1368][APP - INFO] SMG requested system sound SE_SY_LV_SAVING
[src/runtime/RuntimeContext.cpp:1368][APP - INFO] SMG requested system sound SE_SY_LV_SAVING
[src/runtime/RuntimeContext.cpp:1368][APP - INFO] SMG requested system sound SE_SY_LV_SAVING
[src/runtime/RuntimeContext.cpp:1368][APP - INFO] SMG requested system sound SE_SY_LV_SAVING
[src/runtime/RuntimeContext.cpp:1368][APP - INFO] SMG requested system sound SE_SY_LV_SAVING
[src/runtime/RuntimeContext.cpp:1368][APP - INFO] SMG requested system sound SE_SY_LV_SAVING
[src/runtime/RuntimeContext.cpp:1368][APP - INFO] SMG requested system sound SE_SY_LV_SAVING
[src/runtime/RuntimeContext.cpp:1368][APP - INFO] SMG requested system sound SE_SY_LV_SAVING
[src/runtime/RuntimeContext.cpp:1368][APP - INFO] SMG requested system sound SE_SY_LV_SAVING
[src/runtime/RuntimeContext.cpp:1368][APP - INFO] SMG requested system sound SE_SY_LV_SAVING
[src/runtime/RuntimeContext.cpp:1368][APP - INFO] SMG requested system sound SE_SY_LV_SAVING
[src/runtime/RuntimeContext.cpp:1368][APP - INFO] SMG requested system sound SE_SY_LV_SAVING
[src/runtime/RuntimeContext.cpp:1368][APP - INFO] SMG requested system sound SE_SY_LV_SAVING
[src/runtime/RuntimeContext.cpp:1368][APP - INFO] SMG requested system sound SE_SY_LV_SAVING
[src/runtime/RuntimeContext.cpp:1368][APP - INFO] SMG requested system sound SE_SY_LV_SAVING
[src/runtime/RuntimeContext.cpp:1368][APP - INFO] SMG requested system sound SE_SY_LV_SAVING
[src/runtime/RuntimeContext.cpp:1368][APP - INFO] SMG requested system sound SE_SY_LV_SAVING
[src/runtime/RuntimeContext.cpp:1368][APP - INFO] SMG requested system sound SE_SY_LV_SAVING
[src/runtime/RuntimeContext.cpp:1368][APP - INFO] SMG requested system sound SE_SY_LV_SAVING
[src/runtime/RuntimeContext.cpp:1368][APP - INFO] SMG requested system sound SE_SY_LV_SAVING
[src/runtime/RuntimeContext.cpp:1368][APP - INFO] SMG requested system sound SE_SY_LV_SAVING
[src/runtime/RuntimeContext.cpp:1368][APP - INFO] SMG requested system sound SE_SY_LV_SAVING
[src/runtime/RuntimeContext.cpp:1368][APP - INFO] SMG requested system sound SE_SY_LV_SAVING
[src/runtime/RuntimeContext.cpp:1368][APP - INFO] SMG requested system sound SE_SY_LV_SAVING
[src/runtime/RuntimeContext.cpp:1368][APP - INFO] SMG requested system sound SE_SY_LV_SAVING
[src/runtime/RuntimeContext.cpp:1368][APP - INFO] SMG requested system sound SE_SY_LV_SAVING
[src/runtime/RuntimeContext.cpp:1368][APP - INFO] SMG requested system sound SE_SY_LV_SAVING
[src/runtime/RuntimeContext.cpp:1368][APP - INFO] SMG requested system sound SE_SY_LV_SAVING
[src/runtime/RuntimeContext.cpp:1368][APP - INFO] SMG requested system sound SE_SY_LV_SAVING
[src/runtime/RuntimeContext.cpp:1368][APP - INFO] SMG requested system sound SE_SY_LV_SAVING
[src/runtime/RuntimeContext.cpp:1368][APP - INFO] SMG requested system sound SE_SY_LV_SAVING
[src/runtime/RuntimeContext.cpp:1368][APP - INFO] SMG requested system sound SE_SY_LV_SAVING
[src/runtime/RuntimeContext.cpp:1368][APP - INFO] SMG requested system sound SE_SY_LV_SAVING
[src/runtime/RuntimeContext.cpp:1368][APP - INFO] SMG requested system sound SE_SY_LV_SAVING
[src/runtime/RuntimeContext.cpp:1368][APP - INFO] SMG requested system sound SE_SY_LV_SAVING
[src/runtime/RuntimeContext.cpp:1368][APP - INFO] SMG requested system sound SE_SY_LV_SAVING
[src/runtime/RuntimeContext.cpp:1368][APP - INFO] SMG requested system sound SE_SY_LV_SAVING
[src/runtime/RuntimeContext.cpp:1368][APP - INFO] SMG requested system sound SE_SY_LV_SAVING
[src/runtime/RuntimeContext.cpp:1368][APP - INFO] SMG requested system sound SE_SY_LV_SAVING
[src/runtime/RuntimeContext.cpp:1368][APP - INFO] SMG requested system sound SE_SY_LV_SAVING
[src/runtime/RuntimeContext.cpp:1368][APP - INFO] SMG requested system sound SE_SY_LV_SAVING
[src/runtime/RuntimeContext.cpp:1368][APP - INFO] SMG requested system sound SE_SY_LV_SAVING
[src/runtime/RuntimeContext.cpp:1368][APP - INFO] SMG requested system sound SE_SY_LV_SAVING
[src/runtime/RuntimeContext.cpp:1368][APP - INFO] SMG requested system sound SE_SY_LV_SAVING
[src/runtime/RuntimeContext.cpp:1368][APP - INFO] SMG requested system sound SE_SY_LV_SAVING
[src/runtime/RuntimeContext.cpp:1368][APP - INFO] SMG requested system sound SE_SY_LV_SAVING
[src/runtime/RuntimeContext.cpp:1368][APP - INFO] SMG requested system sound SE_SY_LV_SAVING
[src/runtime/RuntimeContext.cpp:1368][APP - INFO] SMG requested system sound SE_SY_LV_SAVING
[src/runtime/RuntimeContext.cpp:1368][APP - INFO] SMG requested system sound SE_SY_LV_SAVING
[src/runtime/RuntimeContext.cpp:1368][APP - INFO] SMG requested system sound SE_SY_LV_SAVING
[src/runtime/RuntimeContext.cpp:1368][APP - INFO] SMG requested system sound SE_SY_LV_SAVING
[src/runtime/RuntimeContext.cpp:1368][APP - INFO] SMG requested system sound SE_SY_LV_SAVING
[src/runtime/RuntimeContext.cpp:1368][APP - INFO] SMG requested system sound SE_SY_LV_SAVING
[src/runtime/RuntimeContext.cpp:1368][APP - INFO] SMG requested system sound SE_SY_LV_SAVING
[src/runtime/RuntimeContext.cpp:1368][APP - INFO] SMG requested system sound SE_SY_LV_SAVING
[src/runtime/RuntimeContext.cpp:1368][APP - INFO] SMG requested system sound SE_SY_LV_SAVING
[src/runtime/RuntimeContext.cpp:1368][APP - INFO] SMG requested system sound SE_SY_LV_SAVING
[src/runtime/RuntimeContext.cpp:1368][APP - INFO] SMG requested system sound SE_SY_LV_SAVING
[src/runtime/RuntimeContext.cpp:1368][APP - INFO] SMG requested system sound SE_SY_LV_SAVING
[src/runtime/RuntimeContext.cpp:1368][APP - INFO] SMG requested system sound SE_SY_LV_SAVING
[src/runtime/RuntimeContext.cpp:1368][APP - INFO] SMG requested system sound SE_SY_LV_SAVING
[src/runtime/RuntimeContext.cpp:1368][APP - INFO] SMG requested system sound SE_SY_LV_SAVING
[src/runtime/RuntimeContext.cpp:1368][APP - INFO] SMG requested system sound SE_SY_LV_SAVING
[src/runtime/RuntimeContext.cpp:1368][APP - INFO] SMG requested system sound SE_SY_LV_SAVING
[src/runtime/RuntimeContext.cpp:1368][APP - INFO] SMG requested system sound SE_SY_LV_SAVING
[src/runtime/RuntimeContext.cpp:1368][APP - INFO] SMG requested system sound SE_SY_LV_SAVING
[src/runtime/RuntimeContext.cpp:1368][APP - INFO] SMG requested system sound SE_SY_LV_SAVING
[src/runtime/RuntimeContext.cpp:1368][APP - INFO] SMG requested system sound SE_SY_LV_SAVING
[src/runtime/RuntimeContext.cpp:1368][APP - INFO] SMG requested system sound SE_SY_LV_SAVING
[src/runtime/RuntimeContext.cpp:1368][APP - INFO] SMG requested system sound SE_SY_LV_SAVING
[src/runtime/RuntimeContext.cpp:1368][APP - INFO] SMG requested system sound SE_SY_LV_SAVING
[src/runtime/RuntimeContext.cpp:1368][APP - INFO] SMG requested system sound SE_SY_LV_SAVING
[src/runtime/RuntimeContext.cpp:1368][APP - INFO] SMG requested system sound SE_SY_LV_SAVING
[src/runtime/RuntimeContext.cpp:1368][APP - INFO] SMG requested system sound SE_SY_LV_SAVING
[src/runtime/RuntimeContext.cpp:1368][APP - INFO] SMG requested system sound SE_SY_LV_SAVING
[src/runtime/RuntimeContext.cpp:1368][APP - INFO] SMG requested system sound SE_SY_LV_SAVING
[src/runtime/RuntimeContext.cpp:1368][APP - INFO] SMG requested system sound SE_SY_LV_SAVING
[src/runtime/RuntimeContext.cpp:1368][APP - INFO] SMG requested system sound SE_SY_LV_SAVING
[src/runtime/RuntimeContext.cpp:1368][APP - INFO] SMG requested system sound SE_SY_LV_SAVING
[src/runtime/RuntimeContext.cpp:1368][APP - INFO] SMG requested system sound SE_SY_LV_SAVING
[src/runtime/RuntimeContext.cpp:1368][APP - INFO] SMG requested system sound SE_SY_LV_SAVING
[src/runtime/RuntimeContext.cpp:1368][APP - INFO] SMG requested system sound SE_SY_LV_SAVING
[src/runtime/RuntimeContext.cpp:1368][APP - INFO] SMG requested system sound SE_SY_LV_SAVING
[src/runtime/RuntimeContext.cpp:1368][APP - INFO] SMG requested system sound SE_SY_LV_SAVING
[src/runtime/RuntimeContext.cpp:1368][APP - INFO] SMG requested system sound SE_SY_LV_SAVING
[src/runtime/RuntimeContext.cpp:1368][APP - INFO] SMG requested system sound SE_SY_LV_SAVING
[src/runtime/RuntimeContext.cpp:1368][APP - INFO] SMG requested system sound SE_SY_LV_SAVING
[src/runtime/RuntimeContext.cpp:1368][APP - INFO] SMG requested system sound SE_SY_LV_SAVING
[src/runtime/RuntimeContext.cpp:1368][APP - INFO] SMG requested system sound SE_SY_LV_SAVING
[src/runtime/RuntimeContext.cpp:1368][APP - INFO] SMG requested system sound SE_SY_LV_SAVING
[src/runtime/RuntimeContext.cpp:1368][APP - INFO] SMG requested system sound SE_SY_LV_SAVING
[src/runtime/RuntimeContext.cpp:1368][APP - INFO] SMG requested system sound SE_SY_LV_SAVING
[src/runtime/RuntimeContext.cpp:1368][APP - INFO] SMG requested system sound SE_SY_LV_SAVING
[src/runtime/RuntimeContext.cpp:1368][APP - INFO] SMG requested system sound SE_SY_LV_SAVING
[src/runtime/RuntimeContext.cpp:1368][APP - INFO] SMG requested system sound SE_SY_LV_SAVING
[src/runtime/RuntimeContext.cpp:1368][APP - INFO] SMG requested system sound SE_SY_LV_SAVING
[src/runtime/RuntimeContext.cpp:1368][APP - INFO] SMG requested system sound SE_SY_LV_SAVING
[src/runtime/RuntimeContext.cpp:1368][APP - INFO] SMG requested system sound SE_SY_LV_SAVING
[src/runtime/RuntimeContext.cpp:1368][APP - INFO] SMG requested system sound SE_SY_LV_SAVING
[src/runtime/RuntimeContext.cpp:1368][APP - INFO] SMG requested system sound SE_SY_SAVE_SUCCESS
[src/runtime/RuntimeContext.cpp:1368][APP - INFO] SMG requested system sound SE_SY_FILE_SEL_MIISEL_OPEN
[src/runtime/RuntimeContext.cpp:1368][APP - INFO] SMG requested system sound SE_SY_FILE_SEL_MII_SELECTED
[src/runtime/RuntimeContext.cpp:1403][APP - INFO] SMG requested controller speaker sound CS_CLICK_CLOSE
[src/runtime/RuntimeContext.cpp:1368][APP - INFO] SMG requested system sound SE_SY_FILE_SEL_MII_CHANGE
[src/runtime/RuntimeContext.cpp:1368][APP - INFO] SMG requested system sound SE_SY_LV_SAVING
[src/runtime/RuntimeContext.cpp:1368][APP - INFO] SMG requested system sound SE_SY_LV_SAVING
[src/runtime/RuntimeContext.cpp:1368][APP - INFO] SMG requested system sound SE_SY_LV_SAVING
[src/runtime/RuntimeContext.cpp:1368][APP - INFO] SMG requested system sound SE_SY_LV_SAVING
[src/runtime/RuntimeContext.cpp:1368][APP - INFO] SMG requested system sound SE_SY_LV_SAVING
[src/runtime/RuntimeContext.cpp:1368][APP - INFO] SMG requested system sound SE_SY_LV_SAVING
[src/runtime/RuntimeContext.cpp:1368][APP - INFO] SMG requested system sound SE_SY_LV_SAVING
[src/runtime/RuntimeContext.cpp:1368][APP - INFO] SMG requested system sound SE_SY_LV_SAVING
[src/runtime/RuntimeContext.cpp:1368][APP - INFO] SMG requested system sound SE_SY_LV_SAVING
[src/runtime/RuntimeContext.cpp:1368][APP - INFO] SMG requested system sound SE_SY_LV_SAVING
[src/runtime/RuntimeContext.cpp:1368][APP - INFO] SMG requested system sound SE_SY_LV_SAVING
[src/runtime/RuntimeContext.cpp:1368][APP - INFO] SMG requested system sound SE_SY_LV_SAVING
[src/runtime/RuntimeContext.cpp:1368][APP - INFO] SMG requested system sound SE_SY_LV_SAVING
[src/runtime/RuntimeContext.cpp:1368][APP - INFO] SMG requested system sound SE_SY_LV_SAVING
[src/runtime/RuntimeContext.cpp:1368][APP - INFO] SMG requested system sound SE_SY_LV_SAVING
[src/runtime/RuntimeContext.cpp:1368][APP - INFO] SMG requested system sound SE_SY_LV_SAVING
[src/runtime/RuntimeContext.cpp:1368][APP - INFO] SMG requested system sound SE_SY_LV_SAVING
[src/runtime/RuntimeContext.cpp:1368][APP - INFO] SMG requested system sound SE_SY_LV_SAVING
[src/runtime/RuntimeContext.cpp:1368][APP - INFO] SMG requested system sound SE_SY_LV_SAVING
[src/runtime/RuntimeContext.cpp:1368][APP - INFO] SMG requested system sound SE_SY_LV_SAVING
[src/runtime/RuntimeContext.cpp:1368][APP - INFO] SMG requested system sound SE_SY_LV_SAVING
[src/runtime/RuntimeContext.cpp:1368][APP - INFO] SMG requested system sound SE_SY_LV_SAVING
[src/runtime/RuntimeContext.cpp:1368][APP - INFO] SMG requested system sound SE_SY_LV_SAVING
[src/runtime/RuntimeContext.cpp:1368][APP - INFO] SMG requested system sound SE_SY_LV_SAVING
[src/runtime/RuntimeContext.cpp:1368][APP - INFO] SMG requested system sound SE_SY_LV_SAVING
[src/runtime/RuntimeContext.cpp:1368][APP - INFO] SMG requested system sound SE_SY_LV_SAVING
[src/runtime/RuntimeContext.cpp:1368][APP - INFO] SMG requested system sound SE_SY_LV_SAVING
[src/runtime/RuntimeContext.cpp:1368][APP - INFO] SMG requested system sound SE_SY_LV_SAVING
[src/runtime/RuntimeContext.cpp:1368][APP - INFO] SMG requested system sound SE_SY_LV_SAVING
[src/runtime/RuntimeContext.cpp:1368][APP - INFO] SMG requested system sound SE_SY_LV_SAVING
[src/runtime/RuntimeContext.cpp:1368][APP - INFO] SMG requested system sound SE_SY_LV_SAVING
[src/runtime/RuntimeContext.cpp:1368][APP - INFO] SMG requested system sound SE_SY_LV_SAVING
[src/runtime/RuntimeContext.cpp:1368][APP - INFO] SMG requested system sound SE_SY_LV_SAVING
[src/runtime/RuntimeContext.cpp:1368][APP - INFO] SMG requested system sound SE_SY_LV_SAVING
[src/runtime/RuntimeContext.cpp:1368][APP - INFO] SMG requested system sound SE_SY_LV_SAVING
[src/runtime/RuntimeContext.cpp:1368][APP - INFO] SMG requested system sound SE_SY_LV_SAVING
[src/runtime/RuntimeContext.cpp:1368][APP - INFO] SMG requested system sound SE_SY_LV_SAVING
[src/runtime/RuntimeContext.cpp:1368][APP - INFO] SMG requested system sound SE_SY_LV_SAVING
[src/runtime/RuntimeContext.cpp:1368][APP - INFO] SMG requested system sound SE_SY_LV_SAVING
[src/runtime/RuntimeContext.cpp:1368][APP - INFO] SMG requested system sound SE_SY_LV_SAVING
[src/runtime/RuntimeContext.cpp:1368][APP - INFO] SMG requested system sound SE_SY_LV_SAVING
[src/runtime/RuntimeContext.cpp:1368][APP - INFO] SMG requested system sound SE_SY_LV_SAVING
[src/runtime/RuntimeContext.cpp:1368][APP - INFO] SMG requested system sound SE_SY_LV_SAVING
[src/runtime/RuntimeContext.cpp:1368][APP - INFO] SMG requested system sound SE_SY_LV_SAVING
[src/runtime/RuntimeContext.cpp:1368][APP - INFO] SMG requested system sound SE_SY_LV_SAVING
[src/runtime/RuntimeContext.cpp:1368][APP - INFO] SMG requested system sound SE_SY_LV_SAVING
[src/runtime/RuntimeContext.cpp:1368][APP - INFO] SMG requested system sound SE_SY_LV_SAVING
[src/runtime/RuntimeContext.cpp:1368][APP - INFO] SMG requested system sound SE_SY_LV_SAVING
[src/runtime/RuntimeContext.cpp:1368][APP - INFO] SMG requested system sound SE_SY_LV_SAVING
[src/runtime/RuntimeContext.cpp:1368][APP - INFO] SMG requested system sound SE_SY_LV_SAVING
[src/runtime/RuntimeContext.cpp:1368][APP - INFO] SMG requested system sound SE_SY_LV_SAVING
[src/runtime/RuntimeContext.cpp:1368][APP - INFO] SMG requested system sound SE_SY_LV_SAVING
[src/runtime/RuntimeContext.cpp:1368][APP - INFO] SMG requested system sound SE_SY_LV_SAVING
[src/runtime/RuntimeContext.cpp:1368][APP - INFO] SMG requested system sound SE_SY_LV_SAVING
[src/runtime/RuntimeContext.cpp:1368][APP - INFO] SMG requested system sound SE_SY_LV_SAVING
[src/runtime/RuntimeContext.cpp:1368][APP - INFO] SMG requested system sound SE_SY_LV_SAVING
[src/runtime/RuntimeContext.cpp:1368][APP - INFO] SMG requested system sound SE_SY_LV_SAVING
[src/runtime/RuntimeContext.cpp:1368][APP - INFO] SMG requested system sound SE_SY_LV_SAVING
[src/runtime/RuntimeContext.cpp:1368][APP - INFO] SMG requested system sound SE_SY_LV_SAVING
[src/runtime/RuntimeContext.cpp:1368][APP - INFO] SMG requested system sound SE_SY_LV_SAVING
[src/runtime/RuntimeContext.cpp:1368][APP - INFO] SMG requested system sound SE_SY_LV_SAVING
[src/runtime/RuntimeContext.cpp:1368][APP - INFO] SMG requested system sound SE_SY_LV_SAVING
[src/runtime/RuntimeContext.cpp:1368][APP - INFO] SMG requested system sound SE_SY_LV_SAVING
[src/runtime/RuntimeContext.cpp:1368][APP - INFO] SMG requested system sound SE_SY_LV_SAVING
[src/runtime/RuntimeContext.cpp:1368][APP - INFO] SMG requested system sound SE_SY_LV_SAVING
[src/runtime/RuntimeContext.cpp:1368][APP - INFO] SMG requested system sound SE_SY_LV_SAVING
[src/runtime/RuntimeContext.cpp:1368][APP - INFO] SMG requested system sound SE_SY_LV_SAVING
[src/runtime/RuntimeContext.cpp:1368][APP - INFO] SMG requested system sound SE_SY_LV_SAVING
[src/runtime/RuntimeContext.cpp:1368][APP - INFO] SMG requested system sound SE_SY_LV_SAVING
[src/runtime/RuntimeContext.cpp:1368][APP - INFO] SMG requested system sound SE_SY_LV_SAVING
[src/runtime/RuntimeContext.cpp:1368][APP - INFO] SMG requested system sound SE_SY_LV_SAVING
[src/runtime/RuntimeContext.cpp:1368][APP - INFO] SMG requested system sound SE_SY_LV_SAVING
[src/runtime/RuntimeContext.cpp:1368][APP - INFO] SMG requested system sound SE_SY_LV_SAVING
[src/runtime/RuntimeContext.cpp:1368][APP - INFO] SMG requested system sound SE_SY_LV_SAVING
[src/runtime/RuntimeContext.cpp:1368][APP - INFO] SMG requested system sound SE_SY_LV_SAVING
[src/runtime/RuntimeContext.cpp:1368][APP - INFO] SMG requested system sound SE_SY_LV_SAVING
[src/runtime/RuntimeContext.cpp:1368][APP - INFO] SMG requested system sound SE_SY_LV_SAVING
[src/runtime/RuntimeContext.cpp:1368][APP - INFO] SMG requested system sound SE_SY_LV_SAVING
[src/runtime/RuntimeContext.cpp:1368][APP - INFO] SMG requested system sound SE_SY_LV_SAVING
[src/runtime/RuntimeContext.cpp:1368][APP - INFO] SMG requested system sound SE_SY_LV_SAVING
[src/runtime/RuntimeContext.cpp:1368][APP - INFO] SMG requested system sound SE_SY_LV_SAVING
[src/runtime/RuntimeContext.cpp:1368][APP - INFO] SMG requested system sound SE_SY_LV_SAVING
[src/runtime/RuntimeContext.cpp:1368][APP - INFO] SMG requested system sound SE_SY_LV_SAVING
[src/runtime/RuntimeContext.cpp:1368][APP - INFO] SMG requested system sound SE_SY_LV_SAVING
[src/runtime/RuntimeContext.cpp:1368][APP - INFO] SMG requested system sound SE_SY_LV_SAVING
[src/runtime/RuntimeContext.cpp:1368][APP - INFO] SMG requested system sound SE_SY_LV_SAVING
[src/runtime/RuntimeContext.cpp:1368][APP - INFO] SMG requested system sound SE_SY_LV_SAVING
[src/runtime/RuntimeContext.cpp:1368][APP - INFO] SMG requested system sound SE_SY_LV_SAVING
[src/runtime/RuntimeContext.cpp:1368][APP - INFO] SMG requested system sound SE_SY_LV_SAVING
[src/runtime/RuntimeContext.cpp:1368][APP - INFO] SMG requested system sound SE_SY_LV_SAVING
[src/runtime/RuntimeContext.cpp:1368][APP - INFO] SMG requested system sound SE_SY_LV_SAVING
[src/runtime/RuntimeContext.cpp:1368][APP - INFO] SMG requested system sound SE_SY_LV_SAVING
[src/runtime/RuntimeContext.cpp:1368][APP - INFO] SMG requested system sound SE_SY_LV_SAVING
[src/runtime/RuntimeContext.cpp:1368][APP - INFO] SMG requested system sound SE_SY_LV_SAVING
[src/runtime/RuntimeContext.cpp:1368][APP - INFO] SMG requested system sound SE_SY_LV_SAVING
[src/runtime/RuntimeContext.cpp:1368][APP - INFO] SMG requested system sound SE_SY_LV_SAVING
[src/runtime/RuntimeContext.cpp:1368][APP - INFO] SMG requested system sound SE_SY_LV_SAVING
[src/runtime/RuntimeContext.cpp:1368][APP - INFO] SMG requested system sound SE_SY_LV_SAVING
[src/runtime/RuntimeContext.cpp:1368][APP - INFO] SMG requested system sound SE_SY_LV_SAVING
[src/runtime/RuntimeContext.cpp:1368][APP - INFO] SMG requested system sound SE_SY_LV_SAVING
[src/runtime/RuntimeContext.cpp:1368][APP - INFO] SMG requested system sound SE_SY_LV_SAVING
[src/runtime/RuntimeContext.cpp:1368][APP - INFO] SMG requested system sound SE_SY_SAVE_SUCCESS
[src/runtime/RuntimeContext.cpp:1431][APP - INFO] キャラフェイス deleted effect Complete
[src/runtime/RuntimeContext.cpp:1431][APP - INFO] キャラフェイス deleted effect Complete
[src/runtime/RuntimeContext.cpp:1431][APP - INFO] キャラフェイス deleted effect Complete
[src/runtime/RuntimeContext.cpp:1431][APP - INFO] キャラフェイス deleted effect Complete
[src/runtime/RuntimeContext.cpp:1431][APP - INFO] キャラフェイス deleted effect Complete
[src/runtime/RuntimeContext.cpp:1368][APP - INFO] SMG requested system sound SE_SY_FILE_SEL_MII_CHANGE
[src/runtime/RuntimeContext.cpp:1378][APP - INFO] SMG requested system level sound SE_SY_FILE_SEL_MORPHBLR
[src/runtime/RuntimeContext.cpp:1378][APP - INFO] SMG requested system level sound SE_SY_FILE_SEL_MORPHBLR
[src/runtime/RuntimeContext.cpp:1378][APP - INFO] SMG requested system level sound SE_SY_FILE_SEL_MORPHBLR
[src/runtime/RuntimeContext.cpp:1378][APP - INFO] SMG requested system level sound SE_SY_FILE_SEL_MORPHBLR
[src/runtime/RuntimeContext.cpp:1378][APP - INFO] SMG requested system level sound SE_SY_FILE_SEL_MORPHBLR
[src/runtime/RuntimeContext.cpp:1378][APP - INFO] SMG requested system level sound SE_SY_FILE_SEL_MORPHBLR
[src/runtime/RuntimeContext.cpp:1378][APP - INFO] SMG requested system level sound SE_SY_FILE_SEL_MORPHBLR
[src/runtime/RuntimeContext.cpp:1378][APP - INFO] SMG requested system level sound SE_SY_FILE_SEL_MORPHBLR
[src/runtime/RuntimeContext.cpp:1378][APP - INFO] SMG requested system level sound SE_SY_FILE_SEL_MORPHBLR
[src/runtime/RuntimeContext.cpp:1378][APP - INFO] SMG requested system level sound SE_SY_FILE_SEL_MORPHBLR
[src/runtime/RuntimeContext.cpp:1378][APP - INFO] SMG requested system level sound SE_SY_FILE_SEL_MORPHBLR
[src/runtime/RuntimeContext.cpp:1378][APP - INFO] SMG requested system level sound SE_SY_FILE_SEL_MORPHBLR
[src/runtime/RuntimeContext.cpp:1378][APP - INFO] SMG requested system level sound SE_SY_FILE_SEL_MORPHBLR
[src/runtime/RuntimeContext.cpp:1378][APP - INFO] SMG requested system level sound SE_SY_FILE_SEL_MORPHBLR
[src/runtime/RuntimeContext.cpp:1378][APP - INFO] SMG requested system level sound SE_SY_FILE_SEL_MORPHBLR
[src/runtime/RuntimeContext.cpp:1378][APP - INFO] SMG requested system level sound SE_SY_FILE_SEL_MORPHBLR
[src/runtime/RuntimeContext.cpp:1378][APP - INFO] SMG requested system level sound SE_SY_FILE_SEL_MORPHBLR
[src/runtime/RuntimeContext.cpp:1378][APP - INFO] SMG requested system level sound SE_SY_FILE_SEL_MORPHBLR
[src/runtime/RuntimeContext.cpp:1378][APP - INFO] SMG requested system level sound SE_SY_FILE_SEL_MORPHBLR
[src/runtime/RuntimeContext.cpp:1378][APP - INFO] SMG requested system level sound SE_SY_FILE_SEL_MORPHBLR
[src/runtime/RuntimeContext.cpp:1378][APP - INFO] SMG requested system level sound SE_SY_FILE_SEL_MORPHBLR
[src/runtime/RuntimeContext.cpp:1378][APP - INFO] SMG requested system level sound SE_SY_FILE_SEL_MORPHBLR
[src/runtime/RuntimeContext.cpp:1378][APP - INFO] SMG requested system level sound SE_SY_FILE_SEL_MORPHBLR
[src/runtime/RuntimeContext.cpp:1378][APP - INFO] SMG requested system level sound SE_SY_FILE_SEL_MORPHBLR
[src/runtime/RuntimeContext.cpp:1378][APP - INFO] SMG requested system level sound SE_SY_FILE_SEL_MORPHBLR
[src/runtime/RuntimeContext.cpp:1378][APP - INFO] SMG requested system level sound SE_SY_FILE_SEL_MORPHBLR
[src/runtime/RuntimeContext.cpp:1378][APP - INFO] SMG requested system level sound SE_SY_FILE_SEL_MORPHBLR
[src/runtime/RuntimeContext.cpp:1378][APP - INFO] SMG requested system level sound SE_SY_FILE_SEL_MORPHBLR
[src/runtime/RuntimeContext.cpp:1378][APP - INFO] SMG requested system level sound SE_SY_FILE_SEL_MORPHBLR
[src/runtime/RuntimeContext.cpp:1378][APP - INFO] SMG requested system level sound SE_SY_FILE_SEL_MORPHBLR
[src/runtime/RuntimeContext.cpp:1378][APP - INFO] SMG requested system level sound SE_SY_FILE_SEL_MORPHBLR
[src/runtime/RuntimeContext.cpp:1378][APP - INFO] SMG requested system level sound SE_SY_FILE_SEL_MORPHBLR
[src/runtime/RuntimeContext.cpp:1378][APP - INFO] SMG requested system level sound SE_SY_FILE_SEL_MORPHBLR
[src/runtime/RuntimeContext.cpp:1378][APP - INFO] SMG requested system level sound SE_SY_FILE_SEL_MORPHBLR
[src/runtime/RuntimeContext.cpp:1378][APP - INFO] SMG requested system level sound SE_SY_FILE_SEL_MORPHBLR
[src/runtime/RuntimeContext.cpp:1378][APP - INFO] SMG requested system level sound SE_SY_FILE_SEL_MORPHBLR
[src/runtime/RuntimeContext.cpp:1378][APP - INFO] SMG requested system level sound SE_SY_FILE_SEL_MORPHBLR
[src/runtime/RuntimeContext.cpp:1378][APP - INFO] SMG requested system level sound SE_SY_FILE_SEL_MORPHBLR
[src/runtime/RuntimeContext.cpp:1378][APP - INFO] SMG requested system level sound SE_SY_FILE_SEL_MORPHBLR
[src/runtime/RuntimeContext.cpp:1378][APP - INFO] SMG requested system level sound SE_SY_FILE_SEL_MORPHBLR
[src/runtime/RuntimeContext.cpp:1368][APP - INFO] SMG requested system sound SE_SY_FILE_SEL_MORPH_MARIO
[src/runtime/RuntimeContext.cpp:1426][APP - INFO] キャラフェイス emitted effect Open
[src/runtime/RuntimeContext.cpp:1368][APP - INFO] SMG requested system sound SE_SY_TALK_OK
[src/runtime/RuntimeContext.cpp:1403][APP - INFO] SMG requested controller speaker sound CS_CLICK_CLOSE
[src/runtime/RuntimeContext.cpp:1368][APP - INFO] SMG requested system sound SE_SY_FILE_SELECTED
[src/runtime/RuntimeContext.cpp:1358][APP - INFO] SMG stopped stage BGM over 90 frames
[src/runtime/RuntimeContext.cpp:1358][APP - INFO] SMG stopped stage BGM over 90 frames
[src/runtime/RuntimeContext.cpp:1485][APP - INFO] SMG semantic event sequence_state:story_stage_prepared (current_scene=Game;next_scene=PeachCastleGardenGalaxy;current_stage=PeachCastleGardenGalaxy;scene_wipe=Closed;system_wipe=Open;draw_phase=;frame=5462;event=cDemoPrologue;demo=Prologue;stage=PeachCastleGardenGalaxy;scenario=1)
[src/runtime/RuntimeContext.cpp:1485][APP - INFO] SMG semantic event story:story_stage_prepared (event=cDemoPrologue;demo=Prologue;stage=PeachCastleGardenGalaxy;scenario=1)
[src/runtime/RuntimeContext.cpp:1485][APP - INFO] SMG semantic event sequence_state:scene_controller_phase (current_scene=Game;next_scene=PeachCastleGardenGalaxy;current_stage=PeachCastleGardenGalaxy;scene_wipe=Closed;system_wipe=Open;draw_phase=;frame=5462;phase=RequestQueued)
[src/runtime/RuntimeContext.cpp:1485][APP - INFO] SMG semantic event sequence_state:scene_change_requested (current_scene=Game;next_scene=PeachCastleGardenGalaxy;current_stage=PeachCastleGardenGalaxy;scene_wipe=Closed;system_wipe=Open;draw_phase=;frame=5462;next_scene=Game;next_stage=PeachCastleGardenGalaxy;scenario=1)
[src/runtime/RuntimeContext.cpp:1485][APP - INFO] SMG semantic event scene_controller:scene_change_requested (next_scene=Game;next_stage=PeachCastleGardenGalaxy;scenario=1)
[src/runtime/RuntimeContext.cpp:1485][APP - INFO] SMG semantic event sequence_state:scene_controller_phase (current_scene=Game;next_scene=PeachCastleGardenGalaxy;current_stage=PeachCastleGardenGalaxy;scene_wipe=Closed;system_wipe=Open;draw_phase=;frame=5462;phase=DestroyScene)
[src/runtime/RuntimeContext.cpp:1485][APP - INFO] SMG semantic event name_obj_lifecycle:destroy (object=InvisibleWall10x10)
[src/runtime/RuntimeContext.cpp:1485][APP - INFO] SMG semantic event name_obj_lifecycle:destroy (object=FileSelector)
[src/runtime/RuntimeContext.cpp:1485][APP - INFO] SMG semantic event scene_lifecycle:stage_destroy_scheduler_cleanup (scene=Game;stage=FileSelect;scenario=1;before_entries=78;after_entries=2;removed_entries=76)
[src/runtime/RuntimeContext.cpp:1485][APP - INFO] SMG semantic event sequence_state:scene_controller_phase (current_scene=Game;next_scene=PeachCastleGardenGalaxy;current_stage=PeachCastleGardenGalaxy;scene_wipe=Closed;system_wipe=Open;draw_phase=;frame=5462;phase=InitializeScene)
[src/runtime/RuntimeContext.cpp:1485][APP - INFO] SMG semantic event sequence:stage_host_started (stage host factory created PrologueDirector through scene lifecycle service)
[src/runtime/RuntimeContext.cpp:1485][APP - INFO] SMG semantic event sequence_state:stage_host_started (current_scene=Game;next_scene=PeachCastleGardenGalaxy;current_stage=PeachCastleGardenGalaxy;scene_wipe=Closed;system_wipe=Open;draw_phase=;frame=5462;host=PrologueDirector;stage=PeachCastleGardenGalaxy)
[src/runtime/RuntimeContext.cpp:1485][APP - INFO] SMG semantic event name_obj_lifecycle:archive_request (object=PrologueDirector;archive=DemoLetter;kind=object;loaded=true;disc_path=DemoLetter.arc)
[src/runtime/RuntimeContext.cpp:1485][APP - INFO] SMG semantic event name_obj_lifecycle:archive_request (object=PrologueDirector;archive=PeachLetterMini;kind=layout;loaded=true;disc_path=PeachLetterMini.arc)
[src/runtime/RuntimeContext.cpp:1485][APP - INFO] SMG semantic event name_obj_lifecycle:archive_request (object=PrologueDirector;archive=PrologueDemo;kind=layout;loaded=true;disc_path=PrologueDemo.arc)
[src/runtime/RuntimeContext.cpp:1485][APP - INFO] SMG semantic event name_obj_lifecycle:archive_request (object=PrologueDirector;archive=DemoPeachCastleGate;kind=object;loaded=true;disc_path=DemoPeachCastleGate.arc)
[src/runtime/RuntimeContext.cpp:1485][APP - INFO] SMG semantic event name_obj_lifecycle:construct (object=PrologueDirector;actor=PrologueDirector)
[src/runtime/RuntimeContext.cpp:1485][APP - INFO] SMG semantic event sequence:stage_host_constructed (host=PrologueDirector;stage=PeachCastleGardenGalaxy)
[src/runtime/RuntimeContext.cpp:1485][APP - INFO] SMG semantic event name_obj_lifecycle:init_without_iter (object=PrologueDirector)
[src/runtime/RuntimeContext.cpp:1485][APP - INFO] SMG semantic event name_obj_lifecycle:connect_to_scene (object=PrologueDirector;kind=name_obj;movement=34;calc_anim=-1;draw_buffer=-1;draw_type=-1)
[src/runtime/RuntimeContext.cpp:1485][APP - INFO] SMG semantic event name_obj_lifecycle:connect_to_scene (object=プロローグの絵本;kind=layout_actor;movement=14;calc_anim=13;draw_buffer=-1;draw_type=60)
[src/runtime/RuntimeContext.cpp:1485][APP - INFO] SMG semantic event name_obj_lifecycle:connect_to_scene (object=プロローグの絵本;kind=layout;movement=14;calc_anim=-1;draw_buffer=-1;draw_type=60)
[src/runtime/RuntimeContext.cpp:1440][APP - INFO] Resolved original layout archive PrologueDemo -> /LayoutData/PrologueDemo.arc
[src/runtime/RuntimeContext.cpp:1485][APP - INFO] SMG semantic event name_obj_lifecycle:connect_to_scene (object=Aボタンアイコン;kind=layout_actor;movement=14;calc_anim=13;draw_buffer=-1;draw_type=67)
[src/runtime/RuntimeContext.cpp:1485][APP - INFO] SMG semantic event name_obj_lifecycle:connect_to_scene (object=Aボタンアイコン;kind=layout;movement=14;calc_anim=-1;draw_buffer=-1;draw_type=60)
[src/runtime/RuntimeContext.cpp:1440][APP - INFO] Resolved original layout archive IconAButton -> /LayoutData/IconAButton.arc
[src/runtime/RuntimeContext.cpp:1485][APP - INFO] SMG semantic event name_obj_lifecycle:connect_to_scene (object=ピーチからの手紙;kind=layout;movement=14;calc_anim=-1;draw_buffer=-1;draw_type=60)
[src/runtime/RuntimeContext.cpp:1440][APP - INFO] Resolved original layout archive PeachLetterMini -> /LayoutData/PeachLetterMini.arc
[src/runtime/RuntimeContext.cpp:1485][APP - INFO] SMG semantic event name_obj_lifecycle:connect_to_scene (object=Aボタンアイコン;kind=layout;movement=14;calc_anim=-1;draw_buffer=-1;draw_type=60)
[src/runtime/RuntimeContext.cpp:1440][APP - INFO] Resolved original layout archive IconAButton -> /LayoutData/IconAButton.arc
[src/runtime/RuntimeContext.cpp:1485][APP - INFO] SMG semantic event name_obj_lifecycle:connect_to_scene (object=Aボタンアイコン;kind=layout_actor;movement=15;calc_anim=14;draw_buffer=-1;draw_type=61)
[src/runtime/RuntimeContext.cpp:1485][APP - INFO] SMG semantic event name_obj_lifecycle:connect_to_scene (object=ピーチからの手紙;kind=layout_actor;movement=14;calc_anim=13;draw_buffer=-1;draw_type=60)
[src/runtime/RuntimeContext.cpp:1485][APP - INFO] SMG semantic event name_obj_lifecycle:connect_to_scene (object=背景書割;kind=live_actor_model;movement=35;calc_anim=11;draw_buffer=10;draw_type=-1)
[src/runtime/RuntimeContext.cpp:1413][APP - INFO] Registered effect keeper 背景書割 group DemoLetter capacity 8
[src/runtime/RuntimeContext.cpp:1485][APP - INFO] SMG semantic event name_obj_lifecycle:connect_to_scene (object=マリオの経路;kind=live_actor_model;movement=35;calc_anim=11;draw_buffer=8;draw_type=-1)
[src/runtime/RuntimeContext.cpp:1413][APP - INFO] Registered effect keeper マリオの経路 group DemoPeachCastleGate capacity 8
[src/runtime/RuntimeContext.cpp:1485][APP - INFO] SMG semantic event sequence:stage_host_initialized (host=PrologueDirector;stage=PeachCastleGardenGalaxy)
[src/runtime/RuntimeContext.cpp:1485][APP - INFO] SMG semantic event name_obj_lifecycle:init_after_placement (object=PrologueDirector)
[src/runtime/RuntimeContext.cpp:1485][APP - INFO] SMG semantic event name_obj_lifecycle:connect_to_scene (object=オブジェスリープ管理;kind=name_obj;movement=34;calc_anim=-1;draw_buffer=-1;draw_type=-1)
[src/runtime/RuntimeContext.cpp:1485][APP - INFO] SMG semantic event name_obj_lifecycle:appear (object=PrologueDirector)
[src/runtime/RuntimeContext.cpp:1485][APP - INFO] SMG semantic event sequence_state:scene_controller_phase (current_scene=Game;next_scene=PeachCastleGardenGalaxy;current_stage=PeachCastleGardenGalaxy;scene_wipe=Closed;system_wipe=Open;draw_phase=;frame=5462;phase=ReadyToStartScene)
[src/runtime/RuntimeContext.cpp:1485][APP - INFO] SMG semantic event sequence_state:scene_controller_phase (current_scene=Game;next_scene=PeachCastleGardenGalaxy;current_stage=PeachCastleGardenGalaxy;scene_wipe=Closed;system_wipe=Open;draw_phase=;frame=5462;phase=Normal)
[src/runtime/RuntimeContext.cpp:1485][APP - INFO] SMG semantic event sequence_state:scene_change_applied (current_scene=Game;next_scene=PeachCastleGardenGalaxy;current_stage=PeachCastleGardenGalaxy;scene_wipe=Closed;system_wipe=Open;draw_phase=;frame=5462;current_scene=Game;current_stage=PeachCastleGardenGalaxy;scenario=1)
[src/runtime/RuntimeContext.cpp:1485][APP - INFO] SMG semantic event scene_controller:scene_change_applied (current_scene=Game;current_stage=PeachCastleGardenGalaxy;scenario=1)
[src/runtime/RuntimeContext.cpp:1485][APP - INFO] SMG semantic event demo:demo_started (name=プロローグデモ)
[src/runtime/RuntimeContext.cpp:1383][APP - INFO] SMG submitted level sounds
[src/runtime/RuntimeContext.cpp:1348][APP - INFO] SMG requested stage BGM STM_PROLOGUE_01
[src/runtime/RuntimeContext.cpp:1368][APP - INFO] SMG requested system sound SE_SY_TALK_FOCUS_ITEM
[src/runtime/RuntimeContext.cpp:1368][APP - INFO] SMG requested system sound SE_SY_TALK_FOCUS_ITEM
[src/runtime/RuntimeContext.cpp:1368][APP - INFO] SMG requested system sound SE_SY_TALK_FOCUS_ITEM
[src/runtime/RuntimeContext.cpp:1368][APP - INFO] SMG requested system sound SE_SY_TALK_FOCUS_ITEM
[src/runtime/RuntimeContext.cpp:1368][APP - INFO] SMG requested system sound SE_SY_TALK_FOCUS_ITEM
[src/runtime/RuntimeContext.cpp:1358][APP - INFO] SMG stopped stage BGM over 90 frames
[src/runtime/RuntimeContext.cpp:1485][APP - INFO] SMG semantic event sequence_state:story_stage_prepared (current_scene=Game;next_scene=HeavensDoorGalaxy;current_stage=HeavensDoorGalaxy;scene_wipe=Closed;system_wipe=Open;draw_phase=;frame=9724;event=cDemoHeavensDoorBunny;demo=HeavensDoorBunny;stage=HeavensDoorGalaxy;scenario=1)
[src/runtime/RuntimeContext.cpp:1485][APP - INFO] SMG semantic event story:story_stage_prepared (event=cDemoHeavensDoorBunny;demo=HeavensDoorBunny;stage=HeavensDoorGalaxy;scenario=1)
[src/runtime/RuntimeContext.cpp:1485][APP - INFO] SMG semantic event sequence_state:scene_controller_phase (current_scene=Game;next_scene=HeavensDoorGalaxy;current_stage=HeavensDoorGalaxy;scene_wipe=Closed;system_wipe=Open;draw_phase=;frame=9724;phase=RequestQueued)
[src/runtime/RuntimeContext.cpp:1485][APP - INFO] SMG semantic event sequence_state:scene_change_requested (current_scene=Game;next_scene=HeavensDoorGalaxy;current_stage=HeavensDoorGalaxy;scene_wipe=Closed;system_wipe=Open;draw_phase=;frame=9724;next_scene=Game;next_stage=HeavensDoorGalaxy;scenario=1)
[src/runtime/RuntimeContext.cpp:1485][APP - INFO] SMG semantic event scene_controller:scene_change_requested (next_scene=Game;next_stage=HeavensDoorGalaxy;scenario=1)
[src/runtime/RuntimeContext.cpp:1485][APP - INFO] SMG semantic event sequence_state:scene_controller_phase (current_scene=Game;next_scene=HeavensDoorGalaxy;current_stage=HeavensDoorGalaxy;scene_wipe=Closed;system_wipe=Open;draw_phase=;frame=9724;phase=DestroyScene)
[src/runtime/RuntimeContext.cpp:1485][APP - INFO] SMG semantic event name_obj_lifecycle:destroy (object=PrologueDirector)
[src/runtime/RuntimeContext.cpp:1485][APP - INFO] SMG semantic event scene_lifecycle:stage_destroy_scheduler_cleanup (scene=Game;stage=PeachCastleGardenGalaxy;scenario=1;before_entries=10;after_entries=2;removed_entries=8)
[src/runtime/RuntimeContext.cpp:1485][APP - INFO] SMG semantic event sequence_state:scene_controller_phase (current_scene=Game;next_scene=HeavensDoorGalaxy;current_stage=HeavensDoorGalaxy;scene_wipe=Closed;system_wipe=Open;draw_phase=;frame=9724;phase=InitializeScene)
[src/runtime/RuntimeContext.cpp:1485][APP - INFO] SMG semantic event sequence:stage_host_started (stage host factory created HeavensDoorGalaxy through scene lifecycle service)
[src/runtime/RuntimeContext.cpp:1485][APP - INFO] SMG semantic event sequence_state:stage_host_started (current_scene=Game;next_scene=HeavensDoorGalaxy;current_stage=HeavensDoorGalaxy;scene_wipe=Closed;system_wipe=Open;draw_phase=;frame=9724;host=HeavensDoorGalaxy;stage=HeavensDoorGalaxy)
[src/runtime/RuntimeContext.cpp:1485][APP - INFO] SMG semantic event placement:stage_object (stage=HeavensDoorGalaxy;zone=HeavensDoorGalaxy;zone_id=0;scenario=1;layer=common;table=jmp/placement/common/areaobjinfo;object=RestartCube;factory=ignored;support_reason=non_renderable_placement_helper_table;common_path_id=-1;rail_info_attached=false;rail_path_row=-1;rail_point_count=0;rail_first_point=none;model_archive=;object_archive=)
[src/runtime/RuntimeContext.cpp:1485][APP - INFO] SMG semantic event placement:stage_object (stage=HeavensDoorGalaxy;zone=HeavensDoorGalaxy;zone_id=0;scenario=1;layer=common;table=jmp/placement/common/areaobjinfo;object=RestartCube;factory=ignored;support_reason=non_renderable_placement_helper_table;common_path_id=-1;rail_info_attached=false;rail_path_row=-1;rail_point_count=0;rail_first_point=none;model_archive=;object_archive=)
[src/runtime/RuntimeContext.cpp:1485][APP - INFO] SMG semantic event placement:stage_object (stage=HeavensDoorGalaxy;zone=HeavensDoorGalaxy;zone_id=0;scenario=1;layer=common;table=jmp/placement/common/areaobjinfo;object=RestartCube;factory=ignored;support_reason=non_renderable_placement_helper_table;common_path_id=-1;rail_info_attached=false;rail_path_row=-1;rail_point_count=0;rail_first_point=none;model_archive=;object_archive=)
[src/runtime/RuntimeContext.cpp:1485][APP - INFO] SMG semantic event placement:stage_object (stage=HeavensDoorGalaxy;zone=HeavensDoorGalaxy;zone_id=0;scenario=1;layer=common;table=jmp/placement/common/areaobjinfo;object=RestartCube;factory=ignored;support_reason=non_renderable_placement_helper_table;common_path_id=-1;rail_info_attached=false;rail_path_row=-1;rail_point_count=0;rail_first_point=none;model_archive=;object_archive=)
[src/runtime/RuntimeContext.cpp:1485][APP - INFO] SMG semantic event placement:stage_object (stage=HeavensDoorGalaxy;zone=HeavensDoorGalaxy;zone_id=0;scenario=1;layer=common;table=jmp/placement/common/areaobjinfo;object=LensFlareArea;factory=ignored;support_reason=non_renderable_placement_helper_table;common_path_id=-1;rail_info_attached=false;rail_path_row=-1;rail_point_count=0;rail_first_point=none;model_archive=;object_archive=)
[src/runtime/RuntimeContext.cpp:1485][APP - INFO] SMG semantic event placement:stage_object (stage=HeavensDoorGalaxy;zone=HeavensDoorGalaxy;zone_id=0;scenario=1;layer=common;table=jmp/placement/common/areaobjinfo;object=LightCtrlCube;factory=ignored;support_reason=non_renderable_placement_helper_table;common_path_id=-1;rail_info_attached=false;rail_path_row=-1;rail_point_count=0;rail_first_point=none;model_archive=;object_archive=)
[src/runtime/RuntimeContext.cpp:1485][APP - INFO] SMG semantic event placement:stage_object (stage=HeavensDoorGalaxy;zone=HeavensDoorGalaxy;zone_id=0;scenario=1;layer=common;table=jmp/placement/common/areaobjinfo;object=LightCtrlCube;factory=ignored;support_reason=non_renderable_placement_helper_table;common_path_id=-1;rail_info_attached=false;rail_path_row=-1;rail_point_count=0;rail_first_point=none;model_archive=;object_archive=)
[src/runtime/RuntimeContext.cpp:1485][APP - INFO] SMG semantic event placement:stage_object (stage=HeavensDoorGalaxy;zone=HeavensDoorGalaxy;zone_id=0;scenario=1;layer=common;table=jmp/placement/common/areaobjinfo;object=LightCtrlCube;factory=ignored;support_reason=non_renderable_placement_helper_table;common_path_id=-1;rail_info_attached=false;rail_path_row=-1;rail_point_count=0;rail_first_point=none;model_archive=;object_archive=)
[src/runtime/RuntimeContext.cpp:1485][APP - INFO] SMG semantic event placement:stage_object (stage=HeavensDoorGalaxy;zone=HeavensDoorGalaxy;zone_id=0;scenario=1;layer=common;table=jmp/placement/common/areaobjinfo;object=LightCtrlCube;factory=ignored;support_reason=non_renderable_placement_helper_table;common_path_id=-1;rail_info_attached=false;rail_path_row=-1;rail_point_count=0;rail_first_point=none;model_archive=;object_archive=)
[src/runtime/RuntimeContext.cpp:1485][APP - INFO] SMG semantic event placement:stage_object (stage=HeavensDoorGalaxy;zone=HeavensDoorGalaxy;zone_id=0;scenario=1;layer=common;table=jmp/placement/common/areaobjinfo;object=LightCtrlCube;factory=ignored;support_reason=non_renderable_placement_helper_table;common_path_id=-1;rail_info_attached=false;rail_path_row=-1;rail_point_count=0;rail_first_point=none;model_archive=;object_archive=)
[src/runtime/RuntimeContext.cpp:1485][APP - INFO] SMG semantic event placement:stage_object (stage=HeavensDoorGalaxy;zone=HeavensDoorGalaxy;zone_id=0;scenario=1;layer=common;table=jmp/placement/common/areaobjinfo;object=LightCtrlCube;factory=ignored;support_reason=non_renderable_placement_helper_table;common_path_id=-1;rail_info_attached=false;rail_path_row=-1;rail_point_count=0;rail_first_point=none;model_archive=;object_archive=)
[src/runtime/RuntimeContext.cpp:1485][APP - INFO] SMG semantic event placement:stage_object (stage=HeavensDoorGalaxy;zone=HeavensDoorGalaxy;zone_id=0;scenario=1;layer=common;table=jmp/placement/common/areaobjinfo;object=LightCtrlCube;factory=ignored;support_reason=non_renderable_placement_helper_table;common_path_id=-1;rail_info_attached=false;rail_path_row=-1;rail_point_count=0;rail_first_point=none;model_archive=;object_archive=)
[src/runtime/RuntimeContext.cpp:1485][APP - INFO] SMG semantic event placement:stage_object (stage=HeavensDoorGalaxy;zone=HeavensDoorGalaxy;zone_id=0;scenario=1;layer=common;table=jmp/placement/common/areaobjinfo;object=ViewGroupCtrlCube;factory=ignored;support_reason=non_renderable_placement_helper_table;common_path_id=-1;rail_info_attached=false;rail_path_row=-1;rail_point_count=0;rail_first_point=none;model_archive=;object_archive=)
[src/runtime/RuntimeContext.cpp:1485][APP - INFO] SMG semantic event placement:stage_object (stage=HeavensDoorGalaxy;zone=HeavensDoorGalaxy;zone_id=0;scenario=1;layer=common;table=jmp/placement/common/areaobjinfo;object=ViewGroupCtrlCube;factory=ignored;support_reason=non_renderable_placement_helper_table;common_path_id=-1;rail_info_attached=false;rail_path_row=-1;rail_point_count=0;rail_first_point=none;model_archive=;object_archive=)
[src/runtime/RuntimeContext.cpp:1485][APP - INFO] SMG semantic event placement:stage_object (stage=HeavensDoorGalaxy;zone=HeavensDoorGalaxy;zone_id=0;scenario=1;layer=common;table=jmp/placement/common/areaobjinfo;object=ViewGroupCtrlCube;factory=ignored;support_reason=non_renderable_placement_helper_table;common_path_id=-1;rail_info_attached=false;rail_path_row=-1;rail_point_count=0;rail_first_point=none;model_archive=;object_archive=)
[src/runtime/RuntimeContext.cpp:1485][APP - INFO] SMG semantic event placement:stage_object (stage=HeavensDoorGalaxy;zone=HeavensDoorGalaxy;zone_id=0;scenario=1;layer=common;table=jmp/placement/common/areaobjinfo;object=ViewGroupCtrlCube;factory=ignored;support_reason=non_renderable_placement_helper_table;common_path_id=-1;rail_info_attached=false;rail_path_row=-1;rail_point_count=0;rail_first_point=none;model_archive=;object_archive=)
[src/runtime/RuntimeContext.cpp:1485][APP - INFO] SMG semantic event placement:stage_object (stage=HeavensDoorGalaxy;zone=HeavensDoorGalaxy;zone_id=0;scenario=1;layer=common;table=jmp/placement/common/areaobjinfo;object=ViewGroupCtrlCube;factory=ignored;support_reason=non_renderable_placement_helper_table;common_path_id=-1;rail_info_attached=false;rail_path_row=-1;rail_point_count=0;rail_first_point=none;model_archive=;object_archive=)
[src/runtime/RuntimeContext.cpp:1485][APP - INFO] SMG semantic event placement:stage_object (stage=HeavensDoorGalaxy;zone=HeavensDoorGalaxy;zone_id=0;scenario=1;layer=common;table=jmp/placement/common/areaobjinfo;object=ViewGroupCtrlCube;factory=ignored;support_reason=non_renderable_placement_helper_table;common_path_id=-1;rail_info_attached=false;rail_path_row=-1;rail_point_count=0;rail_first_point=none;model_archive=;object_archive=)
[src/runtime/RuntimeContext.cpp:1485][APP - INFO] SMG semantic event placement:stage_object (stage=HeavensDoorGalaxy;zone=HeavensDoorGalaxy;zone_id=0;scenario=1;layer=common;table=jmp/placement/common/areaobjinfo;object=ViewGroupCtrlCube;factory=ignored;support_reason=non_renderable_placement_helper_table;common_path_id=-1;rail_info_attached=false;rail_path_row=-1;rail_point_count=0;rail_first_point=none;model_archive=;object_archive=)
[src/runtime/RuntimeContext.cpp:1485][APP - INFO] SMG semantic event placement:stage_object (stage=HeavensDoorGalaxy;zone=HeavensDoorGalaxy;zone_id=0;scenario=1;layer=common;table=jmp/placement/common/areaobjinfo;object=ViewGroupCtrlCube;factory=ignored;support_reason=non_renderable_placement_helper_table;common_path_id=-1;rail_info_attached=false;rail_path_row=-1;rail_point_count=0;rail_first_point=none;model_archive=;object_archive=)
[src/runtime/RuntimeContext.cpp:1485][APP - INFO] SMG semantic event placement:stage_object (stage=HeavensDoorGalaxy;zone=HeavensDoorGalaxy;zone_id=0;scenario=1;layer=common;table=jmp/placement/common/objinfo;object=VROrbit;factory=created_model_fallback;support_reason=direct_object_archive_model;common_path_id=-1;rail_info_attached=false;rail_path_row=-1;rail_point_count=0;rail_first_point=none;model_archive=VROrbit;object_archive=/ObjectData/VROrbit.arc)
[src/runtime/RuntimeContext.cpp:1485][APP - INFO] SMG semantic event name_obj_lifecycle:archive_request (object=VROrbit;archive=VROrbit;kind=object;loaded=true;disc_path=VROrbit.arc)
[src/runtime/RuntimeContext.cpp:1485][APP - INFO] SMG semantic event name_obj_lifecycle:connect_to_scene (object=VROrbit;kind=live_actor_model;movement=34;calc_anim=5;draw_buffer=8;draw_type=-1)
[src/runtime/RuntimeContext.cpp:1413][APP - INFO] Registered effect keeper VROrbit group VROrbit capacity 8
[src/runtime/RuntimeContext.cpp:1485][APP - INFO] SMG semantic event name_obj_lifecycle:construct (object=VROrbit;actor=VROrbit)
[src/runtime/RuntimeContext.cpp:1485][APP - INFO] SMG semantic event sequence:stage_host_constructed (host=VROrbit;stage=HeavensDoorGalaxy)
[src/runtime/RuntimeContext.cpp:1485][APP - INFO] SMG semantic event name_obj_lifecycle:init_from_placement (object=VROrbit;stage=HeavensDoorGalaxy;zone=HeavensDoorGalaxy;table=jmp/placement/common/objinfo;row=0;l_id=0)
[src/runtime/RuntimeContext.cpp:1485][APP - INFO] SMG semantic event sequence:stage_host_initialized (host=VROrbit;stage=HeavensDoorGalaxy)
[src/runtime/RuntimeContext.cpp:1485][APP - INFO] SMG semantic event placement:stage_object (stage=HeavensDoorGalaxy;zone=HeavensDoorGalaxy;zone_id=0;scenario=1;layer=common;table=jmp/placement/common/objinfo;object=BrightSun;factory=created_alias_model_fallback;support_reason=original_archive_model;common_path_id=-1;rail_info_attached=false;rail_path_row=-1;rail_point_count=0;rail_first_point=none;model_archive=LensFlare;object_archive=)
[src/runtime/RuntimeContext.cpp:1485][APP - INFO] SMG semantic event name_obj_lifecycle:archive_request (object=BrightSun;archive=LensFlare;kind=object;loaded=true;disc_path=LensFlare.arc)
[src/runtime/RuntimeContext.cpp:1485][APP - INFO] SMG semantic event name_obj_lifecycle:archive_request (object=BrightSun;archive=GlareGlow;kind=object;loaded=true;disc_path=GlareGlow.arc)
[src/runtime/RuntimeContext.cpp:1485][APP - INFO] SMG semantic event name_obj_lifecycle:archive_request (object=BrightSun;archive=GlareLine;kind=object;loaded=true;disc_path=GlareLine.arc)
[src/runtime/RuntimeContext.cpp:1485][APP - INFO] SMG semantic event name_obj_lifecycle:archive_request (object=BrightSun;archive=Sun;kind=object;loaded=true;disc_path=Sun.arc)
[src/runtime/RuntimeContext.cpp:1485][APP - INFO] SMG semantic event name_obj_lifecycle:connect_to_scene (object=BrightSun;kind=live_actor_model;movement=34;calc_anim=5;draw_buffer=8;draw_type=-1)
[src/runtime/RuntimeContext.cpp:1413][APP - INFO] Registered effect keeper BrightSun group LensFlare capacity 8
[src/runtime/RuntimeContext.cpp:1485][APP - INFO] SMG semantic event name_obj_lifecycle:construct (object=BrightSun;actor=BrightSun)
[src/runtime/RuntimeContext.cpp:1485][APP - INFO] SMG semantic event sequence:stage_host_constructed (host=BrightSun;stage=HeavensDoorGalaxy)
[src/runtime/RuntimeContext.cpp:1485][APP - INFO] SMG semantic event name_obj_lifecycle:init_from_placement (object=BrightSun;stage=HeavensDoorGalaxy;zone=HeavensDoorGalaxy;table=jmp/placement/common/objinfo;row=1;l_id=10)
[src/runtime/RuntimeContext.cpp:1485][APP - INFO] SMG semantic event sequence:stage_host_initialized (host=BrightSun;stage=HeavensDoorGalaxy)
[src/runtime/RuntimeContext.cpp:1485][APP - INFO] SMG semantic event placement:stage_object (stage=HeavensDoorGalaxy;zone=HeavensDoorGalaxy;zone_id=0;scenario=1;layer=common;table=jmp/placement/common/objinfo;object=SwitchSynchronizerReverse;factory=created;support_reason=original_factory;common_path_id=-1;rail_info_attached=false;rail_path_row=-1;rail_point_count=0;rail_first_point=none;model_archive=SwitchSynchronizerReverse;object_archive=)
[src/runtime/RuntimeContext.cpp:1485][APP - INFO] SMG semantic event name_obj_lifecycle:construct (object=SwitchSynchronizerReverse;actor=SwitchSynchronizerReverse)
[src/runtime/RuntimeContext.cpp:1485][APP - INFO] SMG semantic event sequence:stage_host_constructed (host=SwitchSynchronizerReverse;stage=HeavensDoorGalaxy)
[src/runtime/RuntimeContext.cpp:1485][APP - INFO] SMG semantic event name_obj_lifecycle:init_from_placement (object=SwitchSynchronizerReverse;stage=HeavensDoorGalaxy;zone=HeavensDoorGalaxy;table=jmp/placement/common/objinfo;row=2;l_id=11)
[src/runtime/RuntimeContext.cpp:1485][APP - INFO] SMG semantic event name_obj_lifecycle:connect_to_scene (object=SwitchSynchronizerReverse;kind=name_obj;movement=34;calc_anim=-1;draw_buffer=-1;draw_type=-1)
[src/runtime/RuntimeContext.cpp:1485][APP - INFO] SMG semantic event sequence:stage_host_initialized (host=SwitchSynchronizerReverse;stage=HeavensDoorGalaxy)
[src/runtime/RuntimeContext.cpp:1485][APP - INFO] SMG semantic event placement:stage_object (stage=HeavensDoorGalaxy;zone=HeavensDoorGalaxy;zone_id=0;scenario=1;layer=common;table=jmp/placement/common/stageobjinfo;object=HeavensDoorMysteriousZone;factory=ignored;support_reason=non_renderable_placement_helper_table;common_path_id=-1;rail_info_attached=false;rail_path_row=-1;rail_point_count=0;rail_first_point=none;model_archive=;object_archive=)
[src/runtime/RuntimeContext.cpp:1485][APP - INFO] SMG semantic event placement:stage_object (stage=HeavensDoorGalaxy;zone=HeavensDoorGalaxy;zone_id=0;scenario=1;layer=layera;table=jmp/placement/layera/areaobjinfo;object=ChangeBgmCube;factory=ignored;support_reason=non_renderable_placement_helper_table;common_path_id=-1;rail_info_attached=false;rail_path_row=-1;rail_point_count=0;rail_first_point=none;model_archive=;object_archive=)
[src/runtime/RuntimeContext.cpp:1485][APP - INFO] SMG semantic event placement:stage_object (stage=HeavensDoorGalaxy;zone=HeavensDoorGalaxy;zone_id=0;scenario=1;layer=layera;table=jmp/placement/layera/areaobjinfo;object=ChangeBgmCube;factory=ignored;support_reason=non_renderable_placement_helper_table;common_path_id=-1;rail_info_attached=false;rail_path_row=-1;rail_point_count=0;rail_first_point=none;model_archive=;object_archive=)
[src/runtime/RuntimeContext.cpp:1485][APP - INFO] SMG semantic event placement:stage_object (stage=HeavensDoorGalaxy;zone=HeavensDoorGalaxy;zone_id=0;scenario=1;layer=layera;table=jmp/placement/layera/areaobjinfo;object=ChangeBgmCube;factory=ignored;support_reason=non_renderable_placement_helper_table;common_path_id=-1;rail_info_attached=false;rail_path_row=-1;rail_point_count=0;rail_first_point=none;model_archive=;object_archive=)
[src/runtime/RuntimeContext.cpp:1485][APP - INFO] SMG semantic event placement:stage_object (stage=HeavensDoorGalaxy;zone=HeavensDoorGalaxy;zone_id=0;scenario=1;layer=layera;table=jmp/placement/layera/objinfo;object=SpinDriver;factory=created_model_fallback;support_reason=direct_object_archive_model;common_path_id=1;rail_info_attached=true;rail_path_row=0;rail_point_count=2;rail_first_point=6692.187500,2962.333984,-5310.305664;model_archive=SpinDriver;object_archive=/ObjectData/SpinDriver.arc)
[src/runtime/RuntimeContext.cpp:1485][APP - INFO] SMG semantic event name_obj_lifecycle:archive_request (object=SpinDriver;archive=SpinDriver;kind=object;loaded=true;disc_path=SpinDriver.arc)
[src/runtime/RuntimeContext.cpp:1485][APP - INFO] SMG semantic event name_obj_lifecycle:archive_request (object=SpinDriver;archive=SpinDriverShadow;kind=object;loaded=true;disc_path=SpinDriverShadow.arc)
[src/runtime/RuntimeContext.cpp:1485][APP - INFO] SMG semantic event name_obj_lifecycle:connect_to_scene (object=SpinDriver;kind=live_actor_model;movement=34;calc_anim=5;draw_buffer=8;draw_type=-1)
[src/runtime/RuntimeContext.cpp:1413][APP - INFO] Registered effect keeper SpinDriver group SpinDriver capacity 8
[src/runtime/RuntimeContext.cpp:1485][APP - INFO] SMG semantic event name_obj_lifecycle:construct (object=SpinDriver;actor=SpinDriver)
[src/runtime/RuntimeContext.cpp:1485][APP - INFO] SMG semantic event sequence:stage_host_constructed (host=SpinDriver;stage=HeavensDoorGalaxy)
[src/runtime/RuntimeContext.cpp:1485][APP - INFO] SMG semantic event name_obj_lifecycle:init_from_placement (object=SpinDriver;stage=HeavensDoorGalaxy;zone=HeavensDoorGalaxy;table=jmp/placement/layera/objinfo;row=0;l_id=2)
[src/runtime/RuntimeContext.cpp:1485][APP - INFO] SMG semantic event sequence:stage_host_initialized (host=SpinDriver;stage=HeavensDoorGalaxy)
[src/runtime/RuntimeContext.cpp:1485][APP - INFO] SMG semantic event placement:stage_object (stage=HeavensDoorGalaxy;zone=HeavensDoorGalaxy;zone_id=0;scenario=1;layer=layera;table=jmp/placement/layera/objinfo;object=CollisionBlocker;factory=created;support_reason=original_factory;common_path_id=-1;rail_info_attached=false;rail_path_row=-1;rail_point_count=0;rail_first_point=none;model_archive=CollisionBlocker;object_archive=)
[src/runtime/RuntimeContext.cpp:1485][APP - INFO] SMG semantic event name_obj_lifecycle:construct (object=CollisionBlocker;actor=CollisionBlocker)
[src/runtime/RuntimeContext.cpp:1485][APP - INFO] SMG semantic event sequence:stage_host_constructed (host=CollisionBlocker;stage=HeavensDoorGalaxy)
[src/runtime/RuntimeContext.cpp:1485][APP - INFO] SMG semantic event name_obj_lifecycle:init_from_placement (object=CollisionBlocker;stage=HeavensDoorGalaxy;zone=HeavensDoorGalaxy;table=jmp/placement/layera/objinfo;row=1;l_id=12)
[src/runtime/RuntimeContext.cpp:1485][APP - INFO] SMG semantic event name_obj_lifecycle:connect_to_scene (object=CollisionBlocker;kind=name_obj;movement=34;calc_anim=-1;draw_buffer=-1;draw_type=-1)
[src/runtime/RuntimeContext.cpp:1485][APP - INFO] SMG semantic event name_obj_lifecycle:connect_to_scene (object=SwitchWatcherHolder;kind=name_obj;movement=27;calc_anim=-1;draw_buffer=-1;draw_type=-1)
[src/runtime/RuntimeContext.cpp:1485][APP - INFO] SMG semantic event sequence:stage_host_initialized (host=CollisionBlocker;stage=HeavensDoorGalaxy)
[src/runtime/RuntimeContext.cpp:1485][APP - INFO] SMG semantic event placement:stage_object (stage=HeavensDoorGalaxy;zone=HeavensDoorGalaxy;zone_id=0;scenario=1;layer=layera;table=jmp/placement/layera/objinfo;object=SuperSpinDriver;factory=created_model_fallback;support_reason=direct_object_archive_model;common_path_id=3;rail_info_attached=true;rail_path_row=1;rail_point_count=3;rail_first_point=15080.000000,-8007.236328,7490.000000;model_archive=SuperSpinDriver;object_archive=/ObjectData/SuperSpinDriver.arc)
[src/runtime/RuntimeContext.cpp:1485][APP - INFO] SMG semantic event name_obj_lifecycle:archive_request (object=SuperSpinDriver;archive=SuperSpinDriver;kind=object;loaded=true;disc_path=SuperSpinDriver.arc)
[src/runtime/RuntimeContext.cpp:1485][APP - INFO] SMG semantic event name_obj_lifecycle:archive_request (object=SuperSpinDriver;archive=SpinDriverPath;kind=object;loaded=true;disc_path=SpinDriverPath.arc)
[src/runtime/RuntimeContext.cpp:1485][APP - INFO] SMG semantic event name_obj_lifecycle:archive_request (object=SuperSpinDriver;archive=SuperSpinDriverShadow;kind=object;loaded=true;disc_path=SuperSpinDriverShadow.arc)
[src/runtime/RuntimeContext.cpp:1485][APP - INFO] SMG semantic event name_obj_lifecycle:connect_to_scene (object=SuperSpinDriver;kind=live_actor_model;movement=34;calc_anim=5;draw_buffer=8;draw_type=-1)
[src/runtime/RuntimeContext.cpp:1413][APP - INFO] Registered effect keeper SuperSpinDriver group SuperSpinDriver capacity 8
[src/runtime/RuntimeContext.cpp:1485][APP - INFO] SMG semantic event name_obj_lifecycle:construct (object=SuperSpinDriver;actor=SuperSpinDriver)
[src/runtime/RuntimeContext.cpp:1485][APP - INFO] SMG semantic event sequence:stage_host_constructed (host=SuperSpinDriver;stage=HeavensDoorGalaxy)
[src/runtime/RuntimeContext.cpp:1485][APP - INFO] SMG semantic event name_obj_lifecycle:init_from_placement (object=SuperSpinDriver;stage=HeavensDoorGalaxy;zone=HeavensDoorGalaxy;table=jmp/placement/layera/objinfo;row=2;l_id=5)
[src/runtime/RuntimeContext.cpp:1485][APP - INFO] SMG semantic event sequence:stage_host_initialized (host=SuperSpinDriver;stage=HeavensDoorGalaxy)
[src/runtime/RuntimeContext.cpp:1485][APP - INFO] SMG semantic event placement:stage_object (stage=HeavensDoorGalaxy;zone=HeavensDoorGalaxy;zone_id=0;scenario=1;layer=layera;table=jmp/placement/layera/objinfo;object=SuperSpinDriver;factory=created_model_fallback;support_reason=direct_object_archive_model;common_path_id=4;rail_info_attached=true;rail_path_row=2;rail_point_count=2;rail_first_point=12815.183594,-679.738281,-4658.646973;model_archive=SuperSpinDriver;object_archive=/ObjectData/SuperSpinDriver.arc)
[src/runtime/RuntimeContext.cpp:1485][APP - INFO] SMG semantic event name_obj_lifecycle:archive_request (object=SuperSpinDriver;archive=SuperSpinDriver;kind=object;loaded=true;disc_path=SuperSpinDriver.arc)
[src/runtime/RuntimeContext.cpp:1485][APP - INFO] SMG semantic event name_obj_lifecycle:archive_request (object=SuperSpinDriver;archive=SpinDriverPath;kind=object;loaded=true;disc_path=SpinDriverPath.arc)
[src/runtime/RuntimeContext.cpp:1485][APP - INFO] SMG semantic event name_obj_lifecycle:archive_request (object=SuperSpinDriver;archive=SuperSpinDriverShadow;kind=object;loaded=true;disc_path=SuperSpinDriverShadow.arc)
[src/runtime/RuntimeContext.cpp:1485][APP - INFO] SMG semantic event name_obj_lifecycle:connect_to_scene (object=SuperSpinDriver;kind=live_actor_model;movement=34;calc_anim=5;draw_buffer=8;draw_type=-1)
[src/runtime/RuntimeContext.cpp:1413][APP - INFO] Registered effect keeper SuperSpinDriver group SuperSpinDriver capacity 8
[src/runtime/RuntimeContext.cpp:1485][APP - INFO] SMG semantic event name_obj_lifecycle:construct (object=SuperSpinDriver;actor=SuperSpinDriver)
[src/runtime/RuntimeContext.cpp:1485][APP - INFO] SMG semantic event sequence:stage_host_constructed (host=SuperSpinDriver;stage=HeavensDoorGalaxy)
[src/runtime/RuntimeContext.cpp:1485][APP - INFO] SMG semantic event name_obj_lifecycle:init_from_placement (object=SuperSpinDriver;stage=HeavensDoorGalaxy;zone=HeavensDoorGalaxy;table=jmp/placement/layera/objinfo;row=3;l_id=8)
[src/runtime/RuntimeContext.cpp:1485][APP - INFO] SMG semantic event sequence:stage_host_initialized (host=SuperSpinDriver;stage=HeavensDoorGalaxy)
[src/runtime/RuntimeContext.cpp:1485][APP - INFO] SMG semantic event placement:stage_object (stage=HeavensDoorGalaxy;zone=HeavensDoorGalaxy;zone_id=0;scenario=1;layer=layera;table=jmp/placement/layera/objinfo;object=EarthenPipe;factory=created_model_fallback;support_reason=direct_object_archive_model;common_path_id=-1;rail_info_attached=false;rail_path_row=-1;rail_point_count=0;rail_first_point=none;model_archive=EarthenPipe;object_archive=/ObjectData/EarthenPipe.arc)
[src/runtime/RuntimeContext.cpp:1485][APP - INFO] SMG semantic event name_obj_lifecycle:archive_request (object=EarthenPipe;archive=EarthenPipe;kind=object;loaded=true;disc_path=EarthenPipe.arc)
[src/runtime/RuntimeContext.cpp:1485][APP - INFO] SMG semantic event name_obj_lifecycle:connect_to_scene (object=EarthenPipe;kind=live_actor_model;movement=34;calc_anim=5;draw_buffer=8;draw_type=-1)
[src/runtime/RuntimeContext.cpp:1413][APP - INFO] Registered effect keeper EarthenPipe group EarthenPipe capacity 8
[src/runtime/RuntimeContext.cpp:1485][APP - INFO] SMG semantic event name_obj_lifecycle:construct (object=EarthenPipe;actor=EarthenPipe)
[src/runtime/RuntimeContext.cpp:1485][APP - INFO] SMG semantic event sequence:stage_host_constructed (host=EarthenPipe;stage=HeavensDoorGalaxy)
[src/runtime/RuntimeContext.cpp:1485][APP - INFO] SMG semantic event name_obj_lifecycle:init_from_placement (object=EarthenPipe;stage=HeavensDoorGalaxy;zone=HeavensDoorGalaxy;table=jmp/placement/layera/objinfo;row=4;l_id=6)
[src/runtime/RuntimeContext.cpp:1485][APP - INFO] SMG semantic event sequence:stage_host_initialized (host=EarthenPipe;stage=HeavensDoorGalaxy)
[src/runtime/RuntimeContext.cpp:1485][APP - INFO] SMG semantic event placement:stage_object (stage=HeavensDoorGalaxy;zone=HeavensDoorGalaxy;zone_id=0;scenario=1;layer=layera;table=jmp/placement/layera/objinfo;object=EarthenPipe;factory=created_model_fallback;support_reason=direct_object_archive_model;common_path_id=-1;rail_info_attached=false;rail_path_row=-1;rail_point_count=0;rail_first_point=none;model_archive=EarthenPipe;object_archive=/ObjectData/EarthenPipe.arc)
[src/runtime/RuntimeContext.cpp:1485][APP - INFO] SMG semantic event name_obj_lifecycle:archive_request (object=EarthenPipe;archive=EarthenPipe;kind=object;loaded=true;disc_path=EarthenPipe.arc)
[src/runtime/RuntimeContext.cpp:1485][APP - INFO] SMG semantic event name_obj_lifecycle:connect_to_scene (object=EarthenPipe;kind=live_actor_model;movement=34;calc_anim=5;draw_buffer=8;draw_type=-1)
[src/runtime/RuntimeContext.cpp:1413][APP - INFO] Registered effect keeper EarthenPipe group EarthenPipe capacity 8
[src/runtime/RuntimeContext.cpp:1485][APP - INFO] SMG semantic event name_obj_lifecycle:construct (object=EarthenPipe;actor=EarthenPipe)
[src/runtime/RuntimeContext.cpp:1485][APP - INFO] SMG semantic event sequence:stage_host_constructed (host=EarthenPipe;stage=HeavensDoorGalaxy)
[src/runtime/RuntimeContext.cpp:1485][APP - INFO] SMG semantic event name_obj_lifecycle:init_from_placement (object=EarthenPipe;stage=HeavensDoorGalaxy;zone=HeavensDoorGalaxy;table=jmp/placement/layera/objinfo;row=5;l_id=7)
[src/runtime/RuntimeContext.cpp:1485][APP - INFO] SMG semantic event sequence:stage_host_initialized (host=EarthenPipe;stage=HeavensDoorGalaxy)
[src/runtime/RuntimeContext.cpp:1485][APP - INFO] SMG semantic event placement:stage_object (stage=HeavensDoorGalaxy;zone=HeavensDoorGalaxy;zone_id=0;scenario=1;layer=layera;table=jmp/placement/layera/stageobjinfo;object=HeavensDoorSmallZone;factory=ignored;support_reason=non_renderable_placement_helper_table;common_path_id=-1;rail_info_attached=false;rail_path_row=-1;rail_point_count=0;rail_first_point=none;model_archive=;object_archive=)
[src/runtime/RuntimeContext.cpp:1485][APP - INFO] SMG semantic event placement:stage_object (stage=HeavensDoorGalaxy;zone=HeavensDoorGalaxy;zone_id=0;scenario=1;layer=layera;table=jmp/placement/layera/stageobjinfo;object=HeavensDoorMiddleZone;factory=ignored;support_reason=non_renderable_placement_helper_table;common_path_id=-1;rail_info_attached=false;rail_path_row=-1;rail_point_count=0;rail_first_point=none;model_archive=;object_archive=)
[src/runtime/RuntimeContext.cpp:1485][APP - INFO] SMG semantic event placement:stage_object (stage=HeavensDoorGalaxy;zone=HeavensDoorGalaxy;zone_id=0;scenario=1;layer=layera;table=jmp/placement/layera/stageobjinfo;object=HeavensDoorInsideZone;factory=ignored;support_reason=non_renderable_placement_helper_table;common_path_id=-1;rail_info_attached=false;rail_path_row=-1;rail_point_count=0;rail_first_point=none;model_archive=;object_archive=)
[src/runtime/RuntimeContext.cpp:1485][APP - INFO] SMG semantic event placement:stage_object (stage=HeavensDoorGalaxy;zone=HeavensDoorGalaxy;zone_id=0;scenario=1;layer=layera;table=jmp/placement/layera/stageobjinfo;object=HeavensBlackHoleZone;factory=ignored;support_reason=non_renderable_placement_helper_table;common_path_id=-1;rail_info_attached=false;rail_path_row=-1;rail_point_count=0;rail_first_point=none;model_archive=;object_archive=)
[src/runtime/RuntimeContext.cpp:1485][APP - INFO] SMG semantic event placement:stage_object (stage=HeavensDoorMysteriousZone;zone=HeavensDoorMysteriousZone;zone_id=5;scenario=1;layer=common;table=jmp/placement/common/areaobjinfo;object=PullBackCylinder;factory=ignored;support_reason=non_renderable_placement_helper_table;common_path_id=-1;rail_info_attached=false;rail_path_row=-1;rail_point_count=0;rail_first_point=none;model_archive=;object_archive=)
[src/runtime/RuntimeContext.cpp:1485][APP - INFO] SMG semantic event placement:stage_object (stage=HeavensDoorMysteriousZone;zone=HeavensDoorMysteriousZone;zone_id=5;scenario=1;layer=common;table=jmp/placement/common/areaobjinfo;object=SwitchCube;factory=ignored;support_reason=non_renderable_placement_helper_table;common_path_id=-1;rail_info_attached=false;rail_path_row=-1;rail_point_count=0;rail_first_point=none;model_archive=;object_archive=)
[src/runtime/RuntimeContext.cpp:1485][APP - INFO] SMG semantic event placement:stage_object (stage=HeavensDoorMysteriousZone;zone=HeavensDoorMysteriousZone;zone_id=5;scenario=1;layer=common;table=jmp/placement/common/areaobjinfo;object=SwitchCube;factory=ignored;support_reason=non_renderable_placement_helper_table;common_path_id=-1;rail_info_attached=false;rail_path_row=-1;rail_point_count=0;rail_first_point=none;model_archive=;object_archive=)
[src/runtime/RuntimeContext.cpp:1485][APP - INFO] SMG semantic event placement:stage_object (stage=HeavensDoorMysteriousZone;zone=HeavensDoorMysteriousZone;zone_id=5;scenario=1;layer=common;table=jmp/placement/common/areaobjinfo;object=MessageAreaCylinder;factory=ignored;support_reason=non_renderable_placement_helper_table;common_path_id=-1;rail_info_attached=false;rail_path_row=-1;rail_point_count=0;rail_first_point=none;model_archive=;object_archive=)
[src/runtime/RuntimeContext.cpp:1485][APP - INFO] SMG semantic event placement:stage_object (stage=HeavensDoorMysteriousZone;zone=HeavensDoorMysteriousZone;zone_id=5;scenario=1;layer=common;table=jmp/placement/common/areaobjinfo;object=CollisionArea;factory=ignored;support_reason=non_renderable_placement_helper_table;common_path_id=-1;rail_info_attached=false;rail_path_row=-1;rail_point_count=0;rail_first_point=none;model_archive=;object_archive=)
[src/runtime/RuntimeContext.cpp:1485][APP - INFO] SMG semantic event placement:stage_object (stage=HeavensDoorMysteriousZone;zone=HeavensDoorMysteriousZone;zone_id=5;scenario=1;layer=common;table=jmp/placement/common/areaobjinfo;object=CollisionArea;factory=ignored;support_reason=non_renderable_placement_helper_table;common_path_id=-1;rail_info_attached=false;rail_path_row=-1;rail_point_count=0;rail_first_point=none;model_archive=;object_archive=)
[src/runtime/RuntimeContext.cpp:1485][APP - INFO] SMG semantic event placement:stage_object (stage=HeavensDoorMysteriousZone;zone=HeavensDoorMysteriousZone;zone_id=5;scenario=1;layer=common;table=jmp/placement/common/cameracubeinfo;object=CubeCameraSphere;factory=ignored;support_reason=non_renderable_placement_helper_table;common_path_id=-1;rail_info_attached=false;rail_path_row=-1;rail_point_count=0;rail_first_point=none;model_archive=;object_archive=)
[src/runtime/RuntimeContext.cpp:1485][APP - INFO] SMG semantic event placement:stage_object (stage=HeavensDoorMysteriousZone;zone=HeavensDoorMysteriousZone;zone_id=5;scenario=1;layer=common;table=jmp/placement/common/cameracubeinfo;object=CubeCameraCylinder;factory=ignored;support_reason=non_renderable_placement_helper_table;common_path_id=-1;rail_info_attached=false;rail_path_row=-1;rail_point_count=0;rail_first_point=none;model_archive=;object_archive=)
[src/runtime/RuntimeContext.cpp:1485][APP - INFO] SMG semantic event placement:stage_object (stage=HeavensDoorMysteriousZone;zone=HeavensDoorMysteriousZone;zone_id=5;scenario=1;layer=common;table=jmp/placement/common/cameracubeinfo;object=CubeCameraCylinder;factory=ignored;support_reason=non_renderable_placement_helper_table;common_path_id=-1;rail_info_attached=false;rail_path_row=-1;rail_point_count=0;rail_first_point=none;model_archive=;object_archive=)
[src/runtime/RuntimeContext.cpp:1485][APP - INFO] SMG semantic event placement:stage_object (stage=HeavensDoorMysteriousZone;zone=HeavensDoorMysteriousZone;zone_id=5;scenario=1;layer=common;table=jmp/placement/common/cameracubeinfo;object=CubeCameraCylinder;factory=ignored;support_reason=non_renderable_placement_helper_table;common_path_id=-1;rail_info_attached=false;rail_path_row=-1;rail_point_count=0;rail_first_point=none;model_archive=;object_archive=)
[src/runtime/RuntimeContext.cpp:1485][APP - INFO] SMG semantic event placement:stage_object (stage=HeavensDoorMysteriousZone;zone=HeavensDoorMysteriousZone;zone_id=5;scenario=1;layer=common;table=jmp/placement/common/cameracubeinfo;object=CubeCameraCylinder;factory=ignored;support_reason=non_renderable_placement_helper_table;common_path_id=-1;rail_info_attached=false;rail_path_row=-1;rail_point_count=0;rail_first_point=none;model_archive=;object_archive=)
[src/runtime/RuntimeContext.cpp:1485][APP - INFO] SMG semantic event placement:stage_object (stage=HeavensDoorMysteriousZone;zone=HeavensDoorMysteriousZone;zone_id=5;scenario=1;layer=common;table=jmp/placement/common/objinfo;object=FlowerGroup;factory=created_alias_model_fallback;support_reason=original_archive_model;common_path_id=-1;rail_info_attached=false;rail_path_row=-1;rail_point_count=0;rail_first_point=none;model_archive=Flower;object_archive=)
[src/runtime/RuntimeContext.cpp:1485][APP - INFO] SMG semantic event name_obj_lifecycle:archive_request (object=FlowerGroup;archive=Flower;kind=object;loaded=true;disc_path=Flower.arc)
[src/runtime/RuntimeContext.cpp:1485][APP - INFO] SMG semantic event name_obj_lifecycle:connect_to_scene (object=FlowerGroup;kind=live_actor_model;movement=34;calc_anim=5;draw_buffer=8;draw_type=-1)
[src/runtime/RuntimeContext.cpp:1413][APP - INFO] Registered effect keeper FlowerGroup group Flower capacity 8
[src/runtime/RuntimeContext.cpp:1485][APP - INFO] SMG semantic event name_obj_lifecycle:construct (object=FlowerGroup;actor=FlowerGroup)
[src/runtime/RuntimeContext.cpp:1485][APP - INFO] SMG semantic event sequence:stage_host_constructed (host=FlowerGroup;stage=HeavensDoorGalaxy)
[src/runtime/RuntimeContext.cpp:1485][APP - INFO] SMG semantic event name_obj_lifecycle:init_from_placement (object=FlowerGroup;stage=HeavensDoorMysteriousZone;zone=HeavensDoorMysteriousZone;table=jmp/placement/common/objinfo;row=0;l_id=13)
[src/runtime/RuntimeContext.cpp:1485][APP - INFO] SMG semantic event sequence:stage_host_initialized (host=FlowerGroup;stage=HeavensDoorGalaxy)
[src/runtime/RuntimeContext.cpp:1485][APP - INFO] SMG semantic event placement:stage_object (stage=HeavensDoorMysteriousZone;zone=HeavensDoorMysteriousZone;zone_id=5;scenario=1;layer=common;table=jmp/placement/common/objinfo;object=FlowerBlueGroup;factory=created_alias_model_fallback;support_reason=original_archive_model;common_path_id=-1;rail_info_attached=false;rail_path_row=-1;rail_point_count=0;rail_first_point=none;model_archive=FlowerBlue;object_archive=)
[src/runtime/RuntimeContext.cpp:1485][APP - INFO] SMG semantic event name_obj_lifecycle:archive_request (object=FlowerBlueGroup;archive=FlowerBlue;kind=object;loaded=true;disc_path=FlowerBlue.arc)
[src/runtime/RuntimeContext.cpp:1485][APP - INFO] SMG semantic event name_obj_lifecycle:connect_to_scene (object=FlowerBlueGroup;kind=live_actor_model;movement=34;calc_anim=5;draw_buffer=8;draw_type=-1)
[src/runtime/RuntimeContext.cpp:1413][APP - INFO] Registered effect keeper FlowerBlueGroup group FlowerBlue capacity 8
[src/runtime/RuntimeContext.cpp:1485][APP - INFO] SMG semantic event name_obj_lifecycle:construct (object=FlowerBlueGroup;actor=FlowerBlueGroup)
[src/runtime/RuntimeContext.cpp:1485][APP - INFO] SMG semantic event sequence:stage_host_constructed (host=FlowerBlueGroup;stage=HeavensDoorGalaxy)
[src/runtime/RuntimeContext.cpp:1485][APP - INFO] SMG semantic event name_obj_lifecycle:init_from_placement (object=FlowerBlueGroup;stage=HeavensDoorMysteriousZone;zone=HeavensDoorMysteriousZone;table=jmp/placement/common/objinfo;row=1;l_id=14)
[src/runtime/RuntimeContext.cpp:1485][APP - INFO] SMG semantic event sequence:stage_host_initialized (host=FlowerBlueGroup;stage=HeavensDoorGalaxy)
[src/runtime/RuntimeContext.cpp:1485][APP - INFO] SMG semantic event placement:stage_object (stage=HeavensDoorMysteriousZone;zone=HeavensDoorMysteriousZone;zone_id=5;scenario=1;layer=common;table=jmp/placement/common/objinfo;object=Butterfly;factory=created_model_fallback;support_reason=direct_object_archive_model;common_path_id=-1;rail_info_attached=false;rail_path_row=-1;rail_point_count=0;rail_first_point=none;model_archive=Butterfly;object_archive=/ObjectData/Butterfly.arc)
[src/runtime/RuntimeContext.cpp:1485][APP - INFO] SMG semantic event name_obj_lifecycle:archive_request (object=Butterfly;archive=Butterfly;kind=object;loaded=true;disc_path=Butterfly.arc)
[src/runtime/RuntimeContext.cpp:1485][APP - INFO] SMG semantic event name_obj_lifecycle:connect_to_scene (object=Butterfly;kind=live_actor_model;movement=34;calc_anim=5;draw_buffer=8;draw_type=-1)
[src/runtime/RuntimeContext.cpp:1413][APP - INFO] Registered effect keeper Butterfly group Butterfly capacity 8
[src/runtime/RuntimeContext.cpp:1485][APP - INFO] SMG semantic event name_obj_lifecycle:construct (object=Butterfly;actor=Butterfly)
[src/runtime/RuntimeContext.cpp:1485][APP - INFO] SMG semantic event sequence:stage_host_constructed (host=Butterfly;stage=HeavensDoorGalaxy)
[src/runtime/RuntimeContext.cpp:1485][APP - INFO] SMG semantic event name_obj_lifecycle:init_from_placement (object=Butterfly;stage=HeavensDoorMysteriousZone;zone=HeavensDoorMysteriousZone;table=jmp/placement/common/objinfo;row=2;l_id=29)
[src/runtime/RuntimeContext.cpp:1485][APP - INFO] SMG semantic event sequence:stage_host_initialized (host=Butterfly;stage=HeavensDoorGalaxy)
[src/runtime/RuntimeContext.cpp:1485][APP - INFO] SMG semantic event placement:stage_object (stage=HeavensDoorMysteriousZone;zone=HeavensDoorMysteriousZone;zone_id=5;scenario=1;layer=common;table=jmp/placement/common/objinfo;object=Butterfly;factory=created_model_fallback;support_reason=direct_object_archive_model;common_path_id=-1;rail_info_attached=false;rail_path_row=-1;rail_point_count=0;rail_first_point=none;model_archive=Butterfly;object_archive=/ObjectData/Butterfly.arc)
[src/runtime/RuntimeContext.cpp:1485][APP - INFO] SMG semantic event name_obj_lifecycle:archive_request (object=Butterfly;archive=Butterfly;kind=object;loaded=true;disc_path=Butterfly.arc)
[src/runtime/RuntimeContext.cpp:1485][APP - INFO] SMG semantic event name_obj_lifecycle:connect_to_scene (object=Butterfly;kind=live_actor_model;movement=34;calc_anim=5;draw_buffer=8;draw_type=-1)
[src/runtime/RuntimeContext.cpp:1413][APP - INFO] Registered effect keeper Butterfly group Butterfly capacity 8
[src/runtime/RuntimeContext.cpp:1485][APP - INFO] SMG semantic event name_obj_lifecycle:construct (object=Butterfly;actor=Butterfly)
[src/runtime/RuntimeContext.cpp:1485][APP - INFO] SMG semantic event sequence:stage_host_constructed (host=Butterfly;stage=HeavensDoorGalaxy)
[src/runtime/RuntimeContext.cpp:1485][APP - INFO] SMG semantic event name_obj_lifecycle:init_from_placement (object=Butterfly;stage=HeavensDoorMysteriousZone;zone=HeavensDoorMysteriousZone;table=jmp/placement/common/objinfo;row=3;l_id=30)
[src/runtime/RuntimeContext.cpp:1485][APP - INFO] SMG semantic event sequence:stage_host_initialized (host=Butterfly;stage=HeavensDoorGalaxy)
[src/runtime/RuntimeContext.cpp:1485][APP - INFO] SMG semantic event placement:stage_object (stage=HeavensDoorMysteriousZone;zone=HeavensDoorMysteriousZone;zone_id=5;scenario=1;layer=common;table=jmp/placement/common/objinfo;object=Butterfly;factory=created_model_fallback;support_reason=direct_object_archive_model;common_path_id=-1;rail_info_attached=false;rail_path_row=-1;rail_point_count=0;rail_first_point=none;model_archive=Butterfly;object_archive=/ObjectData/Butterfly.arc)
[src/runtime/RuntimeContext.cpp:1485][APP - INFO] SMG semantic event name_obj_lifecycle:archive_request (object=Butterfly;archive=Butterfly;kind=object;loaded=true;disc_path=Butterfly.arc)
[src/runtime/RuntimeContext.cpp:1485][APP - INFO] SMG semantic event name_obj_lifecycle:connect_to_scene (object=Butterfly;kind=live_actor_model;movement=34;calc_anim=5;draw_buffer=8;draw_type=-1)
[src/runtime/RuntimeContext.cpp:1413][APP - INFO] Registered effect keeper Butterfly group Butterfly capacity 8
[src/runtime/RuntimeContext.cpp:1485][APP - INFO] SMG semantic event name_obj_lifecycle:construct (object=Butterfly;actor=Butterfly)
[src/runtime/RuntimeContext.cpp:1485][APP - INFO] SMG semantic event sequence:stage_host_constructed (host=Butterfly;stage=HeavensDoorGalaxy)
[src/runtime/RuntimeContext.cpp:1485][APP - INFO] SMG semantic event name_obj_lifecycle:init_from_placement (object=Butterfly;stage=HeavensDoorMysteriousZone;zone=HeavensDoorMysteriousZone;table=jmp/placement/common/objinfo;row=4;l_id=31)
[src/runtime/RuntimeContext.cpp:1485][APP - INFO] SMG semantic event sequence:stage_host_initialized (host=Butterfly;stage=HeavensDoorGalaxy)
[src/runtime/RuntimeContext.cpp:1485][APP - INFO] SMG semantic event placement:stage_object (stage=HeavensDoorMysteriousZone;zone=HeavensDoorMysteriousZone;zone_id=5;scenario=1;layer=common;table=jmp/placement/common/objinfo;object=PunchingKinoko;factory=created_model_fallback;support_reason=direct_object_archive_model;common_path_id=-1;rail_info_attached=false;rail_path_row=-1;rail_point_count=0;rail_first_point=none;model_archive=PunchingKinoko;object_archive=/ObjectData/PunchingKinoko.arc)
[src/runtime/RuntimeContext.cpp:1485][APP - INFO] SMG semantic event name_obj_lifecycle:archive_request (object=PunchingKinoko;archive=PunchingKinoko;kind=object;loaded=true;disc_path=PunchingKinoko.arc)
[src/runtime/RuntimeContext.cpp:1485][APP - INFO] SMG semantic event name_obj_lifecycle:connect_to_scene (object=PunchingKinoko;kind=live_actor_model;movement=34;calc_anim=5;draw_buffer=8;draw_type=-1)
[src/runtime/RuntimeContext.cpp:1413][APP - INFO] Registered effect keeper PunchingKinoko group PunchingKinoko capacity 8
[src/runtime/RuntimeContext.cpp:1485][APP - INFO] SMG semantic event name_obj_lifecycle:construct (object=PunchingKinoko;actor=PunchingKinoko)
[src/runtime/RuntimeContext.cpp:1485][APP - INFO] SMG semantic event sequence:stage_host_constructed (host=PunchingKinoko;stage=HeavensDoorGalaxy)
[src/runtime/RuntimeContext.cpp:1485][APP - INFO] SMG semantic event name_obj_lifecycle:init_from_placement (object=PunchingKinoko;stage=HeavensDoorMysteriousZone;zone=HeavensDoorMysteriousZone;table=jmp/placement/common/objinfo;row=5;l_id=32)
[src/runtime/RuntimeContext.cpp:1485][APP - INFO] SMG semantic event sequence:stage_host_initialized (host=PunchingKinoko;stage=HeavensDoorGalaxy)
[src/runtime/RuntimeContext.cpp:1485][APP - INFO] SMG semantic event placement:stage_object (stage=HeavensDoorMysteriousZone;zone=HeavensDoorMysteriousZone;zone_id=5;scenario=1;layer=common;table=jmp/placement/common/objinfo;object=PunchingKinoko;factory=created_model_fallback;support_reason=direct_object_archive_model;common_path_id=-1;rail_info_attached=false;rail_path_row=-1;rail_point_count=0;rail_first_point=none;model_archive=PunchingKinoko;object_archive=/ObjectData/PunchingKinoko.arc)
[src/runtime/RuntimeContext.cpp:1485][APP - INFO] SMG semantic event name_obj_lifecycle:archive_request (object=PunchingKinoko;archive=PunchingKinoko;kind=object;loaded=true;disc_path=PunchingKinoko.arc)
[src/runtime/RuntimeContext.cpp:1485][APP - INFO] SMG semantic event name_obj_lifecycle:connect_to_scene (object=PunchingKinoko;kind=live_actor_model;movement=34;calc_anim=5;draw_buffer=8;draw_type=-1)
[src/runtime/RuntimeContext.cpp:1413][APP - INFO] Registered effect keeper PunchingKinoko group PunchingKinoko capacity 8
[src/runtime/RuntimeContext.cpp:1485][APP - INFO] SMG semantic event name_obj_lifecycle:construct (object=PunchingKinoko;actor=PunchingKinoko)
[src/runtime/RuntimeContext.cpp:1485][APP - INFO] SMG semantic event sequence:stage_host_constructed (host=PunchingKinoko;stage=HeavensDoorGalaxy)
[src/runtime/RuntimeContext.cpp:1485][APP - INFO] SMG semantic event name_obj_lifecycle:init_from_placement (object=PunchingKinoko;stage=HeavensDoorMysteriousZone;zone=HeavensDoorMysteriousZone;table=jmp/placement/common/objinfo;row=6;l_id=33)
[src/runtime/RuntimeContext.cpp:1485][APP - INFO] SMG semantic event sequence:stage_host_initialized (host=PunchingKinoko;stage=HeavensDoorGalaxy)
[src/runtime/RuntimeContext.cpp:1485][APP - INFO] SMG semantic event placement:stage_object (stage=HeavensDoorMysteriousZone;zone=HeavensDoorMysteriousZone;zone_id=5;scenario=1;layer=common;table=jmp/placement/common/objinfo;object=PunchingKinoko;factory=created_model_fallback;support_reason=direct_object_archive_model;common_path_id=-1;rail_info_attached=false;rail_path_row=-1;rail_point_count=0;rail_first_point=none;model_archive=PunchingKinoko;object_archive=/ObjectData/PunchingKinoko.arc)
[src/runtime/RuntimeContext.cpp:1485][APP - INFO] SMG semantic event name_obj_lifecycle:archive_request (object=PunchingKinoko;archive=PunchingKinoko;kind=object;loaded=true;disc_path=PunchingKinoko.arc)
[src/runtime/RuntimeContext.cpp:1485][APP - INFO] SMG semantic event name_obj_lifecycle:connect_to_scene (object=PunchingKinoko;kind=live_actor_model;movement=34;calc_anim=5;draw_buffer=8;draw_type=-1)
[src/runtime/RuntimeContext.cpp:1413][APP - INFO] Registered effect keeper PunchingKinoko group PunchingKinoko capacity 8
[src/runtime/RuntimeContext.cpp:1485][APP - INFO] SMG semantic event name_obj_lifecycle:construct (object=PunchingKinoko;actor=PunchingKinoko)
[src/runtime/RuntimeContext.cpp:1485][APP - INFO] SMG semantic event sequence:stage_host_constructed (host=PunchingKinoko;stage=HeavensDoorGalaxy)
[src/runtime/RuntimeContext.cpp:1485][APP - INFO] SMG semantic event name_obj_lifecycle:init_from_placement (object=PunchingKinoko;stage=HeavensDoorMysteriousZone;zone=HeavensDoorMysteriousZone;table=jmp/placement/common/objinfo;row=7;l_id=34)
[src/runtime/RuntimeContext.cpp:1485][APP - INFO] SMG semantic event sequence:stage_host_initialized (host=PunchingKinoko;stage=HeavensDoorGalaxy)
[src/runtime/RuntimeContext.cpp:1485][APP - INFO] SMG semantic event placement:stage_object (stage=HeavensDoorMysteriousZone;zone=HeavensDoorMysteriousZone;zone_id=5;scenario=1;layer=common;table=jmp/placement/common/objinfo;object=PunchingKinoko;factory=created_model_fallback;support_reason=direct_object_archive_model;common_path_id=-1;rail_info_attached=false;rail_path_row=-1;rail_point_count=0;rail_first_point=none;model_archive=PunchingKinoko;object_archive=/ObjectData/PunchingKinoko.arc)
[src/runtime/RuntimeContext.cpp:1485][APP - INFO] SMG semantic event name_obj_lifecycle:archive_request (object=PunchingKinoko;archive=PunchingKinoko;kind=object;loaded=true;disc_path=PunchingKinoko.arc)
[src/runtime/RuntimeContext.cpp:1485][APP - INFO] SMG semantic event name_obj_lifecycle:connect_to_scene (object=PunchingKinoko;kind=live_actor_model;movement=34;calc_anim=5;draw_buffer=8;draw_type=-1)
[src/runtime/RuntimeContext.cpp:1413][APP - INFO] Registered effect keeper PunchingKinoko group PunchingKinoko capacity 8
[src/runtime/RuntimeContext.cpp:1485][APP - INFO] SMG semantic event name_obj_lifecycle:construct (object=PunchingKinoko;actor=PunchingKinoko)
[src/runtime/RuntimeContext.cpp:1485][APP - INFO] SMG semantic event sequence:stage_host_constructed (host=PunchingKinoko;stage=HeavensDoorGalaxy)
[src/runtime/RuntimeContext.cpp:1485][APP - INFO] SMG semantic event name_obj_lifecycle:init_from_placement (object=PunchingKinoko;stage=HeavensDoorMysteriousZone;zone=HeavensDoorMysteriousZone;table=jmp/placement/common/objinfo;row=8;l_id=35)
[src/runtime/RuntimeContext.cpp:1485][APP - INFO] SMG semantic event sequence:stage_host_initialized (host=PunchingKinoko;stage=HeavensDoorGalaxy)
[src/runtime/RuntimeContext.cpp:1485][APP - INFO] SMG semantic event placement:stage_object (stage=HeavensDoorMysteriousZone;zone=HeavensDoorMysteriousZone;zone_id=5;scenario=1;layer=common;table=jmp/placement/common/objinfo;object=PunchingKinoko;factory=created_model_fallback;support_reason=direct_object_archive_model;common_path_id=-1;rail_info_attached=false;rail_path_row=-1;rail_point_count=0;rail_first_point=none;model_archive=PunchingKinoko;object_archive=/ObjectData/PunchingKinoko.arc)
[src/runtime/RuntimeContext.cpp:1485][APP - INFO] SMG semantic event name_obj_lifecycle:archive_request (object=PunchingKinoko;archive=PunchingKinoko;kind=object;loaded=true;disc_path=PunchingKinoko.arc)
[src/runtime/RuntimeContext.cpp:1485][APP - INFO] SMG semantic event name_obj_lifecycle:connect_to_scene (object=PunchingKinoko;kind=live_actor_model;movement=34;calc_anim=5;draw_buffer=8;draw_type=-1)
[src/runtime/RuntimeContext.cpp:1413][APP - INFO] Registered effect keeper PunchingKinoko group PunchingKinoko capacity 8
[src/runtime/RuntimeContext.cpp:1485][APP - INFO] SMG semantic event name_obj_lifecycle:construct (object=PunchingKinoko;actor=PunchingKinoko)
[src/runtime/RuntimeContext.cpp:1485][APP - INFO] SMG semantic event sequence:stage_host_constructed (host=PunchingKinoko;stage=HeavensDoorGalaxy)
[src/runtime/RuntimeContext.cpp:1485][APP - INFO] SMG semantic event name_obj_lifecycle:init_from_placement (object=PunchingKinoko;stage=HeavensDoorMysteriousZone;zone=HeavensDoorMysteriousZone;table=jmp/placement/common/objinfo;row=9;l_id=36)
[src/runtime/RuntimeContext.cpp:1485][APP - INFO] SMG semantic event sequence:stage_host_initialized (host=PunchingKinoko;stage=HeavensDoorGalaxy)
[src/runtime/RuntimeContext.cpp:1485][APP - INFO] SMG semantic event placement:stage_object (stage=HeavensDoorMysteriousZone;zone=HeavensDoorMysteriousZone;zone_id=5;scenario=1;layer=common;table=jmp/placement/common/objinfo;object=PunchingKinoko;factory=created_model_fallback;support_reason=direct_object_archive_model;common_path_id=-1;rail_info_attached=false;rail_path_row=-1;rail_point_count=0;rail_first_point=none;model_archive=PunchingKinoko;object_archive=/ObjectData/PunchingKinoko.arc)
[src/runtime/RuntimeContext.cpp:1485][APP - INFO] SMG semantic event name_obj_lifecycle:archive_request (object=PunchingKinoko;archive=PunchingKinoko;kind=object;loaded=true;disc_path=PunchingKinoko.arc)
[src/runtime/RuntimeContext.cpp:1485][APP - INFO] SMG semantic event name_obj_lifecycle:connect_to_scene (object=PunchingKinoko;kind=live_actor_model;movement=34;calc_anim=5;draw_buffer=8;draw_type=-1)
[src/runtime/RuntimeContext.cpp:1413][APP - INFO] Registered effect keeper PunchingKinoko group PunchingKinoko capacity 8
[src/runtime/RuntimeContext.cpp:1485][APP - INFO] SMG semantic event name_obj_lifecycle:construct (object=PunchingKinoko;actor=PunchingKinoko)
[src/runtime/RuntimeContext.cpp:1485][APP - INFO] SMG semantic event sequence:stage_host_constructed (host=PunchingKinoko;stage=HeavensDoorGalaxy)
[src/runtime/RuntimeContext.cpp:1485][APP - INFO] SMG semantic event name_obj_lifecycle:init_from_placement (object=PunchingKinoko;stage=HeavensDoorMysteriousZone;zone=HeavensDoorMysteriousZone;table=jmp/placement/common/objinfo;row=10;l_id=37)
[src/runtime/RuntimeContext.cpp:1485][APP - INFO] SMG semantic event sequence:stage_host_initialized (host=PunchingKinoko;stage=HeavensDoorGalaxy)
[src/runtime/RuntimeContext.cpp:1485][APP - INFO] SMG semantic event placement:stage_object (stage=HeavensDoorMysteriousZone;zone=HeavensDoorMysteriousZone;zone_id=5;scenario=1;layer=common;table=jmp/placement/common/objinfo;object=PunchingKinoko;factory=created_model_fallback;support_reason=direct_object_archive_model;common_path_id=-1;rail_info_attached=false;rail_path_row=-1;rail_point_count=0;rail_first_point=none;model_archive=PunchingKinoko;object_archive=/ObjectData/PunchingKinoko.arc)
[src/runtime/RuntimeContext.cpp:1485][APP - INFO] SMG semantic event name_obj_lifecycle:archive_request (object=PunchingKinoko;archive=PunchingKinoko;kind=object;loaded=true;disc_path=PunchingKinoko.arc)
[src/runtime/RuntimeContext.cpp:1485][APP - INFO] SMG semantic event name_obj_lifecycle:connect_to_scene (object=PunchingKinoko;kind=live_actor_model;movement=34;calc_anim=5;draw_buffer=8;draw_type=-1)
[src/runtime/RuntimeContext.cpp:1413][APP - INFO] Registered effect keeper PunchingKinoko group PunchingKinoko capacity 8
[src/runtime/RuntimeContext.cpp:1485][APP - INFO] SMG semantic event name_obj_lifecycle:construct (object=PunchingKinoko;actor=PunchingKinoko)
[src/runtime/RuntimeContext.cpp:1485][APP - INFO] SMG semantic event sequence:stage_host_constructed (host=PunchingKinoko;stage=HeavensDoorGalaxy)
[src/runtime/RuntimeContext.cpp:1485][APP - INFO] SMG semantic event name_obj_lifecycle:init_from_placement (object=PunchingKinoko;stage=HeavensDoorMysteriousZone;zone=HeavensDoorMysteriousZone;table=jmp/placement/common/objinfo;row=11;l_id=38)
[src/runtime/RuntimeContext.cpp:1485][APP - INFO] SMG semantic event sequence:stage_host_initialized (host=PunchingKinoko;stage=HeavensDoorGalaxy)
[src/runtime/RuntimeContext.cpp:1485][APP - INFO] SMG semantic event placement:stage_object (stage=HeavensDoorMysteriousZone;zone=HeavensDoorMysteriousZone;zone_id=5;scenario=1;layer=common;table=jmp/placement/common/objinfo;object=PunchingKinoko;factory=created_model_fallback;support_reason=direct_object_archive_model;common_path_id=-1;rail_info_attached=false;rail_path_row=-1;rail_point_count=0;rail_first_point=none;model_archive=PunchingKinoko;object_archive=/ObjectData/PunchingKinoko.arc)
[src/runtime/RuntimeContext.cpp:1485][APP - INFO] SMG semantic event name_obj_lifecycle:archive_request (object=PunchingKinoko;archive=PunchingKinoko;kind=object;loaded=true;disc_path=PunchingKinoko.arc)
[src/runtime/RuntimeContext.cpp:1485][APP - INFO] SMG semantic event name_obj_lifecycle:connect_to_scene (object=PunchingKinoko;kind=live_actor_model;movement=34;calc_anim=5;draw_buffer=8;draw_type=-1)
[src/runtime/RuntimeContext.cpp:1413][APP - INFO] Registered effect keeper PunchingKinoko group PunchingKinoko capacity 8
[src/runtime/RuntimeContext.cpp:1485][APP - INFO] SMG semantic event name_obj_lifecycle:construct (object=PunchingKinoko;actor=PunchingKinoko)
[src/runtime/RuntimeContext.cpp:1485][APP - INFO] SMG semantic event sequence:stage_host_constructed (host=PunchingKinoko;stage=HeavensDoorGalaxy)
[src/runtime/RuntimeContext.cpp:1485][APP - INFO] SMG semantic event name_obj_lifecycle:init_from_placement (object=PunchingKinoko;stage=HeavensDoorMysteriousZone;zone=HeavensDoorMysteriousZone;table=jmp/placement/common/objinfo;row=12;l_id=39)
[src/runtime/RuntimeContext.cpp:1485][APP - INFO] SMG semantic event sequence:stage_host_initialized (host=PunchingKinoko;stage=HeavensDoorGalaxy)
[src/runtime/RuntimeContext.cpp:1485][APP - INFO] SMG semantic event placement:stage_object (stage=HeavensDoorMysteriousZone;zone=HeavensDoorMysteriousZone;zone_id=5;scenario=1;layer=common;table=jmp/placement/common/objinfo;object=PunchingKinoko;factory=created_model_fallback;support_reason=direct_object_archive_model;common_path_id=-1;rail_info_attached=false;rail_path_row=-1;rail_point_count=0;rail_first_point=none;model_archive=PunchingKinoko;object_archive=/ObjectData/PunchingKinoko.arc)
[src/runtime/RuntimeContext.cpp:1485][APP - INFO] SMG semantic event name_obj_lifecycle:archive_request (object=PunchingKinoko;archive=PunchingKinoko;kind=object;loaded=true;disc_path=PunchingKinoko.arc)
[src/runtime/RuntimeContext.cpp:1485][APP - INFO] SMG semantic event name_obj_lifecycle:connect_to_scene (object=PunchingKinoko;kind=live_actor_model;movement=34;calc_anim=5;draw_buffer=8;draw_type=-1)
[src/runtime/RuntimeContext.cpp:1413][APP - INFO] Registered effect keeper PunchingKinoko group PunchingKinoko capacity 8
[src/runtime/RuntimeContext.cpp:1485][APP - INFO] SMG semantic event name_obj_lifecycle:construct (object=PunchingKinoko;actor=PunchingKinoko)
[src/runtime/RuntimeContext.cpp:1485][APP - INFO] SMG semantic event sequence:stage_host_constructed (host=PunchingKinoko;stage=HeavensDoorGalaxy)
[src/runtime/RuntimeContext.cpp:1485][APP - INFO] SMG semantic event name_obj_lifecycle:init_from_placement (object=PunchingKinoko;stage=HeavensDoorMysteriousZone;zone=HeavensDoorMysteriousZone;table=jmp/placement/common/objinfo;row=13;l_id=40)
[src/runtime/RuntimeContext.cpp:1485][APP - INFO] SMG semantic event sequence:stage_host_initialized (host=PunchingKinoko;stage=HeavensDoorGalaxy)
[src/runtime/RuntimeContext.cpp:1485][APP - INFO] SMG semantic event placement:stage_object (stage=HeavensDoorMysteriousZone;zone=HeavensDoorMysteriousZone;zone_id=5;scenario=1;layer=common;table=jmp/placement/common/objinfo;object=PunchingKinoko;factory=created_model_fallback;support_reason=direct_object_archive_model;common_path_id=-1;rail_info_attached=false;rail_path_row=-1;rail_point_count=0;rail_first_point=none;model_archive=PunchingKinoko;object_archive=/ObjectData/PunchingKinoko.arc)
[src/runtime/RuntimeContext.cpp:1485][APP - INFO] SMG semantic event name_obj_lifecycle:archive_request (object=PunchingKinoko;archive=PunchingKinoko;kind=object;loaded=true;disc_path=PunchingKinoko.arc)
[src/runtime/RuntimeContext.cpp:1485][APP - INFO] SMG semantic event name_obj_lifecycle:connect_to_scene (object=PunchingKinoko;kind=live_actor_model;movement=34;calc_anim=5;draw_buffer=8;draw_type=-1)
[src/runtime/RuntimeContext.cpp:1413][APP - INFO] Registered effect keeper PunchingKinoko group PunchingKinoko capacity 8
[src/runtime/RuntimeContext.cpp:1485][APP - INFO] SMG semantic event name_obj_lifecycle:construct (object=PunchingKinoko;actor=PunchingKinoko)
[src/runtime/RuntimeContext.cpp:1485][APP - INFO] SMG semantic event sequence:stage_host_constructed (host=PunchingKinoko;stage=HeavensDoorGalaxy)
[src/runtime/RuntimeContext.cpp:1485][APP - INFO] SMG semantic event name_obj_lifecycle:init_from_placement (object=PunchingKinoko;stage=HeavensDoorMysteriousZone;zone=HeavensDoorMysteriousZone;table=jmp/placement/common/objinfo;row=14;l_id=41)
[src/runtime/RuntimeContext.cpp:1485][APP - INFO] SMG semantic event sequence:stage_host_initialized (host=PunchingKinoko;stage=HeavensDoorGalaxy)
[src/runtime/RuntimeContext.cpp:1485][APP - INFO] SMG semantic event placement:stage_object (stage=HeavensDoorMysteriousZone;zone=HeavensDoorMysteriousZone;zone_id=5;scenario=1;layer=common;table=jmp/placement/common/objinfo;object=CutBushGroup;factory=created_alias_model_fallback;support_reason=original_archive_model;common_path_id=-1;rail_info_attached=false;rail_path_row=-1;rail_point_count=0;rail_first_point=none;model_archive=CutBush;object_archive=)
[src/runtime/RuntimeContext.cpp:1485][APP - INFO] SMG semantic event name_obj_lifecycle:archive_request (object=CutBushGroup;archive=CutBush;kind=object;loaded=true;disc_path=CutBush.arc)
[src/runtime/RuntimeContext.cpp:1485][APP - INFO] SMG semantic event name_obj_lifecycle:connect_to_scene (object=CutBushGroup;kind=live_actor_model;movement=34;calc_anim=5;draw_buffer=8;draw_type=-1)
[src/runtime/RuntimeContext.cpp:1413][APP - INFO] Registered effect keeper CutBushGroup group CutBush capacity 8
[src/runtime/RuntimeContext.cpp:1485][APP - INFO] SMG semantic event name_obj_lifecycle:construct (object=CutBushGroup;actor=CutBushGroup)
[src/runtime/RuntimeContext.cpp:1485][APP - INFO] SMG semantic event sequence:stage_host_constructed (host=CutBushGroup;stage=HeavensDoorGalaxy)
[src/runtime/RuntimeContext.cpp:1485][APP - INFO] SMG semantic event name_obj_lifecycle:init_from_placement (object=CutBushGroup;stage=HeavensDoorMysteriousZone;zone=HeavensDoorMysteriousZone;table=jmp/placement/common/objinfo;row=15;l_id=43)
[src/runtime/RuntimeContext.cpp:1485][APP - INFO] SMG semantic event sequence:stage_host_initialized (host=CutBushGroup;stage=HeavensDoorGalaxy)
[src/runtime/RuntimeContext.cpp:1485][APP - INFO] SMG semantic event placement:stage_object (stage=HeavensDoorMysteriousZone;zone=HeavensDoorMysteriousZone;zone_id=5;scenario=1;layer=common;table=jmp/placement/common/objinfo;object=WarpPod;factory=created_model_fallback;support_reason=direct_object_archive_model;common_path_id=-1;rail_info_attached=false;rail_path_row=-1;rail_point_count=0;rail_first_point=none;model_archive=WarpPod;object_archive=/ObjectData/WarpPod.arc)
[src/runtime/RuntimeContext.cpp:1485][APP - INFO] SMG semantic event name_obj_lifecycle:archive_request (object=WarpPod;archive=WarpPod;kind=object;loaded=true;disc_path=WarpPod.arc)
[src/runtime/RuntimeContext.cpp:1485][APP - INFO] SMG semantic event name_obj_lifecycle:connect_to_scene (object=WarpPod;kind=live_actor_model;movement=34;calc_anim=5;draw_buffer=8;draw_type=-1)
[src/runtime/RuntimeContext.cpp:1413][APP - INFO] Registered effect keeper WarpPod group WarpPod capacity 8
[src/runtime/RuntimeContext.cpp:1485][APP - INFO] SMG semantic event name_obj_lifecycle:construct (object=WarpPod;actor=WarpPod)
[src/runtime/RuntimeContext.cpp:1485][APP - INFO] SMG semantic event sequence:stage_host_constructed (host=WarpPod;stage=HeavensDoorGalaxy)
[src/runtime/RuntimeContext.cpp:1485][APP - INFO] SMG semantic event name_obj_lifecycle:init_from_placement (object=WarpPod;stage=HeavensDoorMysteriousZone;zone=HeavensDoorMysteriousZone;table=jmp/placement/common/objinfo;row=16;l_id=52)
[src/runtime/RuntimeContext.cpp:1485][APP - INFO] SMG semantic event sequence:stage_host_initialized (host=WarpPod;stage=HeavensDoorGalaxy)
[src/runtime/RuntimeContext.cpp:1485][APP - INFO] SMG semantic event placement:stage_object (stage=HeavensDoorMysteriousZone;zone=HeavensDoorMysteriousZone;zone_id=5;scenario=1;layer=common;table=jmp/placement/common/objinfo;object=WarpPod;factory=created_model_fallback;support_reason=direct_object_archive_model;common_path_id=-1;rail_info_attached=false;rail_path_row=-1;rail_point_count=0;rail_first_point=none;model_archive=WarpPod;object_archive=/ObjectData/WarpPod.arc)
[src/runtime/RuntimeContext.cpp:1485][APP - INFO] SMG semantic event name_obj_lifecycle:archive_request (object=WarpPod;archive=WarpPod;kind=object;loaded=true;disc_path=WarpPod.arc)
[src/runtime/RuntimeContext.cpp:1485][APP - INFO] SMG semantic event name_obj_lifecycle:connect_to_scene (object=WarpPod;kind=live_actor_model;movement=34;calc_anim=5;draw_buffer=8;draw_type=-1)
[src/runtime/RuntimeContext.cpp:1413][APP - INFO] Registered effect keeper WarpPod group WarpPod capacity 8
[src/runtime/RuntimeContext.cpp:1485][APP - INFO] SMG semantic event name_obj_lifecycle:construct (object=WarpPod;actor=WarpPod)
[src/runtime/RuntimeContext.cpp:1485][APP - INFO] SMG semantic event sequence:stage_host_constructed (host=WarpPod;stage=HeavensDoorGalaxy)
[src/runtime/RuntimeContext.cpp:1485][APP - INFO] SMG semantic event name_obj_lifecycle:init_from_placement (object=WarpPod;stage=HeavensDoorMysteriousZone;zone=HeavensDoorMysteriousZone;table=jmp/placement/common/objinfo;row=17;l_id=53)
[src/runtime/RuntimeContext.cpp:1485][APP - INFO] SMG semantic event sequence:stage_host_initialized (host=WarpPod;stage=HeavensDoorGalaxy)
[src/runtime/RuntimeContext.cpp:1485][APP - INFO] SMG semantic event placement:stage_object (stage=HeavensDoorMysteriousZone;zone=HeavensDoorMysteriousZone;zone_id=5;scenario=1;layer=common;table=jmp/placement/common/objinfo;object=EarthenPipe;factory=created_model_fallback;support_reason=direct_object_archive_model;common_path_id=-1;rail_info_attached=false;rail_path_row=-1;rail_point_count=0;rail_first_point=none;model_archive=EarthenPipe;object_archive=/ObjectData/EarthenPipe.arc)
[src/runtime/RuntimeContext.cpp:1485][APP - INFO] SMG semantic event name_obj_lifecycle:archive_request (object=EarthenPipe;archive=EarthenPipe;kind=object;loaded=true;disc_path=EarthenPipe.arc)
[src/runtime/RuntimeContext.cpp:1485][APP - INFO] SMG semantic event name_obj_lifecycle:connect_to_scene (object=EarthenPipe;kind=live_actor_model;movement=34;calc_anim=5;draw_buffer=8;draw_type=-1)
[src/runtime/RuntimeContext.cpp:1413][APP - INFO] Registered effect keeper EarthenPipe group EarthenPipe capacity 8
[src/runtime/RuntimeContext.cpp:1485][APP - INFO] SMG semantic event name_obj_lifecycle:construct (object=EarthenPipe;actor=EarthenPipe)
[src/runtime/RuntimeContext.cpp:1485][APP - INFO] SMG semantic event sequence:stage_host_constructed (host=EarthenPipe;stage=HeavensDoorGalaxy)
[src/runtime/RuntimeContext.cpp:1485][APP - INFO] SMG semantic event name_obj_lifecycle:init_from_placement (object=EarthenPipe;stage=HeavensDoorMysteriousZone;zone=HeavensDoorMysteriousZone;table=jmp/placement/common/objinfo;row=18;l_id=56)
[src/runtime/RuntimeContext.cpp:1485][APP - INFO] SMG semantic event sequence:stage_host_initialized (host=EarthenPipe;stage=HeavensDoorGalaxy)
[src/runtime/RuntimeContext.cpp:1485][APP - INFO] SMG semantic event placement:stage_object (stage=HeavensDoorMysteriousZone;zone=HeavensDoorMysteriousZone;zone_id=5;scenario=1;layer=common;table=jmp/placement/common/objinfo;object=EarthenPipe;factory=created_model_fallback;support_reason=direct_object_archive_model;common_path_id=-1;rail_info_attached=false;rail_path_row=-1;rail_point_count=0;rail_first_point=none;model_archive=EarthenPipe;object_archive=/ObjectData/EarthenPipe.arc)
[src/runtime/RuntimeContext.cpp:1485][APP - INFO] SMG semantic event name_obj_lifecycle:archive_request (object=EarthenPipe;archive=EarthenPipe;kind=object;loaded=true;disc_path=EarthenPipe.arc)
[src/runtime/RuntimeContext.cpp:1485][APP - INFO] SMG semantic event name_obj_lifecycle:connect_to_scene (object=EarthenPipe;kind=live_actor_model;movement=34;calc_anim=5;draw_buffer=8;draw_type=-1)
[src/runtime/RuntimeContext.cpp:1413][APP - INFO] Registered effect keeper EarthenPipe group EarthenPipe capacity 8
[src/runtime/RuntimeContext.cpp:1485][APP - INFO] SMG semantic event name_obj_lifecycle:construct (object=EarthenPipe;actor=EarthenPipe)
[src/runtime/RuntimeContext.cpp:1485][APP - INFO] SMG semantic event sequence:stage_host_constructed (host=EarthenPipe;stage=HeavensDoorGalaxy)
[src/runtime/RuntimeContext.cpp:1485][APP - INFO] SMG semantic event name_obj_lifecycle:init_from_placement (object=EarthenPipe;stage=HeavensDoorMysteriousZone;zone=HeavensDoorMysteriousZone;table=jmp/placement/common/objinfo;row=19;l_id=57)
[src/runtime/RuntimeContext.cpp:1485][APP - INFO] SMG semantic event sequence:stage_host_initialized (host=EarthenPipe;stage=HeavensDoorGalaxy)
[src/runtime/RuntimeContext.cpp:1485][APP - INFO] SMG semantic event placement:stage_object (stage=HeavensDoorMysteriousZone;zone=HeavensDoorMysteriousZone;zone_id=5;scenario=1;layer=common;table=jmp/placement/common/objinfo;object=PunchingKinoko;factory=created_model_fallback;support_reason=direct_object_archive_model;common_path_id=-1;rail_info_attached=false;rail_path_row=-1;rail_point_count=0;rail_first_point=none;model_archive=PunchingKinoko;object_archive=/ObjectData/PunchingKinoko.arc)
[src/runtime/RuntimeContext.cpp:1485][APP - INFO] SMG semantic event name_obj_lifecycle:archive_request (object=PunchingKinoko;archive=PunchingKinoko;kind=object;loaded=true;disc_path=PunchingKinoko.arc)
[src/runtime/RuntimeContext.cpp:1485][APP - INFO] SMG semantic event name_obj_lifecycle:connect_to_scene (object=PunchingKinoko;kind=live_actor_model;movement=34;calc_anim=5;draw_buffer=8;draw_type=-1)
[src/runtime/RuntimeContext.cpp:1413][APP - INFO] Registered effect keeper PunchingKinoko group PunchingKinoko capacity 8
[src/runtime/RuntimeContext.cpp:1485][APP - INFO] SMG semantic event name_obj_lifecycle:construct (object=PunchingKinoko;actor=PunchingKinoko)
[src/runtime/RuntimeContext.cpp:1485][APP - INFO] SMG semantic event sequence:stage_host_constructed (host=PunchingKinoko;stage=HeavensDoorGalaxy)
[src/runtime/RuntimeContext.cpp:1485][APP - INFO] SMG semantic event name_obj_lifecycle:init_from_placement (object=PunchingKinoko;stage=HeavensDoorMysteriousZone;zone=HeavensDoorMysteriousZone;table=jmp/placement/common/objinfo;row=20;l_id=58)
[src/runtime/RuntimeContext.cpp:1485][APP - INFO] SMG semantic event sequence:stage_host_initialized (host=PunchingKinoko;stage=HeavensDoorGalaxy)
[src/runtime/RuntimeContext.cpp:1485][APP - INFO] SMG semantic event placement:stage_object (stage=HeavensDoorMysteriousZone;zone=HeavensDoorMysteriousZone;zone_id=5;scenario=1;layer=common;table=jmp/placement/common/objinfo;object=PunchingKinoko;factory=created_model_fallback;support_reason=direct_object_archive_model;common_path_id=-1;rail_info_attached=false;rail_path_row=-1;rail_point_count=0;rail_first_point=none;model_archive=PunchingKinoko;object_archive=/ObjectData/PunchingKinoko.arc)
[src/runtime/RuntimeContext.cpp:1485][APP - INFO] SMG semantic event name_obj_lifecycle:archive_request (object=PunchingKinoko;archive=PunchingKinoko;kind=object;loaded=true;disc_path=PunchingKinoko.arc)
[src/runtime/RuntimeContext.cpp:1485][APP - INFO] SMG semantic event name_obj_lifecycle:connect_to_scene (object=PunchingKinoko;kind=live_actor_model;movement=34;calc_anim=5;draw_buffer=8;draw_type=-1)
[src/runtime/RuntimeContext.cpp:1413][APP - INFO] Registered effect keeper PunchingKinoko group PunchingKinoko capacity 8
[src/runtime/RuntimeContext.cpp:1485][APP - INFO] SMG semantic event name_obj_lifecycle:construct (object=PunchingKinoko;actor=PunchingKinoko)
[src/runtime/RuntimeContext.cpp:1485][APP - INFO] SMG semantic event sequence:stage_host_constructed (host=PunchingKinoko;stage=HeavensDoorGalaxy)
[src/runtime/RuntimeContext.cpp:1485][APP - INFO] SMG semantic event name_obj_lifecycle:init_from_placement (object=PunchingKinoko;stage=HeavensDoorMysteriousZone;zone=HeavensDoorMysteriousZone;table=jmp/placement/common/objinfo;row=21;l_id=59)
[src/runtime/RuntimeContext.cpp:1485][APP - INFO] SMG semantic event sequence:stage_host_initialized (host=PunchingKinoko;stage=HeavensDoorGalaxy)
[src/runtime/RuntimeContext.cpp:1485][APP - INFO] SMG semantic event placement:stage_object (stage=HeavensDoorMysteriousZone;zone=HeavensDoorMysteriousZone;zone_id=5;scenario=1;layer=common;table=jmp/placement/common/objinfo;object=PunchingKinoko;factory=created_model_fallback;support_reason=direct_object_archive_model;common_path_id=-1;rail_info_attached=false;rail_path_row=-1;rail_point_count=0;rail_first_point=none;model_archive=PunchingKinoko;object_archive=/ObjectData/PunchingKinoko.arc)
[src/runtime/RuntimeContext.cpp:1485][APP - INFO] SMG semantic event name_obj_lifecycle:archive_request (object=PunchingKinoko;archive=PunchingKinoko;kind=object;loaded=true;disc_path=PunchingKinoko.arc)
[src/runtime/RuntimeContext.cpp:1485][APP - INFO] SMG semantic event name_obj_lifecycle:connect_to_scene (object=PunchingKinoko;kind=live_actor_model;movement=34;calc_anim=5;draw_buffer=8;draw_type=-1)
[src/runtime/RuntimeContext.cpp:1413][APP - INFO] Registered effect keeper PunchingKinoko group PunchingKinoko capacity 8
[src/runtime/RuntimeContext.cpp:1485][APP - INFO] SMG semantic event name_obj_lifecycle:construct (object=PunchingKinoko;actor=PunchingKinoko)
[src/runtime/RuntimeContext.cpp:1485][APP - INFO] SMG semantic event sequence:stage_host_constructed (host=PunchingKinoko;stage=HeavensDoorGalaxy)
[src/runtime/RuntimeContext.cpp:1485][APP - INFO] SMG semantic event name_obj_lifecycle:init_from_placement (object=PunchingKinoko;stage=HeavensDoorMysteriousZone;zone=HeavensDoorMysteriousZone;table=jmp/placement/common/objinfo;row=22;l_id=60)
[src/runtime/RuntimeContext.cpp:1485][APP - INFO] SMG semantic event sequence:stage_host_initialized (host=PunchingKinoko;stage=HeavensDoorGalaxy)
[src/runtime/RuntimeContext.cpp:1485][APP - INFO] SMG semantic event placement:stage_object (stage=HeavensDoorMysteriousZone;zone=HeavensDoorMysteriousZone;zone_id=5;scenario=1;layer=common;table=jmp/placement/common/objinfo;object=PunchingKinoko;factory=created_model_fallback;support_reason=direct_object_archive_model;common_path_id=-1;rail_info_attached=false;rail_path_row=-1;rail_point_count=0;rail_first_point=none;model_archive=PunchingKinoko;object_archive=/ObjectData/PunchingKinoko.arc)
[src/runtime/RuntimeContext.cpp:1485][APP - INFO] SMG semantic event name_obj_lifecycle:archive_request (object=PunchingKinoko;archive=PunchingKinoko;kind=object;loaded=true;disc_path=PunchingKinoko.arc)
[src/runtime/RuntimeContext.cpp:1485][APP - INFO] SMG semantic event name_obj_lifecycle:connect_to_scene (object=PunchingKinoko;kind=live_actor_model;movement=34;calc_anim=5;draw_buffer=8;draw_type=-1)
[src/runtime/RuntimeContext.cpp:1413][APP - INFO] Registered effect keeper PunchingKinoko group PunchingKinoko capacity 8
[src/runtime/RuntimeContext.cpp:1485][APP - INFO] SMG semantic event name_obj_lifecycle:construct (object=PunchingKinoko;actor=PunchingKinoko)
[src/runtime/RuntimeContext.cpp:1485][APP - INFO] SMG semantic event sequence:stage_host_constructed (host=PunchingKinoko;stage=HeavensDoorGalaxy)
[src/runtime/RuntimeContext.cpp:1485][APP - INFO] SMG semantic event name_obj_lifecycle:init_from_placement (object=PunchingKinoko;stage=HeavensDoorMysteriousZone;zone=HeavensDoorMysteriousZone;table=jmp/placement/common/objinfo;row=23;l_id=61)
[src/runtime/RuntimeContext.cpp:1485][APP - INFO] SMG semantic event sequence:stage_host_initialized (host=PunchingKinoko;stage=HeavensDoorGalaxy)
[src/runtime/RuntimeContext.cpp:1485][APP - INFO] SMG semantic event placement:stage_object (stage=HeavensDoorMysteriousZone;zone=HeavensDoorMysteriousZone;zone_id=5;scenario=1;layer=common;table=jmp/placement/common/objinfo;object=HeavensDoorMysteriousPlanet;factory=created_model_fallback;support_reason=direct_object_archive_model;common_path_id=-1;rail_info_attached=false;rail_path_row=-1;rail_point_count=0;rail_first_point=none;model_archive=HeavensDoorMysteriousPlanet;object_archive=/ObjectData/HeavensDoorMysteriousPlanet.arc)
[src/runtime/RuntimeContext.cpp:1485][APP - INFO] SMG semantic event name_obj_lifecycle:archive_request (object=HeavensDoorMysteriousPlanet;archive=HeavensDoorMysteriousPlanet;kind=object;loaded=true;disc_path=HeavensDoorMysteriousPlanet.arc)
[src/runtime/RuntimeContext.cpp:1485][APP - INFO] SMG semantic event name_obj_lifecycle:connect_to_scene (object=HeavensDoorMysteriousPlanet;kind=live_actor_model;movement=34;calc_anim=5;draw_buffer=8;draw_type=-1)
[src/runtime/RuntimeContext.cpp:1413][APP - INFO] Registered effect keeper HeavensDoorMysteriousPlanet group HeavensDoorMysteriousPlanet capacity 8
[src/runtime/RuntimeContext.cpp:1485][APP - INFO] SMG semantic event name_obj_lifecycle:construct (object=HeavensDoorMysteriousPlanet;actor=HeavensDoorMysteriousPlanet)
[src/runtime/RuntimeContext.cpp:1485][APP - INFO] SMG semantic event sequence:stage_host_constructed (host=HeavensDoorMysteriousPlanet;stage=HeavensDoorGalaxy)
[src/runtime/RuntimeContext.cpp:1485][APP - INFO] SMG semantic event name_obj_lifecycle:init_from_placement (object=HeavensDoorMysteriousPlanet;stage=HeavensDoorMysteriousZone;zone=HeavensDoorMysteriousZone;table=jmp/placement/common/objinfo;row=24;l_id=69)
[src/runtime/RuntimeContext.cpp:1485][APP - INFO] SMG semantic event sequence:stage_host_initialized (host=HeavensDoorMysteriousPlanet;stage=HeavensDoorGalaxy)
[src/runtime/RuntimeContext.cpp:1485][APP - INFO] SMG semantic event placement:stage_object (stage=HeavensDoorMysteriousZone;zone=HeavensDoorMysteriousZone;zone_id=5;scenario=1;layer=common;table=jmp/placement/common/objinfo;object=SphereAir;factory=created_model_fallback;support_reason=direct_object_archive_model;common_path_id=-1;rail_info_attached=false;rail_path_row=-1;rail_point_count=0;rail_first_point=none;model_archive=SphereAir;object_archive=/ObjectData/SphereAir.arc)
[src/runtime/RuntimeContext.cpp:1485][APP - INFO] SMG semantic event name_obj_lifecycle:archive_request (object=SphereAir;archive=SphereAir;kind=object;loaded=true;disc_path=SphereAir.arc)
[src/runtime/RuntimeContext.cpp:1485][APP - INFO] SMG semantic event name_obj_lifecycle:connect_to_scene (object=SphereAir;kind=live_actor_model;movement=34;calc_anim=5;draw_buffer=8;draw_type=-1)
[src/runtime/RuntimeContext.cpp:1413][APP - INFO] Registered effect keeper SphereAir group SphereAir capacity 8
[src/runtime/RuntimeContext.cpp:1485][APP - INFO] SMG semantic event name_obj_lifecycle:construct (object=SphereAir;actor=SphereAir)
[src/runtime/RuntimeContext.cpp:1485][APP - INFO] SMG semantic event sequence:stage_host_constructed (host=SphereAir;stage=HeavensDoorGalaxy)
[src/runtime/RuntimeContext.cpp:1485][APP - INFO] SMG semantic event name_obj_lifecycle:init_from_placement (object=SphereAir;stage=HeavensDoorMysteriousZone;zone=HeavensDoorMysteriousZone;table=jmp/placement/common/objinfo;row=25;l_id=70)
[src/runtime/RuntimeContext.cpp:1485][APP - INFO] SMG semantic event sequence:stage_host_initialized (host=SphereAir;stage=HeavensDoorGalaxy)
[src/runtime/RuntimeContext.cpp:1485][APP - INFO] SMG semantic event placement:stage_object (stage=HeavensDoorMysteriousZone;zone=HeavensDoorMysteriousZone;zone_id=5;scenario=1;layer=common;table=jmp/placement/common/objinfo;object=StarPiece;factory=created_model_fallback;support_reason=direct_object_archive_model;common_path_id=-1;rail_info_attached=false;rail_path_row=-1;rail_point_count=0;rail_first_point=none;model_archive=StarPiece;object_archive=/ObjectData/StarPiece.arc)
[src/runtime/RuntimeContext.cpp:1485][APP - INFO] SMG semantic event name_obj_lifecycle:archive_request (object=StarPiece;archive=StarPiece;kind=object;loaded=true;disc_path=StarPiece.arc)
[src/runtime/RuntimeContext.cpp:1485][APP - INFO] SMG semantic event name_obj_lifecycle:connect_to_scene (object=StarPiece;kind=live_actor_model;movement=34;calc_anim=5;draw_buffer=8;draw_type=-1)
[src/runtime/RuntimeContext.cpp:1413][APP - INFO] Registered effect keeper StarPiece group StarPiece capacity 8
[src/runtime/RuntimeContext.cpp:1485][APP - INFO] SMG semantic event name_obj_lifecycle:construct (object=StarPiece;actor=StarPiece)
[src/runtime/RuntimeContext.cpp:1485][APP - INFO] SMG semantic event sequence:stage_host_constructed (host=StarPiece;stage=HeavensDoorGalaxy)
[src/runtime/RuntimeContext.cpp:1485][APP - INFO] SMG semantic event name_obj_lifecycle:init_from_placement (object=StarPiece;stage=HeavensDoorMysteriousZone;zone=HeavensDoorMysteriousZone;table=jmp/placement/common/objinfo;row=26;l_id=84)
[src/runtime/RuntimeContext.cpp:1485][APP - INFO] SMG semantic event sequence:stage_host_initialized (host=StarPiece;stage=HeavensDoorGalaxy)
[src/runtime/RuntimeContext.cpp:1485][APP - INFO] SMG semantic event placement:stage_object (stage=HeavensDoorMysteriousZone;zone=HeavensDoorMysteriousZone;zone_id=5;scenario=1;layer=common;table=jmp/placement/common/objinfo;object=StarPiece;factory=created_model_fallback;support_reason=direct_object_archive_model;common_path_id=-1;rail_info_attached=false;rail_path_row=-1;rail_point_count=0;rail_first_point=none;model_archive=StarPiece;object_archive=/ObjectData/StarPiece.arc)
[src/runtime/RuntimeContext.cpp:1485][APP - INFO] SMG semantic event name_obj_lifecycle:archive_request (object=StarPiece;archive=StarPiece;kind=object;loaded=true;disc_path=StarPiece.arc)
[src/runtime/RuntimeContext.cpp:1485][APP - INFO] SMG semantic event name_obj_lifecycle:connect_to_scene (object=StarPiece;kind=live_actor_model;movement=34;calc_anim=5;draw_buffer=8;draw_type=-1)
[src/runtime/RuntimeContext.cpp:1413][APP - INFO] Registered effect keeper StarPiece group StarPiece capacity 8
[src/runtime/RuntimeContext.cpp:1485][APP - INFO] SMG semantic event name_obj_lifecycle:construct (object=StarPiece;actor=StarPiece)
[src/runtime/RuntimeContext.cpp:1485][APP - INFO] SMG semantic event sequence:stage_host_constructed (host=StarPiece;stage=HeavensDoorGalaxy)
[src/runtime/RuntimeContext.cpp:1485][APP - INFO] SMG semantic event name_obj_lifecycle:init_from_placement (object=StarPiece;stage=HeavensDoorMysteriousZone;zone=HeavensDoorMysteriousZone;table=jmp/placement/common/objinfo;row=27;l_id=85)
[src/runtime/RuntimeContext.cpp:1485][APP - INFO] SMG semantic event sequence:stage_host_initialized (host=StarPiece;stage=HeavensDoorGalaxy)
[src/runtime/RuntimeContext.cpp:1485][APP - INFO] SMG semantic event placement:stage_object (stage=HeavensDoorMysteriousZone;zone=HeavensDoorMysteriousZone;zone_id=5;scenario=1;layer=common;table=jmp/placement/common/objinfo;object=StarPiece;factory=created_model_fallback;support_reason=direct_object_archive_model;common_path_id=-1;rail_info_attached=false;rail_path_row=-1;rail_point_count=0;rail_first_point=none;model_archive=StarPiece;object_archive=/ObjectData/StarPiece.arc)
[src/runtime/RuntimeContext.cpp:1485][APP - INFO] SMG semantic event name_obj_lifecycle:archive_request (object=StarPiece;archive=StarPiece;kind=object;loaded=true;disc_path=StarPiece.arc)
[src/runtime/RuntimeContext.cpp:1485][APP - INFO] SMG semantic event name_obj_lifecycle:connect_to_scene (object=StarPiece;kind=live_actor_model;movement=34;calc_anim=5;draw_buffer=8;draw_type=-1)
[src/runtime/RuntimeContext.cpp:1413][APP - INFO] Registered effect keeper StarPiece group StarPiece capacity 8
[src/runtime/RuntimeContext.cpp:1485][APP - INFO] SMG semantic event name_obj_lifecycle:construct (object=StarPiece;actor=StarPiece)
[src/runtime/RuntimeContext.cpp:1485][APP - INFO] SMG semantic event sequence:stage_host_constructed (host=StarPiece;stage=HeavensDoorGalaxy)
[src/runtime/RuntimeContext.cpp:1485][APP - INFO] SMG semantic event name_obj_lifecycle:init_from_placement (object=StarPiece;stage=HeavensDoorMysteriousZone;zone=HeavensDoorMysteriousZone;table=jmp/placement/common/objinfo;row=28;l_id=86)
[src/runtime/RuntimeContext.cpp:1485][APP - INFO] SMG semantic event sequence:stage_host_initialized (host=StarPiece;stage=HeavensDoorGalaxy)
[src/runtime/RuntimeContext.cpp:1485][APP - INFO] SMG semantic event placement:stage_object (stage=HeavensDoorMysteriousZone;zone=HeavensDoorMysteriousZone;zone_id=5;scenario=1;layer=common;table=jmp/placement/common/objinfo;object=CollisionBlocker;factory=created;support_reason=original_factory;common_path_id=-1;rail_info_attached=false;rail_path_row=-1;rail_point_count=0;rail_first_point=none;model_archive=CollisionBlocker;object_archive=)
[src/runtime/RuntimeContext.cpp:1485][APP - INFO] SMG semantic event name_obj_lifecycle:construct (object=CollisionBlocker;actor=CollisionBlocker)
[src/runtime/RuntimeContext.cpp:1485][APP - INFO] SMG semantic event sequence:stage_host_constructed (host=CollisionBlocker;stage=HeavensDoorGalaxy)
[src/runtime/RuntimeContext.cpp:1485][APP - INFO] SMG semantic event name_obj_lifecycle:init_from_placement (object=CollisionBlocker;stage=HeavensDoorMysteriousZone;zone=HeavensDoorMysteriousZone;table=jmp/placement/common/objinfo;row=29;l_id=91)
[src/runtime/RuntimeContext.cpp:1485][APP - INFO] SMG semantic event name_obj_lifecycle:connect_to_scene (object=CollisionBlocker;kind=name_obj;movement=34;calc_anim=-1;draw_buffer=-1;draw_type=-1)
[src/runtime/RuntimeContext.cpp:1485][APP - INFO] SMG semantic event sequence:stage_host_initialized (host=CollisionBlocker;stage=HeavensDoorGalaxy)
[src/runtime/RuntimeContext.cpp:1485][APP - INFO] SMG semantic event placement:stage_object (stage=HeavensDoorMysteriousZone;zone=HeavensDoorMysteriousZone;zone_id=5;scenario=1;layer=common;table=jmp/placement/common/objinfo;object=CollisionBlocker;factory=created;support_reason=original_factory;common_path_id=-1;rail_info_attached=false;rail_path_row=-1;rail_point_count=0;rail_first_point=none;model_archive=CollisionBlocker;object_archive=)
[src/runtime/RuntimeContext.cpp:1485][APP - INFO] SMG semantic event name_obj_lifecycle:construct (object=CollisionBlocker;actor=CollisionBlocker)
[src/runtime/RuntimeContext.cpp:1485][APP - INFO] SMG semantic event sequence:stage_host_constructed (host=CollisionBlocker;stage=HeavensDoorGalaxy)
[src/runtime/RuntimeContext.cpp:1485][APP - INFO] SMG semantic event name_obj_lifecycle:init_from_placement (object=CollisionBlocker;stage=HeavensDoorMysteriousZone;zone=HeavensDoorMysteriousZone;table=jmp/placement/common/objinfo;row=30;l_id=94)
[src/runtime/RuntimeContext.cpp:1485][APP - INFO] SMG semantic event name_obj_lifecycle:connect_to_scene (object=CollisionBlocker;kind=name_obj;movement=34;calc_anim=-1;draw_buffer=-1;draw_type=-1)
[src/runtime/RuntimeContext.cpp:1485][APP - INFO] SMG semantic event sequence:stage_host_initialized (host=CollisionBlocker;stage=HeavensDoorGalaxy)
[src/runtime/RuntimeContext.cpp:1485][APP - INFO] SMG semantic event placement:stage_object (stage=HeavensDoorMysteriousZone;zone=HeavensDoorMysteriousZone;zone_id=5;scenario=1;layer=common;table=jmp/placement/common/objinfo;object=CollisionBlocker;factory=created;support_reason=original_factory;common_path_id=-1;rail_info_attached=false;rail_path_row=-1;rail_point_count=0;rail_first_point=none;model_archive=CollisionBlocker;object_archive=)
[src/runtime/RuntimeContext.cpp:1485][APP - INFO] SMG semantic event name_obj_lifecycle:construct (object=CollisionBlocker;actor=CollisionBlocker)
[src/runtime/RuntimeContext.cpp:1485][APP - INFO] SMG semantic event sequence:stage_host_constructed (host=CollisionBlocker;stage=HeavensDoorGalaxy)
[src/runtime/RuntimeContext.cpp:1485][APP - INFO] SMG semantic event name_obj_lifecycle:init_from_placement (object=CollisionBlocker;stage=HeavensDoorMysteriousZone;zone=HeavensDoorMysteriousZone;table=jmp/placement/common/objinfo;row=31;l_id=95)
[src/runtime/RuntimeContext.cpp:1485][APP - INFO] SMG semantic event name_obj_lifecycle:connect_to_scene (object=CollisionBlocker;kind=name_obj;movement=34;calc_anim=-1;draw_buffer=-1;draw_type=-1)
[src/runtime/RuntimeContext.cpp:1485][APP - INFO] SMG semantic event sequence:stage_host_initialized (host=CollisionBlocker;stage=HeavensDoorGalaxy)
[src/runtime/RuntimeContext.cpp:1485][APP - INFO] SMG semantic event placement:stage_object (stage=HeavensDoorMysteriousZone;zone=HeavensDoorMysteriousZone;zone_id=5;scenario=1;layer=common;table=jmp/placement/common/objinfo;object=Coin;factory=created;support_reason=original_factory;common_path_id=-1;rail_info_attached=false;rail_path_row=-1;rail_point_count=0;rail_first_point=none;model_archive=Coin;object_archive=/ObjectData/Coin.arc)
[src/runtime/RuntimeContext.cpp:1485][APP - INFO] SMG semantic event name_obj_lifecycle:archive_request (object=Coin;archive=Coin;kind=object;loaded=true;disc_path=Coin.arc)
[src/runtime/RuntimeContext.cpp:1485][APP - INFO] SMG semantic event name_obj_lifecycle:connect_to_scene (object=コイン回転管理;kind=name_obj;movement=34;calc_anim=-1;draw_buffer=-1;draw_type=-1)
[src/runtime/RuntimeContext.cpp:1485][APP - INFO] SMG semantic event name_obj_lifecycle:connect_to_scene (object=コイン(共用);kind=live_actor_model;movement=44;calc_anim=16;draw_buffer=15;draw_type=-1)
[src/runtime/RuntimeContext.cpp:1485][APP - INFO] SMG semantic event hit_sensor:registered (object=コイン(共用);sensor=coin;joint=;type=actor;radius=55.000000)
[src/runtime/RuntimeContext.cpp:1413][APP - INFO] Registered effect keeper コイン(共用) group Coin capacity 0
[src/runtime/RuntimeContext.cpp:1485][APP - INFO] SMG semantic event name_obj_lifecycle:connect_to_scene (object=点滅;kind=name_obj;movement=34;calc_anim=-1;draw_buffer=-1;draw_type=-1)
[src/runtime/RuntimeContext.cpp:1485][APP - INFO] SMG semantic event name_obj_lifecycle:connect_to_scene (object=コイン(共用);kind=live_actor_model;movement=44;calc_anim=16;draw_buffer=15;draw_type=-1)
[src/runtime/RuntimeContext.cpp:1485][APP - INFO] SMG semantic event hit_sensor:registered (object=コイン(共用);sensor=coin;joint=;type=actor;radius=55.000000)
[src/runtime/RuntimeContext.cpp:1413][APP - INFO] Registered effect keeper コイン(共用) group Coin capacity 0
[src/runtime/RuntimeContext.cpp:1485][APP - INFO] SMG semantic event name_obj_lifecycle:connect_to_scene (object=点滅;kind=name_obj;movement=34;calc_anim=-1;draw_buffer=-1;draw_type=-1)
[src/runtime/RuntimeContext.cpp:1485][APP - INFO] SMG semantic event name_obj_lifecycle:connect_to_scene (object=コイン(共用);kind=live_actor_model;movement=44;calc_anim=16;draw_buffer=15;draw_type=-1)
[src/runtime/RuntimeContext.cpp:1485][APP - INFO] SMG semantic event hit_sensor:registered (object=コイン(共用);sensor=coin;joint=;type=actor;radius=55.000000)
[src/runtime/RuntimeContext.cpp:1413][APP - INFO] Registered effect keeper コイン(共用) group Coin capacity 0
[src/runtime/RuntimeContext.cpp:1485][APP - INFO] SMG semantic event name_obj_lifecycle:connect_to_scene (object=点滅;kind=name_obj;movement=34;calc_anim=-1;draw_buffer=-1;draw_type=-1)
[src/runtime/RuntimeContext.cpp:1485][APP - INFO] SMG semantic event name_obj_lifecycle:connect_to_scene (object=コイン(共用);kind=live_actor_model;movement=44;calc_anim=16;draw_buffer=15;draw_type=-1)
[src/runtime/RuntimeContext.cpp:1485][APP - INFO] SMG semantic event hit_sensor:registered (object=コイン(共用);sensor=coin;joint=;type=actor;radius=55.000000)
[src/runtime/RuntimeContext.cpp:1413][APP - INFO] Registered effect keeper コイン(共用) group Coin capacity 0
[src/runtime/RuntimeContext.cpp:1485][APP - INFO] SMG semantic event name_obj_lifecycle:connect_to_scene (object=点滅;kind=name_obj;movement=34;calc_anim=-1;draw_buffer=-1;draw_type=-1)
[src/runtime/RuntimeContext.cpp:1485][APP - INFO] SMG semantic event name_obj_lifecycle:connect_to_scene (object=コイン(共用);kind=live_actor_model;movement=44;calc_anim=16;draw_buffer=15;draw_type=-1)
[src/runtime/RuntimeContext.cpp:1485][APP - INFO] SMG semantic event hit_sensor:registered (object=コイン(共用);sensor=coin;joint=;type=actor;radius=55.000000)
[src/runtime/RuntimeContext.cpp:1413][APP - INFO] Registered effect keeper コイン(共用) group Coin capacity 0
[src/runtime/RuntimeContext.cpp:1485][APP - INFO] SMG semantic event name_obj_lifecycle:connect_to_scene (object=点滅;kind=name_obj;movement=34;calc_anim=-1;draw_buffer=-1;draw_type=-1)
[src/runtime/RuntimeContext.cpp:1485][APP - INFO] SMG semantic event name_obj_lifecycle:connect_to_scene (object=コイン(共用);kind=live_actor_model;movement=44;calc_anim=16;draw_buffer=15;draw_type=-1)
[src/runtime/RuntimeContext.cpp:1485][APP - INFO] SMG semantic event hit_sensor:registered (object=コイン(共用);sensor=coin;joint=;type=actor;radius=55.000000)
[src/runtime/RuntimeContext.cpp:1413][APP - INFO] Registered effect keeper コイン(共用) group Coin capacity 0
[src/runtime/RuntimeContext.cpp:1485][APP - INFO] SMG semantic event name_obj_lifecycle:connect_to_scene (object=点滅;kind=name_obj;movement=34;calc_anim=-1;draw_buffer=-1;draw_type=-1)
[src/runtime/RuntimeContext.cpp:1485][APP - INFO] SMG semantic event name_obj_lifecycle:connect_to_scene (object=コイン(共用);kind=live_actor_model;movement=44;calc_anim=16;draw_buffer=15;draw_type=-1)
[src/runtime/RuntimeContext.cpp:1485][APP - INFO] SMG semantic event hit_sensor:registered (object=コイン(共用);sensor=coin;joint=;type=actor;radius=55.000000)
[src/runtime/RuntimeContext.cpp:1413][APP - INFO] Registered effect keeper コイン(共用) group Coin capacity 0
[src/runtime/RuntimeContext.cpp:1485][APP - INFO] SMG semantic event name_obj_lifecycle:connect_to_scene (object=点滅;kind=name_obj;movement=34;calc_anim=-1;draw_buffer=-1;draw_type=-1)
[src/runtime/RuntimeContext.cpp:1485][APP - INFO] SMG semantic event name_obj_lifecycle:connect_to_scene (object=コイン(共用);kind=live_actor_model;movement=44;calc_anim=16;draw_buffer=15;draw_type=-1)
[src/runtime/RuntimeContext.cpp:1485][APP - INFO] SMG semantic event hit_sensor:registered (object=コイン(共用);sensor=coin;joint=;type=actor;radius=55.000000)
[src/runtime/RuntimeContext.cpp:1413][APP - INFO] Registered effect keeper コイン(共用) group Coin capacity 0
[src/runtime/RuntimeContext.cpp:1485][APP - INFO] SMG semantic event name_obj_lifecycle:connect_to_scene (object=点滅;kind=name_obj;movement=34;calc_anim=-1;draw_buffer=-1;draw_type=-1)
[src/runtime/RuntimeContext.cpp:1485][APP - INFO] SMG semantic event name_obj_lifecycle:connect_to_scene (object=コイン(共用);kind=live_actor_model;movement=44;calc_anim=16;draw_buffer=15;draw_type=-1)
[src/runtime/RuntimeContext.cpp:1485][APP - INFO] SMG semantic event hit_sensor:registered (object=コイン(共用);sensor=coin;joint=;type=actor;radius=55.000000)
[src/runtime/RuntimeContext.cpp:1413][APP - INFO] Registered effect keeper コイン(共用) group Coin capacity 0
[src/runtime/RuntimeContext.cpp:1485][APP - INFO] SMG semantic event name_obj_lifecycle:connect_to_scene (object=点滅;kind=name_obj;movement=34;calc_anim=-1;draw_buffer=-1;draw_type=-1)
[src/runtime/RuntimeContext.cpp:1485][APP - INFO] SMG semantic event name_obj_lifecycle:connect_to_scene (object=コイン(共用);kind=live_actor_model;movement=44;calc_anim=16;draw_buffer=15;draw_type=-1)
[src/runtime/RuntimeContext.cpp:1485][APP - INFO] SMG semantic event hit_sensor:registered (object=コイン(共用);sensor=coin;joint=;type=actor;radius=55.000000)
[src/runtime/RuntimeContext.cpp:1413][APP - INFO] Registered effect keeper コイン(共用) group Coin capacity 0
[src/runtime/RuntimeContext.cpp:1485][APP - INFO] SMG semantic event name_obj_lifecycle:connect_to_scene (object=点滅;kind=name_obj;movement=34;calc_anim=-1;draw_buffer=-1;draw_type=-1)
[src/runtime/RuntimeContext.cpp:1485][APP - INFO] SMG semantic event name_obj_lifecycle:connect_to_scene (object=コイン(共用);kind=live_actor_model;movement=44;calc_anim=16;draw_buffer=15;draw_type=-1)
[src/runtime/RuntimeContext.cpp:1485][APP - INFO] SMG semantic event hit_sensor:registered (object=コイン(共用);sensor=coin;joint=;type=actor;radius=55.000000)
[src/runtime/RuntimeContext.cpp:1413][APP - INFO] Registered effect keeper コイン(共用) group Coin capacity 0
[src/runtime/RuntimeContext.cpp:1485][APP - INFO] SMG semantic event name_obj_lifecycle:connect_to_scene (object=点滅;kind=name_obj;movement=34;calc_anim=-1;draw_buffer=-1;draw_type=-1)
[src/runtime/RuntimeContext.cpp:1485][APP - INFO] SMG semantic event name_obj_lifecycle:connect_to_scene (object=コイン(共用);kind=live_actor_model;movement=44;calc_anim=16;draw_buffer=15;draw_type=-1)
[src/runtime/RuntimeContext.cpp:1485][APP - INFO] SMG semantic event hit_sensor:registered (object=コイン(共用);sensor=coin;joint=;type=actor;radius=55.000000)
[src/runtime/RuntimeContext.cpp:1413][APP - INFO] Registered effect keeper コイン(共用) group Coin capacity 0
[src/runtime/RuntimeContext.cpp:1485][APP - INFO] SMG semantic event name_obj_lifecycle:connect_to_scene (object=点滅;kind=name_obj;movement=34;calc_anim=-1;draw_buffer=-1;draw_type=-1)
[src/runtime/RuntimeContext.cpp:1485][APP - INFO] SMG semantic event name_obj_lifecycle:connect_to_scene (object=コイン(共用);kind=live_actor_model;movement=44;calc_anim=16;draw_buffer=15;draw_type=-1)
[src/runtime/RuntimeContext.cpp:1485][APP - INFO] SMG semantic event hit_sensor:registered (object=コイン(共用);sensor=coin;joint=;type=actor;radius=55.000000)
[src/runtime/RuntimeContext.cpp:1413][APP - INFO] Registered effect keeper コイン(共用) group Coin capacity 0
[src/runtime/RuntimeContext.cpp:1485][APP - INFO] SMG semantic event name_obj_lifecycle:connect_to_scene (object=点滅;kind=name_obj;movement=34;calc_anim=-1;draw_buffer=-1;draw_type=-1)
[src/runtime/RuntimeContext.cpp:1485][APP - INFO] SMG semantic event name_obj_lifecycle:connect_to_scene (object=コイン(共用);kind=live_actor_model;movement=44;calc_anim=16;draw_buffer=15;draw_type=-1)
[src/runtime/RuntimeContext.cpp:1485][APP - INFO] SMG semantic event hit_sensor:registered (object=コイン(共用);sensor=coin;joint=;type=actor;radius=55.000000)
[src/runtime/RuntimeContext.cpp:1413][APP - INFO] Registered effect keeper コイン(共用) group Coin capacity 0
[src/runtime/RuntimeContext.cpp:1485][APP - INFO] SMG semantic event name_obj_lifecycle:connect_to_scene (object=点滅;kind=name_obj;movement=34;calc_anim=-1;draw_buffer=-1;draw_type=-1)
[src/runtime/RuntimeContext.cpp:1485][APP - INFO] SMG semantic event name_obj_lifecycle:connect_to_scene (object=コイン(共用);kind=live_actor_model;movement=44;calc_anim=16;draw_buffer=15;draw_type=-1)
[src/runtime/RuntimeContext.cpp:1485][APP - INFO] SMG semantic event hit_sensor:registered (object=コイン(共用);sensor=coin;joint=;type=actor;radius=55.000000)
[src/runtime/RuntimeContext.cpp:1413][APP - INFO] Registered effect keeper コイン(共用) group Coin capacity 0
[src/runtime/RuntimeContext.cpp:1485][APP - INFO] SMG semantic event name_obj_lifecycle:connect_to_scene (object=点滅;kind=name_obj;movement=34;calc_anim=-1;draw_buffer=-1;draw_type=-1)
[src/runtime/RuntimeContext.cpp:1485][APP - INFO] SMG semantic event name_obj_lifecycle:connect_to_scene (object=コイン(共用);kind=live_actor_model;movement=44;calc_anim=16;draw_buffer=15;draw_type=-1)
[src/runtime/RuntimeContext.cpp:1485][APP - INFO] SMG semantic event hit_sensor:registered (object=コイン(共用);sensor=coin;joint=;type=actor;radius=55.000000)
[src/runtime/RuntimeContext.cpp:1413][APP - INFO] Registered effect keeper コイン(共用) group Coin capacity 0
[src/runtime/RuntimeContext.cpp:1485][APP - INFO] SMG semantic event name_obj_lifecycle:connect_to_scene (object=点滅;kind=name_obj;movement=34;calc_anim=-1;draw_buffer=-1;draw_type=-1)
[src/runtime/RuntimeContext.cpp:1485][APP - INFO] SMG semantic event name_obj_lifecycle:connect_to_scene (object=コイン(共用);kind=live_actor_model;movement=44;calc_anim=16;draw_buffer=15;draw_type=-1)
[src/runtime/RuntimeContext.cpp:1485][APP - INFO] SMG semantic event hit_sensor:registered (object=コイン(共用);sensor=coin;joint=;type=actor;radius=55.000000)
[src/runtime/RuntimeContext.cpp:1413][APP - INFO] Registered effect keeper コイン(共用) group Coin capacity 0
[src/runtime/RuntimeContext.cpp:1485][APP - INFO] SMG semantic event name_obj_lifecycle:connect_to_scene (object=点滅;kind=name_obj;movement=34;calc_anim=-1;draw_buffer=-1;draw_type=-1)
[src/runtime/RuntimeContext.cpp:1485][APP - INFO] SMG semantic event name_obj_lifecycle:connect_to_scene (object=コイン(共用);kind=live_actor_model;movement=44;calc_anim=16;draw_buffer=15;draw_type=-1)
[src/runtime/RuntimeContext.cpp:1485][APP - INFO] SMG semantic event hit_sensor:registered (object=コイン(共用);sensor=coin;joint=;type=actor;radius=55.000000)
[src/runtime/RuntimeContext.cpp:1413][APP - INFO] Registered effect keeper コイン(共用) group Coin capacity 0
[src/runtime/RuntimeContext.cpp:1485][APP - INFO] SMG semantic event name_obj_lifecycle:connect_to_scene (object=点滅;kind=name_obj;movement=34;calc_anim=-1;draw_buffer=-1;draw_type=-1)
[src/runtime/RuntimeContext.cpp:1485][APP - INFO] SMG semantic event name_obj_lifecycle:connect_to_scene (object=コイン(共用);kind=live_actor_model;movement=44;calc_anim=16;draw_buffer=15;draw_type=-1)
[src/runtime/RuntimeContext.cpp:1485][APP - INFO] SMG semantic event hit_sensor:registered (object=コイン(共用);sensor=coin;joint=;type=actor;radius=55.000000)
[src/runtime/RuntimeContext.cpp:1413][APP - INFO] Registered effect keeper コイン(共用) group Coin capacity 0
[src/runtime/RuntimeContext.cpp:1485][APP - INFO] SMG semantic event name_obj_lifecycle:connect_to_scene (object=点滅;kind=name_obj;movement=34;calc_anim=-1;draw_buffer=-1;draw_type=-1)
[src/runtime/RuntimeContext.cpp:1485][APP - INFO] SMG semantic event name_obj_lifecycle:connect_to_scene (object=コイン(共用);kind=live_actor_model;movement=44;calc_anim=16;draw_buffer=15;draw_type=-1)
[src/runtime/RuntimeContext.cpp:1485][APP - INFO] SMG semantic event hit_sensor:registered (object=コイン(共用);sensor=coin;joint=;type=actor;radius=55.000000)
[src/runtime/RuntimeContext.cpp:1413][APP - INFO] Registered effect keeper コイン(共用) group Coin capacity 0
[src/runtime/RuntimeContext.cpp:1485][APP - INFO] SMG semantic event name_obj_lifecycle:connect_to_scene (object=点滅;kind=name_obj;movement=34;calc_anim=-1;draw_buffer=-1;draw_type=-1)
[src/runtime/RuntimeContext.cpp:1485][APP - INFO] SMG semantic event name_obj_lifecycle:connect_to_scene (object=コイン(共用);kind=live_actor_model;movement=44;calc_anim=16;draw_buffer=15;draw_type=-1)
[src/runtime/RuntimeContext.cpp:1485][APP - INFO] SMG semantic event hit_sensor:registered (object=コイン(共用);sensor=coin;joint=;type=actor;radius=55.000000)
[src/runtime/RuntimeContext.cpp:1413][APP - INFO] Registered effect keeper コイン(共用) group Coin capacity 0
[src/runtime/RuntimeContext.cpp:1485][APP - INFO] SMG semantic event name_obj_lifecycle:connect_to_scene (object=点滅;kind=name_obj;movement=34;calc_anim=-1;draw_buffer=-1;draw_type=-1)
[src/runtime/RuntimeContext.cpp:1485][APP - INFO] SMG semantic event name_obj_lifecycle:connect_to_scene (object=コイン(共用);kind=live_actor_model;movement=44;calc_anim=16;draw_buffer=15;draw_type=-1)
[src/runtime/RuntimeContext.cpp:1485][APP - INFO] SMG semantic event hit_sensor:registered (object=コイン(共用);sensor=coin;joint=;type=actor;radius=55.000000)
[src/runtime/RuntimeContext.cpp:1413][APP - INFO] Registered effect keeper コイン(共用) group Coin capacity 0
[src/runtime/RuntimeContext.cpp:1485][APP - INFO] SMG semantic event name_obj_lifecycle:connect_to_scene (object=点滅;kind=name_obj;movement=34;calc_anim=-1;draw_buffer=-1;draw_type=-1)
[src/runtime/RuntimeContext.cpp:1485][APP - INFO] SMG semantic event name_obj_lifecycle:connect_to_scene (object=コイン(共用);kind=live_actor_model;movement=44;calc_anim=16;draw_buffer=15;draw_type=-1)
[src/runtime/RuntimeContext.cpp:1485][APP - INFO] SMG semantic event hit_sensor:registered (object=コイン(共用);sensor=coin;joint=;type=actor;radius=55.000000)
[src/runtime/RuntimeContext.cpp:1413][APP - INFO] Registered effect keeper コイン(共用) group Coin capacity 0
[src/runtime/RuntimeContext.cpp:1485][APP - INFO] SMG semantic event name_obj_lifecycle:connect_to_scene (object=点滅;kind=name_obj;movement=34;calc_anim=-1;draw_buffer=-1;draw_type=-1)
[src/runtime/RuntimeContext.cpp:1485][APP - INFO] SMG semantic event name_obj_lifecycle:connect_to_scene (object=コイン(共用);kind=live_actor_model;movement=44;calc_anim=16;draw_buffer=15;draw_type=-1)
[src/runtime/RuntimeContext.cpp:1485][APP - INFO] SMG semantic event hit_sensor:registered (object=コイン(共用);sensor=coin;joint=;type=actor;radius=55.000000)
[src/runtime/RuntimeContext.cpp:1413][APP - INFO] Registered effect keeper コイン(共用) group Coin capacity 0
[src/runtime/RuntimeContext.cpp:1485][APP - INFO] SMG semantic event name_obj_lifecycle:connect_to_scene (object=点滅;kind=name_obj;movement=34;calc_anim=-1;draw_buffer=-1;draw_type=-1)
[src/runtime/RuntimeContext.cpp:1485][APP - INFO] SMG semantic event name_obj_lifecycle:connect_to_scene (object=コイン(共用);kind=live_actor_model;movement=44;calc_anim=16;draw_buffer=15;draw_type=-1)
[src/runtime/RuntimeContext.cpp:1485][APP - INFO] SMG semantic event hit_sensor:registered (object=コイン(共用);sensor=coin;joint=;type=actor;radius=55.000000)
[src/runtime/RuntimeContext.cpp:1413][APP - INFO] Registered effect keeper コイン(共用) group Coin capacity 0
[src/runtime/RuntimeContext.cpp:1485][APP - INFO] SMG semantic event name_obj_lifecycle:connect_to_scene (object=点滅;kind=name_obj;movement=34;calc_anim=-1;draw_buffer=-1;draw_type=-1)
[src/runtime/RuntimeContext.cpp:1485][APP - INFO] SMG semantic event name_obj_lifecycle:connect_to_scene (object=コイン(共用);kind=live_actor_model;movement=44;calc_anim=16;draw_buffer=15;draw_type=-1)
[src/runtime/RuntimeContext.cpp:1485][APP - INFO] SMG semantic event hit_sensor:registered (object=コイン(共用);sensor=coin;joint=;type=actor;radius=55.000000)
[src/runtime/RuntimeContext.cpp:1413][APP - INFO] Registered effect keeper コイン(共用) group Coin capacity 0
[src/runtime/RuntimeContext.cpp:1485][APP - INFO] SMG semantic event name_obj_lifecycle:connect_to_scene (object=点滅;kind=name_obj;movement=34;calc_anim=-1;draw_buffer=-1;draw_type=-1)
[src/runtime/RuntimeContext.cpp:1485][APP - INFO] SMG semantic event name_obj_lifecycle:connect_to_scene (object=コイン(共用);kind=live_actor_model;movement=44;calc_anim=16;draw_buffer=15;draw_type=-1)
[src/runtime/RuntimeContext.cpp:1485][APP - INFO] SMG semantic event hit_sensor:registered (object=コイン(共用);sensor=coin;joint=;type=actor;radius=55.000000)
[src/runtime/RuntimeContext.cpp:1413][APP - INFO] Registered effect keeper コイン(共用) group Coin capacity 0
[src/runtime/RuntimeContext.cpp:1485][APP - INFO] SMG semantic event name_obj_lifecycle:connect_to_scene (object=点滅;kind=name_obj;movement=34;calc_anim=-1;draw_buffer=-1;draw_type=-1)
[src/runtime/RuntimeContext.cpp:1485][APP - INFO] SMG semantic event name_obj_lifecycle:connect_to_scene (object=コイン(共用);kind=live_actor_model;movement=44;calc_anim=16;draw_buffer=15;draw_type=-1)
[src/runtime/RuntimeContext.cpp:1485][APP - INFO] SMG semantic event hit_sensor:registered (object=コイン(共用);sensor=coin;joint=;type=actor;radius=55.000000)
[src/runtime/RuntimeContext.cpp:1413][APP - INFO] Registered effect keeper コイン(共用) group Coin capacity 0
[src/runtime/RuntimeContext.cpp:1485][APP - INFO] SMG semantic event name_obj_lifecycle:connect_to_scene (object=点滅;kind=name_obj;movement=34;calc_anim=-1;draw_buffer=-1;draw_type=-1)
[src/runtime/RuntimeContext.cpp:1485][APP - INFO] SMG semantic event name_obj_lifecycle:connect_to_scene (object=コイン(共用);kind=live_actor_model;movement=44;calc_anim=16;draw_buffer=15;draw_type=-1)
[src/runtime/RuntimeContext.cpp:1485][APP - INFO] SMG semantic event hit_sensor:registered (object=コイン(共用);sensor=coin;joint=;type=actor;radius=55.000000)
[src/runtime/RuntimeContext.cpp:1413][APP - INFO] Registered effect keeper コイン(共用) group Coin capacity 0
[src/runtime/RuntimeContext.cpp:1485][APP - INFO] SMG semantic event name_obj_lifecycle:connect_to_scene (object=点滅;kind=name_obj;movement=34;calc_anim=-1;draw_buffer=-1;draw_type=-1)
[src/runtime/RuntimeContext.cpp:1485][APP - INFO] SMG semantic event name_obj_lifecycle:connect_to_scene (object=コイン(共用);kind=live_actor_model;movement=44;calc_anim=16;draw_buffer=15;draw_type=-1)
[src/runtime/RuntimeContext.cpp:1485][APP - INFO] SMG semantic event hit_sensor:registered (object=コイン(共用);sensor=coin;joint=;type=actor;radius=55.000000)
[src/runtime/RuntimeContext.cpp:1413][APP - INFO] Registered effect keeper コイン(共用) group Coin capacity 0
[src/runtime/RuntimeContext.cpp:1485][APP - INFO] SMG semantic event name_obj_lifecycle:connect_to_scene (object=点滅;kind=name_obj;movement=34;calc_anim=-1;draw_buffer=-1;draw_type=-1)
[src/runtime/RuntimeContext.cpp:1485][APP - INFO] SMG semantic event name_obj_lifecycle:connect_to_scene (object=コイン(共用);kind=live_actor_model;movement=44;calc_anim=16;draw_buffer=15;draw_type=-1)
[src/runtime/RuntimeContext.cpp:1485][APP - INFO] SMG semantic event hit_sensor:registered (object=コイン(共用);sensor=coin;joint=;type=actor;radius=55.000000)
[src/runtime/RuntimeContext.cpp:1413][APP - INFO] Registered effect keeper コイン(共用) group Coin capacity 0
[src/runtime/RuntimeContext.cpp:1485][APP - INFO] SMG semantic event name_obj_lifecycle:connect_to_scene (object=点滅;kind=name_obj;movement=34;calc_anim=-1;draw_buffer=-1;draw_type=-1)
[src/runtime/RuntimeContext.cpp:1485][APP - INFO] SMG semantic event name_obj_lifecycle:connect_to_scene (object=コイン(共用);kind=live_actor_model;movement=44;calc_anim=16;draw_buffer=15;draw_type=-1)
[src/runtime/RuntimeContext.cpp:1485][APP - INFO] SMG semantic event hit_sensor:registered (object=コイン(共用);sensor=coin;joint=;type=actor;radius=55.000000)
[src/runtime/RuntimeContext.cpp:1413][APP - INFO] Registered effect keeper コイン(共用) group Coin capacity 0
[src/runtime/RuntimeContext.cpp:1485][APP - INFO] SMG semantic event name_obj_lifecycle:connect_to_scene (object=点滅;kind=name_obj;movement=34;calc_anim=-1;draw_buffer=-1;draw_type=-1)
[src/runtime/RuntimeContext.cpp:1485][APP - INFO] SMG semantic event name_obj_lifecycle:construct (object=Coin;actor=Coin)
[src/runtime/RuntimeContext.cpp:1485][APP - INFO] SMG semantic event sequence:stage_host_constructed (host=Coin;stage=HeavensDoorGalaxy)
[src/runtime/RuntimeContext.cpp:1485][APP - INFO] SMG semantic event name_obj_lifecycle:init_from_placement (object=Coin;stage=HeavensDoorMysteriousZone;zone=HeavensDoorMysteriousZone;table=jmp/placement/common/objinfo;row=32;l_id=10)
[src/runtime/RuntimeContext.cpp:1485][APP - INFO] SMG semantic event name_obj_lifecycle:connect_to_scene (object=Coin;kind=live_actor_model;movement=44;calc_anim=16;draw_buffer=15;draw_type=-1)
[src/runtime/RuntimeContext.cpp:1485][APP - INFO] SMG semantic event hit_sensor:registered (object=Coin;sensor=coin;joint=;type=actor;radius=55.000000)
[src/runtime/RuntimeContext.cpp:1413][APP - INFO] Registered effect keeper Coin group Coin capacity 0
[src/runtime/RuntimeContext.cpp:1485][APP - INFO] SMG semantic event name_obj_lifecycle:connect_to_scene (object=点滅;kind=name_obj;movement=34;calc_anim=-1;draw_buffer=-1;draw_type=-1)
[src/runtime/RuntimeContext.cpp:1485][APP - INFO] SMG semantic event sequence:stage_host_initialized (host=Coin;stage=HeavensDoorGalaxy)
[src/runtime/RuntimeContext.cpp:1485][APP - INFO] SMG semantic event placement:stage_object (stage=HeavensDoorMysteriousZone;zone=HeavensDoorMysteriousZone;zone_id=5;scenario=1;layer=common;table=jmp/placement/common/objinfo;object=Coin;factory=created;support_reason=original_factory;common_path_id=-1;rail_info_attached=false;rail_path_row=-1;rail_point_count=0;rail_first_point=none;model_archive=Coin;object_archive=/ObjectData/Coin.arc)
[src/runtime/RuntimeContext.cpp:1485][APP - INFO] SMG semantic event name_obj_lifecycle:archive_request (object=Coin;archive=Coin;kind=object;loaded=true;disc_path=Coin.arc)
[src/runtime/RuntimeContext.cpp:1485][APP - INFO] SMG semantic event name_obj_lifecycle:construct (object=Coin;actor=Coin)
[src/runtime/RuntimeContext.cpp:1485][APP - INFO] SMG semantic event sequence:stage_host_constructed (host=Coin;stage=HeavensDoorGalaxy)
[src/runtime/RuntimeContext.cpp:1485][APP - INFO] SMG semantic event name_obj_lifecycle:init_from_placement (object=Coin;stage=HeavensDoorMysteriousZone;zone=HeavensDoorMysteriousZone;table=jmp/placement/common/objinfo;row=33;l_id=11)
[src/runtime/RuntimeContext.cpp:1485][APP - INFO] SMG semantic event name_obj_lifecycle:connect_to_scene (object=Coin;kind=live_actor_model;movement=44;calc_anim=16;draw_buffer=15;draw_type=-1)
[src/runtime/RuntimeContext.cpp:1485][APP - INFO] SMG semantic event hit_sensor:registered (object=Coin;sensor=coin;joint=;type=actor;radius=55.000000)
[src/runtime/RuntimeContext.cpp:1413][APP - INFO] Registered effect keeper Coin group Coin capacity 0
[src/runtime/RuntimeContext.cpp:1485][APP - INFO] SMG semantic event name_obj_lifecycle:connect_to_scene (object=点滅;kind=name_obj;movement=34;calc_anim=-1;draw_buffer=-1;draw_type=-1)
[src/runtime/RuntimeContext.cpp:1485][APP - INFO] SMG semantic event sequence:stage_host_initialized (host=Coin;stage=HeavensDoorGalaxy)
[src/runtime/RuntimeContext.cpp:1485][APP - INFO] SMG semantic event placement:stage_object (stage=HeavensDoorMysteriousZone;zone=HeavensDoorMysteriousZone;zone_id=5;scenario=1;layer=common;table=jmp/placement/common/objinfo;object=Coin;factory=created;support_reason=original_factory;common_path_id=-1;rail_info_attached=false;rail_path_row=-1;rail_point_count=0;rail_first_point=none;model_archive=Coin;object_archive=/ObjectData/Coin.arc)
[src/runtime/RuntimeContext.cpp:1485][APP - INFO] SMG semantic event name_obj_lifecycle:archive_request (object=Coin;archive=Coin;kind=object;loaded=true;disc_path=Coin.arc)
[src/runtime/RuntimeContext.cpp:1485][APP - INFO] SMG semantic event name_obj_lifecycle:construct (object=Coin;actor=Coin)
[src/runtime/RuntimeContext.cpp:1485][APP - INFO] SMG semantic event sequence:stage_host_constructed (host=Coin;stage=HeavensDoorGalaxy)
[src/runtime/RuntimeContext.cpp:1485][APP - INFO] SMG semantic event name_obj_lifecycle:init_from_placement (object=Coin;stage=HeavensDoorMysteriousZone;zone=HeavensDoorMysteriousZone;table=jmp/placement/common/objinfo;row=34;l_id=12)
[src/runtime/RuntimeContext.cpp:1485][APP - INFO] SMG semantic event name_obj_lifecycle:connect_to_scene (object=Coin;kind=live_actor_model;movement=44;calc_anim=16;draw_buffer=15;draw_type=-1)
[src/runtime/RuntimeContext.cpp:1485][APP - INFO] SMG semantic event hit_sensor:registered (object=Coin;sensor=coin;joint=;type=actor;radius=55.000000)
[src/runtime/RuntimeContext.cpp:1413][APP - INFO] Registered effect keeper Coin group Coin capacity 0
[src/runtime/RuntimeContext.cpp:1485][APP - INFO] SMG semantic event name_obj_lifecycle:connect_to_scene (object=点滅;kind=name_obj;movement=34;calc_anim=-1;draw_buffer=-1;draw_type=-1)
[src/runtime/RuntimeContext.cpp:1485][APP - INFO] SMG semantic event sequence:stage_host_initialized (host=Coin;stage=HeavensDoorGalaxy)
[src/runtime/RuntimeContext.cpp:1485][APP - INFO] SMG semantic event placement:stage_object (stage=HeavensDoorMysteriousZone;zone=HeavensDoorMysteriousZone;zone_id=5;scenario=1;layer=common;table=jmp/placement/common/objinfo;object=Coin;factory=created;support_reason=original_factory;common_path_id=-1;rail_info_attached=false;rail_path_row=-1;rail_point_count=0;rail_first_point=none;model_archive=Coin;object_archive=/ObjectData/Coin.arc)
[src/runtime/RuntimeContext.cpp:1485][APP - INFO] SMG semantic event name_obj_lifecycle:archive_request (object=Coin;archive=Coin;kind=object;loaded=true;disc_path=Coin.arc)
[src/runtime/RuntimeContext.cpp:1485][APP - INFO] SMG semantic event name_obj_lifecycle:construct (object=Coin;actor=Coin)
[src/runtime/RuntimeContext.cpp:1485][APP - INFO] SMG semantic event sequence:stage_host_constructed (host=Coin;stage=HeavensDoorGalaxy)
[src/runtime/RuntimeContext.cpp:1485][APP - INFO] SMG semantic event name_obj_lifecycle:init_from_placement (object=Coin;stage=HeavensDoorMysteriousZone;zone=HeavensDoorMysteriousZone;table=jmp/placement/common/objinfo;row=35;l_id=75)
[src/runtime/RuntimeContext.cpp:1485][APP - INFO] SMG semantic event name_obj_lifecycle:connect_to_scene (object=Coin;kind=live_actor_model;movement=44;calc_anim=16;draw_buffer=15;draw_type=-1)
[src/runtime/RuntimeContext.cpp:1485][APP - INFO] SMG semantic event hit_sensor:registered (object=Coin;sensor=coin;joint=;type=actor;radius=55.000000)
[src/runtime/RuntimeContext.cpp:1413][APP - INFO] Registered effect keeper Coin group Coin capacity 0
[src/runtime/RuntimeContext.cpp:1485][APP - INFO] SMG semantic event name_obj_lifecycle:connect_to_scene (object=点滅;kind=name_obj;movement=34;calc_anim=-1;draw_buffer=-1;draw_type=-1)
[src/runtime/RuntimeContext.cpp:1485][APP - INFO] SMG semantic event sequence:stage_host_initialized (host=Coin;stage=HeavensDoorGalaxy)
[src/runtime/RuntimeContext.cpp:1485][APP - INFO] SMG semantic event placement:stage_object (stage=HeavensDoorMysteriousZone;zone=HeavensDoorMysteriousZone;zone_id=5;scenario=1;layer=common;table=jmp/placement/common/objinfo;object=Coin;factory=created;support_reason=original_factory;common_path_id=-1;rail_info_attached=false;rail_path_row=-1;rail_point_count=0;rail_first_point=none;model_archive=Coin;object_archive=/ObjectData/Coin.arc)
[src/runtime/RuntimeContext.cpp:1485][APP - INFO] SMG semantic event name_obj_lifecycle:archive_request (object=Coin;archive=Coin;kind=object;loaded=true;disc_path=Coin.arc)
[src/runtime/RuntimeContext.cpp:1485][APP - INFO] SMG semantic event name_obj_lifecycle:construct (object=Coin;actor=Coin)
[src/runtime/RuntimeContext.cpp:1485][APP - INFO] SMG semantic event sequence:stage_host_constructed (host=Coin;stage=HeavensDoorGalaxy)
[src/runtime/RuntimeContext.cpp:1485][APP - INFO] SMG semantic event name_obj_lifecycle:init_from_placement (object=Coin;stage=HeavensDoorMysteriousZone;zone=HeavensDoorMysteriousZone;table=jmp/placement/common/objinfo;row=36;l_id=76)
[src/runtime/RuntimeContext.cpp:1485][APP - INFO] SMG semantic event name_obj_lifecycle:connect_to_scene (object=Coin;kind=live_actor_model;movement=44;calc_anim=16;draw_buffer=15;draw_type=-1)
[src/runtime/RuntimeContext.cpp:1485][APP - INFO] SMG semantic event hit_sensor:registered (object=Coin;sensor=coin;joint=;type=actor;radius=55.000000)
[src/runtime/RuntimeContext.cpp:1413][APP - INFO] Registered effect keeper Coin group Coin capacity 0
[src/runtime/RuntimeContext.cpp:1485][APP - INFO] SMG semantic event name_obj_lifecycle:connect_to_scene (object=点滅;kind=name_obj;movement=34;calc_anim=-1;draw_buffer=-1;draw_type=-1)
[src/runtime/RuntimeContext.cpp:1485][APP - INFO] SMG semantic event sequence:stage_host_initialized (host=Coin;stage=HeavensDoorGalaxy)
[src/runtime/RuntimeContext.cpp:1485][APP - INFO] SMG semantic event placement:stage_object (stage=HeavensDoorMysteriousZone;zone=HeavensDoorMysteriousZone;zone_id=5;scenario=1;layer=common;table=jmp/placement/common/objinfo;object=Coin;factory=created;support_reason=original_factory;common_path_id=-1;rail_info_attached=false;rail_path_row=-1;rail_point_count=0;rail_first_point=none;model_archive=Coin;object_archive=/ObjectData/Coin.arc)
[src/runtime/RuntimeContext.cpp:1485][APP - INFO] SMG semantic event name_obj_lifecycle:archive_request (object=Coin;archive=Coin;kind=object;loaded=true;disc_path=Coin.arc)
[src/runtime/RuntimeContext.cpp:1485][APP - INFO] SMG semantic event name_obj_lifecycle:construct (object=Coin;actor=Coin)
[src/runtime/RuntimeContext.cpp:1485][APP - INFO] SMG semantic event sequence:stage_host_constructed (host=Coin;stage=HeavensDoorGalaxy)
[src/runtime/RuntimeContext.cpp:1485][APP - INFO] SMG semantic event name_obj_lifecycle:init_from_placement (object=Coin;stage=HeavensDoorMysteriousZone;zone=HeavensDoorMysteriousZone;table=jmp/placement/common/objinfo;row=37;l_id=77)
[src/runtime/RuntimeContext.cpp:1485][APP - INFO] SMG semantic event name_obj_lifecycle:connect_to_scene (object=Coin;kind=live_actor_model;movement=44;calc_anim=16;draw_buffer=15;draw_type=-1)
[src/runtime/RuntimeContext.cpp:1485][APP - INFO] SMG semantic event hit_sensor:registered (object=Coin;sensor=coin;joint=;type=actor;radius=55.000000)
[src/runtime/RuntimeContext.cpp:1413][APP - INFO] Registered effect keeper Coin group Coin capacity 0
[src/runtime/RuntimeContext.cpp:1485][APP - INFO] SMG semantic event name_obj_lifecycle:connect_to_scene (object=点滅;kind=name_obj;movement=34;calc_anim=-1;draw_buffer=-1;draw_type=-1)
[src/runtime/RuntimeContext.cpp:1485][APP - INFO] SMG semantic event sequence:stage_host_initialized (host=Coin;stage=HeavensDoorGalaxy)
[src/runtime/RuntimeContext.cpp:1485][APP - INFO] SMG semantic event placement:stage_object (stage=HeavensDoorMysteriousZone;zone=HeavensDoorMysteriousZone;zone_id=5;scenario=1;layer=common;table=jmp/placement/common/objinfo;object=Coin;factory=created;support_reason=original_factory;common_path_id=-1;rail_info_attached=false;rail_path_row=-1;rail_point_count=0;rail_first_point=none;model_archive=Coin;object_archive=/ObjectData/Coin.arc)
[src/runtime/RuntimeContext.cpp:1485][APP - INFO] SMG semantic event name_obj_lifecycle:archive_request (object=Coin;archive=Coin;kind=object;loaded=true;disc_path=Coin.arc)
[src/runtime/RuntimeContext.cpp:1485][APP - INFO] SMG semantic event name_obj_lifecycle:construct (object=Coin;actor=Coin)
[src/runtime/RuntimeContext.cpp:1485][APP - INFO] SMG semantic event sequence:stage_host_constructed (host=Coin;stage=HeavensDoorGalaxy)
[src/runtime/RuntimeContext.cpp:1485][APP - INFO] SMG semantic event name_obj_lifecycle:init_from_placement (object=Coin;stage=HeavensDoorMysteriousZone;zone=HeavensDoorMysteriousZone;table=jmp/placement/common/objinfo;row=38;l_id=78)
[src/runtime/RuntimeContext.cpp:1485][APP - INFO] SMG semantic event name_obj_lifecycle:connect_to_scene (object=Coin;kind=live_actor_model;movement=44;calc_anim=16;draw_buffer=15;draw_type=-1)
[src/runtime/RuntimeContext.cpp:1485][APP - INFO] SMG semantic event hit_sensor:registered (object=Coin;sensor=coin;joint=;type=actor;radius=55.000000)
[src/runtime/RuntimeContext.cpp:1413][APP - INFO] Registered effect keeper Coin group Coin capacity 0
[src/runtime/RuntimeContext.cpp:1485][APP - INFO] SMG semantic event name_obj_lifecycle:connect_to_scene (object=点滅;kind=name_obj;movement=34;calc_anim=-1;draw_buffer=-1;draw_type=-1)
[src/runtime/RuntimeContext.cpp:1485][APP - INFO] SMG semantic event sequence:stage_host_initialized (host=Coin;stage=HeavensDoorGalaxy)
[src/runtime/RuntimeContext.cpp:1485][APP - INFO] SMG semantic event placement:stage_object (stage=HeavensDoorMysteriousZone;zone=HeavensDoorMysteriousZone;zone_id=5;scenario=1;layer=common;table=jmp/placement/common/objinfo;object=Coin;factory=created;support_reason=original_factory;common_path_id=-1;rail_info_attached=false;rail_path_row=-1;rail_point_count=0;rail_first_point=none;model_archive=Coin;object_archive=/ObjectData/Coin.arc)
[src/runtime/RuntimeContext.cpp:1485][APP - INFO] SMG semantic event name_obj_lifecycle:archive_request (object=Coin;archive=Coin;kind=object;loaded=true;disc_path=Coin.arc)
[src/runtime/RuntimeContext.cpp:1485][APP - INFO] SMG semantic event name_obj_lifecycle:construct (object=Coin;actor=Coin)
[src/runtime/RuntimeContext.cpp:1485][APP - INFO] SMG semantic event sequence:stage_host_constructed (host=Coin;stage=HeavensDoorGalaxy)
[src/runtime/RuntimeContext.cpp:1485][APP - INFO] SMG semantic event name_obj_lifecycle:init_from_placement (object=Coin;stage=HeavensDoorMysteriousZone;zone=HeavensDoorMysteriousZone;table=jmp/placement/common/objinfo;row=39;l_id=79)
[src/runtime/RuntimeContext.cpp:1485][APP - INFO] SMG semantic event name_obj_lifecycle:connect_to_scene (object=Coin;kind=live_actor_model;movement=44;calc_anim=16;draw_buffer=15;draw_type=-1)
[src/runtime/RuntimeContext.cpp:1485][APP - INFO] SMG semantic event hit_sensor:registered (object=Coin;sensor=coin;joint=;type=actor;radius=55.000000)
[src/runtime/RuntimeContext.cpp:1413][APP - INFO] Registered effect keeper Coin group Coin capacity 0
[src/runtime/RuntimeContext.cpp:1485][APP - INFO] SMG semantic event name_obj_lifecycle:connect_to_scene (object=点滅;kind=name_obj;movement=34;calc_anim=-1;draw_buffer=-1;draw_type=-1)
[src/runtime/RuntimeContext.cpp:1485][APP - INFO] SMG semantic event sequence:stage_host_initialized (host=Coin;stage=HeavensDoorGalaxy)
[src/runtime/RuntimeContext.cpp:1485][APP - INFO] SMG semantic event placement:stage_object (stage=HeavensDoorMysteriousZone;zone=HeavensDoorMysteriousZone;zone_id=5;scenario=1;layer=common;table=jmp/placement/common/objinfo;object=Coin;factory=created;support_reason=original_factory;common_path_id=-1;rail_info_attached=false;rail_path_row=-1;rail_point_count=0;rail_first_point=none;model_archive=Coin;object_archive=/ObjectData/Coin.arc)
[src/runtime/RuntimeContext.cpp:1485][APP - INFO] SMG semantic event name_obj_lifecycle:archive_request (object=Coin;archive=Coin;kind=object;loaded=true;disc_path=Coin.arc)
[src/runtime/RuntimeContext.cpp:1485][APP - INFO] SMG semantic event name_obj_lifecycle:construct (object=Coin;actor=Coin)
[src/runtime/RuntimeContext.cpp:1485][APP - INFO] SMG semantic event sequence:stage_host_constructed (host=Coin;stage=HeavensDoorGalaxy)
[src/runtime/RuntimeContext.cpp:1485][APP - INFO] SMG semantic event name_obj_lifecycle:init_from_placement (object=Coin;stage=HeavensDoorMysteriousZone;zone=HeavensDoorMysteriousZone;table=jmp/placement/common/objinfo;row=40;l_id=80)
[src/runtime/RuntimeContext.cpp:1485][APP - INFO] SMG semantic event name_obj_lifecycle:connect_to_scene (object=Coin;kind=live_actor_model;movement=44;calc_anim=16;draw_buffer=15;draw_type=-1)
[src/runtime/RuntimeContext.cpp:1485][APP - INFO] SMG semantic event hit_sensor:registered (object=Coin;sensor=coin;joint=;type=actor;radius=55.000000)
[src/runtime/RuntimeContext.cpp:1413][APP - INFO] Registered effect keeper Coin group Coin capacity 0
[src/runtime/RuntimeContext.cpp:1485][APP - INFO] SMG semantic event name_obj_lifecycle:connect_to_scene (object=点滅;kind=name_obj;movement=34;calc_anim=-1;draw_buffer=-1;draw_type=-1)
[src/runtime/RuntimeContext.cpp:1485][APP - INFO] SMG semantic event sequence:stage_host_initialized (host=Coin;stage=HeavensDoorGalaxy)
[src/runtime/RuntimeContext.cpp:1485][APP - INFO] SMG semantic event placement:stage_object (stage=HeavensDoorMysteriousZone;zone=HeavensDoorMysteriousZone;zone_id=5;scenario=1;layer=common;table=jmp/placement/common/objinfo;object=Coin;factory=created;support_reason=original_factory;common_path_id=-1;rail_info_attached=false;rail_path_row=-1;rail_point_count=0;rail_first_point=none;model_archive=Coin;object_archive=/ObjectData/Coin.arc)
[src/runtime/RuntimeContext.cpp:1485][APP - INFO] SMG semantic event name_obj_lifecycle:archive_request (object=Coin;archive=Coin;kind=object;loaded=true;disc_path=Coin.arc)
[src/runtime/RuntimeContext.cpp:1485][APP - INFO] SMG semantic event name_obj_lifecycle:construct (object=Coin;actor=Coin)
[src/runtime/RuntimeContext.cpp:1485][APP - INFO] SMG semantic event sequence:stage_host_constructed (host=Coin;stage=HeavensDoorGalaxy)
[src/runtime/RuntimeContext.cpp:1485][APP - INFO] SMG semantic event name_obj_lifecycle:init_from_placement (object=Coin;stage=HeavensDoorMysteriousZone;zone=HeavensDoorMysteriousZone;table=jmp/placement/common/objinfo;row=41;l_id=81)
[src/runtime/RuntimeContext.cpp:1485][APP - INFO] SMG semantic event name_obj_lifecycle:connect_to_scene (object=Coin;kind=live_actor_model;movement=44;calc_anim=16;draw_buffer=15;draw_type=-1)
[src/runtime/RuntimeContext.cpp:1485][APP - INFO] SMG semantic event hit_sensor:registered (object=Coin;sensor=coin;joint=;type=actor;radius=55.000000)
[src/runtime/RuntimeContext.cpp:1413][APP - INFO] Registered effect keeper Coin group Coin capacity 0
[src/runtime/RuntimeContext.cpp:1485][APP - INFO] SMG semantic event name_obj_lifecycle:connect_to_scene (object=点滅;kind=name_obj;movement=34;calc_anim=-1;draw_buffer=-1;draw_type=-1)
[src/runtime/RuntimeContext.cpp:1485][APP - INFO] SMG semantic event sequence:stage_host_initialized (host=Coin;stage=HeavensDoorGalaxy)
[src/runtime/RuntimeContext.cpp:1485][APP - INFO] SMG semantic event placement:stage_object (stage=HeavensDoorMysteriousZone;zone=HeavensDoorMysteriousZone;zone_id=5;scenario=1;layer=common;table=jmp/placement/common/objinfo;object=HeavensDoorHouseDoor;factory=created_model_fallback;support_reason=direct_object_archive_model;common_path_id=-1;rail_info_attached=false;rail_path_row=-1;rail_point_count=0;rail_first_point=none;model_archive=HeavensDoorHouseDoor;object_archive=/ObjectData/HeavensDoorHouseDoor.arc)
[src/runtime/RuntimeContext.cpp:1485][APP - INFO] SMG semantic event name_obj_lifecycle:archive_request (object=HeavensDoorHouseDoor;archive=HeavensDoorHouseDoor;kind=object;loaded=true;disc_path=HeavensDoorHouseDoor.arc)
[src/runtime/RuntimeContext.cpp:1485][APP - INFO] SMG semantic event name_obj_lifecycle:connect_to_scene (object=HeavensDoorHouseDoor;kind=live_actor_model;movement=34;calc_anim=5;draw_buffer=8;draw_type=-1)
[src/runtime/RuntimeContext.cpp:1413][APP - INFO] Registered effect keeper HeavensDoorHouseDoor group HeavensDoorHouseDoor capacity 8
[src/runtime/RuntimeContext.cpp:1485][APP - INFO] SMG semantic event name_obj_lifecycle:construct (object=HeavensDoorHouseDoor;actor=HeavensDoorHouseDoor)
[src/runtime/RuntimeContext.cpp:1485][APP - INFO] SMG semantic event sequence:stage_host_constructed (host=HeavensDoorHouseDoor;stage=HeavensDoorGalaxy)
[src/runtime/RuntimeContext.cpp:1485][APP - INFO] SMG semantic event name_obj_lifecycle:init_from_placement (object=HeavensDoorHouseDoor;stage=HeavensDoorMysteriousZone;zone=HeavensDoorMysteriousZone;table=jmp/placement/common/objinfo;row=42;l_id=74)
[src/runtime/RuntimeContext.cpp:1485][APP - INFO] SMG semantic event sequence:stage_host_initialized (host=HeavensDoorHouseDoor;stage=HeavensDoorGalaxy)
[src/runtime/RuntimeContext.cpp:1485][APP - INFO] SMG semantic event placement:stage_object (stage=HeavensDoorMysteriousZone;zone=HeavensDoorMysteriousZone;zone_id=5;scenario=1;layer=common;table=jmp/placement/common/objinfo;object=HeavensDoorFlowerA;factory=created_model_fallback;support_reason=direct_object_archive_model;common_path_id=-1;rail_info_attached=false;rail_path_row=-1;rail_point_count=0;rail_first_point=none;model_archive=HeavensDoorFlowerA;object_archive=/ObjectData/HeavensDoorFlowerA.arc)
[src/runtime/RuntimeContext.cpp:1485][APP - INFO] SMG semantic event name_obj_lifecycle:archive_request (object=HeavensDoorFlowerA;archive=HeavensDoorFlowerA;kind=object;loaded=true;disc_path=HeavensDoorFlowerA.arc)
[src/runtime/RuntimeContext.cpp:1485][APP - INFO] SMG semantic event name_obj_lifecycle:connect_to_scene (object=HeavensDoorFlowerA;kind=live_actor_model;movement=34;calc_anim=5;draw_buffer=8;draw_type=-1)
[src/runtime/RuntimeContext.cpp:1413][APP - INFO] Registered effect keeper HeavensDoorFlowerA group HeavensDoorFlowerA capacity 8
[src/runtime/RuntimeContext.cpp:1485][APP - INFO] SMG semantic event name_obj_lifecycle:construct (object=HeavensDoorFlowerA;actor=HeavensDoorFlowerA)
[src/runtime/RuntimeContext.cpp:1485][APP - INFO] SMG semantic event sequence:stage_host_constructed (host=HeavensDoorFlowerA;stage=HeavensDoorGalaxy)
[src/runtime/RuntimeContext.cpp:1485][APP - INFO] SMG semantic event name_obj_lifecycle:init_from_placement (object=HeavensDoorFlowerA;stage=HeavensDoorMysteriousZone;zone=HeavensDoorMysteriousZone;table=jmp/placement/common/objinfo;row=43;l_id=187)
[src/runtime/RuntimeContext.cpp:1485][APP - INFO] SMG semantic event sequence:stage_host_initialized (host=HeavensDoorFlowerA;stage=HeavensDoorGalaxy)
[src/runtime/RuntimeContext.cpp:1485][APP - INFO] SMG semantic event placement:stage_object (stage=HeavensDoorMysteriousZone;zone=HeavensDoorMysteriousZone;zone_id=5;scenario=1;layer=common;table=jmp/placement/common/objinfo;object=CollisionBlocker;factory=created;support_reason=original_factory;common_path_id=-1;rail_info_attached=false;rail_path_row=-1;rail_point_count=0;rail_first_point=none;model_archive=CollisionBlocker;object_archive=)
[src/runtime/RuntimeContext.cpp:1485][APP - INFO] SMG semantic event name_obj_lifecycle:construct (object=CollisionBlocker;actor=CollisionBlocker)
[src/runtime/RuntimeContext.cpp:1485][APP - INFO] SMG semantic event sequence:stage_host_constructed (host=CollisionBlocker;stage=HeavensDoorGalaxy)
[src/runtime/RuntimeContext.cpp:1485][APP - INFO] SMG semantic event name_obj_lifecycle:init_from_placement (object=CollisionBlocker;stage=HeavensDoorMysteriousZone;zone=HeavensDoorMysteriousZone;table=jmp/placement/common/objinfo;row=44;l_id=188)
[src/runtime/RuntimeContext.cpp:1485][APP - INFO] SMG semantic event name_obj_lifecycle:connect_to_scene (object=CollisionBlocker;kind=name_obj;movement=34;calc_anim=-1;draw_buffer=-1;draw_type=-1)
[src/runtime/RuntimeContext.cpp:1485][APP - INFO] SMG semantic event sequence:stage_host_initialized (host=CollisionBlocker;stage=HeavensDoorGalaxy)
[src/runtime/RuntimeContext.cpp:1485][APP - INFO] SMG semantic event placement:stage_object (stage=HeavensDoorMysteriousZone;zone=HeavensDoorMysteriousZone;zone_id=5;scenario=1;layer=common;table=jmp/placement/common/objinfo;object=CollisionBlocker;factory=created;support_reason=original_factory;common_path_id=-1;rail_info_attached=false;rail_path_row=-1;rail_point_count=0;rail_first_point=none;model_archive=CollisionBlocker;object_archive=)
[src/runtime/RuntimeContext.cpp:1485][APP - INFO] SMG semantic event name_obj_lifecycle:construct (object=CollisionBlocker;actor=CollisionBlocker)
[src/runtime/RuntimeContext.cpp:1485][APP - INFO] SMG semantic event sequence:stage_host_constructed (host=CollisionBlocker;stage=HeavensDoorGalaxy)
[src/runtime/RuntimeContext.cpp:1485][APP - INFO] SMG semantic event name_obj_lifecycle:init_from_placement (object=CollisionBlocker;stage=HeavensDoorMysteriousZone;zone=HeavensDoorMysteriousZone;table=jmp/placement/common/objinfo;row=45;l_id=189)
[src/runtime/RuntimeContext.cpp:1485][APP - INFO] SMG semantic event name_obj_lifecycle:connect_to_scene (object=CollisionBlocker;kind=name_obj;movement=34;calc_anim=-1;draw_buffer=-1;draw_type=-1)
[src/runtime/RuntimeContext.cpp:1485][APP - INFO] SMG semantic event sequence:stage_host_initialized (host=CollisionBlocker;stage=HeavensDoorGalaxy)
[src/runtime/RuntimeContext.cpp:1485][APP - INFO] SMG semantic event placement:stage_object (stage=HeavensDoorMysteriousZone;zone=HeavensDoorMysteriousZone;zone_id=5;scenario=1;layer=common;table=jmp/placement/common/objinfo;object=CollisionBlocker;factory=created;support_reason=original_factory;common_path_id=-1;rail_info_attached=false;rail_path_row=-1;rail_point_count=0;rail_first_point=none;model_archive=CollisionBlocker;object_archive=)
[src/runtime/RuntimeContext.cpp:1485][APP - INFO] SMG semantic event name_obj_lifecycle:construct (object=CollisionBlocker;actor=CollisionBlocker)
[src/runtime/RuntimeContext.cpp:1485][APP - INFO] SMG semantic event sequence:stage_host_constructed (host=CollisionBlocker;stage=HeavensDoorGalaxy)
[src/runtime/RuntimeContext.cpp:1485][APP - INFO] SMG semantic event name_obj_lifecycle:init_from_placement (object=CollisionBlocker;stage=HeavensDoorMysteriousZone;zone=HeavensDoorMysteriousZone;table=jmp/placement/common/objinfo;row=46;l_id=190)
[src/runtime/RuntimeContext.cpp:1485][APP - INFO] SMG semantic event name_obj_lifecycle:connect_to_scene (object=CollisionBlocker;kind=name_obj;movement=34;calc_anim=-1;draw_buffer=-1;draw_type=-1)
[src/runtime/RuntimeContext.cpp:1485][APP - INFO] SMG semantic event sequence:stage_host_initialized (host=CollisionBlocker;stage=HeavensDoorGalaxy)
[src/runtime/RuntimeContext.cpp:1485][APP - INFO] SMG semantic event placement:stage_object (stage=HeavensDoorMysteriousZone;zone=HeavensDoorMysteriousZone;zone_id=5;scenario=1;layer=common;table=jmp/placement/common/objinfo;object=CollisionBlocker;factory=created;support_reason=original_factory;common_path_id=-1;rail_info_attached=false;rail_path_row=-1;rail_point_count=0;rail_first_point=none;model_archive=CollisionBlocker;object_archive=)
[src/runtime/RuntimeContext.cpp:1485][APP - INFO] SMG semantic event name_obj_lifecycle:construct (object=CollisionBlocker;actor=CollisionBlocker)
[src/runtime/RuntimeContext.cpp:1485][APP - INFO] SMG semantic event sequence:stage_host_constructed (host=CollisionBlocker;stage=HeavensDoorGalaxy)
[src/runtime/RuntimeContext.cpp:1485][APP - INFO] SMG semantic event name_obj_lifecycle:init_from_placement (object=CollisionBlocker;stage=HeavensDoorMysteriousZone;zone=HeavensDoorMysteriousZone;table=jmp/placement/common/objinfo;row=47;l_id=191)
[src/runtime/RuntimeContext.cpp:1485][APP - INFO] SMG semantic event name_obj_lifecycle:connect_to_scene (object=CollisionBlocker;kind=name_obj;movement=34;calc_anim=-1;draw_buffer=-1;draw_type=-1)
[src/runtime/RuntimeContext.cpp:1485][APP - INFO] SMG semantic event sequence:stage_host_initialized (host=CollisionBlocker;stage=HeavensDoorGalaxy)
[src/runtime/RuntimeContext.cpp:1485][APP - INFO] SMG semantic event placement:stage_object (stage=HeavensDoorMysteriousZone;zone=HeavensDoorMysteriousZone;zone_id=5;scenario=1;layer=common;table=jmp/placement/common/objinfo;object=HeavensDoorAppearStepAAfter;factory=created_model_fallback;support_reason=direct_object_archive_model;common_path_id=-1;rail_info_attached=false;rail_path_row=-1;rail_point_count=0;rail_first_point=none;model_archive=HeavensDoorAppearStepAAfter;object_archive=/ObjectData/HeavensDoorAppearStepAAfter.arc)
[src/runtime/RuntimeContext.cpp:1485][APP - INFO] SMG semantic event name_obj_lifecycle:archive_request (object=HeavensDoorAppearStepAAfter;archive=HeavensDoorAppearStepAAfter;kind=object;loaded=true;disc_path=HeavensDoorAppearStepAAfter.arc)
[src/runtime/RuntimeContext.cpp:1485][APP - INFO] SMG semantic event name_obj_lifecycle:connect_to_scene (object=HeavensDoorAppearStepAAfter;kind=live_actor_model;movement=34;calc_anim=5;draw_buffer=8;draw_type=-1)
[src/runtime/RuntimeContext.cpp:1413][APP - INFO] Registered effect keeper HeavensDoorAppearStepAAfter group HeavensDoorAppearStepAAfter capacity 8
[src/runtime/RuntimeContext.cpp:1485][APP - INFO] SMG semantic event name_obj_lifecycle:construct (object=HeavensDoorAppearStepAAfter;actor=HeavensDoorAppearStepAAfter)
[src/runtime/RuntimeContext.cpp:1485][APP - INFO] SMG semantic event sequence:stage_host_constructed (host=HeavensDoorAppearStepAAfter;stage=HeavensDoorGalaxy)
[src/runtime/RuntimeContext.cpp:1485][APP - INFO] SMG semantic event name_obj_lifecycle:init_from_placement (object=HeavensDoorAppearStepAAfter;stage=HeavensDoorMysteriousZone;zone=HeavensDoorMysteriousZone;table=jmp/placement/common/objinfo;row=48;l_id=83)
[src/runtime/RuntimeContext.cpp:1485][APP - INFO] SMG semantic event sequence:stage_host_initialized (host=HeavensDoorAppearStepAAfter;stage=HeavensDoorGalaxy)
[src/runtime/RuntimeContext.cpp:1485][APP - INFO] SMG semantic event placement:stage_object (stage=HeavensDoorMysteriousZone;zone=HeavensDoorMysteriousZone;zone_id=5;scenario=1;layer=common;table=jmp/placement/common/planetobjinfo;object=GlobalPointGravity;factory=ignored;support_reason=non_renderable_placement_helper_table;common_path_id=-1;rail_info_attached=false;rail_path_row=-1;rail_point_count=0;rail_first_point=none;model_archive=;object_archive=)
[src/runtime/RuntimeContext.cpp:1485][APP - INFO] SMG semantic event placement:stage_object (stage=HeavensDoorMysteriousZone;zone=HeavensDoorMysteriousZone;zone_id=5;scenario=1;layer=layera;table=jmp/placement/layera/areaobjinfo;object=LightCtrlCube;factory=ignored;support_reason=non_renderable_placement_helper_table;common_path_id=-1;rail_info_attached=false;rail_path_row=-1;rail_point_count=0;rail_first_point=none;model_archive=;object_archive=)
[src/runtime/RuntimeContext.cpp:1485][APP - INFO] SMG semantic event placement:stage_object (stage=HeavensDoorMysteriousZone;zone=HeavensDoorMysteriousZone;zone_id=5;scenario=1;layer=layera;table=jmp/placement/layera/areaobjinfo;object=SpinGuidanceCube;factory=ignored;support_reason=non_renderable_placement_helper_table;common_path_id=-1;rail_info_attached=false;rail_path_row=-1;rail_point_count=0;rail_first_point=none;model_archive=;object_archive=)
[src/runtime/RuntimeContext.cpp:1485][APP - INFO] SMG semantic event placement:stage_object (stage=HeavensDoorMysteriousZone;zone=HeavensDoorMysteriousZone;zone_id=5;scenario=1;layer=layera;table=jmp/placement/layera/cameracubeinfo;object=CubeCameraCylinder;factory=ignored;support_reason=non_renderable_placement_helper_table;common_path_id=-1;rail_info_attached=false;rail_path_row=-1;rail_point_count=0;rail_first_point=none;model_archive=;object_archive=)
[src/runtime/RuntimeContext.cpp:1485][APP - INFO] SMG semantic event placement:stage_object (stage=HeavensDoorMysteriousZone;zone=HeavensDoorMysteriousZone;zone_id=5;scenario=1;layer=layera;table=jmp/placement/layera/cameracubeinfo;object=CubeCameraCylinder;factory=ignored;support_reason=non_renderable_placement_helper_table;common_path_id=-1;rail_info_attached=false;rail_path_row=-1;rail_point_count=0;rail_first_point=none;model_archive=;object_archive=)
[src/runtime/RuntimeContext.cpp:1485][APP - INFO] SMG semantic event placement:stage_object (stage=HeavensDoorMysteriousZone;zone=HeavensDoorMysteriousZone;zone_id=5;scenario=1;layer=layera;table=jmp/placement/layera/cameracubeinfo;object=CubeCameraBox;factory=ignored;support_reason=non_renderable_placement_helper_table;common_path_id=-1;rail_info_attached=false;rail_path_row=-1;rail_point_count=0;rail_first_point=none;model_archive=;object_archive=)
[src/runtime/RuntimeContext.cpp:1485][APP - INFO] SMG semantic event placement:stage_object (stage=HeavensDoorMysteriousZone;zone=HeavensDoorMysteriousZone;zone_id=5;scenario=1;layer=layera;table=jmp/placement/layera/demoobjinfo;object=DemoGroup;factory=ignored;support_reason=non_renderable_placement_helper_table;common_path_id=-1;rail_info_attached=false;rail_path_row=-1;rail_point_count=0;rail_first_point=none;model_archive=;object_archive=)
[src/runtime/RuntimeContext.cpp:1485][APP - INFO] SMG semantic event placement:stage_object (stage=HeavensDoorMysteriousZone;zone=HeavensDoorMysteriousZone;zone_id=5;scenario=1;layer=layera;table=jmp/placement/layera/demoobjinfo;object=DemoGroup;factory=ignored;support_reason=non_renderable_placement_helper_table;common_path_id=-1;rail_info_attached=false;rail_path_row=-1;rail_point_count=0;rail_first_point=none;model_archive=;object_archive=)
[src/runtime/RuntimeContext.cpp:1485][APP - INFO] SMG semantic event placement:stage_object (stage=HeavensDoorMysteriousZone;zone=HeavensDoorMysteriousZone;zone_id=5;scenario=1;layer=layera;table=jmp/placement/layera/objinfo;object=StarPiece;factory=created_model_fallback;support_reason=direct_object_archive_model;common_path_id=-1;rail_info_attached=false;rail_path_row=-1;rail_point_count=0;rail_first_point=none;model_archive=StarPiece;object_archive=/ObjectData/StarPiece.arc)
[src/runtime/RuntimeContext.cpp:1485][APP - INFO] SMG semantic event name_obj_lifecycle:archive_request (object=StarPiece;archive=StarPiece;kind=object;loaded=true;disc_path=StarPiece.arc)
[src/runtime/RuntimeContext.cpp:1485][APP - INFO] SMG semantic event name_obj_lifecycle:connect_to_scene (object=StarPiece;kind=live_actor_model;movement=34;calc_anim=5;draw_buffer=8;draw_type=-1)
[src/runtime/RuntimeContext.cpp:1413][APP - INFO] Registered effect keeper StarPiece group StarPiece capacity 8
[src/runtime/RuntimeContext.cpp:1485][APP - INFO] SMG semantic event name_obj_lifecycle:construct (object=StarPiece;actor=StarPiece)
[src/runtime/RuntimeContext.cpp:1485][APP - INFO] SMG semantic event sequence:stage_host_constructed (host=StarPiece;stage=HeavensDoorGalaxy)
[src/runtime/RuntimeContext.cpp:1485][APP - INFO] SMG semantic event name_obj_lifecycle:init_from_placement (object=StarPiece;stage=HeavensDoorMysteriousZone;zone=HeavensDoorMysteriousZone;table=jmp/placement/layera/objinfo;row=0;l_id=87)
[src/runtime/RuntimeContext.cpp:1485][APP - INFO] SMG semantic event sequence:stage_host_initialized (host=StarPiece;stage=HeavensDoorGalaxy)
[src/runtime/RuntimeContext.cpp:1485][APP - INFO] SMG semantic event placement:stage_object (stage=HeavensDoorMysteriousZone;zone=HeavensDoorMysteriousZone;zone_id=5;scenario=1;layer=layera;table=jmp/placement/layera/objinfo;object=StarPiece;factory=created_model_fallback;support_reason=direct_object_archive_model;common_path_id=-1;rail_info_attached=false;rail_path_row=-1;rail_point_count=0;rail_first_point=none;model_archive=StarPiece;object_archive=/ObjectData/StarPiece.arc)
[src/runtime/RuntimeContext.cpp:1485][APP - INFO] SMG semantic event name_obj_lifecycle:archive_request (object=StarPiece;archive=StarPiece;kind=object;loaded=true;disc_path=StarPiece.arc)
[src/runtime/RuntimeContext.cpp:1485][APP - INFO] SMG semantic event name_obj_lifecycle:connect_to_scene (object=StarPiece;kind=live_actor_model;movement=34;calc_anim=5;draw_buffer=8;draw_type=-1)
[src/runtime/RuntimeContext.cpp:1413][APP - INFO] Registered effect keeper StarPiece group StarPiece capacity 8
[src/runtime/RuntimeContext.cpp:1485][APP - INFO] SMG semantic event name_obj_lifecycle:construct (object=StarPiece;actor=StarPiece)
[src/runtime/RuntimeContext.cpp:1485][APP - INFO] SMG semantic event sequence:stage_host_constructed (host=StarPiece;stage=HeavensDoorGalaxy)
[src/runtime/RuntimeContext.cpp:1485][APP - INFO] SMG semantic event name_obj_lifecycle:init_from_placement (object=StarPiece;stage=HeavensDoorMysteriousZone;zone=HeavensDoorMysteriousZone;table=jmp/placement/layera/objinfo;row=1;l_id=88)
[src/runtime/RuntimeContext.cpp:1485][APP - INFO] SMG semantic event sequence:stage_host_initialized (host=StarPiece;stage=HeavensDoorGalaxy)
[src/runtime/RuntimeContext.cpp:1485][APP - INFO] SMG semantic event placement:stage_object (stage=HeavensDoorMysteriousZone;zone=HeavensDoorMysteriousZone;zone_id=5;scenario=1;layer=layera;table=jmp/placement/layera/objinfo;object=StarPiece;factory=created_model_fallback;support_reason=direct_object_archive_model;common_path_id=-1;rail_info_attached=false;rail_path_row=-1;rail_point_count=0;rail_first_point=none;model_archive=StarPiece;object_archive=/ObjectData/StarPiece.arc)
[src/runtime/RuntimeContext.cpp:1485][APP - INFO] SMG semantic event name_obj_lifecycle:archive_request (object=StarPiece;archive=StarPiece;kind=object;loaded=true;disc_path=StarPiece.arc)
[src/runtime/RuntimeContext.cpp:1485][APP - INFO] SMG semantic event name_obj_lifecycle:connect_to_scene (object=StarPiece;kind=live_actor_model;movement=34;calc_anim=5;draw_buffer=8;draw_type=-1)
[src/runtime/RuntimeContext.cpp:1413][APP - INFO] Registered effect keeper StarPiece group StarPiece capacity 8
[src/runtime/RuntimeContext.cpp:1485][APP - INFO] SMG semantic event name_obj_lifecycle:construct (object=StarPiece;actor=StarPiece)
[src/runtime/RuntimeContext.cpp:1485][APP - INFO] SMG semantic event sequence:stage_host_constructed (host=StarPiece;stage=HeavensDoorGalaxy)
[src/runtime/RuntimeContext.cpp:1485][APP - INFO] SMG semantic event name_obj_lifecycle:init_from_placement (object=StarPiece;stage=HeavensDoorMysteriousZone;zone=HeavensDoorMysteriousZone;table=jmp/placement/layera/objinfo;row=2;l_id=89)
[src/runtime/RuntimeContext.cpp:1485][APP - INFO] SMG semantic event sequence:stage_host_initialized (host=StarPiece;stage=HeavensDoorGalaxy)
[src/runtime/RuntimeContext.cpp:1485][APP - INFO] SMG semantic event placement:stage_object (stage=HeavensDoorMysteriousZone;zone=HeavensDoorMysteriousZone;zone_id=5;scenario=1;layer=layera;table=jmp/placement/layera/objinfo;object=StarPiece;factory=created_model_fallback;support_reason=direct_object_archive_model;common_path_id=-1;rail_info_attached=false;rail_path_row=-1;rail_point_count=0;rail_first_point=none;model_archive=StarPiece;object_archive=/ObjectData/StarPiece.arc)
[src/runtime/RuntimeContext.cpp:1485][APP - INFO] SMG semantic event name_obj_lifecycle:archive_request (object=StarPiece;archive=StarPiece;kind=object;loaded=true;disc_path=StarPiece.arc)
[src/runtime/RuntimeContext.cpp:1485][APP - INFO] SMG semantic event name_obj_lifecycle:connect_to_scene (object=StarPiece;kind=live_actor_model;movement=34;calc_anim=5;draw_buffer=8;draw_type=-1)
[src/runtime/RuntimeContext.cpp:1413][APP - INFO] Registered effect keeper StarPiece group StarPiece capacity 8
[src/runtime/RuntimeContext.cpp:1485][APP - INFO] SMG semantic event name_obj_lifecycle:construct (object=StarPiece;actor=StarPiece)
[src/runtime/RuntimeContext.cpp:1485][APP - INFO] SMG semantic event sequence:stage_host_constructed (host=StarPiece;stage=HeavensDoorGalaxy)
[src/runtime/RuntimeContext.cpp:1485][APP - INFO] SMG semantic event name_obj_lifecycle:init_from_placement (object=StarPiece;stage=HeavensDoorMysteriousZone;zone=HeavensDoorMysteriousZone;table=jmp/placement/layera/objinfo;row=3;l_id=90)
[src/runtime/RuntimeContext.cpp:1485][APP - INFO] SMG semantic event sequence:stage_host_initialized (host=StarPiece;stage=HeavensDoorGalaxy)
[src/runtime/RuntimeContext.cpp:1485][APP - INFO] SMG semantic event placement:stage_object (stage=HeavensDoorMysteriousZone;zone=HeavensDoorMysteriousZone;zone_id=5;scenario=1;layer=layera;table=jmp/placement/layera/objinfo;object=CrystalCageM;factory=created_model_fallback;support_reason=direct_object_archive_model;common_path_id=-1;rail_info_attached=false;rail_path_row=-1;rail_point_count=0;rail_first_point=none;model_archive=CrystalCageM;object_archive=/ObjectData/CrystalCageM.arc)
[src/runtime/RuntimeContext.cpp:1485][APP - INFO] SMG semantic event name_obj_lifecycle:archive_request (object=CrystalCageM;archive=CrystalCageM;kind=object;loaded=true;disc_path=CrystalCageM.arc)
[src/runtime/RuntimeContext.cpp:1485][APP - INFO] SMG semantic event name_obj_lifecycle:archive_request (object=CrystalCageM;archive=CrystalCageSBreak;kind=object;loaded=true;disc_path=CrystalCageSBreak.arc)
[src/runtime/RuntimeContext.cpp:1485][APP - INFO] SMG semantic event name_obj_lifecycle:connect_to_scene (object=CrystalCageM;kind=live_actor_model;movement=34;calc_anim=5;draw_buffer=8;draw_type=-1)
[src/runtime/RuntimeContext.cpp:1413][APP - INFO] Registered effect keeper CrystalCageM group CrystalCageM capacity 8
[src/runtime/RuntimeContext.cpp:1485][APP - INFO] SMG semantic event name_obj_lifecycle:construct (object=CrystalCageM;actor=CrystalCageM)
[src/runtime/RuntimeContext.cpp:1485][APP - INFO] SMG semantic event sequence:stage_host_constructed (host=CrystalCageM;stage=HeavensDoorGalaxy)
[src/runtime/RuntimeContext.cpp:1485][APP - INFO] SMG semantic event name_obj_lifecycle:init_from_placement (object=CrystalCageM;stage=HeavensDoorMysteriousZone;zone=HeavensDoorMysteriousZone;table=jmp/placement/layera/objinfo;row=4;l_id=71)
[src/runtime/RuntimeContext.cpp:1485][APP - INFO] SMG semantic event sequence:stage_host_initialized (host=CrystalCageM;stage=HeavensDoorGalaxy)
[src/runtime/RuntimeContext.cpp:1485][APP - INFO] SMG semantic event placement:stage_object (stage=HeavensDoorMysteriousZone;zone=HeavensDoorMysteriousZone;zone_id=5;scenario=1;layer=layera;table=jmp/placement/layera/objinfo;object=CrystalCageM;factory=created_model_fallback;support_reason=direct_object_archive_model;common_path_id=-1;rail_info_attached=false;rail_path_row=-1;rail_point_count=0;rail_first_point=none;model_archive=CrystalCageM;object_archive=/ObjectData/CrystalCageM.arc)
[src/runtime/RuntimeContext.cpp:1485][APP - INFO] SMG semantic event name_obj_lifecycle:archive_request (object=CrystalCageM;archive=CrystalCageM;kind=object;loaded=true;disc_path=CrystalCageM.arc)
[src/runtime/RuntimeContext.cpp:1485][APP - INFO] SMG semantic event name_obj_lifecycle:archive_request (object=CrystalCageM;archive=CrystalCageSBreak;kind=object;loaded=true;disc_path=CrystalCageSBreak.arc)
[src/runtime/RuntimeContext.cpp:1485][APP - INFO] SMG semantic event name_obj_lifecycle:connect_to_scene (object=CrystalCageM;kind=live_actor_model;movement=34;calc_anim=5;draw_buffer=8;draw_type=-1)
[src/runtime/RuntimeContext.cpp:1413][APP - INFO] Registered effect keeper CrystalCageM group CrystalCageM capacity 8
[src/runtime/RuntimeContext.cpp:1485][APP - INFO] SMG semantic event name_obj_lifecycle:construct (object=CrystalCageM;actor=CrystalCageM)
[src/runtime/RuntimeContext.cpp:1485][APP - INFO] SMG semantic event sequence:stage_host_constructed (host=CrystalCageM;stage=HeavensDoorGalaxy)
[src/runtime/RuntimeContext.cpp:1485][APP - INFO] SMG semantic event name_obj_lifecycle:init_from_placement (object=CrystalCageM;stage=HeavensDoorMysteriousZone;zone=HeavensDoorMysteriousZone;table=jmp/placement/layera/objinfo;row=5;l_id=72)
[src/runtime/RuntimeContext.cpp:1485][APP - INFO] SMG semantic event sequence:stage_host_initialized (host=CrystalCageM;stage=HeavensDoorGalaxy)
[src/runtime/RuntimeContext.cpp:1485][APP - INFO] SMG semantic event placement:stage_object (stage=HeavensDoorMysteriousZone;zone=HeavensDoorMysteriousZone;zone_id=5;scenario=1;layer=layera;table=jmp/placement/layera/objinfo;object=CrystalCageM;factory=created_model_fallback;support_reason=direct_object_archive_model;common_path_id=-1;rail_info_attached=false;rail_path_row=-1;rail_point_count=0;rail_first_point=none;model_archive=CrystalCageM;object_archive=/ObjectData/CrystalCageM.arc)
[src/runtime/RuntimeContext.cpp:1485][APP - INFO] SMG semantic event name_obj_lifecycle:archive_request (object=CrystalCageM;archive=CrystalCageM;kind=object;loaded=true;disc_path=CrystalCageM.arc)
[src/runtime/RuntimeContext.cpp:1485][APP - INFO] SMG semantic event name_obj_lifecycle:archive_request (object=CrystalCageM;archive=CrystalCageSBreak;kind=object;loaded=true;disc_path=CrystalCageSBreak.arc)
[src/runtime/RuntimeContext.cpp:1485][APP - INFO] SMG semantic event name_obj_lifecycle:connect_to_scene (object=CrystalCageM;kind=live_actor_model;movement=34;calc_anim=5;draw_buffer=8;draw_type=-1)
[src/runtime/RuntimeContext.cpp:1413][APP - INFO] Registered effect keeper CrystalCageM group CrystalCageM capacity 8
[src/runtime/RuntimeContext.cpp:1485][APP - INFO] SMG semantic event name_obj_lifecycle:construct (object=CrystalCageM;actor=CrystalCageM)
[src/runtime/RuntimeContext.cpp:1485][APP - INFO] SMG semantic event sequence:stage_host_constructed (host=CrystalCageM;stage=HeavensDoorGalaxy)
[src/runtime/RuntimeContext.cpp:1485][APP - INFO] SMG semantic event name_obj_lifecycle:init_from_placement (object=CrystalCageM;stage=HeavensDoorMysteriousZone;zone=HeavensDoorMysteriousZone;table=jmp/placement/layera/objinfo;row=6;l_id=73)
[src/runtime/RuntimeContext.cpp:1485][APP - INFO] SMG semantic event sequence:stage_host_initialized (host=CrystalCageM;stage=HeavensDoorGalaxy)
[src/runtime/RuntimeContext.cpp:1485][APP - INFO] SMG semantic event placement:stage_object (stage=HeavensDoorMysteriousZone;zone=HeavensDoorMysteriousZone;zone_id=5;scenario=1;layer=layera;table=jmp/placement/layera/objinfo;object=Tico;factory=created_model_fallback;support_reason=direct_object_archive_model;common_path_id=-1;rail_info_attached=false;rail_path_row=-1;rail_point_count=0;rail_first_point=none;model_archive=Tico;object_archive=/ObjectData/Tico.arc)
[src/runtime/RuntimeContext.cpp:1485][APP - INFO] SMG semantic event name_obj_lifecycle:archive_request (object=Tico;archive=Tico;kind=object;loaded=true;disc_path=Tico.arc)
[src/runtime/RuntimeContext.cpp:1485][APP - INFO] SMG semantic event name_obj_lifecycle:connect_to_scene (object=Tico;kind=live_actor_model;movement=34;calc_anim=5;draw_buffer=8;draw_type=-1)
[src/runtime/RuntimeContext.cpp:1413][APP - INFO] Registered effect keeper Tico group Tico capacity 8
[src/runtime/RuntimeContext.cpp:1485][APP - INFO] SMG semantic event name_obj_lifecycle:construct (object=Tico;actor=Tico)
[src/runtime/RuntimeContext.cpp:1485][APP - INFO] SMG semantic event sequence:stage_host_constructed (host=Tico;stage=HeavensDoorGalaxy)
[src/runtime/RuntimeContext.cpp:1485][APP - INFO] SMG semantic event name_obj_lifecycle:init_from_placement (object=Tico;stage=HeavensDoorMysteriousZone;zone=HeavensDoorMysteriousZone;table=jmp/placement/layera/objinfo;row=7;l_id=65)
[src/runtime/RuntimeContext.cpp:1485][APP - INFO] SMG semantic event sequence:stage_host_initialized (host=Tico;stage=HeavensDoorGalaxy)
[src/runtime/RuntimeContext.cpp:1485][APP - INFO] SMG semantic event placement:stage_object (stage=HeavensDoorMysteriousZone;zone=HeavensDoorMysteriousZone;zone_id=5;scenario=1;layer=layera;table=jmp/placement/layera/objinfo;object=DemoRabbit;factory=created;support_reason=original_factory;common_path_id=0;rail_info_attached=true;rail_path_row=0;rail_point_count=5;rail_first_point=15472.223633,-12853.101562,6202.444336;model_archive=DemoRabbit;object_archive=)
[src/runtime/RuntimeContext.cpp:1485][APP - INFO] SMG semantic event name_obj_lifecycle:archive_request (object=DemoRabbit;archive=TrickRabbitBaby;kind=object;loaded=true;disc_path=TrickRabbitBaby.arc)
[src/runtime/RuntimeContext.cpp:1485][APP - INFO] SMG semantic event name_obj_lifecycle:construct (object=DemoRabbit;actor=DemoRabbit)
[src/runtime/RuntimeContext.cpp:1485][APP - INFO] SMG semantic event sequence:stage_host_constructed (host=DemoRabbit;stage=HeavensDoorGalaxy)
[src/runtime/RuntimeContext.cpp:1485][APP - INFO] SMG semantic event name_obj_lifecycle:init_from_placement (object=DemoRabbit;stage=HeavensDoorMysteriousZone;zone=HeavensDoorMysteriousZone;table=jmp/placement/layera/objinfo;row=8;l_id=66)
[src/runtime/RuntimeContext.cpp:1485][APP - INFO] SMG semantic event demo:cast_registered (actor=DemoRabbit;group=0;cast=0)
[src/runtime/RuntimeContext.cpp:1485][APP - INFO] SMG semantic event demo:nerve_registered (actor=DemoRabbit;group=0;cast=0;action=チコとの出会い[ウサギ会話])
[src/runtime/RuntimeContext.cpp:1485][APP - INFO] SMG semantic event demo:nerve_registered (actor=DemoRabbit;group=0;cast=0;action=チコとの出会い[ウサギ逃走])
[src/runtime/RuntimeContext.cpp:1485][APP - INFO] SMG semantic event demo:functor_registered (actor=DemoRabbit;group=0;cast=0;action=ウサギ追いかけ[フェードアウト])
[src/runtime/RuntimeContext.cpp:1485][APP - INFO] SMG semantic event demo:functor_registered (actor=DemoRabbit;group=0;cast=0;action=ウサギ追いかけ[フェードイン])
[src/runtime/RuntimeContext.cpp:1485][APP - INFO] SMG semantic event demo:nerve_registered (actor=DemoRabbit;group=0;cast=0;action=ウサギ追いかけ[会話])
[src/runtime/RuntimeContext.cpp:1485][APP - INFO] SMG semantic event demo:nerve_registered (actor=DemoRabbit;group=0;cast=0;action=ウサギ追いかけ[逃走])
[src/runtime/RuntimeContext.cpp:1485][APP - INFO] SMG semantic event name_obj_lifecycle:connect_to_scene (object=DemoRabbit;kind=live_actor_model;movement=40;calc_anim=6;draw_buffer=16;draw_type=-1)
[src/runtime/RuntimeContext.cpp:1413][APP - INFO] Registered effect keeper DemoRabbit group TrickRabbitBaby capacity 0
[src/runtime/RuntimeContext.cpp:1485][APP - INFO] SMG semantic event sequence:stage_host_initialized (host=DemoRabbit;stage=HeavensDoorGalaxy)
[src/runtime/RuntimeContext.cpp:1485][APP - INFO] SMG semantic event placement:stage_object (stage=HeavensDoorMysteriousZone;zone=HeavensDoorMysteriousZone;zone_id=5;scenario=1;layer=layera;table=jmp/placement/layera/objinfo;object=DemoRabbit;factory=created;support_reason=original_factory;common_path_id=-1;rail_info_attached=false;rail_path_row=-1;rail_point_count=0;rail_first_point=none;model_archive=DemoRabbit;object_archive=)
[src/runtime/RuntimeContext.cpp:1485][APP - INFO] SMG semantic event name_obj_lifecycle:archive_request (object=DemoRabbit;archive=TrickRabbit;kind=object;loaded=true;disc_path=TrickRabbit.arc)
[src/runtime/RuntimeContext.cpp:1485][APP - INFO] SMG semantic event name_obj_lifecycle:construct (object=DemoRabbit;actor=DemoRabbit)
[src/runtime/RuntimeContext.cpp:1485][APP - INFO] SMG semantic event sequence:stage_host_constructed (host=DemoRabbit;stage=HeavensDoorGalaxy)
[src/runtime/RuntimeContext.cpp:1485][APP - INFO] SMG semantic event name_obj_lifecycle:init_from_placement (object=DemoRabbit;stage=HeavensDoorMysteriousZone;zone=HeavensDoorMysteriousZone;table=jmp/placement/layera/objinfo;row=9;l_id=67)
[src/runtime/RuntimeContext.cpp:1485][APP - INFO] SMG semantic event demo:cast_registered (actor=DemoRabbit;group=0;cast=1)
[src/runtime/RuntimeContext.cpp:1485][APP - INFO] SMG semantic event demo:nerve_registered (actor=DemoRabbit;group=0;cast=1;action=ウサギ追いかけ[逃走])
[src/runtime/RuntimeContext.cpp:1485][APP - INFO] SMG semantic event name_obj_lifecycle:connect_to_scene (object=DemoRabbit;kind=live_actor_model;movement=40;calc_anim=6;draw_buffer=16;draw_type=-1)
[src/runtime/RuntimeContext.cpp:1413][APP - INFO] Registered effect keeper DemoRabbit group TrickRabbit capacity 0
[src/runtime/RuntimeContext.cpp:1485][APP - INFO] SMG semantic event sequence:stage_host_initialized (host=DemoRabbit;stage=HeavensDoorGalaxy)
[src/runtime/RuntimeContext.cpp:1485][APP - INFO] SMG semantic event placement:stage_object (stage=HeavensDoorMysteriousZone;zone=HeavensDoorMysteriousZone;zone_id=5;scenario=1;layer=layera;table=jmp/placement/layera/objinfo;object=DemoRabbit;factory=created;support_reason=original_factory;common_path_id=-1;rail_info_attached=false;rail_path_row=-1;rail_point_count=0;rail_first_point=none;model_archive=DemoRabbit;object_archive=)
[src/runtime/RuntimeContext.cpp:1485][APP - INFO] SMG semantic event name_obj_lifecycle:archive_request (object=DemoRabbit;archive=TrickRabbit;kind=object;loaded=true;disc_path=TrickRabbit.arc)
[src/runtime/RuntimeContext.cpp:1485][APP - INFO] SMG semantic event name_obj_lifecycle:construct (object=DemoRabbit;actor=DemoRabbit)
[src/runtime/RuntimeContext.cpp:1485][APP - INFO] SMG semantic event sequence:stage_host_constructed (host=DemoRabbit;stage=HeavensDoorGalaxy)
[src/runtime/RuntimeContext.cpp:1485][APP - INFO] SMG semantic event name_obj_lifecycle:init_from_placement (object=DemoRabbit;stage=HeavensDoorMysteriousZone;zone=HeavensDoorMysteriousZone;table=jmp/placement/layera/objinfo;row=10;l_id=68)
[src/runtime/RuntimeContext.cpp:1485][APP - INFO] SMG semantic event demo:cast_registered (actor=DemoRabbit;group=0;cast=2)
[src/runtime/RuntimeContext.cpp:1485][APP - INFO] SMG semantic event demo:nerve_registered (actor=DemoRabbit;group=0;cast=2;action=ウサギ追いかけ[逃走])
[src/runtime/RuntimeContext.cpp:1485][APP - INFO] SMG semantic event name_obj_lifecycle:connect_to_scene (object=DemoRabbit;kind=live_actor_model;movement=40;calc_anim=6;draw_buffer=16;draw_type=-1)
[src/runtime/RuntimeContext.cpp:1413][APP - INFO] Registered effect keeper DemoRabbit group TrickRabbit capacity 0
[src/runtime/RuntimeContext.cpp:1485][APP - INFO] SMG semantic event sequence:stage_host_initialized (host=DemoRabbit;stage=HeavensDoorGalaxy)
[src/runtime/RuntimeContext.cpp:1485][APP - INFO] SMG semantic event placement:stage_object (stage=HeavensDoorMysteriousZone;zone=HeavensDoorMysteriousZone;zone_id=5;scenario=1;layer=layera;table=jmp/placement/layera/objinfo;object=RunawayRabbitCollect;factory=created_alias_model_fallback;support_reason=original_archive_model;common_path_id=-1;rail_info_attached=false;rail_path_row=-1;rail_point_count=0;rail_first_point=none;model_archive=TrickRabbit;object_archive=)
[src/runtime/RuntimeContext.cpp:1485][APP - INFO] SMG semantic event name_obj_lifecycle:archive_request (object=RunawayRabbitCollect;archive=TrickRabbit;kind=object;loaded=true;disc_path=TrickRabbit.arc)
[src/runtime/RuntimeContext.cpp:1485][APP - INFO] SMG semantic event name_obj_lifecycle:archive_request (object=RunawayRabbitCollect;archive=SpotMarkLight;kind=object;loaded=true;disc_path=SpotMarkLight.arc)
[src/runtime/RuntimeContext.cpp:1485][APP - INFO] SMG semantic event name_obj_lifecycle:archive_request (object=RunawayRabbitCollect;archive=Tico;kind=object;loaded=true;disc_path=Tico.arc)
[src/runtime/RuntimeContext.cpp:1485][APP - INFO] SMG semantic event name_obj_lifecycle:archive_request (object=RunawayRabbitCollect;archive=TicoBaby;kind=object;loaded=true;disc_path=TicoBaby.arc)
[src/runtime/RuntimeContext.cpp:1485][APP - INFO] SMG semantic event name_obj_lifecycle:archive_request (object=RunawayRabbitCollect;archive=TrickRabbitBaby;kind=object;loaded=true;disc_path=TrickRabbitBaby.arc)
[src/runtime/RuntimeContext.cpp:1485][APP - INFO] SMG semantic event name_obj_lifecycle:connect_to_scene (object=RunawayRabbitCollect;kind=live_actor_model;movement=34;calc_anim=5;draw_buffer=8;draw_type=-1)
[src/runtime/RuntimeContext.cpp:1413][APP - INFO] Registered effect keeper RunawayRabbitCollect group TrickRabbit capacity 8
[src/runtime/RuntimeContext.cpp:1485][APP - INFO] SMG semantic event name_obj_lifecycle:construct (object=RunawayRabbitCollect;actor=RunawayRabbitCollect)
[src/runtime/RuntimeContext.cpp:1485][APP - INFO] SMG semantic event sequence:stage_host_constructed (host=RunawayRabbitCollect;stage=HeavensDoorGalaxy)
[src/runtime/RuntimeContext.cpp:1485][APP - INFO] SMG semantic event name_obj_lifecycle:init_from_placement (object=RunawayRabbitCollect;stage=HeavensDoorMysteriousZone;zone=HeavensDoorMysteriousZone;table=jmp/placement/layera/objinfo;row=11;l_id=4)
[src/runtime/RuntimeContext.cpp:1485][APP - INFO] SMG semantic event sequence:stage_host_initialized (host=RunawayRabbitCollect;stage=HeavensDoorGalaxy)
[src/runtime/RuntimeContext.cpp:1485][APP - INFO] SMG semantic event placement:stage_object (stage=HeavensDoorMysteriousZone;zone=HeavensDoorMysteriousZone;zone_id=5;scenario=1;layer=layera;table=jmp/placement/layera/objinfo;object=Rosetta;factory=created_model_fallback;support_reason=direct_object_archive_model;common_path_id=-1;rail_info_attached=false;rail_path_row=-1;rail_point_count=0;rail_first_point=none;model_archive=Rosetta;object_archive=/ObjectData/Rosetta.arc)
[src/runtime/RuntimeContext.cpp:1485][APP - INFO] SMG semantic event name_obj_lifecycle:archive_request (object=Rosetta;archive=Rosetta;kind=object;loaded=true;disc_path=Rosetta.arc)
[src/runtime/RuntimeContext.cpp:1485][APP - INFO] SMG semantic event name_obj_lifecycle:connect_to_scene (object=Rosetta;kind=live_actor_model;movement=34;calc_anim=5;draw_buffer=8;draw_type=-1)
[src/runtime/RuntimeContext.cpp:1413][APP - INFO] Registered effect keeper Rosetta group Rosetta capacity 8
[src/runtime/RuntimeContext.cpp:1485][APP - INFO] SMG semantic event name_obj_lifecycle:construct (object=Rosetta;actor=Rosetta)
[src/runtime/RuntimeContext.cpp:1485][APP - INFO] SMG semantic event sequence:stage_host_constructed (host=Rosetta;stage=HeavensDoorGalaxy)
[src/runtime/RuntimeContext.cpp:1485][APP - INFO] SMG semantic event name_obj_lifecycle:init_from_placement (object=Rosetta;stage=HeavensDoorMysteriousZone;zone=HeavensDoorMysteriousZone;table=jmp/placement/layera/objinfo;row=12;l_id=28)
[src/runtime/RuntimeContext.cpp:1485][APP - INFO] SMG semantic event sequence:stage_host_initialized (host=Rosetta;stage=HeavensDoorGalaxy)
[src/runtime/RuntimeContext.cpp:1485][APP - INFO] SMG semantic event placement:stage_object (stage=HeavensDoorMysteriousZone;zone=HeavensDoorMysteriousZone;zone_id=5;scenario=1;layer=layera;table=jmp/placement/layera/objinfo;object=TicoBaby;factory=created_model_fallback;support_reason=direct_object_archive_model;common_path_id=-1;rail_info_attached=false;rail_path_row=-1;rail_point_count=0;rail_first_point=none;model_archive=TicoBaby;object_archive=/ObjectData/TicoBaby.arc)
[src/runtime/RuntimeContext.cpp:1485][APP - INFO] SMG semantic event name_obj_lifecycle:archive_request (object=TicoBaby;archive=TicoBaby;kind=object;loaded=true;disc_path=TicoBaby.arc)
[src/runtime/RuntimeContext.cpp:1485][APP - INFO] SMG semantic event name_obj_lifecycle:connect_to_scene (object=TicoBaby;kind=live_actor_model;movement=34;calc_anim=5;draw_buffer=8;draw_type=-1)
[src/runtime/RuntimeContext.cpp:1413][APP - INFO] Registered effect keeper TicoBaby group TicoBaby capacity 8
[src/runtime/RuntimeContext.cpp:1485][APP - INFO] SMG semantic event name_obj_lifecycle:construct (object=TicoBaby;actor=TicoBaby)
[src/runtime/RuntimeContext.cpp:1485][APP - INFO] SMG semantic event sequence:stage_host_constructed (host=TicoBaby;stage=HeavensDoorGalaxy)
[src/runtime/RuntimeContext.cpp:1485][APP - INFO] SMG semantic event name_obj_lifecycle:init_from_placement (object=TicoBaby;stage=HeavensDoorMysteriousZone;zone=HeavensDoorMysteriousZone;table=jmp/placement/layera/objinfo;row=13;l_id=45)
[src/runtime/RuntimeContext.cpp:1485][APP - INFO] SMG semantic event sequence:stage_host_initialized (host=TicoBaby;stage=HeavensDoorGalaxy)
[src/runtime/RuntimeContext.cpp:1485][APP - INFO] SMG semantic event placement:stage_object (stage=HeavensDoorMysteriousZone;zone=HeavensDoorMysteriousZone;zone_id=5;scenario=1;layer=layera;table=jmp/placement/layera/objinfo;object=HeavensDoorAppearStepA;factory=created_model_fallback;support_reason=direct_object_archive_model;common_path_id=-1;rail_info_attached=false;rail_path_row=-1;rail_point_count=0;rail_first_point=none;model_archive=HeavensDoorAppearStepA;object_archive=/ObjectData/HeavensDoorAppearStepA.arc)
[src/runtime/RuntimeContext.cpp:1485][APP - INFO] SMG semantic event name_obj_lifecycle:archive_request (object=HeavensDoorAppearStepA;archive=HeavensDoorAppearStepA;kind=object;loaded=true;disc_path=HeavensDoorAppearStepA.arc)
[src/runtime/RuntimeContext.cpp:1485][APP - INFO] SMG semantic event name_obj_lifecycle:connect_to_scene (object=HeavensDoorAppearStepA;kind=live_actor_model;movement=34;calc_anim=5;draw_buffer=8;draw_type=-1)
[src/runtime/RuntimeContext.cpp:1413][APP - INFO] Registered effect keeper HeavensDoorAppearStepA group HeavensDoorAppearStepA capacity 8
[src/runtime/RuntimeContext.cpp:1485][APP - INFO] SMG semantic event name_obj_lifecycle:construct (object=HeavensDoorAppearStepA;actor=HeavensDoorAppearStepA)
[src/runtime/RuntimeContext.cpp:1485][APP - INFO] SMG semantic event sequence:stage_host_constructed (host=HeavensDoorAppearStepA;stage=HeavensDoorGalaxy)
[src/runtime/RuntimeContext.cpp:1485][APP - INFO] SMG semantic event name_obj_lifecycle:init_from_placement (object=HeavensDoorAppearStepA;stage=HeavensDoorMysteriousZone;zone=HeavensDoorMysteriousZone;table=jmp/placement/layera/objinfo;row=14;l_id=82)
[src/runtime/RuntimeContext.cpp:1485][APP - INFO] SMG semantic event sequence:stage_host_initialized (host=HeavensDoorAppearStepA;stage=HeavensDoorGalaxy)
[src/runtime/RuntimeContext.cpp:1485][APP - INFO] SMG semantic event placement:stage_object (stage=HeavensDoorMysteriousZone;zone=HeavensDoorMysteriousZone;zone_id=5;scenario=1;layer=layera;table=jmp/placement/layera/planetobjinfo;object=GlobalPlaneGravity;factory=ignored;support_reason=non_renderable_placement_helper_table;common_path_id=-1;rail_info_attached=false;rail_path_row=-1;rail_point_count=0;rail_first_point=none;model_archive=;object_archive=)
[src/runtime/RuntimeContext.cpp:1485][APP - INFO] SMG semantic event placement:stage_object (stage=HeavensDoorSmallZone;zone=HeavensDoorSmallZone;zone_id=6;scenario=1;layer=common;table=jmp/placement/common/areaobjinfo;object=BlueStarGuidanceCube;factory=ignored;support_reason=non_renderable_placement_helper_table;common_path_id=-1;rail_info_attached=false;rail_path_row=-1;rail_point_count=0;rail_first_point=none;model_archive=;object_archive=)
[src/runtime/RuntimeContext.cpp:1485][APP - INFO] SMG semantic event placement:stage_object (stage=HeavensDoorSmallZone;zone=HeavensDoorSmallZone;zone_id=6;scenario=1;layer=common;table=jmp/placement/common/areaobjinfo;object=MessageAreaCube;factory=ignored;support_reason=non_renderable_placement_helper_table;common_path_id=-1;rail_info_attached=false;rail_path_row=-1;rail_point_count=0;rail_first_point=none;model_archive=;object_archive=)
[src/runtime/RuntimeContext.cpp:1485][APP - INFO] SMG semantic event placement:stage_object (stage=HeavensDoorSmallZone;zone=HeavensDoorSmallZone;zone_id=6;scenario=1;layer=common;table=jmp/placement/common/areaobjinfo;object=SpinGuidanceCube;factory=ignored;support_reason=non_renderable_placement_helper_table;common_path_id=-1;rail_info_attached=false;rail_path_row=-1;rail_point_count=0;rail_first_point=none;model_archive=;object_archive=)
[src/runtime/RuntimeContext.cpp:1485][APP - INFO] SMG semantic event placement:stage_object (stage=HeavensDoorSmallZone;zone=HeavensDoorSmallZone;zone_id=6;scenario=1;layer=common;table=jmp/placement/common/cameracubeinfo;object=CubeCameraSphere;factory=ignored;support_reason=non_renderable_placement_helper_table;common_path_id=-1;rail_info_attached=false;rail_path_row=-1;rail_point_count=0;rail_first_point=none;model_archive=;object_archive=)
[src/runtime/RuntimeContext.cpp:1485][APP - INFO] SMG semantic event placement:stage_object (stage=HeavensDoorSmallZone;zone=HeavensDoorSmallZone;zone_id=6;scenario=1;layer=common;table=jmp/placement/common/cameracubeinfo;object=CubeCameraCylinder;factory=ignored;support_reason=non_renderable_placement_helper_table;common_path_id=-1;rail_info_attached=false;rail_path_row=-1;rail_point_count=0;rail_first_point=none;model_archive=;object_archive=)
[src/runtime/RuntimeContext.cpp:1485][APP - INFO] SMG semantic event placement:stage_object (stage=HeavensDoorSmallZone;zone=HeavensDoorSmallZone;zone_id=6;scenario=1;layer=common;table=jmp/placement/common/cameracubeinfo;object=CubeCameraBox;factory=ignored;support_reason=non_renderable_placement_helper_table;common_path_id=-1;rail_info_attached=false;rail_path_row=-1;rail_point_count=0;rail_first_point=none;model_archive=;object_archive=)
[src/runtime/RuntimeContext.cpp:1485][APP - INFO] SMG semantic event placement:stage_object (stage=HeavensDoorSmallZone;zone=HeavensDoorSmallZone;zone_id=6;scenario=1;layer=common;table=jmp/placement/common/cameracubeinfo;object=CubeCameraCylinder;factory=ignored;support_reason=non_renderable_placement_helper_table;common_path_id=-1;rail_info_attached=false;rail_path_row=-1;rail_point_count=0;rail_first_point=none;model_archive=;object_archive=)
[src/runtime/RuntimeContext.cpp:1485][APP - INFO] SMG semantic event placement:stage_object (stage=HeavensDoorSmallZone;zone=HeavensDoorSmallZone;zone_id=6;scenario=1;layer=common;table=jmp/placement/common/objinfo;object=GroupSwitchWatcher;factory=created;support_reason=original_factory;common_path_id=-1;rail_info_attached=false;rail_path_row=-1;rail_point_count=0;rail_first_point=none;model_archive=GroupSwitchWatcher;object_archive=)
[src/runtime/RuntimeContext.cpp:1485][APP - INFO] SMG semantic event name_obj_lifecycle:construct (object=GroupSwitchWatcher;actor=GroupSwitchWatcher)
[src/runtime/RuntimeContext.cpp:1485][APP - INFO] SMG semantic event sequence:stage_host_constructed (host=GroupSwitchWatcher;stage=HeavensDoorGalaxy)
[src/runtime/RuntimeContext.cpp:1485][APP - INFO] SMG semantic event name_obj_lifecycle:init_from_placement (object=GroupSwitchWatcher;stage=HeavensDoorSmallZone;zone=HeavensDoorSmallZone;table=jmp/placement/common/objinfo;row=0;l_id=6)
[src/runtime/RuntimeContext.cpp:1485][APP - INFO] SMG semantic event name_obj_lifecycle:connect_to_scene (object=GroupSwitchWatcher;kind=name_obj;movement=34;calc_anim=-1;draw_buffer=-1;draw_type=-1)
[src/runtime/RuntimeContext.cpp:1485][APP - INFO] SMG semantic event sequence:stage_host_initialized (host=GroupSwitchWatcher;stage=HeavensDoorGalaxy)
[src/runtime/RuntimeContext.cpp:1485][APP - INFO] SMG semantic event placement:stage_object (stage=HeavensDoorSmallZone;zone=HeavensDoorSmallZone;zone_id=6;scenario=1;layer=common;table=jmp/placement/common/objinfo;object=Tico;factory=created_model_fallback;support_reason=direct_object_archive_model;common_path_id=0;rail_info_attached=true;rail_path_row=0;rail_point_count=2;rail_first_point=6680.986328,2965.474609,-5309.608398;model_archive=Tico;object_archive=/ObjectData/Tico.arc)
[src/runtime/RuntimeContext.cpp:1485][APP - INFO] SMG semantic event name_obj_lifecycle:archive_request (object=Tico;archive=Tico;kind=object;loaded=true;disc_path=Tico.arc)
[src/runtime/RuntimeContext.cpp:1485][APP - INFO] SMG semantic event name_obj_lifecycle:connect_to_scene (object=Tico;kind=live_actor_model;movement=34;calc_anim=5;draw_buffer=8;draw_type=-1)
[src/runtime/RuntimeContext.cpp:1413][APP - INFO] Registered effect keeper Tico group Tico capacity 8
[src/runtime/RuntimeContext.cpp:1485][APP - INFO] SMG semantic event name_obj_lifecycle:construct (object=Tico;actor=Tico)
[src/runtime/RuntimeContext.cpp:1485][APP - INFO] SMG semantic event sequence:stage_host_constructed (host=Tico;stage=HeavensDoorGalaxy)
[src/runtime/RuntimeContext.cpp:1485][APP - INFO] SMG semantic event name_obj_lifecycle:init_from_placement (object=Tico;stage=HeavensDoorSmallZone;zone=HeavensDoorSmallZone;table=jmp/placement/common/objinfo;row=1;l_id=9)
[src/runtime/RuntimeContext.cpp:1485][APP - INFO] SMG semantic event sequence:stage_host_initialized (host=Tico;stage=HeavensDoorGalaxy)
[src/runtime/RuntimeContext.cpp:1485][APP - INFO] SMG semantic event placement:stage_object (stage=HeavensDoorSmallZone;zone=HeavensDoorSmallZone;zone_id=6;scenario=1;layer=common;table=jmp/placement/common/objinfo;object=CapsuleCage;factory=created_model_fallback;support_reason=direct_object_archive_model;common_path_id=-1;rail_info_attached=false;rail_path_row=-1;rail_point_count=0;rail_first_point=none;model_archive=CapsuleCage;object_archive=/ObjectData/CapsuleCage.arc)
[src/runtime/RuntimeContext.cpp:1485][APP - INFO] SMG semantic event name_obj_lifecycle:archive_request (object=CapsuleCage;archive=CapsuleCage;kind=object;loaded=true;disc_path=CapsuleCage.arc)
[src/runtime/RuntimeContext.cpp:1485][APP - INFO] SMG semantic event name_obj_lifecycle:connect_to_scene (object=CapsuleCage;kind=live_actor_model;movement=34;calc_anim=5;draw_buffer=8;draw_type=-1)
[src/runtime/RuntimeContext.cpp:1413][APP - INFO] Registered effect keeper CapsuleCage group CapsuleCage capacity 8
[src/runtime/RuntimeContext.cpp:1485][APP - INFO] SMG semantic event name_obj_lifecycle:construct (object=CapsuleCage;actor=CapsuleCage)
[src/runtime/RuntimeContext.cpp:1485][APP - INFO] SMG semantic event sequence:stage_host_constructed (host=CapsuleCage;stage=HeavensDoorGalaxy)
[src/runtime/RuntimeContext.cpp:1485][APP - INFO] SMG semantic event name_obj_lifecycle:init_from_placement (object=CapsuleCage;stage=HeavensDoorSmallZone;zone=HeavensDoorSmallZone;table=jmp/placement/common/objinfo;row=2;l_id=16)
[src/runtime/RuntimeContext.cpp:1485][APP - INFO] SMG semantic event sequence:stage_host_initialized (host=CapsuleCage;stage=HeavensDoorGalaxy)
[src/runtime/RuntimeContext.cpp:1485][APP - INFO] SMG semantic event placement:stage_object (stage=HeavensDoorSmallZone;zone=HeavensDoorSmallZone;zone_id=6;scenario=1;layer=common;table=jmp/placement/common/objinfo;object=ExterminationKuriboKeySwitch;factory=created_alias_model_fallback;support_reason=original_archive_model;common_path_id=-1;rail_info_attached=false;rail_path_row=-1;rail_point_count=0;rail_first_point=none;model_archive=Kuribo;object_archive=)
[src/runtime/RuntimeContext.cpp:1485][APP - INFO] SMG semantic event name_obj_lifecycle:archive_request (object=ExterminationKuriboKeySwitch;archive=Kuribo;kind=object;loaded=true;disc_path=Kuribo.arc)
[src/runtime/RuntimeContext.cpp:1485][APP - INFO] SMG semantic event name_obj_lifecycle:archive_request (object=ExterminationKuriboKeySwitch;archive=KeySwitch;kind=object;loaded=true;disc_path=KeySwitch.arc)
[src/runtime/RuntimeContext.cpp:1485][APP - INFO] SMG semantic event name_obj_lifecycle:connect_to_scene (object=ExterminationKuriboKeySwitch;kind=live_actor_model;movement=34;calc_anim=5;draw_buffer=8;draw_type=-1)
[src/runtime/RuntimeContext.cpp:1413][APP - INFO] Registered effect keeper ExterminationKuriboKeySwitch group Kuribo capacity 8
[src/runtime/RuntimeContext.cpp:1485][APP - INFO] SMG semantic event name_obj_lifecycle:construct (object=ExterminationKuriboKeySwitch;actor=ExterminationKuriboKeySwitch)
[src/runtime/RuntimeContext.cpp:1485][APP - INFO] SMG semantic event sequence:stage_host_constructed (host=ExterminationKuriboKeySwitch;stage=HeavensDoorGalaxy)
[src/runtime/RuntimeContext.cpp:1485][APP - INFO] SMG semantic event name_obj_lifecycle:init_from_placement (object=ExterminationKuriboKeySwitch;stage=HeavensDoorSmallZone;zone=HeavensDoorSmallZone;table=jmp/placement/common/objinfo;row=3;l_id=21)
[src/runtime/RuntimeContext.cpp:1485][APP - INFO] SMG semantic event sequence:stage_host_initialized (host=ExterminationKuriboKeySwitch;stage=HeavensDoorGalaxy)
[src/runtime/RuntimeContext.cpp:1485][APP - INFO] SMG semantic event placement:stage_object (stage=HeavensDoorSmallZone;zone=HeavensDoorSmallZone;zone_id=6;scenario=1;layer=common;table=jmp/placement/common/objinfo;object=HeavensDoorSmallPlanet;factory=created_model_fallback;support_reason=direct_object_archive_model;common_path_id=-1;rail_info_attached=false;rail_path_row=-1;rail_point_count=0;rail_first_point=none;model_archive=HeavensDoorSmallPlanet;object_archive=/ObjectData/HeavensDoorSmallPlanet.arc)
[src/runtime/RuntimeContext.cpp:1485][APP - INFO] SMG semantic event name_obj_lifecycle:archive_request (object=HeavensDoorSmallPlanet;archive=HeavensDoorSmallPlanet;kind=object;loaded=true;disc_path=HeavensDoorSmallPlanet.arc)
[src/runtime/RuntimeContext.cpp:1485][APP - INFO] SMG semantic event name_obj_lifecycle:connect_to_scene (object=HeavensDoorSmallPlanet;kind=live_actor_model;movement=34;calc_anim=5;draw_buffer=8;draw_type=-1)
[src/runtime/RuntimeContext.cpp:1413][APP - INFO] Registered effect keeper HeavensDoorSmallPlanet group HeavensDoorSmallPlanet capacity 8
[src/runtime/RuntimeContext.cpp:1485][APP - INFO] SMG semantic event name_obj_lifecycle:construct (object=HeavensDoorSmallPlanet;actor=HeavensDoorSmallPlanet)
[src/runtime/RuntimeContext.cpp:1485][APP - INFO] SMG semantic event sequence:stage_host_constructed (host=HeavensDoorSmallPlanet;stage=HeavensDoorGalaxy)
[src/runtime/RuntimeContext.cpp:1485][APP - INFO] SMG semantic event name_obj_lifecycle:init_from_placement (object=HeavensDoorSmallPlanet;stage=HeavensDoorSmallZone;zone=HeavensDoorSmallZone;table=jmp/placement/common/objinfo;row=4;l_id=22)
[src/runtime/RuntimeContext.cpp:1485][APP - INFO] SMG semantic event sequence:stage_host_initialized (host=HeavensDoorSmallPlanet;stage=HeavensDoorGalaxy)
[src/runtime/RuntimeContext.cpp:1485][APP - INFO] SMG semantic event placement:stage_object (stage=HeavensDoorSmallZone;zone=HeavensDoorSmallZone;zone_id=6;scenario=1;layer=common;table=jmp/placement/common/objinfo;object=CrystalCageS;factory=created_model_fallback;support_reason=direct_object_archive_model;common_path_id=-1;rail_info_attached=false;rail_path_row=-1;rail_point_count=0;rail_first_point=none;model_archive=CrystalCageS;object_archive=/ObjectData/CrystalCageS.arc)
[src/runtime/RuntimeContext.cpp:1485][APP - INFO] SMG semantic event name_obj_lifecycle:archive_request (object=CrystalCageS;archive=CrystalCageS;kind=object;loaded=true;disc_path=CrystalCageS.arc)
[src/runtime/RuntimeContext.cpp:1485][APP - INFO] SMG semantic event name_obj_lifecycle:archive_request (object=CrystalCageS;archive=CrystalCageSBreak;kind=object;loaded=true;disc_path=CrystalCageSBreak.arc)
[src/runtime/RuntimeContext.cpp:1485][APP - INFO] SMG semantic event name_obj_lifecycle:connect_to_scene (object=CrystalCageS;kind=live_actor_model;movement=34;calc_anim=5;draw_buffer=8;draw_type=-1)
[src/runtime/RuntimeContext.cpp:1413][APP - INFO] Registered effect keeper CrystalCageS group CrystalCageS capacity 8
[src/runtime/RuntimeContext.cpp:1485][APP - INFO] SMG semantic event name_obj_lifecycle:construct (object=CrystalCageS;actor=CrystalCageS)
[src/runtime/RuntimeContext.cpp:1485][APP - INFO] SMG semantic event sequence:stage_host_constructed (host=CrystalCageS;stage=HeavensDoorGalaxy)
[src/runtime/RuntimeContext.cpp:1485][APP - INFO] SMG semantic event name_obj_lifecycle:init_from_placement (object=CrystalCageS;stage=HeavensDoorSmallZone;zone=HeavensDoorSmallZone;table=jmp/placement/common/objinfo;row=5;l_id=17)
[src/runtime/RuntimeContext.cpp:1485][APP - INFO] SMG semantic event sequence:stage_host_initialized (host=CrystalCageS;stage=HeavensDoorGalaxy)
[src/runtime/RuntimeContext.cpp:1485][APP - INFO] SMG semantic event placement:stage_object (stage=HeavensDoorSmallZone;zone=HeavensDoorSmallZone;zone_id=6;scenario=1;layer=common;table=jmp/placement/common/objinfo;object=CrystalCageS;factory=created_model_fallback;support_reason=direct_object_archive_model;common_path_id=-1;rail_info_attached=false;rail_path_row=-1;rail_point_count=0;rail_first_point=none;model_archive=CrystalCageS;object_archive=/ObjectData/CrystalCageS.arc)
[src/runtime/RuntimeContext.cpp:1485][APP - INFO] SMG semantic event name_obj_lifecycle:archive_request (object=CrystalCageS;archive=CrystalCageS;kind=object;loaded=true;disc_path=CrystalCageS.arc)
[src/runtime/RuntimeContext.cpp:1485][APP - INFO] SMG semantic event name_obj_lifecycle:archive_request (object=CrystalCageS;archive=CrystalCageSBreak;kind=object;loaded=true;disc_path=CrystalCageSBreak.arc)
[src/runtime/RuntimeContext.cpp:1485][APP - INFO] SMG semantic event name_obj_lifecycle:connect_to_scene (object=CrystalCageS;kind=live_actor_model;movement=34;calc_anim=5;draw_buffer=8;draw_type=-1)
[src/runtime/RuntimeContext.cpp:1413][APP - INFO] Registered effect keeper CrystalCageS group CrystalCageS capacity 8
[src/runtime/RuntimeContext.cpp:1485][APP - INFO] SMG semantic event name_obj_lifecycle:construct (object=CrystalCageS;actor=CrystalCageS)
[src/runtime/RuntimeContext.cpp:1485][APP - INFO] SMG semantic event sequence:stage_host_constructed (host=CrystalCageS;stage=HeavensDoorGalaxy)
[src/runtime/RuntimeContext.cpp:1485][APP - INFO] SMG semantic event name_obj_lifecycle:init_from_placement (object=CrystalCageS;stage=HeavensDoorSmallZone;zone=HeavensDoorSmallZone;table=jmp/placement/common/objinfo;row=6;l_id=18)
[src/runtime/RuntimeContext.cpp:1485][APP - INFO] SMG semantic event sequence:stage_host_initialized (host=CrystalCageS;stage=HeavensDoorGalaxy)
[src/runtime/RuntimeContext.cpp:1485][APP - INFO] SMG semantic event placement:stage_object (stage=HeavensDoorSmallZone;zone=HeavensDoorSmallZone;zone_id=6;scenario=1;layer=common;table=jmp/placement/common/objinfo;object=CrystalCageS;factory=created_model_fallback;support_reason=direct_object_archive_model;common_path_id=-1;rail_info_attached=false;rail_path_row=-1;rail_point_count=0;rail_first_point=none;model_archive=CrystalCageS;object_archive=/ObjectData/CrystalCageS.arc)
[src/runtime/RuntimeContext.cpp:1485][APP - INFO] SMG semantic event name_obj_lifecycle:archive_request (object=CrystalCageS;archive=CrystalCageS;kind=object;loaded=true;disc_path=CrystalCageS.arc)
[src/runtime/RuntimeContext.cpp:1485][APP - INFO] SMG semantic event name_obj_lifecycle:archive_request (object=CrystalCageS;archive=CrystalCageSBreak;kind=object;loaded=true;disc_path=CrystalCageSBreak.arc)
[src/runtime/RuntimeContext.cpp:1485][APP - INFO] SMG semantic event name_obj_lifecycle:connect_to_scene (object=CrystalCageS;kind=live_actor_model;movement=34;calc_anim=5;draw_buffer=8;draw_type=-1)
[src/runtime/RuntimeContext.cpp:1413][APP - INFO] Registered effect keeper CrystalCageS group CrystalCageS capacity 8
[src/runtime/RuntimeContext.cpp:1485][APP - INFO] SMG semantic event name_obj_lifecycle:construct (object=CrystalCageS;actor=CrystalCageS)
[src/runtime/RuntimeContext.cpp:1485][APP - INFO] SMG semantic event sequence:stage_host_constructed (host=CrystalCageS;stage=HeavensDoorGalaxy)
[src/runtime/RuntimeContext.cpp:1485][APP - INFO] SMG semantic event name_obj_lifecycle:init_from_placement (object=CrystalCageS;stage=HeavensDoorSmallZone;zone=HeavensDoorSmallZone;table=jmp/placement/common/objinfo;row=7;l_id=19)
[src/runtime/RuntimeContext.cpp:1485][APP - INFO] SMG semantic event sequence:stage_host_initialized (host=CrystalCageS;stage=HeavensDoorGalaxy)
[src/runtime/RuntimeContext.cpp:1485][APP - INFO] SMG semantic event placement:stage_object (stage=HeavensDoorSmallZone;zone=HeavensDoorSmallZone;zone_id=6;scenario=1;layer=common;table=jmp/placement/common/objinfo;object=CrystalCageS;factory=created_model_fallback;support_reason=direct_object_archive_model;common_path_id=-1;rail_info_attached=false;rail_path_row=-1;rail_point_count=0;rail_first_point=none;model_archive=CrystalCageS;object_archive=/ObjectData/CrystalCageS.arc)
[src/runtime/RuntimeContext.cpp:1485][APP - INFO] SMG semantic event name_obj_lifecycle:archive_request (object=CrystalCageS;archive=CrystalCageS;kind=object;loaded=true;disc_path=CrystalCageS.arc)
[src/runtime/RuntimeContext.cpp:1485][APP - INFO] SMG semantic event name_obj_lifecycle:archive_request (object=CrystalCageS;archive=CrystalCageSBreak;kind=object;loaded=true;disc_path=CrystalCageSBreak.arc)
[src/runtime/RuntimeContext.cpp:1485][APP - INFO] SMG semantic event name_obj_lifecycle:connect_to_scene (object=CrystalCageS;kind=live_actor_model;movement=34;calc_anim=5;draw_buffer=8;draw_type=-1)
[src/runtime/RuntimeContext.cpp:1413][APP - INFO] Registered effect keeper CrystalCageS group CrystalCageS capacity 8
[src/runtime/RuntimeContext.cpp:1485][APP - INFO] SMG semantic event name_obj_lifecycle:construct (object=CrystalCageS;actor=CrystalCageS)
[src/runtime/RuntimeContext.cpp:1485][APP - INFO] SMG semantic event sequence:stage_host_constructed (host=CrystalCageS;stage=HeavensDoorGalaxy)
[src/runtime/RuntimeContext.cpp:1485][APP - INFO] SMG semantic event name_obj_lifecycle:init_from_placement (object=CrystalCageS;stage=HeavensDoorSmallZone;zone=HeavensDoorSmallZone;table=jmp/placement/common/objinfo;row=8;l_id=20)
[src/runtime/RuntimeContext.cpp:1485][APP - INFO] SMG semantic event sequence:stage_host_initialized (host=CrystalCageS;stage=HeavensDoorGalaxy)
[src/runtime/RuntimeContext.cpp:1485][APP - INFO] SMG semantic event placement:stage_object (stage=HeavensDoorSmallZone;zone=HeavensDoorSmallZone;zone_id=6;scenario=1;layer=common;table=jmp/placement/common/objinfo;object=KuriboMini;factory=created_model_fallback;support_reason=direct_object_archive_model;common_path_id=-1;rail_info_attached=false;rail_path_row=-1;rail_point_count=0;rail_first_point=none;model_archive=KuriboMini;object_archive=/ObjectData/KuriboMini.arc)
[src/runtime/RuntimeContext.cpp:1485][APP - INFO] SMG semantic event name_obj_lifecycle:archive_request (object=KuriboMini;archive=KuriboMini;kind=object;loaded=true;disc_path=KuriboMini.arc)
[src/runtime/RuntimeContext.cpp:1485][APP - INFO] SMG semantic event name_obj_lifecycle:connect_to_scene (object=KuriboMini;kind=live_actor_model;movement=34;calc_anim=5;draw_buffer=8;draw_type=-1)
[src/runtime/RuntimeContext.cpp:1413][APP - INFO] Registered effect keeper KuriboMini group KuriboMini capacity 8
[src/runtime/RuntimeContext.cpp:1485][APP - INFO] SMG semantic event name_obj_lifecycle:construct (object=KuriboMini;actor=KuriboMini)
[src/runtime/RuntimeContext.cpp:1485][APP - INFO] SMG semantic event sequence:stage_host_constructed (host=KuriboMini;stage=HeavensDoorGalaxy)
[src/runtime/RuntimeContext.cpp:1485][APP - INFO] SMG semantic event name_obj_lifecycle:init_from_placement (object=KuriboMini;stage=HeavensDoorSmallZone;zone=HeavensDoorSmallZone;table=jmp/placement/common/objinfo;row=9;l_id=23)
[src/runtime/RuntimeContext.cpp:1485][APP - INFO] SMG semantic event sequence:stage_host_initialized (host=KuriboMini;stage=HeavensDoorGalaxy)
[src/runtime/RuntimeContext.cpp:1485][APP - INFO] SMG semantic event placement:stage_object (stage=HeavensDoorSmallZone;zone=HeavensDoorSmallZone;zone_id=6;scenario=1;layer=common;table=jmp/placement/common/objinfo;object=KuriboMini;factory=created_model_fallback;support_reason=direct_object_archive_model;common_path_id=-1;rail_info_attached=false;rail_path_row=-1;rail_point_count=0;rail_first_point=none;model_archive=KuriboMini;object_archive=/ObjectData/KuriboMini.arc)
[src/runtime/RuntimeContext.cpp:1485][APP - INFO] SMG semantic event name_obj_lifecycle:archive_request (object=KuriboMini;archive=KuriboMini;kind=object;loaded=true;disc_path=KuriboMini.arc)
[src/runtime/RuntimeContext.cpp:1485][APP - INFO] SMG semantic event name_obj_lifecycle:connect_to_scene (object=KuriboMini;kind=live_actor_model;movement=34;calc_anim=5;draw_buffer=8;draw_type=-1)
[src/runtime/RuntimeContext.cpp:1413][APP - INFO] Registered effect keeper KuriboMini group KuriboMini capacity 8
[src/runtime/RuntimeContext.cpp:1485][APP - INFO] SMG semantic event name_obj_lifecycle:construct (object=KuriboMini;actor=KuriboMini)
[src/runtime/RuntimeContext.cpp:1485][APP - INFO] SMG semantic event sequence:stage_host_constructed (host=KuriboMini;stage=HeavensDoorGalaxy)
[src/runtime/RuntimeContext.cpp:1485][APP - INFO] SMG semantic event name_obj_lifecycle:init_from_placement (object=KuriboMini;stage=HeavensDoorSmallZone;zone=HeavensDoorSmallZone;table=jmp/placement/common/objinfo;row=10;l_id=24)
[src/runtime/RuntimeContext.cpp:1485][APP - INFO] SMG semantic event sequence:stage_host_initialized (host=KuriboMini;stage=HeavensDoorGalaxy)
[src/runtime/RuntimeContext.cpp:1485][APP - INFO] SMG semantic event placement:stage_object (stage=HeavensDoorSmallZone;zone=HeavensDoorSmallZone;zone_id=6;scenario=1;layer=common;table=jmp/placement/common/objinfo;object=KuriboMini;factory=created_model_fallback;support_reason=direct_object_archive_model;common_path_id=-1;rail_info_attached=false;rail_path_row=-1;rail_point_count=0;rail_first_point=none;model_archive=KuriboMini;object_archive=/ObjectData/KuriboMini.arc)
[src/runtime/RuntimeContext.cpp:1485][APP - INFO] SMG semantic event name_obj_lifecycle:archive_request (object=KuriboMini;archive=KuriboMini;kind=object;loaded=true;disc_path=KuriboMini.arc)
[src/runtime/RuntimeContext.cpp:1485][APP - INFO] SMG semantic event name_obj_lifecycle:connect_to_scene (object=KuriboMini;kind=live_actor_model;movement=34;calc_anim=5;draw_buffer=8;draw_type=-1)
[src/runtime/RuntimeContext.cpp:1413][APP - INFO] Registered effect keeper KuriboMini group KuriboMini capacity 8
[src/runtime/RuntimeContext.cpp:1485][APP - INFO] SMG semantic event name_obj_lifecycle:construct (object=KuriboMini;actor=KuriboMini)
[src/runtime/RuntimeContext.cpp:1485][APP - INFO] SMG semantic event sequence:stage_host_constructed (host=KuriboMini;stage=HeavensDoorGalaxy)
[src/runtime/RuntimeContext.cpp:1485][APP - INFO] SMG semantic event name_obj_lifecycle:init_from_placement (object=KuriboMini;stage=HeavensDoorSmallZone;zone=HeavensDoorSmallZone;table=jmp/placement/common/objinfo;row=11;l_id=25)
[src/runtime/RuntimeContext.cpp:1485][APP - INFO] SMG semantic event sequence:stage_host_initialized (host=KuriboMini;stage=HeavensDoorGalaxy)
[src/runtime/RuntimeContext.cpp:1485][APP - INFO] SMG semantic event placement:stage_object (stage=HeavensDoorSmallZone;zone=HeavensDoorSmallZone;zone_id=6;scenario=1;layer=common;table=jmp/placement/common/objinfo;object=ShockWaveGenerator;factory=created_model_fallback;support_reason=direct_object_archive_model;common_path_id=-1;rail_info_attached=false;rail_path_row=-1;rail_point_count=0;rail_first_point=none;model_archive=ShockWaveGenerator;object_archive=/ObjectData/ShockWaveGenerator.arc)
[src/runtime/RuntimeContext.cpp:1485][APP - INFO] SMG semantic event name_obj_lifecycle:archive_request (object=ShockWaveGenerator;archive=ShockWaveGenerator;kind=object;loaded=true;disc_path=ShockWaveGenerator.arc)
[src/runtime/RuntimeContext.cpp:1485][APP - INFO] SMG semantic event name_obj_lifecycle:connect_to_scene (object=ShockWaveGenerator;kind=live_actor_model;movement=34;calc_anim=5;draw_buffer=8;draw_type=-1)
[src/runtime/RuntimeContext.cpp:1413][APP - INFO] Registered effect keeper ShockWaveGenerator group ShockWaveGenerator capacity 8
[src/runtime/RuntimeContext.cpp:1485][APP - INFO] SMG semantic event name_obj_lifecycle:construct (object=ShockWaveGenerator;actor=ShockWaveGenerator)
[src/runtime/RuntimeContext.cpp:1485][APP - INFO] SMG semantic event sequence:stage_host_constructed (host=ShockWaveGenerator;stage=HeavensDoorGalaxy)
[src/runtime/RuntimeContext.cpp:1485][APP - INFO] SMG semantic event name_obj_lifecycle:init_from_placement (object=ShockWaveGenerator;stage=HeavensDoorSmallZone;zone=HeavensDoorSmallZone;table=jmp/placement/common/objinfo;row=12;l_id=26)
[src/runtime/RuntimeContext.cpp:1485][APP - INFO] SMG semantic event sequence:stage_host_initialized (host=ShockWaveGenerator;stage=HeavensDoorGalaxy)
[src/runtime/RuntimeContext.cpp:1485][APP - INFO] SMG semantic event placement:stage_object (stage=HeavensDoorSmallZone;zone=HeavensDoorSmallZone;zone_id=6;scenario=1;layer=common;table=jmp/placement/common/objinfo;object=KuriboMini;factory=created_model_fallback;support_reason=direct_object_archive_model;common_path_id=-1;rail_info_attached=false;rail_path_row=-1;rail_point_count=0;rail_first_point=none;model_archive=KuriboMini;object_archive=/ObjectData/KuriboMini.arc)
[src/runtime/RuntimeContext.cpp:1485][APP - INFO] SMG semantic event name_obj_lifecycle:archive_request (object=KuriboMini;archive=KuriboMini;kind=object;loaded=true;disc_path=KuriboMini.arc)
[src/runtime/RuntimeContext.cpp:1485][APP - INFO] SMG semantic event name_obj_lifecycle:connect_to_scene (object=KuriboMini;kind=live_actor_model;movement=34;calc_anim=5;draw_buffer=8;draw_type=-1)
[src/runtime/RuntimeContext.cpp:1413][APP - INFO] Registered effect keeper KuriboMini group KuriboMini capacity 8
[src/runtime/RuntimeContext.cpp:1485][APP - INFO] SMG semantic event name_obj_lifecycle:construct (object=KuriboMini;actor=KuriboMini)
[src/runtime/RuntimeContext.cpp:1485][APP - INFO] SMG semantic event sequence:stage_host_constructed (host=KuriboMini;stage=HeavensDoorGalaxy)
[src/runtime/RuntimeContext.cpp:1485][APP - INFO] SMG semantic event name_obj_lifecycle:init_from_placement (object=KuriboMini;stage=HeavensDoorSmallZone;zone=HeavensDoorSmallZone;table=jmp/placement/common/objinfo;row=13;l_id=27)
[src/runtime/RuntimeContext.cpp:1485][APP - INFO] SMG semantic event sequence:stage_host_initialized (host=KuriboMini;stage=HeavensDoorGalaxy)
[src/runtime/RuntimeContext.cpp:1485][APP - INFO] SMG semantic event placement:stage_object (stage=HeavensDoorSmallZone;zone=HeavensDoorSmallZone;zone_id=6;scenario=1;layer=common;table=jmp/placement/common/planetobjinfo;object=GlobalPointGravity;factory=ignored;support_reason=non_renderable_placement_helper_table;common_path_id=-1;rail_info_attached=false;rail_path_row=-1;rail_point_count=0;rail_first_point=none;model_archive=;object_archive=)
[src/runtime/RuntimeContext.cpp:1485][APP - INFO] SMG semantic event placement:stage_object (stage=HeavensDoorSmallZone;zone=HeavensDoorSmallZone;zone_id=6;scenario=1;layer=common;table=jmp/placement/common/planetobjinfo;object=GlobalPlaneGravityInBox;factory=ignored;support_reason=non_renderable_placement_helper_table;common_path_id=-1;rail_info_attached=false;rail_path_row=-1;rail_point_count=0;rail_first_point=none;model_archive=;object_archive=)
[src/runtime/RuntimeContext.cpp:1485][APP - INFO] SMG semantic event placement:stage_object (stage=HeavensDoorMiddleZone;zone=HeavensDoorMiddleZone;zone_id=4;scenario=1;layer=common;table=jmp/mapparts/common/mappartsinfo;object=HeavensDoorMiddleRotatePartsB;factory=created_model_fallback;support_reason=direct_object_archive_model;common_path_id=-1;rail_info_attached=false;rail_path_row=-1;rail_point_count=0;rail_first_point=none;model_archive=HeavensDoorMiddleRotatePartsB;object_archive=/ObjectData/HeavensDoorMiddleRotatePartsB.arc)
[src/runtime/RuntimeContext.cpp:1485][APP - INFO] SMG semantic event name_obj_lifecycle:archive_request (object=HeavensDoorMiddleRotatePartsB;archive=HeavensDoorMiddleRotatePartsB;kind=object;loaded=true;disc_path=HeavensDoorMiddleRotatePartsB.arc)
[src/runtime/RuntimeContext.cpp:1485][APP - INFO] SMG semantic event name_obj_lifecycle:connect_to_scene (object=HeavensDoorMiddleRotatePartsB;kind=live_actor_model;movement=34;calc_anim=5;draw_buffer=8;draw_type=-1)
[src/runtime/RuntimeContext.cpp:1413][APP - INFO] Registered effect keeper HeavensDoorMiddleRotatePartsB group HeavensDoorMiddleRotatePartsB capacity 8
[src/runtime/RuntimeContext.cpp:1485][APP - INFO] SMG semantic event name_obj_lifecycle:construct (object=HeavensDoorMiddleRotatePartsB;actor=HeavensDoorMiddleRotatePartsB)
[src/runtime/RuntimeContext.cpp:1485][APP - INFO] SMG semantic event sequence:stage_host_constructed (host=HeavensDoorMiddleRotatePartsB;stage=HeavensDoorGalaxy)
[src/runtime/RuntimeContext.cpp:1485][APP - INFO] SMG semantic event name_obj_lifecycle:init_from_placement (object=HeavensDoorMiddleRotatePartsB;stage=HeavensDoorMiddleZone;zone=HeavensDoorMiddleZone;table=jmp/mapparts/common/mappartsinfo;row=0;l_id=4)
[src/runtime/RuntimeContext.cpp:1485][APP - INFO] SMG semantic event sequence:stage_host_initialized (host=HeavensDoorMiddleRotatePartsB;stage=HeavensDoorGalaxy)
[src/runtime/RuntimeContext.cpp:1485][APP - INFO] SMG semantic event placement:stage_object (stage=HeavensDoorMiddleZone;zone=HeavensDoorMiddleZone;zone_id=4;scenario=1;layer=common;table=jmp/mapparts/common/mappartsinfo;object=HeavensDoorMiddleRotatePartsA;factory=created_model_fallback;support_reason=direct_object_archive_model;common_path_id=-1;rail_info_attached=false;rail_path_row=-1;rail_point_count=0;rail_first_point=none;model_archive=HeavensDoorMiddleRotatePartsA;object_archive=/ObjectData/HeavensDoorMiddleRotatePartsA.arc)
[src/runtime/RuntimeContext.cpp:1485][APP - INFO] SMG semantic event name_obj_lifecycle:archive_request (object=HeavensDoorMiddleRotatePartsA;archive=HeavensDoorMiddleRotatePartsA;kind=object;loaded=true;disc_path=HeavensDoorMiddleRotatePartsA.arc)
[src/runtime/RuntimeContext.cpp:1485][APP - INFO] SMG semantic event name_obj_lifecycle:connect_to_scene (object=HeavensDoorMiddleRotatePartsA;kind=live_actor_model;movement=34;calc_anim=5;draw_buffer=8;draw_type=-1)
[src/runtime/RuntimeContext.cpp:1413][APP - INFO] Registered effect keeper HeavensDoorMiddleRotatePartsA group HeavensDoorMiddleRotatePartsA capacity 8
[src/runtime/RuntimeContext.cpp:1485][APP - INFO] SMG semantic event name_obj_lifecycle:construct (object=HeavensDoorMiddleRotatePartsA;actor=HeavensDoorMiddleRotatePartsA)
[src/runtime/RuntimeContext.cpp:1485][APP - INFO] SMG semantic event sequence:stage_host_constructed (host=HeavensDoorMiddleRotatePartsA;stage=HeavensDoorGalaxy)
[src/runtime/RuntimeContext.cpp:1485][APP - INFO] SMG semantic event name_obj_lifecycle:init_from_placement (object=HeavensDoorMiddleRotatePartsA;stage=HeavensDoorMiddleZone;zone=HeavensDoorMiddleZone;table=jmp/mapparts/common/mappartsinfo;row=1;l_id=9)
[src/runtime/RuntimeContext.cpp:1485][APP - INFO] SMG semantic event sequence:stage_host_initialized (host=HeavensDoorMiddleRotatePartsA;stage=HeavensDoorGalaxy)
[src/runtime/RuntimeContext.cpp:1485][APP - INFO] SMG semantic event placement:stage_object (stage=HeavensDoorMiddleZone;zone=HeavensDoorMiddleZone;zone_id=4;scenario=1;layer=common;table=jmp/placement/common/cameracubeinfo;object=CubeCameraSphere;factory=ignored;support_reason=non_renderable_placement_helper_table;common_path_id=-1;rail_info_attached=false;rail_path_row=-1;rail_point_count=0;rail_first_point=none;model_archive=;object_archive=)
[src/runtime/RuntimeContext.cpp:1485][APP - INFO] SMG semantic event placement:stage_object (stage=HeavensDoorMiddleZone;zone=HeavensDoorMiddleZone;zone_id=4;scenario=1;layer=common;table=jmp/placement/common/cameracubeinfo;object=CubeCameraSphere;factory=ignored;support_reason=non_renderable_placement_helper_table;common_path_id=-1;rail_info_attached=false;rail_path_row=-1;rail_point_count=0;rail_first_point=none;model_archive=;object_archive=)
[src/runtime/RuntimeContext.cpp:1485][APP - INFO] SMG semantic event placement:stage_object (stage=HeavensDoorMiddleZone;zone=HeavensDoorMiddleZone;zone_id=4;scenario=1;layer=common;table=jmp/placement/common/objinfo;object=KuriboMini;factory=created_model_fallback;support_reason=direct_object_archive_model;common_path_id=-1;rail_info_attached=false;rail_path_row=-1;rail_point_count=0;rail_first_point=none;model_archive=KuriboMini;object_archive=/ObjectData/KuriboMini.arc)
[src/runtime/RuntimeContext.cpp:1485][APP - INFO] SMG semantic event name_obj_lifecycle:archive_request (object=KuriboMini;archive=KuriboMini;kind=object;loaded=true;disc_path=KuriboMini.arc)
[src/runtime/RuntimeContext.cpp:1485][APP - INFO] SMG semantic event name_obj_lifecycle:connect_to_scene (object=KuriboMini;kind=live_actor_model;movement=34;calc_anim=5;draw_buffer=8;draw_type=-1)
[src/runtime/RuntimeContext.cpp:1413][APP - INFO] Registered effect keeper KuriboMini group KuriboMini capacity 8
[src/runtime/RuntimeContext.cpp:1485][APP - INFO] SMG semantic event name_obj_lifecycle:construct (object=KuriboMini;actor=KuriboMini)
[src/runtime/RuntimeContext.cpp:1485][APP - INFO] SMG semantic event sequence:stage_host_constructed (host=KuriboMini;stage=HeavensDoorGalaxy)
[src/runtime/RuntimeContext.cpp:1485][APP - INFO] SMG semantic event name_obj_lifecycle:init_from_placement (object=KuriboMini;stage=HeavensDoorMiddleZone;zone=HeavensDoorMiddleZone;table=jmp/placement/common/objinfo;row=0;l_id=7)
[src/runtime/RuntimeContext.cpp:1485][APP - INFO] SMG semantic event sequence:stage_host_initialized (host=KuriboMini;stage=HeavensDoorGalaxy)
[src/runtime/RuntimeContext.cpp:1485][APP - INFO] SMG semantic event placement:stage_object (stage=HeavensDoorMiddleZone;zone=HeavensDoorMiddleZone;zone_id=4;scenario=1;layer=common;table=jmp/placement/common/objinfo;object=Kuribo;factory=created_model_fallback;support_reason=direct_object_archive_model;common_path_id=-1;rail_info_attached=false;rail_path_row=-1;rail_point_count=0;rail_first_point=none;model_archive=Kuribo;object_archive=/ObjectData/Kuribo.arc)
[src/runtime/RuntimeContext.cpp:1485][APP - INFO] SMG semantic event name_obj_lifecycle:archive_request (object=Kuribo;archive=Kuribo;kind=object;loaded=true;disc_path=Kuribo.arc)
[src/runtime/RuntimeContext.cpp:1485][APP - INFO] SMG semantic event name_obj_lifecycle:connect_to_scene (object=Kuribo;kind=live_actor_model;movement=34;calc_anim=5;draw_buffer=8;draw_type=-1)
[src/runtime/RuntimeContext.cpp:1413][APP - INFO] Registered effect keeper Kuribo group Kuribo capacity 8
[src/runtime/RuntimeContext.cpp:1485][APP - INFO] SMG semantic event name_obj_lifecycle:construct (object=Kuribo;actor=Kuribo)
[src/runtime/RuntimeContext.cpp:1485][APP - INFO] SMG semantic event sequence:stage_host_constructed (host=Kuribo;stage=HeavensDoorGalaxy)
[src/runtime/RuntimeContext.cpp:1485][APP - INFO] SMG semantic event name_obj_lifecycle:init_from_placement (object=Kuribo;stage=HeavensDoorMiddleZone;zone=HeavensDoorMiddleZone;table=jmp/placement/common/objinfo;row=1;l_id=8)
[src/runtime/RuntimeContext.cpp:1485][APP - INFO] SMG semantic event sequence:stage_host_initialized (host=Kuribo;stage=HeavensDoorGalaxy)
[src/runtime/RuntimeContext.cpp:1485][APP - INFO] SMG semantic event placement:stage_object (stage=HeavensDoorMiddleZone;zone=HeavensDoorMiddleZone;zone_id=4;scenario=1;layer=common;table=jmp/placement/common/objinfo;object=Kuribo;factory=created_model_fallback;support_reason=direct_object_archive_model;common_path_id=-1;rail_info_attached=false;rail_path_row=-1;rail_point_count=0;rail_first_point=none;model_archive=Kuribo;object_archive=/ObjectData/Kuribo.arc)
[src/runtime/RuntimeContext.cpp:1485][APP - INFO] SMG semantic event name_obj_lifecycle:archive_request (object=Kuribo;archive=Kuribo;kind=object;loaded=true;disc_path=Kuribo.arc)
[src/runtime/RuntimeContext.cpp:1485][APP - INFO] SMG semantic event name_obj_lifecycle:connect_to_scene (object=Kuribo;kind=live_actor_model;movement=34;calc_anim=5;draw_buffer=8;draw_type=-1)
[src/runtime/RuntimeContext.cpp:1413][APP - INFO] Registered effect keeper Kuribo group Kuribo capacity 8
[src/runtime/RuntimeContext.cpp:1485][APP - INFO] SMG semantic event name_obj_lifecycle:construct (object=Kuribo;actor=Kuribo)
[src/runtime/RuntimeContext.cpp:1485][APP - INFO] SMG semantic event sequence:stage_host_constructed (host=Kuribo;stage=HeavensDoorGalaxy)
[src/runtime/RuntimeContext.cpp:1485][APP - INFO] SMG semantic event name_obj_lifecycle:init_from_placement (object=Kuribo;stage=HeavensDoorMiddleZone;zone=HeavensDoorMiddleZone;table=jmp/placement/common/objinfo;row=2;l_id=9)
[src/runtime/RuntimeContext.cpp:1485][APP - INFO] SMG semantic event sequence:stage_host_initialized (host=Kuribo;stage=HeavensDoorGalaxy)
[src/runtime/RuntimeContext.cpp:1485][APP - INFO] SMG semantic event placement:stage_object (stage=HeavensDoorMiddleZone;zone=HeavensDoorMiddleZone;zone_id=4;scenario=1;layer=common;table=jmp/placement/common/objinfo;object=Kuribo;factory=created_model_fallback;support_reason=direct_object_archive_model;common_path_id=-1;rail_info_attached=false;rail_path_row=-1;rail_point_count=0;rail_first_point=none;model_archive=Kuribo;object_archive=/ObjectData/Kuribo.arc)
[src/runtime/RuntimeContext.cpp:1485][APP - INFO] SMG semantic event name_obj_lifecycle:archive_request (object=Kuribo;archive=Kuribo;kind=object;loaded=true;disc_path=Kuribo.arc)
[src/runtime/RuntimeContext.cpp:1485][APP - INFO] SMG semantic event name_obj_lifecycle:connect_to_scene (object=Kuribo;kind=live_actor_model;movement=34;calc_anim=5;draw_buffer=8;draw_type=-1)
[src/runtime/RuntimeContext.cpp:1413][APP - INFO] Registered effect keeper Kuribo group Kuribo capacity 8
[src/runtime/RuntimeContext.cpp:1485][APP - INFO] SMG semantic event name_obj_lifecycle:construct (object=Kuribo;actor=Kuribo)
[src/runtime/RuntimeContext.cpp:1485][APP - INFO] SMG semantic event sequence:stage_host_constructed (host=Kuribo;stage=HeavensDoorGalaxy)
[src/runtime/RuntimeContext.cpp:1485][APP - INFO] SMG semantic event name_obj_lifecycle:init_from_placement (object=Kuribo;stage=HeavensDoorMiddleZone;zone=HeavensDoorMiddleZone;table=jmp/placement/common/objinfo;row=3;l_id=10)
[src/runtime/RuntimeContext.cpp:1485][APP - INFO] SMG semantic event sequence:stage_host_initialized (host=Kuribo;stage=HeavensDoorGalaxy)
[src/runtime/RuntimeContext.cpp:1485][APP - INFO] SMG semantic event placement:stage_object (stage=HeavensDoorMiddleZone;zone=HeavensDoorMiddleZone;zone_id=4;scenario=1;layer=common;table=jmp/placement/common/objinfo;object=KoopaJrNormalShipA;factory=created_model_fallback;support_reason=direct_object_archive_model;common_path_id=-1;rail_info_attached=false;rail_path_row=-1;rail_point_count=0;rail_first_point=none;model_archive=KoopaJrNormalShipA;object_archive=/ObjectData/KoopaJrNormalShipA.arc)
[src/runtime/RuntimeContext.cpp:1485][APP - INFO] SMG semantic event name_obj_lifecycle:archive_request (object=KoopaJrNormalShipA;archive=KoopaJrNormalShipA;kind=object;loaded=true;disc_path=KoopaJrNormalShipA.arc)
[src/runtime/RuntimeContext.cpp:1485][APP - INFO] SMG semantic event name_obj_lifecycle:archive_request (object=KoopaJrNormalShipA;archive=KoopaJrNormalShipALow;kind=object;loaded=true;disc_path=KoopaJrNormalShipALow.arc)
[src/runtime/RuntimeContext.cpp:1485][APP - INFO] SMG semantic event name_obj_lifecycle:connect_to_scene (object=KoopaJrNormalShipA;kind=live_actor_model;movement=34;calc_anim=5;draw_buffer=8;draw_type=-1)
[src/runtime/RuntimeContext.cpp:1413][APP - INFO] Registered effect keeper KoopaJrNormalShipA group KoopaJrNormalShipA capacity 8
[src/runtime/RuntimeContext.cpp:1485][APP - INFO] SMG semantic event name_obj_lifecycle:construct (object=KoopaJrNormalShipA;actor=KoopaJrNormalShipA)
[src/runtime/RuntimeContext.cpp:1485][APP - INFO] SMG semantic event sequence:stage_host_constructed (host=KoopaJrNormalShipA;stage=HeavensDoorGalaxy)
[src/runtime/RuntimeContext.cpp:1485][APP - INFO] SMG semantic event name_obj_lifecycle:init_from_placement (object=KoopaJrNormalShipA;stage=HeavensDoorMiddleZone;zone=HeavensDoorMiddleZone;table=jmp/placement/common/objinfo;row=4;l_id=15)
[src/runtime/RuntimeContext.cpp:1485][APP - INFO] SMG semantic event sequence:stage_host_initialized (host=KoopaJrNormalShipA;stage=HeavensDoorGalaxy)
[src/runtime/RuntimeContext.cpp:1485][APP - INFO] SMG semantic event placement:stage_object (stage=HeavensDoorMiddleZone;zone=HeavensDoorMiddleZone;zone_id=4;scenario=1;layer=common;table=jmp/placement/common/objinfo;object=KoopaJrNormalShipA;factory=created_model_fallback;support_reason=direct_object_archive_model;common_path_id=-1;rail_info_attached=false;rail_path_row=-1;rail_point_count=0;rail_first_point=none;model_archive=KoopaJrNormalShipA;object_archive=/ObjectData/KoopaJrNormalShipA.arc)
[src/runtime/RuntimeContext.cpp:1485][APP - INFO] SMG semantic event name_obj_lifecycle:archive_request (object=KoopaJrNormalShipA;archive=KoopaJrNormalShipA;kind=object;loaded=true;disc_path=KoopaJrNormalShipA.arc)
[src/runtime/RuntimeContext.cpp:1485][APP - INFO] SMG semantic event name_obj_lifecycle:archive_request (object=KoopaJrNormalShipA;archive=KoopaJrNormalShipALow;kind=object;loaded=true;disc_path=KoopaJrNormalShipALow.arc)
[src/runtime/RuntimeContext.cpp:1485][APP - INFO] SMG semantic event name_obj_lifecycle:connect_to_scene (object=KoopaJrNormalShipA;kind=live_actor_model;movement=34;calc_anim=5;draw_buffer=8;draw_type=-1)
[src/runtime/RuntimeContext.cpp:1413][APP - INFO] Registered effect keeper KoopaJrNormalShipA group KoopaJrNormalShipA capacity 8
[src/runtime/RuntimeContext.cpp:1485][APP - INFO] SMG semantic event name_obj_lifecycle:construct (object=KoopaJrNormalShipA;actor=KoopaJrNormalShipA)
[src/runtime/RuntimeContext.cpp:1485][APP - INFO] SMG semantic event sequence:stage_host_constructed (host=KoopaJrNormalShipA;stage=HeavensDoorGalaxy)
[src/runtime/RuntimeContext.cpp:1485][APP - INFO] SMG semantic event name_obj_lifecycle:init_from_placement (object=KoopaJrNormalShipA;stage=HeavensDoorMiddleZone;zone=HeavensDoorMiddleZone;table=jmp/placement/common/objinfo;row=5;l_id=16)
[src/runtime/RuntimeContext.cpp:1485][APP - INFO] SMG semantic event sequence:stage_host_initialized (host=KoopaJrNormalShipA;stage=HeavensDoorGalaxy)
[src/runtime/RuntimeContext.cpp:1485][APP - INFO] SMG semantic event placement:stage_object (stage=HeavensDoorMiddleZone;zone=HeavensDoorMiddleZone;zone_id=4;scenario=1;layer=common;table=jmp/placement/common/objinfo;object=KoopaJrNormalShipA;factory=created_model_fallback;support_reason=direct_object_archive_model;common_path_id=-1;rail_info_attached=false;rail_path_row=-1;rail_point_count=0;rail_first_point=none;model_archive=KoopaJrNormalShipA;object_archive=/ObjectData/KoopaJrNormalShipA.arc)
[src/runtime/RuntimeContext.cpp:1485][APP - INFO] SMG semantic event name_obj_lifecycle:archive_request (object=KoopaJrNormalShipA;archive=KoopaJrNormalShipA;kind=object;loaded=true;disc_path=KoopaJrNormalShipA.arc)
[src/runtime/RuntimeContext.cpp:1485][APP - INFO] SMG semantic event name_obj_lifecycle:archive_request (object=KoopaJrNormalShipA;archive=KoopaJrNormalShipALow;kind=object;loaded=true;disc_path=KoopaJrNormalShipALow.arc)
[src/runtime/RuntimeContext.cpp:1485][APP - INFO] SMG semantic event name_obj_lifecycle:connect_to_scene (object=KoopaJrNormalShipA;kind=live_actor_model;movement=34;calc_anim=5;draw_buffer=8;draw_type=-1)
[src/runtime/RuntimeContext.cpp:1413][APP - INFO] Registered effect keeper KoopaJrNormalShipA group KoopaJrNormalShipA capacity 8
[src/runtime/RuntimeContext.cpp:1485][APP - INFO] SMG semantic event name_obj_lifecycle:construct (object=KoopaJrNormalShipA;actor=KoopaJrNormalShipA)
[src/runtime/RuntimeContext.cpp:1485][APP - INFO] SMG semantic event sequence:stage_host_constructed (host=KoopaJrNormalShipA;stage=HeavensDoorGalaxy)
[src/runtime/RuntimeContext.cpp:1485][APP - INFO] SMG semantic event name_obj_lifecycle:init_from_placement (object=KoopaJrNormalShipA;stage=HeavensDoorMiddleZone;zone=HeavensDoorMiddleZone;table=jmp/placement/common/objinfo;row=6;l_id=17)
[src/runtime/RuntimeContext.cpp:1485][APP - INFO] SMG semantic event sequence:stage_host_initialized (host=KoopaJrNormalShipA;stage=HeavensDoorGalaxy)
[src/runtime/RuntimeContext.cpp:1485][APP - INFO] SMG semantic event placement:stage_object (stage=HeavensDoorMiddleZone;zone=HeavensDoorMiddleZone;zone_id=4;scenario=1;layer=common;table=jmp/placement/common/objinfo;object=StarPieceGroup;factory=blocked;support_reason=no_original_factory_or_direct_object_archive;common_path_id=-1;rail_info_attached=false;rail_path_row=-1;rail_point_count=0;rail_first_point=none;model_archive=;object_archive=)
[src/runtime/RuntimeContext.cpp:1485][APP - INFO] SMG semantic event placement:stage_object (stage=HeavensDoorMiddleZone;zone=HeavensDoorMiddleZone;zone_id=4;scenario=1;layer=common;table=jmp/placement/common/objinfo;object=CapsuleCage;factory=created_model_fallback;support_reason=direct_object_archive_model;common_path_id=-1;rail_info_attached=false;rail_path_row=-1;rail_point_count=0;rail_first_point=none;model_archive=CapsuleCage;object_archive=/ObjectData/CapsuleCage.arc)
[src/runtime/RuntimeContext.cpp:1485][APP - INFO] SMG semantic event name_obj_lifecycle:archive_request (object=CapsuleCage;archive=CapsuleCage;kind=object;loaded=true;disc_path=CapsuleCage.arc)
[src/runtime/RuntimeContext.cpp:1485][APP - INFO] SMG semantic event name_obj_lifecycle:connect_to_scene (object=CapsuleCage;kind=live_actor_model;movement=34;calc_anim=5;draw_buffer=8;draw_type=-1)
[src/runtime/RuntimeContext.cpp:1413][APP - INFO] Registered effect keeper CapsuleCage group CapsuleCage capacity 8
[src/runtime/RuntimeContext.cpp:1485][APP - INFO] SMG semantic event name_obj_lifecycle:construct (object=CapsuleCage;actor=CapsuleCage)
[src/runtime/RuntimeContext.cpp:1485][APP - INFO] SMG semantic event sequence:stage_host_constructed (host=CapsuleCage;stage=HeavensDoorGalaxy)
[src/runtime/RuntimeContext.cpp:1485][APP - INFO] SMG semantic event name_obj_lifecycle:init_from_placement (object=CapsuleCage;stage=HeavensDoorMiddleZone;zone=HeavensDoorMiddleZone;table=jmp/placement/common/objinfo;row=8;l_id=24)
[src/runtime/RuntimeContext.cpp:1485][APP - INFO] SMG semantic event sequence:stage_host_initialized (host=CapsuleCage;stage=HeavensDoorGalaxy)
[src/runtime/RuntimeContext.cpp:1485][APP - INFO] SMG semantic event placement:stage_object (stage=HeavensDoorMiddleZone;zone=HeavensDoorMiddleZone;zone_id=4;scenario=1;layer=common;table=jmp/placement/common/objinfo;object=Tico;factory=created_model_fallback;support_reason=direct_object_archive_model;common_path_id=-1;rail_info_attached=false;rail_path_row=-1;rail_point_count=0;rail_first_point=none;model_archive=Tico;object_archive=/ObjectData/Tico.arc)
[src/runtime/RuntimeContext.cpp:1485][APP - INFO] SMG semantic event name_obj_lifecycle:archive_request (object=Tico;archive=Tico;kind=object;loaded=true;disc_path=Tico.arc)
[src/runtime/RuntimeContext.cpp:1485][APP - INFO] SMG semantic event name_obj_lifecycle:connect_to_scene (object=Tico;kind=live_actor_model;movement=34;calc_anim=5;draw_buffer=8;draw_type=-1)
[src/runtime/RuntimeContext.cpp:1413][APP - INFO] Registered effect keeper Tico group Tico capacity 8
[src/runtime/RuntimeContext.cpp:1485][APP - INFO] SMG semantic event name_obj_lifecycle:construct (object=Tico;actor=Tico)
[src/runtime/RuntimeContext.cpp:1485][APP - INFO] SMG semantic event sequence:stage_host_constructed (host=Tico;stage=HeavensDoorGalaxy)
[src/runtime/RuntimeContext.cpp:1485][APP - INFO] SMG semantic event name_obj_lifecycle:init_from_placement (object=Tico;stage=HeavensDoorMiddleZone;zone=HeavensDoorMiddleZone;table=jmp/placement/common/objinfo;row=9;l_id=26)
[src/runtime/RuntimeContext.cpp:1485][APP - INFO] SMG semantic event sequence:stage_host_initialized (host=Tico;stage=HeavensDoorGalaxy)
[src/runtime/RuntimeContext.cpp:1485][APP - INFO] SMG semantic event placement:stage_object (stage=HeavensDoorMiddleZone;zone=HeavensDoorMiddleZone;zone_id=4;scenario=1;layer=common;table=jmp/placement/common/objinfo;object=RailCoin;factory=created;support_reason=original_factory;common_path_id=0;rail_info_attached=true;rail_path_row=0;rail_point_count=4;rail_first_point=2866.892334,6079.104004,-8913.951172;model_archive=RailCoin;object_archive=)
[src/runtime/RuntimeContext.cpp:1485][APP - INFO] SMG semantic event name_obj_lifecycle:construct (object=RailCoin;actor=RailCoin)
[src/runtime/RuntimeContext.cpp:1485][APP - INFO] SMG semantic event sequence:stage_host_constructed (host=RailCoin;stage=HeavensDoorGalaxy)
[src/runtime/RuntimeContext.cpp:1485][APP - INFO] SMG semantic event name_obj_lifecycle:init_from_placement (object=RailCoin;stage=HeavensDoorMiddleZone;zone=HeavensDoorMiddleZone;table=jmp/placement/common/objinfo;row=10;l_id=29)
[src/runtime/RuntimeContext.cpp:1485][APP - INFO] SMG semantic event name_obj_lifecycle:connect_to_scene (object=コイン(レール配置);kind=live_actor_model;movement=44;calc_anim=16;draw_buffer=15;draw_type=-1)
[src/runtime/RuntimeContext.cpp:1485][APP - INFO] SMG semantic event hit_sensor:registered (object=コイン(レール配置);sensor=coin;joint=;type=actor;radius=55.000000)
[src/runtime/RuntimeContext.cpp:1413][APP - INFO] Registered effect keeper コイン(レール配置) group Coin capacity 0
[src/runtime/RuntimeContext.cpp:1485][APP - INFO] SMG semantic event name_obj_lifecycle:connect_to_scene (object=点滅;kind=name_obj;movement=34;calc_anim=-1;draw_buffer=-1;draw_type=-1)
[src/runtime/RuntimeContext.cpp:1485][APP - INFO] SMG semantic event name_obj_lifecycle:connect_to_scene (object=コイン(レール配置);kind=live_actor_model;movement=44;calc_anim=16;draw_buffer=15;draw_type=-1)
[src/runtime/RuntimeContext.cpp:1485][APP - INFO] SMG semantic event hit_sensor:registered (object=コイン(レール配置);sensor=coin;joint=;type=actor;radius=55.000000)
[src/runtime/RuntimeContext.cpp:1413][APP - INFO] Registered effect keeper コイン(レール配置) group Coin capacity 0
[src/runtime/RuntimeContext.cpp:1485][APP - INFO] SMG semantic event name_obj_lifecycle:connect_to_scene (object=点滅;kind=name_obj;movement=34;calc_anim=-1;draw_buffer=-1;draw_type=-1)
[src/runtime/RuntimeContext.cpp:1485][APP - INFO] SMG semantic event name_obj_lifecycle:connect_to_scene (object=コイン(レール配置);kind=live_actor_model;movement=44;calc_anim=16;draw_buffer=15;draw_type=-1)
[src/runtime/RuntimeContext.cpp:1485][APP - INFO] SMG semantic event hit_sensor:registered (object=コイン(レール配置);sensor=coin;joint=;type=actor;radius=55.000000)
[src/runtime/RuntimeContext.cpp:1413][APP - INFO] Registered effect keeper コイン(レール配置) group Coin capacity 0
[src/runtime/RuntimeContext.cpp:1485][APP - INFO] SMG semantic event name_obj_lifecycle:connect_to_scene (object=点滅;kind=name_obj;movement=34;calc_anim=-1;draw_buffer=-1;draw_type=-1)
[src/runtime/RuntimeContext.cpp:1485][APP - INFO] SMG semantic event name_obj_lifecycle:connect_to_scene (object=コイン(レール配置);kind=live_actor_model;movement=44;calc_anim=16;draw_buffer=15;draw_type=-1)
[src/runtime/RuntimeContext.cpp:1485][APP - INFO] SMG semantic event hit_sensor:registered (object=コイン(レール配置);sensor=coin;joint=;type=actor;radius=55.000000)
[src/runtime/RuntimeContext.cpp:1413][APP - INFO] Registered effect keeper コイン(レール配置) group Coin capacity 0
[src/runtime/RuntimeContext.cpp:1485][APP - INFO] SMG semantic event name_obj_lifecycle:connect_to_scene (object=点滅;kind=name_obj;movement=34;calc_anim=-1;draw_buffer=-1;draw_type=-1)
[src/runtime/RuntimeContext.cpp:1485][APP - INFO] SMG semantic event name_obj_lifecycle:connect_to_scene (object=コイン(レール配置);kind=live_actor_model;movement=44;calc_anim=16;draw_buffer=15;draw_type=-1)
[src/runtime/RuntimeContext.cpp:1485][APP - INFO] SMG semantic event hit_sensor:registered (object=コイン(レール配置);sensor=coin;joint=;type=actor;radius=55.000000)
[src/runtime/RuntimeContext.cpp:1413][APP - INFO] Registered effect keeper コイン(レール配置) group Coin capacity 0
[src/runtime/RuntimeContext.cpp:1485][APP - INFO] SMG semantic event name_obj_lifecycle:connect_to_scene (object=点滅;kind=name_obj;movement=34;calc_anim=-1;draw_buffer=-1;draw_type=-1)
[src/runtime/RuntimeContext.cpp:1485][APP - INFO] SMG semantic event name_obj_lifecycle:connect_to_scene (object=コイン(レール配置);kind=live_actor_model;movement=44;calc_anim=16;draw_buffer=15;draw_type=-1)
[src/runtime/RuntimeContext.cpp:1485][APP - INFO] SMG semantic event hit_sensor:registered (object=コイン(レール配置);sensor=coin;joint=;type=actor;radius=55.000000)
[src/runtime/RuntimeContext.cpp:1413][APP - INFO] Registered effect keeper コイン(レール配置) group Coin capacity 0
[src/runtime/RuntimeContext.cpp:1485][APP - INFO] SMG semantic event name_obj_lifecycle:connect_to_scene (object=点滅;kind=name_obj;movement=34;calc_anim=-1;draw_buffer=-1;draw_type=-1)
[src/runtime/RuntimeContext.cpp:1485][APP - INFO] SMG semantic event name_obj_lifecycle:connect_to_scene (object=コイン(レール配置);kind=live_actor_model;movement=44;calc_anim=16;draw_buffer=15;draw_type=-1)
[src/runtime/RuntimeContext.cpp:1485][APP - INFO] SMG semantic event hit_sensor:registered (object=コイン(レール配置);sensor=coin;joint=;type=actor;radius=55.000000)
[src/runtime/RuntimeContext.cpp:1413][APP - INFO] Registered effect keeper コイン(レール配置) group Coin capacity 0
[src/runtime/RuntimeContext.cpp:1485][APP - INFO] SMG semantic event name_obj_lifecycle:connect_to_scene (object=点滅;kind=name_obj;movement=34;calc_anim=-1;draw_buffer=-1;draw_type=-1)
[src/runtime/RuntimeContext.cpp:1485][APP - INFO] SMG semantic event name_obj_lifecycle:connect_to_scene (object=コイン(レール配置);kind=live_actor_model;movement=44;calc_anim=16;draw_buffer=15;draw_type=-1)
[src/runtime/RuntimeContext.cpp:1485][APP - INFO] SMG semantic event hit_sensor:registered (object=コイン(レール配置);sensor=coin;joint=;type=actor;radius=55.000000)
[src/runtime/RuntimeContext.cpp:1413][APP - INFO] Registered effect keeper コイン(レール配置) group Coin capacity 0
[src/runtime/RuntimeContext.cpp:1485][APP - INFO] SMG semantic event name_obj_lifecycle:connect_to_scene (object=点滅;kind=name_obj;movement=34;calc_anim=-1;draw_buffer=-1;draw_type=-1)
[src/runtime/RuntimeContext.cpp:1485][APP - INFO] SMG semantic event sequence:stage_host_initialized (host=RailCoin;stage=HeavensDoorGalaxy)
[src/runtime/RuntimeContext.cpp:1485][APP - INFO] SMG semantic event placement:stage_object (stage=HeavensDoorMiddleZone;zone=HeavensDoorMiddleZone;zone_id=4;scenario=1;layer=common;table=jmp/placement/common/objinfo;object=HeavensDoorMiddlePlanet;factory=created_model_fallback;support_reason=direct_object_archive_model;common_path_id=-1;rail_info_attached=false;rail_path_row=-1;rail_point_count=0;rail_first_point=none;model_archive=HeavensDoorMiddlePlanet;object_archive=/ObjectData/HeavensDoorMiddlePlanet.arc)
[src/runtime/RuntimeContext.cpp:1485][APP - INFO] SMG semantic event name_obj_lifecycle:archive_request (object=HeavensDoorMiddlePlanet;archive=HeavensDoorMiddlePlanet;kind=object;loaded=true;disc_path=HeavensDoorMiddlePlanet.arc)
[src/runtime/RuntimeContext.cpp:1485][APP - INFO] SMG semantic event name_obj_lifecycle:connect_to_scene (object=HeavensDoorMiddlePlanet;kind=live_actor_model;movement=34;calc_anim=5;draw_buffer=8;draw_type=-1)
[src/runtime/RuntimeContext.cpp:1413][APP - INFO] Registered effect keeper HeavensDoorMiddlePlanet group HeavensDoorMiddlePlanet capacity 8
[src/runtime/RuntimeContext.cpp:1485][APP - INFO] SMG semantic event name_obj_lifecycle:construct (object=HeavensDoorMiddlePlanet;actor=HeavensDoorMiddlePlanet)
[src/runtime/RuntimeContext.cpp:1485][APP - INFO] SMG semantic event sequence:stage_host_constructed (host=HeavensDoorMiddlePlanet;stage=HeavensDoorGalaxy)
[src/runtime/RuntimeContext.cpp:1485][APP - INFO] SMG semantic event name_obj_lifecycle:init_from_placement (object=HeavensDoorMiddlePlanet;stage=HeavensDoorMiddleZone;zone=HeavensDoorMiddleZone;table=jmp/placement/common/objinfo;row=11;l_id=30)
[src/runtime/RuntimeContext.cpp:1485][APP - INFO] SMG semantic event sequence:stage_host_initialized (host=HeavensDoorMiddlePlanet;stage=HeavensDoorGalaxy)
[src/runtime/RuntimeContext.cpp:1485][APP - INFO] SMG semantic event placement:stage_object (stage=HeavensDoorMiddleZone;zone=HeavensDoorMiddleZone;zone_id=4;scenario=1;layer=common;table=jmp/placement/common/objinfo;object=KuriboChief;factory=created_model_fallback;support_reason=direct_object_archive_model;common_path_id=-1;rail_info_attached=false;rail_path_row=-1;rail_point_count=0;rail_first_point=none;model_archive=KuriboChief;object_archive=/ObjectData/KuriboChief.arc)
[src/runtime/RuntimeContext.cpp:1485][APP - INFO] SMG semantic event name_obj_lifecycle:archive_request (object=KuriboChief;archive=KuriboChief;kind=object;loaded=true;disc_path=KuriboChief.arc)
[src/runtime/RuntimeContext.cpp:1485][APP - INFO] SMG semantic event name_obj_lifecycle:connect_to_scene (object=KuriboChief;kind=live_actor_model;movement=34;calc_anim=5;draw_buffer=8;draw_type=-1)
[src/runtime/RuntimeContext.cpp:1413][APP - INFO] Registered effect keeper KuriboChief group KuriboChief capacity 8
[src/runtime/RuntimeContext.cpp:1485][APP - INFO] SMG semantic event name_obj_lifecycle:construct (object=KuriboChief;actor=KuriboChief)
[src/runtime/RuntimeContext.cpp:1485][APP - INFO] SMG semantic event sequence:stage_host_constructed (host=KuriboChief;stage=HeavensDoorGalaxy)
[src/runtime/RuntimeContext.cpp:1485][APP - INFO] SMG semantic event name_obj_lifecycle:init_from_placement (object=KuriboChief;stage=HeavensDoorMiddleZone;zone=HeavensDoorMiddleZone;table=jmp/placement/common/objinfo;row=12;l_id=31)
[src/runtime/RuntimeContext.cpp:1485][APP - INFO] SMG semantic event sequence:stage_host_initialized (host=KuriboChief;stage=HeavensDoorGalaxy)
[src/runtime/RuntimeContext.cpp:1485][APP - INFO] SMG semantic event placement:stage_object (stage=HeavensDoorMiddleZone;zone=HeavensDoorMiddleZone;zone_id=4;scenario=1;layer=common;table=jmp/placement/common/objinfo;object=Kuribo;factory=created_model_fallback;support_reason=direct_object_archive_model;common_path_id=-1;rail_info_attached=false;rail_path_row=-1;rail_point_count=0;rail_first_point=none;model_archive=Kuribo;object_archive=/ObjectData/Kuribo.arc)
[src/runtime/RuntimeContext.cpp:1485][APP - INFO] SMG semantic event name_obj_lifecycle:archive_request (object=Kuribo;archive=Kuribo;kind=object;loaded=true;disc_path=Kuribo.arc)
[src/runtime/RuntimeContext.cpp:1485][APP - INFO] SMG semantic event name_obj_lifecycle:connect_to_scene (object=Kuribo;kind=live_actor_model;movement=34;calc_anim=5;draw_buffer=8;draw_type=-1)
[src/runtime/RuntimeContext.cpp:1413][APP - INFO] Registered effect keeper Kuribo group Kuribo capacity 8
[src/runtime/RuntimeContext.cpp:1485][APP - INFO] SMG semantic event name_obj_lifecycle:construct (object=Kuribo;actor=Kuribo)
[src/runtime/RuntimeContext.cpp:1485][APP - INFO] SMG semantic event sequence:stage_host_constructed (host=Kuribo;stage=HeavensDoorGalaxy)
[src/runtime/RuntimeContext.cpp:1485][APP - INFO] SMG semantic event name_obj_lifecycle:init_from_placement (object=Kuribo;stage=HeavensDoorMiddleZone;zone=HeavensDoorMiddleZone;table=jmp/placement/common/objinfo;row=13;l_id=32)
[src/runtime/RuntimeContext.cpp:1485][APP - INFO] SMG semantic event sequence:stage_host_initialized (host=Kuribo;stage=HeavensDoorGalaxy)
[src/runtime/RuntimeContext.cpp:1485][APP - INFO] SMG semantic event placement:stage_object (stage=HeavensDoorMiddleZone;zone=HeavensDoorMiddleZone;zone_id=4;scenario=1;layer=common;table=jmp/placement/common/objinfo;object=Kuribo;factory=created_model_fallback;support_reason=direct_object_archive_model;common_path_id=-1;rail_info_attached=false;rail_path_row=-1;rail_point_count=0;rail_first_point=none;model_archive=Kuribo;object_archive=/ObjectData/Kuribo.arc)
[src/runtime/RuntimeContext.cpp:1485][APP - INFO] SMG semantic event name_obj_lifecycle:archive_request (object=Kuribo;archive=Kuribo;kind=object;loaded=true;disc_path=Kuribo.arc)
[src/runtime/RuntimeContext.cpp:1485][APP - INFO] SMG semantic event name_obj_lifecycle:connect_to_scene (object=Kuribo;kind=live_actor_model;movement=34;calc_anim=5;draw_buffer=8;draw_type=-1)
[src/runtime/RuntimeContext.cpp:1413][APP - INFO] Registered effect keeper Kuribo group Kuribo capacity 8
[src/runtime/RuntimeContext.cpp:1485][APP - INFO] SMG semantic event name_obj_lifecycle:construct (object=Kuribo;actor=Kuribo)
[src/runtime/RuntimeContext.cpp:1485][APP - INFO] SMG semantic event sequence:stage_host_constructed (host=Kuribo;stage=HeavensDoorGalaxy)
[src/runtime/RuntimeContext.cpp:1485][APP - INFO] SMG semantic event name_obj_lifecycle:init_from_placement (object=Kuribo;stage=HeavensDoorMiddleZone;zone=HeavensDoorMiddleZone;table=jmp/placement/common/objinfo;row=14;l_id=33)
[src/runtime/RuntimeContext.cpp:1485][APP - INFO] SMG semantic event sequence:stage_host_initialized (host=Kuribo;stage=HeavensDoorGalaxy)
[src/runtime/RuntimeContext.cpp:1485][APP - INFO] SMG semantic event placement:stage_object (stage=HeavensDoorMiddleZone;zone=HeavensDoorMiddleZone;zone_id=4;scenario=1;layer=common;table=jmp/placement/common/objinfo;object=ShockWaveGenerator;factory=created_model_fallback;support_reason=direct_object_archive_model;common_path_id=-1;rail_info_attached=false;rail_path_row=-1;rail_point_count=0;rail_first_point=none;model_archive=ShockWaveGenerator;object_archive=/ObjectData/ShockWaveGenerator.arc)
[src/runtime/RuntimeContext.cpp:1485][APP - INFO] SMG semantic event name_obj_lifecycle:archive_request (object=ShockWaveGenerator;archive=ShockWaveGenerator;kind=object;loaded=true;disc_path=ShockWaveGenerator.arc)
[src/runtime/RuntimeContext.cpp:1485][APP - INFO] SMG semantic event name_obj_lifecycle:connect_to_scene (object=ShockWaveGenerator;kind=live_actor_model;movement=34;calc_anim=5;draw_buffer=8;draw_type=-1)
[src/runtime/RuntimeContext.cpp:1413][APP - INFO] Registered effect keeper ShockWaveGenerator group ShockWaveGenerator capacity 8
[src/runtime/RuntimeContext.cpp:1485][APP - INFO] SMG semantic event name_obj_lifecycle:construct (object=ShockWaveGenerator;actor=ShockWaveGenerator)
[src/runtime/RuntimeContext.cpp:1485][APP - INFO] SMG semantic event sequence:stage_host_constructed (host=ShockWaveGenerator;stage=HeavensDoorGalaxy)
[src/runtime/RuntimeContext.cpp:1485][APP - INFO] SMG semantic event name_obj_lifecycle:init_from_placement (object=ShockWaveGenerator;stage=HeavensDoorMiddleZone;zone=HeavensDoorMiddleZone;table=jmp/placement/common/objinfo;row=15;l_id=34)
[src/runtime/RuntimeContext.cpp:1485][APP - INFO] SMG semantic event sequence:stage_host_initialized (host=ShockWaveGenerator;stage=HeavensDoorGalaxy)
[src/runtime/RuntimeContext.cpp:1485][APP - INFO] SMG semantic event placement:stage_object (stage=HeavensDoorMiddleZone;zone=HeavensDoorMiddleZone;zone_id=4;scenario=1;layer=common;table=jmp/placement/common/objinfo;object=ShockWaveGenerator;factory=created_model_fallback;support_reason=direct_object_archive_model;common_path_id=-1;rail_info_attached=false;rail_path_row=-1;rail_point_count=0;rail_first_point=none;model_archive=ShockWaveGenerator;object_archive=/ObjectData/ShockWaveGenerator.arc)
[src/runtime/RuntimeContext.cpp:1485][APP - INFO] SMG semantic event name_obj_lifecycle:archive_request (object=ShockWaveGenerator;archive=ShockWaveGenerator;kind=object;loaded=true;disc_path=ShockWaveGenerator.arc)
[src/runtime/RuntimeContext.cpp:1485][APP - INFO] SMG semantic event name_obj_lifecycle:connect_to_scene (object=ShockWaveGenerator;kind=live_actor_model;movement=34;calc_anim=5;draw_buffer=8;draw_type=-1)
[src/runtime/RuntimeContext.cpp:1413][APP - INFO] Registered effect keeper ShockWaveGenerator group ShockWaveGenerator capacity 8
[src/runtime/RuntimeContext.cpp:1485][APP - INFO] SMG semantic event name_obj_lifecycle:construct (object=ShockWaveGenerator;actor=ShockWaveGenerator)
[src/runtime/RuntimeContext.cpp:1485][APP - INFO] SMG semantic event sequence:stage_host_constructed (host=ShockWaveGenerator;stage=HeavensDoorGalaxy)
[src/runtime/RuntimeContext.cpp:1485][APP - INFO] SMG semantic event name_obj_lifecycle:init_from_placement (object=ShockWaveGenerator;stage=HeavensDoorMiddleZone;zone=HeavensDoorMiddleZone;table=jmp/placement/common/objinfo;row=16;l_id=35)
[src/runtime/RuntimeContext.cpp:1485][APP - INFO] SMG semantic event sequence:stage_host_initialized (host=ShockWaveGenerator;stage=HeavensDoorGalaxy)
[src/runtime/RuntimeContext.cpp:1485][APP - INFO] SMG semantic event placement:stage_object (stage=HeavensDoorMiddleZone;zone=HeavensDoorMiddleZone;zone_id=4;scenario=1;layer=common;table=jmp/placement/common/objinfo;object=ShockWaveGenerator;factory=created_model_fallback;support_reason=direct_object_archive_model;common_path_id=-1;rail_info_attached=false;rail_path_row=-1;rail_point_count=0;rail_first_point=none;model_archive=ShockWaveGenerator;object_archive=/ObjectData/ShockWaveGenerator.arc)
[src/runtime/RuntimeContext.cpp:1485][APP - INFO] SMG semantic event name_obj_lifecycle:archive_request (object=ShockWaveGenerator;archive=ShockWaveGenerator;kind=object;loaded=true;disc_path=ShockWaveGenerator.arc)
[src/runtime/RuntimeContext.cpp:1485][APP - INFO] SMG semantic event name_obj_lifecycle:connect_to_scene (object=ShockWaveGenerator;kind=live_actor_model;movement=34;calc_anim=5;draw_buffer=8;draw_type=-1)
[src/runtime/RuntimeContext.cpp:1413][APP - INFO] Registered effect keeper ShockWaveGenerator group ShockWaveGenerator capacity 8
[src/runtime/RuntimeContext.cpp:1485][APP - INFO] SMG semantic event name_obj_lifecycle:construct (object=ShockWaveGenerator;actor=ShockWaveGenerator)
[src/runtime/RuntimeContext.cpp:1485][APP - INFO] SMG semantic event sequence:stage_host_constructed (host=ShockWaveGenerator;stage=HeavensDoorGalaxy)
[src/runtime/RuntimeContext.cpp:1485][APP - INFO] SMG semantic event name_obj_lifecycle:init_from_placement (object=ShockWaveGenerator;stage=HeavensDoorMiddleZone;zone=HeavensDoorMiddleZone;table=jmp/placement/common/objinfo;row=17;l_id=36)
[src/runtime/RuntimeContext.cpp:1485][APP - INFO] SMG semantic event sequence:stage_host_initialized (host=ShockWaveGenerator;stage=HeavensDoorGalaxy)
[src/runtime/RuntimeContext.cpp:1485][APP - INFO] SMG semantic event placement:stage_object (stage=HeavensDoorMiddleZone;zone=HeavensDoorMiddleZone;zone_id=4;scenario=1;layer=common;table=jmp/placement/common/objinfo;object=ShockWaveGenerator;factory=created_model_fallback;support_reason=direct_object_archive_model;common_path_id=-1;rail_info_attached=false;rail_path_row=-1;rail_point_count=0;rail_first_point=none;model_archive=ShockWaveGenerator;object_archive=/ObjectData/ShockWaveGenerator.arc)
[src/runtime/RuntimeContext.cpp:1485][APP - INFO] SMG semantic event name_obj_lifecycle:archive_request (object=ShockWaveGenerator;archive=ShockWaveGenerator;kind=object;loaded=true;disc_path=ShockWaveGenerator.arc)
[src/runtime/RuntimeContext.cpp:1485][APP - INFO] SMG semantic event name_obj_lifecycle:connect_to_scene (object=ShockWaveGenerator;kind=live_actor_model;movement=34;calc_anim=5;draw_buffer=8;draw_type=-1)
[src/runtime/RuntimeContext.cpp:1413][APP - INFO] Registered effect keeper ShockWaveGenerator group ShockWaveGenerator capacity 8
[src/runtime/RuntimeContext.cpp:1485][APP - INFO] SMG semantic event name_obj_lifecycle:construct (object=ShockWaveGenerator;actor=ShockWaveGenerator)
[src/runtime/RuntimeContext.cpp:1485][APP - INFO] SMG semantic event sequence:stage_host_constructed (host=ShockWaveGenerator;stage=HeavensDoorGalaxy)
[src/runtime/RuntimeContext.cpp:1485][APP - INFO] SMG semantic event name_obj_lifecycle:init_from_placement (object=ShockWaveGenerator;stage=HeavensDoorMiddleZone;zone=HeavensDoorMiddleZone;table=jmp/placement/common/objinfo;row=18;l_id=37)
[src/runtime/RuntimeContext.cpp:1485][APP - INFO] SMG semantic event sequence:stage_host_initialized (host=ShockWaveGenerator;stage=HeavensDoorGalaxy)
[src/runtime/RuntimeContext.cpp:1485][APP - INFO] SMG semantic event placement:stage_object (stage=HeavensDoorMiddleZone;zone=HeavensDoorMiddleZone;zone_id=4;scenario=1;layer=common;table=jmp/placement/common/objinfo;object=ShockWaveGenerator;factory=created_model_fallback;support_reason=direct_object_archive_model;common_path_id=-1;rail_info_attached=false;rail_path_row=-1;rail_point_count=0;rail_first_point=none;model_archive=ShockWaveGenerator;object_archive=/ObjectData/ShockWaveGenerator.arc)
[src/runtime/RuntimeContext.cpp:1485][APP - INFO] SMG semantic event name_obj_lifecycle:archive_request (object=ShockWaveGenerator;archive=ShockWaveGenerator;kind=object;loaded=true;disc_path=ShockWaveGenerator.arc)
[src/runtime/RuntimeContext.cpp:1485][APP - INFO] SMG semantic event name_obj_lifecycle:connect_to_scene (object=ShockWaveGenerator;kind=live_actor_model;movement=34;calc_anim=5;draw_buffer=8;draw_type=-1)
[src/runtime/RuntimeContext.cpp:1413][APP - INFO] Registered effect keeper ShockWaveGenerator group ShockWaveGenerator capacity 8
[src/runtime/RuntimeContext.cpp:1485][APP - INFO] SMG semantic event name_obj_lifecycle:construct (object=ShockWaveGenerator;actor=ShockWaveGenerator)
[src/runtime/RuntimeContext.cpp:1485][APP - INFO] SMG semantic event sequence:stage_host_constructed (host=ShockWaveGenerator;stage=HeavensDoorGalaxy)
[src/runtime/RuntimeContext.cpp:1485][APP - INFO] SMG semantic event name_obj_lifecycle:init_from_placement (object=ShockWaveGenerator;stage=HeavensDoorMiddleZone;zone=HeavensDoorMiddleZone;table=jmp/placement/common/objinfo;row=19;l_id=38)
[src/runtime/RuntimeContext.cpp:1485][APP - INFO] SMG semantic event sequence:stage_host_initialized (host=ShockWaveGenerator;stage=HeavensDoorGalaxy)
[src/runtime/RuntimeContext.cpp:1485][APP - INFO] SMG semantic event placement:stage_object (stage=HeavensDoorMiddleZone;zone=HeavensDoorMiddleZone;zone_id=4;scenario=1;layer=common;table=jmp/placement/common/objinfo;object=ShockWaveGenerator;factory=created_model_fallback;support_reason=direct_object_archive_model;common_path_id=-1;rail_info_attached=false;rail_path_row=-1;rail_point_count=0;rail_first_point=none;model_archive=ShockWaveGenerator;object_archive=/ObjectData/ShockWaveGenerator.arc)
[src/runtime/RuntimeContext.cpp:1485][APP - INFO] SMG semantic event name_obj_lifecycle:archive_request (object=ShockWaveGenerator;archive=ShockWaveGenerator;kind=object;loaded=true;disc_path=ShockWaveGenerator.arc)
[src/runtime/RuntimeContext.cpp:1485][APP - INFO] SMG semantic event name_obj_lifecycle:connect_to_scene (object=ShockWaveGenerator;kind=live_actor_model;movement=34;calc_anim=5;draw_buffer=8;draw_type=-1)
[src/runtime/RuntimeContext.cpp:1413][APP - INFO] Registered effect keeper ShockWaveGenerator group ShockWaveGenerator capacity 8
[src/runtime/RuntimeContext.cpp:1485][APP - INFO] SMG semantic event name_obj_lifecycle:construct (object=ShockWaveGenerator;actor=ShockWaveGenerator)
[src/runtime/RuntimeContext.cpp:1485][APP - INFO] SMG semantic event sequence:stage_host_constructed (host=ShockWaveGenerator;stage=HeavensDoorGalaxy)
[src/runtime/RuntimeContext.cpp:1485][APP - INFO] SMG semantic event name_obj_lifecycle:init_from_placement (object=ShockWaveGenerator;stage=HeavensDoorMiddleZone;zone=HeavensDoorMiddleZone;table=jmp/placement/common/objinfo;row=20;l_id=39)
[src/runtime/RuntimeContext.cpp:1485][APP - INFO] SMG semantic event sequence:stage_host_initialized (host=ShockWaveGenerator;stage=HeavensDoorGalaxy)
[src/runtime/RuntimeContext.cpp:1485][APP - INFO] SMG semantic event placement:stage_object (stage=HeavensDoorMiddleZone;zone=HeavensDoorMiddleZone;zone_id=4;scenario=1;layer=common;table=jmp/placement/common/objinfo;object=ShockWaveGenerator;factory=created_model_fallback;support_reason=direct_object_archive_model;common_path_id=-1;rail_info_attached=false;rail_path_row=-1;rail_point_count=0;rail_first_point=none;model_archive=ShockWaveGenerator;object_archive=/ObjectData/ShockWaveGenerator.arc)
[src/runtime/RuntimeContext.cpp:1485][APP - INFO] SMG semantic event name_obj_lifecycle:archive_request (object=ShockWaveGenerator;archive=ShockWaveGenerator;kind=object;loaded=true;disc_path=ShockWaveGenerator.arc)
[src/runtime/RuntimeContext.cpp:1485][APP - INFO] SMG semantic event name_obj_lifecycle:connect_to_scene (object=ShockWaveGenerator;kind=live_actor_model;movement=34;calc_anim=5;draw_buffer=8;draw_type=-1)
[src/runtime/RuntimeContext.cpp:1413][APP - INFO] Registered effect keeper ShockWaveGenerator group ShockWaveGenerator capacity 8
[src/runtime/RuntimeContext.cpp:1485][APP - INFO] SMG semantic event name_obj_lifecycle:construct (object=ShockWaveGenerator;actor=ShockWaveGenerator)
[src/runtime/RuntimeContext.cpp:1485][APP - INFO] SMG semantic event sequence:stage_host_constructed (host=ShockWaveGenerator;stage=HeavensDoorGalaxy)
[src/runtime/RuntimeContext.cpp:1485][APP - INFO] SMG semantic event name_obj_lifecycle:init_from_placement (object=ShockWaveGenerator;stage=HeavensDoorMiddleZone;zone=HeavensDoorMiddleZone;table=jmp/placement/common/objinfo;row=21;l_id=40)
[src/runtime/RuntimeContext.cpp:1485][APP - INFO] SMG semantic event sequence:stage_host_initialized (host=ShockWaveGenerator;stage=HeavensDoorGalaxy)
[src/runtime/RuntimeContext.cpp:1485][APP - INFO] SMG semantic event placement:stage_object (stage=HeavensDoorMiddleZone;zone=HeavensDoorMiddleZone;zone_id=4;scenario=1;layer=common;table=jmp/placement/common/objinfo;object=ShockWaveGenerator;factory=created_model_fallback;support_reason=direct_object_archive_model;common_path_id=-1;rail_info_attached=false;rail_path_row=-1;rail_point_count=0;rail_first_point=none;model_archive=ShockWaveGenerator;object_archive=/ObjectData/ShockWaveGenerator.arc)
[src/runtime/RuntimeContext.cpp:1485][APP - INFO] SMG semantic event name_obj_lifecycle:archive_request (object=ShockWaveGenerator;archive=ShockWaveGenerator;kind=object;loaded=true;disc_path=ShockWaveGenerator.arc)
[src/runtime/RuntimeContext.cpp:1485][APP - INFO] SMG semantic event name_obj_lifecycle:connect_to_scene (object=ShockWaveGenerator;kind=live_actor_model;movement=34;calc_anim=5;draw_buffer=8;draw_type=-1)
[src/runtime/RuntimeContext.cpp:1413][APP - INFO] Registered effect keeper ShockWaveGenerator group ShockWaveGenerator capacity 8
[src/runtime/RuntimeContext.cpp:1485][APP - INFO] SMG semantic event name_obj_lifecycle:construct (object=ShockWaveGenerator;actor=ShockWaveGenerator)
[src/runtime/RuntimeContext.cpp:1485][APP - INFO] SMG semantic event sequence:stage_host_constructed (host=ShockWaveGenerator;stage=HeavensDoorGalaxy)
[src/runtime/RuntimeContext.cpp:1485][APP - INFO] SMG semantic event name_obj_lifecycle:init_from_placement (object=ShockWaveGenerator;stage=HeavensDoorMiddleZone;zone=HeavensDoorMiddleZone;table=jmp/placement/common/objinfo;row=22;l_id=41)
[src/runtime/RuntimeContext.cpp:1485][APP - INFO] SMG semantic event sequence:stage_host_initialized (host=ShockWaveGenerator;stage=HeavensDoorGalaxy)
[src/runtime/RuntimeContext.cpp:1485][APP - INFO] SMG semantic event placement:stage_object (stage=HeavensDoorMiddleZone;zone=HeavensDoorMiddleZone;zone_id=4;scenario=1;layer=common;table=jmp/placement/common/objinfo;object=KuriboMini;factory=created_model_fallback;support_reason=direct_object_archive_model;common_path_id=-1;rail_info_attached=false;rail_path_row=-1;rail_point_count=0;rail_first_point=none;model_archive=KuriboMini;object_archive=/ObjectData/KuriboMini.arc)
[src/runtime/RuntimeContext.cpp:1485][APP - INFO] SMG semantic event name_obj_lifecycle:archive_request (object=KuriboMini;archive=KuriboMini;kind=object;loaded=true;disc_path=KuriboMini.arc)
[src/runtime/RuntimeContext.cpp:1485][APP - INFO] SMG semantic event name_obj_lifecycle:connect_to_scene (object=KuriboMini;kind=live_actor_model;movement=34;calc_anim=5;draw_buffer=8;draw_type=-1)
[src/runtime/RuntimeContext.cpp:1413][APP - INFO] Registered effect keeper KuriboMini group KuriboMini capacity 8
[src/runtime/RuntimeContext.cpp:1485][APP - INFO] SMG semantic event name_obj_lifecycle:construct (object=KuriboMini;actor=KuriboMini)
[src/runtime/RuntimeContext.cpp:1485][APP - INFO] SMG semantic event sequence:stage_host_constructed (host=KuriboMini;stage=HeavensDoorGalaxy)
[src/runtime/RuntimeContext.cpp:1485][APP - INFO] SMG semantic event name_obj_lifecycle:init_from_placement (object=KuriboMini;stage=HeavensDoorMiddleZone;zone=HeavensDoorMiddleZone;table=jmp/placement/common/objinfo;row=23;l_id=42)
[src/runtime/RuntimeContext.cpp:1485][APP - INFO] SMG semantic event sequence:stage_host_initialized (host=KuriboMini;stage=HeavensDoorGalaxy)
[src/runtime/RuntimeContext.cpp:1485][APP - INFO] SMG semantic event placement:stage_object (stage=HeavensDoorMiddleZone;zone=HeavensDoorMiddleZone;zone_id=4;scenario=1;layer=common;table=jmp/placement/common/objinfo;object=Tico;factory=created_model_fallback;support_reason=direct_object_archive_model;common_path_id=-1;rail_info_attached=false;rail_path_row=-1;rail_point_count=0;rail_first_point=none;model_archive=Tico;object_archive=/ObjectData/Tico.arc)
[src/runtime/RuntimeContext.cpp:1485][APP - INFO] SMG semantic event name_obj_lifecycle:archive_request (object=Tico;archive=Tico;kind=object;loaded=true;disc_path=Tico.arc)
[src/runtime/RuntimeContext.cpp:1485][APP - INFO] SMG semantic event name_obj_lifecycle:connect_to_scene (object=Tico;kind=live_actor_model;movement=34;calc_anim=5;draw_buffer=8;draw_type=-1)
[src/runtime/RuntimeContext.cpp:1413][APP - INFO] Registered effect keeper Tico group Tico capacity 8
[src/runtime/RuntimeContext.cpp:1485][APP - INFO] SMG semantic event name_obj_lifecycle:construct (object=Tico;actor=Tico)
[src/runtime/RuntimeContext.cpp:1485][APP - INFO] SMG semantic event sequence:stage_host_constructed (host=Tico;stage=HeavensDoorGalaxy)
[src/runtime/RuntimeContext.cpp:1485][APP - INFO] SMG semantic event name_obj_lifecycle:init_from_placement (object=Tico;stage=HeavensDoorMiddleZone;zone=HeavensDoorMiddleZone;table=jmp/placement/common/objinfo;row=24;l_id=43)
[src/runtime/RuntimeContext.cpp:1485][APP - INFO] SMG semantic event sequence:stage_host_initialized (host=Tico;stage=HeavensDoorGalaxy)
[src/runtime/RuntimeContext.cpp:1485][APP - INFO] SMG semantic event placement:stage_object (stage=HeavensDoorMiddleZone;zone=HeavensDoorMiddleZone;zone_id=4;scenario=1;layer=common;table=jmp/placement/common/planetobjinfo;object=GlobalPointGravity;factory=ignored;support_reason=non_renderable_placement_helper_table;common_path_id=-1;rail_info_attached=false;rail_path_row=-1;rail_point_count=0;rail_first_point=none;model_archive=;object_archive=)
[src/runtime/RuntimeContext.cpp:1485][APP - INFO] SMG semantic event placement:stage_object (stage=HeavensDoorInsideZone;zone=HeavensDoorInsideZone;zone_id=2;scenario=1;layer=common;table=jmp/mapparts/common/mappartsinfo;object=HeavensDoorInsideRotatePartsB;factory=created_model_fallback;support_reason=direct_object_archive_model;common_path_id=-1;rail_info_attached=false;rail_path_row=-1;rail_point_count=0;rail_first_point=none;model_archive=HeavensDoorInsideRotatePartsB;object_archive=/ObjectData/HeavensDoorInsideRotatePartsB.arc)
[src/runtime/RuntimeContext.cpp:1485][APP - INFO] SMG semantic event name_obj_lifecycle:archive_request (object=HeavensDoorInsideRotatePartsB;archive=HeavensDoorInsideRotatePartsB;kind=object;loaded=true;disc_path=HeavensDoorInsideRotatePartsB.arc)
[src/runtime/RuntimeContext.cpp:1485][APP - INFO] SMG semantic event name_obj_lifecycle:connect_to_scene (object=HeavensDoorInsideRotatePartsB;kind=live_actor_model;movement=34;calc_anim=5;draw_buffer=8;draw_type=-1)
[src/runtime/RuntimeContext.cpp:1413][APP - INFO] Registered effect keeper HeavensDoorInsideRotatePartsB group HeavensDoorInsideRotatePartsB capacity 8
[src/runtime/RuntimeContext.cpp:1485][APP - INFO] SMG semantic event name_obj_lifecycle:construct (object=HeavensDoorInsideRotatePartsB;actor=HeavensDoorInsideRotatePartsB)
[src/runtime/RuntimeContext.cpp:1485][APP - INFO] SMG semantic event sequence:stage_host_constructed (host=HeavensDoorInsideRotatePartsB;stage=HeavensDoorGalaxy)
[src/runtime/RuntimeContext.cpp:1485][APP - INFO] SMG semantic event name_obj_lifecycle:init_from_placement (object=HeavensDoorInsideRotatePartsB;stage=HeavensDoorInsideZone;zone=HeavensDoorInsideZone;table=jmp/mapparts/common/mappartsinfo;row=0;l_id=1)
[src/runtime/RuntimeContext.cpp:1485][APP - INFO] SMG semantic event sequence:stage_host_initialized (host=HeavensDoorInsideRotatePartsB;stage=HeavensDoorGalaxy)
[src/runtime/RuntimeContext.cpp:1485][APP - INFO] SMG semantic event placement:stage_object (stage=HeavensDoorInsideZone;zone=HeavensDoorInsideZone;zone_id=2;scenario=1;layer=common;table=jmp/mapparts/common/mappartsinfo;object=HeavensDoorInsideRotatePartsA;factory=created_model_fallback;support_reason=direct_object_archive_model;common_path_id=-1;rail_info_attached=false;rail_path_row=-1;rail_point_count=0;rail_first_point=none;model_archive=HeavensDoorInsideRotatePartsA;object_archive=/ObjectData/HeavensDoorInsideRotatePartsA.arc)
[src/runtime/RuntimeContext.cpp:1485][APP - INFO] SMG semantic event name_obj_lifecycle:archive_request (object=HeavensDoorInsideRotatePartsA;archive=HeavensDoorInsideRotatePartsA;kind=object;loaded=true;disc_path=HeavensDoorInsideRotatePartsA.arc)
[src/runtime/RuntimeContext.cpp:1485][APP - INFO] SMG semantic event name_obj_lifecycle:connect_to_scene (object=HeavensDoorInsideRotatePartsA;kind=live_actor_model;movement=34;calc_anim=5;draw_buffer=8;draw_type=-1)
[src/runtime/RuntimeContext.cpp:1413][APP - INFO] Registered effect keeper HeavensDoorInsideRotatePartsA group HeavensDoorInsideRotatePartsA capacity 8
[src/runtime/RuntimeContext.cpp:1485][APP - INFO] SMG semantic event name_obj_lifecycle:construct (object=HeavensDoorInsideRotatePartsA;actor=HeavensDoorInsideRotatePartsA)
[src/runtime/RuntimeContext.cpp:1485][APP - INFO] SMG semantic event sequence:stage_host_constructed (host=HeavensDoorInsideRotatePartsA;stage=HeavensDoorGalaxy)
[src/runtime/RuntimeContext.cpp:1485][APP - INFO] SMG semantic event name_obj_lifecycle:init_from_placement (object=HeavensDoorInsideRotatePartsA;stage=HeavensDoorInsideZone;zone=HeavensDoorInsideZone;table=jmp/mapparts/common/mappartsinfo;row=1;l_id=2)
[src/runtime/RuntimeContext.cpp:1485][APP - INFO] SMG semantic event sequence:stage_host_initialized (host=HeavensDoorInsideRotatePartsA;stage=HeavensDoorGalaxy)
[src/runtime/RuntimeContext.cpp:1485][APP - INFO] SMG semantic event placement:stage_object (stage=HeavensDoorInsideZone;zone=HeavensDoorInsideZone;zone_id=2;scenario=1;layer=common;table=jmp/mapparts/common/mappartsinfo;object=HeavensDoorInsideRotatePartsC;factory=created_model_fallback;support_reason=direct_object_archive_model;common_path_id=-1;rail_info_attached=false;rail_path_row=-1;rail_point_count=0;rail_first_point=none;model_archive=HeavensDoorInsideRotatePartsC;object_archive=/ObjectData/HeavensDoorInsideRotatePartsC.arc)
[src/runtime/RuntimeContext.cpp:1485][APP - INFO] SMG semantic event name_obj_lifecycle:archive_request (object=HeavensDoorInsideRotatePartsC;archive=HeavensDoorInsideRotatePartsC;kind=object;loaded=true;disc_path=HeavensDoorInsideRotatePartsC.arc)
[src/runtime/RuntimeContext.cpp:1485][APP - INFO] SMG semantic event name_obj_lifecycle:connect_to_scene (object=HeavensDoorInsideRotatePartsC;kind=live_actor_model;movement=34;calc_anim=5;draw_buffer=8;draw_type=-1)
[src/runtime/RuntimeContext.cpp:1413][APP - INFO] Registered effect keeper HeavensDoorInsideRotatePartsC group HeavensDoorInsideRotatePartsC capacity 8
[src/runtime/RuntimeContext.cpp:1485][APP - INFO] SMG semantic event name_obj_lifecycle:construct (object=HeavensDoorInsideRotatePartsC;actor=HeavensDoorInsideRotatePartsC)
[src/runtime/RuntimeContext.cpp:1485][APP - INFO] SMG semantic event sequence:stage_host_constructed (host=HeavensDoorInsideRotatePartsC;stage=HeavensDoorGalaxy)
[src/runtime/RuntimeContext.cpp:1485][APP - INFO] SMG semantic event name_obj_lifecycle:init_from_placement (object=HeavensDoorInsideRotatePartsC;stage=HeavensDoorInsideZone;zone=HeavensDoorInsideZone;table=jmp/mapparts/common/mappartsinfo;row=2;l_id=3)
[src/runtime/RuntimeContext.cpp:1485][APP - INFO] SMG semantic event sequence:stage_host_initialized (host=HeavensDoorInsideRotatePartsC;stage=HeavensDoorGalaxy)
[src/runtime/RuntimeContext.cpp:1485][APP - INFO] SMG semantic event placement:stage_object (stage=HeavensDoorInsideZone;zone=HeavensDoorInsideZone;zone_id=2;scenario=1;layer=common;table=jmp/placement/common/areaobjinfo;object=BloomCube;factory=ignored;support_reason=non_renderable_placement_helper_table;common_path_id=-1;rail_info_attached=false;rail_path_row=-1;rail_point_count=0;rail_first_point=none;model_archive=;object_archive=)
[src/runtime/RuntimeContext.cpp:1485][APP - INFO] SMG semantic event placement:stage_object (stage=HeavensDoorInsideZone;zone=HeavensDoorInsideZone;zone_id=2;scenario=1;layer=common;table=jmp/placement/common/areaobjinfo;object=AudioEffectSphere;factory=ignored;support_reason=non_renderable_placement_helper_table;common_path_id=-1;rail_info_attached=false;rail_path_row=-1;rail_point_count=0;rail_first_point=none;model_archive=;object_archive=)
[src/runtime/RuntimeContext.cpp:1485][APP - INFO] SMG semantic event placement:stage_object (stage=HeavensDoorInsideZone;zone=HeavensDoorInsideZone;zone_id=2;scenario=1;layer=common;table=jmp/placement/common/cameracubeinfo;object=CubeCameraSphere;factory=ignored;support_reason=non_renderable_placement_helper_table;common_path_id=-1;rail_info_attached=false;rail_path_row=-1;rail_point_count=0;rail_first_point=none;model_archive=;object_archive=)
[src/runtime/RuntimeContext.cpp:1485][APP - INFO] SMG semantic event placement:stage_object (stage=HeavensDoorInsideZone;zone=HeavensDoorInsideZone;zone_id=2;scenario=1;layer=common;table=jmp/placement/common/demoobjinfo;object=DemoGroup;factory=ignored;support_reason=non_renderable_placement_helper_table;common_path_id=-1;rail_info_attached=false;rail_path_row=-1;rail_point_count=0;rail_first_point=none;model_archive=;object_archive=)
[src/runtime/RuntimeContext.cpp:1485][APP - INFO] SMG semantic event placement:stage_object (stage=HeavensDoorInsideZone;zone=HeavensDoorInsideZone;zone_id=2;scenario=1;layer=common;table=jmp/placement/common/objinfo;object=FlipPanelObserver;factory=blocked;support_reason=no_original_factory_or_direct_object_archive;common_path_id=-1;rail_info_attached=false;rail_path_row=-1;rail_point_count=0;rail_first_point=none;model_archive=;object_archive=)
[src/runtime/RuntimeContext.cpp:1485][APP - INFO] SMG semantic event placement:stage_object (stage=HeavensDoorInsideZone;zone=HeavensDoorInsideZone;zone_id=2;scenario=1;layer=common;table=jmp/placement/common/objinfo;object=Kuribo;factory=created_model_fallback;support_reason=direct_object_archive_model;common_path_id=-1;rail_info_attached=false;rail_path_row=-1;rail_point_count=0;rail_first_point=none;model_archive=Kuribo;object_archive=/ObjectData/Kuribo.arc)
[src/runtime/RuntimeContext.cpp:1485][APP - INFO] SMG semantic event name_obj_lifecycle:archive_request (object=Kuribo;archive=Kuribo;kind=object;loaded=true;disc_path=Kuribo.arc)
[src/runtime/RuntimeContext.cpp:1485][APP - INFO] SMG semantic event name_obj_lifecycle:connect_to_scene (object=Kuribo;kind=live_actor_model;movement=34;calc_anim=5;draw_buffer=8;draw_type=-1)
[src/runtime/RuntimeContext.cpp:1413][APP - INFO] Registered effect keeper Kuribo group Kuribo capacity 8
[src/runtime/RuntimeContext.cpp:1485][APP - INFO] SMG semantic event name_obj_lifecycle:construct (object=Kuribo;actor=Kuribo)
[src/runtime/RuntimeContext.cpp:1485][APP - INFO] SMG semantic event sequence:stage_host_constructed (host=Kuribo;stage=HeavensDoorGalaxy)
[src/runtime/RuntimeContext.cpp:1485][APP - INFO] SMG semantic event name_obj_lifecycle:init_from_placement (object=Kuribo;stage=HeavensDoorInsideZone;zone=HeavensDoorInsideZone;table=jmp/placement/common/objinfo;row=1;l_id=16)
[src/runtime/RuntimeContext.cpp:1485][APP - INFO] SMG semantic event sequence:stage_host_initialized (host=Kuribo;stage=HeavensDoorGalaxy)
[src/runtime/RuntimeContext.cpp:1485][APP - INFO] SMG semantic event placement:stage_object (stage=HeavensDoorInsideZone;zone=HeavensDoorInsideZone;zone_id=2;scenario=1;layer=common;table=jmp/placement/common/objinfo;object=Kuribo;factory=created_model_fallback;support_reason=direct_object_archive_model;common_path_id=-1;rail_info_attached=false;rail_path_row=-1;rail_point_count=0;rail_first_point=none;model_archive=Kuribo;object_archive=/ObjectData/Kuribo.arc)
[src/runtime/RuntimeContext.cpp:1485][APP - INFO] SMG semantic event name_obj_lifecycle:archive_request (object=Kuribo;archive=Kuribo;kind=object;loaded=true;disc_path=Kuribo.arc)
[src/runtime/RuntimeContext.cpp:1485][APP - INFO] SMG semantic event name_obj_lifecycle:connect_to_scene (object=Kuribo;kind=live_actor_model;movement=34;calc_anim=5;draw_buffer=8;draw_type=-1)
[src/runtime/RuntimeContext.cpp:1413][APP - INFO] Registered effect keeper Kuribo group Kuribo capacity 8
[src/runtime/RuntimeContext.cpp:1485][APP - INFO] SMG semantic event name_obj_lifecycle:construct (object=Kuribo;actor=Kuribo)
[src/runtime/RuntimeContext.cpp:1485][APP - INFO] SMG semantic event sequence:stage_host_constructed (host=Kuribo;stage=HeavensDoorGalaxy)
[src/runtime/RuntimeContext.cpp:1485][APP - INFO] SMG semantic event name_obj_lifecycle:init_from_placement (object=Kuribo;stage=HeavensDoorInsideZone;zone=HeavensDoorInsideZone;table=jmp/placement/common/objinfo;row=2;l_id=17)
[src/runtime/RuntimeContext.cpp:1485][APP - INFO] SMG semantic event sequence:stage_host_initialized (host=Kuribo;stage=HeavensDoorGalaxy)
[src/runtime/RuntimeContext.cpp:1485][APP - INFO] SMG semantic event placement:stage_object (stage=HeavensDoorInsideZone;zone=HeavensDoorInsideZone;zone_id=2;scenario=1;layer=common;table=jmp/placement/common/objinfo;object=Tico;factory=created_model_fallback;support_reason=direct_object_archive_model;common_path_id=-1;rail_info_attached=false;rail_path_row=-1;rail_point_count=0;rail_first_point=none;model_archive=Tico;object_archive=/ObjectData/Tico.arc)
[src/runtime/RuntimeContext.cpp:1485][APP - INFO] SMG semantic event name_obj_lifecycle:archive_request (object=Tico;archive=Tico;kind=object;loaded=true;disc_path=Tico.arc)
[src/runtime/RuntimeContext.cpp:1485][APP - INFO] SMG semantic event name_obj_lifecycle:connect_to_scene (object=Tico;kind=live_actor_model;movement=34;calc_anim=5;draw_buffer=8;draw_type=-1)
[src/runtime/RuntimeContext.cpp:1413][APP - INFO] Registered effect keeper Tico group Tico capacity 8
[src/runtime/RuntimeContext.cpp:1485][APP - INFO] SMG semantic event name_obj_lifecycle:construct (object=Tico;actor=Tico)
[src/runtime/RuntimeContext.cpp:1485][APP - INFO] SMG semantic event sequence:stage_host_constructed (host=Tico;stage=HeavensDoorGalaxy)
[src/runtime/RuntimeContext.cpp:1485][APP - INFO] SMG semantic event name_obj_lifecycle:init_from_placement (object=Tico;stage=HeavensDoorInsideZone;zone=HeavensDoorInsideZone;table=jmp/placement/common/objinfo;row=3;l_id=24)
[src/runtime/RuntimeContext.cpp:1485][APP - INFO] SMG semantic event sequence:stage_host_initialized (host=Tico;stage=HeavensDoorGalaxy)
[src/runtime/RuntimeContext.cpp:1485][APP - INFO] SMG semantic event placement:stage_object (stage=HeavensDoorInsideZone;zone=HeavensDoorInsideZone;zone_id=2;scenario=1;layer=common;table=jmp/placement/common/objinfo;object=Tico;factory=created_model_fallback;support_reason=direct_object_archive_model;common_path_id=-1;rail_info_attached=false;rail_path_row=-1;rail_point_count=0;rail_first_point=none;model_archive=Tico;object_archive=/ObjectData/Tico.arc)
[src/runtime/RuntimeContext.cpp:1485][APP - INFO] SMG semantic event name_obj_lifecycle:archive_request (object=Tico;archive=Tico;kind=object;loaded=true;disc_path=Tico.arc)
[src/runtime/RuntimeContext.cpp:1485][APP - INFO] SMG semantic event name_obj_lifecycle:connect_to_scene (object=Tico;kind=live_actor_model;movement=34;calc_anim=5;draw_buffer=8;draw_type=-1)
[src/runtime/RuntimeContext.cpp:1413][APP - INFO] Registered effect keeper Tico group Tico capacity 8
[src/runtime/RuntimeContext.cpp:1485][APP - INFO] SMG semantic event name_obj_lifecycle:construct (object=Tico;actor=Tico)
[src/runtime/RuntimeContext.cpp:1485][APP - INFO] SMG semantic event sequence:stage_host_constructed (host=Tico;stage=HeavensDoorGalaxy)
[src/runtime/RuntimeContext.cpp:1485][APP - INFO] SMG semantic event name_obj_lifecycle:init_from_placement (object=Tico;stage=HeavensDoorInsideZone;zone=HeavensDoorInsideZone;table=jmp/placement/common/objinfo;row=4;l_id=25)
[src/runtime/RuntimeContext.cpp:1485][APP - INFO] SMG semantic event sequence:stage_host_initialized (host=Tico;stage=HeavensDoorGalaxy)
[src/runtime/RuntimeContext.cpp:1485][APP - INFO] SMG semantic event placement:stage_object (stage=HeavensDoorInsideZone;zone=HeavensDoorInsideZone;zone_id=2;scenario=1;layer=common;table=jmp/placement/common/objinfo;object=SwitchSynchronizerReverse;factory=created;support_reason=original_factory;common_path_id=-1;rail_info_attached=false;rail_path_row=-1;rail_point_count=0;rail_first_point=none;model_archive=SwitchSynchronizerReverse;object_archive=)
[src/runtime/RuntimeContext.cpp:1485][APP - INFO] SMG semantic event name_obj_lifecycle:construct (object=SwitchSynchronizerReverse;actor=SwitchSynchronizerReverse)
[src/runtime/RuntimeContext.cpp:1485][APP - INFO] SMG semantic event sequence:stage_host_constructed (host=SwitchSynchronizerReverse;stage=HeavensDoorGalaxy)
[src/runtime/RuntimeContext.cpp:1485][APP - INFO] SMG semantic event name_obj_lifecycle:init_from_placement (object=SwitchSynchronizerReverse;stage=HeavensDoorInsideZone;zone=HeavensDoorInsideZone;table=jmp/placement/common/objinfo;row=5;l_id=21)
[src/runtime/RuntimeContext.cpp:1485][APP - INFO] SMG semantic event name_obj_lifecycle:connect_to_scene (object=SwitchSynchronizerReverse;kind=name_obj;movement=34;calc_anim=-1;draw_buffer=-1;draw_type=-1)
[src/runtime/RuntimeContext.cpp:1485][APP - INFO] SMG semantic event sequence:stage_host_initialized (host=SwitchSynchronizerReverse;stage=HeavensDoorGalaxy)
[src/runtime/RuntimeContext.cpp:1485][APP - INFO] SMG semantic event placement:stage_object (stage=HeavensDoorInsideZone;zone=HeavensDoorInsideZone;zone_id=2;scenario=1;layer=common;table=jmp/placement/common/objinfo;object=HeavensDoorInsideCage;factory=created_model_fallback;support_reason=direct_object_archive_model;common_path_id=-1;rail_info_attached=false;rail_path_row=-1;rail_point_count=0;rail_first_point=none;model_archive=HeavensDoorInsideCage;object_archive=/ObjectData/HeavensDoorInsideCage.arc)
[src/runtime/RuntimeContext.cpp:1485][APP - INFO] SMG semantic event name_obj_lifecycle:archive_request (object=HeavensDoorInsideCage;archive=HeavensDoorInsideCage;kind=object;loaded=true;disc_path=HeavensDoorInsideCage.arc)
[src/runtime/RuntimeContext.cpp:1485][APP - INFO] SMG semantic event name_obj_lifecycle:connect_to_scene (object=HeavensDoorInsideCage;kind=live_actor_model;movement=34;calc_anim=5;draw_buffer=8;draw_type=-1)
[src/runtime/RuntimeContext.cpp:1413][APP - INFO] Registered effect keeper HeavensDoorInsideCage group HeavensDoorInsideCage capacity 8
[src/runtime/RuntimeContext.cpp:1485][APP - INFO] SMG semantic event name_obj_lifecycle:construct (object=HeavensDoorInsideCage;actor=HeavensDoorInsideCage)
[src/runtime/RuntimeContext.cpp:1485][APP - INFO] SMG semantic event sequence:stage_host_constructed (host=HeavensDoorInsideCage;stage=HeavensDoorGalaxy)
[src/runtime/RuntimeContext.cpp:1485][APP - INFO] SMG semantic event name_obj_lifecycle:init_from_placement (object=HeavensDoorInsideCage;stage=HeavensDoorInsideZone;zone=HeavensDoorInsideZone;table=jmp/placement/common/objinfo;row=6;l_id=28)
[src/runtime/RuntimeContext.cpp:1485][APP - INFO] SMG semantic event sequence:stage_host_initialized (host=HeavensDoorInsideCage;stage=HeavensDoorGalaxy)
[src/runtime/RuntimeContext.cpp:1485][APP - INFO] SMG semantic event placement:stage_object (stage=HeavensDoorInsideZone;zone=HeavensDoorInsideZone;zone_id=2;scenario=1;layer=common;table=jmp/placement/common/objinfo;object=HeavensDoorInsidePlanet;factory=created_model_fallback;support_reason=direct_object_archive_model;common_path_id=-1;rail_info_attached=false;rail_path_row=-1;rail_point_count=0;rail_first_point=none;model_archive=HeavensDoorInsidePlanet;object_archive=/ObjectData/HeavensDoorInsidePlanet.arc)
[src/runtime/RuntimeContext.cpp:1485][APP - INFO] SMG semantic event name_obj_lifecycle:archive_request (object=HeavensDoorInsidePlanet;archive=HeavensDoorInsidePlanet;kind=object;loaded=true;disc_path=HeavensDoorInsidePlanet.arc)
[src/runtime/RuntimeContext.cpp:1485][APP - INFO] SMG semantic event name_obj_lifecycle:connect_to_scene (object=HeavensDoorInsidePlanet;kind=live_actor_model;movement=34;calc_anim=5;draw_buffer=8;draw_type=-1)
[src/runtime/RuntimeContext.cpp:1413][APP - INFO] Registered effect keeper HeavensDoorInsidePlanet group HeavensDoorInsidePlanet capacity 8
[src/runtime/RuntimeContext.cpp:1485][APP - INFO] SMG semantic event name_obj_lifecycle:construct (object=HeavensDoorInsidePlanet;actor=HeavensDoorInsidePlanet)
[src/runtime/RuntimeContext.cpp:1485][APP - INFO] SMG semantic event sequence:stage_host_constructed (host=HeavensDoorInsidePlanet;stage=HeavensDoorGalaxy)
[src/runtime/RuntimeContext.cpp:1485][APP - INFO] SMG semantic event name_obj_lifecycle:init_from_placement (object=HeavensDoorInsidePlanet;stage=HeavensDoorInsideZone;zone=HeavensDoorInsideZone;table=jmp/placement/common/objinfo;row=7;l_id=30)
[src/runtime/RuntimeContext.cpp:1485][APP - INFO] SMG semantic event sequence:stage_host_initialized (host=HeavensDoorInsidePlanet;stage=HeavensDoorGalaxy)
[src/runtime/RuntimeContext.cpp:1485][APP - INFO] SMG semantic event placement:stage_object (stage=HeavensDoorInsideZone;zone=HeavensDoorInsideZone;zone_id=2;scenario=1;layer=common;table=jmp/placement/common/objinfo;object=HeavensDoorInsidePlanetPartsA;factory=created_model_fallback;support_reason=direct_object_archive_model;common_path_id=-1;rail_info_attached=false;rail_path_row=-1;rail_point_count=0;rail_first_point=none;model_archive=HeavensDoorInsidePlanetPartsA;object_archive=/ObjectData/HeavensDoorInsidePlanetPartsA.arc)
[src/runtime/RuntimeContext.cpp:1485][APP - INFO] SMG semantic event name_obj_lifecycle:archive_request (object=HeavensDoorInsidePlanetPartsA;archive=HeavensDoorInsidePlanetPartsA;kind=object;loaded=true;disc_path=HeavensDoorInsidePlanetPartsA.arc)
[src/runtime/RuntimeContext.cpp:1485][APP - INFO] SMG semantic event name_obj_lifecycle:archive_request (object=HeavensDoorInsidePlanetPartsA;archive=HeavensDoorInsidePlanetPartsABloom;kind=object;loaded=true;disc_path=HeavensDoorInsidePlanetPartsABloom.arc)
[src/runtime/RuntimeContext.cpp:1485][APP - INFO] SMG semantic event name_obj_lifecycle:connect_to_scene (object=HeavensDoorInsidePlanetPartsA;kind=live_actor_model;movement=34;calc_anim=5;draw_buffer=8;draw_type=-1)
[src/runtime/RuntimeContext.cpp:1413][APP - INFO] Registered effect keeper HeavensDoorInsidePlanetPartsA group HeavensDoorInsidePlanetPartsA capacity 8
[src/runtime/RuntimeContext.cpp:1485][APP - INFO] SMG semantic event name_obj_lifecycle:construct (object=HeavensDoorInsidePlanetPartsA;actor=HeavensDoorInsidePlanetPartsA)
[src/runtime/RuntimeContext.cpp:1485][APP - INFO] SMG semantic event sequence:stage_host_constructed (host=HeavensDoorInsidePlanetPartsA;stage=HeavensDoorGalaxy)
[src/runtime/RuntimeContext.cpp:1485][APP - INFO] SMG semantic event name_obj_lifecycle:init_from_placement (object=HeavensDoorInsidePlanetPartsA;stage=HeavensDoorInsideZone;zone=HeavensDoorInsideZone;table=jmp/placement/common/objinfo;row=8;l_id=31)
[src/runtime/RuntimeContext.cpp:1485][APP - INFO] SMG semantic event sequence:stage_host_initialized (host=HeavensDoorInsidePlanetPartsA;stage=HeavensDoorGalaxy)
[src/runtime/RuntimeContext.cpp:1485][APP - INFO] SMG semantic event placement:stage_object (stage=HeavensDoorInsideZone;zone=HeavensDoorInsideZone;zone_id=2;scenario=1;layer=common;table=jmp/placement/common/objinfo;object=Steam;factory=created;support_reason=original_factory;common_path_id=-1;rail_info_attached=false;rail_path_row=-1;rail_point_count=0;rail_first_point=none;model_archive=Steam;object_archive=)
[src/runtime/RuntimeContext.cpp:1485][APP - INFO] SMG semantic event name_obj_lifecycle:construct (object=Steam;actor=Steam)
[src/runtime/RuntimeContext.cpp:1485][APP - INFO] SMG semantic event sequence:stage_host_constructed (host=Steam;stage=HeavensDoorGalaxy)
[src/runtime/RuntimeContext.cpp:1485][APP - INFO] SMG semantic event name_obj_lifecycle:init_from_placement (object=Steam;stage=HeavensDoorInsideZone;zone=HeavensDoorInsideZone;table=jmp/placement/common/objinfo;row=9;l_id=32)
[src/runtime/RuntimeContext.cpp:1485][APP - INFO] SMG semantic event name_obj_lifecycle:connect_to_scene (object=Steam;kind=name_obj;movement=34;calc_anim=-1;draw_buffer=-1;draw_type=-1)
[src/runtime/RuntimeContext.cpp:1413][APP - INFO] Registered effect keeper Steam group Steam capacity 0
[src/runtime/RuntimeContext.cpp:1485][APP - INFO] SMG semantic event sequence:stage_host_initialized (host=Steam;stage=HeavensDoorGalaxy)
[src/runtime/RuntimeContext.cpp:1485][APP - INFO] SMG semantic event placement:stage_object (stage=HeavensDoorInsideZone;zone=HeavensDoorInsideZone;zone_id=2;scenario=1;layer=common;table=jmp/placement/common/objinfo;object=Steam;factory=created;support_reason=original_factory;common_path_id=-1;rail_info_attached=false;rail_path_row=-1;rail_point_count=0;rail_first_point=none;model_archive=Steam;object_archive=)
[src/runtime/RuntimeContext.cpp:1485][APP - INFO] SMG semantic event name_obj_lifecycle:construct (object=Steam;actor=Steam)
[src/runtime/RuntimeContext.cpp:1485][APP - INFO] SMG semantic event sequence:stage_host_constructed (host=Steam;stage=HeavensDoorGalaxy)
[src/runtime/RuntimeContext.cpp:1485][APP - INFO] SMG semantic event name_obj_lifecycle:init_from_placement (object=Steam;stage=HeavensDoorInsideZone;zone=HeavensDoorInsideZone;table=jmp/placement/common/objinfo;row=10;l_id=35)
[src/runtime/RuntimeContext.cpp:1485][APP - INFO] SMG semantic event name_obj_lifecycle:connect_to_scene (object=Steam;kind=name_obj;movement=34;calc_anim=-1;draw_buffer=-1;draw_type=-1)
[src/runtime/RuntimeContext.cpp:1413][APP - INFO] Registered effect keeper Steam group Steam capacity 0
[src/runtime/RuntimeContext.cpp:1485][APP - INFO] SMG semantic event sequence:stage_host_initialized (host=Steam;stage=HeavensDoorGalaxy)
[src/runtime/RuntimeContext.cpp:1485][APP - INFO] SMG semantic event placement:stage_object (stage=HeavensDoorInsideZone;zone=HeavensDoorInsideZone;zone_id=2;scenario=1;layer=common;table=jmp/placement/common/objinfo;object=Steam;factory=created;support_reason=original_factory;common_path_id=-1;rail_info_attached=false;rail_path_row=-1;rail_point_count=0;rail_first_point=none;model_archive=Steam;object_archive=)
[src/runtime/RuntimeContext.cpp:1485][APP - INFO] SMG semantic event name_obj_lifecycle:construct (object=Steam;actor=Steam)
[src/runtime/RuntimeContext.cpp:1485][APP - INFO] SMG semantic event sequence:stage_host_constructed (host=Steam;stage=HeavensDoorGalaxy)
[src/runtime/RuntimeContext.cpp:1485][APP - INFO] SMG semantic event name_obj_lifecycle:init_from_placement (object=Steam;stage=HeavensDoorInsideZone;zone=HeavensDoorInsideZone;table=jmp/placement/common/objinfo;row=11;l_id=36)
[src/runtime/RuntimeContext.cpp:1485][APP - INFO] SMG semantic event name_obj_lifecycle:connect_to_scene (object=Steam;kind=name_obj;movement=34;calc_anim=-1;draw_buffer=-1;draw_type=-1)
[src/runtime/RuntimeContext.cpp:1413][APP - INFO] Registered effect keeper Steam group Steam capacity 0
[src/runtime/RuntimeContext.cpp:1485][APP - INFO] SMG semantic event sequence:stage_host_initialized (host=Steam;stage=HeavensDoorGalaxy)
[src/runtime/RuntimeContext.cpp:1485][APP - INFO] SMG semantic event placement:stage_object (stage=HeavensDoorInsideZone;zone=HeavensDoorInsideZone;zone_id=2;scenario=1;layer=common;table=jmp/placement/common/objinfo;object=Steam;factory=created;support_reason=original_factory;common_path_id=-1;rail_info_attached=false;rail_path_row=-1;rail_point_count=0;rail_first_point=none;model_archive=Steam;object_archive=)
[src/runtime/RuntimeContext.cpp:1485][APP - INFO] SMG semantic event name_obj_lifecycle:construct (object=Steam;actor=Steam)
[src/runtime/RuntimeContext.cpp:1485][APP - INFO] SMG semantic event sequence:stage_host_constructed (host=Steam;stage=HeavensDoorGalaxy)
[src/runtime/RuntimeContext.cpp:1485][APP - INFO] SMG semantic event name_obj_lifecycle:init_from_placement (object=Steam;stage=HeavensDoorInsideZone;zone=HeavensDoorInsideZone;table=jmp/placement/common/objinfo;row=12;l_id=37)
[src/runtime/RuntimeContext.cpp:1485][APP - INFO] SMG semantic event name_obj_lifecycle:connect_to_scene (object=Steam;kind=name_obj;movement=34;calc_anim=-1;draw_buffer=-1;draw_type=-1)
[src/runtime/RuntimeContext.cpp:1413][APP - INFO] Registered effect keeper Steam group Steam capacity 0
[src/runtime/RuntimeContext.cpp:1485][APP - INFO] SMG semantic event sequence:stage_host_initialized (host=Steam;stage=HeavensDoorGalaxy)
[src/runtime/RuntimeContext.cpp:1485][APP - INFO] SMG semantic event placement:stage_object (stage=HeavensDoorInsideZone;zone=HeavensDoorInsideZone;zone_id=2;scenario=1;layer=common;table=jmp/placement/common/objinfo;object=Steam;factory=created;support_reason=original_factory;common_path_id=-1;rail_info_attached=false;rail_path_row=-1;rail_point_count=0;rail_first_point=none;model_archive=Steam;object_archive=)
[src/runtime/RuntimeContext.cpp:1485][APP - INFO] SMG semantic event name_obj_lifecycle:construct (object=Steam;actor=Steam)
[src/runtime/RuntimeContext.cpp:1485][APP - INFO] SMG semantic event sequence:stage_host_constructed (host=Steam;stage=HeavensDoorGalaxy)
[src/runtime/RuntimeContext.cpp:1485][APP - INFO] SMG semantic event name_obj_lifecycle:init_from_placement (object=Steam;stage=HeavensDoorInsideZone;zone=HeavensDoorInsideZone;table=jmp/placement/common/objinfo;row=13;l_id=38)
[src/runtime/RuntimeContext.cpp:1485][APP - INFO] SMG semantic event name_obj_lifecycle:connect_to_scene (object=Steam;kind=name_obj;movement=34;calc_anim=-1;draw_buffer=-1;draw_type=-1)
[src/runtime/RuntimeContext.cpp:1413][APP - INFO] Registered effect keeper Steam group Steam capacity 0
[src/runtime/RuntimeContext.cpp:1485][APP - INFO] SMG semantic event sequence:stage_host_initialized (host=Steam;stage=HeavensDoorGalaxy)
[src/runtime/RuntimeContext.cpp:1485][APP - INFO] SMG semantic event placement:stage_object (stage=HeavensDoorInsideZone;zone=HeavensDoorInsideZone;zone_id=2;scenario=1;layer=common;table=jmp/placement/common/objinfo;object=Steam;factory=created;support_reason=original_factory;common_path_id=-1;rail_info_attached=false;rail_path_row=-1;rail_point_count=0;rail_first_point=none;model_archive=Steam;object_archive=)
[src/runtime/RuntimeContext.cpp:1485][APP - INFO] SMG semantic event name_obj_lifecycle:construct (object=Steam;actor=Steam)
[src/runtime/RuntimeContext.cpp:1485][APP - INFO] SMG semantic event sequence:stage_host_constructed (host=Steam;stage=HeavensDoorGalaxy)
[src/runtime/RuntimeContext.cpp:1485][APP - INFO] SMG semantic event name_obj_lifecycle:init_from_placement (object=Steam;stage=HeavensDoorInsideZone;zone=HeavensDoorInsideZone;table=jmp/placement/common/objinfo;row=14;l_id=39)
[src/runtime/RuntimeContext.cpp:1485][APP - INFO] SMG semantic event name_obj_lifecycle:connect_to_scene (object=Steam;kind=name_obj;movement=34;calc_anim=-1;draw_buffer=-1;draw_type=-1)
[src/runtime/RuntimeContext.cpp:1413][APP - INFO] Registered effect keeper Steam group Steam capacity 0
[src/runtime/RuntimeContext.cpp:1485][APP - INFO] SMG semantic event sequence:stage_host_initialized (host=Steam;stage=HeavensDoorGalaxy)
[src/runtime/RuntimeContext.cpp:1485][APP - INFO] SMG semantic event placement:stage_object (stage=HeavensDoorInsideZone;zone=HeavensDoorInsideZone;zone_id=2;scenario=1;layer=common;table=jmp/placement/common/objinfo;object=Steam;factory=created;support_reason=original_factory;common_path_id=-1;rail_info_attached=false;rail_path_row=-1;rail_point_count=0;rail_first_point=none;model_archive=Steam;object_archive=)
[src/runtime/RuntimeContext.cpp:1485][APP - INFO] SMG semantic event name_obj_lifecycle:construct (object=Steam;actor=Steam)
[src/runtime/RuntimeContext.cpp:1485][APP - INFO] SMG semantic event sequence:stage_host_constructed (host=Steam;stage=HeavensDoorGalaxy)
[src/runtime/RuntimeContext.cpp:1485][APP - INFO] SMG semantic event name_obj_lifecycle:init_from_placement (object=Steam;stage=HeavensDoorInsideZone;zone=HeavensDoorInsideZone;table=jmp/placement/common/objinfo;row=15;l_id=40)
[src/runtime/RuntimeContext.cpp:1485][APP - INFO] SMG semantic event name_obj_lifecycle:connect_to_scene (object=Steam;kind=name_obj;movement=34;calc_anim=-1;draw_buffer=-1;draw_type=-1)
[src/runtime/RuntimeContext.cpp:1413][APP - INFO] Registered effect keeper Steam group Steam capacity 0
[src/runtime/RuntimeContext.cpp:1485][APP - INFO] SMG semantic event sequence:stage_host_initialized (host=Steam;stage=HeavensDoorGalaxy)
[src/runtime/RuntimeContext.cpp:1485][APP - INFO] SMG semantic event placement:stage_object (stage=HeavensDoorInsideZone;zone=HeavensDoorInsideZone;zone_id=2;scenario=1;layer=common;table=jmp/placement/common/objinfo;object=Steam;factory=created;support_reason=original_factory;common_path_id=-1;rail_info_attached=false;rail_path_row=-1;rail_point_count=0;rail_first_point=none;model_archive=Steam;object_archive=)
[src/runtime/RuntimeContext.cpp:1485][APP - INFO] SMG semantic event name_obj_lifecycle:construct (object=Steam;actor=Steam)
[src/runtime/RuntimeContext.cpp:1485][APP - INFO] SMG semantic event sequence:stage_host_constructed (host=Steam;stage=HeavensDoorGalaxy)
[src/runtime/RuntimeContext.cpp:1485][APP - INFO] SMG semantic event name_obj_lifecycle:init_from_placement (object=Steam;stage=HeavensDoorInsideZone;zone=HeavensDoorInsideZone;table=jmp/placement/common/objinfo;row=16;l_id=41)
[src/runtime/RuntimeContext.cpp:1485][APP - INFO] SMG semantic event name_obj_lifecycle:connect_to_scene (object=Steam;kind=name_obj;movement=34;calc_anim=-1;draw_buffer=-1;draw_type=-1)
[src/runtime/RuntimeContext.cpp:1413][APP - INFO] Registered effect keeper Steam group Steam capacity 0
[src/runtime/RuntimeContext.cpp:1485][APP - INFO] SMG semantic event sequence:stage_host_initialized (host=Steam;stage=HeavensDoorGalaxy)
[src/runtime/RuntimeContext.cpp:1485][APP - INFO] SMG semantic event placement:stage_object (stage=HeavensDoorInsideZone;zone=HeavensDoorInsideZone;zone_id=2;scenario=1;layer=common;table=jmp/placement/common/objinfo;object=FlipPanelReverse;factory=created_model_fallback;support_reason=direct_object_archive_model;common_path_id=-1;rail_info_attached=false;rail_path_row=-1;rail_point_count=0;rail_first_point=none;model_archive=FlipPanelReverse;object_archive=/ObjectData/FlipPanelReverse.arc)
[src/runtime/RuntimeContext.cpp:1485][APP - INFO] SMG semantic event name_obj_lifecycle:archive_request (object=FlipPanelReverse;archive=FlipPanelReverse;kind=object;loaded=true;disc_path=FlipPanelReverse.arc)
[src/runtime/RuntimeContext.cpp:1485][APP - INFO] SMG semantic event name_obj_lifecycle:archive_request (object=FlipPanelReverse;archive=FlipPanelReverseBloom;kind=object;loaded=true;disc_path=FlipPanelReverseBloom.arc)
[src/runtime/RuntimeContext.cpp:1485][APP - INFO] SMG semantic event name_obj_lifecycle:connect_to_scene (object=FlipPanelReverse;kind=live_actor_model;movement=34;calc_anim=5;draw_buffer=8;draw_type=-1)
[src/runtime/RuntimeContext.cpp:1413][APP - INFO] Registered effect keeper FlipPanelReverse group FlipPanelReverse capacity 8
[src/runtime/RuntimeContext.cpp:1485][APP - INFO] SMG semantic event name_obj_lifecycle:construct (object=FlipPanelReverse;actor=FlipPanelReverse)
[src/runtime/RuntimeContext.cpp:1485][APP - INFO] SMG semantic event sequence:stage_host_constructed (host=FlipPanelReverse;stage=HeavensDoorGalaxy)
[src/runtime/RuntimeContext.cpp:1485][APP - INFO] SMG semantic event name_obj_lifecycle:init_from_placement (object=FlipPanelReverse;stage=HeavensDoorInsideZone;zone=HeavensDoorInsideZone;table=jmp/placement/common/objinfo;row=17;l_id=49)
[src/runtime/RuntimeContext.cpp:1485][APP - INFO] SMG semantic event sequence:stage_host_initialized (host=FlipPanelReverse;stage=HeavensDoorGalaxy)
[src/runtime/RuntimeContext.cpp:1485][APP - INFO] SMG semantic event placement:stage_object (stage=HeavensDoorInsideZone;zone=HeavensDoorInsideZone;zone_id=2;scenario=1;layer=common;table=jmp/placement/common/objinfo;object=Kuribo;factory=created_model_fallback;support_reason=direct_object_archive_model;common_path_id=-1;rail_info_attached=false;rail_path_row=-1;rail_point_count=0;rail_first_point=none;model_archive=Kuribo;object_archive=/ObjectData/Kuribo.arc)
[src/runtime/RuntimeContext.cpp:1485][APP - INFO] SMG semantic event name_obj_lifecycle:archive_request (object=Kuribo;archive=Kuribo;kind=object;loaded=true;disc_path=Kuribo.arc)
[src/runtime/RuntimeContext.cpp:1485][APP - INFO] SMG semantic event name_obj_lifecycle:connect_to_scene (object=Kuribo;kind=live_actor_model;movement=34;calc_anim=5;draw_buffer=8;draw_type=-1)
[src/runtime/RuntimeContext.cpp:1413][APP - INFO] Registered effect keeper Kuribo group Kuribo capacity 8
[src/runtime/RuntimeContext.cpp:1485][APP - INFO] SMG semantic event name_obj_lifecycle:construct (object=Kuribo;actor=Kuribo)
[src/runtime/RuntimeContext.cpp:1485][APP - INFO] SMG semantic event sequence:stage_host_constructed (host=Kuribo;stage=HeavensDoorGalaxy)
[src/runtime/RuntimeContext.cpp:1485][APP - INFO] SMG semantic event name_obj_lifecycle:init_from_placement (object=Kuribo;stage=HeavensDoorInsideZone;zone=HeavensDoorInsideZone;table=jmp/placement/common/objinfo;row=18;l_id=52)
[src/runtime/RuntimeContext.cpp:1485][APP - INFO] SMG semantic event sequence:stage_host_initialized (host=Kuribo;stage=HeavensDoorGalaxy)
[src/runtime/RuntimeContext.cpp:1485][APP - INFO] SMG semantic event placement:stage_object (stage=HeavensDoorInsideZone;zone=HeavensDoorInsideZone;zone_id=2;scenario=1;layer=common;table=jmp/placement/common/objinfo;object=RailCoin;factory=created;support_reason=original_factory;common_path_id=1;rail_info_attached=true;rail_path_row=1;rail_point_count=4;rail_first_point=42824.363281,-14782.880859,-3654.877197;model_archive=RailCoin;object_archive=)
[src/runtime/RuntimeContext.cpp:1485][APP - INFO] SMG semantic event name_obj_lifecycle:construct (object=RailCoin;actor=RailCoin)
[src/runtime/RuntimeContext.cpp:1485][APP - INFO] SMG semantic event sequence:stage_host_constructed (host=RailCoin;stage=HeavensDoorGalaxy)
[src/runtime/RuntimeContext.cpp:1485][APP - INFO] SMG semantic event name_obj_lifecycle:init_from_placement (object=RailCoin;stage=HeavensDoorInsideZone;zone=HeavensDoorInsideZone;table=jmp/placement/common/objinfo;row=19;l_id=53)
[src/runtime/RuntimeContext.cpp:1485][APP - INFO] SMG semantic event name_obj_lifecycle:connect_to_scene (object=コイン(レール配置);kind=live_actor_model;movement=44;calc_anim=16;draw_buffer=15;draw_type=-1)
[src/runtime/RuntimeContext.cpp:1485][APP - INFO] SMG semantic event hit_sensor:registered (object=コイン(レール配置);sensor=coin;joint=;type=actor;radius=55.000000)
[src/runtime/RuntimeContext.cpp:1413][APP - INFO] Registered effect keeper コイン(レール配置) group Coin capacity 0
[src/runtime/RuntimeContext.cpp:1485][APP - INFO] SMG semantic event name_obj_lifecycle:connect_to_scene (object=点滅;kind=name_obj;movement=34;calc_anim=-1;draw_buffer=-1;draw_type=-1)
[src/runtime/RuntimeContext.cpp:1485][APP - INFO] SMG semantic event name_obj_lifecycle:connect_to_scene (object=コイン(レール配置);kind=live_actor_model;movement=44;calc_anim=16;draw_buffer=15;draw_type=-1)
[src/runtime/RuntimeContext.cpp:1485][APP - INFO] SMG semantic event hit_sensor:registered (object=コイン(レール配置);sensor=coin;joint=;type=actor;radius=55.000000)
[src/runtime/RuntimeContext.cpp:1413][APP - INFO] Registered effect keeper コイン(レール配置) group Coin capacity 0
[src/runtime/RuntimeContext.cpp:1485][APP - INFO] SMG semantic event name_obj_lifecycle:connect_to_scene (object=点滅;kind=name_obj;movement=34;calc_anim=-1;draw_buffer=-1;draw_type=-1)
[src/runtime/RuntimeContext.cpp:1485][APP - INFO] SMG semantic event name_obj_lifecycle:connect_to_scene (object=コイン(レール配置);kind=live_actor_model;movement=44;calc_anim=16;draw_buffer=15;draw_type=-1)
[src/runtime/RuntimeContext.cpp:1485][APP - INFO] SMG semantic event hit_sensor:registered (object=コイン(レール配置);sensor=coin;joint=;type=actor;radius=55.000000)
[src/runtime/RuntimeContext.cpp:1413][APP - INFO] Registered effect keeper コイン(レール配置) group Coin capacity 0
[src/runtime/RuntimeContext.cpp:1485][APP - INFO] SMG semantic event name_obj_lifecycle:connect_to_scene (object=点滅;kind=name_obj;movement=34;calc_anim=-1;draw_buffer=-1;draw_type=-1)
[src/runtime/RuntimeContext.cpp:1485][APP - INFO] SMG semantic event name_obj_lifecycle:connect_to_scene (object=コイン(レール配置);kind=live_actor_model;movement=44;calc_anim=16;draw_buffer=15;draw_type=-1)
[src/runtime/RuntimeContext.cpp:1485][APP - INFO] SMG semantic event hit_sensor:registered (object=コイン(レール配置);sensor=coin;joint=;type=actor;radius=55.000000)
[src/runtime/RuntimeContext.cpp:1413][APP - INFO] Registered effect keeper コイン(レール配置) group Coin capacity 0
[src/runtime/RuntimeContext.cpp:1485][APP - INFO] SMG semantic event name_obj_lifecycle:connect_to_scene (object=点滅;kind=name_obj;movement=34;calc_anim=-1;draw_buffer=-1;draw_type=-1)
[src/runtime/RuntimeContext.cpp:1485][APP - INFO] SMG semantic event name_obj_lifecycle:connect_to_scene (object=コイン(レール配置);kind=live_actor_model;movement=44;calc_anim=16;draw_buffer=15;draw_type=-1)
[src/runtime/RuntimeContext.cpp:1485][APP - INFO] SMG semantic event hit_sensor:registered (object=コイン(レール配置);sensor=coin;joint=;type=actor;radius=55.000000)
[src/runtime/RuntimeContext.cpp:1413][APP - INFO] Registered effect keeper コイン(レール配置) group Coin capacity 0
[src/runtime/RuntimeContext.cpp:1485][APP - INFO] SMG semantic event name_obj_lifecycle:connect_to_scene (object=点滅;kind=name_obj;movement=34;calc_anim=-1;draw_buffer=-1;draw_type=-1)
[src/runtime/RuntimeContext.cpp:1485][APP - INFO] SMG semantic event name_obj_lifecycle:connect_to_scene (object=コイン(レール配置);kind=live_actor_model;movement=44;calc_anim=16;draw_buffer=15;draw_type=-1)
[src/runtime/RuntimeContext.cpp:1485][APP - INFO] SMG semantic event hit_sensor:registered (object=コイン(レール配置);sensor=coin;joint=;type=actor;radius=55.000000)
[src/runtime/RuntimeContext.cpp:1413][APP - INFO] Registered effect keeper コイン(レール配置) group Coin capacity 0
[src/runtime/RuntimeContext.cpp:1485][APP - INFO] SMG semantic event name_obj_lifecycle:connect_to_scene (object=点滅;kind=name_obj;movement=34;calc_anim=-1;draw_buffer=-1;draw_type=-1)
[src/runtime/RuntimeContext.cpp:1485][APP - INFO] SMG semantic event sequence:stage_host_initialized (host=RailCoin;stage=HeavensDoorGalaxy)
[src/runtime/RuntimeContext.cpp:1485][APP - INFO] SMG semantic event placement:stage_object (stage=HeavensDoorInsideZone;zone=HeavensDoorInsideZone;zone_id=2;scenario=1;layer=common;table=jmp/placement/common/objinfo;object=FlipPanelReverse;factory=created_model_fallback;support_reason=direct_object_archive_model;common_path_id=-1;rail_info_attached=false;rail_path_row=-1;rail_point_count=0;rail_first_point=none;model_archive=FlipPanelReverse;object_archive=/ObjectData/FlipPanelReverse.arc)
[src/runtime/RuntimeContext.cpp:1485][APP - INFO] SMG semantic event name_obj_lifecycle:archive_request (object=FlipPanelReverse;archive=FlipPanelReverse;kind=object;loaded=true;disc_path=FlipPanelReverse.arc)
[src/runtime/RuntimeContext.cpp:1485][APP - INFO] SMG semantic event name_obj_lifecycle:archive_request (object=FlipPanelReverse;archive=FlipPanelReverseBloom;kind=object;loaded=true;disc_path=FlipPanelReverseBloom.arc)
[src/runtime/RuntimeContext.cpp:1485][APP - INFO] SMG semantic event name_obj_lifecycle:connect_to_scene (object=FlipPanelReverse;kind=live_actor_model;movement=34;calc_anim=5;draw_buffer=8;draw_type=-1)
[src/runtime/RuntimeContext.cpp:1413][APP - INFO] Registered effect keeper FlipPanelReverse group FlipPanelReverse capacity 8
[src/runtime/RuntimeContext.cpp:1485][APP - INFO] SMG semantic event name_obj_lifecycle:construct (object=FlipPanelReverse;actor=FlipPanelReverse)
[src/runtime/RuntimeContext.cpp:1485][APP - INFO] SMG semantic event sequence:stage_host_constructed (host=FlipPanelReverse;stage=HeavensDoorGalaxy)
[src/runtime/RuntimeContext.cpp:1485][APP - INFO] SMG semantic event name_obj_lifecycle:init_from_placement (object=FlipPanelReverse;stage=HeavensDoorInsideZone;zone=HeavensDoorInsideZone;table=jmp/placement/common/objinfo;row=20;l_id=58)
[src/runtime/RuntimeContext.cpp:1485][APP - INFO] SMG semantic event sequence:stage_host_initialized (host=FlipPanelReverse;stage=HeavensDoorGalaxy)
[src/runtime/RuntimeContext.cpp:1485][APP - INFO] SMG semantic event placement:stage_object (stage=HeavensDoorInsideZone;zone=HeavensDoorInsideZone;zone_id=2;scenario=1;layer=common;table=jmp/placement/common/objinfo;object=FlipPanelReverse;factory=created_model_fallback;support_reason=direct_object_archive_model;common_path_id=-1;rail_info_attached=false;rail_path_row=-1;rail_point_count=0;rail_first_point=none;model_archive=FlipPanelReverse;object_archive=/ObjectData/FlipPanelReverse.arc)
[src/runtime/RuntimeContext.cpp:1485][APP - INFO] SMG semantic event name_obj_lifecycle:archive_request (object=FlipPanelReverse;archive=FlipPanelReverse;kind=object;loaded=true;disc_path=FlipPanelReverse.arc)
[src/runtime/RuntimeContext.cpp:1485][APP - INFO] SMG semantic event name_obj_lifecycle:archive_request (object=FlipPanelReverse;archive=FlipPanelReverseBloom;kind=object;loaded=true;disc_path=FlipPanelReverseBloom.arc)
[src/runtime/RuntimeContext.cpp:1485][APP - INFO] SMG semantic event name_obj_lifecycle:connect_to_scene (object=FlipPanelReverse;kind=live_actor_model;movement=34;calc_anim=5;draw_buffer=8;draw_type=-1)
[src/runtime/RuntimeContext.cpp:1413][APP - INFO] Registered effect keeper FlipPanelReverse group FlipPanelReverse capacity 8
[src/runtime/RuntimeContext.cpp:1485][APP - INFO] SMG semantic event name_obj_lifecycle:construct (object=FlipPanelReverse;actor=FlipPanelReverse)
[src/runtime/RuntimeContext.cpp:1485][APP - INFO] SMG semantic event sequence:stage_host_constructed (host=FlipPanelReverse;stage=HeavensDoorGalaxy)
[src/runtime/RuntimeContext.cpp:1485][APP - INFO] SMG semantic event name_obj_lifecycle:init_from_placement (object=FlipPanelReverse;stage=HeavensDoorInsideZone;zone=HeavensDoorInsideZone;table=jmp/placement/common/objinfo;row=21;l_id=59)
[src/runtime/RuntimeContext.cpp:1485][APP - INFO] SMG semantic event sequence:stage_host_initialized (host=FlipPanelReverse;stage=HeavensDoorGalaxy)
[src/runtime/RuntimeContext.cpp:1485][APP - INFO] SMG semantic event placement:stage_object (stage=HeavensDoorInsideZone;zone=HeavensDoorInsideZone;zone_id=2;scenario=1;layer=common;table=jmp/placement/common/objinfo;object=FlipPanelReverse;factory=created_model_fallback;support_reason=direct_object_archive_model;common_path_id=-1;rail_info_attached=false;rail_path_row=-1;rail_point_count=0;rail_first_point=none;model_archive=FlipPanelReverse;object_archive=/ObjectData/FlipPanelReverse.arc)
[src/runtime/RuntimeContext.cpp:1485][APP - INFO] SMG semantic event name_obj_lifecycle:archive_request (object=FlipPanelReverse;archive=FlipPanelReverse;kind=object;loaded=true;disc_path=FlipPanelReverse.arc)
[src/runtime/RuntimeContext.cpp:1485][APP - INFO] SMG semantic event name_obj_lifecycle:archive_request (object=FlipPanelReverse;archive=FlipPanelReverseBloom;kind=object;loaded=true;disc_path=FlipPanelReverseBloom.arc)
[src/runtime/RuntimeContext.cpp:1485][APP - INFO] SMG semantic event name_obj_lifecycle:connect_to_scene (object=FlipPanelReverse;kind=live_actor_model;movement=34;calc_anim=5;draw_buffer=8;draw_type=-1)
[src/runtime/RuntimeContext.cpp:1413][APP - INFO] Registered effect keeper FlipPanelReverse group FlipPanelReverse capacity 8
[src/runtime/RuntimeContext.cpp:1485][APP - INFO] SMG semantic event name_obj_lifecycle:construct (object=FlipPanelReverse;actor=FlipPanelReverse)
[src/runtime/RuntimeContext.cpp:1485][APP - INFO] SMG semantic event sequence:stage_host_constructed (host=FlipPanelReverse;stage=HeavensDoorGalaxy)
[src/runtime/RuntimeContext.cpp:1485][APP - INFO] SMG semantic event name_obj_lifecycle:init_from_placement (object=FlipPanelReverse;stage=HeavensDoorInsideZone;zone=HeavensDoorInsideZone;table=jmp/placement/common/objinfo;row=22;l_id=60)
[src/runtime/RuntimeContext.cpp:1485][APP - INFO] SMG semantic event sequence:stage_host_initialized (host=FlipPanelReverse;stage=HeavensDoorGalaxy)
[src/runtime/RuntimeContext.cpp:1485][APP - INFO] SMG semantic event placement:stage_object (stage=HeavensDoorInsideZone;zone=HeavensDoorInsideZone;zone_id=2;scenario=1;layer=common;table=jmp/placement/common/objinfo;object=FlipPanelReverse;factory=created_model_fallback;support_reason=direct_object_archive_model;common_path_id=-1;rail_info_attached=false;rail_path_row=-1;rail_point_count=0;rail_first_point=none;model_archive=FlipPanelReverse;object_archive=/ObjectData/FlipPanelReverse.arc)
[src/runtime/RuntimeContext.cpp:1485][APP - INFO] SMG semantic event name_obj_lifecycle:archive_request (object=FlipPanelReverse;archive=FlipPanelReverse;kind=object;loaded=true;disc_path=FlipPanelReverse.arc)
[src/runtime/RuntimeContext.cpp:1485][APP - INFO] SMG semantic event name_obj_lifecycle:archive_request (object=FlipPanelReverse;archive=FlipPanelReverseBloom;kind=object;loaded=true;disc_path=FlipPanelReverseBloom.arc)
[src/runtime/RuntimeContext.cpp:1485][APP - INFO] SMG semantic event name_obj_lifecycle:connect_to_scene (object=FlipPanelReverse;kind=live_actor_model;movement=34;calc_anim=5;draw_buffer=8;draw_type=-1)
[src/runtime/RuntimeContext.cpp:1413][APP - INFO] Registered effect keeper FlipPanelReverse group FlipPanelReverse capacity 8
[src/runtime/RuntimeContext.cpp:1485][APP - INFO] SMG semantic event name_obj_lifecycle:construct (object=FlipPanelReverse;actor=FlipPanelReverse)
[src/runtime/RuntimeContext.cpp:1485][APP - INFO] SMG semantic event sequence:stage_host_constructed (host=FlipPanelReverse;stage=HeavensDoorGalaxy)
[src/runtime/RuntimeContext.cpp:1485][APP - INFO] SMG semantic event name_obj_lifecycle:init_from_placement (object=FlipPanelReverse;stage=HeavensDoorInsideZone;zone=HeavensDoorInsideZone;table=jmp/placement/common/objinfo;row=23;l_id=61)
[src/runtime/RuntimeContext.cpp:1485][APP - INFO] SMG semantic event sequence:stage_host_initialized (host=FlipPanelReverse;stage=HeavensDoorGalaxy)
[src/runtime/RuntimeContext.cpp:1485][APP - INFO] SMG semantic event placement:stage_object (stage=HeavensDoorInsideZone;zone=HeavensDoorInsideZone;zone_id=2;scenario=1;layer=common;table=jmp/placement/common/objinfo;object=FlipPanelReverse;factory=created_model_fallback;support_reason=direct_object_archive_model;common_path_id=-1;rail_info_attached=false;rail_path_row=-1;rail_point_count=0;rail_first_point=none;model_archive=FlipPanelReverse;object_archive=/ObjectData/FlipPanelReverse.arc)
[src/runtime/RuntimeContext.cpp:1485][APP - INFO] SMG semantic event name_obj_lifecycle:archive_request (object=FlipPanelReverse;archive=FlipPanelReverse;kind=object;loaded=true;disc_path=FlipPanelReverse.arc)
[src/runtime/RuntimeContext.cpp:1485][APP - INFO] SMG semantic event name_obj_lifecycle:archive_request (object=FlipPanelReverse;archive=FlipPanelReverseBloom;kind=object;loaded=true;disc_path=FlipPanelReverseBloom.arc)
[src/runtime/RuntimeContext.cpp:1485][APP - INFO] SMG semantic event name_obj_lifecycle:connect_to_scene (object=FlipPanelReverse;kind=live_actor_model;movement=34;calc_anim=5;draw_buffer=8;draw_type=-1)
[src/runtime/RuntimeContext.cpp:1413][APP - INFO] Registered effect keeper FlipPanelReverse group FlipPanelReverse capacity 8
[src/runtime/RuntimeContext.cpp:1485][APP - INFO] SMG semantic event name_obj_lifecycle:construct (object=FlipPanelReverse;actor=FlipPanelReverse)
[src/runtime/RuntimeContext.cpp:1485][APP - INFO] SMG semantic event sequence:stage_host_constructed (host=FlipPanelReverse;stage=HeavensDoorGalaxy)
[src/runtime/RuntimeContext.cpp:1485][APP - INFO] SMG semantic event name_obj_lifecycle:init_from_placement (object=FlipPanelReverse;stage=HeavensDoorInsideZone;zone=HeavensDoorInsideZone;table=jmp/placement/common/objinfo;row=24;l_id=62)
[src/runtime/RuntimeContext.cpp:1485][APP - INFO] SMG semantic event sequence:stage_host_initialized (host=FlipPanelReverse;stage=HeavensDoorGalaxy)
[src/runtime/RuntimeContext.cpp:1485][APP - INFO] SMG semantic event placement:stage_object (stage=HeavensDoorInsideZone;zone=HeavensDoorInsideZone;zone_id=2;scenario=1;layer=common;table=jmp/placement/common/objinfo;object=FlipPanelReverse;factory=created_model_fallback;support_reason=direct_object_archive_model;common_path_id=-1;rail_info_attached=false;rail_path_row=-1;rail_point_count=0;rail_first_point=none;model_archive=FlipPanelReverse;object_archive=/ObjectData/FlipPanelReverse.arc)
[src/runtime/RuntimeContext.cpp:1485][APP - INFO] SMG semantic event name_obj_lifecycle:archive_request (object=FlipPanelReverse;archive=FlipPanelReverse;kind=object;loaded=true;disc_path=FlipPanelReverse.arc)
[src/runtime/RuntimeContext.cpp:1485][APP - INFO] SMG semantic event name_obj_lifecycle:archive_request (object=FlipPanelReverse;archive=FlipPanelReverseBloom;kind=object;loaded=true;disc_path=FlipPanelReverseBloom.arc)
[src/runtime/RuntimeContext.cpp:1485][APP - INFO] SMG semantic event name_obj_lifecycle:connect_to_scene (object=FlipPanelReverse;kind=live_actor_model;movement=34;calc_anim=5;draw_buffer=8;draw_type=-1)
[src/runtime/RuntimeContext.cpp:1413][APP - INFO] Registered effect keeper FlipPanelReverse group FlipPanelReverse capacity 8
[src/runtime/RuntimeContext.cpp:1485][APP - INFO] SMG semantic event name_obj_lifecycle:construct (object=FlipPanelReverse;actor=FlipPanelReverse)
[src/runtime/RuntimeContext.cpp:1485][APP - INFO] SMG semantic event sequence:stage_host_constructed (host=FlipPanelReverse;stage=HeavensDoorGalaxy)
[src/runtime/RuntimeContext.cpp:1485][APP - INFO] SMG semantic event name_obj_lifecycle:init_from_placement (object=FlipPanelReverse;stage=HeavensDoorInsideZone;zone=HeavensDoorInsideZone;table=jmp/placement/common/objinfo;row=25;l_id=63)
[src/runtime/RuntimeContext.cpp:1485][APP - INFO] SMG semantic event sequence:stage_host_initialized (host=FlipPanelReverse;stage=HeavensDoorGalaxy)
[src/runtime/RuntimeContext.cpp:1485][APP - INFO] SMG semantic event placement:stage_object (stage=HeavensDoorInsideZone;zone=HeavensDoorInsideZone;zone_id=2;scenario=1;layer=common;table=jmp/placement/common/objinfo;object=FlipPanelReverse;factory=created_model_fallback;support_reason=direct_object_archive_model;common_path_id=-1;rail_info_attached=false;rail_path_row=-1;rail_point_count=0;rail_first_point=none;model_archive=FlipPanelReverse;object_archive=/ObjectData/FlipPanelReverse.arc)
[src/runtime/RuntimeContext.cpp:1485][APP - INFO] SMG semantic event name_obj_lifecycle:archive_request (object=FlipPanelReverse;archive=FlipPanelReverse;kind=object;loaded=true;disc_path=FlipPanelReverse.arc)
[src/runtime/RuntimeContext.cpp:1485][APP - INFO] SMG semantic event name_obj_lifecycle:archive_request (object=FlipPanelReverse;archive=FlipPanelReverseBloom;kind=object;loaded=true;disc_path=FlipPanelReverseBloom.arc)
[src/runtime/RuntimeContext.cpp:1485][APP - INFO] SMG semantic event name_obj_lifecycle:connect_to_scene (object=FlipPanelReverse;kind=live_actor_model;movement=34;calc_anim=5;draw_buffer=8;draw_type=-1)
[src/runtime/RuntimeContext.cpp:1413][APP - INFO] Registered effect keeper FlipPanelReverse group FlipPanelReverse capacity 8
[src/runtime/RuntimeContext.cpp:1485][APP - INFO] SMG semantic event name_obj_lifecycle:construct (object=FlipPanelReverse;actor=FlipPanelReverse)
[src/runtime/RuntimeContext.cpp:1485][APP - INFO] SMG semantic event sequence:stage_host_constructed (host=FlipPanelReverse;stage=HeavensDoorGalaxy)
[src/runtime/RuntimeContext.cpp:1485][APP - INFO] SMG semantic event name_obj_lifecycle:init_from_placement (object=FlipPanelReverse;stage=HeavensDoorInsideZone;zone=HeavensDoorInsideZone;table=jmp/placement/common/objinfo;row=26;l_id=64)
[src/runtime/RuntimeContext.cpp:1485][APP - INFO] SMG semantic event sequence:stage_host_initialized (host=FlipPanelReverse;stage=HeavensDoorGalaxy)
[src/runtime/RuntimeContext.cpp:1485][APP - INFO] SMG semantic event placement:stage_object (stage=HeavensDoorInsideZone;zone=HeavensDoorInsideZone;zone_id=2;scenario=1;layer=common;table=jmp/placement/common/objinfo;object=FlipPanelReverse;factory=created_model_fallback;support_reason=direct_object_archive_model;common_path_id=-1;rail_info_attached=false;rail_path_row=-1;rail_point_count=0;rail_first_point=none;model_archive=FlipPanelReverse;object_archive=/ObjectData/FlipPanelReverse.arc)
[src/runtime/RuntimeContext.cpp:1485][APP - INFO] SMG semantic event name_obj_lifecycle:archive_request (object=FlipPanelReverse;archive=FlipPanelReverse;kind=object;loaded=true;disc_path=FlipPanelReverse.arc)
[src/runtime/RuntimeContext.cpp:1485][APP - INFO] SMG semantic event name_obj_lifecycle:archive_request (object=FlipPanelReverse;archive=FlipPanelReverseBloom;kind=object;loaded=true;disc_path=FlipPanelReverseBloom.arc)
[src/runtime/RuntimeContext.cpp:1485][APP - INFO] SMG semantic event name_obj_lifecycle:connect_to_scene (object=FlipPanelReverse;kind=live_actor_model;movement=34;calc_anim=5;draw_buffer=8;draw_type=-1)
[src/runtime/RuntimeContext.cpp:1413][APP - INFO] Registered effect keeper FlipPanelReverse group FlipPanelReverse capacity 8
[src/runtime/RuntimeContext.cpp:1485][APP - INFO] SMG semantic event name_obj_lifecycle:construct (object=FlipPanelReverse;actor=FlipPanelReverse)
[src/runtime/RuntimeContext.cpp:1485][APP - INFO] SMG semantic event sequence:stage_host_constructed (host=FlipPanelReverse;stage=HeavensDoorGalaxy)
[src/runtime/RuntimeContext.cpp:1485][APP - INFO] SMG semantic event name_obj_lifecycle:init_from_placement (object=FlipPanelReverse;stage=HeavensDoorInsideZone;zone=HeavensDoorInsideZone;table=jmp/placement/common/objinfo;row=27;l_id=65)
[src/runtime/RuntimeContext.cpp:1485][APP - INFO] SMG semantic event sequence:stage_host_initialized (host=FlipPanelReverse;stage=HeavensDoorGalaxy)
[src/runtime/RuntimeContext.cpp:1485][APP - INFO] SMG semantic event placement:stage_object (stage=HeavensDoorInsideZone;zone=HeavensDoorInsideZone;zone_id=2;scenario=1;layer=common;table=jmp/placement/common/objinfo;object=FlipPanelReverse;factory=created_model_fallback;support_reason=direct_object_archive_model;common_path_id=-1;rail_info_attached=false;rail_path_row=-1;rail_point_count=0;rail_first_point=none;model_archive=FlipPanelReverse;object_archive=/ObjectData/FlipPanelReverse.arc)
[src/runtime/RuntimeContext.cpp:1485][APP - INFO] SMG semantic event name_obj_lifecycle:archive_request (object=FlipPanelReverse;archive=FlipPanelReverse;kind=object;loaded=true;disc_path=FlipPanelReverse.arc)
[src/runtime/RuntimeContext.cpp:1485][APP - INFO] SMG semantic event name_obj_lifecycle:archive_request (object=FlipPanelReverse;archive=FlipPanelReverseBloom;kind=object;loaded=true;disc_path=FlipPanelReverseBloom.arc)
[src/runtime/RuntimeContext.cpp:1485][APP - INFO] SMG semantic event name_obj_lifecycle:connect_to_scene (object=FlipPanelReverse;kind=live_actor_model;movement=34;calc_anim=5;draw_buffer=8;draw_type=-1)
[src/runtime/RuntimeContext.cpp:1413][APP - INFO] Registered effect keeper FlipPanelReverse group FlipPanelReverse capacity 8
[src/runtime/RuntimeContext.cpp:1485][APP - INFO] SMG semantic event name_obj_lifecycle:construct (object=FlipPanelReverse;actor=FlipPanelReverse)
[src/runtime/RuntimeContext.cpp:1485][APP - INFO] SMG semantic event sequence:stage_host_constructed (host=FlipPanelReverse;stage=HeavensDoorGalaxy)
[src/runtime/RuntimeContext.cpp:1485][APP - INFO] SMG semantic event name_obj_lifecycle:init_from_placement (object=FlipPanelReverse;stage=HeavensDoorInsideZone;zone=HeavensDoorInsideZone;table=jmp/placement/common/objinfo;row=28;l_id=66)
[src/runtime/RuntimeContext.cpp:1485][APP - INFO] SMG semantic event sequence:stage_host_initialized (host=FlipPanelReverse;stage=HeavensDoorGalaxy)
[src/runtime/RuntimeContext.cpp:1485][APP - INFO] SMG semantic event placement:stage_object (stage=HeavensDoorInsideZone;zone=HeavensDoorInsideZone;zone_id=2;scenario=1;layer=common;table=jmp/placement/common/objinfo;object=FlipPanelReverse;factory=created_model_fallback;support_reason=direct_object_archive_model;common_path_id=-1;rail_info_attached=false;rail_path_row=-1;rail_point_count=0;rail_first_point=none;model_archive=FlipPanelReverse;object_archive=/ObjectData/FlipPanelReverse.arc)
[src/runtime/RuntimeContext.cpp:1485][APP - INFO] SMG semantic event name_obj_lifecycle:archive_request (object=FlipPanelReverse;archive=FlipPanelReverse;kind=object;loaded=true;disc_path=FlipPanelReverse.arc)
[src/runtime/RuntimeContext.cpp:1485][APP - INFO] SMG semantic event name_obj_lifecycle:archive_request (object=FlipPanelReverse;archive=FlipPanelReverseBloom;kind=object;loaded=true;disc_path=FlipPanelReverseBloom.arc)
[src/runtime/RuntimeContext.cpp:1485][APP - INFO] SMG semantic event name_obj_lifecycle:connect_to_scene (object=FlipPanelReverse;kind=live_actor_model;movement=34;calc_anim=5;draw_buffer=8;draw_type=-1)
[src/runtime/RuntimeContext.cpp:1413][APP - INFO] Registered effect keeper FlipPanelReverse group FlipPanelReverse capacity 8
[src/runtime/RuntimeContext.cpp:1485][APP - INFO] SMG semantic event name_obj_lifecycle:construct (object=FlipPanelReverse;actor=FlipPanelReverse)
[src/runtime/RuntimeContext.cpp:1485][APP - INFO] SMG semantic event sequence:stage_host_constructed (host=FlipPanelReverse;stage=HeavensDoorGalaxy)
[src/runtime/RuntimeContext.cpp:1485][APP - INFO] SMG semantic event name_obj_lifecycle:init_from_placement (object=FlipPanelReverse;stage=HeavensDoorInsideZone;zone=HeavensDoorInsideZone;table=jmp/placement/common/objinfo;row=29;l_id=67)
[src/runtime/RuntimeContext.cpp:1485][APP - INFO] SMG semantic event sequence:stage_host_initialized (host=FlipPanelReverse;stage=HeavensDoorGalaxy)
[src/runtime/RuntimeContext.cpp:1485][APP - INFO] SMG semantic event placement:stage_object (stage=HeavensDoorInsideZone;zone=HeavensDoorInsideZone;zone_id=2;scenario=1;layer=common;table=jmp/placement/common/objinfo;object=FlipPanelReverse;factory=created_model_fallback;support_reason=direct_object_archive_model;common_path_id=-1;rail_info_attached=false;rail_path_row=-1;rail_point_count=0;rail_first_point=none;model_archive=FlipPanelReverse;object_archive=/ObjectData/FlipPanelReverse.arc)
[src/runtime/RuntimeContext.cpp:1485][APP - INFO] SMG semantic event name_obj_lifecycle:archive_request (object=FlipPanelReverse;archive=FlipPanelReverse;kind=object;loaded=true;disc_path=FlipPanelReverse.arc)
[src/runtime/RuntimeContext.cpp:1485][APP - INFO] SMG semantic event name_obj_lifecycle:archive_request (object=FlipPanelReverse;archive=FlipPanelReverseBloom;kind=object;loaded=true;disc_path=FlipPanelReverseBloom.arc)
[src/runtime/RuntimeContext.cpp:1485][APP - INFO] SMG semantic event name_obj_lifecycle:connect_to_scene (object=FlipPanelReverse;kind=live_actor_model;movement=34;calc_anim=5;draw_buffer=8;draw_type=-1)
[src/runtime/RuntimeContext.cpp:1413][APP - INFO] Registered effect keeper FlipPanelReverse group FlipPanelReverse capacity 8
[src/runtime/RuntimeContext.cpp:1485][APP - INFO] SMG semantic event name_obj_lifecycle:construct (object=FlipPanelReverse;actor=FlipPanelReverse)
[src/runtime/RuntimeContext.cpp:1485][APP - INFO] SMG semantic event sequence:stage_host_constructed (host=FlipPanelReverse;stage=HeavensDoorGalaxy)
[src/runtime/RuntimeContext.cpp:1485][APP - INFO] SMG semantic event name_obj_lifecycle:init_from_placement (object=FlipPanelReverse;stage=HeavensDoorInsideZone;zone=HeavensDoorInsideZone;table=jmp/placement/common/objinfo;row=30;l_id=68)
[src/runtime/RuntimeContext.cpp:1485][APP - INFO] SMG semantic event sequence:stage_host_initialized (host=FlipPanelReverse;stage=HeavensDoorGalaxy)
[src/runtime/RuntimeContext.cpp:1485][APP - INFO] SMG semantic event placement:stage_object (stage=HeavensDoorInsideZone;zone=HeavensDoorInsideZone;zone_id=2;scenario=1;layer=common;table=jmp/placement/common/objinfo;object=FlipPanelReverse;factory=created_model_fallback;support_reason=direct_object_archive_model;common_path_id=-1;rail_info_attached=false;rail_path_row=-1;rail_point_count=0;rail_first_point=none;model_archive=FlipPanelReverse;object_archive=/ObjectData/FlipPanelReverse.arc)
[src/runtime/RuntimeContext.cpp:1485][APP - INFO] SMG semantic event name_obj_lifecycle:archive_request (object=FlipPanelReverse;archive=FlipPanelReverse;kind=object;loaded=true;disc_path=FlipPanelReverse.arc)
[src/runtime/RuntimeContext.cpp:1485][APP - INFO] SMG semantic event name_obj_lifecycle:archive_request (object=FlipPanelReverse;archive=FlipPanelReverseBloom;kind=object;loaded=true;disc_path=FlipPanelReverseBloom.arc)
[src/runtime/RuntimeContext.cpp:1485][APP - INFO] SMG semantic event name_obj_lifecycle:connect_to_scene (object=FlipPanelReverse;kind=live_actor_model;movement=34;calc_anim=5;draw_buffer=8;draw_type=-1)
[src/runtime/RuntimeContext.cpp:1413][APP - INFO] Registered effect keeper FlipPanelReverse group FlipPanelReverse capacity 8
[src/runtime/RuntimeContext.cpp:1485][APP - INFO] SMG semantic event name_obj_lifecycle:construct (object=FlipPanelReverse;actor=FlipPanelReverse)
[src/runtime/RuntimeContext.cpp:1485][APP - INFO] SMG semantic event sequence:stage_host_constructed (host=FlipPanelReverse;stage=HeavensDoorGalaxy)
[src/runtime/RuntimeContext.cpp:1485][APP - INFO] SMG semantic event name_obj_lifecycle:init_from_placement (object=FlipPanelReverse;stage=HeavensDoorInsideZone;zone=HeavensDoorInsideZone;table=jmp/placement/common/objinfo;row=31;l_id=69)
[src/runtime/RuntimeContext.cpp:1485][APP - INFO] SMG semantic event sequence:stage_host_initialized (host=FlipPanelReverse;stage=HeavensDoorGalaxy)
[src/runtime/RuntimeContext.cpp:1485][APP - INFO] SMG semantic event placement:stage_object (stage=HeavensDoorInsideZone;zone=HeavensDoorInsideZone;zone_id=2;scenario=1;layer=common;table=jmp/placement/common/objinfo;object=FlipPanelReverse;factory=created_model_fallback;support_reason=direct_object_archive_model;common_path_id=-1;rail_info_attached=false;rail_path_row=-1;rail_point_count=0;rail_first_point=none;model_archive=FlipPanelReverse;object_archive=/ObjectData/FlipPanelReverse.arc)
[src/runtime/RuntimeContext.cpp:1485][APP - INFO] SMG semantic event name_obj_lifecycle:archive_request (object=FlipPanelReverse;archive=FlipPanelReverse;kind=object;loaded=true;disc_path=FlipPanelReverse.arc)
[src/runtime/RuntimeContext.cpp:1485][APP - INFO] SMG semantic event name_obj_lifecycle:archive_request (object=FlipPanelReverse;archive=FlipPanelReverseBloom;kind=object;loaded=true;disc_path=FlipPanelReverseBloom.arc)
[src/runtime/RuntimeContext.cpp:1485][APP - INFO] SMG semantic event name_obj_lifecycle:connect_to_scene (object=FlipPanelReverse;kind=live_actor_model;movement=34;calc_anim=5;draw_buffer=8;draw_type=-1)
[src/runtime/RuntimeContext.cpp:1413][APP - INFO] Registered effect keeper FlipPanelReverse group FlipPanelReverse capacity 8
[src/runtime/RuntimeContext.cpp:1485][APP - INFO] SMG semantic event name_obj_lifecycle:construct (object=FlipPanelReverse;actor=FlipPanelReverse)
[src/runtime/RuntimeContext.cpp:1485][APP - INFO] SMG semantic event sequence:stage_host_constructed (host=FlipPanelReverse;stage=HeavensDoorGalaxy)
[src/runtime/RuntimeContext.cpp:1485][APP - INFO] SMG semantic event name_obj_lifecycle:init_from_placement (object=FlipPanelReverse;stage=HeavensDoorInsideZone;zone=HeavensDoorInsideZone;table=jmp/placement/common/objinfo;row=32;l_id=70)
[src/runtime/RuntimeContext.cpp:1485][APP - INFO] SMG semantic event sequence:stage_host_initialized (host=FlipPanelReverse;stage=HeavensDoorGalaxy)
[src/runtime/RuntimeContext.cpp:1485][APP - INFO] SMG semantic event placement:stage_object (stage=HeavensDoorInsideZone;zone=HeavensDoorInsideZone;zone_id=2;scenario=1;layer=common;table=jmp/placement/common/objinfo;object=FlipPanelReverse;factory=created_model_fallback;support_reason=direct_object_archive_model;common_path_id=-1;rail_info_attached=false;rail_path_row=-1;rail_point_count=0;rail_first_point=none;model_archive=FlipPanelReverse;object_archive=/ObjectData/FlipPanelReverse.arc)
[src/runtime/RuntimeContext.cpp:1485][APP - INFO] SMG semantic event name_obj_lifecycle:archive_request (object=FlipPanelReverse;archive=FlipPanelReverse;kind=object;loaded=true;disc_path=FlipPanelReverse.arc)
[src/runtime/RuntimeContext.cpp:1485][APP - INFO] SMG semantic event name_obj_lifecycle:archive_request (object=FlipPanelReverse;archive=FlipPanelReverseBloom;kind=object;loaded=true;disc_path=FlipPanelReverseBloom.arc)
[src/runtime/RuntimeContext.cpp:1485][APP - INFO] SMG semantic event name_obj_lifecycle:connect_to_scene (object=FlipPanelReverse;kind=live_actor_model;movement=34;calc_anim=5;draw_buffer=8;draw_type=-1)
[src/runtime/RuntimeContext.cpp:1413][APP - INFO] Registered effect keeper FlipPanelReverse group FlipPanelReverse capacity 8
[src/runtime/RuntimeContext.cpp:1485][APP - INFO] SMG semantic event name_obj_lifecycle:construct (object=FlipPanelReverse;actor=FlipPanelReverse)
[src/runtime/RuntimeContext.cpp:1485][APP - INFO] SMG semantic event sequence:stage_host_constructed (host=FlipPanelReverse;stage=HeavensDoorGalaxy)
[src/runtime/RuntimeContext.cpp:1485][APP - INFO] SMG semantic event name_obj_lifecycle:init_from_placement (object=FlipPanelReverse;stage=HeavensDoorInsideZone;zone=HeavensDoorInsideZone;table=jmp/placement/common/objinfo;row=33;l_id=71)
[src/runtime/RuntimeContext.cpp:1485][APP - INFO] SMG semantic event sequence:stage_host_initialized (host=FlipPanelReverse;stage=HeavensDoorGalaxy)
[src/runtime/RuntimeContext.cpp:1485][APP - INFO] SMG semantic event placement:stage_object (stage=HeavensDoorInsideZone;zone=HeavensDoorInsideZone;zone_id=2;scenario=1;layer=common;table=jmp/placement/common/objinfo;object=FlipPanelReverse;factory=created_model_fallback;support_reason=direct_object_archive_model;common_path_id=-1;rail_info_attached=false;rail_path_row=-1;rail_point_count=0;rail_first_point=none;model_archive=FlipPanelReverse;object_archive=/ObjectData/FlipPanelReverse.arc)
[src/runtime/RuntimeContext.cpp:1485][APP - INFO] SMG semantic event name_obj_lifecycle:archive_request (object=FlipPanelReverse;archive=FlipPanelReverse;kind=object;loaded=true;disc_path=FlipPanelReverse.arc)
[src/runtime/RuntimeContext.cpp:1485][APP - INFO] SMG semantic event name_obj_lifecycle:archive_request (object=FlipPanelReverse;archive=FlipPanelReverseBloom;kind=object;loaded=true;disc_path=FlipPanelReverseBloom.arc)
[src/runtime/RuntimeContext.cpp:1485][APP - INFO] SMG semantic event name_obj_lifecycle:connect_to_scene (object=FlipPanelReverse;kind=live_actor_model;movement=34;calc_anim=5;draw_buffer=8;draw_type=-1)
[src/runtime/RuntimeContext.cpp:1413][APP - INFO] Registered effect keeper FlipPanelReverse group FlipPanelReverse capacity 8
[src/runtime/RuntimeContext.cpp:1485][APP - INFO] SMG semantic event name_obj_lifecycle:construct (object=FlipPanelReverse;actor=FlipPanelReverse)
[src/runtime/RuntimeContext.cpp:1485][APP - INFO] SMG semantic event sequence:stage_host_constructed (host=FlipPanelReverse;stage=HeavensDoorGalaxy)
[src/runtime/RuntimeContext.cpp:1485][APP - INFO] SMG semantic event name_obj_lifecycle:init_from_placement (object=FlipPanelReverse;stage=HeavensDoorInsideZone;zone=HeavensDoorInsideZone;table=jmp/placement/common/objinfo;row=34;l_id=72)
[src/runtime/RuntimeContext.cpp:1485][APP - INFO] SMG semantic event sequence:stage_host_initialized (host=FlipPanelReverse;stage=HeavensDoorGalaxy)
[src/runtime/RuntimeContext.cpp:1485][APP - INFO] SMG semantic event placement:stage_object (stage=HeavensDoorInsideZone;zone=HeavensDoorInsideZone;zone_id=2;scenario=1;layer=common;table=jmp/placement/common/planetobjinfo;object=GlobalPointGravity;factory=ignored;support_reason=non_renderable_placement_helper_table;common_path_id=-1;rail_info_attached=false;rail_path_row=-1;rail_point_count=0;rail_first_point=none;model_archive=;object_archive=)
[src/runtime/RuntimeContext.cpp:1485][APP - INFO] SMG semantic event placement:stage_object (stage=HeavensDoorInsideZone;zone=HeavensDoorInsideZone;zone_id=2;scenario=1;layer=layera;table=jmp/placement/layera/objinfo;object=GrandStar;factory=created_model_fallback;support_reason=direct_object_archive_model;common_path_id=-1;rail_info_attached=false;rail_path_row=-1;rail_point_count=0;rail_first_point=none;model_archive=GrandStar;object_archive=/ObjectData/GrandStar.arc)
[src/runtime/RuntimeContext.cpp:1485][APP - INFO] SMG semantic event name_obj_lifecycle:archive_request (object=GrandStar;archive=GrandStar;kind=object;loaded=true;disc_path=GrandStar.arc)
[src/runtime/RuntimeContext.cpp:1485][APP - INFO] SMG semantic event name_obj_lifecycle:connect_to_scene (object=GrandStar;kind=live_actor_model;movement=34;calc_anim=5;draw_buffer=8;draw_type=-1)
[src/runtime/RuntimeContext.cpp:1413][APP - INFO] Registered effect keeper GrandStar group GrandStar capacity 8
[src/runtime/RuntimeContext.cpp:1485][APP - INFO] SMG semantic event name_obj_lifecycle:construct (object=GrandStar;actor=GrandStar)
[src/runtime/RuntimeContext.cpp:1485][APP - INFO] SMG semantic event sequence:stage_host_constructed (host=GrandStar;stage=HeavensDoorGalaxy)
[src/runtime/RuntimeContext.cpp:1485][APP - INFO] SMG semantic event name_obj_lifecycle:init_from_placement (object=GrandStar;stage=HeavensDoorInsideZone;zone=HeavensDoorInsideZone;table=jmp/placement/layera/objinfo;row=0;l_id=26)
[src/runtime/RuntimeContext.cpp:1485][APP - INFO] SMG semantic event sequence:stage_host_initialized (host=GrandStar;stage=HeavensDoorGalaxy)
[src/runtime/RuntimeContext.cpp:1485][APP - INFO] SMG semantic event placement:stage_object (stage=HeavensBlackHoleZone;zone=HeavensBlackHoleZone;zone_id=1;scenario=1;layer=common;table=jmp/placement/common/areaobjinfo;object=SwitchCube;factory=ignored;support_reason=non_renderable_placement_helper_table;common_path_id=-1;rail_info_attached=false;rail_path_row=-1;rail_point_count=0;rail_first_point=none;model_archive=;object_archive=)
[src/runtime/RuntimeContext.cpp:1485][APP - INFO] SMG semantic event placement:stage_object (stage=HeavensBlackHoleZone;zone=HeavensBlackHoleZone;zone_id=1;scenario=1;layer=common;table=jmp/placement/common/areaobjinfo;object=SpinGuidanceCube;factory=ignored;support_reason=non_renderable_placement_helper_table;common_path_id=-1;rail_info_attached=false;rail_path_row=-1;rail_point_count=0;rail_first_point=none;model_archive=;object_archive=)
[src/runtime/RuntimeContext.cpp:1485][APP - INFO] SMG semantic event placement:stage_object (stage=HeavensBlackHoleZone;zone=HeavensBlackHoleZone;zone_id=1;scenario=1;layer=common;table=jmp/placement/common/areaobjinfo;object=SpinGuidanceCube;factory=ignored;support_reason=non_renderable_placement_helper_table;common_path_id=-1;rail_info_attached=false;rail_path_row=-1;rail_point_count=0;rail_first_point=none;model_archive=;object_archive=)
[src/runtime/RuntimeContext.cpp:1485][APP - INFO] SMG semantic event placement:stage_object (stage=HeavensBlackHoleZone;zone=HeavensBlackHoleZone;zone_id=1;scenario=1;layer=common;table=jmp/placement/common/areaobjinfo;object=SpinGuidanceCube;factory=ignored;support_reason=non_renderable_placement_helper_table;common_path_id=-1;rail_info_attached=false;rail_path_row=-1;rail_point_count=0;rail_first_point=none;model_archive=;object_archive=)
[src/runtime/RuntimeContext.cpp:1485][APP - INFO] SMG semantic event placement:stage_object (stage=HeavensBlackHoleZone;zone=HeavensBlackHoleZone;zone_id=1;scenario=1;layer=common;table=jmp/placement/common/areaobjinfo;object=SwitchCube;factory=ignored;support_reason=non_renderable_placement_helper_table;common_path_id=-1;rail_info_attached=false;rail_path_row=-1;rail_point_count=0;rail_first_point=none;model_archive=;object_archive=)
[src/runtime/RuntimeContext.cpp:1485][APP - INFO] SMG semantic event placement:stage_object (stage=HeavensBlackHoleZone;zone=HeavensBlackHoleZone;zone_id=1;scenario=1;layer=common;table=jmp/placement/common/cameracubeinfo;object=CubeCameraSphere;factory=ignored;support_reason=non_renderable_placement_helper_table;common_path_id=-1;rail_info_attached=false;rail_path_row=-1;rail_point_count=0;rail_first_point=none;model_archive=;object_archive=)
[src/runtime/RuntimeContext.cpp:1485][APP - INFO] SMG semantic event placement:stage_object (stage=HeavensBlackHoleZone;zone=HeavensBlackHoleZone;zone_id=1;scenario=1;layer=common;table=jmp/placement/common/objinfo;object=BlackHole;factory=created_model_fallback;support_reason=direct_object_archive_model;common_path_id=-1;rail_info_attached=false;rail_path_row=-1;rail_point_count=0;rail_first_point=none;model_archive=BlackHole;object_archive=/ObjectData/BlackHole.arc)
[src/runtime/RuntimeContext.cpp:1485][APP - INFO] SMG semantic event name_obj_lifecycle:archive_request (object=BlackHole;archive=BlackHole;kind=object;loaded=true;disc_path=BlackHole.arc)
[src/runtime/RuntimeContext.cpp:1485][APP - INFO] SMG semantic event name_obj_lifecycle:archive_request (object=BlackHole;archive=BlackHoleRange;kind=object;loaded=true;disc_path=BlackHoleRange.arc)
[src/runtime/RuntimeContext.cpp:1485][APP - INFO] SMG semantic event name_obj_lifecycle:connect_to_scene (object=BlackHole;kind=live_actor_model;movement=34;calc_anim=5;draw_buffer=8;draw_type=-1)
[src/runtime/RuntimeContext.cpp:1413][APP - INFO] Registered effect keeper BlackHole group BlackHole capacity 8
[src/runtime/RuntimeContext.cpp:1485][APP - INFO] SMG semantic event name_obj_lifecycle:construct (object=BlackHole;actor=BlackHole)
[src/runtime/RuntimeContext.cpp:1485][APP - INFO] SMG semantic event sequence:stage_host_constructed (host=BlackHole;stage=HeavensDoorGalaxy)
[src/runtime/RuntimeContext.cpp:1485][APP - INFO] SMG semantic event name_obj_lifecycle:init_from_placement (object=BlackHole;stage=HeavensBlackHoleZone;zone=HeavensBlackHoleZone;table=jmp/placement/common/objinfo;row=0;l_id=14)
[src/runtime/RuntimeContext.cpp:1485][APP - INFO] SMG semantic event sequence:stage_host_initialized (host=BlackHole;stage=HeavensDoorGalaxy)
[src/runtime/RuntimeContext.cpp:1485][APP - INFO] SMG semantic event placement:stage_object (stage=HeavensBlackHoleZone;zone=HeavensBlackHoleZone;zone_id=1;scenario=1;layer=common;table=jmp/placement/common/objinfo;object=YellowChipGroup;factory=blocked;support_reason=no_original_factory_or_direct_object_archive;common_path_id=-1;rail_info_attached=false;rail_path_row=-1;rail_point_count=0;rail_first_point=none;model_archive=;object_archive=)
[src/runtime/RuntimeContext.cpp:1485][APP - INFO] SMG semantic event placement:stage_object (stage=HeavensBlackHoleZone;zone=HeavensBlackHoleZone;zone_id=1;scenario=1;layer=common;table=jmp/placement/common/objinfo;object=YellowChip;factory=created_model_fallback;support_reason=direct_object_archive_model;common_path_id=-1;rail_info_attached=false;rail_path_row=-1;rail_point_count=0;rail_first_point=none;model_archive=YellowChip;object_archive=/ObjectData/YellowChip.arc)
[src/runtime/RuntimeContext.cpp:1485][APP - INFO] SMG semantic event name_obj_lifecycle:archive_request (object=YellowChip;archive=YellowChip;kind=object;loaded=true;disc_path=YellowChip.arc)
[src/runtime/RuntimeContext.cpp:1485][APP - INFO] SMG semantic event name_obj_lifecycle:connect_to_scene (object=YellowChip;kind=live_actor_model;movement=34;calc_anim=5;draw_buffer=8;draw_type=-1)
[src/runtime/RuntimeContext.cpp:1413][APP - INFO] Registered effect keeper YellowChip group YellowChip capacity 8
[src/runtime/RuntimeContext.cpp:1485][APP - INFO] SMG semantic event name_obj_lifecycle:construct (object=YellowChip;actor=YellowChip)
[src/runtime/RuntimeContext.cpp:1485][APP - INFO] SMG semantic event sequence:stage_host_constructed (host=YellowChip;stage=HeavensDoorGalaxy)
[src/runtime/RuntimeContext.cpp:1485][APP - INFO] SMG semantic event name_obj_lifecycle:init_from_placement (object=YellowChip;stage=HeavensBlackHoleZone;zone=HeavensBlackHoleZone;table=jmp/placement/common/objinfo;row=2;l_id=16)
[src/runtime/RuntimeContext.cpp:1485][APP - INFO] SMG semantic event sequence:stage_host_initialized (host=YellowChip;stage=HeavensDoorGalaxy)
[src/runtime/RuntimeContext.cpp:1485][APP - INFO] SMG semantic event placement:stage_object (stage=HeavensBlackHoleZone;zone=HeavensBlackHoleZone;zone_id=1;scenario=1;layer=common;table=jmp/placement/common/objinfo;object=YellowChip;factory=created_model_fallback;support_reason=direct_object_archive_model;common_path_id=-1;rail_info_attached=false;rail_path_row=-1;rail_point_count=0;rail_first_point=none;model_archive=YellowChip;object_archive=/ObjectData/YellowChip.arc)
[src/runtime/RuntimeContext.cpp:1485][APP - INFO] SMG semantic event name_obj_lifecycle:archive_request (object=YellowChip;archive=YellowChip;kind=object;loaded=true;disc_path=YellowChip.arc)
[src/runtime/RuntimeContext.cpp:1485][APP - INFO] SMG semantic event name_obj_lifecycle:connect_to_scene (object=YellowChip;kind=live_actor_model;movement=34;calc_anim=5;draw_buffer=8;draw_type=-1)
[src/runtime/RuntimeContext.cpp:1413][APP - INFO] Registered effect keeper YellowChip group YellowChip capacity 8
[src/runtime/RuntimeContext.cpp:1485][APP - INFO] SMG semantic event name_obj_lifecycle:construct (object=YellowChip;actor=YellowChip)
[src/runtime/RuntimeContext.cpp:1485][APP - INFO] SMG semantic event sequence:stage_host_constructed (host=YellowChip;stage=HeavensDoorGalaxy)
[src/runtime/RuntimeContext.cpp:1485][APP - INFO] SMG semantic event name_obj_lifecycle:init_from_placement (object=YellowChip;stage=HeavensBlackHoleZone;zone=HeavensBlackHoleZone;table=jmp/placement/common/objinfo;row=3;l_id=17)
[src/runtime/RuntimeContext.cpp:1485][APP - INFO] SMG semantic event sequence:stage_host_initialized (host=YellowChip;stage=HeavensDoorGalaxy)
[src/runtime/RuntimeContext.cpp:1485][APP - INFO] SMG semantic event placement:stage_object (stage=HeavensBlackHoleZone;zone=HeavensBlackHoleZone;zone_id=1;scenario=1;layer=common;table=jmp/placement/common/objinfo;object=YellowChip;factory=created_model_fallback;support_reason=direct_object_archive_model;common_path_id=-1;rail_info_attached=false;rail_path_row=-1;rail_point_count=0;rail_first_point=none;model_archive=YellowChip;object_archive=/ObjectData/YellowChip.arc)
[src/runtime/RuntimeContext.cpp:1485][APP - INFO] SMG semantic event name_obj_lifecycle:archive_request (object=YellowChip;archive=YellowChip;kind=object;loaded=true;disc_path=YellowChip.arc)
[src/runtime/RuntimeContext.cpp:1485][APP - INFO] SMG semantic event name_obj_lifecycle:connect_to_scene (object=YellowChip;kind=live_actor_model;movement=34;calc_anim=5;draw_buffer=8;draw_type=-1)
[src/runtime/RuntimeContext.cpp:1413][APP - INFO] Registered effect keeper YellowChip group YellowChip capacity 8
[src/runtime/RuntimeContext.cpp:1485][APP - INFO] SMG semantic event name_obj_lifecycle:construct (object=YellowChip;actor=YellowChip)
[src/runtime/RuntimeContext.cpp:1485][APP - INFO] SMG semantic event sequence:stage_host_constructed (host=YellowChip;stage=HeavensDoorGalaxy)
[src/runtime/RuntimeContext.cpp:1485][APP - INFO] SMG semantic event name_obj_lifecycle:init_from_placement (object=YellowChip;stage=HeavensBlackHoleZone;zone=HeavensBlackHoleZone;table=jmp/placement/common/objinfo;row=4;l_id=18)
[src/runtime/RuntimeContext.cpp:1485][APP - INFO] SMG semantic event sequence:stage_host_initialized (host=YellowChip;stage=HeavensDoorGalaxy)
[src/runtime/RuntimeContext.cpp:1485][APP - INFO] SMG semantic event placement:stage_object (stage=HeavensBlackHoleZone;zone=HeavensBlackHoleZone;zone_id=1;scenario=1;layer=common;table=jmp/placement/common/objinfo;object=YellowChip;factory=created_model_fallback;support_reason=direct_object_archive_model;common_path_id=-1;rail_info_attached=false;rail_path_row=-1;rail_point_count=0;rail_first_point=none;model_archive=YellowChip;object_archive=/ObjectData/YellowChip.arc)
[src/runtime/RuntimeContext.cpp:1485][APP - INFO] SMG semantic event name_obj_lifecycle:archive_request (object=YellowChip;archive=YellowChip;kind=object;loaded=true;disc_path=YellowChip.arc)
[src/runtime/RuntimeContext.cpp:1485][APP - INFO] SMG semantic event name_obj_lifecycle:connect_to_scene (object=YellowChip;kind=live_actor_model;movement=34;calc_anim=5;draw_buffer=8;draw_type=-1)
[src/runtime/RuntimeContext.cpp:1413][APP - INFO] Registered effect keeper YellowChip group YellowChip capacity 8
[src/runtime/RuntimeContext.cpp:1485][APP - INFO] SMG semantic event name_obj_lifecycle:construct (object=YellowChip;actor=YellowChip)
[src/runtime/RuntimeContext.cpp:1485][APP - INFO] SMG semantic event sequence:stage_host_constructed (host=YellowChip;stage=HeavensDoorGalaxy)
[src/runtime/RuntimeContext.cpp:1485][APP - INFO] SMG semantic event name_obj_lifecycle:init_from_placement (object=YellowChip;stage=HeavensBlackHoleZone;zone=HeavensBlackHoleZone;table=jmp/placement/common/objinfo;row=5;l_id=19)
[src/runtime/RuntimeContext.cpp:1485][APP - INFO] SMG semantic event sequence:stage_host_initialized (host=YellowChip;stage=HeavensDoorGalaxy)
[src/runtime/RuntimeContext.cpp:1485][APP - INFO] SMG semantic event placement:stage_object (stage=HeavensBlackHoleZone;zone=HeavensBlackHoleZone;zone_id=1;scenario=1;layer=common;table=jmp/placement/common/objinfo;object=YellowChip;factory=created_model_fallback;support_reason=direct_object_archive_model;common_path_id=-1;rail_info_attached=false;rail_path_row=-1;rail_point_count=0;rail_first_point=none;model_archive=YellowChip;object_archive=/ObjectData/YellowChip.arc)
[src/runtime/RuntimeContext.cpp:1485][APP - INFO] SMG semantic event name_obj_lifecycle:archive_request (object=YellowChip;archive=YellowChip;kind=object;loaded=true;disc_path=YellowChip.arc)
[src/runtime/RuntimeContext.cpp:1485][APP - INFO] SMG semantic event name_obj_lifecycle:connect_to_scene (object=YellowChip;kind=live_actor_model;movement=34;calc_anim=5;draw_buffer=8;draw_type=-1)
[src/runtime/RuntimeContext.cpp:1413][APP - INFO] Registered effect keeper YellowChip group YellowChip capacity 8
[src/runtime/RuntimeContext.cpp:1485][APP - INFO] SMG semantic event name_obj_lifecycle:construct (object=YellowChip;actor=YellowChip)
[src/runtime/RuntimeContext.cpp:1485][APP - INFO] SMG semantic event sequence:stage_host_constructed (host=YellowChip;stage=HeavensDoorGalaxy)
[src/runtime/RuntimeContext.cpp:1485][APP - INFO] SMG semantic event name_obj_lifecycle:init_from_placement (object=YellowChip;stage=HeavensBlackHoleZone;zone=HeavensBlackHoleZone;table=jmp/placement/common/objinfo;row=6;l_id=20)
[src/runtime/RuntimeContext.cpp:1485][APP - INFO] SMG semantic event sequence:stage_host_initialized (host=YellowChip;stage=HeavensDoorGalaxy)
[src/runtime/RuntimeContext.cpp:1485][APP - INFO] SMG semantic event placement:stage_object (stage=HeavensBlackHoleZone;zone=HeavensBlackHoleZone;zone_id=1;scenario=1;layer=common;table=jmp/placement/common/objinfo;object=MeteorCannon;factory=created_alias_model_fallback;support_reason=original_archive_model;common_path_id=0;rail_info_attached=true;rail_path_row=0;rail_point_count=2;rail_first_point=15203.609375,-469.039307,-8624.085938;model_archive=MeteorStrike;object_archive=)
[src/runtime/RuntimeContext.cpp:1485][APP - INFO] SMG semantic event name_obj_lifecycle:archive_request (object=MeteorCannon;archive=MeteorStrike;kind=object;loaded=true;disc_path=MeteorStrike.arc)
[src/runtime/RuntimeContext.cpp:1485][APP - INFO] SMG semantic event name_obj_lifecycle:archive_request (object=MeteorCannon;archive=MeteorCannonBreak;kind=object;loaded=true;disc_path=MeteorCannonBreak.arc)
[src/runtime/RuntimeContext.cpp:1485][APP - INFO] SMG semantic event name_obj_lifecycle:connect_to_scene (object=MeteorCannon;kind=live_actor_model;movement=34;calc_anim=5;draw_buffer=8;draw_type=-1)
[src/runtime/RuntimeContext.cpp:1413][APP - INFO] Registered effect keeper MeteorCannon group MeteorStrike capacity 8
[src/runtime/RuntimeContext.cpp:1485][APP - INFO] SMG semantic event name_obj_lifecycle:construct (object=MeteorCannon;actor=MeteorCannon)
[src/runtime/RuntimeContext.cpp:1485][APP - INFO] SMG semantic event sequence:stage_host_constructed (host=MeteorCannon;stage=HeavensDoorGalaxy)
[src/runtime/RuntimeContext.cpp:1485][APP - INFO] SMG semantic event name_obj_lifecycle:init_from_placement (object=MeteorCannon;stage=HeavensBlackHoleZone;zone=HeavensBlackHoleZone;table=jmp/placement/common/objinfo;row=7;l_id=21)
[src/runtime/RuntimeContext.cpp:1485][APP - INFO] SMG semantic event sequence:stage_host_initialized (host=MeteorCannon;stage=HeavensDoorGalaxy)
[src/runtime/RuntimeContext.cpp:1485][APP - INFO] SMG semantic event placement:stage_object (stage=HeavensBlackHoleZone;zone=HeavensBlackHoleZone;zone_id=1;scenario=1;layer=common;table=jmp/placement/common/objinfo;object=MeteorCannon;factory=created_alias_model_fallback;support_reason=original_archive_model;common_path_id=1;rail_info_attached=true;rail_path_row=1;rail_point_count=2;rail_first_point=12978.777344,-1204.125977,-8646.732422;model_archive=MeteorStrike;object_archive=)
[src/runtime/RuntimeContext.cpp:1485][APP - INFO] SMG semantic event name_obj_lifecycle:archive_request (object=MeteorCannon;archive=MeteorStrike;kind=object;loaded=true;disc_path=MeteorStrike.arc)
[src/runtime/RuntimeContext.cpp:1485][APP - INFO] SMG semantic event name_obj_lifecycle:archive_request (object=MeteorCannon;archive=MeteorCannonBreak;kind=object;loaded=true;disc_path=MeteorCannonBreak.arc)
[src/runtime/RuntimeContext.cpp:1485][APP - INFO] SMG semantic event name_obj_lifecycle:connect_to_scene (object=MeteorCannon;kind=live_actor_model;movement=34;calc_anim=5;draw_buffer=8;draw_type=-1)
[src/runtime/RuntimeContext.cpp:1413][APP - INFO] Registered effect keeper MeteorCannon group MeteorStrike capacity 8
[src/runtime/RuntimeContext.cpp:1485][APP - INFO] SMG semantic event name_obj_lifecycle:construct (object=MeteorCannon;actor=MeteorCannon)
[src/runtime/RuntimeContext.cpp:1485][APP - INFO] SMG semantic event sequence:stage_host_constructed (host=MeteorCannon;stage=HeavensDoorGalaxy)
[src/runtime/RuntimeContext.cpp:1485][APP - INFO] SMG semantic event name_obj_lifecycle:init_from_placement (object=MeteorCannon;stage=HeavensBlackHoleZone;zone=HeavensBlackHoleZone;table=jmp/placement/common/objinfo;row=8;l_id=22)
[src/runtime/RuntimeContext.cpp:1485][APP - INFO] SMG semantic event sequence:stage_host_initialized (host=MeteorCannon;stage=HeavensDoorGalaxy)
[src/runtime/RuntimeContext.cpp:1485][APP - INFO] SMG semantic event placement:stage_object (stage=HeavensBlackHoleZone;zone=HeavensBlackHoleZone;zone_id=1;scenario=1;layer=common;table=jmp/placement/common/objinfo;object=KuriboMini;factory=created_model_fallback;support_reason=direct_object_archive_model;common_path_id=-1;rail_info_attached=false;rail_path_row=-1;rail_point_count=0;rail_first_point=none;model_archive=KuriboMini;object_archive=/ObjectData/KuriboMini.arc)
[src/runtime/RuntimeContext.cpp:1485][APP - INFO] SMG semantic event name_obj_lifecycle:archive_request (object=KuriboMini;archive=KuriboMini;kind=object;loaded=true;disc_path=KuriboMini.arc)
[src/runtime/RuntimeContext.cpp:1485][APP - INFO] SMG semantic event name_obj_lifecycle:connect_to_scene (object=KuriboMini;kind=live_actor_model;movement=34;calc_anim=5;draw_buffer=8;draw_type=-1)
[src/runtime/RuntimeContext.cpp:1413][APP - INFO] Registered effect keeper KuriboMini group KuriboMini capacity 8
[src/runtime/RuntimeContext.cpp:1485][APP - INFO] SMG semantic event name_obj_lifecycle:construct (object=KuriboMini;actor=KuriboMini)
[src/runtime/RuntimeContext.cpp:1485][APP - INFO] SMG semantic event sequence:stage_host_constructed (host=KuriboMini;stage=HeavensDoorGalaxy)
[src/runtime/RuntimeContext.cpp:1485][APP - INFO] SMG semantic event name_obj_lifecycle:init_from_placement (object=KuriboMini;stage=HeavensBlackHoleZone;zone=HeavensBlackHoleZone;table=jmp/placement/common/objinfo;row=9;l_id=24)
[src/runtime/RuntimeContext.cpp:1485][APP - INFO] SMG semantic event sequence:stage_host_initialized (host=KuriboMini;stage=HeavensDoorGalaxy)
[src/runtime/RuntimeContext.cpp:1485][APP - INFO] SMG semantic event placement:stage_object (stage=HeavensBlackHoleZone;zone=HeavensBlackHoleZone;zone_id=1;scenario=1;layer=common;table=jmp/placement/common/objinfo;object=Tico;factory=created_model_fallback;support_reason=direct_object_archive_model;common_path_id=-1;rail_info_attached=false;rail_path_row=-1;rail_point_count=0;rail_first_point=none;model_archive=Tico;object_archive=/ObjectData/Tico.arc)
[src/runtime/RuntimeContext.cpp:1485][APP - INFO] SMG semantic event name_obj_lifecycle:archive_request (object=Tico;archive=Tico;kind=object;loaded=true;disc_path=Tico.arc)
[src/runtime/RuntimeContext.cpp:1485][APP - INFO] SMG semantic event name_obj_lifecycle:connect_to_scene (object=Tico;kind=live_actor_model;movement=34;calc_anim=5;draw_buffer=8;draw_type=-1)
[src/runtime/RuntimeContext.cpp:1413][APP - INFO] Registered effect keeper Tico group Tico capacity 8
[src/runtime/RuntimeContext.cpp:1485][APP - INFO] SMG semantic event name_obj_lifecycle:construct (object=Tico;actor=Tico)
[src/runtime/RuntimeContext.cpp:1485][APP - INFO] SMG semantic event sequence:stage_host_constructed (host=Tico;stage=HeavensDoorGalaxy)
[src/runtime/RuntimeContext.cpp:1485][APP - INFO] SMG semantic event name_obj_lifecycle:init_from_placement (object=Tico;stage=HeavensBlackHoleZone;zone=HeavensBlackHoleZone;table=jmp/placement/common/objinfo;row=10;l_id=25)
[src/runtime/RuntimeContext.cpp:1485][APP - INFO] SMG semantic event sequence:stage_host_initialized (host=Tico;stage=HeavensDoorGalaxy)
[src/runtime/RuntimeContext.cpp:1485][APP - INFO] SMG semantic event placement:stage_object (stage=HeavensBlackHoleZone;zone=HeavensBlackHoleZone;zone_id=1;scenario=1;layer=common;table=jmp/placement/common/objinfo;object=BenefitItemOneUp;factory=created_alias_model_fallback;support_reason=original_archive_model;common_path_id=-1;rail_info_attached=false;rail_path_row=-1;rail_point_count=0;rail_first_point=none;model_archive=KinokoOneUp;object_archive=)
[src/runtime/RuntimeContext.cpp:1485][APP - INFO] SMG semantic event name_obj_lifecycle:archive_request (object=BenefitItemOneUp;archive=KinokoOneUp;kind=object;loaded=true;disc_path=KinokoOneUp.arc)
[src/runtime/RuntimeContext.cpp:1485][APP - INFO] SMG semantic event name_obj_lifecycle:connect_to_scene (object=BenefitItemOneUp;kind=live_actor_model;movement=34;calc_anim=5;draw_buffer=8;draw_type=-1)
[src/runtime/RuntimeContext.cpp:1413][APP - INFO] Registered effect keeper BenefitItemOneUp group KinokoOneUp capacity 8
[src/runtime/RuntimeContext.cpp:1485][APP - INFO] SMG semantic event name_obj_lifecycle:construct (object=BenefitItemOneUp;actor=BenefitItemOneUp)
[src/runtime/RuntimeContext.cpp:1485][APP - INFO] SMG semantic event sequence:stage_host_constructed (host=BenefitItemOneUp;stage=HeavensDoorGalaxy)
[src/runtime/RuntimeContext.cpp:1485][APP - INFO] SMG semantic event name_obj_lifecycle:init_from_placement (object=BenefitItemOneUp;stage=HeavensBlackHoleZone;zone=HeavensBlackHoleZone;table=jmp/placement/common/objinfo;row=11;l_id=27)
[src/runtime/RuntimeContext.cpp:1485][APP - INFO] SMG semantic event sequence:stage_host_initialized (host=BenefitItemOneUp;stage=HeavensDoorGalaxy)
[src/runtime/RuntimeContext.cpp:1485][APP - INFO] SMG semantic event placement:stage_object (stage=HeavensBlackHoleZone;zone=HeavensBlackHoleZone;zone_id=1;scenario=1;layer=common;table=jmp/placement/common/objinfo;object=CrystalCageS;factory=created_model_fallback;support_reason=direct_object_archive_model;common_path_id=-1;rail_info_attached=false;rail_path_row=-1;rail_point_count=0;rail_first_point=none;model_archive=CrystalCageS;object_archive=/ObjectData/CrystalCageS.arc)
[src/runtime/RuntimeContext.cpp:1485][APP - INFO] SMG semantic event name_obj_lifecycle:archive_request (object=CrystalCageS;archive=CrystalCageS;kind=object;loaded=true;disc_path=CrystalCageS.arc)
[src/runtime/RuntimeContext.cpp:1485][APP - INFO] SMG semantic event name_obj_lifecycle:archive_request (object=CrystalCageS;archive=CrystalCageSBreak;kind=object;loaded=true;disc_path=CrystalCageSBreak.arc)
[src/runtime/RuntimeContext.cpp:1485][APP - INFO] SMG semantic event name_obj_lifecycle:connect_to_scene (object=CrystalCageS;kind=live_actor_model;movement=34;calc_anim=5;draw_buffer=8;draw_type=-1)
[src/runtime/RuntimeContext.cpp:1413][APP - INFO] Registered effect keeper CrystalCageS group CrystalCageS capacity 8
[src/runtime/RuntimeContext.cpp:1485][APP - INFO] SMG semantic event name_obj_lifecycle:construct (object=CrystalCageS;actor=CrystalCageS)
[src/runtime/RuntimeContext.cpp:1485][APP - INFO] SMG semantic event sequence:stage_host_constructed (host=CrystalCageS;stage=HeavensDoorGalaxy)
[src/runtime/RuntimeContext.cpp:1485][APP - INFO] SMG semantic event name_obj_lifecycle:init_from_placement (object=CrystalCageS;stage=HeavensBlackHoleZone;zone=HeavensBlackHoleZone;table=jmp/placement/common/objinfo;row=12;l_id=29)
[src/runtime/RuntimeContext.cpp:1485][APP - INFO] SMG semantic event sequence:stage_host_initialized (host=CrystalCageS;stage=HeavensDoorGalaxy)
[src/runtime/RuntimeContext.cpp:1485][APP - INFO] SMG semantic event placement:stage_object (stage=HeavensBlackHoleZone;zone=HeavensBlackHoleZone;zone_id=1;scenario=1;layer=common;table=jmp/placement/common/objinfo;object=CrystalCageS;factory=created_model_fallback;support_reason=direct_object_archive_model;common_path_id=-1;rail_info_attached=false;rail_path_row=-1;rail_point_count=0;rail_first_point=none;model_archive=CrystalCageS;object_archive=/ObjectData/CrystalCageS.arc)
[src/runtime/RuntimeContext.cpp:1485][APP - INFO] SMG semantic event name_obj_lifecycle:archive_request (object=CrystalCageS;archive=CrystalCageS;kind=object;loaded=true;disc_path=CrystalCageS.arc)
[src/runtime/RuntimeContext.cpp:1485][APP - INFO] SMG semantic event name_obj_lifecycle:archive_request (object=CrystalCageS;archive=CrystalCageSBreak;kind=object;loaded=true;disc_path=CrystalCageSBreak.arc)
[src/runtime/RuntimeContext.cpp:1485][APP - INFO] SMG semantic event name_obj_lifecycle:connect_to_scene (object=CrystalCageS;kind=live_actor_model;movement=34;calc_anim=5;draw_buffer=8;draw_type=-1)
[src/runtime/RuntimeContext.cpp:1413][APP - INFO] Registered effect keeper CrystalCageS group CrystalCageS capacity 8
[src/runtime/RuntimeContext.cpp:1485][APP - INFO] SMG semantic event name_obj_lifecycle:construct (object=CrystalCageS;actor=CrystalCageS)
[src/runtime/RuntimeContext.cpp:1485][APP - INFO] SMG semantic event sequence:stage_host_constructed (host=CrystalCageS;stage=HeavensDoorGalaxy)
[src/runtime/RuntimeContext.cpp:1485][APP - INFO] SMG semantic event name_obj_lifecycle:init_from_placement (object=CrystalCageS;stage=HeavensBlackHoleZone;zone=HeavensBlackHoleZone;table=jmp/placement/common/objinfo;row=13;l_id=30)
[src/runtime/RuntimeContext.cpp:1485][APP - INFO] SMG semantic event sequence:stage_host_initialized (host=CrystalCageS;stage=HeavensDoorGalaxy)
[src/runtime/RuntimeContext.cpp:1485][APP - INFO] SMG semantic event placement:stage_object (stage=HeavensBlackHoleZone;zone=HeavensBlackHoleZone;zone_id=1;scenario=1;layer=common;table=jmp/placement/common/objinfo;object=CrystalCageS;factory=created_model_fallback;support_reason=direct_object_archive_model;common_path_id=-1;rail_info_attached=false;rail_path_row=-1;rail_point_count=0;rail_first_point=none;model_archive=CrystalCageS;object_archive=/ObjectData/CrystalCageS.arc)
[src/runtime/RuntimeContext.cpp:1485][APP - INFO] SMG semantic event name_obj_lifecycle:archive_request (object=CrystalCageS;archive=CrystalCageS;kind=object;loaded=true;disc_path=CrystalCageS.arc)
[src/runtime/RuntimeContext.cpp:1485][APP - INFO] SMG semantic event name_obj_lifecycle:archive_request (object=CrystalCageS;archive=CrystalCageSBreak;kind=object;loaded=true;disc_path=CrystalCageSBreak.arc)
[src/runtime/RuntimeContext.cpp:1485][APP - INFO] SMG semantic event name_obj_lifecycle:connect_to_scene (object=CrystalCageS;kind=live_actor_model;movement=34;calc_anim=5;draw_buffer=8;draw_type=-1)
[src/runtime/RuntimeContext.cpp:1413][APP - INFO] Registered effect keeper CrystalCageS group CrystalCageS capacity 8
[src/runtime/RuntimeContext.cpp:1485][APP - INFO] SMG semantic event name_obj_lifecycle:construct (object=CrystalCageS;actor=CrystalCageS)
[src/runtime/RuntimeContext.cpp:1485][APP - INFO] SMG semantic event sequence:stage_host_constructed (host=CrystalCageS;stage=HeavensDoorGalaxy)
[src/runtime/RuntimeContext.cpp:1485][APP - INFO] SMG semantic event name_obj_lifecycle:init_from_placement (object=CrystalCageS;stage=HeavensBlackHoleZone;zone=HeavensBlackHoleZone;table=jmp/placement/common/objinfo;row=14;l_id=32)
[src/runtime/RuntimeContext.cpp:1485][APP - INFO] SMG semantic event sequence:stage_host_initialized (host=CrystalCageS;stage=HeavensDoorGalaxy)
[src/runtime/RuntimeContext.cpp:1485][APP - INFO] SMG semantic event placement:stage_object (stage=HeavensBlackHoleZone;zone=HeavensBlackHoleZone;zone_id=1;scenario=1;layer=common;table=jmp/placement/common/objinfo;object=HeavensDoorBlackHolePlanet;factory=created_model_fallback;support_reason=direct_object_archive_model;common_path_id=-1;rail_info_attached=false;rail_path_row=-1;rail_point_count=0;rail_first_point=none;model_archive=HeavensDoorBlackHolePlanet;object_archive=/ObjectData/HeavensDoorBlackHolePlanet.arc)
[src/runtime/RuntimeContext.cpp:1485][APP - INFO] SMG semantic event name_obj_lifecycle:archive_request (object=HeavensDoorBlackHolePlanet;archive=HeavensDoorBlackHolePlanet;kind=object;loaded=true;disc_path=HeavensDoorBlackHolePlanet.arc)
[src/runtime/RuntimeContext.cpp:1485][APP - INFO] SMG semantic event name_obj_lifecycle:connect_to_scene (object=HeavensDoorBlackHolePlanet;kind=live_actor_model;movement=34;calc_anim=5;draw_buffer=8;draw_type=-1)
[src/runtime/RuntimeContext.cpp:1413][APP - INFO] Registered effect keeper HeavensDoorBlackHolePlanet group HeavensDoorBlackHolePlanet capacity 8
[src/runtime/RuntimeContext.cpp:1485][APP - INFO] SMG semantic event name_obj_lifecycle:construct (object=HeavensDoorBlackHolePlanet;actor=HeavensDoorBlackHolePlanet)
[src/runtime/RuntimeContext.cpp:1485][APP - INFO] SMG semantic event sequence:stage_host_constructed (host=HeavensDoorBlackHolePlanet;stage=HeavensDoorGalaxy)
[src/runtime/RuntimeContext.cpp:1485][APP - INFO] SMG semantic event name_obj_lifecycle:init_from_placement (object=HeavensDoorBlackHolePlanet;stage=HeavensBlackHoleZone;zone=HeavensBlackHoleZone;table=jmp/placement/common/objinfo;row=15;l_id=34)
[src/runtime/RuntimeContext.cpp:1485][APP - INFO] SMG semantic event sequence:stage_host_initialized (host=HeavensDoorBlackHolePlanet;stage=HeavensDoorGalaxy)
[src/runtime/RuntimeContext.cpp:1485][APP - INFO] SMG semantic event placement:stage_object (stage=HeavensBlackHoleZone;zone=HeavensBlackHoleZone;zone_id=1;scenario=1;layer=common;table=jmp/placement/common/objinfo;object=KuriboMini;factory=created_model_fallback;support_reason=direct_object_archive_model;common_path_id=-1;rail_info_attached=false;rail_path_row=-1;rail_point_count=0;rail_first_point=none;model_archive=KuriboMini;object_archive=/ObjectData/KuriboMini.arc)
[src/runtime/RuntimeContext.cpp:1485][APP - INFO] SMG semantic event name_obj_lifecycle:archive_request (object=KuriboMini;archive=KuriboMini;kind=object;loaded=true;disc_path=KuriboMini.arc)
[src/runtime/RuntimeContext.cpp:1485][APP - INFO] SMG semantic event name_obj_lifecycle:connect_to_scene (object=KuriboMini;kind=live_actor_model;movement=34;calc_anim=5;draw_buffer=8;draw_type=-1)
[src/runtime/RuntimeContext.cpp:1413][APP - INFO] Registered effect keeper KuriboMini group KuriboMini capacity 8
[src/runtime/RuntimeContext.cpp:1485][APP - INFO] SMG semantic event name_obj_lifecycle:construct (object=KuriboMini;actor=KuriboMini)
[src/runtime/RuntimeContext.cpp:1485][APP - INFO] SMG semantic event sequence:stage_host_constructed (host=KuriboMini;stage=HeavensDoorGalaxy)
[src/runtime/RuntimeContext.cpp:1485][APP - INFO] SMG semantic event name_obj_lifecycle:init_from_placement (object=KuriboMini;stage=HeavensBlackHoleZone;zone=HeavensBlackHoleZone;table=jmp/placement/common/objinfo;row=16;l_id=35)
[src/runtime/RuntimeContext.cpp:1485][APP - INFO] SMG semantic event sequence:stage_host_initialized (host=KuriboMini;stage=HeavensDoorGalaxy)
[src/runtime/RuntimeContext.cpp:1485][APP - INFO] SMG semantic event placement:stage_object (stage=HeavensBlackHoleZone;zone=HeavensBlackHoleZone;zone_id=1;scenario=1;layer=common;table=jmp/placement/common/planetobjinfo;object=GlobalPointGravity;factory=ignored;support_reason=non_renderable_placement_helper_table;common_path_id=-1;rail_info_attached=false;rail_path_row=-1;rail_point_count=0;rail_first_point=none;model_archive=;object_archive=)
[src/runtime/RuntimeContext.cpp:1485][APP - INFO] SMG semantic event placement:stage_placement_summary (stage=HeavensDoorGalaxy;scenario=1;objects=242;created=167;ignored=72;blocked=3)
[src/runtime/RuntimeContext.cpp:1485][APP - INFO] SMG semantic event name_obj_lifecycle:init_after_placement (object=VROrbit)
[src/runtime/RuntimeContext.cpp:1485][APP - INFO] SMG semantic event name_obj_lifecycle:init_after_placement (object=BrightSun)
[src/runtime/RuntimeContext.cpp:1485][APP - INFO] SMG semantic event name_obj_lifecycle:init_after_placement (object=SwitchSynchronizerReverse)
[src/runtime/RuntimeContext.cpp:1485][APP - INFO] SMG semantic event name_obj_lifecycle:init_after_placement (object=SpinDriver)
[src/runtime/RuntimeContext.cpp:1485][APP - INFO] SMG semantic event name_obj_lifecycle:init_after_placement (object=CollisionBlocker)
[src/runtime/RuntimeContext.cpp:1485][APP - INFO] SMG semantic event name_obj_lifecycle:init_after_placement (object=SuperSpinDriver)
[src/runtime/RuntimeContext.cpp:1485][APP - INFO] SMG semantic event name_obj_lifecycle:init_after_placement (object=SuperSpinDriver)
[src/runtime/RuntimeContext.cpp:1485][APP - INFO] SMG semantic event name_obj_lifecycle:init_after_placement (object=EarthenPipe)
[src/runtime/RuntimeContext.cpp:1485][APP - INFO] SMG semantic event name_obj_lifecycle:init_after_placement (object=EarthenPipe)
[src/runtime/RuntimeContext.cpp:1485][APP - INFO] SMG semantic event name_obj_lifecycle:init_after_placement (object=FlowerGroup)
[src/runtime/RuntimeContext.cpp:1485][APP - INFO] SMG semantic event name_obj_lifecycle:init_after_placement (object=FlowerBlueGroup)
[src/runtime/RuntimeContext.cpp:1485][APP - INFO] SMG semantic event name_obj_lifecycle:init_after_placement (object=Butterfly)
[src/runtime/RuntimeContext.cpp:1485][APP - INFO] SMG semantic event name_obj_lifecycle:init_after_placement (object=Butterfly)
[src/runtime/RuntimeContext.cpp:1485][APP - INFO] SMG semantic event name_obj_lifecycle:init_after_placement (object=Butterfly)
[src/runtime/RuntimeContext.cpp:1485][APP - INFO] SMG semantic event name_obj_lifecycle:init_after_placement (object=PunchingKinoko)
[src/runtime/RuntimeContext.cpp:1485][APP - INFO] SMG semantic event name_obj_lifecycle:init_after_placement (object=PunchingKinoko)
[src/runtime/RuntimeContext.cpp:1485][APP - INFO] SMG semantic event name_obj_lifecycle:init_after_placement (object=PunchingKinoko)
[src/runtime/RuntimeContext.cpp:1485][APP - INFO] SMG semantic event name_obj_lifecycle:init_after_placement (object=PunchingKinoko)
[src/runtime/RuntimeContext.cpp:1485][APP - INFO] SMG semantic event name_obj_lifecycle:init_after_placement (object=PunchingKinoko)
[src/runtime/RuntimeContext.cpp:1485][APP - INFO] SMG semantic event name_obj_lifecycle:init_after_placement (object=PunchingKinoko)
[src/runtime/RuntimeContext.cpp:1485][APP - INFO] SMG semantic event name_obj_lifecycle:init_after_placement (object=PunchingKinoko)
[src/runtime/RuntimeContext.cpp:1485][APP - INFO] SMG semantic event name_obj_lifecycle:init_after_placement (object=PunchingKinoko)
[src/runtime/RuntimeContext.cpp:1485][APP - INFO] SMG semantic event name_obj_lifecycle:init_after_placement (object=PunchingKinoko)
[src/runtime/RuntimeContext.cpp:1485][APP - INFO] SMG semantic event name_obj_lifecycle:init_after_placement (object=PunchingKinoko)
[src/runtime/RuntimeContext.cpp:1485][APP - INFO] SMG semantic event name_obj_lifecycle:init_after_placement (object=CutBushGroup)
[src/runtime/RuntimeContext.cpp:1485][APP - INFO] SMG semantic event name_obj_lifecycle:init_after_placement (object=WarpPod)
[src/runtime/RuntimeContext.cpp:1485][APP - INFO] SMG semantic event name_obj_lifecycle:init_after_placement (object=WarpPod)
[src/runtime/RuntimeContext.cpp:1485][APP - INFO] SMG semantic event name_obj_lifecycle:init_after_placement (object=EarthenPipe)
[src/runtime/RuntimeContext.cpp:1485][APP - INFO] SMG semantic event name_obj_lifecycle:init_after_placement (object=EarthenPipe)
[src/runtime/RuntimeContext.cpp:1485][APP - INFO] SMG semantic event name_obj_lifecycle:init_after_placement (object=PunchingKinoko)
[src/runtime/RuntimeContext.cpp:1485][APP - INFO] SMG semantic event name_obj_lifecycle:init_after_placement (object=PunchingKinoko)
[src/runtime/RuntimeContext.cpp:1485][APP - INFO] SMG semantic event name_obj_lifecycle:init_after_placement (object=PunchingKinoko)
[src/runtime/RuntimeContext.cpp:1485][APP - INFO] SMG semantic event name_obj_lifecycle:init_after_placement (object=PunchingKinoko)
[src/runtime/RuntimeContext.cpp:1485][APP - INFO] SMG semantic event name_obj_lifecycle:init_after_placement (object=HeavensDoorMysteriousPlanet)
[src/runtime/RuntimeContext.cpp:1485][APP - INFO] SMG semantic event name_obj_lifecycle:init_after_placement (object=SphereAir)
[src/runtime/RuntimeContext.cpp:1485][APP - INFO] SMG semantic event name_obj_lifecycle:init_after_placement (object=StarPiece)
[src/runtime/RuntimeContext.cpp:1485][APP - INFO] SMG semantic event name_obj_lifecycle:init_after_placement (object=StarPiece)
[src/runtime/RuntimeContext.cpp:1485][APP - INFO] SMG semantic event name_obj_lifecycle:init_after_placement (object=StarPiece)
[src/runtime/RuntimeContext.cpp:1485][APP - INFO] SMG semantic event name_obj_lifecycle:init_after_placement (object=CollisionBlocker)
[src/runtime/RuntimeContext.cpp:1485][APP - INFO] SMG semantic event name_obj_lifecycle:init_after_placement (object=CollisionBlocker)
[src/runtime/RuntimeContext.cpp:1485][APP - INFO] SMG semantic event name_obj_lifecycle:init_after_placement (object=CollisionBlocker)
[src/runtime/RuntimeContext.cpp:1485][APP - INFO] SMG semantic event name_obj_lifecycle:init_after_placement (object=Coin)
[src/runtime/RuntimeContext.cpp:1485][APP - INFO] SMG semantic event name_obj_lifecycle:init_after_placement (object=Coin)
[src/runtime/RuntimeContext.cpp:1485][APP - INFO] SMG semantic event name_obj_lifecycle:init_after_placement (object=Coin)
[src/runtime/RuntimeContext.cpp:1485][APP - INFO] SMG semantic event name_obj_lifecycle:init_after_placement (object=Coin)
[src/runtime/RuntimeContext.cpp:1485][APP - INFO] SMG semantic event name_obj_lifecycle:init_after_placement (object=Coin)
[src/runtime/RuntimeContext.cpp:1485][APP - INFO] SMG semantic event name_obj_lifecycle:init_after_placement (object=Coin)
[src/runtime/RuntimeContext.cpp:1485][APP - INFO] SMG semantic event name_obj_lifecycle:init_after_placement (object=Coin)
[src/runtime/RuntimeContext.cpp:1485][APP - INFO] SMG semantic event name_obj_lifecycle:init_after_placement (object=Coin)
[src/runtime/RuntimeContext.cpp:1485][APP - INFO] SMG semantic event name_obj_lifecycle:init_after_placement (object=Coin)
[src/runtime/RuntimeContext.cpp:1485][APP - INFO] SMG semantic event name_obj_lifecycle:init_after_placement (object=Coin)
[src/runtime/RuntimeContext.cpp:1485][APP - INFO] SMG semantic event name_obj_lifecycle:init_after_placement (object=HeavensDoorHouseDoor)
[src/runtime/RuntimeContext.cpp:1485][APP - INFO] SMG semantic event name_obj_lifecycle:init_after_placement (object=HeavensDoorFlowerA)
[src/runtime/RuntimeContext.cpp:1485][APP - INFO] SMG semantic event name_obj_lifecycle:init_after_placement (object=CollisionBlocker)
[src/runtime/RuntimeContext.cpp:1485][APP - INFO] SMG semantic event name_obj_lifecycle:init_after_placement (object=CollisionBlocker)
[src/runtime/RuntimeContext.cpp:1485][APP - INFO] SMG semantic event name_obj_lifecycle:init_after_placement (object=CollisionBlocker)
[src/runtime/RuntimeContext.cpp:1485][APP - INFO] SMG semantic event name_obj_lifecycle:init_after_placement (object=CollisionBlocker)
[src/runtime/RuntimeContext.cpp:1485][APP - INFO] SMG semantic event name_obj_lifecycle:init_after_placement (object=HeavensDoorAppearStepAAfter)
[src/runtime/RuntimeContext.cpp:1485][APP - INFO] SMG semantic event name_obj_lifecycle:init_after_placement (object=StarPiece)
[src/runtime/RuntimeContext.cpp:1485][APP - INFO] SMG semantic event name_obj_lifecycle:init_after_placement (object=StarPiece)
[src/runtime/RuntimeContext.cpp:1485][APP - INFO] SMG semantic event name_obj_lifecycle:init_after_placement (object=StarPiece)
[src/runtime/RuntimeContext.cpp:1485][APP - INFO] SMG semantic event name_obj_lifecycle:init_after_placement (object=StarPiece)
[src/runtime/RuntimeContext.cpp:1485][APP - INFO] SMG semantic event name_obj_lifecycle:init_after_placement (object=CrystalCageM)
[src/runtime/RuntimeContext.cpp:1485][APP - INFO] SMG semantic event name_obj_lifecycle:init_after_placement (object=CrystalCageM)
[src/runtime/RuntimeContext.cpp:1485][APP - INFO] SMG semantic event name_obj_lifecycle:init_after_placement (object=CrystalCageM)
[src/runtime/RuntimeContext.cpp:1485][APP - INFO] SMG semantic event name_obj_lifecycle:init_after_placement (object=Tico)
[src/runtime/RuntimeContext.cpp:1485][APP - INFO] SMG semantic event name_obj_lifecycle:init_after_placement (object=DemoRabbit)
[src/runtime/RuntimeContext.cpp:1485][APP - INFO] SMG semantic event name_obj_lifecycle:init_after_placement (object=DemoRabbit)
[src/runtime/RuntimeContext.cpp:1485][APP - INFO] SMG semantic event name_obj_lifecycle:init_after_placement (object=DemoRabbit)
[src/runtime/RuntimeContext.cpp:1485][APP - INFO] SMG semantic event name_obj_lifecycle:init_after_placement (object=RunawayRabbitCollect)
[src/runtime/RuntimeContext.cpp:1485][APP - INFO] SMG semantic event name_obj_lifecycle:init_after_placement (object=Rosetta)
[src/runtime/RuntimeContext.cpp:1485][APP - INFO] SMG semantic event name_obj_lifecycle:init_after_placement (object=TicoBaby)
[src/runtime/RuntimeContext.cpp:1485][APP - INFO] SMG semantic event name_obj_lifecycle:init_after_placement (object=HeavensDoorAppearStepA)
[src/runtime/RuntimeContext.cpp:1485][APP - INFO] SMG semantic event name_obj_lifecycle:init_after_placement (object=GroupSwitchWatcher)
[src/runtime/RuntimeContext.cpp:1485][APP - INFO] SMG semantic event name_obj_lifecycle:init_after_placement (object=Tico)
[src/runtime/RuntimeContext.cpp:1485][APP - INFO] SMG semantic event name_obj_lifecycle:init_after_placement (object=CapsuleCage)
[src/runtime/RuntimeContext.cpp:1485][APP - INFO] SMG semantic event name_obj_lifecycle:init_after_placement (object=ExterminationKuriboKeySwitch)
[src/runtime/RuntimeContext.cpp:1485][APP - INFO] SMG semantic event name_obj_lifecycle:init_after_placement (object=HeavensDoorSmallPlanet)
[src/runtime/RuntimeContext.cpp:1485][APP - INFO] SMG semantic event name_obj_lifecycle:init_after_placement (object=CrystalCageS)
[src/runtime/RuntimeContext.cpp:1485][APP - INFO] SMG semantic event name_obj_lifecycle:init_after_placement (object=CrystalCageS)
[src/runtime/RuntimeContext.cpp:1485][APP - INFO] SMG semantic event name_obj_lifecycle:init_after_placement (object=CrystalCageS)
[src/runtime/RuntimeContext.cpp:1485][APP - INFO] SMG semantic event name_obj_lifecycle:init_after_placement (object=CrystalCageS)
[src/runtime/RuntimeContext.cpp:1485][APP - INFO] SMG semantic event name_obj_lifecycle:init_after_placement (object=KuriboMini)
[src/runtime/RuntimeContext.cpp:1485][APP - INFO] SMG semantic event name_obj_lifecycle:init_after_placement (object=KuriboMini)
[src/runtime/RuntimeContext.cpp:1485][APP - INFO] SMG semantic event name_obj_lifecycle:init_after_placement (object=KuriboMini)
[src/runtime/RuntimeContext.cpp:1485][APP - INFO] SMG semantic event name_obj_lifecycle:init_after_placement (object=ShockWaveGenerator)
[src/runtime/RuntimeContext.cpp:1485][APP - INFO] SMG semantic event name_obj_lifecycle:init_after_placement (object=KuriboMini)
[src/runtime/RuntimeContext.cpp:1485][APP - INFO] SMG semantic event name_obj_lifecycle:init_after_placement (object=HeavensDoorMiddleRotatePartsB)
[src/runtime/RuntimeContext.cpp:1485][APP - INFO] SMG semantic event name_obj_lifecycle:init_after_placement (object=HeavensDoorMiddleRotatePartsA)
[src/runtime/RuntimeContext.cpp:1485][APP - INFO] SMG semantic event name_obj_lifecycle:init_after_placement (object=KuriboMini)
[src/runtime/RuntimeContext.cpp:1485][APP - INFO] SMG semantic event name_obj_lifecycle:init_after_placement (object=Kuribo)
[src/runtime/RuntimeContext.cpp:1485][APP - INFO] SMG semantic event name_obj_lifecycle:init_after_placement (object=Kuribo)
[src/runtime/RuntimeContext.cpp:1485][APP - INFO] SMG semantic event name_obj_lifecycle:init_after_placement (object=Kuribo)
[src/runtime/RuntimeContext.cpp:1485][APP - INFO] SMG semantic event name_obj_lifecycle:init_after_placement (object=KoopaJrNormalShipA)
[src/runtime/RuntimeContext.cpp:1485][APP - INFO] SMG semantic event name_obj_lifecycle:init_after_placement (object=KoopaJrNormalShipA)
[src/runtime/RuntimeContext.cpp:1485][APP - INFO] SMG semantic event name_obj_lifecycle:init_after_placement (object=KoopaJrNormalShipA)
[src/runtime/RuntimeContext.cpp:1485][APP - INFO] SMG semantic event name_obj_lifecycle:init_after_placement (object=CapsuleCage)
[src/runtime/RuntimeContext.cpp:1485][APP - INFO] SMG semantic event name_obj_lifecycle:init_after_placement (object=Tico)
[src/runtime/RuntimeContext.cpp:1485][APP - INFO] SMG semantic event name_obj_lifecycle:init_after_placement (object=RailCoin)
[src/runtime/RuntimeContext.cpp:1485][APP - INFO] SMG semantic event name_obj_lifecycle:init_after_placement (object=HeavensDoorMiddlePlanet)
[src/runtime/RuntimeContext.cpp:1485][APP - INFO] SMG semantic event name_obj_lifecycle:init_after_placement (object=KuriboChief)
[src/runtime/RuntimeContext.cpp:1485][APP - INFO] SMG semantic event name_obj_lifecycle:init_after_placement (object=Kuribo)
[src/runtime/RuntimeContext.cpp:1485][APP - INFO] SMG semantic event name_obj_lifecycle:init_after_placement (object=Kuribo)
[src/runtime/RuntimeContext.cpp:1485][APP - INFO] SMG semantic event name_obj_lifecycle:init_after_placement (object=ShockWaveGenerator)
[src/runtime/RuntimeContext.cpp:1485][APP - INFO] SMG semantic event name_obj_lifecycle:init_after_placement (object=ShockWaveGenerator)
[src/runtime/RuntimeContext.cpp:1485][APP - INFO] SMG semantic event name_obj_lifecycle:init_after_placement (object=ShockWaveGenerator)
[src/runtime/RuntimeContext.cpp:1485][APP - INFO] SMG semantic event name_obj_lifecycle:init_after_placement (object=ShockWaveGenerator)
[src/runtime/RuntimeContext.cpp:1485][APP - INFO] SMG semantic event name_obj_lifecycle:init_after_placement (object=ShockWaveGenerator)
[src/runtime/RuntimeContext.cpp:1485][APP - INFO] SMG semantic event name_obj_lifecycle:init_after_placement (object=ShockWaveGenerator)
[src/runtime/RuntimeContext.cpp:1485][APP - INFO] SMG semantic event name_obj_lifecycle:init_after_placement (object=ShockWaveGenerator)
[src/runtime/RuntimeContext.cpp:1485][APP - INFO] SMG semantic event name_obj_lifecycle:init_after_placement (object=ShockWaveGenerator)
[src/runtime/RuntimeContext.cpp:1485][APP - INFO] SMG semantic event name_obj_lifecycle:init_after_placement (object=KuriboMini)
[src/runtime/RuntimeContext.cpp:1485][APP - INFO] SMG semantic event name_obj_lifecycle:init_after_placement (object=Tico)
[src/runtime/RuntimeContext.cpp:1485][APP - INFO] SMG semantic event name_obj_lifecycle:init_after_placement (object=HeavensDoorInsideRotatePartsB)
[src/runtime/RuntimeContext.cpp:1485][APP - INFO] SMG semantic event name_obj_lifecycle:init_after_placement (object=HeavensDoorInsideRotatePartsA)
[src/runtime/RuntimeContext.cpp:1485][APP - INFO] SMG semantic event name_obj_lifecycle:init_after_placement (object=HeavensDoorInsideRotatePartsC)
[src/runtime/RuntimeContext.cpp:1485][APP - INFO] SMG semantic event name_obj_lifecycle:init_after_placement (object=Kuribo)
[src/runtime/RuntimeContext.cpp:1485][APP - INFO] SMG semantic event name_obj_lifecycle:init_after_placement (object=Kuribo)
[src/runtime/RuntimeContext.cpp:1485][APP - INFO] SMG semantic event name_obj_lifecycle:init_after_placement (object=Tico)
[src/runtime/RuntimeContext.cpp:1485][APP - INFO] SMG semantic event name_obj_lifecycle:init_after_placement (object=Tico)
[src/runtime/RuntimeContext.cpp:1485][APP - INFO] SMG semantic event name_obj_lifecycle:init_after_placement (object=SwitchSynchronizerReverse)
[src/runtime/RuntimeContext.cpp:1485][APP - INFO] SMG semantic event name_obj_lifecycle:init_after_placement (object=HeavensDoorInsideCage)
[src/runtime/RuntimeContext.cpp:1485][APP - INFO] SMG semantic event name_obj_lifecycle:init_after_placement (object=HeavensDoorInsidePlanet)
[src/runtime/RuntimeContext.cpp:1485][APP - INFO] SMG semantic event name_obj_lifecycle:init_after_placement (object=HeavensDoorInsidePlanetPartsA)
[src/runtime/RuntimeContext.cpp:1485][APP - INFO] SMG semantic event name_obj_lifecycle:init_after_placement (object=Steam)
[src/runtime/RuntimeContext.cpp:1485][APP - INFO] SMG semantic event name_obj_lifecycle:init_after_placement (object=Steam)
[src/runtime/RuntimeContext.cpp:1485][APP - INFO] SMG semantic event name_obj_lifecycle:init_after_placement (object=Steam)
[src/runtime/RuntimeContext.cpp:1485][APP - INFO] SMG semantic event name_obj_lifecycle:init_after_placement (object=Steam)
[src/runtime/RuntimeContext.cpp:1485][APP - INFO] SMG semantic event name_obj_lifecycle:init_after_placement (object=Steam)
[src/runtime/RuntimeContext.cpp:1485][APP - INFO] SMG semantic event name_obj_lifecycle:init_after_placement (object=Steam)
[src/runtime/RuntimeContext.cpp:1485][APP - INFO] SMG semantic event name_obj_lifecycle:init_after_placement (object=Steam)
[src/runtime/RuntimeContext.cpp:1485][APP - INFO] SMG semantic event name_obj_lifecycle:init_after_placement (object=Steam)
[src/runtime/RuntimeContext.cpp:1485][APP - INFO] SMG semantic event name_obj_lifecycle:init_after_placement (object=FlipPanelReverse)
[src/runtime/RuntimeContext.cpp:1485][APP - INFO] SMG semantic event name_obj_lifecycle:init_after_placement (object=Kuribo)
[src/runtime/RuntimeContext.cpp:1485][APP - INFO] SMG semantic event name_obj_lifecycle:init_after_placement (object=RailCoin)
[src/runtime/RuntimeContext.cpp:1485][APP - INFO] SMG semantic event name_obj_lifecycle:init_after_placement (object=FlipPanelReverse)
[src/runtime/RuntimeContext.cpp:1485][APP - INFO] SMG semantic event name_obj_lifecycle:init_after_placement (object=FlipPanelReverse)
[src/runtime/RuntimeContext.cpp:1485][APP - INFO] SMG semantic event name_obj_lifecycle:init_after_placement (object=FlipPanelReverse)
[src/runtime/RuntimeContext.cpp:1485][APP - INFO] SMG semantic event name_obj_lifecycle:init_after_placement (object=FlipPanelReverse)
[src/runtime/RuntimeContext.cpp:1485][APP - INFO] SMG semantic event name_obj_lifecycle:init_after_placement (object=FlipPanelReverse)
[src/runtime/RuntimeContext.cpp:1485][APP - INFO] SMG semantic event name_obj_lifecycle:init_after_placement (object=FlipPanelReverse)
[src/runtime/RuntimeContext.cpp:1485][APP - INFO] SMG semantic event name_obj_lifecycle:init_after_placement (object=FlipPanelReverse)
[src/runtime/RuntimeContext.cpp:1485][APP - INFO] SMG semantic event name_obj_lifecycle:init_after_placement (object=FlipPanelReverse)
[src/runtime/RuntimeContext.cpp:1485][APP - INFO] SMG semantic event name_obj_lifecycle:init_after_placement (object=FlipPanelReverse)
[src/runtime/RuntimeContext.cpp:1485][APP - INFO] SMG semantic event name_obj_lifecycle:init_after_placement (object=FlipPanelReverse)
[src/runtime/RuntimeContext.cpp:1485][APP - INFO] SMG semantic event name_obj_lifecycle:init_after_placement (object=FlipPanelReverse)
[src/runtime/RuntimeContext.cpp:1485][APP - INFO] SMG semantic event name_obj_lifecycle:init_after_placement (object=FlipPanelReverse)
[src/runtime/RuntimeContext.cpp:1485][APP - INFO] SMG semantic event name_obj_lifecycle:init_after_placement (object=FlipPanelReverse)
[src/runtime/RuntimeContext.cpp:1485][APP - INFO] SMG semantic event name_obj_lifecycle:init_after_placement (object=FlipPanelReverse)
[src/runtime/RuntimeContext.cpp:1485][APP - INFO] SMG semantic event name_obj_lifecycle:init_after_placement (object=FlipPanelReverse)
[src/runtime/RuntimeContext.cpp:1485][APP - INFO] SMG semantic event name_obj_lifecycle:init_after_placement (object=GrandStar)
[src/runtime/RuntimeContext.cpp:1485][APP - INFO] SMG semantic event name_obj_lifecycle:init_after_placement (object=BlackHole)
[src/runtime/RuntimeContext.cpp:1485][APP - INFO] SMG semantic event name_obj_lifecycle:init_after_placement (object=YellowChip)
[src/runtime/RuntimeContext.cpp:1485][APP - INFO] SMG semantic event name_obj_lifecycle:init_after_placement (object=YellowChip)
[src/runtime/RuntimeContext.cpp:1485][APP - INFO] SMG semantic event name_obj_lifecycle:init_after_placement (object=YellowChip)
[src/runtime/RuntimeContext.cpp:1485][APP - INFO] SMG semantic event name_obj_lifecycle:init_after_placement (object=YellowChip)
[src/runtime/RuntimeContext.cpp:1485][APP - INFO] SMG semantic event name_obj_lifecycle:init_after_placement (object=YellowChip)
[src/runtime/RuntimeContext.cpp:1485][APP - INFO] SMG semantic event name_obj_lifecycle:init_after_placement (object=MeteorCannon)
[src/runtime/RuntimeContext.cpp:1485][APP - INFO] SMG semantic event name_obj_lifecycle:init_after_placement (object=MeteorCannon)
[src/runtime/RuntimeContext.cpp:1485][APP - INFO] SMG semantic event name_obj_lifecycle:init_after_placement (object=KuriboMini)
[src/runtime/RuntimeContext.cpp:1485][APP - INFO] SMG semantic event name_obj_lifecycle:init_after_placement (object=Tico)
[src/runtime/RuntimeContext.cpp:1485][APP - INFO] SMG semantic event name_obj_lifecycle:init_after_placement (object=BenefitItemOneUp)
[src/runtime/RuntimeContext.cpp:1485][APP - INFO] SMG semantic event name_obj_lifecycle:init_after_placement (object=CrystalCageS)
[src/runtime/RuntimeContext.cpp:1485][APP - INFO] SMG semantic event name_obj_lifecycle:init_after_placement (object=CrystalCageS)
[src/runtime/RuntimeContext.cpp:1485][APP - INFO] SMG semantic event name_obj_lifecycle:init_after_placement (object=CrystalCageS)
[src/runtime/RuntimeContext.cpp:1485][APP - INFO] SMG semantic event name_obj_lifecycle:init_after_placement (object=HeavensDoorBlackHolePlanet)
[src/runtime/RuntimeContext.cpp:1485][APP - INFO] SMG semantic event name_obj_lifecycle:init_after_placement (object=KuriboMini)
[src/runtime/RuntimeContext.cpp:1485][APP - INFO] SMG semantic event name_obj_lifecycle:connect_to_scene (object=オブジェスリープ管理;kind=name_obj;movement=34;calc_anim=-1;draw_buffer=-1;draw_type=-1)
[src/runtime/RuntimeContext.cpp:1485][APP - INFO] SMG semantic event sequence_state:scene_controller_phase (current_scene=Game;next_scene=HeavensDoorGalaxy;current_stage=HeavensDoorGalaxy;scene_wipe=Closed;system_wipe=Open;draw_phase=;frame=9724;phase=ReadyToStartScene)
[src/runtime/RuntimeContext.cpp:1485][APP - INFO] SMG semantic event sequence_state:scene_controller_phase (current_scene=Game;next_scene=HeavensDoorGalaxy;current_stage=HeavensDoorGalaxy;scene_wipe=Closed;system_wipe=Open;draw_phase=;frame=9724;phase=Normal)
[src/runtime/RuntimeContext.cpp:1485][APP - INFO] SMG semantic event sequence_state:scene_change_applied (current_scene=Game;next_scene=HeavensDoorGalaxy;current_stage=HeavensDoorGalaxy;scene_wipe=Closed;system_wipe=Open;draw_phase=;frame=9724;current_scene=Game;current_stage=HeavensDoorGalaxy;scenario=1)
[src/runtime/RuntimeContext.cpp:1485][APP - INFO] SMG semantic event scene_controller:scene_change_applied (current_scene=Game;current_stage=HeavensDoorGalaxy;scenario=1)
[src/runtime/RuntimeContext.cpp:1426][APP - INFO] Steam emitted effect Steam
[src/runtime/RuntimeContext.cpp:1378][APP - INFO] SMG requested system level sound SE_OJ_LV_HD_STEAM
[src/runtime/RuntimeContext.cpp:1426][APP - INFO] Steam emitted effect Steam
[src/runtime/RuntimeContext.cpp:1378][APP - INFO] SMG requested system level sound SE_OJ_LV_HD_STEAM
[src/runtime/RuntimeContext.cpp:1426][APP - INFO] Steam emitted effect Steam
[src/runtime/RuntimeContext.cpp:1378][APP - INFO] SMG requested system level sound SE_OJ_LV_HD_STEAM
[src/runtime/RuntimeContext.cpp:1426][APP - INFO] Steam emitted effect Steam
[src/runtime/RuntimeContext.cpp:1378][APP - INFO] SMG requested system level sound SE_OJ_LV_HD_STEAM
[src/runtime/RuntimeContext.cpp:1426][APP - INFO] Steam emitted effect Steam
[src/runtime/RuntimeContext.cpp:1378][APP - INFO] SMG requested system level sound SE_OJ_LV_HD_STEAM
[src/runtime/RuntimeContext.cpp:1426][APP - INFO] Steam emitted effect Steam
[src/runtime/RuntimeContext.cpp:1378][APP - INFO] SMG requested system level sound SE_OJ_LV_HD_STEAM
[src/runtime/RuntimeContext.cpp:1426][APP - INFO] Steam emitted effect Steam
[src/runtime/RuntimeContext.cpp:1378][APP - INFO] SMG requested system level sound SE_OJ_LV_HD_STEAM
[src/runtime/RuntimeContext.cpp:1426][APP - INFO] Steam emitted effect Steam
[src/runtime/RuntimeContext.cpp:1378][APP - INFO] SMG requested system level sound SE_OJ_LV_HD_STEAM
[src/runtime/RuntimeContext.cpp:1378][APP - INFO] SMG requested system level sound SE_OJ_LV_HD_STEAM
[src/runtime/RuntimeContext.cpp:1378][APP - INFO] SMG requested system level sound SE_OJ_LV_HD_STEAM
[src/runtime/RuntimeContext.cpp:1378][APP - INFO] SMG requested system level sound SE_OJ_LV_HD_STEAM
[src/runtime/RuntimeContext.cpp:1378][APP - INFO] SMG requested system level sound SE_OJ_LV_HD_STEAM
[src/runtime/RuntimeContext.cpp:1378][APP - INFO] SMG requested system level sound SE_OJ_LV_HD_STEAM
[src/runtime/RuntimeContext.cpp:1378][APP - INFO] SMG requested system level sound SE_OJ_LV_HD_STEAM
[src/runtime/RuntimeContext.cpp:1378][APP - INFO] SMG requested system level sound SE_OJ_LV_HD_STEAM
[src/runtime/RuntimeContext.cpp:1378][APP - INFO] SMG requested system level sound SE_OJ_LV_HD_STEAM
[src/runtime/RuntimeContext.cpp:1378][APP - INFO] SMG requested system level sound SE_OJ_LV_HD_STEAM
[src/runtime/RuntimeContext.cpp:1378][APP - INFO] SMG requested system level sound SE_OJ_LV_HD_STEAM
[src/runtime/RuntimeContext.cpp:1378][APP - INFO] SMG requested system level sound SE_OJ_LV_HD_STEAM
[src/runtime/RuntimeContext.cpp:1378][APP - INFO] SMG requested system level sound SE_OJ_LV_HD_STEAM
[src/runtime/RuntimeContext.cpp:1378][APP - INFO] SMG requested system level sound SE_OJ_LV_HD_STEAM
[src/runtime/RuntimeContext.cpp:1378][APP - INFO] SMG requested system level sound SE_OJ_LV_HD_STEAM
[src/runtime/RuntimeContext.cpp:1378][APP - INFO] SMG requested system level sound SE_OJ_LV_HD_STEAM
[src/runtime/RuntimeContext.cpp:1378][APP - INFO] SMG requested system level sound SE_OJ_LV_HD_STEAM
[src/runtime/RuntimeContext.cpp:1378][APP - INFO] SMG requested system level sound SE_OJ_LV_HD_STEAM
[src/runtime/RuntimeContext.cpp:1378][APP - INFO] SMG requested system level sound SE_OJ_LV_HD_STEAM
[src/runtime/RuntimeContext.cpp:1378][APP - INFO] SMG requested system level sound SE_OJ_LV_HD_STEAM
[src/runtime/RuntimeContext.cpp:1378][APP - INFO] SMG requested system level sound SE_OJ_LV_HD_STEAM
[src/runtime/RuntimeContext.cpp:1378][APP - INFO] SMG requested system level sound SE_OJ_LV_HD_STEAM
[src/runtime/RuntimeContext.cpp:1378][APP - INFO] SMG requested system level sound SE_OJ_LV_HD_STEAM
[src/runtime/RuntimeContext.cpp:1378][APP - INFO] SMG requested system level sound SE_OJ_LV_HD_STEAM
[src/runtime/RuntimeContext.cpp:1378][APP - INFO] SMG requested system level sound SE_OJ_LV_HD_STEAM
[src/runtime/RuntimeContext.cpp:1378][APP - INFO] SMG requested system level sound SE_OJ_LV_HD_STEAM
[src/runtime/RuntimeContext.cpp:1378][APP - INFO] SMG requested system level sound SE_OJ_LV_HD_STEAM
[src/runtime/RuntimeContext.cpp:1378][APP - INFO] SMG requested system level sound SE_OJ_LV_HD_STEAM
[src/runtime/RuntimeContext.cpp:1378][APP - INFO] SMG requested system level sound SE_OJ_LV_HD_STEAM
[src/runtime/RuntimeContext.cpp:1378][APP - INFO] SMG requested system level sound SE_OJ_LV_HD_STEAM
[src/runtime/RuntimeContext.cpp:1378][APP - INFO] SMG requested system level sound SE_OJ_LV_HD_STEAM
[src/runtime/RuntimeContext.cpp:1378][APP - INFO] SMG requested system level sound SE_OJ_LV_HD_STEAM
[src/runtime/RuntimeContext.cpp:1378][APP - INFO] SMG requested system level sound SE_OJ_LV_HD_STEAM
[src/runtime/RuntimeContext.cpp:1378][APP - INFO] SMG requested system level sound SE_OJ_LV_HD_STEAM
[src/runtime/RuntimeContext.cpp:1378][APP - INFO] SMG requested system level sound SE_OJ_LV_HD_STEAM
[src/runtime/RuntimeContext.cpp:1378][APP - INFO] SMG requested system level sound SE_OJ_LV_HD_STEAM
[src/runtime/RuntimeContext.cpp:1378][APP - INFO] SMG requested system level sound SE_OJ_LV_HD_STEAM
[src/runtime/RuntimeContext.cpp:1378][APP - INFO] SMG requested system level sound SE_OJ_LV_HD_STEAM
[src/runtime/RuntimeContext.cpp:1378][APP - INFO] SMG requested system level sound SE_OJ_LV_HD_STEAM
[src/runtime/RuntimeContext.cpp:1378][APP - INFO] SMG requested system level sound SE_OJ_LV_HD_STEAM
[src/runtime/RuntimeContext.cpp:1378][APP - INFO] SMG requested system level sound SE_OJ_LV_HD_STEAM
[src/runtime/RuntimeContext.cpp:1378][APP - INFO] SMG requested system level sound SE_OJ_LV_HD_STEAM
[src/runtime/RuntimeContext.cpp:1378][APP - INFO] SMG requested system level sound SE_OJ_LV_HD_STEAM
[src/runtime/RuntimeContext.cpp:1378][APP - INFO] SMG requested system level sound SE_OJ_LV_HD_STEAM
[src/runtime/RuntimeContext.cpp:1378][APP - INFO] SMG requested system level sound SE_OJ_LV_HD_STEAM
[src/runtime/RuntimeContext.cpp:1378][APP - INFO] SMG requested system level sound SE_OJ_LV_HD_STEAM
[src/runtime/RuntimeContext.cpp:1378][APP - INFO] SMG requested system level sound SE_OJ_LV_HD_STEAM
[src/runtime/RuntimeContext.cpp:1378][APP - INFO] SMG requested system level sound SE_OJ_LV_HD_STEAM
[src/runtime/RuntimeContext.cpp:1378][APP - INFO] SMG requested system level sound SE_OJ_LV_HD_STEAM
[src/runtime/RuntimeContext.cpp:1378][APP - INFO] SMG requested system level sound SE_OJ_LV_HD_STEAM
[src/runtime/RuntimeContext.cpp:1378][APP - INFO] SMG requested system level sound SE_OJ_LV_HD_STEAM
[src/runtime/RuntimeContext.cpp:1378][APP - INFO] SMG requested system level sound SE_OJ_LV_HD_STEAM
[src/runtime/RuntimeContext.cpp:1378][APP - INFO] SMG requested system level sound SE_OJ_LV_HD_STEAM
[src/runtime/RuntimeContext.cpp:1378][APP - INFO] SMG requested system level sound SE_OJ_LV_HD_STEAM
[src/runtime/RuntimeContext.cpp:1378][APP - INFO] SMG requested system level sound SE_OJ_LV_HD_STEAM
[src/runtime/RuntimeContext.cpp:1378][APP - INFO] SMG requested system level sound SE_OJ_LV_HD_STEAM
[src/runtime/RuntimeContext.cpp:1378][APP - INFO] SMG requested system level sound SE_OJ_LV_HD_STEAM
[src/runtime/RuntimeContext.cpp:1378][APP - INFO] SMG requested system level sound SE_OJ_LV_HD_STEAM
[src/runtime/RuntimeContext.cpp:1378][APP - INFO] SMG requested system level sound SE_OJ_LV_HD_STEAM
[src/runtime/RuntimeContext.cpp:1378][APP - INFO] SMG requested system level sound SE_OJ_LV_HD_STEAM
[src/runtime/RuntimeContext.cpp:1378][APP - INFO] SMG requested system level sound SE_OJ_LV_HD_STEAM
[src/runtime/RuntimeContext.cpp:1378][APP - INFO] SMG requested system level sound SE_OJ_LV_HD_STEAM
[src/runtime/RuntimeContext.cpp:1378][APP - INFO] SMG requested system level sound SE_OJ_LV_HD_STEAM
[src/runtime/RuntimeContext.cpp:1378][APP - INFO] SMG requested system level sound SE_OJ_LV_HD_STEAM
[src/runtime/RuntimeContext.cpp:1378][APP - INFO] SMG requested system level sound SE_OJ_LV_HD_STEAM
[src/runtime/RuntimeContext.cpp:1378][APP - INFO] SMG requested system level sound SE_OJ_LV_HD_STEAM
[src/runtime/RuntimeContext.cpp:1378][APP - INFO] SMG requested system level sound SE_OJ_LV_HD_STEAM
[src/runtime/RuntimeContext.cpp:1378][APP - INFO] SMG requested system level sound SE_OJ_LV_HD_STEAM
[src/runtime/RuntimeContext.cpp:1378][APP - INFO] SMG requested system level sound SE_OJ_LV_HD_STEAM
[src/runtime/RuntimeContext.cpp:1378][APP - INFO] SMG requested system level sound SE_OJ_LV_HD_STEAM
[src/runtime/RuntimeContext.cpp:1378][APP - INFO] SMG requested system level sound SE_OJ_LV_HD_STEAM
[src/runtime/RuntimeContext.cpp:1378][APP - INFO] SMG requested system level sound SE_OJ_LV_HD_STEAM
[src/runtime/RuntimeContext.cpp:1378][APP - INFO] SMG requested system level sound SE_OJ_LV_HD_STEAM
[src/runtime/RuntimeContext.cpp:1378][APP - INFO] SMG requested system level sound SE_OJ_LV_HD_STEAM
[src/runtime/RuntimeContext.cpp:1378][APP - INFO] SMG requested system level sound SE_OJ_LV_HD_STEAM
[src/runtime/RuntimeContext.cpp:1378][APP - INFO] SMG requested system level sound SE_OJ_LV_HD_STEAM
[src/runtime/RuntimeContext.cpp:1378][APP - INFO] SMG requested system level sound SE_OJ_LV_HD_STEAM
[src/runtime/RuntimeContext.cpp:1378][APP - INFO] SMG requested system level sound SE_OJ_LV_HD_STEAM
[src/runtime/RuntimeContext.cpp:1378][APP - INFO] SMG requested system level sound SE_OJ_LV_HD_STEAM
[src/runtime/RuntimeContext.cpp:1378][APP - INFO] SMG requested system level sound SE_OJ_LV_HD_STEAM
[src/runtime/RuntimeContext.cpp:1378][APP - INFO] SMG requested system level sound SE_OJ_LV_HD_STEAM
[src/runtime/RuntimeContext.cpp:1378][APP - INFO] SMG requested system level sound SE_OJ_LV_HD_STEAM
[src/runtime/RuntimeContext.cpp:1378][APP - INFO] SMG requested system level sound SE_OJ_LV_HD_STEAM
[src/runtime/RuntimeContext.cpp:1378][APP - INFO] SMG requested system level sound SE_OJ_LV_HD_STEAM
[src/runtime/RuntimeContext.cpp:1378][APP - INFO] SMG requested system level sound SE_OJ_LV_HD_STEAM
[src/runtime/RuntimeContext.cpp:1378][APP - INFO] SMG requested system level sound SE_OJ_LV_HD_STEAM
[src/runtime/RuntimeContext.cpp:1378][APP - INFO] SMG requested system level sound SE_OJ_LV_HD_STEAM
[src/runtime/RuntimeContext.cpp:1378][APP - INFO] SMG requested system level sound SE_OJ_LV_HD_STEAM
[src/runtime/RuntimeContext.cpp:1378][APP - INFO] SMG requested system level sound SE_OJ_LV_HD_STEAM
[src/runtime/RuntimeContext.cpp:1378][APP - INFO] SMG requested system level sound SE_OJ_LV_HD_STEAM
[src/runtime/RuntimeContext.cpp:1378][APP - INFO] SMG requested system level sound SE_OJ_LV_HD_STEAM
[src/runtime/RuntimeContext.cpp:1378][APP - INFO] SMG requested system level sound SE_OJ_LV_HD_STEAM
[src/runtime/RuntimeContext.cpp:1378][APP - INFO] SMG requested system level sound SE_OJ_LV_HD_STEAM
[src/runtime/RuntimeContext.cpp:1378][APP - INFO] SMG requested system level sound SE_OJ_LV_HD_STEAM
[src/runtime/RuntimeContext.cpp:1378][APP - INFO] SMG requested system level sound SE_OJ_LV_HD_STEAM
[src/runtime/RuntimeContext.cpp:1378][APP - INFO] SMG requested system level sound SE_OJ_LV_HD_STEAM
[src/runtime/RuntimeContext.cpp:1378][APP - INFO] SMG requested system level sound SE_OJ_LV_HD_STEAM
[src/runtime/RuntimeContext.cpp:1378][APP - INFO] SMG requested system level sound SE_OJ_LV_HD_STEAM
[src/runtime/RuntimeContext.cpp:1378][APP - INFO] SMG requested system level sound SE_OJ_LV_HD_STEAM
[src/runtime/RuntimeContext.cpp:1378][APP - INFO] SMG requested system level sound SE_OJ_LV_HD_STEAM
[src/runtime/RuntimeContext.cpp:1378][APP - INFO] SMG requested system level sound SE_OJ_LV_HD_STEAM
[src/runtime/RuntimeContext.cpp:1378][APP - INFO] SMG requested system level sound SE_OJ_LV_HD_STEAM
[src/runtime/RuntimeContext.cpp:1378][APP - INFO] SMG requested system level sound SE_OJ_LV_HD_STEAM
[src/runtime/RuntimeContext.cpp:1378][APP - INFO] SMG requested system level sound SE_OJ_LV_HD_STEAM
[src/runtime/RuntimeContext.cpp:1378][APP - INFO] SMG requested system level sound SE_OJ_LV_HD_STEAM
[src/runtime/RuntimeContext.cpp:1378][APP - INFO] SMG requested system level sound SE_OJ_LV_HD_STEAM
[src/runtime/RuntimeContext.cpp:1378][APP - INFO] SMG requested system level sound SE_OJ_LV_HD_STEAM
[src/runtime/RuntimeContext.cpp:1378][APP - INFO] SMG requested system level sound SE_OJ_LV_HD_STEAM
[src/runtime/RuntimeContext.cpp:1378][APP - INFO] SMG requested system level sound SE_OJ_LV_HD_STEAM
[src/runtime/RuntimeContext.cpp:1378][APP - INFO] SMG requested system level sound SE_OJ_LV_HD_STEAM
[src/runtime/RuntimeContext.cpp:1378][APP - INFO] SMG requested system level sound SE_OJ_LV_HD_STEAM
[src/runtime/RuntimeContext.cpp:1378][APP - INFO] SMG requested system level sound SE_OJ_LV_HD_STEAM
[src/runtime/RuntimeContext.cpp:1378][APP - INFO] SMG requested system level sound SE_OJ_LV_HD_STEAM
[src/runtime/RuntimeContext.cpp:1378][APP - INFO] SMG requested system level sound SE_OJ_LV_HD_STEAM
[src/runtime/RuntimeContext.cpp:1378][APP - INFO] SMG requested system level sound SE_OJ_LV_HD_STEAM
[src/runtime/RuntimeContext.cpp:1378][APP - INFO] SMG requested system level sound SE_OJ_LV_HD_STEAM
[src/runtime/RuntimeContext.cpp:1378][APP - INFO] SMG requested system level sound SE_OJ_LV_HD_STEAM
[src/runtime/RuntimeContext.cpp:1378][APP - INFO] SMG requested system level sound SE_OJ_LV_HD_STEAM
[src/runtime/RuntimeContext.cpp:1378][APP - INFO] SMG requested system level sound SE_OJ_LV_HD_STEAM
[src/runtime/RuntimeContext.cpp:1378][APP - INFO] SMG requested system level sound SE_OJ_LV_HD_STEAM
[src/runtime/RuntimeContext.cpp:1378][APP - INFO] SMG requested system level sound SE_OJ_LV_HD_STEAM
[src/runtime/RuntimeContext.cpp:1378][APP - INFO] SMG requested system level sound SE_OJ_LV_HD_STEAM
[src/runtime/RuntimeContext.cpp:1378][APP - INFO] SMG requested system level sound SE_OJ_LV_HD_STEAM
[src/runtime/RuntimeContext.cpp:1378][APP - INFO] SMG requested system level sound SE_OJ_LV_HD_STEAM
[src/runtime/RuntimeContext.cpp:1378][APP - INFO] SMG requested system level sound SE_OJ_LV_HD_STEAM
[src/runtime/RuntimeContext.cpp:1378][APP - INFO] SMG requested system level sound SE_OJ_LV_HD_STEAM
[src/runtime/RuntimeContext.cpp:1378][APP - INFO] SMG requested system level sound SE_OJ_LV_HD_STEAM
[src/runtime/RuntimeContext.cpp:1378][APP - INFO] SMG requested system level sound SE_OJ_LV_HD_STEAM
[src/runtime/RuntimeContext.cpp:1378][APP - INFO] SMG requested system level sound SE_OJ_LV_HD_STEAM
[src/runtime/RuntimeContext.cpp:1378][APP - INFO] SMG requested system level sound SE_OJ_LV_HD_STEAM
[src/runtime/RuntimeContext.cpp:1378][APP - INFO] SMG requested system level sound SE_OJ_LV_HD_STEAM
[src/runtime/RuntimeContext.cpp:1378][APP - INFO] SMG requested system level sound SE_OJ_LV_HD_STEAM
[src/runtime/RuntimeContext.cpp:1378][APP - INFO] SMG requested system level sound SE_OJ_LV_HD_STEAM
[src/runtime/RuntimeContext.cpp:1378][APP - INFO] SMG requested system level sound SE_OJ_LV_HD_STEAM
[src/runtime/RuntimeContext.cpp:1378][APP - INFO] SMG requested system level sound SE_OJ_LV_HD_STEAM
[src/runtime/RuntimeContext.cpp:1378][APP - INFO] SMG requested system level sound SE_OJ_LV_HD_STEAM
[src/runtime/RuntimeContext.cpp:1378][APP - INFO] SMG requested system level sound SE_OJ_LV_HD_STEAM
[src/runtime/RuntimeContext.cpp:1378][APP - INFO] SMG requested system level sound SE_OJ_LV_HD_STEAM
[src/runtime/RuntimeContext.cpp:1378][APP - INFO] SMG requested system level sound SE_OJ_LV_HD_STEAM
[src/runtime/RuntimeContext.cpp:1378][APP - INFO] SMG requested system level sound SE_OJ_LV_HD_STEAM
[src/runtime/RuntimeContext.cpp:1378][APP - INFO] SMG requested system level sound SE_OJ_LV_HD_STEAM
[src/runtime/RuntimeContext.cpp:1378][APP - INFO] SMG requested system level sound SE_OJ_LV_HD_STEAM
[src/runtime/RuntimeContext.cpp:1378][APP - INFO] SMG requested system level sound SE_OJ_LV_HD_STEAM
[src/runtime/RuntimeContext.cpp:1378][APP - INFO] SMG requested system level sound SE_OJ_LV_HD_STEAM
[src/runtime/RuntimeContext.cpp:1378][APP - INFO] SMG requested system level sound SE_OJ_LV_HD_STEAM
[src/runtime/RuntimeContext.cpp:1378][APP - INFO] SMG requested system level sound SE_OJ_LV_HD_STEAM
[src/runtime/RuntimeContext.cpp:1378][APP - INFO] SMG requested system level sound SE_OJ_LV_HD_STEAM
[src/runtime/RuntimeContext.cpp:1378][APP - INFO] SMG requested system level sound SE_OJ_LV_HD_STEAM
[src/runtime/RuntimeContext.cpp:1378][APP - INFO] SMG requested system level sound SE_OJ_LV_HD_STEAM
[src/runtime/RuntimeContext.cpp:1378][APP - INFO] SMG requested system level sound SE_OJ_LV_HD_STEAM
[src/runtime/RuntimeContext.cpp:1378][APP - INFO] SMG requested system level sound SE_OJ_LV_HD_STEAM
[src/runtime/RuntimeContext.cpp:1378][APP - INFO] SMG requested system level sound SE_OJ_LV_HD_STEAM
[src/runtime/RuntimeContext.cpp:1378][APP - INFO] SMG requested system level sound SE_OJ_LV_HD_STEAM
[src/runtime/RuntimeContext.cpp:1378][APP - INFO] SMG requested system level sound SE_OJ_LV_HD_STEAM
[src/runtime/RuntimeContext.cpp:1378][APP - INFO] SMG requested system level sound SE_OJ_LV_HD_STEAM
[src/runtime/RuntimeContext.cpp:1378][APP - INFO] SMG requested system level sound SE_OJ_LV_HD_STEAM
[src/runtime/RuntimeContext.cpp:1378][APP - INFO] SMG requested system level sound SE_OJ_LV_HD_STEAM
[src/runtime/RuntimeContext.cpp:1378][APP - INFO] SMG requested system level sound SE_OJ_LV_HD_STEAM
[src/runtime/RuntimeContext.cpp:1378][APP - INFO] SMG requested system level sound SE_OJ_LV_HD_STEAM
[src/runtime/RuntimeContext.cpp:1378][APP - INFO] SMG requested system level sound SE_OJ_LV_HD_STEAM
[src/runtime/RuntimeContext.cpp:1378][APP - INFO] SMG requested system level sound SE_OJ_LV_HD_STEAM
[src/runtime/RuntimeContext.cpp:1378][APP - INFO] SMG requested system level sound SE_OJ_LV_HD_STEAM
[src/runtime/RuntimeContext.cpp:1378][APP - INFO] SMG requested system level sound SE_OJ_LV_HD_STEAM
[src/runtime/RuntimeContext.cpp:1378][APP - INFO] SMG requested system level sound SE_OJ_LV_HD_STEAM
[src/runtime/RuntimeContext.cpp:1378][APP - INFO] SMG requested system level sound SE_OJ_LV_HD_STEAM
[src/runtime/RuntimeContext.cpp:1378][APP - INFO] SMG requested system level sound SE_OJ_LV_HD_STEAM
[src/runtime/RuntimeContext.cpp:1378][APP - INFO] SMG requested system level sound SE_OJ_LV_HD_STEAM
[src/runtime/RuntimeContext.cpp:1378][APP - INFO] SMG requested system level sound SE_OJ_LV_HD_STEAM
[src/runtime/RuntimeContext.cpp:1378][APP - INFO] SMG requested system level sound SE_OJ_LV_HD_STEAM
[src/runtime/RuntimeContext.cpp:1378][APP - INFO] SMG requested system level sound SE_OJ_LV_HD_STEAM
[src/runtime/RuntimeContext.cpp:1378][APP - INFO] SMG requested system level sound SE_OJ_LV_HD_STEAM
[src/runtime/RuntimeContext.cpp:1378][APP - INFO] SMG requested system level sound SE_OJ_LV_HD_STEAM
[src/runtime/RuntimeContext.cpp:1378][APP - INFO] SMG requested system level sound SE_OJ_LV_HD_STEAM
[src/runtime/RuntimeContext.cpp:1378][APP - INFO] SMG requested system level sound SE_OJ_LV_HD_STEAM
[src/runtime/RuntimeContext.cpp:1378][APP - INFO] SMG requested system level sound SE_OJ_LV_HD_STEAM
[src/runtime/RuntimeContext.cpp:1378][APP - INFO] SMG requested system level sound SE_OJ_LV_HD_STEAM
[src/runtime/RuntimeContext.cpp:1378][APP - INFO] SMG requested system level sound SE_OJ_LV_HD_STEAM
[src/runtime/RuntimeContext.cpp:1378][APP - INFO] SMG requested system level sound SE_OJ_LV_HD_STEAM
[src/runtime/RuntimeContext.cpp:1378][APP - INFO] SMG requested system level sound SE_OJ_LV_HD_STEAM
[src/runtime/RuntimeContext.cpp:1378][APP - INFO] SMG requested system level sound SE_OJ_LV_HD_STEAM
[src/runtime/RuntimeContext.cpp:1378][APP - INFO] SMG requested system level sound SE_OJ_LV_HD_STEAM
[src/runtime/RuntimeContext.cpp:1378][APP - INFO] SMG requested system level sound SE_OJ_LV_HD_STEAM
[src/runtime/RuntimeContext.cpp:1378][APP - INFO] SMG requested system level sound SE_OJ_LV_HD_STEAM
[src/runtime/RuntimeContext.cpp:1378][APP - INFO] SMG requested system level sound SE_OJ_LV_HD_STEAM
[src/runtime/RuntimeContext.cpp:1378][APP - INFO] SMG requested system level sound SE_OJ_LV_HD_STEAM
[src/runtime/RuntimeContext.cpp:1378][APP - INFO] SMG requested system level sound SE_OJ_LV_HD_STEAM
[src/runtime/RuntimeContext.cpp:1378][APP - INFO] SMG requested system level sound SE_OJ_LV_HD_STEAM
[src/runtime/RuntimeContext.cpp:1378][APP - INFO] SMG requested system level sound SE_OJ_LV_HD_STEAM
[src/runtime/RuntimeContext.cpp:1378][APP - INFO] SMG requested system level sound SE_OJ_LV_HD_STEAM
[src/runtime/RuntimeContext.cpp:1378][APP - INFO] SMG requested system level sound SE_OJ_LV_HD_STEAM
[src/runtime/RuntimeContext.cpp:1378][APP - INFO] SMG requested system level sound SE_OJ_LV_HD_STEAM
[src/runtime/RuntimeContext.cpp:1378][APP - INFO] SMG requested system level sound SE_OJ_LV_HD_STEAM
[src/runtime/RuntimeContext.cpp:1378][APP - INFO] SMG requested system level sound SE_OJ_LV_HD_STEAM
[src/runtime/RuntimeContext.cpp:1378][APP - INFO] SMG requested system level sound SE_OJ_LV_HD_STEAM
[src/runtime/RuntimeContext.cpp:1378][APP - INFO] SMG requested system level sound SE_OJ_LV_HD_STEAM
[src/runtime/RuntimeContext.cpp:1378][APP - INFO] SMG requested system level sound SE_OJ_LV_HD_STEAM
[src/runtime/RuntimeContext.cpp:1378][APP - INFO] SMG requested system level sound SE_OJ_LV_HD_STEAM
[src/runtime/RuntimeContext.cpp:1378][APP - INFO] SMG requested system level sound SE_OJ_LV_HD_STEAM
[src/runtime/RuntimeContext.cpp:1378][APP - INFO] SMG requested system level sound SE_OJ_LV_HD_STEAM
[src/runtime/RuntimeContext.cpp:1378][APP - INFO] SMG requested system level sound SE_OJ_LV_HD_STEAM
[src/runtime/RuntimeContext.cpp:1378][APP - INFO] SMG requested system level sound SE_OJ_LV_HD_STEAM
[src/runtime/RuntimeContext.cpp:1378][APP - INFO] SMG requested system level sound SE_OJ_LV_HD_STEAM
[src/runtime/RuntimeContext.cpp:1378][APP - INFO] SMG requested system level sound SE_OJ_LV_HD_STEAM
[src/runtime/RuntimeContext.cpp:1378][APP - INFO] SMG requested system level sound SE_OJ_LV_HD_STEAM
[src/runtime/RuntimeContext.cpp:1378][APP - INFO] SMG requested system level sound SE_OJ_LV_HD_STEAM
[src/runtime/RuntimeContext.cpp:1378][APP - INFO] SMG requested system level sound SE_OJ_LV_HD_STEAM
[src/runtime/RuntimeContext.cpp:1378][APP - INFO] SMG requested system level sound SE_OJ_LV_HD_STEAM
[src/runtime/RuntimeContext.cpp:1378][APP - INFO] SMG requested system level sound SE_OJ_LV_HD_STEAM
[src/runtime/RuntimeContext.cpp:1378][APP - INFO] SMG requested system level sound SE_OJ_LV_HD_STEAM
[src/runtime/RuntimeContext.cpp:1378][APP - INFO] SMG requested system level sound SE_OJ_LV_HD_STEAM
[src/runtime/RuntimeContext.cpp:1378][APP - INFO] SMG requested system level sound SE_OJ_LV_HD_STEAM
[src/runtime/RuntimeContext.cpp:1378][APP - INFO] SMG requested system level sound SE_OJ_LV_HD_STEAM
[src/runtime/RuntimeContext.cpp:1378][APP - INFO] SMG requested system level sound SE_OJ_LV_HD_STEAM
[src/runtime/RuntimeContext.cpp:1378][APP - INFO] SMG requested system level sound SE_OJ_LV_HD_STEAM
[src/runtime/RuntimeContext.cpp:1378][APP - INFO] SMG requested system level sound SE_OJ_LV_HD_STEAM
[src/runtime/RuntimeContext.cpp:1378][APP - INFO] SMG requested system level sound SE_OJ_LV_HD_STEAM
[src/runtime/RuntimeContext.cpp:1378][APP - INFO] SMG requested system level sound SE_OJ_LV_HD_STEAM
[src/runtime/RuntimeContext.cpp:1378][APP - INFO] SMG requested system level sound SE_OJ_LV_HD_STEAM
[src/runtime/RuntimeContext.cpp:1378][APP - INFO] SMG requested system level sound SE_OJ_LV_HD_STEAM
[src/runtime/RuntimeContext.cpp:1378][APP - INFO] SMG requested system level sound SE_OJ_LV_HD_STEAM
[src/runtime/RuntimeContext.cpp:1378][APP - INFO] SMG requested system level sound SE_OJ_LV_HD_STEAM
[src/runtime/RuntimeContext.cpp:1378][APP - INFO] SMG requested system level sound SE_OJ_LV_HD_STEAM
[src/runtime/RuntimeContext.cpp:1378][APP - INFO] SMG requested system level sound SE_OJ_LV_HD_STEAM
[src/runtime/RuntimeContext.cpp:1378][APP - INFO] SMG requested system level sound SE_OJ_LV_HD_STEAM
[src/runtime/RuntimeContext.cpp:1378][APP - INFO] SMG requested system level sound SE_OJ_LV_HD_STEAM
[src/runtime/RuntimeContext.cpp:1378][APP - INFO] SMG requested system level sound SE_OJ_LV_HD_STEAM
[src/runtime/RuntimeContext.cpp:1378][APP - INFO] SMG requested system level sound SE_OJ_LV_HD_STEAM
[src/runtime/RuntimeContext.cpp:1378][APP - INFO] SMG requested system level sound SE_OJ_LV_HD_STEAM
[src/runtime/RuntimeContext.cpp:1378][APP - INFO] SMG requested system level sound SE_OJ_LV_HD_STEAM
[src/runtime/RuntimeContext.cpp:1378][APP - INFO] SMG requested system level sound SE_OJ_LV_HD_STEAM
[src/runtime/RuntimeContext.cpp:1378][APP - INFO] SMG requested system level sound SE_OJ_LV_HD_STEAM
[src/runtime/RuntimeContext.cpp:1378][APP - INFO] SMG requested system level sound SE_OJ_LV_HD_STEAM
[src/runtime/RuntimeContext.cpp:1378][APP - INFO] SMG requested system level sound SE_OJ_LV_HD_STEAM
[src/runtime/RuntimeContext.cpp:1378][APP - INFO] SMG requested system level sound SE_OJ_LV_HD_STEAM
[src/runtime/RuntimeContext.cpp:1378][APP - INFO] SMG requested system level sound SE_OJ_LV_HD_STEAM
[src/runtime/RuntimeContext.cpp:1378][APP - INFO] SMG requested system level sound SE_OJ_LV_HD_STEAM
[src/runtime/RuntimeContext.cpp:1378][APP - INFO] SMG requested system level sound SE_OJ_LV_HD_STEAM
[src/runtime/RuntimeContext.cpp:1378][APP - INFO] SMG requested system level sound SE_OJ_LV_HD_STEAM
[src/runtime/RuntimeContext.cpp:1378][APP - INFO] SMG requested system level sound SE_OJ_LV_HD_STEAM
[src/runtime/RuntimeContext.cpp:1378][APP - INFO] SMG requested system level sound SE_OJ_LV_HD_STEAM
[src/runtime/RuntimeContext.cpp:1378][APP - INFO] SMG requested system level sound SE_OJ_LV_HD_STEAM
[src/runtime/RuntimeContext.cpp:1378][APP - INFO] SMG requested system level sound SE_OJ_LV_HD_STEAM
[src/runtime/RuntimeContext.cpp:1378][APP - INFO] SMG requested system level sound SE_OJ_LV_HD_STEAM
[src/runtime/RuntimeContext.cpp:1378][APP - INFO] SMG requested system level sound SE_OJ_LV_HD_STEAM
[src/runtime/RuntimeContext.cpp:1378][APP - INFO] SMG requested system level sound SE_OJ_LV_HD_STEAM
[src/runtime/RuntimeContext.cpp:1378][APP - INFO] SMG requested system level sound SE_OJ_LV_HD_STEAM
[src/runtime/RuntimeContext.cpp:1378][APP - INFO] SMG requested system level sound SE_OJ_LV_HD_STEAM
[src/runtime/RuntimeContext.cpp:1378][APP - INFO] SMG requested system level sound SE_OJ_LV_HD_STEAM
[src/runtime/RuntimeContext.cpp:1378][APP - INFO] SMG requested system level sound SE_OJ_LV_HD_STEAM
[src/runtime/RuntimeContext.cpp:1378][APP - INFO] SMG requested system level sound SE_OJ_LV_HD_STEAM
[src/runtime/RuntimeContext.cpp:1378][APP - INFO] SMG requested system level sound SE_OJ_LV_HD_STEAM
[src/runtime/RuntimeContext.cpp:1378][APP - INFO] SMG requested system level sound SE_OJ_LV_HD_STEAM
[src/runtime/RuntimeContext.cpp:1378][APP - INFO] SMG requested system level sound SE_OJ_LV_HD_STEAM
[src/runtime/RuntimeContext.cpp:1378][APP - INFO] SMG requested system level sound SE_OJ_LV_HD_STEAM
[src/runtime/RuntimeContext.cpp:1378][APP - INFO] SMG requested system level sound SE_OJ_LV_HD_STEAM
[src/runtime/RuntimeContext.cpp:1378][APP - INFO] SMG requested system level sound SE_OJ_LV_HD_STEAM
[src/runtime/RuntimeContext.cpp:1378][APP - INFO] SMG requested system level sound SE_OJ_LV_HD_STEAM
[src/runtime/RuntimeContext.cpp:1378][APP - INFO] SMG requested system level sound SE_OJ_LV_HD_STEAM
[src/runtime/RuntimeContext.cpp:1378][APP - INFO] SMG requested system level sound SE_OJ_LV_HD_STEAM
[src/runtime/RuntimeContext.cpp:1378][APP - INFO] SMG requested system level sound SE_OJ_LV_HD_STEAM
[src/runtime/RuntimeContext.cpp:1378][APP - INFO] SMG requested system level sound SE_OJ_LV_HD_STEAM
[src/runtime/RuntimeContext.cpp:1378][APP - INFO] SMG requested system level sound SE_OJ_LV_HD_STEAM
[src/runtime/RuntimeContext.cpp:1378][APP - INFO] SMG requested system level sound SE_OJ_LV_HD_STEAM
[src/runtime/RuntimeContext.cpp:1378][APP - INFO] SMG requested system level sound SE_OJ_LV_HD_STEAM
[src/runtime/RuntimeContext.cpp:1378][APP - INFO] SMG requested system level sound SE_OJ_LV_HD_STEAM
[src/runtime/RuntimeContext.cpp:1378][APP - INFO] SMG requested system level sound SE_OJ_LV_HD_STEAM
[src/runtime/RuntimeContext.cpp:1378][APP - INFO] SMG requested system level sound SE_OJ_LV_HD_STEAM
[src/runtime/RuntimeContext.cpp:1378][APP - INFO] SMG requested system level sound SE_OJ_LV_HD_STEAM
[src/runtime/RuntimeContext.cpp:1378][APP - INFO] SMG requested system level sound SE_OJ_LV_HD_STEAM
[src/runtime/RuntimeContext.cpp:1378][APP - INFO] SMG requested system level sound SE_OJ_LV_HD_STEAM
[src/runtime/RuntimeContext.cpp:1378][APP - INFO] SMG requested system level sound SE_OJ_LV_HD_STEAM
[src/runtime/RuntimeContext.cpp:1378][APP - INFO] SMG requested system level sound SE_OJ_LV_HD_STEAM
[src/runtime/RuntimeContext.cpp:1378][APP - INFO] SMG requested system level sound SE_OJ_LV_HD_STEAM
[src/runtime/RuntimeContext.cpp:1378][APP - INFO] SMG requested system level sound SE_OJ_LV_HD_STEAM
[src/runtime/RuntimeContext.cpp:1378][APP - INFO] SMG requested system level sound SE_OJ_LV_HD_STEAM
[src/runtime/RuntimeContext.cpp:1378][APP - INFO] SMG requested system level sound SE_OJ_LV_HD_STEAM
[src/runtime/RuntimeContext.cpp:1378][APP - INFO] SMG requested system level sound SE_OJ_LV_HD_STEAM
[src/runtime/RuntimeContext.cpp:1378][APP - INFO] SMG requested system level sound SE_OJ_LV_HD_STEAM
[src/runtime/RuntimeContext.cpp:1378][APP - INFO] SMG requested system level sound SE_OJ_LV_HD_STEAM
[src/runtime/RuntimeContext.cpp:1378][APP - INFO] SMG requested system level sound SE_OJ_LV_HD_STEAM
[src/runtime/RuntimeContext.cpp:1378][APP - INFO] SMG requested system level sound SE_OJ_LV_HD_STEAM
[src/runtime/RuntimeContext.cpp:1378][APP - INFO] SMG requested system level sound SE_OJ_LV_HD_STEAM
[src/runtime/RuntimeContext.cpp:1378][APP - INFO] SMG requested system level sound SE_OJ_LV_HD_STEAM
[src/runtime/RuntimeContext.cpp:1378][APP - INFO] SMG requested system level sound SE_OJ_LV_HD_STEAM
[src/runtime/RuntimeContext.cpp:1378][APP - INFO] SMG requested system level sound SE_OJ_LV_HD_STEAM
[src/runtime/RuntimeContext.cpp:1378][APP - INFO] SMG requested system level sound SE_OJ_LV_HD_STEAM
[src/runtime/RuntimeContext.cpp:1378][APP - INFO] SMG requested system level sound SE_OJ_LV_HD_STEAM
[src/runtime/RuntimeContext.cpp:1378][APP - INFO] SMG requested system level sound SE_OJ_LV_HD_STEAM
[src/runtime/RuntimeContext.cpp:1378][APP - INFO] SMG requested system level sound SE_OJ_LV_HD_STEAM
[src/runtime/RuntimeContext.cpp:1378][APP - INFO] SMG requested system level sound SE_OJ_LV_HD_STEAM
[src/runtime/RuntimeContext.cpp:1378][APP - INFO] SMG requested system level sound SE_OJ_LV_HD_STEAM
[src/runtime/RuntimeContext.cpp:1378][APP - INFO] SMG requested system level sound SE_OJ_LV_HD_STEAM
[src/runtime/RuntimeContext.cpp:1378][APP - INFO] SMG requested system level sound SE_OJ_LV_HD_STEAM
[src/runtime/RuntimeContext.cpp:1378][APP - INFO] SMG requested system level sound SE_OJ_LV_HD_STEAM
[src/runtime/RuntimeContext.cpp:1378][APP - INFO] SMG requested system level sound SE_OJ_LV_HD_STEAM
[src/runtime/RuntimeContext.cpp:1378][APP - INFO] SMG requested system level sound SE_OJ_LV_HD_STEAM
[src/runtime/RuntimeContext.cpp:1378][APP - INFO] SMG requested system level sound SE_OJ_LV_HD_STEAM
[src/runtime/RuntimeContext.cpp:1378][APP - INFO] SMG requested system level sound SE_OJ_LV_HD_STEAM
[src/runtime/RuntimeContext.cpp:1378][APP - INFO] SMG requested system level sound SE_OJ_LV_HD_STEAM
[src/runtime/RuntimeContext.cpp:1378][APP - INFO] SMG requested system level sound SE_OJ_LV_HD_STEAM
[src/runtime/RuntimeContext.cpp:1378][APP - INFO] SMG requested system level sound SE_OJ_LV_HD_STEAM
[src/runtime/RuntimeContext.cpp:1378][APP - INFO] SMG requested system level sound SE_OJ_LV_HD_STEAM
[src/runtime/RuntimeContext.cpp:1378][APP - INFO] SMG requested system level sound SE_OJ_LV_HD_STEAM
[src/runtime/RuntimeContext.cpp:1378][APP - INFO] SMG requested system level sound SE_OJ_LV_HD_STEAM
[src/runtime/RuntimeContext.cpp:1378][APP - INFO] SMG requested system level sound SE_OJ_LV_HD_STEAM
[src/runtime/RuntimeContext.cpp:1378][APP - INFO] SMG requested system level sound SE_OJ_LV_HD_STEAM
[src/runtime/RuntimeContext.cpp:1378][APP - INFO] SMG requested system level sound SE_OJ_LV_HD_STEAM
[src/runtime/RuntimeContext.cpp:1378][APP - INFO] SMG requested system level sound SE_OJ_LV_HD_STEAM
[src/runtime/RuntimeContext.cpp:1378][APP - INFO] SMG requested system level sound SE_OJ_LV_HD_STEAM
[src/runtime/RuntimeContext.cpp:1378][APP - INFO] SMG requested system level sound SE_OJ_LV_HD_STEAM
[src/runtime/RuntimeContext.cpp:1378][APP - INFO] SMG requested system level sound SE_OJ_LV_HD_STEAM
[src/runtime/RuntimeContext.cpp:1378][APP - INFO] SMG requested system level sound SE_OJ_LV_HD_STEAM
[src/runtime/RuntimeContext.cpp:1378][APP - INFO] SMG requested system level sound SE_OJ_LV_HD_STEAM
[src/runtime/RuntimeContext.cpp:1378][APP - INFO] SMG requested system level sound SE_OJ_LV_HD_STEAM
[src/runtime/RuntimeContext.cpp:1378][APP - INFO] SMG requested system level sound SE_OJ_LV_HD_STEAM
[src/runtime/RuntimeContext.cpp:1378][APP - INFO] SMG requested system level sound SE_OJ_LV_HD_STEAM
[src/runtime/RuntimeContext.cpp:1378][APP - INFO] SMG requested system level sound SE_OJ_LV_HD_STEAM
[src/runtime/RuntimeContext.cpp:1378][APP - INFO] SMG requested system level sound SE_OJ_LV_HD_STEAM
[src/runtime/RuntimeContext.cpp:1378][APP - INFO] SMG requested system level sound SE_OJ_LV_HD_STEAM
[src/runtime/RuntimeContext.cpp:1378][APP - INFO] SMG requested system level sound SE_OJ_LV_HD_STEAM
[src/runtime/RuntimeContext.cpp:1378][APP - INFO] SMG requested system level sound SE_OJ_LV_HD_STEAM
[src/runtime/RuntimeContext.cpp:1378][APP - INFO] SMG requested system level sound SE_OJ_LV_HD_STEAM
[src/runtime/RuntimeContext.cpp:1378][APP - INFO] SMG requested system level sound SE_OJ_LV_HD_STEAM
[src/runtime/RuntimeContext.cpp:1378][APP - INFO] SMG requested system level sound SE_OJ_LV_HD_STEAM
[src/runtime/RuntimeContext.cpp:1378][APP - INFO] SMG requested system level sound SE_OJ_LV_HD_STEAM
[src/runtime/RuntimeContext.cpp:1378][APP - INFO] SMG requested system level sound SE_OJ_LV_HD_STEAM
[src/runtime/RuntimeContext.cpp:1378][APP - INFO] SMG requested system level sound SE_OJ_LV_HD_STEAM
[src/runtime/RuntimeContext.cpp:1378][APP - INFO] SMG requested system level sound SE_OJ_LV_HD_STEAM
[src/runtime/RuntimeContext.cpp:1378][APP - INFO] SMG requested system level sound SE_OJ_LV_HD_STEAM
[src/runtime/RuntimeContext.cpp:1378][APP - INFO] SMG requested system level sound SE_OJ_LV_HD_STEAM
[src/runtime/RuntimeContext.cpp:1378][APP - INFO] SMG requested system level sound SE_OJ_LV_HD_STEAM
[src/runtime/RuntimeContext.cpp:1378][APP - INFO] SMG requested system level sound SE_OJ_LV_HD_STEAM
[src/runtime/RuntimeContext.cpp:1378][APP - INFO] SMG requested system level sound SE_OJ_LV_HD_STEAM
[src/runtime/RuntimeContext.cpp:1378][APP - INFO] SMG requested system level sound SE_OJ_LV_HD_STEAM
[src/runtime/RuntimeContext.cpp:1378][APP - INFO] SMG requested system level sound SE_OJ_LV_HD_STEAM
[src/runtime/RuntimeContext.cpp:1378][APP - INFO] SMG requested system level sound SE_OJ_LV_HD_STEAM
[src/runtime/RuntimeContext.cpp:1378][APP - INFO] SMG requested system level sound SE_OJ_LV_HD_STEAM
[src/runtime/RuntimeContext.cpp:1378][APP - INFO] SMG requested system level sound SE_OJ_LV_HD_STEAM
[src/runtime/RuntimeContext.cpp:1378][APP - INFO] SMG requested system level sound SE_OJ_LV_HD_STEAM
[src/runtime/RuntimeContext.cpp:1378][APP - INFO] SMG requested system level sound SE_OJ_LV_HD_STEAM
[src/runtime/RuntimeContext.cpp:1378][APP - INFO] SMG requested system level sound SE_OJ_LV_HD_STEAM
[src/runtime/RuntimeContext.cpp:1378][APP - INFO] SMG requested system level sound SE_OJ_LV_HD_STEAM
[src/runtime/RuntimeContext.cpp:1378][APP - INFO] SMG requested system level sound SE_OJ_LV_HD_STEAM
[src/runtime/RuntimeContext.cpp:1378][APP - INFO] SMG requested system level sound SE_OJ_LV_HD_STEAM
[src/runtime/RuntimeContext.cpp:1378][APP - INFO] SMG requested system level sound SE_OJ_LV_HD_STEAM
[src/runtime/RuntimeContext.cpp:1378][APP - INFO] SMG requested system level sound SE_OJ_LV_HD_STEAM
[src/runtime/RuntimeContext.cpp:1378][APP - INFO] SMG requested system level sound SE_OJ_LV_HD_STEAM
[src/runtime/RuntimeContext.cpp:1378][APP - INFO] SMG requested system level sound SE_OJ_LV_HD_STEAM
[src/runtime/RuntimeContext.cpp:1378][APP - INFO] SMG requested system level sound SE_OJ_LV_HD_STEAM
[src/runtime/RuntimeContext.cpp:1378][APP - INFO] SMG requested system level sound SE_OJ_LV_HD_STEAM
[src/runtime/RuntimeContext.cpp:1378][APP - INFO] SMG requested system level sound SE_OJ_LV_HD_STEAM
[src/runtime/RuntimeContext.cpp:1378][APP - INFO] SMG requested system level sound SE_OJ_LV_HD_STEAM
[src/runtime/RuntimeContext.cpp:1378][APP - INFO] SMG requested system level sound SE_OJ_LV_HD_STEAM
[src/runtime/RuntimeContext.cpp:1378][APP - INFO] SMG requested system level sound SE_OJ_LV_HD_STEAM
[src/runtime/RuntimeContext.cpp:1378][APP - INFO] SMG requested system level sound SE_OJ_LV_HD_STEAM
[src/runtime/RuntimeContext.cpp:1378][APP - INFO] SMG requested system level sound SE_OJ_LV_HD_STEAM
[src/runtime/RuntimeContext.cpp:1378][APP - INFO] SMG requested system level sound SE_OJ_LV_HD_STEAM
[src/runtime/RuntimeContext.cpp:1378][APP - INFO] SMG requested system level sound SE_OJ_LV_HD_STEAM
[src/runtime/RuntimeContext.cpp:1378][APP - INFO] SMG requested system level sound SE_OJ_LV_HD_STEAM
[src/runtime/RuntimeContext.cpp:1378][APP - INFO] SMG requested system level sound SE_OJ_LV_HD_STEAM
[src/runtime/RuntimeContext.cpp:1378][APP - INFO] SMG requested system level sound SE_OJ_LV_HD_STEAM
[src/runtime/RuntimeContext.cpp:1378][APP - INFO] SMG requested system level sound SE_OJ_LV_HD_STEAM
[src/runtime/RuntimeContext.cpp:1378][APP - INFO] SMG requested system level sound SE_OJ_LV_HD_STEAM
[src/runtime/RuntimeContext.cpp:1378][APP - INFO] SMG requested system level sound SE_OJ_LV_HD_STEAM
[src/runtime/RuntimeContext.cpp:1378][APP - INFO] SMG requested system level sound SE_OJ_LV_HD_STEAM
[src/runtime/RuntimeContext.cpp:1378][APP - INFO] SMG requested system level sound SE_OJ_LV_HD_STEAM
[src/runtime/RuntimeContext.cpp:1378][APP - INFO] SMG requested system level sound SE_OJ_LV_HD_STEAM
[src/runtime/RuntimeContext.cpp:1378][APP - INFO] SMG requested system level sound SE_OJ_LV_HD_STEAM
[src/runtime/RuntimeContext.cpp:1378][APP - INFO] SMG requested system level sound SE_OJ_LV_HD_STEAM
[src/runtime/RuntimeContext.cpp:1378][APP - INFO] SMG requested system level sound SE_OJ_LV_HD_STEAM
[src/runtime/RuntimeContext.cpp:1378][APP - INFO] SMG requested system level sound SE_OJ_LV_HD_STEAM
[src/runtime/RuntimeContext.cpp:1378][APP - INFO] SMG requested system level sound SE_OJ_LV_HD_STEAM
[src/runtime/RuntimeContext.cpp:1378][APP - INFO] SMG requested system level sound SE_OJ_LV_HD_STEAM
[src/runtime/RuntimeContext.cpp:1378][APP - INFO] SMG requested system level sound SE_OJ_LV_HD_STEAM
[src/runtime/RuntimeContext.cpp:1378][APP - INFO] SMG requested system level sound SE_OJ_LV_HD_STEAM
[src/runtime/RuntimeContext.cpp:1378][APP - INFO] SMG requested system level sound SE_OJ_LV_HD_STEAM
[src/runtime/RuntimeContext.cpp:1378][APP - INFO] SMG requested system level sound SE_OJ_LV_HD_STEAM
[src/runtime/RuntimeContext.cpp:1378][APP - INFO] SMG requested system level sound SE_OJ_LV_HD_STEAM
[src/runtime/RuntimeContext.cpp:1378][APP - INFO] SMG requested system level sound SE_OJ_LV_HD_STEAM
[src/runtime/RuntimeContext.cpp:1378][APP - INFO] SMG requested system level sound SE_OJ_LV_HD_STEAM
[src/runtime/RuntimeContext.cpp:1378][APP - INFO] SMG requested system level sound SE_OJ_LV_HD_STEAM
[src/runtime/RuntimeContext.cpp:1378][APP - INFO] SMG requested system level sound SE_OJ_LV_HD_STEAM
[src/runtime/RuntimeContext.cpp:1378][APP - INFO] SMG requested system level sound SE_OJ_LV_HD_STEAM
[src/runtime/RuntimeContext.cpp:1378][APP - INFO] SMG requested system level sound SE_OJ_LV_HD_STEAM
[src/runtime/RuntimeContext.cpp:1378][APP - INFO] SMG requested system level sound SE_OJ_LV_HD_STEAM
[src/runtime/RuntimeContext.cpp:1378][APP - INFO] SMG requested system level sound SE_OJ_LV_HD_STEAM
[src/runtime/RuntimeContext.cpp:1378][APP - INFO] SMG requested system level sound SE_OJ_LV_HD_STEAM
[src/runtime/RuntimeContext.cpp:1378][APP - INFO] SMG requested system level sound SE_OJ_LV_HD_STEAM
[src/runtime/RuntimeContext.cpp:1378][APP - INFO] SMG requested system level sound SE_OJ_LV_HD_STEAM
[src/runtime/RuntimeContext.cpp:1378][APP - INFO] SMG requested system level sound SE_OJ_LV_HD_STEAM
[src/runtime/RuntimeContext.cpp:1378][APP - INFO] SMG requested system level sound SE_OJ_LV_HD_STEAM
[src/runtime/RuntimeContext.cpp:1378][APP - INFO] SMG requested system level sound SE_OJ_LV_HD_STEAM
[src/runtime/RuntimeContext.cpp:1378][APP - INFO] SMG requested system level sound SE_OJ_LV_HD_STEAM
[src/runtime/RuntimeContext.cpp:1378][APP - INFO] SMG requested system level sound SE_OJ_LV_HD_STEAM
[src/runtime/RuntimeContext.cpp:1378][APP - INFO] SMG requested system level sound SE_OJ_LV_HD_STEAM
[src/runtime/RuntimeContext.cpp:1378][APP - INFO] SMG requested system level sound SE_OJ_LV_HD_STEAM
[src/runtime/RuntimeContext.cpp:1378][APP - INFO] SMG requested system level sound SE_OJ_LV_HD_STEAM
[src/runtime/RuntimeContext.cpp:1378][APP - INFO] SMG requested system level sound SE_OJ_LV_HD_STEAM
[src/runtime/RuntimeContext.cpp:1378][APP - INFO] SMG requested system level sound SE_OJ_LV_HD_STEAM
[src/runtime/RuntimeContext.cpp:1378][APP - INFO] SMG requested system level sound SE_OJ_LV_HD_STEAM
[src/runtime/RuntimeContext.cpp:1378][APP - INFO] SMG requested system level sound SE_OJ_LV_HD_STEAM
[src/runtime/RuntimeContext.cpp:1378][APP - INFO] SMG requested system level sound SE_OJ_LV_HD_STEAM
[src/runtime/RuntimeContext.cpp:1378][APP - INFO] SMG requested system level sound SE_OJ_LV_HD_STEAM
[src/runtime/RuntimeContext.cpp:1378][APP - INFO] SMG requested system level sound SE_OJ_LV_HD_STEAM
[src/runtime/RuntimeContext.cpp:1378][APP - INFO] SMG requested system level sound SE_OJ_LV_HD_STEAM
[src/runtime/RuntimeContext.cpp:1378][APP - INFO] SMG requested system level sound SE_OJ_LV_HD_STEAM
[src/runtime/RuntimeContext.cpp:1378][APP - INFO] SMG requested system level sound SE_OJ_LV_HD_STEAM
[src/runtime/RuntimeContext.cpp:1378][APP - INFO] SMG requested system level sound SE_OJ_LV_HD_STEAM
[src/runtime/RuntimeContext.cpp:1378][APP - INFO] SMG requested system level sound SE_OJ_LV_HD_STEAM
[src/runtime/RuntimeContext.cpp:1378][APP - INFO] SMG requested system level sound SE_OJ_LV_HD_STEAM
[src/runtime/RuntimeContext.cpp:1378][APP - INFO] SMG requested system level sound SE_OJ_LV_HD_STEAM
[src/runtime/RuntimeContext.cpp:1378][APP - INFO] SMG requested system level sound SE_OJ_LV_HD_STEAM
[src/runtime/RuntimeContext.cpp:1378][APP - INFO] SMG requested system level sound SE_OJ_LV_HD_STEAM
[src/runtime/RuntimeContext.cpp:1378][APP - INFO] SMG requested system level sound SE_OJ_LV_HD_STEAM
[src/runtime/RuntimeContext.cpp:1378][APP - INFO] SMG requested system level sound SE_OJ_LV_HD_STEAM
[src/runtime/RuntimeContext.cpp:1378][APP - INFO] SMG requested system level sound SE_OJ_LV_HD_STEAM
[src/runtime/RuntimeContext.cpp:1378][APP - INFO] SMG requested system level sound SE_OJ_LV_HD_STEAM
[src/runtime/RuntimeContext.cpp:1378][APP - INFO] SMG requested system level sound SE_OJ_LV_HD_STEAM
[src/runtime/RuntimeContext.cpp:1378][APP - INFO] SMG requested system level sound SE_OJ_LV_HD_STEAM
[src/runtime/RuntimeContext.cpp:1378][APP - INFO] SMG requested system level sound SE_OJ_LV_HD_STEAM
[src/runtime/RuntimeContext.cpp:1378][APP - INFO] SMG requested system level sound SE_OJ_LV_HD_STEAM
[src/runtime/RuntimeContext.cpp:1378][APP - INFO] SMG requested system level sound SE_OJ_LV_HD_STEAM
[src/runtime/RuntimeContext.cpp:1378][APP - INFO] SMG requested system level sound SE_OJ_LV_HD_STEAM
[src/runtime/RuntimeContext.cpp:1378][APP - INFO] SMG requested system level sound SE_OJ_LV_HD_STEAM
[src/runtime/RuntimeContext.cpp:1378][APP - INFO] SMG requested system level sound SE_OJ_LV_HD_STEAM
[src/runtime/RuntimeContext.cpp:1378][APP - INFO] SMG requested system level sound SE_OJ_LV_HD_STEAM
[src/runtime/RuntimeContext.cpp:1378][APP - INFO] SMG requested system level sound SE_OJ_LV_HD_STEAM
[src/runtime/RuntimeContext.cpp:1378][APP - INFO] SMG requested system level sound SE_OJ_LV_HD_STEAM
[src/runtime/RuntimeContext.cpp:1378][APP - INFO] SMG requested system level sound SE_OJ_LV_HD_STEAM
[src/runtime/RuntimeContext.cpp:1378][APP - INFO] SMG requested system level sound SE_OJ_LV_HD_STEAM
[src/runtime/RuntimeContext.cpp:1378][APP - INFO] SMG requested system level sound SE_OJ_LV_HD_STEAM
[src/runtime/RuntimeContext.cpp:1378][APP - INFO] SMG requested system level sound SE_OJ_LV_HD_STEAM
[src/runtime/RuntimeContext.cpp:1378][APP - INFO] SMG requested system level sound SE_OJ_LV_HD_STEAM
[src/runtime/RuntimeContext.cpp:1378][APP - INFO] SMG requested system level sound SE_OJ_LV_HD_STEAM
[src/runtime/RuntimeContext.cpp:1378][APP - INFO] SMG requested system level sound SE_OJ_LV_HD_STEAM
[src/runtime/RuntimeContext.cpp:1378][APP - INFO] SMG requested system level sound SE_OJ_LV_HD_STEAM
[src/runtime/RuntimeContext.cpp:1378][APP - INFO] SMG requested system level sound SE_OJ_LV_HD_STEAM
[src/runtime/RuntimeContext.cpp:1378][APP - INFO] SMG requested system level sound SE_OJ_LV_HD_STEAM
[src/runtime/RuntimeContext.cpp:1378][APP - INFO] SMG requested system level sound SE_OJ_LV_HD_STEAM
[src/runtime/RuntimeContext.cpp:1378][APP - INFO] SMG requested system level sound SE_OJ_LV_HD_STEAM
[src/runtime/RuntimeContext.cpp:1378][APP - INFO] SMG requested system level sound SE_OJ_LV_HD_STEAM
[src/runtime/RuntimeContext.cpp:1378][APP - INFO] SMG requested system level sound SE_OJ_LV_HD_STEAM
[src/runtime/RuntimeContext.cpp:1378][APP - INFO] SMG requested system level sound SE_OJ_LV_HD_STEAM
[src/runtime/RuntimeContext.cpp:1378][APP - INFO] SMG requested system level sound SE_OJ_LV_HD_STEAM
[src/runtime/RuntimeContext.cpp:1378][APP - INFO] SMG requested system level sound SE_OJ_LV_HD_STEAM
[src/runtime/RuntimeContext.cpp:1378][APP - INFO] SMG requested system level sound SE_OJ_LV_HD_STEAM
[src/runtime/RuntimeContext.cpp:1378][APP - INFO] SMG requested system level sound SE_OJ_LV_HD_STEAM
[src/runtime/RuntimeContext.cpp:1378][APP - INFO] SMG requested system level sound SE_OJ_LV_HD_STEAM
[src/runtime/RuntimeContext.cpp:1378][APP - INFO] SMG requested system level sound SE_OJ_LV_HD_STEAM
[src/runtime/RuntimeContext.cpp:1378][APP - INFO] SMG requested system level sound SE_OJ_LV_HD_STEAM
[src/runtime/RuntimeContext.cpp:1378][APP - INFO] SMG requested system level sound SE_OJ_LV_HD_STEAM
[src/runtime/RuntimeContext.cpp:1378][APP - INFO] SMG requested system level sound SE_OJ_LV_HD_STEAM
[src/runtime/RuntimeContext.cpp:1378][APP - INFO] SMG requested system level sound SE_OJ_LV_HD_STEAM
[src/runtime/RuntimeContext.cpp:1378][APP - INFO] SMG requested system level sound SE_OJ_LV_HD_STEAM
[src/runtime/RuntimeContext.cpp:1378][APP - INFO] SMG requested system level sound SE_OJ_LV_HD_STEAM
[src/runtime/RuntimeContext.cpp:1378][APP - INFO] SMG requested system level sound SE_OJ_LV_HD_STEAM
[src/runtime/RuntimeContext.cpp:1378][APP - INFO] SMG requested system level sound SE_OJ_LV_HD_STEAM
[src/runtime/RuntimeContext.cpp:1378][APP - INFO] SMG requested system level sound SE_OJ_LV_HD_STEAM
[src/runtime/RuntimeContext.cpp:1378][APP - INFO] SMG requested system level sound SE_OJ_LV_HD_STEAM
[src/runtime/RuntimeContext.cpp:1378][APP - INFO] SMG requested system level sound SE_OJ_LV_HD_STEAM
[src/runtime/RuntimeContext.cpp:1378][APP - INFO] SMG requested system level sound SE_OJ_LV_HD_STEAM
[src/runtime/RuntimeContext.cpp:1378][APP - INFO] SMG requested system level sound SE_OJ_LV_HD_STEAM
[src/runtime/RuntimeContext.cpp:1378][APP - INFO] SMG requested system level sound SE_OJ_LV_HD_STEAM
[src/runtime/RuntimeContext.cpp:1378][APP - INFO] SMG requested system level sound SE_OJ_LV_HD_STEAM
[src/runtime/RuntimeContext.cpp:1378][APP - INFO] SMG requested system level sound SE_OJ_LV_HD_STEAM
[src/runtime/RuntimeContext.cpp:1378][APP - INFO] SMG requested system level sound SE_OJ_LV_HD_STEAM
[src/runtime/RuntimeContext.cpp:1378][APP - INFO] SMG requested system level sound SE_OJ_LV_HD_STEAM
[src/runtime/RuntimeContext.cpp:1378][APP - INFO] SMG requested system level sound SE_OJ_LV_HD_STEAM
[src/runtime/RuntimeContext.cpp:1378][APP - INFO] SMG requested system level sound SE_OJ_LV_HD_STEAM
[src/runtime/RuntimeContext.cpp:1378][APP - INFO] SMG requested system level sound SE_OJ_LV_HD_STEAM
[src/runtime/RuntimeContext.cpp:1378][APP - INFO] SMG requested system level sound SE_OJ_LV_HD_STEAM
[src/runtime/RuntimeContext.cpp:1378][APP - INFO] SMG requested system level sound SE_OJ_LV_HD_STEAM
[src/runtime/RuntimeContext.cpp:1378][APP - INFO] SMG requested system level sound SE_OJ_LV_HD_STEAM
[src/runtime/RuntimeContext.cpp:1378][APP - INFO] SMG requested system level sound SE_OJ_LV_HD_STEAM
[src/runtime/RuntimeContext.cpp:1378][APP - INFO] SMG requested system level sound SE_OJ_LV_HD_STEAM
[src/runtime/RuntimeContext.cpp:1378][APP - INFO] SMG requested system level sound SE_OJ_LV_HD_STEAM
[src/runtime/RuntimeContext.cpp:1378][APP - INFO] SMG requested system level sound SE_OJ_LV_HD_STEAM
[src/runtime/RuntimeContext.cpp:1378][APP - INFO] SMG requested system level sound SE_OJ_LV_HD_STEAM
[src/runtime/RuntimeContext.cpp:1378][APP - INFO] SMG requested system level sound SE_OJ_LV_HD_STEAM
[src/runtime/RuntimeContext.cpp:1378][APP - INFO] SMG requested system level sound SE_OJ_LV_HD_STEAM
[src/runtime/RuntimeContext.cpp:1378][APP - INFO] SMG requested system level sound SE_OJ_LV_HD_STEAM
[src/runtime/RuntimeContext.cpp:1378][APP - INFO] SMG requested system level sound SE_OJ_LV_HD_STEAM
[src/runtime/RuntimeContext.cpp:1378][APP - INFO] SMG requested system level sound SE_OJ_LV_HD_STEAM
[src/runtime/RuntimeContext.cpp:1378][APP - INFO] SMG requested system level sound SE_OJ_LV_HD_STEAM
[src/runtime/RuntimeContext.cpp:1378][APP - INFO] SMG requested system level sound SE_OJ_LV_HD_STEAM
[src/runtime/RuntimeContext.cpp:1378][APP - INFO] SMG requested system level sound SE_OJ_LV_HD_STEAM
[src/runtime/RuntimeContext.cpp:1378][APP - INFO] SMG requested system level sound SE_OJ_LV_HD_STEAM
[src/runtime/RuntimeContext.cpp:1378][APP - INFO] SMG requested system level sound SE_OJ_LV_HD_STEAM
[src/runtime/RuntimeContext.cpp:1378][APP - INFO] SMG requested system level sound SE_OJ_LV_HD_STEAM
[src/runtime/RuntimeContext.cpp:1378][APP - INFO] SMG requested system level sound SE_OJ_LV_HD_STEAM
[src/runtime/RuntimeContext.cpp:1378][APP - INFO] SMG requested system level sound SE_OJ_LV_HD_STEAM
[src/runtime/RuntimeContext.cpp:1378][APP - INFO] SMG requested system level sound SE_OJ_LV_HD_STEAM
[src/runtime/RuntimeContext.cpp:1378][APP - INFO] SMG requested system level sound SE_OJ_LV_HD_STEAM
[src/runtime/RuntimeContext.cpp:1378][APP - INFO] SMG requested system level sound SE_OJ_LV_HD_STEAM
[src/runtime/RuntimeContext.cpp:1378][APP - INFO] SMG requested system level sound SE_OJ_LV_HD_STEAM
[src/runtime/RuntimeContext.cpp:1378][APP - INFO] SMG requested system level sound SE_OJ_LV_HD_STEAM
[src/runtime/RuntimeContext.cpp:1378][APP - INFO] SMG requested system level sound SE_OJ_LV_HD_STEAM
[src/runtime/RuntimeContext.cpp:1378][APP - INFO] SMG requested system level sound SE_OJ_LV_HD_STEAM
[src/runtime/RuntimeContext.cpp:1378][APP - INFO] SMG requested system level sound SE_OJ_LV_HD_STEAM
[src/runtime/RuntimeContext.cpp:1378][APP - INFO] SMG requested system level sound SE_OJ_LV_HD_STEAM
[src/runtime/RuntimeContext.cpp:1378][APP - INFO] SMG requested system level sound SE_OJ_LV_HD_STEAM
[src/runtime/RuntimeContext.cpp:1378][APP - INFO] SMG requested system level sound SE_OJ_LV_HD_STEAM
[src/runtime/RuntimeContext.cpp:1378][APP - INFO] SMG requested system level sound SE_OJ_LV_HD_STEAM
[src/runtime/RuntimeContext.cpp:1378][APP - INFO] SMG requested system level sound SE_OJ_LV_HD_STEAM
[src/runtime/RuntimeContext.cpp:1378][APP - INFO] SMG requested system level sound SE_OJ_LV_HD_STEAM
[src/runtime/RuntimeContext.cpp:1378][APP - INFO] SMG requested system level sound SE_OJ_LV_HD_STEAM
[src/runtime/RuntimeContext.cpp:1378][APP - INFO] SMG requested system level sound SE_OJ_LV_HD_STEAM
[src/runtime/RuntimeContext.cpp:1378][APP - INFO] SMG requested system level sound SE_OJ_LV_HD_STEAM
[src/runtime/RuntimeContext.cpp:1378][APP - INFO] SMG requested system level sound SE_OJ_LV_HD_STEAM
[src/runtime/RuntimeContext.cpp:1378][APP - INFO] SMG requested system level sound SE_OJ_LV_HD_STEAM
[src/runtime/RuntimeContext.cpp:1378][APP - INFO] SMG requested system level sound SE_OJ_LV_HD_STEAM
[src/runtime/RuntimeContext.cpp:1378][APP - INFO] SMG requested system level sound SE_OJ_LV_HD_STEAM
[src/runtime/RuntimeContext.cpp:1378][APP - INFO] SMG requested system level sound SE_OJ_LV_HD_STEAM
[src/runtime/RuntimeContext.cpp:1378][APP - INFO] SMG requested system level sound SE_OJ_LV_HD_STEAM
[src/runtime/RuntimeContext.cpp:1378][APP - INFO] SMG requested system level sound SE_OJ_LV_HD_STEAM
[src/runtime/RuntimeContext.cpp:1378][APP - INFO] SMG requested system level sound SE_OJ_LV_HD_STEAM
[src/runtime/RuntimeContext.cpp:1378][APP - INFO] SMG requested system level sound SE_OJ_LV_HD_STEAM
[src/runtime/RuntimeContext.cpp:1378][APP - INFO] SMG requested system level sound SE_OJ_LV_HD_STEAM
[src/runtime/RuntimeContext.cpp:1378][APP - INFO] SMG requested system level sound SE_OJ_LV_HD_STEAM
[src/runtime/RuntimeContext.cpp:1378][APP - INFO] SMG requested system level sound SE_OJ_LV_HD_STEAM
[src/runtime/RuntimeContext.cpp:1378][APP - INFO] SMG requested system level sound SE_OJ_LV_HD_STEAM
[src/runtime/RuntimeContext.cpp:1378][APP - INFO] SMG requested system level sound SE_OJ_LV_HD_STEAM
[src/runtime/RuntimeContext.cpp:1378][APP - INFO] SMG requested system level sound SE_OJ_LV_HD_STEAM
[src/runtime/RuntimeContext.cpp:1378][APP - INFO] SMG requested system level sound SE_OJ_LV_HD_STEAM
[src/runtime/RuntimeContext.cpp:1378][APP - INFO] SMG requested system level sound SE_OJ_LV_HD_STEAM
[src/runtime/RuntimeContext.cpp:1378][APP - INFO] SMG requested system level sound SE_OJ_LV_HD_STEAM
[src/runtime/RuntimeContext.cpp:1378][APP - INFO] SMG requested system level sound SE_OJ_LV_HD_STEAM
[src/runtime/RuntimeContext.cpp:1378][APP - INFO] SMG requested system level sound SE_OJ_LV_HD_STEAM
[src/runtime/RuntimeContext.cpp:1378][APP - INFO] SMG requested system level sound SE_OJ_LV_HD_STEAM
[src/runtime/RuntimeContext.cpp:1378][APP - INFO] SMG requested system level sound SE_OJ_LV_HD_STEAM
[src/runtime/RuntimeContext.cpp:1378][APP - INFO] SMG requested system level sound SE_OJ_LV_HD_STEAM
[src/runtime/RuntimeContext.cpp:1378][APP - INFO] SMG requested system level sound SE_OJ_LV_HD_STEAM
[src/runtime/RuntimeContext.cpp:1378][APP - INFO] SMG requested system level sound SE_OJ_LV_HD_STEAM
[src/runtime/RuntimeContext.cpp:1378][APP - INFO] SMG requested system level sound SE_OJ_LV_HD_STEAM
[src/runtime/RuntimeContext.cpp:1378][APP - INFO] SMG requested system level sound SE_OJ_LV_HD_STEAM
[src/runtime/RuntimeContext.cpp:1378][APP - INFO] SMG requested system level sound SE_OJ_LV_HD_STEAM
[src/runtime/RuntimeContext.cpp:1378][APP - INFO] SMG requested system level sound SE_OJ_LV_HD_STEAM
[src/runtime/RuntimeContext.cpp:1378][APP - INFO] SMG requested system level sound SE_OJ_LV_HD_STEAM
[src/runtime/RuntimeContext.cpp:1378][APP - INFO] SMG requested system level sound SE_OJ_LV_HD_STEAM
[src/runtime/RuntimeContext.cpp:1378][APP - INFO] SMG requested system level sound SE_OJ_LV_HD_STEAM
[src/runtime/RuntimeContext.cpp:1378][APP - INFO] SMG requested system level sound SE_OJ_LV_HD_STEAM
[src/runtime/RuntimeContext.cpp:1378][APP - INFO] SMG requested system level sound SE_OJ_LV_HD_STEAM
[src/runtime/RuntimeContext.cpp:1378][APP - INFO] SMG requested system level sound SE_OJ_LV_HD_STEAM
[src/runtime/RuntimeContext.cpp:1378][APP - INFO] SMG requested system level sound SE_OJ_LV_HD_STEAM
[src/runtime/RuntimeContext.cpp:1378][APP - INFO] SMG requested system level sound SE_OJ_LV_HD_STEAM
[src/runtime/RuntimeContext.cpp:1378][APP - INFO] SMG requested system level sound SE_OJ_LV_HD_STEAM
[src/runtime/RuntimeContext.cpp:1378][APP - INFO] SMG requested system level sound SE_OJ_LV_HD_STEAM
[src/runtime/RuntimeContext.cpp:1378][APP - INFO] SMG requested system level sound SE_OJ_LV_HD_STEAM
[src/runtime/RuntimeContext.cpp:1378][APP - INFO] SMG requested system level sound SE_OJ_LV_HD_STEAM
[src/runtime/RuntimeContext.cpp:1378][APP - INFO] SMG requested system level sound SE_OJ_LV_HD_STEAM
[src/runtime/RuntimeContext.cpp:1378][APP - INFO] SMG requested system level sound SE_OJ_LV_HD_STEAM
[src/runtime/RuntimeContext.cpp:1378][APP - INFO] SMG requested system level sound SE_OJ_LV_HD_STEAM
[src/runtime/RuntimeContext.cpp:1378][APP - INFO] SMG requested system level sound SE_OJ_LV_HD_STEAM
[src/runtime/RuntimeContext.cpp:1378][APP - INFO] SMG requested system level sound SE_OJ_LV_HD_STEAM
[src/runtime/RuntimeContext.cpp:1378][APP - INFO] SMG requested system level sound SE_OJ_LV_HD_STEAM
[src/runtime/RuntimeContext.cpp:1378][APP - INFO] SMG requested system level sound SE_OJ_LV_HD_STEAM
[src/runtime/RuntimeContext.cpp:1378][APP - INFO] SMG requested system level sound SE_OJ_LV_HD_STEAM
[src/runtime/RuntimeContext.cpp:1378][APP - INFO] SMG requested system level sound SE_OJ_LV_HD_STEAM
[src/runtime/RuntimeContext.cpp:1378][APP - INFO] SMG requested system level sound SE_OJ_LV_HD_STEAM
[src/runtime/RuntimeContext.cpp:1378][APP - INFO] SMG requested system level sound SE_OJ_LV_HD_STEAM
[src/runtime/RuntimeContext.cpp:1378][APP - INFO] SMG requested system level sound SE_OJ_LV_HD_STEAM
[src/runtime/RuntimeContext.cpp:1378][APP - INFO] SMG requested system level sound SE_OJ_LV_HD_STEAM
[src/runtime/RuntimeContext.cpp:1378][APP - INFO] SMG requested system level sound SE_OJ_LV_HD_STEAM
[src/runtime/RuntimeContext.cpp:1378][APP - INFO] SMG requested system level sound SE_OJ_LV_HD_STEAM
[src/runtime/RuntimeContext.cpp:1378][APP - INFO] SMG requested system level sound SE_OJ_LV_HD_STEAM
[src/runtime/RuntimeContext.cpp:1378][APP - INFO] SMG requested system level sound SE_OJ_LV_HD_STEAM
[src/runtime/RuntimeContext.cpp:1378][APP - INFO] SMG requested system level sound SE_OJ_LV_HD_STEAM
[src/runtime/RuntimeContext.cpp:1378][APP - INFO] SMG requested system level sound SE_OJ_LV_HD_STEAM
[src/runtime/RuntimeContext.cpp:1378][APP - INFO] SMG requested system level sound SE_OJ_LV_HD_STEAM
[src/runtime/RuntimeContext.cpp:1378][APP - INFO] SMG requested system level sound SE_OJ_LV_HD_STEAM
[src/runtime/RuntimeContext.cpp:1378][APP - INFO] SMG requested system level sound SE_OJ_LV_HD_STEAM
[src/runtime/RuntimeContext.cpp:1378][APP - INFO] SMG requested system level sound SE_OJ_LV_HD_STEAM
[src/runtime/RuntimeContext.cpp:1378][APP - INFO] SMG requested system level sound SE_OJ_LV_HD_STEAM
[src/runtime/RuntimeContext.cpp:1378][APP - INFO] SMG requested system level sound SE_OJ_LV_HD_STEAM
[src/runtime/RuntimeContext.cpp:1378][APP - INFO] SMG requested system level sound SE_OJ_LV_HD_STEAM
[src/runtime/RuntimeContext.cpp:1378][APP - INFO] SMG requested system level sound SE_OJ_LV_HD_STEAM
[src/runtime/RuntimeContext.cpp:1378][APP - INFO] SMG requested system level sound SE_OJ_LV_HD_STEAM
[src/runtime/RuntimeContext.cpp:1378][APP - INFO] SMG requested system level sound SE_OJ_LV_HD_STEAM
[src/runtime/RuntimeContext.cpp:1378][APP - INFO] SMG requested system level sound SE_OJ_LV_HD_STEAM
[src/runtime/RuntimeContext.cpp:1378][APP - INFO] SMG requested system level sound SE_OJ_LV_HD_STEAM
[src/runtime/RuntimeContext.cpp:1378][APP - INFO] SMG requested system level sound SE_OJ_LV_HD_STEAM
[src/runtime/RuntimeContext.cpp:1378][APP - INFO] SMG requested system level sound SE_OJ_LV_HD_STEAM
[src/runtime/RuntimeContext.cpp:1378][APP - INFO] SMG requested system level sound SE_OJ_LV_HD_STEAM
[src/runtime/RuntimeContext.cpp:1378][APP - INFO] SMG requested system level sound SE_OJ_LV_HD_STEAM
[src/runtime/RuntimeContext.cpp:1378][APP - INFO] SMG requested system level sound SE_OJ_LV_HD_STEAM
[src/runtime/RuntimeContext.cpp:1378][APP - INFO] SMG requested system level sound SE_OJ_LV_HD_STEAM
[src/runtime/RuntimeContext.cpp:1378][APP - INFO] SMG requested system level sound SE_OJ_LV_HD_STEAM
[src/runtime/RuntimeContext.cpp:1378][APP - INFO] SMG requested system level sound SE_OJ_LV_HD_STEAM
[src/runtime/RuntimeContext.cpp:1378][APP - INFO] SMG requested system level sound SE_OJ_LV_HD_STEAM
[src/runtime/RuntimeContext.cpp:1378][APP - INFO] SMG requested system level sound SE_OJ_LV_HD_STEAM
[src/runtime/RuntimeContext.cpp:1378][APP - INFO] SMG requested system level sound SE_OJ_LV_HD_STEAM
[src/runtime/RuntimeContext.cpp:1378][APP - INFO] SMG requested system level sound SE_OJ_LV_HD_STEAM
[src/runtime/RuntimeContext.cpp:1378][APP - INFO] SMG requested system level sound SE_OJ_LV_HD_STEAM
[src/runtime/RuntimeContext.cpp:1378][APP - INFO] SMG requested system level sound SE_OJ_LV_HD_STEAM
[src/runtime/RuntimeContext.cpp:1378][APP - INFO] SMG requested system level sound SE_OJ_LV_HD_STEAM
[src/runtime/RuntimeContext.cpp:1378][APP - INFO] SMG requested system level sound SE_OJ_LV_HD_STEAM
[src/runtime/RuntimeContext.cpp:1378][APP - INFO] SMG requested system level sound SE_OJ_LV_HD_STEAM
[src/runtime/RuntimeContext.cpp:1378][APP - INFO] SMG requested system level sound SE_OJ_LV_HD_STEAM
[src/runtime/RuntimeContext.cpp:1378][APP - INFO] SMG requested system level sound SE_OJ_LV_HD_STEAM
[src/runtime/RuntimeContext.cpp:1378][APP - INFO] SMG requested system level sound SE_OJ_LV_HD_STEAM
[src/runtime/RuntimeContext.cpp:1378][APP - INFO] SMG requested system level sound SE_OJ_LV_HD_STEAM
[src/runtime/RuntimeContext.cpp:1378][APP - INFO] SMG requested system level sound SE_OJ_LV_HD_STEAM
[src/runtime/RuntimeContext.cpp:1378][APP - INFO] SMG requested system level sound SE_OJ_LV_HD_STEAM
[src/runtime/RuntimeContext.cpp:1378][APP - INFO] SMG requested system level sound SE_OJ_LV_HD_STEAM
[src/runtime/RuntimeContext.cpp:1378][APP - INFO] SMG requested system level sound SE_OJ_LV_HD_STEAM
[src/runtime/RuntimeContext.cpp:1378][APP - INFO] SMG requested system level sound SE_OJ_LV_HD_STEAM
[src/runtime/RuntimeContext.cpp:1378][APP - INFO] SMG requested system level sound SE_OJ_LV_HD_STEAM
[src/runtime/RuntimeContext.cpp:1378][APP - INFO] SMG requested system level sound SE_OJ_LV_HD_STEAM
[src/runtime/RuntimeContext.cpp:1378][APP - INFO] SMG requested system level sound SE_OJ_LV_HD_STEAM
[src/runtime/RuntimeContext.cpp:1378][APP - INFO] SMG requested system level sound SE_OJ_LV_HD_STEAM
[src/runtime/RuntimeContext.cpp:1378][APP - INFO] SMG requested system level sound SE_OJ_LV_HD_STEAM
[src/runtime/RuntimeContext.cpp:1378][APP - INFO] SMG requested system level sound SE_OJ_LV_HD_STEAM
[src/runtime/RuntimeContext.cpp:1378][APP - INFO] SMG requested system level sound SE_OJ_LV_HD_STEAM
[src/runtime/RuntimeContext.cpp:1378][APP - INFO] SMG requested system level sound SE_OJ_LV_HD_STEAM
[src/runtime/RuntimeContext.cpp:1378][APP - INFO] SMG requested system level sound SE_OJ_LV_HD_STEAM
[src/runtime/RuntimeContext.cpp:1378][APP - INFO] SMG requested system level sound SE_OJ_LV_HD_STEAM
[src/runtime/RuntimeContext.cpp:1378][APP - INFO] SMG requested system level sound SE_OJ_LV_HD_STEAM
[src/runtime/RuntimeContext.cpp:1378][APP - INFO] SMG requested system level sound SE_OJ_LV_HD_STEAM
[src/runtime/RuntimeContext.cpp:1378][APP - INFO] SMG requested system level sound SE_OJ_LV_HD_STEAM
[src/runtime/RuntimeContext.cpp:1378][APP - INFO] SMG requested system level sound SE_OJ_LV_HD_STEAM
[src/runtime/RuntimeContext.cpp:1378][APP - INFO] SMG requested system level sound SE_OJ_LV_HD_STEAM
[src/runtime/RuntimeContext.cpp:1378][APP - INFO] SMG requested system level sound SE_OJ_LV_HD_STEAM
[src/runtime/RuntimeContext.cpp:1378][APP - INFO] SMG requested system level sound SE_OJ_LV_HD_STEAM
[src/runtime/RuntimeContext.cpp:1378][APP - INFO] SMG requested system level sound SE_OJ_LV_HD_STEAM
[src/runtime/RuntimeContext.cpp:1378][APP - INFO] SMG requested system level sound SE_OJ_LV_HD_STEAM
[src/runtime/RuntimeContext.cpp:1378][APP - INFO] SMG requested system level sound SE_OJ_LV_HD_STEAM
[src/runtime/RuntimeContext.cpp:1378][APP - INFO] SMG requested system level sound SE_OJ_LV_HD_STEAM
[src/runtime/RuntimeContext.cpp:1378][APP - INFO] SMG requested system level sound SE_OJ_LV_HD_STEAM
[src/runtime/RuntimeContext.cpp:1378][APP - INFO] SMG requested system level sound SE_OJ_LV_HD_STEAM
[src/runtime/RuntimeContext.cpp:1378][APP - INFO] SMG requested system level sound SE_OJ_LV_HD_STEAM
[src/runtime/RuntimeContext.cpp:1378][APP - INFO] SMG requested system level sound SE_OJ_LV_HD_STEAM
[src/runtime/RuntimeContext.cpp:1378][APP - INFO] SMG requested system level sound SE_OJ_LV_HD_STEAM
[src/runtime/RuntimeContext.cpp:1378][APP - INFO] SMG requested system level sound SE_OJ_LV_HD_STEAM
[src/runtime/RuntimeContext.cpp:1378][APP - INFO] SMG requested system level sound SE_OJ_LV_HD_STEAM
[src/runtime/RuntimeContext.cpp:1378][APP - INFO] SMG requested system level sound SE_OJ_LV_HD_STEAM
[src/runtime/RuntimeContext.cpp:1378][APP - INFO] SMG requested system level sound SE_OJ_LV_HD_STEAM
[src/runtime/RuntimeContext.cpp:1378][APP - INFO] SMG requested system level sound SE_OJ_LV_HD_STEAM
[src/runtime/RuntimeContext.cpp:1378][APP - INFO] SMG requested system level sound SE_OJ_LV_HD_STEAM
[src/runtime/RuntimeContext.cpp:1378][APP - INFO] SMG requested system level sound SE_OJ_LV_HD_STEAM
[src/runtime/RuntimeContext.cpp:1378][APP - INFO] SMG requested system level sound SE_OJ_LV_HD_STEAM
[src/runtime/RuntimeContext.cpp:1378][APP - INFO] SMG requested system level sound SE_OJ_LV_HD_STEAM
[src/runtime/RuntimeContext.cpp:1378][APP - INFO] SMG requested system level sound SE_OJ_LV_HD_STEAM
[src/runtime/RuntimeContext.cpp:1378][APP - INFO] SMG requested system level sound SE_OJ_LV_HD_STEAM
[src/runtime/RuntimeContext.cpp:1378][APP - INFO] SMG requested system level sound SE_OJ_LV_HD_STEAM
[src/runtime/RuntimeContext.cpp:1378][APP - INFO] SMG requested system level sound SE_OJ_LV_HD_STEAM
[src/runtime/RuntimeContext.cpp:1378][APP - INFO] SMG requested system level sound SE_OJ_LV_HD_STEAM
[src/runtime/RuntimeContext.cpp:1378][APP - INFO] SMG requested system level sound SE_OJ_LV_HD_STEAM
[src/runtime/RuntimeContext.cpp:1378][APP - INFO] SMG requested system level sound SE_OJ_LV_HD_STEAM
[src/runtime/RuntimeContext.cpp:1378][APP - INFO] SMG requested system level sound SE_OJ_LV_HD_STEAM
[src/runtime/RuntimeContext.cpp:1378][APP - INFO] SMG requested system level sound SE_OJ_LV_HD_STEAM
[src/runtime/RuntimeContext.cpp:1378][APP - INFO] SMG requested system level sound SE_OJ_LV_HD_STEAM
[src/runtime/RuntimeContext.cpp:1378][APP - INFO] SMG requested system level sound SE_OJ_LV_HD_STEAM
[src/runtime/RuntimeContext.cpp:1378][APP - INFO] SMG requested system level sound SE_OJ_LV_HD_STEAM
[src/runtime/RuntimeContext.cpp:1378][APP - INFO] SMG requested system level sound SE_OJ_LV_HD_STEAM
[src/runtime/RuntimeContext.cpp:1378][APP - INFO] SMG requested system level sound SE_OJ_LV_HD_STEAM
[src/runtime/RuntimeContext.cpp:1378][APP - INFO] SMG requested system level sound SE_OJ_LV_HD_STEAM
[src/runtime/RuntimeContext.cpp:1378][APP - INFO] SMG requested system level sound SE_OJ_LV_HD_STEAM
[src/runtime/RuntimeContext.cpp:1378][APP - INFO] SMG requested system level sound SE_OJ_LV_HD_STEAM
[src/runtime/RuntimeContext.cpp:1378][APP - INFO] SMG requested system level sound SE_OJ_LV_HD_STEAM
[src/runtime/RuntimeContext.cpp:1378][APP - INFO] SMG requested system level sound SE_OJ_LV_HD_STEAM
[src/runtime/RuntimeContext.cpp:1378][APP - INFO] SMG requested system level sound SE_OJ_LV_HD_STEAM
[src/runtime/RuntimeContext.cpp:1378][APP - INFO] SMG requested system level sound SE_OJ_LV_HD_STEAM
[src/runtime/RuntimeContext.cpp:1378][APP - INFO] SMG requested system level sound SE_OJ_LV_HD_STEAM
[src/runtime/RuntimeContext.cpp:1378][APP - INFO] SMG requested system level sound SE_OJ_LV_HD_STEAM
[src/runtime/RuntimeContext.cpp:1378][APP - INFO] SMG requested system level sound SE_OJ_LV_HD_STEAM
[src/runtime/RuntimeContext.cpp:1378][APP - INFO] SMG requested system level sound SE_OJ_LV_HD_STEAM
[src/runtime/RuntimeContext.cpp:1378][APP - INFO] SMG requested system level sound SE_OJ_LV_HD_STEAM
[src/runtime/RuntimeContext.cpp:1378][APP - INFO] SMG requested system level sound SE_OJ_LV_HD_STEAM
[src/runtime/RuntimeContext.cpp:1378][APP - INFO] SMG requested system level sound SE_OJ_LV_HD_STEAM
[src/runtime/RuntimeContext.cpp:1378][APP - INFO] SMG requested system level sound SE_OJ_LV_HD_STEAM
[src/runtime/RuntimeContext.cpp:1378][APP - INFO] SMG requested system level sound SE_OJ_LV_HD_STEAM
[src/runtime/RuntimeContext.cpp:1378][APP - INFO] SMG requested system level sound SE_OJ_LV_HD_STEAM
[src/runtime/RuntimeContext.cpp:1378][APP - INFO] SMG requested system level sound SE_OJ_LV_HD_STEAM
[src/runtime/RuntimeContext.cpp:1378][APP - INFO] SMG requested system level sound SE_OJ_LV_HD_STEAM
[src/runtime/RuntimeContext.cpp:1378][APP - INFO] SMG requested system level sound SE_OJ_LV_HD_STEAM
[src/runtime/RuntimeContext.cpp:1378][APP - INFO] SMG requested system level sound SE_OJ_LV_HD_STEAM
[src/runtime/RuntimeContext.cpp:1378][APP - INFO] SMG requested system level sound SE_OJ_LV_HD_STEAM
[src/runtime/RuntimeContext.cpp:1378][APP - INFO] SMG requested system level sound SE_OJ_LV_HD_STEAM
[src/runtime/RuntimeContext.cpp:1378][APP - INFO] SMG requested system level sound SE_OJ_LV_HD_STEAM
[src/runtime/RuntimeContext.cpp:1378][APP - INFO] SMG requested system level sound SE_OJ_LV_HD_STEAM
[src/runtime/RuntimeContext.cpp:1378][APP - INFO] SMG requested system level sound SE_OJ_LV_HD_STEAM
[src/runtime/RuntimeContext.cpp:1378][APP - INFO] SMG requested system level sound SE_OJ_LV_HD_STEAM
[src/runtime/RuntimeContext.cpp:1378][APP - INFO] SMG requested system level sound SE_OJ_LV_HD_STEAM
[src/runtime/RuntimeContext.cpp:1378][APP - INFO] SMG requested system level sound SE_OJ_LV_HD_STEAM
[src/runtime/RuntimeContext.cpp:1378][APP - INFO] SMG requested system level sound SE_OJ_LV_HD_STEAM
[src/runtime/RuntimeContext.cpp:1378][APP - INFO] SMG requested system level sound SE_OJ_LV_HD_STEAM
[src/runtime/RuntimeContext.cpp:1378][APP - INFO] SMG requested system level sound SE_OJ_LV_HD_STEAM
[src/runtime/RuntimeContext.cpp:1378][APP - INFO] SMG requested system level sound SE_OJ_LV_HD_STEAM
[src/runtime/RuntimeContext.cpp:1378][APP - INFO] SMG requested system level sound SE_OJ_LV_HD_STEAM
[src/runtime/RuntimeContext.cpp:1378][APP - INFO] SMG requested system level sound SE_OJ_LV_HD_STEAM
[src/runtime/RuntimeContext.cpp:1378][APP - INFO] SMG requested system level sound SE_OJ_LV_HD_STEAM
[src/runtime/RuntimeContext.cpp:1378][APP - INFO] SMG requested system level sound SE_OJ_LV_HD_STEAM
[src/runtime/RuntimeContext.cpp:1378][APP - INFO] SMG requested system level sound SE_OJ_LV_HD_STEAM
[src/runtime/RuntimeContext.cpp:1378][APP - INFO] SMG requested system level sound SE_OJ_LV_HD_STEAM
[src/runtime/RuntimeContext.cpp:1378][APP - INFO] SMG requested system level sound SE_OJ_LV_HD_STEAM
[src/runtime/RuntimeContext.cpp:1378][APP - INFO] SMG requested system level sound SE_OJ_LV_HD_STEAM
[src/runtime/RuntimeContext.cpp:1378][APP - INFO] SMG requested system level sound SE_OJ_LV_HD_STEAM
[src/runtime/RuntimeContext.cpp:1378][APP - INFO] SMG requested system level sound SE_OJ_LV_HD_STEAM
[src/runtime/RuntimeContext.cpp:1378][APP - INFO] SMG requested system level sound SE_OJ_LV_HD_STEAM
[src/runtime/RuntimeContext.cpp:1378][APP - INFO] SMG requested system level sound SE_OJ_LV_HD_STEAM
[src/runtime/RuntimeContext.cpp:1378][APP - INFO] SMG requested system level sound SE_OJ_LV_HD_STEAM
[src/runtime/RuntimeContext.cpp:1378][APP - INFO] SMG requested system level sound SE_OJ_LV_HD_STEAM
[src/runtime/RuntimeContext.cpp:1378][APP - INFO] SMG requested system level sound SE_OJ_LV_HD_STEAM
[src/runtime/RuntimeContext.cpp:1378][APP - INFO] SMG requested system level sound SE_OJ_LV_HD_STEAM
[src/runtime/RuntimeContext.cpp:1378][APP - INFO] SMG requested system level sound SE_OJ_LV_HD_STEAM
[src/runtime/RuntimeContext.cpp:1378][APP - INFO] SMG requested system level sound SE_OJ_LV_HD_STEAM
[src/runtime/RuntimeContext.cpp:1378][APP - INFO] SMG requested system level sound SE_OJ_LV_HD_STEAM
[src/runtime/RuntimeContext.cpp:1378][APP - INFO] SMG requested system level sound SE_OJ_LV_HD_STEAM
[src/runtime/RuntimeContext.cpp:1378][APP - INFO] SMG requested system level sound SE_OJ_LV_HD_STEAM
[src/runtime/RuntimeContext.cpp:1378][APP - INFO] SMG requested system level sound SE_OJ_LV_HD_STEAM
[src/runtime/RuntimeContext.cpp:1378][APP - INFO] SMG requested system level sound SE_OJ_LV_HD_STEAM
[src/runtime/RuntimeContext.cpp:1378][APP - INFO] SMG requested system level sound SE_OJ_LV_HD_STEAM
[src/runtime/RuntimeContext.cpp:1378][APP - INFO] SMG requested system level sound SE_OJ_LV_HD_STEAM
[src/runtime/RuntimeContext.cpp:1378][APP - INFO] SMG requested system level sound SE_OJ_LV_HD_STEAM
[src/runtime/RuntimeContext.cpp:1378][APP - INFO] SMG requested system level sound SE_OJ_LV_HD_STEAM
[src/runtime/RuntimeContext.cpp:1378][APP - INFO] SMG requested system level sound SE_OJ_LV_HD_STEAM
[src/runtime/RuntimeContext.cpp:1378][APP - INFO] SMG requested system level sound SE_OJ_LV_HD_STEAM
[src/runtime/RuntimeContext.cpp:1378][APP - INFO] SMG requested system level sound SE_OJ_LV_HD_STEAM
[src/runtime/RuntimeContext.cpp:1378][APP - INFO] SMG requested system level sound SE_OJ_LV_HD_STEAM
[src/runtime/RuntimeContext.cpp:1378][APP - INFO] SMG requested system level sound SE_OJ_LV_HD_STEAM
[src/runtime/RuntimeContext.cpp:1378][APP - INFO] SMG requested system level sound SE_OJ_LV_HD_STEAM
[src/runtime/RuntimeContext.cpp:1378][APP - INFO] SMG requested system level sound SE_OJ_LV_HD_STEAM
[src/runtime/RuntimeContext.cpp:1378][APP - INFO] SMG requested system level sound SE_OJ_LV_HD_STEAM
[src/runtime/RuntimeContext.cpp:1378][APP - INFO] SMG requested system level sound SE_OJ_LV_HD_STEAM
[src/runtime/RuntimeContext.cpp:1378][APP - INFO] SMG requested system level sound SE_OJ_LV_HD_STEAM
[src/runtime/RuntimeContext.cpp:1378][APP - INFO] SMG requested system level sound SE_OJ_LV_HD_STEAM
[src/runtime/RuntimeContext.cpp:1378][APP - INFO] SMG requested system level sound SE_OJ_LV_HD_STEAM
[src/runtime/RuntimeContext.cpp:1378][APP - INFO] SMG requested system level sound SE_OJ_LV_HD_STEAM
[src/runtime/RuntimeContext.cpp:1378][APP - INFO] SMG requested system level sound SE_OJ_LV_HD_STEAM
[src/runtime/RuntimeContext.cpp:1378][APP - INFO] SMG requested system level sound SE_OJ_LV_HD_STEAM
[src/runtime/RuntimeContext.cpp:1378][APP - INFO] SMG requested system level sound SE_OJ_LV_HD_STEAM
[src/runtime/RuntimeContext.cpp:1378][APP - INFO] SMG requested system level sound SE_OJ_LV_HD_STEAM
[src/runtime/RuntimeContext.cpp:1378][APP - INFO] SMG requested system level sound SE_OJ_LV_HD_STEAM
[src/runtime/RuntimeContext.cpp:1378][APP - INFO] SMG requested system level sound SE_OJ_LV_HD_STEAM
[src/runtime/RuntimeContext.cpp:1378][APP - INFO] SMG requested system level sound SE_OJ_LV_HD_STEAM
[src/runtime/RuntimeContext.cpp:1378][APP - INFO] SMG requested system level sound SE_OJ_LV_HD_STEAM
[src/runtime/RuntimeContext.cpp:1378][APP - INFO] SMG requested system level sound SE_OJ_LV_HD_STEAM
[src/runtime/RuntimeContext.cpp:1378][APP - INFO] SMG requested system level sound SE_OJ_LV_HD_STEAM
[src/runtime/RuntimeContext.cpp:1378][APP - INFO] SMG requested system level sound SE_OJ_LV_HD_STEAM
[src/runtime/RuntimeContext.cpp:1378][APP - INFO] SMG requested system level sound SE_OJ_LV_HD_STEAM
[src/runtime/RuntimeContext.cpp:1378][APP - INFO] SMG requested system level sound SE_OJ_LV_HD_STEAM
[src/runtime/RuntimeContext.cpp:1378][APP - INFO] SMG requested system level sound SE_OJ_LV_HD_STEAM
[src/runtime/RuntimeContext.cpp:1378][APP - INFO] SMG requested system level sound SE_OJ_LV_HD_STEAM
[src/runtime/RuntimeContext.cpp:1378][APP - INFO] SMG requested system level sound SE_OJ_LV_HD_STEAM
[src/runtime/RuntimeContext.cpp:1378][APP - INFO] SMG requested system level sound SE_OJ_LV_HD_STEAM
[src/runtime/RuntimeContext.cpp:1378][APP - INFO] SMG requested system level sound SE_OJ_LV_HD_STEAM
[src/runtime/RuntimeContext.cpp:1378][APP - INFO] SMG requested system level sound SE_OJ_LV_HD_STEAM
[src/runtime/RuntimeContext.cpp:1378][APP - INFO] SMG requested system level sound SE_OJ_LV_HD_STEAM
[src/runtime/RuntimeContext.cpp:1378][APP - INFO] SMG requested system level sound SE_OJ_LV_HD_STEAM
[src/runtime/RuntimeContext.cpp:1378][APP - INFO] SMG requested system level sound SE_OJ_LV_HD_STEAM
[src/runtime/RuntimeContext.cpp:1378][APP - INFO] SMG requested system level sound SE_OJ_LV_HD_STEAM
[src/runtime/RuntimeContext.cpp:1378][APP - INFO] SMG requested system level sound SE_OJ_LV_HD_STEAM
[src/runtime/RuntimeContext.cpp:1378][APP - INFO] SMG requested system level sound SE_OJ_LV_HD_STEAM
[src/runtime/RuntimeContext.cpp:1378][APP - INFO] SMG requested system level sound SE_OJ_LV_HD_STEAM
[src/runtime/RuntimeContext.cpp:1378][APP - INFO] SMG requested system level sound SE_OJ_LV_HD_STEAM
[src/runtime/RuntimeContext.cpp:1378][APP - INFO] SMG requested system level sound SE_OJ_LV_HD_STEAM
[src/runtime/RuntimeContext.cpp:1378][APP - INFO] SMG requested system level sound SE_OJ_LV_HD_STEAM
[src/runtime/RuntimeContext.cpp:1378][APP - INFO] SMG requested system level sound SE_OJ_LV_HD_STEAM
[src/runtime/RuntimeContext.cpp:1378][APP - INFO] SMG requested system level sound SE_OJ_LV_HD_STEAM
[src/runtime/RuntimeContext.cpp:1378][APP - INFO] SMG requested system level sound SE_OJ_LV_HD_STEAM
[src/runtime/RuntimeContext.cpp:1378][APP - INFO] SMG requested system level sound SE_OJ_LV_HD_STEAM
[src/runtime/RuntimeContext.cpp:1378][APP - INFO] SMG requested system level sound SE_OJ_LV_HD_STEAM
[src/runtime/RuntimeContext.cpp:1378][APP - INFO] SMG requested system level sound SE_OJ_LV_HD_STEAM
[src/runtime/RuntimeContext.cpp:1378][APP - INFO] SMG requested system level sound SE_OJ_LV_HD_STEAM
[src/runtime/RuntimeContext.cpp:1378][APP - INFO] SMG requested system level sound SE_OJ_LV_HD_STEAM
[src/runtime/RuntimeContext.cpp:1378][APP - INFO] SMG requested system level sound SE_OJ_LV_HD_STEAM
[src/runtime/RuntimeContext.cpp:1378][APP - INFO] SMG requested system level sound SE_OJ_LV_HD_STEAM
[src/runtime/RuntimeContext.cpp:1378][APP - INFO] SMG requested system level sound SE_OJ_LV_HD_STEAM
[src/runtime/RuntimeContext.cpp:1378][APP - INFO] SMG requested system level sound SE_OJ_LV_HD_STEAM
[src/runtime/RuntimeContext.cpp:1378][APP - INFO] SMG requested system level sound SE_OJ_LV_HD_STEAM
[src/runtime/RuntimeContext.cpp:1378][APP - INFO] SMG requested system level sound SE_OJ_LV_HD_STEAM
[src/runtime/RuntimeContext.cpp:1378][APP - INFO] SMG requested system level sound SE_OJ_LV_HD_STEAM
[src/runtime/RuntimeContext.cpp:1378][APP - INFO] SMG requested system level sound SE_OJ_LV_HD_STEAM
[src/runtime/RuntimeContext.cpp:1378][APP - INFO] SMG requested system level sound SE_OJ_LV_HD_STEAM
[src/runtime/RuntimeContext.cpp:1378][APP - INFO] SMG requested system level sound SE_OJ_LV_HD_STEAM
[src/runtime/RuntimeContext.cpp:1378][APP - INFO] SMG requested system level sound SE_OJ_LV_HD_STEAM
[src/runtime/RuntimeContext.cpp:1378][APP - INFO] SMG requested system level sound SE_OJ_LV_HD_STEAM
[src/runtime/RuntimeContext.cpp:1378][APP - INFO] SMG requested system level sound SE_OJ_LV_HD_STEAM
[src/runtime/RuntimeContext.cpp:1378][APP - INFO] SMG requested system level sound SE_OJ_LV_HD_STEAM
[src/runtime/RuntimeContext.cpp:1378][APP - INFO] SMG requested system level sound SE_OJ_LV_HD_STEAM
[src/runtime/RuntimeContext.cpp:1378][APP - INFO] SMG requested system level sound SE_OJ_LV_HD_STEAM
[src/runtime/RuntimeContext.cpp:1378][APP - INFO] SMG requested system level sound SE_OJ_LV_HD_STEAM
[src/runtime/RuntimeContext.cpp:1378][APP - INFO] SMG requested system level sound SE_OJ_LV_HD_STEAM
[src/runtime/RuntimeContext.cpp:1378][APP - INFO] SMG requested system level sound SE_OJ_LV_HD_STEAM
[src/runtime/RuntimeContext.cpp:1378][APP - INFO] SMG requested system level sound SE_OJ_LV_HD_STEAM
[src/runtime/RuntimeContext.cpp:1378][APP - INFO] SMG requested system level sound SE_OJ_LV_HD_STEAM
[src/runtime/RuntimeContext.cpp:1378][APP - INFO] SMG requested system level sound SE_OJ_LV_HD_STEAM
[src/runtime/RuntimeContext.cpp:1378][APP - INFO] SMG requested system level sound SE_OJ_LV_HD_STEAM
[src/runtime/RuntimeContext.cpp:1378][APP - INFO] SMG requested system level sound SE_OJ_LV_HD_STEAM
[src/runtime/RuntimeContext.cpp:1378][APP - INFO] SMG requested system level sound SE_OJ_LV_HD_STEAM
[src/runtime/RuntimeContext.cpp:1378][APP - INFO] SMG requested system level sound SE_OJ_LV_HD_STEAM
[src/runtime/RuntimeContext.cpp:1378][APP - INFO] SMG requested system level sound SE_OJ_LV_HD_STEAM
[src/runtime/RuntimeContext.cpp:1378][APP - INFO] SMG requested system level sound SE_OJ_LV_HD_STEAM
[src/runtime/RuntimeContext.cpp:1378][APP - INFO] SMG requested system level sound SE_OJ_LV_HD_STEAM
[src/runtime/RuntimeContext.cpp:1378][APP - INFO] SMG requested system level sound SE_OJ_LV_HD_STEAM
[src/runtime/RuntimeContext.cpp:1378][APP - INFO] SMG requested system level sound SE_OJ_LV_HD_STEAM
[src/runtime/RuntimeContext.cpp:1378][APP - INFO] SMG requested system level sound SE_OJ_LV_HD_STEAM
[src/runtime/RuntimeContext.cpp:1378][APP - INFO] SMG requested system level sound SE_OJ_LV_HD_STEAM
[src/runtime/RuntimeContext.cpp:1378][APP - INFO] SMG requested system level sound SE_OJ_LV_HD_STEAM
[src/runtime/RuntimeContext.cpp:1378][APP - INFO] SMG requested system level sound SE_OJ_LV_HD_STEAM
[src/runtime/RuntimeContext.cpp:1378][APP - INFO] SMG requested system level sound SE_OJ_LV_HD_STEAM
[src/runtime/RuntimeContext.cpp:1378][APP - INFO] SMG requested system level sound SE_OJ_LV_HD_STEAM
[src/runtime/RuntimeContext.cpp:1378][APP - INFO] SMG requested system level sound SE_OJ_LV_HD_STEAM
[src/runtime/RuntimeContext.cpp:1378][APP - INFO] SMG requested system level sound SE_OJ_LV_HD_STEAM
[src/runtime/RuntimeContext.cpp:1378][APP - INFO] SMG requested system level sound SE_OJ_LV_HD_STEAM
[src/runtime/RuntimeContext.cpp:1378][APP - INFO] SMG requested system level sound SE_OJ_LV_HD_STEAM
[src/runtime/RuntimeContext.cpp:1378][APP - INFO] SMG requested system level sound SE_OJ_LV_HD_STEAM
[src/runtime/RuntimeContext.cpp:1378][APP - INFO] SMG requested system level sound SE_OJ_LV_HD_STEAM
[src/runtime/RuntimeContext.cpp:1378][APP - INFO] SMG requested system level sound SE_OJ_LV_HD_STEAM
[src/runtime/RuntimeContext.cpp:1378][APP - INFO] SMG requested system level sound SE_OJ_LV_HD_STEAM
[src/runtime/RuntimeContext.cpp:1378][APP - INFO] SMG requested system level sound SE_OJ_LV_HD_STEAM
[src/runtime/RuntimeContext.cpp:1378][APP - INFO] SMG requested system level sound SE_OJ_LV_HD_STEAM
[src/runtime/RuntimeContext.cpp:1378][APP - INFO] SMG requested system level sound SE_OJ_LV_HD_STEAM
[src/runtime/RuntimeContext.cpp:1378][APP - INFO] SMG requested system level sound SE_OJ_LV_HD_STEAM
[src/runtime/RuntimeContext.cpp:1378][APP - INFO] SMG requested system level sound SE_OJ_LV_HD_STEAM
[src/runtime/RuntimeContext.cpp:1378][APP - INFO] SMG requested system level sound SE_OJ_LV_HD_STEAM
[src/runtime/RuntimeContext.cpp:1378][APP - INFO] SMG requested system level sound SE_OJ_LV_HD_STEAM
[src/runtime/RuntimeContext.cpp:1378][APP - INFO] SMG requested system level sound SE_OJ_LV_HD_STEAM
[src/runtime/RuntimeContext.cpp:1378][APP - INFO] SMG requested system level sound SE_OJ_LV_HD_STEAM
[src/runtime/RuntimeContext.cpp:1378][APP - INFO] SMG requested system level sound SE_OJ_LV_HD_STEAM
[src/runtime/RuntimeContext.cpp:1378][APP - INFO] SMG requested system level sound SE_OJ_LV_HD_STEAM
[src/runtime/RuntimeContext.cpp:1378][APP - INFO] SMG requested system level sound SE_OJ_LV_HD_STEAM
[src/runtime/RuntimeContext.cpp:1378][APP - INFO] SMG requested system level sound SE_OJ_LV_HD_STEAM
[src/runtime/RuntimeContext.cpp:1378][APP - INFO] SMG requested system level sound SE_OJ_LV_HD_STEAM
[src/runtime/RuntimeContext.cpp:1378][APP - INFO] SMG requested system level sound SE_OJ_LV_HD_STEAM
[src/runtime/RuntimeContext.cpp:1378][APP - INFO] SMG requested system level sound SE_OJ_LV_HD_STEAM
[src/runtime/RuntimeContext.cpp:1378][APP - INFO] SMG requested system level sound SE_OJ_LV_HD_STEAM
[src/runtime/RuntimeContext.cpp:1378][APP - INFO] SMG requested system level sound SE_OJ_LV_HD_STEAM
[src/runtime/RuntimeContext.cpp:1378][APP - INFO] SMG requested system level sound SE_OJ_LV_HD_STEAM
[src/runtime/RuntimeContext.cpp:1378][APP - INFO] SMG requested system level sound SE_OJ_LV_HD_STEAM
[src/runtime/RuntimeContext.cpp:1378][APP - INFO] SMG requested system level sound SE_OJ_LV_HD_STEAM
[src/runtime/RuntimeContext.cpp:1378][APP - INFO] SMG requested system level sound SE_OJ_LV_HD_STEAM
[src/runtime/RuntimeContext.cpp:1378][APP - INFO] SMG requested system level sound SE_OJ_LV_HD_STEAM
[src/runtime/RuntimeContext.cpp:1378][APP - INFO] SMG requested system level sound SE_OJ_LV_HD_STEAM
[src/runtime/RuntimeContext.cpp:1378][APP - INFO] SMG requested system level sound SE_OJ_LV_HD_STEAM
[src/runtime/RuntimeContext.cpp:1378][APP - INFO] SMG requested system level sound SE_OJ_LV_HD_STEAM
[src/runtime/RuntimeContext.cpp:1378][APP - INFO] SMG requested system level sound SE_OJ_LV_HD_STEAM
[src/runtime/RuntimeContext.cpp:1378][APP - INFO] SMG requested system level sound SE_OJ_LV_HD_STEAM
[src/runtime/RuntimeContext.cpp:1378][APP - INFO] SMG requested system level sound SE_OJ_LV_HD_STEAM
[src/runtime/RuntimeContext.cpp:1378][APP - INFO] SMG requested system level sound SE_OJ_LV_HD_STEAM
[src/runtime/RuntimeContext.cpp:1378][APP - INFO] SMG requested system level sound SE_OJ_LV_HD_STEAM
[src/runtime/RuntimeContext.cpp:1378][APP - INFO] SMG requested system level sound SE_OJ_LV_HD_STEAM
[src/runtime/RuntimeContext.cpp:1378][APP - INFO] SMG requested system level sound SE_OJ_LV_HD_STEAM
[src/runtime/RuntimeContext.cpp:1378][APP - INFO] SMG requested system level sound SE_OJ_LV_HD_STEAM
[src/runtime/RuntimeContext.cpp:1378][APP - INFO] SMG requested system level sound SE_OJ_LV_HD_STEAM
[src/runtime/RuntimeContext.cpp:1378][APP - INFO] SMG requested system level sound SE_OJ_LV_HD_STEAM
[src/runtime/RuntimeContext.cpp:1378][APP - INFO] SMG requested system level sound SE_OJ_LV_HD_STEAM
[src/runtime/RuntimeContext.cpp:1378][APP - INFO] SMG requested system level sound SE_OJ_LV_HD_STEAM
[src/runtime/RuntimeContext.cpp:1378][APP - INFO] SMG requested system level sound SE_OJ_LV_HD_STEAM
[src/runtime/RuntimeContext.cpp:1378][APP - INFO] SMG requested system level sound SE_OJ_LV_HD_STEAM
[src/runtime/RuntimeContext.cpp:1378][APP - INFO] SMG requested system level sound SE_OJ_LV_HD_STEAM
[src/runtime/RuntimeContext.cpp:1378][APP - INFO] SMG requested system level sound SE_OJ_LV_HD_STEAM
[src/runtime/RuntimeContext.cpp:1378][APP - INFO] SMG requested system level sound SE_OJ_LV_HD_STEAM
[src/runtime/RuntimeContext.cpp:1378][APP - INFO] SMG requested system level sound SE_OJ_LV_HD_STEAM
[src/runtime/RuntimeContext.cpp:1378][APP - INFO] SMG requested system level sound SE_OJ_LV_HD_STEAM
[src/runtime/RuntimeContext.cpp:1378][APP - INFO] SMG requested system level sound SE_OJ_LV_HD_STEAM
[src/runtime/RuntimeContext.cpp:1378][APP - INFO] SMG requested system level sound SE_OJ_LV_HD_STEAM
[src/runtime/RuntimeContext.cpp:1378][APP - INFO] SMG requested system level sound SE_OJ_LV_HD_STEAM
[src/runtime/RuntimeContext.cpp:1378][APP - INFO] SMG requested system level sound SE_OJ_LV_HD_STEAM
[src/runtime/RuntimeContext.cpp:1378][APP - INFO] SMG requested system level sound SE_OJ_LV_HD_STEAM
[src/runtime/RuntimeContext.cpp:1378][APP - INFO] SMG requested system level sound SE_OJ_LV_HD_STEAM
[src/runtime/RuntimeContext.cpp:1378][APP - INFO] SMG requested system level sound SE_OJ_LV_HD_STEAM
[src/runtime/RuntimeContext.cpp:1378][APP - INFO] SMG requested system level sound SE_OJ_LV_HD_STEAM
[src/runtime/RuntimeContext.cpp:1378][APP - INFO] SMG requested system level sound SE_OJ_LV_HD_STEAM
[src/runtime/RuntimeContext.cpp:1378][APP - INFO] SMG requested system level sound SE_OJ_LV_HD_STEAM
[src/runtime/RuntimeContext.cpp:1378][APP - INFO] SMG requested system level sound SE_OJ_LV_HD_STEAM
[src/runtime/RuntimeContext.cpp:1378][APP - INFO] SMG requested system level sound SE_OJ_LV_HD_STEAM
[src/runtime/RuntimeContext.cpp:1378][APP - INFO] SMG requested system level sound SE_OJ_LV_HD_STEAM
[src/runtime/RuntimeContext.cpp:1378][APP - INFO] SMG requested system level sound SE_OJ_LV_HD_STEAM
[src/runtime/RuntimeContext.cpp:1378][APP - INFO] SMG requested system level sound SE_OJ_LV_HD_STEAM
[src/runtime/RuntimeContext.cpp:1378][APP - INFO] SMG requested system level sound SE_OJ_LV_HD_STEAM
[src/runtime/RuntimeContext.cpp:1378][APP - INFO] SMG requested system level sound SE_OJ_LV_HD_STEAM
[src/runtime/RuntimeContext.cpp:1378][APP - INFO] SMG requested system level sound SE_OJ_LV_HD_STEAM
[src/runtime/RuntimeContext.cpp:1378][APP - INFO] SMG requested system level sound SE_OJ_LV_HD_STEAM
[src/runtime/RuntimeContext.cpp:1378][APP - INFO] SMG requested system level sound SE_OJ_LV_HD_STEAM
[src/runtime/RuntimeContext.cpp:1378][APP - INFO] SMG requested system level sound SE_OJ_LV_HD_STEAM
[src/runtime/RuntimeContext.cpp:1378][APP - INFO] SMG requested system level sound SE_OJ_LV_HD_STEAM
[src/runtime/RuntimeContext.cpp:1378][APP - INFO] SMG requested system level sound SE_OJ_LV_HD_STEAM
[src/runtime/RuntimeContext.cpp:1378][APP - INFO] SMG requested system level sound SE_OJ_LV_HD_STEAM
[src/runtime/RuntimeContext.cpp:1378][APP - INFO] SMG requested system level sound SE_OJ_LV_HD_STEAM
[src/runtime/RuntimeContext.cpp:1378][APP - INFO] SMG requested system level sound SE_OJ_LV_HD_STEAM
[src/runtime/RuntimeContext.cpp:1378][APP - INFO] SMG requested system level sound SE_OJ_LV_HD_STEAM
[src/runtime/RuntimeContext.cpp:1378][APP - INFO] SMG requested system level sound SE_OJ_LV_HD_STEAM
[src/runtime/RuntimeContext.cpp:1378][APP - INFO] SMG requested system level sound SE_OJ_LV_HD_STEAM
[src/runtime/RuntimeContext.cpp:1378][APP - INFO] SMG requested system level sound SE_OJ_LV_HD_STEAM
[src/runtime/RuntimeContext.cpp:1378][APP - INFO] SMG requested system level sound SE_OJ_LV_HD_STEAM
[src/runtime/RuntimeContext.cpp:1378][APP - INFO] SMG requested system level sound SE_OJ_LV_HD_STEAM
[src/runtime/RuntimeContext.cpp:1378][APP - INFO] SMG requested system level sound SE_OJ_LV_HD_STEAM
[src/runtime/RuntimeContext.cpp:1378][APP - INFO] SMG requested system level sound SE_OJ_LV_HD_STEAM
[src/runtime/RuntimeContext.cpp:1378][APP - INFO] SMG requested system level sound SE_OJ_LV_HD_STEAM
[src/runtime/RuntimeContext.cpp:1378][APP - INFO] SMG requested system level sound SE_OJ_LV_HD_STEAM
[src/runtime/RuntimeContext.cpp:1378][APP - INFO] SMG requested system level sound SE_OJ_LV_HD_STEAM
[src/runtime/RuntimeContext.cpp:1378][APP - INFO] SMG requested system level sound SE_OJ_LV_HD_STEAM
[src/runtime/RuntimeContext.cpp:1378][APP - INFO] SMG requested system level sound SE_OJ_LV_HD_STEAM
[src/runtime/RuntimeContext.cpp:1378][APP - INFO] SMG requested system level sound SE_OJ_LV_HD_STEAM
[src/runtime/RuntimeContext.cpp:1378][APP - INFO] SMG requested system level sound SE_OJ_LV_HD_STEAM
[src/runtime/RuntimeContext.cpp:1378][APP - INFO] SMG requested system level sound SE_OJ_LV_HD_STEAM
[src/runtime/RuntimeContext.cpp:1378][APP - INFO] SMG requested system level sound SE_OJ_LV_HD_STEAM
[src/runtime/RuntimeContext.cpp:1378][APP - INFO] SMG requested system level sound SE_OJ_LV_HD_STEAM
[src/runtime/RuntimeContext.cpp:1378][APP - INFO] SMG requested system level sound SE_OJ_LV_HD_STEAM
[src/runtime/RuntimeContext.cpp:1378][APP - INFO] SMG requested system level sound SE_OJ_LV_HD_STEAM
[src/runtime/RuntimeContext.cpp:1378][APP - INFO] SMG requested system level sound SE_OJ_LV_HD_STEAM
[src/runtime/RuntimeContext.cpp:1378][APP - INFO] SMG requested system level sound SE_OJ_LV_HD_STEAM
[src/runtime/RuntimeContext.cpp:1378][APP - INFO] SMG requested system level sound SE_OJ_LV_HD_STEAM
[src/runtime/RuntimeContext.cpp:1378][APP - INFO] SMG requested system level sound SE_OJ_LV_HD_STEAM
[src/runtime/RuntimeContext.cpp:1378][APP - INFO] SMG requested system level sound SE_OJ_LV_HD_STEAM
[src/runtime/RuntimeContext.cpp:1378][APP - INFO] SMG requested system level sound SE_OJ_LV_HD_STEAM
[src/runtime/RuntimeContext.cpp:1378][APP - INFO] SMG requested system level sound SE_OJ_LV_HD_STEAM
[src/runtime/RuntimeContext.cpp:1378][APP - INFO] SMG requested system level sound SE_OJ_LV_HD_STEAM
[src/runtime/RuntimeContext.cpp:1378][APP - INFO] SMG requested system level sound SE_OJ_LV_HD_STEAM
[src/runtime/RuntimeContext.cpp:1378][APP - INFO] SMG requested system level sound SE_OJ_LV_HD_STEAM
[src/runtime/RuntimeContext.cpp:1378][APP - INFO] SMG requested system level sound SE_OJ_LV_HD_STEAM
[src/runtime/RuntimeContext.cpp:1378][APP - INFO] SMG requested system level sound SE_OJ_LV_HD_STEAM
[src/runtime/RuntimeContext.cpp:1378][APP - INFO] SMG requested system level sound SE_OJ_LV_HD_STEAM
[src/runtime/RuntimeContext.cpp:1378][APP - INFO] SMG requested system level sound SE_OJ_LV_HD_STEAM
[src/runtime/RuntimeContext.cpp:1378][APP - INFO] SMG requested system level sound SE_OJ_LV_HD_STEAM
[src/runtime/RuntimeContext.cpp:1378][APP - INFO] SMG requested system level sound SE_OJ_LV_HD_STEAM
[src/runtime/RuntimeContext.cpp:1378][APP - INFO] SMG requested system level sound SE_OJ_LV_HD_STEAM
[src/runtime/RuntimeContext.cpp:1378][APP - INFO] SMG requested system level sound SE_OJ_LV_HD_STEAM
[src/runtime/RuntimeContext.cpp:1378][APP - INFO] SMG requested system level sound SE_OJ_LV_HD_STEAM
[src/runtime/RuntimeContext.cpp:1378][APP - INFO] SMG requested system level sound SE_OJ_LV_HD_STEAM
[src/runtime/RuntimeContext.cpp:1378][APP - INFO] SMG requested system level sound SE_OJ_LV_HD_STEAM
[src/runtime/RuntimeContext.cpp:1378][APP - INFO] SMG requested system level sound SE_OJ_LV_HD_STEAM
[src/runtime/RuntimeContext.cpp:1378][APP - INFO] SMG requested system level sound SE_OJ_LV_HD_STEAM
[src/runtime/RuntimeContext.cpp:1378][APP - INFO] SMG requested system level sound SE_OJ_LV_HD_STEAM
[src/runtime/RuntimeContext.cpp:1378][APP - INFO] SMG requested system level sound SE_OJ_LV_HD_STEAM
[src/runtime/RuntimeContext.cpp:1378][APP - INFO] SMG requested system level sound SE_OJ_LV_HD_STEAM
[src/runtime/RuntimeContext.cpp:1378][APP - INFO] SMG requested system level sound SE_OJ_LV_HD_STEAM
[src/runtime/RuntimeContext.cpp:1378][APP - INFO] SMG requested system level sound SE_OJ_LV_HD_STEAM
[src/runtime/RuntimeContext.cpp:1378][APP - INFO] SMG requested system level sound SE_OJ_LV_HD_STEAM
[src/runtime/RuntimeContext.cpp:1378][APP - INFO] SMG requested system level sound SE_OJ_LV_HD_STEAM
[src/runtime/RuntimeContext.cpp:1378][APP - INFO] SMG requested system level sound SE_OJ_LV_HD_STEAM
[src/runtime/RuntimeContext.cpp:1378][APP - INFO] SMG requested system level sound SE_OJ_LV_HD_STEAM
[src/runtime/RuntimeContext.cpp:1378][APP - INFO] SMG requested system level sound SE_OJ_LV_HD_STEAM
[src/runtime/RuntimeContext.cpp:1378][APP - INFO] SMG requested system level sound SE_OJ_LV_HD_STEAM
[src/runtime/RuntimeContext.cpp:1378][APP - INFO] SMG requested system level sound SE_OJ_LV_HD_STEAM
[src/runtime/RuntimeContext.cpp:1378][APP - INFO] SMG requested system level sound SE_OJ_LV_HD_STEAM
[src/runtime/RuntimeContext.cpp:1378][APP - INFO] SMG requested system level sound SE_OJ_LV_HD_STEAM
[src/runtime/RuntimeContext.cpp:1378][APP - INFO] SMG requested system level sound SE_OJ_LV_HD_STEAM
[src/runtime/RuntimeContext.cpp:1378][APP - INFO] SMG requested system level sound SE_OJ_LV_HD_STEAM
[src/runtime/RuntimeContext.cpp:1378][APP - INFO] SMG requested system level sound SE_OJ_LV_HD_STEAM
[src/runtime/RuntimeContext.cpp:1378][APP - INFO] SMG requested system level sound SE_OJ_LV_HD_STEAM
[src/runtime/RuntimeContext.cpp:1378][APP - INFO] SMG requested system level sound SE_OJ_LV_HD_STEAM
[src/runtime/RuntimeContext.cpp:1378][APP - INFO] SMG requested system level sound SE_OJ_LV_HD_STEAM
[src/runtime/RuntimeContext.cpp:1378][APP - INFO] SMG requested system level sound SE_OJ_LV_HD_STEAM
[src/runtime/RuntimeContext.cpp:1378][APP - INFO] SMG requested system level sound SE_OJ_LV_HD_STEAM
[src/runtime/RuntimeContext.cpp:1378][APP - INFO] SMG requested system level sound SE_OJ_LV_HD_STEAM
[src/runtime/RuntimeContext.cpp:1378][APP - INFO] SMG requested system level sound SE_OJ_LV_HD_STEAM
[src/runtime/RuntimeContext.cpp:1378][APP - INFO] SMG requested system level sound SE_OJ_LV_HD_STEAM
[src/runtime/RuntimeContext.cpp:1378][APP - INFO] SMG requested system level sound SE_OJ_LV_HD_STEAM
[src/runtime/RuntimeContext.cpp:1378][APP - INFO] SMG requested system level sound SE_OJ_LV_HD_STEAM
[src/runtime/RuntimeContext.cpp:1378][APP - INFO] SMG requested system level sound SE_OJ_LV_HD_STEAM
[src/runtime/RuntimeContext.cpp:1378][APP - INFO] SMG requested system level sound SE_OJ_LV_HD_STEAM
[src/runtime/RuntimeContext.cpp:1378][APP - INFO] SMG requested system level sound SE_OJ_LV_HD_STEAM
[src/runtime/RuntimeContext.cpp:1378][APP - INFO] SMG requested system level sound SE_OJ_LV_HD_STEAM
[src/runtime/RuntimeContext.cpp:1378][APP - INFO] SMG requested system level sound SE_OJ_LV_HD_STEAM
[src/runtime/RuntimeContext.cpp:1378][APP - INFO] SMG requested system level sound SE_OJ_LV_HD_STEAM
[src/runtime/RuntimeContext.cpp:1378][APP - INFO] SMG requested system level sound SE_OJ_LV_HD_STEAM
[src/runtime/RuntimeContext.cpp:1378][APP - INFO] SMG requested system level sound SE_OJ_LV_HD_STEAM
[src/runtime/RuntimeContext.cpp:1378][APP - INFO] SMG requested system level sound SE_OJ_LV_HD_STEAM
[src/runtime/RuntimeContext.cpp:1378][APP - INFO] SMG requested system level sound SE_OJ_LV_HD_STEAM
[src/runtime/RuntimeContext.cpp:1378][APP - INFO] SMG requested system level sound SE_OJ_LV_HD_STEAM
[src/runtime/RuntimeContext.cpp:1378][APP - INFO] SMG requested system level sound SE_OJ_LV_HD_STEAM
[src/runtime/RuntimeContext.cpp:1378][APP - INFO] SMG requested system level sound SE_OJ_LV_HD_STEAM
[src/runtime/RuntimeContext.cpp:1378][APP - INFO] SMG requested system level sound SE_OJ_LV_HD_STEAM
[src/runtime/RuntimeContext.cpp:1378][APP - INFO] SMG requested system level sound SE_OJ_LV_HD_STEAM
[src/runtime/RuntimeContext.cpp:1378][APP - INFO] SMG requested system level sound SE_OJ_LV_HD_STEAM
[src/runtime/RuntimeContext.cpp:1378][APP - INFO] SMG requested system level sound SE_OJ_LV_HD_STEAM
[src/runtime/RuntimeContext.cpp:1378][APP - INFO] SMG requested system level sound SE_OJ_LV_HD_STEAM
[src/runtime/RuntimeContext.cpp:1378][APP - INFO] SMG requested system level sound SE_OJ_LV_HD_STEAM
[src/runtime/RuntimeContext.cpp:1378][APP - INFO] SMG requested system level sound SE_OJ_LV_HD_STEAM
[src/runtime/RuntimeContext.cpp:1378][APP - INFO] SMG requested system level sound SE_OJ_LV_HD_STEAM
[src/runtime/RuntimeContext.cpp:1378][APP - INFO] SMG requested system level sound SE_OJ_LV_HD_STEAM
[src/runtime/RuntimeContext.cpp:1378][APP - INFO] SMG requested system level sound SE_OJ_LV_HD_STEAM
[src/runtime/RuntimeContext.cpp:1378][APP - INFO] SMG requested system level sound SE_OJ_LV_HD_STEAM
[src/runtime/RuntimeContext.cpp:1378][APP - INFO] SMG requested system level sound SE_OJ_LV_HD_STEAM
[src/runtime/RuntimeContext.cpp:1378][APP - INFO] SMG requested system level sound SE_OJ_LV_HD_STEAM
[src/runtime/RuntimeContext.cpp:1378][APP - INFO] SMG requested system level sound SE_OJ_LV_HD_STEAM
[src/runtime/RuntimeContext.cpp:1378][APP - INFO] SMG requested system level sound SE_OJ_LV_HD_STEAM
[src/runtime/RuntimeContext.cpp:1378][APP - INFO] SMG requested system level sound SE_OJ_LV_HD_STEAM
[src/runtime/RuntimeContext.cpp:1378][APP - INFO] SMG requested system level sound SE_OJ_LV_HD_STEAM
[src/runtime/RuntimeContext.cpp:1378][APP - INFO] SMG requested system level sound SE_OJ_LV_HD_STEAM
[src/runtime/RuntimeContext.cpp:1378][APP - INFO] SMG requested system level sound SE_OJ_LV_HD_STEAM
[src/runtime/RuntimeContext.cpp:1378][APP - INFO] SMG requested system level sound SE_OJ_LV_HD_STEAM
[src/runtime/RuntimeContext.cpp:1378][APP - INFO] SMG requested system level sound SE_OJ_LV_HD_STEAM
[src/runtime/RuntimeContext.cpp:1378][APP - INFO] SMG requested system level sound SE_OJ_LV_HD_STEAM
[src/runtime/RuntimeContext.cpp:1378][APP - INFO] SMG requested system level sound SE_OJ_LV_HD_STEAM
[src/runtime/RuntimeContext.cpp:1378][APP - INFO] SMG requested system level sound SE_OJ_LV_HD_STEAM
[src/runtime/RuntimeContext.cpp:1378][APP - INFO] SMG requested system level sound SE_OJ_LV_HD_STEAM
[src/runtime/RuntimeContext.cpp:1378][APP - INFO] SMG requested system level sound SE_OJ_LV_HD_STEAM
[src/runtime/RuntimeContext.cpp:1378][APP - INFO] SMG requested system level sound SE_OJ_LV_HD_STEAM
[src/runtime/RuntimeContext.cpp:1378][APP - INFO] SMG requested system level sound SE_OJ_LV_HD_STEAM
[src/runtime/RuntimeContext.cpp:1378][APP - INFO] SMG requested system level sound SE_OJ_LV_HD_STEAM
[src/runtime/RuntimeContext.cpp:1378][APP - INFO] SMG requested system level sound SE_OJ_LV_HD_STEAM
[src/runtime/RuntimeContext.cpp:1378][APP - INFO] SMG requested system level sound SE_OJ_LV_HD_STEAM
[src/runtime/RuntimeContext.cpp:1378][APP - INFO] SMG requested system level sound SE_OJ_LV_HD_STEAM
[src/runtime/RuntimeContext.cpp:1378][APP - INFO] SMG requested system level sound SE_OJ_LV_HD_STEAM
[src/runtime/RuntimeContext.cpp:1378][APP - INFO] SMG requested system level sound SE_OJ_LV_HD_STEAM
[src/runtime/RuntimeContext.cpp:1378][APP - INFO] SMG requested system level sound SE_OJ_LV_HD_STEAM
[src/runtime/RuntimeContext.cpp:1378][APP - INFO] SMG requested system level sound SE_OJ_LV_HD_STEAM
[src/runtime/RuntimeContext.cpp:1378][APP - INFO] SMG requested system level sound SE_OJ_LV_HD_STEAM
[src/runtime/RuntimeContext.cpp:1378][APP - INFO] SMG requested system level sound SE_OJ_LV_HD_STEAM
[src/runtime/RuntimeContext.cpp:1378][APP - INFO] SMG requested system level sound SE_OJ_LV_HD_STEAM
[src/runtime/RuntimeContext.cpp:1378][APP - INFO] SMG requested system level sound SE_OJ_LV_HD_STEAM
[src/runtime/RuntimeContext.cpp:1378][APP - INFO] SMG requested system level sound SE_OJ_LV_HD_STEAM
[src/runtime/RuntimeContext.cpp:1378][APP - INFO] SMG requested system level sound SE_OJ_LV_HD_STEAM
[src/runtime/RuntimeContext.cpp:1378][APP - INFO] SMG requested system level sound SE_OJ_LV_HD_STEAM
[src/runtime/RuntimeContext.cpp:1378][APP - INFO] SMG requested system level sound SE_OJ_LV_HD_STEAM
[src/runtime/RuntimeContext.cpp:1378][APP - INFO] SMG requested system level sound SE_OJ_LV_HD_STEAM
[src/runtime/RuntimeContext.cpp:1378][APP - INFO] SMG requested system level sound SE_OJ_LV_HD_STEAM
[src/runtime/RuntimeContext.cpp:1378][APP - INFO] SMG requested system level sound SE_OJ_LV_HD_STEAM
[src/runtime/RuntimeContext.cpp:1378][APP - INFO] SMG requested system level sound SE_OJ_LV_HD_STEAM
[src/runtime/RuntimeContext.cpp:1378][APP - INFO] SMG requested system level sound SE_OJ_LV_HD_STEAM
[src/runtime/RuntimeContext.cpp:1378][APP - INFO] SMG requested system level sound SE_OJ_LV_HD_STEAM
[src/runtime/RuntimeContext.cpp:1378][APP - INFO] SMG requested system level sound SE_OJ_LV_HD_STEAM
[src/runtime/RuntimeContext.cpp:1378][APP - INFO] SMG requested system level sound SE_OJ_LV_HD_STEAM
[src/runtime/RuntimeContext.cpp:1378][APP - INFO] SMG requested system level sound SE_OJ_LV_HD_STEAM
[src/runtime/RuntimeContext.cpp:1378][APP - INFO] SMG requested system level sound SE_OJ_LV_HD_STEAM
[src/runtime/RuntimeContext.cpp:1378][APP - INFO] SMG requested system level sound SE_OJ_LV_HD_STEAM
[src/runtime/RuntimeContext.cpp:1378][APP - INFO] SMG requested system level sound SE_OJ_LV_HD_STEAM
[src/runtime/RuntimeContext.cpp:1378][APP - INFO] SMG requested system level sound SE_OJ_LV_HD_STEAM
[src/runtime/RuntimeContext.cpp:1378][APP - INFO] SMG requested system level sound SE_OJ_LV_HD_STEAM
[src/runtime/RuntimeContext.cpp:1378][APP - INFO] SMG requested system level sound SE_OJ_LV_HD_STEAM
[src/runtime/RuntimeContext.cpp:1378][APP - INFO] SMG requested system level sound SE_OJ_LV_HD_STEAM
[src/runtime/RuntimeContext.cpp:1378][APP - INFO] SMG requested system level sound SE_OJ_LV_HD_STEAM
[src/runtime/RuntimeContext.cpp:1378][APP - INFO] SMG requested system level sound SE_OJ_LV_HD_STEAM
[src/runtime/RuntimeContext.cpp:1378][APP - INFO] SMG requested system level sound SE_OJ_LV_HD_STEAM
[src/runtime/RuntimeContext.cpp:1378][APP - INFO] SMG requested system level sound SE_OJ_LV_HD_STEAM
[src/runtime/RuntimeContext.cpp:1378][APP - INFO] SMG requested system level sound SE_OJ_LV_HD_STEAM
[src/runtime/RuntimeContext.cpp:1378][APP - INFO] SMG requested system level sound SE_OJ_LV_HD_STEAM
[src/runtime/RuntimeContext.cpp:1378][APP - INFO] SMG requested system level sound SE_OJ_LV_HD_STEAM
[src/runtime/RuntimeContext.cpp:1378][APP - INFO] SMG requested system level sound SE_OJ_LV_HD_STEAM
[src/runtime/RuntimeContext.cpp:1378][APP - INFO] SMG requested system level sound SE_OJ_LV_HD_STEAM
[src/runtime/RuntimeContext.cpp:1378][APP - INFO] SMG requested system level sound SE_OJ_LV_HD_STEAM
[src/runtime/RuntimeContext.cpp:1378][APP - INFO] SMG requested system level sound SE_OJ_LV_HD_STEAM
[src/runtime/RuntimeContext.cpp:1378][APP - INFO] SMG requested system level sound SE_OJ_LV_HD_STEAM
[src/runtime/RuntimeContext.cpp:1378][APP - INFO] SMG requested system level sound SE_OJ_LV_HD_STEAM
[src/runtime/RuntimeContext.cpp:1378][APP - INFO] SMG requested system level sound SE_OJ_LV_HD_STEAM
[src/runtime/RuntimeContext.cpp:1378][APP - INFO] SMG requested system level sound SE_OJ_LV_HD_STEAM
[src/runtime/RuntimeContext.cpp:1378][APP - INFO] SMG requested system level sound SE_OJ_LV_HD_STEAM
[src/runtime/RuntimeContext.cpp:1378][APP - INFO] SMG requested system level sound SE_OJ_LV_HD_STEAM
[src/runtime/RuntimeContext.cpp:1378][APP - INFO] SMG requested system level sound SE_OJ_LV_HD_STEAM
[src/runtime/RuntimeContext.cpp:1378][APP - INFO] SMG requested system level sound SE_OJ_LV_HD_STEAM
[src/runtime/RuntimeContext.cpp:1378][APP - INFO] SMG requested system level sound SE_OJ_LV_HD_STEAM
[src/runtime/RuntimeContext.cpp:1378][APP - INFO] SMG requested system level sound SE_OJ_LV_HD_STEAM
[src/runtime/RuntimeContext.cpp:1378][APP - INFO] SMG requested system level sound SE_OJ_LV_HD_STEAM
[src/runtime/RuntimeContext.cpp:1378][APP - INFO] SMG requested system level sound SE_OJ_LV_HD_STEAM
[src/runtime/RuntimeContext.cpp:1378][APP - INFO] SMG requested system level sound SE_OJ_LV_HD_STEAM
[src/runtime/RuntimeContext.cpp:1378][APP - INFO] SMG requested system level sound SE_OJ_LV_HD_STEAM
[src/runtime/RuntimeContext.cpp:1378][APP - INFO] SMG requested system level sound SE_OJ_LV_HD_STEAM
[src/runtime/RuntimeContext.cpp:1378][APP - INFO] SMG requested system level sound SE_OJ_LV_HD_STEAM
[src/runtime/RuntimeContext.cpp:1378][APP - INFO] SMG requested system level sound SE_OJ_LV_HD_STEAM
[src/runtime/RuntimeContext.cpp:1378][APP - INFO] SMG requested system level sound SE_OJ_LV_HD_STEAM
[src/runtime/RuntimeContext.cpp:1378][APP - INFO] SMG requested system level sound SE_OJ_LV_HD_STEAM
[src/runtime/RuntimeContext.cpp:1378][APP - INFO] SMG requested system level sound SE_OJ_LV_HD_STEAM
[src/runtime/RuntimeContext.cpp:1378][APP - INFO] SMG requested system level sound SE_OJ_LV_HD_STEAM
[src/runtime/RuntimeContext.cpp:1378][APP - INFO] SMG requested system level sound SE_OJ_LV_HD_STEAM
[src/runtime/RuntimeContext.cpp:1378][APP - INFO] SMG requested system level sound SE_OJ_LV_HD_STEAM
[src/runtime/RuntimeContext.cpp:1378][APP - INFO] SMG requested system level sound SE_OJ_LV_HD_STEAM
[src/runtime/RuntimeContext.cpp:1378][APP - INFO] SMG requested system level sound SE_OJ_LV_HD_STEAM
[src/runtime/RuntimeContext.cpp:1378][APP - INFO] SMG requested system level sound SE_OJ_LV_HD_STEAM
[src/runtime/RuntimeContext.cpp:1378][APP - INFO] SMG requested system level sound SE_OJ_LV_HD_STEAM
[src/runtime/RuntimeContext.cpp:1378][APP - INFO] SMG requested system level sound SE_OJ_LV_HD_STEAM
[src/runtime/RuntimeContext.cpp:1378][APP - INFO] SMG requested system level sound SE_OJ_LV_HD_STEAM
[src/runtime/RuntimeContext.cpp:1378][APP - INFO] SMG requested system level sound SE_OJ_LV_HD_STEAM
[src/runtime/RuntimeContext.cpp:1378][APP - INFO] SMG requested system level sound SE_OJ_LV_HD_STEAM
[src/runtime/RuntimeContext.cpp:1378][APP - INFO] SMG requested system level sound SE_OJ_LV_HD_STEAM
[src/runtime/RuntimeContext.cpp:1378][APP - INFO] SMG requested system level sound SE_OJ_LV_HD_STEAM
[src/runtime/RuntimeContext.cpp:1378][APP - INFO] SMG requested system level sound SE_OJ_LV_HD_STEAM
[src/runtime/RuntimeContext.cpp:1378][APP - INFO] SMG requested system level sound SE_OJ_LV_HD_STEAM
[src/runtime/RuntimeContext.cpp:1378][APP - INFO] SMG requested system level sound SE_OJ_LV_HD_STEAM
[src/runtime/RuntimeContext.cpp:1378][APP - INFO] SMG requested system level sound SE_OJ_LV_HD_STEAM
[src/runtime/RuntimeContext.cpp:1378][APP - INFO] SMG requested system level sound SE_OJ_LV_HD_STEAM
[src/runtime/RuntimeContext.cpp:1378][APP - INFO] SMG requested system level sound SE_OJ_LV_HD_STEAM
[src/runtime/RuntimeContext.cpp:1378][APP - INFO] SMG requested system level sound SE_OJ_LV_HD_STEAM
[src/runtime/RuntimeContext.cpp:1378][APP - INFO] SMG requested system level sound SE_OJ_LV_HD_STEAM
[src/runtime/RuntimeContext.cpp:1378][APP - INFO] SMG requested system level sound SE_OJ_LV_HD_STEAM
[src/runtime/RuntimeContext.cpp:1378][APP - INFO] SMG requested system level sound SE_OJ_LV_HD_STEAM
[src/runtime/RuntimeContext.cpp:1378][APP - INFO] SMG requested system level sound SE_OJ_LV_HD_STEAM
[src/runtime/RuntimeContext.cpp:1378][APP - INFO] SMG requested system level sound SE_OJ_LV_HD_STEAM
[src/runtime/RuntimeContext.cpp:1378][APP - INFO] SMG requested system level sound SE_OJ_LV_HD_STEAM
[src/runtime/RuntimeContext.cpp:1378][APP - INFO] SMG requested system level sound SE_OJ_LV_HD_STEAM
[src/runtime/RuntimeContext.cpp:1378][APP - INFO] SMG requested system level sound SE_OJ_LV_HD_STEAM
[src/runtime/RuntimeContext.cpp:1378][APP - INFO] SMG requested system level sound SE_OJ_LV_HD_STEAM
[src/runtime/RuntimeContext.cpp:1378][APP - INFO] SMG requested system level sound SE_OJ_LV_HD_STEAM
[src/runtime/RuntimeContext.cpp:1378][APP - INFO] SMG requested system level sound SE_OJ_LV_HD_STEAM
[src/runtime/RuntimeContext.cpp:1378][APP - INFO] SMG requested system level sound SE_OJ_LV_HD_STEAM
[src/runtime/RuntimeContext.cpp:1378][APP - INFO] SMG requested system level sound SE_OJ_LV_HD_STEAM
[src/runtime/RuntimeContext.cpp:1378][APP - INFO] SMG requested system level sound SE_OJ_LV_HD_STEAM
[src/runtime/RuntimeContext.cpp:1378][APP - INFO] SMG requested system level sound SE_OJ_LV_HD_STEAM
[src/runtime/RuntimeContext.cpp:1378][APP - INFO] SMG requested system level sound SE_OJ_LV_HD_STEAM
[src/runtime/RuntimeContext.cpp:1378][APP - INFO] SMG requested system level sound SE_OJ_LV_HD_STEAM
[src/runtime/RuntimeContext.cpp:1378][APP - INFO] SMG requested system level sound SE_OJ_LV_HD_STEAM
[src/runtime/RuntimeContext.cpp:1378][APP - INFO] SMG requested system level sound SE_OJ_LV_HD_STEAM
[src/runtime/RuntimeContext.cpp:1378][APP - INFO] SMG requested system level sound SE_OJ_LV_HD_STEAM
[src/runtime/RuntimeContext.cpp:1378][APP - INFO] SMG requested system level sound SE_OJ_LV_HD_STEAM
[src/runtime/RuntimeContext.cpp:1378][APP - INFO] SMG requested system level sound SE_OJ_LV_HD_STEAM
[src/runtime/RuntimeContext.cpp:1378][APP - INFO] SMG requested system level sound SE_OJ_LV_HD_STEAM
[src/runtime/RuntimeContext.cpp:1378][APP - INFO] SMG requested system level sound SE_OJ_LV_HD_STEAM
[src/runtime/RuntimeContext.cpp:1378][APP - INFO] SMG requested system level sound SE_OJ_LV_HD_STEAM
[src/runtime/RuntimeContext.cpp:1378][APP - INFO] SMG requested system level sound SE_OJ_LV_HD_STEAM
[src/runtime/RuntimeContext.cpp:1378][APP - INFO] SMG requested system level sound SE_OJ_LV_HD_STEAM
[src/runtime/RuntimeContext.cpp:1378][APP - INFO] SMG requested system level sound SE_OJ_LV_HD_STEAM
[src/runtime/RuntimeContext.cpp:1378][APP - INFO] SMG requested system level sound SE_OJ_LV_HD_STEAM
[src/runtime/RuntimeContext.cpp:1378][APP - INFO] SMG requested system level sound SE_OJ_LV_HD_STEAM
[src/runtime/RuntimeContext.cpp:1378][APP - INFO] SMG requested system level sound SE_OJ_LV_HD_STEAM
[src/runtime/RuntimeContext.cpp:1378][APP - INFO] SMG requested system level sound SE_OJ_LV_HD_STEAM
[src/runtime/RuntimeContext.cpp:1378][APP - INFO] SMG requested system level sound SE_OJ_LV_HD_STEAM
[src/runtime/RuntimeContext.cpp:1378][APP - INFO] SMG requested system level sound SE_OJ_LV_HD_STEAM
[src/runtime/RuntimeContext.cpp:1378][APP - INFO] SMG requested system level sound SE_OJ_LV_HD_STEAM
[src/runtime/RuntimeContext.cpp:1378][APP - INFO] SMG requested system level sound SE_OJ_LV_HD_STEAM
[src/runtime/RuntimeContext.cpp:1378][APP - INFO] SMG requested system level sound SE_OJ_LV_HD_STEAM
[src/runtime/RuntimeContext.cpp:1378][APP - INFO] SMG requested system level sound SE_OJ_LV_HD_STEAM
[src/runtime/RuntimeContext.cpp:1378][APP - INFO] SMG requested system level sound SE_OJ_LV_HD_STEAM
[src/runtime/RuntimeContext.cpp:1378][APP - INFO] SMG requested system level sound SE_OJ_LV_HD_STEAM
[src/runtime/RuntimeContext.cpp:1378][APP - INFO] SMG requested system level sound SE_OJ_LV_HD_STEAM
[src/runtime/RuntimeContext.cpp:1378][APP - INFO] SMG requested system level sound SE_OJ_LV_HD_STEAM
[src/runtime/RuntimeContext.cpp:1378][APP - INFO] SMG requested system level sound SE_OJ_LV_HD_STEAM
[src/runtime/RuntimeContext.cpp:1378][APP - INFO] SMG requested system level sound SE_OJ_LV_HD_STEAM
[src/runtime/RuntimeContext.cpp:1378][APP - INFO] SMG requested system level sound SE_OJ_LV_HD_STEAM
[src/runtime/RuntimeContext.cpp:1378][APP - INFO] SMG requested system level sound SE_OJ_LV_HD_STEAM
[src/runtime/RuntimeContext.cpp:1378][APP - INFO] SMG requested system level sound SE_OJ_LV_HD_STEAM
[src/runtime/RuntimeContext.cpp:1378][APP - INFO] SMG requested system level sound SE_OJ_LV_HD_STEAM
[src/runtime/RuntimeContext.cpp:1378][APP - INFO] SMG requested system level sound SE_OJ_LV_HD_STEAM
[src/runtime/RuntimeContext.cpp:1378][APP - INFO] SMG requested system level sound SE_OJ_LV_HD_STEAM
[src/runtime/RuntimeContext.cpp:1378][APP - INFO] SMG requested system level sound SE_OJ_LV_HD_STEAM
[src/runtime/RuntimeContext.cpp:1378][APP - INFO] SMG requested system level sound SE_OJ_LV_HD_STEAM
[src/runtime/RuntimeContext.cpp:1378][APP - INFO] SMG requested system level sound SE_OJ_LV_HD_STEAM
[src/runtime/RuntimeContext.cpp:1378][APP - INFO] SMG requested system level sound SE_OJ_LV_HD_STEAM
[src/runtime/RuntimeContext.cpp:1378][APP - INFO] SMG requested system level sound SE_OJ_LV_HD_STEAM
[src/runtime/RuntimeContext.cpp:1378][APP - INFO] SMG requested system level sound SE_OJ_LV_HD_STEAM
[src/runtime/RuntimeContext.cpp:1378][APP - INFO] SMG requested system level sound SE_OJ_LV_HD_STEAM
[src/runtime/RuntimeContext.cpp:1378][APP - INFO] SMG requested system level sound SE_OJ_LV_HD_STEAM
[src/runtime/RuntimeContext.cpp:1378][APP - INFO] SMG requested system level sound SE_OJ_LV_HD_STEAM
[src/runtime/RuntimeContext.cpp:1378][APP - INFO] SMG requested system level sound SE_OJ_LV_HD_STEAM
[src/runtime/RuntimeContext.cpp:1378][APP - INFO] SMG requested system level sound SE_OJ_LV_HD_STEAM
[src/runtime/RuntimeContext.cpp:1378][APP - INFO] SMG requested system level sound SE_OJ_LV_HD_STEAM
[src/runtime/RuntimeContext.cpp:1378][APP - INFO] SMG requested system level sound SE_OJ_LV_HD_STEAM
[src/runtime/RuntimeContext.cpp:1378][APP - INFO] SMG requested system level sound SE_OJ_LV_HD_STEAM
[src/runtime/RuntimeContext.cpp:1378][APP - INFO] SMG requested system level sound SE_OJ_LV_HD_STEAM
[src/runtime/RuntimeContext.cpp:1378][APP - INFO] SMG requested system level sound SE_OJ_LV_HD_STEAM
[src/runtime/RuntimeContext.cpp:1378][APP - INFO] SMG requested system level sound SE_OJ_LV_HD_STEAM
[src/runtime/RuntimeContext.cpp:1378][APP - INFO] SMG requested system level sound SE_OJ_LV_HD_STEAM
[src/runtime/RuntimeContext.cpp:1378][APP - INFO] SMG requested system level sound SE_OJ_LV_HD_STEAM
[src/runtime/RuntimeContext.cpp:1378][APP - INFO] SMG requested system level sound SE_OJ_LV_HD_STEAM
[src/runtime/RuntimeContext.cpp:1378][APP - INFO] SMG requested system level sound SE_OJ_LV_HD_STEAM
[src/runtime/RuntimeContext.cpp:1378][APP - INFO] SMG requested system level sound SE_OJ_LV_HD_STEAM
[src/runtime/RuntimeContext.cpp:1378][APP - INFO] SMG requested system level sound SE_OJ_LV_HD_STEAM
[src/runtime/RuntimeContext.cpp:1378][APP - INFO] SMG requested system level sound SE_OJ_LV_HD_STEAM
[src/runtime/RuntimeContext.cpp:1378][APP - INFO] SMG requested system level sound SE_OJ_LV_HD_STEAM
[src/runtime/RuntimeContext.cpp:1378][APP - INFO] SMG requested system level sound SE_OJ_LV_HD_STEAM
[src/runtime/RuntimeContext.cpp:1378][APP - INFO] SMG requested system level sound SE_OJ_LV_HD_STEAM
[src/runtime/RuntimeContext.cpp:1378][APP - INFO] SMG requested system level sound SE_OJ_LV_HD_STEAM
[src/runtime/RuntimeContext.cpp:1378][APP - INFO] SMG requested system level sound SE_OJ_LV_HD_STEAM
[src/runtime/RuntimeContext.cpp:1378][APP - INFO] SMG requested system level sound SE_OJ_LV_HD_STEAM
[src/runtime/RuntimeContext.cpp:1378][APP - INFO] SMG requested system level sound SE_OJ_LV_HD_STEAM
[src/runtime/RuntimeContext.cpp:1378][APP - INFO] SMG requested system level sound SE_OJ_LV_HD_STEAM
[src/runtime/RuntimeContext.cpp:1378][APP - INFO] SMG requested system level sound SE_OJ_LV_HD_STEAM
[src/runtime/RuntimeContext.cpp:1378][APP - INFO] SMG requested system level sound SE_OJ_LV_HD_STEAM
[src/runtime/RuntimeContext.cpp:1378][APP - INFO] SMG requested system level sound SE_OJ_LV_HD_STEAM
[src/runtime/RuntimeContext.cpp:1378][APP - INFO] SMG requested system level sound SE_OJ_LV_HD_STEAM
[src/runtime/RuntimeContext.cpp:1378][APP - INFO] SMG requested system level sound SE_OJ_LV_HD_STEAM
[src/runtime/RuntimeContext.cpp:1378][APP - INFO] SMG requested system level sound SE_OJ_LV_HD_STEAM
[src/runtime/RuntimeContext.cpp:1378][APP - INFO] SMG requested system level sound SE_OJ_LV_HD_STEAM
[src/runtime/RuntimeContext.cpp:1378][APP - INFO] SMG requested system level sound SE_OJ_LV_HD_STEAM
[src/runtime/RuntimeContext.cpp:1378][APP - INFO] SMG requested system level sound SE_OJ_LV_HD_STEAM
[src/runtime/RuntimeContext.cpp:1378][APP - INFO] SMG requested system level sound SE_OJ_LV_HD_STEAM
[src/runtime/RuntimeContext.cpp:1378][APP - INFO] SMG requested system level sound SE_OJ_LV_HD_STEAM
[src/runtime/RuntimeContext.cpp:1378][APP - INFO] SMG requested system level sound SE_OJ_LV_HD_STEAM
[src/runtime/RuntimeContext.cpp:1378][APP - INFO] SMG requested system level sound SE_OJ_LV_HD_STEAM
[src/runtime/RuntimeContext.cpp:1378][APP - INFO] SMG requested system level sound SE_OJ_LV_HD_STEAM
[src/runtime/RuntimeContext.cpp:1378][APP - INFO] SMG requested system level sound SE_OJ_LV_HD_STEAM
[src/runtime/RuntimeContext.cpp:1378][APP - INFO] SMG requested system level sound SE_OJ_LV_HD_STEAM
[src/runtime/RuntimeContext.cpp:1378][APP - INFO] SMG requested system level sound SE_OJ_LV_HD_STEAM
[src/runtime/RuntimeContext.cpp:1378][APP - INFO] SMG requested system level sound SE_OJ_LV_HD_STEAM
[src/runtime/RuntimeContext.cpp:1378][APP - INFO] SMG requested system level sound SE_OJ_LV_HD_STEAM
[src/runtime/RuntimeContext.cpp:1378][APP - INFO] SMG requested system level sound SE_OJ_LV_HD_STEAM
[src/runtime/RuntimeContext.cpp:1378][APP - INFO] SMG requested system level sound SE_OJ_LV_HD_STEAM
[src/runtime/RuntimeContext.cpp:1378][APP - INFO] SMG requested system level sound SE_OJ_LV_HD_STEAM
[src/runtime/RuntimeContext.cpp:1378][APP - INFO] SMG requested system level sound SE_OJ_LV_HD_STEAM
[src/runtime/RuntimeContext.cpp:1378][APP - INFO] SMG requested system level sound SE_OJ_LV_HD_STEAM
[src/runtime/RuntimeContext.cpp:1378][APP - INFO] SMG requested system level sound SE_OJ_LV_HD_STEAM
[src/runtime/RuntimeContext.cpp:1378][APP - INFO] SMG requested system level sound SE_OJ_LV_HD_STEAM
[src/runtime/RuntimeContext.cpp:1378][APP - INFO] SMG requested system level sound SE_OJ_LV_HD_STEAM
[src/runtime/RuntimeContext.cpp:1378][APP - INFO] SMG requested system level sound SE_OJ_LV_HD_STEAM
[src/runtime/RuntimeContext.cpp:1378][APP - INFO] SMG requested system level sound SE_OJ_LV_HD_STEAM
[src/runtime/RuntimeContext.cpp:1378][APP - INFO] SMG requested system level sound SE_OJ_LV_HD_STEAM
[src/runtime/RuntimeContext.cpp:1378][APP - INFO] SMG requested system level sound SE_OJ_LV_HD_STEAM
[src/runtime/RuntimeContext.cpp:1378][APP - INFO] SMG requested system level sound SE_OJ_LV_HD_STEAM
[src/runtime/RuntimeContext.cpp:1378][APP - INFO] SMG requested system level sound SE_OJ_LV_HD_STEAM
[src/runtime/RuntimeContext.cpp:1378][APP - INFO] SMG requested system level sound SE_OJ_LV_HD_STEAM
[src/runtime/RuntimeContext.cpp:1378][APP - INFO] SMG requested system level sound SE_OJ_LV_HD_STEAM
[src/runtime/RuntimeContext.cpp:1378][APP - INFO] SMG requested system level sound SE_OJ_LV_HD_STEAM
[src/runtime/RuntimeContext.cpp:1378][APP - INFO] SMG requested system level sound SE_OJ_LV_HD_STEAM
[src/runtime/RuntimeContext.cpp:1378][APP - INFO] SMG requested system level sound SE_OJ_LV_HD_STEAM
[src/runtime/RuntimeContext.cpp:1378][APP - INFO] SMG requested system level sound SE_OJ_LV_HD_STEAM
[src/runtime/RuntimeContext.cpp:1378][APP - INFO] SMG requested system level sound SE_OJ_LV_HD_STEAM
[src/runtime/RuntimeContext.cpp:1378][APP - INFO] SMG requested system level sound SE_OJ_LV_HD_STEAM
[src/runtime/RuntimeContext.cpp:1378][APP - INFO] SMG requested system level sound SE_OJ_LV_HD_STEAM
[src/runtime/RuntimeContext.cpp:1378][APP - INFO] SMG requested system level sound SE_OJ_LV_HD_STEAM
[src/runtime/RuntimeContext.cpp:1378][APP - INFO] SMG requested system level sound SE_OJ_LV_HD_STEAM
[src/runtime/RuntimeContext.cpp:1378][APP - INFO] SMG requested system level sound SE_OJ_LV_HD_STEAM
[src/runtime/RuntimeContext.cpp:1378][APP - INFO] SMG requested system level sound SE_OJ_LV_HD_STEAM
[src/runtime/RuntimeContext.cpp:1378][APP - INFO] SMG requested system level sound SE_OJ_LV_HD_STEAM
[src/runtime/RuntimeContext.cpp:1378][APP - INFO] SMG requested system level sound SE_OJ_LV_HD_STEAM
[src/runtime/RuntimeContext.cpp:1378][APP - INFO] SMG requested system level sound SE_OJ_LV_HD_STEAM
[src/runtime/RuntimeContext.cpp:1378][APP - INFO] SMG requested system level sound SE_OJ_LV_HD_STEAM
[src/runtime/RuntimeContext.cpp:1378][APP - INFO] SMG requested system level sound SE_OJ_LV_HD_STEAM
[src/runtime/RuntimeContext.cpp:1378][APP - INFO] SMG requested system level sound SE_OJ_LV_HD_STEAM
[src/runtime/RuntimeContext.cpp:1378][APP - INFO] SMG requested system level sound SE_OJ_LV_HD_STEAM
[src/runtime/RuntimeContext.cpp:1378][APP - INFO] SMG requested system level sound SE_OJ_LV_HD_STEAM
[src/runtime/RuntimeContext.cpp:1378][APP - INFO] SMG requested system level sound SE_OJ_LV_HD_STEAM
[src/runtime/RuntimeContext.cpp:1378][APP - INFO] SMG requested system level sound SE_OJ_LV_HD_STEAM
[src/runtime/RuntimeContext.cpp:1378][APP - INFO] SMG requested system level sound SE_OJ_LV_HD_STEAM
[src/runtime/RuntimeContext.cpp:1378][APP - INFO] SMG requested system level sound SE_OJ_LV_HD_STEAM
[src/runtime/RuntimeContext.cpp:1378][APP - INFO] SMG requested system level sound SE_OJ_LV_HD_STEAM
[src/runtime/RuntimeContext.cpp:1378][APP - INFO] SMG requested system level sound SE_OJ_LV_HD_STEAM
[src/runtime/RuntimeContext.cpp:1378][APP - INFO] SMG requested system level sound SE_OJ_LV_HD_STEAM
[src/runtime/RuntimeContext.cpp:1378][APP - INFO] SMG requested system level sound SE_OJ_LV_HD_STEAM
[src/runtime/RuntimeContext.cpp:1378][APP - INFO] SMG requested system level sound SE_OJ_LV_HD_STEAM
[src/runtime/RuntimeContext.cpp:1378][APP - INFO] SMG requested system level sound SE_OJ_LV_HD_STEAM
[src/runtime/RuntimeContext.cpp:1378][APP - INFO] SMG requested system level sound SE_OJ_LV_HD_STEAM
[src/runtime/RuntimeContext.cpp:1378][APP - INFO] SMG requested system level sound SE_OJ_LV_HD_STEAM
[src/runtime/RuntimeContext.cpp:1378][APP - INFO] SMG requested system level sound SE_OJ_LV_HD_STEAM
[src/runtime/RuntimeContext.cpp:1378][APP - INFO] SMG requested system level sound SE_OJ_LV_HD_STEAM
[src/runtime/RuntimeContext.cpp:1378][APP - INFO] SMG requested system level sound SE_OJ_LV_HD_STEAM
[src/runtime/RuntimeContext.cpp:1378][APP - INFO] SMG requested system level sound SE_OJ_LV_HD_STEAM
[src/runtime/RuntimeContext.cpp:1378][APP - INFO] SMG requested system level sound SE_OJ_LV_HD_STEAM
[src/runtime/RuntimeContext.cpp:1378][APP - INFO] SMG requested system level sound SE_OJ_LV_HD_STEAM
[src/runtime/RuntimeContext.cpp:1378][APP - INFO] SMG requested system level sound SE_OJ_LV_HD_STEAM
[src/runtime/RuntimeContext.cpp:1378][APP - INFO] SMG requested system level sound SE_OJ_LV_HD_STEAM
[src/runtime/RuntimeContext.cpp:1378][APP - INFO] SMG requested system level sound SE_OJ_LV_HD_STEAM
[src/runtime/RuntimeContext.cpp:1378][APP - INFO] SMG requested system level sound SE_OJ_LV_HD_STEAM
[src/runtime/RuntimeContext.cpp:1378][APP - INFO] SMG requested system level sound SE_OJ_LV_HD_STEAM
[src/runtime/RuntimeContext.cpp:1378][APP - INFO] SMG requested system level sound SE_OJ_LV_HD_STEAM
[src/runtime/RuntimeContext.cpp:1378][APP - INFO] SMG requested system level sound SE_OJ_LV_HD_STEAM
[src/runtime/RuntimeContext.cpp:1378][APP - INFO] SMG requested system level sound SE_OJ_LV_HD_STEAM
[src/runtime/RuntimeContext.cpp:1378][APP - INFO] SMG requested system level sound SE_OJ_LV_HD_STEAM
[src/runtime/RuntimeContext.cpp:1378][APP - INFO] SMG requested system level sound SE_OJ_LV_HD_STEAM
[src/runtime/RuntimeContext.cpp:1378][APP - INFO] SMG requested system level sound SE_OJ_LV_HD_STEAM
[src/runtime/RuntimeContext.cpp:1378][APP - INFO] SMG requested system level sound SE_OJ_LV_HD_STEAM
[src/runtime/RuntimeContext.cpp:1378][APP - INFO] SMG requested system level sound SE_OJ_LV_HD_STEAM
[src/runtime/RuntimeContext.cpp:1378][APP - INFO] SMG requested system level sound SE_OJ_LV_HD_STEAM
[src/runtime/RuntimeContext.cpp:1378][APP - INFO] SMG requested system level sound SE_OJ_LV_HD_STEAM
[src/runtime/RuntimeContext.cpp:1378][APP - INFO] SMG requested system level sound SE_OJ_LV_HD_STEAM
[src/runtime/RuntimeContext.cpp:1378][APP - INFO] SMG requested system level sound SE_OJ_LV_HD_STEAM
[src/runtime/RuntimeContext.cpp:1378][APP - INFO] SMG requested system level sound SE_OJ_LV_HD_STEAM
[src/runtime/RuntimeContext.cpp:1378][APP - INFO] SMG requested system level sound SE_OJ_LV_HD_STEAM
[src/runtime/RuntimeContext.cpp:1378][APP - INFO] SMG requested system level sound SE_OJ_LV_HD_STEAM
[src/runtime/RuntimeContext.cpp:1378][APP - INFO] SMG requested system level sound SE_OJ_LV_HD_STEAM
[src/runtime/RuntimeContext.cpp:1378][APP - INFO] SMG requested system level sound SE_OJ_LV_HD_STEAM
[src/runtime/RuntimeContext.cpp:1378][APP - INFO] SMG requested system level sound SE_OJ_LV_HD_STEAM
[src/runtime/RuntimeContext.cpp:1378][APP - INFO] SMG requested system level sound SE_OJ_LV_HD_STEAM
[src/runtime/RuntimeContext.cpp:1378][APP - INFO] SMG requested system level sound SE_OJ_LV_HD_STEAM
[src/runtime/RuntimeContext.cpp:1378][APP - INFO] SMG requested system level sound SE_OJ_LV_HD_STEAM
[src/runtime/RuntimeContext.cpp:1378][APP - INFO] SMG requested system level sound SE_OJ_LV_HD_STEAM
[src/runtime/RuntimeContext.cpp:1378][APP - INFO] SMG requested system level sound SE_OJ_LV_HD_STEAM
[src/runtime/RuntimeContext.cpp:1378][APP - INFO] SMG requested system level sound SE_OJ_LV_HD_STEAM
[src/runtime/RuntimeContext.cpp:1378][APP - INFO] SMG requested system level sound SE_OJ_LV_HD_STEAM
[src/runtime/RuntimeContext.cpp:1378][APP - INFO] SMG requested system level sound SE_OJ_LV_HD_STEAM
[src/runtime/RuntimeContext.cpp:1378][APP - INFO] SMG requested system level sound SE_OJ_LV_HD_STEAM
[src/runtime/RuntimeContext.cpp:1378][APP - INFO] SMG requested system level sound SE_OJ_LV_HD_STEAM
[src/runtime/RuntimeContext.cpp:1378][APP - INFO] SMG requested system level sound SE_OJ_LV_HD_STEAM
[src/runtime/RuntimeContext.cpp:1378][APP - INFO] SMG requested system level sound SE_OJ_LV_HD_STEAM
[src/runtime/RuntimeContext.cpp:1378][APP - INFO] SMG requested system level sound SE_OJ_LV_HD_STEAM
[src/runtime/RuntimeContext.cpp:1378][APP - INFO] SMG requested system level sound SE_OJ_LV_HD_STEAM
[src/runtime/RuntimeContext.cpp:1378][APP - INFO] SMG requested system level sound SE_OJ_LV_HD_STEAM
[src/runtime/RuntimeContext.cpp:1378][APP - INFO] SMG requested system level sound SE_OJ_LV_HD_STEAM
[src/runtime/RuntimeContext.cpp:1378][APP - INFO] SMG requested system level sound SE_OJ_LV_HD_STEAM
[src/runtime/RuntimeContext.cpp:1378][APP - INFO] SMG requested system level sound SE_OJ_LV_HD_STEAM
[src/runtime/RuntimeContext.cpp:1378][APP - INFO] SMG requested system level sound SE_OJ_LV_HD_STEAM
[src/runtime/RuntimeContext.cpp:1378][APP - INFO] SMG requested system level sound SE_OJ_LV_HD_STEAM
[src/runtime/RuntimeContext.cpp:1378][APP - INFO] SMG requested system level sound SE_OJ_LV_HD_STEAM
[src/runtime/RuntimeContext.cpp:1378][APP - INFO] SMG requested system level sound SE_OJ_LV_HD_STEAM
[src/runtime/RuntimeContext.cpp:1378][APP - INFO] SMG requested system level sound SE_OJ_LV_HD_STEAM
[src/runtime/RuntimeContext.cpp:1378][APP - INFO] SMG requested system level sound SE_OJ_LV_HD_STEAM
[src/runtime/RuntimeContext.cpp:1378][APP - INFO] SMG requested system level sound SE_OJ_LV_HD_STEAM
[src/runtime/RuntimeContext.cpp:1378][APP - INFO] SMG requested system level sound SE_OJ_LV_HD_STEAM
[src/runtime/RuntimeContext.cpp:1378][APP - INFO] SMG requested system level sound SE_OJ_LV_HD_STEAM
[src/runtime/RuntimeContext.cpp:1378][APP - INFO] SMG requested system level sound SE_OJ_LV_HD_STEAM
[src/runtime/RuntimeContext.cpp:1378][APP - INFO] SMG requested system level sound SE_OJ_LV_HD_STEAM
[src/runtime/RuntimeContext.cpp:1378][APP - INFO] SMG requested system level sound SE_OJ_LV_HD_STEAM
[src/runtime/RuntimeContext.cpp:1378][APP - INFO] SMG requested system level sound SE_OJ_LV_HD_STEAM
[src/runtime/RuntimeContext.cpp:1378][APP - INFO] SMG requested system level sound SE_OJ_LV_HD_STEAM
[src/runtime/RuntimeContext.cpp:1378][APP - INFO] SMG requested system level sound SE_OJ_LV_HD_STEAM
[src/runtime/RuntimeContext.cpp:1378][APP - INFO] SMG requested system level sound SE_OJ_LV_HD_STEAM
[src/runtime/RuntimeContext.cpp:1378][APP - INFO] SMG requested system level sound SE_OJ_LV_HD_STEAM
[src/runtime/RuntimeContext.cpp:1378][APP - INFO] SMG requested system level sound SE_OJ_LV_HD_STEAM
[src/runtime/RuntimeContext.cpp:1378][APP - INFO] SMG requested system level sound SE_OJ_LV_HD_STEAM
[src/runtime/RuntimeContext.cpp:1378][APP - INFO] SMG requested system level sound SE_OJ_LV_HD_STEAM
[src/runtime/RuntimeContext.cpp:1378][APP - INFO] SMG requested system level sound SE_OJ_LV_HD_STEAM
[src/runtime/RuntimeContext.cpp:1378][APP - INFO] SMG requested system level sound SE_OJ_LV_HD_STEAM
[src/runtime/RuntimeContext.cpp:1378][APP - INFO] SMG requested system level sound SE_OJ_LV_HD_STEAM
[src/runtime/RuntimeContext.cpp:1378][APP - INFO] SMG requested system level sound SE_OJ_LV_HD_STEAM
[src/runtime/RuntimeContext.cpp:1378][APP - INFO] SMG requested system level sound SE_OJ_LV_HD_STEAM
[src/runtime/RuntimeContext.cpp:1378][APP - INFO] SMG requested system level sound SE_OJ_LV_HD_STEAM
[src/runtime/RuntimeContext.cpp:1378][APP - INFO] SMG requested system level sound SE_OJ_LV_HD_STEAM
[src/runtime/RuntimeContext.cpp:1378][APP - INFO] SMG requested system level sound SE_OJ_LV_HD_STEAM
[src/runtime/RuntimeContext.cpp:1378][APP - INFO] SMG requested system level sound SE_OJ_LV_HD_STEAM
[src/runtime/RuntimeContext.cpp:1378][APP - INFO] SMG requested system level sound SE_OJ_LV_HD_STEAM
[src/runtime/RuntimeContext.cpp:1378][APP - INFO] SMG requested system level sound SE_OJ_LV_HD_STEAM
[src/runtime/RuntimeContext.cpp:1378][APP - INFO] SMG requested system level sound SE_OJ_LV_HD_STEAM
[src/runtime/RuntimeContext.cpp:1378][APP - INFO] SMG requested system level sound SE_OJ_LV_HD_STEAM
[src/runtime/RuntimeContext.cpp:1378][APP - INFO] SMG requested system level sound SE_OJ_LV_HD_STEAM
[src/runtime/RuntimeContext.cpp:1378][APP - INFO] SMG requested system level sound SE_OJ_LV_HD_STEAM
[src/runtime/RuntimeContext.cpp:1378][APP - INFO] SMG requested system level sound SE_OJ_LV_HD_STEAM
[src/runtime/RuntimeContext.cpp:1378][APP - INFO] SMG requested system level sound SE_OJ_LV_HD_STEAM
[src/runtime/RuntimeContext.cpp:1378][APP - INFO] SMG requested system level sound SE_OJ_LV_HD_STEAM
[src/runtime/RuntimeContext.cpp:1378][APP - INFO] SMG requested system level sound SE_OJ_LV_HD_STEAM
[src/runtime/RuntimeContext.cpp:1378][APP - INFO] SMG requested system level sound SE_OJ_LV_HD_STEAM
[src/runtime/RuntimeContext.cpp:1378][APP - INFO] SMG requested system level sound SE_OJ_LV_HD_STEAM
[src/runtime/RuntimeContext.cpp:1378][APP - INFO] SMG requested system level sound SE_OJ_LV_HD_STEAM
[src/runtime/RuntimeContext.cpp:1378][APP - INFO] SMG requested system level sound SE_OJ_LV_HD_STEAM
[src/runtime/RuntimeContext.cpp:1378][APP - INFO] SMG requested system level sound SE_OJ_LV_HD_STEAM
[src/runtime/RuntimeContext.cpp:1378][APP - INFO] SMG requested system level sound SE_OJ_LV_HD_STEAM
[src/runtime/RuntimeContext.cpp:1378][APP - INFO] SMG requested system level sound SE_OJ_LV_HD_STEAM
[src/runtime/RuntimeContext.cpp:1378][APP - INFO] SMG requested system level sound SE_OJ_LV_HD_STEAM
[src/runtime/RuntimeContext.cpp:1378][APP - INFO] SMG requested system level sound SE_OJ_LV_HD_STEAM
[src/runtime/RuntimeContext.cpp:1378][APP - INFO] SMG requested system level sound SE_OJ_LV_HD_STEAM
[src/runtime/RuntimeContext.cpp:1378][APP - INFO] SMG requested system level sound SE_OJ_LV_HD_STEAM
[src/runtime/RuntimeContext.cpp:1378][APP - INFO] SMG requested system level sound SE_OJ_LV_HD_STEAM
[src/runtime/RuntimeContext.cpp:1378][APP - INFO] SMG requested system level sound SE_OJ_LV_HD_STEAM
[src/runtime/RuntimeContext.cpp:1378][APP - INFO] SMG requested system level sound SE_OJ_LV_HD_STEAM
[src/runtime/RuntimeContext.cpp:1378][APP - INFO] SMG requested system level sound SE_OJ_LV_HD_STEAM
[src/runtime/RuntimeContext.cpp:1378][APP - INFO] SMG requested system level sound SE_OJ_LV_HD_STEAM
[src/runtime/RuntimeContext.cpp:1378][APP - INFO] SMG requested system level sound SE_OJ_LV_HD_STEAM
[src/runtime/RuntimeContext.cpp:1378][APP - INFO] SMG requested system level sound SE_OJ_LV_HD_STEAM
[src/runtime/RuntimeContext.cpp:1378][APP - INFO] SMG requested system level sound SE_OJ_LV_HD_STEAM
[src/runtime/RuntimeContext.cpp:1378][APP - INFO] SMG requested system level sound SE_OJ_LV_HD_STEAM
[src/runtime/RuntimeContext.cpp:1378][APP - INFO] SMG requested system level sound SE_OJ_LV_HD_STEAM
[src/runtime/RuntimeContext.cpp:1378][APP - INFO] SMG requested system level sound SE_OJ_LV_HD_STEAM
[src/runtime/RuntimeContext.cpp:1378][APP - INFO] SMG requested system level sound SE_OJ_LV_HD_STEAM
[src/runtime/RuntimeContext.cpp:1378][APP - INFO] SMG requested system level sound SE_OJ_LV_HD_STEAM
[src/runtime/RuntimeContext.cpp:1378][APP - INFO] SMG requested system level sound SE_OJ_LV_HD_STEAM
[src/runtime/RuntimeContext.cpp:1378][APP - INFO] SMG requested system level sound SE_OJ_LV_HD_STEAM
[src/runtime/RuntimeContext.cpp:1378][APP - INFO] SMG requested system level sound SE_OJ_LV_HD_STEAM
[src/runtime/RuntimeContext.cpp:1378][APP - INFO] SMG requested system level sound SE_OJ_LV_HD_STEAM
[src/runtime/RuntimeContext.cpp:1378][APP - INFO] SMG requested system level sound SE_OJ_LV_HD_STEAM
[src/runtime/RuntimeContext.cpp:1378][APP - INFO] SMG requested system level sound SE_OJ_LV_HD_STEAM
[src/runtime/RuntimeContext.cpp:1378][APP - INFO] SMG requested system level sound SE_OJ_LV_HD_STEAM
[src/runtime/RuntimeContext.cpp:1378][APP - INFO] SMG requested system level sound SE_OJ_LV_HD_STEAM
[src/runtime/RuntimeContext.cpp:1378][APP - INFO] SMG requested system level sound SE_OJ_LV_HD_STEAM
[src/runtime/RuntimeContext.cpp:1378][APP - INFO] SMG requested system level sound SE_OJ_LV_HD_STEAM
[src/runtime/RuntimeContext.cpp:1378][APP - INFO] SMG requested system level sound SE_OJ_LV_HD_STEAM
[src/runtime/RuntimeContext.cpp:1378][APP - INFO] SMG requested system level sound SE_OJ_LV_HD_STEAM
[src/runtime/RuntimeContext.cpp:1378][APP - INFO] SMG requested system level sound SE_OJ_LV_HD_STEAM
[src/runtime/RuntimeContext.cpp:1378][APP - INFO] SMG requested system level sound SE_OJ_LV_HD_STEAM
[src/runtime/RuntimeContext.cpp:1378][APP - INFO] SMG requested system level sound SE_OJ_LV_HD_STEAM
[src/runtime/RuntimeContext.cpp:1378][APP - INFO] SMG requested system level sound SE_OJ_LV_HD_STEAM
[src/runtime/RuntimeContext.cpp:1378][APP - INFO] SMG requested system level sound SE_OJ_LV_HD_STEAM
[src/runtime/RuntimeContext.cpp:1378][APP - INFO] SMG requested system level sound SE_OJ_LV_HD_STEAM
[src/runtime/RuntimeContext.cpp:1378][APP - INFO] SMG requested system level sound SE_OJ_LV_HD_STEAM
[src/runtime/RuntimeContext.cpp:1378][APP - INFO] SMG requested system level sound SE_OJ_LV_HD_STEAM
[src/runtime/RuntimeContext.cpp:1378][APP - INFO] SMG requested system level sound SE_OJ_LV_HD_STEAM
[src/runtime/RuntimeContext.cpp:1378][APP - INFO] SMG requested system level sound SE_OJ_LV_HD_STEAM
[src/runtime/RuntimeContext.cpp:1378][APP - INFO] SMG requested system level sound SE_OJ_LV_HD_STEAM
[src/runtime/RuntimeContext.cpp:1378][APP - INFO] SMG requested system level sound SE_OJ_LV_HD_STEAM
[src/runtime/RuntimeContext.cpp:1378][APP - INFO] SMG requested system level sound SE_OJ_LV_HD_STEAM
[src/runtime/RuntimeContext.cpp:1378][APP - INFO] SMG requested system level sound SE_OJ_LV_HD_STEAM
[src/runtime/RuntimeContext.cpp:1378][APP - INFO] SMG requested system level sound SE_OJ_LV_HD_STEAM
[src/runtime/RuntimeContext.cpp:1378][APP - INFO] SMG requested system level sound SE_OJ_LV_HD_STEAM
[src/runtime/RuntimeContext.cpp:1378][APP - INFO] SMG requested system level sound SE_OJ_LV_HD_STEAM
[src/runtime/RuntimeContext.cpp:1378][APP - INFO] SMG requested system level sound SE_OJ_LV_HD_STEAM
[src/runtime/RuntimeContext.cpp:1378][APP - INFO] SMG requested system level sound SE_OJ_LV_HD_STEAM
[src/runtime/RuntimeContext.cpp:1378][APP - INFO] SMG requested system level sound SE_OJ_LV_HD_STEAM
[src/runtime/RuntimeContext.cpp:1378][APP - INFO] SMG requested system level sound SE_OJ_LV_HD_STEAM
[src/runtime/RuntimeContext.cpp:1378][APP - INFO] SMG requested system level sound SE_OJ_LV_HD_STEAM
[src/runtime/RuntimeContext.cpp:1378][APP - INFO] SMG requested system level sound SE_OJ_LV_HD_STEAM
[src/runtime/RuntimeContext.cpp:1378][APP - INFO] SMG requested system level sound SE_OJ_LV_HD_STEAM
[src/runtime/RuntimeContext.cpp:1378][APP - INFO] SMG requested system level sound SE_OJ_LV_HD_STEAM
[src/runtime/RuntimeContext.cpp:1378][APP - INFO] SMG requested system level sound SE_OJ_LV_HD_STEAM
[src/runtime/RuntimeContext.cpp:1378][APP - INFO] SMG requested system level sound SE_OJ_LV_HD_STEAM
[src/runtime/RuntimeContext.cpp:1378][APP - INFO] SMG requested system level sound SE_OJ_LV_HD_STEAM
[src/runtime/RuntimeContext.cpp:1378][APP - INFO] SMG requested system level sound SE_OJ_LV_HD_STEAM
[src/runtime/RuntimeContext.cpp:1378][APP - INFO] SMG requested system level sound SE_OJ_LV_HD_STEAM
[src/runtime/RuntimeContext.cpp:1378][APP - INFO] SMG requested system level sound SE_OJ_LV_HD_STEAM
[src/runtime/RuntimeContext.cpp:1378][APP - INFO] SMG requested system level sound SE_OJ_LV_HD_STEAM
[src/runtime/RuntimeContext.cpp:1378][APP - INFO] SMG requested system level sound SE_OJ_LV_HD_STEAM
[src/runtime/RuntimeContext.cpp:1378][APP - INFO] SMG requested system level sound SE_OJ_LV_HD_STEAM
[src/runtime/RuntimeContext.cpp:1378][APP - INFO] SMG requested system level sound SE_OJ_LV_HD_STEAM
[src/runtime/RuntimeContext.cpp:1378][APP - INFO] SMG requested system level sound SE_OJ_LV_HD_STEAM
[src/runtime/RuntimeContext.cpp:1378][APP - INFO] SMG requested system level sound SE_OJ_LV_HD_STEAM
[src/runtime/RuntimeContext.cpp:1378][APP - INFO] SMG requested system level sound SE_OJ_LV_HD_STEAM
[src/runtime/RuntimeContext.cpp:1378][APP - INFO] SMG requested system level sound SE_OJ_LV_HD_STEAM
[src/runtime/RuntimeContext.cpp:1378][APP - INFO] SMG requested system level sound SE_OJ_LV_HD_STEAM
[src/runtime/RuntimeContext.cpp:1378][APP - INFO] SMG requested system level sound SE_OJ_LV_HD_STEAM
[src/runtime/RuntimeContext.cpp:1378][APP - INFO] SMG requested system level sound SE_OJ_LV_HD_STEAM
[src/runtime/RuntimeContext.cpp:1378][APP - INFO] SMG requested system level sound SE_OJ_LV_HD_STEAM
[src/runtime/RuntimeContext.cpp:1378][APP - INFO] SMG requested system level sound SE_OJ_LV_HD_STEAM
[src/runtime/RuntimeContext.cpp:1378][APP - INFO] SMG requested system level sound SE_OJ_LV_HD_STEAM
[src/runtime/RuntimeContext.cpp:1378][APP - INFO] SMG requested system level sound SE_OJ_LV_HD_STEAM
[src/runtime/RuntimeContext.cpp:1378][APP - INFO] SMG requested system level sound SE_OJ_LV_HD_STEAM
[src/runtime/RuntimeContext.cpp:1378][APP - INFO] SMG requested system level sound SE_OJ_LV_HD_STEAM
[src/runtime/RuntimeContext.cpp:1378][APP - INFO] SMG requested system level sound SE_OJ_LV_HD_STEAM
[src/runtime/RuntimeContext.cpp:1378][APP - INFO] SMG requested system level sound SE_OJ_LV_HD_STEAM
[src/runtime/RuntimeContext.cpp:1378][APP - INFO] SMG requested system level sound SE_OJ_LV_HD_STEAM
[src/runtime/RuntimeContext.cpp:1378][APP - INFO] SMG requested system level sound SE_OJ_LV_HD_STEAM
[src/runtime/RuntimeContext.cpp:1378][APP - INFO] SMG requested system level sound SE_OJ_LV_HD_STEAM
[src/runtime/RuntimeContext.cpp:1378][APP - INFO] SMG requested system level sound SE_OJ_LV_HD_STEAM
[src/runtime/RuntimeContext.cpp:1378][APP - INFO] SMG requested system level sound SE_OJ_LV_HD_STEAM
[src/runtime/RuntimeContext.cpp:1378][APP - INFO] SMG requested system level sound SE_OJ_LV_HD_STEAM
[src/runtime/RuntimeContext.cpp:1378][APP - INFO] SMG requested system level sound SE_OJ_LV_HD_STEAM
[src/runtime/RuntimeContext.cpp:1378][APP - INFO] SMG requested system level sound SE_OJ_LV_HD_STEAM
[src/runtime/RuntimeContext.cpp:1378][APP - INFO] SMG requested system level sound SE_OJ_LV_HD_STEAM
[src/runtime/RuntimeContext.cpp:1378][APP - INFO] SMG requested system level sound SE_OJ_LV_HD_STEAM
[src/runtime/RuntimeContext.cpp:1378][APP - INFO] SMG requested system level sound SE_OJ_LV_HD_STEAM
[src/runtime/RuntimeContext.cpp:1378][APP - INFO] SMG requested system level sound SE_OJ_LV_HD_STEAM
[src/runtime/RuntimeContext.cpp:1378][APP - INFO] SMG requested system level sound SE_OJ_LV_HD_STEAM
[src/runtime/RuntimeContext.cpp:1378][APP - INFO] SMG requested system level sound SE_OJ_LV_HD_STEAM
[src/runtime/RuntimeContext.cpp:1378][APP - INFO] SMG requested system level sound SE_OJ_LV_HD_STEAM
[src/runtime/RuntimeContext.cpp:1378][APP - INFO] SMG requested system level sound SE_OJ_LV_HD_STEAM
[src/runtime/RuntimeContext.cpp:1378][APP - INFO] SMG requested system level sound SE_OJ_LV_HD_STEAM
[src/runtime/RuntimeContext.cpp:1378][APP - INFO] SMG requested system level sound SE_OJ_LV_HD_STEAM
[src/runtime/RuntimeContext.cpp:1378][APP - INFO] SMG requested system level sound SE_OJ_LV_HD_STEAM
[src/runtime/RuntimeContext.cpp:1378][APP - INFO] SMG requested system level sound SE_OJ_LV_HD_STEAM
[src/runtime/RuntimeContext.cpp:1378][APP - INFO] SMG requested system level sound SE_OJ_LV_HD_STEAM
[src/runtime/RuntimeContext.cpp:1378][APP - INFO] SMG requested system level sound SE_OJ_LV_HD_STEAM
[src/runtime/RuntimeContext.cpp:1378][APP - INFO] SMG requested system level sound SE_OJ_LV_HD_STEAM
[src/runtime/RuntimeContext.cpp:1378][APP - INFO] SMG requested system level sound SE_OJ_LV_HD_STEAM
[src/runtime/RuntimeContext.cpp:1378][APP - INFO] SMG requested system level sound SE_OJ_LV_HD_STEAM
[src/runtime/RuntimeContext.cpp:1378][APP - INFO] SMG requested system level sound SE_OJ_LV_HD_STEAM
[src/runtime/RuntimeContext.cpp:1378][APP - INFO] SMG requested system level sound SE_OJ_LV_HD_STEAM
[src/runtime/RuntimeContext.cpp:1378][APP - INFO] SMG requested system level sound SE_OJ_LV_HD_STEAM
[src/runtime/RuntimeContext.cpp:1378][APP - INFO] SMG requested system level sound SE_OJ_LV_HD_STEAM
[src/runtime/RuntimeContext.cpp:1378][APP - INFO] SMG requested system level sound SE_OJ_LV_HD_STEAM
[src/runtime/RuntimeContext.cpp:1378][APP - INFO] SMG requested system level sound SE_OJ_LV_HD_STEAM
[src/runtime/RuntimeContext.cpp:1378][APP - INFO] SMG requested system level sound SE_OJ_LV_HD_STEAM
[src/runtime/RuntimeContext.cpp:1378][APP - INFO] SMG requested system level sound SE_OJ_LV_HD_STEAM
[src/runtime/RuntimeContext.cpp:1378][APP - INFO] SMG requested system level sound SE_OJ_LV_HD_STEAM
[src/runtime/RuntimeContext.cpp:1378][APP - INFO] SMG requested system level sound SE_OJ_LV_HD_STEAM
[src/runtime/RuntimeContext.cpp:1378][APP - INFO] SMG requested system level sound SE_OJ_LV_HD_STEAM
[src/runtime/RuntimeContext.cpp:1378][APP - INFO] SMG requested system level sound SE_OJ_LV_HD_STEAM
[src/runtime/RuntimeContext.cpp:1378][APP - INFO] SMG requested system level sound SE_OJ_LV_HD_STEAM
[src/runtime/RuntimeContext.cpp:1378][APP - INFO] SMG requested system level sound SE_OJ_LV_HD_STEAM
[src/runtime/RuntimeContext.cpp:1378][APP - INFO] SMG requested system level sound SE_OJ_LV_HD_STEAM
[src/runtime/RuntimeContext.cpp:1378][APP - INFO] SMG requested system level sound SE_OJ_LV_HD_STEAM
[src/runtime/RuntimeContext.cpp:1378][APP - INFO] SMG requested system level sound SE_OJ_LV_HD_STEAM
[src/runtime/RuntimeContext.cpp:1378][APP - INFO] SMG requested system level sound SE_OJ_LV_HD_STEAM
[src/runtime/RuntimeContext.cpp:1378][APP - INFO] SMG requested system level sound SE_OJ_LV_HD_STEAM
[src/runtime/RuntimeContext.cpp:1378][APP - INFO] SMG requested system level sound SE_OJ_LV_HD_STEAM
[src/runtime/RuntimeContext.cpp:1378][APP - INFO] SMG requested system level sound SE_OJ_LV_HD_STEAM
[src/runtime/RuntimeContext.cpp:1378][APP - INFO] SMG requested system level sound SE_OJ_LV_HD_STEAM
[src/runtime/RuntimeContext.cpp:1378][APP - INFO] SMG requested system level sound SE_OJ_LV_HD_STEAM
[src/runtime/RuntimeContext.cpp:1378][APP - INFO] SMG requested system level sound SE_OJ_LV_HD_STEAM
[src/runtime/RuntimeContext.cpp:1378][APP - INFO] SMG requested system level sound SE_OJ_LV_HD_STEAM
[src/runtime/RuntimeContext.cpp:1378][APP - INFO] SMG requested system level sound SE_OJ_LV_HD_STEAM
[src/runtime/RuntimeContext.cpp:1378][APP - INFO] SMG requested system level sound SE_OJ_LV_HD_STEAM
[src/runtime/RuntimeContext.cpp:1378][APP - INFO] SMG requested system level sound SE_OJ_LV_HD_STEAM
[src/runtime/RuntimeContext.cpp:1378][APP - INFO] SMG requested system level sound SE_OJ_LV_HD_STEAM
[src/runtime/RuntimeContext.cpp:1378][APP - INFO] SMG requested system level sound SE_OJ_LV_HD_STEAM
[src/runtime/RuntimeContext.cpp:1378][APP - INFO] SMG requested system level sound SE_OJ_LV_HD_STEAM
[src/runtime/RuntimeContext.cpp:1378][APP - INFO] SMG requested system level sound SE_OJ_LV_HD_STEAM
[src/runtime/RuntimeContext.cpp:1378][APP - INFO] SMG requested system level sound SE_OJ_LV_HD_STEAM
[src/runtime/RuntimeContext.cpp:1378][APP - INFO] SMG requested system level sound SE_OJ_LV_HD_STEAM
[src/runtime/RuntimeContext.cpp:1378][APP - INFO] SMG requested system level sound SE_OJ_LV_HD_STEAM
[src/runtime/RuntimeContext.cpp:1378][APP - INFO] SMG requested system level sound SE_OJ_LV_HD_STEAM
[src/runtime/RuntimeContext.cpp:1378][APP - INFO] SMG requested system level sound SE_OJ_LV_HD_STEAM
[src/runtime/RuntimeContext.cpp:1378][APP - INFO] SMG requested system level sound SE_OJ_LV_HD_STEAM
[src/runtime/RuntimeContext.cpp:1378][APP - INFO] SMG requested system level sound SE_OJ_LV_HD_STEAM
[src/runtime/RuntimeContext.cpp:1378][APP - INFO] SMG requested system level sound SE_OJ_LV_HD_STEAM
[src/runtime/RuntimeContext.cpp:1378][APP - INFO] SMG requested system level sound SE_OJ_LV_HD_STEAM
[src/runtime/RuntimeContext.cpp:1378][APP - INFO] SMG requested system level sound SE_OJ_LV_HD_STEAM
[src/runtime/RuntimeContext.cpp:1378][APP - INFO] SMG requested system level sound SE_OJ_LV_HD_STEAM
[src/runtime/RuntimeContext.cpp:1378][APP - INFO] SMG requested system level sound SE_OJ_LV_HD_STEAM
[src/runtime/RuntimeContext.cpp:1378][APP - INFO] SMG requested system level sound SE_OJ_LV_HD_STEAM
[src/runtime/RuntimeContext.cpp:1378][APP - INFO] SMG requested system level sound SE_OJ_LV_HD_STEAM
[src/runtime/RuntimeContext.cpp:1378][APP - INFO] SMG requested system level sound SE_OJ_LV_HD_STEAM
[src/runtime/RuntimeContext.cpp:1378][APP - INFO] SMG requested system level sound SE_OJ_LV_HD_STEAM
[src/runtime/RuntimeContext.cpp:1378][APP - INFO] SMG requested system level sound SE_OJ_LV_HD_STEAM
[src/runtime/RuntimeContext.cpp:1378][APP - INFO] SMG requested system level sound SE_OJ_LV_HD_STEAM
[src/runtime/RuntimeContext.cpp:1378][APP - INFO] SMG requested system level sound SE_OJ_LV_HD_STEAM
[src/runtime/RuntimeContext.cpp:1378][APP - INFO] SMG requested system level sound SE_OJ_LV_HD_STEAM
[src/runtime/RuntimeContext.cpp:1378][APP - INFO] SMG requested system level sound SE_OJ_LV_HD_STEAM
[src/runtime/RuntimeContext.cpp:1378][APP - INFO] SMG requested system level sound SE_OJ_LV_HD_STEAM
[src/runtime/RuntimeContext.cpp:1378][APP - INFO] SMG requested system level sound SE_OJ_LV_HD_STEAM
[src/runtime/RuntimeContext.cpp:1378][APP - INFO] SMG requested system level sound SE_OJ_LV_HD_STEAM
[src/runtime/RuntimeContext.cpp:1378][APP - INFO] SMG requested system level sound SE_OJ_LV_HD_STEAM
[src/runtime/RuntimeContext.cpp:1378][APP - INFO] SMG requested system level sound SE_OJ_LV_HD_STEAM
[src/runtime/RuntimeContext.cpp:1378][APP - INFO] SMG requested system level sound SE_OJ_LV_HD_STEAM
[src/runtime/RuntimeContext.cpp:1378][APP - INFO] SMG requested system level sound SE_OJ_LV_HD_STEAM
[src/runtime/RuntimeContext.cpp:1378][APP - INFO] SMG requested system level sound SE_OJ_LV_HD_STEAM
[src/runtime/RuntimeContext.cpp:1378][APP - INFO] SMG requested system level sound SE_OJ_LV_HD_STEAM
[src/runtime/RuntimeContext.cpp:1378][APP - INFO] SMG requested system level sound SE_OJ_LV_HD_STEAM
[src/runtime/RuntimeContext.cpp:1378][APP - INFO] SMG requested system level sound SE_OJ_LV_HD_STEAM
[src/runtime/RuntimeContext.cpp:1378][APP - INFO] SMG requested system level sound SE_OJ_LV_HD_STEAM
[src/runtime/RuntimeContext.cpp:1378][APP - INFO] SMG requested system level sound SE_OJ_LV_HD_STEAM
[src/runtime/RuntimeContext.cpp:1378][APP - INFO] SMG requested system level sound SE_OJ_LV_HD_STEAM
[src/runtime/RuntimeContext.cpp:1378][APP - INFO] SMG requested system level sound SE_OJ_LV_HD_STEAM
[src/runtime/RuntimeContext.cpp:1378][APP - INFO] SMG requested system level sound SE_OJ_LV_HD_STEAM
[src/runtime/RuntimeContext.cpp:1378][APP - INFO] SMG requested system level sound SE_OJ_LV_HD_STEAM
[src/runtime/RuntimeContext.cpp:1378][APP - INFO] SMG requested system level sound SE_OJ_LV_HD_STEAM
[src/runtime/RuntimeContext.cpp:1378][APP - INFO] SMG requested system level sound SE_OJ_LV_HD_STEAM
[src/runtime/RuntimeContext.cpp:1378][APP - INFO] SMG requested system level sound SE_OJ_LV_HD_STEAM
[src/runtime/RuntimeContext.cpp:1378][APP - INFO] SMG requested system level sound SE_OJ_LV_HD_STEAM
[src/runtime/RuntimeContext.cpp:1378][APP - INFO] SMG requested system level sound SE_OJ_LV_HD_STEAM
[src/runtime/RuntimeContext.cpp:1378][APP - INFO] SMG requested system level sound SE_OJ_LV_HD_STEAM
[src/runtime/RuntimeContext.cpp:1378][APP - INFO] SMG requested system level sound SE_OJ_LV_HD_STEAM
[src/runtime/RuntimeContext.cpp:1378][APP - INFO] SMG requested system level sound SE_OJ_LV_HD_STEAM
[src/runtime/RuntimeContext.cpp:1378][APP - INFO] SMG requested system level sound SE_OJ_LV_HD_STEAM
[src/runtime/RuntimeContext.cpp:1378][APP - INFO] SMG requested system level sound SE_OJ_LV_HD_STEAM
[src/runtime/RuntimeContext.cpp:1378][APP - INFO] SMG requested system level sound SE_OJ_LV_HD_STEAM
[src/runtime/RuntimeContext.cpp:1378][APP - INFO] SMG requested system level sound SE_OJ_LV_HD_STEAM
[src/runtime/RuntimeContext.cpp:1378][APP - INFO] SMG requested system level sound SE_OJ_LV_HD_STEAM
[src/runtime/RuntimeContext.cpp:1378][APP - INFO] SMG requested system level sound SE_OJ_LV_HD_STEAM
[src/runtime/RuntimeContext.cpp:1378][APP - INFO] SMG requested system level sound SE_OJ_LV_HD_STEAM
[src/runtime/RuntimeContext.cpp:1378][APP - INFO] SMG requested system level sound SE_OJ_LV_HD_STEAM
[src/runtime/RuntimeContext.cpp:1378][APP - INFO] SMG requested system level sound SE_OJ_LV_HD_STEAM
[src/runtime/RuntimeContext.cpp:1378][APP - INFO] SMG requested system level sound SE_OJ_LV_HD_STEAM
[src/runtime/RuntimeContext.cpp:1378][APP - INFO] SMG requested system level sound SE_OJ_LV_HD_STEAM
[src/runtime/RuntimeContext.cpp:1378][APP - INFO] SMG requested system level sound SE_OJ_LV_HD_STEAM
[src/runtime/RuntimeContext.cpp:1378][APP - INFO] SMG requested system level sound SE_OJ_LV_HD_STEAM
[src/runtime/RuntimeContext.cpp:1378][APP - INFO] SMG requested system level sound SE_OJ_LV_HD_STEAM
[src/runtime/RuntimeContext.cpp:1378][APP - INFO] SMG requested system level sound SE_OJ_LV_HD_STEAM
[src/runtime/RuntimeContext.cpp:1378][APP - INFO] SMG requested system level sound SE_OJ_LV_HD_STEAM
[src/runtime/RuntimeContext.cpp:1378][APP - INFO] SMG requested system level sound SE_OJ_LV_HD_STEAM
[src/runtime/RuntimeContext.cpp:1378][APP - INFO] SMG requested system level sound SE_OJ_LV_HD_STEAM
[src/runtime/RuntimeContext.cpp:1378][APP - INFO] SMG requested system level sound SE_OJ_LV_HD_STEAM
[src/runtime/RuntimeContext.cpp:1378][APP - INFO] SMG requested system level sound SE_OJ_LV_HD_STEAM
[src/runtime/RuntimeContext.cpp:1378][APP - INFO] SMG requested system level sound SE_OJ_LV_HD_STEAM
[src/runtime/RuntimeContext.cpp:1378][APP - INFO] SMG requested system level sound SE_OJ_LV_HD_STEAM
[src/runtime/RuntimeContext.cpp:1378][APP - INFO] SMG requested system level sound SE_OJ_LV_HD_STEAM
[src/runtime/RuntimeContext.cpp:1378][APP - INFO] SMG requested system level sound SE_OJ_LV_HD_STEAM
[src/runtime/RuntimeContext.cpp:1378][APP - INFO] SMG requested system level sound SE_OJ_LV_HD_STEAM
[src/runtime/RuntimeContext.cpp:1378][APP - INFO] SMG requested system level sound SE_OJ_LV_HD_STEAM
[src/runtime/RuntimeContext.cpp:1378][APP - INFO] SMG requested system level sound SE_OJ_LV_HD_STEAM
[src/runtime/RuntimeContext.cpp:1378][APP - INFO] SMG requested system level sound SE_OJ_LV_HD_STEAM
[src/runtime/RuntimeContext.cpp:1378][APP - INFO] SMG requested system level sound SE_OJ_LV_HD_STEAM
[src/runtime/RuntimeContext.cpp:1378][APP - INFO] SMG requested system level sound SE_OJ_LV_HD_STEAM
[src/runtime/RuntimeContext.cpp:1378][APP - INFO] SMG requested system level sound SE_OJ_LV_HD_STEAM
[src/runtime/RuntimeContext.cpp:1378][APP - INFO] SMG requested system level sound SE_OJ_LV_HD_STEAM
[src/runtime/RuntimeContext.cpp:1378][APP - INFO] SMG requested system level sound SE_OJ_LV_HD_STEAM
[src/runtime/RuntimeContext.cpp:1378][APP - INFO] SMG requested system level sound SE_OJ_LV_HD_STEAM
[src/runtime/RuntimeContext.cpp:1378][APP - INFO] SMG requested system level sound SE_OJ_LV_HD_STEAM
[src/runtime/RuntimeContext.cpp:1378][APP - INFO] SMG requested system level sound SE_OJ_LV_HD_STEAM
[src/runtime/RuntimeContext.cpp:1378][APP - INFO] SMG requested system level sound SE_OJ_LV_HD_STEAM
[src/runtime/RuntimeContext.cpp:1378][APP - INFO] SMG requested system level sound SE_OJ_LV_HD_STEAM
[src/runtime/RuntimeContext.cpp:1378][APP - INFO] SMG requested system level sound SE_OJ_LV_HD_STEAM
[src/runtime/RuntimeContext.cpp:1378][APP - INFO] SMG requested system level sound SE_OJ_LV_HD_STEAM
[src/runtime/RuntimeContext.cpp:1378][APP - INFO] SMG requested system level sound SE_OJ_LV_HD_STEAM
[src/runtime/RuntimeContext.cpp:1378][APP - INFO] SMG requested system level sound SE_OJ_LV_HD_STEAM
[src/runtime/RuntimeContext.cpp:1378][APP - INFO] SMG requested system level sound SE_OJ_LV_HD_STEAM
[src/runtime/RuntimeContext.cpp:1378][APP - INFO] SMG requested system level sound SE_OJ_LV_HD_STEAM
[src/runtime/RuntimeContext.cpp:1378][APP - INFO] SMG requested system level sound SE_OJ_LV_HD_STEAM
[src/runtime/RuntimeContext.cpp:1378][APP - INFO] SMG requested system level sound SE_OJ_LV_HD_STEAM
[src/runtime/RuntimeContext.cpp:1378][APP - INFO] SMG requested system level sound SE_OJ_LV_HD_STEAM
[src/runtime/RuntimeContext.cpp:1378][APP - INFO] SMG requested system level sound SE_OJ_LV_HD_STEAM
[src/runtime/RuntimeContext.cpp:1378][APP - INFO] SMG requested system level sound SE_OJ_LV_HD_STEAM
[src/runtime/RuntimeContext.cpp:1378][APP - INFO] SMG requested system level sound SE_OJ_LV_HD_STEAM
[src/runtime/RuntimeContext.cpp:1378][APP - INFO] SMG requested system level sound SE_OJ_LV_HD_STEAM
[src/runtime/RuntimeContext.cpp:1378][APP - INFO] SMG requested system level sound SE_OJ_LV_HD_STEAM
[src/runtime/RuntimeContext.cpp:1378][APP - INFO] SMG requested system level sound SE_OJ_LV_HD_STEAM
[src/runtime/RuntimeContext.cpp:1378][APP - INFO] SMG requested system level sound SE_OJ_LV_HD_STEAM
[src/runtime/RuntimeContext.cpp:1378][APP - INFO] SMG requested system level sound SE_OJ_LV_HD_STEAM
[src/runtime/RuntimeContext.cpp:1378][APP - INFO] SMG requested system level sound SE_OJ_LV_HD_STEAM
[src/runtime/RuntimeContext.cpp:1378][APP - INFO] SMG requested system level sound SE_OJ_LV_HD_STEAM
[src/runtime/RuntimeContext.cpp:1378][APP - INFO] SMG requested system level sound SE_OJ_LV_HD_STEAM
[src/runtime/RuntimeContext.cpp:1378][APP - INFO] SMG requested system level sound SE_OJ_LV_HD_STEAM
[src/runtime/RuntimeContext.cpp:1378][APP - INFO] SMG requested system level sound SE_OJ_LV_HD_STEAM
[src/runtime/RuntimeContext.cpp:1378][APP - INFO] SMG requested system level sound SE_OJ_LV_HD_STEAM
[src/runtime/RuntimeContext.cpp:1378][APP - INFO] SMG requested system level sound SE_OJ_LV_HD_STEAM
[src/runtime/RuntimeContext.cpp:1378][APP - INFO] SMG requested system level sound SE_OJ_LV_HD_STEAM
[src/runtime/RuntimeContext.cpp:1378][APP - INFO] SMG requested system level sound SE_OJ_LV_HD_STEAM
[src/runtime/RuntimeContext.cpp:1378][APP - INFO] SMG requested system level sound SE_OJ_LV_HD_STEAM
[src/runtime/RuntimeContext.cpp:1378][APP - INFO] SMG requested system level sound SE_OJ_LV_HD_STEAM
[src/runtime/RuntimeContext.cpp:1378][APP - INFO] SMG requested system level sound SE_OJ_LV_HD_STEAM
[src/runtime/RuntimeContext.cpp:1378][APP - INFO] SMG requested system level sound SE_OJ_LV_HD_STEAM
[src/runtime/RuntimeContext.cpp:1378][APP - INFO] SMG requested system level sound SE_OJ_LV_HD_STEAM
[src/runtime/RuntimeContext.cpp:1378][APP - INFO] SMG requested system level sound SE_OJ_LV_HD_STEAM
[src/runtime/RuntimeContext.cpp:1378][APP - INFO] SMG requested system level sound SE_OJ_LV_HD_STEAM
[src/runtime/RuntimeContext.cpp:1378][APP - INFO] SMG requested system level sound SE_OJ_LV_HD_STEAM
[src/runtime/RuntimeContext.cpp:1378][APP - INFO] SMG requested system level sound SE_OJ_LV_HD_STEAM
[src/runtime/RuntimeContext.cpp:1378][APP - INFO] SMG requested system level sound SE_OJ_LV_HD_STEAM
[src/runtime/RuntimeContext.cpp:1378][APP - INFO] SMG requested system level sound SE_OJ_LV_HD_STEAM
[src/runtime/RuntimeContext.cpp:1378][APP - INFO] SMG requested system level sound SE_OJ_LV_HD_STEAM
[src/runtime/RuntimeContext.cpp:1378][APP - INFO] SMG requested system level sound SE_OJ_LV_HD_STEAM
[src/runtime/RuntimeContext.cpp:1378][APP - INFO] SMG requested system level sound SE_OJ_LV_HD_STEAM
[src/runtime/RuntimeContext.cpp:1378][APP - INFO] SMG requested system level sound SE_OJ_LV_HD_STEAM
[src/runtime/RuntimeContext.cpp:1378][APP - INFO] SMG requested system level sound SE_OJ_LV_HD_STEAM
[src/runtime/RuntimeContext.cpp:1378][APP - INFO] SMG requested system level sound SE_OJ_LV_HD_STEAM
[src/runtime/RuntimeContext.cpp:1378][APP - INFO] SMG requested system level sound SE_OJ_LV_HD_STEAM
[src/runtime/RuntimeContext.cpp:1378][APP - INFO] SMG requested system level sound SE_OJ_LV_HD_STEAM
[src/runtime/RuntimeContext.cpp:1378][APP - INFO] SMG requested system level sound SE_OJ_LV_HD_STEAM
[src/runtime/RuntimeContext.cpp:1378][APP - INFO] SMG requested system level sound SE_OJ_LV_HD_STEAM
[src/runtime/RuntimeContext.cpp:1378][APP - INFO] SMG requested system level sound SE_OJ_LV_HD_STEAM
[src/runtime/RuntimeContext.cpp:1378][APP - INFO] SMG requested system level sound SE_OJ_LV_HD_STEAM
[src/runtime/RuntimeContext.cpp:1378][APP - INFO] SMG requested system level sound SE_OJ_LV_HD_STEAM
[src/runtime/RuntimeContext.cpp:1378][APP - INFO] SMG requested system level sound SE_OJ_LV_HD_STEAM
[src/runtime/RuntimeContext.cpp:1378][APP - INFO] SMG requested system level sound SE_OJ_LV_HD_STEAM
[src/runtime/RuntimeContext.cpp:1378][APP - INFO] SMG requested system level sound SE_OJ_LV_HD_STEAM
[src/runtime/RuntimeContext.cpp:1378][APP - INFO] SMG requested system level sound SE_OJ_LV_HD_STEAM
[src/runtime/RuntimeContext.cpp:1378][APP - INFO] SMG requested system level sound SE_OJ_LV_HD_STEAM
[src/runtime/RuntimeContext.cpp:1378][APP - INFO] SMG requested system level sound SE_OJ_LV_HD_STEAM
[src/runtime/RuntimeContext.cpp:1378][APP - INFO] SMG requested system level sound SE_OJ_LV_HD_STEAM
[src/runtime/RuntimeContext.cpp:1378][APP - INFO] SMG requested system level sound SE_OJ_LV_HD_STEAM
[src/runtime/RuntimeContext.cpp:1378][APP - INFO] SMG requested system level sound SE_OJ_LV_HD_STEAM
[src/runtime/RuntimeContext.cpp:1378][APP - INFO] SMG requested system level sound SE_OJ_LV_HD_STEAM
[src/runtime/RuntimeContext.cpp:1378][APP - INFO] SMG requested system level sound SE_OJ_LV_HD_STEAM
[src/runtime/RuntimeContext.cpp:1378][APP - INFO] SMG requested system level sound SE_OJ_LV_HD_STEAM
[src/runtime/RuntimeContext.cpp:1378][APP - INFO] SMG requested system level sound SE_OJ_LV_HD_STEAM
[src/runtime/RuntimeContext.cpp:1378][APP - INFO] SMG requested system level sound SE_OJ_LV_HD_STEAM
[src/runtime/RuntimeContext.cpp:1378][APP - INFO] SMG requested system level sound SE_OJ_LV_HD_STEAM
[src/runtime/RuntimeContext.cpp:1378][APP - INFO] SMG requested system level sound SE_OJ_LV_HD_STEAM
[src/runtime/RuntimeContext.cpp:1378][APP - INFO] SMG requested system level sound SE_OJ_LV_HD_STEAM
[src/runtime/RuntimeContext.cpp:1378][APP - INFO] SMG requested system level sound SE_OJ_LV_HD_STEAM
[src/runtime/RuntimeContext.cpp:1378][APP - INFO] SMG requested system level sound SE_OJ_LV_HD_STEAM
[src/runtime/RuntimeContext.cpp:1378][APP - INFO] SMG requested system level sound SE_OJ_LV_HD_STEAM
[src/runtime/RuntimeContext.cpp:1378][APP - INFO] SMG requested system level sound SE_OJ_LV_HD_STEAM
[src/runtime/RuntimeContext.cpp:1378][APP - INFO] SMG requested system level sound SE_OJ_LV_HD_STEAM
[src/runtime/RuntimeContext.cpp:1378][APP - INFO] SMG requested system level sound SE_OJ_LV_HD_STEAM
[src/runtime/RuntimeContext.cpp:1378][APP - INFO] SMG requested system level sound SE_OJ_LV_HD_STEAM
[src/runtime/RuntimeContext.cpp:1378][APP - INFO] SMG requested system level sound SE_OJ_LV_HD_STEAM
[src/runtime/RuntimeContext.cpp:1378][APP - INFO] SMG requested system level sound SE_OJ_LV_HD_STEAM
[src/runtime/RuntimeContext.cpp:1378][APP - INFO] SMG requested system level sound SE_OJ_LV_HD_STEAM
[src/runtime/RuntimeContext.cpp:1378][APP - INFO] SMG requested system level sound SE_OJ_LV_HD_STEAM
[src/runtime/RuntimeContext.cpp:1378][APP - INFO] SMG requested system level sound SE_OJ_LV_HD_STEAM
[src/runtime/RuntimeContext.cpp:1378][APP - INFO] SMG requested system level sound SE_OJ_LV_HD_STEAM
[src/runtime/RuntimeContext.cpp:1378][APP - INFO] SMG requested system level sound SE_OJ_LV_HD_STEAM
[src/runtime/RuntimeContext.cpp:1378][APP - INFO] SMG requested system level sound SE_OJ_LV_HD_STEAM
[src/runtime/RuntimeContext.cpp:1378][APP - INFO] SMG requested system level sound SE_OJ_LV_HD_STEAM
[src/runtime/RuntimeContext.cpp:1378][APP - INFO] SMG requested system level sound SE_OJ_LV_HD_STEAM
[src/runtime/RuntimeContext.cpp:1378][APP - INFO] SMG requested system level sound SE_OJ_LV_HD_STEAM
[src/runtime/RuntimeContext.cpp:1378][APP - INFO] SMG requested system level sound SE_OJ_LV_HD_STEAM
[src/runtime/RuntimeContext.cpp:1378][APP - INFO] SMG requested system level sound SE_OJ_LV_HD_STEAM
[src/runtime/RuntimeContext.cpp:1378][APP - INFO] SMG requested system level sound SE_OJ_LV_HD_STEAM
[src/runtime/RuntimeContext.cpp:1378][APP - INFO] SMG requested system level sound SE_OJ_LV_HD_STEAM
[src/runtime/RuntimeContext.cpp:1378][APP - INFO] SMG requested system level sound SE_OJ_LV_HD_STEAM
[src/runtime/RuntimeContext.cpp:1378][APP - INFO] SMG requested system level sound SE_OJ_LV_HD_STEAM
[src/runtime/RuntimeContext.cpp:1378][APP - INFO] SMG requested system level sound SE_OJ_LV_HD_STEAM
[src/runtime/RuntimeContext.cpp:1378][APP - INFO] SMG requested system level sound SE_OJ_LV_HD_STEAM
[src/runtime/RuntimeContext.cpp:1378][APP - INFO] SMG requested system level sound SE_OJ_LV_HD_STEAM
[src/runtime/RuntimeContext.cpp:1378][APP - INFO] SMG requested system level sound SE_OJ_LV_HD_STEAM
[src/runtime/RuntimeContext.cpp:1378][APP - INFO] SMG requested system level sound SE_OJ_LV_HD_STEAM
[src/runtime/RuntimeContext.cpp:1378][APP - INFO] SMG requested system level sound SE_OJ_LV_HD_STEAM
[src/runtime/RuntimeContext.cpp:1378][APP - INFO] SMG requested system level sound SE_OJ_LV_HD_STEAM
[src/runtime/RuntimeContext.cpp:1378][APP - INFO] SMG requested system level sound SE_OJ_LV_HD_STEAM
[src/runtime/RuntimeContext.cpp:1378][APP - INFO] SMG requested system level sound SE_OJ_LV_HD_STEAM
[src/runtime/RuntimeContext.cpp:1378][APP - INFO] SMG requested system level sound SE_OJ_LV_HD_STEAM
[src/runtime/RuntimeContext.cpp:1378][APP - INFO] SMG requested system level sound SE_OJ_LV_HD_STEAM
[src/runtime/RuntimeContext.cpp:1378][APP - INFO] SMG requested system level sound SE_OJ_LV_HD_STEAM
[src/runtime/RuntimeContext.cpp:1378][APP - INFO] SMG requested system level sound SE_OJ_LV_HD_STEAM
[src/runtime/RuntimeContext.cpp:1378][APP - INFO] SMG requested system level sound SE_OJ_LV_HD_STEAM
[src/runtime/RuntimeContext.cpp:1378][APP - INFO] SMG requested system level sound SE_OJ_LV_HD_STEAM
[src/runtime/RuntimeContext.cpp:1378][APP - INFO] SMG requested system level sound SE_OJ_LV_HD_STEAM
[src/runtime/RuntimeContext.cpp:1378][APP - INFO] SMG requested system level sound SE_OJ_LV_HD_STEAM
[src/runtime/RuntimeContext.cpp:1378][APP - INFO] SMG requested system level sound SE_OJ_LV_HD_STEAM
[src/runtime/RuntimeContext.cpp:1378][APP - INFO] SMG requested system level sound SE_OJ_LV_HD_STEAM
[src/runtime/RuntimeContext.cpp:1378][APP - INFO] SMG requested system level sound SE_OJ_LV_HD_STEAM
[src/runtime/RuntimeContext.cpp:1378][APP - INFO] SMG requested system level sound SE_OJ_LV_HD_STEAM
[src/runtime/RuntimeContext.cpp:1378][APP - INFO] SMG requested system level sound SE_OJ_LV_HD_STEAM
[src/runtime/RuntimeContext.cpp:1378][APP - INFO] SMG requested system level sound SE_OJ_LV_HD_STEAM
[src/runtime/RuntimeContext.cpp:1378][APP - INFO] SMG requested system level sound SE_OJ_LV_HD_STEAM
[src/runtime/RuntimeContext.cpp:1378][APP - INFO] SMG requested system level sound SE_OJ_LV_HD_STEAM
[src/runtime/RuntimeContext.cpp:1378][APP - INFO] SMG requested system level sound SE_OJ_LV_HD_STEAM
[src/runtime/RuntimeContext.cpp:1378][APP - INFO] SMG requested system level sound SE_OJ_LV_HD_STEAM
[src/runtime/RuntimeContext.cpp:1378][APP - INFO] SMG requested system level sound SE_OJ_LV_HD_STEAM
[src/runtime/RuntimeContext.cpp:1378][APP - INFO] SMG requested system level sound SE_OJ_LV_HD_STEAM
[src/runtime/RuntimeContext.cpp:1378][APP - INFO] SMG requested system level sound SE_OJ_LV_HD_STEAM
[src/runtime/RuntimeContext.cpp:1378][APP - INFO] SMG requested system level sound SE_OJ_LV_HD_STEAM
[src/runtime/RuntimeContext.cpp:1378][APP - INFO] SMG requested system level sound SE_OJ_LV_HD_STEAM
[src/runtime/RuntimeContext.cpp:1378][APP - INFO] SMG requested system level sound SE_OJ_LV_HD_STEAM
[src/runtime/RuntimeContext.cpp:1378][APP - INFO] SMG requested system level sound SE_OJ_LV_HD_STEAM
[src/runtime/RuntimeContext.cpp:1378][APP - INFO] SMG requested system level sound SE_OJ_LV_HD_STEAM
[src/runtime/RuntimeContext.cpp:1378][APP - INFO] SMG requested system level sound SE_OJ_LV_HD_STEAM
[src/runtime/RuntimeContext.cpp:1378][APP - INFO] SMG requested system level sound SE_OJ_LV_HD_STEAM
[src/runtime/RuntimeContext.cpp:1378][APP - INFO] SMG requested system level sound SE_OJ_LV_HD_STEAM
[src/runtime/RuntimeContext.cpp:1378][APP - INFO] SMG requested system level sound SE_OJ_LV_HD_STEAM
[src/runtime/RuntimeContext.cpp:1378][APP - INFO] SMG requested system level sound SE_OJ_LV_HD_STEAM
[src/runtime/RuntimeContext.cpp:1378][APP - INFO] SMG requested system level sound SE_OJ_LV_HD_STEAM
[src/runtime/RuntimeContext.cpp:1378][APP - INFO] SMG requested system level sound SE_OJ_LV_HD_STEAM
[src/runtime/RuntimeContext.cpp:1378][APP - INFO] SMG requested system level sound SE_OJ_LV_HD_STEAM
[src/runtime/RuntimeContext.cpp:1378][APP - INFO] SMG requested system level sound SE_OJ_LV_HD_STEAM
[src/runtime/RuntimeContext.cpp:1378][APP - INFO] SMG requested system level sound SE_OJ_LV_HD_STEAM
[src/runtime/RuntimeContext.cpp:1378][APP - INFO] SMG requested system level sound SE_OJ_LV_HD_STEAM
[src/runtime/RuntimeContext.cpp:1378][APP - INFO] SMG requested system level sound SE_OJ_LV_HD_STEAM
[src/runtime/RuntimeContext.cpp:1378][APP - INFO] SMG requested system level sound SE_OJ_LV_HD_STEAM
[src/runtime/RuntimeContext.cpp:1378][APP - INFO] SMG requested system level sound SE_OJ_LV_HD_STEAM
[src/runtime/RuntimeContext.cpp:1378][APP - INFO] SMG requested system level sound SE_OJ_LV_HD_STEAM
[src/runtime/RuntimeContext.cpp:1378][APP - INFO] SMG requested system level sound SE_OJ_LV_HD_STEAM
[src/runtime/RuntimeContext.cpp:1378][APP - INFO] SMG requested system level sound SE_OJ_LV_HD_STEAM
[src/runtime/RuntimeContext.cpp:1378][APP - INFO] SMG requested system level sound SE_OJ_LV_HD_STEAM
[src/runtime/RuntimeContext.cpp:1378][APP - INFO] SMG requested system level sound SE_OJ_LV_HD_STEAM
[src/runtime/RuntimeContext.cpp:1378][APP - INFO] SMG requested system level sound SE_OJ_LV_HD_STEAM
[src/runtime/RuntimeContext.cpp:1378][APP - INFO] SMG requested system level sound SE_OJ_LV_HD_STEAM
[src/runtime/RuntimeContext.cpp:1378][APP - INFO] SMG requested system level sound SE_OJ_LV_HD_STEAM
[src/runtime/RuntimeContext.cpp:1378][APP - INFO] SMG requested system level sound SE_OJ_LV_HD_STEAM
[src/runtime/RuntimeContext.cpp:1378][APP - INFO] SMG requested system level sound SE_OJ_LV_HD_STEAM
[src/runtime/RuntimeContext.cpp:1378][APP - INFO] SMG requested system level sound SE_OJ_LV_HD_STEAM
[src/runtime/RuntimeContext.cpp:1378][APP - INFO] SMG requested system level sound SE_OJ_LV_HD_STEAM
[src/runtime/RuntimeContext.cpp:1378][APP - INFO] SMG requested system level sound SE_OJ_LV_HD_STEAM
[src/runtime/RuntimeContext.cpp:1378][APP - INFO] SMG requested system level sound SE_OJ_LV_HD_STEAM
[src/runtime/RuntimeContext.cpp:1378][APP - INFO] SMG requested system level sound SE_OJ_LV_HD_STEAM
[src/runtime/RuntimeContext.cpp:1378][APP - INFO] SMG requested system level sound SE_OJ_LV_HD_STEAM
[src/runtime/RuntimeContext.cpp:1378][APP - INFO] SMG requested system level sound SE_OJ_LV_HD_STEAM
[src/runtime/RuntimeContext.cpp:1378][APP - INFO] SMG requested system level sound SE_OJ_LV_HD_STEAM
[src/runtime/RuntimeContext.cpp:1378][APP - INFO] SMG requested system level sound SE_OJ_LV_HD_STEAM
[src/runtime/RuntimeContext.cpp:1378][APP - INFO] SMG requested system level sound SE_OJ_LV_HD_STEAM
[src/runtime/RuntimeContext.cpp:1378][APP - INFO] SMG requested system level sound SE_OJ_LV_HD_STEAM
[src/runtime/RuntimeContext.cpp:1378][APP - INFO] SMG requested system level sound SE_OJ_LV_HD_STEAM
[src/runtime/RuntimeContext.cpp:1378][APP - INFO] SMG requested system level sound SE_OJ_LV_HD_STEAM
[src/runtime/RuntimeContext.cpp:1378][APP - INFO] SMG requested system level sound SE_OJ_LV_HD_STEAM
[src/runtime/RuntimeContext.cpp:1378][APP - INFO] SMG requested system level sound SE_OJ_LV_HD_STEAM
[src/runtime/RuntimeContext.cpp:1378][APP - INFO] SMG requested system level sound SE_OJ_LV_HD_STEAM
[src/runtime/RuntimeContext.cpp:1378][APP - INFO] SMG requested system level sound SE_OJ_LV_HD_STEAM
[src/runtime/RuntimeContext.cpp:1378][APP - INFO] SMG requested system level sound SE_OJ_LV_HD_STEAM
[src/runtime/RuntimeContext.cpp:1378][APP - INFO] SMG requested system level sound SE_OJ_LV_HD_STEAM
[src/runtime/RuntimeContext.cpp:1378][APP - INFO] SMG requested system level sound SE_OJ_LV_HD_STEAM
[src/runtime/RuntimeContext.cpp:1378][APP - INFO] SMG requested system level sound SE_OJ_LV_HD_STEAM
[src/runtime/RuntimeContext.cpp:1378][APP - INFO] SMG requested system level sound SE_OJ_LV_HD_STEAM
[src/runtime/RuntimeContext.cpp:1378][APP - INFO] SMG requested system level sound SE_OJ_LV_HD_STEAM
[src/runtime/RuntimeContext.cpp:1378][APP - INFO] SMG requested system level sound SE_OJ_LV_HD_STEAM
[src/runtime/RuntimeContext.cpp:1378][APP - INFO] SMG requested system level sound SE_OJ_LV_HD_STEAM
[src/runtime/RuntimeContext.cpp:1378][APP - INFO] SMG requested system level sound SE_OJ_LV_HD_STEAM
[src/runtime/RuntimeContext.cpp:1378][APP - INFO] SMG requested system level sound SE_OJ_LV_HD_STEAM
[src/runtime/RuntimeContext.cpp:1378][APP - INFO] SMG requested system level sound SE_OJ_LV_HD_STEAM
[src/runtime/RuntimeContext.cpp:1378][APP - INFO] SMG requested system level sound SE_OJ_LV_HD_STEAM
[src/runtime/RuntimeContext.cpp:1378][APP - INFO] SMG requested system level sound SE_OJ_LV_HD_STEAM
[src/runtime/RuntimeContext.cpp:1378][APP - INFO] SMG requested system level sound SE_OJ_LV_HD_STEAM
[src/runtime/RuntimeContext.cpp:1378][APP - INFO] SMG requested system level sound SE_OJ_LV_HD_STEAM
[src/runtime/RuntimeContext.cpp:1378][APP - INFO] SMG requested system level sound SE_OJ_LV_HD_STEAM
[src/runtime/RuntimeContext.cpp:1378][APP - INFO] SMG requested system level sound SE_OJ_LV_HD_STEAM
[src/runtime/RuntimeContext.cpp:1378][APP - INFO] SMG requested system level sound SE_OJ_LV_HD_STEAM
[src/runtime/RuntimeContext.cpp:1378][APP - INFO] SMG requested system level sound SE_OJ_LV_HD_STEAM
[src/runtime/RuntimeContext.cpp:1378][APP - INFO] SMG requested system level sound SE_OJ_LV_HD_STEAM
[src/runtime/RuntimeContext.cpp:1378][APP - INFO] SMG requested system level sound SE_OJ_LV_HD_STEAM
[src/runtime/RuntimeContext.cpp:1378][APP - INFO] SMG requested system level sound SE_OJ_LV_HD_STEAM
[src/runtime/RuntimeContext.cpp:1378][APP - INFO] SMG requested system level sound SE_OJ_LV_HD_STEAM
[src/runtime/RuntimeContext.cpp:1378][APP - INFO] SMG requested system level sound SE_OJ_LV_HD_STEAM
[src/runtime/RuntimeContext.cpp:1378][APP - INFO] SMG requested system level sound SE_OJ_LV_HD_STEAM
[src/runtime/RuntimeContext.cpp:1378][APP - INFO] SMG requested system level sound SE_OJ_LV_HD_STEAM
[src/runtime/RuntimeContext.cpp:1378][APP - INFO] SMG requested system level sound SE_OJ_LV_HD_STEAM
[src/runtime/RuntimeContext.cpp:1378][APP - INFO] SMG requested system level sound SE_OJ_LV_HD_STEAM
[src/runtime/RuntimeContext.cpp:1378][APP - INFO] SMG requested system level sound SE_OJ_LV_HD_STEAM
[src/runtime/RuntimeContext.cpp:1378][APP - INFO] SMG requested system level sound SE_OJ_LV_HD_STEAM
[src/runtime/RuntimeContext.cpp:1378][APP - INFO] SMG requested system level sound SE_OJ_LV_HD_STEAM
[src/runtime/RuntimeContext.cpp:1378][APP - INFO] SMG requested system level sound SE_OJ_LV_HD_STEAM
[src/runtime/RuntimeContext.cpp:1378][APP - INFO] SMG requested system level sound SE_OJ_LV_HD_STEAM
[src/runtime/RuntimeContext.cpp:1378][APP - INFO] SMG requested system level sound SE_OJ_LV_HD_STEAM
[src/runtime/RuntimeContext.cpp:1378][APP - INFO] SMG requested system level sound SE_OJ_LV_HD_STEAM
[src/runtime/RuntimeContext.cpp:1378][APP - INFO] SMG requested system level sound SE_OJ_LV_HD_STEAM
[src/runtime/RuntimeContext.cpp:1378][APP - INFO] SMG requested system level sound SE_OJ_LV_HD_STEAM
[src/runtime/RuntimeContext.cpp:1378][APP - INFO] SMG requested system level sound SE_OJ_LV_HD_STEAM
[src/runtime/RuntimeContext.cpp:1378][APP - INFO] SMG requested system level sound SE_OJ_LV_HD_STEAM
[src/runtime/RuntimeContext.cpp:1378][APP - INFO] SMG requested system level sound SE_OJ_LV_HD_STEAM
[src/runtime/RuntimeContext.cpp:1378][APP - INFO] SMG requested system level sound SE_OJ_LV_HD_STEAM
[src/runtime/RuntimeContext.cpp:1378][APP - INFO] SMG requested system level sound SE_OJ_LV_HD_STEAM
[src/runtime/RuntimeContext.cpp:1378][APP - INFO] SMG requested system level sound SE_OJ_LV_HD_STEAM
[src/runtime/RuntimeContext.cpp:1378][APP - INFO] SMG requested system level sound SE_OJ_LV_HD_STEAM
[src/runtime/RuntimeContext.cpp:1378][APP - INFO] SMG requested system level sound SE_OJ_LV_HD_STEAM
[src/runtime/RuntimeContext.cpp:1378][APP - INFO] SMG requested system level sound SE_OJ_LV_HD_STEAM
[src/runtime/RuntimeContext.cpp:1378][APP - INFO] SMG requested system level sound SE_OJ_LV_HD_STEAM
[src/runtime/RuntimeContext.cpp:1378][APP - INFO] SMG requested system level sound SE_OJ_LV_HD_STEAM
[src/runtime/RuntimeContext.cpp:1378][APP - INFO] SMG requested system level sound SE_OJ_LV_HD_STEAM
[src/runtime/RuntimeContext.cpp:1378][APP - INFO] SMG requested system level sound SE_OJ_LV_HD_STEAM
[src/runtime/RuntimeContext.cpp:1378][APP - INFO] SMG requested system level sound SE_OJ_LV_HD_STEAM
[src/runtime/RuntimeContext.cpp:1378][APP - INFO] SMG requested system level sound SE_OJ_LV_HD_STEAM
[src/runtime/RuntimeContext.cpp:1378][APP - INFO] SMG requested system level sound SE_OJ_LV_HD_STEAM
[src/runtime/RuntimeContext.cpp:1378][APP - INFO] SMG requested system level sound SE_OJ_LV_HD_STEAM
[src/runtime/RuntimeContext.cpp:1378][APP - INFO] SMG requested system level sound SE_OJ_LV_HD_STEAM
[src/runtime/RuntimeContext.cpp:1378][APP - INFO] SMG requested system level sound SE_OJ_LV_HD_STEAM
[src/runtime/RuntimeContext.cpp:1378][APP - INFO] SMG requested system level sound SE_OJ_LV_HD_STEAM
[src/runtime/RuntimeContext.cpp:1378][APP - INFO] SMG requested system level sound SE_OJ_LV_HD_STEAM
[src/runtime/RuntimeContext.cpp:1378][APP - INFO] SMG requested system level sound SE_OJ_LV_HD_STEAM
[src/runtime/RuntimeContext.cpp:1378][APP - INFO] SMG requested system level sound SE_OJ_LV_HD_STEAM
[src/runtime/RuntimeContext.cpp:1378][APP - INFO] SMG requested system level sound SE_OJ_LV_HD_STEAM
[src/runtime/RuntimeContext.cpp:1378][APP - INFO] SMG requested system level sound SE_OJ_LV_HD_STEAM
[src/runtime/RuntimeContext.cpp:1378][APP - INFO] SMG requested system level sound SE_OJ_LV_HD_STEAM
[src/runtime/RuntimeContext.cpp:1378][APP - INFO] SMG requested system level sound SE_OJ_LV_HD_STEAM
[src/runtime/RuntimeContext.cpp:1378][APP - INFO] SMG requested system level sound SE_OJ_LV_HD_STEAM
[src/runtime/RuntimeContext.cpp:1378][APP - INFO] SMG requested system level sound SE_OJ_LV_HD_STEAM
[src/runtime/RuntimeContext.cpp:1378][APP - INFO] SMG requested system level sound SE_OJ_LV_HD_STEAM
[src/runtime/RuntimeContext.cpp:1378][APP - INFO] SMG requested system level sound SE_OJ_LV_HD_STEAM
[src/runtime/RuntimeContext.cpp:1378][APP - INFO] SMG requested system level sound SE_OJ_LV_HD_STEAM
[src/runtime/RuntimeContext.cpp:1378][APP - INFO] SMG requested system level sound SE_OJ_LV_HD_STEAM
[src/runtime/RuntimeContext.cpp:1378][APP - INFO] SMG requested system level sound SE_OJ_LV_HD_STEAM
[src/runtime/RuntimeContext.cpp:1378][APP - INFO] SMG requested system level sound SE_OJ_LV_HD_STEAM
[src/runtime/RuntimeContext.cpp:1378][APP - INFO] SMG requested system level sound SE_OJ_LV_HD_STEAM
[src/runtime/RuntimeContext.cpp:1378][APP - INFO] SMG requested system level sound SE_OJ_LV_HD_STEAM
[src/runtime/RuntimeContext.cpp:1378][APP - INFO] SMG requested system level sound SE_OJ_LV_HD_STEAM
[src/runtime/RuntimeContext.cpp:1378][APP - INFO] SMG requested system level sound SE_OJ_LV_HD_STEAM
[src/runtime/RuntimeContext.cpp:1378][APP - INFO] SMG requested system level sound SE_OJ_LV_HD_STEAM
[src/runtime/RuntimeContext.cpp:1378][APP - INFO] SMG requested system level sound SE_OJ_LV_HD_STEAM
[src/runtime/RuntimeContext.cpp:1378][APP - INFO] SMG requested system level sound SE_OJ_LV_HD_STEAM
[src/runtime/RuntimeContext.cpp:1378][APP - INFO] SMG requested system level sound SE_OJ_LV_HD_STEAM
[src/runtime/RuntimeContext.cpp:1378][APP - INFO] SMG requested system level sound SE_OJ_LV_HD_STEAM
[src/runtime/RuntimeContext.cpp:1378][APP - INFO] SMG requested system level sound SE_OJ_LV_HD_STEAM
[src/runtime/RuntimeContext.cpp:1378][APP - INFO] SMG requested system level sound SE_OJ_LV_HD_STEAM
[src/runtime/RuntimeContext.cpp:1378][APP - INFO] SMG requested system level sound SE_OJ_LV_HD_STEAM
[src/runtime/RuntimeContext.cpp:1378][APP - INFO] SMG requested system level sound SE_OJ_LV_HD_STEAM
[src/runtime/RuntimeContext.cpp:1378][APP - INFO] SMG requested system level sound SE_OJ_LV_HD_STEAM
[src/runtime/RuntimeContext.cpp:1378][APP - INFO] SMG requested system level sound SE_OJ_LV_HD_STEAM
[src/runtime/RuntimeContext.cpp:1378][APP - INFO] SMG requested system level sound SE_OJ_LV_HD_STEAM
[src/runtime/RuntimeContext.cpp:1378][APP - INFO] SMG requested system level sound SE_OJ_LV_HD_STEAM
[src/runtime/RuntimeContext.cpp:1378][APP - INFO] SMG requested system level sound SE_OJ_LV_HD_STEAM
[src/runtime/RuntimeContext.cpp:1378][APP - INFO] SMG requested system level sound SE_OJ_LV_HD_STEAM
[src/runtime/RuntimeContext.cpp:1378][APP - INFO] SMG requested system level sound SE_OJ_LV_HD_STEAM
[src/runtime/RuntimeContext.cpp:1378][APP - INFO] SMG requested system level sound SE_OJ_LV_HD_STEAM
[src/runtime/RuntimeContext.cpp:1378][APP - INFO] SMG requested system level sound SE_OJ_LV_HD_STEAM
[src/runtime/RuntimeContext.cpp:1378][APP - INFO] SMG requested system level sound SE_OJ_LV_HD_STEAM
[src/runtime/RuntimeContext.cpp:1378][APP - INFO] SMG requested system level sound SE_OJ_LV_HD_STEAM
[src/runtime/RuntimeContext.cpp:1378][APP - INFO] SMG requested system level sound SE_OJ_LV_HD_STEAM
[src/runtime/RuntimeContext.cpp:1378][APP - INFO] SMG requested system level sound SE_OJ_LV_HD_STEAM
[src/runtime/RuntimeContext.cpp:1378][APP - INFO] SMG requested system level sound SE_OJ_LV_HD_STEAM
[src/runtime/RuntimeContext.cpp:1378][APP - INFO] SMG requested system level sound SE_OJ_LV_HD_STEAM
[src/runtime/RuntimeContext.cpp:1378][APP - INFO] SMG requested system level sound SE_OJ_LV_HD_STEAM
[src/runtime/RuntimeContext.cpp:1378][APP - INFO] SMG requested system level sound SE_OJ_LV_HD_STEAM
[src/runtime/RuntimeContext.cpp:1378][APP - INFO] SMG requested system level sound SE_OJ_LV_HD_STEAM
[src/runtime/RuntimeContext.cpp:1378][APP - INFO] SMG requested system level sound SE_OJ_LV_HD_STEAM
[src/runtime/RuntimeContext.cpp:1378][APP - INFO] SMG requested system level sound SE_OJ_LV_HD_STEAM
[src/runtime/RuntimeContext.cpp:1378][APP - INFO] SMG requested system level sound SE_OJ_LV_HD_STEAM
[src/runtime/RuntimeContext.cpp:1378][APP - INFO] SMG requested system level sound SE_OJ_LV_HD_STEAM
[src/runtime/RuntimeContext.cpp:1378][APP - INFO] SMG requested system level sound SE_OJ_LV_HD_STEAM
[src/runtime/RuntimeContext.cpp:1378][APP - INFO] SMG requested system level sound SE_OJ_LV_HD_STEAM
[src/runtime/RuntimeContext.cpp:1378][APP - INFO] SMG requested system level sound SE_OJ_LV_HD_STEAM
[src/runtime/RuntimeContext.cpp:1378][APP - INFO] SMG requested system level sound SE_OJ_LV_HD_STEAM
[src/runtime/RuntimeContext.cpp:1378][APP - INFO] SMG requested system level sound SE_OJ_LV_HD_STEAM
[src/runtime/RuntimeContext.cpp:1378][APP - INFO] SMG requested system level sound SE_OJ_LV_HD_STEAM
[src/runtime/RuntimeContext.cpp:1378][APP - INFO] SMG requested system level sound SE_OJ_LV_HD_STEAM
[src/runtime/RuntimeContext.cpp:1378][APP - INFO] SMG requested system level sound SE_OJ_LV_HD_STEAM
[src/runtime/RuntimeContext.cpp:1378][APP - INFO] SMG requested system level sound SE_OJ_LV_HD_STEAM
[src/runtime/RuntimeContext.cpp:1378][APP - INFO] SMG requested system level sound SE_OJ_LV_HD_STEAM
[src/runtime/RuntimeContext.cpp:1378][APP - INFO] SMG requested system level sound SE_OJ_LV_HD_STEAM
[src/runtime/RuntimeContext.cpp:1378][APP - INFO] SMG requested system level sound SE_OJ_LV_HD_STEAM
[src/runtime/RuntimeContext.cpp:1378][APP - INFO] SMG requested system level sound SE_OJ_LV_HD_STEAM
[src/runtime/RuntimeContext.cpp:1378][APP - INFO] SMG requested system level sound SE_OJ_LV_HD_STEAM
[src/runtime/RuntimeContext.cpp:1378][APP - INFO] SMG requested system level sound SE_OJ_LV_HD_STEAM
[src/runtime/RuntimeContext.cpp:1378][APP - INFO] SMG requested system level sound SE_OJ_LV_HD_STEAM
[src/runtime/RuntimeContext.cpp:1378][APP - INFO] SMG requested system level sound SE_OJ_LV_HD_STEAM
[src/runtime/RuntimeContext.cpp:1378][APP - INFO] SMG requested system level sound SE_OJ_LV_HD_STEAM
[src/runtime/RuntimeContext.cpp:1378][APP - INFO] SMG requested system level sound SE_OJ_LV_HD_STEAM
[src/runtime/RuntimeContext.cpp:1378][APP - INFO] SMG requested system level sound SE_OJ_LV_HD_STEAM
[src/runtime/RuntimeContext.cpp:1378][APP - INFO] SMG requested system level sound SE_OJ_LV_HD_STEAM
[src/runtime/RuntimeContext.cpp:1378][APP - INFO] SMG requested system level sound SE_OJ_LV_HD_STEAM
[src/runtime/RuntimeContext.cpp:1378][APP - INFO] SMG requested system level sound SE_OJ_LV_HD_STEAM
[src/runtime/RuntimeContext.cpp:1378][APP - INFO] SMG requested system level sound SE_OJ_LV_HD_STEAM
[src/runtime/RuntimeContext.cpp:1378][APP - INFO] SMG requested system level sound SE_OJ_LV_HD_STEAM
[src/runtime/RuntimeContext.cpp:1378][APP - INFO] SMG requested system level sound SE_OJ_LV_HD_STEAM
[src/runtime/RuntimeContext.cpp:1378][APP - INFO] SMG requested system level sound SE_OJ_LV_HD_STEAM
[src/runtime/RuntimeContext.cpp:1378][APP - INFO] SMG requested system level sound SE_OJ_LV_HD_STEAM
[src/runtime/RuntimeContext.cpp:1378][APP - INFO] SMG requested system level sound SE_OJ_LV_HD_STEAM
[src/runtime/RuntimeContext.cpp:1378][APP - INFO] SMG requested system level sound SE_OJ_LV_HD_STEAM
[src/runtime/RuntimeContext.cpp:1378][APP - INFO] SMG requested system level sound SE_OJ_LV_HD_STEAM
[src/runtime/RuntimeContext.cpp:1378][APP - INFO] SMG requested system level sound SE_OJ_LV_HD_STEAM
[src/runtime/RuntimeContext.cpp:1378][APP - INFO] SMG requested system level sound SE_OJ_LV_HD_STEAM
[src/runtime/RuntimeContext.cpp:1378][APP - INFO] SMG requested system level sound SE_OJ_LV_HD_STEAM
[src/runtime/RuntimeContext.cpp:1378][APP - INFO] SMG requested system level sound SE_OJ_LV_HD_STEAM
[src/runtime/RuntimeContext.cpp:1378][APP - INFO] SMG requested system level sound SE_OJ_LV_HD_STEAM
[src/runtime/RuntimeContext.cpp:1378][APP - INFO] SMG requested system level sound SE_OJ_LV_HD_STEAM
[src/runtime/RuntimeContext.cpp:1378][APP - INFO] SMG requested system level sound SE_OJ_LV_HD_STEAM
[src/runtime/RuntimeContext.cpp:1378][APP - INFO] SMG requested system level sound SE_OJ_LV_HD_STEAM
[src/runtime/RuntimeContext.cpp:1378][APP - INFO] SMG requested system level sound SE_OJ_LV_HD_STEAM
[src/runtime/RuntimeContext.cpp:1378][APP - INFO] SMG requested system level sound SE_OJ_LV_HD_STEAM
[src/runtime/RuntimeContext.cpp:1378][APP - INFO] SMG requested system level sound SE_OJ_LV_HD_STEAM
[src/runtime/RuntimeContext.cpp:1378][APP - INFO] SMG requested system level sound SE_OJ_LV_HD_STEAM
[src/runtime/RuntimeContext.cpp:1378][APP - INFO] SMG requested system level sound SE_OJ_LV_HD_STEAM
[src/runtime/RuntimeContext.cpp:1378][APP - INFO] SMG requested system level sound SE_OJ_LV_HD_STEAM
[src/runtime/RuntimeContext.cpp:1378][APP - INFO] SMG requested system level sound SE_OJ_LV_HD_STEAM
[src/runtime/RuntimeContext.cpp:1378][APP - INFO] SMG requested system level sound SE_OJ_LV_HD_STEAM
[src/runtime/RuntimeContext.cpp:1378][APP - INFO] SMG requested system level sound SE_OJ_LV_HD_STEAM
[src/runtime/RuntimeContext.cpp:1378][APP - INFO] SMG requested system level sound SE_OJ_LV_HD_STEAM
[src/runtime/RuntimeContext.cpp:1378][APP - INFO] SMG requested system level sound SE_OJ_LV_HD_STEAM
[src/runtime/RuntimeContext.cpp:1378][APP - INFO] SMG requested system level sound SE_OJ_LV_HD_STEAM
[src/runtime/RuntimeContext.cpp:1378][APP - INFO] SMG requested system level sound SE_OJ_LV_HD_STEAM
[src/runtime/RuntimeContext.cpp:1378][APP - INFO] SMG requested system level sound SE_OJ_LV_HD_STEAM
[src/runtime/RuntimeContext.cpp:1378][APP - INFO] SMG requested system level sound SE_OJ_LV_HD_STEAM
[src/runtime/RuntimeContext.cpp:1378][APP - INFO] SMG requested system level sound SE_OJ_LV_HD_STEAM
[src/runtime/RuntimeContext.cpp:1378][APP - INFO] SMG requested system level sound SE_OJ_LV_HD_STEAM
[src/runtime/RuntimeContext.cpp:1378][APP - INFO] SMG requested system level sound SE_OJ_LV_HD_STEAM
[src/runtime/RuntimeContext.cpp:1378][APP - INFO] SMG requested system level sound SE_OJ_LV_HD_STEAM
[src/runtime/RuntimeContext.cpp:1378][APP - INFO] SMG requested system level sound SE_OJ_LV_HD_STEAM
[src/runtime/RuntimeContext.cpp:1378][APP - INFO] SMG requested system level sound SE_OJ_LV_HD_STEAM
[src/runtime/RuntimeContext.cpp:1378][APP - INFO] SMG requested system level sound SE_OJ_LV_HD_STEAM
[src/runtime/RuntimeContext.cpp:1378][APP - INFO] SMG requested system level sound SE_OJ_LV_HD_STEAM
[src/runtime/RuntimeContext.cpp:1378][APP - INFO] SMG requested system level sound SE_OJ_LV_HD_STEAM
[src/runtime/RuntimeContext.cpp:1378][APP - INFO] SMG requested system level sound SE_OJ_LV_HD_STEAM
[src/runtime/RuntimeContext.cpp:1378][APP - INFO] SMG requested system level sound SE_OJ_LV_HD_STEAM
[src/runtime/RuntimeContext.cpp:1378][APP - INFO] SMG requested system level sound SE_OJ_LV_HD_STEAM
[src/runtime/RuntimeContext.cpp:1378][APP - INFO] SMG requested system level sound SE_OJ_LV_HD_STEAM
[src/runtime/RuntimeContext.cpp:1378][APP - INFO] SMG requested system level sound SE_OJ_LV_HD_STEAM
[src/runtime/RuntimeContext.cpp:1378][APP - INFO] SMG requested system level sound SE_OJ_LV_HD_STEAM
[src/runtime/RuntimeContext.cpp:1378][APP - INFO] SMG requested system level sound SE_OJ_LV_HD_STEAM
[src/runtime/RuntimeContext.cpp:1378][APP - INFO] SMG requested system level sound SE_OJ_LV_HD_STEAM
[src/runtime/RuntimeContext.cpp:1378][APP - INFO] SMG requested system level sound SE_OJ_LV_HD_STEAM
[src/runtime/RuntimeContext.cpp:1378][APP - INFO] SMG requested system level sound SE_OJ_LV_HD_STEAM
[src/runtime/RuntimeContext.cpp:1378][APP - INFO] SMG requested system level sound SE_OJ_LV_HD_STEAM
[src/runtime/RuntimeContext.cpp:1378][APP - INFO] SMG requested system level sound SE_OJ_LV_HD_STEAM
[src/runtime/RuntimeContext.cpp:1378][APP - INFO] SMG requested system level sound SE_OJ_LV_HD_STEAM
[src/runtime/RuntimeContext.cpp:1378][APP - INFO] SMG requested system level sound SE_OJ_LV_HD_STEAM
[src/runtime/RuntimeContext.cpp:1378][APP - INFO] SMG requested system level sound SE_OJ_LV_HD_STEAM
[src/runtime/RuntimeContext.cpp:1378][APP - INFO] SMG requested system level sound SE_OJ_LV_HD_STEAM
[src/runtime/RuntimeContext.cpp:1378][APP - INFO] SMG requested system level sound SE_OJ_LV_HD_STEAM
[src/runtime/RuntimeContext.cpp:1378][APP - INFO] SMG requested system level sound SE_OJ_LV_HD_STEAM
[src/runtime/RuntimeContext.cpp:1378][APP - INFO] SMG requested system level sound SE_OJ_LV_HD_STEAM
[src/runtime/RuntimeContext.cpp:1378][APP - INFO] SMG requested system level sound SE_OJ_LV_HD_STEAM
[src/runtime/RuntimeContext.cpp:1378][APP - INFO] SMG requested system level sound SE_OJ_LV_HD_STEAM
[src/runtime/RuntimeContext.cpp:1378][APP - INFO] SMG requested system level sound SE_OJ_LV_HD_STEAM
[src/runtime/RuntimeContext.cpp:1378][APP - INFO] SMG requested system level sound SE_OJ_LV_HD_STEAM
[src/runtime/RuntimeContext.cpp:1378][APP - INFO] SMG requested system level sound SE_OJ_LV_HD_STEAM
[src/runtime/RuntimeContext.cpp:1378][APP - INFO] SMG requested system level sound SE_OJ_LV_HD_STEAM
[src/runtime/RuntimeContext.cpp:1378][APP - INFO] SMG requested system level sound SE_OJ_LV_HD_STEAM
[src/runtime/RuntimeContext.cpp:1378][APP - INFO] SMG requested system level sound SE_OJ_LV_HD_STEAM
[src/runtime/RuntimeContext.cpp:1378][APP - INFO] SMG requested system level sound SE_OJ_LV_HD_STEAM
[src/runtime/RuntimeContext.cpp:1378][APP - INFO] SMG requested system level sound SE_OJ_LV_HD_STEAM
[src/runtime/RuntimeContext.cpp:1378][APP - INFO] SMG requested system level sound SE_OJ_LV_HD_STEAM
[src/runtime/RuntimeContext.cpp:1378][APP - INFO] SMG requested system level sound SE_OJ_LV_HD_STEAM
[src/runtime/RuntimeContext.cpp:1378][APP - INFO] SMG requested system level sound SE_OJ_LV_HD_STEAM
[src/runtime/RuntimeContext.cpp:1378][APP - INFO] SMG requested system level sound SE_OJ_LV_HD_STEAM
[src/runtime/RuntimeContext.cpp:1378][APP - INFO] SMG requested system level sound SE_OJ_LV_HD_STEAM
[src/runtime/RuntimeContext.cpp:1378][APP - INFO] SMG requested system level sound SE_OJ_LV_HD_STEAM
[src/runtime/RuntimeContext.cpp:1378][APP - INFO] SMG requested system level sound SE_OJ_LV_HD_STEAM
[src/runtime/RuntimeContext.cpp:1378][APP - INFO] SMG requested system level sound SE_OJ_LV_HD_STEAM
[src/runtime/RuntimeContext.cpp:1378][APP - INFO] SMG requested system level sound SE_OJ_LV_HD_STEAM
[src/runtime/RuntimeContext.cpp:1378][APP - INFO] SMG requested system level sound SE_OJ_LV_HD_STEAM
[src/runtime/RuntimeContext.cpp:1378][APP - INFO] SMG requested system level sound SE_OJ_LV_HD_STEAM
[src/runtime/RuntimeContext.cpp:1378][APP - INFO] SMG requested system level sound SE_OJ_LV_HD_STEAM
[src/runtime/RuntimeContext.cpp:1378][APP - INFO] SMG requested system level sound SE_OJ_LV_HD_STEAM
[src/runtime/RuntimeContext.cpp:1378][APP - INFO] SMG requested system level sound SE_OJ_LV_HD_STEAM
[src/runtime/RuntimeContext.cpp:1378][APP - INFO] SMG requested system level sound SE_OJ_LV_HD_STEAM
[src/runtime/RuntimeContext.cpp:1378][APP - INFO] SMG requested system level sound SE_OJ_LV_HD_STEAM
[src/runtime/RuntimeContext.cpp:1378][APP - INFO] SMG requested system level sound SE_OJ_LV_HD_STEAM
[src/runtime/RuntimeContext.cpp:1378][APP - INFO] SMG requested system level sound SE_OJ_LV_HD_STEAM
[src/runtime/RuntimeContext.cpp:1378][APP - INFO] SMG requested system level sound SE_OJ_LV_HD_STEAM
[src/runtime/RuntimeContext.cpp:1378][APP - INFO] SMG requested system level sound SE_OJ_LV_HD_STEAM
[src/runtime/RuntimeContext.cpp:1378][APP - INFO] SMG requested system level sound SE_OJ_LV_HD_STEAM
[src/runtime/RuntimeContext.cpp:1378][APP - INFO] SMG requested system level sound SE_OJ_LV_HD_STEAM
[src/runtime/RuntimeContext.cpp:1378][APP - INFO] SMG requested system level sound SE_OJ_LV_HD_STEAM
[src/runtime/RuntimeContext.cpp:1378][APP - INFO] SMG requested system level sound SE_OJ_LV_HD_STEAM
[src/runtime/RuntimeContext.cpp:1378][APP - INFO] SMG requested system level sound SE_OJ_LV_HD_STEAM
[src/runtime/RuntimeContext.cpp:1378][APP - INFO] SMG requested system level sound SE_OJ_LV_HD_STEAM
[src/runtime/RuntimeContext.cpp:1378][APP - INFO] SMG requested system level sound SE_OJ_LV_HD_STEAM
[src/runtime/RuntimeContext.cpp:1378][APP - INFO] SMG requested system level sound SE_OJ_LV_HD_STEAM
[src/runtime/RuntimeContext.cpp:1378][APP - INFO] SMG requested system level sound SE_OJ_LV_HD_STEAM
[src/runtime/RuntimeContext.cpp:1378][APP - INFO] SMG requested system level sound SE_OJ_LV_HD_STEAM
[src/runtime/RuntimeContext.cpp:1378][APP - INFO] SMG requested system level sound SE_OJ_LV_HD_STEAM
[src/runtime/RuntimeContext.cpp:1378][APP - INFO] SMG requested system level sound SE_OJ_LV_HD_STEAM
[src/runtime/RuntimeContext.cpp:1378][APP - INFO] SMG requested system level sound SE_OJ_LV_HD_STEAM
[src/runtime/RuntimeContext.cpp:1378][APP - INFO] SMG requested system level sound SE_OJ_LV_HD_STEAM
[src/runtime/RuntimeContext.cpp:1378][APP - INFO] SMG requested system level sound SE_OJ_LV_HD_STEAM
[src/runtime/RuntimeContext.cpp:1378][APP - INFO] SMG requested system level sound SE_OJ_LV_HD_STEAM
[src/runtime/RuntimeContext.cpp:1378][APP - INFO] SMG requested system level sound SE_OJ_LV_HD_STEAM
[src/runtime/RuntimeContext.cpp:1378][APP - INFO] SMG requested system level sound SE_OJ_LV_HD_STEAM
[src/runtime/RuntimeContext.cpp:1378][APP - INFO] SMG requested system level sound SE_OJ_LV_HD_STEAM
[src/runtime/RuntimeContext.cpp:1378][APP - INFO] SMG requested system level sound SE_OJ_LV_HD_STEAM
[src/runtime/RuntimeContext.cpp:1378][APP - INFO] SMG requested system level sound SE_OJ_LV_HD_STEAM
[src/runtime/RuntimeContext.cpp:1378][APP - INFO] SMG requested system level sound SE_OJ_LV_HD_STEAM
[src/runtime/RuntimeContext.cpp:1378][APP - INFO] SMG requested system level sound SE_OJ_LV_HD_STEAM
[src/runtime/RuntimeContext.cpp:1378][APP - INFO] SMG requested system level sound SE_OJ_LV_HD_STEAM
[src/runtime/RuntimeContext.cpp:1378][APP - INFO] SMG requested system level sound SE_OJ_LV_HD_STEAM
[src/runtime/RuntimeContext.cpp:1378][APP - INFO] SMG requested system level sound SE_OJ_LV_HD_STEAM
[src/runtime/RuntimeContext.cpp:1378][APP - INFO] SMG requested system level sound SE_OJ_LV_HD_STEAM
[src/runtime/RuntimeContext.cpp:1378][APP - INFO] SMG requested system level sound SE_OJ_LV_HD_STEAM
[src/runtime/RuntimeContext.cpp:1378][APP - INFO] SMG requested system level sound SE_OJ_LV_HD_STEAM
[src/runtime/RuntimeContext.cpp:1378][APP - INFO] SMG requested system level sound SE_OJ_LV_HD_STEAM
[src/runtime/RuntimeContext.cpp:1378][APP - INFO] SMG requested system level sound SE_OJ_LV_HD_STEAM
[src/runtime/RuntimeContext.cpp:1378][APP - INFO] SMG requested system level sound SE_OJ_LV_HD_STEAM
[src/runtime/RuntimeContext.cpp:1378][APP - INFO] SMG requested system level sound SE_OJ_LV_HD_STEAM
[src/runtime/RuntimeContext.cpp:1378][APP - INFO] SMG requested system level sound SE_OJ_LV_HD_STEAM
[src/runtime/RuntimeContext.cpp:1378][APP - INFO] SMG requested system level sound SE_OJ_LV_HD_STEAM
[src/runtime/RuntimeContext.cpp:1378][APP - INFO] SMG requested system level sound SE_OJ_LV_HD_STEAM
[src/runtime/RuntimeContext.cpp:1378][APP - INFO] SMG requested system level sound SE_OJ_LV_HD_STEAM
[src/runtime/RuntimeContext.cpp:1378][APP - INFO] SMG requested system level sound SE_OJ_LV_HD_STEAM
[src/runtime/RuntimeContext.cpp:1378][APP - INFO] SMG requested system level sound SE_OJ_LV_HD_STEAM
[src/runtime/RuntimeContext.cpp:1378][APP - INFO] SMG requested system level sound SE_OJ_LV_HD_STEAM
[src/runtime/RuntimeContext.cpp:1378][APP - INFO] SMG requested system level sound SE_OJ_LV_HD_STEAM
[src/runtime/RuntimeContext.cpp:1378][APP - INFO] SMG requested system level sound SE_OJ_LV_HD_STEAM
[src/runtime/RuntimeContext.cpp:1378][APP - INFO] SMG requested system level sound SE_OJ_LV_HD_STEAM
[src/runtime/RuntimeContext.cpp:1378][APP - INFO] SMG requested system level sound SE_OJ_LV_HD_STEAM
[src/runtime/RuntimeContext.cpp:1378][APP - INFO] SMG requested system level sound SE_OJ_LV_HD_STEAM
[src/runtime/RuntimeContext.cpp:1378][APP - INFO] SMG requested system level sound SE_OJ_LV_HD_STEAM
[src/runtime/RuntimeContext.cpp:1378][APP - INFO] SMG requested system level sound SE_OJ_LV_HD_STEAM
[src/runtime/RuntimeContext.cpp:1378][APP - INFO] SMG requested system level sound SE_OJ_LV_HD_STEAM
[src/runtime/RuntimeContext.cpp:1378][APP - INFO] SMG requested system level sound SE_OJ_LV_HD_STEAM
[src/runtime/RuntimeContext.cpp:1378][APP - INFO] SMG requested system level sound SE_OJ_LV_HD_STEAM
[src/runtime/RuntimeContext.cpp:1378][APP - INFO] SMG requested system level sound SE_OJ_LV_HD_STEAM
[src/runtime/RuntimeContext.cpp:1378][APP - INFO] SMG requested system level sound SE_OJ_LV_HD_STEAM
[src/runtime/RuntimeContext.cpp:1378][APP - INFO] SMG requested system level sound SE_OJ_LV_HD_STEAM
[src/runtime/RuntimeContext.cpp:1378][APP - INFO] SMG requested system level sound SE_OJ_LV_HD_STEAM
[src/runtime/RuntimeContext.cpp:1378][APP - INFO] SMG requested system level sound SE_OJ_LV_HD_STEAM
[src/runtime/RuntimeContext.cpp:1378][APP - INFO] SMG requested system level sound SE_OJ_LV_HD_STEAM
[src/runtime/RuntimeContext.cpp:1378][APP - INFO] SMG requested system level sound SE_OJ_LV_HD_STEAM
[src/runtime/RuntimeContext.cpp:1378][APP - INFO] SMG requested system level sound SE_OJ_LV_HD_STEAM
[src/runtime/RuntimeContext.cpp:1378][APP - INFO] SMG requested system level sound SE_OJ_LV_HD_STEAM
[src/runtime/RuntimeContext.cpp:1378][APP - INFO] SMG requested system level sound SE_OJ_LV_HD_STEAM
[src/runtime/RuntimeContext.cpp:1378][APP - INFO] SMG requested system level sound SE_OJ_LV_HD_STEAM
[src/runtime/RuntimeContext.cpp:1378][APP - INFO] SMG requested system level sound SE_OJ_LV_HD_STEAM
[src/runtime/RuntimeContext.cpp:1378][APP - INFO] SMG requested system level sound SE_OJ_LV_HD_STEAM
[src/runtime/RuntimeContext.cpp:1378][APP - INFO] SMG requested system level sound SE_OJ_LV_HD_STEAM
[src/runtime/RuntimeContext.cpp:1378][APP - INFO] SMG requested system level sound SE_OJ_LV_HD_STEAM
[src/runtime/RuntimeContext.cpp:1378][APP - INFO] SMG requested system level sound SE_OJ_LV_HD_STEAM
[src/runtime/RuntimeContext.cpp:1378][APP - INFO] SMG requested system level sound SE_OJ_LV_HD_STEAM
[src/runtime/RuntimeContext.cpp:1378][APP - INFO] SMG requested system level sound SE_OJ_LV_HD_STEAM
[src/runtime/RuntimeContext.cpp:1378][APP - INFO] SMG requested system level sound SE_OJ_LV_HD_STEAM
[src/runtime/RuntimeContext.cpp:1378][APP - INFO] SMG requested system level sound SE_OJ_LV_HD_STEAM
[src/runtime/RuntimeContext.cpp:1378][APP - INFO] SMG requested system level sound SE_OJ_LV_HD_STEAM
[src/runtime/RuntimeContext.cpp:1378][APP - INFO] SMG requested system level sound SE_OJ_LV_HD_STEAM
[src/runtime/RuntimeContext.cpp:1378][APP - INFO] SMG requested system level sound SE_OJ_LV_HD_STEAM
[src/runtime/RuntimeContext.cpp:1378][APP - INFO] SMG requested system level sound SE_OJ_LV_HD_STEAM
[src/runtime/RuntimeContext.cpp:1378][APP - INFO] SMG requested system level sound SE_OJ_LV_HD_STEAM
[src/runtime/RuntimeContext.cpp:1378][APP - INFO] SMG requested system level sound SE_OJ_LV_HD_STEAM
[src/runtime/RuntimeContext.cpp:1378][APP - INFO] SMG requested system level sound SE_OJ_LV_HD_STEAM
[src/runtime/RuntimeContext.cpp:1378][APP - INFO] SMG requested system level sound SE_OJ_LV_HD_STEAM
[src/runtime/RuntimeContext.cpp:1378][APP - INFO] SMG requested system level sound SE_OJ_LV_HD_STEAM
[src/runtime/RuntimeContext.cpp:1378][APP - INFO] SMG requested system level sound SE_OJ_LV_HD_STEAM
[src/runtime/RuntimeContext.cpp:1378][APP - INFO] SMG requested system level sound SE_OJ_LV_HD_STEAM
[src/runtime/RuntimeContext.cpp:1378][APP - INFO] SMG requested system level sound SE_OJ_LV_HD_STEAM
[src/runtime/RuntimeContext.cpp:1378][APP - INFO] SMG requested system level sound SE_OJ_LV_HD_STEAM
[src/runtime/RuntimeContext.cpp:1378][APP - INFO] SMG requested system level sound SE_OJ_LV_HD_STEAM
[src/runtime/RuntimeContext.cpp:1378][APP - INFO] SMG requested system level sound SE_OJ_LV_HD_STEAM
[src/runtime/RuntimeContext.cpp:1378][APP - INFO] SMG requested system level sound SE_OJ_LV_HD_STEAM
[src/runtime/RuntimeContext.cpp:1378][APP - INFO] SMG requested system level sound SE_OJ_LV_HD_STEAM
[src/runtime/RuntimeContext.cpp:1378][APP - INFO] SMG requested system level sound SE_OJ_LV_HD_STEAM
[src/runtime/RuntimeContext.cpp:1378][APP - INFO] SMG requested system level sound SE_OJ_LV_HD_STEAM
[src/runtime/RuntimeContext.cpp:1378][APP - INFO] SMG requested system level sound SE_OJ_LV_HD_STEAM
[src/runtime/RuntimeContext.cpp:1378][APP - INFO] SMG requested system level sound SE_OJ_LV_HD_STEAM
[src/runtime/RuntimeContext.cpp:1378][APP - INFO] SMG requested system level sound SE_OJ_LV_HD_STEAM
[src/runtime/RuntimeContext.cpp:1378][APP - INFO] SMG requested system level sound SE_OJ_LV_HD_STEAM
[src/runtime/RuntimeContext.cpp:1378][APP - INFO] SMG requested system level sound SE_OJ_LV_HD_STEAM
[src/runtime/RuntimeContext.cpp:1378][APP - INFO] SMG requested system level sound SE_OJ_LV_HD_STEAM
[src/runtime/RuntimeContext.cpp:1378][APP - INFO] SMG requested system level sound SE_OJ_LV_HD_STEAM
[src/runtime/RuntimeContext.cpp:1378][APP - INFO] SMG requested system level sound SE_OJ_LV_HD_STEAM
[src/runtime/RuntimeContext.cpp:1378][APP - INFO] SMG requested system level sound SE_OJ_LV_HD_STEAM
[src/runtime/RuntimeContext.cpp:1378][APP - INFO] SMG requested system level sound SE_OJ_LV_HD_STEAM
[src/runtime/RuntimeContext.cpp:1378][APP - INFO] SMG requested system level sound SE_OJ_LV_HD_STEAM
[src/runtime/RuntimeContext.cpp:1378][APP - INFO] SMG requested system level sound SE_OJ_LV_HD_STEAM
[src/runtime/RuntimeContext.cpp:1378][APP - INFO] SMG requested system level sound SE_OJ_LV_HD_STEAM
[src/runtime/RuntimeContext.cpp:1378][APP - INFO] SMG requested system level sound SE_OJ_LV_HD_STEAM
[src/runtime/RuntimeContext.cpp:1378][APP - INFO] SMG requested system level sound SE_OJ_LV_HD_STEAM
[src/runtime/RuntimeContext.cpp:1378][APP - INFO] SMG requested system level sound SE_OJ_LV_HD_STEAM
[src/runtime/RuntimeContext.cpp:1378][APP - INFO] SMG requested system level sound SE_OJ_LV_HD_STEAM
[src/runtime/RuntimeContext.cpp:1378][APP - INFO] SMG requested system level sound SE_OJ_LV_HD_STEAM
[src/runtime/RuntimeContext.cpp:1378][APP - INFO] SMG requested system level sound SE_OJ_LV_HD_STEAM
[src/runtime/RuntimeContext.cpp:1378][APP - INFO] SMG requested system level sound SE_OJ_LV_HD_STEAM
[src/runtime/RuntimeContext.cpp:1378][APP - INFO] SMG requested system level sound SE_OJ_LV_HD_STEAM
[src/runtime/RuntimeContext.cpp:1378][APP - INFO] SMG requested system level sound SE_OJ_LV_HD_STEAM
[src/runtime/RuntimeContext.cpp:1378][APP - INFO] SMG requested system level sound SE_OJ_LV_HD_STEAM
[src/runtime/RuntimeContext.cpp:1378][APP - INFO] SMG requested system level sound SE_OJ_LV_HD_STEAM
[src/runtime/RuntimeContext.cpp:1378][APP - INFO] SMG requested system level sound SE_OJ_LV_HD_STEAM
[src/runtime/RuntimeContext.cpp:1378][APP - INFO] SMG requested system level sound SE_OJ_LV_HD_STEAM
[src/runtime/RuntimeContext.cpp:1378][APP - INFO] SMG requested system level sound SE_OJ_LV_HD_STEAM
[src/runtime/RuntimeContext.cpp:1378][APP - INFO] SMG requested system level sound SE_OJ_LV_HD_STEAM
[src/runtime/RuntimeContext.cpp:1378][APP - INFO] SMG requested system level sound SE_OJ_LV_HD_STEAM
[src/runtime/RuntimeContext.cpp:1378][APP - INFO] SMG requested system level sound SE_OJ_LV_HD_STEAM
[src/runtime/RuntimeContext.cpp:1378][APP - INFO] SMG requested system level sound SE_OJ_LV_HD_STEAM
[src/runtime/RuntimeContext.cpp:1378][APP - INFO] SMG requested system level sound SE_OJ_LV_HD_STEAM
[src/runtime/RuntimeContext.cpp:1378][APP - INFO] SMG requested system level sound SE_OJ_LV_HD_STEAM
[src/runtime/RuntimeContext.cpp:1378][APP - INFO] SMG requested system level sound SE_OJ_LV_HD_STEAM
[src/runtime/RuntimeContext.cpp:1378][APP - INFO] SMG requested system level sound SE_OJ_LV_HD_STEAM
[src/runtime/RuntimeContext.cpp:1378][APP - INFO] SMG requested system level sound SE_OJ_LV_HD_STEAM
[src/runtime/RuntimeContext.cpp:1378][APP - INFO] SMG requested system level sound SE_OJ_LV_HD_STEAM
[src/runtime/RuntimeContext.cpp:1378][APP - INFO] SMG requested system level sound SE_OJ_LV_HD_STEAM
[src/runtime/RuntimeContext.cpp:1378][APP - INFO] SMG requested system level sound SE_OJ_LV_HD_STEAM
[src/runtime/RuntimeContext.cpp:1378][APP - INFO] SMG requested system level sound SE_OJ_LV_HD_STEAM
[src/runtime/RuntimeContext.cpp:1378][APP - INFO] SMG requested system level sound SE_OJ_LV_HD_STEAM
[src/runtime/RuntimeContext.cpp:1378][APP - INFO] SMG requested system level sound SE_OJ_LV_HD_STEAM
[src/runtime/RuntimeContext.cpp:1378][APP - INFO] SMG requested system level sound SE_OJ_LV_HD_STEAM
[src/runtime/RuntimeContext.cpp:1378][APP - INFO] SMG requested system level sound SE_OJ_LV_HD_STEAM
[src/runtime/RuntimeContext.cpp:1378][APP - INFO] SMG requested system level sound SE_OJ_LV_HD_STEAM
[src/runtime/RuntimeContext.cpp:1378][APP - INFO] SMG requested system level sound SE_OJ_LV_HD_STEAM
[src/runtime/RuntimeContext.cpp:1378][APP - INFO] SMG requested system level sound SE_OJ_LV_HD_STEAM
[src/runtime/RuntimeContext.cpp:1378][APP - INFO] SMG requested system level sound SE_OJ_LV_HD_STEAM
[src/runtime/RuntimeContext.cpp:1378][APP - INFO] SMG requested system level sound SE_OJ_LV_HD_STEAM
[src/runtime/RuntimeContext.cpp:1378][APP - INFO] SMG requested system level sound SE_OJ_LV_HD_STEAM
[src/runtime/RuntimeContext.cpp:1378][APP - INFO] SMG requested system level sound SE_OJ_LV_HD_STEAM
[src/runtime/RuntimeContext.cpp:1378][APP - INFO] SMG requested system level sound SE_OJ_LV_HD_STEAM
[src/runtime/RuntimeContext.cpp:1378][APP - INFO] SMG requested system level sound SE_OJ_LV_HD_STEAM
[src/runtime/RuntimeContext.cpp:1378][APP - INFO] SMG requested system level sound SE_OJ_LV_HD_STEAM
[src/runtime/RuntimeContext.cpp:1378][APP - INFO] SMG requested system level sound SE_OJ_LV_HD_STEAM
[src/runtime/RuntimeContext.cpp:1378][APP - INFO] SMG requested system level sound SE_OJ_LV_HD_STEAM
[src/runtime/RuntimeContext.cpp:1378][APP - INFO] SMG requested system level sound SE_OJ_LV_HD_STEAM
[src/runtime/RuntimeContext.cpp:1378][APP - INFO] SMG requested system level sound SE_OJ_LV_HD_STEAM
[src/runtime/RuntimeContext.cpp:1378][APP - INFO] SMG requested system level sound SE_OJ_LV_HD_STEAM
[src/runtime/RuntimeContext.cpp:1378][APP - INFO] SMG requested system level sound SE_OJ_LV_HD_STEAM
[src/runtime/RuntimeContext.cpp:1378][APP - INFO] SMG requested system level sound SE_OJ_LV_HD_STEAM
[src/runtime/RuntimeContext.cpp:1378][APP - INFO] SMG requested system level sound SE_OJ_LV_HD_STEAM
[src/runtime/RuntimeContext.cpp:1378][APP - INFO] SMG requested system level sound SE_OJ_LV_HD_STEAM
[src/runtime/RuntimeContext.cpp:1378][APP - INFO] SMG requested system level sound SE_OJ_LV_HD_STEAM
[src/runtime/RuntimeContext.cpp:1378][APP - INFO] SMG requested system level sound SE_OJ_LV_HD_STEAM
[src/runtime/RuntimeContext.cpp:1378][APP - INFO] SMG requested system level sound SE_OJ_LV_HD_STEAM
[src/runtime/RuntimeContext.cpp:1378][APP - INFO] SMG requested system level sound SE_OJ_LV_HD_STEAM
[src/runtime/RuntimeContext.cpp:1378][APP - INFO] SMG requested system level sound SE_OJ_LV_HD_STEAM
[src/runtime/RuntimeContext.cpp:1378][APP - INFO] SMG requested system level sound SE_OJ_LV_HD_STEAM
[src/runtime/RuntimeContext.cpp:1378][APP - INFO] SMG requested system level sound SE_OJ_LV_HD_STEAM
[src/runtime/RuntimeContext.cpp:1378][APP - INFO] SMG requested system level sound SE_OJ_LV_HD_STEAM
[src/runtime/RuntimeContext.cpp:1378][APP - INFO] SMG requested system level sound SE_OJ_LV_HD_STEAM
[src/runtime/RuntimeContext.cpp:1378][APP - INFO] SMG requested system level sound SE_OJ_LV_HD_STEAM
[src/runtime/RuntimeContext.cpp:1378][APP - INFO] SMG requested system level sound SE_OJ_LV_HD_STEAM
[src/runtime/RuntimeContext.cpp:1378][APP - INFO] SMG requested system level sound SE_OJ_LV_HD_STEAM
[src/runtime/RuntimeContext.cpp:1378][APP - INFO] SMG requested system level sound SE_OJ_LV_HD_STEAM
[src/runtime/RuntimeContext.cpp:1378][APP - INFO] SMG requested system level sound SE_OJ_LV_HD_STEAM
[src/runtime/RuntimeContext.cpp:1378][APP - INFO] SMG requested system level sound SE_OJ_LV_HD_STEAM
[src/runtime/RuntimeContext.cpp:1378][APP - INFO] SMG requested system level sound SE_OJ_LV_HD_STEAM
[src/runtime/RuntimeContext.cpp:1378][APP - INFO] SMG requested system level sound SE_OJ_LV_HD_STEAM
[src/runtime/RuntimeContext.cpp:1378][APP - INFO] SMG requested system level sound SE_OJ_LV_HD_STEAM
[src/runtime/RuntimeContext.cpp:1378][APP - INFO] SMG requested system level sound SE_OJ_LV_HD_STEAM
[src/runtime/RuntimeContext.cpp:1378][APP - INFO] SMG requested system level sound SE_OJ_LV_HD_STEAM
[src/runtime/RuntimeContext.cpp:1378][APP - INFO] SMG requested system level sound SE_OJ_LV_HD_STEAM
[src/runtime/RuntimeContext.cpp:1378][APP - INFO] SMG requested system level sound SE_OJ_LV_HD_STEAM
[src/runtime/RuntimeContext.cpp:1378][APP - INFO] SMG requested system level sound SE_OJ_LV_HD_STEAM
[src/runtime/RuntimeContext.cpp:1378][APP - INFO] SMG requested system level sound SE_OJ_LV_HD_STEAM
[src/runtime/RuntimeContext.cpp:1378][APP - INFO] SMG requested system level sound SE_OJ_LV_HD_STEAM
[src/runtime/RuntimeContext.cpp:1378][APP - INFO] SMG requested system level sound SE_OJ_LV_HD_STEAM
[src/runtime/RuntimeContext.cpp:1378][APP - INFO] SMG requested system level sound SE_OJ_LV_HD_STEAM
[src/runtime/RuntimeContext.cpp:1378][APP - INFO] SMG requested system level sound SE_OJ_LV_HD_STEAM
[src/runtime/RuntimeContext.cpp:1378][APP - INFO] SMG requested system level sound SE_OJ_LV_HD_STEAM
[src/runtime/RuntimeContext.cpp:1378][APP - INFO] SMG requested system level sound SE_OJ_LV_HD_STEAM
[src/runtime/RuntimeContext.cpp:1378][APP - INFO] SMG requested system level sound SE_OJ_LV_HD_STEAM
[src/runtime/RuntimeContext.cpp:1378][APP - INFO] SMG requested system level sound SE_OJ_LV_HD_STEAM
[src/runtime/RuntimeContext.cpp:1378][APP - INFO] SMG requested system level sound SE_OJ_LV_HD_STEAM
[src/runtime/RuntimeContext.cpp:1378][APP - INFO] SMG requested system level sound SE_OJ_LV_HD_STEAM
[src/runtime/RuntimeContext.cpp:1378][APP - INFO] SMG requested system level sound SE_OJ_LV_HD_STEAM
[src/runtime/RuntimeContext.cpp:1378][APP - INFO] SMG requested system level sound SE_OJ_LV_HD_STEAM
[src/runtime/RuntimeContext.cpp:1378][APP - INFO] SMG requested system level sound SE_OJ_LV_HD_STEAM
[src/runtime/RuntimeContext.cpp:1378][APP - INFO] SMG requested system level sound SE_OJ_LV_HD_STEAM
[src/runtime/RuntimeContext.cpp:1378][APP - INFO] SMG requested system level sound SE_OJ_LV_HD_STEAM
[src/runtime/RuntimeContext.cpp:1378][APP - INFO] SMG requested system level sound SE_OJ_LV_HD_STEAM
[src/runtime/RuntimeContext.cpp:1378][APP - INFO] SMG requested system level sound SE_OJ_LV_HD_STEAM
[src/runtime/RuntimeContext.cpp:1378][APP - INFO] SMG requested system level sound SE_OJ_LV_HD_STEAM
[src/runtime/RuntimeContext.cpp:1378][APP - INFO] SMG requested system level sound SE_OJ_LV_HD_STEAM
[src/runtime/RuntimeContext.cpp:1378][APP - INFO] SMG requested system level sound SE_OJ_LV_HD_STEAM
[src/runtime/RuntimeContext.cpp:1378][APP - INFO] SMG requested system level sound SE_OJ_LV_HD_STEAM
[src/runtime/RuntimeContext.cpp:1378][APP - INFO] SMG requested system level sound SE_OJ_LV_HD_STEAM
[src/runtime/RuntimeContext.cpp:1378][APP - INFO] SMG requested system level sound SE_OJ_LV_HD_STEAM
[src/runtime/RuntimeContext.cpp:1378][APP - INFO] SMG requested system level sound SE_OJ_LV_HD_STEAM
[src/runtime/RuntimeContext.cpp:1378][APP - INFO] SMG requested system level sound SE_OJ_LV_HD_STEAM
[src/runtime/RuntimeContext.cpp:1378][APP - INFO] SMG requested system level sound SE_OJ_LV_HD_STEAM
[src/runtime/RuntimeContext.cpp:1378][APP - INFO] SMG requested system level sound SE_OJ_LV_HD_STEAM
[src/runtime/RuntimeContext.cpp:1378][APP - INFO] SMG requested system level sound SE_OJ_LV_HD_STEAM
[src/runtime/RuntimeContext.cpp:1378][APP - INFO] SMG requested system level sound SE_OJ_LV_HD_STEAM
[src/runtime/RuntimeContext.cpp:1378][APP - INFO] SMG requested system level sound SE_OJ_LV_HD_STEAM
[src/runtime/RuntimeContext.cpp:1378][APP - INFO] SMG requested system level sound SE_OJ_LV_HD_STEAM
[src/runtime/RuntimeContext.cpp:1378][APP - INFO] SMG requested system level sound SE_OJ_LV_HD_STEAM
[src/runtime/RuntimeContext.cpp:1378][APP - INFO] SMG requested system level sound SE_OJ_LV_HD_STEAM
[src/runtime/RuntimeContext.cpp:1378][APP - INFO] SMG requested system level sound SE_OJ_LV_HD_STEAM
[src/runtime/RuntimeContext.cpp:1378][APP - INFO] SMG requested system level sound SE_OJ_LV_HD_STEAM
[src/runtime/RuntimeContext.cpp:1378][APP - INFO] SMG requested system level sound SE_OJ_LV_HD_STEAM
[src/runtime/RuntimeContext.cpp:1378][APP - INFO] SMG requested system level sound SE_OJ_LV_HD_STEAM
[src/runtime/RuntimeContext.cpp:1378][APP - INFO] SMG requested system level sound SE_OJ_LV_HD_STEAM
[src/runtime/RuntimeContext.cpp:1378][APP - INFO] SMG requested system level sound SE_OJ_LV_HD_STEAM
[src/runtime/RuntimeContext.cpp:1378][APP - INFO] SMG requested system level sound SE_OJ_LV_HD_STEAM
[src/runtime/RuntimeContext.cpp:1378][APP - INFO] SMG requested system level sound SE_OJ_LV_HD_STEAM
[src/runtime/RuntimeContext.cpp:1378][APP - INFO] SMG requested system level sound SE_OJ_LV_HD_STEAM
[src/runtime/RuntimeContext.cpp:1378][APP - INFO] SMG requested system level sound SE_OJ_LV_HD_STEAM
[src/runtime/RuntimeContext.cpp:1378][APP - INFO] SMG requested system level sound SE_OJ_LV_HD_STEAM
[src/runtime/RuntimeContext.cpp:1378][APP - INFO] SMG requested system level sound SE_OJ_LV_HD_STEAM
[src/runtime/RuntimeContext.cpp:1378][APP - INFO] SMG requested system level sound SE_OJ_LV_HD_STEAM
[src/runtime/RuntimeContext.cpp:1378][APP - INFO] SMG requested system level sound SE_OJ_LV_HD_STEAM
[src/runtime/RuntimeContext.cpp:1378][APP - INFO] SMG requested system level sound SE_OJ_LV_HD_STEAM
[src/runtime/RuntimeContext.cpp:1378][APP - INFO] SMG requested system level sound SE_OJ_LV_HD_STEAM
[src/runtime/RuntimeContext.cpp:1378][APP - INFO] SMG requested system level sound SE_OJ_LV_HD_STEAM
[src/runtime/RuntimeContext.cpp:1378][APP - INFO] SMG requested system level sound SE_OJ_LV_HD_STEAM
[src/runtime/RuntimeContext.cpp:1378][APP - INFO] SMG requested system level sound SE_OJ_LV_HD_STEAM
[src/runtime/RuntimeContext.cpp:1378][APP - INFO] SMG requested system level sound SE_OJ_LV_HD_STEAM
[src/runtime/RuntimeContext.cpp:1378][APP - INFO] SMG requested system level sound SE_OJ_LV_HD_STEAM
[src/runtime/RuntimeContext.cpp:1378][APP - INFO] SMG requested system level sound SE_OJ_LV_HD_STEAM
[src/runtime/RuntimeContext.cpp:1378][APP - INFO] SMG requested system level sound SE_OJ_LV_HD_STEAM
[src/runtime/RuntimeContext.cpp:1378][APP - INFO] SMG requested system level sound SE_OJ_LV_HD_STEAM
[src/runtime/RuntimeContext.cpp:1378][APP - INFO] SMG requested system level sound SE_OJ_LV_HD_STEAM
[src/runtime/RuntimeContext.cpp:1378][APP - INFO] SMG requested system level sound SE_OJ_LV_HD_STEAM
[src/runtime/RuntimeContext.cpp:1378][APP - INFO] SMG requested system level sound SE_OJ_LV_HD_STEAM
[src/runtime/RuntimeContext.cpp:1378][APP - INFO] SMG requested system level sound SE_OJ_LV_HD_STEAM
[src/runtime/RuntimeContext.cpp:1378][APP - INFO] SMG requested system level sound SE_OJ_LV_HD_STEAM
[src/runtime/RuntimeContext.cpp:1378][APP - INFO] SMG requested system level sound SE_OJ_LV_HD_STEAM
[src/runtime/RuntimeContext.cpp:1378][APP - INFO] SMG requested system level sound SE_OJ_LV_HD_STEAM
[src/runtime/RuntimeContext.cpp:1378][APP - INFO] SMG requested system level sound SE_OJ_LV_HD_STEAM
[src/runtime/RuntimeContext.cpp:1378][APP - INFO] SMG requested system level sound SE_OJ_LV_HD_STEAM
[src/runtime/RuntimeContext.cpp:1378][APP - INFO] SMG requested system level sound SE_OJ_LV_HD_STEAM
[src/runtime/RuntimeContext.cpp:1378][APP - INFO] SMG requested system level sound SE_OJ_LV_HD_STEAM
[src/runtime/RuntimeContext.cpp:1378][APP - INFO] SMG requested system level sound SE_OJ_LV_HD_STEAM
[src/runtime/RuntimeContext.cpp:1378][APP - INFO] SMG requested system level sound SE_OJ_LV_HD_STEAM
[src/runtime/RuntimeContext.cpp:1378][APP - INFO] SMG requested system level sound SE_OJ_LV_HD_STEAM
[src/runtime/RuntimeContext.cpp:1378][APP - INFO] SMG requested system level sound SE_OJ_LV_HD_STEAM
[src/runtime/RuntimeContext.cpp:1378][APP - INFO] SMG requested system level sound SE_OJ_LV_HD_STEAM
[src/runtime/RuntimeContext.cpp:1378][APP - INFO] SMG requested system level sound SE_OJ_LV_HD_STEAM
[src/runtime/RuntimeContext.cpp:1378][APP - INFO] SMG requested system level sound SE_OJ_LV_HD_STEAM
[src/runtime/RuntimeContext.cpp:1378][APP - INFO] SMG requested system level sound SE_OJ_LV_HD_STEAM
[src/runtime/RuntimeContext.cpp:1378][APP - INFO] SMG requested system level sound SE_OJ_LV_HD_STEAM
[src/runtime/RuntimeContext.cpp:1378][APP - INFO] SMG requested system level sound SE_OJ_LV_HD_STEAM
[src/runtime/RuntimeContext.cpp:1378][APP - INFO] SMG requested system level sound SE_OJ_LV_HD_STEAM
[src/runtime/RuntimeContext.cpp:1378][APP - INFO] SMG requested system level sound SE_OJ_LV_HD_STEAM
[src/runtime/RuntimeContext.cpp:1378][APP - INFO] SMG requested system level sound SE_OJ_LV_HD_STEAM
[src/runtime/RuntimeContext.cpp:1378][APP - INFO] SMG requested system level sound SE_OJ_LV_HD_STEAM
[src/runtime/RuntimeContext.cpp:1378][APP - INFO] SMG requested system level sound SE_OJ_LV_HD_STEAM
[src/runtime/RuntimeContext.cpp:1378][APP - INFO] SMG requested system level sound SE_OJ_LV_HD_STEAM
[src/runtime/RuntimeContext.cpp:1378][APP - INFO] SMG requested system level sound SE_OJ_LV_HD_STEAM
[src/runtime/RuntimeContext.cpp:1378][APP - INFO] SMG requested system level sound SE_OJ_LV_HD_STEAM
[src/runtime/RuntimeContext.cpp:1378][APP - INFO] SMG requested system level sound SE_OJ_LV_HD_STEAM
[src/runtime/RuntimeContext.cpp:1378][APP - INFO] SMG requested system level sound SE_OJ_LV_HD_STEAM
[src/runtime/RuntimeContext.cpp:1378][APP - INFO] SMG requested system level sound SE_OJ_LV_HD_STEAM
[src/runtime/RuntimeContext.cpp:1378][APP - INFO] SMG requested system level sound SE_OJ_LV_HD_STEAM
[src/runtime/RuntimeContext.cpp:1378][APP - INFO] SMG requested system level sound SE_OJ_LV_HD_STEAM
[src/runtime/RuntimeContext.cpp:1378][APP - INFO] SMG requested system level sound SE_OJ_LV_HD_STEAM
[src/runtime/RuntimeContext.cpp:1378][APP - INFO] SMG requested system level sound SE_OJ_LV_HD_STEAM
[src/runtime/RuntimeContext.cpp:1378][APP - INFO] SMG requested system level sound SE_OJ_LV_HD_STEAM
[src/runtime/RuntimeContext.cpp:1378][APP - INFO] SMG requested system level sound SE_OJ_LV_HD_STEAM
[src/runtime/RuntimeContext.cpp:1378][APP - INFO] SMG requested system level sound SE_OJ_LV_HD_STEAM
[src/runtime/RuntimeContext.cpp:1378][APP - INFO] SMG requested system level sound SE_OJ_LV_HD_STEAM
[src/runtime/RuntimeContext.cpp:1378][APP - INFO] SMG requested system level sound SE_OJ_LV_HD_STEAM
[src/runtime/RuntimeContext.cpp:1378][APP - INFO] SMG requested system level sound SE_OJ_LV_HD_STEAM
[src/runtime/RuntimeContext.cpp:1378][APP - INFO] SMG requested system level sound SE_OJ_LV_HD_STEAM
[src/runtime/RuntimeContext.cpp:1378][APP - INFO] SMG requested system level sound SE_OJ_LV_HD_STEAM
[src/runtime/RuntimeContext.cpp:1378][APP - INFO] SMG requested system level sound SE_OJ_LV_HD_STEAM
[src/runtime/RuntimeContext.cpp:1378][APP - INFO] SMG requested system level sound SE_OJ_LV_HD_STEAM
[src/runtime/RuntimeContext.cpp:1378][APP - INFO] SMG requested system level sound SE_OJ_LV_HD_STEAM
[src/runtime/RuntimeContext.cpp:1378][APP - INFO] SMG requested system level sound SE_OJ_LV_HD_STEAM
[src/runtime/RuntimeContext.cpp:1378][APP - INFO] SMG requested system level sound SE_OJ_LV_HD_STEAM
[src/runtime/RuntimeContext.cpp:1378][APP - INFO] SMG requested system level sound SE_OJ_LV_HD_STEAM
[src/runtime/RuntimeContext.cpp:1378][APP - INFO] SMG requested system level sound SE_OJ_LV_HD_STEAM
[src/runtime/RuntimeContext.cpp:1378][APP - INFO] SMG requested system level sound SE_OJ_LV_HD_STEAM
[src/runtime/RuntimeContext.cpp:1378][APP - INFO] SMG requested system level sound SE_OJ_LV_HD_STEAM
[src/runtime/RuntimeContext.cpp:1378][APP - INFO] SMG requested system level sound SE_OJ_LV_HD_STEAM
[src/runtime/RuntimeContext.cpp:1378][APP - INFO] SMG requested system level sound SE_OJ_LV_HD_STEAM
[src/runtime/RuntimeContext.cpp:1378][APP - INFO] SMG requested system level sound SE_OJ_LV_HD_STEAM
[src/runtime/RuntimeContext.cpp:1378][APP - INFO] SMG requested system level sound SE_OJ_LV_HD_STEAM
[src/runtime/RuntimeContext.cpp:1378][APP - INFO] SMG requested system level sound SE_OJ_LV_HD_STEAM
[src/runtime/RuntimeContext.cpp:1378][APP - INFO] SMG requested system level sound SE_OJ_LV_HD_STEAM
[src/runtime/RuntimeContext.cpp:1378][APP - INFO] SMG requested system level sound SE_OJ_LV_HD_STEAM
[src/runtime/RuntimeContext.cpp:1378][APP - INFO] SMG requested system level sound SE_OJ_LV_HD_STEAM
[src/runtime/RuntimeContext.cpp:1378][APP - INFO] SMG requested system level sound SE_OJ_LV_HD_STEAM
[src/runtime/RuntimeContext.cpp:1378][APP - INFO] SMG requested system level sound SE_OJ_LV_HD_STEAM
[src/runtime/RuntimeContext.cpp:1378][APP - INFO] SMG requested system level sound SE_OJ_LV_HD_STEAM
[src/runtime/RuntimeContext.cpp:1378][APP - INFO] SMG requested system level sound SE_OJ_LV_HD_STEAM
[src/runtime/RuntimeContext.cpp:1378][APP - INFO] SMG requested system level sound SE_OJ_LV_HD_STEAM
[src/runtime/RuntimeContext.cpp:1378][APP - INFO] SMG requested system level sound SE_OJ_LV_HD_STEAM
[src/runtime/RuntimeContext.cpp:1378][APP - INFO] SMG requested system level sound SE_OJ_LV_HD_STEAM
[src/runtime/RuntimeContext.cpp:1378][APP - INFO] SMG requested system level sound SE_OJ_LV_HD_STEAM
[src/runtime/RuntimeContext.cpp:1378][APP - INFO] SMG requested system level sound SE_OJ_LV_HD_STEAM
[src/runtime/RuntimeContext.cpp:1378][APP - INFO] SMG requested system level sound SE_OJ_LV_HD_STEAM
[src/runtime/RuntimeContext.cpp:1378][APP - INFO] SMG requested system level sound SE_OJ_LV_HD_STEAM
[src/runtime/RuntimeContext.cpp:1378][APP - INFO] SMG requested system level sound SE_OJ_LV_HD_STEAM
[src/runtime/RuntimeContext.cpp:1378][APP - INFO] SMG requested system level sound SE_OJ_LV_HD_STEAM
[src/runtime/RuntimeContext.cpp:1378][APP - INFO] SMG requested system level sound SE_OJ_LV_HD_STEAM
[src/runtime/RuntimeContext.cpp:1378][APP - INFO] SMG requested system level sound SE_OJ_LV_HD_STEAM
[src/runtime/RuntimeContext.cpp:1378][APP - INFO] SMG requested system level sound SE_OJ_LV_HD_STEAM
[src/runtime/RuntimeContext.cpp:1378][APP - INFO] SMG requested system level sound SE_OJ_LV_HD_STEAM
[src/runtime/RuntimeContext.cpp:1378][APP - INFO] SMG requested system level sound SE_OJ_LV_HD_STEAM
[src/runtime/RuntimeContext.cpp:1378][APP - INFO] SMG requested system level sound SE_OJ_LV_HD_STEAM
[src/runtime/RuntimeContext.cpp:1378][APP - INFO] SMG requested system level sound SE_OJ_LV_HD_STEAM
[src/runtime/RuntimeContext.cpp:1378][APP - INFO] SMG requested system level sound SE_OJ_LV_HD_STEAM
[src/runtime/RuntimeContext.cpp:1378][APP - INFO] SMG requested system level sound SE_OJ_LV_HD_STEAM
[src/runtime/RuntimeContext.cpp:1378][APP - INFO] SMG requested system level sound SE_OJ_LV_HD_STEAM
[src/runtime/RuntimeContext.cpp:1378][APP - INFO] SMG requested system level sound SE_OJ_LV_HD_STEAM
[src/runtime/RuntimeContext.cpp:1378][APP - INFO] SMG requested system level sound SE_OJ_LV_HD_STEAM
[src/runtime/RuntimeContext.cpp:1378][APP - INFO] SMG requested system level sound SE_OJ_LV_HD_STEAM
[src/runtime/RuntimeContext.cpp:1378][APP - INFO] SMG requested system level sound SE_OJ_LV_HD_STEAM
[src/runtime/RuntimeContext.cpp:1378][APP - INFO] SMG requested system level sound SE_OJ_LV_HD_STEAM
[src/runtime/RuntimeContext.cpp:1378][APP - INFO] SMG requested system level sound SE_OJ_LV_HD_STEAM
[src/runtime/RuntimeContext.cpp:1378][APP - INFO] SMG requested system level sound SE_OJ_LV_HD_STEAM
[src/runtime/RuntimeContext.cpp:1378][APP - INFO] SMG requested system level sound SE_OJ_LV_HD_STEAM
[src/runtime/RuntimeContext.cpp:1378][APP - INFO] SMG requested system level sound SE_OJ_LV_HD_STEAM
[src/runtime/RuntimeContext.cpp:1378][APP - INFO] SMG requested system level sound SE_OJ_LV_HD_STEAM
[src/runtime/RuntimeContext.cpp:1378][APP - INFO] SMG requested system level sound SE_OJ_LV_HD_STEAM
[src/runtime/RuntimeContext.cpp:1378][APP - INFO] SMG requested system level sound SE_OJ_LV_HD_STEAM
[src/runtime/RuntimeContext.cpp:1378][APP - INFO] SMG requested system level sound SE_OJ_LV_HD_STEAM
[src/runtime/RuntimeContext.cpp:1378][APP - INFO] SMG requested system level sound SE_OJ_LV_HD_STEAM
[src/runtime/RuntimeContext.cpp:1378][APP - INFO] SMG requested system level sound SE_OJ_LV_HD_STEAM
[src/runtime/RuntimeContext.cpp:1378][APP - INFO] SMG requested system level sound SE_OJ_LV_HD_STEAM
[src/runtime/RuntimeContext.cpp:1378][APP - INFO] SMG requested system level sound SE_OJ_LV_HD_STEAM
[src/runtime/RuntimeContext.cpp:1378][APP - INFO] SMG requested system level sound SE_OJ_LV_HD_STEAM
[src/runtime/RuntimeContext.cpp:1378][APP - INFO] SMG requested system level sound SE_OJ_LV_HD_STEAM
[src/runtime/RuntimeContext.cpp:1378][APP - INFO] SMG requested system level sound SE_OJ_LV_HD_STEAM
[src/runtime/RuntimeContext.cpp:1378][APP - INFO] SMG requested system level sound SE_OJ_LV_HD_STEAM
[src/runtime/RuntimeContext.cpp:1378][APP - INFO] SMG requested system level sound SE_OJ_LV_HD_STEAM
[src/runtime/RuntimeContext.cpp:1378][APP - INFO] SMG requested system level sound SE_OJ_LV_HD_STEAM
[src/runtime/RuntimeContext.cpp:1378][APP - INFO] SMG requested system level sound SE_OJ_LV_HD_STEAM
[src/runtime/RuntimeContext.cpp:1378][APP - INFO] SMG requested system level sound SE_OJ_LV_HD_STEAM
[src/runtime/RuntimeContext.cpp:1378][APP - INFO] SMG requested system level sound SE_OJ_LV_HD_STEAM
[src/runtime/RuntimeContext.cpp:1378][APP - INFO] SMG requested system level sound SE_OJ_LV_HD_STEAM
[src/runtime/RuntimeContext.cpp:1378][APP - INFO] SMG requested system level sound SE_OJ_LV_HD_STEAM
[src/runtime/RuntimeContext.cpp:1378][APP - INFO] SMG requested system level sound SE_OJ_LV_HD_STEAM
[src/runtime/RuntimeContext.cpp:1378][APP - INFO] SMG requested system level sound SE_OJ_LV_HD_STEAM
[src/runtime/RuntimeContext.cpp:1378][APP - INFO] SMG requested system level sound SE_OJ_LV_HD_STEAM
[src/runtime/RuntimeContext.cpp:1378][APP - INFO] SMG requested system level sound SE_OJ_LV_HD_STEAM
[src/runtime/RuntimeContext.cpp:1378][APP - INFO] SMG requested system level sound SE_OJ_LV_HD_STEAM
[src/runtime/RuntimeContext.cpp:1378][APP - INFO] SMG requested system level sound SE_OJ_LV_HD_STEAM
[src/runtime/RuntimeContext.cpp:1378][APP - INFO] SMG requested system level sound SE_OJ_LV_HD_STEAM
[src/runtime/RuntimeContext.cpp:1378][APP - INFO] SMG requested system level sound SE_OJ_LV_HD_STEAM
[src/runtime/RuntimeContext.cpp:1378][APP - INFO] SMG requested system level sound SE_OJ_LV_HD_STEAM
[src/runtime/RuntimeContext.cpp:1378][APP - INFO] SMG requested system level sound SE_OJ_LV_HD_STEAM
[src/runtime/RuntimeContext.cpp:1378][APP - INFO] SMG requested system level sound SE_OJ_LV_HD_STEAM
[src/runtime/RuntimeContext.cpp:1378][APP - INFO] SMG requested system level sound SE_OJ_LV_HD_STEAM
[src/runtime/RuntimeContext.cpp:1378][APP - INFO] SMG requested system level sound SE_OJ_LV_HD_STEAM
[src/runtime/RuntimeContext.cpp:1378][APP - INFO] SMG requested system level sound SE_OJ_LV_HD_STEAM
[src/runtime/RuntimeContext.cpp:1378][APP - INFO] SMG requested system level sound SE_OJ_LV_HD_STEAM
[src/runtime/RuntimeContext.cpp:1378][APP - INFO] SMG requested system level sound SE_OJ_LV_HD_STEAM
[src/runtime/RuntimeContext.cpp:1378][APP - INFO] SMG requested system level sound SE_OJ_LV_HD_STEAM
[src/runtime/RuntimeContext.cpp:1378][APP - INFO] SMG requested system level sound SE_OJ_LV_HD_STEAM
[src/runtime/RuntimeContext.cpp:1378][APP - INFO] SMG requested system level sound SE_OJ_LV_HD_STEAM
[src/runtime/RuntimeContext.cpp:1378][APP - INFO] SMG requested system level sound SE_OJ_LV_HD_STEAM
[src/runtime/RuntimeContext.cpp:1378][APP - INFO] SMG requested system level sound SE_OJ_LV_HD_STEAM
[src/runtime/RuntimeContext.cpp:1378][APP - INFO] SMG requested system level sound SE_OJ_LV_HD_STEAM
[src/runtime/RuntimeContext.cpp:1378][APP - INFO] SMG requested system level sound SE_OJ_LV_HD_STEAM
[src/runtime/RuntimeContext.cpp:1378][APP - INFO] SMG requested system level sound SE_OJ_LV_HD_STEAM
[src/runtime/RuntimeContext.cpp:1378][APP - INFO] SMG requested system level sound SE_OJ_LV_HD_STEAM
[src/runtime/RuntimeContext.cpp:1378][APP - INFO] SMG requested system level sound SE_OJ_LV_HD_STEAM
[src/runtime/RuntimeContext.cpp:1378][APP - INFO] SMG requested system level sound SE_OJ_LV_HD_STEAM
[src/runtime/RuntimeContext.cpp:1378][APP - INFO] SMG requested system level sound SE_OJ_LV_HD_STEAM
[src/runtime/RuntimeContext.cpp:1378][APP - INFO] SMG requested system level sound SE_OJ_LV_HD_STEAM
[src/runtime/RuntimeContext.cpp:1378][APP - INFO] SMG requested system level sound SE_OJ_LV_HD_STEAM
[src/runtime/RuntimeContext.cpp:1378][APP - INFO] SMG requested system level sound SE_OJ_LV_HD_STEAM
[src/runtime/RuntimeContext.cpp:1378][APP - INFO] SMG requested system level sound SE_OJ_LV_HD_STEAM
[src/runtime/RuntimeContext.cpp:1378][APP - INFO] SMG requested system level sound SE_OJ_LV_HD_STEAM
[src/runtime/RuntimeContext.cpp:1378][APP - INFO] SMG requested system level sound SE_OJ_LV_HD_STEAM
[src/runtime/RuntimeContext.cpp:1378][APP - INFO] SMG requested system level sound SE_OJ_LV_HD_STEAM
[src/runtime/RuntimeContext.cpp:1378][APP - INFO] SMG requested system level sound SE_OJ_LV_HD_STEAM
[src/runtime/RuntimeContext.cpp:1378][APP - INFO] SMG requested system level sound SE_OJ_LV_HD_STEAM
[src/runtime/RuntimeContext.cpp:1378][APP - INFO] SMG requested system level sound SE_OJ_LV_HD_STEAM
[src/runtime/RuntimeContext.cpp:1378][APP - INFO] SMG requested system level sound SE_OJ_LV_HD_STEAM
[src/runtime/RuntimeContext.cpp:1378][APP - INFO] SMG requested system level sound SE_OJ_LV_HD_STEAM
[src/runtime/RuntimeContext.cpp:1378][APP - INFO] SMG requested system level sound SE_OJ_LV_HD_STEAM
[src/runtime/RuntimeContext.cpp:1378][APP - INFO] SMG requested system level sound SE_OJ_LV_HD_STEAM
[src/runtime/RuntimeContext.cpp:1378][APP - INFO] SMG requested system level sound SE_OJ_LV_HD_STEAM
[src/runtime/RuntimeContext.cpp:1378][APP - INFO] SMG requested system level sound SE_OJ_LV_HD_STEAM
[src/runtime/RuntimeContext.cpp:1378][APP - INFO] SMG requested system level sound SE_OJ_LV_HD_STEAM
[src/runtime/RuntimeContext.cpp:1378][APP - INFO] SMG requested system level sound SE_OJ_LV_HD_STEAM
[src/runtime/RuntimeContext.cpp:1378][APP - INFO] SMG requested system level sound SE_OJ_LV_HD_STEAM
[src/runtime/RuntimeContext.cpp:1378][APP - INFO] SMG requested system level sound SE_OJ_LV_HD_STEAM
[src/runtime/RuntimeContext.cpp:1378][APP - INFO] SMG requested system level sound SE_OJ_LV_HD_STEAM
[src/runtime/RuntimeContext.cpp:1378][APP - INFO] SMG requested system level sound SE_OJ_LV_HD_STEAM
[src/runtime/RuntimeContext.cpp:1378][APP - INFO] SMG requested system level sound SE_OJ_LV_HD_STEAM
[src/runtime/RuntimeContext.cpp:1378][APP - INFO] SMG requested system level sound SE_OJ_LV_HD_STEAM
[src/runtime/RuntimeContext.cpp:1378][APP - INFO] SMG requested system level sound SE_OJ_LV_HD_STEAM
[src/runtime/RuntimeContext.cpp:1378][APP - INFO] SMG requested system level sound SE_OJ_LV_HD_STEAM
[src/runtime/RuntimeContext.cpp:1378][APP - INFO] SMG requested system level sound SE_OJ_LV_HD_STEAM
[src/runtime/RuntimeContext.cpp:1378][APP - INFO] SMG requested system level sound SE_OJ_LV_HD_STEAM
[src/runtime/RuntimeContext.cpp:1378][APP - INFO] SMG requested system level sound SE_OJ_LV_HD_STEAM
[src/runtime/RuntimeContext.cpp:1378][APP - INFO] SMG requested system level sound SE_OJ_LV_HD_STEAM
[src/runtime/RuntimeContext.cpp:1378][APP - INFO] SMG requested system level sound SE_OJ_LV_HD_STEAM
[src/runtime/RuntimeContext.cpp:1378][APP - INFO] SMG requested system level sound SE_OJ_LV_HD_STEAM
[src/runtime/RuntimeContext.cpp:1378][APP - INFO] SMG requested system level sound SE_OJ_LV_HD_STEAM
[src/runtime/RuntimeContext.cpp:1378][APP - INFO] SMG requested system level sound SE_OJ_LV_HD_STEAM
[src/runtime/RuntimeContext.cpp:1378][APP - INFO] SMG requested system level sound SE_OJ_LV_HD_STEAM
[src/runtime/RuntimeContext.cpp:1378][APP - INFO] SMG requested system level sound SE_OJ_LV_HD_STEAM
[src/runtime/RuntimeContext.cpp:1378][APP - INFO] SMG requested system level sound SE_OJ_LV_HD_STEAM
[src/runtime/RuntimeContext.cpp:1378][APP - INFO] SMG requested system level sound SE_OJ_LV_HD_STEAM
[src/runtime/RuntimeContext.cpp:1378][APP - INFO] SMG requested system level sound SE_OJ_LV_HD_STEAM
[src/runtime/RuntimeContext.cpp:1378][APP - INFO] SMG requested system level sound SE_OJ_LV_HD_STEAM
[src/runtime/RuntimeContext.cpp:1378][APP - INFO] SMG requested system level sound SE_OJ_LV_HD_STEAM
[src/runtime/RuntimeContext.cpp:1378][APP - INFO] SMG requested system level sound SE_OJ_LV_HD_STEAM
[src/runtime/RuntimeContext.cpp:1378][APP - INFO] SMG requested system level sound SE_OJ_LV_HD_STEAM
[src/runtime/RuntimeContext.cpp:1378][APP - INFO] SMG requested system level sound SE_OJ_LV_HD_STEAM
[src/runtime/RuntimeContext.cpp:1378][APP - INFO] SMG requested system level sound SE_OJ_LV_HD_STEAM
[src/runtime/RuntimeContext.cpp:1378][APP - INFO] SMG requested system level sound SE_OJ_LV_HD_STEAM
[src/runtime/RuntimeContext.cpp:1378][APP - INFO] SMG requested system level sound SE_OJ_LV_HD_STEAM
[src/runtime/RuntimeContext.cpp:1378][APP - INFO] SMG requested system level sound SE_OJ_LV_HD_STEAM
[src/runtime/RuntimeContext.cpp:1378][APP - INFO] SMG requested system level sound SE_OJ_LV_HD_STEAM
[src/runtime/RuntimeContext.cpp:1378][APP - INFO] SMG requested system level sound SE_OJ_LV_HD_STEAM
[src/runtime/RuntimeContext.cpp:1378][APP - INFO] SMG requested system level sound SE_OJ_LV_HD_STEAM
[src/runtime/RuntimeContext.cpp:1378][APP - INFO] SMG requested system level sound SE_OJ_LV_HD_STEAM
[src/runtime/RuntimeContext.cpp:1378][APP - INFO] SMG requested system level sound SE_OJ_LV_HD_STEAM
[src/runtime/RuntimeContext.cpp:1378][APP - INFO] SMG requested system level sound SE_OJ_LV_HD_STEAM
[src/runtime/RuntimeContext.cpp:1378][APP - INFO] SMG requested system level sound SE_OJ_LV_HD_STEAM
[src/runtime/RuntimeContext.cpp:1378][APP - INFO] SMG requested system level sound SE_OJ_LV_HD_STEAM
[src/runtime/RuntimeContext.cpp:1378][APP - INFO] SMG requested system level sound SE_OJ_LV_HD_STEAM
[src/runtime/RuntimeContext.cpp:1378][APP - INFO] SMG requested system level sound SE_OJ_LV_HD_STEAM
[src/runtime/RuntimeContext.cpp:1378][APP - INFO] SMG requested system level sound SE_OJ_LV_HD_STEAM
[src/runtime/RuntimeContext.cpp:1378][APP - INFO] SMG requested system level sound SE_OJ_LV_HD_STEAM
[src/runtime/RuntimeContext.cpp:1378][APP - INFO] SMG requested system level sound SE_OJ_LV_HD_STEAM
[src/runtime/RuntimeContext.cpp:1378][APP - INFO] SMG requested system level sound SE_OJ_LV_HD_STEAM
[src/runtime/RuntimeContext.cpp:1378][APP - INFO] SMG requested system level sound SE_OJ_LV_HD_STEAM
[src/runtime/RuntimeContext.cpp:1378][APP - INFO] SMG requested system level sound SE_OJ_LV_HD_STEAM
[src/runtime/RuntimeContext.cpp:1378][APP - INFO] SMG requested system level sound SE_OJ_LV_HD_STEAM
[src/runtime/RuntimeContext.cpp:1378][APP - INFO] SMG requested system level sound SE_OJ_LV_HD_STEAM
[src/runtime/RuntimeContext.cpp:1378][APP - INFO] SMG requested system level sound SE_OJ_LV_HD_STEAM
[src/runtime/RuntimeContext.cpp:1378][APP - INFO] SMG requested system level sound SE_OJ_LV_HD_STEAM
[src/runtime/RuntimeContext.cpp:1378][APP - INFO] SMG requested system level sound SE_OJ_LV_HD_STEAM
[src/runtime/RuntimeContext.cpp:1378][APP - INFO] SMG requested system level sound SE_OJ_LV_HD_STEAM
[src/runtime/RuntimeContext.cpp:1378][APP - INFO] SMG requested system level sound SE_OJ_LV_HD_STEAM
[src/runtime/RuntimeContext.cpp:1378][APP - INFO] SMG requested system level sound SE_OJ_LV_HD_STEAM
[src/runtime/RuntimeContext.cpp:1378][APP - INFO] SMG requested system level sound SE_OJ_LV_HD_STEAM
[src/runtime/RuntimeContext.cpp:1378][APP - INFO] SMG requested system level sound SE_OJ_LV_HD_STEAM
[src/runtime/RuntimeContext.cpp:1378][APP - INFO] SMG requested system level sound SE_OJ_LV_HD_STEAM
[src/runtime/RuntimeContext.cpp:1378][APP - INFO] SMG requested system level sound SE_OJ_LV_HD_STEAM
[src/runtime/RuntimeContext.cpp:1378][APP - INFO] SMG requested system level sound SE_OJ_LV_HD_STEAM
[src/runtime/RuntimeContext.cpp:1378][APP - INFO] SMG requested system level sound SE_OJ_LV_HD_STEAM
[src/runtime/RuntimeContext.cpp:1378][APP - INFO] SMG requested system level sound SE_OJ_LV_HD_STEAM
[src/runtime/RuntimeContext.cpp:1378][APP - INFO] SMG requested system level sound SE_OJ_LV_HD_STEAM
[src/runtime/RuntimeContext.cpp:1378][APP - INFO] SMG requested system level sound SE_OJ_LV_HD_STEAM
[src/runtime/RuntimeContext.cpp:1378][APP - INFO] SMG requested system level sound SE_OJ_LV_HD_STEAM
[src/runtime/RuntimeContext.cpp:1378][APP - INFO] SMG requested system level sound SE_OJ_LV_HD_STEAM
[src/runtime/RuntimeContext.cpp:1378][APP - INFO] SMG requested system level sound SE_OJ_LV_HD_STEAM
[src/runtime/RuntimeContext.cpp:1378][APP - INFO] SMG requested system level sound SE_OJ_LV_HD_STEAM
[src/runtime/RuntimeContext.cpp:1378][APP - INFO] SMG requested system level sound SE_OJ_LV_HD_STEAM
[src/runtime/RuntimeContext.cpp:1378][APP - INFO] SMG requested system level sound SE_OJ_LV_HD_STEAM
[src/runtime/RuntimeContext.cpp:1378][APP - INFO] SMG requested system level sound SE_OJ_LV_HD_STEAM
[src/runtime/RuntimeContext.cpp:1378][APP - INFO] SMG requested system level sound SE_OJ_LV_HD_STEAM
[src/runtime/RuntimeContext.cpp:1378][APP - INFO] SMG requested system level sound SE_OJ_LV_HD_STEAM
[src/runtime/RuntimeContext.cpp:1378][APP - INFO] SMG requested system level sound SE_OJ_LV_HD_STEAM
[src/runtime/RuntimeContext.cpp:1378][APP - INFO] SMG requested system level sound SE_OJ_LV_HD_STEAM
[src/runtime/RuntimeContext.cpp:1378][APP - INFO] SMG requested system level sound SE_OJ_LV_HD_STEAM
[src/runtime/RuntimeContext.cpp:1378][APP - INFO] SMG requested system level sound SE_OJ_LV_HD_STEAM
[src/runtime/RuntimeContext.cpp:1378][APP - INFO] SMG requested system level sound SE_OJ_LV_HD_STEAM
[src/runtime/RuntimeContext.cpp:1378][APP - INFO] SMG requested system level sound SE_OJ_LV_HD_STEAM
[src/runtime/RuntimeContext.cpp:1378][APP - INFO] SMG requested system level sound SE_OJ_LV_HD_STEAM
[src/runtime/RuntimeContext.cpp:1378][APP - INFO] SMG requested system level sound SE_OJ_LV_HD_STEAM
[src/runtime/RuntimeContext.cpp:1378][APP - INFO] SMG requested system level sound SE_OJ_LV_HD_STEAM
[src/runtime/RuntimeContext.cpp:1378][APP - INFO] SMG requested system level sound SE_OJ_LV_HD_STEAM
[src/runtime/RuntimeContext.cpp:1378][APP - INFO] SMG requested system level sound SE_OJ_LV_HD_STEAM
[src/runtime/RuntimeContext.cpp:1378][APP - INFO] SMG requested system level sound SE_OJ_LV_HD_STEAM
[src/runtime/RuntimeContext.cpp:1378][APP - INFO] SMG requested system level sound SE_OJ_LV_HD_STEAM
[src/runtime/RuntimeContext.cpp:1378][APP - INFO] SMG requested system level sound SE_OJ_LV_HD_STEAM
[src/runtime/RuntimeContext.cpp:1378][APP - INFO] SMG requested system level sound SE_OJ_LV_HD_STEAM
[src/runtime/RuntimeContext.cpp:1378][APP - INFO] SMG requested system level sound SE_OJ_LV_HD_STEAM
[src/runtime/RuntimeContext.cpp:1378][APP - INFO] SMG requested system level sound SE_OJ_LV_HD_STEAM
[src/runtime/RuntimeContext.cpp:1378][APP - INFO] SMG requested system level sound SE_OJ_LV_HD_STEAM
[src/runtime/RuntimeContext.cpp:1378][APP - INFO] SMG requested system level sound SE_OJ_LV_HD_STEAM
[src/runtime/RuntimeContext.cpp:1378][APP - INFO] SMG requested system level sound SE_OJ_LV_HD_STEAM
[src/runtime/RuntimeContext.cpp:1378][APP - INFO] SMG requested system level sound SE_OJ_LV_HD_STEAM
[src/runtime/RuntimeContext.cpp:1378][APP - INFO] SMG requested system level sound SE_OJ_LV_HD_STEAM
[src/runtime/RuntimeContext.cpp:1378][APP - INFO] SMG requested system level sound SE_OJ_LV_HD_STEAM
[src/runtime/RuntimeContext.cpp:1378][APP - INFO] SMG requested system level sound SE_OJ_LV_HD_STEAM
[src/runtime/RuntimeContext.cpp:1378][APP - INFO] SMG requested system level sound SE_OJ_LV_HD_STEAM
[src/runtime/RuntimeContext.cpp:1378][APP - INFO] SMG requested system level sound SE_OJ_LV_HD_STEAM
[src/runtime/RuntimeContext.cpp:1378][APP - INFO] SMG requested system level sound SE_OJ_LV_HD_STEAM
[src/runtime/RuntimeContext.cpp:1378][APP - INFO] SMG requested system level sound SE_OJ_LV_HD_STEAM
[src/runtime/RuntimeContext.cpp:1378][APP - INFO] SMG requested system level sound SE_OJ_LV_HD_STEAM
[src/runtime/RuntimeContext.cpp:1378][APP - INFO] SMG requested system level sound SE_OJ_LV_HD_STEAM
[src/runtime/RuntimeContext.cpp:1378][APP - INFO] SMG requested system level sound SE_OJ_LV_HD_STEAM
[src/runtime/RuntimeContext.cpp:1378][APP - INFO] SMG requested system level sound SE_OJ_LV_HD_STEAM
[src/runtime/RuntimeContext.cpp:1378][APP - INFO] SMG requested system level sound SE_OJ_LV_HD_STEAM
[src/runtime/RuntimeContext.cpp:1378][APP - INFO] SMG requested system level sound SE_OJ_LV_HD_STEAM
[src/runtime/RuntimeContext.cpp:1378][APP - INFO] SMG requested system level sound SE_OJ_LV_HD_STEAM
[src/runtime/RuntimeContext.cpp:1378][APP - INFO] SMG requested system level sound SE_OJ_LV_HD_STEAM
[src/runtime/RuntimeContext.cpp:1378][APP - INFO] SMG requested system level sound SE_OJ_LV_HD_STEAM
[src/runtime/RuntimeContext.cpp:1378][APP - INFO] SMG requested system level sound SE_OJ_LV_HD_STEAM
[src/runtime/RuntimeContext.cpp:1378][APP - INFO] SMG requested system level sound SE_OJ_LV_HD_STEAM
[src/runtime/RuntimeContext.cpp:1378][APP - INFO] SMG requested system level sound SE_OJ_LV_HD_STEAM
[src/runtime/RuntimeContext.cpp:1378][APP - INFO] SMG requested system level sound SE_OJ_LV_HD_STEAM
[src/runtime/RuntimeContext.cpp:1378][APP - INFO] SMG requested system level sound SE_OJ_LV_HD_STEAM
[src/runtime/RuntimeContext.cpp:1378][APP - INFO] SMG requested system level sound SE_OJ_LV_HD_STEAM
[src/runtime/RuntimeContext.cpp:1378][APP - INFO] SMG requested system level sound SE_OJ_LV_HD_STEAM
[src/runtime/RuntimeContext.cpp:1378][APP - INFO] SMG requested system level sound SE_OJ_LV_HD_STEAM
[src/runtime/RuntimeContext.cpp:1378][APP - INFO] SMG requested system level sound SE_OJ_LV_HD_STEAM
[src/runtime/RuntimeContext.cpp:1378][APP - INFO] SMG requested system level sound SE_OJ_LV_HD_STEAM
[src/runtime/RuntimeContext.cpp:1378][APP - INFO] SMG requested system level sound SE_OJ_LV_HD_STEAM
[src/runtime/RuntimeContext.cpp:1378][APP - INFO] SMG requested system level sound SE_OJ_LV_HD_STEAM
[src/runtime/RuntimeContext.cpp:1378][APP - INFO] SMG requested system level sound SE_OJ_LV_HD_STEAM
[src/runtime/RuntimeContext.cpp:1378][APP - INFO] SMG requested system level sound SE_OJ_LV_HD_STEAM
[src/runtime/RuntimeContext.cpp:1378][APP - INFO] SMG requested system level sound SE_OJ_LV_HD_STEAM
[src/runtime/RuntimeContext.cpp:1378][APP - INFO] SMG requested system level sound SE_OJ_LV_HD_STEAM
[src/runtime/RuntimeContext.cpp:1378][APP - INFO] SMG requested system level sound SE_OJ_LV_HD_STEAM
[src/runtime/RuntimeContext.cpp:1378][APP - INFO] SMG requested system level sound SE_OJ_LV_HD_STEAM
[src/runtime/RuntimeContext.cpp:1378][APP - INFO] SMG requested system level sound SE_OJ_LV_HD_STEAM
[src/runtime/RuntimeContext.cpp:1378][APP - INFO] SMG requested system level sound SE_OJ_LV_HD_STEAM
[src/runtime/RuntimeContext.cpp:1378][APP - INFO] SMG requested system level sound SE_OJ_LV_HD_STEAM
[src/runtime/RuntimeContext.cpp:1378][APP - INFO] SMG requested system level sound SE_OJ_LV_HD_STEAM
[src/runtime/RuntimeContext.cpp:1378][APP - INFO] SMG requested system level sound SE_OJ_LV_HD_STEAM
[src/runtime/RuntimeContext.cpp:1378][APP - INFO] SMG requested system level sound SE_OJ_LV_HD_STEAM
[src/runtime/RuntimeContext.cpp:1378][APP - INFO] SMG requested system level sound SE_OJ_LV_HD_STEAM
[src/runtime/RuntimeContext.cpp:1378][APP - INFO] SMG requested system level sound SE_OJ_LV_HD_STEAM
[src/runtime/RuntimeContext.cpp:1378][APP - INFO] SMG requested system level sound SE_OJ_LV_HD_STEAM
[src/runtime/RuntimeContext.cpp:1378][APP - INFO] SMG requested system level sound SE_OJ_LV_HD_STEAM
[src/runtime/RuntimeContext.cpp:1378][APP - INFO] SMG requested system level sound SE_OJ_LV_HD_STEAM
[src/runtime/RuntimeContext.cpp:1378][APP - INFO] SMG requested system level sound SE_OJ_LV_HD_STEAM
[src/runtime/RuntimeContext.cpp:1378][APP - INFO] SMG requested system level sound SE_OJ_LV_HD_STEAM
[src/runtime/RuntimeContext.cpp:1378][APP - INFO] SMG requested system level sound SE_OJ_LV_HD_STEAM
[src/runtime/RuntimeContext.cpp:1378][APP - INFO] SMG requested system level sound SE_OJ_LV_HD_STEAM
[src/runtime/RuntimeContext.cpp:1378][APP - INFO] SMG requested system level sound SE_OJ_LV_HD_STEAM
[src/runtime/RuntimeContext.cpp:1378][APP - INFO] SMG requested system level sound SE_OJ_LV_HD_STEAM
[src/runtime/RuntimeContext.cpp:1378][APP - INFO] SMG requested system level sound SE_OJ_LV_HD_STEAM
[src/runtime/RuntimeContext.cpp:1378][APP - INFO] SMG requested system level sound SE_OJ_LV_HD_STEAM
[src/runtime/RuntimeContext.cpp:1378][APP - INFO] SMG requested system level sound SE_OJ_LV_HD_STEAM
[src/runtime/RuntimeContext.cpp:1378][APP - INFO] SMG requested system level sound SE_OJ_LV_HD_STEAM
[src/runtime/RuntimeContext.cpp:1378][APP - INFO] SMG requested system level sound SE_OJ_LV_HD_STEAM
[src/runtime/RuntimeContext.cpp:1378][APP - INFO] SMG requested system level sound SE_OJ_LV_HD_STEAM
[src/runtime/RuntimeContext.cpp:1378][APP - INFO] SMG requested system level sound SE_OJ_LV_HD_STEAM
[src/runtime/RuntimeContext.cpp:1378][APP - INFO] SMG requested system level sound SE_OJ_LV_HD_STEAM
[src/runtime/RuntimeContext.cpp:1378][APP - INFO] SMG requested system level sound SE_OJ_LV_HD_STEAM
[src/runtime/RuntimeContext.cpp:1378][APP - INFO] SMG requested system level sound SE_OJ_LV_HD_STEAM
[src/runtime/RuntimeContext.cpp:1378][APP - INFO] SMG requested system level sound SE_OJ_LV_HD_STEAM
[src/runtime/RuntimeContext.cpp:1378][APP - INFO] SMG requested system level sound SE_OJ_LV_HD_STEAM
[src/runtime/RuntimeContext.cpp:1378][APP - INFO] SMG requested system level sound SE_OJ_LV_HD_STEAM
[src/runtime/RuntimeContext.cpp:1378][APP - INFO] SMG requested system level sound SE_OJ_LV_HD_STEAM
[src/runtime/RuntimeContext.cpp:1378][APP - INFO] SMG requested system level sound SE_OJ_LV_HD_STEAM
[src/runtime/RuntimeContext.cpp:1378][APP - INFO] SMG requested system level sound SE_OJ_LV_HD_STEAM
[src/runtime/RuntimeContext.cpp:1378][APP - INFO] SMG requested system level sound SE_OJ_LV_HD_STEAM
[src/runtime/RuntimeContext.cpp:1378][APP - INFO] SMG requested system level sound SE_OJ_LV_HD_STEAM
[src/runtime/RuntimeContext.cpp:1378][APP - INFO] SMG requested system level sound SE_OJ_LV_HD_STEAM
[src/runtime/RuntimeContext.cpp:1378][APP - INFO] SMG requested system level sound SE_OJ_LV_HD_STEAM
[src/runtime/RuntimeContext.cpp:1378][APP - INFO] SMG requested system level sound SE_OJ_LV_HD_STEAM
[src/runtime/RuntimeContext.cpp:1378][APP - INFO] SMG requested system level sound SE_OJ_LV_HD_STEAM
[src/runtime/RuntimeContext.cpp:1378][APP - INFO] SMG requested system level sound SE_OJ_LV_HD_STEAM
[src/runtime/RuntimeContext.cpp:1378][APP - INFO] SMG requested system level sound SE_OJ_LV_HD_STEAM
[src/runtime/RuntimeContext.cpp:1378][APP - INFO] SMG requested system level sound SE_OJ_LV_HD_STEAM
[src/runtime/RuntimeContext.cpp:1378][APP - INFO] SMG requested system level sound SE_OJ_LV_HD_STEAM
[src/runtime/RuntimeContext.cpp:1378][APP - INFO] SMG requested system level sound SE_OJ_LV_HD_STEAM
[src/runtime/RuntimeContext.cpp:1378][APP - INFO] SMG requested system level sound SE_OJ_LV_HD_STEAM
[src/runtime/RuntimeContext.cpp:1378][APP - INFO] SMG requested system level sound SE_OJ_LV_HD_STEAM
[src/runtime/RuntimeContext.cpp:1378][APP - INFO] SMG requested system level sound SE_OJ_LV_HD_STEAM
[src/runtime/RuntimeContext.cpp:1378][APP - INFO] SMG requested system level sound SE_OJ_LV_HD_STEAM
[src/runtime/RuntimeContext.cpp:1378][APP - INFO] SMG requested system level sound SE_OJ_LV_HD_STEAM
[src/runtime/RuntimeContext.cpp:1378][APP - INFO] SMG requested system level sound SE_OJ_LV_HD_STEAM
[src/runtime/RuntimeContext.cpp:1378][APP - INFO] SMG requested system level sound SE_OJ_LV_HD_STEAM
[src/runtime/RuntimeContext.cpp:1378][APP - INFO] SMG requested system level sound SE_OJ_LV_HD_STEAM
[src/runtime/RuntimeContext.cpp:1378][APP - INFO] SMG requested system level sound SE_OJ_LV_HD_STEAM
[src/runtime/RuntimeContext.cpp:1378][APP - INFO] SMG requested system level sound SE_OJ_LV_HD_STEAM
[src/runtime/RuntimeContext.cpp:1378][APP - INFO] SMG requested system level sound SE_OJ_LV_HD_STEAM
[src/runtime/RuntimeContext.cpp:1378][APP - INFO] SMG requested system level sound SE_OJ_LV_HD_STEAM
[src/runtime/RuntimeContext.cpp:1378][APP - INFO] SMG requested system level sound SE_OJ_LV_HD_STEAM
[src/runtime/RuntimeContext.cpp:1378][APP - INFO] SMG requested system level sound SE_OJ_LV_HD_STEAM
[src/runtime/RuntimeContext.cpp:1378][APP - INFO] SMG requested system level sound SE_OJ_LV_HD_STEAM
[src/runtime/RuntimeContext.cpp:1378][APP - INFO] SMG requested system level sound SE_OJ_LV_HD_STEAM
[src/runtime/RuntimeContext.cpp:1378][APP - INFO] SMG requested system level sound SE_OJ_LV_HD_STEAM
[src/runtime/RuntimeContext.cpp:1378][APP - INFO] SMG requested system level sound SE_OJ_LV_HD_STEAM
[src/runtime/RuntimeContext.cpp:1378][APP - INFO] SMG requested system level sound SE_OJ_LV_HD_STEAM
[src/runtime/RuntimeContext.cpp:1378][APP - INFO] SMG requested system level sound SE_OJ_LV_HD_STEAM
[src/runtime/RuntimeContext.cpp:1378][APP - INFO] SMG requested system level sound SE_OJ_LV_HD_STEAM
[src/runtime/RuntimeContext.cpp:1378][APP - INFO] SMG requested system level sound SE_OJ_LV_HD_STEAM
[src/runtime/RuntimeContext.cpp:1378][APP - INFO] SMG requested system level sound SE_OJ_LV_HD_STEAM
[src/runtime/RuntimeContext.cpp:1378][APP - INFO] SMG requested system level sound SE_OJ_LV_HD_STEAM
[src/runtime/RuntimeContext.cpp:1378][APP - INFO] SMG requested system level sound SE_OJ_LV_HD_STEAM
[src/runtime/RuntimeContext.cpp:1378][APP - INFO] SMG requested system level sound SE_OJ_LV_HD_STEAM
[src/runtime/RuntimeContext.cpp:1378][APP - INFO] SMG requested system level sound SE_OJ_LV_HD_STEAM
[src/runtime/RuntimeContext.cpp:1378][APP - INFO] SMG requested system level sound SE_OJ_LV_HD_STEAM
[src/runtime/RuntimeContext.cpp:1378][APP - INFO] SMG requested system level sound SE_OJ_LV_HD_STEAM
[src/runtime/RuntimeContext.cpp:1378][APP - INFO] SMG requested system level sound SE_OJ_LV_HD_STEAM
[src/runtime/RuntimeContext.cpp:1378][APP - INFO] SMG requested system level sound SE_OJ_LV_HD_STEAM
[src/runtime/RuntimeContext.cpp:1378][APP - INFO] SMG requested system level sound SE_OJ_LV_HD_STEAM
[src/runtime/RuntimeContext.cpp:1378][APP - INFO] SMG requested system level sound SE_OJ_LV_HD_STEAM
[src/runtime/RuntimeContext.cpp:1378][APP - INFO] SMG requested system level sound SE_OJ_LV_HD_STEAM
[src/runtime/RuntimeContext.cpp:1378][APP - INFO] SMG requested system level sound SE_OJ_LV_HD_STEAM
[src/runtime/RuntimeContext.cpp:1378][APP - INFO] SMG requested system level sound SE_OJ_LV_HD_STEAM
[src/runtime/RuntimeContext.cpp:1378][APP - INFO] SMG requested system level sound SE_OJ_LV_HD_STEAM
[src/runtime/RuntimeContext.cpp:1378][APP - INFO] SMG requested system level sound SE_OJ_LV_HD_STEAM
[src/runtime/RuntimeContext.cpp:1378][APP - INFO] SMG requested system level sound SE_OJ_LV_HD_STEAM
[src/runtime/RuntimeContext.cpp:1378][APP - INFO] SMG requested system level sound SE_OJ_LV_HD_STEAM
[src/runtime/RuntimeContext.cpp:1378][APP - INFO] SMG requested system level sound SE_OJ_LV_HD_STEAM
[src/runtime/RuntimeContext.cpp:1378][APP - INFO] SMG requested system level sound SE_OJ_LV_HD_STEAM
[src/runtime/RuntimeContext.cpp:1378][APP - INFO] SMG requested system level sound SE_OJ_LV_HD_STEAM
[src/runtime/RuntimeContext.cpp:1378][APP - INFO] SMG requested system level sound SE_OJ_LV_HD_STEAM
[src/runtime/RuntimeContext.cpp:1378][APP - INFO] SMG requested system level sound SE_OJ_LV_HD_STEAM
[src/runtime/RuntimeContext.cpp:1378][APP - INFO] SMG requested system level sound SE_OJ_LV_HD_STEAM
[src/runtime/RuntimeContext.cpp:1378][APP - INFO] SMG requested system level sound SE_OJ_LV_HD_STEAM
[src/runtime/RuntimeContext.cpp:1378][APP - INFO] SMG requested system level sound SE_OJ_LV_HD_STEAM
[src/runtime/RuntimeContext.cpp:1378][APP - INFO] SMG requested system level sound SE_OJ_LV_HD_STEAM
[src/runtime/RuntimeContext.cpp:1378][APP - INFO] SMG requested system level sound SE_OJ_LV_HD_STEAM
[src/runtime/RuntimeContext.cpp:1378][APP - INFO] SMG requested system level sound SE_OJ_LV_HD_STEAM
[src/runtime/RuntimeContext.cpp:1378][APP - INFO] SMG requested system level sound SE_OJ_LV_HD_STEAM
[src/runtime/RuntimeContext.cpp:1378][APP - INFO] SMG requested system level sound SE_OJ_LV_HD_STEAM
[src/runtime/RuntimeContext.cpp:1378][APP - INFO] SMG requested system level sound SE_OJ_LV_HD_STEAM
[src/runtime/RuntimeContext.cpp:1378][APP - INFO] SMG requested system level sound SE_OJ_LV_HD_STEAM
[src/runtime/RuntimeContext.cpp:1378][APP - INFO] SMG requested system level sound SE_OJ_LV_HD_STEAM
[src/runtime/RuntimeContext.cpp:1378][APP - INFO] SMG requested system level sound SE_OJ_LV_HD_STEAM
[src/runtime/RuntimeContext.cpp:1378][APP - INFO] SMG requested system level sound SE_OJ_LV_HD_STEAM
[src/runtime/RuntimeContext.cpp:1378][APP - INFO] SMG requested system level sound SE_OJ_LV_HD_STEAM
[src/runtime/RuntimeContext.cpp:1378][APP - INFO] SMG requested system level sound SE_OJ_LV_HD_STEAM
[src/runtime/RuntimeContext.cpp:1378][APP - INFO] SMG requested system level sound SE_OJ_LV_HD_STEAM
[src/runtime/RuntimeContext.cpp:1378][APP - INFO] SMG requested system level sound SE_OJ_LV_HD_STEAM
[src/runtime/RuntimeContext.cpp:1378][APP - INFO] SMG requested system level sound SE_OJ_LV_HD_STEAM
[src/runtime/RuntimeContext.cpp:1378][APP - INFO] SMG requested system level sound SE_OJ_LV_HD_STEAM
[src/runtime/RuntimeContext.cpp:1378][APP - INFO] SMG requested system level sound SE_OJ_LV_HD_STEAM
[src/runtime/RuntimeContext.cpp:1378][APP - INFO] SMG requested system level sound SE_OJ_LV_HD_STEAM
[src/runtime/RuntimeContext.cpp:1378][APP - INFO] SMG requested system level sound SE_OJ_LV_HD_STEAM
[src/runtime/RuntimeContext.cpp:1378][APP - INFO] SMG requested system level sound SE_OJ_LV_HD_STEAM
[src/runtime/RuntimeContext.cpp:1378][APP - INFO] SMG requested system level sound SE_OJ_LV_HD_STEAM
[src/runtime/RuntimeContext.cpp:1378][APP - INFO] SMG requested system level sound SE_OJ_LV_HD_STEAM
[src/runtime/RuntimeContext.cpp:1378][APP - INFO] SMG requested system level sound SE_OJ_LV_HD_STEAM
[src/runtime/RuntimeContext.cpp:1378][APP - INFO] SMG requested system level sound SE_OJ_LV_HD_STEAM
[src/runtime/RuntimeContext.cpp:1378][APP - INFO] SMG requested system level sound SE_OJ_LV_HD_STEAM
[src/runtime/RuntimeContext.cpp:1378][APP - INFO] SMG requested system level sound SE_OJ_LV_HD_STEAM
[src/runtime/RuntimeContext.cpp:1378][APP - INFO] SMG requested system level sound SE_OJ_LV_HD_STEAM
[src/runtime/RuntimeContext.cpp:1378][APP - INFO] SMG requested system level sound SE_OJ_LV_HD_STEAM
[src/runtime/RuntimeContext.cpp:1378][APP - INFO] SMG requested system level sound SE_OJ_LV_HD_STEAM
[src/runtime/RuntimeContext.cpp:1378][APP - INFO] SMG requested system level sound SE_OJ_LV_HD_STEAM
[src/runtime/RuntimeContext.cpp:1378][APP - INFO] SMG requested system level sound SE_OJ_LV_HD_STEAM
[src/runtime/RuntimeContext.cpp:1378][APP - INFO] SMG requested system level sound SE_OJ_LV_HD_STEAM
[src/runtime/RuntimeContext.cpp:1378][APP - INFO] SMG requested system level sound SE_OJ_LV_HD_STEAM
[src/runtime/RuntimeContext.cpp:1378][APP - INFO] SMG requested system level sound SE_OJ_LV_HD_STEAM
[src/runtime/RuntimeContext.cpp:1378][APP - INFO] SMG requested system level sound SE_OJ_LV_HD_STEAM
[src/runtime/RuntimeContext.cpp:1378][APP - INFO] SMG requested system level sound SE_OJ_LV_HD_STEAM
[src/runtime/RuntimeContext.cpp:1378][APP - INFO] SMG requested system level sound SE_OJ_LV_HD_STEAM
[src/runtime/RuntimeContext.cpp:1378][APP - INFO] SMG requested system level sound SE_OJ_LV_HD_STEAM
[src/runtime/RuntimeContext.cpp:1378][APP - INFO] SMG requested system level sound SE_OJ_LV_HD_STEAM
[src/runtime/RuntimeContext.cpp:1378][APP - INFO] SMG requested system level sound SE_OJ_LV_HD_STEAM
[src/runtime/RuntimeContext.cpp:1378][APP - INFO] SMG requested system level sound SE_OJ_LV_HD_STEAM
[src/runtime/RuntimeContext.cpp:1378][APP - INFO] SMG requested system level sound SE_OJ_LV_HD_STEAM
[src/runtime/RuntimeContext.cpp:1378][APP - INFO] SMG requested system level sound SE_OJ_LV_HD_STEAM
[src/runtime/RuntimeContext.cpp:1378][APP - INFO] SMG requested system level sound SE_OJ_LV_HD_STEAM
[src/runtime/RuntimeContext.cpp:1378][APP - INFO] SMG requested system level sound SE_OJ_LV_HD_STEAM
[src/runtime/RuntimeContext.cpp:1378][APP - INFO] SMG requested system level sound SE_OJ_LV_HD_STEAM
[src/runtime/RuntimeContext.cpp:1378][APP - INFO] SMG requested system level sound SE_OJ_LV_HD_STEAM
[src/runtime/RuntimeContext.cpp:1378][APP - INFO] SMG requested system level sound SE_OJ_LV_HD_STEAM
[src/runtime/RuntimeContext.cpp:1378][APP - INFO] SMG requested system level sound SE_OJ_LV_HD_STEAM
[src/runtime/RuntimeContext.cpp:1378][APP - INFO] SMG requested system level sound SE_OJ_LV_HD_STEAM
[src/runtime/RuntimeContext.cpp:1378][APP - INFO] SMG requested system level sound SE_OJ_LV_HD_STEAM
[src/runtime/RuntimeContext.cpp:1378][APP - INFO] SMG requested system level sound SE_OJ_LV_HD_STEAM
[src/runtime/RuntimeContext.cpp:1378][APP - INFO] SMG requested system level sound SE_OJ_LV_HD_STEAM
[src/runtime/RuntimeContext.cpp:1378][APP - INFO] SMG requested system level sound SE_OJ_LV_HD_STEAM
[src/runtime/RuntimeContext.cpp:1378][APP - INFO] SMG requested system level sound SE_OJ_LV_HD_STEAM
[src/runtime/RuntimeContext.cpp:1378][APP - INFO] SMG requested system level sound SE_OJ_LV_HD_STEAM
[src/runtime/RuntimeContext.cpp:1378][APP - INFO] SMG requested system level sound SE_OJ_LV_HD_STEAM
[src/runtime/RuntimeContext.cpp:1378][APP - INFO] SMG requested system level sound SE_OJ_LV_HD_STEAM
[src/runtime/RuntimeContext.cpp:1378][APP - INFO] SMG requested system level sound SE_OJ_LV_HD_STEAM
[src/runtime/RuntimeContext.cpp:1378][APP - INFO] SMG requested system level sound SE_OJ_LV_HD_STEAM
[src/runtime/RuntimeContext.cpp:1378][APP - INFO] SMG requested system level sound SE_OJ_LV_HD_STEAM
[src/runtime/RuntimeContext.cpp:1378][APP - INFO] SMG requested system level sound SE_OJ_LV_HD_STEAM
[src/runtime/RuntimeContext.cpp:1378][APP - INFO] SMG requested system level sound SE_OJ_LV_HD_STEAM
[src/runtime/RuntimeContext.cpp:1378][APP - INFO] SMG requested system level sound SE_OJ_LV_HD_STEAM
[src/runtime/RuntimeContext.cpp:1378][APP - INFO] SMG requested system level sound SE_OJ_LV_HD_STEAM
[src/runtime/RuntimeContext.cpp:1378][APP - INFO] SMG requested system level sound SE_OJ_LV_HD_STEAM
[src/runtime/RuntimeContext.cpp:1378][APP - INFO] SMG requested system level sound SE_OJ_LV_HD_STEAM
[src/runtime/RuntimeContext.cpp:1378][APP - INFO] SMG requested system level sound SE_OJ_LV_HD_STEAM
[src/runtime/RuntimeContext.cpp:1378][APP - INFO] SMG requested system level sound SE_OJ_LV_HD_STEAM
[src/runtime/RuntimeContext.cpp:1378][APP - INFO] SMG requested system level sound SE_OJ_LV_HD_STEAM
[src/runtime/RuntimeContext.cpp:1378][APP - INFO] SMG requested system level sound SE_OJ_LV_HD_STEAM
[src/runtime/RuntimeContext.cpp:1378][APP - INFO] SMG requested system level sound SE_OJ_LV_HD_STEAM
[src/runtime/RuntimeContext.cpp:1378][APP - INFO] SMG requested system level sound SE_OJ_LV_HD_STEAM
[src/runtime/RuntimeContext.cpp:1378][APP - INFO] SMG requested system level sound SE_OJ_LV_HD_STEAM
[src/runtime/RuntimeContext.cpp:1378][APP - INFO] SMG requested system level sound SE_OJ_LV_HD_STEAM
[src/runtime/RuntimeContext.cpp:1378][APP - INFO] SMG requested system level sound SE_OJ_LV_HD_STEAM
[src/runtime/RuntimeContext.cpp:1378][APP - INFO] SMG requested system level sound SE_OJ_LV_HD_STEAM
[src/runtime/RuntimeContext.cpp:1378][APP - INFO] SMG requested system level sound SE_OJ_LV_HD_STEAM
[src/runtime/RuntimeContext.cpp:1378][APP - INFO] SMG requested system level sound SE_OJ_LV_HD_STEAM
[src/runtime/RuntimeContext.cpp:1378][APP - INFO] SMG requested system level sound SE_OJ_LV_HD_STEAM
[src/runtime/RuntimeContext.cpp:1378][APP - INFO] SMG requested system level sound SE_OJ_LV_HD_STEAM
[src/runtime/RuntimeContext.cpp:1378][APP - INFO] SMG requested system level sound SE_OJ_LV_HD_STEAM
[src/runtime/RuntimeContext.cpp:1378][APP - INFO] SMG requested system level sound SE_OJ_LV_HD_STEAM
[src/runtime/RuntimeContext.cpp:1378][APP - INFO] SMG requested system level sound SE_OJ_LV_HD_STEAM
[src/runtime/RuntimeContext.cpp:1378][APP - INFO] SMG requested system level sound SE_OJ_LV_HD_STEAM
[src/runtime/RuntimeContext.cpp:1378][APP - INFO] SMG requested system level sound SE_OJ_LV_HD_STEAM
[src/runtime/RuntimeContext.cpp:1378][APP - INFO] SMG requested system level sound SE_OJ_LV_HD_STEAM
[src/runtime/RuntimeContext.cpp:1378][APP - INFO] SMG requested system level sound SE_OJ_LV_HD_STEAM
[src/runtime/RuntimeContext.cpp:1378][APP - INFO] SMG requested system level sound SE_OJ_LV_HD_STEAM
[src/runtime/RuntimeContext.cpp:1378][APP - INFO] SMG requested system level sound SE_OJ_LV_HD_STEAM
[src/runtime/RuntimeContext.cpp:1378][APP - INFO] SMG requested system level sound SE_OJ_LV_HD_STEAM
[src/runtime/RuntimeContext.cpp:1378][APP - INFO] SMG requested system level sound SE_OJ_LV_HD_STEAM
[src/runtime/RuntimeContext.cpp:1378][APP - INFO] SMG requested system level sound SE_OJ_LV_HD_STEAM
[src/runtime/RuntimeContext.cpp:1378][APP - INFO] SMG requested system level sound SE_OJ_LV_HD_STEAM
[src/runtime/RuntimeContext.cpp:1378][APP - INFO] SMG requested system level sound SE_OJ_LV_HD_STEAM
[src/runtime/RuntimeContext.cpp:1378][APP - INFO] SMG requested system level sound SE_OJ_LV_HD_STEAM
[src/runtime/RuntimeContext.cpp:1378][APP - INFO] SMG requested system level sound SE_OJ_LV_HD_STEAM
[src/runtime/RuntimeContext.cpp:1378][APP - INFO] SMG requested system level sound SE_OJ_LV_HD_STEAM
[src/runtime/RuntimeContext.cpp:1378][APP - INFO] SMG requested system level sound SE_OJ_LV_HD_STEAM
[src/runtime/RuntimeContext.cpp:1378][APP - INFO] SMG requested system level sound SE_OJ_LV_HD_STEAM
[src/runtime/RuntimeContext.cpp:1378][APP - INFO] SMG requested system level sound SE_OJ_LV_HD_STEAM
[src/runtime/RuntimeContext.cpp:1378][APP - INFO] SMG requested system level sound SE_OJ_LV_HD_STEAM
[src/runtime/RuntimeContext.cpp:1378][APP - INFO] SMG requested system level sound SE_OJ_LV_HD_STEAM
[src/runtime/RuntimeContext.cpp:1378][APP - INFO] SMG requested system level sound SE_OJ_LV_HD_STEAM
[src/runtime/RuntimeContext.cpp:1378][APP - INFO] SMG requested system level sound SE_OJ_LV_HD_STEAM
[src/runtime/RuntimeContext.cpp:1378][APP - INFO] SMG requested system level sound SE_OJ_LV_HD_STEAM
[src/runtime/RuntimeContext.cpp:1378][APP - INFO] SMG requested system level sound SE_OJ_LV_HD_STEAM
[src/runtime/RuntimeContext.cpp:1378][APP - INFO] SMG requested system level sound SE_OJ_LV_HD_STEAM
[src/runtime/RuntimeContext.cpp:1378][APP - INFO] SMG requested system level sound SE_OJ_LV_HD_STEAM
[src/runtime/RuntimeContext.cpp:1378][APP - INFO] SMG requested system level sound SE_OJ_LV_HD_STEAM
[src/runtime/RuntimeContext.cpp:1378][APP - INFO] SMG requested system level sound SE_OJ_LV_HD_STEAM
[src/runtime/RuntimeContext.cpp:1378][APP - INFO] SMG requested system level sound SE_OJ_LV_HD_STEAM
[src/runtime/RuntimeContext.cpp:1378][APP - INFO] SMG requested system level sound SE_OJ_LV_HD_STEAM
[src/runtime/RuntimeContext.cpp:1378][APP - INFO] SMG requested system level sound SE_OJ_LV_HD_STEAM
[src/runtime/RuntimeContext.cpp:1378][APP - INFO] SMG requested system level sound SE_OJ_LV_HD_STEAM
[src/runtime/RuntimeContext.cpp:1378][APP - INFO] SMG requested system level sound SE_OJ_LV_HD_STEAM
[src/runtime/RuntimeContext.cpp:1378][APP - INFO] SMG requested system level sound SE_OJ_LV_HD_STEAM
[src/runtime/RuntimeContext.cpp:1378][APP - INFO] SMG requested system level sound SE_OJ_LV_HD_STEAM
[src/runtime/RuntimeContext.cpp:1378][APP - INFO] SMG requested system level sound SE_OJ_LV_HD_STEAM
[src/runtime/RuntimeContext.cpp:1378][APP - INFO] SMG requested system level sound SE_OJ_LV_HD_STEAM
[src/runtime/RuntimeContext.cpp:1378][APP - INFO] SMG requested system level sound SE_OJ_LV_HD_STEAM
[src/runtime/RuntimeContext.cpp:1378][APP - INFO] SMG requested system level sound SE_OJ_LV_HD_STEAM
[src/runtime/RuntimeContext.cpp:1378][APP - INFO] SMG requested system level sound SE_OJ_LV_HD_STEAM
[src/runtime/RuntimeContext.cpp:1378][APP - INFO] SMG requested system level sound SE_OJ_LV_HD_STEAM
[src/runtime/RuntimeContext.cpp:1378][APP - INFO] SMG requested system level sound SE_OJ_LV_HD_STEAM
[src/runtime/RuntimeContext.cpp:1378][APP - INFO] SMG requested system level sound SE_OJ_LV_HD_STEAM
[src/runtime/RuntimeContext.cpp:1378][APP - INFO] SMG requested system level sound SE_OJ_LV_HD_STEAM
[src/runtime/RuntimeContext.cpp:1378][APP - INFO] SMG requested system level sound SE_OJ_LV_HD_STEAM
[src/runtime/RuntimeContext.cpp:1378][APP - INFO] SMG requested system level sound SE_OJ_LV_HD_STEAM
[src/runtime/RuntimeContext.cpp:1378][APP - INFO] SMG requested system level sound SE_OJ_LV_HD_STEAM
[src/runtime/RuntimeContext.cpp:1378][APP - INFO] SMG requested system level sound SE_OJ_LV_HD_STEAM
[src/runtime/RuntimeContext.cpp:1378][APP - INFO] SMG requested system level sound SE_OJ_LV_HD_STEAM
[src/runtime/RuntimeContext.cpp:1378][APP - INFO] SMG requested system level sound SE_OJ_LV_HD_STEAM
[src/runtime/RuntimeContext.cpp:1378][APP - INFO] SMG requested system level sound SE_OJ_LV_HD_STEAM
[src/runtime/RuntimeContext.cpp:1378][APP - INFO] SMG requested system level sound SE_OJ_LV_HD_STEAM
[src/runtime/RuntimeContext.cpp:1378][APP - INFO] SMG requested system level sound SE_OJ_LV_HD_STEAM
[src/runtime/RuntimeContext.cpp:1378][APP - INFO] SMG requested system level sound SE_OJ_LV_HD_STEAM
[src/runtime/RuntimeContext.cpp:1378][APP - INFO] SMG requested system level sound SE_OJ_LV_HD_STEAM
[src/runtime/RuntimeContext.cpp:1378][APP - INFO] SMG requested system level sound SE_OJ_LV_HD_STEAM
[src/runtime/RuntimeContext.cpp:1378][APP - INFO] SMG requested system level sound SE_OJ_LV_HD_STEAM
[src/runtime/RuntimeContext.cpp:1378][APP - INFO] SMG requested system level sound SE_OJ_LV_HD_STEAM
[src/runtime/RuntimeContext.cpp:1378][APP - INFO] SMG requested system level sound SE_OJ_LV_HD_STEAM
[src/runtime/RuntimeContext.cpp:1378][APP - INFO] SMG requested system level sound SE_OJ_LV_HD_STEAM
[src/runtime/RuntimeContext.cpp:1378][APP - INFO] SMG requested system level sound SE_OJ_LV_HD_STEAM
[src/runtime/RuntimeContext.cpp:1378][APP - INFO] SMG requested system level sound SE_OJ_LV_HD_STEAM
[src/runtime/RuntimeContext.cpp:1378][APP - INFO] SMG requested system level sound SE_OJ_LV_HD_STEAM
[src/runtime/RuntimeContext.cpp:1378][APP - INFO] SMG requested system level sound SE_OJ_LV_HD_STEAM
[src/runtime/RuntimeContext.cpp:1378][APP - INFO] SMG requested system level sound SE_OJ_LV_HD_STEAM
[src/runtime/RuntimeContext.cpp:1378][APP - INFO] SMG requested system level sound SE_OJ_LV_HD_STEAM
[src/runtime/RuntimeContext.cpp:1378][APP - INFO] SMG requested system level sound SE_OJ_LV_HD_STEAM
[src/runtime/RuntimeContext.cpp:1378][APP - INFO] SMG requested system level sound SE_OJ_LV_HD_STEAM
[src/runtime/RuntimeContext.cpp:1378][APP - INFO] SMG requested system level sound SE_OJ_LV_HD_STEAM
[src/runtime/RuntimeContext.cpp:1378][APP - INFO] SMG requested system level sound SE_OJ_LV_HD_STEAM
[src/runtime/RuntimeContext.cpp:1378][APP - INFO] SMG requested system level sound SE_OJ_LV_HD_STEAM
[src/runtime/RuntimeContext.cpp:1378][APP - INFO] SMG requested system level sound SE_OJ_LV_HD_STEAM
[src/runtime/RuntimeContext.cpp:1378][APP - INFO] SMG requested system level sound SE_OJ_LV_HD_STEAM
[src/runtime/RuntimeContext.cpp:1378][APP - INFO] SMG requested system level sound SE_OJ_LV_HD_STEAM
[src/runtime/RuntimeContext.cpp:1378][APP - INFO] SMG requested system level sound SE_OJ_LV_HD_STEAM
[src/runtime/RuntimeContext.cpp:1378][APP - INFO] SMG requested system level sound SE_OJ_LV_HD_STEAM
[src/runtime/RuntimeContext.cpp:1378][APP - INFO] SMG requested system level sound SE_OJ_LV_HD_STEAM
[src/runtime/RuntimeContext.cpp:1378][APP - INFO] SMG requested system level sound SE_OJ_LV_HD_STEAM
[src/runtime/RuntimeContext.cpp:1378][APP - INFO] SMG requested system level sound SE_OJ_LV_HD_STEAM
[src/runtime/RuntimeContext.cpp:1378][APP - INFO] SMG requested system level sound SE_OJ_LV_HD_STEAM
[src/runtime/RuntimeContext.cpp:1378][APP - INFO] SMG requested system level sound SE_OJ_LV_HD_STEAM
[src/runtime/RuntimeContext.cpp:1378][APP - INFO] SMG requested system level sound SE_OJ_LV_HD_STEAM
[src/runtime/RuntimeContext.cpp:1378][APP - INFO] SMG requested system level sound SE_OJ_LV_HD_STEAM
[src/runtime/RuntimeContext.cpp:1378][APP - INFO] SMG requested system level sound SE_OJ_LV_HD_STEAM
[src/runtime/RuntimeContext.cpp:1378][APP - INFO] SMG requested system level sound SE_OJ_LV_HD_STEAM
[src/runtime/RuntimeContext.cpp:1378][APP - INFO] SMG requested system level sound SE_OJ_LV_HD_STEAM
[src/runtime/RuntimeContext.cpp:1378][APP - INFO] SMG requested system level sound SE_OJ_LV_HD_STEAM
[src/runtime/RuntimeContext.cpp:1378][APP - INFO] SMG requested system level sound SE_OJ_LV_HD_STEAM
[src/runtime/RuntimeContext.cpp:1378][APP - INFO] SMG requested system level sound SE_OJ_LV_HD_STEAM
[src/runtime/RuntimeContext.cpp:1378][APP - INFO] SMG requested system level sound SE_OJ_LV_HD_STEAM
[src/runtime/RuntimeContext.cpp:1378][APP - INFO] SMG requested system level sound SE_OJ_LV_HD_STEAM
[src/runtime/RuntimeContext.cpp:1378][APP - INFO] SMG requested system level sound SE_OJ_LV_HD_STEAM
[src/runtime/RuntimeContext.cpp:1378][APP - INFO] SMG requested system level sound SE_OJ_LV_HD_STEAM
[src/runtime/RuntimeContext.cpp:1378][APP - INFO] SMG requested system level sound SE_OJ_LV_HD_STEAM
[src/runtime/RuntimeContext.cpp:1378][APP - INFO] SMG requested system level sound SE_OJ_LV_HD_STEAM
[src/runtime/RuntimeContext.cpp:1378][APP - INFO] SMG requested system level sound SE_OJ_LV_HD_STEAM
[src/runtime/RuntimeContext.cpp:1378][APP - INFO] SMG requested system level sound SE_OJ_LV_HD_STEAM
[src/runtime/RuntimeContext.cpp:1378][APP - INFO] SMG requested system level sound SE_OJ_LV_HD_STEAM
[src/runtime/RuntimeContext.cpp:1378][APP - INFO] SMG requested system level sound SE_OJ_LV_HD_STEAM
[src/runtime/RuntimeContext.cpp:1378][APP - INFO] SMG requested system level sound SE_OJ_LV_HD_STEAM
[src/runtime/RuntimeContext.cpp:1378][APP - INFO] SMG requested system level sound SE_OJ_LV_HD_STEAM
[src/runtime/RuntimeContext.cpp:1378][APP - INFO] SMG requested system level sound SE_OJ_LV_HD_STEAM
[src/runtime/RuntimeContext.cpp:1378][APP - INFO] SMG requested system level sound SE_OJ_LV_HD_STEAM
[src/runtime/RuntimeContext.cpp:1378][APP - INFO] SMG requested system level sound SE_OJ_LV_HD_STEAM
[src/runtime/RuntimeContext.cpp:1378][APP - INFO] SMG requested system level sound SE_OJ_LV_HD_STEAM
[src/runtime/RuntimeContext.cpp:1378][APP - INFO] SMG requested system level sound SE_OJ_LV_HD_STEAM
[src/runtime/RuntimeContext.cpp:1378][APP - INFO] SMG requested system level sound SE_OJ_LV_HD_STEAM
[src/runtime/RuntimeContext.cpp:1378][APP - INFO] SMG requested system level sound SE_OJ_LV_HD_STEAM
[src/runtime/RuntimeContext.cpp:1378][APP - INFO] SMG requested system level sound SE_OJ_LV_HD_STEAM
[src/runtime/RuntimeContext.cpp:1378][APP - INFO] SMG requested system level sound SE_OJ_LV_HD_STEAM
[src/runtime/RuntimeContext.cpp:1378][APP - INFO] SMG requested system level sound SE_OJ_LV_HD_STEAM
[src/runtime/RuntimeContext.cpp:1378][APP - INFO] SMG requested system level sound SE_OJ_LV_HD_STEAM
[src/runtime/RuntimeContext.cpp:1378][APP - INFO] SMG requested system level sound SE_OJ_LV_HD_STEAM
[src/runtime/RuntimeContext.cpp:1378][APP - INFO] SMG requested system level sound SE_OJ_LV_HD_STEAM
[src/runtime/RuntimeContext.cpp:1378][APP - INFO] SMG requested system level sound SE_OJ_LV_HD_STEAM
[src/runtime/RuntimeContext.cpp:1378][APP - INFO] SMG requested system level sound SE_OJ_LV_HD_STEAM
[src/runtime/RuntimeContext.cpp:1378][APP - INFO] SMG requested system level sound SE_OJ_LV_HD_STEAM
[src/runtime/RuntimeContext.cpp:1378][APP - INFO] SMG requested system level sound SE_OJ_LV_HD_STEAM
[src/runtime/RuntimeContext.cpp:1378][APP - INFO] SMG requested system level sound SE_OJ_LV_HD_STEAM
[src/runtime/RuntimeContext.cpp:1378][APP - INFO] SMG requested system level sound SE_OJ_LV_HD_STEAM
[src/runtime/RuntimeContext.cpp:1378][APP - INFO] SMG requested system level sound SE_OJ_LV_HD_STEAM
[src/runtime/RuntimeContext.cpp:1378][APP - INFO] SMG requested system level sound SE_OJ_LV_HD_STEAM
[src/runtime/RuntimeContext.cpp:1378][APP - INFO] SMG requested system level sound SE_OJ_LV_HD_STEAM
[src/runtime/RuntimeContext.cpp:1378][APP - INFO] SMG requested system level sound SE_OJ_LV_HD_STEAM
[src/runtime/RuntimeContext.cpp:1378][APP - INFO] SMG requested system level sound SE_OJ_LV_HD_STEAM
[src/runtime/RuntimeContext.cpp:1378][APP - INFO] SMG requested system level sound SE_OJ_LV_HD_STEAM
[src/runtime/RuntimeContext.cpp:1378][APP - INFO] SMG requested system level sound SE_OJ_LV_HD_STEAM
[src/runtime/RuntimeContext.cpp:1378][APP - INFO] SMG requested system level sound SE_OJ_LV_HD_STEAM
[src/runtime/RuntimeContext.cpp:1378][APP - INFO] SMG requested system level sound SE_OJ_LV_HD_STEAM
[src/runtime/RuntimeContext.cpp:1378][APP - INFO] SMG requested system level sound SE_OJ_LV_HD_STEAM
[src/runtime/RuntimeContext.cpp:1378][APP - INFO] SMG requested system level sound SE_OJ_LV_HD_STEAM
[src/runtime/RuntimeContext.cpp:1378][APP - INFO] SMG requested system level sound SE_OJ_LV_HD_STEAM
[src/runtime/RuntimeContext.cpp:1378][APP - INFO] SMG requested system level sound SE_OJ_LV_HD_STEAM
[src/runtime/RuntimeContext.cpp:1378][APP - INFO] SMG requested system level sound SE_OJ_LV_HD_STEAM
[src/runtime/RuntimeContext.cpp:1378][APP - INFO] SMG requested system level sound SE_OJ_LV_HD_STEAM
[src/runtime/RuntimeContext.cpp:1378][APP - INFO] SMG requested system level sound SE_OJ_LV_HD_STEAM
[src/runtime/RuntimeContext.cpp:1378][APP - INFO] SMG requested system level sound SE_OJ_LV_HD_STEAM
[src/runtime/RuntimeContext.cpp:1378][APP - INFO] SMG requested system level sound SE_OJ_LV_HD_STEAM
[src/runtime/RuntimeContext.cpp:1378][APP - INFO] SMG requested system level sound SE_OJ_LV_HD_STEAM
[src/runtime/RuntimeContext.cpp:1378][APP - INFO] SMG requested system level sound SE_OJ_LV_HD_STEAM
[src/runtime/RuntimeContext.cpp:1378][APP - INFO] SMG requested system level sound SE_OJ_LV_HD_STEAM
[src/runtime/RuntimeContext.cpp:1378][APP - INFO] SMG requested system level sound SE_OJ_LV_HD_STEAM
[src/runtime/RuntimeContext.cpp:1378][APP - INFO] SMG requested system level sound SE_OJ_LV_HD_STEAM
[src/runtime/RuntimeContext.cpp:1378][APP - INFO] SMG requested system level sound SE_OJ_LV_HD_STEAM
[src/runtime/RuntimeContext.cpp:1378][APP - INFO] SMG requested system level sound SE_OJ_LV_HD_STEAM
[src/runtime/RuntimeContext.cpp:1378][APP - INFO] SMG requested system level sound SE_OJ_LV_HD_STEAM
[src/runtime/RuntimeContext.cpp:1378][APP - INFO] SMG requested system level sound SE_OJ_LV_HD_STEAM
[src/runtime/RuntimeContext.cpp:1378][APP - INFO] SMG requested system level sound SE_OJ_LV_HD_STEAM
[src/runtime/RuntimeContext.cpp:1378][APP - INFO] SMG requested system level sound SE_OJ_LV_HD_STEAM
[src/runtime/RuntimeContext.cpp:1378][APP - INFO] SMG requested system level sound SE_OJ_LV_HD_STEAM
[src/runtime/RuntimeContext.cpp:1378][APP - INFO] SMG requested system level sound SE_OJ_LV_HD_STEAM
[src/runtime/RuntimeContext.cpp:1378][APP - INFO] SMG requested system level sound SE_OJ_LV_HD_STEAM
[src/runtime/RuntimeContext.cpp:1378][APP - INFO] SMG requested system level sound SE_OJ_LV_HD_STEAM
[src/runtime/RuntimeContext.cpp:1378][APP - INFO] SMG requested system level sound SE_OJ_LV_HD_STEAM
[src/runtime/RuntimeContext.cpp:1378][APP - INFO] SMG requested system level sound SE_OJ_LV_HD_STEAM
[src/runtime/RuntimeContext.cpp:1378][APP - INFO] SMG requested system level sound SE_OJ_LV_HD_STEAM
[src/runtime/RuntimeContext.cpp:1378][APP - INFO] SMG requested system level sound SE_OJ_LV_HD_STEAM
[src/runtime/RuntimeContext.cpp:1378][APP - INFO] SMG requested system level sound SE_OJ_LV_HD_STEAM
[src/runtime/RuntimeContext.cpp:1378][APP - INFO] SMG requested system level sound SE_OJ_LV_HD_STEAM
[src/runtime/RuntimeContext.cpp:1378][APP - INFO] SMG requested system level sound SE_OJ_LV_HD_STEAM
[src/runtime/RuntimeContext.cpp:1378][APP - INFO] SMG requested system level sound SE_OJ_LV_HD_STEAM
[src/runtime/RuntimeContext.cpp:1378][APP - INFO] SMG requested system level sound SE_OJ_LV_HD_STEAM
[src/runtime/RuntimeContext.cpp:1378][APP - INFO] SMG requested system level sound SE_OJ_LV_HD_STEAM
[src/runtime/RuntimeContext.cpp:1378][APP - INFO] SMG requested system level sound SE_OJ_LV_HD_STEAM
[src/runtime/RuntimeContext.cpp:1378][APP - INFO] SMG requested system level sound SE_OJ_LV_HD_STEAM
[src/runtime/RuntimeContext.cpp:1378][APP - INFO] SMG requested system level sound SE_OJ_LV_HD_STEAM
[src/runtime/RuntimeContext.cpp:1378][APP - INFO] SMG requested system level sound SE_OJ_LV_HD_STEAM
[src/runtime/RuntimeContext.cpp:1378][APP - INFO] SMG requested system level sound SE_OJ_LV_HD_STEAM
[src/runtime/RuntimeContext.cpp:1378][APP - INFO] SMG requested system level sound SE_OJ_LV_HD_STEAM
[src/runtime/RuntimeContext.cpp:1378][APP - INFO] SMG requested system level sound SE_OJ_LV_HD_STEAM
[src/runtime/RuntimeContext.cpp:1378][APP - INFO] SMG requested system level sound SE_OJ_LV_HD_STEAM
[src/runtime/RuntimeContext.cpp:1378][APP - INFO] SMG requested system level sound SE_OJ_LV_HD_STEAM
[src/runtime/RuntimeContext.cpp:1378][APP - INFO] SMG requested system level sound SE_OJ_LV_HD_STEAM
[src/runtime/RuntimeContext.cpp:1378][APP - INFO] SMG requested system level sound SE_OJ_LV_HD_STEAM
[src/runtime/RuntimeContext.cpp:1378][APP - INFO] SMG requested system level sound SE_OJ_LV_HD_STEAM
[src/runtime/RuntimeContext.cpp:1378][APP - INFO] SMG requested system level sound SE_OJ_LV_HD_STEAM
[src/runtime/RuntimeContext.cpp:1378][APP - INFO] SMG requested system level sound SE_OJ_LV_HD_STEAM
[src/runtime/RuntimeContext.cpp:1378][APP - INFO] SMG requested system level sound SE_OJ_LV_HD_STEAM
[src/runtime/RuntimeContext.cpp:1378][APP - INFO] SMG requested system level sound SE_OJ_LV_HD_STEAM
[src/runtime/RuntimeContext.cpp:1378][APP - INFO] SMG requested system level sound SE_OJ_LV_HD_STEAM
[src/runtime/RuntimeContext.cpp:1378][APP - INFO] SMG requested system level sound SE_OJ_LV_HD_STEAM
[src/runtime/RuntimeContext.cpp:1378][APP - INFO] SMG requested system level sound SE_OJ_LV_HD_STEAM
[src/runtime/RuntimeContext.cpp:1378][APP - INFO] SMG requested system level sound SE_OJ_LV_HD_STEAM
[src/runtime/RuntimeContext.cpp:1378][APP - INFO] SMG requested system level sound SE_OJ_LV_HD_STEAM
[src/runtime/RuntimeContext.cpp:1378][APP - INFO] SMG requested system level sound SE_OJ_LV_HD_STEAM
[src/runtime/RuntimeContext.cpp:1378][APP - INFO] SMG requested system level sound SE_OJ_LV_HD_STEAM
[src/runtime/RuntimeContext.cpp:1378][APP - INFO] SMG requested system level sound SE_OJ_LV_HD_STEAM
[src/runtime/RuntimeContext.cpp:1378][APP - INFO] SMG requested system level sound SE_OJ_LV_HD_STEAM
[src/runtime/RuntimeContext.cpp:1378][APP - INFO] SMG requested system level sound SE_OJ_LV_HD_STEAM
[src/runtime/RuntimeContext.cpp:1378][APP - INFO] SMG requested system level sound SE_OJ_LV_HD_STEAM
[src/runtime/RuntimeContext.cpp:1378][APP - INFO] SMG requested system level sound SE_OJ_LV_HD_STEAM
[src/runtime/RuntimeContext.cpp:1378][APP - INFO] SMG requested system level sound SE_OJ_LV_HD_STEAM
[src/runtime/RuntimeContext.cpp:1378][APP - INFO] SMG requested system level sound SE_OJ_LV_HD_STEAM
[src/runtime/RuntimeContext.cpp:1378][APP - INFO] SMG requested system level sound SE_OJ_LV_HD_STEAM
[src/runtime/RuntimeContext.cpp:1378][APP - INFO] SMG requested system level sound SE_OJ_LV_HD_STEAM
[src/runtime/RuntimeContext.cpp:1378][APP - INFO] SMG requested system level sound SE_OJ_LV_HD_STEAM
[src/runtime/RuntimeContext.cpp:1378][APP - INFO] SMG requested system level sound SE_OJ_LV_HD_STEAM
[src/runtime/RuntimeContext.cpp:1378][APP - INFO] SMG requested system level sound SE_OJ_LV_HD_STEAM
[src/runtime/RuntimeContext.cpp:1378][APP - INFO] SMG requested system level sound SE_OJ_LV_HD_STEAM
[src/runtime/RuntimeContext.cpp:1378][APP - INFO] SMG requested system level sound SE_OJ_LV_HD_STEAM
[src/runtime/RuntimeContext.cpp:1378][APP - INFO] SMG requested system level sound SE_OJ_LV_HD_STEAM
[src/runtime/RuntimeContext.cpp:1378][APP - INFO] SMG requested system level sound SE_OJ_LV_HD_STEAM
[src/runtime/RuntimeContext.cpp:1378][APP - INFO] SMG requested system level sound SE_OJ_LV_HD_STEAM
[src/runtime/RuntimeContext.cpp:1378][APP - INFO] SMG requested system level sound SE_OJ_LV_HD_STEAM
[src/runtime/RuntimeContext.cpp:1378][APP - INFO] SMG requested system level sound SE_OJ_LV_HD_STEAM
[src/runtime/RuntimeContext.cpp:1378][APP - INFO] SMG requested system level sound SE_OJ_LV_HD_STEAM
[src/runtime/RuntimeContext.cpp:1378][APP - INFO] SMG requested system level sound SE_OJ_LV_HD_STEAM
[src/runtime/RuntimeContext.cpp:1378][APP - INFO] SMG requested system level sound SE_OJ_LV_HD_STEAM
[src/runtime/RuntimeContext.cpp:1378][APP - INFO] SMG requested system level sound SE_OJ_LV_HD_STEAM
[src/runtime/RuntimeContext.cpp:1378][APP - INFO] SMG requested system level sound SE_OJ_LV_HD_STEAM
[src/runtime/RuntimeContext.cpp:1378][APP - INFO] SMG requested system level sound SE_OJ_LV_HD_STEAM
[src/runtime/RuntimeContext.cpp:1378][APP - INFO] SMG requested system level sound SE_OJ_LV_HD_STEAM
[src/runtime/RuntimeContext.cpp:1378][APP - INFO] SMG requested system level sound SE_OJ_LV_HD_STEAM
[src/runtime/RuntimeContext.cpp:1378][APP - INFO] SMG requested system level sound SE_OJ_LV_HD_STEAM
[src/runtime/RuntimeContext.cpp:1378][APP - INFO] SMG requested system level sound SE_OJ_LV_HD_STEAM
[src/runtime/RuntimeContext.cpp:1378][APP - INFO] SMG requested system level sound SE_OJ_LV_HD_STEAM
[src/runtime/RuntimeContext.cpp:1378][APP - INFO] SMG requested system level sound SE_OJ_LV_HD_STEAM
[src/runtime/RuntimeContext.cpp:1378][APP - INFO] SMG requested system level sound SE_OJ_LV_HD_STEAM
[src/runtime/RuntimeContext.cpp:1378][APP - INFO] SMG requested system level sound SE_OJ_LV_HD_STEAM
[src/runtime/RuntimeContext.cpp:1378][APP - INFO] SMG requested system level sound SE_OJ_LV_HD_STEAM
[src/runtime/RuntimeContext.cpp:1378][APP - INFO] SMG requested system level sound SE_OJ_LV_HD_STEAM
[src/runtime/RuntimeContext.cpp:1378][APP - INFO] SMG requested system level sound SE_OJ_LV_HD_STEAM
[src/runtime/RuntimeContext.cpp:1378][APP - INFO] SMG requested system level sound SE_OJ_LV_HD_STEAM
[src/runtime/RuntimeContext.cpp:1378][APP - INFO] SMG requested system level sound SE_OJ_LV_HD_STEAM
[src/runtime/RuntimeContext.cpp:1378][APP - INFO] SMG requested system level sound SE_OJ_LV_HD_STEAM
[src/runtime/RuntimeContext.cpp:1378][APP - INFO] SMG requested system level sound SE_OJ_LV_HD_STEAM
[src/runtime/RuntimeContext.cpp:1378][APP - INFO] SMG requested system level sound SE_OJ_LV_HD_STEAM
[src/runtime/RuntimeContext.cpp:1378][APP - INFO] SMG requested system level sound SE_OJ_LV_HD_STEAM
[src/runtime/RuntimeContext.cpp:1378][APP - INFO] SMG requested system level sound SE_OJ_LV_HD_STEAM
[src/runtime/RuntimeContext.cpp:1378][APP - INFO] SMG requested system level sound SE_OJ_LV_HD_STEAM
[src/runtime/RuntimeContext.cpp:1378][APP - INFO] SMG requested system level sound SE_OJ_LV_HD_STEAM
[src/runtime/RuntimeContext.cpp:1378][APP - INFO] SMG requested system level sound SE_OJ_LV_HD_STEAM
[src/runtime/RuntimeContext.cpp:1378][APP - INFO] SMG requested system level sound SE_OJ_LV_HD_STEAM
[src/runtime/RuntimeContext.cpp:1378][APP - INFO] SMG requested system level sound SE_OJ_LV_HD_STEAM
[src/runtime/RuntimeContext.cpp:1378][APP - INFO] SMG requested system level sound SE_OJ_LV_HD_STEAM
[src/runtime/RuntimeContext.cpp:1378][APP - INFO] SMG requested system level sound SE_OJ_LV_HD_STEAM
[src/runtime/RuntimeContext.cpp:1378][APP - INFO] SMG requested system level sound SE_OJ_LV_HD_STEAM
[src/runtime/RuntimeContext.cpp:1378][APP - INFO] SMG requested system level sound SE_OJ_LV_HD_STEAM
[src/runtime/RuntimeContext.cpp:1378][APP - INFO] SMG requested system level sound SE_OJ_LV_HD_STEAM
[src/runtime/RuntimeContext.cpp:1378][APP - INFO] SMG requested system level sound SE_OJ_LV_HD_STEAM
[src/runtime/RuntimeContext.cpp:1378][APP - INFO] SMG requested system level sound SE_OJ_LV_HD_STEAM
[src/runtime/RuntimeContext.cpp:1378][APP - INFO] SMG requested system level sound SE_OJ_LV_HD_STEAM
[src/runtime/RuntimeContext.cpp:1378][APP - INFO] SMG requested system level sound SE_OJ_LV_HD_STEAM
[src/runtime/RuntimeContext.cpp:1378][APP - INFO] SMG requested system level sound SE_OJ_LV_HD_STEAM
[src/runtime/RuntimeContext.cpp:1378][APP - INFO] SMG requested system level sound SE_OJ_LV_HD_STEAM
[src/runtime/RuntimeContext.cpp:1378][APP - INFO] SMG requested system level sound SE_OJ_LV_HD_STEAM
[src/runtime/RuntimeContext.cpp:1378][APP - INFO] SMG requested system level sound SE_OJ_LV_HD_STEAM
[src/runtime/RuntimeContext.cpp:1378][APP - INFO] SMG requested system level sound SE_OJ_LV_HD_STEAM
[src/runtime/RuntimeContext.cpp:1378][APP - INFO] SMG requested system level sound SE_OJ_LV_HD_STEAM
[src/runtime/RuntimeContext.cpp:1378][APP - INFO] SMG requested system level sound SE_OJ_LV_HD_STEAM
[src/runtime/RuntimeContext.cpp:1378][APP - INFO] SMG requested system level sound SE_OJ_LV_HD_STEAM
[src/runtime/RuntimeContext.cpp:1378][APP - INFO] SMG requested system level sound SE_OJ_LV_HD_STEAM
[src/runtime/RuntimeContext.cpp:1378][APP - INFO] SMG requested system level sound SE_OJ_LV_HD_STEAM
[src/runtime/RuntimeContext.cpp:1378][APP - INFO] SMG requested system level sound SE_OJ_LV_HD_STEAM
[src/runtime/RuntimeContext.cpp:1378][APP - INFO] SMG requested system level sound SE_OJ_LV_HD_STEAM
[src/runtime/RuntimeContext.cpp:1378][APP - INFO] SMG requested system level sound SE_OJ_LV_HD_STEAM
[src/runtime/RuntimeContext.cpp:1378][APP - INFO] SMG requested system level sound SE_OJ_LV_HD_STEAM
[src/runtime/RuntimeContext.cpp:1378][APP - INFO] SMG requested system level sound SE_OJ_LV_HD_STEAM
[src/runtime/RuntimeContext.cpp:1378][APP - INFO] SMG requested system level sound SE_OJ_LV_HD_STEAM
[src/runtime/RuntimeContext.cpp:1378][APP - INFO] SMG requested system level sound SE_OJ_LV_HD_STEAM
[src/runtime/RuntimeContext.cpp:1378][APP - INFO] SMG requested system level sound SE_OJ_LV_HD_STEAM
[src/runtime/RuntimeContext.cpp:1378][APP - INFO] SMG requested system level sound SE_OJ_LV_HD_STEAM
[src/runtime/RuntimeContext.cpp:1378][APP - INFO] SMG requested system level sound SE_OJ_LV_HD_STEAM
[src/runtime/RuntimeContext.cpp:1378][APP - INFO] SMG requested system level sound SE_OJ_LV_HD_STEAM
[src/runtime/RuntimeContext.cpp:1378][APP - INFO] SMG requested system level sound SE_OJ_LV_HD_STEAM
[src/runtime/RuntimeContext.cpp:1378][APP - INFO] SMG requested system level sound SE_OJ_LV_HD_STEAM
[src/runtime/RuntimeContext.cpp:1378][APP - INFO] SMG requested system level sound SE_OJ_LV_HD_STEAM
[src/runtime/RuntimeContext.cpp:1378][APP - INFO] SMG requested system level sound SE_OJ_LV_HD_STEAM
[src/runtime/RuntimeContext.cpp:1378][APP - INFO] SMG requested system level sound SE_OJ_LV_HD_STEAM
[src/runtime/RuntimeContext.cpp:1378][APP - INFO] SMG requested system level sound SE_OJ_LV_HD_STEAM
[src/runtime/RuntimeContext.cpp:1378][APP - INFO] SMG requested system level sound SE_OJ_LV_HD_STEAM
[src/runtime/RuntimeContext.cpp:1378][APP - INFO] SMG requested system level sound SE_OJ_LV_HD_STEAM
[src/runtime/RuntimeContext.cpp:1378][APP - INFO] SMG requested system level sound SE_OJ_LV_HD_STEAM
[src/runtime/RuntimeContext.cpp:1378][APP - INFO] SMG requested system level sound SE_OJ_LV_HD_STEAM
[src/runtime/RuntimeContext.cpp:1378][APP - INFO] SMG requested system level sound SE_OJ_LV_HD_STEAM
[src/runtime/RuntimeContext.cpp:1378][APP - INFO] SMG requested system level sound SE_OJ_LV_HD_STEAM
[src/runtime/RuntimeContext.cpp:1378][APP - INFO] SMG requested system level sound SE_OJ_LV_HD_STEAM
[src/runtime/RuntimeContext.cpp:1378][APP - INFO] SMG requested system level sound SE_OJ_LV_HD_STEAM
[src/runtime/RuntimeContext.cpp:1378][APP - INFO] SMG requested system level sound SE_OJ_LV_HD_STEAM
[src/runtime/RuntimeContext.cpp:1378][APP - INFO] SMG requested system level sound SE_OJ_LV_HD_STEAM
[src/runtime/RuntimeContext.cpp:1378][APP - INFO] SMG requested system level sound SE_OJ_LV_HD_STEAM
[src/runtime/RuntimeContext.cpp:1378][APP - INFO] SMG requested system level sound SE_OJ_LV_HD_STEAM
[src/runtime/RuntimeContext.cpp:1378][APP - INFO] SMG requested system level sound SE_OJ_LV_HD_STEAM
[src/runtime/RuntimeContext.cpp:1378][APP - INFO] SMG requested system level sound SE_OJ_LV_HD_STEAM
[src/runtime/RuntimeContext.cpp:1378][APP - INFO] SMG requested system level sound SE_OJ_LV_HD_STEAM
[src/runtime/RuntimeContext.cpp:1378][APP - INFO] SMG requested system level sound SE_OJ_LV_HD_STEAM
[src/runtime/RuntimeContext.cpp:1378][APP - INFO] SMG requested system level sound SE_OJ_LV_HD_STEAM
[src/runtime/RuntimeContext.cpp:1378][APP - INFO] SMG requested system level sound SE_OJ_LV_HD_STEAM
[src/runtime/RuntimeContext.cpp:1378][APP - INFO] SMG requested system level sound SE_OJ_LV_HD_STEAM
[src/runtime/RuntimeContext.cpp:1378][APP - INFO] SMG requested system level sound SE_OJ_LV_HD_STEAM
[src/runtime/RuntimeContext.cpp:1378][APP - INFO] SMG requested system level sound SE_OJ_LV_HD_STEAM
[src/runtime/RuntimeContext.cpp:1378][APP - INFO] SMG requested system level sound SE_OJ_LV_HD_STEAM
[src/runtime/RuntimeContext.cpp:1378][APP - INFO] SMG requested system level sound SE_OJ_LV_HD_STEAM
[src/runtime/RuntimeContext.cpp:1378][APP - INFO] SMG requested system level sound SE_OJ_LV_HD_STEAM
[src/runtime/RuntimeContext.cpp:1378][APP - INFO] SMG requested system level sound SE_OJ_LV_HD_STEAM
[src/runtime/RuntimeContext.cpp:1378][APP - INFO] SMG requested system level sound SE_OJ_LV_HD_STEAM
[src/runtime/RuntimeContext.cpp:1378][APP - INFO] SMG requested system level sound SE_OJ_LV_HD_STEAM
[src/runtime/RuntimeContext.cpp:1378][APP - INFO] SMG requested system level sound SE_OJ_LV_HD_STEAM
[src/runtime/RuntimeContext.cpp:1378][APP - INFO] SMG requested system level sound SE_OJ_LV_HD_STEAM
[src/runtime/RuntimeContext.cpp:1378][APP - INFO] SMG requested system level sound SE_OJ_LV_HD_STEAM
[src/runtime/RuntimeContext.cpp:1378][APP - INFO] SMG requested system level sound SE_OJ_LV_HD_STEAM
[src/runtime/RuntimeContext.cpp:1378][APP - INFO] SMG requested system level sound SE_OJ_LV_HD_STEAM
[src/runtime/RuntimeContext.cpp:1378][APP - INFO] SMG requested system level sound SE_OJ_LV_HD_STEAM
[src/runtime/RuntimeContext.cpp:1378][APP - INFO] SMG requested system level sound SE_OJ_LV_HD_STEAM
[src/runtime/RuntimeContext.cpp:1378][APP - INFO] SMG requested system level sound SE_OJ_LV_HD_STEAM
[src/runtime/RuntimeContext.cpp:1378][APP - INFO] SMG requested system level sound SE_OJ_LV_HD_STEAM
[src/runtime/RuntimeContext.cpp:1378][APP - INFO] SMG requested system level sound SE_OJ_LV_HD_STEAM
[src/runtime/RuntimeContext.cpp:1378][APP - INFO] SMG requested system level sound SE_OJ_LV_HD_STEAM
[src/runtime/RuntimeContext.cpp:1378][APP - INFO] SMG requested system level sound SE_OJ_LV_HD_STEAM
[src/runtime/RuntimeContext.cpp:1378][APP - INFO] SMG requested system level sound SE_OJ_LV_HD_STEAM
[src/runtime/RuntimeContext.cpp:1378][APP - INFO] SMG requested system level sound SE_OJ_LV_HD_STEAM
[src/runtime/RuntimeContext.cpp:1378][APP - INFO] SMG requested system level sound SE_OJ_LV_HD_STEAM
[src/runtime/RuntimeContext.cpp:1378][APP - INFO] SMG requested system level sound SE_OJ_LV_HD_STEAM
[src/runtime/RuntimeContext.cpp:1378][APP - INFO] SMG requested system level sound SE_OJ_LV_HD_STEAM
[src/runtime/RuntimeContext.cpp:1378][APP - INFO] SMG requested system level sound SE_OJ_LV_HD_STEAM
[src/runtime/RuntimeContext.cpp:1378][APP - INFO] SMG requested system level sound SE_OJ_LV_HD_STEAM
[src/runtime/RuntimeContext.cpp:1378][APP - INFO] SMG requested system level sound SE_OJ_LV_HD_STEAM
[src/runtime/RuntimeContext.cpp:1378][APP - INFO] SMG requested system level sound SE_OJ_LV_HD_STEAM
[src/runtime/RuntimeContext.cpp:1378][APP - INFO] SMG requested system level sound SE_OJ_LV_HD_STEAM
[src/runtime/RuntimeContext.cpp:1378][APP - INFO] SMG requested system level sound SE_OJ_LV_HD_STEAM
[src/runtime/RuntimeContext.cpp:1378][APP - INFO] SMG requested system level sound SE_OJ_LV_HD_STEAM
[src/runtime/RuntimeContext.cpp:1378][APP - INFO] SMG requested system level sound SE_OJ_LV_HD_STEAM
[src/runtime/RuntimeContext.cpp:1378][APP - INFO] SMG requested system level sound SE_OJ_LV_HD_STEAM
[src/runtime/RuntimeContext.cpp:1378][APP - INFO] SMG requested system level sound SE_OJ_LV_HD_STEAM
[src/runtime/RuntimeContext.cpp:1378][APP - INFO] SMG requested system level sound SE_OJ_LV_HD_STEAM
[src/runtime/RuntimeContext.cpp:1378][APP - INFO] SMG requested system level sound SE_OJ_LV_HD_STEAM
[src/runtime/RuntimeContext.cpp:1378][APP - INFO] SMG requested system level sound SE_OJ_LV_HD_STEAM
[src/runtime/RuntimeContext.cpp:1378][APP - INFO] SMG requested system level sound SE_OJ_LV_HD_STEAM
[src/runtime/RuntimeContext.cpp:1378][APP - INFO] SMG requested system level sound SE_OJ_LV_HD_STEAM
[src/runtime/RuntimeContext.cpp:1378][APP - INFO] SMG requested system level sound SE_OJ_LV_HD_STEAM
[src/runtime/RuntimeContext.cpp:1378][APP - INFO] SMG requested system level sound SE_OJ_LV_HD_STEAM
[src/runtime/RuntimeContext.cpp:1378][APP - INFO] SMG requested system level sound SE_OJ_LV_HD_STEAM
[src/runtime/RuntimeContext.cpp:1378][APP - INFO] SMG requested system level sound SE_OJ_LV_HD_STEAM
[src/runtime/RuntimeContext.cpp:1378][APP - INFO] SMG requested system level sound SE_OJ_LV_HD_STEAM
[src/runtime/RuntimeContext.cpp:1378][APP - INFO] SMG requested system level sound SE_OJ_LV_HD_STEAM
[src/runtime/RuntimeContext.cpp:1378][APP - INFO] SMG requested system level sound SE_OJ_LV_HD_STEAM
[src/runtime/RuntimeContext.cpp:1378][APP - INFO] SMG requested system level sound SE_OJ_LV_HD_STEAM
[src/runtime/RuntimeContext.cpp:1378][APP - INFO] SMG requested system level sound SE_OJ_LV_HD_STEAM
[src/runtime/RuntimeContext.cpp:1378][APP - INFO] SMG requested system level sound SE_OJ_LV_HD_STEAM
[src/runtime/RuntimeContext.cpp:1378][APP - INFO] SMG requested system level sound SE_OJ_LV_HD_STEAM
[src/runtime/RuntimeContext.cpp:1378][APP - INFO] SMG requested system level sound SE_OJ_LV_HD_STEAM
[src/runtime/RuntimeContext.cpp:1378][APP - INFO] SMG requested system level sound SE_OJ_LV_HD_STEAM
[src/runtime/RuntimeContext.cpp:1378][APP - INFO] SMG requested system level sound SE_OJ_LV_HD_STEAM
[src/runtime/RuntimeContext.cpp:1378][APP - INFO] SMG requested system level sound SE_OJ_LV_HD_STEAM
[src/runtime/RuntimeContext.cpp:1378][APP - INFO] SMG requested system level sound SE_OJ_LV_HD_STEAM
[src/runtime/RuntimeContext.cpp:1378][APP - INFO] SMG requested system level sound SE_OJ_LV_HD_STEAM
[src/runtime/RuntimeContext.cpp:1378][APP - INFO] SMG requested system level sound SE_OJ_LV_HD_STEAM
[src/runtime/RuntimeContext.cpp:1378][APP - INFO] SMG requested system level sound SE_OJ_LV_HD_STEAM
[src/runtime/RuntimeContext.cpp:1378][APP - INFO] SMG requested system level sound SE_OJ_LV_HD_STEAM
[src/runtime/RuntimeContext.cpp:1378][APP - INFO] SMG requested system level sound SE_OJ_LV_HD_STEAM
[src/runtime/RuntimeContext.cpp:1378][APP - INFO] SMG requested system level sound SE_OJ_LV_HD_STEAM
[src/runtime/RuntimeContext.cpp:1378][APP - INFO] SMG requested system level sound SE_OJ_LV_HD_STEAM
[src/runtime/RuntimeContext.cpp:1378][APP - INFO] SMG requested system level sound SE_OJ_LV_HD_STEAM
[src/runtime/RuntimeContext.cpp:1378][APP - INFO] SMG requested system level sound SE_OJ_LV_HD_STEAM
[src/runtime/RuntimeContext.cpp:1378][APP - INFO] SMG requested system level sound SE_OJ_LV_HD_STEAM
[src/runtime/RuntimeContext.cpp:1378][APP - INFO] SMG requested system level sound SE_OJ_LV_HD_STEAM
[src/runtime/RuntimeContext.cpp:1378][APP - INFO] SMG requested system level sound SE_OJ_LV_HD_STEAM
[src/runtime/RuntimeContext.cpp:1378][APP - INFO] SMG requested system level sound SE_OJ_LV_HD_STEAM
[src/runtime/RuntimeContext.cpp:1378][APP - INFO] SMG requested system level sound SE_OJ_LV_HD_STEAM
[src/runtime/RuntimeContext.cpp:1378][APP - INFO] SMG requested system level sound SE_OJ_LV_HD_STEAM
[src/runtime/RuntimeContext.cpp:1378][APP - INFO] SMG requested system level sound SE_OJ_LV_HD_STEAM
[src/runtime/RuntimeContext.cpp:1378][APP - INFO] SMG requested system level sound SE_OJ_LV_HD_STEAM
[src/runtime/RuntimeContext.cpp:1378][APP - INFO] SMG requested system level sound SE_OJ_LV_HD_STEAM
[src/runtime/RuntimeContext.cpp:1378][APP - INFO] SMG requested system level sound SE_OJ_LV_HD_STEAM
[src/runtime/RuntimeContext.cpp:1378][APP - INFO] SMG requested system level sound SE_OJ_LV_HD_STEAM
[src/runtime/RuntimeContext.cpp:1378][APP - INFO] SMG requested system level sound SE_OJ_LV_HD_STEAM
[src/runtime/RuntimeContext.cpp:1378][APP - INFO] SMG requested system level sound SE_OJ_LV_HD_STEAM
[src/runtime/RuntimeContext.cpp:1378][APP - INFO] SMG requested system level sound SE_OJ_LV_HD_STEAM
[src/runtime/RuntimeContext.cpp:1378][APP - INFO] SMG requested system level sound SE_OJ_LV_HD_STEAM
[src/runtime/RuntimeContext.cpp:1378][APP - INFO] SMG requested system level sound SE_OJ_LV_HD_STEAM
[src/runtime/RuntimeContext.cpp:1378][APP - INFO] SMG requested system level sound SE_OJ_LV_HD_STEAM
[src/runtime/RuntimeContext.cpp:1378][APP - INFO] SMG requested system level sound SE_OJ_LV_HD_STEAM
[src/runtime/RuntimeContext.cpp:1378][APP - INFO] SMG requested system level sound SE_OJ_LV_HD_STEAM
[src/runtime/RuntimeContext.cpp:1378][APP - INFO] SMG requested system level sound SE_OJ_LV_HD_STEAM
[src/runtime/RuntimeContext.cpp:1378][APP - INFO] SMG requested system level sound SE_OJ_LV_HD_STEAM
[src/runtime/RuntimeContext.cpp:1378][APP - INFO] SMG requested system level sound SE_OJ_LV_HD_STEAM
[src/runtime/RuntimeContext.cpp:1378][APP - INFO] SMG requested system level sound SE_OJ_LV_HD_STEAM
[src/runtime/RuntimeContext.cpp:1378][APP - INFO] SMG requested system level sound SE_OJ_LV_HD_STEAM
[src/runtime/RuntimeContext.cpp:1378][APP - INFO] SMG requested system level sound SE_OJ_LV_HD_STEAM
[src/runtime/RuntimeContext.cpp:1378][APP - INFO] SMG requested system level sound SE_OJ_LV_HD_STEAM
[src/runtime/RuntimeContext.cpp:1378][APP - INFO] SMG requested system level sound SE_OJ_LV_HD_STEAM
[src/runtime/RuntimeContext.cpp:1378][APP - INFO] SMG requested system level sound SE_OJ_LV_HD_STEAM
[src/runtime/RuntimeContext.cpp:1378][APP - INFO] SMG requested system level sound SE_OJ_LV_HD_STEAM
[src/runtime/RuntimeContext.cpp:1378][APP - INFO] SMG requested system level sound SE_OJ_LV_HD_STEAM
[src/runtime/RuntimeContext.cpp:1378][APP - INFO] SMG requested system level sound SE_OJ_LV_HD_STEAM
[src/runtime/RuntimeContext.cpp:1378][APP - INFO] SMG requested system level sound SE_OJ_LV_HD_STEAM
[src/runtime/RuntimeContext.cpp:1378][APP - INFO] SMG requested system level sound SE_OJ_LV_HD_STEAM
[src/runtime/RuntimeContext.cpp:1378][APP - INFO] SMG requested system level sound SE_OJ_LV_HD_STEAM
[src/runtime/RuntimeContext.cpp:1378][APP - INFO] SMG requested system level sound SE_OJ_LV_HD_STEAM
[src/runtime/RuntimeContext.cpp:1378][APP - INFO] SMG requested system level sound SE_OJ_LV_HD_STEAM
[src/runtime/RuntimeContext.cpp:1378][APP - INFO] SMG requested system level sound SE_OJ_LV_HD_STEAM
[src/runtime/RuntimeContext.cpp:1378][APP - INFO] SMG requested system level sound SE_OJ_LV_HD_STEAM
[src/runtime/RuntimeContext.cpp:1378][APP - INFO] SMG requested system level sound SE_OJ_LV_HD_STEAM
[src/runtime/RuntimeContext.cpp:1378][APP - INFO] SMG requested system level sound SE_OJ_LV_HD_STEAM
[src/runtime/RuntimeContext.cpp:1378][APP - INFO] SMG requested system level sound SE_OJ_LV_HD_STEAM
[src/runtime/RuntimeContext.cpp:1378][APP - INFO] SMG requested system level sound SE_OJ_LV_HD_STEAM
[src/runtime/RuntimeContext.cpp:1378][APP - INFO] SMG requested system level sound SE_OJ_LV_HD_STEAM
[src/runtime/RuntimeContext.cpp:1378][APP - INFO] SMG requested system level sound SE_OJ_LV_HD_STEAM
[src/runtime/RuntimeContext.cpp:1378][APP - INFO] SMG requested system level sound SE_OJ_LV_HD_STEAM
[src/runtime/RuntimeContext.cpp:1378][APP - INFO] SMG requested system level sound SE_OJ_LV_HD_STEAM
[src/runtime/RuntimeContext.cpp:1378][APP - INFO] SMG requested system level sound SE_OJ_LV_HD_STEAM
[src/runtime/RuntimeContext.cpp:1378][APP - INFO] SMG requested system level sound SE_OJ_LV_HD_STEAM
[src/runtime/RuntimeContext.cpp:1378][APP - INFO] SMG requested system level sound SE_OJ_LV_HD_STEAM
[src/runtime/RuntimeContext.cpp:1378][APP - INFO] SMG requested system level sound SE_OJ_LV_HD_STEAM
[src/runtime/RuntimeContext.cpp:1378][APP - INFO] SMG requested system level sound SE_OJ_LV_HD_STEAM
[src/runtime/RuntimeContext.cpp:1378][APP - INFO] SMG requested system level sound SE_OJ_LV_HD_STEAM
[src/runtime/RuntimeContext.cpp:1378][APP - INFO] SMG requested system level sound SE_OJ_LV_HD_STEAM
[src/runtime/RuntimeContext.cpp:1378][APP - INFO] SMG requested system level sound SE_OJ_LV_HD_STEAM
[src/runtime/RuntimeContext.cpp:1378][APP - INFO] SMG requested system level sound SE_OJ_LV_HD_STEAM
[src/runtime/RuntimeContext.cpp:1378][APP - INFO] SMG requested system level sound SE_OJ_LV_HD_STEAM
[src/runtime/RuntimeContext.cpp:1378][APP - INFO] SMG requested system level sound SE_OJ_LV_HD_STEAM
[src/runtime/RuntimeContext.cpp:1378][APP - INFO] SMG requested system level sound SE_OJ_LV_HD_STEAM
[src/runtime/RuntimeContext.cpp:1378][APP - INFO] SMG requested system level sound SE_OJ_LV_HD_STEAM
[src/runtime/RuntimeContext.cpp:1378][APP - INFO] SMG requested system level sound SE_OJ_LV_HD_STEAM
[src/runtime/RuntimeContext.cpp:1378][APP - INFO] SMG requested system level sound SE_OJ_LV_HD_STEAM
[src/runtime/RuntimeContext.cpp:1378][APP - INFO] SMG requested system level sound SE_OJ_LV_HD_STEAM
[src/runtime/RuntimeContext.cpp:1378][APP - INFO] SMG requested system level sound SE_OJ_LV_HD_STEAM
[src/runtime/RuntimeContext.cpp:1378][APP - INFO] SMG requested system level sound SE_OJ_LV_HD_STEAM
[src/runtime/RuntimeContext.cpp:1378][APP - INFO] SMG requested system level sound SE_OJ_LV_HD_STEAM
[src/runtime/RuntimeContext.cpp:1378][APP - INFO] SMG requested system level sound SE_OJ_LV_HD_STEAM
[src/runtime/RuntimeContext.cpp:1378][APP - INFO] SMG requested system level sound SE_OJ_LV_HD_STEAM
[src/runtime/RuntimeContext.cpp:1378][APP - INFO] SMG requested system level sound SE_OJ_LV_HD_STEAM
[src/runtime/RuntimeContext.cpp:1378][APP - INFO] SMG requested system level sound SE_OJ_LV_HD_STEAM
[src/runtime/RuntimeContext.cpp:1378][APP - INFO] SMG requested system level sound SE_OJ_LV_HD_STEAM
[src/runtime/RuntimeContext.cpp:1378][APP - INFO] SMG requested system level sound SE_OJ_LV_HD_STEAM
[src/runtime/RuntimeContext.cpp:1378][APP - INFO] SMG requested system level sound SE_OJ_LV_HD_STEAM
[src/runtime/RuntimeContext.cpp:1378][APP - INFO] SMG requested system level sound SE_OJ_LV_HD_STEAM
[src/runtime/RuntimeContext.cpp:1378][APP - INFO] SMG requested system level sound SE_OJ_LV_HD_STEAM
[src/runtime/RuntimeContext.cpp:1378][APP - INFO] SMG requested system level sound SE_OJ_LV_HD_STEAM
[src/runtime/RuntimeContext.cpp:1378][APP - INFO] SMG requested system level sound SE_OJ_LV_HD_STEAM
[src/runtime/RuntimeContext.cpp:1378][APP - INFO] SMG requested system level sound SE_OJ_LV_HD_STEAM
[src/runtime/RuntimeContext.cpp:1378][APP - INFO] SMG requested system level sound SE_OJ_LV_HD_STEAM
[src/runtime/RuntimeContext.cpp:1378][APP - INFO] SMG requested system level sound SE_OJ_LV_HD_STEAM
[src/runtime/RuntimeContext.cpp:1378][APP - INFO] SMG requested system level sound SE_OJ_LV_HD_STEAM
[src/runtime/RuntimeContext.cpp:1378][APP - INFO] SMG requested system level sound SE_OJ_LV_HD_STEAM
[src/runtime/RuntimeContext.cpp:1378][APP - INFO] SMG requested system level sound SE_OJ_LV_HD_STEAM
[src/runtime/RuntimeContext.cpp:1378][APP - INFO] SMG requested system level sound SE_OJ_LV_HD_STEAM
[src/runtime/RuntimeContext.cpp:1378][APP - INFO] SMG requested system level sound SE_OJ_LV_HD_STEAM
[src/runtime/RuntimeContext.cpp:1378][APP - INFO] SMG requested system level sound SE_OJ_LV_HD_STEAM
[src/runtime/RuntimeContext.cpp:1378][APP - INFO] SMG requested system level sound SE_OJ_LV_HD_STEAM
[src/runtime/RuntimeContext.cpp:1378][APP - INFO] SMG requested system level sound SE_OJ_LV_HD_STEAM
[src/runtime/RuntimeContext.cpp:1378][APP - INFO] SMG requested system level sound SE_OJ_LV_HD_STEAM
[src/runtime/RuntimeContext.cpp:1378][APP - INFO] SMG requested system level sound SE_OJ_LV_HD_STEAM
[src/runtime/RuntimeContext.cpp:1378][APP - INFO] SMG requested system level sound SE_OJ_LV_HD_STEAM
[src/runtime/RuntimeContext.cpp:1378][APP - INFO] SMG requested system level sound SE_OJ_LV_HD_STEAM
[src/runtime/RuntimeContext.cpp:1378][APP - INFO] SMG requested system level sound SE_OJ_LV_HD_STEAM
[src/runtime/RuntimeContext.cpp:1378][APP - INFO] SMG requested system level sound SE_OJ_LV_HD_STEAM
[src/runtime/RuntimeContext.cpp:1378][APP - INFO] SMG requested system level sound SE_OJ_LV_HD_STEAM
[src/runtime/RuntimeContext.cpp:1378][APP - INFO] SMG requested system level sound SE_OJ_LV_HD_STEAM
[src/runtime/RuntimeContext.cpp:1378][APP - INFO] SMG requested system level sound SE_OJ_LV_HD_STEAM
[src/runtime/RuntimeContext.cpp:1378][APP - INFO] SMG requested system level sound SE_OJ_LV_HD_STEAM
[src/runtime/RuntimeContext.cpp:1378][APP - INFO] SMG requested system level sound SE_OJ_LV_HD_STEAM
[src/runtime/RuntimeContext.cpp:1378][APP - INFO] SMG requested system level sound SE_OJ_LV_HD_STEAM
[src/runtime/RuntimeContext.cpp:1378][APP - INFO] SMG requested system level sound SE_OJ_LV_HD_STEAM
[src/runtime/RuntimeContext.cpp:1378][APP - INFO] SMG requested system level sound SE_OJ_LV_HD_STEAM
[src/runtime/RuntimeContext.cpp:1378][APP - INFO] SMG requested system level sound SE_OJ_LV_HD_STEAM
[src/runtime/RuntimeContext.cpp:1378][APP - INFO] SMG requested system level sound SE_OJ_LV_HD_STEAM
[src/runtime/RuntimeContext.cpp:1378][APP - INFO] SMG requested system level sound SE_OJ_LV_HD_STEAM
[src/runtime/RuntimeContext.cpp:1378][APP - INFO] SMG requested system level sound SE_OJ_LV_HD_STEAM
[src/runtime/RuntimeContext.cpp:1378][APP - INFO] SMG requested system level sound SE_OJ_LV_HD_STEAM
[src/runtime/RuntimeContext.cpp:1378][APP - INFO] SMG requested system level sound SE_OJ_LV_HD_STEAM
[src/runtime/RuntimeContext.cpp:1378][APP - INFO] SMG requested system level sound SE_OJ_LV_HD_STEAM
[src/runtime/RuntimeContext.cpp:1378][APP - INFO] SMG requested system level sound SE_OJ_LV_HD_STEAM
[src/runtime/RuntimeContext.cpp:1378][APP - INFO] SMG requested system level sound SE_OJ_LV_HD_STEAM
[src/runtime/RuntimeContext.cpp:1378][APP - INFO] SMG requested system level sound SE_OJ_LV_HD_STEAM
[src/runtime/RuntimeContext.cpp:1378][APP - INFO] SMG requested system level sound SE_OJ_LV_HD_STEAM
[src/runtime/RuntimeContext.cpp:1378][APP - INFO] SMG requested system level sound SE_OJ_LV_HD_STEAM
[src/runtime/RuntimeContext.cpp:1378][APP - INFO] SMG requested system level sound SE_OJ_LV_HD_STEAM
[src/runtime/RuntimeContext.cpp:1378][APP - INFO] SMG requested system level sound SE_OJ_LV_HD_STEAM
[src/runtime/RuntimeContext.cpp:1378][APP - INFO] SMG requested system level sound SE_OJ_LV_HD_STEAM
[src/runtime/RuntimeContext.cpp:1378][APP - INFO] SMG requested system level sound SE_OJ_LV_HD_STEAM
[src/runtime/RuntimeContext.cpp:1378][APP - INFO] SMG requested system level sound SE_OJ_LV_HD_STEAM
[src/runtime/RuntimeContext.cpp:1378][APP - INFO] SMG requested system level sound SE_OJ_LV_HD_STEAM
[src/runtime/RuntimeContext.cpp:1378][APP - INFO] SMG requested system level sound SE_OJ_LV_HD_STEAM
[src/runtime/RuntimeContext.cpp:1378][APP - INFO] SMG requested system level sound SE_OJ_LV_HD_STEAM
[src/runtime/RuntimeContext.cpp:1378][APP - INFO] SMG requested system level sound SE_OJ_LV_HD_STEAM
[src/runtime/RuntimeContext.cpp:1378][APP - INFO] SMG requested system level sound SE_OJ_LV_HD_STEAM
[src/runtime/RuntimeContext.cpp:1378][APP - INFO] SMG requested system level sound SE_OJ_LV_HD_STEAM
[src/runtime/RuntimeContext.cpp:1378][APP - INFO] SMG requested system level sound SE_OJ_LV_HD_STEAM
[src/runtime/RuntimeContext.cpp:1378][APP - INFO] SMG requested system level sound SE_OJ_LV_HD_STEAM
[src/runtime/RuntimeContext.cpp:1378][APP - INFO] SMG requested system level sound SE_OJ_LV_HD_STEAM
[src/runtime/RuntimeContext.cpp:1378][APP - INFO] SMG requested system level sound SE_OJ_LV_HD_STEAM
[src/runtime/RuntimeContext.cpp:1378][APP - INFO] SMG requested system level sound SE_OJ_LV_HD_STEAM
[src/runtime/RuntimeContext.cpp:1378][APP - INFO] SMG requested system level sound SE_OJ_LV_HD_STEAM
[src/runtime/RuntimeContext.cpp:1378][APP - INFO] SMG requested system level sound SE_OJ_LV_HD_STEAM
[src/runtime/RuntimeContext.cpp:1378][APP - INFO] SMG requested system level sound SE_OJ_LV_HD_STEAM
[src/runtime/RuntimeContext.cpp:1378][APP - INFO] SMG requested system level sound SE_OJ_LV_HD_STEAM
[src/runtime/RuntimeContext.cpp:1378][APP - INFO] SMG requested system level sound SE_OJ_LV_HD_STEAM
[src/runtime/RuntimeContext.cpp:1378][APP - INFO] SMG requested system level sound SE_OJ_LV_HD_STEAM
[src/runtime/RuntimeContext.cpp:1378][APP - INFO] SMG requested system level sound SE_OJ_LV_HD_STEAM
[src/runtime/RuntimeContext.cpp:1378][APP - INFO] SMG requested system level sound SE_OJ_LV_HD_STEAM
[src/runtime/RuntimeContext.cpp:1378][APP - INFO] SMG requested system level sound SE_OJ_LV_HD_STEAM
[src/runtime/RuntimeContext.cpp:1378][APP - INFO] SMG requested system level sound SE_OJ_LV_HD_STEAM
[src/runtime/RuntimeContext.cpp:1378][APP - INFO] SMG requested system level sound SE_OJ_LV_HD_STEAM
[src/runtime/RuntimeContext.cpp:1378][APP - INFO] SMG requested system level sound SE_OJ_LV_HD_STEAM
[src/runtime/RuntimeContext.cpp:1378][APP - INFO] SMG requested system level sound SE_OJ_LV_HD_STEAM
[src/runtime/RuntimeContext.cpp:1378][APP - INFO] SMG requested system level sound SE_OJ_LV_HD_STEAM
[src/runtime/RuntimeContext.cpp:1378][APP - INFO] SMG requested system level sound SE_OJ_LV_HD_STEAM
[src/runtime/RuntimeContext.cpp:1378][APP - INFO] SMG requested system level sound SE_OJ_LV_HD_STEAM
[src/runtime/RuntimeContext.cpp:1378][APP - INFO] SMG requested system level sound SE_OJ_LV_HD_STEAM
[src/runtime/RuntimeContext.cpp:1378][APP - INFO] SMG requested system level sound SE_OJ_LV_HD_STEAM
[src/runtime/RuntimeContext.cpp:1378][APP - INFO] SMG requested system level sound SE_OJ_LV_HD_STEAM
[src/runtime/RuntimeContext.cpp:1378][APP - INFO] SMG requested system level sound SE_OJ_LV_HD_STEAM
[src/runtime/RuntimeContext.cpp:1378][APP - INFO] SMG requested system level sound SE_OJ_LV_HD_STEAM
[src/runtime/RuntimeContext.cpp:1378][APP - INFO] SMG requested system level sound SE_OJ_LV_HD_STEAM
[src/runtime/RuntimeContext.cpp:1378][APP - INFO] SMG requested system level sound SE_OJ_LV_HD_STEAM
[src/runtime/RuntimeContext.cpp:1378][APP - INFO] SMG requested system level sound SE_OJ_LV_HD_STEAM
[src/runtime/RuntimeContext.cpp:1378][APP - INFO] SMG requested system level sound SE_OJ_LV_HD_STEAM
[src/runtime/RuntimeContext.cpp:1378][APP - INFO] SMG requested system level sound SE_OJ_LV_HD_STEAM
[src/runtime/RuntimeContext.cpp:1378][APP - INFO] SMG requested system level sound SE_OJ_LV_HD_STEAM
[src/runtime/RuntimeContext.cpp:1378][APP - INFO] SMG requested system level sound SE_OJ_LV_HD_STEAM
[src/runtime/RuntimeContext.cpp:1378][APP - INFO] SMG requested system level sound SE_OJ_LV_HD_STEAM
[src/runtime/RuntimeContext.cpp:1378][APP - INFO] SMG requested system level sound SE_OJ_LV_HD_STEAM
[src/runtime/RuntimeContext.cpp:1378][APP - INFO] SMG requested system level sound SE_OJ_LV_HD_STEAM
[src/runtime/RuntimeContext.cpp:1378][APP - INFO] SMG requested system level sound SE_OJ_LV_HD_STEAM
[src/runtime/RuntimeContext.cpp:1378][APP - INFO] SMG requested system level sound SE_OJ_LV_HD_STEAM
[src/runtime/RuntimeContext.cpp:1378][APP - INFO] SMG requested system level sound SE_OJ_LV_HD_STEAM
[src/runtime/RuntimeContext.cpp:1378][APP - INFO] SMG requested system level sound SE_OJ_LV_HD_STEAM
[src/runtime/RuntimeContext.cpp:1378][APP - INFO] SMG requested system level sound SE_OJ_LV_HD_STEAM
[src/runtime/RuntimeContext.cpp:1378][APP - INFO] SMG requested system level sound SE_OJ_LV_HD_STEAM
[src/runtime/RuntimeContext.cpp:1378][APP - INFO] SMG requested system level sound SE_OJ_LV_HD_STEAM
[src/runtime/RuntimeContext.cpp:1378][APP - INFO] SMG requested system level sound SE_OJ_LV_HD_STEAM
[src/runtime/RuntimeContext.cpp:1378][APP - INFO] SMG requested system level sound SE_OJ_LV_HD_STEAM
[src/runtime/RuntimeContext.cpp:1378][APP - INFO] SMG requested system level sound SE_OJ_LV_HD_STEAM
[src/runtime/RuntimeContext.cpp:1378][APP - INFO] SMG requested system level sound SE_OJ_LV_HD_STEAM
[src/runtime/RuntimeContext.cpp:1378][APP - INFO] SMG requested system level sound SE_OJ_LV_HD_STEAM
[src/runtime/RuntimeContext.cpp:1378][APP - INFO] SMG requested system level sound SE_OJ_LV_HD_STEAM
[src/runtime/RuntimeContext.cpp:1378][APP - INFO] SMG requested system level sound SE_OJ_LV_HD_STEAM
[src/runtime/RuntimeContext.cpp:1378][APP - INFO] SMG requested system level sound SE_OJ_LV_HD_STEAM
[src/runtime/RuntimeContext.cpp:1378][APP - INFO] SMG requested system level sound SE_OJ_LV_HD_STEAM
[src/runtime/RuntimeContext.cpp:1378][APP - INFO] SMG requested system level sound SE_OJ_LV_HD_STEAM
[src/runtime/RuntimeContext.cpp:1378][APP - INFO] SMG requested system level sound SE_OJ_LV_HD_STEAM
[src/runtime/RuntimeContext.cpp:1378][APP - INFO] SMG requested system level sound SE_OJ_LV_HD_STEAM
[src/runtime/RuntimeContext.cpp:1378][APP - INFO] SMG requested system level sound SE_OJ_LV_HD_STEAM
[src/runtime/RuntimeContext.cpp:1378][APP - INFO] SMG requested system level sound SE_OJ_LV_HD_STEAM
[src/runtime/RuntimeContext.cpp:1378][APP - INFO] SMG requested system level sound SE_OJ_LV_HD_STEAM
[src/runtime/RuntimeContext.cpp:1378][APP - INFO] SMG requested system level sound SE_OJ_LV_HD_STEAM
[src/runtime/RuntimeContext.cpp:1378][APP - INFO] SMG requested system level sound SE_OJ_LV_HD_STEAM
[src/runtime/RuntimeContext.cpp:1378][APP - INFO] SMG requested system level sound SE_OJ_LV_HD_STEAM
[src/runtime/RuntimeContext.cpp:1378][APP - INFO] SMG requested system level sound SE_OJ_LV_HD_STEAM
[src/runtime/RuntimeContext.cpp:1378][APP - INFO] SMG requested system level sound SE_OJ_LV_HD_STEAM
[src/runtime/RuntimeContext.cpp:1378][APP - INFO] SMG requested system level sound SE_OJ_LV_HD_STEAM
[src/runtime/RuntimeContext.cpp:1378][APP - INFO] SMG requested system level sound SE_OJ_LV_HD_STEAM
[src/runtime/RuntimeContext.cpp:1378][APP - INFO] SMG requested system level sound SE_OJ_LV_HD_STEAM
[src/runtime/RuntimeContext.cpp:1378][APP - INFO] SMG requested system level sound SE_OJ_LV_HD_STEAM
[src/runtime/RuntimeContext.cpp:1378][APP - INFO] SMG requested system level sound SE_OJ_LV_HD_STEAM
[src/runtime/RuntimeContext.cpp:1378][APP - INFO] SMG requested system level sound SE_OJ_LV_HD_STEAM
[src/runtime/RuntimeContext.cpp:1378][APP - INFO] SMG requested system level sound SE_OJ_LV_HD_STEAM
[src/runtime/RuntimeContext.cpp:1378][APP - INFO] SMG requested system level sound SE_OJ_LV_HD_STEAM
[src/runtime/RuntimeContext.cpp:1378][APP - INFO] SMG requested system level sound SE_OJ_LV_HD_STEAM
[src/runtime/RuntimeContext.cpp:1378][APP - INFO] SMG requested system level sound SE_OJ_LV_HD_STEAM
[src/runtime/RuntimeContext.cpp:1378][APP - INFO] SMG requested system level sound SE_OJ_LV_HD_STEAM
[src/runtime/RuntimeContext.cpp:1378][APP - INFO] SMG requested system level sound SE_OJ_LV_HD_STEAM
[src/runtime/RuntimeContext.cpp:1378][APP - INFO] SMG requested system level sound SE_OJ_LV_HD_STEAM
[src/runtime/RuntimeContext.cpp:1378][APP - INFO] SMG requested system level sound SE_OJ_LV_HD_STEAM
[src/runtime/RuntimeContext.cpp:1378][APP - INFO] SMG requested system level sound SE_OJ_LV_HD_STEAM
[src/runtime/RuntimeContext.cpp:1378][APP - INFO] SMG requested system level sound SE_OJ_LV_HD_STEAM
[src/runtime/RuntimeContext.cpp:1378][APP - INFO] SMG requested system level sound SE_OJ_LV_HD_STEAM
[src/runtime/RuntimeContext.cpp:1378][APP - INFO] SMG requested system level sound SE_OJ_LV_HD_STEAM
[src/runtime/RuntimeContext.cpp:1378][APP - INFO] SMG requested system level sound SE_OJ_LV_HD_STEAM
[src/runtime/RuntimeContext.cpp:1378][APP - INFO] SMG requested system level sound SE_OJ_LV_HD_STEAM
[src/runtime/RuntimeContext.cpp:1378][APP - INFO] SMG requested system level sound SE_OJ_LV_HD_STEAM
[src/runtime/RuntimeContext.cpp:1378][APP - INFO] SMG requested system level sound SE_OJ_LV_HD_STEAM
[src/runtime/RuntimeContext.cpp:1378][APP - INFO] SMG requested system level sound SE_OJ_LV_HD_STEAM
[src/runtime/RuntimeContext.cpp:1378][APP - INFO] SMG requested system level sound SE_OJ_LV_HD_STEAM
[src/runtime/RuntimeContext.cpp:1378][APP - INFO] SMG requested system level sound SE_OJ_LV_HD_STEAM
[src/runtime/RuntimeContext.cpp:1378][APP - INFO] SMG requested system level sound SE_OJ_LV_HD_STEAM
[src/runtime/RuntimeContext.cpp:1378][APP - INFO] SMG requested system level sound SE_OJ_LV_HD_STEAM
[src/runtime/RuntimeContext.cpp:1378][APP - INFO] SMG requested system level sound SE_OJ_LV_HD_STEAM
[src/runtime/RuntimeContext.cpp:1378][APP - INFO] SMG requested system level sound SE_OJ_LV_HD_STEAM
[src/runtime/RuntimeContext.cpp:1378][APP - INFO] SMG requested system level sound SE_OJ_LV_HD_STEAM
[src/runtime/RuntimeContext.cpp:1378][APP - INFO] SMG requested system level sound SE_OJ_LV_HD_STEAM
[src/runtime/RuntimeContext.cpp:1378][APP - INFO] SMG requested system level sound SE_OJ_LV_HD_STEAM
[src/runtime/RuntimeContext.cpp:1378][APP - INFO] SMG requested system level sound SE_OJ_LV_HD_STEAM
[src/runtime/RuntimeContext.cpp:1378][APP - INFO] SMG requested system level sound SE_OJ_LV_HD_STEAM
[src/runtime/RuntimeContext.cpp:1378][APP - INFO] SMG requested system level sound SE_OJ_LV_HD_STEAM
[src/runtime/RuntimeContext.cpp:1378][APP - INFO] SMG requested system level sound SE_OJ_LV_HD_STEAM
[src/runtime/RuntimeContext.cpp:1378][APP - INFO] SMG requested system level sound SE_OJ_LV_HD_STEAM
[src/runtime/RuntimeContext.cpp:1378][APP - INFO] SMG requested system level sound SE_OJ_LV_HD_STEAM
[src/runtime/RuntimeContext.cpp:1378][APP - INFO] SMG requested system level sound SE_OJ_LV_HD_STEAM
[src/runtime/RuntimeContext.cpp:1378][APP - INFO] SMG requested system level sound SE_OJ_LV_HD_STEAM
[src/runtime/RuntimeContext.cpp:1378][APP - INFO] SMG requested system level sound SE_OJ_LV_HD_STEAM
[src/runtime/RuntimeContext.cpp:1378][APP - INFO] SMG requested system level sound SE_OJ_LV_HD_STEAM
[src/runtime/RuntimeContext.cpp:1378][APP - INFO] SMG requested system level sound SE_OJ_LV_HD_STEAM
[src/runtime/RuntimeContext.cpp:1378][APP - INFO] SMG requested system level sound SE_OJ_LV_HD_STEAM
[src/runtime/RuntimeContext.cpp:1378][APP - INFO] SMG requested system level sound SE_OJ_LV_HD_STEAM
[src/runtime/RuntimeContext.cpp:1378][APP - INFO] SMG requested system level sound SE_OJ_LV_HD_STEAM
[src/runtime/RuntimeContext.cpp:1378][APP - INFO] SMG requested system level sound SE_OJ_LV_HD_STEAM
[src/runtime/RuntimeContext.cpp:1378][APP - INFO] SMG requested system level sound SE_OJ_LV_HD_STEAM
[src/runtime/RuntimeContext.cpp:1378][APP - INFO] SMG requested system level sound SE_OJ_LV_HD_STEAM
[src/runtime/RuntimeContext.cpp:1378][APP - INFO] SMG requested system level sound SE_OJ_LV_HD_STEAM
[src/runtime/RuntimeContext.cpp:1378][APP - INFO] SMG requested system level sound SE_OJ_LV_HD_STEAM
[src/runtime/RuntimeContext.cpp:1378][APP - INFO] SMG requested system level sound SE_OJ_LV_HD_STEAM
[src/runtime/RuntimeContext.cpp:1378][APP - INFO] SMG requested system level sound SE_OJ_LV_HD_STEAM
[src/runtime/RuntimeContext.cpp:1378][APP - INFO] SMG requested system level sound SE_OJ_LV_HD_STEAM
[src/runtime/RuntimeContext.cpp:1378][APP - INFO] SMG requested system level sound SE_OJ_LV_HD_STEAM
[src/runtime/RuntimeContext.cpp:1378][APP - INFO] SMG requested system level sound SE_OJ_LV_HD_STEAM
[src/runtime/RuntimeContext.cpp:1378][APP - INFO] SMG requested system level sound SE_OJ_LV_HD_STEAM
[src/runtime/RuntimeContext.cpp:1378][APP - INFO] SMG requested system level sound SE_OJ_LV_HD_STEAM
[src/runtime/RuntimeContext.cpp:1378][APP - INFO] SMG requested system level sound SE_OJ_LV_HD_STEAM
[src/runtime/RuntimeContext.cpp:1378][APP - INFO] SMG requested system level sound SE_OJ_LV_HD_STEAM
[src/runtime/RuntimeContext.cpp:1378][APP - INFO] SMG requested system level sound SE_OJ_LV_HD_STEAM
[src/runtime/RuntimeContext.cpp:1378][APP - INFO] SMG requested system level sound SE_OJ_LV_HD_STEAM
[src/runtime/RuntimeContext.cpp:1378][APP - INFO] SMG requested system level sound SE_OJ_LV_HD_STEAM
[src/runtime/RuntimeContext.cpp:1378][APP - INFO] SMG requested system level sound SE_OJ_LV_HD_STEAM
[src/runtime/RuntimeContext.cpp:1378][APP - INFO] SMG requested system level sound SE_OJ_LV_HD_STEAM
[src/runtime/RuntimeContext.cpp:1378][APP - INFO] SMG requested system level sound SE_OJ_LV_HD_STEAM
[src/runtime/RuntimeContext.cpp:1378][APP - INFO] SMG requested system level sound SE_OJ_LV_HD_STEAM
[src/runtime/RuntimeContext.cpp:1378][APP - INFO] SMG requested system level sound SE_OJ_LV_HD_STEAM
[src/runtime/RuntimeContext.cpp:1378][APP - INFO] SMG requested system level sound SE_OJ_LV_HD_STEAM
[src/runtime/RuntimeContext.cpp:1378][APP - INFO] SMG requested system level sound SE_OJ_LV_HD_STEAM
[src/runtime/RuntimeContext.cpp:1378][APP - INFO] SMG requested system level sound SE_OJ_LV_HD_STEAM
[src/runtime/RuntimeContext.cpp:1378][APP - INFO] SMG requested system level sound SE_OJ_LV_HD_STEAM
[src/runtime/RuntimeContext.cpp:1378][APP - INFO] SMG requested system level sound SE_OJ_LV_HD_STEAM
[src/runtime/RuntimeContext.cpp:1378][APP - INFO] SMG requested system level sound SE_OJ_LV_HD_STEAM
[src/runtime/RuntimeContext.cpp:1378][APP - INFO] SMG requested system level sound SE_OJ_LV_HD_STEAM
[src/runtime/RuntimeContext.cpp:1378][APP - INFO] SMG requested system level sound SE_OJ_LV_HD_STEAM
[src/runtime/RuntimeContext.cpp:1378][APP - INFO] SMG requested system level sound SE_OJ_LV_HD_STEAM
[src/runtime/RuntimeContext.cpp:1378][APP - INFO] SMG requested system level sound SE_OJ_LV_HD_STEAM
[src/runtime/RuntimeContext.cpp:1378][APP - INFO] SMG requested system level sound SE_OJ_LV_HD_STEAM
[src/runtime/RuntimeContext.cpp:1378][APP - INFO] SMG requested system level sound SE_OJ_LV_HD_STEAM
[src/runtime/RuntimeContext.cpp:1378][APP - INFO] SMG requested system level sound SE_OJ_LV_HD_STEAM
[src/runtime/RuntimeContext.cpp:1378][APP - INFO] SMG requested system level sound SE_OJ_LV_HD_STEAM
[src/runtime/RuntimeContext.cpp:1378][APP - INFO] SMG requested system level sound SE_OJ_LV_HD_STEAM
[src/runtime/RuntimeContext.cpp:1378][APP - INFO] SMG requested system level sound SE_OJ_LV_HD_STEAM
[src/runtime/RuntimeContext.cpp:1378][APP - INFO] SMG requested system level sound SE_OJ_LV_HD_STEAM
[src/runtime/RuntimeContext.cpp:1378][APP - INFO] SMG requested system level sound SE_OJ_LV_HD_STEAM
[src/runtime/RuntimeContext.cpp:1378][APP - INFO] SMG requested system level sound SE_OJ_LV_HD_STEAM
[src/runtime/RuntimeContext.cpp:1378][APP - INFO] SMG requested system level sound SE_OJ_LV_HD_STEAM
[src/runtime/RuntimeContext.cpp:1378][APP - INFO] SMG requested system level sound SE_OJ_LV_HD_STEAM
[src/runtime/RuntimeContext.cpp:1378][APP - INFO] SMG requested system level sound SE_OJ_LV_HD_STEAM
[src/runtime/RuntimeContext.cpp:1378][APP - INFO] SMG requested system level sound SE_OJ_LV_HD_STEAM
[src/runtime/RuntimeContext.cpp:1378][APP - INFO] SMG requested system level sound SE_OJ_LV_HD_STEAM
[src/runtime/RuntimeContext.cpp:1378][APP - INFO] SMG requested system level sound SE_OJ_LV_HD_STEAM
[src/runtime/RuntimeContext.cpp:1378][APP - INFO] SMG requested system level sound SE_OJ_LV_HD_STEAM
[src/runtime/RuntimeContext.cpp:1378][APP - INFO] SMG requested system level sound SE_OJ_LV_HD_STEAM
[src/runtime/RuntimeContext.cpp:1378][APP - INFO] SMG requested system level sound SE_OJ_LV_HD_STEAM
[src/runtime/RuntimeContext.cpp:1378][APP - INFO] SMG requested system level sound SE_OJ_LV_HD_STEAM
[src/runtime/RuntimeContext.cpp:1378][APP - INFO] SMG requested system level sound SE_OJ_LV_HD_STEAM
[src/runtime/RuntimeContext.cpp:1378][APP - INFO] SMG requested system level sound SE_OJ_LV_HD_STEAM
[src/runtime/RuntimeContext.cpp:1378][APP - INFO] SMG requested system level sound SE_OJ_LV_HD_STEAM
[src/runtime/RuntimeContext.cpp:1378][APP - INFO] SMG requested system level sound SE_OJ_LV_HD_STEAM
[src/runtime/RuntimeContext.cpp:1378][APP - INFO] SMG requested system level sound SE_OJ_LV_HD_STEAM
[src/runtime/RuntimeContext.cpp:1378][APP - INFO] SMG requested system level sound SE_OJ_LV_HD_STEAM
[src/runtime/RuntimeContext.cpp:1378][APP - INFO] SMG requested system level sound SE_OJ_LV_HD_STEAM
[src/runtime/RuntimeContext.cpp:1378][APP - INFO] SMG requested system level sound SE_OJ_LV_HD_STEAM
[src/runtime/RuntimeContext.cpp:1378][APP - INFO] SMG requested system level sound SE_OJ_LV_HD_STEAM
[src/runtime/RuntimeContext.cpp:1378][APP - INFO] SMG requested system level sound SE_OJ_LV_HD_STEAM
[src/runtime/RuntimeContext.cpp:1378][APP - INFO] SMG requested system level sound SE_OJ_LV_HD_STEAM
[src/runtime/RuntimeContext.cpp:1378][APP - INFO] SMG requested system level sound SE_OJ_LV_HD_STEAM
[src/runtime/RuntimeContext.cpp:1378][APP - INFO] SMG requested system level sound SE_OJ_LV_HD_STEAM
[src/runtime/RuntimeContext.cpp:1378][APP - INFO] SMG requested system level sound SE_OJ_LV_HD_STEAM
[src/runtime/RuntimeContext.cpp:1378][APP - INFO] SMG requested system level sound SE_OJ_LV_HD_STEAM
[src/runtime/RuntimeContext.cpp:1378][APP - INFO] SMG requested system level sound SE_OJ_LV_HD_STEAM
[src/runtime/RuntimeContext.cpp:1378][APP - INFO] SMG requested system level sound SE_OJ_LV_HD_STEAM
[src/runtime/RuntimeContext.cpp:1378][APP - INFO] SMG requested system level sound SE_OJ_LV_HD_STEAM
[src/runtime/RuntimeContext.cpp:1378][APP - INFO] SMG requested system level sound SE_OJ_LV_HD_STEAM
[src/runtime/RuntimeContext.cpp:1378][APP - INFO] SMG requested system level sound SE_OJ_LV_HD_STEAM
[src/runtime/RuntimeContext.cpp:1378][APP - INFO] SMG requested system level sound SE_OJ_LV_HD_STEAM
[src/runtime/RuntimeContext.cpp:1378][APP - INFO] SMG requested system level sound SE_OJ_LV_HD_STEAM
[src/runtime/RuntimeContext.cpp:1378][APP - INFO] SMG requested system level sound SE_OJ_LV_HD_STEAM
[src/runtime/RuntimeContext.cpp:1378][APP - INFO] SMG requested system level sound SE_OJ_LV_HD_STEAM
[src/runtime/RuntimeContext.cpp:1378][APP - INFO] SMG requested system level sound SE_OJ_LV_HD_STEAM
[src/runtime/RuntimeContext.cpp:1378][APP - INFO] SMG requested system level sound SE_OJ_LV_HD_STEAM
[src/runtime/RuntimeContext.cpp:1378][APP - INFO] SMG requested system level sound SE_OJ_LV_HD_STEAM
[src/runtime/RuntimeContext.cpp:1378][APP - INFO] SMG requested system level sound SE_OJ_LV_HD_STEAM
[src/runtime/RuntimeContext.cpp:1378][APP - INFO] SMG requested system level sound SE_OJ_LV_HD_STEAM
[src/runtime/RuntimeContext.cpp:1378][APP - INFO] SMG requested system level sound SE_OJ_LV_HD_STEAM
[src/runtime/RuntimeContext.cpp:1378][APP - INFO] SMG requested system level sound SE_OJ_LV_HD_STEAM
[src/runtime/RuntimeContext.cpp:1378][APP - INFO] SMG requested system level sound SE_OJ_LV_HD_STEAM
[src/runtime/RuntimeContext.cpp:1378][APP - INFO] SMG requested system level sound SE_OJ_LV_HD_STEAM
[src/runtime/RuntimeContext.cpp:1378][APP - INFO] SMG requested system level sound SE_OJ_LV_HD_STEAM
[src/runtime/RuntimeContext.cpp:1378][APP - INFO] SMG requested system level sound SE_OJ_LV_HD_STEAM
[src/runtime/RuntimeContext.cpp:1378][APP - INFO] SMG requested system level sound SE_OJ_LV_HD_STEAM
[src/runtime/RuntimeContext.cpp:1378][APP - INFO] SMG requested system level sound SE_OJ_LV_HD_STEAM
[src/runtime/RuntimeContext.cpp:1378][APP - INFO] SMG requested system level sound SE_OJ_LV_HD_STEAM
[src/runtime/RuntimeContext.cpp:1378][APP - INFO] SMG requested system level sound SE_OJ_LV_HD_STEAM
[src/runtime/RuntimeContext.cpp:1378][APP - INFO] SMG requested system level sound SE_OJ_LV_HD_STEAM
[src/runtime/RuntimeContext.cpp:1378][APP - INFO] SMG requested system level sound SE_OJ_LV_HD_STEAM
[src/runtime/RuntimeContext.cpp:1378][APP - INFO] SMG requested system level sound SE_OJ_LV_HD_STEAM
[src/runtime/RuntimeContext.cpp:1378][APP - INFO] SMG requested system level sound SE_OJ_LV_HD_STEAM
[src/runtime/RuntimeContext.cpp:1378][APP - INFO] SMG requested system level sound SE_OJ_LV_HD_STEAM
[src/runtime/RuntimeContext.cpp:1378][APP - INFO] SMG requested system level sound SE_OJ_LV_HD_STEAM
[src/runtime/RuntimeContext.cpp:1378][APP - INFO] SMG requested system level sound SE_OJ_LV_HD_STEAM
[src/runtime/RuntimeContext.cpp:1378][APP - INFO] SMG requested system level sound SE_OJ_LV_HD_STEAM
[src/runtime/RuntimeContext.cpp:1378][APP - INFO] SMG requested system level sound SE_OJ_LV_HD_STEAM
[src/runtime/RuntimeContext.cpp:1378][APP - INFO] SMG requested system level sound SE_OJ_LV_HD_STEAM
[src/runtime/RuntimeContext.cpp:1378][APP - INFO] SMG requested system level sound SE_OJ_LV_HD_STEAM
[src/runtime/RuntimeContext.cpp:1378][APP - INFO] SMG requested system level sound SE_OJ_LV_HD_STEAM
[src/runtime/RuntimeContext.cpp:1378][APP - INFO] SMG requested system level sound SE_OJ_LV_HD_STEAM
[src/runtime/RuntimeContext.cpp:1378][APP - INFO] SMG requested system level sound SE_OJ_LV_HD_STEAM
[src/runtime/RuntimeContext.cpp:1378][APP - INFO] SMG requested system level sound SE_OJ_LV_HD_STEAM
[src/runtime/RuntimeContext.cpp:1378][APP - INFO] SMG requested system level sound SE_OJ_LV_HD_STEAM
[src/runtime/RuntimeContext.cpp:1378][APP - INFO] SMG requested system level sound SE_OJ_LV_HD_STEAM
[src/runtime/RuntimeContext.cpp:1378][APP - INFO] SMG requested system level sound SE_OJ_LV_HD_STEAM
[src/runtime/RuntimeContext.cpp:1378][APP - INFO] SMG requested system level sound SE_OJ_LV_HD_STEAM
[src/runtime/RuntimeContext.cpp:1378][APP - INFO] SMG requested system level sound SE_OJ_LV_HD_STEAM
[src/runtime/RuntimeContext.cpp:1378][APP - INFO] SMG requested system level sound SE_OJ_LV_HD_STEAM
[src/runtime/RuntimeContext.cpp:1378][APP - INFO] SMG requested system level sound SE_OJ_LV_HD_STEAM
[src/runtime/RuntimeContext.cpp:1378][APP - INFO] SMG requested system level sound SE_OJ_LV_HD_STEAM
[src/runtime/RuntimeContext.cpp:1378][APP - INFO] SMG requested system level sound SE_OJ_LV_HD_STEAM
[src/runtime/RuntimeContext.cpp:1378][APP - INFO] SMG requested system level sound SE_OJ_LV_HD_STEAM
[src/runtime/RuntimeContext.cpp:1378][APP - INFO] SMG requested system level sound SE_OJ_LV_HD_STEAM
[src/runtime/RuntimeContext.cpp:1378][APP - INFO] SMG requested system level sound SE_OJ_LV_HD_STEAM
[src/runtime/RuntimeContext.cpp:1378][APP - INFO] SMG requested system level sound SE_OJ_LV_HD_STEAM
[src/runtime/RuntimeContext.cpp:1378][APP - INFO] SMG requested system level sound SE_OJ_LV_HD_STEAM
[src/runtime/RuntimeContext.cpp:1378][APP - INFO] SMG requested system level sound SE_OJ_LV_HD_STEAM
[src/runtime/RuntimeContext.cpp:1378][APP - INFO] SMG requested system level sound SE_OJ_LV_HD_STEAM
[src/runtime/RuntimeContext.cpp:1378][APP - INFO] SMG requested system level sound SE_OJ_LV_HD_STEAM
[src/runtime/RuntimeContext.cpp:1378][APP - INFO] SMG requested system level sound SE_OJ_LV_HD_STEAM
[src/runtime/RuntimeContext.cpp:1378][APP - INFO] SMG requested system level sound SE_OJ_LV_HD_STEAM
[src/runtime/RuntimeContext.cpp:1378][APP - INFO] SMG requested system level sound SE_OJ_LV_HD_STEAM
[src/runtime/RuntimeContext.cpp:1378][APP - INFO] SMG requested system level sound SE_OJ_LV_HD_STEAM
[src/runtime/RuntimeContext.cpp:1378][APP - INFO] SMG requested system level sound SE_OJ_LV_HD_STEAM
[src/runtime/RuntimeContext.cpp:1378][APP - INFO] SMG requested system level sound SE_OJ_LV_HD_STEAM
[src/runtime/RuntimeContext.cpp:1378][APP - INFO] SMG requested system level sound SE_OJ_LV_HD_STEAM
[src/runtime/RuntimeContext.cpp:1378][APP - INFO] SMG requested system level sound SE_OJ_LV_HD_STEAM
[src/runtime/RuntimeContext.cpp:1378][APP - INFO] SMG requested system level sound SE_OJ_LV_HD_STEAM
[src/runtime/RuntimeContext.cpp:1378][APP - INFO] SMG requested system level sound SE_OJ_LV_HD_STEAM
[src/runtime/RuntimeContext.cpp:1378][APP - INFO] SMG requested system level sound SE_OJ_LV_HD_STEAM
[src/runtime/RuntimeContext.cpp:1378][APP - INFO] SMG requested system level sound SE_OJ_LV_HD_STEAM
[src/runtime/RuntimeContext.cpp:1378][APP - INFO] SMG requested system level sound SE_OJ_LV_HD_STEAM
[src/runtime/RuntimeContext.cpp:1378][APP - INFO] SMG requested system level sound SE_OJ_LV_HD_STEAM
[src/runtime/RuntimeContext.cpp:1378][APP - INFO] SMG requested system level sound SE_OJ_LV_HD_STEAM
[src/runtime/RuntimeContext.cpp:1378][APP - INFO] SMG requested system level sound SE_OJ_LV_HD_STEAM
[src/runtime/RuntimeContext.cpp:1378][APP - INFO] SMG requested system level sound SE_OJ_LV_HD_STEAM
[src/runtime/RuntimeContext.cpp:1378][APP - INFO] SMG requested system level sound SE_OJ_LV_HD_STEAM
[src/runtime/RuntimeContext.cpp:1378][APP - INFO] SMG requested system level sound SE_OJ_LV_HD_STEAM
[src/runtime/RuntimeContext.cpp:1378][APP - INFO] SMG requested system level sound SE_OJ_LV_HD_STEAM
[src/runtime/RuntimeContext.cpp:1378][APP - INFO] SMG requested system level sound SE_OJ_LV_HD_STEAM
[src/runtime/RuntimeContext.cpp:1378][APP - INFO] SMG requested system level sound SE_OJ_LV_HD_STEAM
[src/runtime/RuntimeContext.cpp:1378][APP - INFO] SMG requested system level sound SE_OJ_LV_HD_STEAM
[src/runtime/RuntimeContext.cpp:1378][APP - INFO] SMG requested system level sound SE_OJ_LV_HD_STEAM
[src/runtime/RuntimeContext.cpp:1378][APP - INFO] SMG requested system level sound SE_OJ_LV_HD_STEAM
[src/runtime/RuntimeContext.cpp:1378][APP - INFO] SMG requested system level sound SE_OJ_LV_HD_STEAM
[src/runtime/RuntimeContext.cpp:1378][APP - INFO] SMG requested system level sound SE_OJ_LV_HD_STEAM
[src/runtime/RuntimeContext.cpp:1378][APP - INFO] SMG requested system level sound SE_OJ_LV_HD_STEAM
[src/runtime/RuntimeContext.cpp:1378][APP - INFO] SMG requested system level sound SE_OJ_LV_HD_STEAM
[src/runtime/RuntimeContext.cpp:1378][APP - INFO] SMG requested system level sound SE_OJ_LV_HD_STEAM
[src/runtime/RuntimeContext.cpp:1378][APP - INFO] SMG requested system level sound SE_OJ_LV_HD_STEAM
[src/runtime/RuntimeContext.cpp:1378][APP - INFO] SMG requested system level sound SE_OJ_LV_HD_STEAM
[src/runtime/RuntimeContext.cpp:1378][APP - INFO] SMG requested system level sound SE_OJ_LV_HD_STEAM
[src/runtime/RuntimeContext.cpp:1378][APP - INFO] SMG requested system level sound SE_OJ_LV_HD_STEAM
[src/runtime/RuntimeContext.cpp:1378][APP - INFO] SMG requested system level sound SE_OJ_LV_HD_STEAM
[src/runtime/RuntimeContext.cpp:1378][APP - INFO] SMG requested system level sound SE_OJ_LV_HD_STEAM
[src/runtime/RuntimeContext.cpp:1378][APP - INFO] SMG requested system level sound SE_OJ_LV_HD_STEAM
[src/runtime/RuntimeContext.cpp:1378][APP - INFO] SMG requested system level sound SE_OJ_LV_HD_STEAM
[src/runtime/RuntimeContext.cpp:1378][APP - INFO] SMG requested system level sound SE_OJ_LV_HD_STEAM
[src/runtime/RuntimeContext.cpp:1378][APP - INFO] SMG requested system level sound SE_OJ_LV_HD_STEAM
[src/runtime/RuntimeContext.cpp:1378][APP - INFO] SMG requested system level sound SE_OJ_LV_HD_STEAM
[src/runtime/RuntimeContext.cpp:1378][APP - INFO] SMG requested system level sound SE_OJ_LV_HD_STEAM
[src/runtime/RuntimeContext.cpp:1378][APP - INFO] SMG requested system level sound SE_OJ_LV_HD_STEAM
[src/runtime/RuntimeContext.cpp:1378][APP - INFO] SMG requested system level sound SE_OJ_LV_HD_STEAM
[src/runtime/RuntimeContext.cpp:1378][APP - INFO] SMG requested system level sound SE_OJ_LV_HD_STEAM
[src/runtime/RuntimeContext.cpp:1378][APP - INFO] SMG requested system level sound SE_OJ_LV_HD_STEAM
[src/runtime/RuntimeContext.cpp:1378][APP - INFO] SMG requested system level sound SE_OJ_LV_HD_STEAM
[src/runtime/RuntimeContext.cpp:1378][APP - INFO] SMG requested system level sound SE_OJ_LV_HD_STEAM
[src/runtime/RuntimeContext.cpp:1378][APP - INFO] SMG requested system level sound SE_OJ_LV_HD_STEAM
[src/runtime/RuntimeContext.cpp:1378][APP - INFO] SMG requested system level sound SE_OJ_LV_HD_STEAM
[src/runtime/RuntimeContext.cpp:1378][APP - INFO] SMG requested system level sound SE_OJ_LV_HD_STEAM
[src/runtime/RuntimeContext.cpp:1378][APP - INFO] SMG requested system level sound SE_OJ_LV_HD_STEAM
[src/runtime/RuntimeContext.cpp:1378][APP - INFO] SMG requested system level sound SE_OJ_LV_HD_STEAM
[src/runtime/RuntimeContext.cpp:1378][APP - INFO] SMG requested system level sound SE_OJ_LV_HD_STEAM
[src/runtime/RuntimeContext.cpp:1378][APP - INFO] SMG requested system level sound SE_OJ_LV_HD_STEAM
[src/runtime/RuntimeContext.cpp:1378][APP - INFO] SMG requested system level sound SE_OJ_LV_HD_STEAM
[src/runtime/RuntimeContext.cpp:1378][APP - INFO] SMG requested system level sound SE_OJ_LV_HD_STEAM
[src/runtime/RuntimeContext.cpp:1378][APP - INFO] SMG requested system level sound SE_OJ_LV_HD_STEAM
[src/runtime/RuntimeContext.cpp:1378][APP - INFO] SMG requested system level sound SE_OJ_LV_HD_STEAM
[src/runtime/RuntimeContext.cpp:1378][APP - INFO] SMG requested system level sound SE_OJ_LV_HD_STEAM
[src/runtime/RuntimeContext.cpp:1378][APP - INFO] SMG requested system level sound SE_OJ_LV_HD_STEAM
[src/runtime/RuntimeContext.cpp:1378][APP - INFO] SMG requested system level sound SE_OJ_LV_HD_STEAM
[src/runtime/RuntimeContext.cpp:1378][APP - INFO] SMG requested system level sound SE_OJ_LV_HD_STEAM
[src/runtime/RuntimeContext.cpp:1378][APP - INFO] SMG requested system level sound SE_OJ_LV_HD_STEAM
[src/runtime/RuntimeContext.cpp:1378][APP - INFO] SMG requested system level sound SE_OJ_LV_HD_STEAM
[src/runtime/RuntimeContext.cpp:1378][APP - INFO] SMG requested system level sound SE_OJ_LV_HD_STEAM
[src/runtime/RuntimeContext.cpp:1378][APP - INFO] SMG requested system level sound SE_OJ_LV_HD_STEAM
[src/runtime/RuntimeContext.cpp:1378][APP - INFO] SMG requested system level sound SE_OJ_LV_HD_STEAM
[src/runtime/RuntimeContext.cpp:1378][APP - INFO] SMG requested system level sound SE_OJ_LV_HD_STEAM
[src/runtime/RuntimeContext.cpp:1378][APP - INFO] SMG requested system level sound SE_OJ_LV_HD_STEAM
[src/runtime/RuntimeContext.cpp:1378][APP - INFO] SMG requested system level sound SE_OJ_LV_HD_STEAM
[src/runtime/RuntimeContext.cpp:1378][APP - INFO] SMG requested system level sound SE_OJ_LV_HD_STEAM
[src/runtime/RuntimeContext.cpp:1378][APP - INFO] SMG requested system level sound SE_OJ_LV_HD_STEAM
[src/runtime/RuntimeContext.cpp:1378][APP - INFO] SMG requested system level sound SE_OJ_LV_HD_STEAM
[src/runtime/RuntimeContext.cpp:1378][APP - INFO] SMG requested system level sound SE_OJ_LV_HD_STEAM
[src/runtime/RuntimeContext.cpp:1378][APP - INFO] SMG requested system level sound SE_OJ_LV_HD_STEAM
[src/runtime/RuntimeContext.cpp:1378][APP - INFO] SMG requested system level sound SE_OJ_LV_HD_STEAM
[src/runtime/RuntimeContext.cpp:1378][APP - INFO] SMG requested system level sound SE_OJ_LV_HD_STEAM
[src/runtime/RuntimeContext.cpp:1378][APP - INFO] SMG requested system level sound SE_OJ_LV_HD_STEAM
[src/runtime/RuntimeContext.cpp:1378][APP - INFO] SMG requested system level sound SE_OJ_LV_HD_STEAM
[src/runtime/RuntimeContext.cpp:1378][APP - INFO] SMG requested system level sound SE_OJ_LV_HD_STEAM
[src/runtime/RuntimeContext.cpp:1378][APP - INFO] SMG requested system level sound SE_OJ_LV_HD_STEAM
[src/runtime/RuntimeContext.cpp:1378][APP - INFO] SMG requested system level sound SE_OJ_LV_HD_STEAM
[src/runtime/RuntimeContext.cpp:1378][APP - INFO] SMG requested system level sound SE_OJ_LV_HD_STEAM
[src/runtime/RuntimeContext.cpp:1378][APP - INFO] SMG requested system level sound SE_OJ_LV_HD_STEAM
[src/runtime/RuntimeContext.cpp:1378][APP - INFO] SMG requested system level sound SE_OJ_LV_HD_STEAM
[src/runtime/RuntimeContext.cpp:1378][APP - INFO] SMG requested system level sound SE_OJ_LV_HD_STEAM
[src/runtime/RuntimeContext.cpp:1378][APP - INFO] SMG requested system level sound SE_OJ_LV_HD_STEAM
[src/runtime/RuntimeContext.cpp:1378][APP - INFO] SMG requested system level sound SE_OJ_LV_HD_STEAM
[src/runtime/RuntimeContext.cpp:1378][APP - INFO] SMG requested system level sound SE_OJ_LV_HD_STEAM
[src/runtime/RuntimeContext.cpp:1378][APP - INFO] SMG requested system level sound SE_OJ_LV_HD_STEAM
[src/runtime/RuntimeContext.cpp:1378][APP - INFO] SMG requested system level sound SE_OJ_LV_HD_STEAM
[src/runtime/RuntimeContext.cpp:1378][APP - INFO] SMG requested system level sound SE_OJ_LV_HD_STEAM
[src/runtime/RuntimeContext.cpp:1378][APP - INFO] SMG requested system level sound SE_OJ_LV_HD_STEAM
[src/runtime/RuntimeContext.cpp:1378][APP - INFO] SMG requested system level sound SE_OJ_LV_HD_STEAM
[src/runtime/RuntimeContext.cpp:1378][APP - INFO] SMG requested system level sound SE_OJ_LV_HD_STEAM
[src/runtime/RuntimeContext.cpp:1378][APP - INFO] SMG requested system level sound SE_OJ_LV_HD_STEAM
[src/runtime/RuntimeContext.cpp:1378][APP - INFO] SMG requested system level sound SE_OJ_LV_HD_STEAM
[src/runtime/RuntimeContext.cpp:1378][APP - INFO] SMG requested system level sound SE_OJ_LV_HD_STEAM
[src/runtime/RuntimeContext.cpp:1378][APP - INFO] SMG requested system level sound SE_OJ_LV_HD_STEAM
[src/runtime/RuntimeContext.cpp:1378][APP - INFO] SMG requested system level sound SE_OJ_LV_HD_STEAM
[src/runtime/RuntimeContext.cpp:1378][APP - INFO] SMG requested system level sound SE_OJ_LV_HD_STEAM
[src/runtime/RuntimeContext.cpp:1378][APP - INFO] SMG requested system level sound SE_OJ_LV_HD_STEAM
[src/runtime/RuntimeContext.cpp:1378][APP - INFO] SMG requested system level sound SE_OJ_LV_HD_STEAM
[src/runtime/RuntimeContext.cpp:1378][APP - INFO] SMG requested system level sound SE_OJ_LV_HD_STEAM
[src/runtime/RuntimeContext.cpp:1378][APP - INFO] SMG requested system level sound SE_OJ_LV_HD_STEAM
[src/runtime/RuntimeContext.cpp:1378][APP - INFO] SMG requested system level sound SE_OJ_LV_HD_STEAM
[src/runtime/RuntimeContext.cpp:1378][APP - INFO] SMG requested system level sound SE_OJ_LV_HD_STEAM
[src/runtime/RuntimeContext.cpp:1378][APP - INFO] SMG requested system level sound SE_OJ_LV_HD_STEAM
[src/runtime/RuntimeContext.cpp:1378][APP - INFO] SMG requested system level sound SE_OJ_LV_HD_STEAM
[src/runtime/RuntimeContext.cpp:1378][APP - INFO] SMG requested system level sound SE_OJ_LV_HD_STEAM
[src/runtime/RuntimeContext.cpp:1378][APP - INFO] SMG requested system level sound SE_OJ_LV_HD_STEAM
[src/runtime/RuntimeContext.cpp:1378][APP - INFO] SMG requested system level sound SE_OJ_LV_HD_STEAM
[src/runtime/RuntimeContext.cpp:1378][APP - INFO] SMG requested system level sound SE_OJ_LV_HD_STEAM
[src/runtime/RuntimeContext.cpp:1378][APP - INFO] SMG requested system level sound SE_OJ_LV_HD_STEAM
[src/runtime/RuntimeContext.cpp:1378][APP - INFO] SMG requested system level sound SE_OJ_LV_HD_STEAM
[src/runtime/RuntimeContext.cpp:1378][APP - INFO] SMG requested system level sound SE_OJ_LV_HD_STEAM
[src/runtime/RuntimeContext.cpp:1378][APP - INFO] SMG requested system level sound SE_OJ_LV_HD_STEAM
[src/runtime/RuntimeContext.cpp:1378][APP - INFO] SMG requested system level sound SE_OJ_LV_HD_STEAM
[src/runtime/RuntimeContext.cpp:1378][APP - INFO] SMG requested system level sound SE_OJ_LV_HD_STEAM
[src/runtime/RuntimeContext.cpp:1378][APP - INFO] SMG requested system level sound SE_OJ_LV_HD_STEAM
[src/runtime/RuntimeContext.cpp:1378][APP - INFO] SMG requested system level sound SE_OJ_LV_HD_STEAM
[src/runtime/RuntimeContext.cpp:1378][APP - INFO] SMG requested system level sound SE_OJ_LV_HD_STEAM
[src/runtime/RuntimeContext.cpp:1378][APP - INFO] SMG requested system level sound SE_OJ_LV_HD_STEAM
[src/runtime/RuntimeContext.cpp:1378][APP - INFO] SMG requested system level sound SE_OJ_LV_HD_STEAM
[src/runtime/RuntimeContext.cpp:1378][APP - INFO] SMG requested system level sound SE_OJ_LV_HD_STEAM
[src/runtime/RuntimeContext.cpp:1378][APP - INFO] SMG requested system level sound SE_OJ_LV_HD_STEAM
[src/runtime/RuntimeContext.cpp:1378][APP - INFO] SMG requested system level sound SE_OJ_LV_HD_STEAM
[src/runtime/RuntimeContext.cpp:1378][APP - INFO] SMG requested system level sound SE_OJ_LV_HD_STEAM
[src/runtime/RuntimeContext.cpp:1378][APP - INFO] SMG requested system level sound SE_OJ_LV_HD_STEAM
[src/runtime/RuntimeContext.cpp:1378][APP - INFO] SMG requested system level sound SE_OJ_LV_HD_STEAM
[src/runtime/RuntimeContext.cpp:1378][APP - INFO] SMG requested system level sound SE_OJ_LV_HD_STEAM
[src/runtime/RuntimeContext.cpp:1378][APP - INFO] SMG requested system level sound SE_OJ_LV_HD_STEAM
[src/runtime/RuntimeContext.cpp:1378][APP - INFO] SMG requested system level sound SE_OJ_LV_HD_STEAM
[src/runtime/RuntimeContext.cpp:1378][APP - INFO] SMG requested system level sound SE_OJ_LV_HD_STEAM
[src/runtime/RuntimeContext.cpp:1378][APP - INFO] SMG requested system level sound SE_OJ_LV_HD_STEAM
[src/runtime/RuntimeContext.cpp:1378][APP - INFO] SMG requested system level sound SE_OJ_LV_HD_STEAM
[src/runtime/RuntimeContext.cpp:1378][APP - INFO] SMG requested system level sound SE_OJ_LV_HD_STEAM
[src/runtime/RuntimeContext.cpp:1378][APP - INFO] SMG requested system level sound SE_OJ_LV_HD_STEAM
[src/runtime/RuntimeContext.cpp:1378][APP - INFO] SMG requested system level sound SE_OJ_LV_HD_STEAM
[src/runtime/RuntimeContext.cpp:1378][APP - INFO] SMG requested system level sound SE_OJ_LV_HD_STEAM
[src/runtime/RuntimeContext.cpp:1378][APP - INFO] SMG requested system level sound SE_OJ_LV_HD_STEAM
[src/runtime/RuntimeContext.cpp:1378][APP - INFO] SMG requested system level sound SE_OJ_LV_HD_STEAM
[src/runtime/RuntimeContext.cpp:1378][APP - INFO] SMG requested system level sound SE_OJ_LV_HD_STEAM
[src/runtime/RuntimeContext.cpp:1378][APP - INFO] SMG requested system level sound SE_OJ_LV_HD_STEAM
[src/runtime/RuntimeContext.cpp:1378][APP - INFO] SMG requested system level sound SE_OJ_LV_HD_STEAM
[src/runtime/RuntimeContext.cpp:1378][APP - INFO] SMG requested system level sound SE_OJ_LV_HD_STEAM
[src/runtime/RuntimeContext.cpp:1378][APP - INFO] SMG requested system level sound SE_OJ_LV_HD_STEAM
[src/runtime/RuntimeContext.cpp:1378][APP - INFO] SMG requested system level sound SE_OJ_LV_HD_STEAM
[src/runtime/RuntimeContext.cpp:1378][APP - INFO] SMG requested system level sound SE_OJ_LV_HD_STEAM
[src/runtime/RuntimeContext.cpp:1378][APP - INFO] SMG requested system level sound SE_OJ_LV_HD_STEAM
[src/runtime/RuntimeContext.cpp:1378][APP - INFO] SMG requested system level sound SE_OJ_LV_HD_STEAM
[src/runtime/RuntimeContext.cpp:1378][APP - INFO] SMG requested system level sound SE_OJ_LV_HD_STEAM
[src/runtime/RuntimeContext.cpp:1378][APP - INFO] SMG requested system level sound SE_OJ_LV_HD_STEAM
[src/runtime/RuntimeContext.cpp:1378][APP - INFO] SMG requested system level sound SE_OJ_LV_HD_STEAM
[src/runtime/RuntimeContext.cpp:1378][APP - INFO] SMG requested system level sound SE_OJ_LV_HD_STEAM
[src/runtime/RuntimeContext.cpp:1378][APP - INFO] SMG requested system level sound SE_OJ_LV_HD_STEAM
[src/runtime/RuntimeContext.cpp:1378][APP - INFO] SMG requested system level sound SE_OJ_LV_HD_STEAM
[src/runtime/RuntimeContext.cpp:1378][APP - INFO] SMG requested system level sound SE_OJ_LV_HD_STEAM
[src/runtime/RuntimeContext.cpp:1378][APP - INFO] SMG requested system level sound SE_OJ_LV_HD_STEAM
[src/runtime/RuntimeContext.cpp:1378][APP - INFO] SMG requested system level sound SE_OJ_LV_HD_STEAM
[src/runtime/RuntimeContext.cpp:1378][APP - INFO] SMG requested system level sound SE_OJ_LV_HD_STEAM
[src/runtime/RuntimeContext.cpp:1378][APP - INFO] SMG requested system level sound SE_OJ_LV_HD_STEAM
[src/runtime/RuntimeContext.cpp:1378][APP - INFO] SMG requested system level sound SE_OJ_LV_HD_STEAM
[src/runtime/RuntimeContext.cpp:1378][APP - INFO] SMG requested system level sound SE_OJ_LV_HD_STEAM
[src/runtime/RuntimeContext.cpp:1378][APP - INFO] SMG requested system level sound SE_OJ_LV_HD_STEAM
[src/runtime/RuntimeContext.cpp:1378][APP - INFO] SMG requested system level sound SE_OJ_LV_HD_STEAM
[src/runtime/RuntimeContext.cpp:1378][APP - INFO] SMG requested system level sound SE_OJ_LV_HD_STEAM
[src/runtime/RuntimeContext.cpp:1378][APP - INFO] SMG requested system level sound SE_OJ_LV_HD_STEAM
[src/runtime/RuntimeContext.cpp:1378][APP - INFO] SMG requested system level sound SE_OJ_LV_HD_STEAM
[src/runtime/RuntimeContext.cpp:1378][APP - INFO] SMG requested system level sound SE_OJ_LV_HD_STEAM
[src/runtime/RuntimeContext.cpp:1378][APP - INFO] SMG requested system level sound SE_OJ_LV_HD_STEAM
[src/runtime/RuntimeContext.cpp:1378][APP - INFO] SMG requested system level sound SE_OJ_LV_HD_STEAM
[src/runtime/RuntimeContext.cpp:1378][APP - INFO] SMG requested system level sound SE_OJ_LV_HD_STEAM
[src/runtime/RuntimeContext.cpp:1378][APP - INFO] SMG requested system level sound SE_OJ_LV_HD_STEAM
[src/runtime/RuntimeContext.cpp:1378][APP - INFO] SMG requested system level sound SE_OJ_LV_HD_STEAM
[src/runtime/RuntimeContext.cpp:1378][APP - INFO] SMG requested system level sound SE_OJ_LV_HD_STEAM
[src/runtime/RuntimeContext.cpp:1378][APP - INFO] SMG requested system level sound SE_OJ_LV_HD_STEAM
[src/runtime/RuntimeContext.cpp:1378][APP - INFO] SMG requested system level sound SE_OJ_LV_HD_STEAM
[src/runtime/RuntimeContext.cpp:1378][APP - INFO] SMG requested system level sound SE_OJ_LV_HD_STEAM
[src/runtime/RuntimeContext.cpp:1378][APP - INFO] SMG requested system level sound SE_OJ_LV_HD_STEAM
[src/runtime/RuntimeContext.cpp:1378][APP - INFO] SMG requested system level sound SE_OJ_LV_HD_STEAM
[src/runtime/RuntimeContext.cpp:1378][APP - INFO] SMG requested system level sound SE_OJ_LV_HD_STEAM
[src/runtime/RuntimeContext.cpp:1378][APP - INFO] SMG requested system level sound SE_OJ_LV_HD_STEAM
[src/runtime/RuntimeContext.cpp:1378][APP - INFO] SMG requested system level sound SE_OJ_LV_HD_STEAM
[src/runtime/RuntimeContext.cpp:1378][APP - INFO] SMG requested system level sound SE_OJ_LV_HD_STEAM
[src/runtime/RuntimeContext.cpp:1378][APP - INFO] SMG requested system level sound SE_OJ_LV_HD_STEAM
[src/runtime/RuntimeContext.cpp:1378][APP - INFO] SMG requested system level sound SE_OJ_LV_HD_STEAM
[src/runtime/RuntimeContext.cpp:1378][APP - INFO] SMG requested system level sound SE_OJ_LV_HD_STEAM
[src/runtime/RuntimeContext.cpp:1378][APP - INFO] SMG requested system level sound SE_OJ_LV_HD_STEAM
[src/runtime/RuntimeContext.cpp:1378][APP - INFO] SMG requested system level sound SE_OJ_LV_HD_STEAM
[src/runtime/RuntimeContext.cpp:1378][APP - INFO] SMG requested system level sound SE_OJ_LV_HD_STEAM
[src/runtime/RuntimeContext.cpp:1378][APP - INFO] SMG requested system level sound SE_OJ_LV_HD_STEAM
[src/runtime/RuntimeContext.cpp:1378][APP - INFO] SMG requested system level sound SE_OJ_LV_HD_STEAM
[src/runtime/RuntimeContext.cpp:1378][APP - INFO] SMG requested system level sound SE_OJ_LV_HD_STEAM
[src/runtime/RuntimeContext.cpp:1378][APP - INFO] SMG requested system level sound SE_OJ_LV_HD_STEAM
[src/runtime/RuntimeContext.cpp:1378][APP - INFO] SMG requested system level sound SE_OJ_LV_HD_STEAM
[src/runtime/RuntimeContext.cpp:1378][APP - INFO] SMG requested system level sound SE_OJ_LV_HD_STEAM
[src/runtime/RuntimeContext.cpp:1378][APP - INFO] SMG requested system level sound SE_OJ_LV_HD_STEAM
[src/runtime/RuntimeContext.cpp:1378][APP - INFO] SMG requested system level sound SE_OJ_LV_HD_STEAM
[src/runtime/RuntimeContext.cpp:1378][APP - INFO] SMG requested system level sound SE_OJ_LV_HD_STEAM
[src/runtime/RuntimeContext.cpp:1378][APP - INFO] SMG requested system level sound SE_OJ_LV_HD_STEAM
[src/runtime/RuntimeContext.cpp:1378][APP - INFO] SMG requested system level sound SE_OJ_LV_HD_STEAM
[src/runtime/RuntimeContext.cpp:1378][APP - INFO] SMG requested system level sound SE_OJ_LV_HD_STEAM
[src/runtime/RuntimeContext.cpp:1378][APP - INFO] SMG requested system level sound SE_OJ_LV_HD_STEAM
[src/runtime/RuntimeContext.cpp:1378][APP - INFO] SMG requested system level sound SE_OJ_LV_HD_STEAM
[src/runtime/RuntimeContext.cpp:1378][APP - INFO] SMG requested system level sound SE_OJ_LV_HD_STEAM
[src/runtime/RuntimeContext.cpp:1378][APP - INFO] SMG requested system level sound SE_OJ_LV_HD_STEAM
[src/runtime/RuntimeContext.cpp:1378][APP - INFO] SMG requested system level sound SE_OJ_LV_HD_STEAM
[src/runtime/RuntimeContext.cpp:1378][APP - INFO] SMG requested system level sound SE_OJ_LV_HD_STEAM
[src/runtime/RuntimeContext.cpp:1378][APP - INFO] SMG requested system level sound SE_OJ_LV_HD_STEAM
[src/runtime/RuntimeContext.cpp:1378][APP - INFO] SMG requested system level sound SE_OJ_LV_HD_STEAM
[src/runtime/RuntimeContext.cpp:1378][APP - INFO] SMG requested system level sound SE_OJ_LV_HD_STEAM
[src/runtime/RuntimeContext.cpp:1378][APP - INFO] SMG requested system level sound SE_OJ_LV_HD_STEAM
[src/runtime/RuntimeContext.cpp:1378][APP - INFO] SMG requested system level sound SE_OJ_LV_HD_STEAM
[src/runtime/RuntimeContext.cpp:1378][APP - INFO] SMG requested system level sound SE_OJ_LV_HD_STEAM
[src/runtime/RuntimeContext.cpp:1378][APP - INFO] SMG requested system level sound SE_OJ_LV_HD_STEAM
[src/runtime/RuntimeContext.cpp:1378][APP - INFO] SMG requested system level sound SE_OJ_LV_HD_STEAM
[src/runtime/RuntimeContext.cpp:1378][APP - INFO] SMG requested system level sound SE_OJ_LV_HD_STEAM
[src/runtime/RuntimeContext.cpp:1378][APP - INFO] SMG requested system level sound SE_OJ_LV_HD_STEAM
[src/runtime/RuntimeContext.cpp:1378][APP - INFO] SMG requested system level sound SE_OJ_LV_HD_STEAM
[src/runtime/RuntimeContext.cpp:1378][APP - INFO] SMG requested system level sound SE_OJ_LV_HD_STEAM
[src/runtime/RuntimeContext.cpp:1378][APP - INFO] SMG requested system level sound SE_OJ_LV_HD_STEAM
[src/runtime/RuntimeContext.cpp:1378][APP - INFO] SMG requested system level sound SE_OJ_LV_HD_STEAM
[src/runtime/RuntimeContext.cpp:1378][APP - INFO] SMG requested system level sound SE_OJ_LV_HD_STEAM
[src/runtime/RuntimeContext.cpp:1378][APP - INFO] SMG requested system level sound SE_OJ_LV_HD_STEAM
[src/runtime/RuntimeContext.cpp:1378][APP - INFO] SMG requested system level sound SE_OJ_LV_HD_STEAM
[src/runtime/RuntimeContext.cpp:1378][APP - INFO] SMG requested system level sound SE_OJ_LV_HD_STEAM
[src/runtime/RuntimeContext.cpp:1378][APP - INFO] SMG requested system level sound SE_OJ_LV_HD_STEAM
[src/runtime/RuntimeContext.cpp:1378][APP - INFO] SMG requested system level sound SE_OJ_LV_HD_STEAM
[src/runtime/RuntimeContext.cpp:1378][APP - INFO] SMG requested system level sound SE_OJ_LV_HD_STEAM
[src/runtime/RuntimeContext.cpp:1378][APP - INFO] SMG requested system level sound SE_OJ_LV_HD_STEAM
[src/runtime/RuntimeContext.cpp:1378][APP - INFO] SMG requested system level sound SE_OJ_LV_HD_STEAM
[src/runtime/RuntimeContext.cpp:1378][APP - INFO] SMG requested system level sound SE_OJ_LV_HD_STEAM
[src/runtime/RuntimeContext.cpp:1378][APP - INFO] SMG requested system level sound SE_OJ_LV_HD_STEAM
[src/runtime/RuntimeContext.cpp:1378][APP - INFO] SMG requested system level sound SE_OJ_LV_HD_STEAM
[src/runtime/RuntimeContext.cpp:1378][APP - INFO] SMG requested system level sound SE_OJ_LV_HD_STEAM
[src/runtime/RuntimeContext.cpp:1378][APP - INFO] SMG requested system level sound SE_OJ_LV_HD_STEAM
[src/runtime/RuntimeContext.cpp:1378][APP - INFO] SMG requested system level sound SE_OJ_LV_HD_STEAM
[src/runtime/RuntimeContext.cpp:1378][APP - INFO] SMG requested system level sound SE_OJ_LV_HD_STEAM
[src/runtime/RuntimeContext.cpp:1378][APP - INFO] SMG requested system level sound SE_OJ_LV_HD_STEAM
[src/runtime/RuntimeContext.cpp:1378][APP - INFO] SMG requested system level sound SE_OJ_LV_HD_STEAM
[src/runtime/RuntimeContext.cpp:1378][APP - INFO] SMG requested system level sound SE_OJ_LV_HD_STEAM
[src/runtime/RuntimeContext.cpp:1378][APP - INFO] SMG requested system level sound SE_OJ_LV_HD_STEAM
[src/runtime/RuntimeContext.cpp:1378][APP - INFO] SMG requested system level sound SE_OJ_LV_HD_STEAM
[src/runtime/RuntimeContext.cpp:1378][APP - INFO] SMG requested system level sound SE_OJ_LV_HD_STEAM
[src/runtime/RuntimeContext.cpp:1378][APP - INFO] SMG requested system level sound SE_OJ_LV_HD_STEAM
[src/runtime/RuntimeContext.cpp:1378][APP - INFO] SMG requested system level sound SE_OJ_LV_HD_STEAM
[src/runtime/RuntimeContext.cpp:1378][APP - INFO] SMG requested system level sound SE_OJ_LV_HD_STEAM
[src/runtime/RuntimeContext.cpp:1378][APP - INFO] SMG requested system level sound SE_OJ_LV_HD_STEAM
[src/runtime/RuntimeContext.cpp:1378][APP - INFO] SMG requested system level sound SE_OJ_LV_HD_STEAM
[src/runtime/RuntimeContext.cpp:1378][APP - INFO] SMG requested system level sound SE_OJ_LV_HD_STEAM
[src/runtime/RuntimeContext.cpp:1378][APP - INFO] SMG requested system level sound SE_OJ_LV_HD_STEAM
[src/runtime/RuntimeContext.cpp:1378][APP - INFO] SMG requested system level sound SE_OJ_LV_HD_STEAM
[src/runtime/RuntimeContext.cpp:1378][APP - INFO] SMG requested system level sound SE_OJ_LV_HD_STEAM
[src/runtime/RuntimeContext.cpp:1378][APP - INFO] SMG requested system level sound SE_OJ_LV_HD_STEAM
[src/runtime/RuntimeContext.cpp:1378][APP - INFO] SMG requested system level sound SE_OJ_LV_HD_STEAM
[src/runtime/RuntimeContext.cpp:1378][APP - INFO] SMG requested system level sound SE_OJ_LV_HD_STEAM
[src/runtime/RuntimeContext.cpp:1378][APP - INFO] SMG requested system level sound SE_OJ_LV_HD_STEAM
[src/runtime/RuntimeContext.cpp:1378][APP - INFO] SMG requested system level sound SE_OJ_LV_HD_STEAM
[src/runtime/RuntimeContext.cpp:1378][APP - INFO] SMG requested system level sound SE_OJ_LV_HD_STEAM
[src/runtime/RuntimeContext.cpp:1378][APP - INFO] SMG requested system level sound SE_OJ_LV_HD_STEAM
[src/runtime/RuntimeContext.cpp:1378][APP - INFO] SMG requested system level sound SE_OJ_LV_HD_STEAM
[src/runtime/RuntimeContext.cpp:1378][APP - INFO] SMG requested system level sound SE_OJ_LV_HD_STEAM
[src/runtime/RuntimeContext.cpp:1378][APP - INFO] SMG requested system level sound SE_OJ_LV_HD_STEAM
[src/runtime/RuntimeContext.cpp:1378][APP - INFO] SMG requested system level sound SE_OJ_LV_HD_STEAM
[src/runtime/RuntimeContext.cpp:1378][APP - INFO] SMG requested system level sound SE_OJ_LV_HD_STEAM
[src/runtime/RuntimeContext.cpp:1378][APP - INFO] SMG requested system level sound SE_OJ_LV_HD_STEAM
[src/runtime/RuntimeContext.cpp:1378][APP - INFO] SMG requested system level sound SE_OJ_LV_HD_STEAM
[src/runtime/RuntimeContext.cpp:1378][APP - INFO] SMG requested system level sound SE_OJ_LV_HD_STEAM
[src/runtime/RuntimeContext.cpp:1378][APP - INFO] SMG requested system level sound SE_OJ_LV_HD_STEAM
[src/runtime/RuntimeContext.cpp:1378][APP - INFO] SMG requested system level sound SE_OJ_LV_HD_STEAM
[src/runtime/RuntimeContext.cpp:1378][APP - INFO] SMG requested system level sound SE_OJ_LV_HD_STEAM
[src/runtime/RuntimeContext.cpp:1378][APP - INFO] SMG requested system level sound SE_OJ_LV_HD_STEAM
[src/runtime/RuntimeContext.cpp:1378][APP - INFO] SMG requested system level sound SE_OJ_LV_HD_STEAM
[src/runtime/RuntimeContext.cpp:1378][APP - INFO] SMG requested system level sound SE_OJ_LV_HD_STEAM
[src/runtime/RuntimeContext.cpp:1378][APP - INFO] SMG requested system level sound SE_OJ_LV_HD_STEAM
[src/runtime/RuntimeContext.cpp:1378][APP - INFO] SMG requested system level sound SE_OJ_LV_HD_STEAM
[src/runtime/RuntimeContext.cpp:1378][APP - INFO] SMG requested system level sound SE_OJ_LV_HD_STEAM
[src/runtime/RuntimeContext.cpp:1378][APP - INFO] SMG requested system level sound SE_OJ_LV_HD_STEAM
[src/runtime/RuntimeContext.cpp:1378][APP - INFO] SMG requested system level sound SE_OJ_LV_HD_STEAM
[src/runtime/RuntimeContext.cpp:1378][APP - INFO] SMG requested system level sound SE_OJ_LV_HD_STEAM
[src/runtime/RuntimeContext.cpp:1378][APP - INFO] SMG requested system level sound SE_OJ_LV_HD_STEAM
[src/runtime/RuntimeContext.cpp:1378][APP - INFO] SMG requested system level sound SE_OJ_LV_HD_STEAM
[src/runtime/RuntimeContext.cpp:1378][APP - INFO] SMG requested system level sound SE_OJ_LV_HD_STEAM
[src/runtime/RuntimeContext.cpp:1378][APP - INFO] SMG requested system level sound SE_OJ_LV_HD_STEAM
[src/runtime/RuntimeContext.cpp:1378][APP - INFO] SMG requested system level sound SE_OJ_LV_HD_STEAM
[src/runtime/RuntimeContext.cpp:1378][APP - INFO] SMG requested system level sound SE_OJ_LV_HD_STEAM
[src/runtime/RuntimeContext.cpp:1378][APP - INFO] SMG requested system level sound SE_OJ_LV_HD_STEAM
[src/runtime/RuntimeContext.cpp:1378][APP - INFO] SMG requested system level sound SE_OJ_LV_HD_STEAM
[src/runtime/RuntimeContext.cpp:1378][APP - INFO] SMG requested system level sound SE_OJ_LV_HD_STEAM
[src/runtime/RuntimeContext.cpp:1378][APP - INFO] SMG requested system level sound SE_OJ_LV_HD_STEAM
[src/runtime/RuntimeContext.cpp:1378][APP - INFO] SMG requested system level sound SE_OJ_LV_HD_STEAM
[src/runtime/RuntimeContext.cpp:1378][APP - INFO] SMG requested system level sound SE_OJ_LV_HD_STEAM
[src/runtime/RuntimeContext.cpp:1378][APP - INFO] SMG requested system level sound SE_OJ_LV_HD_STEAM
[src/runtime/RuntimeContext.cpp:1378][APP - INFO] SMG requested system level sound SE_OJ_LV_HD_STEAM
[src/runtime/RuntimeContext.cpp:1378][APP - INFO] SMG requested system level sound SE_OJ_LV_HD_STEAM
[src/runtime/RuntimeContext.cpp:1378][APP - INFO] SMG requested system level sound SE_OJ_LV_HD_STEAM
[src/runtime/RuntimeContext.cpp:1378][APP - INFO] SMG requested system level sound SE_OJ_LV_HD_STEAM
[src/runtime/RuntimeContext.cpp:1378][APP - INFO] SMG requested system level sound SE_OJ_LV_HD_STEAM
[src/runtime/RuntimeContext.cpp:1378][APP - INFO] SMG requested system level sound SE_OJ_LV_HD_STEAM
[src/runtime/RuntimeContext.cpp:1378][APP - INFO] SMG requested system level sound SE_OJ_LV_HD_STEAM
[src/runtime/RuntimeContext.cpp:1378][APP - INFO] SMG requested system level sound SE_OJ_LV_HD_STEAM
[src/runtime/RuntimeContext.cpp:1378][APP - INFO] SMG requested system level sound SE_OJ_LV_HD_STEAM
[src/runtime/RuntimeContext.cpp:1378][APP - INFO] SMG requested system level sound SE_OJ_LV_HD_STEAM
[src/runtime/RuntimeContext.cpp:1378][APP - INFO] SMG requested system level sound SE_OJ_LV_HD_STEAM
[src/runtime/RuntimeContext.cpp:1378][APP - INFO] SMG requested system level sound SE_OJ_LV_HD_STEAM
[src/runtime/RuntimeContext.cpp:1378][APP - INFO] SMG requested system level sound SE_OJ_LV_HD_STEAM
[src/runtime/RuntimeContext.cpp:1378][APP - INFO] SMG requested system level sound SE_OJ_LV_HD_STEAM
[src/runtime/RuntimeContext.cpp:1378][APP - INFO] SMG requested system level sound SE_OJ_LV_HD_STEAM
[src/runtime/RuntimeContext.cpp:1378][APP - INFO] SMG requested system level sound SE_OJ_LV_HD_STEAM
[src/runtime/RuntimeContext.cpp:1378][APP - INFO] SMG requested system level sound SE_OJ_LV_HD_STEAM
[src/runtime/RuntimeContext.cpp:1378][APP - INFO] SMG requested system level sound SE_OJ_LV_HD_STEAM
[src/runtime/RuntimeContext.cpp:1378][APP - INFO] SMG requested system level sound SE_OJ_LV_HD_STEAM
[src/runtime/RuntimeContext.cpp:1378][APP - INFO] SMG requested system level sound SE_OJ_LV_HD_STEAM
[src/runtime/RuntimeContext.cpp:1378][APP - INFO] SMG requested system level sound SE_OJ_LV_HD_STEAM
[src/runtime/RuntimeContext.cpp:1378][APP - INFO] SMG requested system level sound SE_OJ_LV_HD_STEAM
[src/runtime/RuntimeContext.cpp:1378][APP - INFO] SMG requested system level sound SE_OJ_LV_HD_STEAM
[src/runtime/RuntimeContext.cpp:1378][APP - INFO] SMG requested system level sound SE_OJ_LV_HD_STEAM
[src/runtime/RuntimeContext.cpp:1378][APP - INFO] SMG requested system level sound SE_OJ_LV_HD_STEAM
[src/runtime/RuntimeContext.cpp:1378][APP - INFO] SMG requested system level sound SE_OJ_LV_HD_STEAM
[src/runtime/RuntimeContext.cpp:1378][APP - INFO] SMG requested system level sound SE_OJ_LV_HD_STEAM
[src/runtime/RuntimeContext.cpp:1378][APP - INFO] SMG requested system level sound SE_OJ_LV_HD_STEAM
[src/runtime/RuntimeContext.cpp:1378][APP - INFO] SMG requested system level sound SE_OJ_LV_HD_STEAM
[src/runtime/RuntimeContext.cpp:1378][APP - INFO] SMG requested system level sound SE_OJ_LV_HD_STEAM
[src/runtime/RuntimeContext.cpp:1378][APP - INFO] SMG requested system level sound SE_OJ_LV_HD_STEAM
[src/runtime/RuntimeContext.cpp:1378][APP - INFO] SMG requested system level sound SE_OJ_LV_HD_STEAM
[src/runtime/RuntimeContext.cpp:1378][APP - INFO] SMG requested system level sound SE_OJ_LV_HD_STEAM
[src/runtime/RuntimeContext.cpp:1378][APP - INFO] SMG requested system level sound SE_OJ_LV_HD_STEAM
[src/runtime/RuntimeContext.cpp:1378][APP - INFO] SMG requested system level sound SE_OJ_LV_HD_STEAM
[src/runtime/RuntimeContext.cpp:1378][APP - INFO] SMG requested system level sound SE_OJ_LV_HD_STEAM
[src/runtime/RuntimeContext.cpp:1378][APP - INFO] SMG requested system level sound SE_OJ_LV_HD_STEAM
[src/runtime/RuntimeContext.cpp:1378][APP - INFO] SMG requested system level sound SE_OJ_LV_HD_STEAM
[src/runtime/RuntimeContext.cpp:1378][APP - INFO] SMG requested system level sound SE_OJ_LV_HD_STEAM
[src/runtime/RuntimeContext.cpp:1378][APP - INFO] SMG requested system level sound SE_OJ_LV_HD_STEAM
[src/runtime/RuntimeContext.cpp:1378][APP - INFO] SMG requested system level sound SE_OJ_LV_HD_STEAM
[src/runtime/RuntimeContext.cpp:1378][APP - INFO] SMG requested system level sound SE_OJ_LV_HD_STEAM
[src/runtime/RuntimeContext.cpp:1378][APP - INFO] SMG requested system level sound SE_OJ_LV_HD_STEAM
[src/runtime/RuntimeContext.cpp:1378][APP - INFO] SMG requested system level sound SE_OJ_LV_HD_STEAM
[src/runtime/RuntimeContext.cpp:1378][APP - INFO] SMG requested system level sound SE_OJ_LV_HD_STEAM
[src/runtime/RuntimeContext.cpp:1378][APP - INFO] SMG requested system level sound SE_OJ_LV_HD_STEAM
[src/runtime/RuntimeContext.cpp:1378][APP - INFO] SMG requested system level sound SE_OJ_LV_HD_STEAM
[src/runtime/RuntimeContext.cpp:1378][APP - INFO] SMG requested system level sound SE_OJ_LV_HD_STEAM
[src/runtime/RuntimeContext.cpp:1378][APP - INFO] SMG requested system level sound SE_OJ_LV_HD_STEAM
[src/runtime/RuntimeContext.cpp:1378][APP - INFO] SMG requested system level sound SE_OJ_LV_HD_STEAM
[src/runtime/RuntimeContext.cpp:1378][APP - INFO] SMG requested system level sound SE_OJ_LV_HD_STEAM
[src/runtime/RuntimeContext.cpp:1378][APP - INFO] SMG requested system level sound SE_OJ_LV_HD_STEAM
[src/runtime/RuntimeContext.cpp:1378][APP - INFO] SMG requested system level sound SE_OJ_LV_HD_STEAM
[src/runtime/RuntimeContext.cpp:1378][APP - INFO] SMG requested system level sound SE_OJ_LV_HD_STEAM
[src/runtime/RuntimeContext.cpp:1378][APP - INFO] SMG requested system level sound SE_OJ_LV_HD_STEAM
[src/runtime/RuntimeContext.cpp:1378][APP - INFO] SMG requested system level sound SE_OJ_LV_HD_STEAM
[src/runtime/RuntimeContext.cpp:1378][APP - INFO] SMG requested system level sound SE_OJ_LV_HD_STEAM
[src/runtime/RuntimeContext.cpp:1378][APP - INFO] SMG requested system level sound SE_OJ_LV_HD_STEAM
[src/runtime/RuntimeContext.cpp:1378][APP - INFO] SMG requested system level sound SE_OJ_LV_HD_STEAM
[src/runtime/RuntimeContext.cpp:1378][APP - INFO] SMG requested system level sound SE_OJ_LV_HD_STEAM
[src/runtime/RuntimeContext.cpp:1378][APP - INFO] SMG requested system level sound SE_OJ_LV_HD_STEAM
[src/runtime/RuntimeContext.cpp:1378][APP - INFO] SMG requested system level sound SE_OJ_LV_HD_STEAM
[src/runtime/RuntimeContext.cpp:1378][APP - INFO] SMG requested system level sound SE_OJ_LV_HD_STEAM
[src/runtime/RuntimeContext.cpp:1378][APP - INFO] SMG requested system level sound SE_OJ_LV_HD_STEAM
[src/runtime/RuntimeContext.cpp:1378][APP - INFO] SMG requested system level sound SE_OJ_LV_HD_STEAM
[src/runtime/RuntimeContext.cpp:1378][APP - INFO] SMG requested system level sound SE_OJ_LV_HD_STEAM
[src/runtime/RuntimeContext.cpp:1378][APP - INFO] SMG requested system level sound SE_OJ_LV_HD_STEAM
[src/runtime/RuntimeContext.cpp:1378][APP - INFO] SMG requested system level sound SE_OJ_LV_HD_STEAM
[src/runtime/RuntimeContext.cpp:1378][APP - INFO] SMG requested system level sound SE_OJ_LV_HD_STEAM
[src/runtime/RuntimeContext.cpp:1378][APP - INFO] SMG requested system level sound SE_OJ_LV_HD_STEAM
[src/runtime/RuntimeContext.cpp:1378][APP - INFO] SMG requested system level sound SE_OJ_LV_HD_STEAM
[src/runtime/RuntimeContext.cpp:1378][APP - INFO] SMG requested system level sound SE_OJ_LV_HD_STEAM
[src/runtime/RuntimeContext.cpp:1378][APP - INFO] SMG requested system level sound SE_OJ_LV_HD_STEAM
[src/runtime/RuntimeContext.cpp:1378][APP - INFO] SMG requested system level sound SE_OJ_LV_HD_STEAM
[src/runtime/RuntimeContext.cpp:1378][APP - INFO] SMG requested system level sound SE_OJ_LV_HD_STEAM
[src/runtime/RuntimeContext.cpp:1378][APP - INFO] SMG requested system level sound SE_OJ_LV_HD_STEAM
[src/runtime/RuntimeContext.cpp:1378][APP - INFO] SMG requested system level sound SE_OJ_LV_HD_STEAM
[src/runtime/RuntimeContext.cpp:1378][APP - INFO] SMG requested system level sound SE_OJ_LV_HD_STEAM
[src/runtime/RuntimeContext.cpp:1378][APP - INFO] SMG requested system level sound SE_OJ_LV_HD_STEAM
[src/runtime/RuntimeContext.cpp:1378][APP - INFO] SMG requested system level sound SE_OJ_LV_HD_STEAM
[src/runtime/RuntimeContext.cpp:1378][APP - INFO] SMG requested system level sound SE_OJ_LV_HD_STEAM
[src/runtime/RuntimeContext.cpp:1378][APP - INFO] SMG requested system level sound SE_OJ_LV_HD_STEAM
[src/runtime/RuntimeContext.cpp:1378][APP - INFO] SMG requested system level sound SE_OJ_LV_HD_STEAM
[src/runtime/RuntimeContext.cpp:1378][APP - INFO] SMG requested system level sound SE_OJ_LV_HD_STEAM
[src/runtime/RuntimeContext.cpp:1378][APP - INFO] SMG requested system level sound SE_OJ_LV_HD_STEAM
[src/runtime/RuntimeContext.cpp:1378][APP - INFO] SMG requested system level sound SE_OJ_LV_HD_STEAM
[src/runtime/RuntimeContext.cpp:1378][APP - INFO] SMG requested system level sound SE_OJ_LV_HD_STEAM
[src/runtime/RuntimeContext.cpp:1378][APP - INFO] SMG requested system level sound SE_OJ_LV_HD_STEAM
[src/runtime/RuntimeContext.cpp:1378][APP - INFO] SMG requested system level sound SE_OJ_LV_HD_STEAM
[src/runtime/RuntimeContext.cpp:1378][APP - INFO] SMG requested system level sound SE_OJ_LV_HD_STEAM
[src/runtime/RuntimeContext.cpp:1378][APP - INFO] SMG requested system level sound SE_OJ_LV_HD_STEAM
[src/runtime/RuntimeContext.cpp:1378][APP - INFO] SMG requested system level sound SE_OJ_LV_HD_STEAM
[src/runtime/RuntimeContext.cpp:1378][APP - INFO] SMG requested system level sound SE_OJ_LV_HD_STEAM
[src/runtime/RuntimeContext.cpp:1378][APP - INFO] SMG requested system level sound SE_OJ_LV_HD_STEAM
[src/runtime/RuntimeContext.cpp:1378][APP - INFO] SMG requested system level sound SE_OJ_LV_HD_STEAM
[src/runtime/RuntimeContext.cpp:1378][APP - INFO] SMG requested system level sound SE_OJ_LV_HD_STEAM
[src/runtime/RuntimeContext.cpp:1378][APP - INFO] SMG requested system level sound SE_OJ_LV_HD_STEAM
[src/runtime/RuntimeContext.cpp:1378][APP - INFO] SMG requested system level sound SE_OJ_LV_HD_STEAM
[src/runtime/RuntimeContext.cpp:1378][APP - INFO] SMG requested system level sound SE_OJ_LV_HD_STEAM
[src/runtime/RuntimeContext.cpp:1378][APP - INFO] SMG requested system level sound SE_OJ_LV_HD_STEAM
[src/runtime/RuntimeContext.cpp:1378][APP - INFO] SMG requested system level sound SE_OJ_LV_HD_STEAM
[src/runtime/RuntimeContext.cpp:1378][APP - INFO] SMG requested system level sound SE_OJ_LV_HD_STEAM
[src/runtime/RuntimeContext.cpp:1378][APP - INFO] SMG requested system level sound SE_OJ_LV_HD_STEAM
[src/runtime/RuntimeContext.cpp:1378][APP - INFO] SMG requested system level sound SE_OJ_LV_HD_STEAM
[src/runtime/RuntimeContext.cpp:1378][APP - INFO] SMG requested system level sound SE_OJ_LV_HD_STEAM
[src/runtime/RuntimeContext.cpp:1378][APP - INFO] SMG requested system level sound SE_OJ_LV_HD_STEAM
[src/runtime/RuntimeContext.cpp:1378][APP - INFO] SMG requested system level sound SE_OJ_LV_HD_STEAM
[src/runtime/RuntimeContext.cpp:1378][APP - INFO] SMG requested system level sound SE_OJ_LV_HD_STEAM
[src/runtime/RuntimeContext.cpp:1378][APP - INFO] SMG requested system level sound SE_OJ_LV_HD_STEAM
[src/runtime/RuntimeContext.cpp:1378][APP - INFO] SMG requested system level sound SE_OJ_LV_HD_STEAM
[src/runtime/RuntimeContext.cpp:1378][APP - INFO] SMG requested system level sound SE_OJ_LV_HD_STEAM
[src/runtime/RuntimeContext.cpp:1378][APP - INFO] SMG requested system level sound SE_OJ_LV_HD_STEAM
[src/runtime/RuntimeContext.cpp:1378][APP - INFO] SMG requested system level sound SE_OJ_LV_HD_STEAM
[src/runtime/RuntimeContext.cpp:1378][APP - INFO] SMG requested system level sound SE_OJ_LV_HD_STEAM
[src/runtime/RuntimeContext.cpp:1378][APP - INFO] SMG requested system level sound SE_OJ_LV_HD_STEAM
[src/runtime/RuntimeContext.cpp:1378][APP - INFO] SMG requested system level sound SE_OJ_LV_HD_STEAM
[src/runtime/RuntimeContext.cpp:1378][APP - INFO] SMG requested system level sound SE_OJ_LV_HD_STEAM
[src/runtime/RuntimeContext.cpp:1378][APP - INFO] SMG requested system level sound SE_OJ_LV_HD_STEAM
[src/runtime/RuntimeContext.cpp:1378][APP - INFO] SMG requested system level sound SE_OJ_LV_HD_STEAM
[src/runtime/RuntimeContext.cpp:1378][APP - INFO] SMG requested system level sound SE_OJ_LV_HD_STEAM
[src/runtime/RuntimeContext.cpp:1378][APP - INFO] SMG requested system level sound SE_OJ_LV_HD_STEAM
[src/runtime/RuntimeContext.cpp:1378][APP - INFO] SMG requested system level sound SE_OJ_LV_HD_STEAM
[src/runtime/RuntimeContext.cpp:1378][APP - INFO] SMG requested system level sound SE_OJ_LV_HD_STEAM
[src/runtime/RuntimeContext.cpp:1378][APP - INFO] SMG requested system level sound SE_OJ_LV_HD_STEAM
[src/runtime/RuntimeContext.cpp:1378][APP - INFO] SMG requested system level sound SE_OJ_LV_HD_STEAM
[src/runtime/RuntimeContext.cpp:1378][APP - INFO] SMG requested system level sound SE_OJ_LV_HD_STEAM
[src/runtime/RuntimeContext.cpp:1378][APP - INFO] SMG requested system level sound SE_OJ_LV_HD_STEAM
[src/runtime/RuntimeContext.cpp:1378][APP - INFO] SMG requested system level sound SE_OJ_LV_HD_STEAM
[src/runtime/RuntimeContext.cpp:1378][APP - INFO] SMG requested system level sound SE_OJ_LV_HD_STEAM
[src/runtime/RuntimeContext.cpp:1378][APP - INFO] SMG requested system level sound SE_OJ_LV_HD_STEAM
[src/runtime/RuntimeContext.cpp:1378][APP - INFO] SMG requested system level sound SE_OJ_LV_HD_STEAM
[src/runtime/RuntimeContext.cpp:1378][APP - INFO] SMG requested system level sound SE_OJ_LV_HD_STEAM
[src/runtime/RuntimeContext.cpp:1378][APP - INFO] SMG requested system level sound SE_OJ_LV_HD_STEAM
[src/runtime/RuntimeContext.cpp:1378][APP - INFO] SMG requested system level sound SE_OJ_LV_HD_STEAM
[src/runtime/RuntimeContext.cpp:1378][APP - INFO] SMG requested system level sound SE_OJ_LV_HD_STEAM
[src/runtime/RuntimeContext.cpp:1378][APP - INFO] SMG requested system level sound SE_OJ_LV_HD_STEAM
[src/runtime/RuntimeContext.cpp:1378][APP - INFO] SMG requested system level sound SE_OJ_LV_HD_STEAM
[src/runtime/RuntimeContext.cpp:1378][APP - INFO] SMG requested system level sound SE_OJ_LV_HD_STEAM
[src/runtime/RuntimeContext.cpp:1378][APP - INFO] SMG requested system level sound SE_OJ_LV_HD_STEAM
[src/runtime/RuntimeContext.cpp:1378][APP - INFO] SMG requested system level sound SE_OJ_LV_HD_STEAM
[src/runtime/RuntimeContext.cpp:1378][APP - INFO] SMG requested system level sound SE_OJ_LV_HD_STEAM
[src/runtime/RuntimeContext.cpp:1378][APP - INFO] SMG requested system level sound SE_OJ_LV_HD_STEAM
[src/runtime/RuntimeContext.cpp:1378][APP - INFO] SMG requested system level sound SE_OJ_LV_HD_STEAM
[src/runtime/RuntimeContext.cpp:1378][APP - INFO] SMG requested system level sound SE_OJ_LV_HD_STEAM
[src/runtime/RuntimeContext.cpp:1378][APP - INFO] SMG requested system level sound SE_OJ_LV_HD_STEAM
[src/runtime/RuntimeContext.cpp:1378][APP - INFO] SMG requested system level sound SE_OJ_LV_HD_STEAM
[src/runtime/RuntimeContext.cpp:1378][APP - INFO] SMG requested system level sound SE_OJ_LV_HD_STEAM
[src/runtime/RuntimeContext.cpp:1378][APP - INFO] SMG requested system level sound SE_OJ_LV_HD_STEAM
[src/runtime/RuntimeContext.cpp:1378][APP - INFO] SMG requested system level sound SE_OJ_LV_HD_STEAM
[src/runtime/RuntimeContext.cpp:1378][APP - INFO] SMG requested system level sound SE_OJ_LV_HD_STEAM
[src/runtime/RuntimeContext.cpp:1378][APP - INFO] SMG requested system level sound SE_OJ_LV_HD_STEAM
[src/runtime/RuntimeContext.cpp:1378][APP - INFO] SMG requested system level sound SE_OJ_LV_HD_STEAM
[src/runtime/RuntimeContext.cpp:1378][APP - INFO] SMG requested system level sound SE_OJ_LV_HD_STEAM
[src/runtime/RuntimeContext.cpp:1378][APP - INFO] SMG requested system level sound SE_OJ_LV_HD_STEAM
[src/runtime/RuntimeContext.cpp:1378][APP - INFO] SMG requested system level sound SE_OJ_LV_HD_STEAM
[src/runtime/RuntimeContext.cpp:1378][APP - INFO] SMG requested system level sound SE_OJ_LV_HD_STEAM
[src/runtime/RuntimeContext.cpp:1378][APP - INFO] SMG requested system level sound SE_OJ_LV_HD_STEAM
[src/runtime/RuntimeContext.cpp:1378][APP - INFO] SMG requested system level sound SE_OJ_LV_HD_STEAM
[src/runtime/RuntimeContext.cpp:1378][APP - INFO] SMG requested system level sound SE_OJ_LV_HD_STEAM
[src/runtime/RuntimeContext.cpp:1378][APP - INFO] SMG requested system level sound SE_OJ_LV_HD_STEAM
[src/runtime/RuntimeContext.cpp:1378][APP - INFO] SMG requested system level sound SE_OJ_LV_HD_STEAM
[src/runtime/RuntimeContext.cpp:1378][APP - INFO] SMG requested system level sound SE_OJ_LV_HD_STEAM
[src/runtime/RuntimeContext.cpp:1378][APP - INFO] SMG requested system level sound SE_OJ_LV_HD_STEAM
[src/runtime/RuntimeContext.cpp:1378][APP - INFO] SMG requested system level sound SE_OJ_LV_HD_STEAM
[src/runtime/RuntimeContext.cpp:1378][APP - INFO] SMG requested system level sound SE_OJ_LV_HD_STEAM
[src/runtime/RuntimeContext.cpp:1378][APP - INFO] SMG requested system level sound SE_OJ_LV_HD_STEAM
[src/runtime/RuntimeContext.cpp:1378][APP - INFO] SMG requested system level sound SE_OJ_LV_HD_STEAM
[src/runtime/RuntimeContext.cpp:1378][APP - INFO] SMG requested system level sound SE_OJ_LV_HD_STEAM
[src/runtime/RuntimeContext.cpp:1378][APP - INFO] SMG requested system level sound SE_OJ_LV_HD_STEAM
[src/runtime/RuntimeContext.cpp:1378][APP - INFO] SMG requested system level sound SE_OJ_LV_HD_STEAM
[src/runtime/RuntimeContext.cpp:1378][APP - INFO] SMG requested system level sound SE_OJ_LV_HD_STEAM
[src/runtime/RuntimeContext.cpp:1378][APP - INFO] SMG requested system level sound SE_OJ_LV_HD_STEAM
[src/runtime/RuntimeContext.cpp:1378][APP - INFO] SMG requested system level sound SE_OJ_LV_HD_STEAM
[src/runtime/RuntimeContext.cpp:1378][APP - INFO] SMG requested system level sound SE_OJ_LV_HD_STEAM
[src/runtime/RuntimeContext.cpp:1378][APP - INFO] SMG requested system level sound SE_OJ_LV_HD_STEAM
[src/runtime/RuntimeContext.cpp:1378][APP - INFO] SMG requested system level sound SE_OJ_LV_HD_STEAM
[src/runtime/RuntimeContext.cpp:1378][APP - INFO] SMG requested system level sound SE_OJ_LV_HD_STEAM
[src/runtime/RuntimeContext.cpp:1378][APP - INFO] SMG requested system level sound SE_OJ_LV_HD_STEAM
[src/runtime/RuntimeContext.cpp:1378][APP - INFO] SMG requested system level sound SE_OJ_LV_HD_STEAM
[src/runtime/RuntimeContext.cpp:1378][APP - INFO] SMG requested system level sound SE_OJ_LV_HD_STEAM
[src/runtime/RuntimeContext.cpp:1378][APP - INFO] SMG requested system level sound SE_OJ_LV_HD_STEAM
[src/runtime/RuntimeContext.cpp:1378][APP - INFO] SMG requested system level sound SE_OJ_LV_HD_STEAM
[src/runtime/RuntimeContext.cpp:1378][APP - INFO] SMG requested system level sound SE_OJ_LV_HD_STEAM
[src/runtime/RuntimeContext.cpp:1378][APP - INFO] SMG requested system level sound SE_OJ_LV_HD_STEAM
[src/runtime/RuntimeContext.cpp:1378][APP - INFO] SMG requested system level sound SE_OJ_LV_HD_STEAM
[src/runtime/RuntimeContext.cpp:1378][APP - INFO] SMG requested system level sound SE_OJ_LV_HD_STEAM
[src/runtime/RuntimeContext.cpp:1378][APP - INFO] SMG requested system level sound SE_OJ_LV_HD_STEAM
[src/runtime/RuntimeContext.cpp:1378][APP - INFO] SMG requested system level sound SE_OJ_LV_HD_STEAM
[src/runtime/RuntimeContext.cpp:1378][APP - INFO] SMG requested system level sound SE_OJ_LV_HD_STEAM
[src/runtime/RuntimeContext.cpp:1378][APP - INFO] SMG requested system level sound SE_OJ_LV_HD_STEAM
[src/runtime/RuntimeContext.cpp:1378][APP - INFO] SMG requested system level sound SE_OJ_LV_HD_STEAM
[src/runtime/RuntimeContext.cpp:1378][APP - INFO] SMG requested system level sound SE_OJ_LV_HD_STEAM
[src/runtime/RuntimeContext.cpp:1378][APP - INFO] SMG requested system level sound SE_OJ_LV_HD_STEAM
[src/runtime/RuntimeContext.cpp:1378][APP - INFO] SMG requested system level sound SE_OJ_LV_HD_STEAM
[src/runtime/RuntimeContext.cpp:1378][APP - INFO] SMG requested system level sound SE_OJ_LV_HD_STEAM
[src/runtime/RuntimeContext.cpp:1378][APP - INFO] SMG requested system level sound SE_OJ_LV_HD_STEAM
[src/runtime/RuntimeContext.cpp:1378][APP - INFO] SMG requested system level sound SE_OJ_LV_HD_STEAM
[src/runtime/RuntimeContext.cpp:1378][APP - INFO] SMG requested system level sound SE_OJ_LV_HD_STEAM
[src/runtime/RuntimeContext.cpp:1378][APP - INFO] SMG requested system level sound SE_OJ_LV_HD_STEAM
[src/runtime/RuntimeContext.cpp:1378][APP - INFO] SMG requested system level sound SE_OJ_LV_HD_STEAM
[src/runtime/RuntimeContext.cpp:1378][APP - INFO] SMG requested system level sound SE_OJ_LV_HD_STEAM
[src/runtime/RuntimeContext.cpp:1378][APP - INFO] SMG requested system level sound SE_OJ_LV_HD_STEAM
[src/runtime/RuntimeContext.cpp:1378][APP - INFO] SMG requested system level sound SE_OJ_LV_HD_STEAM
[src/runtime/RuntimeContext.cpp:1378][APP - INFO] SMG requested system level sound SE_OJ_LV_HD_STEAM
[src/runtime/RuntimeContext.cpp:1378][APP - INFO] SMG requested system level sound SE_OJ_LV_HD_STEAM
[src/runtime/RuntimeContext.cpp:1378][APP - INFO] SMG requested system level sound SE_OJ_LV_HD_STEAM
[src/runtime/RuntimeContext.cpp:1378][APP - INFO] SMG requested system level sound SE_OJ_LV_HD_STEAM
[src/runtime/RuntimeContext.cpp:1378][APP - INFO] SMG requested system level sound SE_OJ_LV_HD_STEAM
[src/runtime/RuntimeContext.cpp:1378][APP - INFO] SMG requested system level sound SE_OJ_LV_HD_STEAM
[src/runtime/RuntimeContext.cpp:1378][APP - INFO] SMG requested system level sound SE_OJ_LV_HD_STEAM
[src/runtime/RuntimeContext.cpp:1378][APP - INFO] SMG requested system level sound SE_OJ_LV_HD_STEAM
[src/runtime/RuntimeContext.cpp:1378][APP - INFO] SMG requested system level sound SE_OJ_LV_HD_STEAM
[src/runtime/RuntimeContext.cpp:1378][APP - INFO] SMG requested system level sound SE_OJ_LV_HD_STEAM
[src/runtime/RuntimeContext.cpp:1378][APP - INFO] SMG requested system level sound SE_OJ_LV_HD_STEAM
[src/runtime/RuntimeContext.cpp:1378][APP - INFO] SMG requested system level sound SE_OJ_LV_HD_STEAM
[src/runtime/RuntimeContext.cpp:1378][APP - INFO] SMG requested system level sound SE_OJ_LV_HD_STEAM
[src/runtime/RuntimeContext.cpp:1378][APP - INFO] SMG requested system level sound SE_OJ_LV_HD_STEAM
[src/runtime/RuntimeContext.cpp:1378][APP - INFO] SMG requested system level sound SE_OJ_LV_HD_STEAM
[src/runtime/RuntimeContext.cpp:1378][APP - INFO] SMG requested system level sound SE_OJ_LV_HD_STEAM
[src/runtime/RuntimeContext.cpp:1378][APP - INFO] SMG requested system level sound SE_OJ_LV_HD_STEAM
[src/runtime/RuntimeContext.cpp:1378][APP - INFO] SMG requested system level sound SE_OJ_LV_HD_STEAM
[src/runtime/RuntimeContext.cpp:1378][APP - INFO] SMG requested system level sound SE_OJ_LV_HD_STEAM
[src/runtime/RuntimeContext.cpp:1378][APP - INFO] SMG requested system level sound SE_OJ_LV_HD_STEAM
[src/runtime/RuntimeContext.cpp:1378][APP - INFO] SMG requested system level sound SE_OJ_LV_HD_STEAM
[src/runtime/RuntimeContext.cpp:1378][APP - INFO] SMG requested system level sound SE_OJ_LV_HD_STEAM
[src/runtime/RuntimeContext.cpp:1378][APP - INFO] SMG requested system level sound SE_OJ_LV_HD_STEAM
[src/runtime/RuntimeContext.cpp:1378][APP - INFO] SMG requested system level sound SE_OJ_LV_HD_STEAM
[src/runtime/RuntimeContext.cpp:1378][APP - INFO] SMG requested system level sound SE_OJ_LV_HD_STEAM
[src/runtime/RuntimeContext.cpp:1378][APP - INFO] SMG requested system level sound SE_OJ_LV_HD_STEAM
[src/runtime/RuntimeContext.cpp:1378][APP - INFO] SMG requested system level sound SE_OJ_LV_HD_STEAM
[src/runtime/RuntimeContext.cpp:1378][APP - INFO] SMG requested system level sound SE_OJ_LV_HD_STEAM
[src/runtime/RuntimeContext.cpp:1378][APP - INFO] SMG requested system level sound SE_OJ_LV_HD_STEAM
[src/runtime/RuntimeContext.cpp:1378][APP - INFO] SMG requested system level sound SE_OJ_LV_HD_STEAM
[src/runtime/RuntimeContext.cpp:1378][APP - INFO] SMG requested system level sound SE_OJ_LV_HD_STEAM
[src/runtime/RuntimeContext.cpp:1378][APP - INFO] SMG requested system level sound SE_OJ_LV_HD_STEAM
[src/runtime/RuntimeContext.cpp:1378][APP - INFO] SMG requested system level sound SE_OJ_LV_HD_STEAM
[src/runtime/RuntimeContext.cpp:1378][APP - INFO] SMG requested system level sound SE_OJ_LV_HD_STEAM
[src/runtime/RuntimeContext.cpp:1378][APP - INFO] SMG requested system level sound SE_OJ_LV_HD_STEAM
[src/runtime/RuntimeContext.cpp:1378][APP - INFO] SMG requested system level sound SE_OJ_LV_HD_STEAM
[src/runtime/RuntimeContext.cpp:1378][APP - INFO] SMG requested system level sound SE_OJ_LV_HD_STEAM
[src/runtime/RuntimeContext.cpp:1378][APP - INFO] SMG requested system level sound SE_OJ_LV_HD_STEAM
[src/runtime/RuntimeContext.cpp:1378][APP - INFO] SMG requested system level sound SE_OJ_LV_HD_STEAM
[src/runtime/RuntimeContext.cpp:1378][APP - INFO] SMG requested system level sound SE_OJ_LV_HD_STEAM
[src/runtime/RuntimeContext.cpp:1378][APP - INFO] SMG requested system level sound SE_OJ_LV_HD_STEAM
[src/runtime/RuntimeContext.cpp:1378][APP - INFO] SMG requested system level sound SE_OJ_LV_HD_STEAM
[src/runtime/RuntimeContext.cpp:1378][APP - INFO] SMG requested system level sound SE_OJ_LV_HD_STEAM
[src/runtime/RuntimeContext.cpp:1378][APP - INFO] SMG requested system level sound SE_OJ_LV_HD_STEAM
[src/runtime/RuntimeContext.cpp:1378][APP - INFO] SMG requested system level sound SE_OJ_LV_HD_STEAM
[src/runtime/RuntimeContext.cpp:1378][APP - INFO] SMG requested system level sound SE_OJ_LV_HD_STEAM
[src/runtime/RuntimeContext.cpp:1378][APP - INFO] SMG requested system level sound SE_OJ_LV_HD_STEAM
[src/runtime/RuntimeContext.cpp:1378][APP - INFO] SMG requested system level sound SE_OJ_LV_HD_STEAM
[src/runtime/RuntimeContext.cpp:1378][APP - INFO] SMG requested system level sound SE_OJ_LV_HD_STEAM
[src/runtime/RuntimeContext.cpp:1378][APP - INFO] SMG requested system level sound SE_OJ_LV_HD_STEAM
[src/runtime/RuntimeContext.cpp:1378][APP - INFO] SMG requested system level sound SE_OJ_LV_HD_STEAM
[src/runtime/RuntimeContext.cpp:1378][APP - INFO] SMG requested system level sound SE_OJ_LV_HD_STEAM
[src/runtime/RuntimeContext.cpp:1378][APP - INFO] SMG requested system level sound SE_OJ_LV_HD_STEAM
[src/runtime/RuntimeContext.cpp:1378][APP - INFO] SMG requested system level sound SE_OJ_LV_HD_STEAM
[src/runtime/RuntimeContext.cpp:1378][APP - INFO] SMG requested system level sound SE_OJ_LV_HD_STEAM
[src/runtime/RuntimeContext.cpp:1378][APP - INFO] SMG requested system level sound SE_OJ_LV_HD_STEAM
[src/runtime/RuntimeContext.cpp:1378][APP - INFO] SMG requested system level sound SE_OJ_LV_HD_STEAM
[src/runtime/RuntimeContext.cpp:1378][APP - INFO] SMG requested system level sound SE_OJ_LV_HD_STEAM
[src/runtime/RuntimeContext.cpp:1378][APP - INFO] SMG requested system level sound SE_OJ_LV_HD_STEAM
[src/runtime/RuntimeContext.cpp:1378][APP - INFO] SMG requested system level sound SE_OJ_LV_HD_STEAM
[src/runtime/RuntimeContext.cpp:1378][APP - INFO] SMG requested system level sound SE_OJ_LV_HD_STEAM
[src/runtime/RuntimeContext.cpp:1378][APP - INFO] SMG requested system level sound SE_OJ_LV_HD_STEAM
[src/runtime/RuntimeContext.cpp:1378][APP - INFO] SMG requested system level sound SE_OJ_LV_HD_STEAM
[src/runtime/RuntimeContext.cpp:1378][APP - INFO] SMG requested system level sound SE_OJ_LV_HD_STEAM
[src/runtime/RuntimeContext.cpp:1378][APP - INFO] SMG requested system level sound SE_OJ_LV_HD_STEAM
[src/runtime/RuntimeContext.cpp:1378][APP - INFO] SMG requested system level sound SE_OJ_LV_HD_STEAM
[src/runtime/RuntimeContext.cpp:1378][APP - INFO] SMG requested system level sound SE_OJ_LV_HD_STEAM
[src/runtime/RuntimeContext.cpp:1378][APP - INFO] SMG requested system level sound SE_OJ_LV_HD_STEAM
[src/runtime/RuntimeContext.cpp:1378][APP - INFO] SMG requested system level sound SE_OJ_LV_HD_STEAM
[src/runtime/RuntimeContext.cpp:1378][APP - INFO] SMG requested system level sound SE_OJ_LV_HD_STEAM
[src/runtime/RuntimeContext.cpp:1378][APP - INFO] SMG requested system level sound SE_OJ_LV_HD_STEAM
[src/runtime/RuntimeContext.cpp:1378][APP - INFO] SMG requested system level sound SE_OJ_LV_HD_STEAM
[src/runtime/RuntimeContext.cpp:1378][APP - INFO] SMG requested system level sound SE_OJ_LV_HD_STEAM
[src/runtime/RuntimeContext.cpp:1378][APP - INFO] SMG requested system level sound SE_OJ_LV_HD_STEAM
[src/runtime/RuntimeContext.cpp:1378][APP - INFO] SMG requested system level sound SE_OJ_LV_HD_STEAM
[src/runtime/RuntimeContext.cpp:1378][APP - INFO] SMG requested system level sound SE_OJ_LV_HD_STEAM
[src/runtime/RuntimeContext.cpp:1378][APP - INFO] SMG requested system level sound SE_OJ_LV_HD_STEAM
[src/runtime/RuntimeContext.cpp:1378][APP - INFO] SMG requested system level sound SE_OJ_LV_HD_STEAM
[src/runtime/RuntimeContext.cpp:1378][APP - INFO] SMG requested system level sound SE_OJ_LV_HD_STEAM
[src/runtime/RuntimeContext.cpp:1378][APP - INFO] SMG requested system level sound SE_OJ_LV_HD_STEAM
[src/runtime/RuntimeContext.cpp:1378][APP - INFO] SMG requested system level sound SE_OJ_LV_HD_STEAM
[src/runtime/RuntimeContext.cpp:1378][APP - INFO] SMG requested system level sound SE_OJ_LV_HD_STEAM
[src/runtime/RuntimeContext.cpp:1378][APP - INFO] SMG requested system level sound SE_OJ_LV_HD_STEAM
[src/runtime/RuntimeContext.cpp:1378][APP - INFO] SMG requested system level sound SE_OJ_LV_HD_STEAM
[src/runtime/RuntimeContext.cpp:1378][APP - INFO] SMG requested system level sound SE_OJ_LV_HD_STEAM
[src/runtime/RuntimeContext.cpp:1378][APP - INFO] SMG requested system level sound SE_OJ_LV_HD_STEAM
[src/runtime/RuntimeContext.cpp:1378][APP - INFO] SMG requested system level sound SE_OJ_LV_HD_STEAM
[src/runtime/RuntimeContext.cpp:1378][APP - INFO] SMG requested system level sound SE_OJ_LV_HD_STEAM
[src/runtime/RuntimeContext.cpp:1378][APP - INFO] SMG requested system level sound SE_OJ_LV_HD_STEAM
[src/runtime/RuntimeContext.cpp:1378][APP - INFO] SMG requested system level sound SE_OJ_LV_HD_STEAM
[src/runtime/RuntimeContext.cpp:1378][APP - INFO] SMG requested system level sound SE_OJ_LV_HD_STEAM
[src/runtime/RuntimeContext.cpp:1378][APP - INFO] SMG requested system level sound SE_OJ_LV_HD_STEAM
[src/runtime/RuntimeContext.cpp:1378][APP - INFO] SMG requested system level sound SE_OJ_LV_HD_STEAM
[src/runtime/RuntimeContext.cpp:1378][APP - INFO] SMG requested system level sound SE_OJ_LV_HD_STEAM
[src/runtime/RuntimeContext.cpp:1378][APP - INFO] SMG requested system level sound SE_OJ_LV_HD_STEAM
[src/runtime/RuntimeContext.cpp:1378][APP - INFO] SMG requested system level sound SE_OJ_LV_HD_STEAM
[src/runtime/RuntimeContext.cpp:1378][APP - INFO] SMG requested system level sound SE_OJ_LV_HD_STEAM
[src/runtime/RuntimeContext.cpp:1378][APP - INFO] SMG requested system level sound SE_OJ_LV_HD_STEAM
[src/runtime/RuntimeContext.cpp:1378][APP - INFO] SMG requested system level sound SE_OJ_LV_HD_STEAM
[src/runtime/RuntimeContext.cpp:1378][APP - INFO] SMG requested system level sound SE_OJ_LV_HD_STEAM
[src/runtime/RuntimeContext.cpp:1378][APP - INFO] SMG requested system level sound SE_OJ_LV_HD_STEAM
[src/runtime/RuntimeContext.cpp:1378][APP - INFO] SMG requested system level sound SE_OJ_LV_HD_STEAM
[src/runtime/RuntimeContext.cpp:1378][APP - INFO] SMG requested system level sound SE_OJ_LV_HD_STEAM
[src/runtime/RuntimeContext.cpp:1378][APP - INFO] SMG requested system level sound SE_OJ_LV_HD_STEAM
[src/runtime/RuntimeContext.cpp:1378][APP - INFO] SMG requested system level sound SE_OJ_LV_HD_STEAM
[src/runtime/RuntimeContext.cpp:1378][APP - INFO] SMG requested system level sound SE_OJ_LV_HD_STEAM
[src/runtime/RuntimeContext.cpp:1378][APP - INFO] SMG requested system level sound SE_OJ_LV_HD_STEAM
[src/runtime/RuntimeContext.cpp:1378][APP - INFO] SMG requested system level sound SE_OJ_LV_HD_STEAM
[src/runtime/RuntimeContext.cpp:1378][APP - INFO] SMG requested system level sound SE_OJ_LV_HD_STEAM
[src/runtime/RuntimeContext.cpp:1378][APP - INFO] SMG requested system level sound SE_OJ_LV_HD_STEAM
[src/runtime/RuntimeContext.cpp:1378][APP - INFO] SMG requested system level sound SE_OJ_LV_HD_STEAM
[src/runtime/RuntimeContext.cpp:1378][APP - INFO] SMG requested system level sound SE_OJ_LV_HD_STEAM
[src/runtime/RuntimeContext.cpp:1378][APP - INFO] SMG requested system level sound SE_OJ_LV_HD_STEAM
[src/runtime/RuntimeContext.cpp:1378][APP - INFO] SMG requested system level sound SE_OJ_LV_HD_STEAM
[src/runtime/RuntimeContext.cpp:1378][APP - INFO] SMG requested system level sound SE_OJ_LV_HD_STEAM
[src/runtime/RuntimeContext.cpp:1378][APP - INFO] SMG requested system level sound SE_OJ_LV_HD_STEAM
[src/runtime/RuntimeContext.cpp:1378][APP - INFO] SMG requested system level sound SE_OJ_LV_HD_STEAM
[src/runtime/RuntimeContext.cpp:1378][APP - INFO] SMG requested system level sound SE_OJ_LV_HD_STEAM
[src/runtime/RuntimeContext.cpp:1378][APP - INFO] SMG requested system level sound SE_OJ_LV_HD_STEAM
[src/runtime/RuntimeContext.cpp:1378][APP - INFO] SMG requested system level sound SE_OJ_LV_HD_STEAM
[src/runtime/RuntimeContext.cpp:1378][APP - INFO] SMG requested system level sound SE_OJ_LV_HD_STEAM
[src/runtime/RuntimeContext.cpp:1378][APP - INFO] SMG requested system level sound SE_OJ_LV_HD_STEAM
[src/runtime/RuntimeContext.cpp:1378][APP - INFO] SMG requested system level sound SE_OJ_LV_HD_STEAM
[src/runtime/RuntimeContext.cpp:1378][APP - INFO] SMG requested system level sound SE_OJ_LV_HD_STEAM
[src/runtime/RuntimeContext.cpp:1378][APP - INFO] SMG requested system level sound SE_OJ_LV_HD_STEAM
[src/runtime/RuntimeContext.cpp:1378][APP - INFO] SMG requested system level sound SE_OJ_LV_HD_STEAM
[src/runtime/RuntimeContext.cpp:1378][APP - INFO] SMG requested system level sound SE_OJ_LV_HD_STEAM
[src/runtime/RuntimeContext.cpp:1378][APP - INFO] SMG requested system level sound SE_OJ_LV_HD_STEAM
[src/runtime/RuntimeContext.cpp:1378][APP - INFO] SMG requested system level sound SE_OJ_LV_HD_STEAM
[src/runtime/RuntimeContext.cpp:1378][APP - INFO] SMG requested system level sound SE_OJ_LV_HD_STEAM
[src/runtime/RuntimeContext.cpp:1378][APP - INFO] SMG requested system level sound SE_OJ_LV_HD_STEAM
[src/runtime/RuntimeContext.cpp:1378][APP - INFO] SMG requested system level sound SE_OJ_LV_HD_STEAM
[src/runtime/RuntimeContext.cpp:1378][APP - INFO] SMG requested system level sound SE_OJ_LV_HD_STEAM
[src/runtime/RuntimeContext.cpp:1378][APP - INFO] SMG requested system level sound SE_OJ_LV_HD_STEAM
[src/runtime/RuntimeContext.cpp:1378][APP - INFO] SMG requested system level sound SE_OJ_LV_HD_STEAM
[src/runtime/RuntimeContext.cpp:1378][APP - INFO] SMG requested system level sound SE_OJ_LV_HD_STEAM
[src/runtime/RuntimeContext.cpp:1378][APP - INFO] SMG requested system level sound SE_OJ_LV_HD_STEAM
[src/runtime/RuntimeContext.cpp:1378][APP - INFO] SMG requested system level sound SE_OJ_LV_HD_STEAM
[src/runtime/RuntimeContext.cpp:1378][APP - INFO] SMG requested system level sound SE_OJ_LV_HD_STEAM
[src/runtime/RuntimeContext.cpp:1378][APP - INFO] SMG requested system level sound SE_OJ_LV_HD_STEAM
[src/runtime/RuntimeContext.cpp:1378][APP - INFO] SMG requested system level sound SE_OJ_LV_HD_STEAM
[src/runtime/RuntimeContext.cpp:1378][APP - INFO] SMG requested system level sound SE_OJ_LV_HD_STEAM
[src/runtime/RuntimeContext.cpp:1378][APP - INFO] SMG requested system level sound SE_OJ_LV_HD_STEAM
[src/runtime/RuntimeContext.cpp:1378][APP - INFO] SMG requested system level sound SE_OJ_LV_HD_STEAM
[src/runtime/RuntimeContext.cpp:1378][APP - INFO] SMG requested system level sound SE_OJ_LV_HD_STEAM
[src/runtime/RuntimeContext.cpp:1378][APP - INFO] SMG requested system level sound SE_OJ_LV_HD_STEAM
[src/runtime/RuntimeContext.cpp:1378][APP - INFO] SMG requested system level sound SE_OJ_LV_HD_STEAM
[src/runtime/RuntimeContext.cpp:1378][APP - INFO] SMG requested system level sound SE_OJ_LV_HD_STEAM
[src/runtime/RuntimeContext.cpp:1378][APP - INFO] SMG requested system level sound SE_OJ_LV_HD_STEAM
[src/runtime/RuntimeContext.cpp:1378][APP - INFO] SMG requested system level sound SE_OJ_LV_HD_STEAM
[src/runtime/RuntimeContext.cpp:1378][APP - INFO] SMG requested system level sound SE_OJ_LV_HD_STEAM
[src/runtime/RuntimeContext.cpp:1378][APP - INFO] SMG requested system level sound SE_OJ_LV_HD_STEAM
[src/runtime/RuntimeContext.cpp:1378][APP - INFO] SMG requested system level sound SE_OJ_LV_HD_STEAM
[src/runtime/RuntimeContext.cpp:1378][APP - INFO] SMG requested system level sound SE_OJ_LV_HD_STEAM
[src/runtime/RuntimeContext.cpp:1378][APP - INFO] SMG requested system level sound SE_OJ_LV_HD_STEAM
[src/runtime/RuntimeContext.cpp:1378][APP - INFO] SMG requested system level sound SE_OJ_LV_HD_STEAM
[src/runtime/RuntimeContext.cpp:1378][APP - INFO] SMG requested system level sound SE_OJ_LV_HD_STEAM
[src/runtime/RuntimeContext.cpp:1378][APP - INFO] SMG requested system level sound SE_OJ_LV_HD_STEAM
[src/runtime/RuntimeContext.cpp:1378][APP - INFO] SMG requested system level sound SE_OJ_LV_HD_STEAM
[src/runtime/RuntimeContext.cpp:1378][APP - INFO] SMG requested system level sound SE_OJ_LV_HD_STEAM
[src/runtime/RuntimeContext.cpp:1378][APP - INFO] SMG requested system level sound SE_OJ_LV_HD_STEAM
[src/runtime/RuntimeContext.cpp:1378][APP - INFO] SMG requested system level sound SE_OJ_LV_HD_STEAM
[src/runtime/RuntimeContext.cpp:1378][APP - INFO] SMG requested system level sound SE_OJ_LV_HD_STEAM
[src/runtime/RuntimeContext.cpp:1378][APP - INFO] SMG requested system level sound SE_OJ_LV_HD_STEAM
[src/runtime/RuntimeContext.cpp:1378][APP - INFO] SMG requested system level sound SE_OJ_LV_HD_STEAM
[src/runtime/RuntimeContext.cpp:1378][APP - INFO] SMG requested system level sound SE_OJ_LV_HD_STEAM
[src/runtime/RuntimeContext.cpp:1378][APP - INFO] SMG requested system level sound SE_OJ_LV_HD_STEAM
[src/runtime/RuntimeContext.cpp:1378][APP - INFO] SMG requested system level sound SE_OJ_LV_HD_STEAM
[src/runtime/RuntimeContext.cpp:1378][APP - INFO] SMG requested system level sound SE_OJ_LV_HD_STEAM
[src/runtime/RuntimeContext.cpp:1378][APP - INFO] SMG requested system level sound SE_OJ_LV_HD_STEAM
[src/runtime/RuntimeContext.cpp:1378][APP - INFO] SMG requested system level sound SE_OJ_LV_HD_STEAM
[src/runtime/RuntimeContext.cpp:1378][APP - INFO] SMG requested system level sound SE_OJ_LV_HD_STEAM
[src/runtime/RuntimeContext.cpp:1378][APP - INFO] SMG requested system level sound SE_OJ_LV_HD_STEAM
[src/runtime/RuntimeContext.cpp:1378][APP - INFO] SMG requested system level sound SE_OJ_LV_HD_STEAM
[src/runtime/RuntimeContext.cpp:1378][APP - INFO] SMG requested system level sound SE_OJ_LV_HD_STEAM
[src/runtime/RuntimeContext.cpp:1378][APP - INFO] SMG requested system level sound SE_OJ_LV_HD_STEAM
[src/runtime/RuntimeContext.cpp:1378][APP - INFO] SMG requested system level sound SE_OJ_LV_HD_STEAM
[src/runtime/RuntimeContext.cpp:1378][APP - INFO] SMG requested system level sound SE_OJ_LV_HD_STEAM
[src/runtime/RuntimeContext.cpp:1378][APP - INFO] SMG requested system level sound SE_OJ_LV_HD_STEAM
[src/runtime/RuntimeContext.cpp:1378][APP - INFO] SMG requested system level sound SE_OJ_LV_HD_STEAM
[src/runtime/RuntimeContext.cpp:1378][APP - INFO] SMG requested system level sound SE_OJ_LV_HD_STEAM
[src/runtime/RuntimeContext.cpp:1378][APP - INFO] SMG requested system level sound SE_OJ_LV_HD_STEAM
[src/runtime/RuntimeContext.cpp:1378][APP - INFO] SMG requested system level sound SE_OJ_LV_HD_STEAM
[src/runtime/RuntimeContext.cpp:1378][APP - INFO] SMG requested system level sound SE_OJ_LV_HD_STEAM
[src/runtime/RuntimeContext.cpp:1378][APP - INFO] SMG requested system level sound SE_OJ_LV_HD_STEAM
[src/runtime/RuntimeContext.cpp:1378][APP - INFO] SMG requested system level sound SE_OJ_LV_HD_STEAM
[src/runtime/RuntimeContext.cpp:1378][APP - INFO] SMG requested system level sound SE_OJ_LV_HD_STEAM
[src/runtime/RuntimeContext.cpp:1378][APP - INFO] SMG requested system level sound SE_OJ_LV_HD_STEAM
[src/runtime/RuntimeContext.cpp:1378][APP - INFO] SMG requested system level sound SE_OJ_LV_HD_STEAM
[src/runtime/RuntimeContext.cpp:1378][APP - INFO] SMG requested system level sound SE_OJ_LV_HD_STEAM
[src/runtime/RuntimeContext.cpp:1378][APP - INFO] SMG requested system level sound SE_OJ_LV_HD_STEAM
[src/runtime/RuntimeContext.cpp:1378][APP - INFO] SMG requested system level sound SE_OJ_LV_HD_STEAM
[src/runtime/RuntimeContext.cpp:1378][APP - INFO] SMG requested system level sound SE_OJ_LV_HD_STEAM
[src/runtime/RuntimeContext.cpp:1378][APP - INFO] SMG requested system level sound SE_OJ_LV_HD_STEAM
[src/runtime/RuntimeContext.cpp:1378][APP - INFO] SMG requested system level sound SE_OJ_LV_HD_STEAM
[src/runtime/RuntimeContext.cpp:1378][APP - INFO] SMG requested system level sound SE_OJ_LV_HD_STEAM
[src/runtime/RuntimeContext.cpp:1378][APP - INFO] SMG requested system level sound SE_OJ_LV_HD_STEAM
[src/runtime/RuntimeContext.cpp:1378][APP - INFO] SMG requested system level sound SE_OJ_LV_HD_STEAM
[src/runtime/RuntimeContext.cpp:1378][APP - INFO] SMG requested system level sound SE_OJ_LV_HD_STEAM
[src/runtime/RuntimeContext.cpp:1378][APP - INFO] SMG requested system level sound SE_OJ_LV_HD_STEAM
[src/runtime/RuntimeContext.cpp:1378][APP - INFO] SMG requested system level sound SE_OJ_LV_HD_STEAM
[src/runtime/RuntimeContext.cpp:1378][APP - INFO] SMG requested system level sound SE_OJ_LV_HD_STEAM
[src/runtime/RuntimeContext.cpp:1378][APP - INFO] SMG requested system level sound SE_OJ_LV_HD_STEAM
[src/runtime/RuntimeContext.cpp:1378][APP - INFO] SMG requested system level sound SE_OJ_LV_HD_STEAM
[src/runtime/RuntimeContext.cpp:1378][APP - INFO] SMG requested system level sound SE_OJ_LV_HD_STEAM
[src/runtime/RuntimeContext.cpp:1378][APP - INFO] SMG requested system level sound SE_OJ_LV_HD_STEAM
[src/runtime/RuntimeContext.cpp:1378][APP - INFO] SMG requested system level sound SE_OJ_LV_HD_STEAM
[src/runtime/RuntimeContext.cpp:1378][APP - INFO] SMG requested system level sound SE_OJ_LV_HD_STEAM
[src/runtime/RuntimeContext.cpp:1378][APP - INFO] SMG requested system level sound SE_OJ_LV_HD_STEAM
[src/runtime/RuntimeContext.cpp:1378][APP - INFO] SMG requested system level sound SE_OJ_LV_HD_STEAM
[src/runtime/RuntimeContext.cpp:1378][APP - INFO] SMG requested system level sound SE_OJ_LV_HD_STEAM
[src/runtime/RuntimeContext.cpp:1378][APP - INFO] SMG requested system level sound SE_OJ_LV_HD_STEAM
[src/runtime/RuntimeContext.cpp:1378][APP - INFO] SMG requested system level sound SE_OJ_LV_HD_STEAM
[src/runtime/RuntimeContext.cpp:1378][APP - INFO] SMG requested system level sound SE_OJ_LV_HD_STEAM
[src/runtime/RuntimeContext.cpp:1378][APP - INFO] SMG requested system level sound SE_OJ_LV_HD_STEAM
[src/runtime/RuntimeContext.cpp:1378][APP - INFO] SMG requested system level sound SE_OJ_LV_HD_STEAM
[src/runtime/RuntimeContext.cpp:1378][APP - INFO] SMG requested system level sound SE_OJ_LV_HD_STEAM
[src/runtime/RuntimeContext.cpp:1378][APP - INFO] SMG requested system level sound SE_OJ_LV_HD_STEAM
[src/runtime/RuntimeContext.cpp:1378][APP - INFO] SMG requested system level sound SE_OJ_LV_HD_STEAM
[src/runtime/RuntimeContext.cpp:1378][APP - INFO] SMG requested system level sound SE_OJ_LV_HD_STEAM
[src/runtime/RuntimeContext.cpp:1378][APP - INFO] SMG requested system level sound SE_OJ_LV_HD_STEAM
[src/runtime/RuntimeContext.cpp:1378][APP - INFO] SMG requested system level sound SE_OJ_LV_HD_STEAM
[src/runtime/RuntimeContext.cpp:1378][APP - INFO] SMG requested system level sound SE_OJ_LV_HD_STEAM
[src/runtime/RuntimeContext.cpp:1378][APP - INFO] SMG requested system level sound SE_OJ_LV_HD_STEAM
[src/runtime/RuntimeContext.cpp:1378][APP - INFO] SMG requested system level sound SE_OJ_LV_HD_STEAM
[src/runtime/RuntimeContext.cpp:1378][APP - INFO] SMG requested system level sound SE_OJ_LV_HD_STEAM
[src/runtime/RuntimeContext.cpp:1378][APP - INFO] SMG requested system level sound SE_OJ_LV_HD_STEAM
[src/runtime/RuntimeContext.cpp:1378][APP - INFO] SMG requested system level sound SE_OJ_LV_HD_STEAM
[src/runtime/RuntimeContext.cpp:1378][APP - INFO] SMG requested system level sound SE_OJ_LV_HD_STEAM
[src/runtime/RuntimeContext.cpp:1378][APP - INFO] SMG requested system level sound SE_OJ_LV_HD_STEAM
[src/runtime/RuntimeContext.cpp:1378][APP - INFO] SMG requested system level sound SE_OJ_LV_HD_STEAM
[src/runtime/RuntimeContext.cpp:1378][APP - INFO] SMG requested system level sound SE_OJ_LV_HD_STEAM
[src/runtime/RuntimeContext.cpp:1378][APP - INFO] SMG requested system level sound SE_OJ_LV_HD_STEAM
[src/runtime/RuntimeContext.cpp:1378][APP - INFO] SMG requested system level sound SE_OJ_LV_HD_STEAM
[src/runtime/RuntimeContext.cpp:1378][APP - INFO] SMG requested system level sound SE_OJ_LV_HD_STEAM
[src/runtime/RuntimeContext.cpp:1378][APP - INFO] SMG requested system level sound SE_OJ_LV_HD_STEAM
[src/runtime/RuntimeContext.cpp:1378][APP - INFO] SMG requested system level sound SE_OJ_LV_HD_STEAM
[src/runtime/RuntimeContext.cpp:1378][APP - INFO] SMG requested system level sound SE_OJ_LV_HD_STEAM
[src/runtime/RuntimeContext.cpp:1378][APP - INFO] SMG requested system level sound SE_OJ_LV_HD_STEAM
[src/runtime/RuntimeContext.cpp:1378][APP - INFO] SMG requested system level sound SE_OJ_LV_HD_STEAM
[src/runtime/RuntimeContext.cpp:1378][APP - INFO] SMG requested system level sound SE_OJ_LV_HD_STEAM
[src/runtime/RuntimeContext.cpp:1378][APP - INFO] SMG requested system level sound SE_OJ_LV_HD_STEAM
[src/runtime/RuntimeContext.cpp:1378][APP - INFO] SMG requested system level sound SE_OJ_LV_HD_STEAM
[src/runtime/RuntimeContext.cpp:1378][APP - INFO] SMG requested system level sound SE_OJ_LV_HD_STEAM
[src/runtime/RuntimeContext.cpp:1378][APP - INFO] SMG requested system level sound SE_OJ_LV_HD_STEAM
[src/runtime/RuntimeContext.cpp:1378][APP - INFO] SMG requested system level sound SE_OJ_LV_HD_STEAM
[src/runtime/RuntimeContext.cpp:1378][APP - INFO] SMG requested system level sound SE_OJ_LV_HD_STEAM
[src/runtime/RuntimeContext.cpp:1378][APP - INFO] SMG requested system level sound SE_OJ_LV_HD_STEAM
[src/runtime/RuntimeContext.cpp:1378][APP - INFO] SMG requested system level sound SE_OJ_LV_HD_STEAM
[src/runtime/RuntimeContext.cpp:1378][APP - INFO] SMG requested system level sound SE_OJ_LV_HD_STEAM
[src/runtime/RuntimeContext.cpp:1378][APP - INFO] SMG requested system level sound SE_OJ_LV_HD_STEAM
[src/runtime/RuntimeContext.cpp:1378][APP - INFO] SMG requested system level sound SE_OJ_LV_HD_STEAM
[src/runtime/RuntimeContext.cpp:1378][APP - INFO] SMG requested system level sound SE_OJ_LV_HD_STEAM
[src/runtime/RuntimeContext.cpp:1378][APP - INFO] SMG requested system level sound SE_OJ_LV_HD_STEAM
[src/runtime/RuntimeContext.cpp:1378][APP - INFO] SMG requested system level sound SE_OJ_LV_HD_STEAM
[src/runtime/RuntimeContext.cpp:1378][APP - INFO] SMG requested system level sound SE_OJ_LV_HD_STEAM
[src/runtime/RuntimeContext.cpp:1378][APP - INFO] SMG requested system level sound SE_OJ_LV_HD_STEAM
[src/runtime/RuntimeContext.cpp:1378][APP - INFO] SMG requested system level sound SE_OJ_LV_HD_STEAM
[src/runtime/RuntimeContext.cpp:1378][APP - INFO] SMG requested system level sound SE_OJ_LV_HD_STEAM
[src/runtime/RuntimeContext.cpp:1378][APP - INFO] SMG requested system level sound SE_OJ_LV_HD_STEAM
[src/runtime/RuntimeContext.cpp:1378][APP - INFO] SMG requested system level sound SE_OJ_LV_HD_STEAM
[src/runtime/RuntimeContext.cpp:1378][APP - INFO] SMG requested system level sound SE_OJ_LV_HD_STEAM
[src/runtime/RuntimeContext.cpp:1378][APP - INFO] SMG requested system level sound SE_OJ_LV_HD_STEAM
[src/runtime/RuntimeContext.cpp:1378][APP - INFO] SMG requested system level sound SE_OJ_LV_HD_STEAM
[src/runtime/RuntimeContext.cpp:1378][APP - INFO] SMG requested system level sound SE_OJ_LV_HD_STEAM
[src/runtime/RuntimeContext.cpp:1378][APP - INFO] SMG requested system level sound SE_OJ_LV_HD_STEAM
[src/runtime/RuntimeContext.cpp:1378][APP - INFO] SMG requested system level sound SE_OJ_LV_HD_STEAM
[src/runtime/RuntimeContext.cpp:1378][APP - INFO] SMG requested system level sound SE_OJ_LV_HD_STEAM
[src/runtime/RuntimeContext.cpp:1378][APP - INFO] SMG requested system level sound SE_OJ_LV_HD_STEAM
[src/runtime/RuntimeContext.cpp:1378][APP - INFO] SMG requested system level sound SE_OJ_LV_HD_STEAM
[src/runtime/RuntimeContext.cpp:1378][APP - INFO] SMG requested system level sound SE_OJ_LV_HD_STEAM
[src/runtime/RuntimeContext.cpp:1378][APP - INFO] SMG requested system level sound SE_OJ_LV_HD_STEAM
[src/runtime/RuntimeContext.cpp:1378][APP - INFO] SMG requested system level sound SE_OJ_LV_HD_STEAM
[src/runtime/RuntimeContext.cpp:1378][APP - INFO] SMG requested system level sound SE_OJ_LV_HD_STEAM
[src/runtime/RuntimeContext.cpp:1378][APP - INFO] SMG requested system level sound SE_OJ_LV_HD_STEAM
[src/runtime/RuntimeContext.cpp:1378][APP - INFO] SMG requested system level sound SE_OJ_LV_HD_STEAM
[src/runtime/RuntimeContext.cpp:1378][APP - INFO] SMG requested system level sound SE_OJ_LV_HD_STEAM
[src/runtime/RuntimeContext.cpp:1378][APP - INFO] SMG requested system level sound SE_OJ_LV_HD_STEAM
[src/runtime/RuntimeContext.cpp:1378][APP - INFO] SMG requested system level sound SE_OJ_LV_HD_STEAM
[src/runtime/RuntimeContext.cpp:1378][APP - INFO] SMG requested system level sound SE_OJ_LV_HD_STEAM
[src/runtime/RuntimeContext.cpp:1378][APP - INFO] SMG requested system level sound SE_OJ_LV_HD_STEAM
[src/runtime/RuntimeContext.cpp:1378][APP - INFO] SMG requested system level sound SE_OJ_LV_HD_STEAM
[src/runtime/RuntimeContext.cpp:1378][APP - INFO] SMG requested system level sound SE_OJ_LV_HD_STEAM
[src/runtime/RuntimeContext.cpp:1378][APP - INFO] SMG requested system level sound SE_OJ_LV_HD_STEAM
[src/runtime/RuntimeContext.cpp:1378][APP - INFO] SMG requested system level sound SE_OJ_LV_HD_STEAM
[src/runtime/RuntimeContext.cpp:1378][APP - INFO] SMG requested system level sound SE_OJ_LV_HD_STEAM
[src/runtime/RuntimeContext.cpp:1378][APP - INFO] SMG requested system level sound SE_OJ_LV_HD_STEAM
[src/runtime/RuntimeContext.cpp:1378][APP - INFO] SMG requested system level sound SE_OJ_LV_HD_STEAM
[src/runtime/RuntimeContext.cpp:1378][APP - INFO] SMG requested system level sound SE_OJ_LV_HD_STEAM
[src/runtime/RuntimeContext.cpp:1378][APP - INFO] SMG requested system level sound SE_OJ_LV_HD_STEAM
[src/runtime/RuntimeContext.cpp:1378][APP - INFO] SMG requested system level sound SE_OJ_LV_HD_STEAM
[src/runtime/RuntimeContext.cpp:1378][APP - INFO] SMG requested system level sound SE_OJ_LV_HD_STEAM
[src/runtime/RuntimeContext.cpp:1378][APP - INFO] SMG requested system level sound SE_OJ_LV_HD_STEAM
[src/runtime/RuntimeContext.cpp:1378][APP - INFO] SMG requested system level sound SE_OJ_LV_HD_STEAM
[src/runtime/RuntimeContext.cpp:1378][APP - INFO] SMG requested system level sound SE_OJ_LV_HD_STEAM
[src/runtime/RuntimeContext.cpp:1378][APP - INFO] SMG requested system level sound SE_OJ_LV_HD_STEAM
[src/runtime/RuntimeContext.cpp:1378][APP - INFO] SMG requested system level sound SE_OJ_LV_HD_STEAM
[src/runtime/RuntimeContext.cpp:1378][APP - INFO] SMG requested system level sound SE_OJ_LV_HD_STEAM
[src/runtime/RuntimeContext.cpp:1378][APP - INFO] SMG requested system level sound SE_OJ_LV_HD_STEAM
[src/runtime/RuntimeContext.cpp:1378][APP - INFO] SMG requested system level sound SE_OJ_LV_HD_STEAM
[src/runtime/RuntimeContext.cpp:1378][APP - INFO] SMG requested system level sound SE_OJ_LV_HD_STEAM
[src/runtime/RuntimeContext.cpp:1378][APP - INFO] SMG requested system level sound SE_OJ_LV_HD_STEAM
[src/runtime/RuntimeContext.cpp:1378][APP - INFO] SMG requested system level sound SE_OJ_LV_HD_STEAM
[src/runtime/RuntimeContext.cpp:1378][APP - INFO] SMG requested system level sound SE_OJ_LV_HD_STEAM
[src/runtime/RuntimeContext.cpp:1378][APP - INFO] SMG requested system level sound SE_OJ_LV_HD_STEAM
[src/runtime/RuntimeContext.cpp:1378][APP - INFO] SMG requested system level sound SE_OJ_LV_HD_STEAM
[src/runtime/RuntimeContext.cpp:1378][APP - INFO] SMG requested system level sound SE_OJ_LV_HD_STEAM
[src/runtime/RuntimeContext.cpp:1378][APP - INFO] SMG requested system level sound SE_OJ_LV_HD_STEAM
[src/runtime/RuntimeContext.cpp:1378][APP - INFO] SMG requested system level sound SE_OJ_LV_HD_STEAM
[src/runtime/RuntimeContext.cpp:1378][APP - INFO] SMG requested system level sound SE_OJ_LV_HD_STEAM
[src/runtime/RuntimeContext.cpp:1378][APP - INFO] SMG requested system level sound SE_OJ_LV_HD_STEAM
[src/runtime/RuntimeContext.cpp:1378][APP - INFO] SMG requested system level sound SE_OJ_LV_HD_STEAM
[src/runtime/RuntimeContext.cpp:1378][APP - INFO] SMG requested system level sound SE_OJ_LV_HD_STEAM
[src/runtime/RuntimeContext.cpp:1378][APP - INFO] SMG requested system level sound SE_OJ_LV_HD_STEAM
[src/runtime/RuntimeContext.cpp:1378][APP - INFO] SMG requested system level sound SE_OJ_LV_HD_STEAM
[src/runtime/RuntimeContext.cpp:1378][APP - INFO] SMG requested system level sound SE_OJ_LV_HD_STEAM
[src/runtime/RuntimeContext.cpp:1378][APP - INFO] SMG requested system level sound SE_OJ_LV_HD_STEAM
[src/runtime/RuntimeContext.cpp:1378][APP - INFO] SMG requested system level sound SE_OJ_LV_HD_STEAM
[src/runtime/RuntimeContext.cpp:1378][APP - INFO] SMG requested system level sound SE_OJ_LV_HD_STEAM
[src/runtime/RuntimeContext.cpp:1378][APP - INFO] SMG requested system level sound SE_OJ_LV_HD_STEAM
[src/runtime/RuntimeContext.cpp:1378][APP - INFO] SMG requested system level sound SE_OJ_LV_HD_STEAM
[src/runtime/RuntimeContext.cpp:1378][APP - INFO] SMG requested system level sound SE_OJ_LV_HD_STEAM
[src/runtime/RuntimeContext.cpp:1378][APP - INFO] SMG requested system level sound SE_OJ_LV_HD_STEAM
[src/runtime/RuntimeContext.cpp:1378][APP - INFO] SMG requested system level sound SE_OJ_LV_HD_STEAM
[src/runtime/RuntimeContext.cpp:1378][APP - INFO] SMG requested system level sound SE_OJ_LV_HD_STEAM
[src/runtime/RuntimeContext.cpp:1378][APP - INFO] SMG requested system level sound SE_OJ_LV_HD_STEAM
[src/runtime/RuntimeContext.cpp:1378][APP - INFO] SMG requested system level sound SE_OJ_LV_HD_STEAM
[src/runtime/RuntimeContext.cpp:1378][APP - INFO] SMG requested system level sound SE_OJ_LV_HD_STEAM
[src/runtime/RuntimeContext.cpp:1378][APP - INFO] SMG requested system level sound SE_OJ_LV_HD_STEAM
[src/runtime/RuntimeContext.cpp:1378][APP - INFO] SMG requested system level sound SE_OJ_LV_HD_STEAM
[src/runtime/RuntimeContext.cpp:1378][APP - INFO] SMG requested system level sound SE_OJ_LV_HD_STEAM
[src/runtime/RuntimeContext.cpp:1378][APP - INFO] SMG requested system level sound SE_OJ_LV_HD_STEAM
[src/runtime/RuntimeContext.cpp:1378][APP - INFO] SMG requested system level sound SE_OJ_LV_HD_STEAM
[src/runtime/RuntimeContext.cpp:1378][APP - INFO] SMG requested system level sound SE_OJ_LV_HD_STEAM
[src/runtime/RuntimeContext.cpp:1378][APP - INFO] SMG requested system level sound SE_OJ_LV_HD_STEAM
[src/runtime/RuntimeContext.cpp:1378][APP - INFO] SMG requested system level sound SE_OJ_LV_HD_STEAM
[src/runtime/RuntimeContext.cpp:1378][APP - INFO] SMG requested system level sound SE_OJ_LV_HD_STEAM
[src/runtime/RuntimeContext.cpp:1378][APP - INFO] SMG requested system level sound SE_OJ_LV_HD_STEAM
[src/runtime/RuntimeContext.cpp:1378][APP - INFO] SMG requested system level sound SE_OJ_LV_HD_STEAM
[src/runtime/RuntimeContext.cpp:1378][APP - INFO] SMG requested system level sound SE_OJ_LV_HD_STEAM
[src/runtime/RuntimeContext.cpp:1378][APP - INFO] SMG requested system level sound SE_OJ_LV_HD_STEAM
[src/runtime/RuntimeContext.cpp:1378][APP - INFO] SMG requested system level sound SE_OJ_LV_HD_STEAM
[src/runtime/RuntimeContext.cpp:1378][APP - INFO] SMG requested system level sound SE_OJ_LV_HD_STEAM
[src/runtime/RuntimeContext.cpp:1378][APP - INFO] SMG requested system level sound SE_OJ_LV_HD_STEAM
[src/runtime/RuntimeContext.cpp:1378][APP - INFO] SMG requested system level sound SE_OJ_LV_HD_STEAM
[src/runtime/RuntimeContext.cpp:1378][APP - INFO] SMG requested system level sound SE_OJ_LV_HD_STEAM
[src/runtime/RuntimeContext.cpp:1378][APP - INFO] SMG requested system level sound SE_OJ_LV_HD_STEAM
[src/runtime/RuntimeContext.cpp:1378][APP - INFO] SMG requested system level sound SE_OJ_LV_HD_STEAM
[src/runtime/RuntimeContext.cpp:1378][APP - INFO] SMG requested system level sound SE_OJ_LV_HD_STEAM
[src/runtime/RuntimeContext.cpp:1378][APP - INFO] SMG requested system level sound SE_OJ_LV_HD_STEAM
[src/runtime/RuntimeContext.cpp:1378][APP - INFO] SMG requested system level sound SE_OJ_LV_HD_STEAM
[src/runtime/RuntimeContext.cpp:1378][APP - INFO] SMG requested system level sound SE_OJ_LV_HD_STEAM
[src/runtime/RuntimeContext.cpp:1378][APP - INFO] SMG requested system level sound SE_OJ_LV_HD_STEAM
[src/runtime/RuntimeContext.cpp:1378][APP - INFO] SMG requested system level sound SE_OJ_LV_HD_STEAM
[src/runtime/RuntimeContext.cpp:1378][APP - INFO] SMG requested system level sound SE_OJ_LV_HD_STEAM
[src/runtime/RuntimeContext.cpp:1378][APP - INFO] SMG requested system level sound SE_OJ_LV_HD_STEAM
[src/runtime/RuntimeContext.cpp:1378][APP - INFO] SMG requested system level sound SE_OJ_LV_HD_STEAM
[src/runtime/RuntimeContext.cpp:1378][APP - INFO] SMG requested system level sound SE_OJ_LV_HD_STEAM
[src/runtime/RuntimeContext.cpp:1378][APP - INFO] SMG requested system level sound SE_OJ_LV_HD_STEAM
[src/runtime/RuntimeContext.cpp:1378][APP - INFO] SMG requested system level sound SE_OJ_LV_HD_STEAM
[src/runtime/RuntimeContext.cpp:1378][APP - INFO] SMG requested system level sound SE_OJ_LV_HD_STEAM
[src/runtime/RuntimeContext.cpp:1378][APP - INFO] SMG requested system level sound SE_OJ_LV_HD_STEAM
[src/runtime/RuntimeContext.cpp:1378][APP - INFO] SMG requested system level sound SE_OJ_LV_HD_STEAM
[src/runtime/RuntimeContext.cpp:1378][APP - INFO] SMG requested system level sound SE_OJ_LV_HD_STEAM
[src/runtime/RuntimeContext.cpp:1378][APP - INFO] SMG requested system level sound SE_OJ_LV_HD_STEAM
[src/runtime/RuntimeContext.cpp:1378][APP - INFO] SMG requested system level sound SE_OJ_LV_HD_STEAM
[src/runtime/RuntimeContext.cpp:1378][APP - INFO] SMG requested system level sound SE_OJ_LV_HD_STEAM
[src/runtime/RuntimeContext.cpp:1378][APP - INFO] SMG requested system level sound SE_OJ_LV_HD_STEAM
[src/runtime/RuntimeContext.cpp:1378][APP - INFO] SMG requested system level sound SE_OJ_LV_HD_STEAM
[src/runtime/RuntimeContext.cpp:1378][APP - INFO] SMG requested system level sound SE_OJ_LV_HD_STEAM
[src/runtime/RuntimeContext.cpp:1378][APP - INFO] SMG requested system level sound SE_OJ_LV_HD_STEAM
[src/runtime/RuntimeContext.cpp:1378][APP - INFO] SMG requested system level sound SE_OJ_LV_HD_STEAM
[src/runtime/RuntimeContext.cpp:1378][APP - INFO] SMG requested system level sound SE_OJ_LV_HD_STEAM
[src/runtime/RuntimeContext.cpp:1378][APP - INFO] SMG requested system level sound SE_OJ_LV_HD_STEAM
[src/runtime/RuntimeContext.cpp:1378][APP - INFO] SMG requested system level sound SE_OJ_LV_HD_STEAM
[src/runtime/RuntimeContext.cpp:1378][APP - INFO] SMG requested system level sound SE_OJ_LV_HD_STEAM
[src/runtime/RuntimeContext.cpp:1378][APP - INFO] SMG requested system level sound SE_OJ_LV_HD_STEAM
[src/runtime/RuntimeContext.cpp:1378][APP - INFO] SMG requested system level sound SE_OJ_LV_HD_STEAM
[src/runtime/RuntimeContext.cpp:1378][APP - INFO] SMG requested system level sound SE_OJ_LV_HD_STEAM
[src/runtime/RuntimeContext.cpp:1378][APP - INFO] SMG requested system level sound SE_OJ_LV_HD_STEAM
[src/runtime/RuntimeContext.cpp:1378][APP - INFO] SMG requested system level sound SE_OJ_LV_HD_STEAM
[src/runtime/RuntimeContext.cpp:1378][APP - INFO] SMG requested system level sound SE_OJ_LV_HD_STEAM
[src/runtime/RuntimeContext.cpp:1378][APP - INFO] SMG requested system level sound SE_OJ_LV_HD_STEAM
[src/runtime/RuntimeContext.cpp:1378][APP - INFO] SMG requested system level sound SE_OJ_LV_HD_STEAM
[src/runtime/RuntimeContext.cpp:1378][APP - INFO] SMG requested system level sound SE_OJ_LV_HD_STEAM
[src/runtime/RuntimeContext.cpp:1378][APP - INFO] SMG requested system level sound SE_OJ_LV_HD_STEAM
[src/runtime/RuntimeContext.cpp:1378][APP - INFO] SMG requested system level sound SE_OJ_LV_HD_STEAM
[src/runtime/RuntimeContext.cpp:1378][APP - INFO] SMG requested system level sound SE_OJ_LV_HD_STEAM
[src/runtime/RuntimeContext.cpp:1378][APP - INFO] SMG requested system level sound SE_OJ_LV_HD_STEAM
[src/runtime/RuntimeContext.cpp:1378][APP - INFO] SMG requested system level sound SE_OJ_LV_HD_STEAM
[src/runtime/RuntimeContext.cpp:1378][APP - INFO] SMG requested system level sound SE_OJ_LV_HD_STEAM
[src/runtime/RuntimeContext.cpp:1378][APP - INFO] SMG requested system level sound SE_OJ_LV_HD_STEAM
[src/runtime/RuntimeContext.cpp:1378][APP - INFO] SMG requested system level sound SE_OJ_LV_HD_STEAM
[src/runtime/RuntimeContext.cpp:1378][APP - INFO] SMG requested system level sound SE_OJ_LV_HD_STEAM
[src/runtime/RuntimeContext.cpp:1378][APP - INFO] SMG requested system level sound SE_OJ_LV_HD_STEAM
[src/runtime/RuntimeContext.cpp:1378][APP - INFO] SMG requested system level sound SE_OJ_LV_HD_STEAM
[src/runtime/RuntimeContext.cpp:1378][APP - INFO] SMG requested system level sound SE_OJ_LV_HD_STEAM
[src/runtime/RuntimeContext.cpp:1378][APP - INFO] SMG requested system level sound SE_OJ_LV_HD_STEAM
[src/runtime/RuntimeContext.cpp:1378][APP - INFO] SMG requested system level sound SE_OJ_LV_HD_STEAM
[src/runtime/RuntimeContext.cpp:1378][APP - INFO] SMG requested system level sound SE_OJ_LV_HD_STEAM
[src/runtime/RuntimeContext.cpp:1378][APP - INFO] SMG requested system level sound SE_OJ_LV_HD_STEAM
[src/runtime/RuntimeContext.cpp:1378][APP - INFO] SMG requested system level sound SE_OJ_LV_HD_STEAM
[src/runtime/RuntimeContext.cpp:1378][APP - INFO] SMG requested system level sound SE_OJ_LV_HD_STEAM
[src/runtime/RuntimeContext.cpp:1378][APP - INFO] SMG requested system level sound SE_OJ_LV_HD_STEAM
[src/runtime/RuntimeContext.cpp:1378][APP - INFO] SMG requested system level sound SE_OJ_LV_HD_STEAM
[src/runtime/RuntimeContext.cpp:1378][APP - INFO] SMG requested system level sound SE_OJ_LV_HD_STEAM
[src/runtime/RuntimeContext.cpp:1378][APP - INFO] SMG requested system level sound SE_OJ_LV_HD_STEAM
[src/runtime/RuntimeContext.cpp:1378][APP - INFO] SMG requested system level sound SE_OJ_LV_HD_STEAM
[src/runtime/RuntimeContext.cpp:1378][APP - INFO] SMG requested system level sound SE_OJ_LV_HD_STEAM
[src/runtime/RuntimeContext.cpp:1378][APP - INFO] SMG requested system level sound SE_OJ_LV_HD_STEAM
[src/runtime/RuntimeContext.cpp:1378][APP - INFO] SMG requested system level sound SE_OJ_LV_HD_STEAM
[src/runtime/RuntimeContext.cpp:1378][APP - INFO] SMG requested system level sound SE_OJ_LV_HD_STEAM
[src/runtime/RuntimeContext.cpp:1378][APP - INFO] SMG requested system level sound SE_OJ_LV_HD_STEAM
[src/runtime/RuntimeContext.cpp:1378][APP - INFO] SMG requested system level sound SE_OJ_LV_HD_STEAM
[src/runtime/RuntimeContext.cpp:1378][APP - INFO] SMG requested system level sound SE_OJ_LV_HD_STEAM
[src/runtime/RuntimeContext.cpp:1378][APP - INFO] SMG requested system level sound SE_OJ_LV_HD_STEAM
[src/runtime/RuntimeContext.cpp:1378][APP - INFO] SMG requested system level sound SE_OJ_LV_HD_STEAM
[src/runtime/RuntimeContext.cpp:1378][APP - INFO] SMG requested system level sound SE_OJ_LV_HD_STEAM
[src/runtime/RuntimeContext.cpp:1378][APP - INFO] SMG requested system level sound SE_OJ_LV_HD_STEAM
[src/runtime/RuntimeContext.cpp:1378][APP - INFO] SMG requested system level sound SE_OJ_LV_HD_STEAM
[src/runtime/RuntimeContext.cpp:1378][APP - INFO] SMG requested system level sound SE_OJ_LV_HD_STEAM
[src/runtime/RuntimeContext.cpp:1378][APP - INFO] SMG requested system level sound SE_OJ_LV_HD_STEAM
[src/runtime/RuntimeContext.cpp:1378][APP - INFO] SMG requested system level sound SE_OJ_LV_HD_STEAM
[src/runtime/RuntimeContext.cpp:1378][APP - INFO] SMG requested system level sound SE_OJ_LV_HD_STEAM
[src/runtime/RuntimeContext.cpp:1378][APP - INFO] SMG requested system level sound SE_OJ_LV_HD_STEAM
[src/runtime/RuntimeContext.cpp:1378][APP - INFO] SMG requested system level sound SE_OJ_LV_HD_STEAM
[src/runtime/RuntimeContext.cpp:1378][APP - INFO] SMG requested system level sound SE_OJ_LV_HD_STEAM
[src/runtime/RuntimeContext.cpp:1378][APP - INFO] SMG requested system level sound SE_OJ_LV_HD_STEAM
[src/runtime/RuntimeContext.cpp:1378][APP - INFO] SMG requested system level sound SE_OJ_LV_HD_STEAM
[src/runtime/RuntimeContext.cpp:1378][APP - INFO] SMG requested system level sound SE_OJ_LV_HD_STEAM
[src/runtime/RuntimeContext.cpp:1378][APP - INFO] SMG requested system level sound SE_OJ_LV_HD_STEAM
[src/runtime/RuntimeContext.cpp:1378][APP - INFO] SMG requested system level sound SE_OJ_LV_HD_STEAM
[src/runtime/RuntimeContext.cpp:1378][APP - INFO] SMG requested system level sound SE_OJ_LV_HD_STEAM
[src/runtime/RuntimeContext.cpp:1378][APP - INFO] SMG requested system level sound SE_OJ_LV_HD_STEAM
[src/runtime/RuntimeContext.cpp:1378][APP - INFO] SMG requested system level sound SE_OJ_LV_HD_STEAM
[src/runtime/RuntimeContext.cpp:1378][APP - INFO] SMG requested system level sound SE_OJ_LV_HD_STEAM
[src/runtime/RuntimeContext.cpp:1378][APP - INFO] SMG requested system level sound SE_OJ_LV_HD_STEAM
[src/runtime/RuntimeContext.cpp:1378][APP - INFO] SMG requested system level sound SE_OJ_LV_HD_STEAM
[src/runtime/RuntimeContext.cpp:1378][APP - INFO] SMG requested system level sound SE_OJ_LV_HD_STEAM
[src/runtime/RuntimeContext.cpp:1378][APP - INFO] SMG requested system level sound SE_OJ_LV_HD_STEAM
[src/runtime/RuntimeContext.cpp:1378][APP - INFO] SMG requested system level sound SE_OJ_LV_HD_STEAM
[src/runtime/RuntimeContext.cpp:1378][APP - INFO] SMG requested system level sound SE_OJ_LV_HD_STEAM
[src/runtime/RuntimeContext.cpp:1378][APP - INFO] SMG requested system level sound SE_OJ_LV_HD_STEAM
[src/runtime/RuntimeContext.cpp:1378][APP - INFO] SMG requested system level sound SE_OJ_LV_HD_STEAM
[src/runtime/RuntimeContext.cpp:1378][APP - INFO] SMG requested system level sound SE_OJ_LV_HD_STEAM
[src/runtime/RuntimeContext.cpp:1378][APP - INFO] SMG requested system level sound SE_OJ_LV_HD_STEAM
[src/runtime/RuntimeContext.cpp:1378][APP - INFO] SMG requested system level sound SE_OJ_LV_HD_STEAM
[src/runtime/RuntimeContext.cpp:1378][APP - INFO] SMG requested system level sound SE_OJ_LV_HD_STEAM
[src/runtime/RuntimeContext.cpp:1378][APP - INFO] SMG requested system level sound SE_OJ_LV_HD_STEAM
[src/runtime/RuntimeContext.cpp:1378][APP - INFO] SMG requested system level sound SE_OJ_LV_HD_STEAM
[src/runtime/RuntimeContext.cpp:1378][APP - INFO] SMG requested system level sound SE_OJ_LV_HD_STEAM
[src/runtime/RuntimeContext.cpp:1378][APP - INFO] SMG requested system level sound SE_OJ_LV_HD_STEAM
[src/runtime/RuntimeContext.cpp:1378][APP - INFO] SMG requested system level sound SE_OJ_LV_HD_STEAM
[src/runtime/RuntimeContext.cpp:1378][APP - INFO] SMG requested system level sound SE_OJ_LV_HD_STEAM
[src/runtime/RuntimeContext.cpp:1378][APP - INFO] SMG requested system level sound SE_OJ_LV_HD_STEAM
[src/runtime/RuntimeContext.cpp:1378][APP - INFO] SMG requested system level sound SE_OJ_LV_HD_STEAM
[src/runtime/RuntimeContext.cpp:1378][APP - INFO] SMG requested system level sound SE_OJ_LV_HD_STEAM
[src/runtime/RuntimeContext.cpp:1378][APP - INFO] SMG requested system level sound SE_OJ_LV_HD_STEAM
[src/runtime/RuntimeContext.cpp:1378][APP - INFO] SMG requested system level sound SE_OJ_LV_HD_STEAM
[src/runtime/RuntimeContext.cpp:1378][APP - INFO] SMG requested system level sound SE_OJ_LV_HD_STEAM
[src/runtime/RuntimeContext.cpp:1378][APP - INFO] SMG requested system level sound SE_OJ_LV_HD_STEAM
[src/runtime/RuntimeContext.cpp:1378][APP - INFO] SMG requested system level sound SE_OJ_LV_HD_STEAM
[src/runtime/RuntimeContext.cpp:1378][APP - INFO] SMG requested system level sound SE_OJ_LV_HD_STEAM
[src/runtime/RuntimeContext.cpp:1378][APP - INFO] SMG requested system level sound SE_OJ_LV_HD_STEAM
[src/runtime/RuntimeContext.cpp:1378][APP - INFO] SMG requested system level sound SE_OJ_LV_HD_STEAM
[src/runtime/RuntimeContext.cpp:1378][APP - INFO] SMG requested system level sound SE_OJ_LV_HD_STEAM
[src/runtime/RuntimeContext.cpp:1378][APP - INFO] SMG requested system level sound SE_OJ_LV_HD_STEAM
[src/runtime/RuntimeContext.cpp:1378][APP - INFO] SMG requested system level sound SE_OJ_LV_HD_STEAM
[src/runtime/RuntimeContext.cpp:1378][APP - INFO] SMG requested system level sound SE_OJ_LV_HD_STEAM
[src/runtime/RuntimeContext.cpp:1378][APP - INFO] SMG requested system level sound SE_OJ_LV_HD_STEAM
[src/runtime/RuntimeContext.cpp:1378][APP - INFO] SMG requested system level sound SE_OJ_LV_HD_STEAM
[src/runtime/RuntimeContext.cpp:1378][APP - INFO] SMG requested system level sound SE_OJ_LV_HD_STEAM
[src/runtime/RuntimeContext.cpp:1378][APP - INFO] SMG requested system level sound SE_OJ_LV_HD_STEAM
[src/runtime/RuntimeContext.cpp:1378][APP - INFO] SMG requested system level sound SE_OJ_LV_HD_STEAM
[src/runtime/RuntimeContext.cpp:1378][APP - INFO] SMG requested system level sound SE_OJ_LV_HD_STEAM
[src/runtime/RuntimeContext.cpp:1378][APP - INFO] SMG requested system level sound SE_OJ_LV_HD_STEAM
[src/runtime/RuntimeContext.cpp:1378][APP - INFO] SMG requested system level sound SE_OJ_LV_HD_STEAM
[src/runtime/RuntimeContext.cpp:1378][APP - INFO] SMG requested system level sound SE_OJ_LV_HD_STEAM
[src/runtime/RuntimeContext.cpp:1378][APP - INFO] SMG requested system level sound SE_OJ_LV_HD_STEAM
[src/runtime/RuntimeContext.cpp:1378][APP - INFO] SMG requested system level sound SE_OJ_LV_HD_STEAM
[src/runtime/RuntimeContext.cpp:1378][APP - INFO] SMG requested system level sound SE_OJ_LV_HD_STEAM
[src/runtime/RuntimeContext.cpp:1378][APP - INFO] SMG requested system level sound SE_OJ_LV_HD_STEAM
[src/runtime/RuntimeContext.cpp:1378][APP - INFO] SMG requested system level sound SE_OJ_LV_HD_STEAM
[src/runtime/RuntimeContext.cpp:1378][APP - INFO] SMG requested system level sound SE_OJ_LV_HD_STEAM
[src/runtime/RuntimeContext.cpp:1378][APP - INFO] SMG requested system level sound SE_OJ_LV_HD_STEAM
[src/runtime/RuntimeContext.cpp:1378][APP - INFO] SMG requested system level sound SE_OJ_LV_HD_STEAM
[src/runtime/RuntimeContext.cpp:1378][APP - INFO] SMG requested system level sound SE_OJ_LV_HD_STEAM
[src/runtime/RuntimeContext.cpp:1378][APP - INFO] SMG requested system level sound SE_OJ_LV_HD_STEAM
[src/runtime/RuntimeContext.cpp:1378][APP - INFO] SMG requested system level sound SE_OJ_LV_HD_STEAM
[src/runtime/RuntimeContext.cpp:1378][APP - INFO] SMG requested system level sound SE_OJ_LV_HD_STEAM
[src/runtime/RuntimeContext.cpp:1378][APP - INFO] SMG requested system level sound SE_OJ_LV_HD_STEAM
[src/runtime/RuntimeContext.cpp:1378][APP - INFO] SMG requested system level sound SE_OJ_LV_HD_STEAM
[src/runtime/RuntimeContext.cpp:1378][APP - INFO] SMG requested system level sound SE_OJ_LV_HD_STEAM
[src/runtime/RuntimeContext.cpp:1378][APP - INFO] SMG requested system level sound SE_OJ_LV_HD_STEAM
[src/runtime/RuntimeContext.cpp:1378][APP - INFO] SMG requested system level sound SE_OJ_LV_HD_STEAM
[src/runtime/RuntimeContext.cpp:1378][APP - INFO] SMG requested system level sound SE_OJ_LV_HD_STEAM
[src/runtime/RuntimeContext.cpp:1378][APP - INFO] SMG requested system level sound SE_OJ_LV_HD_STEAM
[src/runtime/RuntimeContext.cpp:1378][APP - INFO] SMG requested system level sound SE_OJ_LV_HD_STEAM
[src/runtime/RuntimeContext.cpp:1378][APP - INFO] SMG requested system level sound SE_OJ_LV_HD_STEAM
[src/runtime/RuntimeContext.cpp:1378][APP - INFO] SMG requested system level sound SE_OJ_LV_HD_STEAM
[src/runtime/RuntimeContext.cpp:1378][APP - INFO] SMG requested system level sound SE_OJ_LV_HD_STEAM
[src/runtime/RuntimeContext.cpp:1378][APP - INFO] SMG requested system level sound SE_OJ_LV_HD_STEAM
[src/runtime/RuntimeContext.cpp:1378][APP - INFO] SMG requested system level sound SE_OJ_LV_HD_STEAM
[src/runtime/RuntimeContext.cpp:1378][APP - INFO] SMG requested system level sound SE_OJ_LV_HD_STEAM
[src/runtime/RuntimeContext.cpp:1378][APP - INFO] SMG requested system level sound SE_OJ_LV_HD_STEAM
[src/runtime/RuntimeContext.cpp:1378][APP - INFO] SMG requested system level sound SE_OJ_LV_HD_STEAM
[src/runtime/RuntimeContext.cpp:1378][APP - INFO] SMG requested system level sound SE_OJ_LV_HD_STEAM
[src/runtime/RuntimeContext.cpp:1378][APP - INFO] SMG requested system level sound SE_OJ_LV_HD_STEAM
[src/runtime/RuntimeContext.cpp:1378][APP - INFO] SMG requested system level sound SE_OJ_LV_HD_STEAM
[src/runtime/RuntimeContext.cpp:1378][APP - INFO] SMG requested system level sound SE_OJ_LV_HD_STEAM
[src/runtime/RuntimeContext.cpp:1378][APP - INFO] SMG requested system level sound SE_OJ_LV_HD_STEAM
[src/runtime/RuntimeContext.cpp:1378][APP - INFO] SMG requested system level sound SE_OJ_LV_HD_STEAM
[src/runtime/RuntimeContext.cpp:1378][APP - INFO] SMG requested system level sound SE_OJ_LV_HD_STEAM
[src/runtime/RuntimeContext.cpp:1378][APP - INFO] SMG requested system level sound SE_OJ_LV_HD_STEAM
[src/runtime/RuntimeContext.cpp:1378][APP - INFO] SMG requested system level sound SE_OJ_LV_HD_STEAM
[src/runtime/RuntimeContext.cpp:1378][APP - INFO] SMG requested system level sound SE_OJ_LV_HD_STEAM
[src/runtime/RuntimeContext.cpp:1378][APP - INFO] SMG requested system level sound SE_OJ_LV_HD_STEAM
[src/runtime/RuntimeContext.cpp:1378][APP - INFO] SMG requested system level sound SE_OJ_LV_HD_STEAM
[src/runtime/RuntimeContext.cpp:1378][APP - INFO] SMG requested system level sound SE_OJ_LV_HD_STEAM
[src/runtime/RuntimeContext.cpp:1378][APP - INFO] SMG requested system level sound SE_OJ_LV_HD_STEAM
[src/runtime/RuntimeContext.cpp:1378][APP - INFO] SMG requested system level sound SE_OJ_LV_HD_STEAM
[src/runtime/RuntimeContext.cpp:1378][APP - INFO] SMG requested system level sound SE_OJ_LV_HD_STEAM
[src/runtime/RuntimeContext.cpp:1378][APP - INFO] SMG requested system level sound SE_OJ_LV_HD_STEAM
[src/runtime/RuntimeContext.cpp:1378][APP - INFO] SMG requested system level sound SE_OJ_LV_HD_STEAM
[src/runtime/RuntimeContext.cpp:1378][APP - INFO] SMG requested system level sound SE_OJ_LV_HD_STEAM
[src/runtime/RuntimeContext.cpp:1378][APP - INFO] SMG requested system level sound SE_OJ_LV_HD_STEAM
[src/runtime/RuntimeContext.cpp:1378][APP - INFO] SMG requested system level sound SE_OJ_LV_HD_STEAM
[src/runtime/RuntimeContext.cpp:1378][APP - INFO] SMG requested system level sound SE_OJ_LV_HD_STEAM
[src/runtime/RuntimeContext.cpp:1378][APP - INFO] SMG requested system level sound SE_OJ_LV_HD_STEAM
[src/runtime/RuntimeContext.cpp:1378][APP - INFO] SMG requested system level sound SE_OJ_LV_HD_STEAM
[src/runtime/RuntimeContext.cpp:1378][APP - INFO] SMG requested system level sound SE_OJ_LV_HD_STEAM
[src/runtime/RuntimeContext.cpp:1378][APP - INFO] SMG requested system level sound SE_OJ_LV_HD_STEAM
[src/runtime/RuntimeContext.cpp:1378][APP - INFO] SMG requested system level sound SE_OJ_LV_HD_STEAM
[src/runtime/RuntimeContext.cpp:1378][APP - INFO] SMG requested system level sound SE_OJ_LV_HD_STEAM
[src/runtime/RuntimeContext.cpp:1378][APP - INFO] SMG requested system level sound SE_OJ_LV_HD_STEAM
[src/runtime/RuntimeContext.cpp:1378][APP - INFO] SMG requested system level sound SE_OJ_LV_HD_STEAM
[src/runtime/RuntimeContext.cpp:1378][APP - INFO] SMG requested system level sound SE_OJ_LV_HD_STEAM
[src/runtime/RuntimeContext.cpp:1378][APP - INFO] SMG requested system level sound SE_OJ_LV_HD_STEAM
[src/runtime/RuntimeContext.cpp:1378][APP - INFO] SMG requested system level sound SE_OJ_LV_HD_STEAM
[src/runtime/RuntimeContext.cpp:1378][APP - INFO] SMG requested system level sound SE_OJ_LV_HD_STEAM
[src/runtime/RuntimeContext.cpp:1378][APP - INFO] SMG requested system level sound SE_OJ_LV_HD_STEAM
[src/runtime/RuntimeContext.cpp:1378][APP - INFO] SMG requested system level sound SE_OJ_LV_HD_STEAM
[src/runtime/RuntimeContext.cpp:1378][APP - INFO] SMG requested system level sound SE_OJ_LV_HD_STEAM
[src/runtime/RuntimeContext.cpp:1378][APP - INFO] SMG requested system level sound SE_OJ_LV_HD_STEAM
[src/runtime/RuntimeContext.cpp:1378][APP - INFO] SMG requested system level sound SE_OJ_LV_HD_STEAM
[src/runtime/RuntimeContext.cpp:1378][APP - INFO] SMG requested system level sound SE_OJ_LV_HD_STEAM
[src/runtime/RuntimeContext.cpp:1378][APP - INFO] SMG requested system level sound SE_OJ_LV_HD_STEAM
[src/runtime/RuntimeContext.cpp:1378][APP - INFO] SMG requested system level sound SE_OJ_LV_HD_STEAM
[src/runtime/RuntimeContext.cpp:1378][APP - INFO] SMG requested system level sound SE_OJ_LV_HD_STEAM
[src/runtime/RuntimeContext.cpp:1378][APP - INFO] SMG requested system level sound SE_OJ_LV_HD_STEAM
[src/runtime/RuntimeContext.cpp:1378][APP - INFO] SMG requested system level sound SE_OJ_LV_HD_STEAM
[src/runtime/RuntimeContext.cpp:1378][APP - INFO] SMG requested system level sound SE_OJ_LV_HD_STEAM
[src/runtime/RuntimeContext.cpp:1378][APP - INFO] SMG requested system level sound SE_OJ_LV_HD_STEAM
[src/runtime/RuntimeContext.cpp:1378][APP - INFO] SMG requested system level sound SE_OJ_LV_HD_STEAM
[src/runtime/RuntimeContext.cpp:1378][APP - INFO] SMG requested system level sound SE_OJ_LV_HD_STEAM
[src/runtime/RuntimeContext.cpp:1378][APP - INFO] SMG requested system level sound SE_OJ_LV_HD_STEAM
[src/runtime/RuntimeContext.cpp:1378][APP - INFO] SMG requested system level sound SE_OJ_LV_HD_STEAM
[src/runtime/RuntimeContext.cpp:1378][APP - INFO] SMG requested system level sound SE_OJ_LV_HD_STEAM
[src/runtime/RuntimeContext.cpp:1378][APP - INFO] SMG requested system level sound SE_OJ_LV_HD_STEAM
[src/runtime/RuntimeContext.cpp:1378][APP - INFO] SMG requested system level sound SE_OJ_LV_HD_STEAM
[src/runtime/RuntimeContext.cpp:1378][APP - INFO] SMG requested system level sound SE_OJ_LV_HD_STEAM
[src/runtime/RuntimeContext.cpp:1378][APP - INFO] SMG requested system level sound SE_OJ_LV_HD_STEAM
[src/runtime/RuntimeContext.cpp:1378][APP - INFO] SMG requested system level sound SE_OJ_LV_HD_STEAM
[src/runtime/RuntimeContext.cpp:1378][APP - INFO] SMG requested system level sound SE_OJ_LV_HD_STEAM
[src/runtime/RuntimeContext.cpp:1378][APP - INFO] SMG requested system level sound SE_OJ_LV_HD_STEAM
[src/runtime/RuntimeContext.cpp:1378][APP - INFO] SMG requested system level sound SE_OJ_LV_HD_STEAM
[src/runtime/RuntimeContext.cpp:1378][APP - INFO] SMG requested system level sound SE_OJ_LV_HD_STEAM
[src/runtime/RuntimeContext.cpp:1378][APP - INFO] SMG requested system level sound SE_OJ_LV_HD_STEAM
[src/runtime/RuntimeContext.cpp:1378][APP - INFO] SMG requested system level sound SE_OJ_LV_HD_STEAM
[src/runtime/RuntimeContext.cpp:1378][APP - INFO] SMG requested system level sound SE_OJ_LV_HD_STEAM
[src/runtime/RuntimeContext.cpp:1378][APP - INFO] SMG requested system level sound SE_OJ_LV_HD_STEAM
[src/runtime/RuntimeContext.cpp:1378][APP - INFO] SMG requested system level sound SE_OJ_LV_HD_STEAM
[src/runtime/RuntimeContext.cpp:1378][APP - INFO] SMG requested system level sound SE_OJ_LV_HD_STEAM
[src/runtime/RuntimeContext.cpp:1378][APP - INFO] SMG requested system level sound SE_OJ_LV_HD_STEAM
[src/runtime/RuntimeContext.cpp:1378][APP - INFO] SMG requested system level sound SE_OJ_LV_HD_STEAM
[src/runtime/RuntimeContext.cpp:1378][APP - INFO] SMG requested system level sound SE_OJ_LV_HD_STEAM
[src/runtime/RuntimeContext.cpp:1378][APP - INFO] SMG requested system level sound SE_OJ_LV_HD_STEAM
[src/runtime/RuntimeContext.cpp:1378][APP - INFO] SMG requested system level sound SE_OJ_LV_HD_STEAM
[src/runtime/RuntimeContext.cpp:1378][APP - INFO] SMG requested system level sound SE_OJ_LV_HD_STEAM
[src/runtime/RuntimeContext.cpp:1378][APP - INFO] SMG requested system level sound SE_OJ_LV_HD_STEAM
[src/runtime/RuntimeContext.cpp:1378][APP - INFO] SMG requested system level sound SE_OJ_LV_HD_STEAM
[src/runtime/RuntimeContext.cpp:1378][APP - INFO] SMG requested system level sound SE_OJ_LV_HD_STEAM
[src/runtime/RuntimeContext.cpp:1378][APP - INFO] SMG requested system level sound SE_OJ_LV_HD_STEAM
[src/runtime/RuntimeContext.cpp:1378][APP - INFO] SMG requested system level sound SE_OJ_LV_HD_STEAM
[src/runtime/RuntimeContext.cpp:1378][APP - INFO] SMG requested system level sound SE_OJ_LV_HD_STEAM
[src/runtime/RuntimeContext.cpp:1378][APP - INFO] SMG requested system level sound SE_OJ_LV_HD_STEAM
[src/runtime/RuntimeContext.cpp:1378][APP - INFO] SMG requested system level sound SE_OJ_LV_HD_STEAM
[src/runtime/RuntimeContext.cpp:1378][APP - INFO] SMG requested system level sound SE_OJ_LV_HD_STEAM
[src/runtime/RuntimeContext.cpp:1378][APP - INFO] SMG requested system level sound SE_OJ_LV_HD_STEAM
[src/runtime/RuntimeContext.cpp:1378][APP - INFO] SMG requested system level sound SE_OJ_LV_HD_STEAM
[src/runtime/RuntimeContext.cpp:1378][APP - INFO] SMG requested system level sound SE_OJ_LV_HD_STEAM
[src/runtime/RuntimeContext.cpp:1378][APP - INFO] SMG requested system level sound SE_OJ_LV_HD_STEAM
[src/runtime/RuntimeContext.cpp:1378][APP - INFO] SMG requested system level sound SE_OJ_LV_HD_STEAM
[src/runtime/RuntimeContext.cpp:1378][APP - INFO] SMG requested system level sound SE_OJ_LV_HD_STEAM
[src/runtime/RuntimeContext.cpp:1378][APP - INFO] SMG requested system level sound SE_OJ_LV_HD_STEAM
[src/runtime/RuntimeContext.cpp:1378][APP - INFO] SMG requested system level sound SE_OJ_LV_HD_STEAM
[src/runtime/RuntimeContext.cpp:1378][APP - INFO] SMG requested system level sound SE_OJ_LV_HD_STEAM
[src/runtime/RuntimeContext.cpp:1378][APP - INFO] SMG requested system level sound SE_OJ_LV_HD_STEAM
[src/runtime/RuntimeContext.cpp:1378][APP - INFO] SMG requested system level sound SE_OJ_LV_HD_STEAM
[src/runtime/RuntimeContext.cpp:1378][APP - INFO] SMG requested system level sound SE_OJ_LV_HD_STEAM
[src/runtime/RuntimeContext.cpp:1378][APP - INFO] SMG requested system level sound SE_OJ_LV_HD_STEAM
[src/runtime/RuntimeContext.cpp:1378][APP - INFO] SMG requested system level sound SE_OJ_LV_HD_STEAM
[src/runtime/RuntimeContext.cpp:1378][APP - INFO] SMG requested system level sound SE_OJ_LV_HD_STEAM
[src/runtime/RuntimeContext.cpp:1378][APP - INFO] SMG requested system level sound SE_OJ_LV_HD_STEAM
[src/runtime/RuntimeContext.cpp:1378][APP - INFO] SMG requested system level sound SE_OJ_LV_HD_STEAM
[src/runtime/RuntimeContext.cpp:1378][APP - INFO] SMG requested system level sound SE_OJ_LV_HD_STEAM
[src/runtime/RuntimeContext.cpp:1378][APP - INFO] SMG requested system level sound SE_OJ_LV_HD_STEAM
[src/runtime/RuntimeContext.cpp:1378][APP - INFO] SMG requested system level sound SE_OJ_LV_HD_STEAM
[src/runtime/RuntimeContext.cpp:1378][APP - INFO] SMG requested system level sound SE_OJ_LV_HD_STEAM
[src/runtime/RuntimeContext.cpp:1378][APP - INFO] SMG requested system level sound SE_OJ_LV_HD_STEAM
[src/runtime/RuntimeContext.cpp:1378][APP - INFO] SMG requested system level sound SE_OJ_LV_HD_STEAM
[src/runtime/RuntimeContext.cpp:1378][APP - INFO] SMG requested system level sound SE_OJ_LV_HD_STEAM
[src/runtime/RuntimeContext.cpp:1378][APP - INFO] SMG requested system level sound SE_OJ_LV_HD_STEAM
[src/runtime/RuntimeContext.cpp:1378][APP - INFO] SMG requested system level sound SE_OJ_LV_HD_STEAM
[src/runtime/RuntimeContext.cpp:1378][APP - INFO] SMG requested system level sound SE_OJ_LV_HD_STEAM
[src/runtime/RuntimeContext.cpp:1378][APP - INFO] SMG requested system level sound SE_OJ_LV_HD_STEAM
[src/runtime/RuntimeContext.cpp:1378][APP - INFO] SMG requested system level sound SE_OJ_LV_HD_STEAM
[src/runtime/RuntimeContext.cpp:1378][APP - INFO] SMG requested system level sound SE_OJ_LV_HD_STEAM
[src/runtime/RuntimeContext.cpp:1378][APP - INFO] SMG requested system level sound SE_OJ_LV_HD_STEAM
[src/runtime/RuntimeContext.cpp:1378][APP - INFO] SMG requested system level sound SE_OJ_LV_HD_STEAM
[src/runtime/RuntimeContext.cpp:1378][APP - INFO] SMG requested system level sound SE_OJ_LV_HD_STEAM
[src/runtime/RuntimeContext.cpp:1378][APP - INFO] SMG requested system level sound SE_OJ_LV_HD_STEAM
[src/runtime/RuntimeContext.cpp:1378][APP - INFO] SMG requested system level sound SE_OJ_LV_HD_STEAM
[src/runtime/RuntimeContext.cpp:1378][APP - INFO] SMG requested system level sound SE_OJ_LV_HD_STEAM
[src/runtime/RuntimeContext.cpp:1378][APP - INFO] SMG requested system level sound SE_OJ_LV_HD_STEAM
[src/runtime/RuntimeContext.cpp:1378][APP - INFO] SMG requested system level sound SE_OJ_LV_HD_STEAM
[src/runtime/RuntimeContext.cpp:1378][APP - INFO] SMG requested system level sound SE_OJ_LV_HD_STEAM
[src/runtime/RuntimeContext.cpp:1378][APP - INFO] SMG requested system level sound SE_OJ_LV_HD_STEAM
[src/runtime/RuntimeContext.cpp:1378][APP - INFO] SMG requested system level sound SE_OJ_LV_HD_STEAM
[src/runtime/RuntimeContext.cpp:1378][APP - INFO] SMG requested system level sound SE_OJ_LV_HD_STEAM
[src/runtime/RuntimeContext.cpp:1378][APP - INFO] SMG requested system level sound SE_OJ_LV_HD_STEAM
[src/runtime/RuntimeContext.cpp:1378][APP - INFO] SMG requested system level sound SE_OJ_LV_HD_STEAM
[src/runtime/RuntimeContext.cpp:1378][APP - INFO] SMG requested system level sound SE_OJ_LV_HD_STEAM
[src/runtime/RuntimeContext.cpp:1378][APP - INFO] SMG requested system level sound SE_OJ_LV_HD_STEAM
[src/runtime/RuntimeContext.cpp:1378][APP - INFO] SMG requested system level sound SE_OJ_LV_HD_STEAM
[src/runtime/RuntimeContext.cpp:1378][APP - INFO] SMG requested system level sound SE_OJ_LV_HD_STEAM
[src/runtime/RuntimeContext.cpp:1378][APP - INFO] SMG requested system level sound SE_OJ_LV_HD_STEAM
[src/runtime/RuntimeContext.cpp:1378][APP - INFO] SMG requested system level sound SE_OJ_LV_HD_STEAM
[src/runtime/RuntimeContext.cpp:1378][APP - INFO] SMG requested system level sound SE_OJ_LV_HD_STEAM
[src/runtime/RuntimeContext.cpp:1378][APP - INFO] SMG requested system level sound SE_OJ_LV_HD_STEAM
[src/runtime/RuntimeContext.cpp:1378][APP - INFO] SMG requested system level sound SE_OJ_LV_HD_STEAM
[src/runtime/RuntimeContext.cpp:1378][APP - INFO] SMG requested system level sound SE_OJ_LV_HD_STEAM
[src/runtime/RuntimeContext.cpp:1378][APP - INFO] SMG requested system level sound SE_OJ_LV_HD_STEAM
[src/runtime/RuntimeContext.cpp:1378][APP - INFO] SMG requested system level sound SE_OJ_LV_HD_STEAM
[src/runtime/RuntimeContext.cpp:1378][APP - INFO] SMG requested system level sound SE_OJ_LV_HD_STEAM
[src/runtime/RuntimeContext.cpp:1378][APP - INFO] SMG requested system level sound SE_OJ_LV_HD_STEAM
[src/runtime/RuntimeContext.cpp:1378][APP - INFO] SMG requested system level sound SE_OJ_LV_HD_STEAM
[src/runtime/RuntimeContext.cpp:1378][APP - INFO] SMG requested system level sound SE_OJ_LV_HD_STEAM
[src/runtime/RuntimeContext.cpp:1378][APP - INFO] SMG requested system level sound SE_OJ_LV_HD_STEAM
[src/runtime/RuntimeContext.cpp:1378][APP - INFO] SMG requested system level sound SE_OJ_LV_HD_STEAM
[src/runtime/RuntimeContext.cpp:1378][APP - INFO] SMG requested system level sound SE_OJ_LV_HD_STEAM
[src/runtime/RuntimeContext.cpp:1378][APP - INFO] SMG requested system level sound SE_OJ_LV_HD_STEAM
[src/runtime/RuntimeContext.cpp:1378][APP - INFO] SMG requested system level sound SE_OJ_LV_HD_STEAM
[src/runtime/RuntimeContext.cpp:1378][APP - INFO] SMG requested system level sound SE_OJ_LV_HD_STEAM
[src/runtime/RuntimeContext.cpp:1378][APP - INFO] SMG requested system level sound SE_OJ_LV_HD_STEAM
[src/runtime/RuntimeContext.cpp:1378][APP - INFO] SMG requested system level sound SE_OJ_LV_HD_STEAM
[src/runtime/RuntimeContext.cpp:1378][APP - INFO] SMG requested system level sound SE_OJ_LV_HD_STEAM
[src/runtime/RuntimeContext.cpp:1378][APP - INFO] SMG requested system level sound SE_OJ_LV_HD_STEAM
[src/runtime/RuntimeContext.cpp:1378][APP - INFO] SMG requested system level sound SE_OJ_LV_HD_STEAM
[src/runtime/RuntimeContext.cpp:1378][APP - INFO] SMG requested system level sound SE_OJ_LV_HD_STEAM
[src/runtime/RuntimeContext.cpp:1378][APP - INFO] SMG requested system level sound SE_OJ_LV_HD_STEAM
[src/runtime/RuntimeContext.cpp:1378][APP - INFO] SMG requested system level sound SE_OJ_LV_HD_STEAM
[src/runtime/RuntimeContext.cpp:1378][APP - INFO] SMG requested system level sound SE_OJ_LV_HD_STEAM
[src/runtime/RuntimeContext.cpp:1378][APP - INFO] SMG requested system level sound SE_OJ_LV_HD_STEAM
[src/runtime/RuntimeContext.cpp:1378][APP - INFO] SMG requested system level sound SE_OJ_LV_HD_STEAM
[src/runtime/RuntimeContext.cpp:1378][APP - INFO] SMG requested system level sound SE_OJ_LV_HD_STEAM
[src/runtime/RuntimeContext.cpp:1378][APP - INFO] SMG requested system level sound SE_OJ_LV_HD_STEAM
[src/runtime/RuntimeContext.cpp:1378][APP - INFO] SMG requested system level sound SE_OJ_LV_HD_STEAM
[src/runtime/RuntimeContext.cpp:1378][APP - INFO] SMG requested system level sound SE_OJ_LV_HD_STEAM
[src/runtime/RuntimeContext.cpp:1378][APP - INFO] SMG requested system level sound SE_OJ_LV_HD_STEAM
[src/runtime/RuntimeContext.cpp:1378][APP - INFO] SMG requested system level sound SE_OJ_LV_HD_STEAM
[src/runtime/RuntimeContext.cpp:1378][APP - INFO] SMG requested system level sound SE_OJ_LV_HD_STEAM
[src/runtime/RuntimeContext.cpp:1378][APP - INFO] SMG requested system level sound SE_OJ_LV_HD_STEAM
[src/runtime/RuntimeContext.cpp:1378][APP - INFO] SMG requested system level sound SE_OJ_LV_HD_STEAM
[src/runtime/RuntimeContext.cpp:1378][APP - INFO] SMG requested system level sound SE_OJ_LV_HD_STEAM
[src/runtime/RuntimeContext.cpp:1378][APP - INFO] SMG requested system level sound SE_OJ_LV_HD_STEAM
[src/runtime/RuntimeContext.cpp:1378][APP - INFO] SMG requested system level sound SE_OJ_LV_HD_STEAM
[src/runtime/RuntimeContext.cpp:1378][APP - INFO] SMG requested system level sound SE_OJ_LV_HD_STEAM
[src/runtime/RuntimeContext.cpp:1378][APP - INFO] SMG requested system level sound SE_OJ_LV_HD_STEAM
[src/runtime/RuntimeContext.cpp:1378][APP - INFO] SMG requested system level sound SE_OJ_LV_HD_STEAM
[src/runtime/RuntimeContext.cpp:1378][APP - INFO] SMG requested system level sound SE_OJ_LV_HD_STEAM
[src/runtime/RuntimeContext.cpp:1378][APP - INFO] SMG requested system level sound SE_OJ_LV_HD_STEAM
[src/runtime/RuntimeContext.cpp:1378][APP - INFO] SMG requested system level sound SE_OJ_LV_HD_STEAM
[src/runtime/RuntimeContext.cpp:1378][APP - INFO] SMG requested system level sound SE_OJ_LV_HD_STEAM
[src/runtime/RuntimeContext.cpp:1378][APP - INFO] SMG requested system level sound SE_OJ_LV_HD_STEAM
[src/runtime/RuntimeContext.cpp:1378][APP - INFO] SMG requested system level sound SE_OJ_LV_HD_STEAM
[src/runtime/RuntimeContext.cpp:1378][APP - INFO] SMG requested system level sound SE_OJ_LV_HD_STEAM
[src/runtime/RuntimeContext.cpp:1378][APP - INFO] SMG requested system level sound SE_OJ_LV_HD_STEAM
[src/runtime/RuntimeContext.cpp:1378][APP - INFO] SMG requested system level sound SE_OJ_LV_HD_STEAM
[src/runtime/RuntimeContext.cpp:1378][APP - INFO] SMG requested system level sound SE_OJ_LV_HD_STEAM
[src/runtime/RuntimeContext.cpp:1378][APP - INFO] SMG requested system level sound SE_OJ_LV_HD_STEAM
[src/runtime/RuntimeContext.cpp:1378][APP - INFO] SMG requested system level sound SE_OJ_LV_HD_STEAM
[src/runtime/RuntimeContext.cpp:1378][APP - INFO] SMG requested system level sound SE_OJ_LV_HD_STEAM
[src/runtime/RuntimeContext.cpp:1378][APP - INFO] SMG requested system level sound SE_OJ_LV_HD_STEAM
[src/runtime/RuntimeContext.cpp:1378][APP - INFO] SMG requested system level sound SE_OJ_LV_HD_STEAM
[src/runtime/RuntimeContext.cpp:1378][APP - INFO] SMG requested system level sound SE_OJ_LV_HD_STEAM
[src/runtime/RuntimeContext.cpp:1378][APP - INFO] SMG requested system level sound SE_OJ_LV_HD_STEAM
[src/runtime/RuntimeContext.cpp:1378][APP - INFO] SMG requested system level sound SE_OJ_LV_HD_STEAM
[src/runtime/RuntimeContext.cpp:1378][APP - INFO] SMG requested system level sound SE_OJ_LV_HD_STEAM
[src/runtime/RuntimeContext.cpp:1378][APP - INFO] SMG requested system level sound SE_OJ_LV_HD_STEAM
[src/runtime/RuntimeContext.cpp:1378][APP - INFO] SMG requested system level sound SE_OJ_LV_HD_STEAM
[src/runtime/RuntimeContext.cpp:1378][APP - INFO] SMG requested system level sound SE_OJ_LV_HD_STEAM
[src/runtime/RuntimeContext.cpp:1378][APP - INFO] SMG requested system level sound SE_OJ_LV_HD_STEAM
[src/runtime/RuntimeContext.cpp:1378][APP - INFO] SMG requested system level sound SE_OJ_LV_HD_STEAM
[src/runtime/RuntimeContext.cpp:1378][APP - INFO] SMG requested system level sound SE_OJ_LV_HD_STEAM
[src/runtime/RuntimeContext.cpp:1378][APP - INFO] SMG requested system level sound SE_OJ_LV_HD_STEAM
[src/runtime/RuntimeContext.cpp:1378][APP - INFO] SMG requested system level sound SE_OJ_LV_HD_STEAM
[src/runtime/RuntimeContext.cpp:1378][APP - INFO] SMG requested system level sound SE_OJ_LV_HD_STEAM
[src/runtime/RuntimeContext.cpp:1378][APP - INFO] SMG requested system level sound SE_OJ_LV_HD_STEAM
[src/runtime/RuntimeContext.cpp:1378][APP - INFO] SMG requested system level sound SE_OJ_LV_HD_STEAM
[src/runtime/RuntimeContext.cpp:1378][APP - INFO] SMG requested system level sound SE_OJ_LV_HD_STEAM
[src/runtime/RuntimeContext.cpp:1378][APP - INFO] SMG requested system level sound SE_OJ_LV_HD_STEAM
[src/runtime/RuntimeContext.cpp:1378][APP - INFO] SMG requested system level sound SE_OJ_LV_HD_STEAM
[src/runtime/RuntimeContext.cpp:1378][APP - INFO] SMG requested system level sound SE_OJ_LV_HD_STEAM
[src/runtime/RuntimeContext.cpp:1378][APP - INFO] SMG requested system level sound SE_OJ_LV_HD_STEAM
[src/runtime/RuntimeContext.cpp:1378][APP - INFO] SMG requested system level sound SE_OJ_LV_HD_STEAM
[src/runtime/RuntimeContext.cpp:1378][APP - INFO] SMG requested system level sound SE_OJ_LV_HD_STEAM
[src/runtime/RuntimeContext.cpp:1378][APP - INFO] SMG requested system level sound SE_OJ_LV_HD_STEAM
[src/runtime/RuntimeContext.cpp:1378][APP - INFO] SMG requested system level sound SE_OJ_LV_HD_STEAM
[src/runtime/RuntimeContext.cpp:1378][APP - INFO] SMG requested system level sound SE_OJ_LV_HD_STEAM
[src/runtime/RuntimeContext.cpp:1378][APP - INFO] SMG requested system level sound SE_OJ_LV_HD_STEAM
[src/runtime/RuntimeContext.cpp:1378][APP - INFO] SMG requested system level sound SE_OJ_LV_HD_STEAM
[src/runtime/RuntimeContext.cpp:1378][APP - INFO] SMG requested system level sound SE_OJ_LV_HD_STEAM
[src/runtime/RuntimeContext.cpp:1378][APP - INFO] SMG requested system level sound SE_OJ_LV_HD_STEAM
[src/runtime/RuntimeContext.cpp:1378][APP - INFO] SMG requested system level sound SE_OJ_LV_HD_STEAM
[src/runtime/RuntimeContext.cpp:1378][APP - INFO] SMG requested system level sound SE_OJ_LV_HD_STEAM
[src/runtime/RuntimeContext.cpp:1378][APP - INFO] SMG requested system level sound SE_OJ_LV_HD_STEAM
[src/runtime/RuntimeContext.cpp:1378][APP - INFO] SMG requested system level sound SE_OJ_LV_HD_STEAM
[src/runtime/RuntimeContext.cpp:1378][APP - INFO] SMG requested system level sound SE_OJ_LV_HD_STEAM
[src/runtime/RuntimeContext.cpp:1378][APP - INFO] SMG requested system level sound SE_OJ_LV_HD_STEAM
[src/runtime/RuntimeContext.cpp:1378][APP - INFO] SMG requested system level sound SE_OJ_LV_HD_STEAM
[src/runtime/RuntimeContext.cpp:1378][APP - INFO] SMG requested system level sound SE_OJ_LV_HD_STEAM
[src/runtime/RuntimeContext.cpp:1378][APP - INFO] SMG requested system level sound SE_OJ_LV_HD_STEAM
[src/runtime/RuntimeContext.cpp:1378][APP - INFO] SMG requested system level sound SE_OJ_LV_HD_STEAM
[src/runtime/RuntimeContext.cpp:1378][APP - INFO] SMG requested system level sound SE_OJ_LV_HD_STEAM
[src/runtime/RuntimeContext.cpp:1378][APP - INFO] SMG requested system level sound SE_OJ_LV_HD_STEAM
[src/runtime/RuntimeContext.cpp:1378][APP - INFO] SMG requested system level sound SE_OJ_LV_HD_STEAM
[src/runtime/RuntimeContext.cpp:1378][APP - INFO] SMG requested system level sound SE_OJ_LV_HD_STEAM
[src/runtime/RuntimeContext.cpp:1378][APP - INFO] SMG requested system level sound SE_OJ_LV_HD_STEAM
[src/runtime/RuntimeContext.cpp:1378][APP - INFO] SMG requested system level sound SE_OJ_LV_HD_STEAM
[src/runtime/RuntimeContext.cpp:1378][APP - INFO] SMG requested system level sound SE_OJ_LV_HD_STEAM
[src/runtime/RuntimeContext.cpp:1378][APP - INFO] SMG requested system level sound SE_OJ_LV_HD_STEAM
[src/runtime/RuntimeContext.cpp:1378][APP - INFO] SMG requested system level sound SE_OJ_LV_HD_STEAM
[src/runtime/RuntimeContext.cpp:1378][APP - INFO] SMG requested system level sound SE_OJ_LV_HD_STEAM
[src/runtime/RuntimeContext.cpp:1378][APP - INFO] SMG requested system level sound SE_OJ_LV_HD_STEAM
[src/runtime/RuntimeContext.cpp:1378][APP - INFO] SMG requested system level sound SE_OJ_LV_HD_STEAM
[src/runtime/RuntimeContext.cpp:1378][APP - INFO] SMG requested system level sound SE_OJ_LV_HD_STEAM
[src/runtime/RuntimeContext.cpp:1378][APP - INFO] SMG requested system level sound SE_OJ_LV_HD_STEAM
[src/runtime/RuntimeContext.cpp:1378][APP - INFO] SMG requested system level sound SE_OJ_LV_HD_STEAM
[src/runtime/RuntimeContext.cpp:1378][APP - INFO] SMG requested system level sound SE_OJ_LV_HD_STEAM
[src/runtime/RuntimeContext.cpp:1378][APP - INFO] SMG requested system level sound SE_OJ_LV_HD_STEAM
[src/runtime/RuntimeContext.cpp:1378][APP - INFO] SMG requested system level sound SE_OJ_LV_HD_STEAM
[src/runtime/RuntimeContext.cpp:1378][APP - INFO] SMG requested system level sound SE_OJ_LV_HD_STEAM
[src/runtime/RuntimeContext.cpp:1378][APP - INFO] SMG requested system level sound SE_OJ_LV_HD_STEAM
[src/runtime/RuntimeContext.cpp:1378][APP - INFO] SMG requested system level sound SE_OJ_LV_HD_STEAM
[src/runtime/RuntimeContext.cpp:1378][APP - INFO] SMG requested system level sound SE_OJ_LV_HD_STEAM
[src/runtime/RuntimeContext.cpp:1378][APP - INFO] SMG requested system level sound SE_OJ_LV_HD_STEAM
[src/runtime/RuntimeContext.cpp:1378][APP - INFO] SMG requested system level sound SE_OJ_LV_HD_STEAM
[src/runtime/RuntimeContext.cpp:1378][APP - INFO] SMG requested system level sound SE_OJ_LV_HD_STEAM
[src/runtime/RuntimeContext.cpp:1378][APP - INFO] SMG requested system level sound SE_OJ_LV_HD_STEAM
[src/runtime/RuntimeContext.cpp:1378][APP - INFO] SMG requested system level sound SE_OJ_LV_HD_STEAM
[src/runtime/RuntimeContext.cpp:1378][APP - INFO] SMG requested system level sound SE_OJ_LV_HD_STEAM
[src/runtime/RuntimeContext.cpp:1378][APP - INFO] SMG requested system level sound SE_OJ_LV_HD_STEAM
[src/runtime/RuntimeContext.cpp:1378][APP - INFO] SMG requested system level sound SE_OJ_LV_HD_STEAM
[src/runtime/RuntimeContext.cpp:1378][APP - INFO] SMG requested system level sound SE_OJ_LV_HD_STEAM
[src/runtime/RuntimeContext.cpp:1378][APP - INFO] SMG requested system level sound SE_OJ_LV_HD_STEAM
[src/runtime/RuntimeContext.cpp:1378][APP - INFO] SMG requested system level sound SE_OJ_LV_HD_STEAM
[src/runtime/RuntimeContext.cpp:1378][APP - INFO] SMG requested system level sound SE_OJ_LV_HD_STEAM
[src/runtime/RuntimeContext.cpp:1378][APP - INFO] SMG requested system level sound SE_OJ_LV_HD_STEAM
[src/runtime/RuntimeContext.cpp:1378][APP - INFO] SMG requested system level sound SE_OJ_LV_HD_STEAM
[src/runtime/RuntimeContext.cpp:1378][APP - INFO] SMG requested system level sound SE_OJ_LV_HD_STEAM
[src/runtime/RuntimeContext.cpp:1378][APP - INFO] SMG requested system level sound SE_OJ_LV_HD_STEAM
[src/runtime/RuntimeContext.cpp:1378][APP - INFO] SMG requested system level sound SE_OJ_LV_HD_STEAM
[src/runtime/RuntimeContext.cpp:1378][APP - INFO] SMG requested system level sound SE_OJ_LV_HD_STEAM
[src/runtime/RuntimeContext.cpp:1378][APP - INFO] SMG requested system level sound SE_OJ_LV_HD_STEAM
[src/runtime/RuntimeContext.cpp:1378][APP - INFO] SMG requested system level sound SE_OJ_LV_HD_STEAM
[src/runtime/RuntimeContext.cpp:1378][APP - INFO] SMG requested system level sound SE_OJ_LV_HD_STEAM
[src/runtime/RuntimeContext.cpp:1378][APP - INFO] SMG requested system level sound SE_OJ_LV_HD_STEAM
[src/runtime/RuntimeContext.cpp:1378][APP - INFO] SMG requested system level sound SE_OJ_LV_HD_STEAM
[src/runtime/RuntimeContext.cpp:1378][APP - INFO] SMG requested system level sound SE_OJ_LV_HD_STEAM
[src/runtime/RuntimeContext.cpp:1378][APP - INFO] SMG requested system level sound SE_OJ_LV_HD_STEAM
[src/runtime/RuntimeContext.cpp:1378][APP - INFO] SMG requested system level sound SE_OJ_LV_HD_STEAM
[src/runtime/RuntimeContext.cpp:1378][APP - INFO] SMG requested system level sound SE_OJ_LV_HD_STEAM
[src/runtime/RuntimeContext.cpp:1378][APP - INFO] SMG requested system level sound SE_OJ_LV_HD_STEAM
[src/runtime/RuntimeContext.cpp:1378][APP - INFO] SMG requested system level sound SE_OJ_LV_HD_STEAM
[src/runtime/RuntimeContext.cpp:1378][APP - INFO] SMG requested system level sound SE_OJ_LV_HD_STEAM
[src/runtime/RuntimeContext.cpp:1378][APP - INFO] SMG requested system level sound SE_OJ_LV_HD_STEAM
[src/runtime/RuntimeContext.cpp:1378][APP - INFO] SMG requested system level sound SE_OJ_LV_HD_STEAM
[src/runtime/RuntimeContext.cpp:1378][APP - INFO] SMG requested system level sound SE_OJ_LV_HD_STEAM
[src/runtime/RuntimeContext.cpp:1378][APP - INFO] SMG requested system level sound SE_OJ_LV_HD_STEAM
[src/runtime/RuntimeContext.cpp:1378][APP - INFO] SMG requested system level sound SE_OJ_LV_HD_STEAM
[src/runtime/RuntimeContext.cpp:1378][APP - INFO] SMG requested system level sound SE_OJ_LV_HD_STEAM
[src/runtime/RuntimeContext.cpp:1378][APP - INFO] SMG requested system level sound SE_OJ_LV_HD_STEAM
[src/runtime/RuntimeContext.cpp:1378][APP - INFO] SMG requested system level sound SE_OJ_LV_HD_STEAM
[src/runtime/RuntimeContext.cpp:1378][APP - INFO] SMG requested system level sound SE_OJ_LV_HD_STEAM
[src/runtime/RuntimeContext.cpp:1378][APP - INFO] SMG requested system level sound SE_OJ_LV_HD_STEAM
[src/runtime/RuntimeContext.cpp:1378][APP - INFO] SMG requested system level sound SE_OJ_LV_HD_STEAM
[src/runtime/RuntimeContext.cpp:1378][APP - INFO] SMG requested system level sound SE_OJ_LV_HD_STEAM
[src/runtime/RuntimeContext.cpp:1378][APP - INFO] SMG requested system level sound SE_OJ_LV_HD_STEAM
[src/runtime/RuntimeContext.cpp:1378][APP - INFO] SMG requested system level sound SE_OJ_LV_HD_STEAM
[src/runtime/RuntimeContext.cpp:1378][APP - INFO] SMG requested system level sound SE_OJ_LV_HD_STEAM
[src/runtime/RuntimeContext.cpp:1378][APP - INFO] SMG requested system level sound SE_OJ_LV_HD_STEAM
[src/runtime/RuntimeContext.cpp:1378][APP - INFO] SMG requested system level sound SE_OJ_LV_HD_STEAM
[src/runtime/RuntimeContext.cpp:1378][APP - INFO] SMG requested system level sound SE_OJ_LV_HD_STEAM
[src/runtime/RuntimeContext.cpp:1378][APP - INFO] SMG requested system level sound SE_OJ_LV_HD_STEAM
[src/runtime/RuntimeContext.cpp:1378][APP - INFO] SMG requested system level sound SE_OJ_LV_HD_STEAM
[src/runtime/RuntimeContext.cpp:1378][APP - INFO] SMG requested system level sound SE_OJ_LV_HD_STEAM
[src/runtime/RuntimeContext.cpp:1378][APP - INFO] SMG requested system level sound SE_OJ_LV_HD_STEAM
[src/runtime/RuntimeContext.cpp:1378][APP - INFO] SMG requested system level sound SE_OJ_LV_HD_STEAM
[src/runtime/RuntimeContext.cpp:1378][APP - INFO] SMG requested system level sound SE_OJ_LV_HD_STEAM
[src/runtime/RuntimeContext.cpp:1378][APP - INFO] SMG requested system level sound SE_OJ_LV_HD_STEAM
[src/runtime/RuntimeContext.cpp:1378][APP - INFO] SMG requested system level sound SE_OJ_LV_HD_STEAM
[src/runtime/RuntimeContext.cpp:1378][APP - INFO] SMG requested system level sound SE_OJ_LV_HD_STEAM
[src/runtime/RuntimeContext.cpp:1378][APP - INFO] SMG requested system level sound SE_OJ_LV_HD_STEAM
[src/runtime/RuntimeContext.cpp:1378][APP - INFO] SMG requested system level sound SE_OJ_LV_HD_STEAM
[src/runtime/RuntimeContext.cpp:1378][APP - INFO] SMG requested system level sound SE_OJ_LV_HD_STEAM
[src/runtime/RuntimeContext.cpp:1378][APP - INFO] SMG requested system level sound SE_OJ_LV_HD_STEAM
[src/runtime/RuntimeContext.cpp:1378][APP - INFO] SMG requested system level sound SE_OJ_LV_HD_STEAM
[src/runtime/RuntimeContext.cpp:1378][APP - INFO] SMG requested system level sound SE_OJ_LV_HD_STEAM
[src/runtime/RuntimeContext.cpp:1378][APP - INFO] SMG requested system level sound SE_OJ_LV_HD_STEAM
[src/runtime/RuntimeContext.cpp:1378][APP - INFO] SMG requested system level sound SE_OJ_LV_HD_STEAM
[src/runtime/RuntimeContext.cpp:1378][APP - INFO] SMG requested system level sound SE_OJ_LV_HD_STEAM
[src/runtime/RuntimeContext.cpp:1378][APP - INFO] SMG requested system level sound SE_OJ_LV_HD_STEAM
[src/runtime/RuntimeContext.cpp:1378][APP - INFO] SMG requested system level sound SE_OJ_LV_HD_STEAM
[src/runtime/RuntimeContext.cpp:1378][APP - INFO] SMG requested system level sound SE_OJ_LV_HD_STEAM
[src/runtime/RuntimeContext.cpp:1378][APP - INFO] SMG requested system level sound SE_OJ_LV_HD_STEAM
[src/runtime/RuntimeContext.cpp:1378][APP - INFO] SMG requested system level sound SE_OJ_LV_HD_STEAM
[src/runtime/RuntimeContext.cpp:1378][APP - INFO] SMG requested system level sound SE_OJ_LV_HD_STEAM
[src/runtime/RuntimeContext.cpp:1378][APP - INFO] SMG requested system level sound SE_OJ_LV_HD_STEAM
[src/runtime/RuntimeContext.cpp:1378][APP - INFO] SMG requested system level sound SE_OJ_LV_HD_STEAM
[src/runtime/RuntimeContext.cpp:1378][APP - INFO] SMG requested system level sound SE_OJ_LV_HD_STEAM
[src/runtime/RuntimeContext.cpp:1378][APP - INFO] SMG requested system level sound SE_OJ_LV_HD_STEAM
[src/runtime/RuntimeContext.cpp:1378][APP - INFO] SMG requested system level sound SE_OJ_LV_HD_STEAM
[src/runtime/RuntimeContext.cpp:1378][APP - INFO] SMG requested system level sound SE_OJ_LV_HD_STEAM
[src/runtime/RuntimeContext.cpp:1378][APP - INFO] SMG requested system level sound SE_OJ_LV_HD_STEAM
[src/runtime/RuntimeContext.cpp:1378][APP - INFO] SMG requested system level sound SE_OJ_LV_HD_STEAM
[src/runtime/RuntimeContext.cpp:1378][APP - INFO] SMG requested system level sound SE_OJ_LV_HD_STEAM
[src/runtime/RuntimeContext.cpp:1378][APP - INFO] SMG requested system level sound SE_OJ_LV_HD_STEAM
[src/runtime/RuntimeContext.cpp:1378][APP - INFO] SMG requested system level sound SE_OJ_LV_HD_STEAM
[src/runtime/RuntimeContext.cpp:1378][APP - INFO] SMG requested system level sound SE_OJ_LV_HD_STEAM
[src/runtime/RuntimeContext.cpp:1378][APP - INFO] SMG requested system level sound SE_OJ_LV_HD_STEAM
[src/runtime/RuntimeContext.cpp:1378][APP - INFO] SMG requested system level sound SE_OJ_LV_HD_STEAM
[src/runtime/RuntimeContext.cpp:1378][APP - INFO] SMG requested system level sound SE_OJ_LV_HD_STEAM
[src/runtime/RuntimeContext.cpp:1378][APP - INFO] SMG requested system level sound SE_OJ_LV_HD_STEAM
[src/runtime/RuntimeContext.cpp:1378][APP - INFO] SMG requested system level sound SE_OJ_LV_HD_STEAM
[src/runtime/RuntimeContext.cpp:1378][APP - INFO] SMG requested system level sound SE_OJ_LV_HD_STEAM
[src/runtime/RuntimeContext.cpp:1378][APP - INFO] SMG requested system level sound SE_OJ_LV_HD_STEAM
[src/runtime/RuntimeContext.cpp:1378][APP - INFO] SMG requested system level sound SE_OJ_LV_HD_STEAM
[src/runtime/RuntimeContext.cpp:1378][APP - INFO] SMG requested system level sound SE_OJ_LV_HD_STEAM
[src/runtime/RuntimeContext.cpp:1378][APP - INFO] SMG requested system level sound SE_OJ_LV_HD_STEAM
[src/runtime/RuntimeContext.cpp:1378][APP - INFO] SMG requested system level sound SE_OJ_LV_HD_STEAM
[src/runtime/RuntimeContext.cpp:1378][APP - INFO] SMG requested system level sound SE_OJ_LV_HD_STEAM
[src/runtime/RuntimeContext.cpp:1378][APP - INFO] SMG requested system level sound SE_OJ_LV_HD_STEAM
[src/runtime/RuntimeContext.cpp:1378][APP - INFO] SMG requested system level sound SE_OJ_LV_HD_STEAM
[src/runtime/RuntimeContext.cpp:1378][APP - INFO] SMG requested system level sound SE_OJ_LV_HD_STEAM
[src/runtime/RuntimeContext.cpp:1378][APP - INFO] SMG requested system level sound SE_OJ_LV_HD_STEAM
[src/runtime/RuntimeContext.cpp:1378][APP - INFO] SMG requested system level sound SE_OJ_LV_HD_STEAM
[src/runtime/RuntimeContext.cpp:1378][APP - INFO] SMG requested system level sound SE_OJ_LV_HD_STEAM
[src/runtime/RuntimeContext.cpp:1378][APP - INFO] SMG requested system level sound SE_OJ_LV_HD_STEAM
[src/runtime/RuntimeContext.cpp:1378][APP - INFO] SMG requested system level sound SE_OJ_LV_HD_STEAM
[src/runtime/RuntimeContext.cpp:1378][APP - INFO] SMG requested system level sound SE_OJ_LV_HD_STEAM
[src/runtime/RuntimeContext.cpp:1378][APP - INFO] SMG requested system level sound SE_OJ_LV_HD_STEAM
[src/runtime/RuntimeContext.cpp:1378][APP - INFO] SMG requested system level sound SE_OJ_LV_HD_STEAM
[src/runtime/RuntimeContext.cpp:1378][APP - INFO] SMG requested system level sound SE_OJ_LV_HD_STEAM
[src/runtime/RuntimeContext.cpp:1378][APP - INFO] SMG requested system level sound SE_OJ_LV_HD_STEAM
[src/runtime/RuntimeContext.cpp:1378][APP - INFO] SMG requested system level sound SE_OJ_LV_HD_STEAM
[src/runtime/RuntimeContext.cpp:1378][APP - INFO] SMG requested system level sound SE_OJ_LV_HD_STEAM
[src/runtime/RuntimeContext.cpp:1378][APP - INFO] SMG requested system level sound SE_OJ_LV_HD_STEAM
[src/runtime/RuntimeContext.cpp:1378][APP - INFO] SMG requested system level sound SE_OJ_LV_HD_STEAM
[src/runtime/RuntimeContext.cpp:1378][APP - INFO] SMG requested system level sound SE_OJ_LV_HD_STEAM
[src/runtime/RuntimeContext.cpp:1378][APP - INFO] SMG requested system level sound SE_OJ_LV_HD_STEAM
[src/runtime/RuntimeContext.cpp:1378][APP - INFO] SMG requested system level sound SE_OJ_LV_HD_STEAM
[src/runtime/RuntimeContext.cpp:1378][APP - INFO] SMG requested system level sound SE_OJ_LV_HD_STEAM
[src/runtime/RuntimeContext.cpp:1378][APP - INFO] SMG requested system level sound SE_OJ_LV_HD_STEAM
[src/runtime/RuntimeContext.cpp:1378][APP - INFO] SMG requested system level sound SE_OJ_LV_HD_STEAM
[src/runtime/RuntimeContext.cpp:1378][APP - INFO] SMG requested system level sound SE_OJ_LV_HD_STEAM
[src/runtime/RuntimeContext.cpp:1378][APP - INFO] SMG requested system level sound SE_OJ_LV_HD_STEAM
[src/runtime/RuntimeContext.cpp:1378][APP - INFO] SMG requested system level sound SE_OJ_LV_HD_STEAM
[src/runtime/RuntimeContext.cpp:1378][APP - INFO] SMG requested system level sound SE_OJ_LV_HD_STEAM
[src/runtime/RuntimeContext.cpp:1378][APP - INFO] SMG requested system level sound SE_OJ_LV_HD_STEAM
[src/runtime/RuntimeContext.cpp:1378][APP - INFO] SMG requested system level sound SE_OJ_LV_HD_STEAM
[src/runtime/RuntimeContext.cpp:1378][APP - INFO] SMG requested system level sound SE_OJ_LV_HD_STEAM
[src/runtime/RuntimeContext.cpp:1378][APP - INFO] SMG requested system level sound SE_OJ_LV_HD_STEAM
[src/runtime/RuntimeContext.cpp:1378][APP - INFO] SMG requested system level sound SE_OJ_LV_HD_STEAM
[src/runtime/RuntimeContext.cpp:1378][APP - INFO] SMG requested system level sound SE_OJ_LV_HD_STEAM
[src/runtime/RuntimeContext.cpp:1378][APP - INFO] SMG requested system level sound SE_OJ_LV_HD_STEAM
[src/runtime/RuntimeContext.cpp:1378][APP - INFO] SMG requested system level sound SE_OJ_LV_HD_STEAM
[src/runtime/RuntimeContext.cpp:1378][APP - INFO] SMG requested system level sound SE_OJ_LV_HD_STEAM
[src/runtime/RuntimeContext.cpp:1378][APP - INFO] SMG requested system level sound SE_OJ_LV_HD_STEAM
[src/runtime/RuntimeContext.cpp:1378][APP - INFO] SMG requested system level sound SE_OJ_LV_HD_STEAM
[src/runtime/RuntimeContext.cpp:1378][APP - INFO] SMG requested system level sound SE_OJ_LV_HD_STEAM
[src/runtime/RuntimeContext.cpp:1378][APP - INFO] SMG requested system level sound SE_OJ_LV_HD_STEAM
[src/runtime/RuntimeContext.cpp:1378][APP - INFO] SMG requested system level sound SE_OJ_LV_HD_STEAM
[src/runtime/RuntimeContext.cpp:1378][APP - INFO] SMG requested system level sound SE_OJ_LV_HD_STEAM
[src/runtime/RuntimeContext.cpp:1378][APP - INFO] SMG requested system level sound SE_OJ_LV_HD_STEAM
[src/runtime/RuntimeContext.cpp:1378][APP - INFO] SMG requested system level sound SE_OJ_LV_HD_STEAM
[src/runtime/RuntimeContext.cpp:1378][APP - INFO] SMG requested system level sound SE_OJ_LV_HD_STEAM
[src/runtime/RuntimeContext.cpp:1378][APP - INFO] SMG requested system level sound SE_OJ_LV_HD_STEAM
[src/runtime/RuntimeContext.cpp:1378][APP - INFO] SMG requested system level sound SE_OJ_LV_HD_STEAM
[src/runtime/RuntimeContext.cpp:1378][APP - INFO] SMG requested system level sound SE_OJ_LV_HD_STEAM
[src/runtime/RuntimeContext.cpp:1378][APP - INFO] SMG requested system level sound SE_OJ_LV_HD_STEAM
[src/runtime/RuntimeContext.cpp:1378][APP - INFO] SMG requested system level sound SE_OJ_LV_HD_STEAM
[src/runtime/RuntimeContext.cpp:1378][APP - INFO] SMG requested system level sound SE_OJ_LV_HD_STEAM
[src/runtime/RuntimeContext.cpp:1378][APP - INFO] SMG requested system level sound SE_OJ_LV_HD_STEAM
[src/runtime/RuntimeContext.cpp:1378][APP - INFO] SMG requested system level sound SE_OJ_LV_HD_STEAM
[src/runtime/RuntimeContext.cpp:1378][APP - INFO] SMG requested system level sound SE_OJ_LV_HD_STEAM
[src/runtime/RuntimeContext.cpp:1378][APP - INFO] SMG requested system level sound SE_OJ_LV_HD_STEAM
[src/runtime/RuntimeContext.cpp:1378][APP - INFO] SMG requested system level sound SE_OJ_LV_HD_STEAM
[src/runtime/RuntimeContext.cpp:1378][APP - INFO] SMG requested system level sound SE_OJ_LV_HD_STEAM
[src/runtime/RuntimeContext.cpp:1378][APP - INFO] SMG requested system level sound SE_OJ_LV_HD_STEAM
[src/runtime/RuntimeContext.cpp:1378][APP - INFO] SMG requested system level sound SE_OJ_LV_HD_STEAM
[src/runtime/RuntimeContext.cpp:1378][APP - INFO] SMG requested system level sound SE_OJ_LV_HD_STEAM
[src/runtime/RuntimeContext.cpp:1378][APP - INFO] SMG requested system level sound SE_OJ_LV_HD_STEAM
[src/runtime/RuntimeContext.cpp:1378][APP - INFO] SMG requested system level sound SE_OJ_LV_HD_STEAM
[src/runtime/RuntimeContext.cpp:1378][APP - INFO] SMG requested system level sound SE_OJ_LV_HD_STEAM
[src/runtime/RuntimeContext.cpp:1378][APP - INFO] SMG requested system level sound SE_OJ_LV_HD_STEAM
[src/runtime/RuntimeContext.cpp:1378][APP - INFO] SMG requested system level sound SE_OJ_LV_HD_STEAM
[src/runtime/RuntimeContext.cpp:1378][APP - INFO] SMG requested system level sound SE_OJ_LV_HD_STEAM
[src/runtime/RuntimeContext.cpp:1378][APP - INFO] SMG requested system level sound SE_OJ_LV_HD_STEAM
[src/runtime/RuntimeContext.cpp:1378][APP - INFO] SMG requested system level sound SE_OJ_LV_HD_STEAM
[src/runtime/RuntimeContext.cpp:1378][APP - INFO] SMG requested system level sound SE_OJ_LV_HD_STEAM
[src/runtime/RuntimeContext.cpp:1378][APP - INFO] SMG requested system level sound SE_OJ_LV_HD_STEAM
[src/runtime/RuntimeContext.cpp:1378][APP - INFO] SMG requested system level sound SE_OJ_LV_HD_STEAM
[src/runtime/RuntimeContext.cpp:1378][APP - INFO] SMG requested system level sound SE_OJ_LV_HD_STEAM
[src/runtime/RuntimeContext.cpp:1378][APP - INFO] SMG requested system level sound SE_OJ_LV_HD_STEAM
[src/runtime/RuntimeContext.cpp:1378][APP - INFO] SMG requested system level sound SE_OJ_LV_HD_STEAM
[src/runtime/RuntimeContext.cpp:1378][APP - INFO] SMG requested system level sound SE_OJ_LV_HD_STEAM
[src/runtime/RuntimeContext.cpp:1378][APP - INFO] SMG requested system level sound SE_OJ_LV_HD_STEAM
[src/runtime/RuntimeContext.cpp:1378][APP - INFO] SMG requested system level sound SE_OJ_LV_HD_STEAM
[src/runtime/RuntimeContext.cpp:1378][APP - INFO] SMG requested system level sound SE_OJ_LV_HD_STEAM
[src/runtime/RuntimeContext.cpp:1378][APP - INFO] SMG requested system level sound SE_OJ_LV_HD_STEAM
[src/runtime/RuntimeContext.cpp:1378][APP - INFO] SMG requested system level sound SE_OJ_LV_HD_STEAM
[src/runtime/RuntimeContext.cpp:1378][APP - INFO] SMG requested system level sound SE_OJ_LV_HD_STEAM
[src/runtime/RuntimeContext.cpp:1378][APP - INFO] SMG requested system level sound SE_OJ_LV_HD_STEAM
[src/runtime/RuntimeContext.cpp:1378][APP - INFO] SMG requested system level sound SE_OJ_LV_HD_STEAM
[src/runtime/RuntimeContext.cpp:1378][APP - INFO] SMG requested system level sound SE_OJ_LV_HD_STEAM
[src/runtime/RuntimeContext.cpp:1378][APP - INFO] SMG requested system level sound SE_OJ_LV_HD_STEAM
[src/runtime/RuntimeContext.cpp:1378][APP - INFO] SMG requested system level sound SE_OJ_LV_HD_STEAM
[src/runtime/RuntimeContext.cpp:1378][APP - INFO] SMG requested system level sound SE_OJ_LV_HD_STEAM
[src/runtime/RuntimeContext.cpp:1378][APP - INFO] SMG requested system level sound SE_OJ_LV_HD_STEAM
[src/runtime/RuntimeContext.cpp:1378][APP - INFO] SMG requested system level sound SE_OJ_LV_HD_STEAM
[src/runtime/RuntimeContext.cpp:1378][APP - INFO] SMG requested system level sound SE_OJ_LV_HD_STEAM
[src/runtime/RuntimeContext.cpp:1378][APP - INFO] SMG requested system level sound SE_OJ_LV_HD_STEAM
[src/runtime/RuntimeContext.cpp:1378][APP - INFO] SMG requested system level sound SE_OJ_LV_HD_STEAM
[src/runtime/RuntimeContext.cpp:1378][APP - INFO] SMG requested system level sound SE_OJ_LV_HD_STEAM
[src/runtime/RuntimeContext.cpp:1378][APP - INFO] SMG requested system level sound SE_OJ_LV_HD_STEAM
[src/runtime/RuntimeContext.cpp:1378][APP - INFO] SMG requested system level sound SE_OJ_LV_HD_STEAM
[src/runtime/RuntimeContext.cpp:1378][APP - INFO] SMG requested system level sound SE_OJ_LV_HD_STEAM
[src/runtime/RuntimeContext.cpp:1378][APP - INFO] SMG requested system level sound SE_OJ_LV_HD_STEAM
[src/runtime/RuntimeContext.cpp:1378][APP - INFO] SMG requested system level sound SE_OJ_LV_HD_STEAM
[src/runtime/RuntimeContext.cpp:1378][APP - INFO] SMG requested system level sound SE_OJ_LV_HD_STEAM
[src/runtime/RuntimeContext.cpp:1378][APP - INFO] SMG requested system level sound SE_OJ_LV_HD_STEAM
[src/runtime/RuntimeContext.cpp:1378][APP - INFO] SMG requested system level sound SE_OJ_LV_HD_STEAM
[src/runtime/RuntimeContext.cpp:1378][APP - INFO] SMG requested system level sound SE_OJ_LV_HD_STEAM
[src/runtime/RuntimeContext.cpp:1378][APP - INFO] SMG requested system level sound SE_OJ_LV_HD_STEAM
[src/runtime/RuntimeContext.cpp:1378][APP - INFO] SMG requested system level sound SE_OJ_LV_HD_STEAM
[src/runtime/RuntimeContext.cpp:1378][APP - INFO] SMG requested system level sound SE_OJ_LV_HD_STEAM
[src/runtime/RuntimeContext.cpp:1378][APP - INFO] SMG requested system level sound SE_OJ_LV_HD_STEAM
[src/runtime/RuntimeContext.cpp:1378][APP - INFO] SMG requested system level sound SE_OJ_LV_HD_STEAM
[src/runtime/RuntimeContext.cpp:1378][APP - INFO] SMG requested system level sound SE_OJ_LV_HD_STEAM
[src/runtime/RuntimeContext.cpp:1378][APP - INFO] SMG requested system level sound SE_OJ_LV_HD_STEAM
[src/runtime/RuntimeContext.cpp:1378][APP - INFO] SMG requested system level sound SE_OJ_LV_HD_STEAM
[src/runtime/RuntimeContext.cpp:1378][APP - INFO] SMG requested system level sound SE_OJ_LV_HD_STEAM
[src/runtime/RuntimeContext.cpp:1378][APP - INFO] SMG requested system level sound SE_OJ_LV_HD_STEAM
[src/runtime/RuntimeContext.cpp:1378][APP - INFO] SMG requested system level sound SE_OJ_LV_HD_STEAM
[src/runtime/RuntimeContext.cpp:1378][APP - INFO] SMG requested system level sound SE_OJ_LV_HD_STEAM
[src/runtime/RuntimeContext.cpp:1378][APP - INFO] SMG requested system level sound SE_OJ_LV_HD_STEAM
[src/runtime/RuntimeContext.cpp:1378][APP - INFO] SMG requested system level sound SE_OJ_LV_HD_STEAM
[src/runtime/RuntimeContext.cpp:1378][APP - INFO] SMG requested system level sound SE_OJ_LV_HD_STEAM
[src/runtime/RuntimeContext.cpp:1378][APP - INFO] SMG requested system level sound SE_OJ_LV_HD_STEAM
[src/runtime/RuntimeContext.cpp:1378][APP - INFO] SMG requested system level sound SE_OJ_LV_HD_STEAM
[src/runtime/RuntimeContext.cpp:1378][APP - INFO] SMG requested system level sound SE_OJ_LV_HD_STEAM
[src/runtime/RuntimeContext.cpp:1378][APP - INFO] SMG requested system level sound SE_OJ_LV_HD_STEAM
[src/runtime/RuntimeContext.cpp:1378][APP - INFO] SMG requested system level sound SE_OJ_LV_HD_STEAM
[src/runtime/RuntimeContext.cpp:1378][APP - INFO] SMG requested system level sound SE_OJ_LV_HD_STEAM
[src/runtime/RuntimeContext.cpp:1378][APP - INFO] SMG requested system level sound SE_OJ_LV_HD_STEAM
[src/runtime/RuntimeContext.cpp:1378][APP - INFO] SMG requested system level sound SE_OJ_LV_HD_STEAM
[src/runtime/RuntimeContext.cpp:1378][APP - INFO] SMG requested system level sound SE_OJ_LV_HD_STEAM
[src/runtime/RuntimeContext.cpp:1378][APP - INFO] SMG requested system level sound SE_OJ_LV_HD_STEAM
[src/runtime/RuntimeContext.cpp:1378][APP - INFO] SMG requested system level sound SE_OJ_LV_HD_STEAM
[src/runtime/RuntimeContext.cpp:1378][APP - INFO] SMG requested system level sound SE_OJ_LV_HD_STEAM
[src/runtime/RuntimeContext.cpp:1378][APP - INFO] SMG requested system level sound SE_OJ_LV_HD_STEAM
[src/runtime/RuntimeContext.cpp:1378][APP - INFO] SMG requested system level sound SE_OJ_LV_HD_STEAM
[src/runtime/RuntimeContext.cpp:1378][APP - INFO] SMG requested system level sound SE_OJ_LV_HD_STEAM
[src/runtime/RuntimeContext.cpp:1378][APP - INFO] SMG requested system level sound SE_OJ_LV_HD_STEAM
[src/runtime/RuntimeContext.cpp:1378][APP - INFO] SMG requested system level sound SE_OJ_LV_HD_STEAM
[src/runtime/RuntimeContext.cpp:1378][APP - INFO] SMG requested system level sound SE_OJ_LV_HD_STEAM
[src/runtime/RuntimeContext.cpp:1378][APP - INFO] SMG requested system level sound SE_OJ_LV_HD_STEAM
[src/runtime/RuntimeContext.cpp:1378][APP - INFO] SMG requested system level sound SE_OJ_LV_HD_STEAM
[src/runtime/RuntimeContext.cpp:1378][APP - INFO] SMG requested system level sound SE_OJ_LV_HD_STEAM
[src/runtime/RuntimeContext.cpp:1378][APP - INFO] SMG requested system level sound SE_OJ_LV_HD_STEAM
[src/runtime/RuntimeContext.cpp:1378][APP - INFO] SMG requested system level sound SE_OJ_LV_HD_STEAM
[src/runtime/RuntimeContext.cpp:1378][APP - INFO] SMG requested system level sound SE_OJ_LV_HD_STEAM
[src/runtime/RuntimeContext.cpp:1378][APP - INFO] SMG requested system level sound SE_OJ_LV_HD_STEAM
[src/runtime/RuntimeContext.cpp:1378][APP - INFO] SMG requested system level sound SE_OJ_LV_HD_STEAM
[src/runtime/RuntimeContext.cpp:1378][APP - INFO] SMG requested system level sound SE_OJ_LV_HD_STEAM
[src/runtime/RuntimeContext.cpp:1378][APP - INFO] SMG requested system level sound SE_OJ_LV_HD_STEAM
[src/runtime/RuntimeContext.cpp:1378][APP - INFO] SMG requested system level sound SE_OJ_LV_HD_STEAM
[src/runtime/RuntimeContext.cpp:1378][APP - INFO] SMG requested system level sound SE_OJ_LV_HD_STEAM
[src/runtime/RuntimeContext.cpp:1378][APP - INFO] SMG requested system level sound SE_OJ_LV_HD_STEAM
[src/runtime/RuntimeContext.cpp:1378][APP - INFO] SMG requested system level sound SE_OJ_LV_HD_STEAM
[src/runtime/RuntimeContext.cpp:1378][APP - INFO] SMG requested system level sound SE_OJ_LV_HD_STEAM
[src/runtime/RuntimeContext.cpp:1378][APP - INFO] SMG requested system level sound SE_OJ_LV_HD_STEAM
[src/runtime/RuntimeContext.cpp:1378][APP - INFO] SMG requested system level sound SE_OJ_LV_HD_STEAM
[src/runtime/RuntimeContext.cpp:1378][APP - INFO] SMG requested system level sound SE_OJ_LV_HD_STEAM
[src/runtime/RuntimeContext.cpp:1378][APP - INFO] SMG requested system level sound SE_OJ_LV_HD_STEAM
[src/runtime/RuntimeContext.cpp:1378][APP - INFO] SMG requested system level sound SE_OJ_LV_HD_STEAM
[src/runtime/RuntimeContext.cpp:1378][APP - INFO] SMG requested system level sound SE_OJ_LV_HD_STEAM
[src/runtime/RuntimeContext.cpp:1378][APP - INFO] SMG requested system level sound SE_OJ_LV_HD_STEAM
[src/runtime/RuntimeContext.cpp:1378][APP - INFO] SMG requested system level sound SE_OJ_LV_HD_STEAM
[src/runtime/RuntimeContext.cpp:1378][APP - INFO] SMG requested system level sound SE_OJ_LV_HD_STEAM
[src/runtime/RuntimeContext.cpp:1378][APP - INFO] SMG requested system level sound SE_OJ_LV_HD_STEAM
[src/runtime/RuntimeContext.cpp:1378][APP - INFO] SMG requested system level sound SE_OJ_LV_HD_STEAM
[src/runtime/RuntimeContext.cpp:1378][APP - INFO] SMG requested system level sound SE_OJ_LV_HD_STEAM
[src/runtime/RuntimeContext.cpp:1378][APP - INFO] SMG requested system level sound SE_OJ_LV_HD_STEAM
[src/runtime/RuntimeContext.cpp:1378][APP - INFO] SMG requested system level sound SE_OJ_LV_HD_STEAM
[src/runtime/RuntimeContext.cpp:1378][APP - INFO] SMG requested system level sound SE_OJ_LV_HD_STEAM
[src/runtime/RuntimeContext.cpp:1378][APP - INFO] SMG requested system level sound SE_OJ_LV_HD_STEAM
[src/runtime/RuntimeContext.cpp:1378][APP - INFO] SMG requested system level sound SE_OJ_LV_HD_STEAM
[src/runtime/RuntimeContext.cpp:1378][APP - INFO] SMG requested system level sound SE_OJ_LV_HD_STEAM
[src/runtime/RuntimeContext.cpp:1378][APP - INFO] SMG requested system level sound SE_OJ_LV_HD_STEAM
[src/runtime/RuntimeContext.cpp:1378][APP - INFO] SMG requested system level sound SE_OJ_LV_HD_STEAM
[src/runtime/RuntimeContext.cpp:1378][APP - INFO] SMG requested system level sound SE_OJ_LV_HD_STEAM
[src/runtime/RuntimeContext.cpp:1378][APP - INFO] SMG requested system level sound SE_OJ_LV_HD_STEAM
[src/runtime/RuntimeContext.cpp:1378][APP - INFO] SMG requested system level sound SE_OJ_LV_HD_STEAM
[src/runtime/RuntimeContext.cpp:1378][APP - INFO] SMG requested system level sound SE_OJ_LV_HD_STEAM
[src/runtime/RuntimeContext.cpp:1378][APP - INFO] SMG requested system level sound SE_OJ_LV_HD_STEAM
[src/runtime/RuntimeContext.cpp:1378][APP - INFO] SMG requested system level sound SE_OJ_LV_HD_STEAM
[src/runtime/RuntimeContext.cpp:1378][APP - INFO] SMG requested system level sound SE_OJ_LV_HD_STEAM
[src/runtime/RuntimeContext.cpp:1378][APP - INFO] SMG requested system level sound SE_OJ_LV_HD_STEAM
[src/runtime/RuntimeContext.cpp:1378][APP - INFO] SMG requested system level sound SE_OJ_LV_HD_STEAM
[src/runtime/RuntimeContext.cpp:1378][APP - INFO] SMG requested system level sound SE_OJ_LV_HD_STEAM
[src/runtime/RuntimeContext.cpp:1378][APP - INFO] SMG requested system level sound SE_OJ_LV_HD_STEAM
[src/runtime/RuntimeContext.cpp:1378][APP - INFO] SMG requested system level sound SE_OJ_LV_HD_STEAM
[src/runtime/RuntimeContext.cpp:1378][APP - INFO] SMG requested system level sound SE_OJ_LV_HD_STEAM
[src/runtime/RuntimeContext.cpp:1378][APP - INFO] SMG requested system level sound SE_OJ_LV_HD_STEAM
[src/runtime/RuntimeContext.cpp:1378][APP - INFO] SMG requested system level sound SE_OJ_LV_HD_STEAM
[src/runtime/RuntimeContext.cpp:1378][APP - INFO] SMG requested system level sound SE_OJ_LV_HD_STEAM
[src/runtime/RuntimeContext.cpp:1378][APP - INFO] SMG requested system level sound SE_OJ_LV_HD_STEAM
[src/runtime/RuntimeContext.cpp:1378][APP - INFO] SMG requested system level sound SE_OJ_LV_HD_STEAM
[src/runtime/RuntimeContext.cpp:1378][APP - INFO] SMG requested system level sound SE_OJ_LV_HD_STEAM
[src/runtime/RuntimeContext.cpp:1378][APP - INFO] SMG requested system level sound SE_OJ_LV_HD_STEAM
[src/runtime/RuntimeContext.cpp:1378][APP - INFO] SMG requested system level sound SE_OJ_LV_HD_STEAM
[src/runtime/RuntimeContext.cpp:1378][APP - INFO] SMG requested system level sound SE_OJ_LV_HD_STEAM
[src/runtime/RuntimeContext.cpp:1378][APP - INFO] SMG requested system level sound SE_OJ_LV_HD_STEAM
[src/runtime/RuntimeContext.cpp:1378][APP - INFO] SMG requested system level sound SE_OJ_LV_HD_STEAM
[src/runtime/RuntimeContext.cpp:1378][APP - INFO] SMG requested system level sound SE_OJ_LV_HD_STEAM
[src/runtime/RuntimeContext.cpp:1378][APP - INFO] SMG requested system level sound SE_OJ_LV_HD_STEAM
[src/runtime/RuntimeContext.cpp:1378][APP - INFO] SMG requested system level sound SE_OJ_LV_HD_STEAM
[src/runtime/RuntimeContext.cpp:1378][APP - INFO] SMG requested system level sound SE_OJ_LV_HD_STEAM
[src/runtime/RuntimeContext.cpp:1378][APP - INFO] SMG requested system level sound SE_OJ_LV_HD_STEAM
[src/runtime/RuntimeContext.cpp:1378][APP - INFO] SMG requested system level sound SE_OJ_LV_HD_STEAM
[src/runtime/RuntimeContext.cpp:1378][APP - INFO] SMG requested system level sound SE_OJ_LV_HD_STEAM
[src/runtime/RuntimeContext.cpp:1378][APP - INFO] SMG requested system level sound SE_OJ_LV_HD_STEAM
[src/runtime/RuntimeContext.cpp:1378][APP - INFO] SMG requested system level sound SE_OJ_LV_HD_STEAM
[src/runtime/RuntimeContext.cpp:1378][APP - INFO] SMG requested system level sound SE_OJ_LV_HD_STEAM
[src/runtime/RuntimeContext.cpp:1378][APP - INFO] SMG requested system level sound SE_OJ_LV_HD_STEAM
[src/runtime/RuntimeContext.cpp:1378][APP - INFO] SMG requested system level sound SE_OJ_LV_HD_STEAM
[src/runtime/RuntimeContext.cpp:1378][APP - INFO] SMG requested system level sound SE_OJ_LV_HD_STEAM
[src/runtime/RuntimeContext.cpp:1378][APP - INFO] SMG requested system level sound SE_OJ_LV_HD_STEAM
[src/runtime/RuntimeContext.cpp:1378][APP - INFO] SMG requested system level sound SE_OJ_LV_HD_STEAM
[src/runtime/RuntimeContext.cpp:1378][APP - INFO] SMG requested system level sound SE_OJ_LV_HD_STEAM
[src/runtime/RuntimeContext.cpp:1378][APP - INFO] SMG requested system level sound SE_OJ_LV_HD_STEAM
[src/runtime/RuntimeContext.cpp:1378][APP - INFO] SMG requested system level sound SE_OJ_LV_HD_STEAM
[src/runtime/RuntimeContext.cpp:1378][APP - INFO] SMG requested system level sound SE_OJ_LV_HD_STEAM
[src/runtime/RuntimeContext.cpp:1378][APP - INFO] SMG requested system level sound SE_OJ_LV_HD_STEAM
[src/runtime/RuntimeContext.cpp:1378][APP - INFO] SMG requested system level sound SE_OJ_LV_HD_STEAM
[src/runtime/RuntimeContext.cpp:1378][APP - INFO] SMG requested system level sound SE_OJ_LV_HD_STEAM
[src/runtime/RuntimeContext.cpp:1378][APP - INFO] SMG requested system level sound SE_OJ_LV_HD_STEAM
[src/runtime/RuntimeContext.cpp:1378][APP - INFO] SMG requested system level sound SE_OJ_LV_HD_STEAM
[src/runtime/RuntimeContext.cpp:1378][APP - INFO] SMG requested system level sound SE_OJ_LV_HD_STEAM
[src/runtime/RuntimeContext.cpp:1378][APP - INFO] SMG requested system level sound SE_OJ_LV_HD_STEAM
[src/runtime/RuntimeContext.cpp:1378][APP - INFO] SMG requested system level sound SE_OJ_LV_HD_STEAM
[src/runtime/RuntimeContext.cpp:1378][APP - INFO] SMG requested system level sound SE_OJ_LV_HD_STEAM
[src/runtime/RuntimeContext.cpp:1378][APP - INFO] SMG requested system level sound SE_OJ_LV_HD_STEAM
[src/runtime/RuntimeContext.cpp:1378][APP - INFO] SMG requested system level sound SE_OJ_LV_HD_STEAM
[src/runtime/RuntimeContext.cpp:1378][APP - INFO] SMG requested system level sound SE_OJ_LV_HD_STEAM
[src/runtime/RuntimeContext.cpp:1378][APP - INFO] SMG requested system level sound SE_OJ_LV_HD_STEAM
[src/runtime/RuntimeContext.cpp:1378][APP - INFO] SMG requested system level sound SE_OJ_LV_HD_STEAM
[src/runtime/RuntimeContext.cpp:1378][APP - INFO] SMG requested system level sound SE_OJ_LV_HD_STEAM
[src/runtime/RuntimeContext.cpp:1378][APP - INFO] SMG requested system level sound SE_OJ_LV_HD_STEAM
[src/runtime/RuntimeContext.cpp:1378][APP - INFO] SMG requested system level sound SE_OJ_LV_HD_STEAM
[src/runtime/RuntimeContext.cpp:1378][APP - INFO] SMG requested system level sound SE_OJ_LV_HD_STEAM
[src/runtime/RuntimeContext.cpp:1378][APP - INFO] SMG requested system level sound SE_OJ_LV_HD_STEAM
[src/runtime/RuntimeContext.cpp:1378][APP - INFO] SMG requested system level sound SE_OJ_LV_HD_STEAM
[src/runtime/RuntimeContext.cpp:1378][APP - INFO] SMG requested system level sound SE_OJ_LV_HD_STEAM
[src/runtime/RuntimeContext.cpp:1378][APP - INFO] SMG requested system level sound SE_OJ_LV_HD_STEAM
[src/runtime/RuntimeContext.cpp:1378][APP - INFO] SMG requested system level sound SE_OJ_LV_HD_STEAM
[src/runtime/RuntimeContext.cpp:1378][APP - INFO] SMG requested system level sound SE_OJ_LV_HD_STEAM
[src/runtime/RuntimeContext.cpp:1378][APP - INFO] SMG requested system level sound SE_OJ_LV_HD_STEAM
[src/runtime/RuntimeContext.cpp:1378][APP - INFO] SMG requested system level sound SE_OJ_LV_HD_STEAM
[src/runtime/RuntimeContext.cpp:1378][APP - INFO] SMG requested system level sound SE_OJ_LV_HD_STEAM
[src/runtime/RuntimeContext.cpp:1378][APP - INFO] SMG requested system level sound SE_OJ_LV_HD_STEAM
[src/runtime/RuntimeContext.cpp:1378][APP - INFO] SMG requested system level sound SE_OJ_LV_HD_STEAM
[src/runtime/RuntimeContext.cpp:1378][APP - INFO] SMG requested system level sound SE_OJ_LV_HD_STEAM
[src/runtime/RuntimeContext.cpp:1378][APP - INFO] SMG requested system level sound SE_OJ_LV_HD_STEAM
[src/runtime/RuntimeContext.cpp:1378][APP - INFO] SMG requested system level sound SE_OJ_LV_HD_STEAM
[src/runtime/RuntimeContext.cpp:1378][APP - INFO] SMG requested system level sound SE_OJ_LV_HD_STEAM
[src/runtime/RuntimeContext.cpp:1378][APP - INFO] SMG requested system level sound SE_OJ_LV_HD_STEAM
[src/runtime/RuntimeContext.cpp:1378][APP - INFO] SMG requested system level sound SE_OJ_LV_HD_STEAM
[src/runtime/RuntimeContext.cpp:1378][APP - INFO] SMG requested system level sound SE_OJ_LV_HD_STEAM
[src/runtime/RuntimeContext.cpp:1378][APP - INFO] SMG requested system level sound SE_OJ_LV_HD_STEAM
[src/runtime/RuntimeContext.cpp:1378][APP - INFO] SMG requested system level sound SE_OJ_LV_HD_STEAM
[src/runtime/RuntimeContext.cpp:1378][APP - INFO] SMG requested system level sound SE_OJ_LV_HD_STEAM
[src/runtime/RuntimeContext.cpp:1378][APP - INFO] SMG requested system level sound SE_OJ_LV_HD_STEAM
[src/runtime/RuntimeContext.cpp:1378][APP - INFO] SMG requested system level sound SE_OJ_LV_HD_STEAM
[src/runtime/RuntimeContext.cpp:1378][APP - INFO] SMG requested system level sound SE_OJ_LV_HD_STEAM
[src/runtime/RuntimeContext.cpp:1378][APP - INFO] SMG requested system level sound SE_OJ_LV_HD_STEAM
[src/runtime/RuntimeContext.cpp:1378][APP - INFO] SMG requested system level sound SE_OJ_LV_HD_STEAM
[src/runtime/RuntimeContext.cpp:1378][APP - INFO] SMG requested system level sound SE_OJ_LV_HD_STEAM
[src/runtime/RuntimeContext.cpp:1378][APP - INFO] SMG requested system level sound SE_OJ_LV_HD_STEAM
[src/runtime/RuntimeContext.cpp:1378][APP - INFO] SMG requested system level sound SE_OJ_LV_HD_STEAM
[src/runtime/RuntimeContext.cpp:1378][APP - INFO] SMG requested system level sound SE_OJ_LV_HD_STEAM
[src/runtime/RuntimeContext.cpp:1378][APP - INFO] SMG requested system level sound SE_OJ_LV_HD_STEAM
[src/runtime/RuntimeContext.cpp:1378][APP - INFO] SMG requested system level sound SE_OJ_LV_HD_STEAM
[src/runtime/RuntimeContext.cpp:1378][APP - INFO] SMG requested system level sound SE_OJ_LV_HD_STEAM
[src/runtime/RuntimeContext.cpp:1378][APP - INFO] SMG requested system level sound SE_OJ_LV_HD_STEAM
[src/runtime/RuntimeContext.cpp:1378][APP - INFO] SMG requested system level sound SE_OJ_LV_HD_STEAM
[src/runtime/RuntimeContext.cpp:1378][APP - INFO] SMG requested system level sound SE_OJ_LV_HD_STEAM
[src/runtime/RuntimeContext.cpp:1378][APP - INFO] SMG requested system level sound SE_OJ_LV_HD_STEAM
[src/runtime/RuntimeContext.cpp:1378][APP - INFO] SMG requested system level sound SE_OJ_LV_HD_STEAM
[src/runtime/RuntimeContext.cpp:1378][APP - INFO] SMG requested system level sound SE_OJ_LV_HD_STEAM
[src/runtime/RuntimeContext.cpp:1378][APP - INFO] SMG requested system level sound SE_OJ_LV_HD_STEAM
[src/runtime/RuntimeContext.cpp:1378][APP - INFO] SMG requested system level sound SE_OJ_LV_HD_STEAM
[src/runtime/RuntimeContext.cpp:1378][APP - INFO] SMG requested system level sound SE_OJ_LV_HD_STEAM
[src/runtime/RuntimeContext.cpp:1378][APP - INFO] SMG requested system level sound SE_OJ_LV_HD_STEAM
[src/runtime/RuntimeContext.cpp:1378][APP - INFO] SMG requested system level sound SE_OJ_LV_HD_STEAM
[src/runtime/RuntimeContext.cpp:1378][APP - INFO] SMG requested system level sound SE_OJ_LV_HD_STEAM
[src/runtime/RuntimeContext.cpp:1378][APP - INFO] SMG requested system level sound SE_OJ_LV_HD_STEAM
[src/runtime/RuntimeContext.cpp:1378][APP - INFO] SMG requested system level sound SE_OJ_LV_HD_STEAM
[src/runtime/RuntimeContext.cpp:1378][APP - INFO] SMG requested system level sound SE_OJ_LV_HD_STEAM
[src/runtime/RuntimeContext.cpp:1378][APP - INFO] SMG requested system level sound SE_OJ_LV_HD_STEAM
[src/runtime/RuntimeContext.cpp:1378][APP - INFO] SMG requested system level sound SE_OJ_LV_HD_STEAM
[src/runtime/RuntimeContext.cpp:1378][APP - INFO] SMG requested system level sound SE_OJ_LV_HD_STEAM
[src/runtime/RuntimeContext.cpp:1378][APP - INFO] SMG requested system level sound SE_OJ_LV_HD_STEAM
[src/runtime/RuntimeContext.cpp:1378][APP - INFO] SMG requested system level sound SE_OJ_LV_HD_STEAM
[src/runtime/RuntimeContext.cpp:1378][APP - INFO] SMG requested system level sound SE_OJ_LV_HD_STEAM
[src/runtime/RuntimeContext.cpp:1378][APP - INFO] SMG requested system level sound SE_OJ_LV_HD_STEAM
[src/runtime/RuntimeContext.cpp:1378][APP - INFO] SMG requested system level sound SE_OJ_LV_HD_STEAM
[src/runtime/RuntimeContext.cpp:1378][APP - INFO] SMG requested system level sound SE_OJ_LV_HD_STEAM
[src/runtime/RuntimeContext.cpp:1378][APP - INFO] SMG requested system level sound SE_OJ_LV_HD_STEAM
[src/runtime/RuntimeContext.cpp:1378][APP - INFO] SMG requested system level sound SE_OJ_LV_HD_STEAM
[src/runtime/RuntimeContext.cpp:1378][APP - INFO] SMG requested system level sound SE_OJ_LV_HD_STEAM
[src/runtime/RuntimeContext.cpp:1378][APP - INFO] SMG requested system level sound SE_OJ_LV_HD_STEAM
[src/runtime/RuntimeContext.cpp:1378][APP - INFO] SMG requested system level sound SE_OJ_LV_HD_STEAM
[src/runtime/RuntimeContext.cpp:1378][APP - INFO] SMG requested system level sound SE_OJ_LV_HD_STEAM
[src/runtime/RuntimeContext.cpp:1378][APP - INFO] SMG requested system level sound SE_OJ_LV_HD_STEAM
[src/runtime/RuntimeContext.cpp:1378][APP - INFO] SMG requested system level sound SE_OJ_LV_HD_STEAM
[src/runtime/RuntimeContext.cpp:1378][APP - INFO] SMG requested system level sound SE_OJ_LV_HD_STEAM
[src/runtime/RuntimeContext.cpp:1378][APP - INFO] SMG requested system level sound SE_OJ_LV_HD_STEAM
[src/runtime/RuntimeContext.cpp:1378][APP - INFO] SMG requested system level sound SE_OJ_LV_HD_STEAM
[src/runtime/RuntimeContext.cpp:1378][APP - INFO] SMG requested system level sound SE_OJ_LV_HD_STEAM
[src/runtime/RuntimeContext.cpp:1378][APP - INFO] SMG requested system level sound SE_OJ_LV_HD_STEAM
[src/runtime/RuntimeContext.cpp:1378][APP - INFO] SMG requested system level sound SE_OJ_LV_HD_STEAM
[src/runtime/RuntimeContext.cpp:1378][APP - INFO] SMG requested system level sound SE_OJ_LV_HD_STEAM
[src/runtime/RuntimeContext.cpp:1378][APP - INFO] SMG requested system level sound SE_OJ_LV_HD_STEAM
[src/runtime/RuntimeContext.cpp:1378][APP - INFO] SMG requested system level sound SE_OJ_LV_HD_STEAM
[src/runtime/RuntimeContext.cpp:1378][APP - INFO] SMG requested system level sound SE_OJ_LV_HD_STEAM
[src/runtime/RuntimeContext.cpp:1378][APP - INFO] SMG requested system level sound SE_OJ_LV_HD_STEAM
[src/runtime/RuntimeContext.cpp:1378][APP - INFO] SMG requested system level sound SE_OJ_LV_HD_STEAM
[src/runtime/RuntimeContext.cpp:1378][APP - INFO] SMG requested system level sound SE_OJ_LV_HD_STEAM
[src/runtime/RuntimeContext.cpp:1378][APP - INFO] SMG requested system level sound SE_OJ_LV_HD_STEAM
[src/runtime/RuntimeContext.cpp:1378][APP - INFO] SMG requested system level sound SE_OJ_LV_HD_STEAM
[src/runtime/RuntimeContext.cpp:1485][APP - INFO] SMG semantic event camera:missing_scene_camera_pose (using default_scene_camera_pose)
[src/runtime/RuntimeContext.cpp:1453][APP - INFO] Resolved original object archive VROrbit -> /ObjectData/VROrbit.arc
[src/runtime/RuntimeContext.cpp:1453][APP - INFO] Resolved original object archive LensFlare -> /ObjectData/LensFlare.arc
[src/runtime/RuntimeContext.cpp:1453][APP - INFO] Resolved original object archive SpinDriver -> /ObjectData/SpinDriver.arc
[src/runtime/RuntimeContext.cpp:1453][APP - INFO] Resolved original object archive SuperSpinDriver -> /ObjectData/SuperSpinDriver.arc
[src/runtime/RuntimeContext.cpp:1453][APP - INFO] Resolved original object archive SuperSpinDriver -> /ObjectData/SuperSpinDriver.arc
[src/runtime/RuntimeContext.cpp:1453][APP - INFO] Resolved original object archive EarthenPipe -> /ObjectData/EarthenPipe.arc
[src/runtime/RuntimeContext.cpp:1453][APP - INFO] Resolved original object archive EarthenPipe -> /ObjectData/EarthenPipe.arc
[src/runtime/RuntimeContext.cpp:1453][APP - INFO] Resolved original object archive Flower -> /ObjectData/Flower.arc
[src/runtime/RuntimeContext.cpp:1453][APP - INFO] Resolved original object archive FlowerBlue -> /ObjectData/FlowerBlue.arc
[src/runtime/RuntimeContext.cpp:1453][APP - INFO] Resolved original object archive Butterfly -> /ObjectData/Butterfly.arc
[src/runtime/RuntimeContext.cpp:1453][APP - INFO] Resolved original object archive Butterfly -> /ObjectData/Butterfly.arc
[src/runtime/RuntimeContext.cpp:1453][APP - INFO] Resolved original object archive Butterfly -> /ObjectData/Butterfly.arc
[src/runtime/RuntimeContext.cpp:1453][APP - INFO] Resolved original object archive PunchingKinoko -> /ObjectData/PunchingKinoko.arc
[src/runtime/RuntimeContext.cpp:1453][APP - INFO] Resolved original object archive PunchingKinoko -> /ObjectData/PunchingKinoko.arc
[src/runtime/RuntimeContext.cpp:1453][APP - INFO] Resolved original object archive PunchingKinoko -> /ObjectData/PunchingKinoko.arc
[src/runtime/RuntimeContext.cpp:1453][APP - INFO] Resolved original object archive PunchingKinoko -> /ObjectData/PunchingKinoko.arc
[src/runtime/RuntimeContext.cpp:1453][APP - INFO] Resolved original object archive PunchingKinoko -> /ObjectData/PunchingKinoko.arc
[src/runtime/RuntimeContext.cpp:1453][APP - INFO] Resolved original object archive PunchingKinoko -> /ObjectData/PunchingKinoko.arc
[src/runtime/RuntimeContext.cpp:1453][APP - INFO] Resolved original object archive PunchingKinoko -> /ObjectData/PunchingKinoko.arc
[src/runtime/RuntimeContext.cpp:1453][APP - INFO] Resolved original object archive PunchingKinoko -> /ObjectData/PunchingKinoko.arc
[src/runtime/RuntimeContext.cpp:1453][APP - INFO] Resolved original object archive PunchingKinoko -> /ObjectData/PunchingKinoko.arc
[src/runtime/RuntimeContext.cpp:1453][APP - INFO] Resolved original object archive PunchingKinoko -> /ObjectData/PunchingKinoko.arc
[src/runtime/RuntimeContext.cpp:1453][APP - INFO] Resolved original object archive CutBush -> /ObjectData/CutBush.arc
[src/runtime/RuntimeContext.cpp:1453][APP - INFO] Resolved original object archive WarpPod -> /ObjectData/WarpPod.arc
[src/runtime/RuntimeContext.cpp:1453][APP - INFO] Resolved original object archive WarpPod -> /ObjectData/WarpPod.arc
[src/runtime/RuntimeContext.cpp:1453][APP - INFO] Resolved original object archive EarthenPipe -> /ObjectData/EarthenPipe.arc
[src/runtime/RuntimeContext.cpp:1453][APP - INFO] Resolved original object archive EarthenPipe -> /ObjectData/EarthenPipe.arc
[src/runtime/RuntimeContext.cpp:1453][APP - INFO] Resolved original object archive PunchingKinoko -> /ObjectData/PunchingKinoko.arc
[src/runtime/RuntimeContext.cpp:1453][APP - INFO] Resolved original object archive PunchingKinoko -> /ObjectData/PunchingKinoko.arc
[src/runtime/RuntimeContext.cpp:1453][APP - INFO] Resolved original object archive PunchingKinoko -> /ObjectData/PunchingKinoko.arc
[src/runtime/RuntimeContext.cpp:1453][APP - INFO] Resolved original object archive PunchingKinoko -> /ObjectData/PunchingKinoko.arc
[src/runtime/RuntimeContext.cpp:1453][APP - INFO] Resolved original object archive HeavensDoorMysteriousPlanet -> /ObjectData/HeavensDoorMysteriousPlanet.arc
[src/runtime/RuntimeContext.cpp:1453][APP - INFO] Resolved original object archive SphereAir -> /ObjectData/SphereAir.arc
[src/runtime/RuntimeContext.cpp:1453][APP - INFO] Resolved original object archive StarPiece -> /ObjectData/StarPiece.arc
[src/runtime/RuntimeContext.cpp:1453][APP - INFO] Resolved original object archive StarPiece -> /ObjectData/StarPiece.arc
[src/runtime/RuntimeContext.cpp:1453][APP - INFO] Resolved original object archive StarPiece -> /ObjectData/StarPiece.arc
[src/runtime/RuntimeContext.cpp:1453][APP - INFO] Resolved original object archive HeavensDoorHouseDoor -> /ObjectData/HeavensDoorHouseDoor.arc
[src/runtime/RuntimeContext.cpp:1453][APP - INFO] Resolved original object archive HeavensDoorFlowerA -> /ObjectData/HeavensDoorFlowerA.arc
[src/runtime/RuntimeContext.cpp:1453][APP - INFO] Resolved original object archive HeavensDoorAppearStepAAfter -> /ObjectData/HeavensDoorAppearStepAAfter.arc
[src/runtime/RuntimeContext.cpp:1453][APP - INFO] Resolved original object archive StarPiece -> /ObjectData/StarPiece.arc
[src/runtime/RuntimeContext.cpp:1453][APP - INFO] Resolved original object archive StarPiece -> /ObjectData/StarPiece.arc
[src/runtime/RuntimeContext.cpp:1453][APP - INFO] Resolved original object archive StarPiece -> /ObjectData/StarPiece.arc
[src/runtime/RuntimeContext.cpp:1453][APP - INFO] Resolved original object archive StarPiece -> /ObjectData/StarPiece.arc
[src/runtime/RuntimeContext.cpp:1453][APP - INFO] Resolved original object archive CrystalCageM -> /ObjectData/CrystalCageM.arc
[src/runtime/RuntimeContext.cpp:1453][APP - INFO] Resolved original object archive CrystalCageM -> /ObjectData/CrystalCageM.arc
[src/runtime/RuntimeContext.cpp:1453][APP - INFO] Resolved original object archive CrystalCageM -> /ObjectData/CrystalCageM.arc
[src/runtime/RuntimeContext.cpp:1453][APP - INFO] Resolved original object archive Tico -> /ObjectData/Tico.arc
[src/runtime/RuntimeContext.cpp:1453][APP - INFO] Resolved original object archive TrickRabbit -> /ObjectData/TrickRabbit.arc
[src/runtime/RuntimeContext.cpp:1453][APP - INFO] Resolved original object archive Rosetta -> /ObjectData/Rosetta.arc
[src/runtime/RuntimeContext.cpp:1453][APP - INFO] Resolved original object archive TicoBaby -> /ObjectData/TicoBaby.arc
[src/runtime/RuntimeContext.cpp:1453][APP - INFO] Resolved original object archive HeavensDoorAppearStepA -> /ObjectData/HeavensDoorAppearStepA.arc
[src/runtime/RuntimeContext.cpp:1453][APP - INFO] Resolved original object archive Tico -> /ObjectData/Tico.arc
[src/runtime/RuntimeContext.cpp:1453][APP - INFO] Resolved original object archive CapsuleCage -> /ObjectData/CapsuleCage.arc
[src/runtime/RuntimeContext.cpp:1453][APP - INFO] Resolved original object archive Kuribo -> /ObjectData/Kuribo.arc
[src/runtime/RuntimeContext.cpp:1453][APP - INFO] Resolved original object archive HeavensDoorSmallPlanet -> /ObjectData/HeavensDoorSmallPlanet.arc
[src/runtime/RuntimeContext.cpp:1453][APP - INFO] Resolved original object archive CrystalCageS -> /ObjectData/CrystalCageS.arc
[src/runtime/RuntimeContext.cpp:1453][APP - INFO] Resolved original object archive CrystalCageS -> /ObjectData/CrystalCageS.arc
[src/runtime/RuntimeContext.cpp:1453][APP - INFO] Resolved original object archive CrystalCageS -> /ObjectData/CrystalCageS.arc
[src/runtime/RuntimeContext.cpp:1453][APP - INFO] Resolved original object archive CrystalCageS -> /ObjectData/CrystalCageS.arc
[src/runtime/RuntimeContext.cpp:1453][APP - INFO] Resolved original object archive KuriboMini -> /ObjectData/KuriboMini.arc
[src/runtime/RuntimeContext.cpp:1453][APP - INFO] Resolved original object archive KuriboMini -> /ObjectData/KuriboMini.arc
[src/runtime/RuntimeContext.cpp:1453][APP - INFO] Resolved original object archive KuriboMini -> /ObjectData/KuriboMini.arc
[src/runtime/RuntimeContext.cpp:1453][APP - INFO] Resolved original object archive ShockWaveGenerator -> /ObjectData/ShockWaveGenerator.arc
[src/runtime/RuntimeContext.cpp:1453][APP - INFO] Resolved original object archive KuriboMini -> /ObjectData/KuriboMini.arc
[src/runtime/RuntimeContext.cpp:1453][APP - INFO] Resolved original object archive HeavensDoorMiddleRotatePartsB -> /ObjectData/HeavensDoorMiddleRotatePartsB.arc
[src/runtime/RuntimeContext.cpp:1453][APP - INFO] Resolved original object archive HeavensDoorMiddleRotatePartsA -> /ObjectData/HeavensDoorMiddleRotatePartsA.arc
[src/runtime/RuntimeContext.cpp:1453][APP - INFO] Resolved original object archive KuriboMini -> /ObjectData/KuriboMini.arc
[src/runtime/RuntimeContext.cpp:1453][APP - INFO] Resolved original object archive Kuribo -> /ObjectData/Kuribo.arc
[src/runtime/RuntimeContext.cpp:1453][APP - INFO] Resolved original object archive Kuribo -> /ObjectData/Kuribo.arc
[src/runtime/RuntimeContext.cpp:1453][APP - INFO] Resolved original object archive Kuribo -> /ObjectData/Kuribo.arc
[src/runtime/RuntimeContext.cpp:1453][APP - INFO] Resolved original object archive KoopaJrNormalShipA -> /ObjectData/KoopaJrNormalShipA.arc
[src/runtime/RuntimeContext.cpp:1453][APP - INFO] Resolved original object archive KoopaJrNormalShipA -> /ObjectData/KoopaJrNormalShipA.arc
[src/runtime/RuntimeContext.cpp:1453][APP - INFO] Resolved original object archive KoopaJrNormalShipA -> /ObjectData/KoopaJrNormalShipA.arc
[src/runtime/RuntimeContext.cpp:1453][APP - INFO] Resolved original object archive CapsuleCage -> /ObjectData/CapsuleCage.arc
[src/runtime/RuntimeContext.cpp:1453][APP - INFO] Resolved original object archive Tico -> /ObjectData/Tico.arc
[src/runtime/RuntimeContext.cpp:1453][APP - INFO] Resolved original object archive HeavensDoorMiddlePlanet -> /ObjectData/HeavensDoorMiddlePlanet.arc
[src/runtime/RuntimeContext.cpp:1453][APP - INFO] Resolved original object archive KuriboChief -> /ObjectData/KuriboChief.arc
[src/runtime/RuntimeContext.cpp:1453][APP - INFO] Resolved original object archive Kuribo -> /ObjectData/Kuribo.arc
[src/runtime/RuntimeContext.cpp:1453][APP - INFO] Resolved original object archive Kuribo -> /ObjectData/Kuribo.arc
[src/runtime/RuntimeContext.cpp:1453][APP - INFO] Resolved original object archive ShockWaveGenerator -> /ObjectData/ShockWaveGenerator.arc
[src/runtime/RuntimeContext.cpp:1453][APP - INFO] Resolved original object archive ShockWaveGenerator -> /ObjectData/ShockWaveGenerator.arc
[src/runtime/RuntimeContext.cpp:1453][APP - INFO] Resolved original object archive ShockWaveGenerator -> /ObjectData/ShockWaveGenerator.arc
[src/runtime/RuntimeContext.cpp:1453][APP - INFO] Resolved original object archive ShockWaveGenerator -> /ObjectData/ShockWaveGenerator.arc
[src/runtime/RuntimeContext.cpp:1453][APP - INFO] Resolved original object archive ShockWaveGenerator -> /ObjectData/ShockWaveGenerator.arc
[src/runtime/RuntimeContext.cpp:1453][APP - INFO] Resolved original object archive ShockWaveGenerator -> /ObjectData/ShockWaveGenerator.arc
[src/runtime/RuntimeContext.cpp:1453][APP - INFO] Resolved original object archive ShockWaveGenerator -> /ObjectData/ShockWaveGenerator.arc
[src/runtime/RuntimeContext.cpp:1453][APP - INFO] Resolved original object archive ShockWaveGenerator -> /ObjectData/ShockWaveGenerator.arc
[src/runtime/RuntimeContext.cpp:1453][APP - INFO] Resolved original object archive KuriboMini -> /ObjectData/KuriboMini.arc
[src/runtime/RuntimeContext.cpp:1453][APP - INFO] Resolved original object archive Tico -> /ObjectData/Tico.arc
[src/runtime/RuntimeContext.cpp:1453][APP - INFO] Resolved original object archive HeavensDoorInsideRotatePartsB -> /ObjectData/HeavensDoorInsideRotatePartsB.arc
[src/runtime/RuntimeContext.cpp:1453][APP - INFO] Resolved original object archive HeavensDoorInsideRotatePartsA -> /ObjectData/HeavensDoorInsideRotatePartsA.arc
[src/runtime/RuntimeContext.cpp:1453][APP - INFO] Resolved original object archive HeavensDoorInsideRotatePartsC -> /ObjectData/HeavensDoorInsideRotatePartsC.arc
[src/runtime/RuntimeContext.cpp:1453][APP - INFO] Resolved original object archive Kuribo -> /ObjectData/Kuribo.arc
[src/runtime/RuntimeContext.cpp:1453][APP - INFO] Resolved original object archive Kuribo -> /ObjectData/Kuribo.arc
[src/runtime/RuntimeContext.cpp:1453][APP - INFO] Resolved original object archive Tico -> /ObjectData/Tico.arc
[src/runtime/RuntimeContext.cpp:1453][APP - INFO] Resolved original object archive Tico -> /ObjectData/Tico.arc
[src/runtime/RuntimeContext.cpp:1453][APP - INFO] Resolved original object archive HeavensDoorInsideCage -> /ObjectData/HeavensDoorInsideCage.arc
[src/runtime/RuntimeContext.cpp:1453][APP - INFO] Resolved original object archive HeavensDoorInsidePlanet -> /ObjectData/HeavensDoorInsidePlanet.arc
[src/runtime/RuntimeContext.cpp:1453][APP - INFO] Resolved original object archive HeavensDoorInsidePlanetPartsA -> /ObjectData/HeavensDoorInsidePlanetPartsA.arc
[src/runtime/RuntimeContext.cpp:1453][APP - INFO] Resolved original object archive FlipPanelReverse -> /ObjectData/FlipPanelReverse.arc
[src/runtime/RuntimeContext.cpp:1453][APP - INFO] Resolved original object archive Kuribo -> /ObjectData/Kuribo.arc
[src/runtime/RuntimeContext.cpp:1453][APP - INFO] Resolved original object archive FlipPanelReverse -> /ObjectData/FlipPanelReverse.arc
[src/runtime/RuntimeContext.cpp:1453][APP - INFO] Resolved original object archive FlipPanelReverse -> /ObjectData/FlipPanelReverse.arc
[src/runtime/RuntimeContext.cpp:1453][APP - INFO] Resolved original object archive FlipPanelReverse -> /ObjectData/FlipPanelReverse.arc
[src/runtime/RuntimeContext.cpp:1453][APP - INFO] Resolved original object archive FlipPanelReverse -> /ObjectData/FlipPanelReverse.arc
[src/runtime/RuntimeContext.cpp:1453][APP - INFO] Resolved original object archive FlipPanelReverse -> /ObjectData/FlipPanelReverse.arc
[src/runtime/RuntimeContext.cpp:1453][APP - INFO] Resolved original object archive FlipPanelReverse -> /ObjectData/FlipPanelReverse.arc
[src/runtime/RuntimeContext.cpp:1453][APP - INFO] Resolved original object archive FlipPanelReverse -> /ObjectData/FlipPanelReverse.arc
[src/runtime/RuntimeContext.cpp:1453][APP - INFO] Resolved original object archive FlipPanelReverse -> /ObjectData/FlipPanelReverse.arc
[src/runtime/RuntimeContext.cpp:1453][APP - INFO] Resolved original object archive FlipPanelReverse -> /ObjectData/FlipPanelReverse.arc
[src/runtime/RuntimeContext.cpp:1453][APP - INFO] Resolved original object archive FlipPanelReverse -> /ObjectData/FlipPanelReverse.arc
[src/runtime/RuntimeContext.cpp:1453][APP - INFO] Resolved original object archive FlipPanelReverse -> /ObjectData/FlipPanelReverse.arc
[src/runtime/RuntimeContext.cpp:1453][APP - INFO] Resolved original object archive FlipPanelReverse -> /ObjectData/FlipPanelReverse.arc
[src/runtime/RuntimeContext.cpp:1453][APP - INFO] Resolved original object archive FlipPanelReverse -> /ObjectData/FlipPanelReverse.arc
[src/runtime/RuntimeContext.cpp:1453][APP - INFO] Resolved original object archive FlipPanelReverse -> /ObjectData/FlipPanelReverse.arc
[src/runtime/RuntimeContext.cpp:1453][APP - INFO] Resolved original object archive FlipPanelReverse -> /ObjectData/FlipPanelReverse.arc
[src/runtime/RuntimeContext.cpp:1453][APP - INFO] Resolved original object archive GrandStar -> /ObjectData/GrandStar.arc
[src/runtime/RuntimeContext.cpp:1453][APP - INFO] Resolved original object archive BlackHole -> /ObjectData/BlackHole.arc
[src/runtime/RuntimeContext.cpp:1453][APP - INFO] Resolved original object archive YellowChip -> /ObjectData/YellowChip.arc
[src/runtime/RuntimeContext.cpp:1453][APP - INFO] Resolved original object archive YellowChip -> /ObjectData/YellowChip.arc
[src/runtime/RuntimeContext.cpp:1453][APP - INFO] Resolved original object archive YellowChip -> /ObjectData/YellowChip.arc
[src/runtime/RuntimeContext.cpp:1453][APP - INFO] Resolved original object archive YellowChip -> /ObjectData/YellowChip.arc
[src/runtime/RuntimeContext.cpp:1453][APP - INFO] Resolved original object archive YellowChip -> /ObjectData/YellowChip.arc
[src/runtime/RuntimeContext.cpp:1453][APP - INFO] Resolved original object archive MeteorStrike -> /ObjectData/MeteorStrike.arc
[src/runtime/RuntimeContext.cpp:1453][APP - INFO] Resolved original object archive MeteorStrike -> /ObjectData/MeteorStrike.arc
[src/runtime/RuntimeContext.cpp:1453][APP - INFO] Resolved original object archive KuriboMini -> /ObjectData/KuriboMini.arc
[src/runtime/RuntimeContext.cpp:1453][APP - INFO] Resolved original object archive Tico -> /ObjectData/Tico.arc
[src/runtime/RuntimeContext.cpp:1453][APP - INFO] Resolved original object archive KinokoOneUp -> /ObjectData/KinokoOneUp.arc
[src/runtime/RuntimeContext.cpp:1453][APP - INFO] Resolved original object archive CrystalCageS -> /ObjectData/CrystalCageS.arc
[src/runtime/RuntimeContext.cpp:1453][APP - INFO] Resolved original object archive CrystalCageS -> /ObjectData/CrystalCageS.arc
[src/runtime/RuntimeContext.cpp:1453][APP - INFO] Resolved original object archive CrystalCageS -> /ObjectData/CrystalCageS.arc
[src/runtime/RuntimeContext.cpp:1453][APP - INFO] Resolved original object archive HeavensDoorBlackHolePlanet -> /ObjectData/HeavensDoorBlackHolePlanet.arc
[src/runtime/RuntimeContext.cpp:1453][APP - INFO] Resolved original object archive KuriboMini -> /ObjectData/KuriboMini.arc
[src/runtime/RuntimeContext.cpp:1453][APP - INFO] Resolved original object archive Coin -> /ObjectData/Coin.arc
[src/runtime/RuntimeContext.cpp:1453][APP - INFO] Resolved original object archive Coin -> /ObjectData/Coin.arc
[src/runtime/RuntimeContext.cpp:1453][APP - INFO] Resolved original object archive Coin -> /ObjectData/Coin.arc
[src/runtime/RuntimeContext.cpp:1453][APP - INFO] Resolved original object archive Coin -> /ObjectData/Coin.arc
[src/runtime/RuntimeContext.cpp:1453][APP - INFO] Resolved original object archive Coin -> /ObjectData/Coin.arc
[src/runtime/RuntimeContext.cpp:1453][APP - INFO] Resolved original object archive Coin -> /ObjectData/Coin.arc
[src/runtime/RuntimeContext.cpp:1453][APP - INFO] Resolved original object archive Coin -> /ObjectData/Coin.arc
[src/runtime/RuntimeContext.cpp:1453][APP - INFO] Resolved original object archive Coin -> /ObjectData/Coin.arc
[src/runtime/RuntimeContext.cpp:1453][APP - INFO] Resolved original object archive Coin -> /ObjectData/Coin.arc
[src/runtime/RuntimeContext.cpp:1453][APP - INFO] Resolved original object archive Coin -> /ObjectData/Coin.arc
[src/runtime/RuntimeContext.cpp:1453][APP - INFO] Resolved original object archive Coin -> /ObjectData/Coin.arc
[src/runtime/RuntimeContext.cpp:1453][APP - INFO] Resolved original object archive Coin -> /ObjectData/Coin.arc
[src/runtime/RuntimeContext.cpp:1453][APP - INFO] Resolved original object archive Coin -> /ObjectData/Coin.arc
[src/runtime/RuntimeContext.cpp:1453][APP - INFO] Resolved original object archive Coin -> /ObjectData/Coin.arc
[src/runtime/RuntimeContext.cpp:1453][APP - INFO] Resolved original object archive Coin -> /ObjectData/Coin.arc
[src/runtime/RuntimeContext.cpp:1453][APP - INFO] Resolved original object archive Coin -> /ObjectData/Coin.arc
[src/runtime/RuntimeContext.cpp:1453][APP - INFO] Resolved original object archive Coin -> /ObjectData/Coin.arc
[src/runtime/RuntimeContext.cpp:1453][APP - INFO] Resolved original object archive Coin -> /ObjectData/Coin.arc
[src/runtime/RuntimeContext.cpp:1453][APP - INFO] Resolved original object archive Coin -> /ObjectData/Coin.arc
[src/runtime/RuntimeContext.cpp:1453][APP - INFO] Resolved original object archive Coin -> /ObjectData/Coin.arc
[src/runtime/RuntimeContext.cpp:1453][APP - INFO] Resolved original object archive Coin -> /ObjectData/Coin.arc
[src/runtime/RuntimeContext.cpp:1453][APP - INFO] Resolved original object archive Coin -> /ObjectData/Coin.arc
[src/runtime/RuntimeContext.cpp:1453][APP - INFO] Resolved original object archive Co