static const uint8_t fs_gx_material_spv[60439] =
{
	0x46, 0x53, 0x48, 0x0b, 0xdd, 0x2c, 0xd7, 0xd4, 0x00, 0x00, 0x00, 0x00, 0x1c, 0x00, 0x13, 0x75, // FSH..,.........u
	0x5f, 0x67, 0x78, 0x5f, 0x61, 0x6c, 0x70, 0x68, 0x61, 0x5f, 0x63, 0x6f, 0x6d, 0x70, 0x61, 0x72, // _gx_alpha_compar
	0x65, 0x31, 0x12, 0x01, 0x80, 0x01, 0x01, 0x00, 0x00, 0x00, 0x00, 0x00, 0x13, 0x75, 0x5f, 0x67, // e1...........u_g
	0x78, 0x5f, 0x61, 0x6c, 0x70, 0x68, 0x61, 0x5f, 0x63, 0x6f, 0x6d, 0x70, 0x61, 0x72, 0x65, 0x30, // x_alpha_compare0
	0x12, 0x01, 0x70, 0x01, 0x01, 0x00, 0x00, 0x00, 0x00, 0x00, 0x0d, 0x75, 0x5f, 0x67, 0x78, 0x5f, // ..p........u_gx_
	0x74, 0x65, 0x76, 0x5f, 0x72, 0x65, 0x67, 0x30, 0x12, 0x01, 0x30, 0x01, 0x01, 0x00, 0x00, 0x00, // tev_reg0..0.....
	0x00, 0x00, 0x0d, 0x75, 0x5f, 0x67, 0x78, 0x5f, 0x74, 0x65, 0x76, 0x5f, 0x72, 0x65, 0x67, 0x31, // ...u_gx_tev_reg1
	0x12, 0x01, 0x40, 0x01, 0x01, 0x00, 0x00, 0x00, 0x00, 0x00, 0x0d, 0x75, 0x5f, 0x67, 0x78, 0x5f, // ..@........u_gx_
	0x74, 0x65, 0x76, 0x5f, 0x72, 0x65, 0x67, 0x32, 0x12, 0x01, 0x50, 0x01, 0x01, 0x00, 0x00, 0x00, // tev_reg2..P.....
	0x00, 0x00, 0x0d, 0x75, 0x5f, 0x67, 0x78, 0x5f, 0x74, 0x65, 0x76, 0x5f, 0x72, 0x65, 0x67, 0x33, // ...u_gx_tev_reg3
	0x12, 0x01, 0x60, 0x01, 0x01, 0x00, 0x00, 0x00, 0x00, 0x00, 0x0d, 0x75, 0x5f, 0x67, 0x78, 0x5f, // ..`........u_gx_
	0x74, 0x65, 0x76, 0x5f, 0x6f, 0x75, 0x74, 0x30, 0x12, 0x01, 0xd0, 0x00, 0x01, 0x00, 0x00, 0x00, // tev_out0........
	0x00, 0x00, 0x12, 0x75, 0x5f, 0x67, 0x78, 0x5f, 0x74, 0x65, 0x76, 0x5f, 0x63, 0x6f, 0x6c, 0x6f, // ...u_gx_tev_colo
	0x72, 0x5f, 0x69, 0x6e, 0x30, 0x12, 0x01, 0x10, 0x00, 0x01, 0x00, 0x00, 0x00, 0x00, 0x00, 0x12, // r_in0...........
	0x75, 0x5f, 0x67, 0x78, 0x5f, 0x74, 0x65, 0x76, 0x5f, 0x61, 0x6c, 0x70, 0x68, 0x61, 0x5f, 0x69, // u_gx_tev_alpha_i
	0x6e, 0x30, 0x12, 0x01, 0x40, 0x00, 0x01, 0x00, 0x00, 0x00, 0x00, 0x00, 0x12, 0x75, 0x5f, 0x67, // n0..@........u_g
	0x78, 0x5f, 0x74, 0x65, 0x76, 0x5f, 0x63, 0x6f, 0x6c, 0x6f, 0x72, 0x5f, 0x6f, 0x70, 0x30, 0x12, // x_tev_color_op0.
	0x01, 0x70, 0x00, 0x01, 0x00, 0x00, 0x00, 0x00, 0x00, 0x12, 0x75, 0x5f, 0x67, 0x78, 0x5f, 0x74, // .p........u_gx_t
	0x65, 0x76, 0x5f, 0x61, 0x6c, 0x70, 0x68, 0x61, 0x5f, 0x6f, 0x70, 0x30, 0x12, 0x01, 0xa0, 0x00, // ev_alpha_op0....
	0x01, 0x00, 0x00, 0x00, 0x00, 0x00, 0x0f, 0x75, 0x5f, 0x67, 0x78, 0x5f, 0x74, 0x65, 0x76, 0x5f, // .......u_gx_tev_
	0x6b, 0x6f, 0x6e, 0x73, 0x74, 0x30, 0x12, 0x01, 0x00, 0x01, 0x01, 0x00, 0x00, 0x00, 0x00, 0x00, // konst0..........
	0x14, 0x75, 0x5f, 0x67, 0x78, 0x5f, 0x6d, 0x61, 0x74, 0x65, 0x72, 0x69, 0x61, 0x6c, 0x5f, 0x70, // .u_gx_material_p
	0x61, 0x72, 0x61, 0x6d, 0x73, 0x12, 0x01, 0x00, 0x00, 0x01, 0x00, 0x00, 0x00, 0x00, 0x00, 0x0d, // arams...........
	0x75, 0x5f, 0x67, 0x78, 0x5f, 0x74, 0x65, 0x76, 0x5f, 0x6f, 0x75, 0x74, 0x31, 0x12, 0x01, 0xe0, // u_gx_tev_out1...
	0x00, 0x01, 0x00, 0x00, 0x00, 0x00, 0x00, 0x12, 0x75, 0x5f, 0x67, 0x78, 0x5f, 0x74, 0x65, 0x76, // ........u_gx_tev
	0x5f, 0x63, 0x6f, 0x6c, 0x6f, 0x72, 0x5f, 0x69, 0x6e, 0x31, 0x12, 0x01, 0x20, 0x00, 0x01, 0x00, // _color_in1.. ...
	0x00, 0x00, 0x00, 0x00, 0x12, 0x75, 0x5f, 0x67, 0x78, 0x5f, 0x74, 0x65, 0x76, 0x5f, 0x61, 0x6c, // .....u_gx_tev_al
	0x70, 0x68, 0x61, 0x5f, 0x69, 0x6e, 0x31, 0x12, 0x01, 0x50, 0x00, 0x01, 0x00, 0x00, 0x00, 0x00, // pha_in1..P......
	0x00, 0x12, 0x75, 0x5f, 0x67, 0x78, 0x5f, 0x74, 0x65, 0x76, 0x5f, 0x63, 0x6f, 0x6c, 0x6f, 0x72, // ..u_gx_tev_color
	0x5f, 0x6f, 0x70, 0x31, 0x12, 0x01, 0x80, 0x00, 0x01, 0x00, 0x00, 0x00, 0x00, 0x00, 0x12, 0x75, // _op1...........u
	0x5f, 0x67, 0x78, 0x5f, 0x74, 0x65, 0x76, 0x5f, 0x61, 0x6c, 0x70, 0x68, 0x61, 0x5f, 0x6f, 0x70, // _gx_tev_alpha_op
	0x31, 0x12, 0x01, 0xb0, 0x00, 0x01, 0x00, 0x00, 0x00, 0x00, 0x00, 0x0f, 0x75, 0x5f, 0x67, 0x78, // 1...........u_gx
	0x5f, 0x74, 0x65, 0x76, 0x5f, 0x6b, 0x6f, 0x6e, 0x73, 0x74, 0x31, 0x12, 0x01, 0x10, 0x01, 0x01, // _tev_konst1.....
	0x00, 0x00, 0x00, 0x00, 0x00, 0x0d, 0x75, 0x5f, 0x67, 0x78, 0x5f, 0x74, 0x65, 0x76, 0x5f, 0x6f, // ......u_gx_tev_o
	0x75, 0x74, 0x32, 0x12, 0x01, 0xf0, 0x00, 0x01, 0x00, 0x00, 0x00, 0x00, 0x00, 0x12, 0x75, 0x5f, // ut2...........u_
	0x67, 0x78, 0x5f, 0x74, 0x65, 0x76, 0x5f, 0x63, 0x6f, 0x6c, 0x6f, 0x72, 0x5f, 0x69, 0x6e, 0x32, // gx_tev_color_in2
	0x12, 0x01, 0x30, 0x00, 0x01, 0x00, 0x00, 0x00, 0x00, 0x00, 0x12, 0x75, 0x5f, 0x67, 0x78, 0x5f, // ..0........u_gx_
	0x74, 0x65, 0x76, 0x5f, 0x61, 0x6c, 0x70, 0x68, 0x61, 0x5f, 0x69, 0x6e, 0x32, 0x12, 0x01, 0x60, // tev_alpha_in2..`
	0x00, 0x01, 0x00, 0x00, 0x00, 0x00, 0x00, 0x12, 0x75, 0x5f, 0x67, 0x78, 0x5f, 0x74, 0x65, 0x76, // ........u_gx_tev
	0x5f, 0x63, 0x6f, 0x6c, 0x6f, 0x72, 0x5f, 0x6f, 0x70, 0x32, 0x12, 0x01, 0x90, 0x00, 0x01, 0x00, // _color_op2......
	0x00, 0x00, 0x00, 0x00, 0x12, 0x75, 0x5f, 0x67, 0x78, 0x5f, 0x74, 0x65, 0x76, 0x5f, 0x61, 0x6c, // .....u_gx_tev_al
	0x70, 0x68, 0x61, 0x5f, 0x6f, 0x70, 0x32, 0x12, 0x01, 0xc0, 0x00, 0x01, 0x00, 0x00, 0x00, 0x00, // pha_op2.........
	0x00, 0x0f, 0x75, 0x5f, 0x67, 0x78, 0x5f, 0x74, 0x65, 0x76, 0x5f, 0x6b, 0x6f, 0x6e, 0x73, 0x74, // ..u_gx_tev_konst
	0x32, 0x12, 0x01, 0x20, 0x01, 0x01, 0x00, 0x00, 0x00, 0x00, 0x00, 0x0d, 0x73, 0x5f, 0x67, 0x78, // 2.. ........s_gx
	0x5f, 0x74, 0x65, 0x78, 0x74, 0x75, 0x72, 0x65, 0x30, 0x30, 0x00, 0x02, 0x00, 0x00, 0x00, 0x00, // _texture00......
	0x02, 0x26, 0x00, 0x0d, 0x73, 0x5f, 0x67, 0x78, 0x5f, 0x74, 0x65, 0x78, 0x74, 0x75, 0x72, 0x65, // .&..s_gx_texture
	0x31, 0x30, 0x00, 0x03, 0x00, 0x00, 0x00, 0x00, 0x02, 0x26, 0x00, 0x0d, 0x73, 0x5f, 0x67, 0x78, // 10.......&..s_gx
	0x5f, 0x74, 0x65, 0x78, 0x74, 0x75, 0x72, 0x65, 0x32, 0x30, 0x00, 0x04, 0x00, 0x00, 0x00, 0x00, // _texture20......
	0x02, 0x26, 0x00, 0x0c, 0xe9, 0x00, 0x00, 0x03, 0x02, 0x23, 0x07, 0x00, 0x00, 0x01, 0x00, 0x0b, // .&.......#......
	0x00, 0x08, 0x00, 0x7d, 0x1c, 0x00, 0x00, 0x00, 0x00, 0x00, 0x00, 0x11, 0x00, 0x02, 0x00, 0x01, // ...}............
	0x00, 0x00, 0x00, 0x0b, 0x00, 0x06, 0x00, 0x01, 0x00, 0x00, 0x00, 0x47, 0x4c, 0x53, 0x4c, 0x2e, // ...........GLSL.
	0x73, 0x74, 0x64, 0x2e, 0x34, 0x35, 0x30, 0x00, 0x00, 0x00, 0x00, 0x0e, 0x00, 0x03, 0x00, 0x00, // std.450.........
	0x00, 0x00, 0x00, 0x01, 0x00, 0x00, 0x00, 0x0f, 0x00, 0x0a, 0x00, 0x04, 0x00, 0x00, 0x00, 0x04, // ................
	0x00, 0x00, 0x00, 0x6d, 0x61, 0x69, 0x6e, 0x00, 0x00, 0x00, 0x00, 0x77, 0x05, 0x00, 0x00, 0x7b, // ...main....w...{
	0x05, 0x00, 0x00, 0x7e, 0x05, 0x00, 0x00, 0x81, 0x05, 0x00, 0x00, 0x92, 0x05, 0x00, 0x00, 0x10, // ...~............
	0x00, 0x03, 0x00, 0x04, 0x00, 0x00, 0x00, 0x07, 0x00, 0x00, 0x00, 0x03, 0x00, 0x03, 0x00, 0x05, // ................
	0x00, 0x00, 0x00, 0xf4, 0x01, 0x00, 0x00, 0x05, 0x00, 0x04, 0x00, 0x04, 0x00, 0x00, 0x00, 0x6d, // ...............m
	0x61, 0x69, 0x6e, 0x00, 0x00, 0x00, 0x00, 0x05, 0x00, 0x08, 0x00, 0xa2, 0x00, 0x00, 0x00, 0x73, // ain............s
	0x5f, 0x67, 0x78, 0x5f, 0x74, 0x65, 0x78, 0x74, 0x75, 0x72, 0x65, 0x30, 0x53, 0x61, 0x6d, 0x70, // _gx_texture0Samp
	0x6c, 0x65, 0x72, 0x00, 0x00, 0x00, 0x00, 0x05, 0x00, 0x08, 0x00, 0xa5, 0x00, 0x00, 0x00, 0x73, // ler............s
	0x5f, 0x67, 0x78, 0x5f, 0x74, 0x65, 0x78, 0x74, 0x75, 0x72, 0x65, 0x30, 0x54, 0x65, 0x78, 0x74, // _gx_texture0Text
	0x75, 0x72, 0x65, 0x00, 0x00, 0x00, 0x00, 0x05, 0x00, 0x08, 0x00, 0xa9, 0x00, 0x00, 0x00, 0x73, // ure............s
	0x5f, 0x67, 0x78, 0x5f, 0x74, 0x65, 0x78, 0x74, 0x75, 0x72, 0x65, 0x31, 0x53, 0x61, 0x6d, 0x70, // _gx_texture1Samp
	0x6c, 0x65, 0x72, 0x00, 0x00, 0x00, 0x00, 0x05, 0x00, 0x08, 0x00, 0xab, 0x00, 0x00, 0x00, 0x73, // ler............s
	0x5f, 0x67, 0x78, 0x5f, 0x74, 0x65, 0x78, 0x74, 0x75, 0x72, 0x65, 0x31, 0x54, 0x65, 0x78, 0x74, // _gx_texture1Text
	0x75, 0x72, 0x65, 0x00, 0x00, 0x00, 0x00, 0x05, 0x00, 0x08, 0x00, 0xaf, 0x00, 0x00, 0x00, 0x73, // ure............s
	0x5f, 0x67, 0x78, 0x5f, 0x74, 0x65, 0x78, 0x74, 0x75, 0x72, 0x65, 0x32, 0x53, 0x61, 0x6d, 0x70, // _gx_texture2Samp
	0x6c, 0x65, 0x72, 0x00, 0x00, 0x00, 0x00, 0x05, 0x00, 0x08, 0x00, 0xb1, 0x00, 0x00, 0x00, 0x73, // ler............s
	0x5f, 0x67, 0x78, 0x5f, 0x74, 0x65, 0x78, 0x74, 0x75, 0x72, 0x65, 0x32, 0x54, 0x65, 0x78, 0x74, // _gx_texture2Text
	0x75, 0x72, 0x65, 0x00, 0x00, 0x00, 0x00, 0x05, 0x00, 0x06, 0x00, 0x4d, 0x04, 0x00, 0x00, 0x55, // ure........M...U
	0x6e, 0x69, 0x66, 0x6f, 0x72, 0x6d, 0x42, 0x6c, 0x6f, 0x63, 0x6b, 0x00, 0x00, 0x00, 0x00, 0x06, // niformBlock.....
	0x00, 0x09, 0x00, 0x4d, 0x04, 0x00, 0x00, 0x00, 0x00, 0x00, 0x00, 0x75, 0x5f, 0x67, 0x78, 0x5f, // ...M.......u_gx_
	0x6d, 0x61, 0x74, 0x65, 0x72, 0x69, 0x61, 0x6c, 0x5f, 0x70, 0x61, 0x72, 0x61, 0x6d, 0x73, 0x00, // material_params.
	0x00, 0x00, 0x00, 0x06, 0x00, 0x08, 0x00, 0x4d, 0x04, 0x00, 0x00, 0x01, 0x00, 0x00, 0x00, 0x75, // .......M.......u
	0x5f, 0x67, 0x78, 0x5f, 0x74, 0x65, 0x76, 0x5f, 0x63, 0x6f, 0x6c, 0x6f, 0x72, 0x5f, 0x69, 0x6e, // _gx_tev_color_in
	0x30, 0x00, 0x00, 0x06, 0x00, 0x08, 0x00, 0x4d, 0x04, 0x00, 0x00, 0x02, 0x00, 0x00, 0x00, 0x75, // 0......M.......u
	0x5f, 0x67, 0x78, 0x5f, 0x74, 0x65, 0x76, 0x5f, 0x63, 0x6f, 0x6c, 0x6f, 0x72, 0x5f, 0x69, 0x6e, // _gx_tev_color_in
	0x31, 0x00, 0x00, 0x06, 0x00, 0x08, 0x00, 0x4d, 0x04, 0x00, 0x00, 0x03, 0x00, 0x00, 0x00, 0x75, // 1......M.......u
	0x5f, 0x67, 0x78, 0x5f, 0x74, 0x65, 0x76, 0x5f, 0x63, 0x6f, 0x6c, 0x6f, 0x72, 0x5f, 0x69, 0x6e, // _gx_tev_color_in
	0x32, 0x00, 0x00, 0x06, 0x00, 0x08, 0x00, 0x4d, 0x04, 0x00, 0x00, 0x04, 0x00, 0x00, 0x00, 0x75, // 2......M.......u
	0x5f, 0x67, 0x78, 0x5f, 0x74, 0x65, 0x76, 0x5f, 0x61, 0x6c, 0x70, 0x68, 0x61, 0x5f, 0x69, 0x6e, // _gx_tev_alpha_in
	0x30, 0x00, 0x00, 0x06, 0x00, 0x08, 0x00, 0x4d, 0x04, 0x00, 0x00, 0x05, 0x00, 0x00, 0x00, 0x75, // 0......M.......u
	0x5f, 0x67, 0x78, 0x5f, 0x74, 0x65, 0x76, 0x5f, 0x61, 0x6c, 0x70, 0x68, 0x61, 0x5f, 0x69, 0x6e, // _gx_tev_alpha_in
	0x31, 0x00, 0x00, 0x06, 0x00, 0x08, 0x00, 0x4d, 0x04, 0x00, 0x00, 0x06, 0x00, 0x00, 0x00, 0x75, // 1......M.......u
	0x5f, 0x67, 0x78, 0x5f, 0x74, 0x65, 0x76, 0x5f, 0x61, 0x6c, 0x70, 0x68, 0x61, 0x5f, 0x69, 0x6e, // _gx_tev_alpha_in
	0x32, 0x00, 0x00, 0x06, 0x00, 0x08, 0x00, 0x4d, 0x04, 0x00, 0x00, 0x07, 0x00, 0x00, 0x00, 0x75, // 2......M.......u
	0x5f, 0x67, 0x78, 0x5f, 0x74, 0x65, 0x76, 0x5f, 0x63, 0x6f, 0x6c, 0x6f, 0x72, 0x5f, 0x6f, 0x70, // _gx_tev_color_op
	0x30, 0x00, 0x00, 0x06, 0x00, 0x08, 0x00, 0x4d, 0x04, 0x00, 0x00, 0x08, 0x00, 0x00, 0x00, 0x75, // 0......M.......u
	0x5f, 0x67, 0x78, 0x5f, 0x74, 0x65, 0x76, 0x5f, 0x63, 0x6f, 0x6c, 0x6f, 0x72, 0x5f, 0x6f, 0x70, // _gx_tev_color_op
	0x31, 0x00, 0x00, 0x06, 0x00, 0x08, 0x00, 0x4d, 0x04, 0x00, 0x00, 0x09, 0x00, 0x00, 0x00, 0x75, // 1......M.......u
	0x5f, 0x67, 0x78, 0x5f, 0x74, 0x65, 0x76, 0x5f, 0x63, 0x6f, 0x6c, 0x6f, 0x72, 0x5f, 0x6f, 0x70, // _gx_tev_color_op
	0x32, 0x00, 0x00, 0x06, 0x00, 0x08, 0x00, 0x4d, 0x04, 0x00, 0x00, 0x0a, 0x00, 0x00, 0x00, 0x75, // 2......M.......u
	0x5f, 0x67, 0x78, 0x5f, 0x74, 0x65, 0x76, 0x5f, 0x61, 0x6c, 0x70, 0x68, 0x61, 0x5f, 0x6f, 0x70, // _gx_tev_alpha_op
	0x30, 0x00, 0x00, 0x06, 0x00, 0x08, 0x00, 0x4d, 0x04, 0x00, 0x00, 0x0b, 0x00, 0x00, 0x00, 0x75, // 0......M.......u
	0x5f, 0x67, 0x78, 0x5f, 0x74, 0x65, 0x76, 0x5f, 0x61, 0x6c, 0x70, 0x68, 0x61, 0x5f, 0x6f, 0x70, // _gx_tev_alpha_op
	0x31, 0x00, 0x00, 0x06, 0x00, 0x08, 0x00, 0x4d, 0x04, 0x00, 0x00, 0x0c, 0x00, 0x00, 0x00, 0x75, // 1......M.......u
	0x5f, 0x67, 0x78, 0x5f, 0x74, 0x65, 0x76, 0x5f, 0x61, 0x6c, 0x70, 0x68, 0x61, 0x5f, 0x6f, 0x70, // _gx_tev_alpha_op
	0x32, 0x00, 0x00, 0x06, 0x00, 0x07, 0x00, 0x4d, 0x04, 0x00, 0x00, 0x0d, 0x00, 0x00, 0x00, 0x75, // 2......M.......u
	0x5f, 0x67, 0x78, 0x5f, 0x74, 0x65, 0x76, 0x5f, 0x6f, 0x75, 0x74, 0x30, 0x00, 0x00, 0x00, 0x06, // _gx_tev_out0....
	0x00, 0x07, 0x00, 0x4d, 0x04, 0x00, 0x00, 0x0e, 0x00, 0x00, 0x00, 0x75, 0x5f, 0x67, 0x78, 0x5f, // ...M.......u_gx_
	0x74, 0x65, 0x76, 0x5f, 0x6f, 0x75, 0x74, 0x31, 0x00, 0x00, 0x00, 0x06, 0x00, 0x07, 0x00, 0x4d, // tev_out1.......M
	0x04, 0x00, 0x00, 0x0f, 0x00, 0x00, 0x00, 0x75, 0x5f, 0x67, 0x78, 0x5f, 0x74, 0x65, 0x76, 0x5f, // .......u_gx_tev_
	0x6f, 0x75, 0x74, 0x32, 0x00, 0x00, 0x00, 0x06, 0x00, 0x07, 0x00, 0x4d, 0x04, 0x00, 0x00, 0x10, // out2.......M....
	0x00, 0x00, 0x00, 0x75, 0x5f, 0x67, 0x78, 0x5f, 0x74, 0x65, 0x76, 0x5f, 0x6b, 0x6f, 0x6e, 0x73, // ...u_gx_tev_kons
	0x74, 0x30, 0x00, 0x06, 0x00, 0x07, 0x00, 0x4d, 0x04, 0x00, 0x00, 0x11, 0x00, 0x00, 0x00, 0x75, // t0.....M.......u
	0x5f, 0x67, 0x78, 0x5f, 0x74, 0x65, 0x76, 0x5f, 0x6b, 0x6f, 0x6e, 0x73, 0x74, 0x31, 0x00, 0x06, // _gx_tev_konst1..
	0x00, 0x07, 0x00, 0x4d, 0x04, 0x00, 0x00, 0x12, 0x00, 0x00, 0x00, 0x75, 0x5f, 0x67, 0x78, 0x5f, // ...M.......u_gx_
	0x74, 0x65, 0x76, 0x5f, 0x6b, 0x6f, 0x6e, 0x73, 0x74, 0x32, 0x00, 0x06, 0x00, 0x07, 0x00, 0x4d, // tev_konst2.....M
	0x04, 0x00, 0x00, 0x13, 0x00, 0x00, 0x00, 0x75, 0x5f, 0x67, 0x78, 0x5f, 0x74, 0x65, 0x76, 0x5f, // .......u_gx_tev_
	0x72, 0x65, 0x67, 0x30, 0x00, 0x00, 0x00, 0x06, 0x00, 0x07, 0x00, 0x4d, 0x04, 0x00, 0x00, 0x14, // reg0.......M....
	0x00, 0x00, 0x00, 0x75, 0x5f, 0x67, 0x78, 0x5f, 0x74, 0x65, 0x76, 0x5f, 0x72, 0x65, 0x67, 0x31, // ...u_gx_tev_reg1
	0x00, 0x00, 0x00, 0x06, 0x00, 0x07, 0x00, 0x4d, 0x04, 0x00, 0x00, 0x15, 0x00, 0x00, 0x00, 0x75, // .......M.......u
	0x5f, 0x67, 0x78, 0x5f, 0x74, 0x65, 0x76, 0x5f, 0x72, 0x65, 0x67, 0x32, 0x00, 0x00, 0x00, 0x06, // _gx_tev_reg2....
	0x00, 0x07, 0x00, 0x4d, 0x04, 0x00, 0x00, 0x16, 0x00, 0x00, 0x00, 0x75, 0x5f, 0x67, 0x78, 0x5f, // ...M.......u_gx_
	0x74, 0x65, 0x76, 0x5f, 0x72, 0x65, 0x67, 0x33, 0x00, 0x00, 0x00, 0x06, 0x00, 0x08, 0x00, 0x4d, // tev_reg3.......M
	0x04, 0x00, 0x00, 0x17, 0x00, 0x00, 0x00, 0x75, 0x5f, 0x67, 0x78, 0x5f, 0x61, 0x6c, 0x70, 0x68, // .......u_gx_alph
	0x61, 0x5f, 0x63, 0x6f, 0x6d, 0x70, 0x61, 0x72, 0x65, 0x30, 0x00, 0x06, 0x00, 0x08, 0x00, 0x4d, // a_compare0.....M
	0x04, 0x00, 0x00, 0x18, 0x00, 0x00, 0x00, 0x75, 0x5f, 0x67, 0x78, 0x5f, 0x61, 0x6c, 0x70, 0x68, // .......u_gx_alph
	0x61, 0x5f, 0x63, 0x6f, 0x6d, 0x70, 0x61, 0x72, 0x65, 0x31, 0x00, 0x05, 0x00, 0x03, 0x00, 0x4f, // a_compare1.....O
	0x04, 0x00, 0x00, 0x00, 0x00, 0x00, 0x00, 0x05, 0x00, 0x05, 0x00, 0x77, 0x05, 0x00, 0x00, 0x76, // ...........w...v
	0x5f, 0x63, 0x6f, 0x6c, 0x6f, 0x72, 0x30, 0x00, 0x00, 0x00, 0x00, 0x05, 0x00, 0x05, 0x00, 0x7b, // _color0........{
	0x05, 0x00, 0x00, 0x76, 0x5f, 0x74, 0x65, 0x78, 0x63, 0x6f, 0x6f, 0x72, 0x64, 0x30, 0x00, 0x05, // ...v_texcoord0..
	0x00, 0x05, 0x00, 0x7e, 0x05, 0x00, 0x00, 0x76, 0x5f, 0x74, 0x65, 0x78, 0x63, 0x6f, 0x6f, 0x72, // ...~...v_texcoor
	0x64, 0x31, 0x00, 0x05, 0x00, 0x05, 0x00, 0x81, 0x05, 0x00, 0x00, 0x76, 0x5f, 0x74, 0x65, 0x78, // d1.........v_tex
	0x63, 0x6f, 0x6f, 0x72, 0x64, 0x32, 0x00, 0x05, 0x00, 0x06, 0x00, 0x92, 0x05, 0x00, 0x00, 0x62, // coord2.........b
	0x67, 0x66, 0x78, 0x5f, 0x46, 0x72, 0x61, 0x67, 0x44, 0x61, 0x74, 0x61, 0x30, 0x00, 0x00, 0x47, // gfx_FragData0..G
	0x00, 0x04, 0x00, 0xa2, 0x00, 0x00, 0x00, 0x21, 0x00, 0x00, 0x00, 0x12, 0x00, 0x00, 0x00, 0x47, // .......!.......G
	0x00, 0x04, 0x00, 0xa2, 0x00, 0x00, 0x00, 0x22, 0x00, 0x00, 0x00, 0x00, 0x00, 0x00, 0x00, 0x47, // .......".......G
	0x00, 0x04, 0x00, 0xa5, 0x00, 0x00, 0x00, 0x21, 0x00, 0x00, 0x00, 0x02, 0x00, 0x00, 0x00, 0x47, // .......!.......G
	0x00, 0x04, 0x00, 0xa5, 0x00, 0x00, 0x00, 0x22, 0x00, 0x00, 0x00, 0x00, 0x00, 0x00, 0x00, 0x47, // .......".......G
	0x00, 0x04, 0x00, 0xa9, 0x00, 0x00, 0x00, 0x21, 0x00, 0x00, 0x00, 0x13, 0x00, 0x00, 0x00, 0x47, // .......!.......G
	0x00, 0x04, 0x00, 0xa9, 0x00, 0x00, 0x00, 0x22, 0x00, 0x00, 0x00, 0x00, 0x00, 0x00, 0x00, 0x47, // .......".......G
	0x00, 0x04, 0x00, 0xab, 0x00, 0x00, 0x00, 0x21, 0x00, 0x00, 0x00, 0x03, 0x00, 0x00, 0x00, 0x47, // .......!.......G
	0x00, 0x04, 0x00, 0xab, 0x00, 0x00, 0x00, 0x22, 0x00, 0x00, 0x00, 0x00, 0x00, 0x00, 0x00, 0x47, // .......".......G
	0x00, 0x04, 0x00, 0xaf, 0x00, 0x00, 0x00, 0x21, 0x00, 0x00, 0x00, 0x14, 0x00, 0x00, 0x00, 0x47, // .......!.......G
	0x00, 0x04, 0x00, 0xaf, 0x00, 0x00, 0x00, 0x22, 0x00, 0x00, 0x00, 0x00, 0x00, 0x00, 0x00, 0x47, // .......".......G
	0x00, 0x04, 0x00, 0xb1, 0x00, 0x00, 0x00, 0x21, 0x00, 0x00, 0x00, 0x04, 0x00, 0x00, 0x00, 0x47, // .......!.......G
	0x00, 0x04, 0x00, 0xb1, 0x00, 0x00, 0x00, 0x22, 0x00, 0x00, 0x00, 0x00, 0x00, 0x00, 0x00, 0x47, // .......".......G
	0x00, 0x03, 0x00, 0x4d, 0x04, 0x00, 0x00, 0x02, 0x00, 0x00, 0x00, 0x48, 0x00, 0x05, 0x00, 0x4d, // ...M.......H...M
	0x04, 0x00, 0x00, 0x00, 0x00, 0x00, 0x00, 0x23, 0x00, 0x00, 0x00, 0x00, 0x00, 0x00, 0x00, 0x48, // .......#.......H
	0x00, 0x05, 0x00, 0x4d, 0x04, 0x00, 0x00, 0x01, 0x00, 0x00, 0x00, 0x23, 0x00, 0x00, 0x00, 0x10, // ...M.......#....
	0x00, 0x00, 0x00, 0x48, 0x00, 0x05, 0x00, 0x4d, 0x04, 0x00, 0x00, 0x02, 0x00, 0x00, 0x00, 0x23, // ...H...M.......#
	0x00, 0x00, 0x00, 0x20, 0x00, 0x00, 0x00, 0x48, 0x00, 0x05, 0x00, 0x4d, 0x04, 0x00, 0x00, 0x03, // ... ...H...M....
	0x00, 0x00, 0x00, 0x23, 0x00, 0x00, 0x00, 0x30, 0x00, 0x00, 0x00, 0x48, 0x00, 0x05, 0x00, 0x4d, // ...#...0...H...M
	0x04, 0x00, 0x00, 0x04, 0x00, 0x00, 0x00, 0x23, 0x00, 0x00, 0x00, 0x40, 0x00, 0x00, 0x00, 0x48, // .......#...@...H
	0x00, 0x05, 0x00, 0x4d, 0x04, 0x00, 0x00, 0x05, 0x00, 0x00, 0x00, 0x23, 0x00, 0x00, 0x00, 0x50, // ...M.......#...P
	0x00, 0x00, 0x00, 0x48, 0x00, 0x05, 0x00, 0x4d, 0x04, 0x00, 0x00, 0x06, 0x00, 0x00, 0x00, 0x23, // ...H...M.......#
	0x00, 0x00, 0x00, 0x60, 0x00, 0x00, 0x00, 0x48, 0x00, 0x05, 0x00, 0x4d, 0x04, 0x00, 0x00, 0x07, // ...`...H...M....
	0x00, 0x00, 0x00, 0x23, 0x00, 0x00, 0x00, 0x70, 0x00, 0x00, 0x00, 0x48, 0x00, 0x05, 0x00, 0x4d, // ...#...p...H...M
	0x04, 0x00, 0x00, 0x08, 0x00, 0x00, 0x00, 0x23, 0x00, 0x00, 0x00, 0x80, 0x00, 0x00, 0x00, 0x48, // .......#.......H
	0x00, 0x05, 0x00, 0x4d, 0x04, 0x00, 0x00, 0x09, 0x00, 0x00, 0x00, 0x23, 0x00, 0x00, 0x00, 0x90, // ...M.......#....
	0x00, 0x00, 0x00, 0x48, 0x00, 0x05, 0x00, 0x4d, 0x04, 0x00, 0x00, 0x0a, 0x00, 0x00, 0x00, 0x23, // ...H...M.......#
	0x00, 0x00, 0x00, 0xa0, 0x00, 0x00, 0x00, 0x48, 0x00, 0x05, 0x00, 0x4d, 0x04, 0x00, 0x00, 0x0b, // .......H...M....
	0x00, 0x00, 0x00, 0x23, 0x00, 0x00, 0x00, 0xb0, 0x00, 0x00, 0x00, 0x48, 0x00, 0x05, 0x00, 0x4d, // ...#.......H...M
	0x04, 0x00, 0x00, 0x0c, 0x00, 0x00, 0x00, 0x23, 0x00, 0x00, 0x00, 0xc0, 0x00, 0x00, 0x00, 0x48, // .......#.......H
	0x00, 0x05, 0x00, 0x4d, 0x04, 0x00, 0x00, 0x0d, 0x00, 0x00, 0x00, 0x23, 0x00, 0x00, 0x00, 0xd0, // ...M.......#....
	0x00, 0x00, 0x00, 0x48, 0x00, 0x05, 0x00, 0x4d, 0x04, 0x00, 0x00, 0x0e, 0x00, 0x00, 0x00, 0x23, // ...H...M.......#
	0x00, 0x00, 0x00, 0xe0, 0x00, 0x00, 0x00, 0x48, 0x00, 0x05, 0x00, 0x4d, 0x04, 0x00, 0x00, 0x0f, // .......H...M....
	0x00, 0x00, 0x00, 0x23, 0x00, 0x00, 0x00, 0xf0, 0x00, 0x00, 0x00, 0x48, 0x00, 0x05, 0x00, 0x4d, // ...#.......H...M
	0x04, 0x00, 0x00, 0x10, 0x00, 0x00, 0x00, 0x23, 0x00, 0x00, 0x00, 0x00, 0x01, 0x00, 0x00, 0x48, // .......#.......H
	0x00, 0x05, 0x00, 0x4d, 0x04, 0x00, 0x00, 0x11, 0x00, 0x00, 0x00, 0x23, 0x00, 0x00, 0x00, 0x10, // ...M.......#....
	0x01, 0x00, 0x00, 0x48, 0x00, 0x05, 0x00, 0x4d, 0x04, 0x00, 0x00, 0x12, 0x00, 0x00, 0x00, 0x23, // ...H...M.......#
	0x00, 0x00, 0x00, 0x20, 0x01, 0x00, 0x00, 0x48, 0x00, 0x05, 0x00, 0x4d, 0x04, 0x00, 0x00, 0x13, // ... ...H...M....
	0x00, 0x00, 0x00, 0x23, 0x00, 0x00, 0x00, 0x30, 0x01, 0x00, 0x00, 0x48, 0x00, 0x05, 0x00, 0x4d, // ...#...0...H...M
	0x04, 0x00, 0x00, 0x14, 0x00, 0x00, 0x00, 0x23, 0x00, 0x00, 0x00, 0x40, 0x01, 0x00, 0x00, 0x48, // .......#...@...H
	0x00, 0x05, 0x00, 0x4d, 0x04, 0x00, 0x00, 0x15, 0x00, 0x00, 0x00, 0x23, 0x00, 0x00, 0x00, 0x50, // ...M.......#...P
	0x01, 0x00, 0x00, 0x48, 0x00, 0x05, 0x00, 0x4d, 0x04, 0x00, 0x00, 0x16, 0x00, 0x00, 0x00, 0x23, // ...H...M.......#
	0x00, 0x00, 0x00, 0x60, 0x01, 0x00, 0x00, 0x48, 0x00, 0x05, 0x00, 0x4d, 0x04, 0x00, 0x00, 0x17, // ...`...H...M....
	0x00, 0x00, 0x00, 0x23, 0x00, 0x00, 0x00, 0x70, 0x01, 0x00, 0x00, 0x48, 0x00, 0x05, 0x00, 0x4d, // ...#...p...H...M
	0x04, 0x00, 0x00, 0x18, 0x00, 0x00, 0x00, 0x23, 0x00, 0x00, 0x00, 0x80, 0x01, 0x00, 0x00, 0x47, // .......#.......G
	0x00, 0x04, 0x00, 0x4f, 0x04, 0x00, 0x00, 0x21, 0x00, 0x00, 0x00, 0x01, 0x00, 0x00, 0x00, 0x47, // ...O...!.......G
	0x00, 0x04, 0x00, 0x4f, 0x04, 0x00, 0x00, 0x22, 0x00, 0x00, 0x00, 0x00, 0x00, 0x00, 0x00, 0x47, // ...O...".......G
	0x00, 0x04, 0x00, 0x77, 0x05, 0x00, 0x00, 0x1e, 0x00, 0x00, 0x00, 0x00, 0x00, 0x00, 0x00, 0x47, // ...w...........G
	0x00, 0x04, 0x00, 0x7b, 0x05, 0x00, 0x00, 0x1e, 0x00, 0x00, 0x00, 0x01, 0x00, 0x00, 0x00, 0x47, // ...{...........G
	0x00, 0x04, 0x00, 0x7e, 0x05, 0x00, 0x00, 0x1e, 0x00, 0x00, 0x00, 0x02, 0x00, 0x00, 0x00, 0x47, // ...~...........G
	0x00, 0x04, 0x00, 0x81, 0x05, 0x00, 0x00, 0x1e, 0x00, 0x00, 0x00, 0x03, 0x00, 0x00, 0x00, 0x47, // ...............G
	0x00, 0x04, 0x00, 0x92, 0x05, 0x00, 0x00, 0x1e, 0x00, 0x00, 0x00, 0x00, 0x00, 0x00, 0x00, 0x13, // ................
	0x00, 0x02, 0x00, 0x02, 0x00, 0x00, 0x00, 0x21, 0x00, 0x03, 0x00, 0x03, 0x00, 0x00, 0x00, 0x02, // .......!........
	0x00, 0x00, 0x00, 0x1a, 0x00, 0x02, 0x00, 0x06, 0x00, 0x00, 0x00, 0x16, 0x00, 0x03, 0x00, 0x07, // ................
	0x00, 0x00, 0x00, 0x20, 0x00, 0x00, 0x00, 0x19, 0x00, 0x09, 0x00, 0x08, 0x00, 0x00, 0x00, 0x07, // ... ............
	0x00, 0x00, 0x00, 0x01, 0x00, 0x00, 0x00, 0x00, 0x00, 0x00, 0x00, 0x00, 0x00, 0x00, 0x00, 0x00, // ................
	0x00, 0x00, 0x00, 0x01, 0x00, 0x00, 0x00, 0x00, 0x00, 0x00, 0x00, 0x17, 0x00, 0x04, 0x00, 0x0b, // ................
	0x00, 0x00, 0x00, 0x07, 0x00, 0x00, 0x00, 0x02, 0x00, 0x00, 0x00, 0x17, 0x00, 0x04, 0x00, 0x0d, // ................
	0x00, 0x00, 0x00, 0x07, 0x00, 0x00, 0x00, 0x04, 0x00, 0x00, 0x00, 0x17, 0x00, 0x04, 0x00, 0x14, // ................
	0x00, 0x00, 0x00, 0x07, 0x00, 0x00, 0x00, 0x03, 0x00, 0x00, 0x00, 0x14, 0x00, 0x02, 0x00, 0x8b, // ................
	0x00, 0x00, 0x00, 0x20, 0x00, 0x04, 0x00, 0xa1, 0x00, 0x00, 0x00, 0x00, 0x00, 0x00, 0x00, 0x06, // ... ............
	0x00, 0x00, 0x00, 0x3b, 0x00, 0x04, 0x00, 0xa1, 0x00, 0x00, 0x00, 0xa2, 0x00, 0x00, 0x00, 0x00, // ...;............
	0x00, 0x00, 0x00, 0x20, 0x00, 0x04, 0x00, 0xa4, 0x00, 0x00, 0x00, 0x00, 0x00, 0x00, 0x00, 0x08, // ... ............
	0x00, 0x00, 0x00, 0x3b, 0x00, 0x04, 0x00, 0xa4, 0x00, 0x00, 0x00, 0xa5, 0x00, 0x00, 0x00, 0x00, // ...;............
	0x00, 0x00, 0x00, 0x3b, 0x00, 0x04, 0x00, 0xa1, 0x00, 0x00, 0x00, 0xa9, 0x00, 0x00, 0x00, 0x00, // ...;............
	0x00, 0x00, 0x00, 0x3b, 0x00, 0x04, 0x00, 0xa4, 0x00, 0x00, 0x00, 0xab, 0x00, 0x00, 0x00, 0x00, // ...;............
	0x00, 0x00, 0x00, 0x3b, 0x00, 0x04, 0x00, 0xa1, 0x00, 0x00, 0x00, 0xaf, 0x00, 0x00, 0x00, 0x00, // ...;............
	0x00, 0x00, 0x00, 0x3b, 0x00, 0x04, 0x00, 0xa4, 0x00, 0x00, 0x00, 0xb1, 0x00, 0x00, 0x00, 0x00, // ...;............
	0x00, 0x00, 0x00, 0x15, 0x00, 0x04, 0x00, 0xb4, 0x00, 0x00, 0x00, 0x20, 0x00, 0x00, 0x00, 0x01, // ........... ....
	0x00, 0x00, 0x00, 0x2b, 0x00, 0x04, 0x00, 0xb4, 0x00, 0x00, 0x00, 0xb5, 0x00, 0x00, 0x00, 0x01, // ...+............
	0x00, 0x00, 0x00, 0x2b, 0x00, 0x04, 0x00, 0xb4, 0x00, 0x00, 0x00, 0xb9, 0x00, 0x00, 0x00, 0x00, // ...+............
	0x00, 0x00, 0x00, 0x1b, 0x00, 0x03, 0x00, 0xbd, 0x00, 0x00, 0x00, 0x08, 0x00, 0x00, 0x00, 0x15, // ................
	0x00, 0x04, 0x00, 0xcb, 0x00, 0x00, 0x00, 0x20, 0x00, 0x00, 0x00, 0x00, 0x00, 0x00, 0x00, 0x2b, // ....... .......+
	0x00, 0x04, 0x00, 0xcb, 0x00, 0x00, 0x00, 0xcc, 0x00, 0x00, 0x00, 0x02, 0x00, 0x00, 0x00, 0x2b, // ...............+
	0x00, 0x04, 0x00, 0x07, 0x00, 0x00, 0x00, 0xd0, 0x00, 0x00, 0x00, 0xac, 0xc5, 0x27, 0x37, 0x2b, // .............'7+
	0x00, 0x04, 0x00, 0x07, 0x00, 0x00, 0x00, 0xe0, 0x00, 0x00, 0x00, 0x00, 0x00, 0x00, 0x3f, 0x2b, // ..............?+
	0x00, 0x04, 0x00, 0x07, 0x00, 0x00, 0x00, 0xe4, 0x00, 0x00, 0x00, 0x00, 0x00, 0x00, 0x00, 0x2b, // ...............+
	0x00, 0x04, 0x00, 0x07, 0x00, 0x00, 0x00, 0xe7, 0x00, 0x00, 0x00, 0x00, 0x00, 0xc0, 0x3f, 0x2b, // ..............?+
	0x00, 0x04, 0x00, 0x07, 0x00, 0x00, 0x00, 0xeb, 0x00, 0x00, 0x00, 0x00, 0x00, 0x00, 0x43, 0x2b, // ..............C+
	0x00, 0x04, 0x00, 0x07, 0x00, 0x00, 0x00, 0xee, 0x00, 0x00, 0x00, 0x00, 0x00, 0x20, 0x40, 0x2b, // ............. @+
	0x00, 0x04, 0x00, 0x07, 0x00, 0x00, 0x00, 0xf2, 0x00, 0x00, 0x00, 0x00, 0x00, 0x00, 0xc3, 0x2b, // ...............+
	0x00, 0x04, 0x00, 0x07, 0x00, 0x00, 0x00, 0xfa, 0x00, 0x00, 0x00, 0x00, 0x00, 0x80, 0x3f, 0x2b, // ..............?+
	0x00, 0x04, 0x00, 0x07, 0x00, 0x00, 0x00, 0x00, 0x01, 0x00, 0x00, 0x00, 0x00, 0x00, 0x40, 0x2b, // ..............@+
	0x00, 0x04, 0x00, 0x07, 0x00, 0x00, 0x00, 0x06, 0x01, 0x00, 0x00, 0x00, 0x00, 0x80, 0x40, 0x2b, // ..............@+
	0x00, 0x04, 0x00, 0xcb, 0x00, 0x00, 0x00, 0x1b, 0x01, 0x00, 0x00, 0x03, 0x00, 0x00, 0x00, 0x2b, // ...............+
	0x00, 0x04, 0x00, 0x07, 0x00, 0x00, 0x00, 0x28, 0x01, 0x00, 0x00, 0x00, 0x00, 0x60, 0x40, 0x2b, // .......(.....`@+
	0x00, 0x04, 0x00, 0x07, 0x00, 0x00, 0x00, 0x32, 0x01, 0x00, 0x00, 0x00, 0x00, 0x90, 0x40, 0x2b, // .......2......@+
	0x00, 0x04, 0x00, 0x07, 0x00, 0x00, 0x00, 0x3a, 0x01, 0x00, 0x00, 0x00, 0x00, 0xb0, 0x40, 0x2b, // .......:......@+
	0x00, 0x04, 0x00, 0x07, 0x00, 0x00, 0x00, 0x44, 0x01, 0x00, 0x00, 0x00, 0x00, 0xd0, 0x40, 0x2b, // .......D......@+
	0x00, 0x04, 0x00, 0x07, 0x00, 0x00, 0x00, 0x4c, 0x01, 0x00, 0x00, 0x00, 0x00, 0xf0, 0x40, 0x2b, // .......L......@+
	0x00, 0x04, 0x00, 0x07, 0x00, 0x00, 0x00, 0x56, 0x01, 0x00, 0x00, 0x00, 0x00, 0x08, 0x41, 0x2b, // .......V......A+
	0x00, 0x04, 0x00, 0x07, 0x00, 0x00, 0x00, 0x5e, 0x01, 0x00, 0x00, 0x00, 0x00, 0x18, 0x41, 0x2b, // .......^......A+
	0x00, 0x04, 0x00, 0x07, 0x00, 0x00, 0x00, 0x68, 0x01, 0x00, 0x00, 0x00, 0x00, 0x28, 0x41, 0x2b, // .......h.....(A+
	0x00, 0x04, 0x00, 0x07, 0x00, 0x00, 0x00, 0x70, 0x01, 0x00, 0x00, 0x00, 0x00, 0x38, 0x41, 0x2b, // .......p.....8A+
	0x00, 0x04, 0x00, 0x07, 0x00, 0x00, 0x00, 0x7a, 0x01, 0x00, 0x00, 0x00, 0x00, 0x48, 0x41, 0x2b, // .......z.....HA+
	0x00, 0x04, 0x00, 0x07, 0x00, 0x00, 0x00, 0x82, 0x01, 0x00, 0x00, 0x00, 0x00, 0x58, 0x41, 0x2b, // .............XA+
	0x00, 0x04, 0x00, 0x07, 0x00, 0x00, 0x00, 0x86, 0x01, 0x00, 0x00, 0x81, 0x80, 0x00, 0x3f, 0x2b, // ..............?+
	0x00, 0x04, 0x00, 0x07, 0x00, 0x00, 0x00, 0x8b, 0x01, 0x00, 0x00, 0x00, 0x00, 0x68, 0x41, 0x2b, // .............hA+
	0x00, 0x04, 0x00, 0x07, 0x00, 0x00, 0x00, 0xd5, 0x01, 0x00, 0x00, 0x00, 0x00, 0x7f, 0x43, 0x2b, // ..............C+
	0x00, 0x04, 0x00, 0x07, 0x00, 0x00, 0x00, 0xf5, 0x01, 0x00, 0x00, 0x00, 0x00, 0x80, 0x43, 0x2b, // ..............C+
	0x00, 0x04, 0x00, 0xcb, 0x00, 0x00, 0x00, 0x06, 0x02, 0x00, 0x00, 0x00, 0x00, 0x00, 0x00, 0x2b, // ...............+
	0x00, 0x04, 0x00, 0x07, 0x00, 0x00, 0x00, 0x0a, 0x02, 0x00, 0x00, 0x00, 0x00, 0xfe, 0x42, 0x2b, // ..............B+
	0x00, 0x04, 0x00, 0xcb, 0x00, 0x00, 0x00, 0x1d, 0x02, 0x00, 0x00, 0x01, 0x00, 0x00, 0x00, 0x2c, // ...............,
	0x00, 0x06, 0x00, 0x14, 0x00, 0x00, 0x00, 0x30, 0x02, 0x00, 0x00, 0xe4, 0x00, 0x00, 0x00, 0xe4, // .......0........
	0x00, 0x00, 0x00, 0xe4, 0x00, 0x00, 0x00, 0x2c, 0x00, 0x06, 0x00, 0x14, 0x00, 0x00, 0x00, 0x31, // .......,.......1
	0x02, 0x00, 0x00, 0xd5, 0x01, 0x00, 0x00, 0xd5, 0x01, 0x00, 0x00, 0xd5, 0x01, 0x00, 0x00, 0x2b, // ...............+
	0x00, 0x04, 0x00, 0x07, 0x00, 0x00, 0x00, 0x35, 0x02, 0x00, 0x00, 0x00, 0x00, 0x80, 0xc4, 0x2c, // .......5.......,
	0x00, 0x06, 0x00, 0x14, 0x00, 0x00, 0x00, 0x36, 0x02, 0x00, 0x00, 0x35, 0x02, 0x00, 0x00, 0x35, // .......6...5...5
	0x02, 0x00, 0x00, 0x35, 0x02, 0x00, 0x00, 0x2b, 0x00, 0x04, 0x00, 0x07, 0x00, 0x00, 0x00, 0x37, // ...5...+.......7
	0x02, 0x00, 0x00, 0x00, 0xc0, 0x7f, 0x44, 0x2c, 0x00, 0x06, 0x00, 0x14, 0x00, 0x00, 0x00, 0x38, // ......D,.......8
	0x02, 0x00, 0x00, 0x37, 0x02, 0x00, 0x00, 0x37, 0x02, 0x00, 0x00, 0x37, 0x02, 0x00, 0x00, 0x2b, // ...7...7...7...+
	0x00, 0x04, 0x00, 0x07, 0x00, 0x00, 0x00, 0xe8, 0x03, 0x00, 0x00, 0x00, 0x00, 0x7a, 0x43, 0x2c, // .............zC,
	0x00, 0x07, 0x00, 0x0d, 0x00, 0x00, 0x00, 0xec, 0x03, 0x00, 0x00, 0xfa, 0x00, 0x00, 0x00, 0xfa, // ................
	0x00, 0x00, 0x00, 0xfa, 0x00, 0x00, 0x00, 0xfa, 0x00, 0x00, 0x00, 0x2a, 0x00, 0x03, 0x00, 0x8b, // ...........*....
	0x00, 0x00, 0x00, 0x13, 0x04, 0x00, 0x00, 0x2b, 0x00, 0x04, 0x00, 0x07, 0x00, 0x00, 0x00, 0x25, // .......+.......%
	0x04, 0x00, 0x00, 0x81, 0x80, 0x00, 0x3b, 0x29, 0x00, 0x03, 0x00, 0x8b, 0x00, 0x00, 0x00, 0x4a, // ......;).......J
	0x04, 0x00, 0x00, 0x1e, 0x00, 0x1b, 0x00, 0x4d, 0x04, 0x00, 0x00, 0x0d, 0x00, 0x00, 0x00, 0x0d, // .......M........
	0x00, 0x00, 0x00, 0x0d, 0x00, 0x00, 0x00, 0x0d, 0x00, 0x00, 0x00, 0x0d, 0x00, 0x00, 0x00, 0x0d, // ................
	0x00, 0x00, 0x00, 0x0d, 0x00, 0x00, 0x00, 0x0d, 0x00, 0x00, 0x00, 0x0d, 0x00, 0x00, 0x00, 0x0d, // ................
	0x00, 0x00, 0x00, 0x0d, 0x00, 0x00, 0x00, 0x0d, 0x00, 0x00, 0x00, 0x0d, 0x00, 0x00, 0x00, 0x0d, // ................
	0x00, 0x00, 0x00, 0x0d, 0x00, 0x00, 0x00, 0x0d, 0x00, 0x00, 0x00, 0x0d, 0x00, 0x00, 0x00, 0x0d, // ................
	0x00, 0x00, 0x00, 0x0d, 0x00, 0x00, 0x00, 0x0d, 0x00, 0x00, 0x00, 0x0d, 0x00, 0x00, 0x00, 0x0d, // ................
	0x00, 0x00, 0x00, 0x0d, 0x00, 0x00, 0x00, 0x0d, 0x00, 0x00, 0x00, 0x0d, 0x00, 0x00, 0x00, 0x20, // ...............
	0x00, 0x04, 0x00, 0x4e, 0x04, 0x00, 0x00, 0x02, 0x00, 0x00, 0x00, 0x4d, 0x04, 0x00, 0x00, 0x3b, // ...N.......M...;
	0x00, 0x04, 0x00, 0x4e, 0x04, 0x00, 0x00, 0x4f, 0x04, 0x00, 0x00, 0x02, 0x00, 0x00, 0x00, 0x2b, // ...N...O.......+
	0x00, 0x04, 0x00, 0xb4, 0x00, 0x00, 0x00, 0x50, 0x04, 0x00, 0x00, 0x18, 0x00, 0x00, 0x00, 0x20, // .......P.......
	0x00, 0x04, 0x00, 0x51, 0x04, 0x00, 0x00, 0x02, 0x00, 0x00, 0x00, 0x07, 0x00, 0x00, 0x00, 0x2b, // ...Q...........+
	0x00, 0x04, 0x00, 0xb4, 0x00, 0x00, 0x00, 0x5a, 0x04, 0x00, 0x00, 0x17, 0x00, 0x00, 0x00, 0x2b, // .......Z.......+
	0x00, 0x04, 0x00, 0xb4, 0x00, 0x00, 0x00, 0x94, 0x04, 0x00, 0x00, 0x13, 0x00, 0x00, 0x00, 0x20, // ...............
	0x00, 0x04, 0x00, 0x95, 0x04, 0x00, 0x00, 0x02, 0x00, 0x00, 0x00, 0x0d, 0x00, 0x00, 0x00, 0x2b, // ...............+
	0x00, 0x04, 0x00, 0xb4, 0x00, 0x00, 0x00, 0x99, 0x04, 0x00, 0x00, 0x14, 0x00, 0x00, 0x00, 0x2b, // ...............+
	0x00, 0x04, 0x00, 0xb4, 0x00, 0x00, 0x00, 0x9d, 0x04, 0x00, 0x00, 0x15, 0x00, 0x00, 0x00, 0x2b, // ...............+
	0x00, 0x04, 0x00, 0xb4, 0x00, 0x00, 0x00, 0xa1, 0x04, 0x00, 0x00, 0x16, 0x00, 0x00, 0x00, 0x2b, // ...............+
	0x00, 0x04, 0x00, 0xb4, 0x00, 0x00, 0x00, 0xa5, 0x04, 0x00, 0x00, 0x0d, 0x00, 0x00, 0x00, 0x2b, // ...............+
	0x00, 0x04, 0x00, 0xb4, 0x00, 0x00, 0x00, 0xb2, 0x04, 0x00, 0x00, 0x04, 0x00, 0x00, 0x00, 0x2b, // ...............+
	0x00, 0x04, 0x00, 0xb4, 0x00, 0x00, 0x00, 0xb3, 0x04, 0x00, 0x00, 0x07, 0x00, 0x00, 0x00, 0x2b, // ...............+
	0x00, 0x04, 0x00, 0xb4, 0x00, 0x00, 0x00, 0xb4, 0x04, 0x00, 0x00, 0x0a, 0x00, 0x00, 0x00, 0x2b, // ...............+
	0x00, 0x04, 0x00, 0xb4, 0x00, 0x00, 0x00, 0xb5, 0x04, 0x00, 0x00, 0x10, 0x00, 0x00, 0x00, 0x2b, // ...............+
	0x00, 0x04, 0x00, 0xb4, 0x00, 0x00, 0x00, 0xdd, 0x04, 0x00, 0x00, 0x0e, 0x00, 0x00, 0x00, 0x2b, // ...............+
	0x00, 0x04, 0x00, 0xb4, 0x00, 0x00, 0x00, 0xea, 0x04, 0x00, 0x00, 0x02, 0x00, 0x00, 0x00, 0x2b, // ...............+
	0x00, 0x04, 0x00, 0xb4, 0x00, 0x00, 0x00, 0xeb, 0x04, 0x00, 0x00, 0x05, 0x00, 0x00, 0x00, 0x2b, // ...............+
	0x00, 0x04, 0x00, 0xb4, 0x00, 0x00, 0x00, 0xec, 0x04, 0x00, 0x00, 0x08, 0x00, 0x00, 0x00, 0x2b, // ...............+
	0x00, 0x04, 0x00, 0xb4, 0x00, 0x00, 0x00, 0xed, 0x04, 0x00, 0x00, 0x0b, 0x00, 0x00, 0x00, 0x2b, // ...............+
	0x00, 0x04, 0x00, 0xb4, 0x00, 0x00, 0x00, 0xee, 0x04, 0x00, 0x00, 0x11, 0x00, 0x00, 0x00, 0x2b, // ...............+
	0x00, 0x04, 0x00, 0xb4, 0x00, 0x00, 0x00, 0x16, 0x05, 0x00, 0x00, 0x0f, 0x00, 0x00, 0x00, 0x2b, // ...............+
	0x00, 0x04, 0x00, 0xb4, 0x00, 0x00, 0x00, 0x23, 0x05, 0x00, 0x00, 0x03, 0x00, 0x00, 0x00, 0x2b, // .......#.......+
	0x00, 0x04, 0x00, 0xb4, 0x00, 0x00, 0x00, 0x24, 0x05, 0x00, 0x00, 0x06, 0x00, 0x00, 0x00, 0x2b, // .......$.......+
	0x00, 0x04, 0x00, 0xb4, 0x00, 0x00, 0x00, 0x25, 0x05, 0x00, 0x00, 0x09, 0x00, 0x00, 0x00, 0x2b, // .......%.......+
	0x00, 0x04, 0x00, 0xb4, 0x00, 0x00, 0x00, 0x26, 0x05, 0x00, 0x00, 0x0c, 0x00, 0x00, 0x00, 0x2b, // .......&.......+
	0x00, 0x04, 0x00, 0xb4, 0x00, 0x00, 0x00, 0x27, 0x05, 0x00, 0x00, 0x12, 0x00, 0x00, 0x00, 0x2c, // .......'.......,
	0x00, 0x07, 0x00, 0x0d, 0x00, 0x00, 0x00, 0x70, 0x05, 0x00, 0x00, 0xe4, 0x00, 0x00, 0x00, 0xe4, // .......p........
	0x00, 0x00, 0x00, 0xe4, 0x00, 0x00, 0x00, 0xe4, 0x00, 0x00, 0x00, 0x20, 0x00, 0x04, 0x00, 0x73, // ........... ...s
	0x05, 0x00, 0x00, 0x01, 0x00, 0x00, 0x00, 0x0d, 0x00, 0x00, 0x00, 0x3b, 0x00, 0x04, 0x00, 0x73, // ...........;...s
	0x05, 0x00, 0x00, 0x77, 0x05, 0x00, 0x00, 0x01, 0x00, 0x00, 0x00, 0x20, 0x00, 0x04, 0x00, 0x7a, // ...w....... ...z
	0x05, 0x00, 0x00, 0x01, 0x00, 0x00, 0x00, 0x14, 0x00, 0x00, 0x00, 0x3b, 0x00, 0x04, 0x00, 0x7a, // ...........;...z
	0x05, 0x00, 0x00, 0x7b, 0x05, 0x00, 0x00, 0x01, 0x00, 0x00, 0x00, 0x3b, 0x00, 0x04, 0x00, 0x7a, // ...{.......;...z
	0x05, 0x00, 0x00, 0x7e, 0x05, 0x00, 0x00, 0x01, 0x00, 0x00, 0x00, 0x3b, 0x00, 0x04, 0x00, 0x7a, // ...~.......;...z
	0x05, 0x00, 0x00, 0x81, 0x05, 0x00, 0x00, 0x01, 0x00, 0x00, 0x00, 0x20, 0x00, 0x04, 0x00, 0x91, // ........... ....
	0x05, 0x00, 0x00, 0x03, 0x00, 0x00, 0x00, 0x0d, 0x00, 0x00, 0x00, 0x3b, 0x00, 0x04, 0x00, 0x91, // ...........;....
	0x05, 0x00, 0x00, 0x92, 0x05, 0x00, 0x00, 0x03, 0x00, 0x00, 0x00, 0x2c, 0x00, 0x06, 0x00, 0x14, // ...........,....
	0x00, 0x00, 0x00, 0x72, 0x1a, 0x00, 0x00, 0x86, 0x01, 0x00, 0x00, 0x86, 0x01, 0x00, 0x00, 0x86, // ...r............
	0x01, 0x00, 0x00, 0x2c, 0x00, 0x06, 0x00, 0x14, 0x00, 0x00, 0x00, 0x73, 0x1a, 0x00, 0x00, 0xfa, // ...,.......s....
	0x00, 0x00, 0x00, 0xfa, 0x00, 0x00, 0x00, 0xfa, 0x00, 0x00, 0x00, 0x2c, 0x00, 0x06, 0x00, 0x14, // ...........,....
	0x00, 0x00, 0x00, 0x74, 0x1a, 0x00, 0x00, 0xe0, 0x00, 0x00, 0x00, 0xe0, 0x00, 0x00, 0x00, 0xe0, // ...t............
	0x00, 0x00, 0x00, 0x2b, 0x00, 0x04, 0x00, 0x07, 0x00, 0x00, 0x00, 0x76, 0x1a, 0x00, 0x00, 0x00, // ...+.......v....
	0x00, 0x00, 0x3c, 0x2c, 0x00, 0x06, 0x00, 0x14, 0x00, 0x00, 0x00, 0x77, 0x1a, 0x00, 0x00, 0x76, // ..<,.......w...v
	0x1a, 0x00, 0x00, 0x76, 0x1a, 0x00, 0x00, 0x76, 0x1a, 0x00, 0x00, 0x2c, 0x00, 0x06, 0x00, 0x14, // ...v...v...,....
	0x00, 0x00, 0x00, 0x78, 0x1a, 0x00, 0x00, 0xf5, 0x01, 0x00, 0x00, 0xf5, 0x01, 0x00, 0x00, 0xf5, // ...x............
	0x01, 0x00, 0x00, 0x2b, 0x00, 0x04, 0x00, 0x07, 0x00, 0x00, 0x00, 0x79, 0x1a, 0x00, 0x00, 0x00, // ...+.......y....
	0x00, 0x80, 0x3b, 0x2c, 0x00, 0x06, 0x00, 0x14, 0x00, 0x00, 0x00, 0x7a, 0x1a, 0x00, 0x00, 0x79, // ..;,.......z...y
	0x1a, 0x00, 0x00, 0x79, 0x1a, 0x00, 0x00, 0x79, 0x1a, 0x00, 0x00, 0x2b, 0x00, 0x04, 0x00, 0x07, // ...y...y...+....
	0x00, 0x00, 0x00, 0x7b, 0x1a, 0x00, 0x00, 0x81, 0x80, 0x80, 0x3b, 0x2c, 0x00, 0x06, 0x00, 0x14, // ...{......;,....
	0x00, 0x00, 0x00, 0x7c, 0x1a, 0x00, 0x00, 0x7b, 0x1a, 0x00, 0x00, 0x7b, 0x1a, 0x00, 0x00, 0x7b, // ...|...{...{...{
	0x1a, 0x00, 0x00, 0x36, 0x00, 0x05, 0x00, 0x02, 0x00, 0x00, 0x00, 0x04, 0x00, 0x00, 0x00, 0x00, // ...6............
	0x00, 0x00, 0x00, 0x03, 0x00, 0x00, 0x00, 0xf8, 0x00, 0x02, 0x00, 0x05, 0x00, 0x00, 0x00, 0x3d, // ...............=
	0x00, 0x04, 0x00, 0x06, 0x00, 0x00, 0x00, 0xa3, 0x00, 0x00, 0x00, 0xa2, 0x00, 0x00, 0x00, 0x3d, // ...............=
	0x00, 0x04, 0x00, 0x08, 0x00, 0x00, 0x00, 0xa6, 0x00, 0x00, 0x00, 0xa5, 0x00, 0x00, 0x00, 0x3d, // ...............=
	0x00, 0x04, 0x00, 0x06, 0x00, 0x00, 0x00, 0xaa, 0x00, 0x00, 0x00, 0xa9, 0x00, 0x00, 0x00, 0x3d, // ...............=
	0x00, 0x04, 0x00, 0x08, 0x00, 0x00, 0x00, 0xac, 0x00, 0x00, 0x00, 0xab, 0x00, 0x00, 0x00, 0x3d, // ...............=
	0x00, 0x04, 0x00, 0x06, 0x00, 0x00, 0x00, 0xb0, 0x00, 0x00, 0x00, 0xaf, 0x00, 0x00, 0x00, 0x3d, // ...............=
	0x00, 0x04, 0x00, 0x08, 0x00, 0x00, 0x00, 0xb2, 0x00, 0x00, 0x00, 0xb1, 0x00, 0x00, 0x00, 0x3d, // ...............=
	0x00, 0x04, 0x00, 0x0d, 0x00, 0x00, 0x00, 0x78, 0x05, 0x00, 0x00, 0x77, 0x05, 0x00, 0x00, 0x3d, // .......x...w...=
	0x00, 0x04, 0x00, 0x14, 0x00, 0x00, 0x00, 0x7c, 0x05, 0x00, 0x00, 0x7b, 0x05, 0x00, 0x00, 0x3d, // .......|...{...=
	0x00, 0x04, 0x00, 0x14, 0x00, 0x00, 0x00, 0x7f, 0x05, 0x00, 0x00, 0x7e, 0x05, 0x00, 0x00, 0x3d, // ...........~...=
	0x00, 0x04, 0x00, 0x14, 0x00, 0x00, 0x00, 0x82, 0x05, 0x00, 0x00, 0x81, 0x05, 0x00, 0x00, 0x41, // ...............A
	0x00, 0x05, 0x00, 0x95, 0x04, 0x00, 0x00, 0x1f, 0x06, 0x00, 0x00, 0x4f, 0x04, 0x00, 0x00, 0x94, // ...........O....
	0x04, 0x00, 0x00, 0x3d, 0x00, 0x04, 0x00, 0x0d, 0x00, 0x00, 0x00, 0x20, 0x06, 0x00, 0x00, 0x1f, // ...=....... ....
	0x06, 0x00, 0x00, 0x41, 0x00, 0x05, 0x00, 0x95, 0x04, 0x00, 0x00, 0x21, 0x06, 0x00, 0x00, 0x4f, // ...A.......!...O
	0x04, 0x00, 0x00, 0x99, 0x04, 0x00, 0x00, 0x3d, 0x00, 0x04, 0x00, 0x0d, 0x00, 0x00, 0x00, 0x22, // .......=......."
	0x06, 0x00, 0x00, 0x21, 0x06, 0x00, 0x00, 0x41, 0x00, 0x05, 0x00, 0x95, 0x04, 0x00, 0x00, 0x23, // ...!...A.......#
	0x06, 0x00, 0x00, 0x4f, 0x04, 0x00, 0x00, 0x9d, 0x04, 0x00, 0x00, 0x3d, 0x00, 0x04, 0x00, 0x0d, // ...O.......=....
	0x00, 0x00, 0x00, 0x24, 0x06, 0x00, 0x00, 0x23, 0x06, 0x00, 0x00, 0x41, 0x00, 0x05, 0x00, 0x95, // ...$...#...A....
	0x04, 0x00, 0x00, 0x25, 0x06, 0x00, 0x00, 0x4f, 0x04, 0x00, 0x00, 0xa1, 0x04, 0x00, 0x00, 0x3d, // ...%...O.......=
	0x00, 0x04, 0x00, 0x0d, 0x00, 0x00, 0x00, 0x26, 0x06, 0x00, 0x00, 0x25, 0x06, 0x00, 0x00, 0x41, // .......&...%...A
	0x00, 0x05, 0x00, 0x95, 0x04, 0x00, 0x00, 0x27, 0x06, 0x00, 0x00, 0x4f, 0x04, 0x00, 0x00, 0xa5, // .......'...O....
	0x04, 0x00, 0x00, 0x3d, 0x00, 0x04, 0x00, 0x0d, 0x00, 0x00, 0x00, 0x28, 0x06, 0x00, 0x00, 0x27, // ...=.......(...'
	0x06, 0x00, 0x00, 0x41, 0x00, 0x06, 0x00, 0x51, 0x04, 0x00, 0x00, 0x29, 0x06, 0x00, 0x00, 0x4f, // ...A...Q...)...O
	0x04, 0x00, 0x00, 0xa5, 0x04, 0x00, 0x00, 0xcc, 0x00, 0x00, 0x00, 0x3d, 0x00, 0x04, 0x00, 0x07, // ...........=....
	0x00, 0x00, 0x00, 0x2a, 0x06, 0x00, 0x00, 0x29, 0x06, 0x00, 0x00, 0xf7, 0x00, 0x03, 0x00, 0xd0, // ...*...)........
	0x06, 0x00, 0x00, 0x00, 0x00, 0x00, 0x00, 0xfb, 0x00, 0x03, 0x00, 0x06, 0x02, 0x00, 0x00, 0xb7, // ................
	0x06, 0x00, 0x00, 0xf8, 0x00, 0x02, 0x00, 0xb7, 0x06, 0x00, 0x00, 0xba, 0x00, 0x05, 0x00, 0x8b, // ................
	0x00, 0x00, 0x00, 0xb9, 0x06, 0x00, 0x00, 0x2a, 0x06, 0x00, 0x00, 0xe8, 0x03, 0x00, 0x00, 0xf7, // .......*........
	0x00, 0x03, 0x00, 0xbb, 0x06, 0x00, 0x00, 0x00, 0x00, 0x00, 0x00, 0xfa, 0x00, 0x04, 0x00, 0xb9, // ................
	0x06, 0x00, 0x00, 0xba, 0x06, 0x00, 0x00, 0xbb, 0x06, 0x00, 0x00, 0xf8, 0x00, 0x02, 0x00, 0xba, // ................
	0x06, 0x00, 0x00, 0xf9, 0x00, 0x02, 0x00, 0xd0, 0x06, 0x00, 0x00, 0xf8, 0x00, 0x02, 0x00, 0xbb, // ................
	0x06, 0x00, 0x00, 0xb8, 0x00, 0x05, 0x00, 0x8b, 0x00, 0x00, 0x00, 0xbd, 0x06, 0x00, 0x00, 0x2a, // ...............*
	0x06, 0x00, 0x00, 0xe0, 0x00, 0x00, 0x00, 0xf7, 0x00, 0x03, 0x00, 0xc3, 0x06, 0x00, 0x00, 0x00, // ................
	0x00, 0x00, 0x00, 0xfa, 0x00, 0x04, 0x00, 0xbd, 0x06, 0x00, 0x00, 0xbe, 0x06, 0x00, 0x00, 0xc3, // ................
	0x06, 0x00, 0x00, 0xf8, 0x00, 0x02, 0x00, 0xbe, 0x06, 0x00, 0x00, 0xf7, 0x00, 0x03, 0x00, 0xe5, // ................
	0x06, 0x00, 0x00, 0x00, 0x00, 0x00, 0x00, 0xfb, 0x00, 0x03, 0x00, 0x06, 0x02, 0x00, 0x00, 0xd6, // ................
	0x06, 0x00, 0x00, 0xf8, 0x00, 0x02, 0x00, 0xd6, 0x06, 0x00, 0x00, 0x51, 0x00, 0x05, 0x00, 0x07, // ...........Q....
	0x00, 0x00, 0x00, 0xd8, 0x06, 0x00, 0x00, 0x7c, 0x05, 0x00, 0x00, 0x02, 0x00, 0x00, 0x00, 0x0c, // .......|........
	0x00, 0x06, 0x00, 0x07, 0x00, 0x00, 0x00, 0xd9, 0x06, 0x00, 0x00, 0x01, 0x00, 0x00, 0x00, 0x04, // ................
	0x00, 0x00, 0x00, 0xd8, 0x06, 0x00, 0x00, 0xba, 0x00, 0x05, 0x00, 0x8b, 0x00, 0x00, 0x00, 0xda, // ................
	0x06, 0x00, 0x00, 0xd9, 0x06, 0x00, 0x00, 0xd0, 0x00, 0x00, 0x00, 0xf7, 0x00, 0x03, 0x00, 0xe2, // ................
	0x06, 0x00, 0x00, 0x00, 0x00, 0x00, 0x00, 0xfa, 0x00, 0x04, 0x00, 0xda, 0x06, 0x00, 0x00, 0xdb, // ................
	0x06, 0x00, 0x00, 0xe2, 0x06, 0x00, 0x00, 0xf8, 0x00, 0x02, 0x00, 0xdb, 0x06, 0x00, 0x00, 0x4f, // ...............O
	0x00, 0x07, 0x00, 0x0b, 0x00, 0x00, 0x00, 0xdd, 0x06, 0x00, 0x00, 0x7c, 0x05, 0x00, 0x00, 0x7c, // ...........|...|
	0x05, 0x00, 0x00, 0x00, 0x00, 0x00, 0x00, 0x01, 0x00, 0x00, 0x00, 0x50, 0x00, 0x05, 0x00, 0x0b, // ...........P....
	0x00, 0x00, 0x00, 0xe0, 0x06, 0x00, 0x00, 0xd8, 0x06, 0x00, 0x00, 0xd8, 0x06, 0x00, 0x00, 0x88, // ................
	0x00, 0x05, 0x00, 0x0b, 0x00, 0x00, 0x00, 0xe1, 0x06, 0x00, 0x00, 0xdd, 0x06, 0x00, 0x00, 0xe0, // ................
	0x06, 0x00, 0x00, 0xf9, 0x00, 0x02, 0x00, 0xe5, 0x06, 0x00, 0x00, 0xf8, 0x00, 0x02, 0x00, 0xe2, // ................
	0x06, 0x00, 0x00, 0x4f, 0x00, 0x07, 0x00, 0x0b, 0x00, 0x00, 0x00, 0xe4, 0x06, 0x00, 0x00, 0x7c, // ...O...........|
	0x05, 0x00, 0x00, 0x7c, 0x05, 0x00, 0x00, 0x00, 0x00, 0x00, 0x00, 0x01, 0x00, 0x00, 0x00, 0xf9, // ...|............
	0x00, 0x02, 0x00, 0xe5, 0x06, 0x00, 0x00, 0xf8, 0x00, 0x02, 0x00, 0xe5, 0x06, 0x00, 0x00, 0xf5, // ................
	0x00, 0x07, 0x00, 0x0b, 0x00, 0x00, 0x00, 0x7f, 0x1a, 0x00, 0x00, 0xe1, 0x06, 0x00, 0x00, 0xdb, // ................
	0x06, 0x00, 0x00, 0xe4, 0x06, 0x00, 0x00, 0xe2, 0x06, 0x00, 0x00, 0x56, 0x00, 0x05, 0x00, 0xbd, // ...........V....
	0x00, 0x00, 0x00, 0xed, 0x06, 0x00, 0x00, 0xa6, 0x00, 0x00, 0x00, 0xa3, 0x00, 0x00, 0x00, 0x57, // ...............W
	0x00, 0x05, 0x00, 0x0d, 0x00, 0x00, 0x00, 0xef, 0x06, 0x00, 0x00, 0xed, 0x06, 0x00, 0x00, 0x7f, // ................
	0x1a, 0x00, 0x00, 0xf9, 0x00, 0x02, 0x00, 0xd0, 0x06, 0x00, 0x00, 0xf8, 0x00, 0x02, 0x00, 0xc3, // ................
	0x06, 0x00, 0x00, 0xb8, 0x00, 0x05, 0x00, 0x8b, 0x00, 0x00, 0x00, 0xc5, 0x06, 0x00, 0x00, 0x2a, // ...............*
	0x06, 0x00, 0x00, 0xe7, 0x00, 0x00, 0x00, 0xf7, 0x00, 0x03, 0x00, 0xcb, 0x06, 0x00, 0x00, 0x00, // ................
	0x00, 0x00, 0x00, 0xfa, 0x00, 0x04, 0x00, 0xc5, 0x06, 0x00, 0x00, 0xc6, 0x06, 0x00, 0x00, 0xcb, // ................
	0x06, 0x00, 0x00, 0xf8, 0x00, 0x02, 0x00, 0xc6, 0x06, 0x00, 0x00, 0xf7, 0x00, 0x03, 0x00, 0x03, // ................
	0x07, 0x00, 0x00, 0x00, 0x00, 0x00, 0x00, 0xfb, 0x00, 0x03, 0x00, 0x06, 0x02, 0x00, 0x00, 0xf4, // ................
	0x06, 0x00, 0x00, 0xf8, 0x00, 0x02, 0x00, 0xf4, 0x06, 0x00, 0x00, 0x51, 0x00, 0x05, 0x00, 0x07, // ...........Q....
	0x00, 0x00, 0x00, 0xf6, 0x06, 0x00, 0x00, 0x7f, 0x05, 0x00, 0x00, 0x02, 0x00, 0x00, 0x00, 0x0c, // ................
	0x00, 0x06, 0x00, 0x07, 0x00, 0x00, 0x00, 0xf7, 0x06, 0x00, 0x00, 0x01, 0x00, 0x00, 0x00, 0x04, // ................
	0x00, 0x00, 0x00, 0xf6, 0x06, 0x00, 0x00, 0xba, 0x00, 0x05, 0x00, 0x8b, 0x00, 0x00, 0x00, 0xf8, // ................
	0x06, 0x00, 0x00, 0xf7, 0x06, 0x00, 0x00, 0xd0, 0x00, 0x00, 0x00, 0xf7, 0x00, 0x03, 0x00, 0x00, // ................
	0x07, 0x00, 0x00, 0x00, 0x00, 0x00, 0x00, 0xfa, 0x00, 0x04, 0x00, 0xf8, 0x06, 0x00, 0x00, 0xf9, // ................
	0x06, 0x00, 0x00, 0x00, 0x07, 0x00, 0x00, 0xf8, 0x00, 0x02, 0x00, 0xf9, 0x06, 0x00, 0x00, 0x4f, // ...............O
	0x00, 0x07, 0x00, 0x0b, 0x00, 0x00, 0x00, 0xfb, 0x06, 0x00, 0x00, 0x7f, 0x05, 0x00, 0x00, 0x7f, // ................
	0x05, 0x00, 0x00, 0x00, 0x00, 0x00, 0x00, 0x01, 0x00, 0x00, 0x00, 0x50, 0x00, 0x05, 0x00, 0x0b, // ...........P....
	0x00, 0x00, 0x00, 0xfe, 0x06, 0x00, 0x00, 0xf6, 0x06, 0x00, 0x00, 0xf6, 0x06, 0x00, 0x00, 0x88, // ................
	0x00, 0x05, 0x00, 0x0b, 0x00, 0x00, 0x00, 0xff, 0x06, 0x00, 0x00, 0xfb, 0x06, 0x00, 0x00, 0xfe, // ................
	0x06, 0x00, 0x00, 0xf9, 0x00, 0x02, 0x00, 0x03, 0x07, 0x00, 0x00, 0xf8, 0x00, 0x02, 0x00, 0x00, // ................
	0x07, 0x00, 0x00, 0x4f, 0x00, 0x07, 0x00, 0x0b, 0x00, 0x00, 0x00, 0x02, 0x07, 0x00, 0x00, 0x7f, // ...O............
	0x05, 0x00, 0x00, 0x7f, 0x05, 0x00, 0x00, 0x00, 0x00, 0x00, 0x00, 0x01, 0x00, 0x00, 0x00, 0xf9, // ................
	0x00, 0x02, 0x00, 0x03, 0x07, 0x00, 0x00, 0xf8, 0x00, 0x02, 0x00, 0x03, 0x07, 0x00, 0x00, 0xf5, // ................
	0x00, 0x07, 0x00, 0x0b, 0x00, 0x00, 0x00, 0x7e, 0x1a, 0x00, 0x00, 0xff, 0x06, 0x00, 0x00, 0xf9, // .......~........
	0x06, 0x00, 0x00, 0x02, 0x07, 0x00, 0x00, 0x00, 0x07, 0x00, 0x00, 0x56, 0x00, 0x05, 0x00, 0xbd, // ...........V....
	0x00, 0x00, 0x00, 0x0b, 0x07, 0x00, 0x00, 0xac, 0x00, 0x00, 0x00, 0xaa, 0x00, 0x00, 0x00, 0x57, // ...............W
	0x00, 0x05, 0x00, 0x0d, 0x00, 0x00, 0x00, 0x0d, 0x07, 0x00, 0x00, 0x0b, 0x07, 0x00, 0x00, 0x7e, // ...............~
	0x1a, 0x00, 0x00, 0xf9, 0x00, 0x02, 0x00, 0xd0, 0x06, 0x00, 0x00, 0xf8, 0x00, 0x02, 0x00, 0xcb, // ................
	0x06, 0x00, 0x00, 0xf7, 0x00, 0x03, 0x00, 0x21, 0x07, 0x00, 0x00, 0x00, 0x00, 0x00, 0x00, 0xfb, // .......!........
	0x00, 0x03, 0x00, 0x06, 0x02, 0x00, 0x00, 0x12, 0x07, 0x00, 0x00, 0xf8, 0x00, 0x02, 0x00, 0x12, // ................
	0x07, 0x00, 0x00, 0x51, 0x00, 0x05, 0x00, 0x07, 0x00, 0x00, 0x00, 0x14, 0x07, 0x00, 0x00, 0x82, // ...Q............
	0x05, 0x00, 0x00, 0x02, 0x00, 0x00, 0x00, 0x0c, 0x00, 0x06, 0x00, 0x07, 0x00, 0x00, 0x00, 0x15, // ................
	0x07, 0x00, 0x00, 0x01, 0x00, 0x00, 0x00, 0x04, 0x00, 0x00, 0x00, 0x14, 0x07, 0x00, 0x00, 0xba, // ................
	0x00, 0x05, 0x00, 0x8b, 0x00, 0x00, 0x00, 0x16, 0x07, 0x00, 0x00, 0x15, 0x07, 0x00, 0x00, 0xd0, // ................
	0x00, 0x00, 0x00, 0xf7, 0x00, 0x03, 0x00, 0x1e, 0x07, 0x00, 0x00, 0x00, 0x00, 0x00, 0x00, 0xfa, // ................
	0x00, 0x04, 0x00, 0x16, 0x07, 0x00, 0x00, 0x17, 0x07, 0x00, 0x00, 0x1e, 0x07, 0x00, 0x00, 0xf8, // ................
	0x00, 0x02, 0x00, 0x17, 0x07, 0x00, 0x00, 0x4f, 0x00, 0x07, 0x00, 0x0b, 0x00, 0x00, 0x00, 0x19, // .......O........
	0x07, 0x00, 0x00, 0x82, 0x05, 0x00, 0x00, 0x82, 0x05, 0x00, 0x00, 0x00, 0x00, 0x00, 0x00, 0x01, // ................
	0x00, 0x00, 0x00, 0x50, 0x00, 0x05, 0x00, 0x0b, 0x00, 0x00, 0x00, 0x1c, 0x07, 0x00, 0x00, 0x14, // ...P............
	0x07, 0x00, 0x00, 0x14, 0x07, 0x00, 0x00, 0x88, 0x00, 0x05, 0x00, 0x0b, 0x00, 0x00, 0x00, 0x1d, // ................
	0x07, 0x00, 0x00, 0x19, 0x07, 0x00, 0x00, 0x1c, 0x07, 0x00, 0x00, 0xf9, 0x00, 0x02, 0x00, 0x21, // ...............!
	0x07, 0x00, 0x00, 0xf8, 0x00, 0x02, 0x00, 0x1e, 0x07, 0x00, 0x00, 0x4f, 0x00, 0x07, 0x00, 0x0b, // ...........O....
	0x00, 0x00, 0x00, 0x20, 0x07, 0x00, 0x00, 0x82, 0x05, 0x00, 0x00, 0x82, 0x05, 0x00, 0x00, 0x00, // ... ............
	0x00, 0x00, 0x00, 0x01, 0x00, 0x00, 0x00, 0xf9, 0x00, 0x02, 0x00, 0x21, 0x07, 0x00, 0x00, 0xf8, // ...........!....
	0x00, 0x02, 0x00, 0x21, 0x07, 0x00, 0x00, 0xf5, 0x00, 0x07, 0x00, 0x0b, 0x00, 0x00, 0x00, 0x7d, // ...!...........}
	0x1a, 0x00, 0x00, 0x1d, 0x07, 0x00, 0x00, 0x17, 0x07, 0x00, 0x00, 0x20, 0x07, 0x00, 0x00, 0x1e, // ........... ....
	0x07, 0x00, 0x00, 0x56, 0x00, 0x05, 0x00, 0xbd, 0x00, 0x00, 0x00, 0x29, 0x07, 0x00, 0x00, 0xb2, // ...V.......)....
	0x00, 0x00, 0x00, 0xb0, 0x00, 0x00, 0x00, 0x57, 0x00, 0x05, 0x00, 0x0d, 0x00, 0x00, 0x00, 0x2b, // .......W.......+
	0x07, 0x00, 0x00, 0x29, 0x07, 0x00, 0x00, 0x7d, 0x1a, 0x00, 0x00, 0xf9, 0x00, 0x02, 0x00, 0xd0, // ...)...}........
	0x06, 0x00, 0x00, 0xf8, 0x00, 0x02, 0x00, 0xd0, 0x06, 0x00, 0x00, 0xf5, 0x00, 0x0b, 0x00, 0x0d, // ................
	0x00, 0x00, 0x00, 0x80, 0x1a, 0x00, 0x00, 0xec, 0x03, 0x00, 0x00, 0xba, 0x06, 0x00, 0x00, 0xef, // ................
	0x06, 0x00, 0x00, 0xe5, 0x06, 0x00, 0x00, 0x0d, 0x07, 0x00, 0x00, 0x03, 0x07, 0x00, 0x00, 0x2b, // ...............+
	0x07, 0x00, 0x00, 0x21, 0x07, 0x00, 0x00, 0x41, 0x00, 0x05, 0x00, 0x95, 0x04, 0x00, 0x00, 0x2f, // ...!...A......./
	0x06, 0x00, 0x00, 0x4f, 0x04, 0x00, 0x00, 0xb5, 0x00, 0x00, 0x00, 0x3d, 0x00, 0x04, 0x00, 0x0d, // ...O.......=....
	0x00, 0x00, 0x00, 0x30, 0x06, 0x00, 0x00, 0x2f, 0x06, 0x00, 0x00, 0x41, 0x00, 0x05, 0x00, 0x95, // ...0.../...A....
	0x04, 0x00, 0x00, 0x31, 0x06, 0x00, 0x00, 0x4f, 0x04, 0x00, 0x00, 0xb2, 0x04, 0x00, 0x00, 0x3d, // ...1...O.......=
	0x00, 0x04, 0x00, 0x0d, 0x00, 0x00, 0x00, 0x32, 0x06, 0x00, 0x00, 0x31, 0x06, 0x00, 0x00, 0x41, // .......2...1...A
	0x00, 0x05, 0x00, 0x95, 0x04, 0x00, 0x00, 0x33, 0x06, 0x00, 0x00, 0x4f, 0x04, 0x00, 0x00, 0xb3, // .......3...O....
	0x04, 0x00, 0x00, 0x3d, 0x00, 0x04, 0x00, 0x0d, 0x00, 0x00, 0x00, 0x34, 0x06, 0x00, 0x00, 0x33, // ...=.......4...3
	0x06, 0x00, 0x00, 0x41, 0x00, 0x05, 0x00, 0x95, 0x04, 0x00, 0x00, 0x35, 0x06, 0x00, 0x00, 0x4f, // ...A.......5...O
	0x04, 0x00, 0x00, 0xb4, 0x04, 0x00, 0x00, 0x3d, 0x00, 0x04, 0x00, 0x0d, 0x00, 0x00, 0x00, 0x36, // .......=.......6
	0x06, 0x00, 0x00, 0x35, 0x06, 0x00, 0x00, 0x41, 0x00, 0x05, 0x00, 0x95, 0x04, 0x00, 0x00, 0x39, // ...5...A.......9
	0x06, 0x00, 0x00, 0x4f, 0x04, 0x00, 0x00, 0xb5, 0x04, 0x00, 0x00, 0x3d, 0x00, 0x04, 0x00, 0x0d, // ...O.......=....
	0x00, 0x00, 0x00, 0x3a, 0x06, 0x00, 0x00, 0x39, 0x06, 0x00, 0x00, 0x51, 0x00, 0x05, 0x00, 0x07, // ...:...9...Q....
	0x00, 0x00, 0x00, 0x8e, 0x07, 0x00, 0x00, 0x30, 0x06, 0x00, 0x00, 0x00, 0x00, 0x00, 0x00, 0xf7, // .......0........
	0x00, 0x03, 0x00, 0x6e, 0x08, 0x00, 0x00, 0x00, 0x00, 0x00, 0x00, 0xfb, 0x00, 0x03, 0x00, 0x06, // ...n............
	0x02, 0x00, 0x00, 0x0e, 0x08, 0x00, 0x00, 0xf8, 0x00, 0x02, 0x00, 0x0e, 0x08, 0x00, 0x00, 0xb8, // ................
	0x00, 0x05, 0x00, 0x8b, 0x00, 0x00, 0x00, 0x10, 0x08, 0x00, 0x00, 0x8e, 0x07, 0x00, 0x00, 0xe0, // ................
	0x00, 0x00, 0x00, 0xf7, 0x00, 0x03, 0x00, 0x14, 0x08, 0x00, 0x00, 0x00, 0x00, 0x00, 0x00, 0xfa, // ................
	0x00, 0x04, 0x00, 0x10, 0x08, 0x00, 0x00, 0x11, 0x08, 0x00, 0x00, 0x14, 0x08, 0x00, 0x00, 0xf8, // ................
	0x00, 0x02, 0x00, 0x11, 0x08, 0x00, 0x00, 0x4f, 0x00, 0x08, 0x00, 0x14, 0x00, 0x00, 0x00, 0x13, // .......O........
	0x08, 0x00, 0x00, 0x20, 0x06, 0x00, 0x00, 0x20, 0x06, 0x00, 0x00, 0x00, 0x00, 0x00, 0x00, 0x01, // ... ... ........
	0x00, 0x00, 0x00, 0x02, 0x00, 0x00, 0x00, 0xf9, 0x00, 0x02, 0x00, 0x6e, 0x08, 0x00, 0x00, 0xf8, // ...........n....
	0x00, 0x02, 0x00, 0x14, 0x08, 0x00, 0x00, 0xb8, 0x00, 0x05, 0x00, 0x8b, 0x00, 0x00, 0x00, 0x16, // ................
	0x08, 0x00, 0x00, 0x8e, 0x07, 0x00, 0x00, 0xe7, 0x00, 0x00, 0x00, 0xf7, 0x00, 0x03, 0x00, 0x1b, // ................
	0x08, 0x00, 0x00, 0x00, 0x00, 0x00, 0x00, 0xfa, 0x00, 0x04, 0x00, 0x16, 0x08, 0x00, 0x00, 0x17, // ................
	0x08, 0x00, 0x00, 0x1b, 0x08, 0x00, 0x00, 0xf8, 0x00, 0x02, 0x00, 0x17, 0x08, 0x00, 0x00, 0x51, // ...............Q
	0x00, 0x05, 0x00, 0x07, 0x00, 0x00, 0x00, 0x19, 0x08, 0x00, 0x00, 0x20, 0x06, 0x00, 0x00, 0x03, // ........... ....
	0x00, 0x00, 0x00, 0x50, 0x00, 0x06, 0x00, 0x14, 0x00, 0x00, 0x00, 0x73, 0x08, 0x00, 0x00, 0x19, // ...P.......s....
	0x08, 0x00, 0x00, 0x19, 0x08, 0x00, 0x00, 0x19, 0x08, 0x00, 0x00, 0xf9, 0x00, 0x02, 0x00, 0x6e, // ...............n
	0x08, 0x00, 0x00, 0xf8, 0x00, 0x02, 0x00, 0x1b, 0x08, 0x00, 0x00, 0xb8, 0x00, 0x05, 0x00, 0x8b, // ................
	0x00, 0x00, 0x00, 0x1d, 0x08, 0x00, 0x00, 0x8e, 0x07, 0x00, 0x00, 0xee, 0x00, 0x00, 0x00, 0xf7, // ................
	0x00, 0x03, 0x00, 0x21, 0x08, 0x00, 0x00, 0x00, 0x00, 0x00, 0x00, 0xfa, 0x00, 0x04, 0x00, 0x1d, // ...!............
	0x08, 0x00, 0x00, 0x1e, 0x08, 0x00, 0x00, 0x21, 0x08, 0x00, 0x00, 0xf8, 0x00, 0x02, 0x00, 0x1e, // .......!........
	0x08, 0x00, 0x00, 0x4f, 0x00, 0x08, 0x00, 0x14, 0x00, 0x00, 0x00, 0x20, 0x08, 0x00, 0x00, 0x22, // ...O....... ..."
	0x06, 0x00, 0x00, 0x22, 0x06, 0x00, 0x00, 0x00, 0x00, 0x00, 0x00, 0x01, 0x00, 0x00, 0x00, 0x02, // ..."............
	0x00, 0x00, 0x00, 0xf9, 0x00, 0x02, 0x00, 0x6e, 0x08, 0x00, 0x00, 0xf8, 0x00, 0x02, 0x00, 0x21, // .......n.......!
	0x08, 0x00, 0x00, 0xb8, 0x00, 0x05, 0x00, 0x8b, 0x00, 0x00, 0x00, 0x23, 0x08, 0x00, 0x00, 0x8e, // ...........#....
	0x07, 0x00, 0x00, 0x28, 0x01, 0x00, 0x00, 0xf7, 0x00, 0x03, 0x00, 0x28, 0x08, 0x00, 0x00, 0x00, // ...(.......(....
	0x00, 0x00, 0x00, 0xfa, 0x00, 0x04, 0x00, 0x23, 0x08, 0x00, 0x00, 0x24, 0x08, 0x00, 0x00, 0x28, // .......#...$...(
	0x08, 0x00, 0x00, 0xf8, 0x00, 0x02, 0x00, 0x24, 0x08, 0x00, 0x00, 0x51, 0x00, 0x05, 0x00, 0x07, // .......$...Q....
	0x00, 0x00, 0x00, 0x26, 0x08, 0x00, 0x00, 0x22, 0x06, 0x00, 0x00, 0x03, 0x00, 0x00, 0x00, 0x50, // ...&...".......P
	0x00, 0x06, 0x00, 0x14, 0x00, 0x00, 0x00, 0x77, 0x08, 0x00, 0x00, 0x26, 0x08, 0x00, 0x00, 0x26, // .......w...&...&
	0x08, 0x00, 0x00, 0x26, 0x08, 0x00, 0x00, 0xf9, 0x00, 0x02, 0x00, 0x6e, 0x08, 0x00, 0x00, 0xf8, // ...&.......n....
	0x00, 0x02, 0x00, 0x28, 0x08, 0x00, 0x00, 0xb8, 0x00, 0x05, 0x00, 0x8b, 0x00, 0x00, 0x00, 0x2a, // ...(...........*
	0x08, 0x00, 0x00, 0x8e, 0x07, 0x00, 0x00, 0x32, 0x01, 0x00, 0x00, 0xf7, 0x00, 0x03, 0x00, 0x2e, // .......2........
	0x08, 0x00, 0x00, 0x00, 0x00, 0x00, 0x00, 0xfa, 0x00, 0x04, 0x00, 0x2a, 0x08, 0x00, 0x00, 0x2b, // ...........*...+
	0x08, 0x00, 0x00, 0x2e, 0x08, 0x00, 0x00, 0xf8, 0x00, 0x02, 0x00, 0x2b, 0x08, 0x00, 0x00, 0x4f, // ...........+...O
	0x00, 0x08, 0x00, 0x14, 0x00, 0x00, 0x00, 0x2d, 0x08, 0x00, 0x00, 0x24, 0x06, 0x00, 0x00, 0x24, // .......-...$...$
	0x06, 0x00, 0x00, 0x00, 0x00, 0x00, 0x00, 0x01, 0x00, 0x00, 0x00, 0x02, 0x00, 0x00, 0x00, 0xf9, // ................
	0x00, 0x02, 0x00, 0x6e, 0x08, 0x00, 0x00, 0xf8, 0x00, 0x02, 0x00, 0x2e, 0x08, 0x00, 0x00, 0xb8, // ...n............
	0x00, 0x05, 0x00, 0x8b, 0x00, 0x00, 0x00, 0x30, 0x08, 0x00, 0x00, 0x8e, 0x07, 0x00, 0x00, 0x3a, // .......0.......:
	0x01, 0x00, 0x00, 0xf7, 0x00, 0x03, 0x00, 0x35, 0x08, 0x00, 0x00, 0x00, 0x00, 0x00, 0x00, 0xfa, // .......5........
	0x00, 0x04, 0x00, 0x30, 0x08, 0x00, 0x00, 0x31, 0x08, 0x00, 0x00, 0x35, 0x08, 0x00, 0x00, 0xf8, // ...0...1...5....
	0x00, 0x02, 0x00, 0x31, 0x08, 0x00, 0x00, 0x51, 0x00, 0x05, 0x00, 0x07, 0x00, 0x00, 0x00, 0x33, // ...1...Q.......3
	0x08, 0x00, 0x00, 0x24, 0x06, 0x00, 0x00, 0x03, 0x00, 0x00, 0x00, 0x50, 0x00, 0x06, 0x00, 0x14, // ...$.......P....
	0x00, 0x00, 0x00, 0x7b, 0x08, 0x00, 0x00, 0x33, 0x08, 0x00, 0x00, 0x33, 0x08, 0x00, 0x00, 0x33, // ...{...3...3...3
	0x08, 0x00, 0x00, 0xf9, 0x00, 0x02, 0x00, 0x6e, 0x08, 0x00, 0x00, 0xf8, 0x00, 0x02, 0x00, 0x35, // .......n.......5
	0x08, 0x00, 0x00, 0xb8, 0x00, 0x05, 0x00, 0x8b, 0x00, 0x00, 0x00, 0x37, 0x08, 0x00, 0x00, 0x8e, // ...........7....
	0x07, 0x00, 0x00, 0x44, 0x01, 0x00, 0x00, 0xf7, 0x00, 0x03, 0x00, 0x3b, 0x08, 0x00, 0x00, 0x00, // ...D.......;....
	0x00, 0x00, 0x00, 0xfa, 0x00, 0x04, 0x00, 0x37, 0x08, 0x00, 0x00, 0x38, 0x08, 0x00, 0x00, 0x3b, // .......7...8...;
	0x08, 0x00, 0x00, 0xf8, 0x00, 0x02, 0x00, 0x38, 0x08, 0x00, 0x00, 0x4f, 0x00, 0x08, 0x00, 0x14, // .......8...O....
	0x00, 0x00, 0x00, 0x3a, 0x08, 0x00, 0x00, 0x26, 0x06, 0x00, 0x00, 0x26, 0x06, 0x00, 0x00, 0x00, // ...:...&...&....
	0x00, 0x00, 0x00, 0x01, 0x00, 0x00, 0x00, 0x02, 0x00, 0x00, 0x00, 0xf9, 0x00, 0x02, 0x00, 0x6e, // ...............n
	0x08, 0x00, 0x00, 0xf8, 0x00, 0x02, 0x00, 0x3b, 0x08, 0x00, 0x00, 0xb8, 0x00, 0x05, 0x00, 0x8b, // .......;........
	0x00, 0x00, 0x00, 0x3d, 0x08, 0x00, 0x00, 0x8e, 0x07, 0x00, 0x00, 0x4c, 0x01, 0x00, 0x00, 0xf7, // ...=.......L....
	0x00, 0x03, 0x00, 0x42, 0x08, 0x00, 0x00, 0x00, 0x00, 0x00, 0x00, 0xfa, 0x00, 0x04, 0x00, 0x3d, // ...B...........=
	0x08, 0x00, 0x00, 0x3e, 0x08, 0x00, 0x00, 0x42, 0x08, 0x00, 0x00, 0xf8, 0x00, 0x02, 0x00, 0x3e, // ...>...B.......>
	0x08, 0x00, 0x00, 0x51, 0x00, 0x05, 0x00, 0x07, 0x00, 0x00, 0x00, 0x40, 0x08, 0x00, 0x00, 0x26, // ...Q.......@...&
	0x06, 0x00, 0x00, 0x03, 0x00, 0x00, 0x00, 0x50, 0x00, 0x06, 0x00, 0x14, 0x00, 0x00, 0x00, 0x7f, // .......P........
	0x08, 0x00, 0x00, 0x40, 0x08, 0x00, 0x00, 0x40, 0x08, 0x00, 0x00, 0x40, 0x08, 0x00, 0x00, 0xf9, // ...@...@...@....
	0x00, 0x02, 0x00, 0x6e, 0x08, 0x00, 0x00, 0xf8, 0x00, 0x02, 0x00, 0x42, 0x08, 0x00, 0x00, 0xb8, // ...n.......B....
	0x00, 0x05, 0x00, 0x8b, 0x00, 0x00, 0x00, 0x44, 0x08, 0x00, 0x00, 0x8e, 0x07, 0x00, 0x00, 0x56, // .......D.......V
	0x01, 0x00, 0x00, 0xf7, 0x00, 0x03, 0x00, 0x48, 0x08, 0x00, 0x00, 0x00, 0x00, 0x00, 0x00, 0xfa, // .......H........
	0x00, 0x04, 0x00, 0x44, 0x08, 0x00, 0x00, 0x45, 0x08, 0x00, 0x00, 0x48, 0x08, 0x00, 0x00, 0xf8, // ...D...E...H....
	0x00, 0x02, 0x00, 0x45, 0x08, 0x00, 0x00, 0x4f, 0x00, 0x08, 0x00, 0x14, 0x00, 0x00, 0x00, 0x47, // ...E...O.......G
	0x08, 0x00, 0x00, 0x80, 0x1a, 0x00, 0x00, 0x80, 0x1a, 0x00, 0x00, 0x00, 0x00, 0x00, 0x00, 0x01, // ................
	0x00, 0x00, 0x00, 0x02, 0x00, 0x00, 0x00, 0xf9, 0x00, 0x02, 0x00, 0x6e, 0x08, 0x00, 0x00, 0xf8, // ...........n....
	0x00, 0x02, 0x00, 0x48, 0x08, 0x00, 0x00, 0xb8, 0x00, 0x05, 0x00, 0x8b, 0x00, 0x00, 0x00, 0x4a, // ...H...........J
	0x08, 0x00, 0x00, 0x8e, 0x07, 0x00, 0x00, 0x5e, 0x01, 0x00, 0x00, 0xf7, 0x00, 0x03, 0x00, 0x4f, // .......^.......O
	0x08, 0x00, 0x00, 0x00, 0x00, 0x00, 0x00, 0xfa, 0x00, 0x04, 0x00, 0x4a, 0x08, 0x00, 0x00, 0x4b, // ...........J...K
	0x08, 0x00, 0x00, 0x4f, 0x08, 0x00, 0x00, 0xf8, 0x00, 0x02, 0x00, 0x4b, 0x08, 0x00, 0x00, 0x51, // ...O.......K...Q
	0x00, 0x05, 0x00, 0x07, 0x00, 0x00, 0x00, 0x4d, 0x08, 0x00, 0x00, 0x80, 0x1a, 0x00, 0x00, 0x03, // .......M........
	0x00, 0x00, 0x00, 0x50, 0x00, 0x06, 0x00, 0x14, 0x00, 0x00, 0x00, 0x83, 0x08, 0x00, 0x00, 0x4d, // ...P...........M
	0x08, 0x00, 0x00, 0x4d, 0x08, 0x00, 0x00, 0x4d, 0x08, 0x00, 0x00, 0xf9, 0x00, 0x02, 0x00, 0x6e, // ...M...M.......n
	0x08, 0x00, 0x00, 0xf8, 0x00, 0x02, 0x00, 0x4f, 0x08, 0x00, 0x00, 0xb8, 0x00, 0x05, 0x00, 0x8b, // .......O........
	0x00, 0x00, 0x00, 0x51, 0x08, 0x00, 0x00, 0x8e, 0x07, 0x00, 0x00, 0x68, 0x01, 0x00, 0x00, 0xf7, // ...Q.......h....
	0x00, 0x03, 0x00, 0x55, 0x08, 0x00, 0x00, 0x00, 0x00, 0x00, 0x00, 0xfa, 0x00, 0x04, 0x00, 0x51, // ...U...........Q
	0x08, 0x00, 0x00, 0x52, 0x08, 0x00, 0x00, 0x55, 0x08, 0x00, 0x00, 0xf8, 0x00, 0x02, 0x00, 0x52, // ...R...U.......R
	0x08, 0x00, 0x00, 0x4f, 0x00, 0x08, 0x00, 0x14, 0x00, 0x00, 0x00, 0x54, 0x08, 0x00, 0x00, 0x78, // ...O.......T...x
	0x05, 0x00, 0x00, 0x78, 0x05, 0x00, 0x00, 0x00, 0x00, 0x00, 0x00, 0x01, 0x00, 0x00, 0x00, 0x02, // ...x............
	0x00, 0x00, 0x00, 0xf9, 0x00, 0x02, 0x00, 0x6e, 0x08, 0x00, 0x00, 0xf8, 0x00, 0x02, 0x00, 0x55, // .......n.......U
	0x08, 0x00, 0x00, 0xb8, 0x00, 0x05, 0x00, 0x8b, 0x00, 0x00, 0x00, 0x57, 0x08, 0x00, 0x00, 0x8e, // ...........W....
	0x07, 0x00, 0x00, 0x70, 0x01, 0x00, 0x00, 0xf7, 0x00, 0x03, 0x00, 0x5c, 0x08, 0x00, 0x00, 0x00, // ...p............
	0x00, 0x00, 0x00, 0xfa, 0x00, 0x04, 0x00, 0x57, 0x08, 0x00, 0x00, 0x58, 0x08, 0x00, 0x00, 0x5c, // .......W...X....
	0x08, 0x00, 0x00, 0xf8, 0x00, 0x02, 0x00, 0x58, 0x08, 0x00, 0x00, 0x51, 0x00, 0x05, 0x00, 0x07, // .......X...Q....
	0x00, 0x00, 0x00, 0x5a, 0x08, 0x00, 0x00, 0x78, 0x05, 0x00, 0x00, 0x03, 0x00, 0x00, 0x00, 0x50, // ...Z...x.......P
	0x00, 0x06, 0x00, 0x14, 0x00, 0x00, 0x00, 0x87, 0x08, 0x00, 0x00, 0x5a, 0x08, 0x00, 0x00, 0x5a, // ...........Z...Z
	0x08, 0x00, 0x00, 0x5a, 0x08, 0x00, 0x00, 0xf9, 0x00, 0x02, 0x00, 0x6e, 0x08, 0x00, 0x00, 0xf8, // ...Z.......n....
	0x00, 0x02, 0x00, 0x5c, 0x08, 0x00, 0x00, 0xb8, 0x00, 0x05, 0x00, 0x8b, 0x00, 0x00, 0x00, 0x5e, // ...............^
	0x08, 0x00, 0x00, 0x8e, 0x07, 0x00, 0x00, 0x7a, 0x01, 0x00, 0x00, 0xf7, 0x00, 0x03, 0x00, 0x61, // .......z.......a
	0x08, 0x00, 0x00, 0x00, 0x00, 0x00, 0x00, 0xfa, 0x00, 0x04, 0x00, 0x5e, 0x08, 0x00, 0x00, 0x5f, // ...........^..._
	0x08, 0x00, 0x00, 0x61, 0x08, 0x00, 0x00, 0xf8, 0x00, 0x02, 0x00, 0x5f, 0x08, 0x00, 0x00, 0xf9, // ...a......._....
	0x00, 0x02, 0x00, 0x6e, 0x08, 0x00, 0x00, 0xf8, 0x00, 0x02, 0x00, 0x61, 0x08, 0x00, 0x00, 0xb8, // ...n.......a....
	0x00, 0x05, 0x00, 0x8b, 0x00, 0x00, 0x00, 0x63, 0x08, 0x00, 0x00, 0x8e, 0x07, 0x00, 0x00, 0x82, // .......c........
	0x01, 0x00, 0x00, 0xf7, 0x00, 0x03, 0x00, 0x66, 0x08, 0x00, 0x00, 0x00, 0x00, 0x00, 0x00, 0xfa, // .......f........
	0x00, 0x04, 0x00, 0x63, 0x08, 0x00, 0x00, 0x64, 0x08, 0x00, 0x00, 0x66, 0x08, 0x00, 0x00, 0xf8, // ...c...d...f....
	0x00, 0x02, 0x00, 0x64, 0x08, 0x00, 0x00, 0xf9, 0x00, 0x02, 0x00, 0x6e, 0x08, 0x00, 0x00, 0xf8, // ...d.......n....
	0x00, 0x02, 0x00, 0x66, 0x08, 0x00, 0x00, 0xb8, 0x00, 0x05, 0x00, 0x8b, 0x00, 0x00, 0x00, 0x68, // ...f...........h
	0x08, 0x00, 0x00, 0x8e, 0x07, 0x00, 0x00, 0x8b, 0x01, 0x00, 0x00, 0xf7, 0x00, 0x03, 0x00, 0x6c, // ...............l
	0x08, 0x00, 0x00, 0x00, 0x00, 0x00, 0x00, 0xfa, 0x00, 0x04, 0x00, 0x68, 0x08, 0x00, 0x00, 0x69, // ...........h...i
	0x08, 0x00, 0x00, 0x6c, 0x08, 0x00, 0x00, 0xf8, 0x00, 0x02, 0x00, 0x69, 0x08, 0x00, 0x00, 0x4f, // ...l.......i...O
	0x00, 0x08, 0x00, 0x14, 0x00, 0x00, 0x00, 0x6b, 0x08, 0x00, 0x00, 0x3a, 0x06, 0x00, 0x00, 0x3a, // .......k...:...:
	0x06, 0x00, 0x00, 0x00, 0x00, 0x00, 0x00, 0x01, 0x00, 0x00, 0x00, 0x02, 0x00, 0x00, 0x00, 0xf9, // ................
	0x00, 0x02, 0x00, 0x6e, 0x08, 0x00, 0x00, 0xf8, 0x00, 0x02, 0x00, 0x6c, 0x08, 0x00, 0x00, 0xf9, // ...n.......l....
	0x00, 0x02, 0x00, 0x6e, 0x08, 0x00, 0x00, 0xf8, 0x00, 0x02, 0x00, 0x6e, 0x08, 0x00, 0x00, 0xf5, // ...n.......n....
	0x00, 0x23, 0x00, 0x14, 0x00, 0x00, 0x00, 0x91, 0x1a, 0x00, 0x00, 0x13, 0x08, 0x00, 0x00, 0x11, // .#..............
	0x08, 0x00, 0x00, 0x73, 0x08, 0x00, 0x00, 0x17, 0x08, 0x00, 0x00, 0x20, 0x08, 0x00, 0x00, 0x1e, // ...s....... ....
	0x08, 0x00, 0x00, 0x77, 0x08, 0x00, 0x00, 0x24, 0x08, 0x00, 0x00, 0x2d, 0x08, 0x00, 0x00, 0x2b, // ...w...$...-...+
	0x08, 0x00, 0x00, 0x7b, 0x08, 0x00, 0x00, 0x31, 0x08, 0x00, 0x00, 0x3a, 0x08, 0x00, 0x00, 0x38, // ...{...1...:...8
	0x08, 0x00, 0x00, 0x7f, 0x08, 0x00, 0x00, 0x3e, 0x08, 0x00, 0x00, 0x47, 0x08, 0x00, 0x00, 0x45, // .......>...G...E
	0x08, 0x00, 0x00, 0x83, 0x08, 0x00, 0x00, 0x4b, 0x08, 0x00, 0x00, 0x54, 0x08, 0x00, 0x00, 0x52, // .......K...T...R
	0x08, 0x00, 0x00, 0x87, 0x08, 0x00, 0x00, 0x58, 0x08, 0x00, 0x00, 0x73, 0x1a, 0x00, 0x00, 0x5f, // .......X...s..._
	0x08, 0x00, 0x00, 0x72, 0x1a, 0x00, 0x00, 0x64, 0x08, 0x00, 0x00, 0x6b, 0x08, 0x00, 0x00, 0x69, // ...r...d...k...i
	0x08, 0x00, 0x00, 0x30, 0x02, 0x00, 0x00, 0x6c, 0x08, 0x00, 0x00, 0x51, 0x00, 0x05, 0x00, 0x07, // ...0...l...Q....
	0x00, 0x00, 0x00, 0x98, 0x07, 0x00, 0x00, 0x30, 0x06, 0x00, 0x00, 0x01, 0x00, 0x00, 0x00, 0xf7, // .......0........
	0x00, 0x03, 0x00, 0x01, 0x09, 0x00, 0x00, 0x00, 0x00, 0x00, 0x00, 0xfb, 0x00, 0x03, 0x00, 0x06, // ................
	0x02, 0x00, 0x00, 0xa1, 0x08, 0x00, 0x00, 0xf8, 0x00, 0x02, 0x00, 0xa1, 0x08, 0x00, 0x00, 0xb8, // ................
	0x00, 0x05, 0x00, 0x8b, 0x00, 0x00, 0x00, 0xa3, 0x08, 0x00, 0x00, 0x98, 0x07, 0x00, 0x00, 0xe0, // ................
	0x00, 0x00, 0x00, 0xf7, 0x00, 0x03, 0x00, 0xa7, 0x08, 0x00, 0x00, 0x00, 0x00, 0x00, 0x00, 0xfa, // ................
	0x00, 0x04, 0x00, 0xa3, 0x08, 0x00, 0x00, 0xa4, 0x08, 0x00, 0x00, 0xa7, 0x08, 0x00, 0x00, 0xf8, // ................
	0x00, 0x02, 0x00, 0xa4, 0x08, 0x00, 0x00, 0x4f, 0x00, 0x08, 0x00, 0x14, 0x00, 0x00, 0x00, 0xa6, // .......O........
	0x08, 0x00, 0x00, 0x20, 0x06, 0x00, 0x00, 0x20, 0x06, 0x00, 0x00, 0x00, 0x00, 0x00, 0x00, 0x01, // ... ... ........
	0x00, 0x00, 0x00, 0x02, 0x00, 0x00, 0x00, 0xf9, 0x00, 0x02, 0x00, 0x01, 0x09, 0x00, 0x00, 0xf8, // ................
	0x00, 0x02, 0x00, 0xa7, 0x08, 0x00, 0x00, 0xb8, 0x00, 0x05, 0x00, 0x8b, 0x00, 0x00, 0x00, 0xa9, // ................
	0x08, 0x00, 0x00, 0x98, 0x07, 0x00, 0x00, 0xe7, 0x00, 0x00, 0x00, 0xf7, 0x00, 0x03, 0x00, 0xae, // ................
	0x08, 0x00, 0x00, 0x00, 0x00, 0x00, 0x00, 0xfa, 0x00, 0x04, 0x00, 0xa9, 0x08, 0x00, 0x00, 0xaa, // ................
	0x08, 0x00, 0x00, 0xae, 0x08, 0x00, 0x00, 0xf8, 0x00, 0x02, 0x00, 0xaa, 0x08, 0x00, 0x00, 0x51, // ...............Q
	0x00, 0x05, 0x00, 0x07, 0x00, 0x00, 0x00, 0xac, 0x08, 0x00, 0x00, 0x20, 0x06, 0x00, 0x00, 0x03, // ........... ....
	0x00, 0x00, 0x00, 0x50, 0x00, 0x06, 0x00, 0x14, 0x00, 0x00, 0x00, 0x06, 0x09, 0x00, 0x00, 0xac, // ...P............
	0x08, 0x00, 0x00, 0xac, 0x08, 0x00, 0x00, 0xac, 0x08, 0x00, 0x00, 0xf9, 0x00, 0x02, 0x00, 0x01, // ................
	0x09, 0x00, 0x00, 0xf8, 0x00, 0x02, 0x00, 0xae, 0x08, 0x00, 0x00, 0xb8, 0x00, 0x05, 0x00, 0x8b, // ................
	0x00, 0x00, 0x00, 0xb0, 0x08, 0x00, 0x00, 0x98, 0x07, 0x00, 0x00, 0xee, 0x00, 0x00, 0x00, 0xf7, // ................
	0x00, 0x03, 0x00, 0xb4, 0x08, 0x00, 0x00, 0x00, 0x00, 0x00, 0x00, 0xfa, 0x00, 0x04, 0x00, 0xb0, // ................
	0x08, 0x00, 0x00, 0xb1, 0x08, 0x00, 0x00, 0xb4, 0x08, 0x00, 0x00, 0xf8, 0x00, 0x02, 0x00, 0xb1, // ................
	0x08, 0x00, 0x00, 0x4f, 0x00, 0x08, 0x00, 0x14, 0x00, 0x00, 0x00, 0xb3, 0x08, 0x00, 0x00, 0x22, // ...O..........."
	0x06, 0x00, 0x00, 0x22, 0x06, 0x00, 0x00, 0x00, 0x00, 0x00, 0x00, 0x01, 0x00, 0x00, 0x00, 0x02, // ..."............
	0x00, 0x00, 0x00, 0xf9, 0x00, 0x02, 0x00, 0x01, 0x09, 0x00, 0x00, 0xf8, 0x00, 0x02, 0x00, 0xb4, // ................
	0x08, 0x00, 0x00, 0xb8, 0x00, 0x05, 0x00, 0x8b, 0x00, 0x00, 0x00, 0xb6, 0x08, 0x00, 0x00, 0x98, // ................
	0x07, 0x00, 0x00, 0x28, 0x01, 0x00, 0x00, 0xf7, 0x00, 0x03, 0x00, 0xbb, 0x08, 0x00, 0x00, 0x00, // ...(............
	0x00, 0x00, 0x00, 0xfa, 0x00, 0x04, 0x00, 0xb6, 0x08, 0x00, 0x00, 0xb7, 0x08, 0x00, 0x00, 0xbb, // ................
	0x08, 0x00, 0x00, 0xf8, 0x00, 0x02, 0x00, 0xb7, 0x08, 0x00, 0x00, 0x51, 0x00, 0x05, 0x00, 0x07, // ...........Q....
	0x00, 0x00, 0x00, 0xb9, 0x08, 0x00, 0x00, 0x22, 0x06, 0x00, 0x00, 0x03, 0x00, 0x00, 0x00, 0x50, // .......".......P
	0x00, 0x06, 0x00, 0x14, 0x00, 0x00, 0x00, 0x0a, 0x09, 0x00, 0x00, 0xb9, 0x08, 0x00, 0x00, 0xb9, // ................
	0x08, 0x00, 0x00, 0xb9, 0x08, 0x00, 0x00, 0xf9, 0x00, 0x02, 0x00, 0x01, 0x09, 0x00, 0x00, 0xf8, // ................
	0x00, 0x02, 0x00, 0xbb, 0x08, 0x00, 0x00, 0xb8, 0x00, 0x05, 0x00, 0x8b, 0x00, 0x00, 0x00, 0xbd, // ................
	0x08, 0x00, 0x00, 0x98, 0x07, 0x00, 0x00, 0x32, 0x01, 0x00, 0x00, 0xf7, 0x00, 0x03, 0x00, 0xc1, // .......2........
	0x08, 0x00, 0x00, 0x00, 0x00, 0x00, 0x00, 0xfa, 0x00, 0x04, 0x00, 0xbd, 0x08, 0x00, 0x00, 0xbe, // ................
	0x08, 0x00, 0x00, 0xc1, 0x08, 0x00, 0x00, 0xf8, 0x00, 0x02, 0x00, 0xbe, 0x08, 0x00, 0x00, 0x4f, // ...............O
	0x00, 0x08, 0x00, 0x14, 0x00, 0x00, 0x00, 0xc0, 0x08, 0x00, 0x00, 0x24, 0x06, 0x00, 0x00, 0x24, // ...........$...$
	0x06, 0x00, 0x00, 0x00, 0x00, 0x00, 0x00, 0x01, 0x00, 0x00, 0x00, 0x02, 0x00, 0x00, 0x00, 0xf9, // ................
	0x00, 0x02, 0x00, 0x01, 0x09, 0x00, 0x00, 0xf8, 0x00, 0x02, 0x00, 0xc1, 0x08, 0x00, 0x00, 0xb8, // ................
	0x00, 0x05, 0x00, 0x8b, 0x00, 0x00, 0x00, 0xc3, 0x08, 0x00, 0x00, 0x98, 0x07, 0x00, 0x00, 0x3a, // ...............:
	0x01, 0x00, 0x00, 0xf7, 0x00, 0x03, 0x00, 0xc8, 0x08, 0x00, 0x00, 0x00, 0x00, 0x00, 0x00, 0xfa, // ................
	0x00, 0x04, 0x00, 0xc3, 0x08, 0x00, 0x00, 0xc4, 0x08, 0x00, 0x00, 0xc8, 0x08, 0x00, 0x00, 0xf8, // ................
	0x00, 0x02, 0x00, 0xc4, 0x08, 0x00, 0x00, 0x51, 0x00, 0x05, 0x00, 0x07, 0x00, 0x00, 0x00, 0xc6, // .......Q........
	0x08, 0x00, 0x00, 0x24, 0x06, 0x00, 0x00, 0x03, 0x00, 0x00, 0x00, 0x50, 0x00, 0x06, 0x00, 0x14, // ...$.......P....
	0x00, 0x00, 0x00, 0x0e, 0x09, 0x00, 0x00, 0xc6, 0x08, 0x00, 0x00, 0xc6, 0x08, 0x00, 0x00, 0xc6, // ................
	0x08, 0x00, 0x00, 0xf9, 0x00, 0x02, 0x00, 0x01, 0x09, 0x00, 0x00, 0xf8, 0x00, 0x02, 0x00, 0xc8, // ................
	0x08, 0x00, 0x00, 0xb8, 0x00, 0x05, 0x00, 0x8b, 0x00, 0x00, 0x00, 0xca, 0x08, 0x00, 0x00, 0x98, // ................
	0x07, 0x00, 0x00, 0x44, 0x01, 0x00, 0x00, 0xf7, 0x00, 0x03, 0x00, 0xce, 0x08, 0x00, 0x00, 0x00, // ...D............
	0x00, 0x00, 0x00, 0xfa, 0x00, 0x04, 0x00, 0xca, 0x08, 0x00, 0x00, 0xcb, 0x08, 0x00, 0x00, 0xce, // ................
	0x08, 0x00, 0x00, 0xf8, 0x00, 0x02, 0x00, 0xcb, 0x08, 0x00, 0x00, 0x4f, 0x00, 0x08, 0x00, 0x14, // ...........O....
	0x00, 0x00, 0x00, 0xcd, 0x08, 0x00, 0x00, 0x26, 0x06, 0x00, 0x00, 0x26, 0x06, 0x00, 0x00, 0x00, // .......&...&....
	0x00, 0x00, 0x00, 0x01, 0x00, 0x00, 0x00, 0x02, 0x00, 0x00, 0x00, 0xf9, 0x00, 0x02, 0x00, 0x01, // ................
	0x09, 0x00, 0x00, 0xf8, 0x00, 0x02, 0x00, 0xce, 0x08, 0x00, 0x00, 0xb8, 0x00, 0x05, 0x00, 0x8b, // ................
	0x00, 0x00, 0x00, 0xd0, 0x08, 0x00, 0x00, 0x98, 0x07, 0x00, 0x00, 0x4c, 0x01, 0x00, 0x00, 0xf7, // ...........L....
	0x00, 0x03, 0x00, 0xd5, 0x08, 0x00, 0x00, 0x00, 0x00, 0x00, 0x00, 0xfa, 0x00, 0x04, 0x00, 0xd0, // ................
	0x08, 0x00, 0x00, 0xd1, 0x08, 0x00, 0x00, 0xd5, 0x08, 0x00, 0x00, 0xf8, 0x00, 0x02, 0x00, 0xd1, // ................
	0x08, 0x00, 0x00, 0x51, 0x00, 0x05, 0x00, 0x07, 0x00, 0x00, 0x00, 0xd3, 0x08, 0x00, 0x00, 0x26, // ...Q...........&
	0x06, 0x00, 0x00, 0x03, 0x00, 0x00, 0x00, 0x50, 0x00, 0x06, 0x00, 0x14, 0x00, 0x00, 0x00, 0x12, // .......P........
	0x09, 0x00, 0x00, 0xd3, 0x08, 0x00, 0x00, 0xd3, 0x08, 0x00, 0x00, 0xd3, 0x08, 0x00, 0x00, 0xf9, // ................
	0x00, 0x02, 0x00, 0x01, 0x09, 0x00, 0x00, 0xf8, 0x00, 0x02, 0x00, 0xd5, 0x08, 0x00, 0x00, 0xb8, // ................
	0x00, 0x05, 0x00, 0x8b, 0x00, 0x00, 0x00, 0xd7, 0x08, 0x00, 0x00, 0x98, 0x07, 0x00, 0x00, 0x56, // ...............V
	0x01, 0x00, 0x00, 0xf7, 0x00, 0x03, 0x00, 0xdb, 0x08, 0x00, 0x00, 0x00, 0x00, 0x00, 0x00, 0xfa, // ................
	0x00, 0x04, 0x00, 0xd7, 0x08, 0x00, 0x00, 0xd8, 0x08, 0x00, 0x00, 0xdb, 0x08, 0x00, 0x00, 0xf8, // ................
	0x00, 0x02, 0x00, 0xd8, 0x08, 0x00, 0x00, 0x4f, 0x00, 0x08, 0x00, 0x14, 0x00, 0x00, 0x00, 0xda, // .......O........
	0x08, 0x00, 0x00, 0x80, 0x1a, 0x00, 0x00, 0x80, 0x1a, 0x00, 0x00, 0x00, 0x00, 0x00, 0x00, 0x01, // ................
	0x00, 0x00, 0x00, 0x02, 0x00, 0x00, 0x00, 0xf9, 0x00, 0x02, 0x00, 0x01, 0x09, 0x00, 0x00, 0xf8, // ................
	0x00, 0x02, 0x00, 0xdb, 0x08, 0x00, 0x00, 0xb8, 0x00, 0x05, 0x00, 0x8b, 0x00, 0x00, 0x00, 0xdd, // ................
	0x08, 0x00, 0x00, 0x98, 0x07, 0x00, 0x00, 0x5e, 0x01, 0x00, 0x00, 0xf7, 0x00, 0x03, 0x00, 0xe2, // .......^........
	0x08, 0x00, 0x00, 0x00, 0x00, 0x00, 0x00, 0xfa, 0x00, 0x04, 0x00, 0xdd, 0x08, 0x00, 0x00, 0xde, // ................
	0x08, 0x00, 0x00, 0xe2, 0x08, 0x00, 0x00, 0xf8, 0x00, 0x02, 0x00, 0xde, 0x08, 0x00, 0x00, 0x51, // ...............Q
	0x00, 0x05, 0x00, 0x07, 0x00, 0x00, 0x00, 0xe0, 0x08, 0x00, 0x00, 0x80, 0x1a, 0x00, 0x00, 0x03, // ................
	0x00, 0x00, 0x00, 0x50, 0x00, 0x06, 0x00, 0x14, 0x00, 0x00, 0x00, 0x16, 0x09, 0x00, 0x00, 0xe0, // ...P............
	0x08, 0x00, 0x00, 0xe0, 0x08, 0x00, 0x00, 0xe0, 0x08, 0x00, 0x00, 0xf9, 0x00, 0x02, 0x00, 0x01, // ................
	0x09, 0x00, 0x00, 0xf8, 0x00, 0x02, 0x00, 0xe2, 0x08, 0x00, 0x00, 0xb8, 0x00, 0x05, 0x00, 0x8b, // ................
	0x00, 0x00, 0x00, 0xe4, 0x08, 0x00, 0x00, 0x98, 0x07, 0x00, 0x00, 0x68, 0x01, 0x00, 0x00, 0xf7, // ...........h....
	0x00, 0x03, 0x00, 0xe8, 0x08, 0x00, 0x00, 0x00, 0x00, 0x00, 0x00, 0xfa, 0x00, 0x04, 0x00, 0xe4, // ................
	0x08, 0x00, 0x00, 0xe5, 0x08, 0x00, 0x00, 0xe8, 0x08, 0x00, 0x00, 0xf8, 0x00, 0x02, 0x00, 0xe5, // ................
	0x08, 0x00, 0x00, 0x4f, 0x00, 0x08, 0x00, 0x14, 0x00, 0x00, 0x00, 0xe7, 0x08, 0x00, 0x00, 0x78, // ...O...........x
	0x05, 0x00, 0x00, 0x78, 0x05, 0x00, 0x00, 0x00, 0x00, 0x00, 0x00, 0x01, 0x00, 0x00, 0x00, 0x02, // ...x............
	0x00, 0x00, 0x00, 0xf9, 0x00, 0x02, 0x00, 0x01, 0x09, 0x00, 0x00, 0xf8, 0x00, 0x02, 0x00, 0xe8, // ................
	0x08, 0x00, 0x00, 0xb8, 0x00, 0x05, 0x00, 0x8b, 0x00, 0x00, 0x00, 0xea, 0x08, 0x00, 0x00, 0x98, // ................
	0x07, 0x00, 0x00, 0x70, 0x01, 0x00, 0x00, 0xf7, 0x00, 0x03, 0x00, 0xef, 0x08, 0x00, 0x00, 0x00, // ...p............
	0x00, 0x00, 0x00, 0xfa, 0x00, 0x04, 0x00, 0xea, 0x08, 0x00, 0x00, 0xeb, 0x08, 0x00, 0x00, 0xef, // ................
	0x08, 0x00, 0x00, 0xf8, 0x00, 0x02, 0x00, 0xeb, 0x08, 0x00, 0x00, 0x51, 0x00, 0x05, 0x00, 0x07, // ...........Q....
	0x00, 0x00, 0x00, 0xed, 0x08, 0x00, 0x00, 0x78, 0x05, 0x00, 0x00, 0x03, 0x00, 0x00, 0x00, 0x50, // .......x.......P
	0x00, 0x06, 0x00, 0x14, 0x00, 0x00, 0x00, 0x1a, 0x09, 0x00, 0x00, 0xed, 0x08, 0x00, 0x00, 0xed, // ................
	0x08, 0x00, 0x00, 0xed, 0x08, 0x00, 0x00, 0xf9, 0x00, 0x02, 0x00, 0x01, 0x09, 0x00, 0x00, 0xf8, // ................
	0x00, 0x02, 0x00, 0xef, 0x08, 0x00, 0x00, 0xb8, 0x00, 0x05, 0x00, 0x8b, 0x00, 0x00, 0x00, 0xf1, // ................
	0x08, 0x00, 0x00, 0x98, 0x07, 0x00, 0x00, 0x7a, 0x01, 0x00, 0x00, 0xf7, 0x00, 0x03, 0x00, 0xf4, // .......z........
	0x08, 0x00, 0x00, 0x00, 0x00, 0x00, 0x00, 0xfa, 0x00, 0x04, 0x00, 0xf1, 0x08, 0x00, 0x00, 0xf2, // ................
	0x08, 0x00, 0x00, 0xf4, 0x08, 0x00, 0x00, 0xf8, 0x00, 0x02, 0x00, 0xf2, 0x08, 0x00, 0x00, 0xf9, // ................
	0x00, 0x02, 0x00, 0x01, 0x09, 0x00, 0x00, 0xf8, 0x00, 0x02, 0x00, 0xf4, 0x08, 0x00, 0x00, 0xb8, // ................
	0x00, 0x05, 0x00, 0x8b, 0x00, 0x00, 0x00, 0xf6, 0x08, 0x00, 0x00, 0x98, 0x07, 0x00, 0x00, 0x82, // ................
	0x01, 0x00, 0x00, 0xf7, 0x00, 0x03, 0x00, 0xf9, 0x08, 0x00, 0x00, 0x00, 0x00, 0x00, 0x00, 0xfa, // ................
	0x00, 0x04, 0x00, 0xf6, 0x08, 0x00, 0x00, 0xf7, 0x08, 0x00, 0x00, 0xf9, 0x08, 0x00, 0x00, 0xf8, // ................
	0x00, 0x02, 0x00, 0xf7, 0x08, 0x00, 0x00, 0xf9, 0x00, 0x02, 0x00, 0x01, 0x09, 0x00, 0x00, 0xf8, // ................
	0x00, 0x02, 0x00, 0xf9, 0x08, 0x00, 0x00, 0xb8, 0x00, 0x05, 0x00, 0x8b, 0x00, 0x00, 0x00, 0xfb, // ................
	0x08, 0x00, 0x00, 0x98, 0x07, 0x00, 0x00, 0x8b, 0x01, 0x00, 0x00, 0xf7, 0x00, 0x03, 0x00, 0xff, // ................
	0x08, 0x00, 0x00, 0x00, 0x00, 0x00, 0x00, 0xfa, 0x00, 0x04, 0x00, 0xfb, 0x08, 0x00, 0x00, 0xfc, // ................
	0x08, 0x00, 0x00, 0xff, 0x08, 0x00, 0x00, 0xf8, 0x00, 0x02, 0x00, 0xfc, 0x08, 0x00, 0x00, 0x4f, // ...............O
	0x00, 0x08, 0x00, 0x14, 0x00, 0x00, 0x00, 0xfe, 0x08, 0x00, 0x00, 0x3a, 0x06, 0x00, 0x00, 0x3a, // ...........:...:
	0x06, 0x00, 0x00, 0x00, 0x00, 0x00, 0x00, 0x01, 0x00, 0x00, 0x00, 0x02, 0x00, 0x00, 0x00, 0xf9, // ................
	0x00, 0x02, 0x00, 0x01, 0x09, 0x00, 0x00, 0xf8, 0x00, 0x02, 0x00, 0xff, 0x08, 0x00, 0x00, 0xf9, // ................
	0x00, 0x02, 0x00, 0x01, 0x09, 0x00, 0x00, 0xf8, 0x00, 0x02, 0x00, 0x01, 0x09, 0x00, 0x00, 0xf5, // ................
	0x00, 0x23, 0x00, 0x14, 0x00, 0x00, 0x00, 0x96, 0x1a, 0x00, 0x00, 0xa6, 0x08, 0x00, 0x00, 0xa4, // .#..............
	0x08, 0x00, 0x00, 0x06, 0x09, 0x00, 0x00, 0xaa, 0x08, 0x00, 0x00, 0xb3, 0x08, 0x00, 0x00, 0xb1, // ................
	0x08, 0x00, 0x00, 0x0a, 0x09, 0x00, 0x00, 0xb7, 0x08, 0x00, 0x00, 0xc0, 0x08, 0x00, 0x00, 0xbe, // ................
	0x08, 0x00, 0x00, 0x0e, 0x09, 0x00, 0x00, 0xc4, 0x08, 0x00, 0x00, 0xcd, 0x08, 0x00, 0x00, 0xcb, // ................
	0x08, 0x00, 0x00, 0x12, 0x09, 0x00, 0x00, 0xd1, 0x08, 0x00, 0x00, 0xda, 0x08, 0x00, 0x00, 0xd8, // ................
	0x08, 0x00, 0x00, 0x16, 0x09, 0x00, 0x00, 0xde, 0x08, 0x00, 0x00, 0xe7, 0x08, 0x00, 0x00, 0xe5, // ................
	0x08, 0x00, 0x00, 0x1a, 0x09, 0x00, 0x00, 0xeb, 0x08, 0x00, 0x00, 0x73, 0x1a, 0x00, 0x00, 0xf2, // ...........s....
	0x08, 0x00, 0x00, 0x72, 0x1a, 0x00, 0x00, 0xf7, 0x08, 0x00, 0x00, 0xfe, 0x08, 0x00, 0x00, 0xfc, // ...r............
	0x08, 0x00, 0x00, 0x30, 0x02, 0x00, 0x00, 0xff, 0x08, 0x00, 0x00, 0x51, 0x00, 0x05, 0x00, 0x07, // ...0.......Q....
	0x00, 0x00, 0x00, 0xa2, 0x07, 0x00, 0x00, 0x30, 0x06, 0x00, 0x00, 0x02, 0x00, 0x00, 0x00, 0xf7, // .......0........
	0x00, 0x03, 0x00, 0x94, 0x09, 0x00, 0x00, 0x00, 0x00, 0x00, 0x00, 0xfb, 0x00, 0x03, 0x00, 0x06, // ................
	0x02, 0x00, 0x00, 0x34, 0x09, 0x00, 0x00, 0xf8, 0x00, 0x02, 0x00, 0x34, 0x09, 0x00, 0x00, 0xb8, // ...4.......4....
	0x00, 0x05, 0x00, 0x8b, 0x00, 0x00, 0x00, 0x36, 0x09, 0x00, 0x00, 0xa2, 0x07, 0x00, 0x00, 0xe0, // .......6........
	0x00, 0x00, 0x00, 0xf7, 0x00, 0x03, 0x00, 0x3a, 0x09, 0x00, 0x00, 0x00, 0x00, 0x00, 0x00, 0xfa, // .......:........
	0x00, 0x04, 0x00, 0x36, 0x09, 0x00, 0x00, 0x37, 0x09, 0x00, 0x00, 0x3a, 0x09, 0x00, 0x00, 0xf8, // ...6...7...:....
	0x00, 0x02, 0x00, 0x37, 0x09, 0x00, 0x00, 0x4f, 0x00, 0x08, 0x00, 0x14, 0x00, 0x00, 0x00, 0x39, // ...7...O.......9
	0x09, 0x00, 0x00, 0x20, 0x06, 0x00, 0x00, 0x20, 0x06, 0x00, 0x00, 0x00, 0x00, 0x00, 0x00, 0x01, // ... ... ........
	0x00, 0x00, 0x00, 0x02, 0x00, 0x00, 0x00, 0xf9, 0x00, 0x02, 0x00, 0x94, 0x09, 0x00, 0x00, 0xf8, // ................
	0x00, 0x02, 0x00, 0x3a, 0x09, 0x00, 0x00, 0xb8, 0x00, 0x05, 0x00, 0x8b, 0x00, 0x00, 0x00, 0x3c, // ...:...........<
	0x09, 0x00, 0x00, 0xa2, 0x07, 0x00, 0x00, 0xe7, 0x00, 0x00, 0x00, 0xf7, 0x00, 0x03, 0x00, 0x41, // ...............A
	0x09, 0x00, 0x00, 0x00, 0x00, 0x00, 0x00, 0xfa, 0x00, 0x04, 0x00, 0x3c, 0x09, 0x00, 0x00, 0x3d, // ...........<...=
	0x09, 0x00, 0x00, 0x41, 0x09, 0x00, 0x00, 0xf8, 0x00, 0x02, 0x00, 0x3d, 0x09, 0x00, 0x00, 0x51, // ...A.......=...Q
	0x00, 0x05, 0x00, 0x07, 0x00, 0x00, 0x00, 0x3f, 0x09, 0x00, 0x00, 0x20, 0x06, 0x00, 0x00, 0x03, // .......?... ....
	0x00, 0x00, 0x00, 0x50, 0x00, 0x06, 0x00, 0x14, 0x00, 0x00, 0x00, 0x99, 0x09, 0x00, 0x00, 0x3f, // ...P...........?
	0x09, 0x00, 0x00, 0x3f, 0x09, 0x00, 0x00, 0x3f, 0x09, 0x00, 0x00, 0xf9, 0x00, 0x02, 0x00, 0x94, // ...?...?........
	0x09, 0x00, 0x00, 0xf8, 0x00, 0x02, 0x00, 0x41, 0x09, 0x00, 0x00, 0xb8, 0x00, 0x05, 0x00, 0x8b, // .......A........
	0x00, 0x00, 0x00, 0x43, 0x09, 0x00, 0x00, 0xa2, 0x07, 0x00, 0x00, 0xee, 0x00, 0x00, 0x00, 0xf7, // ...C............
	0x00, 0x03, 0x00, 0x47, 0x09, 0x00, 0x00, 0x00, 0x00, 0x00, 0x00, 0xfa, 0x00, 0x04, 0x00, 0x43, // ...G...........C
	0x09, 0x00, 0x00, 0x44, 0x09, 0x00, 0x00, 0x47, 0x09, 0x00, 0x00, 0xf8, 0x00, 0x02, 0x00, 0x44, // ...D...G.......D
	0x09, 0x00, 0x00, 0x4f, 0x00, 0x08, 0x00, 0x14, 0x00, 0x00, 0x00, 0x46, 0x09, 0x00, 0x00, 0x22, // ...O.......F..."
	0x06, 0x00, 0x00, 0x22, 0x06, 0x00, 0x00, 0x00, 0x00, 0x00, 0x00, 0x01, 0x00, 0x00, 0x00, 0x02, // ..."............
	0x00, 0x00, 0x00, 0xf9, 0x00, 0x02, 0x00, 0x94, 0x09, 0x00, 0x00, 0xf8, 0x00, 0x02, 0x00, 0x47, // ...............G
	0x09, 0x00, 0x00, 0xb8, 0x00, 0x05, 0x00, 0x8b, 0x00, 0x00, 0x00, 0x49, 0x09, 0x00, 0x00, 0xa2, // ...........I....
	0x07, 0x00, 0x00, 0x28, 0x01, 0x00, 0x00, 0xf7, 0x00, 0x03, 0x00, 0x4e, 0x09, 0x00, 0x00, 0x00, // ...(.......N....
	0x00, 0x00, 0x00, 0xfa, 0x00, 0x04, 0x00, 0x49, 0x09, 0x00, 0x00, 0x4a, 0x09, 0x00, 0x00, 0x4e, // .......I...J...N
	0x09, 0x00, 0x00, 0xf8, 0x00, 0x02, 0x00, 0x4a, 0x09, 0x00, 0x00, 0x51, 0x00, 0x05, 0x00, 0x07, // .......J...Q....
	0x00, 0x00, 0x00, 0x4c, 0x09, 0x00, 0x00, 0x22, 0x06, 0x00, 0x00, 0x03, 0x00, 0x00, 0x00, 0x50, // ...L...".......P
	0x00, 0x06, 0x00, 0x14, 0x00, 0x00, 0x00, 0x9d, 0x09, 0x00, 0x00, 0x4c, 0x09, 0x00, 0x00, 0x4c, // ...........L...L
	0x09, 0x00, 0x00, 0x4c, 0x09, 0x00, 0x00, 0xf9, 0x00, 0x02, 0x00, 0x94, 0x09, 0x00, 0x00, 0xf8, // ...L............
	0x00, 0x02, 0x00, 0x4e, 0x09, 0x00, 0x00, 0xb8, 0x00, 0x05, 0x00, 0x8b, 0x00, 0x00, 0x00, 0x50, // ...N...........P
	0x09, 0x00, 0x00, 0xa2, 0x07, 0x00, 0x00, 0x32, 0x01, 0x00, 0x00, 0xf7, 0x00, 0x03, 0x00, 0x54, // .......2.......T
	0x09, 0x00, 0x00, 0x00, 0x00, 0x00, 0x00, 0xfa, 0x00, 0x04, 0x00, 0x50, 0x09, 0x00, 0x00, 0x51, // ...........P...Q
	0x09, 0x00, 0x00, 0x54, 0x09, 0x00, 0x00, 0xf8, 0x00, 0x02, 0x00, 0x51, 0x09, 0x00, 0x00, 0x4f, // ...T.......Q...O
	0x00, 0x08, 0x00, 0x14, 0x00, 0x00, 0x00, 0x53, 0x09, 0x00, 0x00, 0x24, 0x06, 0x00, 0x00, 0x24, // .......S...$...$
	0x06, 0x00, 0x00, 0x00, 0x00, 0x00, 0x00, 0x01, 0x00, 0x00, 0x00, 0x02, 0x00, 0x00, 0x00, 0xf9, // ................
	0x00, 0x02, 0x00, 0x94, 0x09, 0x00, 0x00, 0xf8, 0x00, 0x02, 0x00, 0x54, 0x09, 0x00, 0x00, 0xb8, // ...........T....
	0x00, 0x05, 0x00, 0x8b, 0x00, 0x00, 0x00, 0x56, 0x09, 0x00, 0x00, 0xa2, 0x07, 0x00, 0x00, 0x3a, // .......V.......:
	0x01, 0x00, 0x00, 0xf7, 0x00, 0x03, 0x00, 0x5b, 0x09, 0x00, 0x00, 0x00, 0x00, 0x00, 0x00, 0xfa, // .......[........
	0x00, 0x04, 0x00, 0x56, 0x09, 0x00, 0x00, 0x57, 0x09, 0x00, 0x00, 0x5b, 0x09, 0x00, 0x00, 0xf8, // ...V...W...[....
	0x00, 0x02, 0x00, 0x57, 0x09, 0x00, 0x00, 0x51, 0x00, 0x05, 0x00, 0x07, 0x00, 0x00, 0x00, 0x59, // ...W...Q.......Y
	0x09, 0x00, 0x00, 0x24, 0x06, 0x00, 0x00, 0x03, 0x00, 0x00, 0x00, 0x50, 0x00, 0x06, 0x00, 0x14, // ...$.......P....
	0x00, 0x00, 0x00, 0xa1, 0x09, 0x00, 0x00, 0x59, 0x09, 0x00, 0x00, 0x59, 0x09, 0x00, 0x00, 0x59, // .......Y...Y...Y
	0x09, 0x00, 0x00, 0xf9, 0x00, 0x02, 0x00, 0x94, 0x09, 0x00, 0x00, 0xf8, 0x00, 0x02, 0x00, 0x5b, // ...............[
	0x09, 0x00, 0x00, 0xb8, 0x00, 0x05, 0x00, 0x8b, 0x00, 0x00, 0x00, 0x5d, 0x09, 0x00, 0x00, 0xa2, // ...........]....
	0x07, 0x00, 0x00, 0x44, 0x01, 0x00, 0x00, 0xf7, 0x00, 0x03, 0x00, 0x61, 0x09, 0x00, 0x00, 0x00, // ...D.......a....
	0x00, 0x00, 0x00, 0xfa, 0x00, 0x04, 0x00, 0x5d, 0x09, 0x00, 0x00, 0x5e, 0x09, 0x00, 0x00, 0x61, // .......]...^...a
	0x09, 0x00, 0x00, 0xf8, 0x00, 0x02, 0x00, 0x5e, 0x09, 0x00, 0x00, 0x4f, 0x00, 0x08, 0x00, 0x14, // .......^...O....
	0x00, 0x00, 0x00, 0x60, 0x09, 0x00, 0x00, 0x26, 0x06, 0x00, 0x00, 0x26, 0x06, 0x00, 0x00, 0x00, // ...`...&...&....
	0x00, 0x00, 0x00, 0x01, 0x00, 0x00, 0x00, 0x02, 0x00, 0x00, 0x00, 0xf9, 0x00, 0x02, 0x00, 0x94, // ................
	0x09, 0x00, 0x00, 0xf8, 0x00, 0x02, 0x00, 0x61, 0x09, 0x00, 0x00, 0xb8, 0x00, 0x05, 0x00, 0x8b, // .......a........
	0x00, 0x00, 0x00, 0x63, 0x09, 0x00, 0x00, 0xa2, 0x07, 0x00, 0x00, 0x4c, 0x01, 0x00, 0x00, 0xf7, // ...c.......L....
	0x00, 0x03, 0x00, 0x68, 0x09, 0x00, 0x00, 0x00, 0x00, 0x00, 0x00, 0xfa, 0x00, 0x04, 0x00, 0x63, // ...h...........c
	0x09, 0x00, 0x00, 0x64, 0x09, 0x00, 0x00, 0x68, 0x09, 0x00, 0x00, 0xf8, 0x00, 0x02, 0x00, 0x64, // ...d...h.......d
	0x09, 0x00, 0x00, 0x51, 0x00, 0x05, 0x00, 0x07, 0x00, 0x00, 0x00, 0x66, 0x09, 0x00, 0x00, 0x26, // ...Q.......f...&
	0x06, 0x00, 0x00, 0x03, 0x00, 0x00, 0x00, 0x50, 0x00, 0x06, 0x00, 0x14, 0x00, 0x00, 0x00, 0xa5, // .......P........
	0x09, 0x00, 0x00, 0x66, 0x09, 0x00, 0x00, 0x66, 0x09, 0x00, 0x00, 0x66, 0x09, 0x00, 0x00, 0xf9, // ...f...f...f....
	0x00, 0x02, 0x00, 0x94, 0x09, 0x00, 0x00, 0xf8, 0x00, 0x02, 0x00, 0x68, 0x09, 0x00, 0x00, 0xb8, // ...........h....
	0x00, 0x05, 0x00, 0x8b, 0x00, 0x00, 0x00, 0x6a, 0x09, 0x00, 0x00, 0xa2, 0x07, 0x00, 0x00, 0x56, // .......j.......V
	0x01, 0x00, 0x00, 0xf7, 0x00, 0x03, 0x00, 0x6e, 0x09, 0x00, 0x00, 0x00, 0x00, 0x00, 0x00, 0xfa, // .......n........
	0x00, 0x04, 0x00, 0x6a, 0x09, 0x00, 0x00, 0x6b, 0x09, 0x00, 0x00, 0x6e, 0x09, 0x00, 0x00, 0xf8, // ...j...k...n....
	0x00, 0x02, 0x00, 0x6b, 0x09, 0x00, 0x00, 0x4f, 0x00, 0x08, 0x00, 0x14, 0x00, 0x00, 0x00, 0x6d, // ...k...O.......m
	0x09, 0x00, 0x00, 0x80, 0x1a, 0x00, 0x00, 0x80, 0x1a, 0x00, 0x00, 0x00, 0x00, 0x00, 0x00, 0x01, // ................
	0x00, 0x00, 0x00, 0x02, 0x00, 0x00, 0x00, 0xf9, 0x00, 0x02, 0x00, 0x94, 0x09, 0x00, 0x00, 0xf8, // ................
	0x00, 0x02, 0x00, 0x6e, 0x09, 0x00, 0x00, 0xb8, 0x00, 0x05, 0x00, 0x8b, 0x00, 0x00, 0x00, 0x70, // ...n...........p
	0x09, 0x00, 0x00, 0xa2, 0x07, 0x00, 0x00, 0x5e, 0x01, 0x00, 0x00, 0xf7, 0x00, 0x03, 0x00, 0x75, // .......^.......u
	0x09, 0x00, 0x00, 0x00, 0x00, 0x00, 0x00, 0xfa, 0x00, 0x04, 0x00, 0x70, 0x09, 0x00, 0x00, 0x71, // ...........p...q
	0x09, 0x00, 0x00, 0x75, 0x09, 0x00, 0x00, 0xf8, 0x00, 0x02, 0x00, 0x71, 0x09, 0x00, 0x00, 0x51, // ...u.......q...Q
	0x00, 0x05, 0x00, 0x07, 0x00, 0x00, 0x00, 0x73, 0x09, 0x00, 0x00, 0x80, 0x1a, 0x00, 0x00, 0x03, // .......s........
	0x00, 0x00, 0x00, 0x50, 0x00, 0x06, 0x00, 0x14, 0x00, 0x00, 0x00, 0xa9, 0x09, 0x00, 0x00, 0x73, // ...P...........s
	0x09, 0x00, 0x00, 0x73, 0x09, 0x00, 0x00, 0x73, 0x09, 0x00, 0x00, 0xf9, 0x00, 0x02, 0x00, 0x94, // ...s...s........
	0x09, 0x00, 0x00, 0xf8, 0x00, 0x02, 0x00, 0x75, 0x09, 0x00, 0x00, 0xb8, 0x00, 0x05, 0x00, 0x8b, // .......u........
	0x00, 0x00, 0x00, 0x77, 0x09, 0x00, 0x00, 0xa2, 0x07, 0x00, 0x00, 0x68, 0x01, 0x00, 0x00, 0xf7, // ...w.......h....
	0x00, 0x03, 0x00, 0x7b, 0x09, 0x00, 0x00, 0x00, 0x00, 0x00, 0x00, 0xfa, 0x00, 0x04, 0x00, 0x77, // ...{...........w
	0x09, 0x00, 0x00, 0x78, 0x09, 0x00, 0x00, 0x7b, 0x09, 0x00, 0x00, 0xf8, 0x00, 0x02, 0x00, 0x78, // ...x...{.......x
	0x09, 0x00, 0x00, 0x4f, 0x00, 0x08, 0x00, 0x14, 0x00, 0x00, 0x00, 0x7a, 0x09, 0x00, 0x00, 0x78, // ...O.......z...x
	0x05, 0x00, 0x00, 0x78, 0x05, 0x00, 0x00, 0x00, 0x00, 0x00, 0x00, 0x01, 0x00, 0x00, 0x00, 0x02, // ...x............
	0x00, 0x00, 0x00, 0xf9, 0x00, 0x02, 0x00, 0x94, 0x09, 0x00, 0x00, 0xf8, 0x00, 0x02, 0x00, 0x7b, // ...............{
	0x09, 0x00, 0x00, 0xb8, 0x00, 0x05, 0x00, 0x8b, 0x00, 0x00, 0x00, 0x7d, 0x09, 0x00, 0x00, 0xa2, // ...........}....
	0x07, 0x00, 0x00, 0x70, 0x01, 0x00, 0x00, 0xf7, 0x00, 0x03, 0x00, 0x82, 0x09, 0x00, 0x00, 0x00, // ...p............
	0x00, 0x00, 0x00, 0xfa, 0x00, 0x04, 0x00, 0x7d, 0x09, 0x00, 0x00, 0x7e, 0x09, 0x00, 0x00, 0x82, // .......}...~....
	0x09, 0x00, 0x00, 0xf8, 0x00, 0x02, 0x00, 0x7e, 0x09, 0x00, 0x00, 0x51, 0x00, 0x05, 0x00, 0x07, // .......~...Q....
	0x00, 0x00, 0x00, 0x80, 0x09, 0x00, 0x00, 0x78, 0x05, 0x00, 0x00, 0x03, 0x00, 0x00, 0x00, 0x50, // .......x.......P
	0x00, 0x06, 0x00, 0x14, 0x00, 0x00, 0x00, 0xad, 0x09, 0x00, 0x00, 0x80, 0x09, 0x00, 0x00, 0x80, // ................
	0x09, 0x00, 0x00, 0x80, 0x09, 0x00, 0x00, 0xf9, 0x00, 0x02, 0x00, 0x94, 0x09, 0x00, 0x00, 0xf8, // ................
	0x00, 0x02, 0x00, 0x82, 0x09, 0x00, 0x00, 0xb8, 0x00, 0x05, 0x00, 0x8b, 0x00, 0x00, 0x00, 0x84, // ................
	0x09, 0x00, 0x00, 0xa2, 0x07, 0x00, 0x00, 0x7a, 0x01, 0x00, 0x00, 0xf7, 0x00, 0x03, 0x00, 0x87, // .......z........
	0x09, 0x00, 0x00, 0x00, 0x00, 0x00, 0x00, 0xfa, 0x00, 0x04, 0x00, 0x84, 0x09, 0x00, 0x00, 0x85, // ................
	0x09, 0x00, 0x00, 0x87, 0x09, 0x00, 0x00, 0xf8, 0x00, 0x02, 0x00, 0x85, 0x09, 0x00, 0x00, 0xf9, // ................
	0x00, 0x02, 0x00, 0x94, 0x09, 0x00, 0x00, 0xf8, 0x00, 0x02, 0x00, 0x87, 0x09, 0x00, 0x00, 0xb8, // ................
	0x00, 0x05, 0x00, 0x8b, 0x00, 0x00, 0x00, 0x89, 0x09, 0x00, 0x00, 0xa2, 0x07, 0x00, 0x00, 0x82, // ................
	0x01, 0x00, 0x00, 0xf7, 0x00, 0x03, 0x00, 0x8c, 0x09, 0x00, 0x00, 0x00, 0x00, 0x00, 0x00, 0xfa, // ................
	0x00, 0x04, 0x00, 0x89, 0x09, 0x00, 0x00, 0x8a, 0x09, 0x00, 0x00, 0x8c, 0x09, 0x00, 0x00, 0xf8, // ................
	0x00, 0x02, 0x00, 0x8a, 0x09, 0x00, 0x00, 0xf9, 0x00, 0x02, 0x00, 0x94, 0x09, 0x00, 0x00, 0xf8, // ................
	0x00, 0x02, 0x00, 0x8c, 0x09, 0x00, 0x00, 0xb8, 0x00, 0x05, 0x00, 0x8b, 0x00, 0x00, 0x00, 0x8e, // ................
	0x09, 0x00, 0x00, 0xa2, 0x07, 0x00, 0x00, 0x8b, 0x01, 0x00, 0x00, 0xf7, 0x00, 0x03, 0x00, 0x92, // ................
	0x09, 0x00, 0x00, 0x00, 0x00, 0x00, 0x00, 0xfa, 0x00, 0x04, 0x00, 0x8e, 0x09, 0x00, 0x00, 0x8f, // ................
	0x09, 0x00, 0x00, 0x92, 0x09, 0x00, 0x00, 0xf8, 0x00, 0x02, 0x00, 0x8f, 0x09, 0x00, 0x00, 0x4f, // ...............O
	0x00, 0x08, 0x00, 0x14, 0x00, 0x00, 0x00, 0x91, 0x09, 0x00, 0x00, 0x3a, 0x06, 0x00, 0x00, 0x3a, // ...........:...:
	0x06, 0x00, 0x00, 0x00, 0x00, 0x00, 0x00, 0x01, 0x00, 0x00, 0x00, 0x02, 0x00, 0x00, 0x00, 0xf9, // ................
	0x00, 0x02, 0x00, 0x94, 0x09, 0x00, 0x00, 0xf8, 0x00, 0x02, 0x00, 0x92, 0x09, 0x00, 0x00, 0xf9, // ................
	0x00, 0x02, 0x00, 0x94, 0x09, 0x00, 0x00, 0xf8, 0x00, 0x02, 0x00, 0x94, 0x09, 0x00, 0x00, 0xf5, // ................
	0x00, 0x23, 0x00, 0x14, 0x00, 0x00, 0x00, 0x9b, 0x1a, 0x00, 0x00, 0x39, 0x09, 0x00, 0x00, 0x37, // .#.........9...7
	0x09, 0x00, 0x00, 0x99, 0x09, 0x00, 0x00, 0x3d, 0x09, 0x00, 0x00, 0x46, 0x09, 0x00, 0x00, 0x44, // .......=...F...D
	0x09, 0x00, 0x00, 0x9d, 0x09, 0x00, 0x00, 0x4a, 0x09, 0x00, 0x00, 0x53, 0x09, 0x00, 0x00, 0x51, // .......J...S...Q
	0x09, 0x00, 0x00, 0xa1, 0x09, 0x00, 0x00, 0x57, 0x09, 0x00, 0x00, 0x60, 0x09, 0x00, 0x00, 0x5e, // .......W...`...^
	0x09, 0x00, 0x00, 0xa5, 0x09, 0x00, 0x00, 0x64, 0x09, 0x00, 0x00, 0x6d, 0x09, 0x00, 0x00, 0x6b, // .......d...m...k
	0x09, 0x00, 0x00, 0xa9, 0x09, 0x00, 0x00, 0x71, 0x09, 0x00, 0x00, 0x7a, 0x09, 0x00, 0x00, 0x78, // .......q...z...x
	0x09, 0x00, 0x00, 0xad, 0x09, 0x00, 0x00, 0x7e, 0x09, 0x00, 0x00, 0x73, 0x1a, 0x00, 0x00, 0x85, // .......~...s....
	0x09, 0x00, 0x00, 0x72, 0x1a, 0x00, 0x00, 0x8a, 0x09, 0x00, 0x00, 0x91, 0x09, 0x00, 0x00, 0x8f, // ...r............
	0x09, 0x00, 0x00, 0x30, 0x02, 0x00, 0x00, 0x92, 0x09, 0x00, 0x00, 0x51, 0x00, 0x05, 0x00, 0x07, // ...0.......Q....
	0x00, 0x00, 0x00, 0xac, 0x07, 0x00, 0x00, 0x30, 0x06, 0x00, 0x00, 0x03, 0x00, 0x00, 0x00, 0xf7, // .......0........
	0x00, 0x03, 0x00, 0x27, 0x0a, 0x00, 0x00, 0x00, 0x00, 0x00, 0x00, 0xfb, 0x00, 0x03, 0x00, 0x06, // ...'............
	0x02, 0x00, 0x00, 0xc7, 0x09, 0x00, 0x00, 0xf8, 0x00, 0x02, 0x00, 0xc7, 0x09, 0x00, 0x00, 0xb8, // ................
	0x00, 0x05, 0x00, 0x8b, 0x00, 0x00, 0x00, 0xc9, 0x09, 0x00, 0x00, 0xac, 0x07, 0x00, 0x00, 0xe0, // ................
	0x00, 0x00, 0x00, 0xf7, 0x00, 0x03, 0x00, 0xcd, 0x09, 0x00, 0x00, 0x00, 0x00, 0x00, 0x00, 0xfa, // ................
	0x00, 0x04, 0x00, 0xc9, 0x09, 0x00, 0x00, 0xca, 0x09, 0x00, 0x00, 0xcd, 0x09, 0x00, 0x00, 0xf8, // ................
	0x00, 0x02, 0x00, 0xca, 0x09, 0x00, 0x00, 0x4f, 0x00, 0x08, 0x00, 0x14, 0x00, 0x00, 0x00, 0xcc, // .......O........
	0x09, 0x00, 0x00, 0x20, 0x06, 0x00, 0x00, 0x20, 0x06, 0x00, 0x00, 0x00, 0x00, 0x00, 0x00, 0x01, // ... ... ........
	0x00, 0x00, 0x00, 0x02, 0x00, 0x00, 0x00, 0xf9, 0x00, 0x02, 0x00, 0x27, 0x0a, 0x00, 0x00, 0xf8, // ...........'....
	0x00, 0x02, 0x00, 0xcd, 0x09, 0x00, 0x00, 0xb8, 0x00, 0x05, 0x00, 0x8b, 0x00, 0x00, 0x00, 0xcf, // ................
	0x09, 0x00, 0x00, 0xac, 0x07, 0x00, 0x00, 0xe7, 0x00, 0x00, 0x00, 0xf7, 0x00, 0x03, 0x00, 0xd4, // ................
	0x09, 0x00, 0x00, 0x00, 0x00, 0x00, 0x00, 0xfa, 0x00, 0x04, 0x00, 0xcf, 0x09, 0x00, 0x00, 0xd0, // ................
	0x09, 0x00, 0x00, 0xd4, 0x09, 0x00, 0x00, 0xf8, 0x00, 0x02, 0x00, 0xd0, 0x09, 0x00, 0x00, 0x51, // ...............Q
	0x00, 0x05, 0x00, 0x07, 0x00, 0x00, 0x00, 0xd2, 0x09, 0x00, 0x00, 0x20, 0x06, 0x00, 0x00, 0x03, // ........... ....
	0x00, 0x00, 0x00, 0x50, 0x00, 0x06, 0x00, 0x14, 0x00, 0x00, 0x00, 0x2c, 0x0a, 0x00, 0x00, 0xd2, // ...P.......,....
	0x09, 0x00, 0x00, 0xd2, 0x09, 0x00, 0x00, 0xd2, 0x09, 0x00, 0x00, 0xf9, 0x00, 0x02, 0x00, 0x27, // ...............'
	0x0a, 0x00, 0x00, 0xf8, 0x00, 0x02, 0x00, 0xd4, 0x09, 0x00, 0x00, 0xb8, 0x00, 0x05, 0x00, 0x8b, // ................
	0x00, 0x00, 0x00, 0xd6, 0x09, 0x00, 0x00, 0xac, 0x07, 0x00, 0x00, 0xee, 0x00, 0x00, 0x00, 0xf7, // ................
	0x00, 0x03, 0x00, 0xda, 0x09, 0x00, 0x00, 0x00, 0x00, 0x00, 0x00, 0xfa, 0x00, 0x04, 0x00, 0xd6, // ................
	0x09, 0x00, 0x00, 0xd7, 0x09, 0x00, 0x00, 0xda, 0x09, 0x00, 0x00, 0xf8, 0x00, 0x02, 0x00, 0xd7, // ................
	0x09, 0x00, 0x00, 0x4f, 0x00, 0x08, 0x00, 0x14, 0x00, 0x00, 0x00, 0xd9, 0x09, 0x00, 0x00, 0x22, // ...O..........."
	0x06, 0x00, 0x00, 0x22, 0x06, 0x00, 0x00, 0x00, 0x00, 0x00, 0x00, 0x01, 0x00, 0x00, 0x00, 0x02, // ..."............
	0x00, 0x00, 0x00, 0xf9, 0x00, 0x02, 0x00, 0x27, 0x0a, 0x00, 0x00, 0xf8, 0x00, 0x02, 0x00, 0xda, // .......'........
	0x09, 0x00, 0x00, 0xb8, 0x00, 0x05, 0x00, 0x8b, 0x00, 0x00, 0x00, 0xdc, 0x09, 0x00, 0x00, 0xac, // ................
	0x07, 0x00, 0x00, 0x28, 0x01, 0x00, 0x00, 0xf7, 0x00, 0x03, 0x00, 0xe1, 0x09, 0x00, 0x00, 0x00, // ...(............
	0x00, 0x00, 0x00, 0xfa, 0x00, 0x04, 0x00, 0xdc, 0x09, 0x00, 0x00, 0xdd, 0x09, 0x00, 0x00, 0xe1, // ................
	0x09, 0x00, 0x00, 0xf8, 0x00, 0x02, 0x00, 0xdd, 0x09, 0x00, 0x00, 0x51, 0x00, 0x05, 0x00, 0x07, // ...........Q....
	0x00, 0x00, 0x00, 0xdf, 0x09, 0x00, 0x00, 0x22, 0x06, 0x00, 0x00, 0x03, 0x00, 0x00, 0x00, 0x50, // .......".......P
	0x00, 0x06, 0x00, 0x14, 0x00, 0x00, 0x00, 0x30, 0x0a, 0x00, 0x00, 0xdf, 0x09, 0x00, 0x00, 0xdf, // .......0........
	0x09, 0x00, 0x00, 0xdf, 0x09, 0x00, 0x00, 0xf9, 0x00, 0x02, 0x00, 0x27, 0x0a, 0x00, 0x00, 0xf8, // ...........'....
	0x00, 0x02, 0x00, 0xe1, 0x09, 0x00, 0x00, 0xb8, 0x00, 0x05, 0x00, 0x8b, 0x00, 0x00, 0x00, 0xe3, // ................
	0x09, 0x00, 0x00, 0xac, 0x07, 0x00, 0x00, 0x32, 0x01, 0x00, 0x00, 0xf7, 0x00, 0x03, 0x00, 0xe7, // .......2........
	0x09, 0x00, 0x00, 0x00, 0x00, 0x00, 0x00, 0xfa, 0x00, 0x04, 0x00, 0xe3, 0x09, 0x00, 0x00, 0xe4, // ................
	0x09, 0x00, 0x00, 0xe7, 0x09, 0x00, 0x00, 0xf8, 0x00, 0x02, 0x00, 0xe4, 0x09, 0x00, 0x00, 0x4f, // ...............O
	0x00, 0x08, 0x00, 0x14, 0x00, 0x00, 0x00, 0xe6, 0x09, 0x00, 0x00, 0x24, 0x06, 0x00, 0x00, 0x24, // ...........$...$
	0x06, 0x00, 0x00, 0x00, 0x00, 0x00, 0x00, 0x01, 0x00, 0x00, 0x00, 0x02, 0x00, 0x00, 0x00, 0xf9, // ................
	0x00, 0x02, 0x00, 0x27, 0x0a, 0x00, 0x00, 0xf8, 0x00, 0x02, 0x00, 0xe7, 0x09, 0x00, 0x00, 0xb8, // ...'............
	0x00, 0x05, 0x00, 0x8b, 0x00, 0x00, 0x00, 0xe9, 0x09, 0x00, 0x00, 0xac, 0x07, 0x00, 0x00, 0x3a, // ...............:
	0x01, 0x00, 0x00, 0xf7, 0x00, 0x03, 0x00, 0xee, 0x09, 0x00, 0x00, 0x00, 0x00, 0x00, 0x00, 0xfa, // ................
	0x00, 0x04, 0x00, 0xe9, 0x09, 0x00, 0x00, 0xea, 0x09, 0x00, 0x00, 0xee, 0x09, 0x00, 0x00, 0xf8, // ................
	0x00, 0x02, 0x00, 0xea, 0x09, 0x00, 0x00, 0x51, 0x00, 0x05, 0x00, 0x07, 0x00, 0x00, 0x00, 0xec, // .......Q........
	0x09, 0x00, 0x00, 0x24, 0x06, 0x00, 0x00, 0x03, 0x00, 0x00, 0x00, 0x50, 0x00, 0x06, 0x00, 0x14, // ...$.......P....
	0x00, 0x00, 0x00, 0x34, 0x0a, 0x00, 0x00, 0xec, 0x09, 0x00, 0x00, 0xec, 0x09, 0x00, 0x00, 0xec, // ...4............
	0x09, 0x00, 0x00, 0xf9, 0x00, 0x02, 0x00, 0x27, 0x0a, 0x00, 0x00, 0xf8, 0x00, 0x02, 0x00, 0xee, // .......'........
	0x09, 0x00, 0x00, 0xb8, 0x00, 0x05, 0x00, 0x8b, 0x00, 0x00, 0x00, 0xf0, 0x09, 0x00, 0x00, 0xac, // ................
	0x07, 0x00, 0x00, 0x44, 0x01, 0x00, 0x00, 0xf7, 0x00, 0x03, 0x00, 0xf4, 0x09, 0x00, 0x00, 0x00, // ...D............
	0x00, 0x00, 0x00, 0xfa, 0x00, 0x04, 0x00, 0xf0, 0x09, 0x00, 0x00, 0xf1, 0x09, 0x00, 0x00, 0xf4, // ................
	0x09, 0x00, 0x00, 0xf8, 0x00, 0x02, 0x00, 0xf1, 0x09, 0x00, 0x00, 0x4f, 0x00, 0x08, 0x00, 0x14, // ...........O....
	0x00, 0x00, 0x00, 0xf3, 0x09, 0x00, 0x00, 0x26, 0x06, 0x00, 0x00, 0x26, 0x06, 0x00, 0x00, 0x00, // .......&...&....
	0x00, 0x00, 0x00, 0x01, 0x00, 0x00, 0x00, 0x02, 0x00, 0x00, 0x00, 0xf9, 0x00, 0x02, 0x00, 0x27, // ...............'
	0x0a, 0x00, 0x00, 0xf8, 0x00, 0x02, 0x00, 0xf4, 0x09, 0x00, 0x00, 0xb8, 0x00, 0x05, 0x00, 0x8b, // ................
	0x00, 0x00, 0x00, 0xf6, 0x09, 0x00, 0x00, 0xac, 0x07, 0x00, 0x00, 0x4c, 0x01, 0x00, 0x00, 0xf7, // ...........L....
	0x00, 0x03, 0x00, 0xfb, 0x09, 0x00, 0x00, 0x00, 0x00, 0x00, 0x00, 0xfa, 0x00, 0x04, 0x00, 0xf6, // ................
	0x09, 0x00, 0x00, 0xf7, 0x09, 0x00, 0x00, 0xfb, 0x09, 0x00, 0x00, 0xf8, 0x00, 0x02, 0x00, 0xf7, // ................
	0x09, 0x00, 0x00, 0x51, 0x00, 0x05, 0x00, 0x07, 0x00, 0x00, 0x00, 0xf9, 0x09, 0x00, 0x00, 0x26, // ...Q...........&
	0x06, 0x00, 0x00, 0x03, 0x00, 0x00, 0x00, 0x50, 0x00, 0x06, 0x00, 0x14, 0x00, 0x00, 0x00, 0x38, // .......P.......8
	0x0a, 0x00, 0x00, 0xf9, 0x09, 0x00, 0x00, 0xf9, 0x09, 0x00, 0x00, 0xf9, 0x09, 0x00, 0x00, 0xf9, // ................
	0x00, 0x02, 0x00, 0x27, 0x0a, 0x00, 0x00, 0xf8, 0x00, 0x02, 0x00, 0xfb, 0x09, 0x00, 0x00, 0xb8, // ...'............
	0x00, 0x05, 0x00, 0x8b, 0x00, 0x00, 0x00, 0xfd, 0x09, 0x00, 0x00, 0xac, 0x07, 0x00, 0x00, 0x56, // ...............V
	0x01, 0x00, 0x00, 0xf7, 0x00, 0x03, 0x00, 0x01, 0x0a, 0x00, 0x00, 0x00, 0x00, 0x00, 0x00, 0xfa, // ................
	0x00, 0x04, 0x00, 0xfd, 0x09, 0x00, 0x00, 0xfe, 0x09, 0x00, 0x00, 0x01, 0x0a, 0x00, 0x00, 0xf8, // ................
	0x00, 0x02, 0x00, 0xfe, 0x09, 0x00, 0x00, 0x4f, 0x00, 0x08, 0x00, 0x14, 0x00, 0x00, 0x00, 0x00, // .......O........
	0x0a, 0x00, 0x00, 0x80, 0x1a, 0x00, 0x00, 0x80, 0x1a, 0x00, 0x00, 0x00, 0x00, 0x00, 0x00, 0x01, // ................
	0x00, 0x00, 0x00, 0x02, 0x00, 0x00, 0x00, 0xf9, 0x00, 0x02, 0x00, 0x27, 0x0a, 0x00, 0x00, 0xf8, // ...........'....
	0x00, 0x02, 0x00, 0x01, 0x0a, 0x00, 0x00, 0xb8, 0x00, 0x05, 0x00, 0x8b, 0x00, 0x00, 0x00, 0x03, // ................
	0x0a, 0x00, 0x00, 0xac, 0x07, 0x00, 0x00, 0x5e, 0x01, 0x00, 0x00, 0xf7, 0x00, 0x03, 0x00, 0x08, // .......^........
	0x0a, 0x00, 0x00, 0x00, 0x00, 0x00, 0x00, 0xfa, 0x00, 0x04, 0x00, 0x03, 0x0a, 0x00, 0x00, 0x04, // ................
	0x0a, 0x00, 0x00, 0x08, 0x0a, 0x00, 0x00, 0xf8, 0x00, 0x02, 0x00, 0x04, 0x0a, 0x00, 0x00, 0x51, // ...............Q
	0x00, 0x05, 0x00, 0x07, 0x00, 0x00, 0x00, 0x06, 0x0a, 0x00, 0x00, 0x80, 0x1a, 0x00, 0x00, 0x03, // ................
	0x00, 0x00, 0x00, 0x50, 0x00, 0x06, 0x00, 0x14, 0x00, 0x00, 0x00, 0x3c, 0x0a, 0x00, 0x00, 0x06, // ...P.......<....
	0x0a, 0x00, 0x00, 0x06, 0x0a, 0x00, 0x00, 0x06, 0x0a, 0x00, 0x00, 0xf9, 0x00, 0x02, 0x00, 0x27, // ...............'
	0x0a, 0x00, 0x00, 0xf8, 0x00, 0x02, 0x00, 0x08, 0x0a, 0x00, 0x00, 0xb8, 0x00, 0x05, 0x00, 0x8b, // ................
	0x00, 0x00, 0x00, 0x0a, 0x0a, 0x00, 0x00, 0xac, 0x07, 0x00, 0x00, 0x68, 0x01, 0x00, 0x00, 0xf7, // ...........h....
	0x00, 0x03, 0x00, 0x0e, 0x0a, 0x00, 0x00, 0x00, 0x00, 0x00, 0x00, 0xfa, 0x00, 0x04, 0x00, 0x0a, // ................
	0x0a, 0x00, 0x00, 0x0b, 0x0a, 0x00, 0x00, 0x0e, 0x0a, 0x00, 0x00, 0xf8, 0x00, 0x02, 0x00, 0x0b, // ................
	0x0a, 0x00, 0x00, 0x4f, 0x00, 0x08, 0x00, 0x14, 0x00, 0x00, 0x00, 0x0d, 0x0a, 0x00, 0x00, 0x78, // ...O...........x
	0x05, 0x00, 0x00, 0x78, 0x05, 0x00, 0x00, 0x00, 0x00, 0x00, 0x00, 0x01, 0x00, 0x00, 0x00, 0x02, // ...x............
	0x00, 0x00, 0x00, 0xf9, 0x00, 0x02, 0x00, 0x27, 0x0a, 0x00, 0x00, 0xf8, 0x00, 0x02, 0x00, 0x0e, // .......'........
	0x0a, 0x00, 0x00, 0xb8, 0x00, 0x05, 0x00, 0x8b, 0x00, 0x00, 0x00, 0x10, 0x0a, 0x00, 0x00, 0xac, // ................
	0x07, 0x00, 0x00, 0x70, 0x01, 0x00, 0x00, 0xf7, 0x00, 0x03, 0x00, 0x15, 0x0a, 0x00, 0x00, 0x00, // ...p............
	0x00, 0x00, 0x00, 0xfa, 0x00, 0x04, 0x00, 0x10, 0x0a, 0x00, 0x00, 0x11, 0x0a, 0x00, 0x00, 0x15, // ................
	0x0a, 0x00, 0x00, 0xf8, 0x00, 0x02, 0x00, 0x11, 0x0a, 0x00, 0x00, 0x51, 0x00, 0x05, 0x00, 0x07, // ...........Q....
	0x00, 0x00, 0x00, 0x13, 0x0a, 0x00, 0x00, 0x78, 0x05, 0x00, 0x00, 0x03, 0x00, 0x00, 0x00, 0x50, // .......x.......P
	0x00, 0x06, 0x00, 0x14, 0x00, 0x00, 0x00, 0x40, 0x0a, 0x00, 0x00, 0x13, 0x0a, 0x00, 0x00, 0x13, // .......@........
	0x0a, 0x00, 0x00, 0x13, 0x0a, 0x00, 0x00, 0xf9, 0x00, 0x02, 0x00, 0x27, 0x0a, 0x00, 0x00, 0xf8, // ...........'....
	0x00, 0x02, 0x00, 0x15, 0x0a, 0x00, 0x00, 0xb8, 0x00, 0x05, 0x00, 0x8b, 0x00, 0x00, 0x00, 0x17, // ................
	0x0a, 0x00, 0x00, 0xac, 0x07, 0x00, 0x00, 0x7a, 0x01, 0x00, 0x00, 0xf7, 0x00, 0x03, 0x00, 0x1a, // .......z........
	0x0a, 0x00, 0x00, 0x00, 0x00, 0x00, 0x00, 0xfa, 0x00, 0x04, 0x00, 0x17, 0x0a, 0x00, 0x00, 0x18, // ................
	0x0a, 0x00, 0x00, 0x1a, 0x0a, 0x00, 0x00, 0xf8, 0x00, 0x02, 0x00, 0x18, 0x0a, 0x00, 0x00, 0xf9, // ................
	0x00, 0x02, 0x00, 0x27, 0x0a, 0x00, 0x00, 0xf8, 0x00, 0x02, 0x00, 0x1a, 0x0a, 0x00, 0x00, 0xb8, // ...'............
	0x00, 0x05, 0x00, 0x8b, 0x00, 0x00, 0x00, 0x1c, 0x0a, 0x00, 0x00, 0xac, 0x07, 0x00, 0x00, 0x82, // ................
	0x01, 0x00, 0x00, 0xf7, 0x00, 0x03, 0x00, 0x1f, 0x0a, 0x00, 0x00, 0x00, 0x00, 0x00, 0x00, 0xfa, // ................
	0x00, 0x04, 0x00, 0x1c, 0x0a, 0x00, 0x00, 0x1d, 0x0a, 0x00, 0x00, 0x1f, 0x0a, 0x00, 0x00, 0xf8, // ................
	0x00, 0x02, 0x00, 0x1d, 0x0a, 0x00, 0x00, 0xf9, 0x00, 0x02, 0x00, 0x27, 0x0a, 0x00, 0x00, 0xf8, // ...........'....
	0x00, 0x02, 0x00, 0x1f, 0x0a, 0x00, 0x00, 0xb8, 0x00, 0x05, 0x00, 0x8b, 0x00, 0x00, 0x00, 0x21, // ...............!
	0x0a, 0x00, 0x00, 0xac, 0x07, 0x00, 0x00, 0x8b, 0x01, 0x00, 0x00, 0xf7, 0x00, 0x03, 0x00, 0x25, // ...............%
	0x0a, 0x00, 0x00, 0x00, 0x00, 0x00, 0x00, 0xfa, 0x00, 0x04, 0x00, 0x21, 0x0a, 0x00, 0x00, 0x22, // ...........!..."
	0x0a, 0x00, 0x00, 0x25, 0x0a, 0x00, 0x00, 0xf8, 0x00, 0x02, 0x00, 0x22, 0x0a, 0x00, 0x00, 0x4f, // ...%......."...O
	0x00, 0x08, 0x00, 0x14, 0x00, 0x00, 0x00, 0x24, 0x0a, 0x00, 0x00, 0x3a, 0x06, 0x00, 0x00, 0x3a, // .......$...:...:
	0x06, 0x00, 0x00, 0x00, 0x00, 0x00, 0x00, 0x01, 0x00, 0x00, 0x00, 0x02, 0x00, 0x00, 0x00, 0xf9, // ................
	0x00, 0x02, 0x00, 0x27, 0x0a, 0x00, 0x00, 0xf8, 0x00, 0x02, 0x00, 0x25, 0x0a, 0x00, 0x00, 0xf9, // ...'.......%....
	0x00, 0x02, 0x00, 0x27, 0x0a, 0x00, 0x00, 0xf8, 0x00, 0x02, 0x00, 0x27, 0x0a, 0x00, 0x00, 0xf5, // ...'.......'....
	0x00, 0x23, 0x00, 0x14, 0x00, 0x00, 0x00, 0xa0, 0x1a, 0x00, 0x00, 0xcc, 0x09, 0x00, 0x00, 0xca, // .#..............
	0x09, 0x00, 0x00, 0x2c, 0x0a, 0x00, 0x00, 0xd0, 0x09, 0x00, 0x00, 0xd9, 0x09, 0x00, 0x00, 0xd7, // ...,............
	0x09, 0x00, 0x00, 0x30, 0x0a, 0x00, 0x00, 0xdd, 0x09, 0x00, 0x00, 0xe6, 0x09, 0x00, 0x00, 0xe4, // ...0............
	0x09, 0x00, 0x00, 0x34, 0x0a, 0x00, 0x00, 0xea, 0x09, 0x00, 0x00, 0xf3, 0x09, 0x00, 0x00, 0xf1, // ...4............
	0x09, 0x00, 0x00, 0x38, 0x0a, 0x00, 0x00, 0xf7, 0x09, 0x00, 0x00, 0x00, 0x0a, 0x00, 0x00, 0xfe, // ...8............
	0x09, 0x00, 0x00, 0x3c, 0x0a, 0x00, 0x00, 0x04, 0x0a, 0x00, 0x00, 0x0d, 0x0a, 0x00, 0x00, 0x0b, // ...<............
	0x0a, 0x00, 0x00, 0x40, 0x0a, 0x00, 0x00, 0x11, 0x0a, 0x00, 0x00, 0x73, 0x1a, 0x00, 0x00, 0x18, // ...@.......s....
	0x0a, 0x00, 0x00, 0x72, 0x1a, 0x00, 0x00, 0x1d, 0x0a, 0x00, 0x00, 0x24, 0x0a, 0x00, 0x00, 0x22, // ...r.......$..."
	0x0a, 0x00, 0x00, 0x30, 0x02, 0x00, 0x00, 0x25, 0x0a, 0x00, 0x00, 0x51, 0x00, 0x05, 0x00, 0x07, // ...0...%...Q....
	0x00, 0x00, 0x00, 0x5c, 0x0a, 0x00, 0x00, 0x34, 0x06, 0x00, 0x00, 0x02, 0x00, 0x00, 0x00, 0xf7, // .......4........
	0x00, 0x03, 0x00, 0xc9, 0x0a, 0x00, 0x00, 0x00, 0x00, 0x00, 0x00, 0xfb, 0x00, 0x03, 0x00, 0x06, // ................
	0x02, 0x00, 0x00, 0xbc, 0x0a, 0x00, 0x00, 0xf8, 0x00, 0x02, 0x00, 0xbc, 0x0a, 0x00, 0x00, 0xb8, // ................
	0x00, 0x05, 0x00, 0x8b, 0x00, 0x00, 0x00, 0xbe, 0x0a, 0x00, 0x00, 0x5c, 0x0a, 0x00, 0x00, 0xe0, // ................
	0x00, 0x00, 0x00, 0xf7, 0x00, 0x03, 0x00, 0xc0, 0x0a, 0x00, 0x00, 0x00, 0x00, 0x00, 0x00, 0xfa, // ................
	0x00, 0x04, 0x00, 0xbe, 0x0a, 0x00, 0x00, 0xbf, 0x0a, 0x00, 0x00, 0xc0, 0x0a, 0x00, 0x00, 0xf8, // ................
	0x00, 0x02, 0x00, 0xbf, 0x0a, 0x00, 0x00, 0xf9, 0x00, 0x02, 0x00, 0xc9, 0x0a, 0x00, 0x00, 0xf8, // ................
	0x00, 0x02, 0x00, 0xc0, 0x0a, 0x00, 0x00, 0xb8, 0x00, 0x05, 0x00, 0x8b, 0x00, 0x00, 0x00, 0xc2, // ................
	0x0a, 0x00, 0x00, 0x5c, 0x0a, 0x00, 0x00, 0xe7, 0x00, 0x00, 0x00, 0xf7, 0x00, 0x03, 0x00, 0xc4, // ................
	0x0a, 0x00, 0x00, 0x00, 0x00, 0x00, 0x00, 0xfa, 0x00, 0x04, 0x00, 0xc2, 0x0a, 0x00, 0x00, 0xc3, // ................
	0x0a, 0x00, 0x00, 0xc4, 0x0a, 0x00, 0x00, 0xf8, 0x00, 0x02, 0x00, 0xc3, 0x0a, 0x00, 0x00, 0xf9, // ................
	0x00, 0x02, 0x00, 0xc9, 0x0a, 0x00, 0x00, 0xf8, 0x00, 0x02, 0x00, 0xc4, 0x0a, 0x00, 0x00, 0xb8, // ................
	0x00, 0x05, 0x00, 0x8b, 0x00, 0x00, 0x00, 0xc6, 0x0a, 0x00, 0x00, 0x5c, 0x0a, 0x00, 0x00, 0xee, // ................
	0x00, 0x00, 0x00, 0xf7, 0x00, 0x03, 0x00, 0xc8, 0x0a, 0x00, 0x00, 0x00, 0x00, 0x00, 0x00, 0xfa, // ................
	0x00, 0x04, 0x00, 0xc6, 0x0a, 0x00, 0x00, 0xc7, 0x0a, 0x00, 0x00, 0xc8, 0x0a, 0x00, 0x00, 0xf8, // ................
	0x00, 0x02, 0x00, 0xc7, 0x0a, 0x00, 0x00, 0xf9, 0x00, 0x02, 0x00, 0xc9, 0x0a, 0x00, 0x00, 0xf8, // ................
	0x00, 0x02, 0x00, 0xc8, 0x0a, 0x00, 0x00, 0xf9, 0x00, 0x02, 0x00, 0xc9, 0x0a, 0x00, 0x00, 0xf8, // ................
	0x00, 0x02, 0x00, 0xc9, 0x0a, 0x00, 0x00, 0xf5, 0x00, 0x0b, 0x00, 0x07, 0x00, 0x00, 0x00, 0xa1, // ................
	0x1a, 0x00, 0x00, 0xfa, 0x00, 0x00, 0x00, 0xbf, 0x0a, 0x00, 0x00, 0x00, 0x01, 0x00, 0x00, 0xc3, // ................
	0x0a, 0x00, 0x00, 0x06, 0x01, 0x00, 0x00, 0xc7, 0x0a, 0x00, 0x00, 0xfa, 0x00, 0x00, 0x00, 0xc8, // ................
	0x0a, 0x00, 0x00, 0xba, 0x00, 0x05, 0x00, 0x8b, 0x00, 0x00, 0x00, 0xce, 0x0a, 0x00, 0x00, 0x5c, // ................
	0x0a, 0x00, 0x00, 0xee, 0x00, 0x00, 0x00, 0xa9, 0x00, 0x06, 0x00, 0x07, 0x00, 0x00, 0x00, 0xcf, // ................
	0x0a, 0x00, 0x00, 0xce, 0x0a, 0x00, 0x00, 0x00, 0x01, 0x00, 0x00, 0xfa, 0x00, 0x00, 0x00, 0x8e, // ................
	0x00, 0x05, 0x00, 0x14, 0x00, 0x00, 0x00, 0x62, 0x0a, 0x00, 0x00, 0x91, 0x1a, 0x00, 0x00, 0xd5, // .......b........
	0x01, 0x00, 0x00, 0x81, 0x00, 0x05, 0x00, 0x14, 0x00, 0x00, 0x00, 0x64, 0x0a, 0x00, 0x00, 0x62, // ...........d...b
	0x0a, 0x00, 0x00, 0x74, 0x1a, 0x00, 0x00, 0x0c, 0x00, 0x06, 0x00, 0x14, 0x00, 0x00, 0x00, 0x65, // ...t...........e
	0x0a, 0x00, 0x00, 0x01, 0x00, 0x00, 0x00, 0x08, 0x00, 0x00, 0x00, 0x64, 0x0a, 0x00, 0x00, 0x8e, // ...........d....
	0x00, 0x05, 0x00, 0x14, 0x00, 0x00, 0x00, 0x67, 0x0a, 0x00, 0x00, 0x96, 0x1a, 0x00, 0x00, 0xd5, // .......g........
	0x01, 0x00, 0x00, 0x81, 0x00, 0x05, 0x00, 0x14, 0x00, 0x00, 0x00, 0x69, 0x0a, 0x00, 0x00, 0x67, // ...........i...g
	0x0a, 0x00, 0x00, 0x74, 0x1a, 0x00, 0x00, 0x0c, 0x00, 0x06, 0x00, 0x14, 0x00, 0x00, 0x00, 0x6a, // ...t...........j
	0x0a, 0x00, 0x00, 0x01, 0x00, 0x00, 0x00, 0x08, 0x00, 0x00, 0x00, 0x69, 0x0a, 0x00, 0x00, 0x8e, // ...........i....
	0x00, 0x05, 0x00, 0x14, 0x00, 0x00, 0x00, 0x6c, 0x0a, 0x00, 0x00, 0x9b, 0x1a, 0x00, 0x00, 0xd5, // .......l........
	0x01, 0x00, 0x00, 0x81, 0x00, 0x05, 0x00, 0x14, 0x00, 0x00, 0x00, 0x6e, 0x0a, 0x00, 0x00, 0x6c, // ...........n...l
	0x0a, 0x00, 0x00, 0x74, 0x1a, 0x00, 0x00, 0x0c, 0x00, 0x06, 0x00, 0x14, 0x00, 0x00, 0x00, 0x6f, // ...t...........o
	0x0a, 0x00, 0x00, 0x01, 0x00, 0x00, 0x00, 0x08, 0x00, 0x00, 0x00, 0x6e, 0x0a, 0x00, 0x00, 0x8e, // ...........n....
	0x00, 0x05, 0x00, 0x14, 0x00, 0x00, 0x00, 0x71, 0x0a, 0x00, 0x00, 0xa0, 0x1a, 0x00, 0x00, 0xd5, // .......q........
	0x01, 0x00, 0x00, 0x81, 0x00, 0x05, 0x00, 0x14, 0x00, 0x00, 0x00, 0x73, 0x0a, 0x00, 0x00, 0x71, // ...........s...q
	0x0a, 0x00, 0x00, 0x74, 0x1a, 0x00, 0x00, 0x0c, 0x00, 0x06, 0x00, 0x14, 0x00, 0x00, 0x00, 0x74, // ...t...........t
	0x0a, 0x00, 0x00, 0x01, 0x00, 0x00, 0x00, 0x08, 0x00, 0x00, 0x00, 0x73, 0x0a, 0x00, 0x00, 0x85, // ...........s....
	0x00, 0x05, 0x00, 0x14, 0x00, 0x00, 0x00, 0x78, 0x0a, 0x00, 0x00, 0x6f, 0x0a, 0x00, 0x00, 0x77, // .......x...o...w
	0x1a, 0x00, 0x00, 0x0c, 0x00, 0x06, 0x00, 0x14, 0x00, 0x00, 0x00, 0x79, 0x0a, 0x00, 0x00, 0x01, // ...........y....
	0x00, 0x00, 0x00, 0x08, 0x00, 0x00, 0x00, 0x78, 0x0a, 0x00, 0x00, 0x81, 0x00, 0x05, 0x00, 0x14, // .......x........
	0x00, 0x00, 0x00, 0x7a, 0x0a, 0x00, 0x00, 0x6f, 0x0a, 0x00, 0x00, 0x79, 0x0a, 0x00, 0x00, 0x83, // ...z...o...y....
	0x00, 0x05, 0x00, 0x14, 0x00, 0x00, 0x00, 0x7e, 0x0a, 0x00, 0x00, 0x78, 0x1a, 0x00, 0x00, 0x7a, // .......~...x...z
	0x0a, 0x00, 0x00, 0x85, 0x00, 0x05, 0x00, 0x14, 0x00, 0x00, 0x00, 0x7f, 0x0a, 0x00, 0x00, 0x65, // ...............e
	0x0a, 0x00, 0x00, 0x7e, 0x0a, 0x00, 0x00, 0x85, 0x00, 0x05, 0x00, 0x14, 0x00, 0x00, 0x00, 0x82, // ...~............
	0x0a, 0x00, 0x00, 0x6a, 0x0a, 0x00, 0x00, 0x7a, 0x0a, 0x00, 0x00, 0x81, 0x00, 0x05, 0x00, 0x14, // ...j...z........
	0x00, 0x00, 0x00, 0x83, 0x0a, 0x00, 0x00, 0x7f, 0x0a, 0x00, 0x00, 0x82, 0x0a, 0x00, 0x00, 0x8e, // ................
	0x00, 0x05, 0x00, 0x14, 0x00, 0x00, 0x00, 0x86, 0x0a, 0x00, 0x00, 0x83, 0x0a, 0x00, 0x00, 0xa1, // ................
	0x1a, 0x00, 0x00, 0xb8, 0x00, 0x05, 0x00, 0x8b, 0x00, 0x00, 0x00, 0x89, 0x0a, 0x00, 0x00, 0x5c, // ................
	0x0a, 0x00, 0x00, 0xee, 0x00, 0x00, 0x00, 0xf7, 0x00, 0x03, 0x00, 0x92, 0x0a, 0x00, 0x00, 0x00, // ................
	0x00, 0x00, 0x00, 0xfa, 0x00, 0x04, 0x00, 0x89, 0x0a, 0x00, 0x00, 0x8a, 0x0a, 0x00, 0x00, 0x92, // ................
	0x0a, 0x00, 0x00, 0xf8, 0x00, 0x02, 0x00, 0x8a, 0x0a, 0x00, 0x00, 0x51, 0x00, 0x05, 0x00, 0x07, // ...........Q....
	0x00, 0x00, 0x00, 0x8c, 0x0a, 0x00, 0x00, 0x34, 0x06, 0x00, 0x00, 0x00, 0x00, 0x00, 0x00, 0xba, // .......4........
	0x00, 0x05, 0x00, 0x8b, 0x00, 0x00, 0x00, 0x8d, 0x0a, 0x00, 0x00, 0x8c, 0x0a, 0x00, 0x00, 0xe0, // ................
	0x00, 0x00, 0x00, 0xa9, 0x00, 0x06, 0x00, 0x07, 0x00, 0x00, 0x00, 0x8e, 0x0a, 0x00, 0x00, 0x8d, // ................
	0x0a, 0x00, 0x00, 0x0a, 0x02, 0x00, 0x00, 0xeb, 0x00, 0x00, 0x00, 0x50, 0x00, 0x06, 0x00, 0x14, // ...........P....
	0x00, 0x00, 0x00, 0x90, 0x0a, 0x00, 0x00, 0x8e, 0x0a, 0x00, 0x00, 0x8e, 0x0a, 0x00, 0x00, 0x8e, // ................
	0x0a, 0x00, 0x00, 0x81, 0x00, 0x05, 0x00, 0x14, 0x00, 0x00, 0x00, 0x91, 0x0a, 0x00, 0x00, 0x86, // ................
	0x0a, 0x00, 0x00, 0x90, 0x0a, 0x00, 0x00, 0xf9, 0x00, 0x02, 0x00, 0x92, 0x0a, 0x00, 0x00, 0xf8, // ................
	0x00, 0x02, 0x00, 0x92, 0x0a, 0x00, 0x00, 0xf5, 0x00, 0x07, 0x00, 0x14, 0x00, 0x00, 0x00, 0xa2, // ................
	0x1a, 0x00, 0x00, 0x86, 0x0a, 0x00, 0x00, 0xc9, 0x0a, 0x00, 0x00, 0x91, 0x0a, 0x00, 0x00, 0x8a, // ................
	0x0a, 0x00, 0x00, 0x85, 0x00, 0x05, 0x00, 0x14, 0x00, 0x00, 0x00, 0x95, 0x0a, 0x00, 0x00, 0xa2, // ................
	0x1a, 0x00, 0x00, 0x7a, 0x1a, 0x00, 0x00, 0x0c, 0x00, 0x06, 0x00, 0x14, 0x00, 0x00, 0x00, 0x96, // ...z............
	0x0a, 0x00, 0x00, 0x01, 0x00, 0x00, 0x00, 0x08, 0x00, 0x00, 0x00, 0x95, 0x0a, 0x00, 0x00, 0x51, // ...............Q
	0x00, 0x05, 0x00, 0x07, 0x00, 0x00, 0x00, 0x98, 0x0a, 0x00, 0x00, 0x34, 0x06, 0x00, 0x00, 0x00, // ...........4....
	0x00, 0x00, 0x00, 0xba, 0x00, 0x05, 0x00, 0x8b, 0x00, 0x00, 0x00, 0x99, 0x0a, 0x00, 0x00, 0x98, // ................
	0x0a, 0x00, 0x00, 0xe0, 0x00, 0x00, 0x00, 0xf7, 0x00, 0x03, 0x00, 0x9d, 0x0a, 0x00, 0x00, 0x00, // ................
	0x00, 0x00, 0x00, 0xfa, 0x00, 0x04, 0x00, 0x99, 0x0a, 0x00, 0x00, 0x9a, 0x0a, 0x00, 0x00, 0x9d, // ................
	0x0a, 0x00, 0x00, 0xf8, 0x00, 0x02, 0x00, 0x9a, 0x0a, 0x00, 0x00, 0x7f, 0x00, 0x04, 0x00, 0x14, // ................
	0x00, 0x00, 0x00, 0x9c, 0x0a, 0x00, 0x00, 0x96, 0x0a, 0x00, 0x00, 0xf9, 0x00, 0x02, 0x00, 0x9d, // ................
	0x0a, 0x00, 0x00, 0xf8, 0x00, 0x02, 0x00, 0x9d, 0x0a, 0x00, 0x00, 0xf5, 0x00, 0x07, 0x00, 0x14, // ................
	0x00, 0x00, 0x00, 0xa5, 0x1a, 0x00, 0x00, 0x96, 0x0a, 0x00, 0x00, 0x92, 0x0a, 0x00, 0x00, 0x9c, // ................
	0x0a, 0x00, 0x00, 0x9a, 0x0a, 0x00, 0x00, 0x51, 0x00, 0x05, 0x00, 0x07, 0x00, 0x00, 0x00, 0xa0, // .......Q........
	0x0a, 0x00, 0x00, 0x34, 0x06, 0x00, 0x00, 0x01, 0x00, 0x00, 0x00, 0xf7, 0x00, 0x03, 0x00, 0xe1, // ...4............
	0x0a, 0x00, 0x00, 0x00, 0x00, 0x00, 0x00, 0xfb, 0x00, 0x03, 0x00, 0x06, 0x02, 0x00, 0x00, 0xd4, // ................
	0x0a, 0x00, 0x00, 0xf8, 0x00, 0x02, 0x00, 0xd4, 0x0a, 0x00, 0x00, 0xb8, 0x00, 0x05, 0x00, 0x8b, // ................
	0x00, 0x00, 0x00, 0xd6, 0x0a, 0x00, 0x00, 0xa0, 0x0a, 0x00, 0x00, 0xe0, 0x00, 0x00, 0x00, 0xf7, // ................
	0x00, 0x03, 0x00, 0xd8, 0x0a, 0x00, 0x00, 0x00, 0x00, 0x00, 0x00, 0xfa, 0x00, 0x04, 0x00, 0xd6, // ................
	0x0a, 0x00, 0x00, 0xd7, 0x0a, 0x00, 0x00, 0xd8, 0x0a, 0x00, 0x00, 0xf8, 0x00, 0x02, 0x00, 0xd7, // ................
	0x0a, 0x00, 0x00, 0xf9, 0x00, 0x02, 0x00, 0xe1, 0x0a, 0x00, 0x00, 0xf8, 0x00, 0x02, 0x00, 0xd8, // ................
	0x0a, 0x00, 0x00, 0xb8, 0x00, 0x05, 0x00, 0x8b, 0x00, 0x00, 0x00, 0xda, 0x0a, 0x00, 0x00, 0xa0, // ................
	0x0a, 0x00, 0x00, 0xe7, 0x00, 0x00, 0x00, 0xf7, 0x00, 0x03, 0x00, 0xdc, 0x0a, 0x00, 0x00, 0x00, // ................
	0x00, 0x00, 0x00, 0xfa, 0x00, 0x04, 0x00, 0xda, 0x0a, 0x00, 0x00, 0xdb, 0x0a, 0x00, 0x00, 0xdc, // ................
	0x0a, 0x00, 0x00, 0xf8, 0x00, 0x02, 0x00, 0xdb, 0x0a, 0x00, 0x00, 0xf9, 0x00, 0x02, 0x00, 0xe1, // ................
	0x0a, 0x00, 0x00, 0xf8, 0x00, 0x02, 0x00, 0xdc, 0x0a, 0x00, 0x00, 0xb8, 0x00, 0x05, 0x00, 0x8b, // ................
	0x00, 0x00, 0x00, 0xde, 0x0a, 0x00, 0x00, 0xa0, 0x0a, 0x00, 0x00, 0xee, 0x00, 0x00, 0x00, 0xf7, // ................
	0x00, 0x03, 0x00, 0xe0, 0x0a, 0x00, 0x00, 0x00, 0x00, 0x00, 0x00, 0xfa, 0x00, 0x04, 0x00, 0xde, // ................
	0x0a, 0x00, 0x00, 0xdf, 0x0a, 0x00, 0x00, 0xe0, 0x0a, 0x00, 0x00, 0xf8, 0x00, 0x02, 0x00, 0xdf, // ................
	0x0a, 0x00, 0x00, 0xf9, 0x00, 0x02, 0x00, 0xe1, 0x0a, 0x00, 0x00, 0xf8, 0x00, 0x02, 0x00, 0xe0, // ................
	0x0a, 0x00, 0x00, 0xf9, 0x00, 0x02, 0x00, 0xe1, 0x0a, 0x00, 0x00, 0xf8, 0x00, 0x02, 0x00, 0xe1, // ................
	0x0a, 0x00, 0x00, 0xf5, 0x00, 0x0b, 0x00, 0x07, 0x00, 0x00, 0x00, 0xa3, 0x1a, 0x00, 0x00, 0xe4, // ................
	0x00, 0x00, 0x00, 0xd7, 0x0a, 0x00, 0x00, 0xeb, 0x00, 0x00, 0x00, 0xdb, 0x0a, 0x00, 0x00, 0xf2, // ................
	0x00, 0x00, 0x00, 0xdf, 0x0a, 0x00, 0x00, 0xe4, 0x00, 0x00, 0x00, 0xe0, 0x0a, 0x00, 0x00, 0x50, // ...............P
	0x00, 0x06, 0x00, 0x14, 0x00, 0x00, 0x00, 0xa2, 0x0a, 0x00, 0x00, 0xa3, 0x1a, 0x00, 0x00, 0xa3, // ................
	0x1a, 0x00, 0x00, 0xa3, 0x1a, 0x00, 0x00, 0x81, 0x00, 0x05, 0x00, 0x14, 0x00, 0x00, 0x00, 0xa3, // ................
	0x0a, 0x00, 0x00, 0x74, 0x0a, 0x00, 0x00, 0xa2, 0x0a, 0x00, 0x00, 0x8e, 0x00, 0x05, 0x00, 0x14, // ...t............
	0x00, 0x00, 0x00, 0xa5, 0x0a, 0x00, 0x00, 0xa3, 0x0a, 0x00, 0x00, 0xa1, 0x1a, 0x00, 0x00, 0x81, // ................
	0x00, 0x05, 0x00, 0x14, 0x00, 0x00, 0x00, 0xa7, 0x0a, 0x00, 0x00, 0xa5, 0x0a, 0x00, 0x00, 0xa5, // ................
	0x1a, 0x00, 0x00, 0x50, 0x00, 0x06, 0x00, 0x14, 0x00, 0x00, 0x00, 0xa9, 0x0a, 0x00, 0x00, 0xcf, // ...P............
	0x0a, 0x00, 0x00, 0xcf, 0x0a, 0x00, 0x00, 0xcf, 0x0a, 0x00, 0x00, 0x88, 0x00, 0x05, 0x00, 0x14, // ................
	0x00, 0x00, 0x00, 0xaa, 0x0a, 0x00, 0x00, 0xa7, 0x0a, 0x00, 0x00, 0xa9, 0x0a, 0x00, 0x00, 0x51, // ...............Q
	0x00, 0x05, 0x00, 0x07, 0x00, 0x00, 0x00, 0xac, 0x0a, 0x00, 0x00, 0x34, 0x06, 0x00, 0x00, 0x03, // ...........4....
	0x00, 0x00, 0x00, 0xba, 0x00, 0x05, 0x00, 0x8b, 0x00, 0x00, 0x00, 0xad, 0x0a, 0x00, 0x00, 0xac, // ................
	0x0a, 0x00, 0x00, 0xe0, 0x00, 0x00, 0x00, 0xf7, 0x00, 0x03, 0x00, 0xb4, 0x0a, 0x00, 0x00, 0x00, // ................
	0x00, 0x00, 0x00, 0xfa, 0x00, 0x04, 0x00, 0xad, 0x0a, 0x00, 0x00, 0xae, 0x0a, 0x00, 0x00, 0xb1, // ................
	0x0a, 0x00, 0x00, 0xf8, 0x00, 0x02, 0x00, 0xae, 0x0a, 0x00, 0x00, 0x0c, 0x00, 0x08, 0x00, 0x14, // ................
	0x00, 0x00, 0x00, 0xb0, 0x0a, 0x00, 0x00, 0x01, 0x00, 0x00, 0x00, 0x2b, 0x00, 0x00, 0x00, 0xaa, // ...........+....
	0x0a, 0x00, 0x00, 0x30, 0x02, 0x00, 0x00, 0x31, 0x02, 0x00, 0x00, 0xf9, 0x00, 0x02, 0x00, 0xb4, // ...0...1........
	0x0a, 0x00, 0x00, 0xf8, 0x00, 0x02, 0x00, 0xb1, 0x0a, 0x00, 0x00, 0x0c, 0x00, 0x08, 0x00, 0x14, // ................
	0x00, 0x00, 0x00, 0xb3, 0x0a, 0x00, 0x00, 0x01, 0x00, 0x00, 0x00, 0x2b, 0x00, 0x00, 0x00, 0xaa, // ...........+....
	0x0a, 0x00, 0x00, 0x36, 0x02, 0x00, 0x00, 0x38, 0x02, 0x00, 0x00, 0xf9, 0x00, 0x02, 0x00, 0xb4, // ...6...8........
	0x0a, 0x00, 0x00, 0xf8, 0x00, 0x02, 0x00, 0xb4, 0x0a, 0x00, 0x00, 0xf5, 0x00, 0x07, 0x00, 0x14, // ................
	0x00, 0x00, 0x00, 0xa6, 0x1a, 0x00, 0x00, 0xb0, 0x0a, 0x00, 0x00, 0xae, 0x0a, 0x00, 0x00, 0xb3, // ................
	0x0a, 0x00, 0x00, 0xb1, 0x0a, 0x00, 0x00, 0x85, 0x00, 0x05, 0x00, 0x14, 0x00, 0x00, 0x00, 0xb7, // ................
	0x0a, 0x00, 0x00, 0xa6, 0x1a, 0x00, 0x00, 0x7c, 0x1a, 0x00, 0x00, 0x51, 0x00, 0x05, 0x00, 0x07, // .......|...Q....
	0x00, 0x00, 0x00, 0xc0, 0x07, 0x00, 0x00, 0x28, 0x06, 0x00, 0x00, 0x00, 0x00, 0x00, 0x00, 0xb8, // .......(........
	0x00, 0x05, 0x00, 0x8b, 0x00, 0x00, 0x00, 0xe5, 0x0a, 0x00, 0x00, 0xc0, 0x07, 0x00, 0x00, 0xe0, // ................
	0x00, 0x00, 0x00, 0xf7, 0x00, 0x03, 0x00, 0x0e, 0x0b, 0x00, 0x00, 0x00, 0x00, 0x00, 0x00, 0xfa, // ................
	0x00, 0x04, 0x00, 0xe5, 0x0a, 0x00, 0x00, 0xe6, 0x0a, 0x00, 0x00, 0xee, 0x0a, 0x00, 0x00, 0xf8, // ................
	0x00, 0x02, 0x00, 0xe6, 0x0a, 0x00, 0x00, 0x51, 0x00, 0x05, 0x00, 0x07, 0x00, 0x00, 0x00, 0xe9, // .......Q........
	0x0a, 0x00, 0x00, 0xb7, 0x0a, 0x00, 0x00, 0x00, 0x00, 0x00, 0x00, 0x52, 0x00, 0x06, 0x00, 0x0d, // ...........R....
	0x00, 0x00, 0x00, 0x40, 0x19, 0x00, 0x00, 0xe9, 0x0a, 0x00, 0x00, 0x20, 0x06, 0x00, 0x00, 0x00, // ...@....... ....
	0x00, 0x00, 0x00, 0x51, 0x00, 0x05, 0x00, 0x07, 0x00, 0x00, 0x00, 0xeb, 0x0a, 0x00, 0x00, 0xb7, // ...Q............
	0x0a, 0x00, 0x00, 0x01, 0x00, 0x00, 0x00, 0x52, 0x00, 0x06, 0x00, 0x0d, 0x00, 0x00, 0x00, 0x42, // .......R.......B
	0x19, 0x00, 0x00, 0xeb, 0x0a, 0x00, 0x00, 0x40, 0x19, 0x00, 0x00, 0x01, 0x00, 0x00, 0x00, 0x51, // .......@.......Q
	0x00, 0x05, 0x00, 0x07, 0x00, 0x00, 0x00, 0xed, 0x0a, 0x00, 0x00, 0xb7, 0x0a, 0x00, 0x00, 0x02, // ................
	0x00, 0x00, 0x00, 0x52, 0x00, 0x06, 0x00, 0x0d, 0x00, 0x00, 0x00, 0x44, 0x19, 0x00, 0x00, 0xed, // ...R.......D....
	0x0a, 0x00, 0x00, 0x42, 0x19, 0x00, 0x00, 0x02, 0x00, 0x00, 0x00, 0xf9, 0x00, 0x02, 0x00, 0x0e, // ...B............
	0x0b, 0x00, 0x00, 0xf8, 0x00, 0x02, 0x00, 0xee, 0x0a, 0x00, 0x00, 0xb8, 0x00, 0x05, 0x00, 0x8b, // ................
	0x00, 0x00, 0x00, 0xf0, 0x0a, 0x00, 0x00, 0xc0, 0x07, 0x00, 0x00, 0xe7, 0x00, 0x00, 0x00, 0xf7, // ................
	0x00, 0x03, 0x00, 0x0d, 0x0b, 0x00, 0x00, 0x00, 0x00, 0x00, 0x00, 0xfa, 0x00, 0x04, 0x00, 0xf0, // ................
	0x0a, 0x00, 0x00, 0xf1, 0x0a, 0x00, 0x00, 0xf9, 0x0a, 0x00, 0x00, 0xf8, 0x00, 0x02, 0x00, 0xf1, // ................
	0x0a, 0x00, 0x00, 0x51, 0x00, 0x05, 0x00, 0x07, 0x00, 0x00, 0x00, 0xf4, 0x0a, 0x00, 0x00, 0xb7, // ...Q............
	0x0a, 0x00, 0x00, 0x00, 0x00, 0x00, 0x00, 0x52, 0x00, 0x06, 0x00, 0x0d, 0x00, 0x00, 0x00, 0x46, // .......R.......F
	0x19, 0x00, 0x00, 0xf4, 0x0a, 0x00, 0x00, 0x22, 0x06, 0x00, 0x00, 0x00, 0x00, 0x00, 0x00, 0x51, // .......".......Q
	0x00, 0x05, 0x00, 0x07, 0x00, 0x00, 0x00, 0xf6, 0x0a, 0x00, 0x00, 0xb7, 0x0a, 0x00, 0x00, 0x01, // ................
	0x00, 0x00, 0x00, 0x52, 0x00, 0x06, 0x00, 0x0d, 0x00, 0x00, 0x00, 0x48, 0x19, 0x00, 0x00, 0xf6, // ...R.......H....
	0x0a, 0x00, 0x00, 0x46, 0x19, 0x00, 0x00, 0x01, 0x00, 0x00, 0x00, 0x51, 0x00, 0x05, 0x00, 0x07, // ...F.......Q....
	0x00, 0x00, 0x00, 0xf8, 0x0a, 0x00, 0x00, 0xb7, 0x0a, 0x00, 0x00, 0x02, 0x00, 0x00, 0x00, 0x52, // ...............R
	0x00, 0x06, 0x00, 0x0d, 0x00, 0x00, 0x00, 0x4a, 0x19, 0x00, 0x00, 0xf8, 0x0a, 0x00, 0x00, 0x48, // .......J.......H
	0x19, 0x00, 0x00, 0x02, 0x00, 0x00, 0x00, 0xf9, 0x00, 0x02, 0x00, 0x0d, 0x0b, 0x00, 0x00, 0xf8, // ................
	0x00, 0x02, 0x00, 0xf9, 0x0a, 0x00, 0x00, 0xb8, 0x00, 0x05, 0x00, 0x8b, 0x00, 0x00, 0x00, 0xfb, // ................
	0x0a, 0x00, 0x00, 0xc0, 0x07, 0x00, 0x00, 0xee, 0x00, 0x00, 0x00, 0xf7, 0x00, 0x03, 0x00, 0x0c, // ................
	0x0b, 0x00, 0x00, 0x00, 0x00, 0x00, 0x00, 0xfa, 0x00, 0x04, 0x00, 0xfb, 0x0a, 0x00, 0x00, 0xfc, // ................
	0x0a, 0x00, 0x00, 0x04, 0x0b, 0x00, 0x00, 0xf8, 0x00, 0x02, 0x00, 0xfc, 0x0a, 0x00, 0x00, 0x51, // ...............Q
	0x00, 0x05, 0x00, 0x07, 0x00, 0x00, 0x00, 0xff, 0x0a, 0x00, 0x00, 0xb7, 0x0a, 0x00, 0x00, 0x00, // ................
	0x00, 0x00, 0x00, 0x52, 0x00, 0x06, 0x00, 0x0d, 0x00, 0x00, 0x00, 0x4c, 0x19, 0x00, 0x00, 0xff, // ...R.......L....
	0x0a, 0x00, 0x00, 0x24, 0x06, 0x00, 0x00, 0x00, 0x00, 0x00, 0x00, 0x51, 0x00, 0x05, 0x00, 0x07, // ...$.......Q....
	0x00, 0x00, 0x00, 0x01, 0x0b, 0x00, 0x00, 0xb7, 0x0a, 0x00, 0x00, 0x01, 0x00, 0x00, 0x00, 0x52, // ...............R
	0x00, 0x06, 0x00, 0x0d, 0x00, 0x00, 0x00, 0x4e, 0x19, 0x00, 0x00, 0x01, 0x0b, 0x00, 0x00, 0x4c, // .......N.......L
	0x19, 0x00, 0x00, 0x01, 0x00, 0x00, 0x00, 0x51, 0x00, 0x05, 0x00, 0x07, 0x00, 0x00, 0x00, 0x03, // .......Q........
	0x0b, 0x00, 0x00, 0xb7, 0x0a, 0x00, 0x00, 0x02, 0x00, 0x00, 0x00, 0x52, 0x00, 0x06, 0x00, 0x0d, // ...........R....
	0x00, 0x00, 0x00, 0x50, 0x19, 0x00, 0x00, 0x03, 0x0b, 0x00, 0x00, 0x4e, 0x19, 0x00, 0x00, 0x02, // ...P.......N....
	0x00, 0x00, 0x00, 0xf9, 0x00, 0x02, 0x00, 0x0c, 0x0b, 0x00, 0x00, 0xf8, 0x00, 0x02, 0x00, 0x04, // ................
	0x0b, 0x00, 0x00, 0x51, 0x00, 0x05, 0x00, 0x07, 0x00, 0x00, 0x00, 0x07, 0x0b, 0x00, 0x00, 0xb7, // ...Q............
	0x0a, 0x00, 0x00, 0x00, 0x00, 0x00, 0x00, 0x52, 0x00, 0x06, 0x00, 0x0d, 0x00, 0x00, 0x00, 0x52, // .......R.......R
	0x19, 0x00, 0x00, 0x07, 0x0b, 0x00, 0x00, 0x26, 0x06, 0x00, 0x00, 0x00, 0x00, 0x00, 0x00, 0x51, // .......&.......Q
	0x00, 0x05, 0x00, 0x07, 0x00, 0x00, 0x00, 0x09, 0x0b, 0x00, 0x00, 0xb7, 0x0a, 0x00, 0x00, 0x01, // ................
	0x00, 0x00, 0x00, 0x52, 0x00, 0x06, 0x00, 0x0d, 0x00, 0x00, 0x00, 0x54, 0x19, 0x00, 0x00, 0x09, // ...R.......T....
	0x0b, 0x00, 0x00, 0x52, 0x19, 0x00, 0x00, 0x01, 0x00, 0x00, 0x00, 0x51, 0x00, 0x05, 0x00, 0x07, // ...R.......Q....
	0x00, 0x00, 0x00, 0x0b, 0x0b, 0x00, 0x00, 0xb7, 0x0a, 0x00, 0x00, 0x02, 0x00, 0x00, 0x00, 0x52, // ...............R
	0x00, 0x06, 0x00, 0x0d, 0x00, 0x00, 0x00, 0x56, 0x19, 0x00, 0x00, 0x0b, 0x0b, 0x00, 0x00, 0x54, // .......V.......T
	0x19, 0x00, 0x00, 0x02, 0x00, 0x00, 0x00, 0xf9, 0x00, 0x02, 0x00, 0x0c, 0x0b, 0x00, 0x00, 0xf8, // ................
	0x00, 0x02, 0x00, 0x0c, 0x0b, 0x00, 0x00, 0xf5, 0x00, 0x07, 0x00, 0x0d, 0x00, 0x00, 0x00, 0xca, // ................
	0x1a, 0x00, 0x00, 0x26, 0x06, 0x00, 0x00, 0xfc, 0x0a, 0x00, 0x00, 0x56, 0x19, 0x00, 0x00, 0x04, // ...&.......V....
	0x0b, 0x00, 0x00, 0xf5, 0x00, 0x07, 0x00, 0x0d, 0x00, 0x00, 0x00, 0xc7, 0x1a, 0x00, 0x00, 0x50, // ...............P
	0x19, 0x00, 0x00, 0xfc, 0x0a, 0x00, 0x00, 0x24, 0x06, 0x00, 0x00, 0x04, 0x0b, 0x00, 0x00, 0xf9, // .......$........
	0x00, 0x02, 0x00, 0x0d, 0x0b, 0x00, 0x00, 0xf8, 0x00, 0x02, 0x00, 0x0d, 0x0b, 0x00, 0x00, 0xf5, // ................
	0x00, 0x07, 0x00, 0x0d, 0x00, 0x00, 0x00, 0xc9, 0x1a, 0x00, 0x00, 0x26, 0x06, 0x00, 0x00, 0xf1, // ...........&....
	0x0a, 0x00, 0x00, 0xca, 0x1a, 0x00, 0x00, 0x0c, 0x0b, 0x00, 0x00, 0xf5, 0x00, 0x07, 0x00, 0x0d, // ................
	0x00, 0x00, 0x00, 0xc6, 0x1a, 0x00, 0x00, 0x24, 0x06, 0x00, 0x00, 0xf1, 0x0a, 0x00, 0x00, 0xc7, // .......$........
	0x1a, 0x00, 0x00, 0x0c, 0x0b, 0x00, 0x00, 0xf5, 0x00, 0x07, 0x00, 0x0d, 0x00, 0x00, 0x00, 0xc3, // ................
	0x1a, 0x00, 0x00, 0x4a, 0x19, 0x00, 0x00, 0xf1, 0x0a, 0x00, 0x00, 0x22, 0x06, 0x00, 0x00, 0x0c, // ...J......."....
	0x0b, 0x00, 0x00, 0xf9, 0x00, 0x02, 0x00, 0x0e, 0x0b, 0x00, 0x00, 0xf8, 0x00, 0x02, 0x00, 0x0e, // ................
	0x0b, 0x00, 0x00, 0xf5, 0x00, 0x07, 0x00, 0x0d, 0x00, 0x00, 0x00, 0xc8, 0x1a, 0x00, 0x00, 0x26, // ...............&
	0x06, 0x00, 0x00, 0xe6, 0x0a, 0x00, 0x00, 0xc9, 0x1a, 0x00, 0x00, 0x0d, 0x0b, 0x00, 0x00, 0xf5, // ................
	0x00, 0x07, 0x00, 0x0d, 0x00, 0x00, 0x00, 0xc5, 0x1a, 0x00, 0x00, 0x24, 0x06, 0x00, 0x00, 0xe6, // ...........$....
	0x0a, 0x00, 0x00, 0xc6, 0x1a, 0x00, 0x00, 0x0d, 0x0b, 0x00, 0x00, 0xf5, 0x00, 0x07, 0x00, 0x0d, // ................
	0x00, 0x00, 0x00, 0xc2, 0x1a, 0x00, 0x00, 0x22, 0x06, 0x00, 0x00, 0xe6, 0x0a, 0x00, 0x00, 0xc3, // ......."........
	0x1a, 0x00, 0x00, 0x0d, 0x0b, 0x00, 0x00, 0xf5, 0x00, 0x07, 0x00, 0x0d, 0x00, 0x00, 0x00, 0xbf, // ................
	0x1a, 0x00, 0x00, 0x44, 0x19, 0x00, 0x00, 0xe6, 0x0a, 0x00, 0x00, 0x20, 0x06, 0x00, 0x00, 0x0d, // ...D....... ....
	0x0b, 0x00, 0x00, 0x51, 0x00, 0x05, 0x00, 0x07, 0x00, 0x00, 0x00, 0xc8, 0x07, 0x00, 0x00, 0x32, // ...Q...........2
	0x06, 0x00, 0x00, 0x00, 0x00, 0x00, 0x00, 0xf7, 0x00, 0x03, 0x00, 0x3e, 0x0b, 0x00, 0x00, 0x00, // ...........>....
	0x00, 0x00, 0x00, 0xfb, 0x00, 0x03, 0x00, 0x06, 0x02, 0x00, 0x00, 0x13, 0x0b, 0x00, 0x00, 0xf8, // ................
	0x00, 0x02, 0x00, 0x13, 0x0b, 0x00, 0x00, 0xb8, 0x00, 0x05, 0x00, 0x8b, 0x00, 0x00, 0x00, 0x15, // ................
	0x0b, 0x00, 0x00, 0xc8, 0x07, 0x00, 0x00, 0xe0, 0x00, 0x00, 0x00, 0xf7, 0x00, 0x03, 0x00, 0x19, // ................
	0x0b, 0x00, 0x00, 0x00, 0x00, 0x00, 0x00, 0xfa, 0x00, 0x04, 0x00, 0x15, 0x0b, 0x00, 0x00, 0x16, // ................
	0x0b, 0x00, 0x00, 0x19, 0x0b, 0x00, 0x00, 0xf8, 0x00, 0x02, 0x00, 0x16, 0x0b, 0x00, 0x00, 0x51, // ...............Q
	0x00, 0x05, 0x00, 0x07, 0x00, 0x00, 0x00, 0x18, 0x0b, 0x00, 0x00, 0xbf, 0x1a, 0x00, 0x00, 0x03, // ................
	0x00, 0x00, 0x00, 0xf9, 0x00, 0x02, 0x00, 0x3e, 0x0b, 0x00, 0x00, 0xf8, 0x00, 0x02, 0x00, 0x19, // .......>........
	0x0b, 0x00, 0x00, 0xb8, 0x00, 0x05, 0x00, 0x8b, 0x00, 0x00, 0x00, 0x1b, 0x0b, 0x00, 0x00, 0xc8, // ................
	0x07, 0x00, 0x00, 0xe7, 0x00, 0x00, 0x00, 0xf7, 0x00, 0x03, 0x00, 0x1f, 0x0b, 0x00, 0x00, 0x00, // ................
	0x00, 0x00, 0x00, 0xfa, 0x00, 0x04, 0x00, 0x1b, 0x0b, 0x00, 0x00, 0x1c, 0x0b, 0x00, 0x00, 0x1f, // ................
	0x0b, 0x00, 0x00, 0xf8, 0x00, 0x02, 0x00, 0x1c, 0x0b, 0x00, 0x00, 0x51, 0x00, 0x05, 0x00, 0x07, // ...........Q....
	0x00, 0x00, 0x00, 0x1e, 0x0b, 0x00, 0x00, 0xc2, 0x1a, 0x00, 0x00, 0x03, 0x00, 0x00, 0x00, 0xf9, // ................
	0x00, 0x02, 0x00, 0x3e, 0x0b, 0x00, 0x00, 0xf8, 0x00, 0x02, 0x00, 0x1f, 0x0b, 0x00, 0x00, 0xb8, // ...>............
	0x00, 0x05, 0x00, 0x8b, 0x00, 0x00, 0x00, 0x21, 0x0b, 0x00, 0x00, 0xc8, 0x07, 0x00, 0x00, 0xee, // .......!........
	0x00, 0x00, 0x00, 0xf7, 0x00, 0x03, 0x00, 0x25, 0x0b, 0x00, 0x00, 0x00, 0x00, 0x00, 0x00, 0xfa, // .......%........
	0x00, 0x04, 0x00, 0x21, 0x0b, 0x00, 0x00, 0x22, 0x0b, 0x00, 0x00, 0x25, 0x0b, 0x00, 0x00, 0xf8, // ...!..."...%....
	0x00, 0x02, 0x00, 0x22, 0x0b, 0x00, 0x00, 0x51, 0x00, 0x05, 0x00, 0x07, 0x00, 0x00, 0x00, 0x24, // ..."...Q.......$
	0x0b, 0x00, 0x00, 0xc5, 0x1a, 0x00, 0x00, 0x03, 0x00, 0x00, 0x00, 0xf9, 0x00, 0x02, 0x00, 0x3e, // ...............>
	0x0b, 0x00, 0x00, 0xf8, 0x00, 0x02, 0x00, 0x25, 0x0b, 0x00, 0x00, 0xb8, 0x00, 0x05, 0x00, 0x8b, // .......%........
	0x00, 0x00, 0x00, 0x27, 0x0b, 0x00, 0x00, 0xc8, 0x07, 0x00, 0x00, 0x28, 0x01, 0x00, 0x00, 0xf7, // ...'.......(....
	0x00, 0x03, 0x00, 0x2b, 0x0b, 0x00, 0x00, 0x00, 0x00, 0x00, 0x00, 0xfa, 0x00, 0x04, 0x00, 0x27, // ...+...........'
	0x0b, 0x00, 0x00, 0x28, 0x0b, 0x00, 0x00, 0x2b, 0x0b, 0x00, 0x00, 0xf8, 0x00, 0x02, 0x00, 0x28, // ...(...+.......(
	0x0b, 0x00, 0x00, 0x51, 0x00, 0x05, 0x00, 0x07, 0x00, 0x00, 0x00, 0x2a, 0x0b, 0x00, 0x00, 0xc8, // ...Q.......*....
	0x1a, 0x00, 0x00, 0x03, 0x00, 0x00, 0x00, 0xf9, 0x00, 0x02, 0x00, 0x3e, 0x0b, 0x00, 0x00, 0xf8, // ...........>....
	0x00, 0x02, 0x00, 0x2b, 0x0b, 0x00, 0x00, 0xb8, 0x00, 0x05, 0x00, 0x8b, 0x00, 0x00, 0x00, 0x2d, // ...+...........-
	0x0b, 0x00, 0x00, 0xc8, 0x07, 0x00, 0x00, 0x32, 0x01, 0x00, 0x00, 0xf7, 0x00, 0x03, 0x00, 0x31, // .......2.......1
	0x0b, 0x00, 0x00, 0x00, 0x00, 0x00, 0x00, 0xfa, 0x00, 0x04, 0x00, 0x2d, 0x0b, 0x00, 0x00, 0x2e, // ...........-....
	0x0b, 0x00, 0x00, 0x31, 0x0b, 0x00, 0x00, 0xf8, 0x00, 0x02, 0x00, 0x2e, 0x0b, 0x00, 0x00, 0x51, // ...1...........Q
	0x00, 0x05, 0x00, 0x07, 0x00, 0x00, 0x00, 0x30, 0x0b, 0x00, 0x00, 0x80, 0x1a, 0x00, 0x00, 0x03, // .......0........
	0x00, 0x00, 0x00, 0xf9, 0x00, 0x02, 0x00, 0x3e, 0x0b, 0x00, 0x00, 0xf8, 0x00, 0x02, 0x00, 0x31, // .......>.......1
	0x0b, 0x00, 0x00, 0xb8, 0x00, 0x05, 0x00, 0x8b, 0x00, 0x00, 0x00, 0x33, 0x0b, 0x00, 0x00, 0xc8, // ...........3....
	0x07, 0x00, 0x00, 0x3a, 0x01, 0x00, 0x00, 0xf7, 0x00, 0x03, 0x00, 0x37, 0x0b, 0x00, 0x00, 0x00, // ...:.......7....
	0x00, 0x00, 0x00, 0xfa, 0x00, 0x04, 0x00, 0x33, 0x0b, 0x00, 0x00, 0x34, 0x0b, 0x00, 0x00, 0x37, // .......3...4...7
	0x0b, 0x00, 0x00, 0xf8, 0x00, 0x02, 0x00, 0x34, 0x0b, 0x00, 0x00, 0x51, 0x00, 0x05, 0x00, 0x07, // .......4...Q....
	0x00, 0x00, 0x00, 0x36, 0x0b, 0x00, 0x00, 0x78, 0x05, 0x00, 0x00, 0x03, 0x00, 0x00, 0x00, 0xf9, // ...6...x........
	0x00, 0x02, 0x00, 0x3e, 0x0b, 0x00, 0x00, 0xf8, 0x00, 0x02, 0x00, 0x37, 0x0b, 0x00, 0x00, 0xb8, // ...>.......7....
	0x00, 0x05, 0x00, 0x8b, 0x00, 0x00, 0x00, 0x39, 0x0b, 0x00, 0x00, 0xc8, 0x07, 0x00, 0x00, 0x44, // .......9.......D
	0x01, 0x00, 0x00, 0xf7, 0x00, 0x03, 0x00, 0x3d, 0x0b, 0x00, 0x00, 0x00, 0x00, 0x00, 0x00, 0xfa, // .......=........
	0x00, 0x04, 0x00, 0x39, 0x0b, 0x00, 0x00, 0x3a, 0x0b, 0x00, 0x00, 0x3d, 0x0b, 0x00, 0x00, 0xf8, // ...9...:...=....
	0x00, 0x02, 0x00, 0x3a, 0x0b, 0x00, 0x00, 0x51, 0x00, 0x05, 0x00, 0x07, 0x00, 0x00, 0x00, 0x3c, // ...:...Q.......<
	0x0b, 0x00, 0x00, 0x3a, 0x06, 0x00, 0x00, 0x03, 0x00, 0x00, 0x00, 0xf9, 0x00, 0x02, 0x00, 0x3e, // ...:...........>
	0x0b, 0x00, 0x00, 0xf8, 0x00, 0x02, 0x00, 0x3d, 0x0b, 0x00, 0x00, 0xf9, 0x00, 0x02, 0x00, 0x3e, // .......=.......>
	0x0b, 0x00, 0x00, 0xf8, 0x00, 0x02, 0x00, 0x3e, 0x0b, 0x00, 0x00, 0xf5, 0x00, 0x13, 0x00, 0x07, // .......>........
	0x00, 0x00, 0x00, 0xcb, 0x1a, 0x00, 0x00, 0x18, 0x0b, 0x00, 0x00, 0x16, 0x0b, 0x00, 0x00, 0x1e, // ................
	0x0b, 0x00, 0x00, 0x1c, 0x0b, 0x00, 0x00, 0x24, 0x0b, 0x00, 0x00, 0x22, 0x0b, 0x00, 0x00, 0x2a, // .......$..."...*
	0x0b, 0x00, 0x00, 0x28, 0x0b, 0x00, 0x00, 0x30, 0x0b, 0x00, 0x00, 0x2e, 0x0b, 0x00, 0x00, 0x36, // ...(...0.......6
	0x0b, 0x00, 0x00, 0x34, 0x0b, 0x00, 0x00, 0x3c, 0x0b, 0x00, 0x00, 0x3a, 0x0b, 0x00, 0x00, 0xe4, // ...4...<...:....
	0x00, 0x00, 0x00, 0x3d, 0x0b, 0x00, 0x00, 0x51, 0x00, 0x05, 0x00, 0x07, 0x00, 0x00, 0x00, 0xd2, // ...=...Q........
	0x07, 0x00, 0x00, 0x32, 0x06, 0x00, 0x00, 0x01, 0x00, 0x00, 0x00, 0xf7, 0x00, 0x03, 0x00, 0x6f, // ...2...........o
	0x0b, 0x00, 0x00, 0x00, 0x00, 0x00, 0x00, 0xfb, 0x00, 0x03, 0x00, 0x06, 0x02, 0x00, 0x00, 0x44, // ...............D
	0x0b, 0x00, 0x00, 0xf8, 0x00, 0x02, 0x00, 0x44, 0x0b, 0x00, 0x00, 0xb8, 0x00, 0x05, 0x00, 0x8b, // .......D........
	0x00, 0x00, 0x00, 0x46, 0x0b, 0x00, 0x00, 0xd2, 0x07, 0x00, 0x00, 0xe0, 0x00, 0x00, 0x00, 0xf7, // ...F............
	0x00, 0x03, 0x00, 0x4a, 0x0b, 0x00, 0x00, 0x00, 0x00, 0x00, 0x00, 0xfa, 0x00, 0x04, 0x00, 0x46, // ...J...........F
	0x0b, 0x00, 0x00, 0x47, 0x0b, 0x00, 0x00, 0x4a, 0x0b, 0x00, 0x00, 0xf8, 0x00, 0x02, 0x00, 0x47, // ...G...J.......G
	0x0b, 0x00, 0x00, 0x51, 0x00, 0x05, 0x00, 0x07, 0x00, 0x00, 0x00, 0x49, 0x0b, 0x00, 0x00, 0xbf, // ...Q.......I....
	0x1a, 0x00, 0x00, 0x03, 0x00, 0x00, 0x00, 0xf9, 0x00, 0x02, 0x00, 0x6f, 0x0b, 0x00, 0x00, 0xf8, // ...........o....
	0x00, 0x02, 0x00, 0x4a, 0x0b, 0x00, 0x00, 0xb8, 0x00, 0x05, 0x00, 0x8b, 0x00, 0x00, 0x00, 0x4c, // ...J...........L
	0x0b, 0x00, 0x00, 0xd2, 0x07, 0x00, 0x00, 0xe7, 0x00, 0x00, 0x00, 0xf7, 0x00, 0x03, 0x00, 0x50, // ...............P
	0x0b, 0x00, 0x00, 0x00, 0x00, 0x00, 0x00, 0xfa, 0x00, 0x04, 0x00, 0x4c, 0x0b, 0x00, 0x00, 0x4d, // ...........L...M
	0x0b, 0x00, 0x00, 0x50, 0x0b, 0x00, 0x00, 0xf8, 0x00, 0x02, 0x00, 0x4d, 0x0b, 0x00, 0x00, 0x51, // ...P.......M...Q
	0x00, 0x05, 0x00, 0x07, 0x00, 0x00, 0x00, 0x4f, 0x0b, 0x00, 0x00, 0xc2, 0x1a, 0x00, 0x00, 0x03, // .......O........
	0x00, 0x00, 0x00, 0xf9, 0x00, 0x02, 0x00, 0x6f, 0x0b, 0x00, 0x00, 0xf8, 0x00, 0x02, 0x00, 0x50, // .......o.......P
	0x0b, 0x00, 0x00, 0xb8, 0x00, 0x05, 0x00, 0x8b, 0x00, 0x00, 0x00, 0x52, 0x0b, 0x00, 0x00, 0xd2, // ...........R....
	0x07, 0x00, 0x00, 0xee, 0x00, 0x00, 0x00, 0xf7, 0x00, 0x03, 0x00, 0x56, 0x0b, 0x00, 0x00, 0x00, // ...........V....
	0x00, 0x00, 0x00, 0xfa, 0x00, 0x04, 0x00, 0x52, 0x0b, 0x00, 0x00, 0x53, 0x0b, 0x00, 0x00, 0x56, // .......R...S...V
	0x0b, 0x00, 0x00, 0xf8, 0x00, 0x02, 0x00, 0x53, 0x0b, 0x00, 0x00, 0x51, 0x00, 0x05, 0x00, 0x07, // .......S...Q....
	0x00, 0x00, 0x00, 0x55, 0x0b, 0x00, 0x00, 0xc5, 0x1a, 0x00, 0x00, 0x03, 0x00, 0x00, 0x00, 0xf9, // ...U............
	0x00, 0x02, 0x00, 0x6f, 0x0b, 0x00, 0x00, 0xf8, 0x00, 0x02, 0x00, 0x56, 0x0b, 0x00, 0x00, 0xb8, // ...o.......V....
	0x00, 0x05, 0x00, 0x8b, 0x00, 0x00, 0x00, 0x58, 0x0b, 0x00, 0x00, 0xd2, 0x07, 0x00, 0x00, 0x28, // .......X.......(
	0x01, 0x00, 0x00, 0xf7, 0x00, 0x03, 0x00, 0x5c, 0x0b, 0x00, 0x00, 0x00, 0x00, 0x00, 0x00, 0xfa, // ................
	0x00, 0x04, 0x00, 0x58, 0x0b, 0x00, 0x00, 0x59, 0x0b, 0x00, 0x00, 0x5c, 0x0b, 0x00, 0x00, 0xf8, // ...X...Y........
	0x00, 0x02, 0x00, 0x59, 0x0b, 0x00, 0x00, 0x51, 0x00, 0x05, 0x00, 0x07, 0x00, 0x00, 0x00, 0x5b, // ...Y...Q.......[
	0x0b, 0x00, 0x00, 0xc8, 0x1a, 0x00, 0x00, 0x03, 0x00, 0x00, 0x00, 0xf9, 0x00, 0x02, 0x00, 0x6f, // ...............o
	0x0b, 0x00, 0x00, 0xf8, 0x00, 0x02, 0x00, 0x5c, 0x0b, 0x00, 0x00, 0xb8, 0x00, 0x05, 0x00, 0x8b, // ................
	0x00, 0x00, 0x00, 0x5e, 0x0b, 0x00, 0x00, 0xd2, 0x07, 0x00, 0x00, 0x32, 0x01, 0x00, 0x00, 0xf7, // ...^.......2....
	0x00, 0x03, 0x00, 0x62, 0x0b, 0x00, 0x00, 0x00, 0x00, 0x00, 0x00, 0xfa, 0x00, 0x04, 0x00, 0x5e, // ...b...........^
	0x0b, 0x00, 0x00, 0x5f, 0x0b, 0x00, 0x00, 0x62, 0x0b, 0x00, 0x00, 0xf8, 0x00, 0x02, 0x00, 0x5f, // ..._...b......._
	0x0b, 0x00, 0x00, 0x51, 0x00, 0x05, 0x00, 0x07, 0x00, 0x00, 0x00, 0x61, 0x0b, 0x00, 0x00, 0x80, // ...Q.......a....
	0x1a, 0x00, 0x00, 0x03, 0x00, 0x00, 0x00, 0xf9, 0x00, 0x02, 0x00, 0x6f, 0x0b, 0x00, 0x00, 0xf8, // ...........o....
	0x00, 0x02, 0x00, 0x62, 0x0b, 0x00, 0x00, 0xb8, 0x00, 0x05, 0x00, 0x8b, 0x00, 0x00, 0x00, 0x64, // ...b...........d
	0x0b, 0x00, 0x00, 0xd2, 0x07, 0x00, 0x00, 0x3a, 0x01, 0x00, 0x00, 0xf7, 0x00, 0x03, 0x00, 0x68, // .......:.......h
	0x0b, 0x00, 0x00, 0x00, 0x00, 0x00, 0x00, 0xfa, 0x00, 0x04, 0x00, 0x64, 0x0b, 0x00, 0x00, 0x65, // ...........d...e
	0x0b, 0x00, 0x00, 0x68, 0x0b, 0x00, 0x00, 0xf8, 0x00, 0x02, 0x00, 0x65, 0x0b, 0x00, 0x00, 0x51, // ...h.......e...Q
	0x00, 0x05, 0x00, 0x07, 0x00, 0x00, 0x00, 0x67, 0x0b, 0x00, 0x00, 0x78, 0x05, 0x00, 0x00, 0x03, // .......g...x....
	0x00, 0x00, 0x00, 0xf9, 0x00, 0x02, 0x00, 0x6f, 0x0b, 0x00, 0x00, 0xf8, 0x00, 0x02, 0x00, 0x68, // .......o.......h
	0x0b, 0x00, 0x00, 0xb8, 0x00, 0x05, 0x00, 0x8b, 0x00, 0x00, 0x00, 0x6a, 0x0b, 0x00, 0x00, 0xd2, // ...........j....
	0x07, 0x00, 0x00, 0x44, 0x01, 0x00, 0x00, 0xf7, 0x00, 0x03, 0x00, 0x6e, 0x0b, 0x00, 0x00, 0x00, // ...D.......n....
	0x00, 0x00, 0x00, 0xfa, 0x00, 0x04, 0x00, 0x6a, 0x0b, 0x00, 0x00, 0x6b, 0x0b, 0x00, 0x00, 0x6e, // .......j...k...n
	0x0b, 0x00, 0x00, 0xf8, 0x00, 0x02, 0x00, 0x6b, 0x0b, 0x00, 0x00, 0x51, 0x00, 0x05, 0x00, 0x07, // .......k...Q....
	0x00, 0x00, 0x00, 0x6d, 0x0b, 0x00, 0x00, 0x3a, 0x06, 0x00, 0x00, 0x03, 0x00, 0x00, 0x00, 0xf9, // ...m...:........
	0x00, 0x02, 0x00, 0x6f, 0x0b, 0x00, 0x00, 0xf8, 0x00, 0x02, 0x00, 0x6e, 0x0b, 0x00, 0x00, 0xf9, // ...o.......n....
	0x00, 0x02, 0x00, 0x6f, 0x0b, 0x00, 0x00, 0xf8, 0x00, 0x02, 0x00, 0x6f, 0x0b, 0x00, 0x00, 0xf5, // ...o.......o....
	0x00, 0x13, 0x00, 0x07, 0x00, 0x00, 0x00, 0xd0, 0x1a, 0x00, 0x00, 0x49, 0x0b, 0x00, 0x00, 0x47, // ...........I...G
	0x0b, 0x00, 0x00, 0x4f, 0x0b, 0x00, 0x00, 0x4d, 0x0b, 0x00, 0x00, 0x55, 0x0b, 0x00, 0x00, 0x53, // ...O...M...U...S
	0x0b, 0x00, 0x00, 0x5b, 0x0b, 0x00, 0x00, 0x59, 0x0b, 0x00, 0x00, 0x61, 0x0b, 0x00, 0x00, 0x5f, // ...[...Y...a..._
	0x0b, 0x00, 0x00, 0x67, 0x0b, 0x00, 0x00, 0x65, 0x0b, 0x00, 0x00, 0x6d, 0x0b, 0x00, 0x00, 0x6b, // ...g...e...m...k
	0x0b, 0x00, 0x00, 0xe4, 0x00, 0x00, 0x00, 0x6e, 0x0b, 0x00, 0x00, 0x51, 0x00, 0x05, 0x00, 0x07, // .......n...Q....
	0x00, 0x00, 0x00, 0xdc, 0x07, 0x00, 0x00, 0x32, 0x06, 0x00, 0x00, 0x02, 0x00, 0x00, 0x00, 0xf7, // .......2........
	0x00, 0x03, 0x00, 0xa0, 0x0b, 0x00, 0x00, 0x00, 0x00, 0x00, 0x00, 0xfb, 0x00, 0x03, 0x00, 0x06, // ................
	0x02, 0x00, 0x00, 0x75, 0x0b, 0x00, 0x00, 0xf8, 0x00, 0x02, 0x00, 0x75, 0x0b, 0x00, 0x00, 0xb8, // ...u.......u....
	0x00, 0x05, 0x00, 0x8b, 0x00, 0x00, 0x00, 0x77, 0x0b, 0x00, 0x00, 0xdc, 0x07, 0x00, 0x00, 0xe0, // .......w........
	0x00, 0x00, 0x00, 0xf7, 0x00, 0x03, 0x00, 0x7b, 0x0b, 0x00, 0x00, 0x00, 0x00, 0x00, 0x00, 0xfa, // .......{........
	0x00, 0x04, 0x00, 0x77, 0x0b, 0x00, 0x00, 0x78, 0x0b, 0x00, 0x00, 0x7b, 0x0b, 0x00, 0x00, 0xf8, // ...w...x...{....
	0x00, 0x02, 0x00, 0x78, 0x0b, 0x00, 0x00, 0x51, 0x00, 0x05, 0x00, 0x07, 0x00, 0x00, 0x00, 0x7a, // ...x...Q.......z
	0x0b, 0x00, 0x00, 0xbf, 0x1a, 0x00, 0x00, 0x03, 0x00, 0x00, 0x00, 0xf9, 0x00, 0x02, 0x00, 0xa0, // ................
	0x0b, 0x00, 0x00, 0xf8, 0x00, 0x02, 0x00, 0x7b, 0x0b, 0x00, 0x00, 0xb8, 0x00, 0x05, 0x00, 0x8b, // .......{........
	0x00, 0x00, 0x00, 0x7d, 0x0b, 0x00, 0x00, 0xdc, 0x07, 0x00, 0x00, 0xe7, 0x00, 0x00, 0x00, 0xf7, // ...}............
	0x00, 0x03, 0x00, 0x81, 0x0b, 0x00, 0x00, 0x00, 0x00, 0x00, 0x00, 0xfa, 0x00, 0x04, 0x00, 0x7d, // ...............}
	0x0b, 0x00, 0x00, 0x7e, 0x0b, 0x00, 0x00, 0x81, 0x0b, 0x00, 0x00, 0xf8, 0x00, 0x02, 0x00, 0x7e, // ...~...........~
	0x0b, 0x00, 0x00, 0x51, 0x00, 0x05, 0x00, 0x07, 0x00, 0x00, 0x00, 0x80, 0x0b, 0x00, 0x00, 0xc2, // ...Q............
	0x1a, 0x00, 0x00, 0x03, 0x00, 0x00, 0x00, 0xf9, 0x00, 0x02, 0x00, 0xa0, 0x0b, 0x00, 0x00, 0xf8, // ................
	0x00, 0x02, 0x00, 0x81, 0x0b, 0x00, 0x00, 0xb8, 0x00, 0x05, 0x00, 0x8b, 0x00, 0x00, 0x00, 0x83, // ................
	0x0b, 0x00, 0x00, 0xdc, 0x07, 0x00, 0x00, 0xee, 0x00, 0x00, 0x00, 0xf7, 0x00, 0x03, 0x00, 0x87, // ................
	0x0b, 0x00, 0x00, 0x00, 0x00, 0x00, 0x00, 0xfa, 0x00, 0x04, 0x00, 0x83, 0x0b, 0x00, 0x00, 0x84, // ................
	0x0b, 0x00, 0x00, 0x87, 0x0b, 0x00, 0x00, 0xf8, 0x00, 0x02, 0x00, 0x84, 0x0b, 0x00, 0x00, 0x51, // ...............Q
	0x00, 0x05, 0x00, 0x07, 0x00, 0x00, 0x00, 0x86, 0x0b, 0x00, 0x00, 0xc5, 0x1a, 0x00, 0x00, 0x03, // ................
	0x00, 0x00, 0x00, 0xf9, 0x00, 0x02, 0x00, 0xa0, 0x0b, 0x00, 0x00, 0xf8, 0x00, 0x02, 0x00, 0x87, // ................
	0x0b, 0x00, 0x00, 0xb8, 0x00, 0x05, 0x00, 0x8b, 0x00, 0x00, 0x00, 0x89, 0x0b, 0x00, 0x00, 0xdc, // ................
	0x07, 0x00, 0x00, 0x28, 0x01, 0x00, 0x00, 0xf7, 0x00, 0x03, 0x00, 0x8d, 0x0b, 0x00, 0x00, 0x00, // ...(............
	0x00, 0x00, 0x00, 0xfa, 0x00, 0x04, 0x00, 0x89, 0x0b, 0x00, 0x00, 0x8a, 0x0b, 0x00, 0x00, 0x8d, // ................
	0x0b, 0x00, 0x00, 0xf8, 0x00, 0x02, 0x00, 0x8a, 0x0b, 0x00, 0x00, 0x51, 0x00, 0x05, 0x00, 0x07, // ...........Q....
	0x00, 0x00, 0x00, 0x8c, 0x0b, 0x00, 0x00, 0xc8, 0x1a, 0x00, 0x00, 0x03, 0x00, 0x00, 0x00, 0xf9, // ................
	0x00, 0x02, 0x00, 0xa0, 0x0b, 0x00, 0x00, 0xf8, 0x00, 0x02, 0x00, 0x8d, 0x0b, 0x00, 0x00, 0xb8, // ................
	0x00, 0x05, 0x00, 0x8b, 0x00, 0x00, 0x00, 0x8f, 0x0b, 0x00, 0x00, 0xdc, 0x07, 0x00, 0x00, 0x32, // ...............2
	0x01, 0x00, 0x00, 0xf7, 0x00, 0x03, 0x00, 0x93, 0x0b, 0x00, 0x00, 0x00, 0x00, 0x00, 0x00, 0xfa, // ................
	0x00, 0x04, 0x00, 0x8f, 0x0b, 0x00, 0x00, 0x90, 0x0b, 0x00, 0x00, 0x93, 0x0b, 0x00, 0x00, 0xf8, // ................
	0x00, 0x02, 0x00, 0x90, 0x0b, 0x00, 0x00, 0x51, 0x00, 0x05, 0x00, 0x07, 0x00, 0x00, 0x00, 0x92, // .......Q........
	0x0b, 0x00, 0x00, 0x80, 0x1a, 0x00, 0x00, 0x03, 0x00, 0x00, 0x00, 0xf9, 0x00, 0x02, 0x00, 0xa0, // ................
	0x0b, 0x00, 0x00, 0xf8, 0x00, 0x02, 0x00, 0x93, 0x0b, 0x00, 0x00, 0xb8, 0x00, 0x05, 0x00, 0x8b, // ................
	0x00, 0x00, 0x00, 0x95, 0x0b, 0x00, 0x00, 0xdc, 0x07, 0x00, 0x00, 0x3a, 0x01, 0x00, 0x00, 0xf7, // ...........:....
	0x00, 0x03, 0x00, 0x99, 0x0b, 0x00, 0x00, 0x00, 0x00, 0x00, 0x00, 0xfa, 0x00, 0x04, 0x00, 0x95, // ................
	0x0b, 0x00, 0x00, 0x96, 0x0b, 0x00, 0x00, 0x99, 0x0b, 0x00, 0x00, 0xf8, 0x00, 0x02, 0x00, 0x96, // ................
	0x0b, 0x00, 0x00, 0x51, 0x00, 0x05, 0x00, 0x07, 0x00, 0x00, 0x00, 0x98, 0x0b, 0x00, 0x00, 0x78, // ...Q...........x
	0x05, 0x00, 0x00, 0x03, 0x00, 0x00, 0x00, 0xf9, 0x00, 0x02, 0x00, 0xa0, 0x0b, 0x00, 0x00, 0xf8, // ................
	0x00, 0x02, 0x00, 0x99, 0x0b, 0x00, 0x00, 0xb8, 0x00, 0x05, 0x00, 0x8b, 0x00, 0x00, 0x00, 0x9b, // ................
	0x0b, 0x00, 0x00, 0xdc, 0x07, 0x00, 0x00, 0x44, 0x01, 0x00, 0x00, 0xf7, 0x00, 0x03, 0x00, 0x9f, // .......D........
	0x0b, 0x00, 0x00, 0x00, 0x00, 0x00, 0x00, 0xfa, 0x00, 0x04, 0x00, 0x9b, 0x0b, 0x00, 0x00, 0x9c, // ................
	0x0b, 0x00, 0x00, 0x9f, 0x0b, 0x00, 0x00, 0xf8, 0x00, 0x02, 0x00, 0x9c, 0x0b, 0x00, 0x00, 0x51, // ...............Q
	0x00, 0x05, 0x00, 0x07, 0x00, 0x00, 0x00, 0x9e, 0x0b, 0x00, 0x00, 0x3a, 0x06, 0x00, 0x00, 0x03, // ...........:....
	0x00, 0x00, 0x00, 0xf9, 0x00, 0x02, 0x00, 0xa0, 0x0b, 0x00, 0x00, 0xf8, 0x00, 0x02, 0x00, 0x9f, // ................
	0x0b, 0x00, 0x00, 0xf9, 0x00, 0x02, 0x00, 0xa0, 0x0b, 0x00, 0x00, 0xf8, 0x00, 0x02, 0x00, 0xa0, // ................
	0x0b, 0x00, 0x00, 0xf5, 0x00, 0x13, 0x00, 0x07, 0x00, 0x00, 0x00, 0xd5, 0x1a, 0x00, 0x00, 0x7a, // ...............z
	0x0b, 0x00, 0x00, 0x78, 0x0b, 0x00, 0x00, 0x80, 0x0b, 0x00, 0x00, 0x7e, 0x0b, 0x00, 0x00, 0x86, // ...x.......~....
	0x0b, 0x00, 0x00, 0x84, 0x0b, 0x00, 0x00, 0x8c, 0x0b, 0x00, 0x00, 0x8a, 0x0b, 0x00, 0x00, 0x92, // ................
	0x0b, 0x00, 0x00, 0x90, 0x0b, 0x00, 0x00, 0x98, 0x0b, 0x00, 0x00, 0x96, 0x0b, 0x00, 0x00, 0x9e, // ................
	0x0b, 0x00, 0x00, 0x9c, 0x0b, 0x00, 0x00, 0xe4, 0x00, 0x00, 0x00, 0x9f, 0x0b, 0x00, 0x00, 0x51, // ...............Q
	0x00, 0x05, 0x00, 0x07, 0x00, 0x00, 0x00, 0xe6, 0x07, 0x00, 0x00, 0x32, 0x06, 0x00, 0x00, 0x03, // ...........2....
	0x00, 0x00, 0x00, 0xf7, 0x00, 0x03, 0x00, 0xd1, 0x0b, 0x00, 0x00, 0x00, 0x00, 0x00, 0x00, 0xfb, // ................
	0x00, 0x03, 0x00, 0x06, 0x02, 0x00, 0x00, 0xa6, 0x0b, 0x00, 0x00, 0xf8, 0x00, 0x02, 0x00, 0xa6, // ................
	0x0b, 0x00, 0x00, 0xb8, 0x00, 0x05, 0x00, 0x8b, 0x00, 0x00, 0x00, 0xa8, 0x0b, 0x00, 0x00, 0xe6, // ................
	0x07, 0x00, 0x00, 0xe0, 0x00, 0x00, 0x00, 0xf7, 0x00, 0x03, 0x00, 0xac, 0x0b, 0x00, 0x00, 0x00, // ................
	0x00, 0x00, 0x00, 0xfa, 0x00, 0x04, 0x00, 0xa8, 0x0b, 0x00, 0x00, 0xa9, 0x0b, 0x00, 0x00, 0xac, // ................
	0x0b, 0x00, 0x00, 0xf8, 0x00, 0x02, 0x00, 0xa9, 0x0b, 0x00, 0x00, 0x51, 0x00, 0x05, 0x00, 0x07, // ...........Q....
	0x00, 0x00, 0x00, 0xab, 0x0b, 0x00, 0x00, 0xbf, 0x1a, 0x00, 0x00, 0x03, 0x00, 0x00, 0x00, 0xf9, // ................
	0x00, 0x02, 0x00, 0xd1, 0x0b, 0x00, 0x00, 0xf8, 0x00, 0x02, 0x00, 0xac, 0x0b, 0x00, 0x00, 0xb8, // ................
	0x00, 0x05, 0x00, 0x8b, 0x00, 0x00, 0x00, 0xae, 0x0b, 0x00, 0x00, 0xe6, 0x07, 0x00, 0x00, 0xe7, // ................
	0x00, 0x00, 0x00, 0xf7, 0x00, 0x03, 0x00, 0xb2, 0x0b, 0x00, 0x00, 0x00, 0x00, 0x00, 0x00, 0xfa, // ................
	0x00, 0x04, 0x00, 0xae, 0x0b, 0x00, 0x00, 0xaf, 0x0b, 0x00, 0x00, 0xb2, 0x0b, 0x00, 0x00, 0xf8, // ................
	0x00, 0x02, 0x00, 0xaf, 0x0b, 0x00, 0x00, 0x51, 0x00, 0x05, 0x00, 0x07, 0x00, 0x00, 0x00, 0xb1, // .......Q........
	0x0b, 0x00, 0x00, 0xc2, 0x1a, 0x00, 0x00, 0x03, 0x00, 0x00, 0x00, 0xf9, 0x00, 0x02, 0x00, 0xd1, // ................
	0x0b, 0x00, 0x00, 0xf8, 0x00, 0x02, 0x00, 0xb2, 0x0b, 0x00, 0x00, 0xb8, 0x00, 0x05, 0x00, 0x8b, // ................
	0x00, 0x00, 0x00, 0xb4, 0x0b, 0x00, 0x00, 0xe6, 0x07, 0x00, 0x00, 0xee, 0x00, 0x00, 0x00, 0xf7, // ................
	0x00, 0x03, 0x00, 0xb8, 0x0b, 0x00, 0x00, 0x00, 0x00, 0x00, 0x00, 0xfa, 0x00, 0x04, 0x00, 0xb4, // ................
	0x0b, 0x00, 0x00, 0xb5, 0x0b, 0x00, 0x00, 0xb8, 0x0b, 0x00, 0x00, 0xf8, 0x00, 0x02, 0x00, 0xb5, // ................
	0x0b, 0x00, 0x00, 0x51, 0x00, 0x05, 0x00, 0x07, 0x00, 0x00, 0x00, 0xb7, 0x0b, 0x00, 0x00, 0xc5, // ...Q............
	0x1a, 0x00, 0x00, 0x03, 0x00, 0x00, 0x00, 0xf9, 0x00, 0x02, 0x00, 0xd1, 0x0b, 0x00, 0x00, 0xf8, // ................
	0x00, 0x02, 0x00, 0xb8, 0x0b, 0x00, 0x00, 0xb8, 0x00, 0x05, 0x00, 0x8b, 0x00, 0x00, 0x00, 0xba, // ................
	0x0b, 0x00, 0x00, 0xe6, 0x07, 0x00, 0x00, 0x28, 0x01, 0x00, 0x00, 0xf7, 0x00, 0x03, 0x00, 0xbe, // .......(........
	0x0b, 0x00, 0x00, 0x00, 0x00, 0x00, 0x00, 0xfa, 0x00, 0x04, 0x00, 0xba, 0x0b, 0x00, 0x00, 0xbb, // ................
	0x0b, 0x00, 0x00, 0xbe, 0x0b, 0x00, 0x00, 0xf8, 0x00, 0x02, 0x00, 0xbb, 0x0b, 0x00, 0x00, 0x51, // ...............Q
	0x00, 0x05, 0x00, 0x07, 0x00, 0x00, 0x00, 0xbd, 0x0b, 0x00, 0x00, 0xc8, 0x1a, 0x00, 0x00, 0x03, // ................
	0x00, 0x00, 0x00, 0xf9, 0x00, 0x02, 0x00, 0xd1, 0x0b, 0x00, 0x00, 0xf8, 0x00, 0x02, 0x00, 0xbe, // ................
	0x0b, 0x00, 0x00, 0xb8, 0x00, 0x05, 0x00, 0x8b, 0x00, 0x00, 0x00, 0xc0, 0x0b, 0x00, 0x00, 0xe6, // ................
	0x07, 0x00, 0x00, 0x32, 0x01, 0x00, 0x00, 0xf7, 0x00, 0x03, 0x00, 0xc4, 0x0b, 0x00, 0x00, 0x00, // ...2............
	0x00, 0x00, 0x00, 0xfa, 0x00, 0x04, 0x00, 0xc0, 0x0b, 0x00, 0x00, 0xc1, 0x0b, 0x00, 0x00, 0xc4, // ................
	0x0b, 0x00, 0x00, 0xf8, 0x00, 0x02, 0x00, 0xc1, 0x0b, 0x00, 0x00, 0x51, 0x00, 0x05, 0x00, 0x07, // ...........Q....
	0x00, 0x00, 0x00, 0xc3, 0x0b, 0x00, 0x00, 0x80, 0x1a, 0x00, 0x00, 0x03, 0x00, 0x00, 0x00, 0xf9, // ................
	0x00, 0x02, 0x00, 0xd1, 0x0b, 0x00, 0x00, 0xf8, 0x00, 0x02, 0x00, 0xc4, 0x0b, 0x00, 0x00, 0xb8, // ................
	0x00, 0x05, 0x00, 0x8b, 0x00, 0x00, 0x00, 0xc6, 0x0b, 0x00, 0x00, 0xe6, 0x07, 0x00, 0x00, 0x3a, // ...............:
	0x01, 0x00, 0x00, 0xf7, 0x00, 0x03, 0x00, 0xca, 0x0b, 0x00, 0x00, 0x00, 0x00, 0x00, 0x00, 0xfa, // ................
	0x00, 0x04, 0x00, 0xc6, 0x0b, 0x00, 0x00, 0xc7, 0x0b, 0x00, 0x00, 0xca, 0x0b, 0x00, 0x00, 0xf8, // ................
	0x00, 0x02, 0x00, 0xc7, 0x0b, 0x00, 0x00, 0x51, 0x00, 0x05, 0x00, 0x07, 0x00, 0x00, 0x00, 0xc9, // .......Q........
	0x0b, 0x00, 0x00, 0x78, 0x05, 0x00, 0x00, 0x03, 0x00, 0x00, 0x00, 0xf9, 0x00, 0x02, 0x00, 0xd1, // ...x............
	0x0b, 0x00, 0x00, 0xf8, 0x00, 0x02, 0x00, 0xca, 0x0b, 0x00, 0x00, 0xb8, 0x00, 0x05, 0x00, 0x8b, // ................
	0x00, 0x00, 0x00, 0xcc, 0x0b, 0x00, 0x00, 0xe6, 0x07, 0x00, 0x00, 0x44, 0x01, 0x00, 0x00, 0xf7, // ...........D....
	0x00, 0x03, 0x00, 0xd0, 0x0b, 0x00, 0x00, 0x00, 0x00, 0x00, 0x00, 0xfa, 0x00, 0x04, 0x00, 0xcc, // ................
	0x0b, 0x00, 0x00, 0xcd, 0x0b, 0x00, 0x00, 0xd0, 0x0b, 0x00, 0x00, 0xf8, 0x00, 0x02, 0x00, 0xcd, // ................
	0x0b, 0x00, 0x00, 0x51, 0x00, 0x05, 0x00, 0x07, 0x00, 0x00, 0x00, 0xcf, 0x0b, 0x00, 0x00, 0x3a, // ...Q...........:
	0x06, 0x00, 0x00, 0x03, 0x00, 0x00, 0x00, 0xf9, 0x00, 0x02, 0x00, 0xd1, 0x0b, 0x00, 0x00, 0xf8, // ................
	0x00, 0x02, 0x00, 0xd0, 0x0b, 0x00, 0x00, 0xf9, 0x00, 0x02, 0x00, 0xd1, 0x0b, 0x00, 0x00, 0xf8, // ................
	0x00, 0x02, 0x00, 0xd1, 0x0b, 0x00, 0x00, 0xf5, 0x00, 0x13, 0x00, 0x07, 0x00, 0x00, 0x00, 0xda, // ................
	0x1a, 0x00, 0x00, 0xab, 0x0b, 0x00, 0x00, 0xa9, 0x0b, 0x00, 0x00, 0xb1, 0x0b, 0x00, 0x00, 0xaf, // ................
	0x0b, 0x00, 0x00, 0xb7, 0x0b, 0x00, 0x00, 0xb5, 0x0b, 0x00, 0x00, 0xbd, 0x0b, 0x00, 0x00, 0xbb, // ................
	0x0b, 0x00, 0x00, 0xc3, 0x0b, 0x00, 0x00, 0xc1, 0x0b, 0x00, 0x00, 0xc9, 0x0b, 0x00, 0x00, 0xc7, // ................
	0x0b, 0x00, 0x00, 0xcf, 0x0b, 0x00, 0x00, 0xcd, 0x0b, 0x00, 0x00, 0xe4, 0x00, 0x00, 0x00, 0xd0, // ................
	0x0b, 0x00, 0x00, 0x51, 0x00, 0x05, 0x00, 0x07, 0x00, 0x00, 0x00, 0xe2, 0x0b, 0x00, 0x00, 0x36, // ...Q...........6
	0x06, 0x00, 0x00, 0x02, 0x00, 0x00, 0x00, 0xf7, 0x00, 0x03, 0x00, 0x44, 0x0c, 0x00, 0x00, 0x00, // ...........D....
	0x00, 0x00, 0x00, 0xfb, 0x00, 0x03, 0x00, 0x06, 0x02, 0x00, 0x00, 0x37, 0x0c, 0x00, 0x00, 0xf8, // ...........7....
	0x00, 0x02, 0x00, 0x37, 0x0c, 0x00, 0x00, 0xb8, 0x00, 0x05, 0x00, 0x8b, 0x00, 0x00, 0x00, 0x39, // ...7...........9
	0x0c, 0x00, 0x00, 0xe2, 0x0b, 0x00, 0x00, 0xe0, 0x00, 0x00, 0x00, 0xf7, 0x00, 0x03, 0x00, 0x3b, // ...............;
	0x0c, 0x00, 0x00, 0x00, 0x00, 0x00, 0x00, 0xfa, 0x00, 0x04, 0x00, 0x39, 0x0c, 0x00, 0x00, 0x3a, // ...........9...:
	0x0c, 0x00, 0x00, 0x3b, 0x0c, 0x00, 0x00, 0xf8, 0x00, 0x02, 0x00, 0x3a, 0x0c, 0x00, 0x00, 0xf9, // ...;.......:....
	0x00, 0x02, 0x00, 0x44, 0x0c, 0x00, 0x00, 0xf8, 0x00, 0x02, 0x00, 0x3b, 0x0c, 0x00, 0x00, 0xb8, // ...D.......;....
	0x00, 0x05, 0x00, 0x8b, 0x00, 0x00, 0x00, 0x3d, 0x0c, 0x00, 0x00, 0xe2, 0x0b, 0x00, 0x00, 0xe7, // .......=........
	0x00, 0x00, 0x00, 0xf7, 0x00, 0x03, 0x00, 0x3f, 0x0c, 0x00, 0x00, 0x00, 0x00, 0x00, 0x00, 0xfa, // .......?........
	0x00, 0x04, 0x00, 0x3d, 0x0c, 0x00, 0x00, 0x3e, 0x0c, 0x00, 0x00, 0x3f, 0x0c, 0x00, 0x00, 0xf8, // ...=...>...?....
	0x00, 0x02, 0x00, 0x3e, 0x0c, 0x00, 0x00, 0xf9, 0x00, 0x02, 0x00, 0x44, 0x0c, 0x00, 0x00, 0xf8, // ...>.......D....
	0x00, 0x02, 0x00, 0x3f, 0x0c, 0x00, 0x00, 0xb8, 0x00, 0x05, 0x00, 0x8b, 0x00, 0x00, 0x00, 0x41, // ...?...........A
	0x0c, 0x00, 0x00, 0xe2, 0x0b, 0x00, 0x00, 0xee, 0x00, 0x00, 0x00, 0xf7, 0x00, 0x03, 0x00, 0x43, // ...............C
	0x0c, 0x00, 0x00, 0x00, 0x00, 0x00, 0x00, 0xfa, 0x00, 0x04, 0x00, 0x41, 0x0c, 0x00, 0x00, 0x42, // ...........A...B
	0x0c, 0x00, 0x00, 0x43, 0x0c, 0x00, 0x00, 0xf8, 0x00, 0x02, 0x00, 0x42, 0x0c, 0x00, 0x00, 0xf9, // ...C.......B....
	0x00, 0x02, 0x00, 0x44, 0x0c, 0x00, 0x00, 0xf8, 0x00, 0x02, 0x00, 0x43, 0x0c, 0x00, 0x00, 0xf9, // ...D.......C....
	0x00, 0x02, 0x00, 0x44, 0x0c, 0x00, 0x00, 0xf8, 0x00, 0x02, 0x00, 0x44, 0x0c, 0x00, 0x00, 0xf5, // ...D.......D....
	0x00, 0x0b, 0x00, 0x07, 0x00, 0x00, 0x00, 0xdb, 0x1a, 0x00, 0x00, 0xfa, 0x00, 0x00, 0x00, 0x3a, // ...............:
	0x0c, 0x00, 0x00, 0x00, 0x01, 0x00, 0x00, 0x3e, 0x0c, 0x00, 0x00, 0x06, 0x01, 0x00, 0x00, 0x42, // .......>.......B
	0x0c, 0x00, 0x00, 0xfa, 0x00, 0x00, 0x00, 0x43, 0x0c, 0x00, 0x00, 0xba, 0x00, 0x05, 0x00, 0x8b, // .......C........
	0x00, 0x00, 0x00, 0x49, 0x0c, 0x00, 0x00, 0xe2, 0x0b, 0x00, 0x00, 0xee, 0x00, 0x00, 0x00, 0xa9, // ...I............
	0x00, 0x06, 0x00, 0x07, 0x00, 0x00, 0x00, 0x4a, 0x0c, 0x00, 0x00, 0x49, 0x0c, 0x00, 0x00, 0x00, // .......J...I....
	0x01, 0x00, 0x00, 0xfa, 0x00, 0x00, 0x00, 0x85, 0x00, 0x05, 0x00, 0x07, 0x00, 0x00, 0x00, 0xe8, // ................
	0x0b, 0x00, 0x00, 0xcb, 0x1a, 0x00, 0x00, 0xd5, 0x01, 0x00, 0x00, 0x81, 0x00, 0x05, 0x00, 0x07, // ................
	0x00, 0x00, 0x00, 0xe9, 0x0b, 0x00, 0x00, 0xe8, 0x0b, 0x00, 0x00, 0xe0, 0x00, 0x00, 0x00, 0x0c, // ................
	0x00, 0x06, 0x00, 0x07, 0x00, 0x00, 0x00, 0xea, 0x0b, 0x00, 0x00, 0x01, 0x00, 0x00, 0x00, 0x08, // ................
	0x00, 0x00, 0x00, 0xe9, 0x0b, 0x00, 0x00, 0x85, 0x00, 0x05, 0x00, 0x07, 0x00, 0x00, 0x00, 0xec, // ................
	0x0b, 0x00, 0x00, 0xd0, 0x1a, 0x00, 0x00, 0xd5, 0x01, 0x00, 0x00, 0x81, 0x00, 0x05, 0x00, 0x07, // ................
	0x00, 0x00, 0x00, 0xed, 0x0b, 0x00, 0x00, 0xec, 0x0b, 0x00, 0x00, 0xe0, 0x00, 0x00, 0x00, 0x0c, // ................
	0x00, 0x06, 0x00, 0x07, 0x00, 0x00, 0x00, 0xee, 0x0b, 0x00, 0x00, 0x01, 0x00, 0x00, 0x00, 0x08, // ................
	0x00, 0x00, 0x00, 0xed, 0x0b, 0x00, 0x00, 0x85, 0x00, 0x05, 0x00, 0x07, 0x00, 0x00, 0x00, 0xf0, // ................
	0x0b, 0x00, 0x00, 0xd5, 0x1a, 0x00, 0x00, 0xd5, 0x01, 0x00, 0x00, 0x81, 0x00, 0x05, 0x00, 0x07, // ................
	0x00, 0x00, 0x00, 0xf1, 0x0b, 0x00, 0x00, 0xf0, 0x0b, 0x00, 0x00, 0xe0, 0x00, 0x00, 0x00, 0x0c, // ................
	0x00, 0x06, 0x00, 0x07, 0x00, 0x00, 0x00, 0xf2, 0x0b, 0x00, 0x00, 0x01, 0x00, 0x00, 0x00, 0x08, // ................
	0x00, 0x00, 0x00, 0xf1, 0x0b, 0x00, 0x00, 0x85, 0x00, 0x05, 0x00, 0x07, 0x00, 0x00, 0x00, 0xf4, // ................
	0x0b, 0x00, 0x00, 0xda, 0x1a, 0x00, 0x00, 0xd5, 0x01, 0x00, 0x00, 0x81, 0x00, 0x05, 0x00, 0x07, // ................
	0x00, 0x00, 0x00, 0xf5, 0x0b, 0x00, 0x00, 0xf4, 0x0b, 0x00, 0x00, 0xe0, 0x00, 0x00, 0x00, 0x0c, // ................
	0x00, 0x06, 0x00, 0x07, 0x00, 0x00, 0x00, 0xf6, 0x0b, 0x00, 0x00, 0x01, 0x00, 0x00, 0x00, 0x08, // ................
	0x00, 0x00, 0x00, 0xf5, 0x0b, 0x00, 0x00, 0x85, 0x00, 0x05, 0x00, 0x07, 0x00, 0x00, 0x00, 0xf9, // ................
	0x0b, 0x00, 0x00, 0xf2, 0x0b, 0x00, 0x00, 0x76, 0x1a, 0x00, 0x00, 0x0c, 0x00, 0x06, 0x00, 0x07, // .......v........
	0x00, 0x00, 0x00, 0xfa, 0x0b, 0x00, 0x00, 0x01, 0x00, 0x00, 0x00, 0x08, 0x00, 0x00, 0x00, 0xf9, // ................
	0x0b, 0x00, 0x00, 0x81, 0x00, 0x05, 0x00, 0x07, 0x00, 0x00, 0x00, 0xfb, 0x0b, 0x00, 0x00, 0xf2, // ................
	0x0b, 0x00, 0x00, 0xfa, 0x0b, 0x00, 0x00, 0x83, 0x00, 0x05, 0x00, 0x07, 0x00, 0x00, 0x00, 0xfe, // ................
	0x0b, 0x00, 0x00, 0xf5, 0x01, 0x00, 0x00, 0xfb, 0x0b, 0x00, 0x00, 0x85, 0x00, 0x05, 0x00, 0x07, // ................
	0x00, 0x00, 0x00, 0xff, 0x0b, 0x00, 0x00, 0xea, 0x0b, 0x00, 0x00, 0xfe, 0x0b, 0x00, 0x00, 0x85, // ................
	0x00, 0x05, 0x00, 0x07, 0x00, 0x00, 0x00, 0x02, 0x0c, 0x00, 0x00, 0xee, 0x0b, 0x00, 0x00, 0xfb, // ................
	0x0b, 0x00, 0x00, 0x81, 0x00, 0x05, 0x00, 0x07, 0x00, 0x00, 0x00, 0x03, 0x0c, 0x00, 0x00, 0xff, // ................
	0x0b, 0x00, 0x00, 0x02, 0x0c, 0x00, 0x00, 0x85, 0x00, 0x05, 0x00, 0x07, 0x00, 0x00, 0x00, 0x06, // ................
	0x0c, 0x00, 0x00, 0x03, 0x0c, 0x00, 0x00, 0xdb, 0x1a, 0x00, 0x00, 0xb8, 0x00, 0x05, 0x00, 0x8b, // ................
	0x00, 0x00, 0x00, 0x09, 0x0c, 0x00, 0x00, 0xe2, 0x0b, 0x00, 0x00, 0xee, 0x00, 0x00, 0x00, 0xf7, // ................
	0x00, 0x03, 0x00, 0x11, 0x0c, 0x00, 0x00, 0x00, 0x00, 0x00, 0x00, 0xfa, 0x00, 0x04, 0x00, 0x09, // ................
	0x0c, 0x00, 0x00, 0x0a, 0x0c, 0x00, 0x00, 0x11, 0x0c, 0x00, 0x00, 0xf8, 0x00, 0x02, 0x00, 0x0a, // ................
	0x0c, 0x00, 0x00, 0x51, 0x00, 0x05, 0x00, 0x07, 0x00, 0x00, 0x00, 0x0c, 0x0c, 0x00, 0x00, 0x36, // ...Q...........6
	0x06, 0x00, 0x00, 0x00, 0x00, 0x00, 0x00, 0xba, 0x00, 0x05, 0x00, 0x8b, 0x00, 0x00, 0x00, 0x0d, // ................
	0x0c, 0x00, 0x00, 0x0c, 0x0c, 0x00, 0x00, 0xe0, 0x00, 0x00, 0x00, 0xa9, 0x00, 0x06, 0x00, 0x07, // ................
	0x00, 0x00, 0x00, 0x0e, 0x0c, 0x00, 0x00, 0x0d, 0x0c, 0x00, 0x00, 0x0a, 0x02, 0x00, 0x00, 0xeb, // ................
	0x00, 0x00, 0x00, 0x81, 0x00, 0x05, 0x00, 0x07, 0x00, 0x00, 0x00, 0x10, 0x0c, 0x00, 0x00, 0x06, // ................
	0x0c, 0x00, 0x00, 0x0e, 0x0c, 0x00, 0x00, 0xf9, 0x00, 0x02, 0x00, 0x11, 0x0c, 0x00, 0x00, 0xf8, // ................
	0x00, 0x02, 0x00, 0x11, 0x0c, 0x00, 0x00, 0xf5, 0x00, 0x07, 0x00, 0x07, 0x00, 0x00, 0x00, 0xdc, // ................
	0x1a, 0x00, 0x00, 0x06, 0x0c, 0x00, 0x00, 0x44, 0x0c, 0x00, 0x00, 0x10, 0x0c, 0x00, 0x00, 0x0a, // .......D........
	0x0c, 0x00, 0x00, 0x85, 0x00, 0x05, 0x00, 0x07, 0x00, 0x00, 0x00, 0x13, 0x0c, 0x00, 0x00, 0xdc, // ................
	0x1a, 0x00, 0x00, 0x79, 0x1a, 0x00, 0x00, 0x0c, 0x00, 0x06, 0x00, 0x07, 0x00, 0x00, 0x00, 0x14, // ...y............
	0x0c, 0x00, 0x00, 0x01, 0x00, 0x00, 0x00, 0x08, 0x00, 0x00, 0x00, 0x13, 0x0c, 0x00, 0x00, 0x51, // ...............Q
	0x00, 0x05, 0x00, 0x07, 0x00, 0x00, 0x00, 0x16, 0x0c, 0x00, 0x00, 0x36, 0x06, 0x00, 0x00, 0x00, // ...........6....
	0x00, 0x00, 0x00, 0xba, 0x00, 0x05, 0x00, 0x8b, 0x00, 0x00, 0x00, 0x17, 0x0c, 0x00, 0x00, 0x16, // ................
	0x0c, 0x00, 0x00, 0xe0, 0x00, 0x00, 0x00, 0xf7, 0x00, 0x03, 0x00, 0x1b, 0x0c, 0x00, 0x00, 0x00, // ................
	0x00, 0x00, 0x00, 0xfa, 0x00, 0x04, 0x00, 0x17, 0x0c, 0x00, 0x00, 0x18, 0x0c, 0x00, 0x00, 0x1b, // ................
	0x0c, 0x00, 0x00, 0xf8, 0x00, 0x02, 0x00, 0x18, 0x0c, 0x00, 0x00, 0x7f, 0x00, 0x04, 0x00, 0x07, // ................
	0x00, 0x00, 0x00, 0x1a, 0x0c, 0x00, 0x00, 0x14, 0x0c, 0x00, 0x00, 0xf9, 0x00, 0x02, 0x00, 0x1b, // ................
	0x0c, 0x00, 0x00, 0xf8, 0x00, 0x02, 0x00, 0x1b, 0x0c, 0x00, 0x00, 0xf5, 0x00, 0x07, 0x00, 0x07, // ................
	0x00, 0x00, 0x00, 0xdf, 0x1a, 0x00, 0x00, 0x14, 0x0c, 0x00, 0x00, 0x11, 0x0c, 0x00, 0x00, 0x1a, // ................
	0x0c, 0x00, 0x00, 0x18, 0x0c, 0x00, 0x00, 0x51, 0x00, 0x05, 0x00, 0x07, 0x00, 0x00, 0x00, 0x1e, // .......Q........
	0x0c, 0x00, 0x00, 0x36, 0x06, 0x00, 0x00, 0x01, 0x00, 0x00, 0x00, 0xf7, 0x00, 0x03, 0x00, 0x5c, // ...6............
	0x0c, 0x00, 0x00, 0x00, 0x00, 0x00, 0x00, 0xfb, 0x00, 0x03, 0x00, 0x06, 0x02, 0x00, 0x00, 0x4f, // ...............O
	0x0c, 0x00, 0x00, 0xf8, 0x00, 0x02, 0x00, 0x4f, 0x0c, 0x00, 0x00, 0xb8, 0x00, 0x05, 0x00, 0x8b, // .......O........
	0x00, 0x00, 0x00, 0x51, 0x0c, 0x00, 0x00, 0x1e, 0x0c, 0x00, 0x00, 0xe0, 0x00, 0x00, 0x00, 0xf7, // ...Q............
	0x00, 0x03, 0x00, 0x53, 0x0c, 0x00, 0x00, 0x00, 0x00, 0x00, 0x00, 0xfa, 0x00, 0x04, 0x00, 0x51, // ...S...........Q
	0x0c, 0x00, 0x00, 0x52, 0x0c, 0x00, 0x00, 0x53, 0x0c, 0x00, 0x00, 0xf8, 0x00, 0x02, 0x00, 0x52, // ...R...S.......R
	0x0c, 0x00, 0x00, 0xf9, 0x00, 0x02, 0x00, 0x5c, 0x0c, 0x00, 0x00, 0xf8, 0x00, 0x02, 0x00, 0x53, // ...............S
	0x0c, 0x00, 0x00, 0xb8, 0x00, 0x05, 0x00, 0x8b, 0x00, 0x00, 0x00, 0x55, 0x0c, 0x00, 0x00, 0x1e, // ...........U....
	0x0c, 0x00, 0x00, 0xe7, 0x00, 0x00, 0x00, 0xf7, 0x00, 0x03, 0x00, 0x57, 0x0c, 0x00, 0x00, 0x00, // ...........W....
	0x00, 0x00, 0x00, 0xfa, 0x00, 0x04, 0x00, 0x55, 0x0c, 0x00, 0x00, 0x56, 0x0c, 0x00, 0x00, 0x57, // .......U...V...W
	0x0c, 0x00, 0x00, 0xf8, 0x00, 0x02, 0x00, 0x56, 0x0c, 0x00, 0x00, 0xf9, 0x00, 0x02, 0x00, 0x5c, // .......V........
	0x0c, 0x00, 0x00, 0xf8, 0x00, 0x02, 0x00, 0x57, 0x0c, 0x00, 0x00, 0xb8, 0x00, 0x05, 0x00, 0x8b, // .......W........
	0x00, 0x00, 0x00, 0x59, 0x0c, 0x00, 0x00, 0x1e, 0x0c, 0x00, 0x00, 0xee, 0x00, 0x00, 0x00, 0xf7, // ...Y............
	0x00, 0x03, 0x00, 0x5b, 0x0c, 0x00, 0x00, 0x00, 0x00, 0x00, 0x00, 0xfa, 0x00, 0x04, 0x00, 0x59, // ...[...........Y
	0x0c, 0x00, 0x00, 0x5a, 0x0c, 0x00, 0x00, 0x5b, 0x0c, 0x00, 0x00, 0xf8, 0x00, 0x02, 0x00, 0x5a, // ...Z...[.......Z
	0x0c, 0x00, 0x00, 0xf9, 0x00, 0x02, 0x00, 0x5c, 0x0c, 0x00, 0x00, 0xf8, 0x00, 0x02, 0x00, 0x5b, // ...............[
	0x0c, 0x00, 0x00, 0xf9, 0x00, 0x02, 0x00, 0x5c, 0x0c, 0x00, 0x00, 0xf8, 0x00, 0x02, 0x00, 0x5c, // ................
	0x0c, 0x00, 0x00, 0xf5, 0x00, 0x0b, 0x00, 0x07, 0x00, 0x00, 0x00, 0xdd, 0x1a, 0x00, 0x00, 0xe4, // ................
	0x00, 0x00, 0x00, 0x52, 0x0c, 0x00, 0x00, 0xeb, 0x00, 0x00, 0x00, 0x56, 0x0c, 0x00, 0x00, 0xf2, // ...R.......V....
	0x00, 0x00, 0x00, 0x5a, 0x0c, 0x00, 0x00, 0xe4, 0x00, 0x00, 0x00, 0x5b, 0x0c, 0x00, 0x00, 0x81, // ...Z.......[....
	0x00, 0x05, 0x00, 0x07, 0x00, 0x00, 0x00, 0x20, 0x0c, 0x00, 0x00, 0xf6, 0x0b, 0x00, 0x00, 0xdd, // ....... ........
	0x1a, 0x00, 0x00, 0x85, 0x00, 0x05, 0x00, 0x07, 0x00, 0x00, 0x00, 0x22, 0x0c, 0x00, 0x00, 0x20, // ..........."...
	0x0c, 0x00, 0x00, 0xdb, 0x1a, 0x00, 0x00, 0x81, 0x00, 0x05, 0x00, 0x07, 0x00, 0x00, 0x00, 0x24, // ...............$
	0x0c, 0x00, 0x00, 0x22, 0x0c, 0x00, 0x00, 0xdf, 0x1a, 0x00, 0x00, 0x88, 0x00, 0x05, 0x00, 0x07, // ..."............
	0x00, 0x00, 0x00, 0x26, 0x0c, 0x00, 0x00, 0x24, 0x0c, 0x00, 0x00, 0x4a, 0x0c, 0x00, 0x00, 0x51, // ...&...$...J...Q
	0x00, 0x05, 0x00, 0x07, 0x00, 0x00, 0x00, 0x28, 0x0c, 0x00, 0x00, 0x36, 0x06, 0x00, 0x00, 0x03, // .......(...6....
	0x00, 0x00, 0x00, 0xba, 0x00, 0x05, 0x00, 0x8b, 0x00, 0x00, 0x00, 0x29, 0x0c, 0x00, 0x00, 0x28, // ...........)...(
	0x0c, 0x00, 0x00, 0xe0, 0x00, 0x00, 0x00, 0xf7, 0x00, 0x03, 0x00, 0x30, 0x0c, 0x00, 0x00, 0x00, // ...........0....
	0x00, 0x00, 0x00, 0xfa, 0x00, 0x04, 0x00, 0x29, 0x0c, 0x00, 0x00, 0x2a, 0x0c, 0x00, 0x00, 0x2d, // .......)...*...-
	0x0c, 0x00, 0x00, 0xf8, 0x00, 0x02, 0x00, 0x2a, 0x0c, 0x00, 0x00, 0x0c, 0x00, 0x08, 0x00, 0x07, // .......*........
	0x00, 0x00, 0x00, 0x2c, 0x0c, 0x00, 0x00, 0x01, 0x00, 0x00, 0x00, 0x2b, 0x00, 0x00, 0x00, 0x26, // ...,.......+...&
	0x0c, 0x00, 0x00, 0xe4, 0x00, 0x00, 0x00, 0xd5, 0x01, 0x00, 0x00, 0xf9, 0x00, 0x02, 0x00, 0x30, // ...............0
	0x0c, 0x00, 0x00, 0xf8, 0x00, 0x02, 0x00, 0x2d, 0x0c, 0x00, 0x00, 0x0c, 0x00, 0x08, 0x00, 0x07, // .......-........
	0x00, 0x00, 0x00, 0x2f, 0x0c, 0x00, 0x00, 0x01, 0x00, 0x00, 0x00, 0x2b, 0x00, 0x00, 0x00, 0x26, // .../.......+...&
	0x0c, 0x00, 0x00, 0x35, 0x02, 0x00, 0x00, 0x37, 0x02, 0x00, 0x00, 0xf9, 0x00, 0x02, 0x00, 0x30, // ...5...7.......0
	0x0c, 0x00, 0x00, 0xf8, 0x00, 0x02, 0x00, 0x30, 0x0c, 0x00, 0x00, 0xf5, 0x00, 0x07, 0x00, 0x07, // .......0........
	0x00, 0x00, 0x00, 0xe0, 0x1a, 0x00, 0x00, 0x2c, 0x0c, 0x00, 0x00, 0x2a, 0x0c, 0x00, 0x00, 0x2f, // .......,...*.../
	0x0c, 0x00, 0x00, 0x2d, 0x0c, 0x00, 0x00, 0x85, 0x00, 0x05, 0x00, 0x07, 0x00, 0x00, 0x00, 0x32, // ...-...........2
	0x0c, 0x00, 0x00, 0xe0, 0x1a, 0x00, 0x00, 0x7b, 0x1a, 0x00, 0x00, 0x51, 0x00, 0x05, 0x00, 0x07, // .......{...Q....
	0x00, 0x00, 0x00, 0xfa, 0x07, 0x00, 0x00, 0x28, 0x06, 0x00, 0x00, 0x01, 0x00, 0x00, 0x00, 0xb8, // .......(........
	0x00, 0x05, 0x00, 0x8b, 0x00, 0x00, 0x00, 0x60, 0x0c, 0x00, 0x00, 0xfa, 0x07, 0x00, 0x00, 0xe0, // .......`........
	0x00, 0x00, 0x00, 0xf7, 0x00, 0x03, 0x00, 0x75, 0x0c, 0x00, 0x00, 0x00, 0x00, 0x00, 0x00, 0xfa, // .......u........
	0x00, 0x04, 0x00, 0x60, 0x0c, 0x00, 0x00, 0x61, 0x0c, 0x00, 0x00, 0x64, 0x0c, 0x00, 0x00, 0xf8, // ...`...a...d....
	0x00, 0x02, 0x00, 0x61, 0x0c, 0x00, 0x00, 0x52, 0x00, 0x06, 0x00, 0x0d, 0x00, 0x00, 0x00, 0x80, // ...a...R........
	0x19, 0x00, 0x00, 0x32, 0x0c, 0x00, 0x00, 0xbf, 0x1a, 0x00, 0x00, 0x03, 0x00, 0x00, 0x00, 0xf9, // ...2............
	0x00, 0x02, 0x00, 0x75, 0x0c, 0x00, 0x00, 0xf8, 0x00, 0x02, 0x00, 0x64, 0x0c, 0x00, 0x00, 0xb8, // ...u.......d....
	0x00, 0x05, 0x00, 0x8b, 0x00, 0x00, 0x00, 0x66, 0x0c, 0x00, 0x00, 0xfa, 0x07, 0x00, 0x00, 0xe7, // .......f........
	0x00, 0x00, 0x00, 0xf7, 0x00, 0x03, 0x00, 0x74, 0x0c, 0x00, 0x00, 0x00, 0x00, 0x00, 0x00, 0xfa, // .......t........
	0x00, 0x04, 0x00, 0x66, 0x0c, 0x00, 0x00, 0x67, 0x0c, 0x00, 0x00, 0x6a, 0x0c, 0x00, 0x00, 0xf8, // ...f...g...j....
	0x00, 0x02, 0x00, 0x67, 0x0c, 0x00, 0x00, 0x52, 0x00, 0x06, 0x00, 0x0d, 0x00, 0x00, 0x00, 0x82, // ...g...R........
	0x19, 0x00, 0x00, 0x32, 0x0c, 0x00, 0x00, 0xc2, 0x1a, 0x00, 0x00, 0x03, 0x00, 0x00, 0x00, 0xf9, // ...2............
	0x00, 0x02, 0x00, 0x74, 0x0c, 0x00, 0x00, 0xf8, 0x00, 0x02, 0x00, 0x6a, 0x0c, 0x00, 0x00, 0xb8, // ...t.......j....
	0x00, 0x05, 0x00, 0x8b, 0x00, 0x00, 0x00, 0x6c, 0x0c, 0x00, 0x00, 0xfa, 0x07, 0x00, 0x00, 0xee, // .......l........
	0x00, 0x00, 0x00, 0xf7, 0x00, 0x03, 0x00, 0x73, 0x0c, 0x00, 0x00, 0x00, 0x00, 0x00, 0x00, 0xfa, // .......s........
	0x00, 0x04, 0x00, 0x6c, 0x0c, 0x00, 0x00, 0x6d, 0x0c, 0x00, 0x00, 0x70, 0x0c, 0x00, 0x00, 0xf8, // ...l...m...p....
	0x00, 0x02, 0x00, 0x6d, 0x0c, 0x00, 0x00, 0x52, 0x00, 0x06, 0x00, 0x0d, 0x00, 0x00, 0x00, 0x84, // ...m...R........
	0x19, 0x00, 0x00, 0x32, 0x0c, 0x00, 0x00, 0xc5, 0x1a, 0x00, 0x00, 0x03, 0x00, 0x00, 0x00, 0xf9, // ...2............
	0x00, 0x02, 0x00, 0x73, 0x0c, 0x00, 0x00, 0xf8, 0x00, 0x02, 0x00, 0x70, 0x0c, 0x00, 0x00, 0x52, // ...s.......p...R
	0x00, 0x06, 0x00, 0x0d, 0x00, 0x00, 0x00, 0x86, 0x19, 0x00, 0x00, 0x32, 0x0c, 0x00, 0x00, 0xc8, // ...........2....
	0x1a, 0x00, 0x00, 0x03, 0x00, 0x00, 0x00, 0xf9, 0x00, 0x02, 0x00, 0x73, 0x0c, 0x00, 0x00, 0xf8, // ...........s....
	0x00, 0x02, 0x00, 0x73, 0x0c, 0x00, 0x00, 0xf5, 0x00, 0x07, 0x00, 0x0d, 0x00, 0x00, 0x00, 0x04, // ...s............
	0x1b, 0x00, 0x00, 0xc8, 0x1a, 0x00, 0x00, 0x6d, 0x0c, 0x00, 0x00, 0x86, 0x19, 0x00, 0x00, 0x70, // .......m.......p
	0x0c, 0x00, 0x00, 0xf5, 0x00, 0x07, 0x00, 0x0d, 0x00, 0x00, 0x00, 0x01, 0x1b, 0x00, 0x00, 0x84, // ................
	0x19, 0x00, 0x00, 0x6d, 0x0c, 0x00, 0x00, 0xc5, 0x1a, 0x00, 0x00, 0x70, 0x0c, 0x00, 0x00, 0xf9, // ...m.......p....
	0x00, 0x02, 0x00, 0x74, 0x0c, 0x00, 0x00, 0xf8, 0x00, 0x02, 0x00, 0x74, 0x0c, 0x00, 0x00, 0xf5, // ...t.......t....
	0x00, 0x07, 0x00, 0x0d, 0x00, 0x00, 0x00, 0x03, 0x1b, 0x00, 0x00, 0xc8, 0x1a, 0x00, 0x00, 0x67, // ...............g
	0x0c, 0x00, 0x00, 0x04, 0x1b, 0x00, 0x00, 0x73, 0x0c, 0x00, 0x00, 0xf5, 0x00, 0x07, 0x00, 0x0d, // .......s........
	0x00, 0x00, 0x00, 0x00, 0x1b, 0x00, 0x00, 0xc5, 0x1a, 0x00, 0x00, 0x67, 0x0c, 0x00, 0x00, 0x01, // ...........g....
	0x1b, 0x00, 0x00, 0x73, 0x0c, 0x00, 0x00, 0xf5, 0x00, 0x07, 0x00, 0x0d, 0x00, 0x00, 0x00, 0xfd, // ...s............
	0x1a, 0x00, 0x00, 0x82, 0x19, 0x00, 0x00, 0x67, 0x0c, 0x00, 0x00, 0xc2, 0x1a, 0x00, 0x00, 0x73, // .......g.......s
	0x0c, 0x00, 0x00, 0xf9, 0x00, 0x02, 0x00, 0x75, 0x0c, 0x00, 0x00, 0xf8, 0x00, 0x02, 0x00, 0x75, // .......u.......u
	0x0c, 0x00, 0x00, 0xf5, 0x00, 0x07, 0x00, 0x0d, 0x00, 0x00, 0x00, 0x02, 0x1b, 0x00, 0x00, 0xc8, // ................
	0x1a, 0x00, 0x00, 0x61, 0x0c, 0x00, 0x00, 0x03, 0x1b, 0x00, 0x00, 0x74, 0x0c, 0x00, 0x00, 0xf5, // ...a.......t....
	0x00, 0x07, 0x00, 0x0d, 0x00, 0x00, 0x00, 0xff, 0x1a, 0x00, 0x00, 0xc5, 0x1a, 0x00, 0x00, 0x61, // ...............a
	0x0c, 0x00, 0x00, 0x00, 0x1b, 0x00, 0x00, 0x74, 0x0c, 0x00, 0x00, 0xf5, 0x00, 0x07, 0x00, 0x0d, // .......t........
	0x00, 0x00, 0x00, 0xfc, 0x1a, 0x00, 0x00, 0xc2, 0x1a, 0x00, 0x00, 0x61, 0x0c, 0x00, 0x00, 0xfd, // ...........a....
	0x1a, 0x00, 0x00, 0x74, 0x0c, 0x00, 0x00, 0xf5, 0x00, 0x07, 0x00, 0x0d, 0x00, 0x00, 0x00, 0xf9, // ...t............
	0x1a, 0x00, 0x00, 0x80, 0x19, 0x00, 0x00, 0x61, 0x0c, 0x00, 0x00, 0xbf, 0x1a, 0x00, 0x00, 0x74, // .......a.......t
	0x0c, 0x00, 0x00, 0x41, 0x00, 0x06, 0x00, 0x51, 0x04, 0x00, 0x00, 0x45, 0x06, 0x00, 0x00, 0x4f, // ...A...Q...E...O
	0x04, 0x00, 0x00, 0xb9, 0x00, 0x00, 0x00, 0x06, 0x02, 0x00, 0x00, 0x3d, 0x00, 0x04, 0x00, 0x07, // ...........=....
	0x00, 0x00, 0x00, 0x46, 0x06, 0x00, 0x00, 0x45, 0x06, 0x00, 0x00, 0xba, 0x00, 0x05, 0x00, 0x8b, // ...F...E........
	0x00, 0x00, 0x00, 0x47, 0x06, 0x00, 0x00, 0x46, 0x06, 0x00, 0x00, 0xe7, 0x00, 0x00, 0x00, 0xf7, // ...G...F........
	0x00, 0x03, 0x00, 0x67, 0x06, 0x00, 0x00, 0x00, 0x00, 0x00, 0x00, 0xfa, 0x00, 0x04, 0x00, 0x47, // ...g...........G
	0x06, 0x00, 0x00, 0x48, 0x06, 0x00, 0x00, 0x67, 0x06, 0x00, 0x00, 0xf8, 0x00, 0x02, 0x00, 0x48, // ...H...g.......H
	0x06, 0x00, 0x00, 0x41, 0x00, 0x05, 0x00, 0x95, 0x04, 0x00, 0x00, 0x49, 0x06, 0x00, 0x00, 0x4f, // ...A.......I...O
	0x04, 0x00, 0x00, 0xdd, 0x04, 0x00, 0x00, 0x3d, 0x00, 0x04, 0x00, 0x0d, 0x00, 0x00, 0x00, 0x4a, // .......=.......J
	0x06, 0x00, 0x00, 0x49, 0x06, 0x00, 0x00, 0x41, 0x00, 0x06, 0x00, 0x51, 0x04, 0x00, 0x00, 0x4b, // ...I...A...Q...K
	0x06, 0x00, 0x00, 0x4f, 0x04, 0x00, 0x00, 0xdd, 0x04, 0x00, 0x00, 0xcc, 0x00, 0x00, 0x00, 0x3d, // ...O...........=
	0x00, 0x04, 0x00, 0x07, 0x00, 0x00, 0x00, 0x4c, 0x06, 0x00, 0x00, 0x4b, 0x06, 0x00, 0x00, 0xf7, // .......L...K....
	0x00, 0x03, 0x00, 0x9c, 0x0c, 0x00, 0x00, 0x00, 0x00, 0x00, 0x00, 0xfb, 0x00, 0x03, 0x00, 0x06, // ................
	0x02, 0x00, 0x00, 0x83, 0x0c, 0x00, 0x00, 0xf8, 0x00, 0x02, 0x00, 0x83, 0x0c, 0x00, 0x00, 0xba, // ................
	0x00, 0x05, 0x00, 0x8b, 0x00, 0x00, 0x00, 0x85, 0x0c, 0x00, 0x00, 0x4c, 0x06, 0x00, 0x00, 0xe8, // ...........L....
	0x03, 0x00, 0x00, 0xf7, 0x00, 0x03, 0x00, 0x87, 0x0c, 0x00, 0x00, 0x00, 0x00, 0x00, 0x00, 0xfa, // ................
	0x00, 0x04, 0x00, 0x85, 0x0c, 0x00, 0x00, 0x86, 0x0c, 0x00, 0x00, 0x87, 0x0c, 0x00, 0x00, 0xf8, // ................
	0x00, 0x02, 0x00, 0x86, 0x0c, 0x00, 0x00, 0xf9, 0x00, 0x02, 0x00, 0x9c, 0x0c, 0x00, 0x00, 0xf8, // ................
	0x00, 0x02, 0x00, 0x87, 0x0c, 0x00, 0x00, 0xb8, 0x00, 0x05, 0x00, 0x8b, 0x00, 0x00, 0x00, 0x89, // ................
	0x0c, 0x00, 0x00, 0x4c, 0x06, 0x00, 0x00, 0xe0, 0x00, 0x00, 0x00, 0xf7, 0x00, 0x03, 0x00, 0x8f, // ...L............
	0x0c, 0x00, 0x00, 0x00, 0x00, 0x00, 0x00, 0xfa, 0x00, 0x04, 0x00, 0x89, 0x0c, 0x00, 0x00, 0x8a, // ................
	0x0c, 0x00, 0x00, 0x8f, 0x0c, 0x00, 0x00, 0xf8, 0x00, 0x02, 0x00, 0x8a, 0x0c, 0x00, 0x00, 0xf7, // ................
	0x00, 0x03, 0x00, 0xb1, 0x0c, 0x00, 0x00, 0x00, 0x00, 0x00, 0x00, 0xfb, 0x00, 0x03, 0x00, 0x06, // ................
	0x02, 0x00, 0x00, 0xa2, 0x0c, 0x00, 0x00, 0xf8, 0x00, 0x02, 0x00, 0xa2, 0x0c, 0x00, 0x00, 0x51, // ...............Q
	0x00, 0x05, 0x00, 0x07, 0x00, 0x00, 0x00, 0xa4, 0x0c, 0x00, 0x00, 0x7c, 0x05, 0x00, 0x00, 0x02, // ...........|....
	0x00, 0x00, 0x00, 0x0c, 0x00, 0x06, 0x00, 0x07, 0x00, 0x00, 0x00, 0xa5, 0x0c, 0x00, 0x00, 0x01, // ................
	0x00, 0x00, 0x00, 0x04, 0x00, 0x00, 0x00, 0xa4, 0x0c, 0x00, 0x00, 0xba, 0x00, 0x05, 0x00, 0x8b, // ................
	0x00, 0x00, 0x00, 0xa6, 0x0c, 0x00, 0x00, 0xa5, 0x0c, 0x00, 0x00, 0xd0, 0x00, 0x00, 0x00, 0xf7, // ................
	0x00, 0x03, 0x00, 0xae, 0x0c, 0x00, 0x00, 0x00, 0x00, 0x00, 0x00, 0xfa, 0x00, 0x04, 0x00, 0xa6, // ................
	0x0c, 0x00, 0x00, 0xa7, 0x0c, 0x00, 0x00, 0xae, 0x0c, 0x00, 0x00, 0xf8, 0x00, 0x02, 0x00, 0xa7, // ................
	0x0c, 0x00, 0x00, 0x4f, 0x00, 0x07, 0x00, 0x0b, 0x00, 0x00, 0x00, 0xa9, 0x0c, 0x00, 0x00, 0x7c, // ...O...........|
	0x05, 0x00, 0x00, 0x7c, 0x05, 0x00, 0x00, 0x00, 0x00, 0x00, 0x00, 0x01, 0x00, 0x00, 0x00, 0x50, // ...|...........P
	0x00, 0x05, 0x00, 0x0b, 0x00, 0x00, 0x00, 0xac, 0x0c, 0x00, 0x00, 0xa4, 0x0c, 0x00, 0x00, 0xa4, // ................
	0x0c, 0x00, 0x00, 0x88, 0x00, 0x05, 0x00, 0x0b, 0x00, 0x00, 0x00, 0xad, 0x0c, 0x00, 0x00, 0xa9, // ................
	0x0c, 0x00, 0x00, 0xac, 0x0c, 0x00, 0x00, 0xf9, 0x00, 0x02, 0x00, 0xb1, 0x0c, 0x00, 0x00, 0xf8, // ................
	0x00, 0x02, 0x00, 0xae, 0x0c, 0x00, 0x00, 0x4f, 0x00, 0x07, 0x00, 0x0b, 0x00, 0x00, 0x00, 0xb0, // .......O........
	0x0c, 0x00, 0x00, 0x7c, 0x05, 0x00, 0x00, 0x7c, 0x05, 0x00, 0x00, 0x00, 0x00, 0x00, 0x00, 0x01, // ...|...|........
	0x00, 0x00, 0x00, 0xf9, 0x00, 0x02, 0x00, 0xb1, 0x0c, 0x00, 0x00, 0xf8, 0x00, 0x02, 0x00, 0xb1, // ................
	0x0c, 0x00, 0x00, 0xf5, 0x00, 0x07, 0x00, 0x0b, 0x00, 0x00, 0x00, 0x07, 0x1b, 0x00, 0x00, 0xad, // ................
	0x0c, 0x00, 0x00, 0xa7, 0x0c, 0x00, 0x00, 0xb0, 0x0c, 0x00, 0x00, 0xae, 0x0c, 0x00, 0x00, 0x56, // ...............V
	0x00, 0x05, 0x00, 0xbd, 0x00, 0x00, 0x00, 0xb9, 0x0c, 0x00, 0x00, 0xa6, 0x00, 0x00, 0x00, 0xa3, // ................
	0x00, 0x00, 0x00, 0x57, 0x00, 0x05, 0x00, 0x0d, 0x00, 0x00, 0x00, 0xbb, 0x0c, 0x00, 0x00, 0xb9, // ...W............
	0x0c, 0x00, 0x00, 0x07, 0x1b, 0x00, 0x00, 0xf9, 0x00, 0x02, 0x00, 0x9c, 0x0c, 0x00, 0x00, 0xf8, // ................
	0x00, 0x02, 0x00, 0x8f, 0x0c, 0x00, 0x00, 0xb8, 0x00, 0x05, 0x00, 0x8b, 0x00, 0x00, 0x00, 0x91, // ................
	0x0c, 0x00, 0x00, 0x4c, 0x06, 0x00, 0x00, 0xe7, 0x00, 0x00, 0x00, 0xf7, 0x00, 0x03, 0x00, 0x97, // ...L............
	0x0c, 0x00, 0x00, 0x00, 0x00, 0x00, 0x00, 0xfa, 0x00, 0x04, 0x00, 0x91, 0x0c, 0x00, 0x00, 0x92, // ................
	0x0c, 0x00, 0x00, 0x97, 0x0c, 0x00, 0x00, 0xf8, 0x00, 0x02, 0x00, 0x92, 0x0c, 0x00, 0x00, 0xf7, // ................
	0x00, 0x03, 0x00, 0xcf, 0x0c, 0x00, 0x00, 0x00, 0x00, 0x00, 0x00, 0xfb, 0x00, 0x03, 0x00, 0x06, // ................
	0x02, 0x00, 0x00, 0xc0, 0x0c, 0x00, 0x00, 0xf8, 0x00, 0x02, 0x00, 0xc0, 0x0c, 0x00, 0x00, 0x51, // ...............Q
	0x00, 0x05, 0x00, 0x07, 0x00, 0x00, 0x00, 0xc2, 0x0c, 0x00, 0x00, 0x7f, 0x05, 0x00, 0x00, 0x02, // ................
	0x00, 0x00, 0x00, 0x0c, 0x00, 0x06, 0x00, 0x07, 0x00, 0x00, 0x00, 0xc3, 0x0c, 0x00, 0x00, 0x01, // ................
	0x00, 0x00, 0x00, 0x04, 0x00, 0x00, 0x00, 0xc2, 0x0c, 0x00, 0x00, 0xba, 0x00, 0x05, 0x00, 0x8b, // ................
	0x00, 0x00, 0x00, 0xc4, 0x0c, 0x00, 0x00, 0xc3, 0x0c, 0x00, 0x00, 0xd0, 0x00, 0x00, 0x00, 0xf7, // ................
	0x00, 0x03, 0x00, 0xcc, 0x0c, 0x00, 0x00, 0x00, 0x00, 0x00, 0x00, 0xfa, 0x00, 0x04, 0x00, 0xc4, // ................
	0x0c, 0x00, 0x00, 0xc5, 0x0c, 0x00, 0x00, 0xcc, 0x0c, 0x00, 0x00, 0xf8, 0x00, 0x02, 0x00, 0xc5, // ................
	0x0c, 0x00, 0x00, 0x4f, 0x00, 0x07, 0x00, 0x0b, 0x00, 0x00, 0x00, 0xc7, 0x0c, 0x00, 0x00, 0x7f, // ...O............
	0x05, 0x00, 0x00, 0x7f, 0x05, 0x00, 0x00, 0x00, 0x00, 0x00, 0x00, 0x01, 0x00, 0x00, 0x00, 0x50, // ...............P
	0x00, 0x05, 0x00, 0x0b, 0x00, 0x00, 0x00, 0xca, 0x0c, 0x00, 0x00, 0xc2, 0x0c, 0x00, 0x00, 0xc2, // ................
	0x0c, 0x00, 0x00, 0x88, 0x00, 0x05, 0x00, 0x0b, 0x00, 0x00, 0x00, 0xcb, 0x0c, 0x00, 0x00, 0xc7, // ................
	0x0c, 0x00, 0x00, 0xca, 0x0c, 0x00, 0x00, 0xf9, 0x00, 0x02, 0x00, 0xcf, 0x0c, 0x00, 0x00, 0xf8, // ................
	0x00, 0x02, 0x00, 0xcc, 0x0c, 0x00, 0x00, 0x4f, 0x00, 0x07, 0x00, 0x0b, 0x00, 0x00, 0x00, 0xce, // .......O........
	0x0c, 0x00, 0x00, 0x7f, 0x05, 0x00, 0x00, 0x7f, 0x05, 0x00, 0x00, 0x00, 0x00, 0x00, 0x00, 0x01, // ................
	0x00, 0x00, 0x00, 0xf9, 0x00, 0x02, 0x00, 0xcf, 0x0c, 0x00, 0x00, 0xf8, 0x00, 0x02, 0x00, 0xcf, // ................
	0x0c, 0x00, 0x00, 0xf5, 0x00, 0x07, 0x00, 0x0b, 0x00, 0x00, 0x00, 0x06, 0x1b, 0x00, 0x00, 0xcb, // ................
	0x0c, 0x00, 0x00, 0xc5, 0x0c, 0x00, 0x00, 0xce, 0x0c, 0x00, 0x00, 0xcc, 0x0c, 0x00, 0x00, 0x56, // ...............V
	0x00, 0x05, 0x00, 0xbd, 0x00, 0x00, 0x00, 0xd7, 0x0c, 0x00, 0x00, 0xac, 0x00, 0x00, 0x00, 0xaa, // ................
	0x00, 0x00, 0x00, 0x57, 0x00, 0x05, 0x00, 0x0d, 0x00, 0x00, 0x00, 0xd9, 0x0c, 0x00, 0x00, 0xd7, // ...W............
	0x0c, 0x00, 0x00, 0x06, 0x1b, 0x00, 0x00, 0xf9, 0x00, 0x02, 0x00, 0x9c, 0x0c, 0x00, 0x00, 0xf8, // ................
	0x00, 0x02, 0x00, 0x97, 0x0c, 0x00, 0x00, 0xf7, 0x00, 0x03, 0x00, 0xed, 0x0c, 0x00, 0x00, 0x00, // ................
	0x00, 0x00, 0x00, 0xfb, 0x00, 0x03, 0x00, 0x06, 0x02, 0x00, 0x00, 0xde, 0x0c, 0x00, 0x00, 0xf8, // ................
	0x00, 0x02, 0x00, 0xde, 0x0c, 0x00, 0x00, 0x51, 0x00, 0x05, 0x00, 0x07, 0x00, 0x00, 0x00, 0xe0, // .......Q........
	0x0c, 0x00, 0x00, 0x82, 0x05, 0x00, 0x00, 0x02, 0x00, 0x00, 0x00, 0x0c, 0x00, 0x06, 0x00, 0x07, // ................
	0x00, 0x00, 0x00, 0xe1, 0x0c, 0x00, 0x00, 0x01, 0x00, 0x00, 0x00, 0x04, 0x00, 0x00, 0x00, 0xe0, // ................
	0x0c, 0x00, 0x00, 0xba, 0x00, 0x05, 0x00, 0x8b, 0x00, 0x00, 0x00, 0xe2, 0x0c, 0x00, 0x00, 0xe1, // ................
	0x0c, 0x00, 0x00, 0xd0, 0x00, 0x00, 0x00, 0xf7, 0x00, 0x03, 0x00, 0xea, 0x0c, 0x00, 0x00, 0x00, // ................
	0x00, 0x00, 0x00, 0xfa, 0x00, 0x04, 0x00, 0xe2, 0x0c, 0x00, 0x00, 0xe3, 0x0c, 0x00, 0x00, 0xea, // ................
	0x0c, 0x00, 0x00, 0xf8, 0x00, 0x02, 0x00, 0xe3, 0x0c, 0x00, 0x00, 0x4f, 0x00, 0x07, 0x00, 0x0b, // ...........O....
	0x00, 0x00, 0x00, 0xe5, 0x0c, 0x00, 0x00, 0x82, 0x05, 0x00, 0x00, 0x82, 0x05, 0x00, 0x00, 0x00, // ................
	0x00, 0x00, 0x00, 0x01, 0x00, 0x00, 0x00, 0x50, 0x00, 0x05, 0x00, 0x0b, 0x00, 0x00, 0x00, 0xe8, // .......P........
	0x0c, 0x00, 0x00, 0xe0, 0x0c, 0x00, 0x00, 0xe0, 0x0c, 0x00, 0x00, 0x88, 0x00, 0x05, 0x00, 0x0b, // ................
	0x00, 0x00, 0x00, 0xe9, 0x0c, 0x00, 0x00, 0xe5, 0x0c, 0x00, 0x00, 0xe8, 0x0c, 0x00, 0x00, 0xf9, // ................
	0x00, 0x02, 0x00, 0xed, 0x0c, 0x00, 0x00, 0xf8, 0x00, 0x02, 0x00, 0xea, 0x0c, 0x00, 0x00, 0x4f, // ...............O
	0x00, 0x07, 0x00, 0x0b, 0x00, 0x00, 0x00, 0xec, 0x0c, 0x00, 0x00, 0x82, 0x05, 0x00, 0x00, 0x82, // ................
	0x05, 0x00, 0x00, 0x00, 0x00, 0x00, 0x00, 0x01, 0x00, 0x00, 0x00, 0xf9, 0x00, 0x02, 0x00, 0xed, // ................
	0x0c, 0x00, 0x00, 0xf8, 0x00, 0x02, 0x00, 0xed, 0x0c, 0x00, 0x00, 0xf5, 0x00, 0x07, 0x00, 0x0b, // ................
	0x00, 0x00, 0x00, 0x05, 0x1b, 0x00, 0x00, 0xe9, 0x0c, 0x00, 0x00, 0xe3, 0x0c, 0x00, 0x00, 0xec, // ................
	0x0c, 0x00, 0x00, 0xea, 0x0c, 0x00, 0x00, 0x56, 0x00, 0x05, 0x00, 0xbd, 0x00, 0x00, 0x00, 0xf5, // .......V........
	0x0c, 0x00, 0x00, 0xb2, 0x00, 0x00, 0x00, 0xb0, 0x00, 0x00, 0x00, 0x57, 0x00, 0x05, 0x00, 0x0d, // ...........W....
	0x00, 0x00, 0x00, 0xf7, 0x0c, 0x00, 0x00, 0xf5, 0x0c, 0x00, 0x00, 0x05, 0x1b, 0x00, 0x00, 0xf9, // ................
	0x00, 0x02, 0x00, 0x9c, 0x0c, 0x00, 0x00, 0xf8, 0x00, 0x02, 0x00, 0x9c, 0x0c, 0x00, 0x00, 0xf5, // ................
	0x00, 0x0b, 0x00, 0x0d, 0x00, 0x00, 0x00, 0x08, 0x1b, 0x00, 0x00, 0xec, 0x03, 0x00, 0x00, 0x86, // ................
	0x0c, 0x00, 0x00, 0xbb, 0x0c, 0x00, 0x00, 0xb1, 0x0c, 0x00, 0x00, 0xd9, 0x0c, 0x00, 0x00, 0xcf, // ................
	0x0c, 0x00, 0x00, 0xf7, 0x0c, 0x00, 0x00, 0xed, 0x0c, 0x00, 0x00, 0x41, 0x00, 0x05, 0x00, 0x95, // ...........A....
	0x04, 0x00, 0x00, 0x51, 0x06, 0x00, 0x00, 0x4f, 0x04, 0x00, 0x00, 0xea, 0x04, 0x00, 0x00, 0x3d, // ...Q...O.......=
	0x00, 0x04, 0x00, 0x0d, 0x00, 0x00, 0x00, 0x52, 0x06, 0x00, 0x00, 0x51, 0x06, 0x00, 0x00, 0x41, // .......R...Q...A
	0x00, 0x05, 0x00, 0x95, 0x04, 0x00, 0x00, 0x53, 0x06, 0x00, 0x00, 0x4f, 0x04, 0x00, 0x00, 0xeb, // .......S...O....
	0x04, 0x00, 0x00, 0x3d, 0x00, 0x04, 0x00, 0x0d, 0x00, 0x00, 0x00, 0x54, 0x06, 0x00, 0x00, 0x53, // ...=.......T...S
	0x06, 0x00, 0x00, 0x41, 0x00, 0x05, 0x00, 0x95, 0x04, 0x00, 0x00, 0x55, 0x06, 0x00, 0x00, 0x4f, // ...A.......U...O
	0x04, 0x00, 0x00, 0xec, 0x04, 0x00, 0x00, 0x3d, 0x00, 0x04, 0x00, 0x0d, 0x00, 0x00, 0x00, 0x56, // .......=.......V
	0x06, 0x00, 0x00, 0x55, 0x06, 0x00, 0x00, 0x41, 0x00, 0x05, 0x00, 0x95, 0x04, 0x00, 0x00, 0x57, // ...U...A.......W
	0x06, 0x00, 0x00, 0x4f, 0x04, 0x00, 0x00, 0xed, 0x04, 0x00, 0x00, 0x3d, 0x00, 0x04, 0x00, 0x0d, // ...O.......=....
	0x00, 0x00, 0x00, 0x58, 0x06, 0x00, 0x00, 0x57, 0x06, 0x00, 0x00, 0x41, 0x00, 0x05, 0x00, 0x95, // ...X...W...A....
	0x04, 0x00, 0x00, 0x5b, 0x06, 0x00, 0x00, 0x4f, 0x04, 0x00, 0x00, 0xee, 0x04, 0x00, 0x00, 0x3d, // ...[...O.......=
	0x00, 0x04, 0x00, 0x0d, 0x00, 0x00, 0x00, 0x5c, 0x06, 0x00, 0x00, 0x5b, 0x06, 0x00, 0x00, 0x51, // ...........[...Q
	0x00, 0x05, 0x00, 0x07, 0x00, 0x00, 0x00, 0x5a, 0x0d, 0x00, 0x00, 0x52, 0x06, 0x00, 0x00, 0x00, // .......Z...R....
	0x00, 0x00, 0x00, 0xf7, 0x00, 0x03, 0x00, 0x3a, 0x0e, 0x00, 0x00, 0x00, 0x00, 0x00, 0x00, 0xfb, // .......:........
	0x00, 0x03, 0x00, 0x06, 0x02, 0x00, 0x00, 0xda, 0x0d, 0x00, 0x00, 0xf8, 0x00, 0x02, 0x00, 0xda, // ................
	0x0d, 0x00, 0x00, 0xb8, 0x00, 0x05, 0x00, 0x8b, 0x00, 0x00, 0x00, 0xdc, 0x0d, 0x00, 0x00, 0x5a, // ...............Z
	0x0d, 0x00, 0x00, 0xe0, 0x00, 0x00, 0x00, 0xf7, 0x00, 0x03, 0x00, 0xe0, 0x0d, 0x00, 0x00, 0x00, // ................
	0x00, 0x00, 0x00, 0xfa, 0x00, 0x04, 0x00, 0xdc, 0x0d, 0x00, 0x00, 0xdd, 0x0d, 0x00, 0x00, 0xe0, // ................
	0x0d, 0x00, 0x00, 0xf8, 0x00, 0x02, 0x00, 0xdd, 0x0d, 0x00, 0x00, 0x4f, 0x00, 0x08, 0x00, 0x14, // ...........O....
	0x00, 0x00, 0x00, 0xdf, 0x0d, 0x00, 0x00, 0xf9, 0x1a, 0x00, 0x00, 0xf9, 0x1a, 0x00, 0x00, 0x00, // ................
	0x00, 0x00, 0x00, 0x01, 0x00, 0x00, 0x00, 0x02, 0x00, 0x00, 0x00, 0xf9, 0x00, 0x02, 0x00, 0x3a, // ...............:
	0x0e, 0x00, 0x00, 0xf8, 0x00, 0x02, 0x00, 0xe0, 0x0d, 0x00, 0x00, 0xb8, 0x00, 0x05, 0x00, 0x8b, // ................
	0x00, 0x00, 0x00, 0xe2, 0x0d, 0x00, 0x00, 0x5a, 0x0d, 0x00, 0x00, 0xe7, 0x00, 0x00, 0x00, 0xf7, // .......Z........
	0x00, 0x03, 0x00, 0xe7, 0x0d, 0x00, 0x00, 0x00, 0x00, 0x00, 0x00, 0xfa, 0x00, 0x04, 0x00, 0xe2, // ................
	0x0d, 0x00, 0x00, 0xe3, 0x0d, 0x00, 0x00, 0xe7, 0x0d, 0x00, 0x00, 0xf8, 0x00, 0x02, 0x00, 0xe3, // ................
	0x0d, 0x00, 0x00, 0x51, 0x00, 0x05, 0x00, 0x07, 0x00, 0x00, 0x00, 0xe5, 0x0d, 0x00, 0x00, 0xf9, // ...Q............
	0x1a, 0x00, 0x00, 0x03, 0x00, 0x00, 0x00, 0x50, 0x00, 0x06, 0x00, 0x14, 0x00, 0x00, 0x00, 0x3f, // .......P.......?
	0x0e, 0x00, 0x00, 0xe5, 0x0d, 0x00, 0x00, 0xe5, 0x0d, 0x00, 0x00, 0xe5, 0x0d, 0x00, 0x00, 0xf9, // ................
	0x00, 0x02, 0x00, 0x3a, 0x0e, 0x00, 0x00, 0xf8, 0x00, 0x02, 0x00, 0xe7, 0x0d, 0x00, 0x00, 0xb8, // ...:............
	0x00, 0x05, 0x00, 0x8b, 0x00, 0x00, 0x00, 0xe9, 0x0d, 0x00, 0x00, 0x5a, 0x0d, 0x00, 0x00, 0xee, // ...........Z....
	0x00, 0x00, 0x00, 0xf7, 0x00, 0x03, 0x00, 0xed, 0x0d, 0x00, 0x00, 0x00, 0x00, 0x00, 0x00, 0xfa, // ................
	0x00, 0x04, 0x00, 0xe9, 0x0d, 0x00, 0x00, 0xea, 0x0d, 0x00, 0x00, 0xed, 0x0d, 0x00, 0x00, 0xf8, // ................
	0x00, 0x02, 0x00, 0xea, 0x0d, 0x00, 0x00, 0x4f, 0x00, 0x08, 0x00, 0x14, 0x00, 0x00, 0x00, 0xec, // .......O........
	0x0d, 0x00, 0x00, 0xfc, 0x1a, 0x00, 0x00, 0xfc, 0x1a, 0x00, 0x00, 0x00, 0x00, 0x00, 0x00, 0x01, // ................
	0x00, 0x00, 0x00, 0x02, 0x00, 0x00, 0x00, 0xf9, 0x00, 0x02, 0x00, 0x3a, 0x0e, 0x00, 0x00, 0xf8, // ...........:....
	0x00, 0x02, 0x00, 0xed, 0x0d, 0x00, 0x00, 0xb8, 0x00, 0x05, 0x00, 0x8b, 0x00, 0x00, 0x00, 0xef, // ................
	0x0d, 0x00, 0x00, 0x5a, 0x0d, 0x00, 0x00, 0x28, 0x01, 0x00, 0x00, 0xf7, 0x00, 0x03, 0x00, 0xf4, // ...Z...(........
	0x0d, 0x00, 0x00, 0x00, 0x00, 0x00, 0x00, 0xfa, 0x00, 0x04, 0x00, 0xef, 0x0d, 0x00, 0x00, 0xf0, // ................
	0x0d, 0x00, 0x00, 0xf4, 0x0d, 0x00, 0x00, 0xf8, 0x00, 0x02, 0x00, 0xf0, 0x0d, 0x00, 0x00, 0x51, // ...............Q
	0x00, 0x05, 0x00, 0x07, 0x00, 0x00, 0x00, 0xf2, 0x0d, 0x00, 0x00, 0xfc, 0x1a, 0x00, 0x00, 0x03, // ................
	0x00, 0x00, 0x00, 0x50, 0x00, 0x06, 0x00, 0x14, 0x00, 0x00, 0x00, 0x43, 0x0e, 0x00, 0x00, 0xf2, // ...P.......C....
	0x0d, 0x00, 0x00, 0xf2, 0x0d, 0x00, 0x00, 0xf2, 0x0d, 0x00, 0x00, 0xf9, 0x00, 0x02, 0x00, 0x3a, // ...............:
	0x0e, 0x00, 0x00, 0xf8, 0x00, 0x02, 0x00, 0xf4, 0x0d, 0x00, 0x00, 0xb8, 0x00, 0x05, 0x00, 0x8b, // ................
	0x00, 0x00, 0x00, 0xf6, 0x0d, 0x00, 0x00, 0x5a, 0x0d, 0x00, 0x00, 0x32, 0x01, 0x00, 0x00, 0xf7, // .......Z...2....
	0x00, 0x03, 0x00, 0xfa, 0x0d, 0x00, 0x00, 0x00, 0x00, 0x00, 0x00, 0xfa, 0x00, 0x04, 0x00, 0xf6, // ................
	0x0d, 0x00, 0x00, 0xf7, 0x0d, 0x00, 0x00, 0xfa, 0x0d, 0x00, 0x00, 0xf8, 0x00, 0x02, 0x00, 0xf7, // ................
	0x0d, 0x00, 0x00, 0x4f, 0x00, 0x08, 0x00, 0x14, 0x00, 0x00, 0x00, 0xf9, 0x0d, 0x00, 0x00, 0xff, // ...O............
	0x1a, 0x00, 0x00, 0xff, 0x1a, 0x00, 0x00, 0x00, 0x00, 0x00, 0x00, 0x01, 0x00, 0x00, 0x00, 0x02, // ................
	0x00, 0x00, 0x00, 0xf9, 0x00, 0x02, 0x00, 0x3a, 0x0e, 0x00, 0x00, 0xf8, 0x00, 0x02, 0x00, 0xfa, // .......:........
	0x0d, 0x00, 0x00, 0xb8, 0x00, 0x05, 0x00, 0x8b, 0x00, 0x00, 0x00, 0xfc, 0x0d, 0x00, 0x00, 0x5a, // ...............Z
	0x0d, 0x00, 0x00, 0x3a, 0x01, 0x00, 0x00, 0xf7, 0x00, 0x03, 0x00, 0x01, 0x0e, 0x00, 0x00, 0x00, // ...:............
	0x00, 0x00, 0x00, 0xfa, 0x00, 0x04, 0x00, 0xfc, 0x0d, 0x00, 0x00, 0xfd, 0x0d, 0x00, 0x00, 0x01, // ................
	0x0e, 0x00, 0x00, 0xf8, 0x00, 0x02, 0x00, 0xfd, 0x0d, 0x00, 0x00, 0x51, 0x00, 0x05, 0x00, 0x07, // ...........Q....
	0x00, 0x00, 0x00, 0xff, 0x0d, 0x00, 0x00, 0xff, 0x1a, 0x00, 0x00, 0x03, 0x00, 0x00, 0x00, 0x50, // ...............P
	0x00, 0x06, 0x00, 0x14, 0x00, 0x00, 0x00, 0x47, 0x0e, 0x00, 0x00, 0xff, 0x0d, 0x00, 0x00, 0xff, // .......G........
	0x0d, 0x00, 0x00, 0xff, 0x0d, 0x00, 0x00, 0xf9, 0x00, 0x02, 0x00, 0x3a, 0x0e, 0x00, 0x00, 0xf8, // ...........:....
	0x00, 0x02, 0x00, 0x01, 0x0e, 0x00, 0x00, 0xb8, 0x00, 0x05, 0x00, 0x8b, 0x00, 0x00, 0x00, 0x03, // ................
	0x0e, 0x00, 0x00, 0x5a, 0x0d, 0x00, 0x00, 0x44, 0x01, 0x00, 0x00, 0xf7, 0x00, 0x03, 0x00, 0x07, // ...Z...D........
	0x0e, 0x00, 0x00, 0x00, 0x00, 0x00, 0x00, 0xfa, 0x00, 0x04, 0x00, 0x03, 0x0e, 0x00, 0x00, 0x04, // ................
	0x0e, 0x00, 0x00, 0x07, 0x0e, 0x00, 0x00, 0xf8, 0x00, 0x02, 0x00, 0x04, 0x0e, 0x00, 0x00, 0x4f, // ...............O
	0x00, 0x08, 0x00, 0x14, 0x00, 0x00, 0x00, 0x06, 0x0e, 0x00, 0x00, 0x02, 0x1b, 0x00, 0x00, 0x02, // ................
	0x1b, 0x00, 0x00, 0x00, 0x00, 0x00, 0x00, 0x01, 0x00, 0x00, 0x00, 0x02, 0x00, 0x00, 0x00, 0xf9, // ................
	0x00, 0x02, 0x00, 0x3a, 0x0e, 0x00, 0x00, 0xf8, 0x00, 0x02, 0x00, 0x07, 0x0e, 0x00, 0x00, 0xb8, // ...:............
	0x00, 0x05, 0x00, 0x8b, 0x00, 0x00, 0x00, 0x09, 0x0e, 0x00, 0x00, 0x5a, 0x0d, 0x00, 0x00, 0x4c, // ...........Z...L
	0x01, 0x00, 0x00, 0xf7, 0x00, 0x03, 0x00, 0x0e, 0x0e, 0x00, 0x00, 0x00, 0x00, 0x00, 0x00, 0xfa, // ................
	0x00, 0x04, 0x00, 0x09, 0x0e, 0x00, 0x00, 0x0a, 0x0e, 0x00, 0x00, 0x0e, 0x0e, 0x00, 0x00, 0xf8, // ................
	0x00, 0x02, 0x00, 0x0a, 0x0e, 0x00, 0x00, 0x51, 0x00, 0x05, 0x00, 0x07, 0x00, 0x00, 0x00, 0x0c, // .......Q........
	0x0e, 0x00, 0x00, 0x02, 0x1b, 0x00, 0x00, 0x03, 0x00, 0x00, 0x00, 0x50, 0x00, 0x06, 0x00, 0x14, // ...........P....
	0x00, 0x00, 0x00, 0x4b, 0x0e, 0x00, 0x00, 0x0c, 0x0e, 0x00, 0x00, 0x0c, 0x0e, 0x00, 0x00, 0x0c, // ...K............
	0x0e, 0x00, 0x00, 0xf9, 0x00, 0x02, 0x00, 0x3a, 0x0e, 0x00, 0x00, 0xf8, 0x00, 0x02, 0x00, 0x0e, // .......:........
	0x0e, 0x00, 0x00, 0xb8, 0x00, 0x05, 0x00, 0x8b, 0x00, 0x00, 0x00, 0x10, 0x0e, 0x00, 0x00, 0x5a, // ...............Z
	0x0d, 0x00, 0x00, 0x56, 0x01, 0x00, 0x00, 0xf7, 0x00, 0x03, 0x00, 0x14, 0x0e, 0x00, 0x00, 0x00, // ...V............
	0x00, 0x00, 0x00, 0xfa, 0x00, 0x04, 0x00, 0x10, 0x0e, 0x00, 0x00, 0x11, 0x0e, 0x00, 0x00, 0x14, // ................
	0x0e, 0x00, 0x00, 0xf8, 0x00, 0x02, 0x00, 0x11, 0x0e, 0x00, 0x00, 0x4f, 0x00, 0x08, 0x00, 0x14, // ...........O....
	0x00, 0x00, 0x00, 0x13, 0x0e, 0x00, 0x00, 0x08, 0x1b, 0x00, 0x00, 0x08, 0x1b, 0x00, 0x00, 0x00, // ................
	0x00, 0x00, 0x00, 0x01, 0x00, 0x00, 0x00, 0x02, 0x00, 0x00, 0x00, 0xf9, 0x00, 0x02, 0x00, 0x3a, // ...............:
	0x0e, 0x00, 0x00, 0xf8, 0x00, 0x02, 0x00, 0x14, 0x0e, 0x00, 0x00, 0xb8, 0x00, 0x05, 0x00, 0x8b, // ................
	0x00, 0x00, 0x00, 0x16, 0x0e, 0x00, 0x00, 0x5a, 0x0d, 0x00, 0x00, 0x5e, 0x01, 0x00, 0x00, 0xf7, // .......Z...^....
	0x00, 0x03, 0x00, 0x1b, 0x0e, 0x00, 0x00, 0x00, 0x00, 0x00, 0x00, 0xfa, 0x00, 0x04, 0x00, 0x16, // ................
	0x0e, 0x00, 0x00, 0x17, 0x0e, 0x00, 0x00, 0x1b, 0x0e, 0x00, 0x00, 0xf8, 0x00, 0x02, 0x00, 0x17, // ................
	0x0e, 0x00, 0x00, 0x51, 0x00, 0x05, 0x00, 0x07, 0x00, 0x00, 0x00, 0x19, 0x0e, 0x00, 0x00, 0x08, // ...Q............
	0x1b, 0x00, 0x00, 0x03, 0x00, 0x00, 0x00, 0x50, 0x00, 0x06, 0x00, 0x14, 0x00, 0x00, 0x00, 0x4f, // .......P.......O
	0x0e, 0x00, 0x00, 0x19, 0x0e, 0x00, 0x00, 0x19, 0x0e, 0x00, 0x00, 0x19, 0x0e, 0x00, 0x00, 0xf9, // ................
	0x00, 0x02, 0x00, 0x3a, 0x0e, 0x00, 0x00, 0xf8, 0x00, 0x02, 0x00, 0x1b, 0x0e, 0x00, 0x00, 0xb8, // ...:............
	0x00, 0x05, 0x00, 0x8b, 0x00, 0x00, 0x00, 0x1d, 0x0e, 0x00, 0x00, 0x5a, 0x0d, 0x00, 0x00, 0x68, // ...........Z...h
	0x01, 0x00, 0x00, 0xf7, 0x00, 0x03, 0x00, 0x21, 0x0e, 0x00, 0x00, 0x00, 0x00, 0x00, 0x00, 0xfa, // .......!........
	0x00, 0x04, 0x00, 0x1d, 0x0e, 0x00, 0x00, 0x1e, 0x0e, 0x00, 0x00, 0x21, 0x0e, 0x00, 0x00, 0xf8, // ...........!....
	0x00, 0x02, 0x00, 0x1e, 0x0e, 0x00, 0x00, 0x4f, 0x00, 0x08, 0x00, 0x14, 0x00, 0x00, 0x00, 0x20, // .......O.......
	0x0e, 0x00, 0x00, 0x78, 0x05, 0x00, 0x00, 0x78, 0x05, 0x00, 0x00, 0x00, 0x00, 0x00, 0x00, 0x01, // ...x...x........
	0x00, 0x00, 0x00, 0x02, 0x00, 0x00, 0x00, 0xf9, 0x00, 0x02, 0x00, 0x3a, 0x0e, 0x00, 0x00, 0xf8, // ...........:....
	0x00, 0x02, 0x00, 0x21, 0x0e, 0x00, 0x00, 0xb8, 0x00, 0x05, 0x00, 0x8b, 0x00, 0x00, 0x00, 0x23, // ...!...........#
	0x0e, 0x00, 0x00, 0x5a, 0x0d, 0x00, 0x00, 0x70, 0x01, 0x00, 0x00, 0xf7, 0x00, 0x03, 0x00, 0x28, // ...Z...p.......(
	0x0e, 0x00, 0x00, 0x00, 0x00, 0x00, 0x00, 0xfa, 0x00, 0x04, 0x00, 0x23, 0x0e, 0x00, 0x00, 0x24, // ...........#...$
	0x0e, 0x00, 0x00, 0x28, 0x0e, 0x00, 0x00, 0xf8, 0x00, 0x02, 0x00, 0x24, 0x0e, 0x00, 0x00, 0x51, // ...(.......$...Q
	0x00, 0x05, 0x00, 0x07, 0x00, 0x00, 0x00, 0x26, 0x0e, 0x00, 0x00, 0x78, 0x05, 0x00, 0x00, 0x03, // .......&...x....
	0x00, 0x00, 0x00, 0x50, 0x00, 0x06, 0x00, 0x14, 0x00, 0x00, 0x00, 0x53, 0x0e, 0x00, 0x00, 0x26, // ...P.......S...&
	0x0e, 0x00, 0x00, 0x26, 0x0e, 0x00, 0x00, 0x26, 0x0e, 0x00, 0x00, 0xf9, 0x00, 0x02, 0x00, 0x3a, // ...&...&.......:
	0x0e, 0x00, 0x00, 0xf8, 0x00, 0x02, 0x00, 0x28, 0x0e, 0x00, 0x00, 0xb8, 0x00, 0x05, 0x00, 0x8b, // .......(........
	0x00, 0x00, 0x00, 0x2a, 0x0e, 0x00, 0x00, 0x5a, 0x0d, 0x00, 0x00, 0x7a, 0x01, 0x00, 0x00, 0xf7, // ...*...Z...z....
	0x00, 0x03, 0x00, 0x2d, 0x0e, 0x00, 0x00, 0x00, 0x00, 0x00, 0x00, 0xfa, 0x00, 0x04, 0x00, 0x2a, // ...-...........*
	0x0e, 0x00, 0x00, 0x2b, 0x0e, 0x00, 0x00, 0x2d, 0x0e, 0x00, 0x00, 0xf8, 0x00, 0x02, 0x00, 0x2b, // ...+...-.......+
	0x0e, 0x00, 0x00, 0xf9, 0x00, 0x02, 0x00, 0x3a, 0x0e, 0x00, 0x00, 0xf8, 0x00, 0x02, 0x00, 0x2d, // .......:.......-
	0x0e, 0x00, 0x00, 0xb8, 0x00, 0x05, 0x00, 0x8b, 0x00, 0x00, 0x00, 0x2f, 0x0e, 0x00, 0x00, 0x5a, // .........../...Z
	0x0d, 0x00, 0x00, 0x82, 0x01, 0x00, 0x00, 0xf7, 0x00, 0x03, 0x00, 0x32, 0x0e, 0x00, 0x00, 0x00, // ...........2....
	0x00, 0x00, 0x00, 0xfa, 0x00, 0x04, 0x00, 0x2f, 0x0e, 0x00, 0x00, 0x30, 0x0e, 0x00, 0x00, 0x32, // ......./...0...2
	0x0e, 0x00, 0x00, 0xf8, 0x00, 0x02, 0x00, 0x30, 0x0e, 0x00, 0x00, 0xf9, 0x00, 0x02, 0x00, 0x3a, // .......0.......:
	0x0e, 0x00, 0x00, 0xf8, 0x00, 0x02, 0x00, 0x32, 0x0e, 0x00, 0x00, 0xb8, 0x00, 0x05, 0x00, 0x8b, // .......2........
	0x00, 0x00, 0x00, 0x34, 0x0e, 0x00, 0x00, 0x5a, 0x0d, 0x00, 0x00, 0x8b, 0x01, 0x00, 0x00, 0xf7, // ...4...Z........
	0x00, 0x03, 0x00, 0x38, 0x0e, 0x00, 0x00, 0x00, 0x00, 0x00, 0x00, 0xfa, 0x00, 0x04, 0x00, 0x34, // ...8...........4
	0x0e, 0x00, 0x00, 0x35, 0x0e, 0x00, 0x00, 0x38, 0x0e, 0x00, 0x00, 0xf8, 0x00, 0x02, 0x00, 0x35, // ...5...8.......5
	0x0e, 0x00, 0x00, 0x4f, 0x00, 0x08, 0x00, 0x14, 0x00, 0x00, 0x00, 0x37, 0x0e, 0x00, 0x00, 0x5c, // ...O.......7....
	0x06, 0x00, 0x00, 0x5c, 0x06, 0x00, 0x00, 0x00, 0x00, 0x00, 0x00, 0x01, 0x00, 0x00, 0x00, 0x02, // ................
	0x00, 0x00, 0x00, 0xf9, 0x00, 0x02, 0x00, 0x3a, 0x0e, 0x00, 0x00, 0xf8, 0x00, 0x02, 0x00, 0x38, // .......:.......8
	0x0e, 0x00, 0x00, 0xf9, 0x00, 0x02, 0x00, 0x3a, 0x0e, 0x00, 0x00, 0xf8, 0x00, 0x02, 0x00, 0x3a, // .......:.......:
	0x0e, 0x00, 0x00, 0xf5, 0x00, 0x23, 0x00, 0x14, 0x00, 0x00, 0x00, 0x19, 0x1b, 0x00, 0x00, 0xdf, // .....#..........
	0x0d, 0x00, 0x00, 0xdd, 0x0d, 0x00, 0x00, 0x3f, 0x0e, 0x00, 0x00, 0xe3, 0x0d, 0x00, 0x00, 0xec, // .......?........
	0x0d, 0x00, 0x00, 0xea, 0x0d, 0x00, 0x00, 0x43, 0x0e, 0x00, 0x00, 0xf0, 0x0d, 0x00, 0x00, 0xf9, // .......C........
	0x0d, 0x00, 0x00, 0xf7, 0x0d, 0x00, 0x00, 0x47, 0x0e, 0x00, 0x00, 0xfd, 0x0d, 0x00, 0x00, 0x06, // .......G........
	0x0e, 0x00, 0x00, 0x04, 0x0e, 0x00, 0x00, 0x4b, 0x0e, 0x00, 0x00, 0x0a, 0x0e, 0x00, 0x00, 0x13, // .......K........
	0x0e, 0x00, 0x00, 0x11, 0x0e, 0x00, 0x00, 0x4f, 0x0e, 0x00, 0x00, 0x17, 0x0e, 0x00, 0x00, 0x20, // .......O.......
	0x0e, 0x00, 0x00, 0x1e, 0x0e, 0x00, 0x00, 0x53, 0x0e, 0x00, 0x00, 0x24, 0x0e, 0x00, 0x00, 0x73, // .......S...$...s
	0x1a, 0x00, 0x00, 0x2b, 0x0e, 0x00, 0x00, 0x72, 0x1a, 0x00, 0x00, 0x30, 0x0e, 0x00, 0x00, 0x37, // ...+...r...0...7
	0x0e, 0x00, 0x00, 0x35, 0x0e, 0x00, 0x00, 0x30, 0x02, 0x00, 0x00, 0x38, 0x0e, 0x00, 0x00, 0x51, // ...5...0...8...Q
	0x00, 0x05, 0x00, 0x07, 0x00, 0x00, 0x00, 0x64, 0x0d, 0x00, 0x00, 0x52, 0x06, 0x00, 0x00, 0x01, // .......d...R....
	0x00, 0x00, 0x00, 0xf7, 0x00, 0x03, 0x00, 0xcd, 0x0e, 0x00, 0x00, 0x00, 0x00, 0x00, 0x00, 0xfb, // ................
	0x00, 0x03, 0x00, 0x06, 0x02, 0x00, 0x00, 0x6d, 0x0e, 0x00, 0x00, 0xf8, 0x00, 0x02, 0x00, 0x6d, // .......m.......m
	0x0e, 0x00, 0x00, 0xb8, 0x00, 0x05, 0x00, 0x8b, 0x00, 0x00, 0x00, 0x6f, 0x0e, 0x00, 0x00, 0x64, // ...........o...d
	0x0d, 0x00, 0x00, 0xe0, 0x00, 0x00, 0x00, 0xf7, 0x00, 0x03, 0x00, 0x73, 0x0e, 0x00, 0x00, 0x00, // ...........s....
	0x00, 0x00, 0x00, 0xfa, 0x00, 0x04, 0x00, 0x6f, 0x0e, 0x00, 0x00, 0x70, 0x0e, 0x00, 0x00, 0x73, // .......o...p...s
	0x0e, 0x00, 0x00, 0xf8, 0x00, 0x02, 0x00, 0x70, 0x0e, 0x00, 0x00, 0x4f, 0x00, 0x08, 0x00, 0x14, // .......p...O....
	0x00, 0x00, 0x00, 0x72, 0x0e, 0x00, 0x00, 0xf9, 0x1a, 0x00, 0x00, 0xf9, 0x1a, 0x00, 0x00, 0x00, // ...r............
	0x00, 0x00, 0x00, 0x01, 0x00, 0x00, 0x00, 0x02, 0x00, 0x00, 0x00, 0xf9, 0x00, 0x02, 0x00, 0xcd, // ................
	0x0e, 0x00, 0x00, 0xf8, 0x00, 0x02, 0x00, 0x73, 0x0e, 0x00, 0x00, 0xb8, 0x00, 0x05, 0x00, 0x8b, // .......s........
	0x00, 0x00, 0x00, 0x75, 0x0e, 0x00, 0x00, 0x64, 0x0d, 0x00, 0x00, 0xe7, 0x00, 0x00, 0x00, 0xf7, // ...u...d........
	0x00, 0x03, 0x00, 0x7a, 0x0e, 0x00, 0x00, 0x00, 0x00, 0x00, 0x00, 0xfa, 0x00, 0x04, 0x00, 0x75, // ...z...........u
	0x0e, 0x00, 0x00, 0x76, 0x0e, 0x00, 0x00, 0x7a, 0x0e, 0x00, 0x00, 0xf8, 0x00, 0x02, 0x00, 0x76, // ...v...z.......v
	0x0e, 0x00, 0x00, 0x51, 0x00, 0x05, 0x00, 0x07, 0x00, 0x00, 0x00, 0x78, 0x0e, 0x00, 0x00, 0xf9, // ...Q.......x....
	0x1a, 0x00, 0x00, 0x03, 0x00, 0x00, 0x00, 0x50, 0x00, 0x06, 0x00, 0x14, 0x00, 0x00, 0x00, 0xd2, // .......P........
	0x0e, 0x00, 0x00, 0x78, 0x0e, 0x00, 0x00, 0x78, 0x0e, 0x00, 0x00, 0x78, 0x0e, 0x00, 0x00, 0xf9, // ...x...x...x....
	0x00, 0x02, 0x00, 0xcd, 0x0e, 0x00, 0x00, 0xf8, 0x00, 0x02, 0x00, 0x7a, 0x0e, 0x00, 0x00, 0xb8, // ...........z....
	0x00, 0x05, 0x00, 0x8b, 0x00, 0x00, 0x00, 0x7c, 0x0e, 0x00, 0x00, 0x64, 0x0d, 0x00, 0x00, 0xee, // .......|...d....
	0x00, 0x00, 0x00, 0xf7, 0x00, 0x03, 0x00, 0x80, 0x0e, 0x00, 0x00, 0x00, 0x00, 0x00, 0x00, 0xfa, // ................
	0x00, 0x04, 0x00, 0x7c, 0x0e, 0x00, 0x00, 0x7d, 0x0e, 0x00, 0x00, 0x80, 0x0e, 0x00, 0x00, 0xf8, // ...|...}........
	0x00, 0x02, 0x00, 0x7d, 0x0e, 0x00, 0x00, 0x4f, 0x00, 0x08, 0x00, 0x14, 0x00, 0x00, 0x00, 0x7f, // ...}...O........
	0x0e, 0x00, 0x00, 0xfc, 0x1a, 0x00, 0x00, 0xfc, 0x1a, 0x00, 0x00, 0x00, 0x00, 0x00, 0x00, 0x01, // ................
	0x00, 0x00, 0x00, 0x02, 0x00, 0x00, 0x00, 0xf9, 0x00, 0x02, 0x00, 0xcd, 0x0e, 0x00, 0x00, 0xf8, // ................
	0x00, 0x02, 0x00, 0x80, 0x0e, 0x00, 0x00, 0xb8, 0x00, 0x05, 0x00, 0x8b, 0x00, 0x00, 0x00, 0x82, // ................
	0x0e, 0x00, 0x00, 0x64, 0x0d, 0x00, 0x00, 0x28, 0x01, 0x00, 0x00, 0xf7, 0x00, 0x03, 0x00, 0x87, // ...d...(........
	0x0e, 0x00, 0x00, 0x00, 0x00, 0x00, 0x00, 0xfa, 0x00, 0x04, 0x00, 0x82, 0x0e, 0x00, 0x00, 0x83, // ................
	0x0e, 0x00, 0x00, 0x87, 0x0e, 0x00, 0x00, 0xf8, 0x00, 0x02, 0x00, 0x83, 0x0e, 0x00, 0x00, 0x51, // ...............Q
	0x00, 0x05, 0x00, 0x07, 0x00, 0x00, 0x00, 0x85, 0x0e, 0x00, 0x00, 0xfc, 0x1a, 0x00, 0x00, 0x03, // ................
	0x00, 0x00, 0x00, 0x50, 0x00, 0x06, 0x00, 0x14, 0x00, 0x00, 0x00, 0xd6, 0x0e, 0x00, 0x00, 0x85, // ...P............
	0x0e, 0x00, 0x00, 0x85, 0x0e, 0x00, 0x00, 0x85, 0x0e, 0x00, 0x00, 0xf9, 0x00, 0x02, 0x00, 0xcd, // ................
	0x0e, 0x00, 0x00, 0xf8, 0x00, 0x02, 0x00, 0x87, 0x0e, 0x00, 0x00, 0xb8, 0x00, 0x05, 0x00, 0x8b, // ................
	0x00, 0x00, 0x00, 0x89, 0x0e, 0x00, 0x00, 0x64, 0x0d, 0x00, 0x00, 0x32, 0x01, 0x00, 0x00, 0xf7, // .......d...2....
	0x00, 0x03, 0x00, 0x8d, 0x0e, 0x00, 0x00, 0x00, 0x00, 0x00, 0x00, 0xfa, 0x00, 0x04, 0x00, 0x89, // ................
	0x0e, 0x00, 0x00, 0x8a, 0x0e, 0x00, 0x00, 0x8d, 0x0e, 0x00, 0x00, 0xf8, 0x00, 0x02, 0x00, 0x8a, // ................
	0x0e, 0x00, 0x00, 0x4f, 0x00, 0x08, 0x00, 0x14, 0x00, 0x00, 0x00, 0x8c, 0x0e, 0x00, 0x00, 0xff, // ...O............
	0x1a, 0x00, 0x00, 0xff, 0x1a, 0x00, 0x00, 0x00, 0x00, 0x00, 0x00, 0x01, 0x00, 0x00, 0x00, 0x02, // ................
	0x00, 0x00, 0x00, 0xf9, 0x00, 0x02, 0x00, 0xcd, 0x0e, 0x00, 0x00, 0xf8, 0x00, 0x02, 0x00, 0x8d, // ................
	0x0e, 0x00, 0x00, 0xb8, 0x00, 0x05, 0x00, 0x8b, 0x00, 0x00, 0x00, 0x8f, 0x0e, 0x00, 0x00, 0x64, // ...............d
	0x0d, 0x00, 0x00, 0x3a, 0x01, 0x00, 0x00, 0xf7, 0x00, 0x03, 0x00, 0x94, 0x0e, 0x00, 0x00, 0x00, // ...:............
	0x00, 0x00, 0x00, 0xfa, 0x00, 0x04, 0x00, 0x8f, 0x0e, 0x00, 0x00, 0x90, 0x0e, 0x00, 0x00, 0x94, // ................
	0x0e, 0x00, 0x00, 0xf8, 0x00, 0x02, 0x00, 0x90, 0x0e, 0x00, 0x00, 0x51, 0x00, 0x05, 0x00, 0x07, // ...........Q....
	0x00, 0x00, 0x00, 0x92, 0x0e, 0x00, 0x00, 0xff, 0x1a, 0x00, 0x00, 0x03, 0x00, 0x00, 0x00, 0x50, // ...............P
	0x00, 0x06, 0x00, 0x14, 0x00, 0x00, 0x00, 0xda, 0x0e, 0x00, 0x00, 0x92, 0x0e, 0x00, 0x00, 0x92, // ................
	0x0e, 0x00, 0x00, 0x92, 0x0e, 0x00, 0x00, 0xf9, 0x00, 0x02, 0x00, 0xcd, 0x0e, 0x00, 0x00, 0xf8, // ................
	0x00, 0x02, 0x00, 0x94, 0x0e, 0x00, 0x00, 0xb8, 0x00, 0x05, 0x00, 0x8b, 0x00, 0x00, 0x00, 0x96, // ................
	0x0e, 0x00, 0x00, 0x64, 0x0d, 0x00, 0x00, 0x44, 0x01, 0x00, 0x00, 0xf7, 0x00, 0x03, 0x00, 0x9a, // ...d...D........
	0x0e, 0x00, 0x00, 0x00, 0x00, 0x00, 0x00, 0xfa, 0x00, 0x04, 0x00, 0x96, 0x0e, 0x00, 0x00, 0x97, // ................
	0x0e, 0x00, 0x00, 0x9a, 0x0e, 0x00, 0x00, 0xf8, 0x00, 0x02, 0x00, 0x97, 0x0e, 0x00, 0x00, 0x4f, // ...............O
	0x00, 0x08, 0x00, 0x14, 0x00, 0x00, 0x00, 0x99, 0x0e, 0x00, 0x00, 0x02, 0x1b, 0x00, 0x00, 0x02, // ................
	0x1b, 0x00, 0x00, 0x00, 0x00, 0x00, 0x00, 0x01, 0x00, 0x00, 0x00, 0x02, 0x00, 0x00, 0x00, 0xf9, // ................
	0x00, 0x02, 0x00, 0xcd, 0x0e, 0x00, 0x00, 0xf8, 0x00, 0x02, 0x00, 0x9a, 0x0e, 0x00, 0x00, 0xb8, // ................
	0x00, 0x05, 0x00, 0x8b, 0x00, 0x00, 0x00, 0x9c, 0x0e, 0x00, 0x00, 0x64, 0x0d, 0x00, 0x00, 0x4c, // ...........d...L
	0x01, 0x00, 0x00, 0xf7, 0x00, 0x03, 0x00, 0xa1, 0x0e, 0x00, 0x00, 0x00, 0x00, 0x00, 0x00, 0xfa, // ................
	0x00, 0x04, 0x00, 0x9c, 0x0e, 0x00, 0x00, 0x9d, 0x0e, 0x00, 0x00, 0xa1, 0x0e, 0x00, 0x00, 0xf8, // ................
	0x00, 0x02, 0x00, 0x9d, 0x0e, 0x00, 0x00, 0x51, 0x00, 0x05, 0x00, 0x07, 0x00, 0x00, 0x00, 0x9f, // .......Q........
	0x0e, 0x00, 0x00, 0x02, 0x1b, 0x00, 0x00, 0x03, 0x00, 0x00, 0x00, 0x50, 0x00, 0x06, 0x00, 0x14, // ...........P....
	0x00, 0x00, 0x00, 0xde, 0x0e, 0x00, 0x00, 0x9f, 0x0e, 0x00, 0x00, 0x9f, 0x0e, 0x00, 0x00, 0x9f, // ................
	0x0e, 0x00, 0x00, 0xf9, 0x00, 0x02, 0x00, 0xcd, 0x0e, 0x00, 0x00, 0xf8, 0x00, 0x02, 0x00, 0xa1, // ................
	0x0e, 0x00, 0x00, 0xb8, 0x00, 0x05, 0x00, 0x8b, 0x00, 0x00, 0x00, 0xa3, 0x0e, 0x00, 0x00, 0x64, // ...............d
	0x0d, 0x00, 0x00, 0x56, 0x01, 0x00, 0x00, 0xf7, 0x00, 0x03, 0x00, 0xa7, 0x0e, 0x00, 0x00, 0x00, // ...V............
	0x00, 0x00, 0x00, 0xfa, 0x00, 0x04, 0x00, 0xa3, 0x0e, 0x00, 0x00, 0xa4, 0x0e, 0x00, 0x00, 0xa7, // ................
	0x0e, 0x00, 0x00, 0xf8, 0x00, 0x02, 0x00, 0xa4, 0x0e, 0x00, 0x00, 0x4f, 0x00, 0x08, 0x00, 0x14, // ...........O....
	0x00, 0x00, 0x00, 0xa6, 0x0e, 0x00, 0x00, 0x08, 0x1b, 0x00, 0x00, 0x08, 0x1b, 0x00, 0x00, 0x00, // ................
	0x00, 0x00, 0x00, 0x01, 0x00, 0x00, 0x00, 0x02, 0x00, 0x00, 0x00, 0xf9, 0x00, 0x02, 0x00, 0xcd, // ................
	0x0e, 0x00, 0x00, 0xf8, 0x00, 0x02, 0x00, 0xa7, 0x0e, 0x00, 0x00, 0xb8, 0x00, 0x05, 0x00, 0x8b, // ................
	0x00, 0x00, 0x00, 0xa9, 0x0e, 0x00, 0x00, 0x64, 0x0d, 0x00, 0x00, 0x5e, 0x01, 0x00, 0x00, 0xf7, // .......d...^....
	0x00, 0x03, 0x00, 0xae, 0x0e, 0x00, 0x00, 0x00, 0x00, 0x00, 0x00, 0xfa, 0x00, 0x04, 0x00, 0xa9, // ................
	0x0e, 0x00, 0x00, 0xaa, 0x0e, 0x00, 0x00, 0xae, 0x0e, 0x00, 0x00, 0xf8, 0x00, 0x02, 0x00, 0xaa, // ................
	0x0e, 0x00, 0x00, 0x51, 0x00, 0x05, 0x00, 0x07, 0x00, 0x00, 0x00, 0xac, 0x0e, 0x00, 0x00, 0x08, // ...Q............
	0x1b, 0x00, 0x00, 0x03, 0x00, 0x00, 0x00, 0x50, 0x00, 0x06, 0x00, 0x14, 0x00, 0x00, 0x00, 0xe2, // .......P........
	0x0e, 0x00, 0x00, 0xac, 0x0e, 0x00, 0x00, 0xac, 0x0e, 0x00, 0x00, 0xac, 0x0e, 0x00, 0x00, 0xf9, // ................
	0x00, 0x02, 0x00, 0xcd, 0x0e, 0x00, 0x00, 0xf8, 0x00, 0x02, 0x00, 0xae, 0x0e, 0x00, 0x00, 0xb8, // ................
	0x00, 0x05, 0x00, 0x8b, 0x00, 0x00, 0x00, 0xb0, 0x0e, 0x00, 0x00, 0x64, 0x0d, 0x00, 0x00, 0x68, // ...........d...h
	0x01, 0x00, 0x00, 0xf7, 0x00, 0x03, 0x00, 0xb4, 0x0e, 0x00, 0x00, 0x00, 0x00, 0x00, 0x00, 0xfa, // ................
	0x00, 0x04, 0x00, 0xb0, 0x0e, 0x00, 0x00, 0xb1, 0x0e, 0x00, 0x00, 0xb4, 0x0e, 0x00, 0x00, 0xf8, // ................
	0x00, 0x02, 0x00, 0xb1, 0x0e, 0x00, 0x00, 0x4f, 0x00, 0x08, 0x00, 0x14, 0x00, 0x00, 0x00, 0xb3, // .......O........
	0x0e, 0x00, 0x00, 0x78, 0x05, 0x00, 0x00, 0x78, 0x05, 0x00, 0x00, 0x00, 0x00, 0x00, 0x00, 0x01, // ...x...x........
	0x00, 0x00, 0x00, 0x02, 0x00, 0x00, 0x00, 0xf9, 0x00, 0x02, 0x00, 0xcd, 0x0e, 0x00, 0x00, 0xf8, // ................
	0x00, 0x02, 0x00, 0xb4, 0x0e, 0x00, 0x00, 0xb8, 0x00, 0x05, 0x00, 0x8b, 0x00, 0x00, 0x00, 0xb6, // ................
	0x0e, 0x00, 0x00, 0x64, 0x0d, 0x00, 0x00, 0x70, 0x01, 0x00, 0x00, 0xf7, 0x00, 0x03, 0x00, 0xbb, // ...d...p........
	0x0e, 0x00, 0x00, 0x00, 0x00, 0x00, 0x00, 0xfa, 0x00, 0x04, 0x00, 0xb6, 0x0e, 0x00, 0x00, 0xb7, // ................
	0x0e, 0x00, 0x00, 0xbb, 0x0e, 0x00, 0x00, 0xf8, 0x00, 0x02, 0x00, 0xb7, 0x0e, 0x00, 0x00, 0x51, // ...............Q
	0x00, 0x05, 0x00, 0x07, 0x00, 0x00, 0x00, 0xb9, 0x0e, 0x00, 0x00, 0x78, 0x05, 0x00, 0x00, 0x03, // ...........x....
	0x00, 0x00, 0x00, 0x50, 0x00, 0x06, 0x00, 0x14, 0x00, 0x00, 0x00, 0xe6, 0x0e, 0x00, 0x00, 0xb9, // ...P............
	0x0e, 0x00, 0x00, 0xb9, 0x0e, 0x00, 0x00, 0xb9, 0x0e, 0x00, 0x00, 0xf9, 0x00, 0x02, 0x00, 0xcd, // ................
	0x0e, 0x00, 0x00, 0xf8, 0x00, 0x02, 0x00, 0xbb, 0x0e, 0x00, 0x00, 0xb8, 0x00, 0x05, 0x00, 0x8b, // ................
	0x00, 0x00, 0x00, 0xbd, 0x0e, 0x00, 0x00, 0x64, 0x0d, 0x00, 0x00, 0x7a, 0x01, 0x00, 0x00, 0xf7, // .......d...z....
	0x00, 0x03, 0x00, 0xc0, 0x0e, 0x00, 0x00, 0x00, 0x00, 0x00, 0x00, 0xfa, 0x00, 0x04, 0x00, 0xbd, // ................
	0x0e, 0x00, 0x00, 0xbe, 0x0e, 0x00, 0x00, 0xc0, 0x0e, 0x00, 0x00, 0xf8, 0x00, 0x02, 0x00, 0xbe, // ................
	0x0e, 0x00, 0x00, 0xf9, 0x00, 0x02, 0x00, 0xcd, 0x0e, 0x00, 0x00, 0xf8, 0x00, 0x02, 0x00, 0xc0, // ................
	0x0e, 0x00, 0x00, 0xb8, 0x00, 0x05, 0x00, 0x8b, 0x00, 0x00, 0x00, 0xc2, 0x0e, 0x00, 0x00, 0x64, // ...............d
	0x0d, 0x00, 0x00, 0x82, 0x01, 0x00, 0x00, 0xf7, 0x00, 0x03, 0x00, 0xc5, 0x0e, 0x00, 0x00, 0x00, // ................
	0x00, 0x00, 0x00, 0xfa, 0x00, 0x04, 0x00, 0xc2, 0x0e, 0x00, 0x00, 0xc3, 0x0e, 0x00, 0x00, 0xc5, // ................
	0x0e, 0x00, 0x00, 0xf8, 0x00, 0x02, 0x00, 0xc3, 0x0e, 0x00, 0x00, 0xf9, 0x00, 0x02, 0x00, 0xcd, // ................
	0x0e, 0x00, 0x00, 0xf8, 0x00, 0x02, 0x00, 0xc5, 0x0e, 0x00, 0x00, 0xb8, 0x00, 0x05, 0x00, 0x8b, // ................
	0x00, 0x00, 0x00, 0xc7, 0x0e, 0x00, 0x00, 0x64, 0x0d, 0x00, 0x00, 0x8b, 0x01, 0x00, 0x00, 0xf7, // .......d........
	0x00, 0x03, 0x00, 0xcb, 0x0e, 0x00, 0x00, 0x00, 0x00, 0x00, 0x00, 0xfa, 0x00, 0x04, 0x00, 0xc7, // ................
	0x0e, 0x00, 0x00, 0xc8, 0x0e, 0x00, 0x00, 0xcb, 0x0e, 0x00, 0x00, 0xf8, 0x00, 0x02, 0x00, 0xc8, // ................
	0x0e, 0x00, 0x00, 0x4f, 0x00, 0x08, 0x00, 0x14, 0x00, 0x00, 0x00, 0xca, 0x0e, 0x00, 0x00, 0x5c, // ...O............
	0x06, 0x00, 0x00, 0x5c, 0x06, 0x00, 0x00, 0x00, 0x00, 0x00, 0x00, 0x01, 0x00, 0x00, 0x00, 0x02, // ................
	0x00, 0x00, 0x00, 0xf9, 0x00, 0x02, 0x00, 0xcd, 0x0e, 0x00, 0x00, 0xf8, 0x00, 0x02, 0x00, 0xcb, // ................
	0x0e, 0x00, 0x00, 0xf9, 0x00, 0x02, 0x00, 0xcd, 0x0e, 0x00, 0x00, 0xf8, 0x00, 0x02, 0x00, 0xcd, // ................
	0x0e, 0x00, 0x00, 0xf5, 0x00, 0x23, 0x00, 0x14, 0x00, 0x00, 0x00, 0x1e, 0x1b, 0x00, 0x00, 0x72, // .....#.........r
	0x0e, 0x00, 0x00, 0x70, 0x0e, 0x00, 0x00, 0xd2, 0x0e, 0x00, 0x00, 0x76, 0x0e, 0x00, 0x00, 0x7f, // ...p.......v....
	0x0e, 0x00, 0x00, 0x7d, 0x0e, 0x00, 0x00, 0xd6, 0x0e, 0x00, 0x00, 0x83, 0x0e, 0x00, 0x00, 0x8c, // ...}............
	0x0e, 0x00, 0x00, 0x8a, 0x0e, 0x00, 0x00, 0xda, 0x0e, 0x00, 0x00, 0x90, 0x0e, 0x00, 0x00, 0x99, // ................
	0x0e, 0x00, 0x00, 0x97, 0x0e, 0x00, 0x00, 0xde, 0x0e, 0x00, 0x00, 0x9d, 0x0e, 0x00, 0x00, 0xa6, // ................
	0x0e, 0x00, 0x00, 0xa4, 0x0e, 0x00, 0x00, 0xe2, 0x0e, 0x00, 0x00, 0xaa, 0x0e, 0x00, 0x00, 0xb3, // ................
	0x0e, 0x00, 0x00, 0xb1, 0x0e, 0x00, 0x00, 0xe6, 0x0e, 0x00, 0x00, 0xb7, 0x0e, 0x00, 0x00, 0x73, // ...............s
	0x1a, 0x00, 0x00, 0xbe, 0x0e, 0x00, 0x00, 0x72, 0x1a, 0x00, 0x00, 0xc3, 0x0e, 0x00, 0x00, 0xca, // .......r........
	0x0e, 0x00, 0x00, 0xc8, 0x0e, 0x00, 0x00, 0x30, 0x02, 0x00, 0x00, 0xcb, 0x0e, 0x00, 0x00, 0x51, // .......0.......Q
	0x00, 0x05, 0x00, 0x07, 0x00, 0x00, 0x00, 0x6e, 0x0d, 0x00, 0x00, 0x52, 0x06, 0x00, 0x00, 0x02, // .......n...R....
	0x00, 0x00, 0x00, 0xf7, 0x00, 0x03, 0x00, 0x60, 0x0f, 0x00, 0x00, 0x00, 0x00, 0x00, 0x00, 0xfb, // .......`........
	0x00, 0x03, 0x00, 0x06, 0x02, 0x00, 0x00, 0x00, 0x0f, 0x00, 0x00, 0xf8, 0x00, 0x02, 0x00, 0x00, // ................
	0x0f, 0x00, 0x00, 0xb8, 0x00, 0x05, 0x00, 0x8b, 0x00, 0x00, 0x00, 0x02, 0x0f, 0x00, 0x00, 0x6e, // ...............n
	0x0d, 0x00, 0x00, 0xe0, 0x00, 0x00, 0x00, 0xf7, 0x00, 0x03, 0x00, 0x06, 0x0f, 0x00, 0x00, 0x00, // ................
	0x00, 0x00, 0x00, 0xfa, 0x00, 0x04, 0x00, 0x02, 0x0f, 0x00, 0x00, 0x03, 0x0f, 0x00, 0x00, 0x06, // ................
	0x0f, 0x00, 0x00, 0xf8, 0x00, 0x02, 0x00, 0x03, 0x0f, 0x00, 0x00, 0x4f, 0x00, 0x08, 0x00, 0x14, // ...........O....
	0x00, 0x00, 0x00, 0x05, 0x0f, 0x00, 0x00, 0xf9, 0x1a, 0x00, 0x00, 0xf9, 0x1a, 0x00, 0x00, 0x00, // ................
	0x00, 0x00, 0x00, 0x01, 0x00, 0x00, 0x00, 0x02, 0x00, 0x00, 0x00, 0xf9, 0x00, 0x02, 0x00, 0x60, // ...............`
	0x0f, 0x00, 0x00, 0xf8, 0x00, 0x02, 0x00, 0x06, 0x0f, 0x00, 0x00, 0xb8, 0x00, 0x05, 0x00, 0x8b, // ................
	0x00, 0x00, 0x00, 0x08, 0x0f, 0x00, 0x00, 0x6e, 0x0d, 0x00, 0x00, 0xe7, 0x00, 0x00, 0x00, 0xf7, // .......n........
	0x00, 0x03, 0x00, 0x0d, 0x0f, 0x00, 0x00, 0x00, 0x00, 0x00, 0x00, 0xfa, 0x00, 0x04, 0x00, 0x08, // ................
	0x0f, 0x00, 0x00, 0x09, 0x0f, 0x00, 0x00, 0x0d, 0x0f, 0x00, 0x00, 0xf8, 0x00, 0x02, 0x00, 0x09, // ................
	0x0f, 0x00, 0x00, 0x51, 0x00, 0x05, 0x00, 0x07, 0x00, 0x00, 0x00, 0x0b, 0x0f, 0x00, 0x00, 0xf9, // ...Q............
	0x1a, 0x00, 0x00, 0x03, 0x00, 0x00, 0x00, 0x50, 0x00, 0x06, 0x00, 0x14, 0x00, 0x00, 0x00, 0x65, // .......P.......e
	0x0f, 0x00, 0x00, 0x0b, 0x0f, 0x00, 0x00, 0x0b, 0x0f, 0x00, 0x00, 0x0b, 0x0f, 0x00, 0x00, 0xf9, // ................
	0x00, 0x02, 0x00, 0x60, 0x0f, 0x00, 0x00, 0xf8, 0x00, 0x02, 0x00, 0x0d, 0x0f, 0x00, 0x00, 0xb8, // ...`............
	0x00, 0x05, 0x00, 0x8b, 0x00, 0x00, 0x00, 0x0f, 0x0f, 0x00, 0x00, 0x6e, 0x0d, 0x00, 0x00, 0xee, // ...........n....
	0x00, 0x00, 0x00, 0xf7, 0x00, 0x03, 0x00, 0x13, 0x0f, 0x00, 0x00, 0x00, 0x00, 0x00, 0x00, 0xfa, // ................
	0x00, 0x04, 0x00, 0x0f, 0x0f, 0x00, 0x00, 0x10, 0x0f, 0x00, 0x00, 0x13, 0x0f, 0x00, 0x00, 0xf8, // ................
	0x00, 0x02, 0x00, 0x10, 0x0f, 0x00, 0x00, 0x4f, 0x00, 0x08, 0x00, 0x14, 0x00, 0x00, 0x00, 0x12, // .......O........
	0x0f, 0x00, 0x00, 0xfc, 0x1a, 0x00, 0x00, 0xfc, 0x1a, 0x00, 0x00, 0x00, 0x00, 0x00, 0x00, 0x01, // ................
	0x00, 0x00, 0x00, 0x02, 0x00, 0x00, 0x00, 0xf9, 0x00, 0x02, 0x00, 0x60, 0x0f, 0x00, 0x00, 0xf8, // ...........`....
	0x00, 0x02, 0x00, 0x13, 0x0f, 0x00, 0x00, 0xb8, 0x00, 0x05, 0x00, 0x8b, 0x00, 0x00, 0x00, 0x15, // ................
	0x0f, 0x00, 0x00, 0x6e, 0x0d, 0x00, 0x00, 0x28, 0x01, 0x00, 0x00, 0xf7, 0x00, 0x03, 0x00, 0x1a, // ...n...(........
	0x0f, 0x00, 0x00, 0x00, 0x00, 0x00, 0x00, 0xfa, 0x00, 0x04, 0x00, 0x15, 0x0f, 0x00, 0x00, 0x16, // ................
	0x0f, 0x00, 0x00, 0x1a, 0x0f, 0x00, 0x00, 0xf8, 0x00, 0x02, 0x00, 0x16, 0x0f, 0x00, 0x00, 0x51, // ...............Q
	0x00, 0x05, 0x00, 0x07, 0x00, 0x00, 0x00, 0x18, 0x0f, 0x00, 0x00, 0xfc, 0x1a, 0x00, 0x00, 0x03, // ................
	0x00, 0x00, 0x00, 0x50, 0x00, 0x06, 0x00, 0x14, 0x00, 0x00, 0x00, 0x69, 0x0f, 0x00, 0x00, 0x18, // ...P.......i....
	0x0f, 0x00, 0x00, 0x18, 0x0f, 0x00, 0x00, 0x18, 0x0f, 0x00, 0x00, 0xf9, 0x00, 0x02, 0x00, 0x60, // ...............`
	0x0f, 0x00, 0x00, 0xf8, 0x00, 0x02, 0x00, 0x1a, 0x0f, 0x00, 0x00, 0xb8, 0x00, 0x05, 0x00, 0x8b, // ................
	0x00, 0x00, 0x00, 0x1c, 0x0f, 0x00, 0x00, 0x6e, 0x0d, 0x00, 0x00, 0x32, 0x01, 0x00, 0x00, 0xf7, // .......n...2....
	0x00, 0x03, 0x00, 0x20, 0x0f, 0x00, 0x00, 0x00, 0x00, 0x00, 0x00, 0xfa, 0x00, 0x04, 0x00, 0x1c, // ... ............
	0x0f, 0x00, 0x00, 0x1d, 0x0f, 0x00, 0x00, 0x20, 0x0f, 0x00, 0x00, 0xf8, 0x00, 0x02, 0x00, 0x1d, // ....... ........
	0x0f, 0x00, 0x00, 0x4f, 0x00, 0x08, 0x00, 0x14, 0x00, 0x00, 0x00, 0x1f, 0x0f, 0x00, 0x00, 0xff, // ...O............
	0x1a, 0x00, 0x00, 0xff, 0x1a, 0x00, 0x00, 0x00, 0x00, 0x00, 0x00, 0x01, 0x00, 0x00, 0x00, 0x02, // ................
	0x00, 0x00, 0x00, 0xf9, 0x00, 0x02, 0x00, 0x60, 0x0f, 0x00, 0x00, 0xf8, 0x00, 0x02, 0x00, 0x20, // .......`.......
	0x0f, 0x00, 0x00, 0xb8, 0x00, 0x05, 0x00, 0x8b, 0x00, 0x00, 0x00, 0x22, 0x0f, 0x00, 0x00, 0x6e, // ..........."...n
	0x0d, 0x00, 0x00, 0x3a, 0x01, 0x00, 0x00, 0xf7, 0x00, 0x03, 0x00, 0x27, 0x0f, 0x00, 0x00, 0x00, // ...:.......'....
	0x00, 0x00, 0x00, 0xfa, 0x00, 0x04, 0x00, 0x22, 0x0f, 0x00, 0x00, 0x23, 0x0f, 0x00, 0x00, 0x27, // ......."...#...'
	0x0f, 0x00, 0x00, 0xf8, 0x00, 0x02, 0x00, 0x23, 0x0f, 0x00, 0x00, 0x51, 0x00, 0x05, 0x00, 0x07, // .......#...Q....
	0x00, 0x00, 0x00, 0x25, 0x0f, 0x00, 0x00, 0xff, 0x1a, 0x00, 0x00, 0x03, 0x00, 0x00, 0x00, 0x50, // ...%...........P
	0x00, 0x06, 0x00, 0x14, 0x00, 0x00, 0x00, 0x6d, 0x0f, 0x00, 0x00, 0x25, 0x0f, 0x00, 0x00, 0x25, // .......m...%...%
	0x0f, 0x00, 0x00, 0x25, 0x0f, 0x00, 0x00, 0xf9, 0x00, 0x02, 0x00, 0x60, 0x0f, 0x00, 0x00, 0xf8, // ...%.......`....
	0x00, 0x02, 0x00, 0x27, 0x0f, 0x00, 0x00, 0xb8, 0x00, 0x05, 0x00, 0x8b, 0x00, 0x00, 0x00, 0x29, // ...'...........)
	0x0f, 0x00, 0x00, 0x6e, 0x0d, 0x00, 0x00, 0x44, 0x01, 0x00, 0x00, 0xf7, 0x00, 0x03, 0x00, 0x2d, // ...n...D.......-
	0x0f, 0x00, 0x00, 0x00, 0x00, 0x00, 0x00, 0xfa, 0x00, 0x04, 0x00, 0x29, 0x0f, 0x00, 0x00, 0x2a, // ...........)...*
	0x0f, 0x00, 0x00, 0x2d, 0x0f, 0x00, 0x00, 0xf8, 0x00, 0x02, 0x00, 0x2a, 0x0f, 0x00, 0x00, 0x4f, // ...-.......*...O
	0x00, 0x08, 0x00, 0x14, 0x00, 0x00, 0x00, 0x2c, 0x0f, 0x00, 0x00, 0x02, 0x1b, 0x00, 0x00, 0x02, // .......,........
	0x1b, 0x00, 0x00, 0x00, 0x00, 0x00, 0x00, 0x01, 0x00, 0x00, 0x00, 0x02, 0x00, 0x00, 0x00, 0xf9, // ................
	0x00, 0x02, 0x00, 0x60, 0x0f, 0x00, 0x00, 0xf8, 0x00, 0x02, 0x00, 0x2d, 0x0f, 0x00, 0x00, 0xb8, // ...`.......-....
	0x00, 0x05, 0x00, 0x8b, 0x00, 0x00, 0x00, 0x2f, 0x0f, 0x00, 0x00, 0x6e, 0x0d, 0x00, 0x00, 0x4c, // ......./...n...L
	0x01, 0x00, 0x00, 0xf7, 0x00, 0x03, 0x00, 0x34, 0x0f, 0x00, 0x00, 0x00, 0x00, 0x00, 0x00, 0xfa, // .......4........
	0x00, 0x04, 0x00, 0x2f, 0x0f, 0x00, 0x00, 0x30, 0x0f, 0x00, 0x00, 0x34, 0x0f, 0x00, 0x00, 0xf8, // .../...0...4....
	0x00, 0x02, 0x00, 0x30, 0x0f, 0x00, 0x00, 0x51, 0x00, 0x05, 0x00, 0x07, 0x00, 0x00, 0x00, 0x32, // ...0...Q.......2
	0x0f, 0x00, 0x00, 0x02, 0x1b, 0x00, 0x00, 0x03, 0x00, 0x00, 0x00, 0x50, 0x00, 0x06, 0x00, 0x14, // ...........P....
	0x00, 0x00, 0x00, 0x71, 0x0f, 0x00, 0x00, 0x32, 0x0f, 0x00, 0x00, 0x32, 0x0f, 0x00, 0x00, 0x32, // ...q...2...2...2
	0x0f, 0x00, 0x00, 0xf9, 0x00, 0x02, 0x00, 0x60, 0x0f, 0x00, 0x00, 0xf8, 0x00, 0x02, 0x00, 0x34, // .......`.......4
	0x0f, 0x00, 0x00, 0xb8, 0x00, 0x05, 0x00, 0x8b, 0x00, 0x00, 0x00, 0x36, 0x0f, 0x00, 0x00, 0x6e, // ...........6...n
	0x0d, 0x00, 0x00, 0x56, 0x01, 0x00, 0x00, 0xf7, 0x00, 0x03, 0x00, 0x3a, 0x0f, 0x00, 0x00, 0x00, // ...V.......:....
	0x00, 0x00, 0x00, 0xfa, 0x00, 0x04, 0x00, 0x36, 0x0f, 0x00, 0x00, 0x37, 0x0f, 0x00, 0x00, 0x3a, // .......6...7...:
	0x0f, 0x00, 0x00, 0xf8, 0x00, 0x02, 0x00, 0x37, 0x0f, 0x00, 0x00, 0x4f, 0x00, 0x08, 0x00, 0x14, // .......7...O....
	0x00, 0x00, 0x00, 0x39, 0x0f, 0x00, 0x00, 0x08, 0x1b, 0x00, 0x00, 0x08, 0x1b, 0x00, 0x00, 0x00, // ...9............
	0x00, 0x00, 0x00, 0x01, 0x00, 0x00, 0x00, 0x02, 0x00, 0x00, 0x00, 0xf9, 0x00, 0x02, 0x00, 0x60, // ...............`
	0x0f, 0x00, 0x00, 0xf8, 0x00, 0x02, 0x00, 0x3a, 0x0f, 0x00, 0x00, 0xb8, 0x00, 0x05, 0x00, 0x8b, // .......:........
	0x00, 0x00, 0x00, 0x3c, 0x0f, 0x00, 0x00, 0x6e, 0x0d, 0x00, 0x00, 0x5e, 0x01, 0x00, 0x00, 0xf7, // ...<...n...^....
	0x00, 0x03, 0x00, 0x41, 0x0f, 0x00, 0x00, 0x00, 0x00, 0x00, 0x00, 0xfa, 0x00, 0x04, 0x00, 0x3c, // ...A...........<
	0x0f, 0x00, 0x00, 0x3d, 0x0f, 0x00, 0x00, 0x41, 0x0f, 0x00, 0x00, 0xf8, 0x00, 0x02, 0x00, 0x3d, // ...=...A.......=
	0x0f, 0x00, 0x00, 0x51, 0x00, 0x05, 0x00, 0x07, 0x00, 0x00, 0x00, 0x3f, 0x0f, 0x00, 0x00, 0x08, // ...Q.......?....
	0x1b, 0x00, 0x00, 0x03, 0x00, 0x00, 0x00, 0x50, 0x00, 0x06, 0x00, 0x14, 0x00, 0x00, 0x00, 0x75, // .......P.......u
	0x0f, 0x00, 0x00, 0x3f, 0x0f, 0x00, 0x00, 0x3f, 0x0f, 0x00, 0x00, 0x3f, 0x0f, 0x00, 0x00, 0xf9, // ...?...?...?....
	0x00, 0x02, 0x00, 0x60, 0x0f, 0x00, 0x00, 0xf8, 0x00, 0x02, 0x00, 0x41, 0x0f, 0x00, 0x00, 0xb8, // ...`.......A....
	0x00, 0x05, 0x00, 0x8b, 0x00, 0x00, 0x00, 0x43, 0x0f, 0x00, 0x00, 0x6e, 0x0d, 0x00, 0x00, 0x68, // .......C...n...h
	0x01, 0x00, 0x00, 0xf7, 0x00, 0x03, 0x00, 0x47, 0x0f, 0x00, 0x00, 0x00, 0x00, 0x00, 0x00, 0xfa, // .......G........
	0x00, 0x04, 0x00, 0x43, 0x0f, 0x00, 0x00, 0x44, 0x0f, 0x00, 0x00, 0x47, 0x0f, 0x00, 0x00, 0xf8, // ...C...D...G....
	0x00, 0x02, 0x00, 0x44, 0x0f, 0x00, 0x00, 0x4f, 0x00, 0x08, 0x00, 0x14, 0x00, 0x00, 0x00, 0x46, // ...D...O.......F
	0x0f, 0x00, 0x00, 0x78, 0x05, 0x00, 0x00, 0x78, 0x05, 0x00, 0x00, 0x00, 0x00, 0x00, 0x00, 0x01, // ...x...x........
	0x00, 0x00, 0x00, 0x02, 0x00, 0x00, 0x00, 0xf9, 0x00, 0x02, 0x00, 0x60, 0x0f, 0x00, 0x00, 0xf8, // ...........`....
	0x00, 0x02, 0x00, 0x47, 0x0f, 0x00, 0x00, 0xb8, 0x00, 0x05, 0x00, 0x8b, 0x00, 0x00, 0x00, 0x49, // ...G...........I
	0x0f, 0x00, 0x00, 0x6e, 0x0d, 0x00, 0x00, 0x70, 0x01, 0x00, 0x00, 0xf7, 0x00, 0x03, 0x00, 0x4e, // ...n...p.......N
	0x0f, 0x00, 0x00, 0x00, 0x00, 0x00, 0x00, 0xfa, 0x00, 0x04, 0x00, 0x49, 0x0f, 0x00, 0x00, 0x4a, // ...........I...J
	0x0f, 0x00, 0x00, 0x4e, 0x0f, 0x00, 0x00, 0xf8, 0x00, 0x02, 0x00, 0x4a, 0x0f, 0x00, 0x00, 0x51, // ...N.......J...Q
	0x00, 0x05, 0x00, 0x07, 0x00, 0x00, 0x00, 0x4c, 0x0f, 0x00, 0x00, 0x78, 0x05, 0x00, 0x00, 0x03, // .......L...x....
	0x00, 0x00, 0x00, 0x50, 0x00, 0x06, 0x00, 0x14, 0x00, 0x00, 0x00, 0x79, 0x0f, 0x00, 0x00, 0x4c, // ...P.......y...L
	0x0f, 0x00, 0x00, 0x4c, 0x0f, 0x00, 0x00, 0x4c, 0x0f, 0x00, 0x00, 0xf9, 0x00, 0x02, 0x00, 0x60, // ...L...L.......`
	0x0f, 0x00, 0x00, 0xf8, 0x00, 0x02, 0x00, 0x4e, 0x0f, 0x00, 0x00, 0xb8, 0x00, 0x05, 0x00, 0x8b, // .......N........
	0x00, 0x00, 0x00, 0x50, 0x0f, 0x00, 0x00, 0x6e, 0x0d, 0x00, 0x00, 0x7a, 0x01, 0x00, 0x00, 0xf7, // ...P...n...z....
	0x00, 0x03, 0x00, 0x53, 0x0f, 0x00, 0x00, 0x00, 0x00, 0x00, 0x00, 0xfa, 0x00, 0x04, 0x00, 0x50, // ...S...........P
	0x0f, 0x00, 0x00, 0x51, 0x0f, 0x00, 0x00, 0x53, 0x0f, 0x00, 0x00, 0xf8, 0x00, 0x02, 0x00, 0x51, // ...Q...S.......Q
	0x0f, 0x00, 0x00, 0xf9, 0x00, 0x02, 0x00, 0x60, 0x0f, 0x00, 0x00, 0xf8, 0x00, 0x02, 0x00, 0x53, // .......`.......S
	0x0f, 0x00, 0x00, 0xb8, 0x00, 0x05, 0x00, 0x8b, 0x00, 0x00, 0x00, 0x55, 0x0f, 0x00, 0x00, 0x6e, // ...........U...n
	0x0d, 0x00, 0x00, 0x82, 0x01, 0x00, 0x00, 0xf7, 0x00, 0x03, 0x00, 0x58, 0x0f, 0x00, 0x00, 0x00, // ...........X....
	0x00, 0x00, 0x00, 0xfa, 0x00, 0x04, 0x00, 0x55, 0x0f, 0x00, 0x00, 0x56, 0x0f, 0x00, 0x00, 0x58, // .......U...V...X
	0x0f, 0x00, 0x00, 0xf8, 0x00, 0x02, 0x00, 0x56, 0x0f, 0x00, 0x00, 0xf9, 0x00, 0x02, 0x00, 0x60, // .......V.......`
	0x0f, 0x00, 0x00, 0xf8, 0x00, 0x02, 0x00, 0x58, 0x0f, 0x00, 0x00, 0xb8, 0x00, 0x05, 0x00, 0x8b, // .......X........
	0x00, 0x00, 0x00, 0x5a, 0x0f, 0x00, 0x00, 0x6e, 0x0d, 0x00, 0x00, 0x8b, 0x01, 0x00, 0x00, 0xf7, // ...Z...n........
	0x00, 0x03, 0x00, 0x5e, 0x0f, 0x00, 0x00, 0x00, 0x00, 0x00, 0x00, 0xfa, 0x00, 0x04, 0x00, 0x5a, // ...^...........Z
	0x0f, 0x00, 0x00, 0x5b, 0x0f, 0x00, 0x00, 0x5e, 0x0f, 0x00, 0x00, 0xf8, 0x00, 0x02, 0x00, 0x5b, // ...[...^.......[
	0x0f, 0x00, 0x00, 0x4f, 0x00, 0x08, 0x00, 0x14, 0x00, 0x00, 0x00, 0x5d, 0x0f, 0x00, 0x00, 0x5c, // ...O.......]....
	0x06, 0x00, 0x00, 0x5c, 0x06, 0x00, 0x00, 0x00, 0x00, 0x00, 0x00, 0x01, 0x00, 0x00, 0x00, 0x02, // ................
	0x00, 0x00, 0x00, 0xf9, 0x00, 0x02, 0x00, 0x60, 0x0f, 0x00, 0x00, 0xf8, 0x00, 0x02, 0x00, 0x5e, // .......`.......^
	0x0f, 0x00, 0x00, 0xf9, 0x00, 0x02, 0x00, 0x60, 0x0f, 0x00, 0x00, 0xf8, 0x00, 0x02, 0x00, 0x60, // .......`.......`
	0x0f, 0x00, 0x00, 0xf5, 0x00, 0x23, 0x00, 0x14, 0x00, 0x00, 0x00, 0x23, 0x1b, 0x00, 0x00, 0x05, // .....#.....#....
	0x0f, 0x00, 0x00, 0x03, 0x0f, 0x00, 0x00, 0x65, 0x0f, 0x00, 0x00, 0x09, 0x0f, 0x00, 0x00, 0x12, // .......e........
	0x0f, 0x00, 0x00, 0x10, 0x0f, 0x00, 0x00, 0x69, 0x0f, 0x00, 0x00, 0x16, 0x0f, 0x00, 0x00, 0x1f, // .......i........
	0x0f, 0x00, 0x00, 0x1d, 0x0f, 0x00, 0x00, 0x6d, 0x0f, 0x00, 0x00, 0x23, 0x0f, 0x00, 0x00, 0x2c, // .......m...#...,
	0x0f, 0x00, 0x00, 0x2a, 0x0f, 0x00, 0x00, 0x71, 0x0f, 0x00, 0x00, 0x30, 0x0f, 0x00, 0x00, 0x39, // ...*...q...0...9
	0x0f, 0x00, 0x00, 0x37, 0x0f, 0x00, 0x00, 0x75, 0x0f, 0x00, 0x00, 0x3d, 0x0f, 0x00, 0x00, 0x46, // ...7...u...=...F
	0x0f, 0x00, 0x00, 0x44, 0x0f, 0x00, 0x00, 0x79, 0x0f, 0x00, 0x00, 0x4a, 0x0f, 0x00, 0x00, 0x73, // ...D...y...J...s
	0x1a, 0x00, 0x00, 0x51, 0x0f, 0x00, 0x00, 0x72, 0x1a, 0x00, 0x00, 0x56, 0x0f, 0x00, 0x00, 0x5d, // ...Q...r...V...]
	0x0f, 0x00, 0x00, 0x5b, 0x0f, 0x00, 0x00, 0x30, 0x02, 0x00, 0x00, 0x5e, 0x0f, 0x00, 0x00, 0x51, // ...[...0...^...Q
	0x00, 0x05, 0x00, 0x07, 0x00, 0x00, 0x00, 0x78, 0x0d, 0x00, 0x00, 0x52, 0x06, 0x00, 0x00, 0x03, // .......x...R....
	0x00, 0x00, 0x00, 0xf7, 0x00, 0x03, 0x00, 0xf3, 0x0f, 0x00, 0x00, 0x00, 0x00, 0x00, 0x00, 0xfb, // ................
	0x00, 0x03, 0x00, 0x06, 0x02, 0x00, 0x00, 0x93, 0x0f, 0x00, 0x00, 0xf8, 0x00, 0x02, 0x00, 0x93, // ................
	0x0f, 0x00, 0x00, 0xb8, 0x00, 0x05, 0x00, 0x8b, 0x00, 0x00, 0x00, 0x95, 0x0f, 0x00, 0x00, 0x78, // ...............x
	0x0d, 0x00, 0x00, 0xe0, 0x00, 0x00, 0x00, 0xf7, 0x00, 0x03, 0x00, 0x99, 0x0f, 0x00, 0x00, 0x00, // ................
	0x00, 0x00, 0x00, 0xfa, 0x00, 0x04, 0x00, 0x95, 0x0f, 0x00, 0x00, 0x96, 0x0f, 0x00, 0x00, 0x99, // ................
	0x0f, 0x00, 0x00, 0xf8, 0x00, 0x02, 0x00, 0x96, 0x0f, 0x00, 0x00, 0x4f, 0x00, 0x08, 0x00, 0x14, // ...........O....
	0x00, 0x00, 0x00, 0x98, 0x0f, 0x00, 0x00, 0xf9, 0x1a, 0x00, 0x00, 0xf9, 0x1a, 0x00, 0x00, 0x00, // ................
	0x00, 0x00, 0x00, 0x01, 0x00, 0x00, 0x00, 0x02, 0x00, 0x00, 0x00, 0xf9, 0x00, 0x02, 0x00, 0xf3, // ................
	0x0f, 0x00, 0x00, 0xf8, 0x00, 0x02, 0x00, 0x99, 0x0f, 0x00, 0x00, 0xb8, 0x00, 0x05, 0x00, 0x8b, // ................
	0x00, 0x00, 0x00, 0x9b, 0x0f, 0x00, 0x00, 0x78, 0x0d, 0x00, 0x00, 0xe7, 0x00, 0x00, 0x00, 0xf7, // .......x........
	0x00, 0x03, 0x00, 0xa0, 0x0f, 0x00, 0x00, 0x00, 0x00, 0x00, 0x00, 0xfa, 0x00, 0x04, 0x00, 0x9b, // ................
	0x0f, 0x00, 0x00, 0x9c, 0x0f, 0x00, 0x00, 0xa0, 0x0f, 0x00, 0x00, 0xf8, 0x00, 0x02, 0x00, 0x9c, // ................
	0x0f, 0x00, 0x00, 0x51, 0x00, 0x05, 0x00, 0x07, 0x00, 0x00, 0x00, 0x9e, 0x0f, 0x00, 0x00, 0xf9, // ...Q............
	0x1a, 0x00, 0x00, 0x03, 0x00, 0x00, 0x00, 0x50, 0x00, 0x06, 0x00, 0x14, 0x00, 0x00, 0x00, 0xf8, // .......P........
	0x0f, 0x00, 0x00, 0x9e, 0x0f, 0x00, 0x00, 0x9e, 0x0f, 0x00, 0x00, 0x9e, 0x0f, 0x00, 0x00, 0xf9, // ................
	0x00, 0x02, 0x00, 0xf3, 0x0f, 0x00, 0x00, 0xf8, 0x00, 0x02, 0x00, 0xa0, 0x0f, 0x00, 0x00, 0xb8, // ................
	0x00, 0x05, 0x00, 0x8b, 0x00, 0x00, 0x00, 0xa2, 0x0f, 0x00, 0x00, 0x78, 0x0d, 0x00, 0x00, 0xee, // ...........x....
	0x00, 0x00, 0x00, 0xf7, 0x00, 0x03, 0x00, 0xa6, 0x0f, 0x00, 0x00, 0x00, 0x00, 0x00, 0x00, 0xfa, // ................
	0x00, 0x04, 0x00, 0xa2, 0x0f, 0x00, 0x00, 0xa3, 0x0f, 0x00, 0x00, 0xa6, 0x0f, 0x00, 0x00, 0xf8, // ................
	0x00, 0x02, 0x00, 0xa3, 0x0f, 0x00, 0x00, 0x4f, 0x00, 0x08, 0x00, 0x14, 0x00, 0x00, 0x00, 0xa5, // .......O........
	0x0f, 0x00, 0x00, 0xfc, 0x1a, 0x00, 0x00, 0xfc, 0x1a, 0x00, 0x00, 0x00, 0x00, 0x00, 0x00, 0x01, // ................
	0x00, 0x00, 0x00, 0x02, 0x00, 0x00, 0x00, 0xf9, 0x00, 0x02, 0x00, 0xf3, 0x0f, 0x00, 0x00, 0xf8, // ................
	0x00, 0x02, 0x00, 0xa6, 0x0f, 0x00, 0x00, 0xb8, 0x00, 0x05, 0x00, 0x8b, 0x00, 0x00, 0x00, 0xa8, // ................
	0x0f, 0x00, 0x00, 0x78, 0x0d, 0x00, 0x00, 0x28, 0x01, 0x00, 0x00, 0xf7, 0x00, 0x03, 0x00, 0xad, // ...x...(........
	0x0f, 0x00, 0x00, 0x00, 0x00, 0x00, 0x00, 0xfa, 0x00, 0x04, 0x00, 0xa8, 0x0f, 0x00, 0x00, 0xa9, // ................
	0x0f, 0x00, 0x00, 0xad, 0x0f, 0x00, 0x00, 0xf8, 0x00, 0x02, 0x00, 0xa9, 0x0f, 0x00, 0x00, 0x51, // ...............Q
	0x00, 0x05, 0x00, 0x07, 0x00, 0x00, 0x00, 0xab, 0x0f, 0x00, 0x00, 0xfc, 0x1a, 0x00, 0x00, 0x03, // ................
	0x00, 0x00, 0x00, 0x50, 0x00, 0x06, 0x00, 0x14, 0x00, 0x00, 0x00, 0xfc, 0x0f, 0x00, 0x00, 0xab, // ...P............
	0x0f, 0x00, 0x00, 0xab, 0x0f, 0x00, 0x00, 0xab, 0x0f, 0x00, 0x00, 0xf9, 0x00, 0x02, 0x00, 0xf3, // ................
	0x0f, 0x00, 0x00, 0xf8, 0x00, 0x02, 0x00, 0xad, 0x0f, 0x00, 0x00, 0xb8, 0x00, 0x05, 0x00, 0x8b, // ................
	0x00, 0x00, 0x00, 0xaf, 0x0f, 0x00, 0x00, 0x78, 0x0d, 0x00, 0x00, 0x32, 0x01, 0x00, 0x00, 0xf7, // .......x...2....
	0x00, 0x03, 0x00, 0xb3, 0x0f, 0x00, 0x00, 0x00, 0x00, 0x00, 0x00, 0xfa, 0x00, 0x04, 0x00, 0xaf, // ................
	0x0f, 0x00, 0x00, 0xb0, 0x0f, 0x00, 0x00, 0xb3, 0x0f, 0x00, 0x00, 0xf8, 0x00, 0x02, 0x00, 0xb0, // ................
	0x0f, 0x00, 0x00, 0x4f, 0x00, 0x08, 0x00, 0x14, 0x00, 0x00, 0x00, 0xb2, 0x0f, 0x00, 0x00, 0xff, // ...O............
	0x1a, 0x00, 0x00, 0xff, 0x1a, 0x00, 0x00, 0x00, 0x00, 0x00, 0x00, 0x01, 0x00, 0x00, 0x00, 0x02, // ................
	0x00, 0x00, 0x00, 0xf9, 0x00, 0x02, 0x00, 0xf3, 0x0f, 0x00, 0x00, 0xf8, 0x00, 0x02, 0x00, 0xb3, // ................
	0x0f, 0x00, 0x00, 0xb8, 0x00, 0x05, 0x00, 0x8b, 0x00, 0x00, 0x00, 0xb5, 0x0f, 0x00, 0x00, 0x78, // ...............x
	0x0d, 0x00, 0x00, 0x3a, 0x01, 0x00, 0x00, 0xf7, 0x00, 0x03, 0x00, 0xba, 0x0f, 0x00, 0x00, 0x00, // ...:............
	0x00, 0x00, 0x00, 0xfa, 0x00, 0x04, 0x00, 0xb5, 0x0f, 0x00, 0x00, 0xb6, 0x0f, 0x00, 0x00, 0xba, // ................
	0x0f, 0x00, 0x00, 0xf8, 0x00, 0x02, 0x00, 0xb6, 0x0f, 0x00, 0x00, 0x51, 0x00, 0x05, 0x00, 0x07, // ...........Q....
	0x00, 0x00, 0x00, 0xb8, 0x0f, 0x00, 0x00, 0xff, 0x1a, 0x00, 0x00, 0x03, 0x00, 0x00, 0x00, 0x50, // ...............P
	0x00, 0x06, 0x00, 0x14, 0x00, 0x00, 0x00, 0x00, 0x10, 0x00, 0x00, 0xb8, 0x0f, 0x00, 0x00, 0xb8, // ................
	0x0f, 0x00, 0x00, 0xb8, 0x0f, 0x00, 0x00, 0xf9, 0x00, 0x02, 0x00, 0xf3, 0x0f, 0x00, 0x00, 0xf8, // ................
	0x00, 0x02, 0x00, 0xba, 0x0f, 0x00, 0x00, 0xb8, 0x00, 0x05, 0x00, 0x8b, 0x00, 0x00, 0x00, 0xbc, // ................
	0x0f, 0x00, 0x00, 0x78, 0x0d, 0x00, 0x00, 0x44, 0x01, 0x00, 0x00, 0xf7, 0x00, 0x03, 0x00, 0xc0, // ...x...D........
	0x0f, 0x00, 0x00, 0x00, 0x00, 0x00, 0x00, 0xfa, 0x00, 0x04, 0x00, 0xbc, 0x0f, 0x00, 0x00, 0xbd, // ................
	0x0f, 0x00, 0x00, 0xc0, 0x0f, 0x00, 0x00, 0xf8, 0x00, 0x02, 0x00, 0xbd, 0x0f, 0x00, 0x00, 0x4f, // ...............O
	0x00, 0x08, 0x00, 0x14, 0x00, 0x00, 0x00, 0xbf, 0x0f, 0x00, 0x00, 0x02, 0x1b, 0x00, 0x00, 0x02, // ................
	0x1b, 0x00, 0x00, 0x00, 0x00, 0x00, 0x00, 0x01, 0x00, 0x00, 0x00, 0x02, 0x00, 0x00, 0x00, 0xf9, // ................
	0x00, 0x02, 0x00, 0xf3, 0x0f, 0x00, 0x00, 0xf8, 0x00, 0x02, 0x00, 0xc0, 0x0f, 0x00, 0x00, 0xb8, // ................
	0x00, 0x05, 0x00, 0x8b, 0x00, 0x00, 0x00, 0xc2, 0x0f, 0x00, 0x00, 0x78, 0x0d, 0x00, 0x00, 0x4c, // ...........x...L
	0x01, 0x00, 0x00, 0xf7, 0x00, 0x03, 0x00, 0xc7, 0x0f, 0x00, 0x00, 0x00, 0x00, 0x00, 0x00, 0xfa, // ................
	0x00, 0x04, 0x00, 0xc2, 0x0f, 0x00, 0x00, 0xc3, 0x0f, 0x00, 0x00, 0xc7, 0x0f, 0x00, 0x00, 0xf8, // ................
	0x00, 0x02, 0x00, 0xc3, 0x0f, 0x00, 0x00, 0x51, 0x00, 0x05, 0x00, 0x07, 0x00, 0x00, 0x00, 0xc5, // .......Q........
	0x0f, 0x00, 0x00, 0x02, 0x1b, 0x00, 0x00, 0x03, 0x00, 0x00, 0x00, 0x50, 0x00, 0x06, 0x00, 0x14, // ...........P....
	0x00, 0x00, 0x00, 0x04, 0x10, 0x00, 0x00, 0xc5, 0x0f, 0x00, 0x00, 0xc5, 0x0f, 0x00, 0x00, 0xc5, // ................
	0x0f, 0x00, 0x00, 0xf9, 0x00, 0x02, 0x00, 0xf3, 0x0f, 0x00, 0x00, 0xf8, 0x00, 0x02, 0x00, 0xc7, // ................
	0x0f, 0x00, 0x00, 0xb8, 0x00, 0x05, 0x00, 0x8b, 0x00, 0x00, 0x00, 0xc9, 0x0f, 0x00, 0x00, 0x78, // ...............x
	0x0d, 0x00, 0x00, 0x56, 0x01, 0x00, 0x00, 0xf7, 0x00, 0x03, 0x00, 0xcd, 0x0f, 0x00, 0x00, 0x00, // ...V............
	0x00, 0x00, 0x00, 0xfa, 0x00, 0x04, 0x00, 0xc9, 0x0f, 0x00, 0x00, 0xca, 0x0f, 0x00, 0x00, 0xcd, // ................
	0x0f, 0x00, 0x00, 0xf8, 0x00, 0x02, 0x00, 0xca, 0x0f, 0x00, 0x00, 0x4f, 0x00, 0x08, 0x00, 0x14, // ...........O....
	0x00, 0x00, 0x00, 0xcc, 0x0f, 0x00, 0x00, 0x08, 0x1b, 0x00, 0x00, 0x08, 0x1b, 0x00, 0x00, 0x00, // ................
	0x00, 0x00, 0x00, 0x01, 0x00, 0x00, 0x00, 0x02, 0x00, 0x00, 0x00, 0xf9, 0x00, 0x02, 0x00, 0xf3, // ................
	0x0f, 0x00, 0x00, 0xf8, 0x00, 0x02, 0x00, 0xcd, 0x0f, 0x00, 0x00, 0xb8, 0x00, 0x05, 0x00, 0x8b, // ................
	0x00, 0x00, 0x00, 0xcf, 0x0f, 0x00, 0x00, 0x78, 0x0d, 0x00, 0x00, 0x5e, 0x01, 0x00, 0x00, 0xf7, // .......x...^....
	0x00, 0x03, 0x00, 0xd4, 0x0f, 0x00, 0x00, 0x00, 0x00, 0x00, 0x00, 0xfa, 0x00, 0x04, 0x00, 0xcf, // ................
	0x0f, 0x00, 0x00, 0xd0, 0x0f, 0x00, 0x00, 0xd4, 0x0f, 0x00, 0x00, 0xf8, 0x00, 0x02, 0x00, 0xd0, // ................
	0x0f, 0x00, 0x00, 0x51, 0x00, 0x05, 0x00, 0x07, 0x00, 0x00, 0x00, 0xd2, 0x0f, 0x00, 0x00, 0x08, // ...Q............
	0x1b, 0x00, 0x00, 0x03, 0x00, 0x00, 0x00, 0x50, 0x00, 0x06, 0x00, 0x14, 0x00, 0x00, 0x00, 0x08, // .......P........
	0x10, 0x00, 0x00, 0xd2, 0x0f, 0x00, 0x00, 0xd2, 0x0f, 0x00, 0x00, 0xd2, 0x0f, 0x00, 0x00, 0xf9, // ................
	0x00, 0x02, 0x00, 0xf3, 0x0f, 0x00, 0x00, 0xf8, 0x00, 0x02, 0x00, 0xd4, 0x0f, 0x00, 0x00, 0xb8, // ................
	0x00, 0x05, 0x00, 0x8b, 0x00, 0x00, 0x00, 0xd6, 0x0f, 0x00, 0x00, 0x78, 0x0d, 0x00, 0x00, 0x68, // ...........x...h
	0x01, 0x00, 0x00, 0xf7, 0x00, 0x03, 0x00, 0xda, 0x0f, 0x00, 0x00, 0x00, 0x00, 0x00, 0x00, 0xfa, // ................
	0x00, 0x04, 0x00, 0xd6, 0x0f, 0x00, 0x00, 0xd7, 0x0f, 0x00, 0x00, 0xda, 0x0f, 0x00, 0x00, 0xf8, // ................
	0x00, 0x02, 0x00, 0xd7, 0x0f, 0x00, 0x00, 0x4f, 0x00, 0x08, 0x00, 0x14, 0x00, 0x00, 0x00, 0xd9, // .......O........
	0x0f, 0x00, 0x00, 0x78, 0x05, 0x00, 0x00, 0x78, 0x05, 0x00, 0x00, 0x00, 0x00, 0x00, 0x00, 0x01, // ...x...x........
	0x00, 0x00, 0x00, 0x02, 0x00, 0x00, 0x00, 0xf9, 0x00, 0x02, 0x00, 0xf3, 0x0f, 0x00, 0x00, 0xf8, // ................
	0x00, 0x02, 0x00, 0xda, 0x0f, 0x00, 0x00, 0xb8, 0x00, 0x05, 0x00, 0x8b, 0x00, 0x00, 0x00, 0xdc, // ................
	0x0f, 0x00, 0x00, 0x78, 0x0d, 0x00, 0x00, 0x70, 0x01, 0x00, 0x00, 0xf7, 0x00, 0x03, 0x00, 0xe1, // ...x...p........
	0x0f, 0x00, 0x00, 0x00, 0x00, 0x00, 0x00, 0xfa, 0x00, 0x04, 0x00, 0xdc, 0x0f, 0x00, 0x00, 0xdd, // ................
	0x0f, 0x00, 0x00, 0xe1, 0x0f, 0x00, 0x00, 0xf8, 0x00, 0x02, 0x00, 0xdd, 0x0f, 0x00, 0x00, 0x51, // ...............Q
	0x00, 0x05, 0x00, 0x07, 0x00, 0x00, 0x00, 0xdf, 0x0f, 0x00, 0x00, 0x78, 0x05, 0x00, 0x00, 0x03, // ...........x....
	0x00, 0x00, 0x00, 0x50, 0x00, 0x06, 0x00, 0x14, 0x00, 0x00, 0x00, 0x0c, 0x10, 0x00, 0x00, 0xdf, // ...P............
	0x0f, 0x00, 0x00, 0xdf, 0x0f, 0x00, 0x00, 0xdf, 0x0f, 0x00, 0x00, 0xf9, 0x00, 0x02, 0x00, 0xf3, // ................
	0x0f, 0x00, 0x00, 0xf8, 0x00, 0x02, 0x00, 0xe1, 0x0f, 0x00, 0x00, 0xb8, 0x00, 0x05, 0x00, 0x8b, // ................
	0x00, 0x00, 0x00, 0xe3, 0x0f, 0x00, 0x00, 0x78, 0x0d, 0x00, 0x00, 0x7a, 0x01, 0x00, 0x00, 0xf7, // .......x...z....
	0x00, 0x03, 0x00, 0xe6, 0x0f, 0x00, 0x00, 0x00, 0x00, 0x00, 0x00, 0xfa, 0x00, 0x04, 0x00, 0xe3, // ................
	0x0f, 0x00, 0x00, 0xe4, 0x0f, 0x00, 0x00, 0xe6, 0x0f, 0x00, 0x00, 0xf8, 0x00, 0x02, 0x00, 0xe4, // ................
	0x0f, 0x00, 0x00, 0xf9, 0x00, 0x02, 0x00, 0xf3, 0x0f, 0x00, 0x00, 0xf8, 0x00, 0x02, 0x00, 0xe6, // ................
	0x0f, 0x00, 0x00, 0xb8, 0x00, 0x05, 0x00, 0x8b, 0x00, 0x00, 0x00, 0xe8, 0x0f, 0x00, 0x00, 0x78, // ...............x
	0x0d, 0x00, 0x00, 0x82, 0x01, 0x00, 0x00, 0xf7, 0x00, 0x03, 0x00, 0xeb, 0x0f, 0x00, 0x00, 0x00, // ................
	0x00, 0x00, 0x00, 0xfa, 0x00, 0x04, 0x00, 0xe8, 0x0f, 0x00, 0x00, 0xe9, 0x0f, 0x00, 0x00, 0xeb, // ................
	0x0f, 0x00, 0x00, 0xf8, 0x00, 0x02, 0x00, 0xe9, 0x0f, 0x00, 0x00, 0xf9, 0x00, 0x02, 0x00, 0xf3, // ................
	0x0f, 0x00, 0x00, 0xf8, 0x00, 0x02, 0x00, 0xeb, 0x0f, 0x00, 0x00, 0xb8, 0x00, 0x05, 0x00, 0x8b, // ................
	0x00, 0x00, 0x00, 0xed, 0x0f, 0x00, 0x00, 0x78, 0x0d, 0x00, 0x00, 0x8b, 0x01, 0x00, 0x00, 0xf7, // .......x........
	0x00, 0x03, 0x00, 0xf1, 0x0f, 0x00, 0x00, 0x00, 0x00, 0x00, 0x00, 0xfa, 0x00, 0x04, 0x00, 0xed, // ................
	0x0f, 0x00, 0x00, 0xee, 0x0f, 0x00, 0x00, 0xf1, 0x0f, 0x00, 0x00, 0xf8, 0x00, 0x02, 0x00, 0xee, // ................
	0x0f, 0x00, 0x00, 0x4f, 0x00, 0x08, 0x00, 0x14, 0x00, 0x00, 0x00, 0xf0, 0x0f, 0x00, 0x00, 0x5c, // ...O............
	0x06, 0x00, 0x00, 0x5c, 0x06, 0x00, 0x00, 0x00, 0x00, 0x00, 0x00, 0x01, 0x00, 0x00, 0x00, 0x02, // ................
	0x00, 0x00, 0x00, 0xf9, 0x00, 0x02, 0x00, 0xf3, 0x0f, 0x00, 0x00, 0xf8, 0x00, 0x02, 0x00, 0xf1, // ................
	0x0f, 0x00, 0x00, 0xf9, 0x00, 0x02, 0x00, 0xf3, 0x0f, 0x00, 0x00, 0xf8, 0x00, 0x02, 0x00, 0xf3, // ................
	0x0f, 0x00, 0x00, 0xf5, 0x00, 0x23, 0x00, 0x14, 0x00, 0x00, 0x00, 0x28, 0x1b, 0x00, 0x00, 0x98, // .....#.....(....
	0x0f, 0x00, 0x00, 0x96, 0x0f, 0x00, 0x00, 0xf8, 0x0f, 0x00, 0x00, 0x9c, 0x0f, 0x00, 0x00, 0xa5, // ................
	0x0f, 0x00, 0x00, 0xa3, 0x0f, 0x00, 0x00, 0xfc, 0x0f, 0x00, 0x00, 0xa9, 0x0f, 0x00, 0x00, 0xb2, // ................
	0x0f, 0x00, 0x00, 0xb0, 0x0f, 0x00, 0x00, 0x00, 0x10, 0x00, 0x00, 0xb6, 0x0f, 0x00, 0x00, 0xbf, // ................
	0x0f, 0x00, 0x00, 0xbd, 0x0f, 0x00, 0x00, 0x04, 0x10, 0x00, 0x00, 0xc3, 0x0f, 0x00, 0x00, 0xcc, // ................
	0x0f, 0x00, 0x00, 0xca, 0x0f, 0x00, 0x00, 0x08, 0x10, 0x00, 0x00, 0xd0, 0x0f, 0x00, 0x00, 0xd9, // ................
	0x0f, 0x00, 0x00, 0xd7, 0x0f, 0x00, 0x00, 0x0c, 0x10, 0x00, 0x00, 0xdd, 0x0f, 0x00, 0x00, 0x73, // ...............s
	0x1a, 0x00, 0x00, 0xe4, 0x0f, 0x00, 0x00, 0x72, 0x1a, 0x00, 0x00, 0xe9, 0x0f, 0x00, 0x00, 0xf0, // .......r........
	0x0f, 0x00, 0x00, 0xee, 0x0f, 0x00, 0x00, 0x30, 0x02, 0x00, 0x00, 0xf1, 0x0f, 0x00, 0x00, 0x51, // .......0.......Q
	0x00, 0x05, 0x00, 0x07, 0x00, 0x00, 0x00, 0x28, 0x10, 0x00, 0x00, 0x56, 0x06, 0x00, 0x00, 0x02, // .......(...V....
	0x00, 0x00, 0x00, 0xf7, 0x00, 0x03, 0x00, 0x95, 0x10, 0x00, 0x00, 0x00, 0x00, 0x00, 0x00, 0xfb, // ................
	0x00, 0x03, 0x00, 0x06, 0x02, 0x00, 0x00, 0x88, 0x10, 0x00, 0x00, 0xf8, 0x00, 0x02, 0x00, 0x88, // ................
	0x10, 0x00, 0x00, 0xb8, 0x00, 0x05, 0x00, 0x8b, 0x00, 0x00, 0x00, 0x8a, 0x10, 0x00, 0x00, 0x28, // ...............(
	0x10, 0x00, 0x00, 0xe0, 0x00, 0x00, 0x00, 0xf7, 0x00, 0x03, 0x00, 0x8c, 0x10, 0x00, 0x00, 0x00, // ................
	0x00, 0x00, 0x00, 0xfa, 0x00, 0x04, 0x00, 0x8a, 0x10, 0x00, 0x00, 0x8b, 0x10, 0x00, 0x00, 0x8c, // ................
	0x10, 0x00, 0x00, 0xf8, 0x00, 0x02, 0x00, 0x8b, 0x10, 0x00, 0x00, 0xf9, 0x00, 0x02, 0x00, 0x95, // ................
	0x10, 0x00, 0x00, 0xf8, 0x00, 0x02, 0x00, 0x8c, 0x10, 0x00, 0x00, 0xb8, 0x00, 0x05, 0x00, 0x8b, // ................
	0x00, 0x00, 0x00, 0x8e, 0x10, 0x00, 0x00, 0x28, 0x10, 0x00, 0x00, 0xe7, 0x00, 0x00, 0x00, 0xf7, // .......(........
	0x00, 0x03, 0x00, 0x90, 0x10, 0x00, 0x00, 0x00, 0x00, 0x00, 0x00, 0xfa, 0x00, 0x04, 0x00, 0x8e, // ................
	0x10, 0x00, 0x00, 0x8f, 0x10, 0x00, 0x00, 0x90, 0x10, 0x00, 0x00, 0xf8, 0x00, 0x02, 0x00, 0x8f, // ................
	0x10, 0x00, 0x00, 0xf9, 0x00, 0x02, 0x00, 0x95, 0x10, 0x00, 0x00, 0xf8, 0x00, 0x02, 0x00, 0x90, // ................
	0x10, 0x00, 0x00, 0xb8, 0x00, 0x05, 0x00, 0x8b, 0x00, 0x00, 0x00, 0x92, 0x10, 0x00, 0x00, 0x28, // ...............(
	0x10, 0x00, 0x00, 0xee, 0x00, 0x00, 0x00, 0xf7, 0x00, 0x03, 0x00, 0x94, 0x10, 0x00, 0x00, 0x00, // ................
	0x00, 0x00, 0x00, 0xfa, 0x00, 0x04, 0x00, 0x92, 0x10, 0x00, 0x00, 0x93, 0x10, 0x00, 0x00, 0x94, // ................
	0x10, 0x00, 0x00, 0xf8, 0x00, 0x02, 0x00, 0x93, 0x10, 0x00, 0x00, 0xf9, 0x00, 0x02, 0x00, 0x95, // ................
	0x10, 0x00, 0x00, 0xf8, 0x00, 0x02, 0x00, 0x94, 0x10, 0x00, 0x00, 0xf9, 0x00, 0x02, 0x00, 0x95, // ................
	0x10, 0x00, 0x00, 0xf8, 0x00, 0x02, 0x00, 0x95, 0x10, 0x00, 0x00, 0xf5, 0x00, 0x0b, 0x00, 0x07, // ................
	0x00, 0x00, 0x00, 0x29, 0x1b, 0x00, 0x00, 0xfa, 0x00, 0x00, 0x00, 0x8b, 0x10, 0x00, 0x00, 0x00, // ...)............
	0x01, 0x00, 0x00, 0x8f, 0x10, 0x00, 0x00, 0x06, 0x01, 0x00, 0x00, 0x93, 0x10, 0x00, 0x00, 0xfa, // ................
	0x00, 0x00, 0x00, 0x94, 0x10, 0x00, 0x00, 0xba, 0x00, 0x05, 0x00, 0x8b, 0x00, 0x00, 0x00, 0x9a, // ................
	0x10, 0x00, 0x00, 0x28, 0x10, 0x00, 0x00, 0xee, 0x00, 0x00, 0x00, 0xa9, 0x00, 0x06, 0x00, 0x07, // ...(............
	0x00, 0x00, 0x00, 0x9b, 0x10, 0x00, 0x00, 0x9a, 0x10, 0x00, 0x00, 0x00, 0x01, 0x00, 0x00, 0xfa, // ................
	0x00, 0x00, 0x00, 0x8e, 0x00, 0x05, 0x00, 0x14, 0x00, 0x00, 0x00, 0x2e, 0x10, 0x00, 0x00, 0x19, // ................
	0x1b, 0x00, 0x00, 0xd5, 0x01, 0x00, 0x00, 0x81, 0x00, 0x05, 0x00, 0x14, 0x00, 0x00, 0x00, 0x30, // ...............0
	0x10, 0x00, 0x00, 0x2e, 0x10, 0x00, 0x00, 0x74, 0x1a, 0x00, 0x00, 0x0c, 0x00, 0x06, 0x00, 0x14, // .......t........
	0x00, 0x00, 0x00, 0x31, 0x10, 0x00, 0x00, 0x01, 0x00, 0x00, 0x00, 0x08, 0x00, 0x00, 0x00, 0x30, // ...1...........0
	0x10, 0x00, 0x00, 0x8e, 0x00, 0x05, 0x00, 0x14, 0x00, 0x00, 0x00, 0x33, 0x10, 0x00, 0x00, 0x1e, // ...........3....
	0x1b, 0x00, 0x00, 0xd5, 0x01, 0x00, 0x00, 0x81, 0x00, 0x05, 0x00, 0x14, 0x00, 0x00, 0x00, 0x35, // ...............5
	0x10, 0x00, 0x00, 0x33, 0x10, 0x00, 0x00, 0x74, 0x1a, 0x00, 0x00, 0x0c, 0x00, 0x06, 0x00, 0x14, // ...3...t........
	0x00, 0x00, 0x00, 0x36, 0x10, 0x00, 0x00, 0x01, 0x00, 0x00, 0x00, 0x08, 0x00, 0x00, 0x00, 0x35, // ...6...........5
	0x10, 0x00, 0x00, 0x8e, 0x00, 0x05, 0x00, 0x14, 0x00, 0x00, 0x00, 0x38, 0x10, 0x00, 0x00, 0x23, // ...........8...#
	0x1b, 0x00, 0x00, 0xd5, 0x01, 0x00, 0x00, 0x81, 0x00, 0x05, 0x00, 0x14, 0x00, 0x00, 0x00, 0x3a, // ...............:
	0x10, 0x00, 0x00, 0x38, 0x10, 0x00, 0x00, 0x74, 0x1a, 0x00, 0x00, 0x0c, 0x00, 0x06, 0x00, 0x14, // ...8...t........
	0x00, 0x00, 0x00, 0x3b, 0x10, 0x00, 0x00, 0x01, 0x00, 0x00, 0x00, 0x08, 0x00, 0x00, 0x00, 0x3a, // ...;...........:
	0x10, 0x00, 0x00, 0x8e, 0x00, 0x05, 0x00, 0x14, 0x00, 0x00, 0x00, 0x3d, 0x10, 0x00, 0x00, 0x28, // ...........=...(
	0x1b, 0x00, 0x00, 0xd5, 0x01, 0x00, 0x00, 0x81, 0x00, 0x05, 0x00, 0x14, 0x00, 0x00, 0x00, 0x3f, // ...............?
	0x10, 0x00, 0x00, 0x3d, 0x10, 0x00, 0x00, 0x74, 0x1a, 0x00, 0x00, 0x0c, 0x00, 0x06, 0x00, 0x14, // ...=...t........
	0x00, 0x00, 0x00, 0x40, 0x10, 0x00, 0x00, 0x01, 0x00, 0x00, 0x00, 0x08, 0x00, 0x00, 0x00, 0x3f, // ...@...........?
	0x10, 0x00, 0x00, 0x85, 0x00, 0x05, 0x00, 0x14, 0x00, 0x00, 0x00, 0x44, 0x10, 0x00, 0x00, 0x3b, // ...........D...;
	0x10, 0x00, 0x00, 0x77, 0x1a, 0x00, 0x00, 0x0c, 0x00, 0x06, 0x00, 0x14, 0x00, 0x00, 0x00, 0x45, // ...w...........E
	0x10, 0x00, 0x00, 0x01, 0x00, 0x00, 0x00, 0x08, 0x00, 0x00, 0x00, 0x44, 0x10, 0x00, 0x00, 0x81, // ...........D....
	0x00, 0x05, 0x00, 0x14, 0x00, 0x00, 0x00, 0x46, 0x10, 0x00, 0x00, 0x3b, 0x10, 0x00, 0x00, 0x45, // .......F...;...E
	0x10, 0x00, 0x00, 0x83, 0x00, 0x05, 0x00, 0x14, 0x00, 0x00, 0x00, 0x4a, 0x10, 0x00, 0x00, 0x78, // ...........J...x
	0x1a, 0x00, 0x00, 0x46, 0x10, 0x00, 0x00, 0x85, 0x00, 0x05, 0x00, 0x14, 0x00, 0x00, 0x00, 0x4b, // ...F...........K
	0x10, 0x00, 0x00, 0x31, 0x10, 0x00, 0x00, 0x4a, 0x10, 0x00, 0x00, 0x85, 0x00, 0x05, 0x00, 0x14, // ...1...J........
	0x00, 0x00, 0x00, 0x4e, 0x10, 0x00, 0x00, 0x36, 0x10, 0x00, 0x00, 0x46, 0x10, 0x00, 0x00, 0x81, // ...N...6...F....
	0x00, 0x05, 0x00, 0x14, 0x00, 0x00, 0x00, 0x4f, 0x10, 0x00, 0x00, 0x4b, 0x10, 0x00, 0x00, 0x4e, // .......O...K...N
	0x10, 0x00, 0x00, 0x8e, 0x00, 0x05, 0x00, 0x14, 0x00, 0x00, 0x00, 0x52, 0x10, 0x00, 0x00, 0x4f, // ...........R...O
	0x10, 0x00, 0x00, 0x29, 0x1b, 0x00, 0x00, 0xb8, 0x00, 0x05, 0x00, 0x8b, 0x00, 0x00, 0x00, 0x55, // ...)...........U
	0x10, 0x00, 0x00, 0x28, 0x10, 0x00, 0x00, 0xee, 0x00, 0x00, 0x00, 0xf7, 0x00, 0x03, 0x00, 0x5e, // ...(...........^
	0x10, 0x00, 0x00, 0x00, 0x00, 0x00, 0x00, 0xfa, 0x00, 0x04, 0x00, 0x55, 0x10, 0x00, 0x00, 0x56, // ...........U...V
	0x10, 0x00, 0x00, 0x5e, 0x10, 0x00, 0x00, 0xf8, 0x00, 0x02, 0x00, 0x56, 0x10, 0x00, 0x00, 0x51, // ...^.......V...Q
	0x00, 0x05, 0x00, 0x07, 0x00, 0x00, 0x00, 0x58, 0x10, 0x00, 0x00, 0x56, 0x06, 0x00, 0x00, 0x00, // .......X...V....
	0x00, 0x00, 0x00, 0xba, 0x00, 0x05, 0x00, 0x8b, 0x00, 0x00, 0x00, 0x59, 0x10, 0x00, 0x00, 0x58, // ...........Y...X
	0x10, 0x00, 0x00, 0xe0, 0x00, 0x00, 0x00, 0xa9, 0x00, 0x06, 0x00, 0x07, 0x00, 0x00, 0x00, 0x5a, // ...............Z
	0x10, 0x00, 0x00, 0x59, 0x10, 0x00, 0x00, 0x0a, 0x02, 0x00, 0x00, 0xeb, 0x00, 0x00, 0x00, 0x50, // ...Y...........P
	0x00, 0x06, 0x00, 0x14, 0x00, 0x00, 0x00, 0x5c, 0x10, 0x00, 0x00, 0x5a, 0x10, 0x00, 0x00, 0x5a, // ...........Z...Z
	0x10, 0x00, 0x00, 0x5a, 0x10, 0x00, 0x00, 0x81, 0x00, 0x05, 0x00, 0x14, 0x00, 0x00, 0x00, 0x5d, // ...Z...........]
	0x10, 0x00, 0x00, 0x52, 0x10, 0x00, 0x00, 0x5c, 0x10, 0x00, 0x00, 0xf9, 0x00, 0x02, 0x00, 0x5e, // ...R...........^
	0x10, 0x00, 0x00, 0xf8, 0x00, 0x02, 0x00, 0x5e, 0x10, 0x00, 0x00, 0xf5, 0x00, 0x07, 0x00, 0x14, // .......^........
	0x00, 0x00, 0x00, 0x2a, 0x1b, 0x00, 0x00, 0x52, 0x10, 0x00, 0x00, 0x95, 0x10, 0x00, 0x00, 0x5d, // ...*...R.......]
	0x10, 0x00, 0x00, 0x56, 0x10, 0x00, 0x00, 0x85, 0x00, 0x05, 0x00, 0x14, 0x00, 0x00, 0x00, 0x61, // ...V...........a
	0x10, 0x00, 0x00, 0x2a, 0x1b, 0x00, 0x00, 0x7a, 0x1a, 0x00, 0x00, 0x0c, 0x00, 0x06, 0x00, 0x14, // ...*...z........
	0x00, 0x00, 0x00, 0x62, 0x10, 0x00, 0x00, 0x01, 0x00, 0x00, 0x00, 0x08, 0x00, 0x00, 0x00, 0x61, // ...b...........a
	0x10, 0x00, 0x00, 0x51, 0x00, 0x05, 0x00, 0x07, 0x00, 0x00, 0x00, 0x64, 0x10, 0x00, 0x00, 0x56, // ...Q.......d...V
	0x06, 0x00, 0x00, 0x00, 0x00, 0x00, 0x00, 0xba, 0x00, 0x05, 0x00, 0x8b, 0x00, 0x00, 0x00, 0x65, // ...............e
	0x10, 0x00, 0x00, 0x64, 0x10, 0x00, 0x00, 0xe0, 0x00, 0x00, 0x00, 0xf7, 0x00, 0x03, 0x00, 0x69, // ...d...........i
	0x10, 0x00, 0x00, 0x00, 0x00, 0x00, 0x00, 0xfa, 0x00, 0x04, 0x00, 0x65, 0x10, 0x00, 0x00, 0x66, // ...........e...f
	0x10, 0x00, 0x00, 0x69, 0x10, 0x00, 0x00, 0xf8, 0x00, 0x02, 0x00, 0x66, 0x10, 0x00, 0x00, 0x7f, // ...i.......f....
	0x00, 0x04, 0x00, 0x14, 0x00, 0x00, 0x00, 0x68, 0x10, 0x00, 0x00, 0x62, 0x10, 0x00, 0x00, 0xf9, // .......h...b....
	0x00, 0x02, 0x00, 0x69, 0x10, 0x00, 0x00, 0xf8, 0x00, 0x02, 0x00, 0x69, 0x10, 0x00, 0x00, 0xf5, // ...i.......i....
	0x00, 0x07, 0x00, 0x14, 0x00, 0x00, 0x00, 0x2d, 0x1b, 0x00, 0x00, 0x62, 0x10, 0x00, 0x00, 0x5e, // .......-...b...^
	0x10, 0x00, 0x00, 0x68, 0x10, 0x00, 0x00, 0x66, 0x10, 0x00, 0x00, 0x51, 0x00, 0x05, 0x00, 0x07, // ...h...f...Q....
	0x00, 0x00, 0x00, 0x6c, 0x10, 0x00, 0x00, 0x56, 0x06, 0x00, 0x00, 0x01, 0x00, 0x00, 0x00, 0xf7, // ...l...V........
	0x00, 0x03, 0x00, 0xad, 0x10, 0x00, 0x00, 0x00, 0x00, 0x00, 0x00, 0xfb, 0x00, 0x03, 0x00, 0x06, // ................
	0x02, 0x00, 0x00, 0xa0, 0x10, 0x00, 0x00, 0xf8, 0x00, 0x02, 0x00, 0xa0, 0x10, 0x00, 0x00, 0xb8, // ................
	0x00, 0x05, 0x00, 0x8b, 0x00, 0x00, 0x00, 0xa2, 0x10, 0x00, 0x00, 0x6c, 0x10, 0x00, 0x00, 0xe0, // ...........l....
	0x00, 0x00, 0x00, 0xf7, 0x00, 0x03, 0x00, 0xa4, 0x10, 0x00, 0x00, 0x00, 0x00, 0x00, 0x00, 0xfa, // ................
	0x00, 0x04, 0x00, 0xa2, 0x10, 0x00, 0x00, 0xa3, 0x10, 0x00, 0x00, 0xa4, 0x10, 0x00, 0x00, 0xf8, // ................
	0x00, 0x02, 0x00, 0xa3, 0x10, 0x00, 0x00, 0xf9, 0x00, 0x02, 0x00, 0xad, 0x10, 0x00, 0x00, 0xf8, // ................
	0x00, 0x02, 0x00, 0xa4, 0x10, 0x00, 0x00, 0xb8, 0x00, 0x05, 0x00, 0x8b, 0x00, 0x00, 0x00, 0xa6, // ................
	0x10, 0x00, 0x00, 0x6c, 0x10, 0x00, 0x00, 0xe7, 0x00, 0x00, 0x00, 0xf7, 0x00, 0x03, 0x00, 0xa8, // ...l............
	0x10, 0x00, 0x00, 0x00, 0x00, 0x00, 0x00, 0xfa, 0x00, 0x04, 0x00, 0xa6, 0x10, 0x00, 0x00, 0xa7, // ................
	0x10, 0x00, 0x00, 0xa8, 0x10, 0x00, 0x00, 0xf8, 0x00, 0x02, 0x00, 0xa7, 0x10, 0x00, 0x00, 0xf9, // ................
	0x00, 0x02, 0x00, 0xad, 0x10, 0x00, 0x00, 0xf8, 0x00, 0x02, 0x00, 0xa8, 0x10, 0x00, 0x00, 0xb8, // ................
	0x00, 0x05, 0x00, 0x8b, 0x00, 0x00, 0x00, 0xaa, 0x10, 0x00, 0x00, 0x6c, 0x10, 0x00, 0x00, 0xee, // ...........l....
	0x00, 0x00, 0x00, 0xf7, 0x00, 0x03, 0x00, 0xac, 0x10, 0x00, 0x00, 0x00, 0x00, 0x00, 0x00, 0xfa, // ................
	0x00, 0x04, 0x00, 0xaa, 0x10, 0x00, 0x00, 0xab, 0x10, 0x00, 0x00, 0xac, 0x10, 0x00, 0x00, 0xf8, // ................
	0x00, 0x02, 0x00, 0xab, 0x10, 0x00, 0x00, 0xf9, 0x00, 0x02, 0x00, 0xad, 0x10, 0x00, 0x00, 0xf8, // ................
	0x00, 0x02, 0x00, 0xac, 0x10, 0x00, 0x00, 0xf9, 0x00, 0x02, 0x00, 0xad, 0x10, 0x00, 0x00, 0xf8, // ................
	0x00, 0x02, 0x00, 0xad, 0x10, 0x00, 0x00, 0xf5, 0x00, 0x0b, 0x00, 0x07, 0x00, 0x00, 0x00, 0x2b, // ...............+
	0x1b, 0x00, 0x00, 0xe4, 0x00, 0x00, 0x00, 0xa3, 0x10, 0x00, 0x00, 0xeb, 0x00, 0x00, 0x00, 0xa7, // ................
	0x10, 0x00, 0x00, 0xf2, 0x00, 0x00, 0x00, 0xab, 0x10, 0x00, 0x00, 0xe4, 0x00, 0x00, 0x00, 0xac, // ................
	0x10, 0x00, 0x00, 0x50, 0x00, 0x06, 0x00, 0x14, 0x00, 0x00, 0x00, 0x6e, 0x10, 0x00, 0x00, 0x2b, // ...P.......n...+
	0x1b, 0x00, 0x00, 0x2b, 0x1b, 0x00, 0x00, 0x2b, 0x1b, 0x00, 0x00, 0x81, 0x00, 0x05, 0x00, 0x14, // ...+...+........
	0x00, 0x00, 0x00, 0x6f, 0x10, 0x00, 0x00, 0x40, 0x10, 0x00, 0x00, 0x6e, 0x10, 0x00, 0x00, 0x8e, // ...o...@...n....
	0x00, 0x05, 0x00, 0x14, 0x00, 0x00, 0x00, 0x71, 0x10, 0x00, 0x00, 0x6f, 0x10, 0x00, 0x00, 0x29, // .......q...o...)
	0x1b, 0x00, 0x00, 0x81, 0x00, 0x05, 0x00, 0x14, 0x00, 0x00, 0x00, 0x73, 0x10, 0x00, 0x00, 0x71, // ...........s...q
	0x10, 0x00, 0x00, 0x2d, 0x1b, 0x00, 0x00, 0x50, 0x00, 0x06, 0x00, 0x14, 0x00, 0x00, 0x00, 0x75, // ...-...P.......u
	0x10, 0x00, 0x00, 0x9b, 0x10, 0x00, 0x00, 0x9b, 0x10, 0x00, 0x00, 0x9b, 0x10, 0x00, 0x00, 0x88, // ................
	0x00, 0x05, 0x00, 0x14, 0x00, 0x00, 0x00, 0x76, 0x10, 0x00, 0x00, 0x73, 0x10, 0x00, 0x00, 0x75, // .......v...s...u
	0x10, 0x00, 0x00, 0x51, 0x00, 0x05, 0x00, 0x07, 0x00, 0x00, 0x00, 0x78, 0x10, 0x00, 0x00, 0x56, // ...Q.......x...V
	0x06, 0x00, 0x00, 0x03, 0x00, 0x00, 0x00, 0xba, 0x00, 0x05, 0x00, 0x8b, 0x00, 0x00, 0x00, 0x79, // ...............y
	0x10, 0x00, 0x00, 0x78, 0x10, 0x00, 0x00, 0xe0, 0x00, 0x00, 0x00, 0xf7, 0x00, 0x03, 0x00, 0x80, // ...x............
	0x10, 0x00, 0x00, 0x00, 0x00, 0x00, 0x00, 0xfa, 0x00, 0x04, 0x00, 0x79, 0x10, 0x00, 0x00, 0x7a, // ...........y...z
	0x10, 0x00, 0x00, 0x7d, 0x10, 0x00, 0x00, 0xf8, 0x00, 0x02, 0x00, 0x7a, 0x10, 0x00, 0x00, 0x0c, // ...}.......z....
	0x00, 0x08, 0x00, 0x14, 0x00, 0x00, 0x00, 0x7c, 0x10, 0x00, 0x00, 0x01, 0x00, 0x00, 0x00, 0x2b, // .......|.......+
	0x00, 0x00, 0x00, 0x76, 0x10, 0x00, 0x00, 0x30, 0x02, 0x00, 0x00, 0x31, 0x02, 0x00, 0x00, 0xf9, // ...v...0...1....
	0x00, 0x02, 0x00, 0x80, 0x10, 0x00, 0x00, 0xf8, 0x00, 0x02, 0x00, 0x7d, 0x10, 0x00, 0x00, 0x0c, // ...........}....
	0x00, 0x08, 0x00, 0x14, 0x00, 0x00, 0x00, 0x7f, 0x10, 0x00, 0x00, 0x01, 0x00, 0x00, 0x00, 0x2b, // ...............+
	0x00, 0x00, 0x00, 0x76, 0x10, 0x00, 0x00, 0x36, 0x02, 0x00, 0x00, 0x38, 0x02, 0x00, 0x00, 0xf9, // ...v...6...8....
	0x00, 0x02, 0x00, 0x80, 0x10, 0x00, 0x00, 0xf8, 0x00, 0x02, 0x00, 0x80, 0x10, 0x00, 0x00, 0xf5, // ................
	0x00, 0x07, 0x00, 0x14, 0x00, 0x00, 0x00, 0x2e, 0x1b, 0x00, 0x00, 0x7c, 0x10, 0x00, 0x00, 0x7a, // ...........|...z
	0x10, 0x00, 0x00, 0x7f, 0x10, 0x00, 0x00, 0x7d, 0x10, 0x00, 0x00, 0x85, 0x00, 0x05, 0x00, 0x14, // .......}........
	0x00, 0x00, 0x00, 0x83, 0x10, 0x00, 0x00, 0x2e, 0x1b, 0x00, 0x00, 0x7c, 0x1a, 0x00, 0x00, 0x51, // ...........|...Q
	0x00, 0x05, 0x00, 0x07, 0x00, 0x00, 0x00, 0x8c, 0x0d, 0x00, 0x00, 0x4a, 0x06, 0x00, 0x00, 0x00, // ...........J....
	0x00, 0x00, 0x00, 0xb8, 0x00, 0x05, 0x00, 0x8b, 0x00, 0x00, 0x00, 0xb1, 0x10, 0x00, 0x00, 0x8c, // ................
	0x0d, 0x00, 0x00, 0xe0, 0x00, 0x00, 0x00, 0xf7, 0x00, 0x03, 0x00, 0xda, 0x10, 0x00, 0x00, 0x00, // ................
	0x00, 0x00, 0x00, 0xfa, 0x00, 0x04, 0x00, 0xb1, 0x10, 0x00, 0x00, 0xb2, 0x10, 0x00, 0x00, 0xba, // ................
	0x10, 0x00, 0x00, 0xf8, 0x00, 0x02, 0x00, 0xb2, 0x10, 0x00, 0x00, 0x51, 0x00, 0x05, 0x00, 0x07, // ...........Q....
	0x00, 0x00, 0x00, 0xb5, 0x10, 0x00, 0x00, 0x83, 0x10, 0x00, 0x00, 0x00, 0x00, 0x00, 0x00, 0x52, // ...............R
	0x00, 0x06, 0x00, 0x0d, 0x00, 0x00, 0x00, 0xb2, 0x19, 0x00, 0x00, 0xb5, 0x10, 0x00, 0x00, 0xf9, // ................
	0x1a, 0x00, 0x00, 0x00, 0x00, 0x00, 0x00, 0x51, 0x00, 0x05, 0x00, 0x07, 0x00, 0x00, 0x00, 0xb7, // .......Q........
	0x10, 0x00, 0x00, 0x83, 0x10, 0x00, 0x00, 0x01, 0x00, 0x00, 0x00, 0x52, 0x00, 0x06, 0x00, 0x0d, // ...........R....
	0x00, 0x00, 0x00, 0xb4, 0x19, 0x00, 0x00, 0xb7, 0x10, 0x00, 0x00, 0xb2, 0x19, 0x00, 0x00, 0x01, // ................
	0x00, 0x00, 0x00, 0x51, 0x00, 0x05, 0x00, 0x07, 0x00, 0x00, 0x00, 0xb9, 0x10, 0x00, 0x00, 0x83, // ...Q............
	0x10, 0x00, 0x00, 0x02, 0x00, 0x00, 0x00, 0x52, 0x00, 0x06, 0x00, 0x0d, 0x00, 0x00, 0x00, 0xb6, // .......R........
	0x19, 0x00, 0x00, 0xb9, 0x10, 0x00, 0x00, 0xb4, 0x19, 0x00, 0x00, 0x02, 0x00, 0x00, 0x00, 0xf9, // ................
	0x00, 0x02, 0x00, 0xda, 0x10, 0x00, 0x00, 0xf8, 0x00, 0x02, 0x00, 0xba, 0x10, 0x00, 0x00, 0xb8, // ................
	0x00, 0x05, 0x00, 0x8b, 0x00, 0x00, 0x00, 0xbc, 0x10, 0x00, 0x00, 0x8c, 0x0d, 0x00, 0x00, 0xe7, // ................
	0x00, 0x00, 0x00, 0xf7, 0x00, 0x03, 0x00, 0xd9, 0x10, 0x00, 0x00, 0x00, 0x00, 0x00, 0x00, 0xfa, // ................
	0x00, 0x04, 0x00, 0xbc, 0x10, 0x00, 0x00, 0xbd, 0x10, 0x00, 0x00, 0xc5, 0x10, 0x00, 0x00, 0xf8, // ................
	0x00, 0x02, 0x00, 0xbd, 0x10, 0x00, 0x00, 0x51, 0x00, 0x05, 0x00, 0x07, 0x00, 0x00, 0x00, 0xc0, // .......Q........
	0x10, 0x00, 0x00, 0x83, 0x10, 0x00, 0x00, 0x00, 0x00, 0x00, 0x00, 0x52, 0x00, 0x06, 0x00, 0x0d, // ...........R....
	0x00, 0x00, 0x00, 0xb8, 0x19, 0x00, 0x00, 0xc0, 0x10, 0x00, 0x00, 0xfc, 0x1a, 0x00, 0x00, 0x00, // ................
	0x00, 0x00, 0x00, 0x51, 0x00, 0x05, 0x00, 0x07, 0x00, 0x00, 0x00, 0xc2, 0x10, 0x00, 0x00, 0x83, // ...Q............
	0x10, 0x00, 0x00, 0x01, 0x00, 0x00, 0x00, 0x52, 0x00, 0x06, 0x00, 0x0d, 0x00, 0x00, 0x00, 0xba, // .......R........
	0x19, 0x00, 0x00, 0xc2, 0x10, 0x00, 0x00, 0xb8, 0x19, 0x00, 0x00, 0x01, 0x00, 0x00, 0x00, 0x51, // ...............Q
	0x00, 0x05, 0x00, 0x07, 0x00, 0x00, 0x00, 0xc4, 0x10, 0x00, 0x00, 0x83, 0x10, 0x00, 0x00, 0x02, // ................
	0x00, 0x00, 0x00, 0x52, 0x00, 0x06, 0x00, 0x0d, 0x00, 0x00, 0x00, 0xbc, 0x19, 0x00, 0x00, 0xc4, // ...R............
	0x10, 0x00, 0x00, 0xba, 0x19, 0x00, 0x00, 0x02, 0x00, 0x00, 0x00, 0xf9, 0x00, 0x02, 0x00, 0xd9, // ................
	0x10, 0x00, 0x00, 0xf8, 0x00, 0x02, 0x00, 0xc5, 0x10, 0x00, 0x00, 0xb8, 0x00, 0x05, 0x00, 0x8b, // ................
	0x00, 0x00, 0x00, 0xc7, 0x10, 0x00, 0x00, 0x8c, 0x0d, 0x00, 0x00, 0xee, 0x00, 0x00, 0x00, 0xf7, // ................
	0x00, 0x03, 0x00, 0xd8, 0x10, 0x00, 0x00, 0x00, 0x00, 0x00, 0x00, 0xfa, 0x00, 0x04, 0x00, 0xc7, // ................
	0x10, 0x00, 0x00, 0xc8, 0x10, 0x00, 0x00, 0xd0, 0x10, 0x00, 0x00, 0xf8, 0x00, 0x02, 0x00, 0xc8, // ................
	0x10, 0x00, 0x00, 0x51, 0x00, 0x05, 0x00, 0x07, 0x00, 0x00, 0x00, 0xcb, 0x10, 0x00, 0x00, 0x83, // ...Q............
	0x10, 0x00, 0x00, 0x00, 0x00, 0x00, 0x00, 0x52, 0x00, 0x06, 0x00, 0x0d, 0x00, 0x00, 0x00, 0xbe, // .......R........
	0x19, 0x00, 0x00, 0xcb, 0x10, 0x00, 0x00, 0xff, 0x1a, 0x00, 0x00, 0x00, 0x00, 0x00, 0x00, 0x51, // ...............Q
	0x00, 0x05, 0x00, 0x07, 0x00, 0x00, 0x00, 0xcd, 0x10, 0x00, 0x00, 0x83, 0x10, 0x00, 0x00, 0x01, // ................
	0x00, 0x00, 0x00, 0x52, 0x00, 0x06, 0x00, 0x0d, 0x00, 0x00, 0x00, 0xc0, 0x19, 0x00, 0x00, 0xcd, // ...R............
	0x10, 0x00, 0x00, 0xbe, 0x19, 0x00, 0x00, 0x01, 0x00, 0x00, 0x00, 0x51, 0x00, 0x05, 0x00, 0x07, // ...........Q....
	0x00, 0x00, 0x00, 0xcf, 0x10, 0x00, 0x00, 0x83, 0x10, 0x00, 0x00, 0x02, 0x00, 0x00, 0x00, 0x52, // ...............R
	0x00, 0x06, 0x00, 0x0d, 0x00, 0x00, 0x00, 0xc2, 0x19, 0x00, 0x00, 0xcf, 0x10, 0x00, 0x00, 0xc0, // ................
	0x19, 0x00, 0x00, 0x02, 0x00, 0x00, 0x00, 0xf9, 0x00, 0x02, 0x00, 0xd8, 0x10, 0x00, 0x00, 0xf8, // ................
	0x00, 0x02, 0x00, 0xd0, 0x10, 0x00, 0x00, 0x51, 0x00, 0x05, 0x00, 0x07, 0x00, 0x00, 0x00, 0xd3, // .......Q........
	0x10, 0x00, 0x00, 0x83, 0x10, 0x00, 0x00, 0x00, 0x00, 0x00, 0x00, 0x52, 0x00, 0x06, 0x00, 0x0d, // ...........R....
	0x00, 0x00, 0x00, 0xc4, 0x19, 0x00, 0x00, 0xd3, 0x10, 0x00, 0x00, 0x02, 0x1b, 0x00, 0x00, 0x00, // ................
	0x00, 0x00, 0x00, 0x51, 0x00, 0x05, 0x00, 0x07, 0x00, 0x00, 0x00, 0xd5, 0x10, 0x00, 0x00, 0x83, // ...Q............
	0x10, 0x00, 0x00, 0x01, 0x00, 0x00, 0x00, 0x52, 0x00, 0x06, 0x00, 0x0d, 0x00, 0x00, 0x00, 0xc6, // .......R........
	0x19, 0x00, 0x00, 0xd5, 0x10, 0x00, 0x00, 0xc4, 0x19, 0x00, 0x00, 0x01, 0x00, 0x00, 0x00, 0x51, // ...............Q
	0x00, 0x05, 0x00, 0x07, 0x00, 0x00, 0x00, 0xd7, 0x10, 0x00, 0x00, 0x83, 0x10, 0x00, 0x00, 0x02, // ................
	0x00, 0x00, 0x00, 0x52, 0x00, 0x06, 0x00, 0x0d, 0x00, 0x00, 0x00, 0xc8, 0x19, 0x00, 0x00, 0xd7, // ...R............
	0x10, 0x00, 0x00, 0xc6, 0x19, 0x00, 0x00, 0x02, 0x00, 0x00, 0x00, 0xf9, 0x00, 0x02, 0x00, 0xd8, // ................
	0x10, 0x00, 0x00, 0xf8, 0x00, 0x02, 0x00, 0xd8, 0x10, 0x00, 0x00, 0xf5, 0x00, 0x07, 0x00, 0x0d, // ................
	0x00, 0x00, 0x00, 0x52, 0x1b, 0x00, 0x00, 0x02, 0x1b, 0x00, 0x00, 0xc8, 0x10, 0x00, 0x00, 0xc8, // ...R............
	0x19, 0x00, 0x00, 0xd0, 0x10, 0x00, 0x00, 0xf5, 0x00, 0x07, 0x00, 0x0d, 0x00, 0x00, 0x00, 0x4f, // ...............O
	0x1b, 0x00, 0x00, 0xc2, 0x19, 0x00, 0x00, 0xc8, 0x10, 0x00, 0x00, 0xff, 0x1a, 0x00, 0x00, 0xd0, // ................
	0x10, 0x00, 0x00, 0xf9, 0x00, 0x02, 0x00, 0xd9, 0x10, 0x00, 0x00, 0xf8, 0x00, 0x02, 0x00, 0xd9, // ................
	0x10, 0x00, 0x00, 0xf5, 0x00, 0x07, 0x00, 0x0d, 0x00, 0x00, 0x00, 0x51, 0x1b, 0x00, 0x00, 0x02, // ...........Q....
	0x1b, 0x00, 0x00, 0xbd, 0x10, 0x00, 0x00, 0x52, 0x1b, 0x00, 0x00, 0xd8, 0x10, 0x00, 0x00, 0xf5, // .......R........
	0x00, 0x07, 0x00, 0x0d, 0x00, 0x00, 0x00, 0x4e, 0x1b, 0x00, 0x00, 0xff, 0x1a, 0x00, 0x00, 0xbd, // .......N........
	0x10, 0x00, 0x00, 0x4f, 0x1b, 0x00, 0x00, 0xd8, 0x10, 0x00, 0x00, 0xf5, 0x00, 0x07, 0x00, 0x0d, // ...O............
	0x00, 0x00, 0x00, 0x4b, 0x1b, 0x00, 0x00, 0xbc, 0x19, 0x00, 0x00, 0xbd, 0x10, 0x00, 0x00, 0xfc, // ...K............
	0x1a, 0x00, 0x00, 0xd8, 0x10, 0x00, 0x00, 0xf9, 0x00, 0x02, 0x00, 0xda, 0x10, 0x00, 0x00, 0xf8, // ................
	0x00, 0x02, 0x00, 0xda, 0x10, 0x00, 0x00, 0xf5, 0x00, 0x07, 0x00, 0x0d, 0x00, 0x00, 0x00, 0x50, // ...............P
	0x1b, 0x00, 0x00, 0x02, 0x1b, 0x00, 0x00, 0xb2, 0x10, 0x00, 0x00, 0x51, 0x1b, 0x00, 0x00, 0xd9, // ...........Q....
	0x10, 0x00, 0x00, 0xf5, 0x00, 0x07, 0x00, 0x0d, 0x00, 0x00, 0x00, 0x4d, 0x1b, 0x00, 0x00, 0xff, // ...........M....
	0x1a, 0x00, 0x00, 0xb2, 0x10, 0x00, 0x00, 0x4e, 0x1b, 0x00, 0x00, 0xd9, 0x10, 0x00, 0x00, 0xf5, // .......N........
	0x00, 0x07, 0x00, 0x0d, 0x00, 0x00, 0x00, 0x4a, 0x1b, 0x00, 0x00, 0xfc, 0x1a, 0x00, 0x00, 0xb2, // .......J........
	0x10, 0x00, 0x00, 0x4b, 0x1b, 0x00, 0x00, 0xd9, 0x10, 0x00, 0x00, 0xf5, 0x00, 0x07, 0x00, 0x0d, // ...K............
	0x00, 0x00, 0x00, 0x47, 0x1b, 0x00, 0x00, 0xb6, 0x19, 0x00, 0x00, 0xb2, 0x10, 0x00, 0x00, 0xf9, // ...G............
	0x1a, 0x00, 0x00, 0xd9, 0x10, 0x00, 0x00, 0x51, 0x00, 0x05, 0x00, 0x07, 0x00, 0x00, 0x00, 0x94, // .......Q........
	0x0d, 0x00, 0x00, 0x54, 0x06, 0x00, 0x00, 0x00, 0x00, 0x00, 0x00, 0xf7, 0x00, 0x03, 0x00, 0x0a, // ...T............
	0x11, 0x00, 0x00, 0x00, 0x00, 0x00, 0x00, 0xfb, 0x00, 0x03, 0x00, 0x06, 0x02, 0x00, 0x00, 0xdf, // ................
	0x10, 0x00, 0x00, 0xf8, 0x00, 0x02, 0x00, 0xdf, 0x10, 0x00, 0x00, 0xb8, 0x00, 0x05, 0x00, 0x8b, // ................
	0x00, 0x00, 0x00, 0xe1, 0x10, 0x00, 0x00, 0x94, 0x0d, 0x00, 0x00, 0xe0, 0x00, 0x00, 0x00, 0xf7, // ................
	0x00, 0x03, 0x00, 0xe5, 0x10, 0x00, 0x00, 0x00, 0x00, 0x00, 0x00, 0xfa, 0x00, 0x04, 0x00, 0xe1, // ................
	0x10, 0x00, 0x00, 0xe2, 0x10, 0x00, 0x00, 0xe5, 0x10, 0x00, 0x00, 0xf8, 0x00, 0x02, 0x00, 0xe2, // ................
	0x10, 0x00, 0x00, 0x51, 0x00, 0x05, 0x00, 0x07, 0x00, 0x00, 0x00, 0xe4, 0x10, 0x00, 0x00, 0x47, // ...Q...........G
	0x1b, 0x00, 0x00, 0x03, 0x00, 0x00, 0x00, 0xf9, 0x00, 0x02, 0x00, 0x0a, 0x11, 0x00, 0x00, 0xf8, // ................
	0x00, 0x02, 0x00, 0xe5, 0x10, 0x00, 0x00, 0xb8, 0x00, 0x05, 0x00, 0x8b, 0x00, 0x00, 0x00, 0xe7, // ................
	0x10, 0x00, 0x00, 0x94, 0x0d, 0x00, 0x00, 0xe7, 0x00, 0x00, 0x00, 0xf7, 0x00, 0x03, 0x00, 0xeb, // ................
	0x10, 0x00, 0x00, 0x00, 0x00, 0x00, 0x00, 0xfa, 0x00, 0x04, 0x00, 0xe7, 0x10, 0x00, 0x00, 0xe8, // ................
	0x10, 0x00, 0x00, 0xeb, 0x10, 0x00, 0x00, 0xf8, 0x00, 0x02, 0x00, 0xe8, 0x10, 0x00, 0x00, 0x51, // ...............Q
	0x00, 0x05, 0x00, 0x07, 0x00, 0x00, 0x00, 0xea, 0x10, 0x00, 0x00, 0x4a, 0x1b, 0x00, 0x00, 0x03, // ...........J....
	0x00, 0x00, 0x00, 0xf9, 0x00, 0x02, 0x00, 0x0a, 0x11, 0x00, 0x00, 0xf8, 0x00, 0x02, 0x00, 0xeb, // ................
	0x10, 0x00, 0x00, 0xb8, 0x00, 0x05, 0x00, 0x8b, 0x00, 0x00, 0x00, 0xed, 0x10, 0x00, 0x00, 0x94, // ................
	0x0d, 0x00, 0x00, 0xee, 0x00, 0x00, 0x00, 0xf7, 0x00, 0x03, 0x00, 0xf1, 0x10, 0x00, 0x00, 0x00, // ................
	0x00, 0x00, 0x00, 0xfa, 0x00, 0x04, 0x00, 0xed, 0x10, 0x00, 0x00, 0xee, 0x10, 0x00, 0x00, 0xf1, // ................
	0x10, 0x00, 0x00, 0xf8, 0x00, 0x02, 0x00, 0xee, 0x10, 0x00, 0x00, 0x51, 0x00, 0x05, 0x00, 0x07, // ...........Q....
	0x00, 0x00, 0x00, 0xf0, 0x10, 0x00, 0x00, 0x4d, 0x1b, 0x00, 0x00, 0x03, 0x00, 0x00, 0x00, 0xf9, // .......M........
	0x00, 0x02, 0x00, 0x0a, 0x11, 0x00, 0x00, 0xf8, 0x00, 0x02, 0x00, 0xf1, 0x10, 0x00, 0x00, 0xb8, // ................
	0x00, 0x05, 0x00, 0x8b, 0x00, 0x00, 0x00, 0xf3, 0x10, 0x00, 0x00, 0x94, 0x0d, 0x00, 0x00, 0x28, // ...............(
	0x01, 0x00, 0x00, 0xf7, 0x00, 0x03, 0x00, 0xf7, 0x10, 0x00, 0x00, 0x00, 0x00, 0x00, 0x00, 0xfa, // ................
	0x00, 0x04, 0x00, 0xf3, 0x10, 0x00, 0x00, 0xf4, 0x10, 0x00, 0x00, 0xf7, 0x10, 0x00, 0x00, 0xf8, // ................
	0x00, 0x02, 0x00, 0xf4, 0x10, 0x00, 0x00, 0x51, 0x00, 0x05, 0x00, 0x07, 0x00, 0x00, 0x00, 0xf6, // .......Q........
	0x10, 0x00, 0x00, 0x50, 0x1b, 0x00, 0x00, 0x03, 0x00, 0x00, 0x00, 0xf9, 0x00, 0x02, 0x00, 0x0a, // ...P............
	0x11, 0x00, 0x00, 0xf8, 0x00, 0x02, 0x00, 0xf7, 0x10, 0x00, 0x00, 0xb8, 0x00, 0x05, 0x00, 0x8b, // ................
	0x00, 0x00, 0x00, 0xf9, 0x10, 0x00, 0x00, 0x94, 0x0d, 0x00, 0x00, 0x32, 0x01, 0x00, 0x00, 0xf7, // ...........2....
	0x00, 0x03, 0x00, 0xfd, 0x10, 0x00, 0x00, 0x00, 0x00, 0x00, 0x00, 0xfa, 0x00, 0x04, 0x00, 0xf9, // ................
	0x10, 0x00, 0x00, 0xfa, 0x10, 0x00, 0x00, 0xfd, 0x10, 0x00, 0x00, 0xf8, 0x00, 0x02, 0x00, 0xfa, // ................
	0x10, 0x00, 0x00, 0x51, 0x00, 0x05, 0x00, 0x07, 0x00, 0x00, 0x00, 0xfc, 0x10, 0x00, 0x00, 0x08, // ...Q............
	0x1b, 0x00, 0x00, 0x03, 0x00, 0x00, 0x00, 0xf9, 0x00, 0x02, 0x00, 0x0a, 0x11, 0x00, 0x00, 0xf8, // ................
	0x00, 0x02, 0x00, 0xfd, 0x10, 0x00, 0x00, 0xb8, 0x00, 0x05, 0x00, 0x8b, 0x00, 0x00, 0x00, 0xff, // ................
	0x10, 0x00, 0x00, 0x94, 0x0d, 0x00, 0x00, 0x3a, 0x01, 0x00, 0x00, 0xf7, 0x00, 0x03, 0x00, 0x03, // .......:........
	0x11, 0x00, 0x00, 0x00, 0x00, 0x00, 0x00, 0xfa, 0x00, 0x04, 0x00, 0xff, 0x10, 0x00, 0x00, 0x00, // ................
	0x11, 0x00, 0x00, 0x03, 0x11, 0x00, 0x00, 0xf8, 0x00, 0x02, 0x00, 0x00, 0x11, 0x00, 0x00, 0x51, // ...............Q
	0x00, 0x05, 0x00, 0x07, 0x00, 0x00, 0x00, 0x02, 0x11, 0x00, 0x00, 0x78, 0x05, 0x00, 0x00, 0x03, // ...........x....
	0x00, 0x00, 0x00, 0xf9, 0x00, 0x02, 0x00, 0x0a, 0x11, 0x00, 0x00, 0xf8, 0x00, 0x02, 0x00, 0x03, // ................
	0x11, 0x00, 0x00, 0xb8, 0x00, 0x05, 0x00, 0x8b, 0x00, 0x00, 0x00, 0x05, 0x11, 0x00, 0x00, 0x94, // ................
	0x0d, 0x00, 0x00, 0x44, 0x01, 0x00, 0x00, 0xf7, 0x00, 0x03, 0x00, 0x09, 0x11, 0x00, 0x00, 0x00, // ...D............
	0x00, 0x00, 0x00, 0xfa, 0x00, 0x04, 0x00, 0x05, 0x11, 0x00, 0x00, 0x06, 0x11, 0x00, 0x00, 0x09, // ................
	0x11, 0x00, 0x00, 0xf8, 0x00, 0x02, 0x00, 0x06, 0x11, 0x00, 0x00, 0x51, 0x00, 0x05, 0x00, 0x07, // ...........Q....
	0x00, 0x00, 0x00, 0x08, 0x11, 0x00, 0x00, 0x5c, 0x06, 0x00, 0x00, 0x03, 0x00, 0x00, 0x00, 0xf9, // ................
	0x00, 0x02, 0x00, 0x0a, 0x11, 0x00, 0x00, 0xf8, 0x00, 0x02, 0x00, 0x09, 0x11, 0x00, 0x00, 0xf9, // ................
	0x00, 0x02, 0x00, 0x0a, 0x11, 0x00, 0x00, 0xf8, 0x00, 0x02, 0x00, 0x0a, 0x11, 0x00, 0x00, 0xf5, // ................
	0x00, 0x13, 0x00, 0x07, 0x00, 0x00, 0x00, 0x53, 0x1b, 0x00, 0x00, 0xe4, 0x10, 0x00, 0x00, 0xe2, // .......S........
	0x10, 0x00, 0x00, 0xea, 0x10, 0x00, 0x00, 0xe8, 0x10, 0x00, 0x00, 0xf0, 0x10, 0x00, 0x00, 0xee, // ................
	0x10, 0x00, 0x00, 0xf6, 0x10, 0x00, 0x00, 0xf4, 0x10, 0x00, 0x00, 0xfc, 0x10, 0x00, 0x00, 0xfa, // ................
	0x10, 0x00, 0x00, 0x02, 0x11, 0x00, 0x00, 0x00, 0x11, 0x00, 0x00, 0x08, 0x11, 0x00, 0x00, 0x06, // ................
	0x11, 0x00, 0x00, 0xe4, 0x00, 0x00, 0x00, 0x09, 0x11, 0x00, 0x00, 0x51, 0x00, 0x05, 0x00, 0x07, // ...........Q....
	0x00, 0x00, 0x00, 0x9e, 0x0d, 0x00, 0x00, 0x54, 0x06, 0x00, 0x00, 0x01, 0x00, 0x00, 0x00, 0xf7, // .......T........
	0x00, 0x03, 0x00, 0x3b, 0x11, 0x00, 0x00, 0x00, 0x00, 0x00, 0x00, 0xfb, 0x00, 0x03, 0x00, 0x06, // ...;............
	0x02, 0x00, 0x00, 0x10, 0x11, 0x00, 0x00, 0xf8, 0x00, 0x02, 0x00, 0x10, 0x11, 0x00, 0x00, 0xb8, // ................
	0x00, 0x05, 0x00, 0x8b, 0x00, 0x00, 0x00, 0x12, 0x11, 0x00, 0x00, 0x9e, 0x0d, 0x00, 0x00, 0xe0, // ................
	0x00, 0x00, 0x00, 0xf7, 0x00, 0x03, 0x00, 0x16, 0x11, 0x00, 0x00, 0x00, 0x00, 0x00, 0x00, 0xfa, // ................
	0x00, 0x04, 0x00, 0x12, 0x11, 0x00, 0x00, 0x13, 0x11, 0x00, 0x00, 0x16, 0x11, 0x00, 0x00, 0xf8, // ................
	0x00, 0x02, 0x00, 0x13, 0x11, 0x00, 0x00, 0x51, 0x00, 0x05, 0x00, 0x07, 0x00, 0x00, 0x00, 0x15, // .......Q........
	0x11, 0x00, 0x00, 0x47, 0x1b, 0x00, 0x00, 0x03, 0x00, 0x00, 0x00, 0xf9, 0x00, 0x02, 0x00, 0x3b, // ...G...........;
	0x11, 0x00, 0x00, 0xf8, 0x00, 0x02, 0x00, 0x16, 0x11, 0x00, 0x00, 0xb8, 0x00, 0x05, 0x00, 0x8b, // ................
	0x00, 0x00, 0x00, 0x18, 0x11, 0x00, 0x00, 0x9e, 0x0d, 0x00, 0x00, 0xe7, 0x00, 0x00, 0x00, 0xf7, // ................
	0x00, 0x03, 0x00, 0x1c, 0x11, 0x00, 0x00, 0x00, 0x00, 0x00, 0x00, 0xfa, 0x00, 0x04, 0x00, 0x18, // ................
	0x11, 0x00, 0x00, 0x19, 0x11, 0x00, 0x00, 0x1c, 0x11, 0x00, 0x00, 0xf8, 0x00, 0x02, 0x00, 0x19, // ................
	0x11, 0x00, 0x00, 0x51, 0x00, 0x05, 0x00, 0x07, 0x00, 0x00, 0x00, 0x1b, 0x11, 0x00, 0x00, 0x4a, // ...Q...........J
	0x1b, 0x00, 0x00, 0x03, 0x00, 0x00, 0x00, 0xf9, 0x00, 0x02, 0x00, 0x3b, 0x11, 0x00, 0x00, 0xf8, // ...........;....
	0x00, 0x02, 0x00, 0x1c, 0x11, 0x00, 0x00, 0xb8, 0x00, 0x05, 0x00, 0x8b, 0x00, 0x00, 0x00, 0x1e, // ................
	0x11, 0x00, 0x00, 0x9e, 0x0d, 0x00, 0x00, 0xee, 0x00, 0x00, 0x00, 0xf7, 0x00, 0x03, 0x00, 0x22, // ..............."
	0x11, 0x00, 0x00, 0x00, 0x00, 0x00, 0x00, 0xfa, 0x00, 0x04, 0x00, 0x1e, 0x11, 0x00, 0x00, 0x1f, // ................
	0x11, 0x00, 0x00, 0x22, 0x11, 0x00, 0x00, 0xf8, 0x00, 0x02, 0x00, 0x1f, 0x11, 0x00, 0x00, 0x51, // ..."...........Q
	0x00, 0x05, 0x00, 0x07, 0x00, 0x00, 0x00, 0x21, 0x11, 0x00, 0x00, 0x4d, 0x1b, 0x00, 0x00, 0x03, // .......!...M....
	0x00, 0x00, 0x00, 0xf9, 0x00, 0x02, 0x00, 0x3b, 0x11, 0x00, 0x00, 0xf8, 0x00, 0x02, 0x00, 0x22, // .......;......."
	0x11, 0x00, 0x00, 0xb8, 0x00, 0x05, 0x00, 0x8b, 0x00, 0x00, 0x00, 0x24, 0x11, 0x00, 0x00, 0x9e, // ...........$....
	0x0d, 0x00, 0x00, 0x28, 0x01, 0x00, 0x00, 0xf7, 0x00, 0x03, 0x00, 0x28, 0x11, 0x00, 0x00, 0x00, // ...(.......(....
	0x00, 0x00, 0x00, 0xfa, 0x00, 0x04, 0x00, 0x24, 0x11, 0x00, 0x00, 0x25, 0x11, 0x00, 0x00, 0x28, // .......$...%...(
	0x11, 0x00, 0x00, 0xf8, 0x00, 0x02, 0x00, 0x25, 0x11, 0x00, 0x00, 0x51, 0x00, 0x05, 0x00, 0x07, // .......%...Q....
	0x00, 0x00, 0x00, 0x27, 0x11, 0x00, 0x00, 0x50, 0x1b, 0x00, 0x00, 0x03, 0x00, 0x00, 0x00, 0xf9, // ...'...P........
	0x00, 0x02, 0x00, 0x3b, 0x11, 0x00, 0x00, 0xf8, 0x00, 0x02, 0x00, 0x28, 0x11, 0x00, 0x00, 0xb8, // ...;.......(....
	0x00, 0x05, 0x00, 0x8b, 0x00, 0x00, 0x00, 0x2a, 0x11, 0x00, 0x00, 0x9e, 0x0d, 0x00, 0x00, 0x32, // .......*.......2
	0x01, 0x00, 0x00, 0xf7, 0x00, 0x03, 0x00, 0x2e, 0x11, 0x00, 0x00, 0x00, 0x00, 0x00, 0x00, 0xfa, // ................
	0x00, 0x04, 0x00, 0x2a, 0x11, 0x00, 0x00, 0x2b, 0x11, 0x00, 0x00, 0x2e, 0x11, 0x00, 0x00, 0xf8, // ...*...+........
	0x00, 0x02, 0x00, 0x2b, 0x11, 0x00, 0x00, 0x51, 0x00, 0x05, 0x00, 0x07, 0x00, 0x00, 0x00, 0x2d, // ...+...Q.......-
	0x11, 0x00, 0x00, 0x08, 0x1b, 0x00, 0x00, 0x03, 0x00, 0x00, 0x00, 0xf9, 0x00, 0x02, 0x00, 0x3b, // ...............;
	0x11, 0x00, 0x00, 0xf8, 0x00, 0x02, 0x00, 0x2e, 0x11, 0x00, 0x00, 0xb8, 0x00, 0x05, 0x00, 0x8b, // ................
	0x00, 0x00, 0x00, 0x30, 0x11, 0x00, 0x00, 0x9e, 0x0d, 0x00, 0x00, 0x3a, 0x01, 0x00, 0x00, 0xf7, // ...0.......:....
	0x00, 0x03, 0x00, 0x34, 0x11, 0x00, 0x00, 0x00, 0x00, 0x00, 0x00, 0xfa, 0x00, 0x04, 0x00, 0x30, // ...4...........0
	0x11, 0x00, 0x00, 0x31, 0x11, 0x00, 0x00, 0x34, 0x11, 0x00, 0x00, 0xf8, 0x00, 0x02, 0x00, 0x31, // ...1...4.......1
	0x11, 0x00, 0x00, 0x51, 0x00, 0x05, 0x00, 0x07, 0x00, 0x00, 0x00, 0x33, 0x11, 0x00, 0x00, 0x78, // ...Q.......3...x
	0x05, 0x00, 0x00, 0x03, 0x00, 0x00, 0x00, 0xf9, 0x00, 0x02, 0x00, 0x3b, 0x11, 0x00, 0x00, 0xf8, // ...........;....
	0x00, 0x02, 0x00, 0x34, 0x11, 0x00, 0x00, 0xb8, 0x00, 0x05, 0x00, 0x8b, 0x00, 0x00, 0x00, 0x36, // ...4...........6
	0x11, 0x00, 0x00, 0x9e, 0x0d, 0x00, 0x00, 0x44, 0x01, 0x00, 0x00, 0xf7, 0x00, 0x03, 0x00, 0x3a, // .......D.......:
	0x11, 0x00, 0x00, 0x00, 0x00, 0x00, 0x00, 0xfa, 0x00, 0x04, 0x00, 0x36, 0x11, 0x00, 0x00, 0x37, // ...........6...7
	0x11, 0x00, 0x00, 0x3a, 0x11, 0x00, 0x00, 0xf8, 0x00, 0x02, 0x00, 0x37, 0x11, 0x00, 0x00, 0x51, // ...:.......7...Q
	0x00, 0x05, 0x00, 0x07, 0x00, 0x00, 0x00, 0x39, 0x11, 0x00, 0x00, 0x5c, 0x06, 0x00, 0x00, 0x03, // .......9........
	0x00, 0x00, 0x00, 0xf9, 0x00, 0x02, 0x00, 0x3b, 0x11, 0x00, 0x00, 0xf8, 0x00, 0x02, 0x00, 0x3a, // .......;.......:
	0x11, 0x00, 0x00, 0xf9, 0x00, 0x02, 0x00, 0x3b, 0x11, 0x00, 0x00, 0xf8, 0x00, 0x02, 0x00, 0x3b, // .......;.......;
	0x11, 0x00, 0x00, 0xf5, 0x00, 0x13, 0x00, 0x07, 0x00, 0x00, 0x00, 0x58, 0x1b, 0x00, 0x00, 0x15, // ...........X....
	0x11, 0x00, 0x00, 0x13, 0x11, 0x00, 0x00, 0x1b, 0x11, 0x00, 0x00, 0x19, 0x11, 0x00, 0x00, 0x21, // ...............!
	0x11, 0x00, 0x00, 0x1f, 0x11, 0x00, 0x00, 0x27, 0x11, 0x00, 0x00, 0x25, 0x11, 0x00, 0x00, 0x2d, // .......'...%...-
	0x11, 0x00, 0x00, 0x2b, 0x11, 0x00, 0x00, 0x33, 0x11, 0x00, 0x00, 0x31, 0x11, 0x00, 0x00, 0x39, // ...+...3...1...9
	0x11, 0x00, 0x00, 0x37, 0x11, 0x00, 0x00, 0xe4, 0x00, 0x00, 0x00, 0x3a, 0x11, 0x00, 0x00, 0x51, // ...7.......:...Q
	0x00, 0x05, 0x00, 0x07, 0x00, 0x00, 0x00, 0xa8, 0x0d, 0x00, 0x00, 0x54, 0x06, 0x00, 0x00, 0x02, // ...........T....
	0x00, 0x00, 0x00, 0xf7, 0x00, 0x03, 0x00, 0x6c, 0x11, 0x00, 0x00, 0x00, 0x00, 0x00, 0x00, 0xfb, // .......l........
	0x00, 0x03, 0x00, 0x06, 0x02, 0x00, 0x00, 0x41, 0x11, 0x00, 0x00, 0xf8, 0x00, 0x02, 0x00, 0x41, // .......A.......A
	0x11, 0x00, 0x00, 0xb8, 0x00, 0x05, 0x00, 0x8b, 0x00, 0x00, 0x00, 0x43, 0x11, 0x00, 0x00, 0xa8, // ...........C....
	0x0d, 0x00, 0x00, 0xe0, 0x00, 0x00, 0x00, 0xf7, 0x00, 0x03, 0x00, 0x47, 0x11, 0x00, 0x00, 0x00, // ...........G....
	0x00, 0x00, 0x00, 0xfa, 0x00, 0x04, 0x00, 0x43, 0x11, 0x00, 0x00, 0x44, 0x11, 0x00, 0x00, 0x47, // .......C...D...G
	0x11, 0x00, 0x00, 0xf8, 0x00, 0x02, 0x00, 0x44, 0x11, 0x00, 0x00, 0x51, 0x00, 0x05, 0x00, 0x07, // .......D...Q....
	0x00, 0x00, 0x00, 0x46, 0x11, 0x00, 0x00, 0x47, 0x1b, 0x00, 0x00, 0x03, 0x00, 0x00, 0x00, 0xf9, // ...F...G........
	0x00, 0x02, 0x00, 0x6c, 0x11, 0x00, 0x00, 0xf8, 0x00, 0x02, 0x00, 0x47, 0x11, 0x00, 0x00, 0xb8, // ...l.......G....
	0x00, 0x05, 0x00, 0x8b, 0x00, 0x00, 0x00, 0x49, 0x11, 0x00, 0x00, 0xa8, 0x0d, 0x00, 0x00, 0xe7, // .......I........
	0x00, 0x00, 0x00, 0xf7, 0x00, 0x03, 0x00, 0x4d, 0x11, 0x00, 0x00, 0x00, 0x00, 0x00, 0x00, 0xfa, // .......M........
	0x00, 0x04, 0x00, 0x49, 0x11, 0x00, 0x00, 0x4a, 0x11, 0x00, 0x00, 0x4d, 0x11, 0x00, 0x00, 0xf8, // ...I...J...M....
	0x00, 0x02, 0x00, 0x4a, 0x11, 0x00, 0x00, 0x51, 0x00, 0x05, 0x00, 0x07, 0x00, 0x00, 0x00, 0x4c, // ...J...Q.......L
	0x11, 0x00, 0x00, 0x4a, 0x1b, 0x00, 0x00, 0x03, 0x00, 0x00, 0x00, 0xf9, 0x00, 0x02, 0x00, 0x6c, // ...J...........l
	0x11, 0x00, 0x00, 0xf8, 0x00, 0x02, 0x00, 0x4d, 0x11, 0x00, 0x00, 0xb8, 0x00, 0x05, 0x00, 0x8b, // .......M........
	0x00, 0x00, 0x00, 0x4f, 0x11, 0x00, 0x00, 0xa8, 0x0d, 0x00, 0x00, 0xee, 0x00, 0x00, 0x00, 0xf7, // ...O............
	0x00, 0x03, 0x00, 0x53, 0x11, 0x00, 0x00, 0x00, 0x00, 0x00, 0x00, 0xfa, 0x00, 0x04, 0x00, 0x4f, // ...S...........O
	0x11, 0x00, 0x00, 0x50, 0x11, 0x00, 0x00, 0x53, 0x11, 0x00, 0x00, 0xf8, 0x00, 0x02, 0x00, 0x50, // ...P...S.......P
	0x11, 0x00, 0x00, 0x51, 0x00, 0x05, 0x00, 0x07, 0x00, 0x00, 0x00, 0x52, 0x11, 0x00, 0x00, 0x4d, // ...Q.......R...M
	0x1b, 0x00, 0x00, 0x03, 0x00, 0x00, 0x00, 0xf9, 0x00, 0x02, 0x00, 0x6c, 0x11, 0x00, 0x00, 0xf8, // ...........l....
	0x00, 0x02, 0x00, 0x53, 0x11, 0x00, 0x00, 0xb8, 0x00, 0x05, 0x00, 0x8b, 0x00, 0x00, 0x00, 0x55, // ...S...........U
	0x11, 0x00, 0x00, 0xa8, 0x0d, 0x00, 0x00, 0x28, 0x01, 0x00, 0x00, 0xf7, 0x00, 0x03, 0x00, 0x59, // .......(.......Y
	0x11, 0x00, 0x00, 0x00, 0x00, 0x00, 0x00, 0xfa, 0x00, 0x04, 0x00, 0x55, 0x11, 0x00, 0x00, 0x56, // ...........U...V
	0x11, 0x00, 0x00, 0x59, 0x11, 0x00, 0x00, 0xf8, 0x00, 0x02, 0x00, 0x56, 0x11, 0x00, 0x00, 0x51, // ...Y.......V...Q
	0x00, 0x05, 0x00, 0x07, 0x00, 0x00, 0x00, 0x58, 0x11, 0x00, 0x00, 0x50, 0x1b, 0x00, 0x00, 0x03, // .......X...P....
	0x00, 0x00, 0x00, 0xf9, 0x00, 0x02, 0x00, 0x6c, 0x11, 0x00, 0x00, 0xf8, 0x00, 0x02, 0x00, 0x59, // .......l.......Y
	0x11, 0x00, 0x00, 0xb8, 0x00, 0x05, 0x00, 0x8b, 0x00, 0x00, 0x00, 0x5b, 0x11, 0x00, 0x00, 0xa8, // ...........[....
	0x0d, 0x00, 0x00, 0x32, 0x01, 0x00, 0x00, 0xf7, 0x00, 0x03, 0x00, 0x5f, 0x11, 0x00, 0x00, 0x00, // ...2......._....
	0x00, 0x00, 0x00, 0xfa, 0x00, 0x04, 0x00, 0x5b, 0x11, 0x00, 0x00, 0x5c, 0x11, 0x00, 0x00, 0x5f, // .......[......._
	0x11, 0x00, 0x00, 0xf8, 0x00, 0x02, 0x00, 0x5c, 0x11, 0x00, 0x00, 0x51, 0x00, 0x05, 0x00, 0x07, // ...........Q....
	0x00, 0x00, 0x00, 0x5e, 0x11, 0x00, 0x00, 0x08, 0x1b, 0x00, 0x00, 0x03, 0x00, 0x00, 0x00, 0xf9, // ...^............
	0x00, 0x02, 0x00, 0x6c, 0x11, 0x00, 0x00, 0xf8, 0x00, 0x02, 0x00, 0x5f, 0x11, 0x00, 0x00, 0xb8, // ...l......._....
	0x00, 0x05, 0x00, 0x8b, 0x00, 0x00, 0x00, 0x61, 0x11, 0x00, 0x00, 0xa8, 0x0d, 0x00, 0x00, 0x3a, // .......a.......:
	0x01, 0x00, 0x00, 0xf7, 0x00, 0x03, 0x00, 0x65, 0x11, 0x00, 0x00, 0x00, 0x00, 0x00, 0x00, 0xfa, // .......e........
	0x00, 0x04, 0x00, 0x61, 0x11, 0x00, 0x00, 0x62, 0x11, 0x00, 0x00, 0x65, 0x11, 0x00, 0x00, 0xf8, // ...a...b...e....
	0x00, 0x02, 0x00, 0x62, 0x11, 0x00, 0x00, 0x51, 0x00, 0x05, 0x00, 0x07, 0x00, 0x00, 0x00, 0x64, // ...b...Q.......d
	0x11, 0x00, 0x00, 0x78, 0x05, 0x00, 0x00, 0x03, 0x00, 0x00, 0x00, 0xf9, 0x00, 0x02, 0x00, 0x6c, // ...x...........l
	0x11, 0x00, 0x00, 0xf8, 0x00, 0x02, 0x00, 0x65, 0x11, 0x00, 0x00, 0xb8, 0x00, 0x05, 0x00, 0x8b, // .......e........
	0x00, 0x00, 0x00, 0x67, 0x11, 0x00, 0x00, 0xa8, 0x0d, 0x00, 0x00, 0x44, 0x01, 0x00, 0x00, 0xf7, // ...g.......D....
	0x00, 0x03, 0x00, 0x6b, 0x11, 0x00, 0x00, 0x00, 0x00, 0x00, 0x00, 0xfa, 0x00, 0x04, 0x00, 0x67, // ...k...........g
	0x11, 0x00, 0x00, 0x68, 0x11, 0x00, 0x00, 0x6b, 0x11, 0x00, 0x00, 0xf8, 0x00, 0x02, 0x00, 0x68, // ...h...k.......h
	0x11, 0x00, 0x00, 0x51, 0x00, 0x05, 0x00, 0x07, 0x00, 0x00, 0x00, 0x6a, 0x11, 0x00, 0x00, 0x5c, // ...Q.......j....
	0x06, 0x00, 0x00, 0x03, 0x00, 0x00, 0x00, 0xf9, 0x00, 0x02, 0x00, 0x6c, 0x11, 0x00, 0x00, 0xf8, // ...........l....
	0x00, 0x02, 0x00, 0x6b, 0x11, 0x00, 0x00, 0xf9, 0x00, 0x02, 0x00, 0x6c, 0x11, 0x00, 0x00, 0xf8, // ...k.......l....
	0x00, 0x02, 0x00, 0x6c, 0x11, 0x00, 0x00, 0xf5, 0x00, 0x13, 0x00, 0x07, 0x00, 0x00, 0x00, 0x5d, // ...l...........]
	0x1b, 0x00, 0x00, 0x46, 0x11, 0x00, 0x00, 0x44, 0x11, 0x00, 0x00, 0x4c, 0x11, 0x00, 0x00, 0x4a, // ...F...D...L...J
	0x11, 0x00, 0x00, 0x52, 0x11, 0x00, 0x00, 0x50, 0x11, 0x00, 0x00, 0x58, 0x11, 0x00, 0x00, 0x56, // ...R...P...X...V
	0x11, 0x00, 0x00, 0x5e, 0x11, 0x00, 0x00, 0x5c, 0x11, 0x00, 0x00, 0x64, 0x11, 0x00, 0x00, 0x62, // ...^.......d...b
	0x11, 0x00, 0x00, 0x6a, 0x11, 0x00, 0x00, 0x68, 0x11, 0x00, 0x00, 0xe4, 0x00, 0x00, 0x00, 0x6b, // ...j...h.......k
	0x11, 0x00, 0x00, 0x51, 0x00, 0x05, 0x00, 0x07, 0x00, 0x00, 0x00, 0xb2, 0x0d, 0x00, 0x00, 0x54, // ...Q...........T
	0x06, 0x00, 0x00, 0x03, 0x00, 0x00, 0x00, 0xf7, 0x00, 0x03, 0x00, 0x9d, 0x11, 0x00, 0x00, 0x00, // ................
	0x00, 0x00, 0x00, 0xfb, 0x00, 0x03, 0x00, 0x06, 0x02, 0x00, 0x00, 0x72, 0x11, 0x00, 0x00, 0xf8, // ...........r....
	0x00, 0x02, 0x00, 0x72, 0x11, 0x00, 0x00, 0xb8, 0x00, 0x05, 0x00, 0x8b, 0x00, 0x00, 0x00, 0x74, // ...r...........t
	0x11, 0x00, 0x00, 0xb2, 0x0d, 0x00, 0x00, 0xe0, 0x00, 0x00, 0x00, 0xf7, 0x00, 0x03, 0x00, 0x78, // ...............x
	0x11, 0x00, 0x00, 0x00, 0x00, 0x00, 0x00, 0xfa, 0x00, 0x04, 0x00, 0x74, 0x11, 0x00, 0x00, 0x75, // ...........t...u
	0x11, 0x00, 0x00, 0x78, 0x11, 0x00, 0x00, 0xf8, 0x00, 0x02, 0x00, 0x75, 0x11, 0x00, 0x00, 0x51, // ...x.......u...Q
	0x00, 0x05, 0x00, 0x07, 0x00, 0x00, 0x00, 0x77, 0x11, 0x00, 0x00, 0x47, 0x1b, 0x00, 0x00, 0x03, // .......w...G....
	0x00, 0x00, 0x00, 0xf9, 0x00, 0x02, 0x00, 0x9d, 0x11, 0x00, 0x00, 0xf8, 0x00, 0x02, 0x00, 0x78, // ...............x
	0x11, 0x00, 0x00, 0xb8, 0x00, 0x05, 0x00, 0x8b, 0x00, 0x00, 0x00, 0x7a, 0x11, 0x00, 0x00, 0xb2, // ...........z....
	0x0d, 0x00, 0x00, 0xe7, 0x00, 0x00, 0x00, 0xf7, 0x00, 0x03, 0x00, 0x7e, 0x11, 0x00, 0x00, 0x00, // ...........~....
	0x00, 0x00, 0x00, 0xfa, 0x00, 0x04, 0x00, 0x7a, 0x11, 0x00, 0x00, 0x7b, 0x11, 0x00, 0x00, 0x7e, // .......z...{...~
	0x11, 0x00, 0x00, 0xf8, 0x00, 0x02, 0x00, 0x7b, 0x11, 0x00, 0x00, 0x51, 0x00, 0x05, 0x00, 0x07, // .......{...Q....
	0x00, 0x00, 0x00, 0x7d, 0x11, 0x00, 0x00, 0x4a, 0x1b, 0x00, 0x00, 0x03, 0x00, 0x00, 0x00, 0xf9, // ...}...J........
	0x00, 0x02, 0x00, 0x9d, 0x11, 0x00, 0x00, 0xf8, 0x00, 0x02, 0x00, 0x7e, 0x11, 0x00, 0x00, 0xb8, // ...........~....
	0x00, 0x05, 0x00, 0x8b, 0x00, 0x00, 0x00, 0x80, 0x11, 0x00, 0x00, 0xb2, 0x0d, 0x00, 0x00, 0xee, // ................
	0x00, 0x00, 0x00, 0xf7, 0x00, 0x03, 0x00, 0x84, 0x11, 0x00, 0x00, 0x00, 0x00, 0x00, 0x00, 0xfa, // ................
	0x00, 0x04, 0x00, 0x80, 0x11, 0x00, 0x00, 0x81, 0x11, 0x00, 0x00, 0x84, 0x11, 0x00, 0x00, 0xf8, // ................
	0x00, 0x02, 0x00, 0x81, 0x11, 0x00, 0x00, 0x51, 0x00, 0x05, 0x00, 0x07, 0x00, 0x00, 0x00, 0x83, // .......Q........
	0x11, 0x00, 0x00, 0x4d, 0x1b, 0x00, 0x00, 0x03, 0x00, 0x00, 0x00, 0xf9, 0x00, 0x02, 0x00, 0x9d, // ...M............
	0x11, 0x00, 0x00, 0xf8, 0x00, 0x02, 0x00, 0x84, 0x11, 0x00, 0x00, 0xb8, 0x00, 0x05, 0x00, 0x8b, // ................
	0x00, 0x00, 0x00, 0x86, 0x11, 0x00, 0x00, 0xb2, 0x0d, 0x00, 0x00, 0x28, 0x01, 0x00, 0x00, 0xf7, // ...........(....
	0x00, 0x03, 0x00, 0x8a, 0x11, 0x00, 0x00, 0x00, 0x00, 0x00, 0x00, 0xfa, 0x00, 0x04, 0x00, 0x86, // ................
	0x11, 0x00, 0x00, 0x87, 0x11, 0x00, 0x00, 0x8a, 0x11, 0x00, 0x00, 0xf8, 0x00, 0x02, 0x00, 0x87, // ................
	0x11, 0x00, 0x00, 0x51, 0x00, 0x05, 0x00, 0x07, 0x00, 0x00, 0x00, 0x89, 0x11, 0x00, 0x00, 0x50, // ...Q...........P
	0x1b, 0x00, 0x00, 0x03, 0x00, 0x00, 0x00, 0xf9, 0x00, 0x02, 0x00, 0x9d, 0x11, 0x00, 0x00, 0xf8, // ................
	0x00, 0x02, 0x00, 0x8a, 0x11, 0x00, 0x00, 0xb8, 0x00, 0x05, 0x00, 0x8b, 0x00, 0x00, 0x00, 0x8c, // ................
	0x11, 0x00, 0x00, 0xb2, 0x0d, 0x00, 0x00, 0x32, 0x01, 0x00, 0x00, 0xf7, 0x00, 0x03, 0x00, 0x90, // .......2........
	0x11, 0x00, 0x00, 0x00, 0x00, 0x00, 0x00, 0xfa, 0x00, 0x04, 0x00, 0x8c, 0x11, 0x00, 0x00, 0x8d, // ................
	0x11, 0x00, 0x00, 0x90, 0x11, 0x00, 0x00, 0xf8, 0x00, 0x02, 0x00, 0x8d, 0x11, 0x00, 0x00, 0x51, // ...............Q
	0x00, 0x05, 0x00, 0x07, 0x00, 0x00, 0x00, 0x8f, 0x11, 0x00, 0x00, 0x08, 0x1b, 0x00, 0x00, 0x03, // ................
	0x00, 0x00, 0x00, 0xf9, 0x00, 0x02, 0x00, 0x9d, 0x11, 0x00, 0x00, 0xf8, 0x00, 0x02, 0x00, 0x90, // ................
	0x11, 0x00, 0x00, 0xb8, 0x00, 0x05, 0x00, 0x8b, 0x00, 0x00, 0x00, 0x92, 0x11, 0x00, 0x00, 0xb2, // ................
	0x0d, 0x00, 0x00, 0x3a, 0x01, 0x00, 0x00, 0xf7, 0x00, 0x03, 0x00, 0x96, 0x11, 0x00, 0x00, 0x00, // ...:............
	0x00, 0x00, 0x00, 0xfa, 0x00, 0x04, 0x00, 0x92, 0x11, 0x00, 0x00, 0x93, 0x11, 0x00, 0x00, 0x96, // ................
	0x11, 0x00, 0x00, 0xf8, 0x00, 0x02, 0x00, 0x93, 0x11, 0x00, 0x00, 0x51, 0x00, 0x05, 0x00, 0x07, // ...........Q....
	0x00, 0x00, 0x00, 0x95, 0x11, 0x00, 0x00, 0x78, 0x05, 0x00, 0x00, 0x03, 0x00, 0x00, 0x00, 0xf9, // .......x........
	0x00, 0x02, 0x00, 0x9d, 0x11, 0x00, 0x00, 0xf8, 0x00, 0x02, 0x00, 0x96, 0x11, 0x00, 0x00, 0xb8, // ................
	0x00, 0x05, 0x00, 0x8b, 0x00, 0x00, 0x00, 0x98, 0x11, 0x00, 0x00, 0xb2, 0x0d, 0x00, 0x00, 0x44, // ...............D
	0x01, 0x00, 0x00, 0xf7, 0x00, 0x03, 0x00, 0x9c, 0x11, 0x00, 0x00, 0x00, 0x00, 0x00, 0x00, 0xfa, // ................
	0x00, 0x04, 0x00, 0x98, 0x11, 0x00, 0x00, 0x99, 0x11, 0x00, 0x00, 0x9c, 0x11, 0x00, 0x00, 0xf8, // ................
	0x00, 0x02, 0x00, 0x99, 0x11, 0x00, 0x00, 0x51, 0x00, 0x05, 0x00, 0x07, 0x00, 0x00, 0x00, 0x9b, // .......Q........
	0x11, 0x00, 0x00, 0x5c, 0x06, 0x00, 0x00, 0x03, 0x00, 0x00, 0x00, 0xf9, 0x00, 0x02, 0x00, 0x9d, // ................
	0x11, 0x00, 0x00, 0xf8, 0x00, 0x02, 0x00, 0x9c, 0x11, 0x00, 0x00, 0xf9, 0x00, 0x02, 0x00, 0x9d, // ................
	0x11, 0x00, 0x00, 0xf8, 0x00, 0x02, 0x00, 0x9d, 0x11, 0x00, 0x00, 0xf5, 0x00, 0x13, 0x00, 0x07, // ................
	0x00, 0x00, 0x00, 0x62, 0x1b, 0x00, 0x00, 0x77, 0x11, 0x00, 0x00, 0x75, 0x11, 0x00, 0x00, 0x7d, // ...b...w...u...}
	0x11, 0x00, 0x00, 0x7b, 0x11, 0x00, 0x00, 0x83, 0x11, 0x00, 0x00, 0x81, 0x11, 0x00, 0x00, 0x89, // ...{............
	0x11, 0x00, 0x00, 0x87, 0x11, 0x00, 0x00, 0x8f, 0x11, 0x00, 0x00, 0x8d, 0x11, 0x00, 0x00, 0x95, // ................
	0x11, 0x00, 0x00, 0x93, 0x11, 0x00, 0x00, 0x9b, 0x11, 0x00, 0x00, 0x99, 0x11, 0x00, 0x00, 0xe4, // ................
	0x00, 0x00, 0x00, 0x9c, 0x11, 0x00, 0x00, 0x51, 0x00, 0x05, 0x00, 0x07, 0x00, 0x00, 0x00, 0xae, // .......Q........
	0x11, 0x00, 0x00, 0x58, 0x06, 0x00, 0x00, 0x02, 0x00, 0x00, 0x00, 0xf7, 0x00, 0x03, 0x00, 0x10, // ...X............
	0x12, 0x00, 0x00, 0x00, 0x00, 0x00, 0x00, 0xfb, 0x00, 0x03, 0x00, 0x06, 0x02, 0x00, 0x00, 0x03, // ................
	0x12, 0x00, 0x00, 0xf8, 0x00, 0x02, 0x00, 0x03, 0x12, 0x00, 0x00, 0xb8, 0x00, 0x05, 0x00, 0x8b, // ................
	0x00, 0x00, 0x00, 0x05, 0x12, 0x00, 0x00, 0xae, 0x11, 0x00, 0x00, 0xe0, 0x00, 0x00, 0x00, 0xf7, // ................
	0x00, 0x03, 0x00, 0x07, 0x12, 0x00, 0x00, 0x00, 0x00, 0x00, 0x00, 0xfa, 0x00, 0x04, 0x00, 0x05, // ................
	0x12, 0x00, 0x00, 0x06, 0x12, 0x00, 0x00, 0x07, 0x12, 0x00, 0x00, 0xf8, 0x00, 0x02, 0x00, 0x06, // ................
	0x12, 0x00, 0x00, 0xf9, 0x00, 0x02, 0x00, 0x10, 0x12, 0x00, 0x00, 0xf8, 0x00, 0x02, 0x00, 0x07, // ................
	0x12, 0x00, 0x00, 0xb8, 0x00, 0x05, 0x00, 0x8b, 0x00, 0x00, 0x00, 0x09, 0x12, 0x00, 0x00, 0xae, // ................
	0x11, 0x00, 0x00, 0xe7, 0x00, 0x00, 0x00, 0xf7, 0x00, 0x03, 0x00, 0x0b, 0x12, 0x00, 0x00, 0x00, // ................
	0x00, 0x00, 0x00, 0xfa, 0x00, 0x04, 0x00, 0x09, 0x12, 0x00, 0x00, 0x0a, 0x12, 0x00, 0x00, 0x0b, // ................
	0x12, 0x00, 0x00, 0xf8, 0x00, 0x02, 0x00, 0x0a, 0x12, 0x00, 0x00, 0xf9, 0x00, 0x02, 0x00, 0x10, // ................
	0x12, 0x00, 0x00, 0xf8, 0x00, 0x02, 0x00, 0x0b, 0x12, 0x00, 0x00, 0xb8, 0x00, 0x05, 0x00, 0x8b, // ................
	0x00, 0x00, 0x00, 0x0d, 0x12, 0x00, 0x00, 0xae, 0x11, 0x00, 0x00, 0xee, 0x00, 0x00, 0x00, 0xf7, // ................
	0x00, 0x03, 0x00, 0x0f, 0x12, 0x00, 0x00, 0x00, 0x00, 0x00, 0x00, 0xfa, 0x00, 0x04, 0x00, 0x0d, // ................
	0x12, 0x00, 0x00, 0x0e, 0x12, 0x00, 0x00, 0x0f, 0x12, 0x00, 0x00, 0xf8, 0x00, 0x02, 0x00, 0x0e, // ................
	0x12, 0x00, 0x00, 0xf9, 0x00, 0x02, 0x00, 0x10, 0x12, 0x00, 0x00, 0xf8, 0x00, 0x02, 0x00, 0x0f, // ................
	0x12, 0x00, 0x00, 0xf9, 0x00, 0x02, 0x00, 0x10, 0x12, 0x00, 0x00, 0xf8, 0x00, 0x02, 0x00, 0x10, // ................
	0x12, 0x00, 0x00, 0xf5, 0x00, 0x0b, 0x00, 0x07, 0x00, 0x00, 0x00, 0x63, 0x1b, 0x00, 0x00, 0xfa, // ...........c....
	0x00, 0x00, 0x00, 0x06, 0x12, 0x00, 0x00, 0x00, 0x01, 0x00, 0x00, 0x0a, 0x12, 0x00, 0x00, 0x06, // ................
	0x01, 0x00, 0x00, 0x0e, 0x12, 0x00, 0x00, 0xfa, 0x00, 0x00, 0x00, 0x0f, 0x12, 0x00, 0x00, 0xba, // ................
	0x00, 0x05, 0x00, 0x8b, 0x00, 0x00, 0x00, 0x15, 0x12, 0x00, 0x00, 0xae, 0x11, 0x00, 0x00, 0xee, // ................
	0x00, 0x00, 0x00, 0xa9, 0x00, 0x06, 0x00, 0x07, 0x00, 0x00, 0x00, 0x16, 0x12, 0x00, 0x00, 0x15, // ................
	0x12, 0x00, 0x00, 0x00, 0x01, 0x00, 0x00, 0xfa, 0x00, 0x00, 0x00, 0x85, 0x00, 0x05, 0x00, 0x07, // ................
	0x00, 0x00, 0x00, 0xb4, 0x11, 0x00, 0x00, 0x53, 0x1b, 0x00, 0x00, 0xd5, 0x01, 0x00, 0x00, 0x81, // .......S........
	0x00, 0x05, 0x00, 0x07, 0x00, 0x00, 0x00, 0xb5, 0x11, 0x00, 0x00, 0xb4, 0x11, 0x00, 0x00, 0xe0, // ................
	0x00, 0x00, 0x00, 0x0c, 0x00, 0x06, 0x00, 0x07, 0x00, 0x00, 0x00, 0xb6, 0x11, 0x00, 0x00, 0x01, // ................
	0x00, 0x00, 0x00, 0x08, 0x00, 0x00, 0x00, 0xb5, 0x11, 0x00, 0x00, 0x85, 0x00, 0x05, 0x00, 0x07, // ................
	0x00, 0x00, 0x00, 0xb8, 0x11, 0x00, 0x00, 0x58, 0x1b, 0x00, 0x00, 0xd5, 0x01, 0x00, 0x00, 0x81, // .......X........
	0x00, 0x05, 0x00, 0x07, 0x00, 0x00, 0x00, 0xb9, 0x11, 0x00, 0x00, 0xb8, 0x11, 0x00, 0x00, 0xe0, // ................
	0x00, 0x00, 0x00, 0x0c, 0x00, 0x06, 0x00, 0x07, 0x00, 0x00, 0x00, 0xba, 0x11, 0x00, 0x00, 0x01, // ................
	0x00, 0x00, 0x00, 0x08, 0x00, 0x00, 0x00, 0xb9, 0x11, 0x00, 0x00, 0x85, 0x00, 0x05, 0x00, 0x07, // ................
	0x00, 0x00, 0x00, 0xbc, 0x11, 0x00, 0x00, 0x5d, 0x1b, 0x00, 0x00, 0xd5, 0x01, 0x00, 0x00, 0x81, // .......]........
	0x00, 0x05, 0x00, 0x07, 0x00, 0x00, 0x00, 0xbd, 0x11, 0x00, 0x00, 0xbc, 0x11, 0x00, 0x00, 0xe0, // ................
	0x00, 0x00, 0x00, 0x0c, 0x00, 0x06, 0x00, 0x07, 0x00, 0x00, 0x00, 0xbe, 0x11, 0x00, 0x00, 0x01, // ................
	0x00, 0x00, 0x00, 0x08, 0x00, 0x00, 0x00, 0xbd, 0x11, 0x00, 0x00, 0x85, 0x00, 0x05, 0x00, 0x07, // ................
	0x00, 0x00, 0x00, 0xc0, 0x11, 0x00, 0x00, 0x62, 0x1b, 0x00, 0x00, 0xd5, 0x01, 0x00, 0x00, 0x81, // .......b........
	0x00, 0x05, 0x00, 0x07, 0x00, 0x00, 0x00, 0xc1, 0x11, 0x00, 0x00, 0xc0, 0x11, 0x00, 0x00, 0xe0, // ................
	0x00, 0x00, 0x00, 0x0c, 0x00, 0x06, 0x00, 0x07, 0x00, 0x00, 0x00, 0xc2, 0x11, 0x00, 0x00, 0x01, // ................
	0x00, 0x00, 0x00, 0x08, 0x00, 0x00, 0x00, 0xc1, 0x11, 0x00, 0x00, 0x85, 0x00, 0x05, 0x00, 0x07, // ................
	0x00, 0x00, 0x00, 0xc5, 0x11, 0x00, 0x00, 0xbe, 0x11, 0x00, 0x00, 0x76, 0x1a, 0x00, 0x00, 0x0c, // ...........v....
	0x00, 0x06, 0x00, 0x07, 0x00, 0x00, 0x00, 0xc6, 0x11, 0x00, 0x00, 0x01, 0x00, 0x00, 0x00, 0x08, // ................
	0x00, 0x00, 0x00, 0xc5, 0x11, 0x00, 0x00, 0x81, 0x00, 0x05, 0x00, 0x07, 0x00, 0x00, 0x00, 0xc7, // ................
	0x11, 0x00, 0x00, 0xbe, 0x11, 0x00, 0x00, 0xc6, 0x11, 0x00, 0x00, 0x83, 0x00, 0x05, 0x00, 0x07, // ................
	0x00, 0x00, 0x00, 0xca, 0x11, 0x00, 0x00, 0xf5, 0x01, 0x00, 0x00, 0xc7, 0x11, 0x00, 0x00, 0x85, // ................
	0x00, 0x05, 0x00, 0x07, 0x00, 0x00, 0x00, 0xcb, 0x11, 0x00, 0x00, 0xb6, 0x11, 0x00, 0x00, 0xca, // ................
	0x11, 0x00, 0x00, 0x85, 0x00, 0x05, 0x00, 0x07, 0x00, 0x00, 0x00, 0xce, 0x11, 0x00, 0x00, 0xba, // ................
	0x11, 0x00, 0x00, 0xc7, 0x11, 0x00, 0x00, 0x81, 0x00, 0x05, 0x00, 0x07, 0x00, 0x00, 0x00, 0xcf, // ................
	0x11, 0x00, 0x00, 0xcb, 0x11, 0x00, 0x00, 0xce, 0x11, 0x00, 0x00, 0x85, 0x00, 0x05, 0x00, 0x07, // ................
	0x00, 0x00, 0x00, 0xd2, 0x11, 0x00, 0x00, 0xcf, 0x11, 0x00, 0x00, 0x63, 0x1b, 0x00, 0x00, 0xb8, // ...........c....
	0x00, 0x05, 0x00, 0x8b, 0x00, 0x00, 0x00, 0xd5, 0x11, 0x00, 0x00, 0xae, 0x11, 0x00, 0x00, 0xee, // ................
	0x00, 0x00, 0x00, 0xf7, 0x00, 0x03, 0x00, 0xdd, 0x11, 0x00, 0x00, 0x00, 0x00, 0x00, 0x00, 0xfa, // ................
	0x00, 0x04, 0x00, 0xd5, 0x11, 0x00, 0x00, 0xd6, 0x11, 0x00, 0x00, 0xdd, 0x11, 0x00, 0x00, 0xf8, // ................
	0x00, 0x02, 0x00, 0xd6, 0x11, 0x00, 0x00, 0x51, 0x00, 0x05, 0x00, 0x07, 0x00, 0x00, 0x00, 0xd8, // .......Q........
	0x11, 0x00, 0x00, 0x58, 0x06, 0x00, 0x00, 0x00, 0x00, 0x00, 0x00, 0xba, 0x00, 0x05, 0x00, 0x8b, // ...X............
	0x00, 0x00, 0x00, 0xd9, 0x11, 0x00, 0x00, 0xd8, 0x11, 0x00, 0x00, 0xe0, 0x00, 0x00, 0x00, 0xa9, // ................
	0x00, 0x06, 0x00, 0x07, 0x00, 0x00, 0x00, 0xda, 0x11, 0x00, 0x00, 0xd9, 0x11, 0x00, 0x00, 0x0a, // ................
	0x02, 0x00, 0x00, 0xeb, 0x00, 0x00, 0x00, 0x81, 0x00, 0x05, 0x00, 0x07, 0x00, 0x00, 0x00, 0xdc, // ................
	0x11, 0x00, 0x00, 0xd2, 0x11, 0x00, 0x00, 0xda, 0x11, 0x00, 0x00, 0xf9, 0x00, 0x02, 0x00, 0xdd, // ................
	0x11, 0x00, 0x00, 0xf8, 0x00, 0x02, 0x00, 0xdd, 0x11, 0x00, 0x00, 0xf5, 0x00, 0x07, 0x00, 0x07, // ................
	0x00, 0x00, 0x00, 0x64, 0x1b, 0x00, 0x00, 0xd2, 0x11, 0x00, 0x00, 0x10, 0x12, 0x00, 0x00, 0xdc, // ...d............
	0x11, 0x00, 0x00, 0xd6, 0x11, 0x00, 0x00, 0x85, 0x00, 0x05, 0x00, 0x07, 0x00, 0x00, 0x00, 0xdf, // ................
	0x11, 0x00, 0x00, 0x64, 0x1b, 0x00, 0x00, 0x79, 0x1a, 0x00, 0x00, 0x0c, 0x00, 0x06, 0x00, 0x07, // ...d...y........
	0x00, 0x00, 0x00, 0xe0, 0x11, 0x00, 0x00, 0x01, 0x00, 0x00, 0x00, 0x08, 0x00, 0x00, 0x00, 0xdf, // ................
	0x11, 0x00, 0x00, 0x51, 0x00, 0x05, 0x00, 0x07, 0x00, 0x00, 0x00, 0xe2, 0x11, 0x00, 0x00, 0x58, // ...Q...........X
	0x06, 0x00, 0x00, 0x00, 0x00, 0x00, 0x00, 0xba, 0x00, 0x05, 0x00, 0x8b, 0x00, 0x00, 0x00, 0xe3, // ................
	0x11, 0x00, 0x00, 0xe2, 0x11, 0x00, 0x00, 0xe0, 0x00, 0x00, 0x00, 0xf7, 0x00, 0x03, 0x00, 0xe7, // ................
	0x11, 0x00, 0x00, 0x00, 0x00, 0x00, 0x00, 0xfa, 0x00, 0x04, 0x00, 0xe3, 0x11, 0x00, 0x00, 0xe4, // ................
	0x11, 0x00, 0x00, 0xe7, 0x11, 0x00, 0x00, 0xf8, 0x00, 0x02, 0x00, 0xe4, 0x11, 0x00, 0x00, 0x7f, // ................
	0x00, 0x04, 0x00, 0x07, 0x00, 0x00, 0x00, 0xe6, 0x11, 0x00, 0x00, 0xe0, 0x11, 0x00, 0x00, 0xf9, // ................
	0x00, 0x02, 0x00, 0xe7, 0x11, 0x00, 0x00, 0xf8, 0x00, 0x02, 0x00, 0xe7, 0x11, 0x00, 0x00, 0xf5, // ................
	0x00, 0x07, 0x00, 0x07, 0x00, 0x00, 0x00, 0x67, 0x1b, 0x00, 0x00, 0xe0, 0x11, 0x00, 0x00, 0xdd, // .......g........
	0x11, 0x00, 0x00, 0xe6, 0x11, 0x00, 0x00, 0xe4, 0x11, 0x00, 0x00, 0x51, 0x00, 0x05, 0x00, 0x07, // ...........Q....
	0x00, 0x00, 0x00, 0xea, 0x11, 0x00, 0x00, 0x58, 0x06, 0x00, 0x00, 0x01, 0x00, 0x00, 0x00, 0xf7, // .......X........
	0x00, 0x03, 0x00, 0x28, 0x12, 0x00, 0x00, 0x00, 0x00, 0x00, 0x00, 0xfb, 0x00, 0x03, 0x00, 0x06, // ...(............
	0x02, 0x00, 0x00, 0x1b, 0x12, 0x00, 0x00, 0xf8, 0x00, 0x02, 0x00, 0x1b, 0x12, 0x00, 0x00, 0xb8, // ................
	0x00, 0x05, 0x00, 0x8b, 0x00, 0x00, 0x00, 0x1d, 0x12, 0x00, 0x00, 0xea, 0x11, 0x00, 0x00, 0xe0, // ................
	0x00, 0x00, 0x00, 0xf7, 0x00, 0x03, 0x00, 0x1f, 0x12, 0x00, 0x00, 0x00, 0x00, 0x00, 0x00, 0xfa, // ................
	0x00, 0x04, 0x00, 0x1d, 0x12, 0x00, 0x00, 0x1e, 0x12, 0x00, 0x00, 0x1f, 0x12, 0x00, 0x00, 0xf8, // ................
	0x00, 0x02, 0x00, 0x1e, 0x12, 0x00, 0x00, 0xf9, 0x00, 0x02, 0x00, 0x28, 0x12, 0x00, 0x00, 0xf8, // ...........(....
	0x00, 0x02, 0x00, 0x1f, 0x12, 0x00, 0x00, 0xb8, 0x00, 0x05, 0x00, 0x8b, 0x00, 0x00, 0x00, 0x21, // ...............!
	0x12, 0x00, 0x00, 0xea, 0x11, 0x00, 0x00, 0xe7, 0x00, 0x00, 0x00, 0xf7, 0x00, 0x03, 0x00, 0x23, // ...............#
	0x12, 0x00, 0x00, 0x00, 0x00, 0x00, 0x00, 0xfa, 0x00, 0x04, 0x00, 0x21, 0x12, 0x00, 0x00, 0x22, // ...........!..."
	0x12, 0x00, 0x00, 0x23, 0x12, 0x00, 0x00, 0xf8, 0x00, 0x02, 0x00, 0x22, 0x12, 0x00, 0x00, 0xf9, // ...#......."....
	0x00, 0x02, 0x00, 0x28, 0x12, 0x00, 0x00, 0xf8, 0x00, 0x02, 0x00, 0x23, 0x12, 0x00, 0x00, 0xb8, // ...(.......#....
	0x00, 0x05, 0x00, 0x8b, 0x00, 0x00, 0x00, 0x25, 0x12, 0x00, 0x00, 0xea, 0x11, 0x00, 0x00, 0xee, // .......%........
	0x00, 0x00, 0x00, 0xf7, 0x00, 0x03, 0x00, 0x27, 0x12, 0x00, 0x00, 0x00, 0x00, 0x00, 0x00, 0xfa, // .......'........
	0x00, 0x04, 0x00, 0x25, 0x12, 0x00, 0x00, 0x26, 0x12, 0x00, 0x00, 0x27, 0x12, 0x00, 0x00, 0xf8, // ...%...&...'....
	0x00, 0x02, 0x00, 0x26, 0x12, 0x00, 0x00, 0xf9, 0x00, 0x02, 0x00, 0x28, 0x12, 0x00, 0x00, 0xf8, // ...&.......(....
	0x00, 0x02, 0x00, 0x27, 0x12, 0x00, 0x00, 0xf9, 0x00, 0x02, 0x00, 0x28, 0x12, 0x00, 0x00, 0xf8, // ...'.......(....
	0x00, 0x02, 0x00, 0x28, 0x12, 0x00, 0x00, 0xf5, 0x00, 0x0b, 0x00, 0x07, 0x00, 0x00, 0x00, 0x65, // ...(...........e
	0x1b, 0x00, 0x00, 0xe4, 0x00, 0x00, 0x00, 0x1e, 0x12, 0x00, 0x00, 0xeb, 0x00, 0x00, 0x00, 0x22, // ..............."
	0x12, 0x00, 0x00, 0xf2, 0x00, 0x00, 0x00, 0x26, 0x12, 0x00, 0x00, 0xe4, 0x00, 0x00, 0x00, 0x27, // .......&.......'
	0x12, 0x00, 0x00, 0x81, 0x00, 0x05, 0x00, 0x07, 0x00, 0x00, 0x00, 0xec, 0x11, 0x00, 0x00, 0xc2, // ................
	0x11, 0x00, 0x00, 0x65, 0x1b, 0x00, 0x00, 0x85, 0x00, 0x05, 0x00, 0x07, 0x00, 0x00, 0x00, 0xee, // ...e............
	0x11, 0x00, 0x00, 0xec, 0x11, 0x00, 0x00, 0x63, 0x1b, 0x00, 0x00, 0x81, 0x00, 0x05, 0x00, 0x07, // .......c........
	0x00, 0x00, 0x00, 0xf0, 0x11, 0x00, 0x00, 0xee, 0x11, 0x00, 0x00, 0x67, 0x1b, 0x00, 0x00, 0x88, // ...........g....
	0x00, 0x05, 0x00, 0x07, 0x00, 0x00, 0x00, 0xf2, 0x11, 0x00, 0x00, 0xf0, 0x11, 0x00, 0x00, 0x16, // ................
	0x12, 0x00, 0x00, 0x51, 0x00, 0x05, 0x00, 0x07, 0x00, 0x00, 0x00, 0xf4, 0x11, 0x00, 0x00, 0x58, // ...Q...........X
	0x06, 0x00, 0x00, 0x03, 0x00, 0x00, 0x00, 0xba, 0x00, 0x05, 0x00, 0x8b, 0x00, 0x00, 0x00, 0xf5, // ................
	0x11, 0x00, 0x00, 0xf4, 0x11, 0x00, 0x00, 0xe0, 0x00, 0x00, 0x00, 0xf7, 0x00, 0x03, 0x00, 0xfc, // ................
	0x11, 0x00, 0x00, 0x00, 0x00, 0x00, 0x00, 0xfa, 0x00, 0x04, 0x00, 0xf5, 0x11, 0x00, 0x00, 0xf6, // ................
	0x11, 0x00, 0x00, 0xf9, 0x11, 0x00, 0x00, 0xf8, 0x00, 0x02, 0x00, 0xf6, 0x11, 0x00, 0x00, 0x0c, // ................
	0x00, 0x08, 0x00, 0x07, 0x00, 0x00, 0x00, 0xf8, 0x11, 0x00, 0x00, 0x01, 0x00, 0x00, 0x00, 0x2b, // ...............+
	0x00, 0x00, 0x00, 0xf2, 0x11, 0x00, 0x00, 0xe4, 0x00, 0x00, 0x00, 0xd5, 0x01, 0x00, 0x00, 0xf9, // ................
	0x00, 0x02, 0x00, 0xfc, 0x11, 0x00, 0x00, 0xf8, 0x00, 0x02, 0x00, 0xf9, 0x11, 0x00, 0x00, 0x0c, // ................
	0x00, 0x08, 0x00, 0x07, 0x00, 0x00, 0x00, 0xfb, 0x11, 0x00, 0x00, 0x01, 0x00, 0x00, 0x00, 0x2b, // ...............+
	0x00, 0x00, 0x00, 0xf2, 0x11, 0x00, 0x00, 0x35, 0x02, 0x00, 0x00, 0x37, 0x02, 0x00, 0x00, 0xf9, // .......5...7....
	0x00, 0x02, 0x00, 0xfc, 0x11, 0x00, 0x00, 0xf8, 0x00, 0x02, 0x00, 0xfc, 0x11, 0x00, 0x00, 0xf5, // ................
	0x00, 0x07, 0x00, 0x07, 0x00, 0x00, 0x00, 0x68, 0x1b, 0x00, 0x00, 0xf8, 0x11, 0x00, 0x00, 0xf6, // .......h........
	0x11, 0x00, 0x00, 0xfb, 0x11, 0x00, 0x00, 0xf9, 0x11, 0x00, 0x00, 0x85, 0x00, 0x05, 0x00, 0x07, // ................
	0x00, 0x00, 0x00, 0xfe, 0x11, 0x00, 0x00, 0x68, 0x1b, 0x00, 0x00, 0x7b, 0x1a, 0x00, 0x00, 0x51, // .......h...{...Q
	0x00, 0x05, 0x00, 0x07, 0x00, 0x00, 0x00, 0xc6, 0x0d, 0x00, 0x00, 0x4a, 0x06, 0x00, 0x00, 0x01, // ...........J....
	0x00, 0x00, 0x00, 0xb8, 0x00, 0x05, 0x00, 0x8b, 0x00, 0x00, 0x00, 0x2c, 0x12, 0x00, 0x00, 0xc6, // ...........,....
	0x0d, 0x00, 0x00, 0xe0, 0x00, 0x00, 0x00, 0xf7, 0x00, 0x03, 0x00, 0x41, 0x12, 0x00, 0x00, 0x00, // ...........A....
	0x00, 0x00, 0x00, 0xfa, 0x00, 0x04, 0x00, 0x2c, 0x12, 0x00, 0x00, 0x2d, 0x12, 0x00, 0x00, 0x30, // .......,...-...0
	0x12, 0x00, 0x00, 0xf8, 0x00, 0x02, 0x00, 0x2d, 0x12, 0x00, 0x00, 0x52, 0x00, 0x06, 0x00, 0x0d, // .......-...R....
	0x00, 0x00, 0x00, 0xf2, 0x19, 0x00, 0x00, 0xfe, 0x11, 0x00, 0x00, 0x47, 0x1b, 0x00, 0x00, 0x03, // ...........G....
	0x00, 0x00, 0x00, 0xf9, 0x00, 0x02, 0x00, 0x41, 0x12, 0x00, 0x00, 0xf8, 0x00, 0x02, 0x00, 0x30, // .......A.......0
	0x12, 0x00, 0x00, 0xb8, 0x00, 0x05, 0x00, 0x8b, 0x00, 0x00, 0x00, 0x32, 0x12, 0x00, 0x00, 0xc6, // ...........2....
	0x0d, 0x00, 0x00, 0xe7, 0x00, 0x00, 0x00, 0xf7, 0x00, 0x03, 0x00, 0x40, 0x12, 0x00, 0x00, 0x00, // ...........@....
	0x00, 0x00, 0x00, 0xfa, 0x00, 0x04, 0x00, 0x32, 0x12, 0x00, 0x00, 0x33, 0x12, 0x00, 0x00, 0x36, // .......2...3...6
	0x12, 0x00, 0x00, 0xf8, 0x00, 0x02, 0x00, 0x33, 0x12, 0x00, 0x00, 0x52, 0x00, 0x06, 0x00, 0x0d, // .......3...R....
	0x00, 0x00, 0x00, 0xf4, 0x19, 0x00, 0x00, 0xfe, 0x11, 0x00, 0x00, 0x4a, 0x1b, 0x00, 0x00, 0x03, // ...........J....
	0x00, 0x00, 0x00, 0xf9, 0x00, 0x02, 0x00, 0x40, 0x12, 0x00, 0x00, 0xf8, 0x00, 0x02, 0x00, 0x36, // .......@.......6
	0x12, 0x00, 0x00, 0xb8, 0x00, 0x05, 0x00, 0x8b, 0x00, 0x00, 0x00, 0x38, 0x12, 0x00, 0x00, 0xc6, // ...........8....
	0x0d, 0x00, 0x00, 0xee, 0x00, 0x00, 0x00, 0xf7, 0x00, 0x03, 0x00, 0x3f, 0x12, 0x00, 0x00, 0x00, // ...........?....
	0x00, 0x00, 0x00, 0xfa, 0x00, 0x04, 0x00, 0x38, 0x12, 0x00, 0x00, 0x39, 0x12, 0x00, 0x00, 0x3c, // .......8...9...<
	0x12, 0x00, 0x00, 0xf8, 0x00, 0x02, 0x00, 0x39, 0x12, 0x00, 0x00, 0x52, 0x00, 0x06, 0x00, 0x0d, // .......9...R....
	0x00, 0x00, 0x00, 0xf6, 0x19, 0x00, 0x00, 0xfe, 0x11, 0x00, 0x00, 0x4d, 0x1b, 0x00, 0x00, 0x03, // ...........M....
	0x00, 0x00, 0x00, 0xf9, 0x00, 0x02, 0x00, 0x3f, 0x12, 0x00, 0x00, 0xf8, 0x00, 0x02, 0x00, 0x3c, // .......?.......<
	0x12, 0x00, 0x00, 0x52, 0x00, 0x06, 0x00, 0x0d, 0x00, 0x00, 0x00, 0xf8, 0x19, 0x00, 0x00, 0xfe, // ...R............
	0x11, 0x00, 0x00, 0x50, 0x1b, 0x00, 0x00, 0x03, 0x00, 0x00, 0x00, 0xf9, 0x00, 0x02, 0x00, 0x3f, // ...P...........?
	0x12, 0x00, 0x00, 0xf8, 0x00, 0x02, 0x00, 0x3f, 0x12, 0x00, 0x00, 0xf5, 0x00, 0x07, 0x00, 0x0d, // .......?........
	0x00, 0x00, 0x00, 0x8c, 0x1b, 0x00, 0x00, 0x50, 0x1b, 0x00, 0x00, 0x39, 0x12, 0x00, 0x00, 0xf8, // .......P...9....
	0x19, 0x00, 0x00, 0x3c, 0x12, 0x00, 0x00, 0xf5, 0x00, 0x07, 0x00, 0x0d, 0x00, 0x00, 0x00, 0x89, // ...<............
	0x1b, 0x00, 0x00, 0xf6, 0x19, 0x00, 0x00, 0x39, 0x12, 0x00, 0x00, 0x4d, 0x1b, 0x00, 0x00, 0x3c, // .......9...M...<
	0x12, 0x00, 0x00, 0xf9, 0x00, 0x02, 0x00, 0x40, 0x12, 0x00, 0x00, 0xf8, 0x00, 0x02, 0x00, 0x40, // .......@.......@
	0x12, 0x00, 0x00, 0xf5, 0x00, 0x07, 0x00, 0x0d, 0x00, 0x00, 0x00, 0x8b, 0x1b, 0x00, 0x00, 0x50, // ...............P
	0x1b, 0x00, 0x00, 0x33, 0x12, 0x00, 0x00, 0x8c, 0x1b, 0x00, 0x00, 0x3f, 0x12, 0x00, 0x00, 0xf5, // ...3.......?....
	0x00, 0x07, 0x00, 0x0d, 0x00, 0x00, 0x00, 0x88, 0x1b, 0x00, 0x00, 0x4d, 0x1b, 0x00, 0x00, 0x33, // ...........M...3
	0x12, 0x00, 0x00, 0x89, 0x1b, 0x00, 0x00, 0x3f, 0x12, 0x00, 0x00, 0xf5, 0x00, 0x07, 0x00, 0x0d, // .......?........
	0x00, 0x00, 0x00, 0x85, 0x1b, 0x00, 0x00, 0xf4, 0x19, 0x00, 0x00, 0x33, 0x12, 0x00, 0x00, 0x4a, // ...........3...J
	0x1b, 0x00, 0x00, 0x3f, 0x12, 0x00, 0x00, 0xf9, 0x00, 0x02, 0x00, 0x41, 0x12, 0x00, 0x00, 0xf8, // ...?.......A....
	0x00, 0x02, 0x00, 0x41, 0x12, 0x00, 0x00, 0xf5, 0x00, 0x07, 0x00, 0x0d, 0x00, 0x00, 0x00, 0x8a, // ...A............
	0x1b, 0x00, 0x00, 0x50, 0x1b, 0x00, 0x00, 0x2d, 0x12, 0x00, 0x00, 0x8b, 0x1b, 0x00, 0x00, 0x40, // ...P...-.......@
	0x12, 0x00, 0x00, 0xf5, 0x00, 0x07, 0x00, 0x0d, 0x00, 0x00, 0x00, 0x87, 0x1b, 0x00, 0x00, 0x4d, // ...............M
	0x1b, 0x00, 0x00, 0x2d, 0x12, 0x00, 0x00, 0x88, 0x1b, 0x00, 0x00, 0x40, 0x12, 0x00, 0x00, 0xf5, // ...-.......@....
	0x00, 0x07, 0x00, 0x0d, 0x00, 0x00, 0x00, 0x84, 0x1b, 0x00, 0x00, 0x4a, 0x1b, 0x00, 0x00, 0x2d, // ...........J...-
	0x12, 0x00, 0x00, 0x85, 0x1b, 0x00, 0x00, 0x40, 0x12, 0x00, 0x00, 0xf5, 0x00, 0x07, 0x00, 0x0d, // .......@........
	0x00, 0x00, 0x00, 0x81, 0x1b, 0x00, 0x00, 0xf2, 0x19, 0x00, 0x00, 0x2d, 0x12, 0x00, 0x00, 0x47, // ...........-...G
	0x1b, 0x00, 0x00, 0x40, 0x12, 0x00, 0x00, 0xf9, 0x00, 0x02, 0x00, 0x67, 0x06, 0x00, 0x00, 0xf8, // ...@.......g....
	0x00, 0x02, 0x00, 0x67, 0x06, 0x00, 0x00, 0xf5, 0x00, 0x07, 0x00, 0x0d, 0x00, 0x00, 0x00, 0x1a, // ...g............
	0x1c, 0x00, 0x00, 0x28, 0x06, 0x00, 0x00, 0x75, 0x0c, 0x00, 0x00, 0x4a, 0x06, 0x00, 0x00, 0x41, // ...(...u...J...A
	0x12, 0x00, 0x00, 0xf5, 0x00, 0x07, 0x00, 0x0d, 0x00, 0x00, 0x00, 0xa1, 0x1b, 0x00, 0x00, 0x02, // ................
	0x1b, 0x00, 0x00, 0x75, 0x0c, 0x00, 0x00, 0x8a, 0x1b, 0x00, 0x00, 0x41, 0x12, 0x00, 0x00, 0xf5, // ...u.......A....
	0x00, 0x07, 0x00, 0x0d, 0x00, 0x00, 0x00, 0x9c, 0x1b, 0x00, 0x00, 0xff, 0x1a, 0x00, 0x00, 0x75, // ...............u
	0x0c, 0x00, 0x00, 0x87, 0x1b, 0x00, 0x00, 0x41, 0x12, 0x00, 0x00, 0xf5, 0x00, 0x07, 0x00, 0x0d, // .......A........
	0x00, 0x00, 0x00, 0x97, 0x1b, 0x00, 0x00, 0xfc, 0x1a, 0x00, 0x00, 0x75, 0x0c, 0x00, 0x00, 0x84, // ...........u....
	0x1b, 0x00, 0x00, 0x41, 0x12, 0x00, 0x00, 0xf5, 0x00, 0x07, 0x00, 0x0d, 0x00, 0x00, 0x00, 0x92, // ...A............
	0x1b, 0x00, 0x00, 0xf9, 0x1a, 0x00, 0x00, 0x75, 0x0c, 0x00, 0x00, 0x81, 0x1b, 0x00, 0x00, 0x41, // .......u.......A
	0x12, 0x00, 0x00, 0xba, 0x00, 0x05, 0x00, 0x8b, 0x00, 0x00, 0x00, 0x6a, 0x06, 0x00, 0x00, 0x46, // ...........j...F
	0x06, 0x00, 0x00, 0xee, 0x00, 0x00, 0x00, 0xf7, 0x00, 0x03, 0x00, 0x8a, 0x06, 0x00, 0x00, 0x00, // ................
	0x00, 0x00, 0x00, 0xfa, 0x00, 0x04, 0x00, 0x6a, 0x06, 0x00, 0x00, 0x6b, 0x06, 0x00, 0x00, 0x8a, // .......j...k....
	0x06, 0x00, 0x00, 0xf8, 0x00, 0x02, 0x00, 0x6b, 0x06, 0x00, 0x00, 0x41, 0x00, 0x05, 0x00, 0x95, // .......k...A....
	0x04, 0x00, 0x00, 0x6c, 0x06, 0x00, 0x00, 0x4f, 0x04, 0x00, 0x00, 0x16, 0x05, 0x00, 0x00, 0x3d, // ...l...O.......=
	0x00, 0x04, 0x00, 0x0d, 0x00, 0x00, 0x00, 0x6d, 0x06, 0x00, 0x00, 0x6c, 0x06, 0x00, 0x00, 0x41, // .......m...l...A
	0x00, 0x06, 0x00, 0x51, 0x04, 0x00, 0x00, 0x6e, 0x06, 0x00, 0x00, 0x4f, 0x04, 0x00, 0x00, 0x16, // ...Q...n...O....
	0x05, 0x00, 0x00, 0xcc, 0x00, 0x00, 0x00, 0x3d, 0x00, 0x04, 0x00, 0x07, 0x00, 0x00, 0x00, 0x6f, // .......=.......o
	0x06, 0x00, 0x00, 0x6e, 0x06, 0x00, 0x00, 0xf7, 0x00, 0x03, 0x00, 0x68, 0x12, 0x00, 0x00, 0x00, // ...n.......h....
	0x00, 0x00, 0x00, 0xfb, 0x00, 0x03, 0x00, 0x06, 0x02, 0x00, 0x00, 0x4f, 0x12, 0x00, 0x00, 0xf8, // ...........O....
	0x00, 0x02, 0x00, 0x4f, 0x12, 0x00, 0x00, 0xba, 0x00, 0x05, 0x00, 0x8b, 0x00, 0x00, 0x00, 0x51, // ...O...........Q
	0x12, 0x00, 0x00, 0x6f, 0x06, 0x00, 0x00, 0xe8, 0x03, 0x00, 0x00, 0xf7, 0x00, 0x03, 0x00, 0x53, // ...o...........S
	0x12, 0x00, 0x00, 0x00, 0x00, 0x00, 0x00, 0xfa, 0x00, 0x04, 0x00, 0x51, 0x12, 0x00, 0x00, 0x52, // ...........Q...R
	0x12, 0x00, 0x00, 0x53, 0x12, 0x00, 0x00, 0xf8, 0x00, 0x02, 0x00, 0x52, 0x12, 0x00, 0x00, 0xf9, // ...S.......R....
	0x00, 0x02, 0x00, 0x68, 0x12, 0x00, 0x00, 0xf8, 0x00, 0x02, 0x00, 0x53, 0x12, 0x00, 0x00, 0xb8, // ...h.......S....
	0x00, 0x05, 0x00, 0x8b, 0x00, 0x00, 0x00, 0x55, 0x12, 0x00, 0x00, 0x6f, 0x06, 0x00, 0x00, 0xe0, // .......U...o....
	0x00, 0x00, 0x00, 0xf7, 0x00, 0x03, 0x00, 0x5b, 0x12, 0x00, 0x00, 0x00, 0x00, 0x00, 0x00, 0xfa, // .......[........
	0x00, 0x04, 0x00, 0x55, 0x12, 0x00, 0x00, 0x56, 0x12, 0x00, 0x00, 0x5b, 0x12, 0x00, 0x00, 0xf8, // ...U...V...[....
	0x00, 0x02, 0x00, 0x56, 0x12, 0x00, 0x00, 0xf7, 0x00, 0x03, 0x00, 0x7d, 0x12, 0x00, 0x00, 0x00, // ...V.......}....
	0x00, 0x00, 0x00, 0xfb, 0x00, 0x03, 0x00, 0x06, 0x02, 0x00, 0x00, 0x6e, 0x12, 0x00, 0x00, 0xf8, // ...........n....
	0x00, 0x02, 0x00, 0x6e, 0x12, 0x00, 0x00, 0x51, 0x00, 0x05, 0x00, 0x07, 0x00, 0x00, 0x00, 0x70, // ...n...Q.......p
	0x12, 0x00, 0x00, 0x7c, 0x05, 0x00, 0x00, 0x02, 0x00, 0x00, 0x00, 0x0c, 0x00, 0x06, 0x00, 0x07, // ...|............
	0x00, 0x00, 0x00, 0x71, 0x12, 0x00, 0x00, 0x01, 0x00, 0x00, 0x00, 0x04, 0x00, 0x00, 0x00, 0x70, // ...q...........p
	0x12, 0x00, 0x00, 0xba, 0x00, 0x05, 0x00, 0x8b, 0x00, 0x00, 0x00, 0x72, 0x12, 0x00, 0x00, 0x71, // ...........r...q
	0x12, 0x00, 0x00, 0xd0, 0x00, 0x00, 0x00, 0xf7, 0x00, 0x03, 0x00, 0x7a, 0x12, 0x00, 0x00, 0x00, // ...........z....
	0x00, 0x00, 0x00, 0xfa, 0x00, 0x04, 0x00, 0x72, 0x12, 0x00, 0x00, 0x73, 0x12, 0x00, 0x00, 0x7a, // .......r...s...z
	0x12, 0x00, 0x00, 0xf8, 0x00, 0x02, 0x00, 0x73, 0x12, 0x00, 0x00, 0x4f, 0x00, 0x07, 0x00, 0x0b, // .......s...O....
	0x00, 0x00, 0x00, 0x75, 0x12, 0x00, 0x00, 0x7c, 0x05, 0x00, 0x00, 0x7c, 0x05, 0x00, 0x00, 0x00, // ...u...|...|....
	0x00, 0x00, 0x00, 0x01, 0x00, 0x00, 0x00, 0x50, 0x00, 0x05, 0x00, 0x0b, 0x00, 0x00, 0x00, 0x78, // .......P.......x
	0x12, 0x00, 0x00, 0x70, 0x12, 0x00, 0x00, 0x70, 0x12, 0x00, 0x00, 0x88, 0x00, 0x05, 0x00, 0x0b, // ...p...p........
	0x00, 0x00, 0x00, 0x79, 0x12, 0x00, 0x00, 0x75, 0x12, 0x00, 0x00, 0x78, 0x12, 0x00, 0x00, 0xf9, // ...y...u...x....
	0x00, 0x02, 0x00, 0x7d, 0x12, 0x00, 0x00, 0xf8, 0x00, 0x02, 0x00, 0x7a, 0x12, 0x00, 0x00, 0x4f, // ...}.......z...O
	0x00, 0x07, 0x00, 0x0b, 0x00, 0x00, 0x00, 0x7c, 0x12, 0x00, 0x00, 0x7c, 0x05, 0x00, 0x00, 0x7c, // .......|...|...|
	0x05, 0x00, 0x00, 0x00, 0x00, 0x00, 0x00, 0x01, 0x00, 0x00, 0x00, 0xf9, 0x00, 0x02, 0x00, 0x7d, // ...............}
	0x12, 0x00, 0x00, 0xf8, 0x00, 0x02, 0x00, 0x7d, 0x12, 0x00, 0x00, 0xf5, 0x00, 0x07, 0x00, 0x0b, // .......}........
	0x00, 0x00, 0x00, 0x8f, 0x1b, 0x00, 0x00, 0x79, 0x12, 0x00, 0x00, 0x73, 0x12, 0x00, 0x00, 0x7c, // .......y...s...|
	0x12, 0x00, 0x00, 0x7a, 0x12, 0x00, 0x00, 0x56, 0x00, 0x05, 0x00, 0xbd, 0x00, 0x00, 0x00, 0x85, // ...z...V........
	0x12, 0x00, 0x00, 0xa6, 0x00, 0x00, 0x00, 0xa3, 0x00, 0x00, 0x00, 0x57, 0x00, 0x05, 0x00, 0x0d, // ...........W....
	0x00, 0x00, 0x00, 0x87, 0x12, 0x00, 0x00, 0x85, 0x12, 0x00, 0x00, 0x8f, 0x1b, 0x00, 0x00, 0xf9, // ................
	0x00, 0x02, 0x00, 0x68, 0x12, 0x00, 0x00, 0xf8, 0x00, 0x02, 0x00, 0x5b, 0x12, 0x00, 0x00, 0xb8, // ...h.......[....
	0x00, 0x05, 0x00, 0x8b, 0x00, 0x00, 0x00, 0x5d, 0x12, 0x00, 0x00, 0x6f, 0x06, 0x00, 0x00, 0xe7, // .......]...o....
	0x00, 0x00, 0x00, 0xf7, 0x00, 0x03, 0x00, 0x63, 0x12, 0x00, 0x00, 0x00, 0x00, 0x00, 0x00, 0xfa, // .......c........
	0x00, 0x04, 0x00, 0x5d, 0x12, 0x00, 0x00, 0x5e, 0x12, 0x00, 0x00, 0x63, 0x12, 0x00, 0x00, 0xf8, // ...]...^...c....
	0x00, 0x02, 0x00, 0x5e, 0x12, 0x00, 0x00, 0xf7, 0x00, 0x03, 0x00, 0x9b, 0x12, 0x00, 0x00, 0x00, // ...^............
	0x00, 0x00, 0x00, 0xfb, 0x00, 0x03, 0x00, 0x06, 0x02, 0x00, 0x00, 0x8c, 0x12, 0x00, 0x00, 0xf8, // ................
	0x00, 0x02, 0x00, 0x8c, 0x12, 0x00, 0x00, 0x51, 0x00, 0x05, 0x00, 0x07, 0x00, 0x00, 0x00, 0x8e, // .......Q........
	0x12, 0x00, 0x00, 0x7f, 0x05, 0x00, 0x00, 0x02, 0x00, 0x00, 0x00, 0x0c, 0x00, 0x06, 0x00, 0x07, // ................
	0x00, 0x00, 0x00, 0x8f, 0x12, 0x00, 0x00, 0x01, 0x00, 0x00, 0x00, 0x04, 0x00, 0x00, 0x00, 0x8e, // ................
	0x12, 0x00, 0x00, 0xba, 0x00, 0x05, 0x00, 0x8b, 0x00, 0x00, 0x00, 0x90, 0x12, 0x00, 0x00, 0x8f, // ................
	0x12, 0x00, 0x00, 0xd0, 0x00, 0x00, 0x00, 0xf7, 0x00, 0x03, 0x00, 0x98, 0x12, 0x00, 0x00, 0x00, // ................
	0x00, 0x00, 0x00, 0xfa, 0x00, 0x04, 0x00, 0x90, 0x12, 0x00, 0x00, 0x91, 0x12, 0x00, 0x00, 0x98, // ................
	0x12, 0x00, 0x00, 0xf8, 0x00, 0x02, 0x00, 0x91, 0x12, 0x00, 0x00, 0x4f, 0x00, 0x07, 0x00, 0x0b, // ...........O....
	0x00, 0x00, 0x00, 0x93, 0x12, 0x00, 0x00, 0x7f, 0x05, 0x00, 0x00, 0x7f, 0x05, 0x00, 0x00, 0x00, // ................
	0x00, 0x00, 0x00, 0x01, 0x00, 0x00, 0x00, 0x50, 0x00, 0x05, 0x00, 0x0b, 0x00, 0x00, 0x00, 0x96, // .......P........
	0x12, 0x00, 0x00, 0x8e, 0x12, 0x00, 0x00, 0x8e, 0x12, 0x00, 0x00, 0x88, 0x00, 0x05, 0x00, 0x0b, // ................
	0x00, 0x00, 0x00, 0x97, 0x12, 0x00, 0x00, 0x93, 0x12, 0x00, 0x00, 0x96, 0x12, 0x00, 0x00, 0xf9, // ................
	0x00, 0x02, 0x00, 0x9b, 0x12, 0x00, 0x00, 0xf8, 0x00, 0x02, 0x00, 0x98, 0x12, 0x00, 0x00, 0x4f, // ...............O
	0x00, 0x07, 0x00, 0x0b, 0x00, 0x00, 0x00, 0x9a, 0x12, 0x00, 0x00, 0x7f, 0x05, 0x00, 0x00, 0x7f, // ................
	0x05, 0x00, 0x00, 0x00, 0x00, 0x00, 0x00, 0x01, 0x00, 0x00, 0x00, 0xf9, 0x00, 0x02, 0x00, 0x9b, // ................
	0x12, 0x00, 0x00, 0xf8, 0x00, 0x02, 0x00, 0x9b, 0x12, 0x00, 0x00, 0xf5, 0x00, 0x07, 0x00, 0x0b, // ................
	0x00, 0x00, 0x00, 0x8e, 0x1b, 0x00, 0x00, 0x97, 0x12, 0x00, 0x00, 0x91, 0x12, 0x00, 0x00, 0x9a, // ................
	0x12, 0x00, 0x00, 0x98, 0x12, 0x00, 0x00, 0x56, 0x00, 0x05, 0x00, 0xbd, 0x00, 0x00, 0x00, 0xa3, // .......V........
	0x12, 0x00, 0x00, 0xac, 0x00, 0x00, 0x00, 0xaa, 0x00, 0x00, 0x00, 0x57, 0x00, 0x05, 0x00, 0x0d, // ...........W....
	0x00, 0x00, 0x00, 0xa5, 0x12, 0x00, 0x00, 0xa3, 0x12, 0x00, 0x00, 0x8e, 0x1b, 0x00, 0x00, 0xf9, // ................
	0x00, 0x02, 0x00, 0x68, 0x12, 0x00, 0x00, 0xf8, 0x00, 0x02, 0x00, 0x63, 0x12, 0x00, 0x00, 0xf7, // ...h.......c....
	0x00, 0x03, 0x00, 0xb9, 0x12, 0x00, 0x00, 0x00, 0x00, 0x00, 0x00, 0xfb, 0x00, 0x03, 0x00, 0x06, // ................
	0x02, 0x00, 0x00, 0xaa, 0x12, 0x00, 0x00, 0xf8, 0x00, 0x02, 0x00, 0xaa, 0x12, 0x00, 0x00, 0x51, // ...............Q
	0x00, 0x05, 0x00, 0x07, 0x00, 0x00, 0x00, 0xac, 0x12, 0x00, 0x00, 0x82, 0x05, 0x00, 0x00, 0x02, // ................
	0x00, 0x00, 0x00, 0x0c, 0x00, 0x06, 0x00, 0x07, 0x00, 0x00, 0x00, 0xad, 0x12, 0x00, 0x00, 0x01, // ................
	0x00, 0x00, 0x00, 0x04, 0x00, 0x00, 0x00, 0xac, 0x12, 0x00, 0x00, 0xba, 0x00, 0x05, 0x00, 0x8b, // ................
	0x00, 0x00, 0x00, 0xae, 0x12, 0x00, 0x00, 0xad, 0x12, 0x00, 0x00, 0xd0, 0x00, 0x00, 0x00, 0xf7, // ................
	0x00, 0x03, 0x00, 0xb6, 0x12, 0x00, 0x00, 0x00, 0x00, 0x00, 0x00, 0xfa, 0x00, 0x04, 0x00, 0xae, // ................
	0x12, 0x00, 0x00, 0xaf, 0x12, 0x00, 0x00, 0xb6, 0x12, 0x00, 0x00, 0xf8, 0x00, 0x02, 0x00, 0xaf, // ................
	0x12, 0x00, 0x00, 0x4f, 0x00, 0x07, 0x00, 0x0b, 0x00, 0x00, 0x00, 0xb1, 0x12, 0x00, 0x00, 0x82, // ...O............
	0x05, 0x00, 0x00, 0x82, 0x05, 0x00, 0x00, 0x00, 0x00, 0x00, 0x00, 0x01, 0x00, 0x00, 0x00, 0x50, // ...............P
	0x00, 0x05, 0x00, 0x0b, 0x00, 0x00, 0x00, 0xb4, 0x12, 0x00, 0x00, 0xac, 0x12, 0x00, 0x00, 0xac, // ................
	0x12, 0x00, 0x00, 0x88, 0x00, 0x05, 0x00, 0x0b, 0x00, 0x00, 0x00, 0xb5, 0x12, 0x00, 0x00, 0xb1, // ................
	0x12, 0x00, 0x00, 0xb4, 0x12, 0x00, 0x00, 0xf9, 0x00, 0x02, 0x00, 0xb9, 0x12, 0x00, 0x00, 0xf8, // ................
	0x00, 0x02, 0x00, 0xb6, 0x12, 0x00, 0x00, 0x4f, 0x00, 0x07, 0x00, 0x0b, 0x00, 0x00, 0x00, 0xb8, // .......O........
	0x12, 0x00, 0x00, 0x82, 0x05, 0x00, 0x00, 0x82, 0x05, 0x00, 0x00, 0x00, 0x00, 0x00, 0x00, 0x01, // ................
	0x00, 0x00, 0x00, 0xf9, 0x00, 0x02, 0x00, 0xb9, 0x12, 0x00, 0x00, 0xf8, 0x00, 0x02, 0x00, 0xb9, // ................
	0x12, 0x00, 0x00, 0xf5, 0x00, 0x07, 0x00, 0x0b, 0x00, 0x00, 0x00, 0x8d, 0x1b, 0x00, 0x00, 0xb5, // ................
	0x12, 0x00, 0x00, 0xaf, 0x12, 0x00, 0x00, 0xb8, 0x12, 0x00, 0x00, 0xb6, 0x12, 0x00, 0x00, 0x56, // ...............V
	0x00, 0x05, 0x00, 0xbd, 0x00, 0x00, 0x00, 0xc1, 0x12, 0x00, 0x00, 0xb2, 0x00, 0x00, 0x00, 0xb0, // ................
	0x00, 0x00, 0x00, 0x57, 0x00, 0x05, 0x00, 0x0d, 0x00, 0x00, 0x00, 0xc3, 0x12, 0x00, 0x00, 0xc1, // ...W............
	0x12, 0x00, 0x00, 0x8d, 0x1b, 0x00, 0x00, 0xf9, 0x00, 0x02, 0x00, 0x68, 0x12, 0x00, 0x00, 0xf8, // ...........h....
	0x00, 0x02, 0x00, 0x68, 0x12, 0x00, 0x00, 0xf5, 0x00, 0x0b, 0x00, 0x0d, 0x00, 0x00, 0x00, 0x90, // ...h............
	0x1b, 0x00, 0x00, 0xec, 0x03, 0x00, 0x00, 0x52, 0x12, 0x00, 0x00, 0x87, 0x12, 0x00, 0x00, 0x7d, // .......R.......}
	0x12, 0x00, 0x00, 0xa5, 0x12, 0x00, 0x00, 0x9b, 0x12, 0x00, 0x00, 0xc3, 0x12, 0x00, 0x00, 0xb9, // ................
	0x12, 0x00, 0x00, 0x41, 0x00, 0x05, 0x00, 0x95, 0x04, 0x00, 0x00, 0x74, 0x06, 0x00, 0x00, 0x4f, // ...A.......t...O
	0x04, 0x00, 0x00, 0x23, 0x05, 0x00, 0x00, 0x3d, 0x00, 0x04, 0x00, 0x0d, 0x00, 0x00, 0x00, 0x75, // ...#...=.......u
	0x06, 0x00, 0x00, 0x74, 0x06, 0x00, 0x00, 0x41, 0x00, 0x05, 0x00, 0x95, 0x04, 0x00, 0x00, 0x76, // ...t...A.......v
	0x06, 0x00, 0x00, 0x4f, 0x04, 0x00, 0x00, 0x24, 0x05, 0x00, 0x00, 0x3d, 0x00, 0x04, 0x00, 0x0d, // ...O...$...=....
	0x00, 0x00, 0x00, 0x77, 0x06, 0x00, 0x00, 0x76, 0x06, 0x00, 0x00, 0x41, 0x00, 0x05, 0x00, 0x95, // ...w...v...A....
	0x04, 0x00, 0x00, 0x78, 0x06, 0x00, 0x00, 0x4f, 0x04, 0x00, 0x00, 0x25, 0x05, 0x00, 0x00, 0x3d, // ...x...O...%...=
	0x00, 0x04, 0x00, 0x0d, 0x00, 0x00, 0x00, 0x79, 0x06, 0x00, 0x00, 0x78, 0x06, 0x00, 0x00, 0x41, // .......y...x...A
	0x00, 0x05, 0x00, 0x95, 0x04, 0x00, 0x00, 0x7a, 0x06, 0x00, 0x00, 0x4f, 0x04, 0x00, 0x00, 0x26, // .......z...O...&
	0x05, 0x00, 0x00, 0x3d, 0x00, 0x04, 0x00, 0x0d, 0x00, 0x00, 0x00, 0x7b, 0x06, 0x00, 0x00, 0x7a, // ...=.......{...z
	0x06, 0x00, 0x00, 0x41, 0x00, 0x05, 0x00, 0x95, 0x04, 0x00, 0x00, 0x7e, 0x06, 0x00, 0x00, 0x4f, // ...A.......~...O
	0x04, 0x00, 0x00, 0x27, 0x05, 0x00, 0x00, 0x3d, 0x00, 0x04, 0x00, 0x0d, 0x00, 0x00, 0x00, 0x7f, // ...'...=........
	0x06, 0x00, 0x00, 0x7e, 0x06, 0x00, 0x00, 0x51, 0x00, 0x05, 0x00, 0x07, 0x00, 0x00, 0x00, 0x26, // ...~...Q.......&
	0x13, 0x00, 0x00, 0x75, 0x06, 0x00, 0x00, 0x00, 0x00, 0x00, 0x00, 0xf7, 0x00, 0x03, 0x00, 0x06, // ...u............
	0x14, 0x00, 0x00, 0x00, 0x00, 0x00, 0x00, 0xfb, 0x00, 0x03, 0x00, 0x06, 0x02, 0x00, 0x00, 0xa6, // ................
	0x13, 0x00, 0x00, 0xf8, 0x00, 0x02, 0x00, 0xa6, 0x13, 0x00, 0x00, 0xb8, 0x00, 0x05, 0x00, 0x8b, // ................
	0x00, 0x00, 0x00, 0xa8, 0x13, 0x00, 0x00, 0x26, 0x13, 0x00, 0x00, 0xe0, 0x00, 0x00, 0x00, 0xf7, // .......&........
	0x00, 0x03, 0x00, 0xac, 0x13, 0x00, 0x00, 0x00, 0x00, 0x00, 0x00, 0xfa, 0x00, 0x04, 0x00, 0xa8, // ................
	0x13, 0x00, 0x00, 0xa9, 0x13, 0x00, 0x00, 0xac, 0x13, 0x00, 0x00, 0xf8, 0x00, 0x02, 0x00, 0xa9, // ................
	0x13, 0x00, 0x00, 0x4f, 0x00, 0x08, 0x00, 0x14, 0x00, 0x00, 0x00, 0xab, 0x13, 0x00, 0x00, 0x92, // ...O............
	0x1b, 0x00, 0x00, 0x92, 0x1b, 0x00, 0x00, 0x00, 0x00, 0x00, 0x00, 0x01, 0x00, 0x00, 0x00, 0x02, // ................
	0x00, 0x00, 0x00, 0xf9, 0x00, 0x02, 0x00, 0x06, 0x14, 0x00, 0x00, 0xf8, 0x00, 0x02, 0x00, 0xac, // ................
	0x13, 0x00, 0x00, 0xb8, 0x00, 0x05, 0x00, 0x8b, 0x00, 0x00, 0x00, 0xae, 0x13, 0x00, 0x00, 0x26, // ...............&
	0x13, 0x00, 0x00, 0xe7, 0x00, 0x00, 0x00, 0xf7, 0x00, 0x03, 0x00, 0xb3, 0x13, 0x00, 0x00, 0x00, // ................
	0x00, 0x00, 0x00, 0xfa, 0x00, 0x04, 0x00, 0xae, 0x13, 0x00, 0x00, 0xaf, 0x13, 0x00, 0x00, 0xb3, // ................
	0x13, 0x00, 0x00, 0xf8, 0x00, 0x02, 0x00, 0xaf, 0x13, 0x00, 0x00, 0x51, 0x00, 0x05, 0x00, 0x07, // ...........Q....
	0x00, 0x00, 0x00, 0xb1, 0x13, 0x00, 0x00, 0x92, 0x1b, 0x00, 0x00, 0x03, 0x00, 0x00, 0x00, 0x50, // ...............P
	0x00, 0x06, 0x00, 0x14, 0x00, 0x00, 0x00, 0x0b, 0x14, 0x00, 0x00, 0xb1, 0x13, 0x00, 0x00, 0xb1, // ................
	0x13, 0x00, 0x00, 0xb1, 0x13, 0x00, 0x00, 0xf9, 0x00, 0x02, 0x00, 0x06, 0x14, 0x00, 0x00, 0xf8, // ................
	0x00, 0x02, 0x00, 0xb3, 0x13, 0x00, 0x00, 0xb8, 0x00, 0x05, 0x00, 0x8b, 0x00, 0x00, 0x00, 0xb5, // ................
	0x13, 0x00, 0x00, 0x26, 0x13, 0x00, 0x00, 0xee, 0x00, 0x00, 0x00, 0xf7, 0x00, 0x03, 0x00, 0xb9, // ...&............
	0x13, 0x00, 0x00, 0x00, 0x00, 0x00, 0x00, 0xfa, 0x00, 0x04, 0x00, 0xb5, 0x13, 0x00, 0x00, 0xb6, // ................
	0x13, 0x00, 0x00, 0xb9, 0x13, 0x00, 0x00, 0xf8, 0x00, 0x02, 0x00, 0xb6, 0x13, 0x00, 0x00, 0x4f, // ...............O
	0x00, 0x08, 0x00, 0x14, 0x00, 0x00, 0x00, 0xb8, 0x13, 0x00, 0x00, 0x97, 0x1b, 0x00, 0x00, 0x97, // ................
	0x1b, 0x00, 0x00, 0x00, 0x00, 0x00, 0x00, 0x01, 0x00, 0x00, 0x00, 0x02, 0x00, 0x00, 0x00, 0xf9, // ................
	0x00, 0x02, 0x00, 0x06, 0x14, 0x00, 0x00, 0xf8, 0x00, 0x02, 0x00, 0xb9, 0x13, 0x00, 0x00, 0xb8, // ................
	0x00, 0x05, 0x00, 0x8b, 0x00, 0x00, 0x00, 0xbb, 0x13, 0x00, 0x00, 0x26, 0x13, 0x00, 0x00, 0x28, // ...........&...(
	0x01, 0x00, 0x00, 0xf7, 0x00, 0x03, 0x00, 0xc0, 0x13, 0x00, 0x00, 0x00, 0x00, 0x00, 0x00, 0xfa, // ................
	0x00, 0x04, 0x00, 0xbb, 0x13, 0x00, 0x00, 0xbc, 0x13, 0x00, 0x00, 0xc0, 0x13, 0x00, 0x00, 0xf8, // ................
	0x00, 0x02, 0x00, 0xbc, 0x13, 0x00, 0x00, 0x51, 0x00, 0x05, 0x00, 0x07, 0x00, 0x00, 0x00, 0xbe, // .......Q........
	0x13, 0x00, 0x00, 0x97, 0x1b, 0x00, 0x00, 0x03, 0x00, 0x00, 0x00, 0x50, 0x00, 0x06, 0x00, 0x14, // ...........P....
	0x00, 0x00, 0x00, 0x0f, 0x14, 0x00, 0x00, 0xbe, 0x13, 0x00, 0x00, 0xbe, 0x13, 0x00, 0x00, 0xbe, // ................
	0x13, 0x00, 0x00, 0xf9, 0x00, 0x02, 0x00, 0x06, 0x14, 0x00, 0x00, 0xf8, 0x00, 0x02, 0x00, 0xc0, // ................
	0x13, 0x00, 0x00, 0xb8, 0x00, 0x05, 0x00, 0x8b, 0x00, 0x00, 0x00, 0xc2, 0x13, 0x00, 0x00, 0x26, // ...............&
	0x13, 0x00, 0x00, 0x32, 0x01, 0x00, 0x00, 0xf7, 0x00, 0x03, 0x00, 0xc6, 0x13, 0x00, 0x00, 0x00, // ...2............
	0x00, 0x00, 0x00, 0xfa, 0x00, 0x04, 0x00, 0xc2, 0x13, 0x00, 0x00, 0xc3, 0x13, 0x00, 0x00, 0xc6, // ................
	0x13, 0x00, 0x00, 0xf8, 0x00, 0x02, 0x00, 0xc3, 0x13, 0x00, 0x00, 0x4f, 0x00, 0x08, 0x00, 0x14, // ...........O....
	0x00, 0x00, 0x00, 0xc5, 0x13, 0x00, 0x00, 0x9c, 0x1b, 0x00, 0x00, 0x9c, 0x1b, 0x00, 0x00, 0x00, // ................
	0x00, 0x00, 0x00, 0x01, 0x00, 0x00, 0x00, 0x02, 0x00, 0x00, 0x00, 0xf9, 0x00, 0x02, 0x00, 0x06, // ................
	0x14, 0x00, 0x00, 0xf8, 0x00, 0x02, 0x00, 0xc6, 0x13, 0x00, 0x00, 0xb8, 0x00, 0x05, 0x00, 0x8b, // ................
	0x00, 0x00, 0x00, 0xc8, 0x13, 0x00, 0x00, 0x26, 0x13, 0x00, 0x00, 0x3a, 0x01, 0x00, 0x00, 0xf7, // .......&...:....
	0x00, 0x03, 0x00, 0xcd, 0x13, 0x00, 0x00, 0x00, 0x00, 0x00, 0x00, 0xfa, 0x00, 0x04, 0x00, 0xc8, // ................
	0x13, 0x00, 0x00, 0xc9, 0x13, 0x00, 0x00, 0xcd, 0x13, 0x00, 0x00, 0xf8, 0x00, 0x02, 0x00, 0xc9, // ................
	0x13, 0x00, 0x00, 0x51, 0x00, 0x05, 0x00, 0x07, 0x00, 0x00, 0x00, 0xcb, 0x13, 0x00, 0x00, 0x9c, // ...Q............
	0x1b, 0x00, 0x00, 0x03, 0x00, 0x00, 0x00, 0x50, 0x00, 0x06, 0x00, 0x14, 0x00, 0x00, 0x00, 0x13, // .......P........
	0x14, 0x00, 0x00, 0xcb, 0x13, 0x00, 0x00, 0xcb, 0x13, 0x00, 0x00, 0xcb, 0x13, 0x00, 0x00, 0xf9, // ................
	0x00, 0x02, 0x00, 0x06, 0x14, 0x00, 0x00, 0xf8, 0x00, 0x02, 0x00, 0xcd, 0x13, 0x00, 0x00, 0xb8, // ................
	0x00, 0x05, 0x00, 0x8b, 0x00, 0x00, 0x00, 0xcf, 0x13, 0x00, 0x00, 0x26, 0x13, 0x00, 0x00, 0x44, // ...........&...D
	0x01, 0x00, 0x00, 0xf7, 0x00, 0x03, 0x00, 0xd3, 0x13, 0x00, 0x00, 0x00, 0x00, 0x00, 0x00, 0xfa, // ................
	0x00, 0x04, 0x00, 0xcf, 0x13, 0x00, 0x00, 0xd0, 0x13, 0x00, 0x00, 0xd3, 0x13, 0x00, 0x00, 0xf8, // ................
	0x00, 0x02, 0x00, 0xd0, 0x13, 0x00, 0x00, 0x4f, 0x00, 0x08, 0x00, 0x14, 0x00, 0x00, 0x00, 0xd2, // .......O........
	0x13, 0x00, 0x00, 0xa1, 0x1b, 0x00, 0x00, 0xa1, 0x1b, 0x00, 0x00, 0x00, 0x00, 0x00, 0x00, 0x01, // ................
	0x00, 0x00, 0x00, 0x02, 0x00, 0x00, 0x00, 0xf9, 0x00, 0x02, 0x00, 0x06, 0x14, 0x00, 0x00, 0xf8, // ................
	0x00, 0x02, 0x00, 0xd3, 0x13, 0x00, 0x00, 0xb8, 0x00, 0x05, 0x00, 0x8b, 0x00, 0x00, 0x00, 0xd5, // ................
	0x13, 0x00, 0x00, 0x26, 0x13, 0x00, 0x00, 0x4c, 0x01, 0x00, 0x00, 0xf7, 0x00, 0x03, 0x00, 0xda, // ...&...L........
	0x13, 0x00, 0x00, 0x00, 0x00, 0x00, 0x00, 0xfa, 0x00, 0x04, 0x00, 0xd5, 0x13, 0x00, 0x00, 0xd6, // ................
	0x13, 0x00, 0x00, 0xda, 0x13, 0x00, 0x00, 0xf8, 0x00, 0x02, 0x00, 0xd6, 0x13, 0x00, 0x00, 0x51, // ...............Q
	0x00, 0x05, 0x00, 0x07, 0x00, 0x00, 0x00, 0xd8, 0x13, 0x00, 0x00, 0xa1, 0x1b, 0x00, 0x00, 0x03, // ................
	0x00, 0x00, 0x00, 0x50, 0x00, 0x06, 0x00, 0x14, 0x00, 0x00, 0x00, 0x17, 0x14, 0x00, 0x00, 0xd8, // ...P............
	0x13, 0x00, 0x00, 0xd8, 0x13, 0x00, 0x00, 0xd8, 0x13, 0x00, 0x00, 0xf9, 0x00, 0x02, 0x00, 0x06, // ................
	0x14, 0x00, 0x00, 0xf8, 0x00, 0x02, 0x00, 0xda, 0x13, 0x00, 0x00, 0xb8, 0x00, 0x05, 0x00, 0x8b, // ................
	0x00, 0x00, 0x00, 0xdc, 0x13, 0x00, 0x00, 0x26, 0x13, 0x00, 0x00, 0x56, 0x01, 0x00, 0x00, 0xf7, // .......&...V....
	0x00, 0x03, 0x00, 0xe0, 0x13, 0x00, 0x00, 0x00, 0x00, 0x00, 0x00, 0xfa, 0x00, 0x04, 0x00, 0xdc, // ................
	0x13, 0x00, 0x00, 0xdd, 0x13, 0x00, 0x00, 0xe0, 0x13, 0x00, 0x00, 0xf8, 0x00, 0x02, 0x00, 0xdd, // ................
	0x13, 0x00, 0x00, 0x4f, 0x00, 0x08, 0x00, 0x14, 0x00, 0x00, 0x00, 0xdf, 0x13, 0x00, 0x00, 0x90, // ...O............
	0x1b, 0x00, 0x00, 0x90, 0x1b, 0x00, 0x00, 0x00, 0x00, 0x00, 0x00, 0x01, 0x00, 0x00, 0x00, 0x02, // ................
	0x00, 0x00, 0x00, 0xf9, 0x00, 0x02, 0x00, 0x06, 0x14, 0x00, 0x00, 0xf8, 0x00, 0x02, 0x00, 0xe0, // ................
	0x13, 0x00, 0x00, 0xb8, 0x00, 0x05, 0x00, 0x8b, 0x00, 0x00, 0x00, 0xe2, 0x13, 0x00, 0x00, 0x26, // ...............&
	0x13, 0x00, 0x00, 0x5e, 0x01, 0x00, 0x00, 0xf7, 0x00, 0x03, 0x00, 0xe7, 0x13, 0x00, 0x00, 0x00, // ...^............
	0x00, 0x00, 0x00, 0xfa, 0x00, 0x04, 0x00, 0xe2, 0x13, 0x00, 0x00, 0xe3, 0x13, 0x00, 0x00, 0xe7, // ................
	0x13, 0x00, 0x00, 0xf8, 0x00, 0x02, 0x00, 0xe3, 0x13, 0x00, 0x00, 0x51, 0x00, 0x05, 0x00, 0x07, // ...........Q....
	0x00, 0x00, 0x00, 0xe5, 0x13, 0x00, 0x00, 0x90, 0x1b, 0x00, 0x00, 0x03, 0x00, 0x00, 0x00, 0x50, // ...............P
	0x00, 0x06, 0x00, 0x14, 0x00, 0x00, 0x00, 0x1b, 0x14, 0x00, 0x00, 0xe5, 0x13, 0x00, 0x00, 0xe5, // ................
	0x13, 0x00, 0x00, 0xe5, 0x13, 0x00, 0x00, 0xf9, 0x00, 0x02, 0x00, 0x06, 0x14, 0x00, 0x00, 0xf8, // ................
	0x00, 0x02, 0x00, 0xe7, 0x13, 0x00, 0x00, 0xb8, 0x00, 0x05, 0x00, 0x8b, 0x00, 0x00, 0x00, 0xe9, // ................
	0x13, 0x00, 0x00, 0x26, 0x13, 0x00, 0x00, 0x68, 0x01, 0x00, 0x00, 0xf7, 0x00, 0x03, 0x00, 0xed, // ...&...h........
	0x13, 0x00, 0x00, 0x00, 0x00, 0x00, 0x00, 0xfa, 0x00, 0x04, 0x00, 0xe9, 0x13, 0x00, 0x00, 0xea, // ................
	0x13, 0x00, 0x00, 0xed, 0x13, 0x00, 0x00, 0xf8, 0x00, 0x02, 0x00, 0xea, 0x13, 0x00, 0x00, 0x4f, // ...............O
	0x00, 0x08, 0x00, 0x14, 0x00, 0x00, 0x00, 0xec, 0x13, 0x00, 0x00, 0x78, 0x05, 0x00, 0x00, 0x78, // ...........x...x
	0x05, 0x00, 0x00, 0x00, 0x00, 0x00, 0x00, 0x01, 0x00, 0x00, 0x00, 0x02, 0x00, 0x00, 0x00, 0xf9, // ................
	0x00, 0x02, 0x00, 0x06, 0x14, 0x00, 0x00, 0xf8, 0x00, 0x02, 0x00, 0xed, 0x13, 0x00, 0x00, 0xb8, // ................
	0x00, 0x05, 0x00, 0x8b, 0x00, 0x00, 0x00, 0xef, 0x13, 0x00, 0x00, 0x26, 0x13, 0x00, 0x00, 0x70, // ...........&...p
	0x01, 0x00, 0x00, 0xf7, 0x00, 0x03, 0x00, 0xf4, 0x13, 0x00, 0x00, 0x00, 0x00, 0x00, 0x00, 0xfa, // ................
	0x00, 0x04, 0x00, 0xef, 0x13, 0x00, 0x00, 0xf0, 0x13, 0x00, 0x00, 0xf4, 0x13, 0x00, 0x00, 0xf8, // ................
	0x00, 0x02, 0x00, 0xf0, 0x13, 0x00, 0x00, 0x51, 0x00, 0x05, 0x00, 0x07, 0x00, 0x00, 0x00, 0xf2, // .......Q........
	0x13, 0x00, 0x00, 0x78, 0x05, 0x00, 0x00, 0x03, 0x00, 0x00, 0x00, 0x50, 0x00, 0x06, 0x00, 0x14, // ...x.......P....
	0x00, 0x00, 0x00, 0x1f, 0x14, 0x00, 0x00, 0xf2, 0x13, 0x00, 0x00, 0xf2, 0x13, 0x00, 0x00, 0xf2, // ................
	0x13, 0x00, 0x00, 0xf9, 0x00, 0x02, 0x00, 0x06, 0x14, 0x00, 0x00, 0xf8, 0x00, 0x02, 0x00, 0xf4, // ................
	0x13, 0x00, 0x00, 0xb8, 0x00, 0x05, 0x00, 0x8b, 0x00, 0x00, 0x00, 0xf6, 0x13, 0x00, 0x00, 0x26, // ...............&
	0x13, 0x00, 0x00, 0x7a, 0x01, 0x00, 0x00, 0xf7, 0x00, 0x03, 0x00, 0xf9, 0x13, 0x00, 0x00, 0x00, // ...z............
	0x00, 0x00, 0x00, 0xfa, 0x00, 0x04, 0x00, 0xf6, 0x13, 0x00, 0x00, 0xf7, 0x13, 0x00, 0x00, 0xf9, // ................
	0x13, 0x00, 0x00, 0xf8, 0x00, 0x02, 0x00, 0xf7, 0x13, 0x00, 0x00, 0xf9, 0x00, 0x02, 0x00, 0x06, // ................
	0x14, 0x00, 0x00, 0xf8, 0x00, 0x02, 0x00, 0xf9, 0x13, 0x00, 0x00, 0xb8, 0x00, 0x05, 0x00, 0x8b, // ................
	0x00, 0x00, 0x00, 0xfb, 0x13, 0x00, 0x00, 0x26, 0x13, 0x00, 0x00, 0x82, 0x01, 0x00, 0x00, 0xf7, // .......&........
	0x00, 0x03, 0x00, 0xfe, 0x13, 0x00, 0x00, 0x00, 0x00, 0x00, 0x00, 0xfa, 0x00, 0x04, 0x00, 0xfb, // ................
	0x13, 0x00, 0x00, 0xfc, 0x13, 0x00, 0x00, 0xfe, 0x13, 0x00, 0x00, 0xf8, 0x00, 0x02, 0x00, 0xfc, // ................
	0x13, 0x00, 0x00, 0xf9, 0x00, 0x02, 0x00, 0x06, 0x14, 0x00, 0x00, 0xf8, 0x00, 0x02, 0x00, 0xfe, // ................
	0x13, 0x00, 0x00, 0xb8, 0x00, 0x05, 0x00, 0x8b, 0x00, 0x00, 0x00, 0x00, 0x14, 0x00, 0x00, 0x26, // ...............&
	0x13, 0x00, 0x00, 0x8b, 0x01, 0x00, 0x00, 0xf7, 0x00, 0x03, 0x00, 0x04, 0x14, 0x00, 0x00, 0x00, // ................
	0x00, 0x00, 0x00, 0xfa, 0x00, 0x04, 0x00, 0x00, 0x14, 0x00, 0x00, 0x01, 0x14, 0x00, 0x00, 0x04, // ................
	0x14, 0x00, 0x00, 0xf8, 0x00, 0x02, 0x00, 0x01, 0x14, 0x00, 0x00, 0x4f, 0x00, 0x08, 0x00, 0x14, // ...........O....
	0x00, 0x00, 0x00, 0x03, 0x14, 0x00, 0x00, 0x7f, 0x06, 0x00, 0x00, 0x7f, 0x06, 0x00, 0x00, 0x00, // ................
	0x00, 0x00, 0x00, 0x01, 0x00, 0x00, 0x00, 0x02, 0x00, 0x00, 0x00, 0xf9, 0x00, 0x02, 0x00, 0x06, // ................
	0x14, 0x00, 0x00, 0xf8, 0x00, 0x02, 0x00, 0x04, 0x14, 0x00, 0x00, 0xf9, 0x00, 0x02, 0x00, 0x06, // ................
	0x14, 0x00, 0x00, 0xf8, 0x00, 0x02, 0x00, 0x06, 0x14, 0x00, 0x00, 0xf5, 0x00, 0x23, 0x00, 0x14, // .............#..
	0x00, 0x00, 0x00, 0xa5, 0x1b, 0x00, 0x00, 0xab, 0x13, 0x00, 0x00, 0xa9, 0x13, 0x00, 0x00, 0x0b, // ................
	0x14, 0x00, 0x00, 0xaf, 0x13, 0x00, 0x00, 0xb8, 0x13, 0x00, 0x00, 0xb6, 0x13, 0x00, 0x00, 0x0f, // ................
	0x14, 0x00, 0x00, 0xbc, 0x13, 0x00, 0x00, 0xc5, 0x13, 0x00, 0x00, 0xc3, 0x13, 0x00, 0x00, 0x13, // ................
	0x14, 0x00, 0x00, 0xc9, 0x13, 0x00, 0x00, 0xd2, 0x13, 0x00, 0x00, 0xd0, 0x13, 0x00, 0x00, 0x17, // ................
	0x14, 0x00, 0x00, 0xd6, 0x13, 0x00, 0x00, 0xdf, 0x13, 0x00, 0x00, 0xdd, 0x13, 0x00, 0x00, 0x1b, // ................
	0x14, 0x00, 0x00, 0xe3, 0x13, 0x00, 0x00, 0xec, 0x13, 0x00, 0x00, 0xea, 0x13, 0x00, 0x00, 0x1f, // ................
	0x14, 0x00, 0x00, 0xf0, 0x13, 0x00, 0x00, 0x73, 0x1a, 0x00, 0x00, 0xf7, 0x13, 0x00, 0x00, 0x72, // .......s.......r
	0x1a, 0x00, 0x00, 0xfc, 0x13, 0x00, 0x00, 0x03, 0x14, 0x00, 0x00, 0x01, 0x14, 0x00, 0x00, 0x30, // ...............0
	0x02, 0x00, 0x00, 0x04, 0x14, 0x00, 0x00, 0x51, 0x00, 0x05, 0x00, 0x07, 0x00, 0x00, 0x00, 0x30, // .......Q.......0
	0x13, 0x00, 0x00, 0x75, 0x06, 0x00, 0x00, 0x01, 0x00, 0x00, 0x00, 0xf7, 0x00, 0x03, 0x00, 0x99, // ...u............
	0x14, 0x00, 0x00, 0x00, 0x00, 0x00, 0x00, 0xfb, 0x00, 0x03, 0x00, 0x06, 0x02, 0x00, 0x00, 0x39, // ...............9
	0x14, 0x00, 0x00, 0xf8, 0x00, 0x02, 0x00, 0x39, 0x14, 0x00, 0x00, 0xb8, 0x00, 0x05, 0x00, 0x8b, // .......9........
	0x00, 0x00, 0x00, 0x3b, 0x14, 0x00, 0x00, 0x30, 0x13, 0x00, 0x00, 0xe0, 0x00, 0x00, 0x00, 0xf7, // ...;...0........
	0x00, 0x03, 0x00, 0x3f, 0x14, 0x00, 0x00, 0x00, 0x00, 0x00, 0x00, 0xfa, 0x00, 0x04, 0x00, 0x3b, // ...?...........;
	0x14, 0x00, 0x00, 0x3c, 0x14, 0x00, 0x00, 0x3f, 0x14, 0x00, 0x00, 0xf8, 0x00, 0x02, 0x00, 0x3c, // ...<...?.......<
	0x14, 0x00, 0x00, 0x4f, 0x00, 0x08, 0x00, 0x14, 0x00, 0x00, 0x00, 0x3e, 0x14, 0x00, 0x00, 0x92, // ...O.......>....
	0x1b, 0x00, 0x00, 0x92, 0x1b, 0x00, 0x00, 0x00, 0x00, 0x00, 0x00, 0x01, 0x00, 0x00, 0x00, 0x02, // ................
	0x00, 0x00, 0x00, 0xf9, 0x00, 0x02, 0x00, 0x99, 0x14, 0x00, 0x00, 0xf8, 0x00, 0x02, 0x00, 0x3f, // ...............?
	0x14, 0x00, 0x00, 0xb8, 0x00, 0x05, 0x00, 0x8b, 0x00, 0x00, 0x00, 0x41, 0x14, 0x00, 0x00, 0x30, // ...........A...0
	0x13, 0x00, 0x00, 0xe7, 0x00, 0x00, 0x00, 0xf7, 0x00, 0x03, 0x00, 0x46, 0x14, 0x00, 0x00, 0x00, // ...........F....
	0x00, 0x00, 0x00, 0xfa, 0x00, 0x04, 0x00, 0x41, 0x14, 0x00, 0x00, 0x42, 0x14, 0x00, 0x00, 0x46, // .......A...B...F
	0x14, 0x00, 0x00, 0xf8, 0x00, 0x02, 0x00, 0x42, 0x14, 0x00, 0x00, 0x51, 0x00, 0x05, 0x00, 0x07, // .......B...Q....
	0x00, 0x00, 0x00, 0x44, 0x14, 0x00, 0x00, 0x92, 0x1b, 0x00, 0x00, 0x03, 0x00, 0x00, 0x00, 0x50, // ...D...........P
	0x00, 0x06, 0x00, 0x14, 0x00, 0x00, 0x00, 0x9e, 0x14, 0x00, 0x00, 0x44, 0x14, 0x00, 0x00, 0x44, // ...........D...D
	0x14, 0x00, 0x00, 0x44, 0x14, 0x00, 0x00, 0xf9, 0x00, 0x02, 0x00, 0x99, 0x14, 0x00, 0x00, 0xf8, // ...D............
	0x00, 0x02, 0x00, 0x46, 0x14, 0x00, 0x00, 0xb8, 0x00, 0x05, 0x00, 0x8b, 0x00, 0x00, 0x00, 0x48, // ...F...........H
	0x14, 0x00, 0x00, 0x30, 0x13, 0x00, 0x00, 0xee, 0x00, 0x00, 0x00, 0xf7, 0x00, 0x03, 0x00, 0x4c, // ...0...........L
	0x14, 0x00, 0x00, 0x00, 0x00, 0x00, 0x00, 0xfa, 0x00, 0x04, 0x00, 0x48, 0x14, 0x00, 0x00, 0x49, // ...........H...I
	0x14, 0x00, 0x00, 0x4c, 0x14, 0x00, 0x00, 0xf8, 0x00, 0x02, 0x00, 0x49, 0x14, 0x00, 0x00, 0x4f, // ...L.......I...O
	0x00, 0x08, 0x00, 0x14, 0x00, 0x00, 0x00, 0x4b, 0x14, 0x00, 0x00, 0x97, 0x1b, 0x00, 0x00, 0x97, // .......K........
	0x1b, 0x00, 0x00, 0x00, 0x00, 0x00, 0x00, 0x01, 0x00, 0x00, 0x00, 0x02, 0x00, 0x00, 0x00, 0xf9, // ................
	0x00, 0x02, 0x00, 0x99, 0x14, 0x00, 0x00, 0xf8, 0x00, 0x02, 0x00, 0x4c, 0x14, 0x00, 0x00, 0xb8, // ...........L....
	0x00, 0x05, 0x00, 0x8b, 0x00, 0x00, 0x00, 0x4e, 0x14, 0x00, 0x00, 0x30, 0x13, 0x00, 0x00, 0x28, // .......N...0...(
	0x01, 0x00, 0x00, 0xf7, 0x00, 0x03, 0x00, 0x53, 0x14, 0x00, 0x00, 0x00, 0x00, 0x00, 0x00, 0xfa, // .......S........
	0x00, 0x04, 0x00, 0x4e, 0x14, 0x00, 0x00, 0x4f, 0x14, 0x00, 0x00, 0x53, 0x14, 0x00, 0x00, 0xf8, // ...N...O...S....
	0x00, 0x02, 0x00, 0x4f, 0x14, 0x00, 0x00, 0x51, 0x00, 0x05, 0x00, 0x07, 0x00, 0x00, 0x00, 0x51, // ...O...Q.......Q
	0x14, 0x00, 0x00, 0x97, 0x1b, 0x00, 0x00, 0x03, 0x00, 0x00, 0x00, 0x50, 0x00, 0x06, 0x00, 0x14, // ...........P....
	0x00, 0x00, 0x00, 0xa2, 0x14, 0x00, 0x00, 0x51, 0x14, 0x00, 0x00, 0x51, 0x14, 0x00, 0x00, 0x51, // .......Q...Q...Q
	0x14, 0x00, 0x00, 0xf9, 0x00, 0x02, 0x00, 0x99, 0x14, 0x00, 0x00, 0xf8, 0x00, 0x02, 0x00, 0x53, // ...............S
	0x14, 0x00, 0x00, 0xb8, 0x00, 0x05, 0x00, 0x8b, 0x00, 0x00, 0x00, 0x55, 0x14, 0x00, 0x00, 0x30, // ...........U...0
	0x13, 0x00, 0x00, 0x32, 0x01, 0x00, 0x00, 0xf7, 0x00, 0x03, 0x00, 0x59, 0x14, 0x00, 0x00, 0x00, // ...2.......Y....
	0x00, 0x00, 0x00, 0xfa, 0x00, 0x04, 0x00, 0x55, 0x14, 0x00, 0x00, 0x56, 0x14, 0x00, 0x00, 0x59, // .......U...V...Y
	0x14, 0x00, 0x00, 0xf8, 0x00, 0x02, 0x00, 0x56, 0x14, 0x00, 0x00, 0x4f, 0x00, 0x08, 0x00, 0x14, // .......V...O....
	0x00, 0x00, 0x00, 0x58, 0x14, 0x00, 0x00, 0x9c, 0x1b, 0x00, 0x00, 0x9c, 0x1b, 0x00, 0x00, 0x00, // ...X............
	0x00, 0x00, 0x00, 0x01, 0x00, 0x00, 0x00, 0x02, 0x00, 0x00, 0x00, 0xf9, 0x00, 0x02, 0x00, 0x99, // ................
	0x14, 0x00, 0x00, 0xf8, 0x00, 0x02, 0x00, 0x59, 0x14, 0x00, 0x00, 0xb8, 0x00, 0x05, 0x00, 0x8b, // .......Y........
	0x00, 0x00, 0x00, 0x5b, 0x14, 0x00, 0x00, 0x30, 0x13, 0x00, 0x00, 0x3a, 0x01, 0x00, 0x00, 0xf7, // ...[...0...:....
	0x00, 0x03, 0x00, 0x60, 0x14, 0x00, 0x00, 0x00, 0x00, 0x00, 0x00, 0xfa, 0x00, 0x04, 0x00, 0x5b, // ...`...........[
	0x14, 0x00, 0x00, 0x5c, 0x14, 0x00, 0x00, 0x60, 0x14, 0x00, 0x00, 0xf8, 0x00, 0x02, 0x00, 0x5c, // .......`........
	0x14, 0x00, 0x00, 0x51, 0x00, 0x05, 0x00, 0x07, 0x00, 0x00, 0x00, 0x5e, 0x14, 0x00, 0x00, 0x9c, // ...Q.......^....
	0x1b, 0x00, 0x00, 0x03, 0x00, 0x00, 0x00, 0x50, 0x00, 0x06, 0x00, 0x14, 0x00, 0x00, 0x00, 0xa6, // .......P........
	0x14, 0x00, 0x00, 0x5e, 0x14, 0x00, 0x00, 0x5e, 0x14, 0x00, 0x00, 0x5e, 0x14, 0x00, 0x00, 0xf9, // ...^...^...^....
	0x00, 0x02, 0x00, 0x99, 0x14, 0x00, 0x00, 0xf8, 0x00, 0x02, 0x00, 0x60, 0x14, 0x00, 0x00, 0xb8, // ...........`....
	0x00, 0x05, 0x00, 0x8b, 0x00, 0x00, 0x00, 0x62, 0x14, 0x00, 0x00, 0x30, 0x13, 0x00, 0x00, 0x44, // .......b...0...D
	0x01, 0x00, 0x00, 0xf7, 0x00, 0x03, 0x00, 0x66, 0x14, 0x00, 0x00, 0x00, 0x00, 0x00, 0x00, 0xfa, // .......f........
	0x00, 0x04, 0x00, 0x62, 0x14, 0x00, 0x00, 0x63, 0x14, 0x00, 0x00, 0x66, 0x14, 0x00, 0x00, 0xf8, // ...b...c...f....
	0x00, 0x02, 0x00, 0x63, 0x14, 0x00, 0x00, 0x4f, 0x00, 0x08, 0x00, 0x14, 0x00, 0x00, 0x00, 0x65, // ...c...O.......e
	0x14, 0x00, 0x00, 0xa1, 0x1b, 0x00, 0x00, 0xa1, 0x1b, 0x00, 0x00, 0x00, 0x00, 0x00, 0x00, 0x01, // ................
	0x00, 0x00, 0x00, 0x02, 0x00, 0x00, 0x00, 0xf9, 0x00, 0x02, 0x00, 0x99, 0x14, 0x00, 0x00, 0xf8, // ................
	0x00, 0x02, 0x00, 0x66, 0x14, 0x00, 0x00, 0xb8, 0x00, 0x05, 0x00, 0x8b, 0x00, 0x00, 0x00, 0x68, // ...f...........h
	0x14, 0x00, 0x00, 0x30, 0x13, 0x00, 0x00, 0x4c, 0x01, 0x00, 0x00, 0xf7, 0x00, 0x03, 0x00, 0x6d, // ...0...L.......m
	0x14, 0x00, 0x00, 0x00, 0x00, 0x00, 0x00, 0xfa, 0x00, 0x04, 0x00, 0x68, 0x14, 0x00, 0x00, 0x69, // ...........h...i
	0x14, 0x00, 0x00, 0x6d, 0x14, 0x00, 0x00, 0xf8, 0x00, 0x02, 0x00, 0x69, 0x14, 0x00, 0x00, 0x51, // ...m.......i...Q
	0x00, 0x05, 0x00, 0x07, 0x00, 0x00, 0x00, 0x6b, 0x14, 0x00, 0x00, 0xa1, 0x1b, 0x00, 0x00, 0x03, // .......k........
	0x00, 0x00, 0x00, 0x50, 0x00, 0x06, 0x00, 0x14, 0x00, 0x00, 0x00, 0xaa, 0x14, 0x00, 0x00, 0x6b, // ...P...........k
	0x14, 0x00, 0x00, 0x6b, 0x14, 0x00, 0x00, 0x6b, 0x14, 0x00, 0x00, 0xf9, 0x00, 0x02, 0x00, 0x99, // ...k...k........
	0x14, 0x00, 0x00, 0xf8, 0x00, 0x02, 0x00, 0x6d, 0x14, 0x00, 0x00, 0xb8, 0x00, 0x05, 0x00, 0x8b, // .......m........
	0x00, 0x00, 0x00, 0x6f, 0x14, 0x00, 0x00, 0x30, 0x13, 0x00, 0x00, 0x56, 0x01, 0x00, 0x00, 0xf7, // ...o...0...V....
	0x00, 0x03, 0x00, 0x73, 0x14, 0x00, 0x00, 0x00, 0x00, 0x00, 0x00, 0xfa, 0x00, 0x04, 0x00, 0x6f, // ...s...........o
	0x14, 0x00, 0x00, 0x70, 0x14, 0x00, 0x00, 0x73, 0x14, 0x00, 0x00, 0xf8, 0x00, 0x02, 0x00, 0x70, // ...p...s.......p
	0x14, 0x00, 0x00, 0x4f, 0x00, 0x08, 0x00, 0x14, 0x00, 0x00, 0x00, 0x72, 0x14, 0x00, 0x00, 0x90, // ...O.......r....
	0x1b, 0x00, 0x00, 0x90, 0x1b, 0x00, 0x00, 0x00, 0x00, 0x00, 0x00, 0x01, 0x00, 0x00, 0x00, 0x02, // ................
	0x00, 0x00, 0x00, 0xf9, 0x00, 0x02, 0x00, 0x99, 0x14, 0x00, 0x00, 0xf8, 0x00, 0x02, 0x00, 0x73, // ...............s
	0x14, 0x00, 0x00, 0xb8, 0x00, 0x05, 0x00, 0x8b, 0x00, 0x00, 0x00, 0x75, 0x14, 0x00, 0x00, 0x30, // ...........u...0
	0x13, 0x00, 0x00, 0x5e, 0x01, 0x00, 0x00, 0xf7, 0x00, 0x03, 0x00, 0x7a, 0x14, 0x00, 0x00, 0x00, // ...^.......z....
	0x00, 0x00, 0x00, 0xfa, 0x00, 0x04, 0x00, 0x75, 0x14, 0x00, 0x00, 0x76, 0x14, 0x00, 0x00, 0x7a, // .......u...v...z
	0x14, 0x00, 0x00, 0xf8, 0x00, 0x02, 0x00, 0x76, 0x14, 0x00, 0x00, 0x51, 0x00, 0x05, 0x00, 0x07, // .......v...Q....
	0x00, 0x00, 0x00, 0x78, 0x14, 0x00, 0x00, 0x90, 0x1b, 0x00, 0x00, 0x03, 0x00, 0x00, 0x00, 0x50, // ...x...........P
	0x00, 0x06, 0x00, 0x14, 0x00, 0x00, 0x00, 0xae, 0x14, 0x00, 0x00, 0x78, 0x14, 0x00, 0x00, 0x78, // ...........x...x
	0x14, 0x00, 0x00, 0x78, 0x14, 0x00, 0x00, 0xf9, 0x00, 0x02, 0x00, 0x99, 0x14, 0x00, 0x00, 0xf8, // ...x............
	0x00, 0x02, 0x00, 0x7a, 0x14, 0x00, 0x00, 0xb8, 0x00, 0x05, 0x00, 0x8b, 0x00, 0x00, 0x00, 0x7c, // ...z...........|
	0x14, 0x00, 0x00, 0x30, 0x13, 0x00, 0x00, 0x68, 0x01, 0x00, 0x00, 0xf7, 0x00, 0x03, 0x00, 0x80, // ...0...h........
	0x14, 0x00, 0x00, 0x00, 0x00, 0x00, 0x00, 0xfa, 0x00, 0x04, 0x00, 0x7c, 0x14, 0x00, 0x00, 0x7d, // ...........|...}
	0x14, 0x00, 0x00, 0x80, 0x14, 0x00, 0x00, 0xf8, 0x00, 0x02, 0x00, 0x7d, 0x14, 0x00, 0x00, 0x4f, // ...........}...O
	0x00, 0x08, 0x00, 0x14, 0x00, 0x00, 0x00, 0x7f, 0x14, 0x00, 0x00, 0x78, 0x05, 0x00, 0x00, 0x78, // ...........x...x
	0x05, 0x00, 0x00, 0x00, 0x00, 0x00, 0x00, 0x01, 0x00, 0x00, 0x00, 0x02, 0x00, 0x00, 0x00, 0xf9, // ................
	0x00, 0x02, 0x00, 0x99, 0x14, 0x00, 0x00, 0xf8, 0x00, 0x02, 0x00, 0x80, 0x14, 0x00, 0x00, 0xb8, // ................
	0x00, 0x05, 0x00, 0x8b, 0x00, 0x00, 0x00, 0x82, 0x14, 0x00, 0x00, 0x30, 0x13, 0x00, 0x00, 0x70, // ...........0...p
	0x01, 0x00, 0x00, 0xf7, 0x00, 0x03, 0x00, 0x87, 0x14, 0x00, 0x00, 0x00, 0x00, 0x00, 0x00, 0xfa, // ................
	0x00, 0x04, 0x00, 0x82, 0x14, 0x00, 0x00, 0x83, 0x14, 0x00, 0x00, 0x87, 0x14, 0x00, 0x00, 0xf8, // ................
	0x00, 0x02, 0x00, 0x83, 0x14, 0x00, 0x00, 0x51, 0x00, 0x05, 0x00, 0x07, 0x00, 0x00, 0x00, 0x85, // .......Q........
	0x14, 0x00, 0x00, 0x78, 0x05, 0x00, 0x00, 0x03, 0x00, 0x00, 0x00, 0x50, 0x00, 0x06, 0x00, 0x14, // ...x.......P....
	0x00, 0x00, 0x00, 0xb2, 0x14, 0x00, 0x00, 0x85, 0x14, 0x00, 0x00, 0x85, 0x14, 0x00, 0x00, 0x85, // ................
	0x14, 0x00, 0x00, 0xf9, 0x00, 0x02, 0x00, 0x99, 0x14, 0x00, 0x00, 0xf8, 0x00, 0x02, 0x00, 0x87, // ................
	0x14, 0x00, 0x00, 0xb8, 0x00, 0x05, 0x00, 0x8b, 0x00, 0x00, 0x00, 0x89, 0x14, 0x00, 0x00, 0x30, // ...............0
	0x13, 0x00, 0x00, 0x7a, 0x01, 0x00, 0x00, 0xf7, 0x00, 0x03, 0x00, 0x8c, 0x14, 0x00, 0x00, 0x00, // ...z............
	0x00, 0x00, 0x00, 0xfa, 0x00, 0x04, 0x00, 0x89, 0x14, 0x00, 0x00, 0x8a, 0x14, 0x00, 0x00, 0x8c, // ................
	0x14, 0x00, 0x00, 0xf8, 0x00, 0x02, 0x00, 0x8a, 0x14, 0x00, 0x00, 0xf9, 0x00, 0x02, 0x00, 0x99, // ................
	0x14, 0x00, 0x00, 0xf8, 0x00, 0x02, 0x00, 0x8c, 0x14, 0x00, 0x00, 0xb8, 0x00, 0x05, 0x00, 0x8b, // ................
	0x00, 0x00, 0x00, 0x8e, 0x14, 0x00, 0x00, 0x30, 0x13, 0x00, 0x00, 0x82, 0x01, 0x00, 0x00, 0xf7, // .......0........
	0x00, 0x03, 0x00, 0x91, 0x14, 0x00, 0x00, 0x00, 0x00, 0x00, 0x00, 0xfa, 0x00, 0x04, 0x00, 0x8e, // ................
	0x14, 0x00, 0x00, 0x8f, 0x14, 0x00, 0x00, 0x91, 0x14, 0x00, 0x00, 0xf8, 0x00, 0x02, 0x00, 0x8f, // ................
	0x14, 0x00, 0x00, 0xf9, 0x00, 0x02, 0x00, 0x99, 0x14, 0x00, 0x00, 0xf8, 0x00, 0x02, 0x00, 0x91, // ................
	0x14, 0x00, 0x00, 0xb8, 0x00, 0x05, 0x00, 0x8b, 0x00, 0x00, 0x00, 0x93, 0x14, 0x00, 0x00, 0x30, // ...............0
	0x13, 0x00, 0x00, 0x8b, 0x01, 0x00, 0x00, 0xf7, 0x00, 0x03, 0x00, 0x97, 0x14, 0x00, 0x00, 0x00, // ................
	0x00, 0x00, 0x00, 0xfa, 0x00, 0x04, 0x00, 0x93, 0x14, 0x00, 0x00, 0x94, 0x14, 0x00, 0x00, 0x97, // ................
	0x14, 0x00, 0x00, 0xf8, 0x00, 0x02, 0x00, 0x94, 0x14, 0x00, 0x00, 0x4f, 0x00, 0x08, 0x00, 0x14, // ...........O....
	0x00, 0x00, 0x00, 0x96, 0x14, 0x00, 0x00, 0x7f, 0x06, 0x00, 0x00, 0x7f, 0x06, 0x00, 0x00, 0x00, // ................
	0x00, 0x00, 0x00, 0x01, 0x00, 0x00, 0x00, 0x02, 0x00, 0x00, 0x00, 0xf9, 0x00, 0x02, 0x00, 0x99, // ................
	0x14, 0x00, 0x00, 0xf8, 0x00, 0x02, 0x00, 0x97, 0x14, 0x00, 0x00, 0xf9, 0x00, 0x02, 0x00, 0x99, // ................
	0x14, 0x00, 0x00, 0xf8, 0x00, 0x02, 0x00, 0x99, 0x14, 0x00, 0x00, 0xf5, 0x00, 0x23, 0x00, 0x14, // .............#..
	0x00, 0x00, 0x00, 0xaa, 0x1b, 0x00, 0x00, 0x3e, 0x14, 0x00, 0x00, 0x3c, 0x14, 0x00, 0x00, 0x9e, // .......>...<....
	0x14, 0x00, 0x00, 0x42, 0x14, 0x00, 0x00, 0x4b, 0x14, 0x00, 0x00, 0x49, 0x14, 0x00, 0x00, 0xa2, // ...B...K...I....
	0x14, 0x00, 0x00, 0x4f, 0x14, 0x00, 0x00, 0x58, 0x14, 0x00, 0x00, 0x56, 0x14, 0x00, 0x00, 0xa6, // ...O...X...V....
	0x14, 0x00, 0x00, 0x5c, 0x14, 0x00, 0x00, 0x65, 0x14, 0x00, 0x00, 0x63, 0x14, 0x00, 0x00, 0xaa, // .......e...c....
	0x14, 0x00, 0x00, 0x69, 0x14, 0x00, 0x00, 0x72, 0x14, 0x00, 0x00, 0x70, 0x14, 0x00, 0x00, 0xae, // ...i...r...p....
	0x14, 0x00, 0x00, 0x76, 0x14, 0x00, 0x00, 0x7f, 0x14, 0x00, 0x00, 0x7d, 0x14, 0x00, 0x00, 0xb2, // ...v.......}....
	0x14, 0x00, 0x00, 0x83, 0x14, 0x00, 0x00, 0x73, 0x1a, 0x00, 0x00, 0x8a, 0x14, 0x00, 0x00, 0x72, // .......s.......r
	0x1a, 0x00, 0x00, 0x8f, 0x14, 0x00, 0x00, 0x96, 0x14, 0x00, 0x00, 0x94, 0x14, 0x00, 0x00, 0x30, // ...............0
	0x02, 0x00, 0x00, 0x97, 0x14, 0x00, 0x00, 0x51, 0x00, 0x05, 0x00, 0x07, 0x00, 0x00, 0x00, 0x3a, // .......Q.......:
	0x13, 0x00, 0x00, 0x75, 0x06, 0x00, 0x00, 0x02, 0x00, 0x00, 0x00, 0xf7, 0x00, 0x03, 0x00, 0x2c, // ...u...........,
	0x15, 0x00, 0x00, 0x00, 0x00, 0x00, 0x00, 0xfb, 0x00, 0x03, 0x00, 0x06, 0x02, 0x00, 0x00, 0xcc, // ................
	0x14, 0x00, 0x00, 0xf8, 0x00, 0x02, 0x00, 0xcc, 0x14, 0x00, 0x00, 0xb8, 0x00, 0x05, 0x00, 0x8b, // ................
	0x00, 0x00, 0x00, 0xce, 0x14, 0x00, 0x00, 0x3a, 0x13, 0x00, 0x00, 0xe0, 0x00, 0x00, 0x00, 0xf7, // .......:........
	0x00, 0x03, 0x00, 0xd2, 0x14, 0x00, 0x00, 0x00, 0x00, 0x00, 0x00, 0xfa, 0x00, 0x04, 0x00, 0xce, // ................
	0x14, 0x00, 0x00, 0xcf, 0x14, 0x00, 0x00, 0xd2, 0x14, 0x00, 0x00, 0xf8, 0x00, 0x02, 0x00, 0xcf, // ................
	0x14, 0x00, 0x00, 0x4f, 0x00, 0x08, 0x00, 0x14, 0x00, 0x00, 0x00, 0xd1, 0x14, 0x00, 0x00, 0x92, // ...O............
	0x1b, 0x00, 0x00, 0x92, 0x1b, 0x00, 0x00, 0x00, 0x00, 0x00, 0x00, 0x01, 0x00, 0x00, 0x00, 0x02, // ................
	0x00, 0x00, 0x00, 0xf9, 0x00, 0x02, 0x00, 0x2c, 0x15, 0x00, 0x00, 0xf8, 0x00, 0x02, 0x00, 0xd2, // .......,........
	0x14, 0x00, 0x00, 0xb8, 0x00, 0x05, 0x00, 0x8b, 0x00, 0x00, 0x00, 0xd4, 0x14, 0x00, 0x00, 0x3a, // ...............:
	0x13, 0x00, 0x00, 0xe7, 0x00, 0x00, 0x00, 0xf7, 0x00, 0x03, 0x00, 0xd9, 0x14, 0x00, 0x00, 0x00, // ................
	0x00, 0x00, 0x00, 0xfa, 0x00, 0x04, 0x00, 0xd4, 0x14, 0x00, 0x00, 0xd5, 0x14, 0x00, 0x00, 0xd9, // ................
	0x14, 0x00, 0x00, 0xf8, 0x00, 0x02, 0x00, 0xd5, 0x14, 0x00, 0x00, 0x51, 0x00, 0x05, 0x00, 0x07, // ...........Q....
	0x00, 0x00, 0x00, 0xd7, 0x14, 0x00, 0x00, 0x92, 0x1b, 0x00, 0x00, 0x03, 0x00, 0x00, 0x00, 0x50, // ...............P
	0x00, 0x06, 0x00, 0x14, 0x00, 0x00, 0x00, 0x31, 0x15, 0x00, 0x00, 0xd7, 0x14, 0x00, 0x00, 0xd7, // .......1........
	0x14, 0x00, 0x00, 0xd7, 0x14, 0x00, 0x00, 0xf9, 0x00, 0x02, 0x00, 0x2c, 0x15, 0x00, 0x00, 0xf8, // ...........,....
	0x00, 0x02, 0x00, 0xd9, 0x14, 0x00, 0x00, 0xb8, 0x00, 0x05, 0x00, 0x8b, 0x00, 0x00, 0x00, 0xdb, // ................
	0x14, 0x00, 0x00, 0x3a, 0x13, 0x00, 0x00, 0xee, 0x00, 0x00, 0x00, 0xf7, 0x00, 0x03, 0x00, 0xdf, // ...:............
	0x14, 0x00, 0x00, 0x00, 0x00, 0x00, 0x00, 0xfa, 0x00, 0x04, 0x00, 0xdb, 0x14, 0x00, 0x00, 0xdc, // ................
	0x14, 0x00, 0x00, 0xdf, 0x14, 0x00, 0x00, 0xf8, 0x00, 0x02, 0x00, 0xdc, 0x14, 0x00, 0x00, 0x4f, // ...............O
	0x00, 0x08, 0x00, 0x14, 0x00, 0x00, 0x00, 0xde, 0x14, 0x00, 0x00, 0x97, 0x1b, 0x00, 0x00, 0x97, // ................
	0x1b, 0x00, 0x00, 0x00, 0x00, 0x00, 0x00, 0x01, 0x00, 0x00, 0x00, 0x02, 0x00, 0x00, 0x00, 0xf9, // ................
	0x00, 0x02, 0x00, 0x2c, 0x15, 0x00, 0x00, 0xf8, 0x00, 0x02, 0x00, 0xdf, 0x14, 0x00, 0x00, 0xb8, // ...,............
	0x00, 0x05, 0x00, 0x8b, 0x00, 0x00, 0x00, 0xe1, 0x14, 0x00, 0x00, 0x3a, 0x13, 0x00, 0x00, 0x28, // ...........:...(
	0x01, 0x00, 0x00, 0xf7, 0x00, 0x03, 0x00, 0xe6, 0x14, 0x00, 0x00, 0x00, 0x00, 0x00, 0x00, 0xfa, // ................
	0x00, 0x04, 0x00, 0xe1, 0x14, 0x00, 0x00, 0xe2, 0x14, 0x00, 0x00, 0xe6, 0x14, 0x00, 0x00, 0xf8, // ................
	0x00, 0x02, 0x00, 0xe2, 0x14, 0x00, 0x00, 0x51, 0x00, 0x05, 0x00, 0x07, 0x00, 0x00, 0x00, 0xe4, // .......Q........
	0x14, 0x00, 0x00, 0x97, 0x1b, 0x00, 0x00, 0x03, 0x00, 0x00, 0x00, 0x50, 0x00, 0x06, 0x00, 0x14, // ...........P....
	0x00, 0x00, 0x00, 0x35, 0x15, 0x00, 0x00, 0xe4, 0x14, 0x00, 0x00, 0xe4, 0x14, 0x00, 0x00, 0xe4, // ...5............
	0x14, 0x00, 0x00, 0xf9, 0x00, 0x02, 0x00, 0x2c, 0x15, 0x00, 0x00, 0xf8, 0x00, 0x02, 0x00, 0xe6, // .......,........
	0x14, 0x00, 0x00, 0xb8, 0x00, 0x05, 0x00, 0x8b, 0x00, 0x00, 0x00, 0xe8, 0x14, 0x00, 0x00, 0x3a, // ...............:
	0x13, 0x00, 0x00, 0x32, 0x01, 0x00, 0x00, 0xf7, 0x00, 0x03, 0x00, 0xec, 0x14, 0x00, 0x00, 0x00, // ...2............
	0x00, 0x00, 0x00, 0xfa, 0x00, 0x04, 0x00, 0xe8, 0x14, 0x00, 0x00, 0xe9, 0x14, 0x00, 0x00, 0xec, // ................
	0x14, 0x00, 0x00, 0xf8, 0x00, 0x02, 0x00, 0xe9, 0x14, 0x00, 0x00, 0x4f, 0x00, 0x08, 0x00, 0x14, // ...........O....
	0x00, 0x00, 0x00, 0xeb, 0x14, 0x00, 0x00, 0x9c, 0x1b, 0x00, 0x00, 0x9c, 0x1b, 0x00, 0x00, 0x00, // ................
	0x00, 0x00, 0x00, 0x01, 0x00, 0x00, 0x00, 0x02, 0x00, 0x00, 0x00, 0xf9, 0x00, 0x02, 0x00, 0x2c, // ...............,
	0x15, 0x00, 0x00, 0xf8, 0x00, 0x02, 0x00, 0xec, 0x14, 0x00, 0x00, 0xb8, 0x00, 0x05, 0x00, 0x8b, // ................
	0x00, 0x00, 0x00, 0xee, 0x14, 0x00, 0x00, 0x3a, 0x13, 0x00, 0x00, 0x3a, 0x01, 0x00, 0x00, 0xf7, // .......:...:....
	0x00, 0x03, 0x00, 0xf3, 0x14, 0x00, 0x00, 0x00, 0x00, 0x00, 0x00, 0xfa, 0x00, 0x04, 0x00, 0xee, // ................
	0x14, 0x00, 0x00, 0xef, 0x14, 0x00, 0x00, 0xf3, 0x14, 0x00, 0x00, 0xf8, 0x00, 0x02, 0x00, 0xef, // ................
	0x14, 0x00, 0x00, 0x51, 0x00, 0x05, 0x00, 0x07, 0x00, 0x00, 0x00, 0xf1, 0x14, 0x00, 0x00, 0x9c, // ...Q............
	0x1b, 0x00, 0x00, 0x03, 0x00, 0x00, 0x00, 0x50, 0x00, 0x06, 0x00, 0x14, 0x00, 0x00, 0x00, 0x39, // .......P.......9
	0x15, 0x00, 0x00, 0xf1, 0x14, 0x00, 0x00, 0xf1, 0x14, 0x00, 0x00, 0xf1, 0x14, 0x00, 0x00, 0xf9, // ................
	0x00, 0x02, 0x00, 0x2c, 0x15, 0x00, 0x00, 0xf8, 0x00, 0x02, 0x00, 0xf3, 0x14, 0x00, 0x00, 0xb8, // ...,............
	0x00, 0x05, 0x00, 0x8b, 0x00, 0x00, 0x00, 0xf5, 0x14, 0x00, 0x00, 0x3a, 0x13, 0x00, 0x00, 0x44, // ...........:...D
	0x01, 0x00, 0x00, 0xf7, 0x00, 0x03, 0x00, 0xf9, 0x14, 0x00, 0x00, 0x00, 0x00, 0x00, 0x00, 0xfa, // ................
	0x00, 0x04, 0x00, 0xf5, 0x14, 0x00, 0x00, 0xf6, 0x14, 0x00, 0x00, 0xf9, 0x14, 0x00, 0x00, 0xf8, // ................
	0x00, 0x02, 0x00, 0xf6, 0x14, 0x00, 0x00, 0x4f, 0x00, 0x08, 0x00, 0x14, 0x00, 0x00, 0x00, 0xf8, // .......O........
	0x14, 0x00, 0x00, 0xa1, 0x1b, 0x00, 0x00, 0xa1, 0x1b, 0x00, 0x00, 0x00, 0x00, 0x00, 0x00, 0x01, // ................
	0x00, 0x00, 0x00, 0x02, 0x00, 0x00, 0x00, 0xf9, 0x00, 0x02, 0x00, 0x2c, 0x15, 0x00, 0x00, 0xf8, // ...........,....
	0x00, 0x02, 0x00, 0xf9, 0x14, 0x00, 0x00, 0xb8, 0x00, 0x05, 0x00, 0x8b, 0x00, 0x00, 0x00, 0xfb, // ................
	0x14, 0x00, 0x00, 0x3a, 0x13, 0x00, 0x00, 0x4c, 0x01, 0x00, 0x00, 0xf7, 0x00, 0x03, 0x00, 0x00, // ...:...L........
	0x15, 0x00, 0x00, 0x00, 0x00, 0x00, 0x00, 0xfa, 0x00, 0x04, 0x00, 0xfb, 0x14, 0x00, 0x00, 0xfc, // ................
	0x14, 0x00, 0x00, 0x00, 0x15, 0x00, 0x00, 0xf8, 0x00, 0x02, 0x00, 0xfc, 0x14, 0x00, 0x00, 0x51, // ...............Q
	0x00, 0x05, 0x00, 0x07, 0x00, 0x00, 0x00, 0xfe, 0x14, 0x00, 0x00, 0xa1, 0x1b, 0x00, 0x00, 0x03, // ................
	0x00, 0x00, 0x00, 0x50, 0x00, 0x06, 0x00, 0x14, 0x00, 0x00, 0x00, 0x3d, 0x15, 0x00, 0x00, 0xfe, // ...P.......=....
	0x14, 0x00, 0x00, 0xfe, 0x14, 0x00, 0x00, 0xfe, 0x14, 0x00, 0x00, 0xf9, 0x00, 0x02, 0x00, 0x2c, // ...............,
	0x15, 0x00, 0x00, 0xf8, 0x00, 0x02, 0x00, 0x00, 0x15, 0x00, 0x00, 0xb8, 0x00, 0x05, 0x00, 0x8b, // ................
	0x00, 0x00, 0x00, 0x02, 0x15, 0x00, 0x00, 0x3a, 0x13, 0x00, 0x00, 0x56, 0x01, 0x00, 0x00, 0xf7, // .......:...V....
	0x00, 0x03, 0x00, 0x06, 0x15, 0x00, 0x00, 0x00, 0x00, 0x00, 0x00, 0xfa, 0x00, 0x04, 0x00, 0x02, // ................
	0x15, 0x00, 0x00, 0x03, 0x15, 0x00, 0x00, 0x06, 0x15, 0x00, 0x00, 0xf8, 0x00, 0x02, 0x00, 0x03, // ................
	0x15, 0x00, 0x00, 0x4f, 0x00, 0x08, 0x00, 0x14, 0x00, 0x00, 0x00, 0x05, 0x15, 0x00, 0x00, 0x90, // ...O............
	0x1b, 0x00, 0x00, 0x90, 0x1b, 0x00, 0x00, 0x00, 0x00, 0x00, 0x00, 0x01, 0x00, 0x00, 0x00, 0x02, // ................
	0x00, 0x00, 0x00, 0xf9, 0x00, 0x02, 0x00, 0x2c, 0x15, 0x00, 0x00, 0xf8, 0x00, 0x02, 0x00, 0x06, // .......,........
	0x15, 0x00, 0x00, 0xb8, 0x00, 0x05, 0x00, 0x8b, 0x00, 0x00, 0x00, 0x08, 0x15, 0x00, 0x00, 0x3a, // ...............:
	0x13, 0x00, 0x00, 0x5e, 0x01, 0x00, 0x00, 0xf7, 0x00, 0x03, 0x00, 0x0d, 0x15, 0x00, 0x00, 0x00, // ...^............
	0x00, 0x00, 0x00, 0xfa, 0x00, 0x04, 0x00, 0x08, 0x15, 0x00, 0x00, 0x09, 0x15, 0x00, 0x00, 0x0d, // ................
	0x15, 0x00, 0x00, 0xf8, 0x00, 0x02, 0x00, 0x09, 0x15, 0x00, 0x00, 0x51, 0x00, 0x05, 0x00, 0x07, // ...........Q....
	0x00, 0x00, 0x00, 0x0b, 0x15, 0x00, 0x00, 0x90, 0x1b, 0x00, 0x00, 0x03, 0x00, 0x00, 0x00, 0x50, // ...............P
	0x00, 0x06, 0x00, 0x14, 0x00, 0x00, 0x00, 0x41, 0x15, 0x00, 0x00, 0x0b, 0x15, 0x00, 0x00, 0x0b, // .......A........
	0x15, 0x00, 0x00, 0x0b, 0x15, 0x00, 0x00, 0xf9, 0x00, 0x02, 0x00, 0x2c, 0x15, 0x00, 0x00, 0xf8, // ...........,....
	0x00, 0x02, 0x00, 0x0d, 0x15, 0x00, 0x00, 0xb8, 0x00, 0x05, 0x00, 0x8b, 0x00, 0x00, 0x00, 0x0f, // ................
	0x15, 0x00, 0x00, 0x3a, 0x13, 0x00, 0x00, 0x68, 0x01, 0x00, 0x00, 0xf7, 0x00, 0x03, 0x00, 0x13, // ...:...h........
	0x15, 0x00, 0x00, 0x00, 0x00, 0x00, 0x00, 0xfa, 0x00, 0x04, 0x00, 0x0f, 0x15, 0x00, 0x00, 0x10, // ................
	0x15, 0x00, 0x00, 0x13, 0x15, 0x00, 0x00, 0xf8, 0x00, 0x02, 0x00, 0x10, 0x15, 0x00, 0x00, 0x4f, // ...............O
	0x00, 0x08, 0x00, 0x14, 0x00, 0x00, 0x00, 0x12, 0x15, 0x00, 0x00, 0x78, 0x05, 0x00, 0x00, 0x78, // ...........x...x
	0x05, 0x00, 0x00, 0x00, 0x00, 0x00, 0x00, 0x01, 0x00, 0x00, 0x00, 0x02, 0x00, 0x00, 0x00, 0xf9, // ................
	0x00, 0x02, 0x00, 0x2c, 0x15, 0x00, 0x00, 0xf8, 0x00, 0x02, 0x00, 0x13, 0x15, 0x00, 0x00, 0xb8, // ...,............
	0x00, 0x05, 0x00, 0x8b, 0x00, 0x00, 0x00, 0x15, 0x15, 0x00, 0x00, 0x3a, 0x13, 0x00, 0x00, 0x70, // ...........:...p
	0x01, 0x00, 0x00, 0xf7, 0x00, 0x03, 0x00, 0x1a, 0x15, 0x00, 0x00, 0x00, 0x00, 0x00, 0x00, 0xfa, // ................
	0x00, 0x04, 0x00, 0x15, 0x15, 0x00, 0x00, 0x16, 0x15, 0x00, 0x00, 0x1a, 0x15, 0x00, 0x00, 0xf8, // ................
	0x00, 0x02, 0x00, 0x16, 0x15, 0x00, 0x00, 0x51, 0x00, 0x05, 0x00, 0x07, 0x00, 0x00, 0x00, 0x18, // .......Q........
	0x15, 0x00, 0x00, 0x78, 0x05, 0x00, 0x00, 0x03, 0x00, 0x00, 0x00, 0x50, 0x00, 0x06, 0x00, 0x14, // ...x.......P....
	0x00, 0x00, 0x00, 0x45, 0x15, 0x00, 0x00, 0x18, 0x15, 0x00, 0x00, 0x18, 0x15, 0x00, 0x00, 0x18, // ...E............
	0x15, 0x00, 0x00, 0xf9, 0x00, 0x02, 0x00, 0x2c, 0x15, 0x00, 0x00, 0xf8, 0x00, 0x02, 0x00, 0x1a, // .......,........
	0x15, 0x00, 0x00, 0xb8, 0x00, 0x05, 0x00, 0x8b, 0x00, 0x00, 0x00, 0x1c, 0x15, 0x00, 0x00, 0x3a, // ...............:
	0x13, 0x00, 0x00, 0x7a, 0x01, 0x00, 0x00, 0xf7, 0x00, 0x03, 0x00, 0x1f, 0x15, 0x00, 0x00, 0x00, // ...z............
	0x00, 0x00, 0x00, 0xfa, 0x00, 0x04, 0x00, 0x1c, 0x15, 0x00, 0x00, 0x1d, 0x15, 0x00, 0x00, 0x1f, // ................
	0x15, 0x00, 0x00, 0xf8, 0x00, 0x02, 0x00, 0x1d, 0x15, 0x00, 0x00, 0xf9, 0x00, 0x02, 0x00, 0x2c, // ...............,
	0x15, 0x00, 0x00, 0xf8, 0x00, 0x02, 0x00, 0x1f, 0x15, 0x00, 0x00, 0xb8, 0x00, 0x05, 0x00, 0x8b, // ................
	0x00, 0x00, 0x00, 0x21, 0x15, 0x00, 0x00, 0x3a, 0x13, 0x00, 0x00, 0x82, 0x01, 0x00, 0x00, 0xf7, // ...!...:........
	0x00, 0x03, 0x00, 0x24, 0x15, 0x00, 0x00, 0x00, 0x00, 0x00, 0x00, 0xfa, 0x00, 0x04, 0x00, 0x21, // ...$...........!
	0x15, 0x00, 0x00, 0x22, 0x15, 0x00, 0x00, 0x24, 0x15, 0x00, 0x00, 0xf8, 0x00, 0x02, 0x00, 0x22, // ..."...$......."
	0x15, 0x00, 0x00, 0xf9, 0x00, 0x02, 0x00, 0x2c, 0x15, 0x00, 0x00, 0xf8, 0x00, 0x02, 0x00, 0x24, // .......,.......$
	0x15, 0x00, 0x00, 0xb8, 0x00, 0x05, 0x00, 0x8b, 0x00, 0x00, 0x00, 0x26, 0x15, 0x00, 0x00, 0x3a, // ...........&...:
	0x13, 0x00, 0x00, 0x8b, 0x01, 0x00, 0x00, 0xf7, 0x00, 0x03, 0x00, 0x2a, 0x15, 0x00, 0x00, 0x00, // ...........*....
	0x00, 0x00, 0x00, 0xfa, 0x00, 0x04, 0x00, 0x26, 0x15, 0x00, 0x00, 0x27, 0x15, 0x00, 0x00, 0x2a, // .......&...'...*
	0x15, 0x00, 0x00, 0xf8, 0x00, 0x02, 0x00, 0x27, 0x15, 0x00, 0x00, 0x4f, 0x00, 0x08, 0x00, 0x14, // .......'...O....
	0x00, 0x00, 0x00, 0x29, 0x15, 0x00, 0x00, 0x7f, 0x06, 0x00, 0x00, 0x7f, 0x06, 0x00, 0x00, 0x00, // ...)............
	0x00, 0x00, 0x00, 0x01, 0x00, 0x00, 0x00, 0x02, 0x00, 0x00, 0x00, 0xf9, 0x00, 0x02, 0x00, 0x2c, // ...............,
	0x15, 0x00, 0x00, 0xf8, 0x00, 0x02, 0x00, 0x2a, 0x15, 0x00, 0x00, 0xf9, 0x00, 0x02, 0x00, 0x2c, // .......*.......,
	0x15, 0x00, 0x00, 0xf8, 0x00, 0x02, 0x00, 0x2c, 0x15, 0x00, 0x00, 0xf5, 0x00, 0x23, 0x00, 0x14, // .......,.....#..
	0x00, 0x00, 0x00, 0xaf, 0x1b, 0x00, 0x00, 0xd1, 0x14, 0x00, 0x00, 0xcf, 0x14, 0x00, 0x00, 0x31, // ...............1
	0x15, 0x00, 0x00, 0xd5, 0x14, 0x00, 0x00, 0xde, 0x14, 0x00, 0x00, 0xdc, 0x14, 0x00, 0x00, 0x35, // ...............5
	0x15, 0x00, 0x00, 0xe2, 0x14, 0x00, 0x00, 0xeb, 0x14, 0x00, 0x00, 0xe9, 0x14, 0x00, 0x00, 0x39, // ...............9
	0x15, 0x00, 0x00, 0xef, 0x14, 0x00, 0x00, 0xf8, 0x14, 0x00, 0x00, 0xf6, 0x14, 0x00, 0x00, 0x3d, // ...............=
	0x15, 0x00, 0x00, 0xfc, 0x14, 0x00, 0x00, 0x05, 0x15, 0x00, 0x00, 0x03, 0x15, 0x00, 0x00, 0x41, // ...............A
	0x15, 0x00, 0x00, 0x09, 0x15, 0x00, 0x00, 0x12, 0x15, 0x00, 0x00, 0x10, 0x15, 0x00, 0x00, 0x45, // ...............E
	0x15, 0x00, 0x00, 0x16, 0x15, 0x00, 0x00, 0x73, 0x1a, 0x00, 0x00, 0x1d, 0x15, 0x00, 0x00, 0x72, // .......s.......r
	0x1a, 0x00, 0x00, 0x22, 0x15, 0x00, 0x00, 0x29, 0x15, 0x00, 0x00, 0x27, 0x15, 0x00, 0x00, 0x30, // ..."...)...'...0
	0x02, 0x00, 0x00, 0x2a, 0x15, 0x00, 0x00, 0x51, 0x00, 0x05, 0x00, 0x07, 0x00, 0x00, 0x00, 0x44, // ...*...Q.......D
	0x13, 0x00, 0x00, 0x75, 0x06, 0x00, 0x00, 0x03, 0x00, 0x00, 0x00, 0xf7, 0x00, 0x03, 0x00, 0xbf, // ...u............
	0x15, 0x00, 0x00, 0x00, 0x00, 0x00, 0x00, 0xfb, 0x00, 0x03, 0x00, 0x06, 0x02, 0x00, 0x00, 0x5f, // ..............._
	0x15, 0x00, 0x00, 0xf8, 0x00, 0x02, 0x00, 0x5f, 0x15, 0x00, 0x00, 0xb8, 0x00, 0x05, 0x00, 0x8b, // ......._........
	0x00, 0x00, 0x00, 0x61, 0x15, 0x00, 0x00, 0x44, 0x13, 0x00, 0x00, 0xe0, 0x00, 0x00, 0x00, 0xf7, // ...a...D........
	0x00, 0x03, 0x00, 0x65, 0x15, 0x00, 0x00, 0x00, 0x00, 0x00, 0x00, 0xfa, 0x00, 0x04, 0x00, 0x61, // ...e...........a
	0x15, 0x00, 0x00, 0x62, 0x15, 0x00, 0x00, 0x65, 0x15, 0x00, 0x00, 0xf8, 0x00, 0x02, 0x00, 0x62, // ...b...e.......b
	0x15, 0x00, 0x00, 0x4f, 0x00, 0x08, 0x00, 0x14, 0x00, 0x00, 0x00, 0x64, 0x15, 0x00, 0x00, 0x92, // ...O.......d....
	0x1b, 0x00, 0x00, 0x92, 0x1b, 0x00, 0x00, 0x00, 0x00, 0x00, 0x00, 0x01, 0x00, 0x00, 0x00, 0x02, // ................
	0x00, 0x00, 0x00, 0xf9, 0x00, 0x02, 0x00, 0xbf, 0x15, 0x00, 0x00, 0xf8, 0x00, 0x02, 0x00, 0x65, // ...............e
	0x15, 0x00, 0x00, 0xb8, 0x00, 0x05, 0x00, 0x8b, 0x00, 0x00, 0x00, 0x67, 0x15, 0x00, 0x00, 0x44, // ...........g...D
	0x13, 0x00, 0x00, 0xe7, 0x00, 0x00, 0x00, 0xf7, 0x00, 0x03, 0x00, 0x6c, 0x15, 0x00, 0x00, 0x00, // ...........l....
	0x00, 0x00, 0x00, 0xfa, 0x00, 0x04, 0x00, 0x67, 0x15, 0x00, 0x00, 0x68, 0x15, 0x00, 0x00, 0x6c, // .......g...h...l
	0x15, 0x00, 0x00, 0xf8, 0x00, 0x02, 0x00, 0x68, 0x15, 0x00, 0x00, 0x51, 0x00, 0x05, 0x00, 0x07, // .......h...Q....
	0x00, 0x00, 0x00, 0x6a, 0x15, 0x00, 0x00, 0x92, 0x1b, 0x00, 0x00, 0x03, 0x00, 0x00, 0x00, 0x50, // ...j...........P
	0x00, 0x06, 0x00, 0x14, 0x00, 0x00, 0x00, 0xc4, 0x15, 0x00, 0x00, 0x6a, 0x15, 0x00, 0x00, 0x6a, // ...........j...j
	0x15, 0x00, 0x00, 0x6a, 0x15, 0x00, 0x00, 0xf9, 0x00, 0x02, 0x00, 0xbf, 0x15, 0x00, 0x00, 0xf8, // ...j............
	0x00, 0x02, 0x00, 0x6c, 0x15, 0x00, 0x00, 0xb8, 0x00, 0x05, 0x00, 0x8b, 0x00, 0x00, 0x00, 0x6e, // ...l...........n
	0x15, 0x00, 0x00, 0x44, 0x13, 0x00, 0x00, 0xee, 0x00, 0x00, 0x00, 0xf7, 0x00, 0x03, 0x00, 0x72, // ...D...........r
	0x15, 0x00, 0x00, 0x00, 0x00, 0x00, 0x00, 0xfa, 0x00, 0x04, 0x00, 0x6e, 0x15, 0x00, 0x00, 0x6f, // ...........n...o
	0x15, 0x00, 0x00, 0x72, 0x15, 0x00, 0x00, 0xf8, 0x00, 0x02, 0x00, 0x6f, 0x15, 0x00, 0x00, 0x4f, // ...r.......o...O
	0x00, 0x08, 0x00, 0x14, 0x00, 0x00, 0x00, 0x71, 0x15, 0x00, 0x00, 0x97, 0x1b, 0x00, 0x00, 0x97, // .......q........
	0x1b, 0x00, 0x00, 0x00, 0x00, 0x00, 0x00, 0x01, 0x00, 0x00, 0x00, 0x02, 0x00, 0x00, 0x00, 0xf9, // ................
	0x00, 0x02, 0x00, 0xbf, 0x15, 0x00, 0x00, 0xf8, 0x00, 0x02, 0x00, 0x72, 0x15, 0x00, 0x00, 0xb8, // ...........r....
	0x00, 0x05, 0x00, 0x8b, 0x00, 0x00, 0x00, 0x74, 0x15, 0x00, 0x00, 0x44, 0x13, 0x00, 0x00, 0x28, // .......t...D...(
	0x01, 0x00, 0x00, 0xf7, 0x00, 0x03, 0x00, 0x79, 0x15, 0x00, 0x00, 0x00, 0x00, 0x00, 0x00, 0xfa, // .......y........
	0x00, 0x04, 0x00, 0x74, 0x15, 0x00, 0x00, 0x75, 0x15, 0x00, 0x00, 0x79, 0x15, 0x00, 0x00, 0xf8, // ...t...u...y....
	0x00, 0x02, 0x00, 0x75, 0x15, 0x00, 0x00, 0x51, 0x00, 0x05, 0x00, 0x07, 0x00, 0x00, 0x00, 0x77, // ...u...Q.......w
	0x15, 0x00, 0x00, 0x97, 0x1b, 0x00, 0x00, 0x03, 0x00, 0x00, 0x00, 0x50, 0x00, 0x06, 0x00, 0x14, // ...........P....
	0x00, 0x00, 0x00, 0xc8, 0x15, 0x00, 0x00, 0x77, 0x15, 0x00, 0x00, 0x77, 0x15, 0x00, 0x00, 0x77, // .......w...w...w
	0x15, 0x00, 0x00, 0xf9, 0x00, 0x02, 0x00, 0xbf, 0x15, 0x00, 0x00, 0xf8, 0x00, 0x02, 0x00, 0x79, // ...............y
	0x15, 0x00, 0x00, 0xb8, 0x00, 0x05, 0x00, 0x8b, 0x00, 0x00, 0x00, 0x7b, 0x15, 0x00, 0x00, 0x44, // ...........{...D
	0x13, 0x00, 0x00, 0x32, 0x01, 0x00, 0x00, 0xf7, 0x00, 0x03, 0x00, 0x7f, 0x15, 0x00, 0x00, 0x00, // ...2............
	0x00, 0x00, 0x00, 0xfa, 0x00, 0x04, 0x00, 0x7b, 0x15, 0x00, 0x00, 0x7c, 0x15, 0x00, 0x00, 0x7f, // .......{...|....
	0x15, 0x00, 0x00, 0xf8, 0x00, 0x02, 0x00, 0x7c, 0x15, 0x00, 0x00, 0x4f, 0x00, 0x08, 0x00, 0x14, // .......|...O....
	0x00, 0x00, 0x00, 0x7e, 0x15, 0x00, 0x00, 0x9c, 0x1b, 0x00, 0x00, 0x9c, 0x1b, 0x00, 0x00, 0x00, // ...~............
	0x00, 0x00, 0x00, 0x01, 0x00, 0x00, 0x00, 0x02, 0x00, 0x00, 0x00, 0xf9, 0x00, 0x02, 0x00, 0xbf, // ................
	0x15, 0x00, 0x00, 0xf8, 0x00, 0x02, 0x00, 0x7f, 0x15, 0x00, 0x00, 0xb8, 0x00, 0x05, 0x00, 0x8b, // ................
	0x00, 0x00, 0x00, 0x81, 0x15, 0x00, 0x00, 0x44, 0x13, 0x00, 0x00, 0x3a, 0x01, 0x00, 0x00, 0xf7, // .......D...:....
	0x00, 0x03, 0x00, 0x86, 0x15, 0x00, 0x00, 0x00, 0x00, 0x00, 0x00, 0xfa, 0x00, 0x04, 0x00, 0x81, // ................
	0x15, 0x00, 0x00, 0x82, 0x15, 0x00, 0x00, 0x86, 0x15, 0x00, 0x00, 0xf8, 0x00, 0x02, 0x00, 0x82, // ................
	0x15, 0x00, 0x00, 0x51, 0x00, 0x05, 0x00, 0x07, 0x00, 0x00, 0x00, 0x84, 0x15, 0x00, 0x00, 0x9c, // ...Q............
	0x1b, 0x00, 0x00, 0x03, 0x00, 0x00, 0x00, 0x50, 0x00, 0x06, 0x00, 0x14, 0x00, 0x00, 0x00, 0xcc, // .......P........
	0x15, 0x00, 0x00, 0x84, 0x15, 0x00, 0x00, 0x84, 0x15, 0x00, 0x00, 0x84, 0x15, 0x00, 0x00, 0xf9, // ................
	0x00, 0x02, 0x00, 0xbf, 0x15, 0x00, 0x00, 0xf8, 0x00, 0x02, 0x00, 0x86, 0x15, 0x00, 0x00, 0xb8, // ................
	0x00, 0x05, 0x00, 0x8b, 0x00, 0x00, 0x00, 0x88, 0x15, 0x00, 0x00, 0x44, 0x13, 0x00, 0x00, 0x44, // ...........D...D
	0x01, 0x00, 0x00, 0xf7, 0x00, 0x03, 0x00, 0x8c, 0x15, 0x00, 0x00, 0x00, 0x00, 0x00, 0x00, 0xfa, // ................
	0x00, 0x04, 0x00, 0x88, 0x15, 0x00, 0x00, 0x89, 0x15, 0x00, 0x00, 0x8c, 0x15, 0x00, 0x00, 0xf8, // ................
	0x00, 0x02, 0x00, 0x89, 0x15, 0x00, 0x00, 0x4f, 0x00, 0x08, 0x00, 0x14, 0x00, 0x00, 0x00, 0x8b, // .......O........
	0x15, 0x00, 0x00, 0xa1, 0x1b, 0x00, 0x00, 0xa1, 0x1b, 0x00, 0x00, 0x00, 0x00, 0x00, 0x00, 0x01, // ................
	0x00, 0x00, 0x00, 0x02, 0x00, 0x00, 0x00, 0xf9, 0x00, 0x02, 0x00, 0xbf, 0x15, 0x00, 0x00, 0xf8, // ................
	0x00, 0x02, 0x00, 0x8c, 0x15, 0x00, 0x00, 0xb8, 0x00, 0x05, 0x00, 0x8b, 0x00, 0x00, 0x00, 0x8e, // ................
	0x15, 0x00, 0x00, 0x44, 0x13, 0x00, 0x00, 0x4c, 0x01, 0x00, 0x00, 0xf7, 0x00, 0x03, 0x00, 0x93, // ...D...L........
	0x15, 0x00, 0x00, 0x00, 0x00, 0x00, 0x00, 0xfa, 0x00, 0x04, 0x00, 0x8e, 0x15, 0x00, 0x00, 0x8f, // ................
	0x15, 0x00, 0x00, 0x93, 0x15, 0x00, 0x00, 0xf8, 0x00, 0x02, 0x00, 0x8f, 0x15, 0x00, 0x00, 0x51, // ...............Q
	0x00, 0x05, 0x00, 0x07, 0x00, 0x00, 0x00, 0x91, 0x15, 0x00, 0x00, 0xa1, 0x1b, 0x00, 0x00, 0x03, // ................
	0x00, 0x00, 0x00, 0x50, 0x00, 0x06, 0x00, 0x14, 0x00, 0x00, 0x00, 0xd0, 0x15, 0x00, 0x00, 0x91, // ...P............
	0x15, 0x00, 0x00, 0x91, 0x15, 0x00, 0x00, 0x91, 0x15, 0x00, 0x00, 0xf9, 0x00, 0x02, 0x00, 0xbf, // ................
	0x15, 0x00, 0x00, 0xf8, 0x00, 0x02, 0x00, 0x93, 0x15, 0x00, 0x00, 0xb8, 0x00, 0x05, 0x00, 0x8b, // ................
	0x00, 0x00, 0x00, 0x95, 0x15, 0x00, 0x00, 0x44, 0x13, 0x00, 0x00, 0x56, 0x01, 0x00, 0x00, 0xf7, // .......D...V....
	0x00, 0x03, 0x00, 0x99, 0x15, 0x00, 0x00, 0x00, 0x00, 0x00, 0x00, 0xfa, 0x00, 0x04, 0x00, 0x95, // ................
	0x15, 0x00, 0x00, 0x96, 0x15, 0x00, 0x00, 0x99, 0x15, 0x00, 0x00, 0xf8, 0x00, 0x02, 0x00, 0x96, // ................
	0x15, 0x00, 0x00, 0x4f, 0x00, 0x08, 0x00, 0x14, 0x00, 0x00, 0x00, 0x98, 0x15, 0x00, 0x00, 0x90, // ...O............
	0x1b, 0x00, 0x00, 0x90, 0x1b, 0x00, 0x00, 0x00, 0x00, 0x00, 0x00, 0x01, 0x00, 0x00, 0x00, 0x02, // ................
	0x00, 0x00, 0x00, 0xf9, 0x00, 0x02, 0x00, 0xbf, 0x15, 0x00, 0x00, 0xf8, 0x00, 0x02, 0x00, 0x99, // ................
	0x15, 0x00, 0x00, 0xb8, 0x00, 0x05, 0x00, 0x8b, 0x00, 0x00, 0x00, 0x9b, 0x15, 0x00, 0x00, 0x44, // ...............D
	0x13, 0x00, 0x00, 0x5e, 0x01, 0x00, 0x00, 0xf7, 0x00, 0x03, 0x00, 0xa0, 0x15, 0x00, 0x00, 0x00, // ...^............
	0x00, 0x00, 0x00, 0xfa, 0x00, 0x04, 0x00, 0x9b, 0x15, 0x00, 0x00, 0x9c, 0x15, 0x00, 0x00, 0xa0, // ................
	0x15, 0x00, 0x00, 0xf8, 0x00, 0x02, 0x00, 0x9c, 0x15, 0x00, 0x00, 0x51, 0x00, 0x05, 0x00, 0x07, // ...........Q....
	0x00, 0x00, 0x00, 0x9e, 0x15, 0x00, 0x00, 0x90, 0x1b, 0x00, 0x00, 0x03, 0x00, 0x00, 0x00, 0x50, // ...............P
	0x00, 0x06, 0x00, 0x14, 0x00, 0x00, 0x00, 0xd4, 0x15, 0x00, 0x00, 0x9e, 0x15, 0x00, 0x00, 0x9e, // ................
	0x15, 0x00, 0x00, 0x9e, 0x15, 0x00, 0x00, 0xf9, 0x00, 0x02, 0x00, 0xbf, 0x15, 0x00, 0x00, 0xf8, // ................
	0x00, 0x02, 0x00, 0xa0, 0x15, 0x00, 0x00, 0xb8, 0x00, 0x05, 0x00, 0x8b, 0x00, 0x00, 0x00, 0xa2, // ................
	0x15, 0x00, 0x00, 0x44, 0x13, 0x00, 0x00, 0x68, 0x01, 0x00, 0x00, 0xf7, 0x00, 0x03, 0x00, 0xa6, // ...D...h........
	0x15, 0x00, 0x00, 0x00, 0x00, 0x00, 0x00, 0xfa, 0x00, 0x04, 0x00, 0xa2, 0x15, 0x00, 0x00, 0xa3, // ................
	0x15, 0x00, 0x00, 0xa6, 0x15, 0x00, 0x00, 0xf8, 0x00, 0x02, 0x00, 0xa3, 0x15, 0x00, 0x00, 0x4f, // ...............O
	0x00, 0x08, 0x00, 0x14, 0x00, 0x00, 0x00, 0xa5, 0x15, 0x00, 0x00, 0x78, 0x05, 0x00, 0x00, 0x78, // ...........x...x
	0x05, 0x00, 0x00, 0x00, 0x00, 0x00, 0x00, 0x01, 0x00, 0x00, 0x00, 0x02, 0x00, 0x00, 0x00, 0xf9, // ................
	0x00, 0x02, 0x00, 0xbf, 0x15, 0x00, 0x00, 0xf8, 0x00, 0x02, 0x00, 0xa6, 0x15, 0x00, 0x00, 0xb8, // ................
	0x00, 0x05, 0x00, 0x8b, 0x00, 0x00, 0x00, 0xa8, 0x15, 0x00, 0x00, 0x44, 0x13, 0x00, 0x00, 0x70, // ...........D...p
	0x01, 0x00, 0x00, 0xf7, 0x00, 0x03, 0x00, 0xad, 0x15, 0x00, 0x00, 0x00, 0x00, 0x00, 0x00, 0xfa, // ................
	0x00, 0x04, 0x00, 0xa8, 0x15, 0x00, 0x00, 0xa9, 0x15, 0x00, 0x00, 0xad, 0x15, 0x00, 0x00, 0xf8, // ................
	0x00, 0x02, 0x00, 0xa9, 0x15, 0x00, 0x00, 0x51, 0x00, 0x05, 0x00, 0x07, 0x00, 0x00, 0x00, 0xab, // .......Q........
	0x15, 0x00, 0x00, 0x78, 0x05, 0x00, 0x00, 0x03, 0x00, 0x00, 0x00, 0x50, 0x00, 0x06, 0x00, 0x14, // ...x.......P....
	0x00, 0x00, 0x00, 0xd8, 0x15, 0x00, 0x00, 0xab, 0x15, 0x00, 0x00, 0xab, 0x15, 0x00, 0x00, 0xab, // ................
	0x15, 0x00, 0x00, 0xf9, 0x00, 0x02, 0x00, 0xbf, 0x15, 0x00, 0x00, 0xf8, 0x00, 0x02, 0x00, 0xad, // ................
	0x15, 0x00, 0x00, 0xb8, 0x00, 0x05, 0x00, 0x8b, 0x00, 0x00, 0x00, 0xaf, 0x15, 0x00, 0x00, 0x44, // ...............D
	0x13, 0x00, 0x00, 0x7a, 0x01, 0x00, 0x00, 0xf7, 0x00, 0x03, 0x00, 0xb2, 0x15, 0x00, 0x00, 0x00, // ...z............
	0x00, 0x00, 0x00, 0xfa, 0x00, 0x04, 0x00, 0xaf, 0x15, 0x00, 0x00, 0xb0, 0x15, 0x00, 0x00, 0xb2, // ................
	0x15, 0x00, 0x00, 0xf8, 0x00, 0x02, 0x00, 0xb0, 0x15, 0x00, 0x00, 0xf9, 0x00, 0x02, 0x00, 0xbf, // ................
	0x15, 0x00, 0x00, 0xf8, 0x00, 0x02, 0x00, 0xb2, 0x15, 0x00, 0x00, 0xb8, 0x00, 0x05, 0x00, 0x8b, // ................
	0x00, 0x00, 0x00, 0xb4, 0x15, 0x00, 0x00, 0x44, 0x13, 0x00, 0x00, 0x82, 0x01, 0x00, 0x00, 0xf7, // .......D........
	0x00, 0x03, 0x00, 0xb7, 0x15, 0x00, 0x00, 0x00, 0x00, 0x00, 0x00, 0xfa, 0x00, 0x04, 0x00, 0xb4, // ................
	0x15, 0x00, 0x00, 0xb5, 0x15, 0x00, 0x00, 0xb7, 0x15, 0x00, 0x00, 0xf8, 0x00, 0x02, 0x00, 0xb5, // ................
	0x15, 0x00, 0x00, 0xf9, 0x00, 0x02, 0x00, 0xbf, 0x15, 0x00, 0x00, 0xf8, 0x00, 0x02, 0x00, 0xb7, // ................
	0x15, 0x00, 0x00, 0xb8, 0x00, 0x05, 0x00, 0x8b, 0x00, 0x00, 0x00, 0xb9, 0x15, 0x00, 0x00, 0x44, // ...............D
	0x13, 0x00, 0x00, 0x8b, 0x01, 0x00, 0x00, 0xf7, 0x00, 0x03, 0x00, 0xbd, 0x15, 0x00, 0x00, 0x00, // ................
	0x00, 0x00, 0x00, 0xfa, 0x00, 0x04, 0x00, 0xb9, 0x15, 0x00, 0x00, 0xba, 0x15, 0x00, 0x00, 0xbd, // ................
	0x15, 0x00, 0x00, 0xf8, 0x00, 0x02, 0x00, 0xba, 0x15, 0x00, 0x00, 0x4f, 0x00, 0x08, 0x00, 0x14, // ...........O....
	0x00, 0x00, 0x00, 0xbc, 0x15, 0x00, 0x00, 0x7f, 0x06, 0x00, 0x00, 0x7f, 0x06, 0x00, 0x00, 0x00, // ................
	0x00, 0x00, 0x00, 0x01, 0x00, 0x00, 0x00, 0x02, 0x00, 0x00, 0x00, 0xf9, 0x00, 0x02, 0x00, 0xbf, // ................
	0x15, 0x00, 0x00, 0xf8, 0x00, 0x02, 0x00, 0xbd, 0x15, 0x00, 0x00, 0xf9, 0x00, 0x02, 0x00, 0xbf, // ................
	0x15, 0x00, 0x00, 0xf8, 0x00, 0x02, 0x00, 0xbf, 0x15, 0x00, 0x00, 0xf5, 0x00, 0x23, 0x00, 0x14, // .............#..
	0x00, 0x00, 0x00, 0xb4, 0x1b, 0x00, 0x00, 0x64, 0x15, 0x00, 0x00, 0x62, 0x15, 0x00, 0x00, 0xc4, // .......d...b....
	0x15, 0x00, 0x00, 0x68, 0x15, 0x00, 0x00, 0x71, 0x15, 0x00, 0x00, 0x6f, 0x15, 0x00, 0x00, 0xc8, // ...h...q...o....
	0x15, 0x00, 0x00, 0x75, 0x15, 0x00, 0x00, 0x7e, 0x15, 0x00, 0x00, 0x7c, 0x15, 0x00, 0x00, 0xcc, // ...u...~...|....
	0x15, 0x00, 0x00, 0x82, 0x15, 0x00, 0x00, 0x8b, 0x15, 0x00, 0x00, 0x89, 0x15, 0x00, 0x00, 0xd0, // ................
	0x15, 0x00, 0x00, 0x8f, 0x15, 0x00, 0x00, 0x98, 0x15, 0x00, 0x00, 0x96, 0x15, 0x00, 0x00, 0xd4, // ................
	0x15, 0x00, 0x00, 0x9c, 0x15, 0x00, 0x00, 0xa5, 0x15, 0x00, 0x00, 0xa3, 0x15, 0x00, 0x00, 0xd8, // ................
	0x15, 0x00, 0x00, 0xa9, 0x15, 0x00, 0x00, 0x73, 0x1a, 0x00, 0x00, 0xb0, 0x15, 0x00, 0x00, 0x72, // .......s.......r
	0x1a, 0x00, 0x00, 0xb5, 0x15, 0x00, 0x00, 0xbc, 0x15, 0x00, 0x00, 0xba, 0x15, 0x00, 0x00, 0x30, // ...............0
	0x02, 0x00, 0x00, 0xbd, 0x15, 0x00, 0x00, 0x51, 0x00, 0x05, 0x00, 0x07, 0x00, 0x00, 0x00, 0xf4, // .......Q........
	0x15, 0x00, 0x00, 0x79, 0x06, 0x00, 0x00, 0x02, 0x00, 0x00, 0x00, 0xf7, 0x00, 0x03, 0x00, 0x61, // ...y...........a
	0x16, 0x00, 0x00, 0x00, 0x00, 0x00, 0x00, 0xfb, 0x00, 0x03, 0x00, 0x06, 0x02, 0x00, 0x00, 0x54, // ...............T
	0x16, 0x00, 0x00, 0xf8, 0x00, 0x02, 0x00, 0x54, 0x16, 0x00, 0x00, 0xb8, 0x00, 0x05, 0x00, 0x8b, // .......T........
	0x00, 0x00, 0x00, 0x56, 0x16, 0x00, 0x00, 0xf4, 0x15, 0x00, 0x00, 0xe0, 0x00, 0x00, 0x00, 0xf7, // ...V............
	0x00, 0x03, 0x00, 0x58, 0x16, 0x00, 0x00, 0x00, 0x00, 0x00, 0x00, 0xfa, 0x00, 0x04, 0x00, 0x56, // ...X...........V
	0x16, 0x00, 0x00, 0x57, 0x16, 0x00, 0x00, 0x58, 0x16, 0x00, 0x00, 0xf8, 0x00, 0x02, 0x00, 0x57, // ...W...X.......W
	0x16, 0x00, 0x00, 0xf9, 0x00, 0x02, 0x00, 0x61, 0x16, 0x00, 0x00, 0xf8, 0x00, 0x02, 0x00, 0x58, // .......a.......X
	0x16, 0x00, 0x00, 0xb8, 0x00, 0x05, 0x00, 0x8b, 0x00, 0x00, 0x00, 0x5a, 0x16, 0x00, 0x00, 0xf4, // ...........Z....
	0x15, 0x00, 0x00, 0xe7, 0x00, 0x00, 0x00, 0xf7, 0x00, 0x03, 0x00, 0x5c, 0x16, 0x00, 0x00, 0x00, // ................
	0x00, 0x00, 0x00, 0xfa, 0x00, 0x04, 0x00, 0x5a, 0x16, 0x00, 0x00, 0x5b, 0x16, 0x00, 0x00, 0x5c, // .......Z...[....
	0x16, 0x00, 0x00, 0xf8, 0x00, 0x02, 0x00, 0x5b, 0x16, 0x00, 0x00, 0xf9, 0x00, 0x02, 0x00, 0x61, // .......[.......a
	0x16, 0x00, 0x00, 0xf8, 0x00, 0x02, 0x00, 0x5c, 0x16, 0x00, 0x00, 0xb8, 0x00, 0x05, 0x00, 0x8b, // ................
	0x00, 0x00, 0x00, 0x5e, 0x16, 0x00, 0x00, 0xf4, 0x15, 0x00, 0x00, 0xee, 0x00, 0x00, 0x00, 0xf7, // ...^............
	0x00, 0x03, 0x00, 0x60, 0x16, 0x00, 0x00, 0x00, 0x00, 0x00, 0x00, 0xfa, 0x00, 0x04, 0x00, 0x5e, // ...`...........^
	0x16, 0x00, 0x00, 0x5f, 0x16, 0x00, 0x00, 0x60, 0x16, 0x00, 0x00, 0xf8, 0x00, 0x02, 0x00, 0x5f, // ..._...`......._
	0x16, 0x00, 0x00, 0xf9, 0x00, 0x02, 0x00, 0x61, 0x16, 0x00, 0x00, 0xf8, 0x00, 0x02, 0x00, 0x60, // .......a.......`
	0x16, 0x00, 0x00, 0xf9, 0x00, 0x02, 0x00, 0x61, 0x16, 0x00, 0x00, 0xf8, 0x00, 0x02, 0x00, 0x61, // .......a.......a
	0x16, 0x00, 0x00, 0xf5, 0x00, 0x0b, 0x00, 0x07, 0x00, 0x00, 0x00, 0xb5, 0x1b, 0x00, 0x00, 0xfa, // ................
	0x00, 0x00, 0x00, 0x57, 0x16, 0x00, 0x00, 0x00, 0x01, 0x00, 0x00, 0x5b, 0x16, 0x00, 0x00, 0x06, // ...W.......[....
	0x01, 0x00, 0x00, 0x5f, 0x16, 0x00, 0x00, 0xfa, 0x00, 0x00, 0x00, 0x60, 0x16, 0x00, 0x00, 0xba, // ..._.......`....
	0x00, 0x05, 0x00, 0x8b, 0x00, 0x00, 0x00, 0x66, 0x16, 0x00, 0x00, 0xf4, 0x15, 0x00, 0x00, 0xee, // .......f........
	0x00, 0x00, 0x00, 0xa9, 0x00, 0x06, 0x00, 0x07, 0x00, 0x00, 0x00, 0x67, 0x16, 0x00, 0x00, 0x66, // ...........g...f
	0x16, 0x00, 0x00, 0x00, 0x01, 0x00, 0x00, 0xfa, 0x00, 0x00, 0x00, 0x8e, 0x00, 0x05, 0x00, 0x14, // ................
	0x00, 0x00, 0x00, 0xfa, 0x15, 0x00, 0x00, 0xa5, 0x1b, 0x00, 0x00, 0xd5, 0x01, 0x00, 0x00, 0x81, // ................
	0x00, 0x05, 0x00, 0x14, 0x00, 0x00, 0x00, 0xfc, 0x15, 0x00, 0x00, 0xfa, 0x15, 0x00, 0x00, 0x74, // ...............t
	0x1a, 0x00, 0x00, 0x0c, 0x00, 0x06, 0x00, 0x14, 0x00, 0x00, 0x00, 0xfd, 0x15, 0x00, 0x00, 0x01, // ................
	0x00, 0x00, 0x00, 0x08, 0x00, 0x00, 0x00, 0xfc, 0x15, 0x00, 0x00, 0x8e, 0x00, 0x05, 0x00, 0x14, // ................
	0x00, 0x00, 0x00, 0xff, 0x15, 0x00, 0x00, 0xaa, 0x1b, 0x00, 0x00, 0xd5, 0x01, 0x00, 0x00, 0x81, // ................
	0x00, 0x05, 0x00, 0x14, 0x00, 0x00, 0x00, 0x01, 0x16, 0x00, 0x00, 0xff, 0x15, 0x00, 0x00, 0x74, // ...............t
	0x1a, 0x00, 0x00, 0x0c, 0x00, 0x06, 0x00, 0x14, 0x00, 0x00, 0x00, 0x02, 0x16, 0x00, 0x00, 0x01, // ................
	0x00, 0x00, 0x00, 0x08, 0x00, 0x00, 0x00, 0x01, 0x16, 0x00, 0x00, 0x8e, 0x00, 0x05, 0x00, 0x14, // ................
	0x00, 0x00, 0x00, 0x04, 0x16, 0x00, 0x00, 0xaf, 0x1b, 0x00, 0x00, 0xd5, 0x01, 0x00, 0x00, 0x81, // ................
	0x00, 0x05, 0x00, 0x14, 0x00, 0x00, 0x00, 0x06, 0x16, 0x00, 0x00, 0x04, 0x16, 0x00, 0x00, 0x74, // ...............t
	0x1a, 0x00, 0x00, 0x0c, 0x00, 0x06, 0x00, 0x14, 0x00, 0x00, 0x00, 0x07, 0x16, 0x00, 0x00, 0x01, // ................
	0x00, 0x00, 0x00, 0x08, 0x00, 0x00, 0x00, 0x06, 0x16, 0x00, 0x00, 0x8e, 0x00, 0x05, 0x00, 0x14, // ................
	0x00, 0x00, 0x00, 0x09, 0x16, 0x00, 0x00, 0xb4, 0x1b, 0x00, 0x00, 0xd5, 0x01, 0x00, 0x00, 0x81, // ................
	0x00, 0x05, 0x00, 0x14, 0x00, 0x00, 0x00, 0x0b, 0x16, 0x00, 0x00, 0x09, 0x16, 0x00, 0x00, 0x74, // ...............t
	0x1a, 0x00, 0x00, 0x0c, 0x00, 0x06, 0x00, 0x14, 0x00, 0x00, 0x00, 0x0c, 0x16, 0x00, 0x00, 0x01, // ................
	0x00, 0x00, 0x00, 0x08, 0x00, 0x00, 0x00, 0x0b, 0x16, 0x00, 0x00, 0x85, 0x00, 0x05, 0x00, 0x14, // ................
	0x00, 0x00, 0x00, 0x10, 0x16, 0x00, 0x00, 0x07, 0x16, 0x00, 0x00, 0x77, 0x1a, 0x00, 0x00, 0x0c, // ...........w....
	0x00, 0x06, 0x00, 0x14, 0x00, 0x00, 0x00, 0x11, 0x16, 0x00, 0x00, 0x01, 0x00, 0x00, 0x00, 0x08, // ................
	0x00, 0x00, 0x00, 0x10, 0x16, 0x00, 0x00, 0x81, 0x00, 0x05, 0x00, 0x14, 0x00, 0x00, 0x00, 0x12, // ................
	0x16, 0x00, 0x00, 0x07, 0x16, 0x00, 0x00, 0x11, 0x16, 0x00, 0x00, 0x83, 0x00, 0x05, 0x00, 0x14, // ................
	0x00, 0x00, 0x00, 0x16, 0x16, 0x00, 0x00, 0x78, 0x1a, 0x00, 0x00, 0x12, 0x16, 0x00, 0x00, 0x85, // .......x........
	0x00, 0x05, 0x00, 0x14, 0x00, 0x00, 0x00, 0x17, 0x16, 0x00, 0x00, 0xfd, 0x15, 0x00, 0x00, 0x16, // ................
	0x16, 0x00, 0x00, 0x85, 0x00, 0x05, 0x00, 0x14, 0x00, 0x00, 0x00, 0x1a, 0x16, 0x00, 0x00, 0x02, // ................
	0x16, 0x00, 0x00, 0x12, 0x16, 0x00, 0x00, 0x81, 0x00, 0x05, 0x00, 0x14, 0x00, 0x00, 0x00, 0x1b, // ................
	0x16, 0x00, 0x00, 0x17, 0x16, 0x00, 0x00, 0x1a, 0x16, 0x00, 0x00, 0x8e, 0x00, 0x05, 0x00, 0x14, // ................
	0x00, 0x00, 0x00, 0x1e, 0x16, 0x00, 0x00, 0x1b, 0x16, 0x00, 0x00, 0xb5, 0x1b, 0x00, 0x00, 0xb8, // ................
	0x00, 0x05, 0x00, 0x8b, 0x00, 0x00, 0x00, 0x21, 0x16, 0x00, 0x00, 0xf4, 0x15, 0x00, 0x00, 0xee, // .......!........
	0x00, 0x00, 0x00, 0xf7, 0x00, 0x03, 0x00, 0x2a, 0x16, 0x00, 0x00, 0x00, 0x00, 0x00, 0x00, 0xfa, // .......*........
	0x00, 0x04, 0x00, 0x21, 0x16, 0x00, 0x00, 0x22, 0x16, 0x00, 0x00, 0x2a, 0x16, 0x00, 0x00, 0xf8, // ...!..."...*....
	0x00, 0x02, 0x00, 0x22, 0x16, 0x00, 0x00, 0x51, 0x00, 0x05, 0x00, 0x07, 0x00, 0x00, 0x00, 0x24, // ..."...Q.......$
	0x16, 0x00, 0x00, 0x79, 0x06, 0x00, 0x00, 0x00, 0x00, 0x00, 0x00, 0xba, 0x00, 0x05, 0x00, 0x8b, // ...y............
	0x00, 0x00, 0x00, 0x25, 0x16, 0x00, 0x00, 0x24, 0x16, 0x00, 0x00, 0xe0, 0x00, 0x00, 0x00, 0xa9, // ...%...$........
	0x00, 0x06, 0x00, 0x07, 0x00, 0x00, 0x00, 0x26, 0x16, 0x00, 0x00, 0x25, 0x16, 0x00, 0x00, 0x0a, // .......&...%....
	0x02, 0x00, 0x00, 0xeb, 0x00, 0x00, 0x00, 0x50, 0x00, 0x06, 0x00, 0x14, 0x00, 0x00, 0x00, 0x28, // .......P.......(
	0x16, 0x00, 0x00, 0x26, 0x16, 0x00, 0x00, 0x26, 0x16, 0x00, 0x00, 0x26, 0x16, 0x00, 0x00, 0x81, // ...&...&...&....
	0x00, 0x05, 0x00, 0x14, 0x00, 0x00, 0x00, 0x29, 0x16, 0x00, 0x00, 0x1e, 0x16, 0x00, 0x00, 0x28, // .......).......(
	0x16, 0x00, 0x00, 0xf9, 0x00, 0x02, 0x00, 0x2a, 0x16, 0x00, 0x00, 0xf8, 0x00, 0x02, 0x00, 0x2a, // .......*.......*
	0x16, 0x00, 0x00, 0xf5, 0x00, 0x07, 0x00, 0x14, 0x00, 0x00, 0x00, 0xb6, 0x1b, 0x00, 0x00, 0x1e, // ................
	0x16, 0x00, 0x00, 0x61, 0x16, 0x00, 0x00, 0x29, 0x16, 0x00, 0x00, 0x22, 0x16, 0x00, 0x00, 0x85, // ...a...)..."....
	0x00, 0x05, 0x00, 0x14, 0x00, 0x00, 0x00, 0x2d, 0x16, 0x00, 0x00, 0xb6, 0x1b, 0x00, 0x00, 0x7a, // .......-.......z
	0x1a, 0x00, 0x00, 0x0c, 0x00, 0x06, 0x00, 0x14, 0x00, 0x00, 0x00, 0x2e, 0x16, 0x00, 0x00, 0x01, // ................
	0x00, 0x00, 0x00, 0x08, 0x00, 0x00, 0x00, 0x2d, 0x16, 0x00, 0x00, 0x51, 0x00, 0x05, 0x00, 0x07, // .......-...Q....
	0x00, 0x00, 0x00, 0x30, 0x16, 0x00, 0x00, 0x79, 0x06, 0x00, 0x00, 0x00, 0x00, 0x00, 0x00, 0xba, // ...0...y........
	0x00, 0x05, 0x00, 0x8b, 0x00, 0x00, 0x00, 0x31, 0x16, 0x00, 0x00, 0x30, 0x16, 0x00, 0x00, 0xe0, // .......1...0....
	0x00, 0x00, 0x00, 0xf7, 0x00, 0x03, 0x00, 0x35, 0x16, 0x00, 0x00, 0x00, 0x00, 0x00, 0x00, 0xfa, // .......5........
	0x00, 0x04, 0x00, 0x31, 0x16, 0x00, 0x00, 0x32, 0x16, 0x00, 0x00, 0x35, 0x16, 0x00, 0x00, 0xf8, // ...1...2...5....
	0x00, 0x02, 0x00, 0x32, 0x16, 0x00, 0x00, 0x7f, 0x00, 0x04, 0x00, 0x14, 0x00, 0x00, 0x00, 0x34, // ...2...........4
	0x16, 0x00, 0x00, 0x2e, 0x16, 0x00, 0x00, 0xf9, 0x00, 0x02, 0x00, 0x35, 0x16, 0x00, 0x00, 0xf8, // ...........5....
	0x00, 0x02, 0x00, 0x35, 0x16, 0x00, 0x00, 0xf5, 0x00, 0x07, 0x00, 0x14, 0x00, 0x00, 0x00, 0xb9, // ...5............
	0x1b, 0x00, 0x00, 0x2e, 0x16, 0x00, 0x00, 0x2a, 0x16, 0x00, 0x00, 0x34, 0x16, 0x00, 0x00, 0x32, // .......*...4...2
	0x16, 0x00, 0x00, 0x51, 0x00, 0x05, 0x00, 0x07, 0x00, 0x00, 0x00, 0x38, 0x16, 0x00, 0x00, 0x79, // ...Q.......8...y
	0x06, 0x00, 0x00, 0x01, 0x00, 0x00, 0x00, 0xf7, 0x00, 0x03, 0x00, 0x79, 0x16, 0x00, 0x00, 0x00, // ...........y....
	0x00, 0x00, 0x00, 0xfb, 0x00, 0x03, 0x00, 0x06, 0x02, 0x00, 0x00, 0x6c, 0x16, 0x00, 0x00, 0xf8, // ...........l....
	0x00, 0x02, 0x00, 0x6c, 0x16, 0x00, 0x00, 0xb8, 0x00, 0x05, 0x00, 0x8b, 0x00, 0x00, 0x00, 0x6e, // ...l...........n
	0x16, 0x00, 0x00, 0x38, 0x16, 0x00, 0x00, 0xe0, 0x00, 0x00, 0x00, 0xf7, 0x00, 0x03, 0x00, 0x70, // ...8...........p
	0x16, 0x00, 0x00, 0x00, 0x00, 0x00, 0x00, 0xfa, 0x00, 0x04, 0x00, 0x6e, 0x16, 0x00, 0x00, 0x6f, // ...........n...o
	0x16, 0x00, 0x00, 0x70, 0x16, 0x00, 0x00, 0xf8, 0x00, 0x02, 0x00, 0x6f, 0x16, 0x00, 0x00, 0xf9, // ...p.......o....
	0x00, 0x02, 0x00, 0x79, 0x16, 0x00, 0x00, 0xf8, 0x00, 0x02, 0x00, 0x70, 0x16, 0x00, 0x00, 0xb8, // ...y.......p....
	0x00, 0x05, 0x00, 0x8b, 0x00, 0x00, 0x00, 0x72, 0x16, 0x00, 0x00, 0x38, 0x16, 0x00, 0x00, 0xe7, // .......r...8....
	0x00, 0x00, 0x00, 0xf7, 0x00, 0x03, 0x00, 0x74, 0x16, 0x00, 0x00, 0x00, 0x00, 0x00, 0x00, 0xfa, // .......t........
	0x00, 0x04, 0x00, 0x72, 0x16, 0x00, 0x00, 0x73, 0x16, 0x00, 0x00, 0x74, 0x16, 0x00, 0x00, 0xf8, // ...r...s...t....
	0x00, 0x02, 0x00, 0x73, 0x16, 0x00, 0x00, 0xf9, 0x00, 0x02, 0x00, 0x79, 0x16, 0x00, 0x00, 0xf8, // ...s.......y....
	0x00, 0x02, 0x00, 0x74, 0x16, 0x00, 0x00, 0xb8, 0x00, 0x05, 0x00, 0x8b, 0x00, 0x00, 0x00, 0x76, // ...t...........v
	0x16, 0x00, 0x00, 0x38, 0x16, 0x00, 0x00, 0xee, 0x00, 0x00, 0x00, 0xf7, 0x00, 0x03, 0x00, 0x78, // ...8...........x
	0x16, 0x00, 0x00, 0x00, 0x00, 0x00, 0x00, 0xfa, 0x00, 0x04, 0x00, 0x76, 0x16, 0x00, 0x00, 0x77, // ...........v...w
	0x16, 0x00, 0x00, 0x78, 0x16, 0x00, 0x00, 0xf8, 0x00, 0x02, 0x00, 0x77, 0x16, 0x00, 0x00, 0xf9, // ...x.......w....
	0x00, 0x02, 0x00, 0x79, 0x16, 0x00, 0x00, 0xf8, 0x00, 0x02, 0x00, 0x78, 0x16, 0x00, 0x00, 0xf9, // ...y.......x....
	0x00, 0x02, 0x00, 0x79, 0x16, 0x00, 0x00, 0xf8, 0x00, 0x02, 0x00, 0x79, 0x16, 0x00, 0x00, 0xf5, // ...y.......y....
	0x00, 0x0b, 0x00, 0x07, 0x00, 0x00, 0x00, 0xb7, 0x1b, 0x00, 0x00, 0xe4, 0x00, 0x00, 0x00, 0x6f, // ...............o
	0x16, 0x00, 0x00, 0xeb, 0x00, 0x00, 0x00, 0x73, 0x16, 0x00, 0x00, 0xf2, 0x00, 0x00, 0x00, 0x77, // .......s.......w
	0x16, 0x00, 0x00, 0xe4, 0x00, 0x00, 0x00, 0x78, 0x16, 0x00, 0x00, 0x50, 0x00, 0x06, 0x00, 0x14, // .......x...P....
	0x00, 0x00, 0x00, 0x3a, 0x16, 0x00, 0x00, 0xb7, 0x1b, 0x00, 0x00, 0xb7, 0x1b, 0x00, 0x00, 0xb7, // ...:............
	0x1b, 0x00, 0x00, 0x81, 0x00, 0x05, 0x00, 0x14, 0x00, 0x00, 0x00, 0x3b, 0x16, 0x00, 0x00, 0x0c, // ...........;....
	0x16, 0x00, 0x00, 0x3a, 0x16, 0x00, 0x00, 0x8e, 0x00, 0x05, 0x00, 0x14, 0x00, 0x00, 0x00, 0x3d, // ...:...........=
	0x16, 0x00, 0x00, 0x3b, 0x16, 0x00, 0x00, 0xb5, 0x1b, 0x00, 0x00, 0x81, 0x00, 0x05, 0x00, 0x14, // ...;............
	0x00, 0x00, 0x00, 0x3f, 0x16, 0x00, 0x00, 0x3d, 0x16, 0x00, 0x00, 0xb9, 0x1b, 0x00, 0x00, 0x50, // ...?...=.......P
	0x00, 0x06, 0x00, 0x14, 0x00, 0x00, 0x00, 0x41, 0x16, 0x00, 0x00, 0x67, 0x16, 0x00, 0x00, 0x67, // .......A...g...g
	0x16, 0x00, 0x00, 0x67, 0x16, 0x00, 0x00, 0x88, 0x00, 0x05, 0x00, 0x14, 0x00, 0x00, 0x00, 0x42, // ...g...........B
	0x16, 0x00, 0x00, 0x3f, 0x16, 0x00, 0x00, 0x41, 0x16, 0x00, 0x00, 0x51, 0x00, 0x05, 0x00, 0x07, // ...?...A...Q....
	0x00, 0x00, 0x00, 0x44, 0x16, 0x00, 0x00, 0x79, 0x06, 0x00, 0x00, 0x03, 0x00, 0x00, 0x00, 0xba, // ...D...y........
	0x00, 0x05, 0x00, 0x8b, 0x00, 0x00, 0x00, 0x45, 0x16, 0x00, 0x00, 0x44, 0x16, 0x00, 0x00, 0xe0, // .......E...D....
	0x00, 0x00, 0x00, 0xf7, 0x00, 0x03, 0x00, 0x4c, 0x16, 0x00, 0x00, 0x00, 0x00, 0x00, 0x00, 0xfa, // .......L........
	0x00, 0x04, 0x00, 0x45, 0x16, 0x00, 0x00, 0x46, 0x16, 0x00, 0x00, 0x49, 0x16, 0x00, 0x00, 0xf8, // ...E...F...I....
	0x00, 0x02, 0x00, 0x46, 0x16, 0x00, 0x00, 0x0c, 0x00, 0x08, 0x00, 0x14, 0x00, 0x00, 0x00, 0x48, // ...F...........H
	0x16, 0x00, 0x00, 0x01, 0x00, 0x00, 0x00, 0x2b, 0x00, 0x00, 0x00, 0x42, 0x16, 0x00, 0x00, 0x30, // .......+...B...0
	0x02, 0x00, 0x00, 0x31, 0x02, 0x00, 0x00, 0xf9, 0x00, 0x02, 0x00, 0x4c, 0x16, 0x00, 0x00, 0xf8, // ...1.......L....
	0x00, 0x02, 0x00, 0x49, 0x16, 0x00, 0x00, 0x0c, 0x00, 0x08, 0x00, 0x14, 0x00, 0x00, 0x00, 0x4b, // ...I...........K
	0x16, 0x00, 0x00, 0x01, 0x00, 0x00, 0x00, 0x2b, 0x00, 0x00, 0x00, 0x42, 0x16, 0x00, 0x00, 0x36, // .......+...B...6
	0x02, 0x00, 0x00, 0x38, 0x02, 0x00, 0x00, 0xf9, 0x00, 0x02, 0x00, 0x4c, 0x16, 0x00, 0x00, 0xf8, // ...8.......L....
	0x00, 0x02, 0x00, 0x4c, 0x16, 0x00, 0x00, 0xf5, 0x00, 0x07, 0x00, 0x14, 0x00, 0x00, 0x00, 0xba, // ...L............
	0x1b, 0x00, 0x00, 0x48, 0x16, 0x00, 0x00, 0x46, 0x16, 0x00, 0x00, 0x4b, 0x16, 0x00, 0x00, 0x49, // ...H...F...K...I
	0x16, 0x00, 0x00, 0x85, 0x00, 0x05, 0x00, 0x14, 0x00, 0x00, 0x00, 0x4f, 0x16, 0x00, 0x00, 0xba, // ...........O....
	0x1b, 0x00, 0x00, 0x7c, 0x1a, 0x00, 0x00, 0x51, 0x00, 0x05, 0x00, 0x07, 0x00, 0x00, 0x00, 0x58, // ...|...Q.......X
	0x13, 0x00, 0x00, 0x6d, 0x06, 0x00, 0x00, 0x00, 0x00, 0x00, 0x00, 0xb8, 0x00, 0x05, 0x00, 0x8b, // ...m............
	0x00, 0x00, 0x00, 0x7d, 0x16, 0x00, 0x00, 0x58, 0x13, 0x00, 0x00, 0xe0, 0x00, 0x00, 0x00, 0xf7, // ...}...X........
	0x00, 0x03, 0x00, 0xa6, 0x16, 0x00, 0x00, 0x00, 0x00, 0x00, 0x00, 0xfa, 0x00, 0x04, 0x00, 0x7d, // ...............}
	0x16, 0x00, 0x00, 0x7e, 0x16, 0x00, 0x00, 0x86, 0x16, 0x00, 0x00, 0xf8, 0x00, 0x02, 0x00, 0x7e, // ...~...........~
	0x16, 0x00, 0x00, 0x51, 0x00, 0x05, 0x00, 0x07, 0x00, 0x00, 0x00, 0x81, 0x16, 0x00, 0x00, 0x4f, // ...Q...........O
	0x16, 0x00, 0x00, 0x00, 0x00, 0x00, 0x00, 0x52, 0x00, 0x06, 0x00, 0x0d, 0x00, 0x00, 0x00, 0x24, // .......R.......$
	0x1a, 0x00, 0x00, 0x81, 0x16, 0x00, 0x00, 0x92, 0x1b, 0x00, 0x00, 0x00, 0x00, 0x00, 0x00, 0x51, // ...............Q
	0x00, 0x05, 0x00, 0x07, 0x00, 0x00, 0x00, 0x83, 0x16, 0x00, 0x00, 0x4f, 0x16, 0x00, 0x00, 0x01, // ...........O....
	0x00, 0x00, 0x00, 0x52, 0x00, 0x06, 0x00, 0x0d, 0x00, 0x00, 0x00, 0x26, 0x1a, 0x00, 0x00, 0x83, // ...R.......&....
	0x16, 0x00, 0x00, 0x24, 0x1a, 0x00, 0x00, 0x01, 0x00, 0x00, 0x00, 0x51, 0x00, 0x05, 0x00, 0x07, // ...$.......Q....
	0x00, 0x00, 0x00, 0x85, 0x16, 0x00, 0x00, 0x4f, 0x16, 0x00, 0x00, 0x02, 0x00, 0x00, 0x00, 0x52, // .......O.......R
	0x00, 0x06, 0x00, 0x0d, 0x00, 0x00, 0x00, 0x28, 0x1a, 0x00, 0x00, 0x85, 0x16, 0x00, 0x00, 0x26, // .......(.......&
	0x1a, 0x00, 0x00, 0x02, 0x00, 0x00, 0x00, 0xf9, 0x00, 0x02, 0x00, 0xa6, 0x16, 0x00, 0x00, 0xf8, // ................
	0x00, 0x02, 0x00, 0x86, 0x16, 0x00, 0x00, 0xb8, 0x00, 0x05, 0x00, 0x8b, 0x00, 0x00, 0x00, 0x88, // ................
	0x16, 0x00, 0x00, 0x58, 0x13, 0x00, 0x00, 0xe7, 0x00, 0x00, 0x00, 0xf7, 0x00, 0x03, 0x00, 0xa5, // ...X............
	0x16, 0x00, 0x00, 0x00, 0x00, 0x00, 0x00, 0xfa, 0x00, 0x04, 0x00, 0x88, 0x16, 0x00, 0x00, 0x89, // ................
	0x16, 0x00, 0x00, 0x91, 0x16, 0x00, 0x00, 0xf8, 0x00, 0x02, 0x00, 0x89, 0x16, 0x00, 0x00, 0x51, // ...............Q
	0x00, 0x05, 0x00, 0x07, 0x00, 0x00, 0x00, 0x8c, 0x16, 0x00, 0x00, 0x4f, 0x16, 0x00, 0x00, 0x00, // ...........O....
	0x00, 0x00, 0x00, 0x52, 0x00, 0x06, 0x00, 0x0d, 0x00, 0x00, 0x00, 0x2a, 0x1a, 0x00, 0x00, 0x8c, // ...R.......*....
	0x16, 0x00, 0x00, 0x97, 0x1b, 0x00, 0x00, 0x00, 0x00, 0x00, 0x00, 0x51, 0x00, 0x05, 0x00, 0x07, // ...........Q....
	0x00, 0x00, 0x00, 0x8e, 0x16, 0x00, 0x00, 0x4f, 0x16, 0x00, 0x00, 0x01, 0x00, 0x00, 0x00, 0x52, // .......O.......R
	0x00, 0x06, 0x00, 0x0d, 0x00, 0x00, 0x00, 0x2c, 0x1a, 0x00, 0x00, 0x8e, 0x16, 0x00, 0x00, 0x2a, // .......,.......*
	0x1a, 0x00, 0x00, 0x01, 0x00, 0x00, 0x00, 0x51, 0x00, 0x05, 0x00, 0x07, 0x00, 0x00, 0x00, 0x90, // .......Q........
	0x16, 0x00, 0x00, 0x4f, 0x16, 0x00, 0x00, 0x02, 0x00, 0x00, 0x00, 0x52, 0x00, 0x06, 0x00, 0x0d, // ...O.......R....
	0x00, 0x00, 0x00, 0x2e, 0x1a, 0x00, 0x00, 0x90, 0x16, 0x00, 0x00, 0x2c, 0x1a, 0x00, 0x00, 0x02, // ...........,....
	0x00, 0x00, 0x00, 0xf9, 0x00, 0x02, 0x00, 0xa5, 0x16, 0x00, 0x00, 0xf8, 0x00, 0x02, 0x00, 0x91, // ................
	0x16, 0x00, 0x00, 0xb8, 0x00, 0x05, 0x00, 0x8b, 0x00, 0x00, 0x00, 0x93, 0x16, 0x00, 0x00, 0x58, // ...............X
	0x13, 0x00, 0x00, 0xee, 0x00, 0x00, 0x00, 0xf7, 0x00, 0x03, 0x00, 0xa4, 0x16, 0x00, 0x00, 0x00, // ................
	0x00, 0x00, 0x00, 0xfa, 0x00, 0x04, 0x00, 0x93, 0x16, 0x00, 0x00, 0x94, 0x16, 0x00, 0x00, 0x9c, // ................
	0x16, 0x00, 0x00, 0xf8, 0x00, 0x02, 0x00, 0x94, 0x16, 0x00, 0x00, 0x51, 0x00, 0x05, 0x00, 0x07, // ...........Q....
	0x00, 0x00, 0x00, 0x97, 0x16, 0x00, 0x00, 0x4f, 0x16, 0x00, 0x00, 0x00, 0x00, 0x00, 0x00, 0x52, // .......O.......R
	0x00, 0x06, 0x00, 0x0d, 0x00, 0x00, 0x00, 0x30, 0x1a, 0x00, 0x00, 0x97, 0x16, 0x00, 0x00, 0x9c, // .......0........
	0x1b, 0x00, 0x00, 0x00, 0x00, 0x00, 0x00, 0x51, 0x00, 0x05, 0x00, 0x07, 0x00, 0x00, 0x00, 0x99, // .......Q........
	0x16, 0x00, 0x00, 0x4f, 0x16, 0x00, 0x00, 0x01, 0x00, 0x00, 0x00, 0x52, 0x00, 0x06, 0x00, 0x0d, // ...O.......R....
	0x00, 0x00, 0x00, 0x32, 0x1a, 0x00, 0x00, 0x99, 0x16, 0x00, 0x00, 0x30, 0x1a, 0x00, 0x00, 0x01, // ...2.......0....
	0x00, 0x00, 0x00, 0x51, 0x00, 0x05, 0x00, 0x07, 0x00, 0x00, 0x00, 0x9b, 0x16, 0x00, 0x00, 0x4f, // ...Q...........O
	0x16, 0x00, 0x00, 0x02, 0x00, 0x00, 0x00, 0x52, 0x00, 0x06, 0x00, 0x0d, 0x00, 0x00, 0x00, 0x34, // .......R.......4
	0x1a, 0x00, 0x00, 0x9b, 0x16, 0x00, 0x00, 0x32, 0x1a, 0x00, 0x00, 0x02, 0x00, 0x00, 0x00, 0xf9, // .......2........
	0x00, 0x02, 0x00, 0xa4, 0x16, 0x00, 0x00, 0xf8, 0x00, 0x02, 0x00, 0x9c, 0x16, 0x00, 0x00, 0x51, // ...............Q
	0x00, 0x05, 0x00, 0x07, 0x00, 0x00, 0x00, 0x9f, 0x16, 0x00, 0x00, 0x4f, 0x16, 0x00, 0x00, 0x00, // ...........O....
	0x00, 0x00, 0x00, 0x52, 0x00, 0x06, 0x00, 0x0d, 0x00, 0x00, 0x00, 0x36, 0x1a, 0x00, 0x00, 0x9f, // ...R.......6....
	0x16, 0x00, 0x00, 0xa1, 0x1b, 0x00, 0x00, 0x00, 0x00, 0x00, 0x00, 0x51, 0x00, 0x05, 0x00, 0x07, // ...........Q....
	0x00, 0x00, 0x00, 0xa1, 0x16, 0x00, 0x00, 0x4f, 0x16, 0x00, 0x00, 0x01, 0x00, 0x00, 0x00, 0x52, // .......O.......R
	0x00, 0x06, 0x00, 0x0d, 0x00, 0x00, 0x00, 0x38, 0x1a, 0x00, 0x00, 0xa1, 0x16, 0x00, 0x00, 0x36, // .......8.......6
	0x1a, 0x00, 0x00, 0x01, 0x00, 0x00, 0x00, 0x51, 0x00, 0x05, 0x00, 0x07, 0x00, 0x00, 0x00, 0xa3, // .......Q........
	0x16, 0x00, 0x00, 0x4f, 0x16, 0x00, 0x00, 0x02, 0x00, 0x00, 0x00, 0x52, 0x00, 0x06, 0x00, 0x0d, // ...O.......R....
	0x00, 0x00, 0x00, 0x3a, 0x1a, 0x00, 0x00, 0xa3, 0x16, 0x00, 0x00, 0x38, 0x1a, 0x00, 0x00, 0x02, // ...:.......8....
	0x00, 0x00, 0x00, 0xf9, 0x00, 0x02, 0x00, 0xa4, 0x16, 0x00, 0x00, 0xf8, 0x00, 0x02, 0x00, 0xa4, // ................
	0x16, 0x00, 0x00, 0xf5, 0x00, 0x07, 0x00, 0x0d, 0x00, 0x00, 0x00, 0xde, 0x1b, 0x00, 0x00, 0xa1, // ................
	0x1b, 0x00, 0x00, 0x94, 0x16, 0x00, 0x00, 0x3a, 0x1a, 0x00, 0x00, 0x9c, 0x16, 0x00, 0x00, 0xf5, // .......:........
	0x00, 0x07, 0x00, 0x0d, 0x00, 0x00, 0x00, 0xdb, 0x1b, 0x00, 0x00, 0x34, 0x1a, 0x00, 0x00, 0x94, // ...........4....
	0x16, 0x00, 0x00, 0x9c, 0x1b, 0x00, 0x00, 0x9c, 0x16, 0x00, 0x00, 0xf9, 0x00, 0x02, 0x00, 0xa5, // ................
	0x16, 0x00, 0x00, 0xf8, 0x00, 0x02, 0x00, 0xa5, 0x16, 0x00, 0x00, 0xf5, 0x00, 0x07, 0x00, 0x0d, // ................
	0x00, 0x00, 0x00, 0xdd, 0x1b, 0x00, 0x00, 0xa1, 0x1b, 0x00, 0x00, 0x89, 0x16, 0x00, 0x00, 0xde, // ................
	0x1b, 0x00, 0x00, 0xa4, 0x16, 0x00, 0x00, 0xf5, 0x00, 0x07, 0x00, 0x0d, 0x00, 0x00, 0x00, 0xda, // ................
	0x1b, 0x00, 0x00, 0x9c, 0x1b, 0x00, 0x00, 0x89, 0x16, 0x00, 0x00, 0xdb, 0x1b, 0x00, 0x00, 0xa4, // ................
	0x16, 0x00, 0x00, 0xf5, 0x00, 0x07, 0x00, 0x0d, 0x00, 0x00, 0x00, 0xd7, 0x1b, 0x00, 0x00, 0x2e, // ................
	0x1a, 0x00, 0x00, 0x89, 0x16, 0x00, 0x00, 0x97, 0x1b, 0x00, 0x00, 0xa4, 0x16, 0x00, 0x00, 0xf9, // ................
	0x00, 0x02, 0x00, 0xa6, 0x16, 0x00, 0x00, 0xf8, 0x00, 0x02, 0x00, 0xa6, 0x16, 0x00, 0x00, 0xf5, // ................
	0x00, 0x07, 0x00, 0x0d, 0x00, 0x00, 0x00, 0xdc, 0x1b, 0x00, 0x00, 0xa1, 0x1b, 0x00, 0x00, 0x7e, // ...............~
	0x16, 0x00, 0x00, 0xdd, 0x1b, 0x00, 0x00, 0xa5, 0x16, 0x00, 0x00, 0xf5, 0x00, 0x07, 0x00, 0x0d, // ................
	0x00, 0x00, 0x00, 0xd9, 0x1b, 0x00, 0x00, 0x9c, 0x1b, 0x00, 0x00, 0x7e, 0x16, 0x00, 0x00, 0xda, // ...........~....
	0x1b, 0x00, 0x00, 0xa5, 0x16, 0x00, 0x00, 0xf5, 0x00, 0x07, 0x00, 0x0d, 0x00, 0x00, 0x00, 0xd6, // ................
	0x1b, 0x00, 0x00, 0x97, 0x1b, 0x00, 0x00, 0x7e, 0x16, 0x00, 0x00, 0xd7, 0x1b, 0x00, 0x00, 0xa5, // .......~........
	0x16, 0x00, 0x00, 0xf5, 0x00, 0x07, 0x00, 0x0d, 0x00, 0x00, 0x00, 0xd3, 0x1b, 0x00, 0x00, 0x28, // ...............(
	0x1a, 0x00, 0x00, 0x7e, 0x16, 0x00, 0x00, 0x92, 0x1b, 0x00, 0x00, 0xa5, 0x16, 0x00, 0x00, 0x51, // ...~...........Q
	0x00, 0x05, 0x00, 0x07, 0x00, 0x00, 0x00, 0x60, 0x13, 0x00, 0x00, 0x77, 0x06, 0x00, 0x00, 0x00, // .......`...w....
	0x00, 0x00, 0x00, 0xf7, 0x00, 0x03, 0x00, 0xd6, 0x16, 0x00, 0x00, 0x00, 0x00, 0x00, 0x00, 0xfb, // ................
	0x00, 0x03, 0x00, 0x06, 0x02, 0x00, 0x00, 0xab, 0x16, 0x00, 0x00, 0xf8, 0x00, 0x02, 0x00, 0xab, // ................
	0x16, 0x00, 0x00, 0xb8, 0x00, 0x05, 0x00, 0x8b, 0x00, 0x00, 0x00, 0xad, 0x16, 0x00, 0x00, 0x60, // ...............`
	0x13, 0x00, 0x00, 0xe0, 0x00, 0x00, 0x00, 0xf7, 0x00, 0x03, 0x00, 0xb1, 0x16, 0x00, 0x00, 0x00, // ................
	0x00, 0x00, 0x00, 0xfa, 0x00, 0x04, 0x00, 0xad, 0x16, 0x00, 0x00, 0xae, 0x16, 0x00, 0x00, 0xb1, // ................
	0x16, 0x00, 0x00, 0xf8, 0x00, 0x02, 0x00, 0xae, 0x16, 0x00, 0x00, 0x51, 0x00, 0x05, 0x00, 0x07, // ...........Q....
	0x00, 0x00, 0x00, 0xb0, 0x16, 0x00, 0x00, 0xd3, 0x1b, 0x00, 0x00, 0x03, 0x00, 0x00, 0x00, 0xf9, // ................
	0x00, 0x02, 0x00, 0xd6, 0x16, 0x00, 0x00, 0xf8, 0x00, 0x02, 0x00, 0xb1, 0x16, 0x00, 0x00, 0xb8, // ................
	0x00, 0x05, 0x00, 0x8b, 0x00, 0x00, 0x00, 0xb3, 0x16, 0x00, 0x00, 0x60, 0x13, 0x00, 0x00, 0xe7, // ...........`....
	0x00, 0x00, 0x00, 0xf7, 0x00, 0x03, 0x00, 0xb7, 0x16, 0x00, 0x00, 0x00, 0x00, 0x00, 0x00, 0xfa, // ................
	0x00, 0x04, 0x00, 0xb3, 0x16, 0x00, 0x00, 0xb4, 0x16, 0x00, 0x00, 0xb7, 0x16, 0x00, 0x00, 0xf8, // ................
	0x00, 0x02, 0x00, 0xb4, 0x16, 0x00, 0x00, 0x51, 0x00, 0x05, 0x00, 0x07, 0x00, 0x00, 0x00, 0xb6, // .......Q........
	0x16, 0x00, 0x00, 0xd6, 0x1b, 0x00, 0x00, 0x03, 0x00, 0x00, 0x00, 0xf9, 0x00, 0x02, 0x00, 0xd6, // ................
	0x16, 0x00, 0x00, 0xf8, 0x00, 0x02, 0x00, 0xb7, 0x16, 0x00, 0x00, 0xb8, 0x00, 0x05, 0x00, 0x8b, // ................
	0x00, 0x00, 0x00, 0xb9, 0x16, 0x00, 0x00, 0x60, 0x13, 0x00, 0x00, 0xee, 0x00, 0x00, 0x00, 0xf7, // .......`........
	0x00, 0x03, 0x00, 0xbd, 0x16, 0x00, 0x00, 0x00, 0x00, 0x00, 0x00, 0xfa, 0x00, 0x04, 0x00, 0xb9, // ................
	0x16, 0x00, 0x00, 0xba, 0x16, 0x00, 0x00, 0xbd, 0x16, 0x00, 0x00, 0xf8, 0x00, 0x02, 0x00, 0xba, // ................
	0x16, 0x00, 0x00, 0x51, 0x00, 0x05, 0x00, 0x07, 0x00, 0x00, 0x00, 0xbc, 0x16, 0x00, 0x00, 0xd9, // ...Q............
	0x1b, 0x00, 0x00, 0x03, 0x00, 0x00, 0x00, 0xf9, 0x00, 0x02, 0x00, 0xd6, 0x16, 0x00, 0x00, 0xf8, // ................
	0x00, 0x02, 0x00, 0xbd, 0x16, 0x00, 0x00, 0xb8, 0x00, 0x05, 0x00, 0x8b, 0x00, 0x00, 0x00, 0xbf, // ................
	0x16, 0x00, 0x00, 0x60, 0x13, 0x00, 0x00, 0x28, 0x01, 0x00, 0x00, 0xf7, 0x00, 0x03, 0x00, 0xc3, // ...`...(........
	0x16, 0x00, 0x00, 0x00, 0x00, 0x00, 0x00, 0xfa, 0x00, 0x04, 0x00, 0xbf, 0x16, 0x00, 0x00, 0xc0, // ................
	0x16, 0x00, 0x00, 0xc3, 0x16, 0x00, 0x00, 0xf8, 0x00, 0x02, 0x00, 0xc0, 0x16, 0x00, 0x00, 0x51, // ...............Q
	0x00, 0x05, 0x00, 0x07, 0x00, 0x00, 0x00, 0xc2, 0x16, 0x00, 0x00, 0xdc, 0x1b, 0x00, 0x00, 0x03, // ................
	0x00, 0x00, 0x00, 0xf9, 0x00, 0x02, 0x00, 0xd6, 0x16, 0x00, 0x00, 0xf8, 0x00, 0x02, 0x00, 0xc3, // ................
	0x16, 0x00, 0x00, 0xb8, 0x00, 0x05, 0x00, 0x8b, 0x00, 0x00, 0x00, 0xc5, 0x16, 0x00, 0x00, 0x60, // ...............`
	0x13, 0x00, 0x00, 0x32, 0x01, 0x00, 0x00, 0xf7, 0x00, 0x03, 0x00, 0xc9, 0x16, 0x00, 0x00, 0x00, // ...2............
	0x00, 0x00, 0x00, 0xfa, 0x00, 0x04, 0x00, 0xc5, 0x16, 0x00, 0x00, 0xc6, 0x16, 0x00, 0x00, 0xc9, // ................
	0x16, 0x00, 0x00, 0xf8, 0x00, 0x02, 0x00, 0xc6, 0x16, 0x00, 0x00, 0x51, 0x00, 0x05, 0x00, 0x07, // ...........Q....
	0x00, 0x00, 0x00, 0xc8, 0x16, 0x00, 0x00, 0x90, 0x1b, 0x00, 0x00, 0x03, 0x00, 0x00, 0x00, 0xf9, // ................
	0x00, 0x02, 0x00, 0xd6, 0x16, 0x00, 0x00, 0xf8, 0x00, 0x02, 0x00, 0xc9, 0x16, 0x00, 0x00, 0xb8, // ................
	0x00, 0x05, 0x00, 0x8b, 0x00, 0x00, 0x00, 0xcb, 0x16, 0x00, 0x00, 0x60, 0x13, 0x00, 0x00, 0x3a, // ...........`...:
	0x01, 0x00, 0x00, 0xf7, 0x00, 0x03, 0x00, 0xcf, 0x16, 0x00, 0x00, 0x00, 0x00, 0x00, 0x00, 0xfa, // ................
	0x00, 0x04, 0x00, 0xcb, 0x16, 0x00, 0x00, 0xcc, 0x16, 0x00, 0x00, 0xcf, 0x16, 0x00, 0x00, 0xf8, // ................
	0x00, 0x02, 0x00, 0xcc, 0x16, 0x00, 0x00, 0x51, 0x00, 0x05, 0x00, 0x07, 0x00, 0x00, 0x00, 0xce, // .......Q........
	0x16, 0x00, 0x00, 0x78, 0x05, 0x00, 0x00, 0x03, 0x00, 0x00, 0x00, 0xf9, 0x00, 0x02, 0x00, 0xd6, // ...x............
	0x16, 0x00, 0x00, 0xf8, 0x00, 0x02, 0x00, 0xcf, 0x16, 0x00, 0x00, 0xb8, 0x00, 0x05, 0x00, 0x8b, // ................
	0x00, 0x00, 0x00, 0xd1, 0x16, 0x00, 0x00, 0x60, 0x13, 0x00, 0x00, 0x44, 0x01, 0x00, 0x00, 0xf7, // .......`...D....
	0x00, 0x03, 0x00, 0xd5, 0x16, 0x00, 0x00, 0x00, 0x00, 0x00, 0x00, 0xfa, 0x00, 0x04, 0x00, 0xd1, // ................
	0x16, 0x00, 0x00, 0xd2, 0x16, 0x00, 0x00, 0xd5, 0x16, 0x00, 0x00, 0xf8, 0x00, 0x02, 0x00, 0xd2, // ................
	0x16, 0x00, 0x00, 0x51, 0x00, 0x05, 0x00, 0x07, 0x00, 0x00, 0x00, 0xd4, 0x16, 0x00, 0x00, 0x7f, // ...Q............
	0x06, 0x00, 0x00, 0x03, 0x00, 0x00, 0x00, 0xf9, 0x00, 0x02, 0x00, 0xd6, 0x16, 0x00, 0x00, 0xf8, // ................
	0x00, 0x02, 0x00, 0xd5, 0x16, 0x00, 0x00, 0xf9, 0x00, 0x02, 0x00, 0xd6, 0x16, 0x00, 0x00, 0xf8, // ................
	0x00, 0x02, 0x00, 0xd6, 0x16, 0x00, 0x00, 0xf5, 0x00, 0x13, 0x00, 0x07, 0x00, 0x00, 0x00, 0xdf, // ................
	0x1b, 0x00, 0x00, 0xb0, 0x16, 0x00, 0x00, 0xae, 0x16, 0x00, 0x00, 0xb6, 0x16, 0x00, 0x00, 0xb4, // ................
	0x16, 0x00, 0x00, 0xbc, 0x16, 0x00, 0x00, 0xba, 0x16, 0x00, 0x00, 0xc2, 0x16, 0x00, 0x00, 0xc0, // ................
	0x16, 0x00, 0x00, 0xc8, 0x16, 0x00, 0x00, 0xc6, 0x16, 0x00, 0x00, 0xce, 0x16, 0x00, 0x00, 0xcc, // ................
	0x16, 0x00, 0x00, 0xd4, 0x16, 0x00, 0x00, 0xd2, 0x16, 0x00, 0x00, 0xe4, 0x00, 0x00, 0x00, 0xd5, // ................
	0x16, 0x00, 0x00, 0x51, 0x00, 0x05, 0x00, 0x07, 0x00, 0x00, 0x00, 0x6a, 0x13, 0x00, 0x00, 0x77, // ...Q.......j...w
	0x06, 0x00, 0x00, 0x01, 0x00, 0x00, 0x00, 0xf7, 0x00, 0x03, 0x00, 0x07, 0x17, 0x00, 0x00, 0x00, // ................
	0x00, 0x00, 0x00, 0xfb, 0x00, 0x03, 0x00, 0x06, 0x02, 0x00, 0x00, 0xdc, 0x16, 0x00, 0x00, 0xf8, // ................
	0x00, 0x02, 0x00, 0xdc, 0x16, 0x00, 0x00, 0xb8, 0x00, 0x05, 0x00, 0x8b, 0x00, 0x00, 0x00, 0xde, // ................
	0x16, 0x00, 0x00, 0x6a, 0x13, 0x00, 0x00, 0xe0, 0x00, 0x00, 0x00, 0xf7, 0x00, 0x03, 0x00, 0xe2, // ...j............
	0x16, 0x00, 0x00, 0x00, 0x00, 0x00, 0x00, 0xfa, 0x00, 0x04, 0x00, 0xde, 0x16, 0x00, 0x00, 0xdf, // ................
	0x16, 0x00, 0x00, 0xe2, 0x16, 0x00, 0x00, 0xf8, 0x00, 0x02, 0x00, 0xdf, 0x16, 0x00, 0x00, 0x51, // ...............Q
	0x00, 0x05, 0x00, 0x07, 0x00, 0x00, 0x00, 0xe1, 0x16, 0x00, 0x00, 0xd3, 0x1b, 0x00, 0x00, 0x03, // ................
	0x00, 0x00, 0x00, 0xf9, 0x00, 0x02, 0x00, 0x07, 0x17, 0x00, 0x00, 0xf8, 0x00, 0x02, 0x00, 0xe2, // ................
	0x16, 0x00, 0x00, 0xb8, 0x00, 0x05, 0x00, 0x8b, 0x00, 0x00, 0x00, 0xe4, 0x16, 0x00, 0x00, 0x6a, // ...............j
	0x13, 0x00, 0x00, 0xe7, 0x00, 0x00, 0x00, 0xf7, 0x00, 0x03, 0x00, 0xe8, 0x16, 0x00, 0x00, 0x00, // ................
	0x00, 0x00, 0x00, 0xfa, 0x00, 0x04, 0x00, 0xe4, 0x16, 0x00, 0x00, 0xe5, 0x16, 0x00, 0x00, 0xe8, // ................
	0x16, 0x00, 0x00, 0xf8, 0x00, 0x02, 0x00, 0xe5, 0x16, 0x00, 0x00, 0x51, 0x00, 0x05, 0x00, 0x07, // ...........Q....
	0x00, 0x00, 0x00, 0xe7, 0x16, 0x00, 0x00, 0xd6, 0x1b, 0x00, 0x00, 0x03, 0x00, 0x00, 0x00, 0xf9, // ................
	0x00, 0x02, 0x00, 0x07, 0x17, 0x00, 0x00, 0xf8, 0x00, 0x02, 0x00, 0xe8, 0x16, 0x00, 0x00, 0xb8, // ................
	0x00, 0x05, 0x00, 0x8b, 0x00, 0x00, 0x00, 0xea, 0x16, 0x00, 0x00, 0x6a, 0x13, 0x00, 0x00, 0xee, // ...........j....
	0x00, 0x00, 0x00, 0xf7, 0x00, 0x03, 0x00, 0xee, 0x16, 0x00, 0x00, 0x00, 0x00, 0x00, 0x00, 0xfa, // ................
	0x00, 0x04, 0x00, 0xea, 0x16, 0x00, 0x00, 0xeb, 0x16, 0x00, 0x00, 0xee, 0x16, 0x00, 0x00, 0xf8, // ................
	0x00, 0x02, 0x00, 0xeb, 0x16, 0x00, 0x00, 0x51, 0x00, 0x05, 0x00, 0x07, 0x00, 0x00, 0x00, 0xed, // .......Q........
	0x16, 0x00, 0x00, 0xd9, 0x1b, 0x00, 0x00, 0x03, 0x00, 0x00, 0x00, 0xf9, 0x00, 0x02, 0x00, 0x07, // ................
	0x17, 0x00, 0x00, 0xf8, 0x00, 0x02, 0x00, 0xee, 0x16, 0x00, 0x00, 0xb8, 0x00, 0x05, 0x00, 0x8b, // ................
	0x00, 0x00, 0x00, 0xf0, 0x16, 0x00, 0x00, 0x6a, 0x13, 0x00, 0x00, 0x28, 0x01, 0x00, 0x00, 0xf7, // .......j...(....
	0x00, 0x03, 0x00, 0xf4, 0x16, 0x00, 0x00, 0x00, 0x00, 0x00, 0x00, 0xfa, 0x00, 0x04, 0x00, 0xf0, // ................
	0x16, 0x00, 0x00, 0xf1, 0x16, 0x00, 0x00, 0xf4, 0x16, 0x00, 0x00, 0xf8, 0x00, 0x02, 0x00, 0xf1, // ................
	0x16, 0x00, 0x00, 0x51, 0x00, 0x05, 0x00, 0x07, 0x00, 0x00, 0x00, 0xf3, 0x16, 0x00, 0x00, 0xdc, // ...Q............
	0x1b, 0x00, 0x00, 0x03, 0x00, 0x00, 0x00, 0xf9, 0x00, 0x02, 0x00, 0x07, 0x17, 0x00, 0x00, 0xf8, // ................
	0x00, 0x02, 0x00, 0xf4, 0x16, 0x00, 0x00, 0xb8, 0x00, 0x05, 0x00, 0x8b, 0x00, 0x00, 0x00, 0xf6, // ................
	0x16, 0x00, 0x00, 0x6a, 0x13, 0x00, 0x00, 0x32, 0x01, 0x00, 0x00, 0xf7, 0x00, 0x03, 0x00, 0xfa, // ...j...2........
	0x16, 0x00, 0x00, 0x00, 0x00, 0x00, 0x00, 0xfa, 0x00, 0x04, 0x00, 0xf6, 0x16, 0x00, 0x00, 0xf7, // ................
	0x16, 0x00, 0x00, 0xfa, 0x16, 0x00, 0x00, 0xf8, 0x00, 0x02, 0x00, 0xf7, 0x16, 0x00, 0x00, 0x51, // ...............Q
	0x00, 0x05, 0x00, 0x07, 0x00, 0x00, 0x00, 0xf9, 0x16, 0x00, 0x00, 0x90, 0x1b, 0x00, 0x00, 0x03, // ................
	0x00, 0x00, 0x00, 0xf9, 0x00, 0x02, 0x00, 0x07, 0x17, 0x00, 0x00, 0xf8, 0x00, 0x02, 0x00, 0xfa, // ................
	0x16, 0x00, 0x00, 0xb8, 0x00, 0x05, 0x00, 0x8b, 0x00, 0x00, 0x00, 0xfc, 0x16, 0x00, 0x00, 0x6a, // ...............j
	0x13, 0x00, 0x00, 0x3a, 0x01, 0x00, 0x00, 0xf7, 0x00, 0x03, 0x00, 0x00, 0x17, 0x00, 0x00, 0x00, // ...:............
	0x00, 0x00, 0x00, 0xfa, 0x00, 0x04, 0x00, 0xfc, 0x16, 0x00, 0x00, 0xfd, 0x16, 0x00, 0x00, 0x00, // ................
	0x17, 0x00, 0x00, 0xf8, 0x00, 0x02, 0x00, 0xfd, 0x16, 0x00, 0x00, 0x51, 0x00, 0x05, 0x00, 0x07, // ...........Q....
	0x00, 0x00, 0x00, 0xff, 0x16, 0x00, 0x00, 0x78, 0x05, 0x00, 0x00, 0x03, 0x00, 0x00, 0x00, 0xf9, // .......x........
	0x00, 0x02, 0x00, 0x07, 0x17, 0x00, 0x00, 0xf8, 0x00, 0x02, 0x00, 0x00, 0x17, 0x00, 0x00, 0xb8, // ................
	0x00, 0x05, 0x00, 0x8b, 0x00, 0x00, 0x00, 0x02, 0x17, 0x00, 0x00, 0x6a, 0x13, 0x00, 0x00, 0x44, // ...........j...D
	0x01, 0x00, 0x00, 0xf7, 0x00, 0x03, 0x00, 0x06, 0x17, 0x00, 0x00, 0x00, 0x00, 0x00, 0x00, 0xfa, // ................
	0x00, 0x04, 0x00, 0x02, 0x17, 0x00, 0x00, 0x03, 0x17, 0x00, 0x00, 0x06, 0x17, 0x00, 0x00, 0xf8, // ................
	0x00, 0x02, 0x00, 0x03, 0x17, 0x00, 0x00, 0x51, 0x00, 0x05, 0x00, 0x07, 0x00, 0x00, 0x00, 0x05, // .......Q........
	0x17, 0x00, 0x00, 0x7f, 0x06, 0x00, 0x00, 0x03, 0x00, 0x00, 0x00, 0xf9, 0x00, 0x02, 0x00, 0x07, // ................
	0x17, 0x00, 0x00, 0xf8, 0x00, 0x02, 0x00, 0x06, 0x17, 0x00, 0x00, 0xf9, 0x00, 0x02, 0x00, 0x07, // ................
	0x17, 0x00, 0x00, 0xf8, 0x00, 0x02, 0x00, 0x07, 0x17, 0x00, 0x00, 0xf5, 0x00, 0x13, 0x00, 0x07, // ................
	0x00, 0x00, 0x00, 0xe4, 0x1b, 0x00, 0x00, 0xe1, 0x16, 0x00, 0x00, 0xdf, 0x16, 0x00, 0x00, 0xe7, // ................
	0x16, 0x00, 0x00, 0xe5, 0x16, 0x00, 0x00, 0xed, 0x16, 0x00, 0x00, 0xeb, 0x16, 0x00, 0x00, 0xf3, // ................
	0x16, 0x00, 0x00, 0xf1, 0x16, 0x00, 0x00, 0xf9, 0x16, 0x00, 0x00, 0xf7, 0x16, 0x00, 0x00, 0xff, // ................
	0x16, 0x00, 0x00, 0xfd, 0x16, 0x00, 0x00, 0x05, 0x17, 0x00, 0x00, 0x03, 0x17, 0x00, 0x00, 0xe4, // ................
	0x00, 0x00, 0x00, 0x06, 0x17, 0x00, 0x00, 0x51, 0x00, 0x05, 0x00, 0x07, 0x00, 0x00, 0x00, 0x74, // .......Q.......t
	0x13, 0x00, 0x00, 0x77, 0x06, 0x00, 0x00, 0x02, 0x00, 0x00, 0x00, 0xf7, 0x00, 0x03, 0x00, 0x38, // ...w...........8
	0x17, 0x00, 0x00, 0x00, 0x00, 0x00, 0x00, 0xfb, 0x00, 0x03, 0x00, 0x06, 0x02, 0x00, 0x00, 0x0d, // ................
	0x17, 0x00, 0x00, 0xf8, 0x00, 0x02, 0x00, 0x0d, 0x17, 0x00, 0x00, 0xb8, 0x00, 0x05, 0x00, 0x8b, // ................
	0x00, 0x00, 0x00, 0x0f, 0x17, 0x00, 0x00, 0x74, 0x13, 0x00, 0x00, 0xe0, 0x00, 0x00, 0x00, 0xf7, // .......t........
	0x00, 0x03, 0x00, 0x13, 0x17, 0x00, 0x00, 0x00, 0x00, 0x00, 0x00, 0xfa, 0x00, 0x04, 0x00, 0x0f, // ................
	0x17, 0x00, 0x00, 0x10, 0x17, 0x00, 0x00, 0x13, 0x17, 0x00, 0x00, 0xf8, 0x00, 0x02, 0x00, 0x10, // ................
	0x17, 0x00, 0x00, 0x51, 0x00, 0x05, 0x00, 0x07, 0x00, 0x00, 0x00, 0x12, 0x17, 0x00, 0x00, 0xd3, // ...Q............
	0x1b, 0x00, 0x00, 0x03, 0x00, 0x00, 0x00, 0xf9, 0x00, 0x02, 0x00, 0x38, 0x17, 0x00, 0x00, 0xf8, // ...........8....
	0x00, 0x02, 0x00, 0x13, 0x17, 0x00, 0x00, 0xb8, 0x00, 0x05, 0x00, 0x8b, 0x00, 0x00, 0x00, 0x15, // ................
	0x17, 0x00, 0x00, 0x74, 0x13, 0x00, 0x00, 0xe7, 0x00, 0x00, 0x00, 0xf7, 0x00, 0x03, 0x00, 0x19, // ...t............
	0x17, 0x00, 0x00, 0x00, 0x00, 0x00, 0x00, 0xfa, 0x00, 0x04, 0x00, 0x15, 0x17, 0x00, 0x00, 0x16, // ................
	0x17, 0x00, 0x00, 0x19, 0x17, 0x00, 0x00, 0xf8, 0x00, 0x02, 0x00, 0x16, 0x17, 0x00, 0x00, 0x51, // ...............Q
	0x00, 0x05, 0x00, 0x07, 0x00, 0x00, 0x00, 0x18, 0x17, 0x00, 0x00, 0xd6, 0x1b, 0x00, 0x00, 0x03, // ................
	0x00, 0x00, 0x00, 0xf9, 0x00, 0x02, 0x00, 0x38, 0x17, 0x00, 0x00, 0xf8, 0x00, 0x02, 0x00, 0x19, // .......8........
	0x17, 0x00, 0x00, 0xb8, 0x00, 0x05, 0x00, 0x8b, 0x00, 0x00, 0x00, 0x1b, 0x17, 0x00, 0x00, 0x74, // ...............t
	0x13, 0x00, 0x00, 0xee, 0x00, 0x00, 0x00, 0xf7, 0x00, 0x03, 0x00, 0x1f, 0x17, 0x00, 0x00, 0x00, // ................
	0x00, 0x00, 0x00, 0xfa, 0x00, 0x04, 0x00, 0x1b, 0x17, 0x00, 0x00, 0x1c, 0x17, 0x00, 0x00, 0x1f, // ................
	0x17, 0x00, 0x00, 0xf8, 0x00, 0x02, 0x00, 0x1c, 0x17, 0x00, 0x00, 0x51, 0x00, 0x05, 0x00, 0x07, // ...........Q....
	0x00, 0x00, 0x00, 0x1e, 0x17, 0x00, 0x00, 0xd9, 0x1b, 0x00, 0x00, 0x03, 0x00, 0x00, 0x00, 0xf9, // ................
	0x00, 0x02, 0x00, 0x38, 0x17, 0x00, 0x00, 0xf8, 0x00, 0x02, 0x00, 0x1f, 0x17, 0x00, 0x00, 0xb8, // ...8............
	0x00, 0x05, 0x00, 0x8b, 0x00, 0x00, 0x00, 0x21, 0x17, 0x00, 0x00, 0x74, 0x13, 0x00, 0x00, 0x28, // .......!...t...(
	0x01, 0x00, 0x00, 0xf7, 0x00, 0x03, 0x00, 0x25, 0x17, 0x00, 0x00, 0x00, 0x00, 0x00, 0x00, 0xfa, // .......%........
	0x00, 0x04, 0x00, 0x21, 0x17, 0x00, 0x00, 0x22, 0x17, 0x00, 0x00, 0x25, 0x17, 0x00, 0x00, 0xf8, // ...!..."...%....
	0x00, 0x02, 0x00, 0x22, 0x17, 0x00, 0x00, 0x51, 0x00, 0x05, 0x00, 0x07, 0x00, 0x00, 0x00, 0x24, // ..."...Q.......$
	0x17, 0x00, 0x00, 0xdc, 0x1b, 0x00, 0x00, 0x03, 0x00, 0x00, 0x00, 0xf9, 0x00, 0x02, 0x00, 0x38, // ...............8
	0x17, 0x00, 0x00, 0xf8, 0x00, 0x02, 0x00, 0x25, 0x17, 0x00, 0x00, 0xb8, 0x00, 0x05, 0x00, 0x8b, // .......%........
	0x00, 0x00, 0x00, 0x27, 0x17, 0x00, 0x00, 0x74, 0x13, 0x00, 0x00, 0x32, 0x01, 0x00, 0x00, 0xf7, // ...'...t...2....
	0x00, 0x03, 0x00, 0x2b, 0x17, 0x00, 0x00, 0x00, 0x00, 0x00, 0x00, 0xfa, 0x00, 0x04, 0x00, 0x27, // ...+...........'
	0x17, 0x00, 0x00, 0x28, 0x17, 0x00, 0x00, 0x2b, 0x17, 0x00, 0x00, 0xf8, 0x00, 0x02, 0x00, 0x28, // ...(...+.......(
	0x17, 0x00, 0x00, 0x51, 0x00, 0x05, 0x00, 0x07, 0x00, 0x00, 0x00, 0x2a, 0x17, 0x00, 0x00, 0x90, // ...Q.......*....
	0x1b, 0x00, 0x00, 0x03, 0x00, 0x00, 0x00, 0xf9, 0x00, 0x02, 0x00, 0x38, 0x17, 0x00, 0x00, 0xf8, // ...........8....
	0x00, 0x02, 0x00, 0x2b, 0x17, 0x00, 0x00, 0xb8, 0x00, 0x05, 0x00, 0x8b, 0x00, 0x00, 0x00, 0x2d, // ...+...........-
	0x17, 0x00, 0x00, 0x74, 0x13, 0x00, 0x00, 0x3a, 0x01, 0x00, 0x00, 0xf7, 0x00, 0x03, 0x00, 0x31, // ...t...:.......1
	0x17, 0x00, 0x00, 0x00, 0x00, 0x00, 0x00, 0xfa, 0x00, 0x04, 0x00, 0x2d, 0x17, 0x00, 0x00, 0x2e, // ...........-....
	0x17, 0x00, 0x00, 0x31, 0x17, 0x00, 0x00, 0xf8, 0x00, 0x02, 0x00, 0x2e, 0x17, 0x00, 0x00, 0x51, // ...1...........Q
	0x00, 0x05, 0x00, 0x07, 0x00, 0x00, 0x00, 0x30, 0x17, 0x00, 0x00, 0x78, 0x05, 0x00, 0x00, 0x03, // .......0...x....
	0x00, 0x00, 0x00, 0xf9, 0x00, 0x02, 0x00, 0x38, 0x17, 0x00, 0x00, 0xf8, 0x00, 0x02, 0x00, 0x31, // .......8.......1
	0x17, 0x00, 0x00, 0xb8, 0x00, 0x05, 0x00, 0x8b, 0x00, 0x00, 0x00, 0x33, 0x17, 0x00, 0x00, 0x74, // ...........3...t
	0x13, 0x00, 0x00, 0x44, 0x01, 0x00, 0x00, 0xf7, 0x00, 0x03, 0x00, 0x37, 0x17, 0x00, 0x00, 0x00, // ...D.......7....
	0x00, 0x00, 0x00, 0xfa, 0x00, 0x04, 0x00, 0x33, 0x17, 0x00, 0x00, 0x34, 0x17, 0x00, 0x00, 0x37, // .......3...4...7
	0x17, 0x00, 0x00, 0xf8, 0x00, 0x02, 0x00, 0x34, 0x17, 0x00, 0x00, 0x51, 0x00, 0x05, 0x00, 0x07, // .......4...Q....
	0x00, 0x00, 0x00, 0x36, 0x17, 0x00, 0x00, 0x7f, 0x06, 0x00, 0x00, 0x03, 0x00, 0x00, 0x00, 0xf9, // ...6............
	0x00, 0x02, 0x00, 0x38, 0x17, 0x00, 0x00, 0xf8, 0x00, 0x02, 0x00, 0x37, 0x17, 0x00, 0x00, 0xf9, // ...8.......7....
	0x00, 0x02, 0x00, 0x38, 0x17, 0x00, 0x00, 0xf8, 0x00, 0x02, 0x00, 0x38, 0x17, 0x00, 0x00, 0xf5, // ...8.......8....
	0x00, 0x13, 0x00, 0x07, 0x00, 0x00, 0x00, 0xe9, 0x1b, 0x00, 0x00, 0x12, 0x17, 0x00, 0x00, 0x10, // ................
	0x17, 0x00, 0x00, 0x18, 0x17, 0x00, 0x00, 0x16, 0x17, 0x00, 0x00, 0x1e, 0x17, 0x00, 0x00, 0x1c, // ................
	0x17, 0x00, 0x00, 0x24, 0x17, 0x00, 0x00, 0x22, 0x17, 0x00, 0x00, 0x2a, 0x17, 0x00, 0x00, 0x28, // ...$..."...*...(
	0x17, 0x00, 0x00, 0x30, 0x17, 0x00, 0x00, 0x2e, 0x17, 0x00, 0x00, 0x36, 0x17, 0x00, 0x00, 0x34, // ...0.......6...4
	0x17, 0x00, 0x00, 0xe4, 0x00, 0x00, 0x00, 0x37, 0x17, 0x00, 0x00, 0x51, 0x00, 0x05, 0x00, 0x07, // .......7...Q....
	0x00, 0x00, 0x00, 0x7e, 0x13, 0x00, 0x00, 0x77, 0x06, 0x00, 0x00, 0x03, 0x00, 0x00, 0x00, 0xf7, // ...~...w........
	0x00, 0x03, 0x00, 0x69, 0x17, 0x00, 0x00, 0x00, 0x00, 0x00, 0x00, 0xfb, 0x00, 0x03, 0x00, 0x06, // ...i............
	0x02, 0x00, 0x00, 0x3e, 0x17, 0x00, 0x00, 0xf8, 0x00, 0x02, 0x00, 0x3e, 0x17, 0x00, 0x00, 0xb8, // ...>.......>....
	0x00, 0x05, 0x00, 0x8b, 0x00, 0x00, 0x00, 0x40, 0x17, 0x00, 0x00, 0x7e, 0x13, 0x00, 0x00, 0xe0, // .......@...~....
	0x00, 0x00, 0x00, 0xf7, 0x00, 0x03, 0x00, 0x44, 0x17, 0x00, 0x00, 0x00, 0x00, 0x00, 0x00, 0xfa, // .......D........
	0x00, 0x04, 0x00, 0x40, 0x17, 0x00, 0x00, 0x41, 0x17, 0x00, 0x00, 0x44, 0x17, 0x00, 0x00, 0xf8, // ...@...A...D....
	0x00, 0x02, 0x00, 0x41, 0x17, 0x00, 0x00, 0x51, 0x00, 0x05, 0x00, 0x07, 0x00, 0x00, 0x00, 0x43, // ...A...Q.......C
	0x17, 0x00, 0x00, 0xd3, 0x1b, 0x00, 0x00, 0x03, 0x00, 0x00, 0x00, 0xf9, 0x00, 0x02, 0x00, 0x69, // ...............i
	0x17, 0x00, 0x00, 0xf8, 0x00, 0x02, 0x00, 0x44, 0x17, 0x00, 0x00, 0xb8, 0x00, 0x05, 0x00, 0x8b, // .......D........
	0x00, 0x00, 0x00, 0x46, 0x17, 0x00, 0x00, 0x7e, 0x13, 0x00, 0x00, 0xe7, 0x00, 0x00, 0x00, 0xf7, // ...F...~........
	0x00, 0x03, 0x00, 0x4a, 0x17, 0x00, 0x00, 0x00, 0x00, 0x00, 0x00, 0xfa, 0x00, 0x04, 0x00, 0x46, // ...J...........F
	0x17, 0x00, 0x00, 0x47, 0x17, 0x00, 0x00, 0x4a, 0x17, 0x00, 0x00, 0xf8, 0x00, 0x02, 0x00, 0x47, // ...G...J.......G
	0x17, 0x00, 0x00, 0x51, 0x00, 0x05, 0x00, 0x07, 0x00, 0x00, 0x00, 0x49, 0x17, 0x00, 0x00, 0xd6, // ...Q.......I....
	0x1b, 0x00, 0x00, 0x03, 0x00, 0x00, 0x00, 0xf9, 0x00, 0x02, 0x00, 0x69, 0x17, 0x00, 0x00, 0xf8, // ...........i....
	0x00, 0x02, 0x00, 0x4a, 0x17, 0x00, 0x00, 0xb8, 0x00, 0x05, 0x00, 0x8b, 0x00, 0x00, 0x00, 0x4c, // ...J...........L
	0x17, 0x00, 0x00, 0x7e, 0x13, 0x00, 0x00, 0xee, 0x00, 0x00, 0x00, 0xf7, 0x00, 0x03, 0x00, 0x50, // ...~...........P
	0x17, 0x00, 0x00, 0x00, 0x00, 0x00, 0x00, 0xfa, 0x00, 0x04, 0x00, 0x4c, 0x17, 0x00, 0x00, 0x4d, // ...........L...M
	0x17, 0x00, 0x00, 0x50, 0x17, 0x00, 0x00, 0xf8, 0x00, 0x02, 0x00, 0x4d, 0x17, 0x00, 0x00, 0x51, // ...P.......M...Q
	0x00, 0x05, 0x00, 0x07, 0x00, 0x00, 0x00, 0x4f, 0x17, 0x00, 0x00, 0xd9, 0x1b, 0x00, 0x00, 0x03, // .......O........
	0x00, 0x00, 0x00, 0xf9, 0x00, 0x02, 0x00, 0x69, 0x17, 0x00, 0x00, 0xf8, 0x00, 0x02, 0x00, 0x50, // .......i.......P
	0x17, 0x00, 0x00, 0xb8, 0x00, 0x05, 0x00, 0x8b, 0x00, 0x00, 0x00, 0x52, 0x17, 0x00, 0x00, 0x7e, // ...........R...~
	0x13, 0x00, 0x00, 0x28, 0x01, 0x00, 0x00, 0xf7, 0x00, 0x03, 0x00, 0x56, 0x17, 0x00, 0x00, 0x00, // ...(.......V....
	0x00, 0x00, 0x00, 0xfa, 0x00, 0x04, 0x00, 0x52, 0x17, 0x00, 0x00, 0x53, 0x17, 0x00, 0x00, 0x56, // .......R...S...V
	0x17, 0x00, 0x00, 0xf8, 0x00, 0x02, 0x00, 0x53, 0x17, 0x00, 0x00, 0x51, 0x00, 0x05, 0x00, 0x07, // .......S...Q....
	0x00, 0x00, 0x00, 0x55, 0x17, 0x00, 0x00, 0xdc, 0x1b, 0x00, 0x00, 0x03, 0x00, 0x00, 0x00, 0xf9, // ...U............
	0x00, 0x02, 0x00, 0x69, 0x17, 0x00, 0x00, 0xf8, 0x00, 0x02, 0x00, 0x56, 0x17, 0x00, 0x00, 0xb8, // ...i.......V....
	0x00, 0x05, 0x00, 0x8b, 0x00, 0x00, 0x00, 0x58, 0x17, 0x00, 0x00, 0x7e, 0x13, 0x00, 0x00, 0x32, // .......X...~...2
	0x01, 0x00, 0x00, 0xf7, 0x00, 0x03, 0x00, 0x5c, 0x17, 0x00, 0x00, 0x00, 0x00, 0x00, 0x00, 0xfa, // ................
	0x00, 0x04, 0x00, 0x58, 0x17, 0x00, 0x00, 0x59, 0x17, 0x00, 0x00, 0x5c, 0x17, 0x00, 0x00, 0xf8, // ...X...Y........
	0x00, 0x02, 0x00, 0x59, 0x17, 0x00, 0x00, 0x51, 0x00, 0x05, 0x00, 0x07, 0x00, 0x00, 0x00, 0x5b, // ...Y...Q.......[
	0x17, 0x00, 0x00, 0x90, 0x1b, 0x00, 0x00, 0x03, 0x00, 0x00, 0x00, 0xf9, 0x00, 0x02, 0x00, 0x69, // ...............i
	0x17, 0x00, 0x00, 0xf8, 0x00, 0x02, 0x00, 0x5c, 0x17, 0x00, 0x00, 0xb8, 0x00, 0x05, 0x00, 0x8b, // ................
	0x00, 0x00, 0x00, 0x5e, 0x17, 0x00, 0x00, 0x7e, 0x13, 0x00, 0x00, 0x3a, 0x01, 0x00, 0x00, 0xf7, // ...^...~...:....
	0x00, 0x03, 0x00, 0x62, 0x17, 0x00, 0x00, 0x00, 0x00, 0x00, 0x00, 0xfa, 0x00, 0x04, 0x00, 0x5e, // ...b...........^
	0x17, 0x00, 0x00, 0x5f, 0x17, 0x00, 0x00, 0x62, 0x17, 0x00, 0x00, 0xf8, 0x00, 0x02, 0x00, 0x5f, // ..._...b......._
	0x17, 0x00, 0x00, 0x51, 0x00, 0x05, 0x00, 0x07, 0x00, 0x00, 0x00, 0x61, 0x17, 0x00, 0x00, 0x78, // ...Q.......a...x
	0x05, 0x00, 0x00, 0x03, 0x00, 0x00, 0x00, 0xf9, 0x00, 0x02, 0x00, 0x69, 0x17, 0x00, 0x00, 0xf8, // ...........i....
	0x00, 0x02, 0x00, 0x62, 0x17, 0x00, 0x00, 0xb8, 0x00, 0x05, 0x00, 0x8b, 0x00, 0x00, 0x00, 0x64, // ...b...........d
	0x17, 0x00, 0x00, 0x7e, 0x13, 0x00, 0x00, 0x44, 0x01, 0x00, 0x00, 0xf7, 0x00, 0x03, 0x00, 0x68, // ...~...D.......h
	0x17, 0x00, 0x00, 0x00, 0x00, 0x00, 0x00, 0xfa, 0x00, 0x04, 0x00, 0x64, 0x17, 0x00, 0x00, 0x65, // ...........d...e
	0x17, 0x00, 0x00, 0x68, 0x17, 0x00, 0x00, 0xf8, 0x00, 0x02, 0x00, 0x65, 0x17, 0x00, 0x00, 0x51, // ...h.......e...Q
	0x00, 0x05, 0x00, 0x07, 0x00, 0x00, 0x00, 0x67, 0x17, 0x00, 0x00, 0x7f, 0x06, 0x00, 0x00, 0x03, // .......g........
	0x00, 0x00, 0x00, 0xf9, 0x00, 0x02, 0x00, 0x69, 0x17, 0x00, 0x00, 0xf8, 0x00, 0x02, 0x00, 0x68, // .......i.......h
	0x17, 0x00, 0x00, 0xf9, 0x00, 0x02, 0x00, 0x69, 0x17, 0x00, 0x00, 0xf8, 0x00, 0x02, 0x00, 0x69, // .......i.......i
	0x17, 0x00, 0x00, 0xf5, 0x00, 0x13, 0x00, 0x07, 0x00, 0x00, 0x00, 0xee, 0x1b, 0x00, 0x00, 0x43, // ...............C
	0x17, 0x00, 0x00, 0x41, 0x17, 0x00, 0x00, 0x49, 0x17, 0x00, 0x00, 0x47, 0x17, 0x00, 0x00, 0x4f, // ...A...I...G...O
	0x17, 0x00, 0x00, 0x4d, 0x17, 0x00, 0x00, 0x55, 0x17, 0x00, 0x00, 0x53, 0x17, 0x00, 0x00, 0x5b, // ...M...U...S...[
	0x17, 0x00, 0x00, 0x59, 0x17, 0x00, 0x00, 0x61, 0x17, 0x00, 0x00, 0x5f, 0x17, 0x00, 0x00, 0x67, // ...Y...a..._...g
	0x17, 0x00, 0x00, 0x65, 0x17, 0x00, 0x00, 0xe4, 0x00, 0x00, 0x00, 0x68, 0x17, 0x00, 0x00, 0x51, // ...e.......h...Q
	0x00, 0x05, 0x00, 0x07, 0x00, 0x00, 0x00, 0x7a, 0x17, 0x00, 0x00, 0x7b, 0x06, 0x00, 0x00, 0x02, // .......z...{....
	0x00, 0x00, 0x00, 0xf7, 0x00, 0x03, 0x00, 0xdc, 0x17, 0x00, 0x00, 0x00, 0x00, 0x00, 0x00, 0xfb, // ................
	0x00, 0x03, 0x00, 0x06, 0x02, 0x00, 0x00, 0xcf, 0x17, 0x00, 0x00, 0xf8, 0x00, 0x02, 0x00, 0xcf, // ................
	0x17, 0x00, 0x00, 0xb8, 0x00, 0x05, 0x00, 0x8b, 0x00, 0x00, 0x00, 0xd1, 0x17, 0x00, 0x00, 0x7a, // ...............z
	0x17, 0x00, 0x00, 0xe0, 0x00, 0x00, 0x00, 0xf7, 0x00, 0x03, 0x00, 0xd3, 0x17, 0x00, 0x00, 0x00, // ................
	0x00, 0x00, 0x00, 0xfa, 0x00, 0x04, 0x00, 0xd1, 0x17, 0x00, 0x00, 0xd2, 0x17, 0x00, 0x00, 0xd3, // ................
	0x17, 0x00, 0x00, 0xf8, 0x00, 0x02, 0x00, 0xd2, 0x17, 0x00, 0x00, 0xf9, 0x00, 0x02, 0x00, 0xdc, // ................
	0x17, 0x00, 0x00, 0xf8, 0x00, 0x02, 0x00, 0xd3, 0x17, 0x00, 0x00, 0xb8, 0x00, 0x05, 0x00, 0x8b, // ................
	0x00, 0x00, 0x00, 0xd5, 0x17, 0x00, 0x00, 0x7a, 0x17, 0x00, 0x00, 0xe7, 0x00, 0x00, 0x00, 0xf7, // .......z........
	0x00, 0x03, 0x00, 0xd7, 0x17, 0x00, 0x00, 0x00, 0x00, 0x00, 0x00, 0xfa, 0x00, 0x04, 0x00, 0xd5, // ................
	0x17, 0x00, 0x00, 0xd6, 0x17, 0x00, 0x00, 0xd7, 0x17, 0x00, 0x00, 0xf8, 0x00, 0x02, 0x00, 0xd6, // ................
	0x17, 0x00, 0x00, 0xf9, 0x00, 0x02, 0x00, 0xdc, 0x17, 0x00, 0x00, 0xf8, 0x00, 0x02, 0x00, 0xd7, // ................
	0x17, 0x00, 0x00, 0xb8, 0x00, 0x05, 0x00, 0x8b, 0x00, 0x00, 0x00, 0xd9, 0x17, 0x00, 0x00, 0x7a, // ...............z
	0x17, 0x00, 0x00, 0xee, 0x00, 0x00, 0x00, 0xf7, 0x00, 0x03, 0x00, 0xdb, 0x17, 0x00, 0x00, 0x00, // ................
	0x00, 0x00, 0x00, 0xfa, 0x00, 0x04, 0x00, 0xd9, 0x17, 0x00, 0x00, 0xda, 0x17, 0x00, 0x00, 0xdb, // ................
	0x17, 0x00, 0x00, 0xf8, 0x00, 0x02, 0x00, 0xda, 0x17, 0x00, 0x00, 0xf9, 0x00, 0x02, 0x00, 0xdc, // ................
	0x17, 0x00, 0x00, 0xf8, 0x00, 0x02, 0x00, 0xdb, 0x17, 0x00, 0x00, 0xf9, 0x00, 0x02, 0x00, 0xdc, // ................
	0x17, 0x00, 0x00, 0xf8, 0x00, 0x02, 0x00, 0xdc, 0x17, 0x00, 0x00, 0xf5, 0x00, 0x0b, 0x00, 0x07, // ................
	0x00, 0x00, 0x00, 0xef, 0x1b, 0x00, 0x00, 0xfa, 0x00, 0x00, 0x00, 0xd2, 0x17, 0x00, 0x00, 0x00, // ................
	0x01, 0x00, 0x00, 0xd6, 0x17, 0x00, 0x00, 0x06, 0x01, 0x00, 0x00, 0xda, 0x17, 0x00, 0x00, 0xfa, // ................
	0x00, 0x00, 0x00, 0xdb, 0x17, 0x00, 0x00, 0xba, 0x00, 0x05, 0x00, 0x8b, 0x00, 0x00, 0x00, 0xe1, // ................
	0x17, 0x00, 0x00, 0x7a, 0x17, 0x00, 0x00, 0xee, 0x00, 0x00, 0x00, 0xa9, 0x00, 0x06, 0x00, 0x07, // ...z............
	0x00, 0x00, 0x00, 0xe2, 0x17, 0x00, 0x00, 0xe1, 0x17, 0x00, 0x00, 0x00, 0x01, 0x00, 0x00, 0xfa, // ................
	0x00, 0x00, 0x00, 0x85, 0x00, 0x05, 0x00, 0x07, 0x00, 0x00, 0x00, 0x80, 0x17, 0x00, 0x00, 0xdf, // ................
	0x1b, 0x00, 0x00, 0xd5, 0x01, 0x00, 0x00, 0x81, 0x00, 0x05, 0x00, 0x07, 0x00, 0x00, 0x00, 0x81, // ................
	0x17, 0x00, 0x00, 0x80, 0x17, 0x00, 0x00, 0xe0, 0x00, 0x00, 0x00, 0x0c, 0x00, 0x06, 0x00, 0x07, // ................
	0x00, 0x00, 0x00, 0x82, 0x17, 0x00, 0x00, 0x01, 0x00, 0x00, 0x00, 0x08, 0x00, 0x00, 0x00, 0x81, // ................
	0x17, 0x00, 0x00, 0x85, 0x00, 0x05, 0x00, 0x07, 0x00, 0x00, 0x00, 0x84, 0x17, 0x00, 0x00, 0xe4, // ................
	0x1b, 0x00, 0x00, 0xd5, 0x01, 0x00, 0x00, 0x81, 0x00, 0x05, 0x00, 0x07, 0x00, 0x00, 0x00, 0x85, // ................
	0x17, 0x00, 0x00, 0x84, 0x17, 0x00, 0x00, 0xe0, 0x00, 0x00, 0x00, 0x0c, 0x00, 0x06, 0x00, 0x07, // ................
	0x00, 0x00, 0x00, 0x86, 0x17, 0x00, 0x00, 0x01, 0x00, 0x00, 0x00, 0x08, 0x00, 0x00, 0x00, 0x85, // ................
	0x17, 0x00, 0x00, 0x85, 0x00, 0x05, 0x00, 0x07, 0x00, 0x00, 0x00, 0x88, 0x17, 0x00, 0x00, 0xe9, // ................
	0x1b, 0x00, 0x00, 0xd5, 0x01, 0x00, 0x00, 0x81, 0x00, 0x05, 0x00, 0x07, 0x00, 0x00, 0x00, 0x89, // ................
	0x17, 0x00, 0x00, 0x88, 0x17, 0x00, 0x00, 0xe0, 0x00, 0x00, 0x00, 0x0c, 0x00, 0x06, 0x00, 0x07, // ................
	0x00, 0x00, 0x00, 0x8a, 0x17, 0x00, 0x00, 0x01, 0x00, 0x00, 0x00, 0x08, 0x00, 0x00, 0x00, 0x89, // ................
	0x17, 0x00, 0x00, 0x85, 0x00, 0x05, 0x00, 0x07, 0x00, 0x00, 0x00, 0x8c, 0x17, 0x00, 0x00, 0xee, // ................
	0x1b, 0x00, 0x00, 0xd5, 0x01, 0x00, 0x00, 0x81, 0x00, 0x05, 0x00, 0x07, 0x00, 0x00, 0x00, 0x8d, // ................
	0x17, 0x00, 0x00, 0x8c, 0x17, 0x00, 0x00, 0xe0, 0x00, 0x00, 0x00, 0x0c, 0x00, 0x06, 0x00, 0x07, // ................
	0x00, 0x00, 0x00, 0x8e, 0x17, 0x00, 0x00, 0x01, 0x00, 0x00, 0x00, 0x08, 0x00, 0x00, 0x00, 0x8d, // ................
	0x17, 0x00, 0x00, 0x85, 0x00, 0x05, 0x00, 0x07, 0x00, 0x00, 0x00, 0x91, 0x17, 0x00, 0x00, 0x8a, // ................
	0x17, 0x00, 0x00, 0x76, 0x1a, 0x00, 0x00, 0x0c, 0x00, 0x06, 0x00, 0x07, 0x00, 0x00, 0x00, 0x92, // ...v............
	0x17, 0x00, 0x00, 0x01, 0x00, 0x00, 0x00, 0x08, 0x00, 0x00, 0x00, 0x91, 0x17, 0x00, 0x00, 0x81, // ................
	0x00, 0x05, 0x00, 0x07, 0x00, 0x00, 0x00, 0x93, 0x17, 0x00, 0x00, 0x8a, 0x17, 0x00, 0x00, 0x92, // ................
	0x17, 0x00, 0x00, 0x83, 0x00, 0x05, 0x00, 0x07, 0x00, 0x00, 0x00, 0x96, 0x17, 0x00, 0x00, 0xf5, // ................
	0x01, 0x00, 0x00, 0x93, 0x17, 0x00, 0x00, 0x85, 0x00, 0x05, 0x00, 0x07, 0x00, 0x00, 0x00, 0x97, // ................
	0x17, 0x00, 0x00, 0x82, 0x17, 0x00, 0x00, 0x96, 0x17, 0x00, 0x00, 0x85, 0x00, 0x05, 0x00, 0x07, // ................
	0x00, 0x00, 0x00, 0x9a, 0x17, 0x00, 0x00, 0x86, 0x17, 0x00, 0x00, 0x93, 0x17, 0x00, 0x00, 0x81, // ................
	0x00, 0x05, 0x00, 0x07, 0x00, 0x00, 0x00, 0x9b, 0x17, 0x00, 0x00, 0x97, 0x17, 0x00, 0x00, 0x9a, // ................
	0x17, 0x00, 0x00, 0x85, 0x00, 0x05, 0x00, 0x07, 0x00, 0x00, 0x00, 0x9e, 0x17, 0x00, 0x00, 0x9b, // ................
	0x17, 0x00, 0x00, 0xef, 0x1b, 0x00, 0x00, 0xb8, 0x00, 0x05, 0x00, 0x8b, 0x00, 0x00, 0x00, 0xa1, // ................
	0x17, 0x00, 0x00, 0x7a, 0x17, 0x00, 0x00, 0xee, 0x00, 0x00, 0x00, 0xf7, 0x00, 0x03, 0x00, 0xa9, // ...z............
	0x17, 0x00, 0x00, 0x00, 0x00, 0x00, 0x00, 0xfa, 0x00, 0x04, 0x00, 0xa1, 0x17, 0x00, 0x00, 0xa2, // ................
	0x17, 0x00, 0x00, 0xa9, 0x17, 0x00, 0x00, 0xf8, 0x00, 0x02, 0x00, 0xa2, 0x17, 0x00, 0x00, 0x51, // ...............Q
	0x00, 0x05, 0x00, 0x07, 0x00, 0x00, 0x00, 0xa4, 0x17, 0x00, 0x00, 0x7b, 0x06, 0x00, 0x00, 0x00, // ...........{....
	0x00, 0x00, 0x00, 0xba, 0x00, 0x05, 0x00, 0x8b, 0x00, 0x00, 0x00, 0xa5, 0x17, 0x00, 0x00, 0xa4, // ................
	0x17, 0x00, 0x00, 0xe0, 0x00, 0x00, 0x00, 0xa9, 0x00, 0x06, 0x00, 0x07, 0x00, 0x00, 0x00, 0xa6, // ................
	0x17, 0x00, 0x00, 0xa5, 0x17, 0x00, 0x00, 0x0a, 0x02, 0x00, 0x00, 0xeb, 0x00, 0x00, 0x00, 0x81, // ................
	0x00, 0x05, 0x00, 0x07, 0x00, 0x00, 0x00, 0xa8, 0x17, 0x00, 0x00, 0x9e, 0x17, 0x00, 0x00, 0xa6, // ................
	0x17, 0x00, 0x00, 0xf9, 0x00, 0x02, 0x00, 0xa9, 0x17, 0x00, 0x00, 0xf8, 0x00, 0x02, 0x00, 0xa9, // ................
	0x17, 0x00, 0x00, 0xf5, 0x00, 0x07, 0x00, 0x07, 0x00, 0x00, 0x00, 0xf0, 0x1b, 0x00, 0x00, 0x9e, // ................
	0x17, 0x00, 0x00, 0xdc, 0x17, 0x00, 0x00, 0xa8, 0x17, 0x00, 0x00, 0xa2, 0x17, 0x00, 0x00, 0x85, // ................
	0x00, 0x05, 0x00, 0x07, 0x00, 0x00, 0x00, 0xab, 0x17, 0x00, 0x00, 0xf0, 0x1b, 0x00, 0x00, 0x79, // ...............y
	0x1a, 0x00, 0x00, 0x0c, 0x00, 0x06, 0x00, 0x07, 0x00, 0x00, 0x00, 0xac, 0x17, 0x00, 0x00, 0x01, // ................
	0x00, 0x00, 0x00, 0x08, 0x00, 0x00, 0x00, 0xab, 0x17, 0x00, 0x00, 0x51, 0x00, 0x05, 0x00, 0x07, // ...........Q....
	0x00, 0x00, 0x00, 0xae, 0x17, 0x00, 0x00, 0x7b, 0x06, 0x00, 0x00, 0x00, 0x00, 0x00, 0x00, 0xba, // .......{........
	0x00, 0x05, 0x00, 0x8b, 0x00, 0x00, 0x00, 0xaf, 0x17, 0x00, 0x00, 0xae, 0x17, 0x00, 0x00, 0xe0, // ................
	0x00, 0x00, 0x00, 0xf7, 0x00, 0x03, 0x00, 0xb3, 0x17, 0x00, 0x00, 0x00, 0x00, 0x00, 0x00, 0xfa, // ................
	0x00, 0x04, 0x00, 0xaf, 0x17, 0x00, 0x00, 0xb0, 0x17, 0x00, 0x00, 0xb3, 0x17, 0x00, 0x00, 0xf8, // ................
	0x00, 0x02, 0x00, 0xb0, 0x17, 0x00, 0x00, 0x7f, 0x00, 0x04, 0x00, 0x07, 0x00, 0x00, 0x00, 0xb2, // ................
	0x17, 0x00, 0x00, 0xac, 0x17, 0x00, 0x00, 0xf9, 0x00, 0x02, 0x00, 0xb3, 0x17, 0x00, 0x00, 0xf8, // ................
	0x00, 0x02, 0x00, 0xb3, 0x17, 0x00, 0x00, 0xf5, 0x00, 0x07, 0x00, 0x07, 0x00, 0x00, 0x00, 0xf3, // ................
	0x1b, 0x00, 0x00, 0xac, 0x17, 0x00, 0x00, 0xa9, 0x17, 0x00, 0x00, 0xb2, 0x17, 0x00, 0x00, 0xb0, // ................
	0x17, 0x00, 0x00, 0x51, 0x00, 0x05, 0x00, 0x07, 0x00, 0x00, 0x00, 0xb6, 0x17, 0x00, 0x00, 0x7b, // ...Q...........{
	0x06, 0x00, 0x00, 0x01, 0x00, 0x00, 0x00, 0xf7, 0x00, 0x03, 0x00, 0xf4, 0x17, 0x00, 0x00, 0x00, // ................
	0x00, 0x00, 0x00, 0xfb, 0x00, 0x03, 0x00, 0x06, 0x02, 0x00, 0x00, 0xe7, 0x17, 0x00, 0x00, 0xf8, // ................
	0x00, 0x02, 0x00, 0xe7, 0x17, 0x00, 0x00, 0xb8, 0x00, 0x05, 0x00, 0x8b, 0x00, 0x00, 0x00, 0xe9, // ................
	0x17, 0x00, 0x00, 0xb6, 0x17, 0x00, 0x00, 0xe0, 0x00, 0x00, 0x00, 0xf7, 0x00, 0x03, 0x00, 0xeb, // ................
	0x17, 0x00, 0x00, 0x00, 0x00, 0x00, 0x00, 0xfa, 0x00, 0x04, 0x00, 0xe9, 0x17, 0x00, 0x00, 0xea, // ................
	0x17, 0x00, 0x00, 0xeb, 0x17, 0x00, 0x00, 0xf8, 0x00, 0x02, 0x00, 0xea, 0x17, 0x00, 0x00, 0xf9, // ................
	0x00, 0x02, 0x00, 0xf4, 0x17, 0x00, 0x00, 0xf8, 0x00, 0x02, 0x00, 0xeb, 0x17, 0x00, 0x00, 0xb8, // ................
	0x00, 0x05, 0x00, 0x8b, 0x00, 0x00, 0x00, 0xed, 0x17, 0x00, 0x00, 0xb6, 0x17, 0x00, 0x00, 0xe7, // ................
	0x00, 0x00, 0x00, 0xf7, 0x00, 0x03, 0x00, 0xef, 0x17, 0x00, 0x00, 0x00, 0x00, 0x00, 0x00, 0xfa, // ................
	0x00, 0x04, 0x00, 0xed, 0x17, 0x00, 0x00, 0xee, 0x17, 0x00, 0x00, 0xef, 0x17, 0x00, 0x00, 0xf8, // ................
	0x00, 0x02, 0x00, 0xee, 0x17, 0x00, 0x00, 0xf9, 0x00, 0x02, 0x00, 0xf4, 0x17, 0x00, 0x00, 0xf8, // ................
	0x00, 0x02, 0x00, 0xef, 0x17, 0x00, 0x00, 0xb8, 0x00, 0x05, 0x00, 0x8b, 0x00, 0x00, 0x00, 0xf1, // ................
	0x17, 0x00, 0x00, 0xb6, 0x17, 0x00, 0x00, 0xee, 0x00, 0x00, 0x00, 0xf7, 0x00, 0x03, 0x00, 0xf3, // ................
	0x17, 0x00, 0x00, 0x00, 0x00, 0x00, 0x00, 0xfa, 0x00, 0x04, 0x00, 0xf1, 0x17, 0x00, 0x00, 0xf2, // ................
	0x17, 0x00, 0x00, 0xf3, 0x17, 0x00, 0x00, 0xf8, 0x00, 0x02, 0x00, 0xf2, 0x17, 0x00, 0x00, 0xf9, // ................
	0x00, 0x02, 0x00, 0xf4, 0x17, 0x00, 0x00, 0xf8, 0x00, 0x02, 0x00, 0xf3, 0x17, 0x00, 0x00, 0xf9, // ................
	0x00, 0x02, 0x00, 0xf4, 0x17, 0x00, 0x00, 0xf8, 0x00, 0x02, 0x00, 0xf4, 0x17, 0x00, 0x00, 0xf5, // ................
	0x00, 0x0b, 0x00, 0x07, 0x00, 0x00, 0x00, 0xf1, 0x1b, 0x00, 0x00, 0xe4, 0x00, 0x00, 0x00, 0xea, // ................
	0x17, 0x00, 0x00, 0xeb, 0x00, 0x00, 0x00, 0xee, 0x17, 0x00, 0x00, 0xf2, 0x00, 0x00, 0x00, 0xf2, // ................
	0x17, 0x00, 0x00, 0xe4, 0x00, 0x00, 0x00, 0xf3, 0x17, 0x00, 0x00, 0x81, 0x00, 0x05, 0x00, 0x07, // ................
	0x00, 0x00, 0x00, 0xb8, 0x17, 0x00, 0x00, 0x8e, 0x17, 0x00, 0x00, 0xf1, 0x1b, 0x00, 0x00, 0x85, // ................
	0x00, 0x05, 0x00, 0x07, 0x00, 0x00, 0x00, 0xba, 0x17, 0x00, 0x00, 0xb8, 0x17, 0x00, 0x00, 0xef, // ................
	0x1b, 0x00, 0x00, 0x81, 0x00, 0x05, 0x00, 0x07, 0x00, 0x00, 0x00, 0xbc, 0x17, 0x00, 0x00, 0xba, // ................
	0x17, 0x00, 0x00, 0xf3, 0x1b, 0x00, 0x00, 0x88, 0x00, 0x05, 0x00, 0x07, 0x00, 0x00, 0x00, 0xbe, // ................
	0x17, 0x00, 0x00, 0xbc, 0x17, 0x00, 0x00, 0xe2, 0x17, 0x00, 0x00, 0x51, 0x00, 0x05, 0x00, 0x07, // ...........Q....
	0x00, 0x00, 0x00, 0xc0, 0x17, 0x00, 0x00, 0x7b, 0x06, 0x00, 0x00, 0x03, 0x00, 0x00, 0x00, 0xba, // .......{........
	0x00, 0x05, 0x00, 0x8b, 0x00, 0x00, 0x00, 0xc1, 0x17, 0x00, 0x00, 0xc0, 0x17, 0x00, 0x00, 0xe0, // ................
	0x00, 0x00, 0x00, 0xf7, 0x00, 0x03, 0x00, 0xc8, 0x17, 0x00, 0x00, 0x00, 0x00, 0x00, 0x00, 0xfa, // ................
	0x00, 0x04, 0x00, 0xc1, 0x17, 0x00, 0x00, 0xc2, 0x17, 0x00, 0x00, 0xc5, 0x17, 0x00, 0x00, 0xf8, // ................
	0x00, 0x02, 0x00, 0xc2, 0x17, 0x00, 0x00, 0x0c, 0x00, 0x08, 0x00, 0x07, 0x00, 0x00, 0x00, 0xc4, // ................
	0x17, 0x00, 0x00, 0x01, 0x00, 0x00, 0x00, 0x2b, 0x00, 0x00, 0x00, 0xbe, 0x17, 0x00, 0x00, 0xe4, // .......+........
	0x00, 0x00, 0x00, 0xd5, 0x01, 0x00, 0x00, 0xf9, 0x00, 0x02, 0x00, 0xc8, 0x17, 0x00, 0x00, 0xf8, // ................
	0x00, 0x02, 0x00, 0xc5, 0x17, 0x00, 0x00, 0x0c, 0x00, 0x08, 0x00, 0x07, 0x00, 0x00, 0x00, 0xc7, // ................
	0x17, 0x00, 0x00, 0x01, 0x00, 0x00, 0x00, 0x2b, 0x00, 0x00, 0x00, 0xbe, 0x17, 0x00, 0x00, 0x35, // .......+.......5
	0x02, 0x00, 0x00, 0x37, 0x02, 0x00, 0x00, 0xf9, 0x00, 0x02, 0x00, 0xc8, 0x17, 0x00, 0x00, 0xf8, // ...7............
	0x00, 0x02, 0x00, 0xc8, 0x17, 0x00, 0x00, 0xf5, 0x00, 0x07, 0x00, 0x07, 0x00, 0x00, 0x00, 0xf4, // ................
	0x1b, 0x00, 0x00, 0xc4, 0x17, 0x00, 0x00, 0xc2, 0x17, 0x00, 0x00, 0xc7, 0x17, 0x00, 0x00, 0xc5, // ................
	0x17, 0x00, 0x00, 0x85, 0x00, 0x05, 0x00, 0x07, 0x00, 0x00, 0x00, 0xca, 0x17, 0x00, 0x00, 0xf4, // ................
	0x1b, 0x00, 0x00, 0x7b, 0x1a, 0x00, 0x00, 0x51, 0x00, 0x05, 0x00, 0x07, 0x00, 0x00, 0x00, 0x92, // ...{...Q........
	0x13, 0x00, 0x00, 0x6d, 0x06, 0x00, 0x00, 0x01, 0x00, 0x00, 0x00, 0xb8, 0x00, 0x05, 0x00, 0x8b, // ...m............
	0x00, 0x00, 0x00, 0xf8, 0x17, 0x00, 0x00, 0x92, 0x13, 0x00, 0x00, 0xe0, 0x00, 0x00, 0x00, 0xf7, // ................
	0x00, 0x03, 0x00, 0x0d, 0x18, 0x00, 0x00, 0x00, 0x00, 0x00, 0x00, 0xfa, 0x00, 0x04, 0x00, 0xf8, // ................
	0x17, 0x00, 0x00, 0xf9, 0x17, 0x00, 0x00, 0xfc, 0x17, 0x00, 0x00, 0xf8, 0x00, 0x02, 0x00, 0xf9, // ................
	0x17, 0x00, 0x00, 0x52, 0x00, 0x06, 0x00, 0x0d, 0x00, 0x00, 0x00, 0x64, 0x1a, 0x00, 0x00, 0xca, // ...R.......d....
	0x17, 0x00, 0x00, 0xd3, 0x1b, 0x00, 0x00, 0x03, 0x00, 0x00, 0x00, 0xf9, 0x00, 0x02, 0x00, 0x0d, // ................
	0x18, 0x00, 0x00, 0xf8, 0x00, 0x02, 0x00, 0xfc, 0x17, 0x00, 0x00, 0xb8, 0x00, 0x05, 0x00, 0x8b, // ................
	0x00, 0x00, 0x00, 0xfe, 0x17, 0x00, 0x00, 0x92, 0x13, 0x00, 0x00, 0xe7, 0x00, 0x00, 0x00, 0xf7, // ................
	0x00, 0x03, 0x00, 0x0c, 0x18, 0x00, 0x00, 0x00, 0x00, 0x00, 0x00, 0xfa, 0x00, 0x04, 0x00, 0xfe, // ................
	0x17, 0x00, 0x00, 0xff, 0x17, 0x00, 0x00, 0x02, 0x18, 0x00, 0x00, 0xf8, 0x00, 0x02, 0x00, 0xff, // ................
	0x17, 0x00, 0x00, 0x52, 0x00, 0x06, 0x00, 0x0d, 0x00, 0x00, 0x00, 0x66, 0x1a, 0x00, 0x00, 0xca, // ...R.......f....
	0x17, 0x00, 0x00, 0xd6, 0x1b, 0x00, 0x00, 0x03, 0x00, 0x00, 0x00, 0xf9, 0x00, 0x02, 0x00, 0x0c, // ................
	0x18, 0x00, 0x00, 0xf8, 0x00, 0x02, 0x00, 0x02, 0x18, 0x00, 0x00, 0xb8, 0x00, 0x05, 0x00, 0x8b, // ................
	0x00, 0x00, 0x00, 0x04, 0x18, 0x00, 0x00, 0x92, 0x13, 0x00, 0x00, 0xee, 0x00, 0x00, 0x00, 0xf7, // ................
	0x00, 0x03, 0x00, 0x0b, 0x18, 0x00, 0x00, 0x00, 0x00, 0x00, 0x00, 0xfa, 0x00, 0x04, 0x00, 0x04, // ................
	0x18, 0x00, 0x00, 0x05, 0x18, 0x00, 0x00, 0x08, 0x18, 0x00, 0x00, 0xf8, 0x00, 0x02, 0x00, 0x05, // ................
	0x18, 0x00, 0x00, 0x52, 0x00, 0x06, 0x00, 0x0d, 0x00, 0x00, 0x00, 0x68, 0x1a, 0x00, 0x00, 0xca, // ...R.......h....
	0x17, 0x00, 0x00, 0xd9, 0x1b, 0x00, 0x00, 0x03, 0x00, 0x00, 0x00, 0xf9, 0x00, 0x02, 0x00, 0x0b, // ................
	0x18, 0x00, 0x00, 0xf8, 0x00, 0x02, 0x00, 0x08, 0x18, 0x00, 0x00, 0x52, 0x00, 0x06, 0x00, 0x0d, // ...........R....
	0x00, 0x00, 0x00, 0x6a, 0x1a, 0x00, 0x00, 0xca, 0x17, 0x00, 0x00, 0xdc, 0x1b, 0x00, 0x00, 0x03, // ...j............
	0x00, 0x00, 0x00, 0xf9, 0x00, 0x02, 0x00, 0x0b, 0x18, 0x00, 0x00, 0xf8, 0x00, 0x02, 0x00, 0x0b, // ................
	0x18, 0x00, 0x00, 0xf5, 0x00, 0x07, 0x00, 0x0d, 0x00, 0x00, 0x00, 0x18, 0x1c, 0x00, 0x00, 0xdc, // ................
	0x1b, 0x00, 0x00, 0x05, 0x18, 0x00, 0x00, 0x6a, 0x1a, 0x00, 0x00, 0x08, 0x18, 0x00, 0x00, 0xf5, // .......j........
	0x00, 0x07, 0x00, 0x0d, 0x00, 0x00, 0x00, 0x15, 0x1c, 0x00, 0x00, 0x68, 0x1a, 0x00, 0x00, 0x05, // ...........h....
	0x18, 0x00, 0x00, 0xd9, 0x1b, 0x00, 0x00, 0x08, 0x18, 0x00, 0x00, 0xf9, 0x00, 0x02, 0x00, 0x0c, // ................
	0x18, 0x00, 0x00, 0xf8, 0x00, 0x02, 0x00, 0x0c, 0x18, 0x00, 0x00, 0xf5, 0x00, 0x07, 0x00, 0x0d, // ................
	0x00, 0x00, 0x00, 0x17, 0x1c, 0x00, 0x00, 0xdc, 0x1b, 0x00, 0x00, 0xff, 0x17, 0x00, 0x00, 0x18, // ................
	0x1c, 0x00, 0x00, 0x0b, 0x18, 0x00, 0x00, 0xf5, 0x00, 0x07, 0x00, 0x0d, 0x00, 0x00, 0x00, 0x14, // ................
	0x1c, 0x00, 0x00, 0xd9, 0x1b, 0x00, 0x00, 0xff, 0x17, 0x00, 0x00, 0x15, 0x1c, 0x00, 0x00, 0x0b, // ................
	0x18, 0x00, 0x00, 0xf5, 0x00, 0x07, 0x00, 0x0d, 0x00, 0x00, 0x00, 0x11, 0x1c, 0x00, 0x00, 0x66, // ...............f
	0x1a, 0x00, 0x00, 0xff, 0x17, 0x00, 0x00, 0xd6, 0x1b, 0x00, 0x00, 0x0b, 0x18, 0x00, 0x00, 0xf9, // ................
	0x00, 0x02, 0x00, 0x0d, 0x18, 0x00, 0x00, 0xf8, 0x00, 0x02, 0x00, 0x0d, 0x18, 0x00, 0x00, 0xf5, // ................
	0x00, 0x07, 0x00, 0x0d, 0x00, 0x00, 0x00, 0x16, 0x1c, 0x00, 0x00, 0xdc, 0x1b, 0x00, 0x00, 0xf9, // ................
	0x17, 0x00, 0x00, 0x17, 0x1c, 0x00, 0x00, 0x0c, 0x18, 0x00, 0x00, 0xf5, 0x00, 0x07, 0x00, 0x0d, // ................
	0x00, 0x00, 0x00, 0x13, 0x1c, 0x00, 0x00, 0xd9, 0x1b, 0x00, 0x00, 0xf9, 0x17, 0x00, 0x00, 0x14, // ................
	0x1c, 0x00, 0x00, 0x0c, 0x18, 0x00, 0x00, 0xf5, 0x00, 0x07, 0x00, 0x0d, 0x00, 0x00, 0x00, 0x10, // ................
	0x1c, 0x00, 0x00, 0xd6, 0x1b, 0x00, 0x00, 0xf9, 0x17, 0x00, 0x00, 0x11, 0x1c, 0x00, 0x00, 0x0c, // ................
	0x18, 0x00, 0x00, 0xf5, 0x00, 0x07, 0x00, 0x0d, 0x00, 0x00, 0x00, 0x0d, 0x1c, 0x00, 0x00, 0x64, // ...............d
	0x1a, 0x00, 0x00, 0xf9, 0x17, 0x00, 0x00, 0xd3, 0x1b, 0x00, 0x00, 0x0c, 0x18, 0x00, 0x00, 0xf9, // ................
	0x00, 0x02, 0x00, 0x8a, 0x06, 0x00, 0x00, 0xf8, 0x00, 0x02, 0x00, 0x8a, 0x06, 0x00, 0x00, 0xf5, // ................
	0x00, 0x07, 0x00, 0x0d, 0x00, 0x00, 0x00, 0x72, 0x1c, 0x00, 0x00, 0xa1, 0x1b, 0x00, 0x00, 0x67, // .......r.......g
	0x06, 0x00, 0x00, 0x16, 0x1c, 0x00, 0x00, 0x0d, 0x18, 0x00, 0x00, 0xf5, 0x00, 0x07, 0x00, 0x0d, // ................
	0x00, 0x00, 0x00, 0x71, 0x1c, 0x00, 0x00, 0x9c, 0x1b, 0x00, 0x00, 0x67, 0x06, 0x00, 0x00, 0x13, // ...q.......g....
	0x1c, 0x00, 0x00, 0x0d, 0x18, 0x00, 0x00, 0xf5, 0x00, 0x07, 0x00, 0x0d, 0x00, 0x00, 0x00, 0x70, // ...............p
	0x1c, 0x00, 0x00, 0x97, 0x1b, 0x00, 0x00, 0x67, 0x06, 0x00, 0x00, 0x10, 0x1c, 0x00, 0x00, 0x0d, // .......g........
	0x18, 0x00, 0x00, 0xf5, 0x00, 0x07, 0x00, 0x0d, 0x00, 0x00, 0x00, 0x6f, 0x1c, 0x00, 0x00, 0x92, // ...........o....
	0x1b, 0x00, 0x00, 0x67, 0x06, 0x00, 0x00, 0x0d, 0x1c, 0x00, 0x00, 0x0d, 0x18, 0x00, 0x00, 0xf5, // ...g............
	0x00, 0x07, 0x00, 0x0d, 0x00, 0x00, 0x00, 0x19, 0x1c, 0x00, 0x00, 0x1a, 0x1c, 0x00, 0x00, 0x67, // ...............g
	0x06, 0x00, 0x00, 0x6d, 0x06, 0x00, 0x00, 0x0d, 0x18, 0x00, 0x00, 0x51, 0x00, 0x05, 0x00, 0x07, // ...m.......Q....
	0x00, 0x00, 0x00, 0x8c, 0x06, 0x00, 0x00, 0x19, 0x1c, 0x00, 0x00, 0x00, 0x00, 0x00, 0x00, 0xf7, // ................
	0x00, 0x03, 0x00, 0x27, 0x18, 0x00, 0x00, 0x00, 0x00, 0x00, 0x00, 0xfb, 0x00, 0x03, 0x00, 0x06, // ...'............
	0x02, 0x00, 0x00, 0x12, 0x18, 0x00, 0x00, 0xf8, 0x00, 0x02, 0x00, 0x12, 0x18, 0x00, 0x00, 0xb8, // ................
	0x00, 0x05, 0x00, 0x8b, 0x00, 0x00, 0x00, 0x14, 0x18, 0x00, 0x00, 0x8c, 0x06, 0x00, 0x00, 0xe0, // ................
	0x00, 0x00, 0x00, 0xf7, 0x00, 0x03, 0x00, 0x18, 0x18, 0x00, 0x00, 0x00, 0x00, 0x00, 0x00, 0xfa, // ................
	0x00, 0x04, 0x00, 0x14, 0x18, 0x00, 0x00, 0x15, 0x18, 0x00, 0x00, 0x18, 0x18, 0x00, 0x00, 0xf8, // ................
	0x00, 0x02, 0x00, 0x15, 0x18, 0x00, 0x00, 0x4f, 0x00, 0x08, 0x00, 0x14, 0x00, 0x00, 0x00, 0x17, // .......O........
	0x18, 0x00, 0x00, 0x6f, 0x1c, 0x00, 0x00, 0x6f, 0x1c, 0x00, 0x00, 0x00, 0x00, 0x00, 0x00, 0x01, // ...o...o........
	0x00, 0x00, 0x00, 0x02, 0x00, 0x00, 0x00, 0xf9, 0x00, 0x02, 0x00, 0x27, 0x18, 0x00, 0x00, 0xf8, // ...........'....
	0x00, 0x02, 0x00, 0x18, 0x18, 0x00, 0x00, 0xb8, 0x00, 0x05, 0x00, 0x8b, 0x00, 0x00, 0x00, 0x1a, // ................
	0x18, 0x00, 0x00, 0x8c, 0x06, 0x00, 0x00, 0xe7, 0x00, 0x00, 0x00, 0xf7, 0x00, 0x03, 0x00, 0x1e, // ................
	0x18, 0x00, 0x00, 0x00, 0x00, 0x00, 0x00, 0xfa, 0x00, 0x04, 0x00, 0x1a, 0x18, 0x00, 0x00, 0x1b, // ................
	0x18, 0x00, 0x00, 0x1e, 0x18, 0x00, 0x00, 0xf8, 0x00, 0x02, 0x00, 0x1b, 0x18, 0x00, 0x00, 0x4f, // ...............O
	0x00, 0x08, 0x00, 0x14, 0x00, 0x00, 0x00, 0x1d, 0x18, 0x00, 0x00, 0x70, 0x1c, 0x00, 0x00, 0x70, // ...........p...p
	0x1c, 0x00, 0x00, 0x00, 0x00, 0x00, 0x00, 0x01, 0x00, 0x00, 0x00, 0x02, 0x00, 0x00, 0x00, 0xf9, // ................
	0x00, 0x02, 0x00, 0x27, 0x18, 0x00, 0x00, 0xf8, 0x00, 0x02, 0x00, 0x1e, 0x18, 0x00, 0x00, 0xb8, // ...'............
	0x00, 0x05, 0x00, 0x8b, 0x00, 0x00, 0x00, 0x20, 0x18, 0x00, 0x00, 0x8c, 0x06, 0x00, 0x00, 0xee, // ....... ........
	0x00, 0x00, 0x00, 0xf7, 0x00, 0x03, 0x00, 0x24, 0x18, 0x00, 0x00, 0x00, 0x00, 0x00, 0x00, 0xfa, // .......$........
	0x00, 0x04, 0x00, 0x20, 0x18, 0x00, 0x00, 0x21, 0x18, 0x00, 0x00, 0x24, 0x18, 0x00, 0x00, 0xf8, // ... ...!...$....
	0x00, 0x02, 0x00, 0x21, 0x18, 0x00, 0x00, 0x4f, 0x00, 0x08, 0x00, 0x14, 0x00, 0x00, 0x00, 0x23, // ...!...O.......#
	0x18, 0x00, 0x00, 0x71, 0x1c, 0x00, 0x00, 0x71, 0x1c, 0x00, 0x00, 0x00, 0x00, 0x00, 0x00, 0x01, // ...q...q........
	0x00, 0x00, 0x00, 0x02, 0x00, 0x00, 0x00, 0xf9, 0x00, 0x02, 0x00, 0x27, 0x18, 0x00, 0x00, 0xf8, // ...........'....
	0x00, 0x02, 0x00, 0x24, 0x18, 0x00, 0x00, 0x4f, 0x00, 0x08, 0x00, 0x14, 0x00, 0x00, 0x00, 0x26, // ...$...O.......&
	0x18, 0x00, 0x00, 0x72, 0x1c, 0x00, 0x00, 0x72, 0x1c, 0x00, 0x00, 0x00, 0x00, 0x00, 0x00, 0x01, // ...r...r........
	0x00, 0x00, 0x00, 0x02, 0x00, 0x00, 0x00, 0xf9, 0x00, 0x02, 0x00, 0x27, 0x18, 0x00, 0x00, 0xf8, // ...........'....
	0x00, 0x02, 0x00, 0x27, 0x18, 0x00, 0x00, 0xf5, 0x00, 0x0b, 0x00, 0x14, 0x00, 0x00, 0x00, 0x73, // ...'...........s
	0x1c, 0x00, 0x00, 0x17, 0x18, 0x00, 0x00, 0x15, 0x18, 0x00, 0x00, 0x1d, 0x18, 0x00, 0x00, 0x1b, // ................
	0x18, 0x00, 0x00, 0x23, 0x18, 0x00, 0x00, 0x21, 0x18, 0x00, 0x00, 0x26, 0x18, 0x00, 0x00, 0x24, // ...#...!...&...$
	0x18, 0x00, 0x00, 0x51, 0x00, 0x05, 0x00, 0x07, 0x00, 0x00, 0x00, 0x93, 0x06, 0x00, 0x00, 0x19, // ...Q............
	0x1c, 0x00, 0x00, 0x01, 0x00, 0x00, 0x00, 0xf7, 0x00, 0x03, 0x00, 0x42, 0x18, 0x00, 0x00, 0x00, // ...........B....
	0x00, 0x00, 0x00, 0xfb, 0x00, 0x03, 0x00, 0x06, 0x02, 0x00, 0x00, 0x2d, 0x18, 0x00, 0x00, 0xf8, // ...........-....
	0x00, 0x02, 0x00, 0x2d, 0x18, 0x00, 0x00, 0xb8, 0x00, 0x05, 0x00, 0x8b, 0x00, 0x00, 0x00, 0x2f, // ...-.........../
	0x18, 0x00, 0x00, 0x93, 0x06, 0x00, 0x00, 0xe0, 0x00, 0x00, 0x00, 0xf7, 0x00, 0x03, 0x00, 0x33, // ...............3
	0x18, 0x00, 0x00, 0x00, 0x00, 0x00, 0x00, 0xfa, 0x00, 0x04, 0x00, 0x2f, 0x18, 0x00, 0x00, 0x30, // .........../...0
	0x18, 0x00, 0x00, 0x33, 0x18, 0x00, 0x00, 0xf8, 0x00, 0x02, 0x00, 0x30, 0x18, 0x00, 0x00, 0x51, // ...3.......0...Q
	0x00, 0x05, 0x00, 0x07, 0x00, 0x00, 0x00, 0x32, 0x18, 0x00, 0x00, 0x6f, 0x1c, 0x00, 0x00, 0x03, // .......2...o....
	0x00, 0x00, 0x00, 0xf9, 0x00, 0x02, 0x00, 0x42, 0x18, 0x00, 0x00, 0xf8, 0x00, 0x02, 0x00, 0x33, // .......B.......3
	0x18, 0x00, 0x00, 0xb8, 0x00, 0x05, 0x00, 0x8b, 0x00, 0x00, 0x00, 0x35, 0x18, 0x00, 0x00, 0x93, // ...........5....
	0x06, 0x00, 0x00, 0xe7, 0x00, 0x00, 0x00, 0xf7, 0x00, 0x03, 0x00, 0x39, 0x18, 0x00, 0x00, 0x00, // ...........9....
	0x00, 0x00, 0x00, 0xfa, 0x00, 0x04, 0x00, 0x35, 0x18, 0x00, 0x00, 0x36, 0x18, 0x00, 0x00, 0x39, // .......5...6...9
	0x18, 0x00, 0x00, 0xf8, 0x00, 0x02, 0x00, 0x36, 0x18, 0x00, 0x00, 0x51, 0x00, 0x05, 0x00, 0x07, // .......6...Q....
	0x00, 0x00, 0x00, 0x38, 0x18, 0x00, 0x00, 0x70, 0x1c, 0x00, 0x00, 0x03, 0x00, 0x00, 0x00, 0xf9, // ...8...p........
	0x00, 0x02, 0x00, 0x42, 0x18, 0x00, 0x00, 0xf8, 0x00, 0x02, 0x00, 0x39, 0x18, 0x00, 0x00, 0xb8, // ...B.......9....
	0x00, 0x05, 0x00, 0x8b, 0x00, 0x00, 0x00, 0x3b, 0x18, 0x00, 0x00, 0x93, 0x06, 0x00, 0x00, 0xee, // .......;........
	0x00, 0x00, 0x00, 0xf7, 0x00, 0x03, 0x00, 0x3f, 0x18, 0x00, 0x00, 0x00, 0x00, 0x00, 0x00, 0xfa, // .......?........
	0x00, 0x04, 0x00, 0x3b, 0x18, 0x00, 0x00, 0x3c, 0x18, 0x00, 0x00, 0x3f, 0x18, 0x00, 0x00, 0xf8, // ...;...<...?....
	0x00, 0x02, 0x00, 0x3c, 0x18, 0x00, 0x00, 0x51, 0x00, 0x05, 0x00, 0x07, 0x00, 0x00, 0x00, 0x3e, // ...<...Q.......>
	0x18, 0x00, 0x00, 0x71, 0x1c, 0x00, 0x00, 0x03, 0x00, 0x00, 0x00, 0xf9, 0x00, 0x02, 0x00, 0x42, // ...q...........B
	0x18, 0x00, 0x00, 0xf8, 0x00, 0x02, 0x00, 0x3f, 0x18, 0x00, 0x00, 0x51, 0x00, 0x05, 0x00, 0x07, // .......?...Q....
	0x00, 0x00, 0x00, 0x41, 0x18, 0x00, 0x00, 0x72, 0x1c, 0x00, 0x00, 0x03, 0x00, 0x00, 0x00, 0xf9, // ...A...r........
	0x00, 0x02, 0x00, 0x42, 0x18, 0x00, 0x00, 0xf8, 0x00, 0x02, 0x00, 0x42, 0x18, 0x00, 0x00, 0xf5, // ...B.......B....
	0x00, 0x0b, 0x00, 0x07, 0x00, 0x00, 0x00, 0x79, 0x1c, 0x00, 0x00, 0x32, 0x18, 0x00, 0x00, 0x30, // .......y...2...0
	0x18, 0x00, 0x00, 0x38, 0x18, 0x00, 0x00, 0x36, 0x18, 0x00, 0x00, 0x3e, 0x18, 0x00, 0x00, 0x3c, // ...8...6...>...<
	0x18, 0x00, 0x00, 0x41, 0x18, 0x00, 0x00, 0x3f, 0x18, 0x00, 0x00, 0x51, 0x00, 0x05, 0x00, 0x07, // ...A...?...Q....
	0x00, 0x00, 0x00, 0x99, 0x06, 0x00, 0x00, 0x73, 0x1c, 0x00, 0x00, 0x00, 0x00, 0x00, 0x00, 0x51, // .......s.......Q
	0x00, 0x05, 0x00, 0x07, 0x00, 0x00, 0x00, 0x9a, 0x06, 0x00, 0x00, 0x73, 0x1c, 0x00, 0x00, 0x01, // ...........s....
	0x00, 0x00, 0x00, 0x51, 0x00, 0x05, 0x00, 0x07, 0x00, 0x00, 0x00, 0x9b, 0x06, 0x00, 0x00, 0x73, // ...Q...........s
	0x1c, 0x00, 0x00, 0x02, 0x00, 0x00, 0x00, 0x50, 0x00, 0x07, 0x00, 0x0d, 0x00, 0x00, 0x00, 0x9c, // .......P........
	0x06, 0x00, 0x00, 0x99, 0x06, 0x00, 0x00, 0x9a, 0x06, 0x00, 0x00, 0x9b, 0x06, 0x00, 0x00, 0x79, // ...............y
	0x1c, 0x00, 0x00, 0xf7, 0x00, 0x03, 0x00, 0x7d, 0x18, 0x00, 0x00, 0x00, 0x00, 0x00, 0x00, 0xfb, // .......}........
	0x00, 0x03, 0x00, 0x06, 0x02, 0x00, 0x00, 0x50, 0x18, 0x00, 0x00, 0xf8, 0x00, 0x02, 0x00, 0x50, // .......P.......P
	0x18, 0x00, 0x00, 0x41, 0x00, 0x06, 0x00, 0x51, 0x04, 0x00, 0x00, 0x51, 0x18, 0x00, 0x00, 0x4f, // ...A...Q...Q...O
	0x04, 0x00, 0x00, 0x50, 0x04, 0x00, 0x00, 0x1d, 0x02, 0x00, 0x00, 0x3d, 0x00, 0x04, 0x00, 0x07, // ...P.......=....
	0x00, 0x00, 0x00, 0x52, 0x18, 0x00, 0x00, 0x51, 0x18, 0x00, 0x00, 0xb8, 0x00, 0x05, 0x00, 0x8b, // ...R...Q........
	0x00, 0x00, 0x00, 0x53, 0x18, 0x00, 0x00, 0x52, 0x18, 0x00, 0x00, 0xe0, 0x00, 0x00, 0x00, 0xf7, // ...S...R........
	0x00, 0x03, 0x00, 0x55, 0x18, 0x00, 0x00, 0x00, 0x00, 0x00, 0x00, 0xfa, 0x00, 0x04, 0x00, 0x53, // ...U...........S
	0x18, 0x00, 0x00, 0x54, 0x18, 0x00, 0x00, 0x55, 0x18, 0x00, 0x00, 0xf8, 0x00, 0x02, 0x00, 0x54, // ...T...U.......T
	0x18, 0x00, 0x00, 0xf9, 0x00, 0x02, 0x00, 0x7d, 0x18, 0x00, 0x00, 0xf8, 0x00, 0x02, 0x00, 0x55, // .......}.......U
	0x18, 0x00, 0x00, 0x41, 0x00, 0x06, 0x00, 0x51, 0x04, 0x00, 0x00, 0x57, 0x18, 0x00, 0x00, 0x4f, // ...A...Q...W...O
	0x04, 0x00, 0x00, 0x5a, 0x04, 0x00, 0x00, 0x06, 0x02, 0x00, 0x00, 0x3d, 0x00, 0x04, 0x00, 0x07, // ...Z.......=....
	0x00, 0x00, 0x00, 0x58, 0x18, 0x00, 0x00, 0x57, 0x18, 0x00, 0x00, 0x41, 0x00, 0x06, 0x00, 0x51, // ...X...W...A...Q
	0x04, 0x00, 0x00, 0x59, 0x18, 0x00, 0x00, 0x4f, 0x04, 0x00, 0x00, 0x5a, 0x04, 0x00, 0x00, 0x1d, // ...Y...O...Z....
	0x02, 0x00, 0x00, 0x3d, 0x00, 0x04, 0x00, 0x07, 0x00, 0x00, 0x00, 0x5a, 0x18, 0x00, 0x00, 0x59, // ...=.......Z...Y
	0x18, 0x00, 0x00, 0xf7, 0x00, 0x03, 0x00, 0xb6, 0x18, 0x00, 0x00, 0x00, 0x00, 0x00, 0x00, 0xfb, // ................
	0x00, 0x03, 0x00, 0x06, 0x02, 0x00, 0x00, 0x83, 0x18, 0x00, 0x00, 0xf8, 0x00, 0x02, 0x00, 0x83, // ................
	0x18, 0x00, 0x00, 0xb8, 0x00, 0x05, 0x00, 0x8b, 0x00, 0x00, 0x00, 0x85, 0x18, 0x00, 0x00, 0x58, // ...............X
	0x18, 0x00, 0x00, 0xe0, 0x00, 0x00, 0x00, 0xf7, 0x00, 0x03, 0x00, 0x87, 0x18, 0x00, 0x00, 0x00, // ................
	0x00, 0x00, 0x00, 0xfa, 0x00, 0x04, 0x00, 0x85, 0x18, 0x00, 0x00, 0x86, 0x18, 0x00, 0x00, 0x87, // ................
	0x18, 0x00, 0x00, 0xf8, 0x00, 0x02, 0x00, 0x86, 0x18, 0x00, 0x00, 0xf9, 0x00, 0x02, 0x00, 0xb6, // ................
	0x18, 0x00, 0x00, 0xf8, 0x00, 0x02, 0x00, 0x87, 0x18, 0x00, 0x00, 0xb8, 0x00, 0x05, 0x00, 0x8b, // ................
	0x00, 0x00, 0x00, 0x89, 0x18, 0x00, 0x00, 0x58, 0x18, 0x00, 0x00, 0xe7, 0x00, 0x00, 0x00, 0xf7, // .......X........
	0x00, 0x03, 0x00, 0x8e, 0x18, 0x00, 0x00, 0x00, 0x00, 0x00, 0x00, 0xfa, 0x00, 0x04, 0x00, 0x89, // ................
	0x18, 0x00, 0x00, 0x8a, 0x18, 0x00, 0x00, 0x8e, 0x18, 0x00, 0x00, 0xf8, 0x00, 0x02, 0x00, 0x8a, // ................
	0x18, 0x00, 0x00, 0xb8, 0x00, 0x05, 0x00, 0x8b, 0x00, 0x00, 0x00, 0x8d, 0x18, 0x00, 0x00, 0x79, // ...............y
	0x1c, 0x00, 0x00, 0x5a, 0x18, 0x00, 0x00, 0xf9, 0x00, 0x02, 0x00, 0xb6, 0x18, 0x00, 0x00, 0xf8, // ...Z............
	0x00, 0x02, 0x00, 0x8e, 0x18, 0x00, 0x00, 0xb8, 0x00, 0x05, 0x00, 0x8b, 0x00, 0x00, 0x00, 0x90, // ................
	0x18, 0x00, 0x00, 0x58, 0x18, 0x00, 0x00, 0xee, 0x00, 0x00, 0x00, 0xf7, 0x00, 0x03, 0x00, 0x97, // ...X............
	0x18, 0x00, 0x00, 0x00, 0x00, 0x00, 0x00, 0xfa, 0x00, 0x04, 0x00, 0x90, 0x18, 0x00, 0x00, 0x91, // ................
	0x18, 0x00, 0x00, 0x97, 0x18, 0x00, 0x00, 0xf8, 0x00, 0x02, 0x00, 0x91, 0x18, 0x00, 0x00, 0x83, // ................
	0x00, 0x05, 0x00, 0x07, 0x00, 0x00, 0x00, 0x94, 0x18, 0x00, 0x00, 0x79, 0x1c, 0x00, 0x00, 0x5a, // ...........y...Z
	0x18, 0x00, 0x00, 0x0c, 0x00, 0x06, 0x00, 0x07, 0x00, 0x00, 0x00, 0x95, 0x18, 0x00, 0x00, 0x01, // ................
	0x00, 0x00, 0x00, 0x04, 0x00, 0x00, 0x00, 0x94, 0x18, 0x00, 0x00, 0xb8, 0x00, 0x05, 0x00, 0x8b, // ................
	0x00, 0x00, 0x00, 0x96, 0x18, 0x00, 0x00, 0x95, 0x18, 0x00, 0x00, 0x25, 0x04, 0x00, 0x00, 0xf9, // ...........%....
	0x00, 0x02, 0x00, 0xb6, 0x18, 0x00, 0x00, 0xf8, 0x00, 0x02, 0x00, 0x97, 0x18, 0x00, 0x00, 0xb8, // ................
	0x00, 0x05, 0x00, 0x8b, 0x00, 0x00, 0x00, 0x99, 0x18, 0x00, 0x00, 0x58, 0x18, 0x00, 0x00, 0x28, // ...........X...(
	0x01, 0x00, 0x00, 0xf7, 0x00, 0x03, 0x00, 0x9e, 0x18, 0x00, 0x00, 0x00, 0x00, 0x00, 0x00, 0xfa, // ................
	0x00, 0x04, 0x00, 0x99, 0x18, 0x00, 0x00, 0x9a, 0x18, 0x00, 0x00, 0x9e, 0x18, 0x00, 0x00, 0xf8, // ................
	0x00, 0x02, 0x00, 0x9a, 0x18, 0x00, 0x00, 0xbc, 0x00, 0x05, 0x00, 0x8b, 0x00, 0x00, 0x00, 0x9d, // ................
	0x18, 0x00, 0x00, 0x79, 0x1c, 0x00, 0x00, 0x5a, 0x18, 0x00, 0x00, 0xf9, 0x00, 0x02, 0x00, 0xb6, // ...y...Z........
	0x18, 0x00, 0x00, 0xf8, 0x00, 0x02, 0x00, 0x9e, 0x18, 0x00, 0x00, 0xb8, 0x00, 0x05, 0x00, 0x8b, // ................
	0x00, 0x00, 0x00, 0xa0, 0x18, 0x00, 0x00, 0x58, 0x18, 0x00, 0x00, 0x32, 0x01, 0x00, 0x00, 0xf7, // .......X...2....
	0x00, 0x03, 0x00, 0xa5, 0x18, 0x00, 0x00, 0x00, 0x00, 0x00, 0x00, 0xfa, 0x00, 0x04, 0x00, 0xa0, // ................
	0x18, 0x00, 0x00, 0xa1, 0x18, 0x00, 0x00, 0xa5, 0x18, 0x00, 0x00, 0xf8, 0x00, 0x02, 0x00, 0xa1, // ................
	0x18, 0x00, 0x00, 0xba, 0x00, 0x05, 0x00, 0x8b, 0x00, 0x00, 0x00, 0xa4, 0x18, 0x00, 0x00, 0x79, // ...............y
	0x1c, 0x00, 0x00, 0x5a, 0x18, 0x00, 0x00, 0xf9, 0x00, 0x02, 0x00, 0xb6, 0x18, 0x00, 0x00, 0xf8, // ...Z............
	0x00, 0x02, 0x00, 0xa5, 0x18, 0x00, 0x00, 0xb8, 0x00, 0x05, 0x00, 0x8b, 0x00, 0x00, 0x00, 0xa7, // ................
	0x18, 0x00, 0x00, 0x58, 0x18, 0x00, 0x00, 0x3a, 0x01, 0x00, 0x00, 0xf7, 0x00, 0x03, 0x00, 0xae, // ...X...:........
	0x18, 0x00, 0x00, 0x00, 0x00, 0x00, 0x00, 0xfa, 0x00, 0x04, 0x00, 0xa7, 0x18, 0x00, 0x00, 0xa8, // ................
	0x18, 0x00, 0x00, 0xae, 0x18, 0x00, 0x00, 0xf8, 0x00, 0x02, 0x00, 0xa8, 0x18, 0x00, 0x00, 0x83, // ................
	0x00, 0x05, 0x00, 0x07, 0x00, 0x00, 0x00, 0xab, 0x18, 0x00, 0x00, 0x79, 0x1c, 0x00, 0x00, 0x5a, // ...........y...Z
	0x18, 0x00, 0x00, 0x0c, 0x00, 0x06, 0x00, 0x07, 0x00, 0x00, 0x00, 0xac, 0x18, 0x00, 0x00, 0x01, // ................
	0x00, 0x00, 0x00, 0x04, 0x00, 0x00, 0x00, 0xab, 0x18, 0x00, 0x00, 0xbe, 0x00, 0x05, 0x00, 0x8b, // ................
	0x00, 0x00, 0x00, 0xad, 0x18, 0x00, 0x00, 0xac, 0x18, 0x00, 0x00, 0x25, 0x04, 0x00, 0x00, 0xf9, // ...........%....
	0x00, 0x02, 0x00, 0xb6, 0x18, 0x00, 0x00, 0xf8, 0x00, 0x02, 0x00, 0xae, 0x18, 0x00, 0x00, 0xb8, // ................
	0x00, 0x05, 0x00, 0x8b, 0x00, 0x00, 0x00, 0xb0, 0x18, 0x00, 0x00, 0x58, 0x18, 0x00, 0x00, 0x44, // ...........X...D
	0x01, 0x00, 0x00, 0xf7, 0x00, 0x03, 0x00, 0xb5, 0x18, 0x00, 0x00, 0x00, 0x00, 0x00, 0x00, 0xfa, // ................
	0x00, 0x04, 0x00, 0xb0, 0x18, 0x00, 0x00, 0xb1, 0x18, 0x00, 0x00, 0xb5, 0x18, 0x00, 0x00, 0xf8, // ................
	0x00, 0x02, 0x00, 0xb1, 0x18, 0x00, 0x00, 0xbe, 0x00, 0x05, 0x00, 0x8b, 0x00, 0x00, 0x00, 0xb4, // ................
	0x18, 0x00, 0x00, 0x79, 0x1c, 0x00, 0x00, 0x5a, 0x18, 0x00, 0x00, 0xf9, 0x00, 0x02, 0x00, 0xb6, // ...y...Z........
	0x18, 0x00, 0x00, 0xf8, 0x00, 0x02, 0x00, 0xb5, 0x18, 0x00, 0x00, 0xf9, 0x00, 0x02, 0x00, 0xb6, // ................
	0x18, 0x00, 0x00, 0xf8, 0x00, 0x02, 0x00, 0xb6, 0x18, 0x00, 0x00, 0xf5, 0x00, 0x13, 0x00, 0x8b, // ................
	0x00, 0x00, 0x00, 0x7a, 0x1c, 0x00, 0x00, 0x13, 0x04, 0x00, 0x00, 0x86, 0x18, 0x00, 0x00, 0x8d, // ...z............
	0x18, 0x00, 0x00, 0x8a, 0x18, 0x00, 0x00, 0x96, 0x18, 0x00, 0x00, 0x91, 0x18, 0x00, 0x00, 0x9d, // ................
	0x18, 0x00, 0x00, 0x9a, 0x18, 0x00, 0x00, 0xa4, 0x18, 0x00, 0x00, 0xa1, 0x18, 0x00, 0x00, 0xad, // ................
	0x18, 0x00, 0x00, 0xa8, 0x18, 0x00, 0x00, 0xb4, 0x18, 0x00, 0x00, 0xb1, 0x18, 0x00, 0x00, 0x4a, // ...............J
	0x04, 0x00, 0x00, 0xb5, 0x18, 0x00, 0x00, 0x41, 0x00, 0x06, 0x00, 0x51, 0x04, 0x00, 0x00, 0x5d, // .......A...Q...]
	0x18, 0x00, 0x00, 0x4f, 0x04, 0x00, 0x00, 0x5a, 0x04, 0x00, 0x00, 0x1b, 0x01, 0x00, 0x00, 0x3d, // ...O...Z.......=
	0x00, 0x04, 0x00, 0x07, 0x00, 0x00, 0x00, 0x5e, 0x18, 0x00, 0x00, 0x5d, 0x18, 0x00, 0x00, 0x41, // .......^...]...A
	0x00, 0x06, 0x00, 0x51, 0x04, 0x00, 0x00, 0x5f, 0x18, 0x00, 0x00, 0x4f, 0x04, 0x00, 0x00, 0x50, // ...Q..._...O...P
	0x04, 0x00, 0x00, 0x06, 0x02, 0x00, 0x00, 0x3d, 0x00, 0x04, 0x00, 0x07, 0x00, 0x00, 0x00, 0x60, // .......=.......`
	0x18, 0x00, 0x00, 0x5f, 0x18, 0x00, 0x00, 0xf7, 0x00, 0x03, 0x00, 0xef, 0x18, 0x00, 0x00, 0x00, // ..._............
	0x00, 0x00, 0x00, 0xfb, 0x00, 0x03, 0x00, 0x06, 0x02, 0x00, 0x00, 0xbc, 0x18, 0x00, 0x00, 0xf8, // ................
	0x00, 0x02, 0x00, 0xbc, 0x18, 0x00, 0x00, 0xb8, 0x00, 0x05, 0x00, 0x8b, 0x00, 0x00, 0x00, 0xbe, // ................
	0x18, 0x00, 0x00, 0x5e, 0x18, 0x00, 0x00, 0xe0, 0x00, 0x00, 0x00, 0xf7, 0x00, 0x03, 0x00, 0xc0, // ...^............
	0x18, 0x00, 0x00, 0x00, 0x00, 0x00, 0x00, 0xfa, 0x00, 0x04, 0x00, 0xbe, 0x18, 0x00, 0x00, 0xbf, // ................
	0x18, 0x00, 0x00, 0xc0, 0x18, 0x00, 0x00, 0xf8, 0x00, 0x02, 0x00, 0xbf, 0x18, 0x00, 0x00, 0xf9, // ................
	0x00, 0x02, 0x00, 0xef, 0x18, 0x00, 0x00, 0xf8, 0x00, 0x02, 0x00, 0xc0, 0x18, 0x00, 0x00, 0xb8, // ................
	0x00, 0x05, 0x00, 0x8b, 0x00, 0x00, 0x00, 0xc2, 0x18, 0x00, 0x00, 0x5e, 0x18, 0x00, 0x00, 0xe7, // ...........^....
	0x00, 0x00, 0x00, 0xf7, 0x00, 0x03, 0x00, 0xc7, 0x18, 0x00, 0x00, 0x00, 0x00, 0x00, 0x00, 0xfa, // ................
	0x00, 0x04, 0x00, 0xc2, 0x18, 0x00, 0x00, 0xc3, 0x18, 0x00, 0x00, 0xc7, 0x18, 0x00, 0x00, 0xf8, // ................
	0x00, 0x02, 0x00, 0xc3, 0x18, 0x00, 0x00, 0xb8, 0x00, 0x05, 0x00, 0x8b, 0x00, 0x00, 0x00, 0xc6, // ................
	0x18, 0x00, 0x00, 0x79, 0x1c, 0x00, 0x00, 0x60, 0x18, 0x00, 0x00, 0xf9, 0x00, 0x02, 0x00, 0xef, // ...y...`........
	0x18, 0x00, 0x00, 0xf8, 0x00, 0x02, 0x00, 0xc7, 0x18, 0x00, 0x00, 0xb8, 0x00, 0x05, 0x00, 0x8b, // ................
	0x00, 0x00, 0x00, 0xc9, 0x18, 0x00, 0x00, 0x5e, 0x18, 0x00, 0x00, 0xee, 0x00, 0x00, 0x00, 0xf7, // .......^........
	0x00, 0x03, 0x00, 0xd0, 0x18, 0x00, 0x00, 0x00, 0x00, 0x00, 0x00, 0xfa, 0x00, 0x04, 0x00, 0xc9, // ................
	0x18, 0x00, 0x00, 0xca, 0x18, 0x00, 0x00, 0xd0, 0x18, 0x00, 0x00, 0xf8, 0x00, 0x02, 0x00, 0xca, // ................
	0x18, 0x00, 0x00, 0x83, 0x00, 0x05, 0x00, 0x07, 0x00, 0x00, 0x00, 0xcd, 0x18, 0x00, 0x00, 0x79, // ...............y
	0x1c, 0x00, 0x00, 0x60, 0x18, 0x00, 0x00, 0x0c, 0x00, 0x06, 0x00, 0x07, 0x00, 0x00, 0x00, 0xce, // ...`............
	0x18, 0x00, 0x00, 0x01, 0x00, 0x00, 0x00, 0x04, 0x00, 0x00, 0x00, 0xcd, 0x18, 0x00, 0x00, 0xb8, // ................
	0x00, 0x05, 0x00, 0x8b, 0x00, 0x00, 0x00, 0xcf, 0x18, 0x00, 0x00, 0xce, 0x18, 0x00, 0x00, 0x25, // ...............%
	0x04, 0x00, 0x00, 0xf9, 0x00, 0x02, 0x00, 0xef, 0x18, 0x00, 0x00, 0xf8, 0x00, 0x02, 0x00, 0xd0, // ................
	0x18, 0x00, 0x00, 0xb8, 0x00, 0x05, 0x00, 0x8b, 0x00, 0x00, 0x00, 0xd2, 0x18, 0x00, 0x00, 0x5e, // ...............^
	0x18, 0x00, 0x00, 0x28, 0x01, 0x00, 0x00, 0xf7, 0x00, 0x03, 0x00, 0xd7, 0x18, 0x00, 0x00, 0x00, // ...(............
	0x00, 0x00, 0x00, 0xfa, 0x00, 0x04, 0x00, 0xd2, 0x18, 0x00, 0x00, 0xd3, 0x18, 0x00, 0x00, 0xd7, // ................
	0x18, 0x00, 0x00, 0xf8, 0x00, 0x02, 0x00, 0xd3, 0x18, 0x00, 0x00, 0xbc, 0x00, 0x05, 0x00, 0x8b, // ................
	0x00, 0x00, 0x00, 0xd6, 0x18, 0x00, 0x00, 0x79, 0x1c, 0x00, 0x00, 0x60, 0x18, 0x00, 0x00, 0xf9, // .......y...`....
	0x00, 0x02, 0x00, 0xef, 0x18, 0x00, 0x00, 0xf8, 0x00, 0x02, 0x00, 0xd7, 0x18, 0x00, 0x00, 0xb8, // ................
	0x00, 0x05, 0x00, 0x8b, 0x00, 0x00, 0x00, 0xd9, 0x18, 0x00, 0x00, 0x5e, 0x18, 0x00, 0x00, 0x32, // ...........^...2
	0x01, 0x00, 0x00, 0xf7, 0x00, 0x03, 0x00, 0xde, 0x18, 0x00, 0x00, 0x00, 0x00, 0x00, 0x00, 0xfa, // ................
	0x00, 0x04, 0x00, 0xd9, 0x18, 0x00, 0x00, 0xda, 0x18, 0x00, 0x00, 0xde, 0x18, 0x00, 0x00, 0xf8, // ................
	0x00, 0x02, 0x00, 0xda, 0x18, 0x00, 0x00, 0xba, 0x00, 0x05, 0x00, 0x8b, 0x00, 0x00, 0x00, 0xdd, // ................
	0x18, 0x00, 0x00, 0x79, 0x1c, 0x00, 0x00, 0x60, 0x18, 0x00, 0x00, 0xf9, 0x00, 0x02, 0x00, 0xef, // ...y...`........
	0x18, 0x00, 0x00, 0xf8, 0x00, 0x02, 0x00, 0xde, 0x18, 0x00, 0x00, 0xb8, 0x00, 0x05, 0x00, 0x8b, // ................
	0x00, 0x00, 0x00, 0xe0, 0x18, 0x00, 0x00, 0x5e, 0x18, 0x00, 0x00, 0x3a, 0x01, 0x00, 0x00, 0xf7, // .......^...:....
	0x00, 0x03, 0x00, 0xe7, 0x18, 0x00, 0x00, 0x00, 0x00, 0x00, 0x00, 0xfa, 0x00, 0x04, 0x00, 0xe0, // ................
	0x18, 0x00, 0x00, 0xe1, 0x18, 0x00, 0x00, 0xe7, 0x18, 0x00, 0x00, 0xf8, 0x00, 0x02, 0x00, 0xe1, // ................
	0x18, 0x00, 0x00, 0x83, 0x00, 0x05, 0x00, 0x07, 0x00, 0x00, 0x00, 0xe4, 0x18, 0x00, 0x00, 0x79, // ...............y
	0x1c, 0x00, 0x00, 0x60, 0x18, 0x00, 0x00, 0x0c, 0x00, 0x06, 0x00, 0x07, 0x00, 0x00, 0x00, 0xe5, // ...`............
	0x18, 0x00, 0x00, 0x01, 0x00, 0x00, 0x00, 0x04, 0x00, 0x00, 0x00, 0xe4, 0x18, 0x00, 0x00, 0xbe, // ................
	0x00, 0x05, 0x00, 0x8b, 0x00, 0x00, 0x00, 0xe6, 0x18, 0x00, 0x00, 0xe5, 0x18, 0x00, 0x00, 0x25, // ...............%
	0x04, 0x00, 0x00, 0xf9, 0x00, 0x02, 0x00, 0xef, 0x18, 0x00, 0x00, 0xf8, 0x00, 0x02, 0x00, 0xe7, // ................
	0x18, 0x00, 0x00, 0xb8, 0x00, 0x05, 0x00, 0x8b, 0x00, 0x00, 0x00, 0xe9, 0x18, 0x00, 0x00, 0x5e, // ...............^
	0x18, 0x00, 0x00, 0x44, 0x01, 0x00, 0x00, 0xf7, 0x00, 0x03, 0x00, 0xee, 0x18, 0x00, 0x00, 0x00, // ...D............
	0x00, 0x00, 0x00, 0xfa, 0x00, 0x04, 0x00, 0xe9, 0x18, 0x00, 0x00, 0xea, 0x18, 0x00, 0x00, 0xee, // ................
	0x18, 0x00, 0x00, 0xf8, 0x00, 0x02, 0x00, 0xea, 0x18, 0x00, 0x00, 0xbe, 0x00, 0x05, 0x00, 0x8b, // ................
	0x00, 0x00, 0x00, 0xed, 0x18, 0x00, 0x00, 0x79, 0x1c, 0x00, 0x00, 0x60, 0x18, 0x00, 0x00, 0xf9, // .......y...`....
	0x00, 0x02, 0x00, 0xef, 0x18, 0x00, 0x00, 0xf8, 0x00, 0x02, 0x00, 0xee, 0x18, 0x00, 0x00, 0xf9, // ................
	0x00, 0x02, 0x00, 0xef, 0x18, 0x00, 0x00, 0xf8, 0x00, 0x02, 0x00, 0xef, 0x18, 0x00, 0x00, 0xf5, // ................
	0x00, 0x13, 0x00, 0x8b, 0x00, 0x00, 0x00, 0x7b, 0x1c, 0x00, 0x00, 0x13, 0x04, 0x00, 0x00, 0xbf, // .......{........
	0x18, 0x00, 0x00, 0xc6, 0x18, 0x00, 0x00, 0xc3, 0x18, 0x00, 0x00, 0xcf, 0x18, 0x00, 0x00, 0xca, // ................
	0x18, 0x00, 0x00, 0xd6, 0x18, 0x00, 0x00, 0xd3, 0x18, 0x00, 0x00, 0xdd, 0x18, 0x00, 0x00, 0xda, // ................
	0x18, 0x00, 0x00, 0xe6, 0x18, 0x00, 0x00, 0xe1, 0x18, 0x00, 0x00, 0xed, 0x18, 0x00, 0x00, 0xea, // ................
	0x18, 0x00, 0x00, 0x4a, 0x04, 0x00, 0x00, 0xee, 0x18, 0x00, 0x00, 0x41, 0x00, 0x06, 0x00, 0x51, // ...J.......A...Q
	0x04, 0x00, 0x00, 0x62, 0x18, 0x00, 0x00, 0x4f, 0x04, 0x00, 0x00, 0x5a, 0x04, 0x00, 0x00, 0xcc, // ...b...O...Z....
	0x00, 0x00, 0x00, 0x3d, 0x00, 0x04, 0x00, 0x07, 0x00, 0x00, 0x00, 0x63, 0x18, 0x00, 0x00, 0x62, // ...=.......c...b
	0x18, 0x00, 0x00, 0xb8, 0x00, 0x05, 0x00, 0x8b, 0x00, 0x00, 0x00, 0x64, 0x18, 0x00, 0x00, 0x63, // ...........d...c
	0x18, 0x00, 0x00, 0xe0, 0x00, 0x00, 0x00, 0xf7, 0x00, 0x03, 0x00, 0x69, 0x18, 0x00, 0x00, 0x00, // ...........i....
	0x00, 0x00, 0x00, 0xfa, 0x00, 0x04, 0x00, 0x64, 0x18, 0x00, 0x00, 0x65, 0x18, 0x00, 0x00, 0x69, // .......d...e...i
	0x18, 0x00, 0x00, 0xf8, 0x00, 0x02, 0x00, 0x65, 0x18, 0x00, 0x00, 0xa7, 0x00, 0x05, 0x00, 0x8b, // .......e........
	0x00, 0x00, 0x00, 0x68, 0x18, 0x00, 0x00, 0x7a, 0x1c, 0x00, 0x00, 0x7b, 0x1c, 0x00, 0x00, 0xf9, // ...h...z...{....
	0x00, 0x02, 0x00, 0x7d, 0x18, 0x00, 0x00, 0xf8, 0x00, 0x02, 0x00, 0x69, 0x18, 0x00, 0x00, 0xb8, // ...}.......i....
	0x00, 0x05, 0x00, 0x8b, 0x00, 0x00, 0x00, 0x6c, 0x18, 0x00, 0x00, 0x63, 0x18, 0x00, 0x00, 0xe7, // .......l...c....
	0x00, 0x00, 0x00, 0xf7, 0x00, 0x03, 0x00, 0x71, 0x18, 0x00, 0x00, 0x00, 0x00, 0x00, 0x00, 0xfa, // .......q........
	0x00, 0x04, 0x00, 0x6c, 0x18, 0x00, 0x00, 0x6d, 0x18, 0x00, 0x00, 0x71, 0x18, 0x00, 0x00, 0xf8, // ...l...m...q....
	0x00, 0x02, 0x00, 0x6d, 0x18, 0x00, 0x00, 0xa6, 0x00, 0x05, 0x00, 0x8b, 0x00, 0x00, 0x00, 0x70, // ...m...........p
	0x18, 0x00, 0x00, 0x7a, 0x1c, 0x00, 0x00, 0x7b, 0x1c, 0x00, 0x00, 0xf9, 0x00, 0x02, 0x00, 0x7d, // ...z...{.......}
	0x18, 0x00, 0x00, 0xf8, 0x00, 0x02, 0x00, 0x71, 0x18, 0x00, 0x00, 0xb8, 0x00, 0x05, 0x00, 0x8b, // .......q........
	0x00, 0x00, 0x00, 0x74, 0x18, 0x00, 0x00, 0x63, 0x18, 0x00, 0x00, 0xee, 0x00, 0x00, 0x00, 0xf7, // ...t...c........
	0x00, 0x03, 0x00, 0x79, 0x18, 0x00, 0x00, 0x00, 0x00, 0x00, 0x00, 0xfa, 0x00, 0x04, 0x00, 0x74, // ...y...........t
	0x18, 0x00, 0x00, 0x75, 0x18, 0x00, 0x00, 0x79, 0x18, 0x00, 0x00, 0xf8, 0x00, 0x02, 0x00, 0x75, // ...u...y.......u
	0x18, 0x00, 0x00, 0xa5, 0x00, 0x05, 0x00, 0x8b, 0x00, 0x00, 0x00, 0x78, 0x18, 0x00, 0x00, 0x7a, // ...........x...z
	0x1c, 0x00, 0x00, 0x7b, 0x1c, 0x00, 0x00, 0xf9, 0x00, 0x02, 0x00, 0x7d, 0x18, 0x00, 0x00, 0xf8, // ...{.......}....
	0x00, 0x02, 0x00, 0x79, 0x18, 0x00, 0x00, 0xa4, 0x00, 0x05, 0x00, 0x8b, 0x00, 0x00, 0x00, 0x7c, // ...y...........|
	0x18, 0x00, 0x00, 0x7a, 0x1c, 0x00, 0x00, 0x7b, 0x1c, 0x00, 0x00, 0xf9, 0x00, 0x02, 0x00, 0x7d, // ...z...{.......}
	0x18, 0x00, 0x00, 0xf8, 0x00, 0x02, 0x00, 0x7d, 0x18, 0x00, 0x00, 0xf5, 0x00, 0x0d, 0x00, 0x8b, // .......}........
	0x00, 0x00, 0x00, 0x7c, 0x1c, 0x00, 0x00, 0x4a, 0x04, 0x00, 0x00, 0x54, 0x18, 0x00, 0x00, 0x68, // ...|...J...T...h
	0x18, 0x00, 0x00, 0x65, 0x18, 0x00, 0x00, 0x70, 0x18, 0x00, 0x00, 0x6d, 0x18, 0x00, 0x00, 0x78, // ...e...p...m...x
	0x18, 0x00, 0x00, 0x75, 0x18, 0x00, 0x00, 0x7c, 0x18, 0x00, 0x00, 0x79, 0x18, 0x00, 0x00, 0xa8, // ...u...|...y....
	0x00, 0x04, 0x00, 0x8b, 0x00, 0x00, 0x00, 0xa0, 0x06, 0x00, 0x00, 0x7c, 0x1c, 0x00, 0x00, 0xf7, // ...........|....
	0x00, 0x03, 0x00, 0xa2, 0x06, 0x00, 0x00, 0x00, 0x00, 0x00, 0x00, 0xfa, 0x00, 0x04, 0x00, 0xa0, // ................
	0x06, 0x00, 0x00, 0xa1, 0x06, 0x00, 0x00, 0xa2, 0x06, 0x00, 0x00, 0xf8, 0x00, 0x02, 0x00, 0xa1, // ................
	0x06, 0x00, 0x00, 0xfc, 0x00, 0x01, 0x00, 0xf8, 0x00, 0x02, 0x00, 0xa2, 0x06, 0x00, 0x00, 0x0c, // ................
	0x00, 0x08, 0x00, 0x0d, 0x00, 0x00, 0x00, 0xa4, 0x06, 0x00, 0x00, 0x01, 0x00, 0x00, 0x00, 0x2b, // ...............+
	0x00, 0x00, 0x00, 0x9c, 0x06, 0x00, 0x00, 0x70, 0x05, 0x00, 0x00, 0xec, 0x03, 0x00, 0x00, 0x3e, // .......p.......>
	0x00, 0x03, 0x00, 0x92, 0x05, 0x00, 0x00, 0xa4, 0x06, 0x00, 0x00, 0xfd, 0x00, 0x01, 0x00, 0x38, // ...............8
	0x00, 0x01, 0x00, 0x00, 0x00, 0x90, 0x01,                                                       // .......
};
