static const uint8_t fs_gx_material_gl[59657] =
{
	0x46, 0x53, 0x48, 0x0b, 0xdd, 0x2c, 0xd7, 0xd4, 0x00, 0x00, 0x00, 0x00, 0x1c, 0x00, 0x0d, 0x73, // FSH..,.........s
	0x5f, 0x67, 0x78, 0x5f, 0x74, 0x65, 0x78, 0x74, 0x75, 0x72, 0x65, 0x30, 0x00, 0x01, 0x00, 0x00, // _gx_texture0....
	0x01, 0x00, 0x00, 0x00, 0x00, 0x00, 0x0d, 0x73, 0x5f, 0x67, 0x78, 0x5f, 0x74, 0x65, 0x78, 0x74, // .......s_gx_text
	0x75, 0x72, 0x65, 0x31, 0x00, 0x01, 0x00, 0x00, 0x01, 0x00, 0x00, 0x00, 0x00, 0x00, 0x0d, 0x73, // ure1...........s
	0x5f, 0x67, 0x78, 0x5f, 0x74, 0x65, 0x78, 0x74, 0x75, 0x72, 0x65, 0x32, 0x00, 0x01, 0x00, 0x00, // _gx_texture2....
	0x01, 0x00, 0x00, 0x00, 0x00, 0x00, 0x14, 0x75, 0x5f, 0x67, 0x78, 0x5f, 0x6d, 0x61, 0x74, 0x65, // .......u_gx_mate
	0x72, 0x69, 0x61, 0x6c, 0x5f, 0x70, 0x61, 0x72, 0x61, 0x6d, 0x73, 0x02, 0x01, 0x00, 0x00, 0x01, // rial_params.....
	0x00, 0x00, 0x00, 0x00, 0x00, 0x12, 0x75, 0x5f, 0x67, 0x78, 0x5f, 0x74, 0x65, 0x76, 0x5f, 0x63, // ......u_gx_tev_c
	0x6f, 0x6c, 0x6f, 0x72, 0x5f, 0x69, 0x6e, 0x30, 0x02, 0x01, 0x00, 0x00, 0x01, 0x00, 0x00, 0x00, // olor_in0........
	0x00, 0x00, 0x12, 0x75, 0x5f, 0x67, 0x78, 0x5f, 0x74, 0x65, 0x76, 0x5f, 0x63, 0x6f, 0x6c, 0x6f, // ...u_gx_tev_colo
	0x72, 0x5f, 0x69, 0x6e, 0x31, 0x02, 0x01, 0x00, 0x00, 0x01, 0x00, 0x00, 0x00, 0x00, 0x00, 0x12, // r_in1...........
	0x75, 0x5f, 0x67, 0x78, 0x5f, 0x74, 0x65, 0x76, 0x5f, 0x63, 0x6f, 0x6c, 0x6f, 0x72, 0x5f, 0x69, // u_gx_tev_color_i
	0x6e, 0x32, 0x02, 0x01, 0x00, 0x00, 0x01, 0x00, 0x00, 0x00, 0x00, 0x00, 0x12, 0x75, 0x5f, 0x67, // n2...........u_g
	0x78, 0x5f, 0x74, 0x65, 0x76, 0x5f, 0x61, 0x6c, 0x70, 0x68, 0x61, 0x5f, 0x69, 0x6e, 0x30, 0x02, // x_tev_alpha_in0.
	0x01, 0x00, 0x00, 0x01, 0x00, 0x00, 0x00, 0x00, 0x00, 0x12, 0x75, 0x5f, 0x67, 0x78, 0x5f, 0x74, // ..........u_gx_t
	0x65, 0x76, 0x5f, 0x61, 0x6c, 0x70, 0x68, 0x61, 0x5f, 0x69, 0x6e, 0x31, 0x02, 0x01, 0x00, 0x00, // ev_alpha_in1....
	0x01, 0x00, 0x00, 0x00, 0x00, 0x00, 0x12, 0x75, 0x5f, 0x67, 0x78, 0x5f, 0x74, 0x65, 0x76, 0x5f, // .......u_gx_tev_
	0x61, 0x6c, 0x70, 0x68, 0x61, 0x5f, 0x69, 0x6e, 0x32, 0x02, 0x01, 0x00, 0x00, 0x01, 0x00, 0x00, // alpha_in2.......
	0x00, 0x00, 0x00, 0x12, 0x75, 0x5f, 0x67, 0x78, 0x5f, 0x74, 0x65, 0x76, 0x5f, 0x63, 0x6f, 0x6c, // ....u_gx_tev_col
	0x6f, 0x72, 0x5f, 0x6f, 0x70, 0x30, 0x02, 0x01, 0x00, 0x00, 0x01, 0x00, 0x00, 0x00, 0x00, 0x00, // or_op0..........
	0x12, 0x75, 0x5f, 0x67, 0x78, 0x5f, 0x74, 0x65, 0x76, 0x5f, 0x63, 0x6f, 0x6c, 0x6f, 0x72, 0x5f, // .u_gx_tev_color_
	0x6f, 0x70, 0x31, 0x02, 0x01, 0x00, 0x00, 0x01, 0x00, 0x00, 0x00, 0x00, 0x00, 0x12, 0x75, 0x5f, // op1...........u_
	0x67, 0x78, 0x5f, 0x74, 0x65, 0x76, 0x5f, 0x63, 0x6f, 0x6c, 0x6f, 0x72, 0x5f, 0x6f, 0x70, 0x32, // gx_tev_color_op2
	0x02, 0x01, 0x00, 0x00, 0x01, 0x00, 0x00, 0x00, 0x00, 0x00, 0x12, 0x75, 0x5f, 0x67, 0x78, 0x5f, // ...........u_gx_
	0x74, 0x65, 0x76, 0x5f, 0x61, 0x6c, 0x70, 0x68, 0x61, 0x5f, 0x6f, 0x70, 0x30, 0x02, 0x01, 0x00, // tev_alpha_op0...
	0x00, 0x01, 0x00, 0x00, 0x00, 0x00, 0x00, 0x12, 0x75, 0x5f, 0x67, 0x78, 0x5f, 0x74, 0x65, 0x76, // ........u_gx_tev
	0x5f, 0x61, 0x6c, 0x70, 0x68, 0x61, 0x5f, 0x6f, 0x70, 0x31, 0x02, 0x01, 0x00, 0x00, 0x01, 0x00, // _alpha_op1......
	0x00, 0x00, 0x00, 0x00, 0x12, 0x75, 0x5f, 0x67, 0x78, 0x5f, 0x74, 0x65, 0x76, 0x5f, 0x61, 0x6c, // .....u_gx_tev_al
	0x70, 0x68, 0x61, 0x5f, 0x6f, 0x70, 0x32, 0x02, 0x01, 0x00, 0x00, 0x01, 0x00, 0x00, 0x00, 0x00, // pha_op2.........
	0x00, 0x0d, 0x75, 0x5f, 0x67, 0x78, 0x5f, 0x74, 0x65, 0x76, 0x5f, 0x6f, 0x75, 0x74, 0x30, 0x02, // ..u_gx_tev_out0.
	0x01, 0x00, 0x00, 0x01, 0x00, 0x00, 0x00, 0x00, 0x00, 0x0d, 0x75, 0x5f, 0x67, 0x78, 0x5f, 0x74, // ..........u_gx_t
	0x65, 0x76, 0x5f, 0x6f, 0x75, 0x74, 0x31, 0x02, 0x01, 0x00, 0x00, 0x01, 0x00, 0x00, 0x00, 0x00, // ev_out1.........
	0x00, 0x0d, 0x75, 0x5f, 0x67, 0x78, 0x5f, 0x74, 0x65, 0x76, 0x5f, 0x6f, 0x75, 0x74, 0x32, 0x02, // ..u_gx_tev_out2.
	0x01, 0x00, 0x00, 0x01, 0x00, 0x00, 0x00, 0x00, 0x00, 0x0f, 0x75, 0x5f, 0x67, 0x78, 0x5f, 0x74, // ..........u_gx_t
	0x65, 0x76, 0x5f, 0x6b, 0x6f, 0x6e, 0x73, 0x74, 0x30, 0x02, 0x01, 0x00, 0x00, 0x01, 0x00, 0x00, // ev_konst0.......
	0x00, 0x00, 0x00, 0x0f, 0x75, 0x5f, 0x67, 0x78, 0x5f, 0x74, 0x65, 0x76, 0x5f, 0x6b, 0x6f, 0x6e, // ....u_gx_tev_kon
	0x73, 0x74, 0x31, 0x02, 0x01, 0x00, 0x00, 0x01, 0x00, 0x00, 0x00, 0x00, 0x00, 0x0f, 0x75, 0x5f, // st1...........u_
	0x67, 0x78, 0x5f, 0x74, 0x65, 0x76, 0x5f, 0x6b, 0x6f, 0x6e, 0x73, 0x74, 0x32, 0x02, 0x01, 0x00, // gx_tev_konst2...
	0x00, 0x01, 0x00, 0x00, 0x00, 0x00, 0x00, 0x0d, 0x75, 0x5f, 0x67, 0x78, 0x5f, 0x74, 0x65, 0x76, // ........u_gx_tev
	0x5f, 0x72, 0x65, 0x67, 0x30, 0x02, 0x01, 0x00, 0x00, 0x01, 0x00, 0x00, 0x00, 0x00, 0x00, 0x0d, // _reg0...........
	0x75, 0x5f, 0x67, 0x78, 0x5f, 0x74, 0x65, 0x76, 0x5f, 0x72, 0x65, 0x67, 0x31, 0x02, 0x01, 0x00, // u_gx_tev_reg1...
	0x00, 0x01, 0x00, 0x00, 0x00, 0x00, 0x00, 0x0d, 0x75, 0x5f, 0x67, 0x78, 0x5f, 0x74, 0x65, 0x76, // ........u_gx_tev
	0x5f, 0x72, 0x65, 0x67, 0x32, 0x02, 0x01, 0x00, 0x00, 0x01, 0x00, 0x00, 0x00, 0x00, 0x00, 0x0d, // _reg2...........
	0x75, 0x5f, 0x67, 0x78, 0x5f, 0x74, 0x65, 0x76, 0x5f, 0x72, 0x65, 0x67, 0x33, 0x02, 0x01, 0x00, // u_gx_tev_reg3...
	0x00, 0x01, 0x00, 0x00, 0x00, 0x00, 0x00, 0x13, 0x75, 0x5f, 0x67, 0x78, 0x5f, 0x61, 0x6c, 0x70, // ........u_gx_alp
	0x68, 0x61, 0x5f, 0x63, 0x6f, 0x6d, 0x70, 0x61, 0x72, 0x65, 0x30, 0x02, 0x01, 0x00, 0x00, 0x01, // ha_compare0.....
	0x00, 0x00, 0x00, 0x00, 0x00, 0x13, 0x75, 0x5f, 0x67, 0x78, 0x5f, 0x61, 0x6c, 0x70, 0x68, 0x61, // ......u_gx_alpha
	0x5f, 0x63, 0x6f, 0x6d, 0x70, 0x61, 0x72, 0x65, 0x31, 0x02, 0x01, 0x00, 0x00, 0x01, 0x00, 0x00, // _compare1.......
	0x00, 0x00, 0x00, 0x01, 0xe6, 0x00, 0x00, 0x76, 0x61, 0x72, 0x79, 0x69, 0x6e, 0x67, 0x20, 0x76, // .......varying v
	0x65, 0x63, 0x34, 0x20, 0x76, 0x5f, 0x63, 0x6f, 0x6c, 0x6f, 0x72, 0x30, 0x3b, 0x0a, 0x76, 0x61, // ec4 v_color0;.va
	0x72, 0x79, 0x69, 0x6e, 0x67, 0x20, 0x76, 0x65, 0x63, 0x33, 0x20, 0x76, 0x5f, 0x74, 0x65, 0x78, // rying vec3 v_tex
	0x63, 0x6f, 0x6f, 0x72, 0x64, 0x30, 0x3b, 0x0a, 0x76, 0x61, 0x72, 0x79, 0x69, 0x6e, 0x67, 0x20, // coord0;.varying
	0x76, 0x65, 0x63, 0x33, 0x20, 0x76, 0x5f, 0x74, 0x65, 0x78, 0x63, 0x6f, 0x6f, 0x72, 0x64, 0x31, // vec3 v_texcoord1
	0x3b, 0x0a, 0x76, 0x61, 0x72, 0x79, 0x69, 0x6e, 0x67, 0x20, 0x76, 0x65, 0x63, 0x33, 0x20, 0x76, // ;.varying vec3 v
	0x5f, 0x74, 0x65, 0x78, 0x63, 0x6f, 0x6f, 0x72, 0x64, 0x32, 0x3b, 0x0a, 0x75, 0x6e, 0x69, 0x66, // _texcoord2;.unif
	0x6f, 0x72, 0x6d, 0x20, 0x73, 0x61, 0x6d, 0x70, 0x6c, 0x65, 0x72, 0x32, 0x44, 0x20, 0x73, 0x5f, // orm sampler2D s_
	0x67, 0x78, 0x5f, 0x74, 0x65, 0x78, 0x74, 0x75, 0x72, 0x65, 0x30, 0x3b, 0x0a, 0x75, 0x6e, 0x69, // gx_texture0;.uni
	0x66, 0x6f, 0x72, 0x6d, 0x20, 0x73, 0x61, 0x6d, 0x70, 0x6c, 0x65, 0x72, 0x32, 0x44, 0x20, 0x73, // form sampler2D s
	0x5f, 0x67, 0x78, 0x5f, 0x74, 0x65, 0x78, 0x74, 0x75, 0x72, 0x65, 0x31, 0x3b, 0x0a, 0x75, 0x6e, // _gx_texture1;.un
	0x69, 0x66, 0x6f, 0x72, 0x6d, 0x20, 0x73, 0x61, 0x6d, 0x70, 0x6c, 0x65, 0x72, 0x32, 0x44, 0x20, // iform sampler2D
	0x73, 0x5f, 0x67, 0x78, 0x5f, 0x74, 0x65, 0x78, 0x74, 0x75, 0x72, 0x65, 0x32, 0x3b, 0x0a, 0x75, // s_gx_texture2;.u
	0x6e, 0x69, 0x66, 0x6f, 0x72, 0x6d, 0x20, 0x76, 0x65, 0x63, 0x34, 0x20, 0x75, 0x5f, 0x67, 0x78, // niform vec4 u_gx
	0x5f, 0x6d, 0x61, 0x74, 0x65, 0x72, 0x69, 0x61, 0x6c, 0x5f, 0x70, 0x61, 0x72, 0x61, 0x6d, 0x73, // _material_params
	0x3b, 0x0a, 0x75, 0x6e, 0x69, 0x66, 0x6f, 0x72, 0x6d, 0x20, 0x76, 0x65, 0x63, 0x34, 0x20, 0x75, // ;.uniform vec4 u
	0x5f, 0x67, 0x78, 0x5f, 0x74, 0x65, 0x76, 0x5f, 0x63, 0x6f, 0x6c, 0x6f, 0x72, 0x5f, 0x69, 0x6e, // _gx_tev_color_in
	0x30, 0x3b, 0x0a, 0x75, 0x6e, 0x69, 0x66, 0x6f, 0x72, 0x6d, 0x20, 0x76, 0x65, 0x63, 0x34, 0x20, // 0;.uniform vec4
	0x75, 0x5f, 0x67, 0x78, 0x5f, 0x74, 0x65, 0x76, 0x5f, 0x63, 0x6f, 0x6c, 0x6f, 0x72, 0x5f, 0x69, // u_gx_tev_color_i
	0x6e, 0x31, 0x3b, 0x0a, 0x75, 0x6e, 0x69, 0x66, 0x6f, 0x72, 0x6d, 0x20, 0x76, 0x65, 0x63, 0x34, // n1;.uniform vec4
	0x20, 0x75, 0x5f, 0x67, 0x78, 0x5f, 0x74, 0x65, 0x76, 0x5f, 0x63, 0x6f, 0x6c, 0x6f, 0x72, 0x5f, //  u_gx_tev_color_
	0x69, 0x6e, 0x32, 0x3b, 0x0a, 0x75, 0x6e, 0x69, 0x66, 0x6f, 0x72, 0x6d, 0x20, 0x76, 0x65, 0x63, // in2;.uniform vec
	0x34, 0x20, 0x75, 0x5f, 0x67, 0x78, 0x5f, 0x74, 0x65, 0x76, 0x5f, 0x61, 0x6c, 0x70, 0x68, 0x61, // 4 u_gx_tev_alpha
	0x5f, 0x69, 0x6e, 0x30, 0x3b, 0x0a, 0x75, 0x6e, 0x69, 0x66, 0x6f, 0x72, 0x6d, 0x20, 0x76, 0x65, // _in0;.uniform ve
	0x63, 0x34, 0x20, 0x75, 0x5f, 0x67, 0x78, 0x5f, 0x74, 0x65, 0x76, 0x5f, 0x61, 0x6c, 0x70, 0x68, // c4 u_gx_tev_alph
	0x61, 0x5f, 0x69, 0x6e, 0x31, 0x3b, 0x0a, 0x75, 0x6e, 0x69, 0x66, 0x6f, 0x72, 0x6d, 0x20, 0x76, // a_in1;.uniform v
	0x65, 0x63, 0x34, 0x20, 0x75, 0x5f, 0x67, 0x78, 0x5f, 0x74, 0x65, 0x76, 0x5f, 0x61, 0x6c, 0x70, // ec4 u_gx_tev_alp
	0x68, 0x61, 0x5f, 0x69, 0x6e, 0x32, 0x3b, 0x0a, 0x75, 0x6e, 0x69, 0x66, 0x6f, 0x72, 0x6d, 0x20, // ha_in2;.uniform
	0x76, 0x65, 0x63, 0x34, 0x20, 0x75, 0x5f, 0x67, 0x78, 0x5f, 0x74, 0x65, 0x76, 0x5f, 0x63, 0x6f, // vec4 u_gx_tev_co
	0x6c, 0x6f, 0x72, 0x5f, 0x6f, 0x70, 0x30, 0x3b, 0x0a, 0x75, 0x6e, 0x69, 0x66, 0x6f, 0x72, 0x6d, // lor_op0;.uniform
	0x20, 0x76, 0x65, 0x63, 0x34, 0x20, 0x75, 0x5f, 0x67, 0x78, 0x5f, 0x74, 0x65, 0x76, 0x5f, 0x63, //  vec4 u_gx_tev_c
	0x6f, 0x6c, 0x6f, 0x72, 0x5f, 0x6f, 0x70, 0x31, 0x3b, 0x0a, 0x75, 0x6e, 0x69, 0x66, 0x6f, 0x72, // olor_op1;.unifor
	0x6d, 0x20, 0x76, 0x65, 0x63, 0x34, 0x20, 0x75, 0x5f, 0x67, 0x78, 0x5f, 0x74, 0x65, 0x76, 0x5f, // m vec4 u_gx_tev_
	0x63, 0x6f, 0x6c, 0x6f, 0x72, 0x5f, 0x6f, 0x70, 0x32, 0x3b, 0x0a, 0x75, 0x6e, 0x69, 0x66, 0x6f, // color_op2;.unifo
	0x72, 0x6d, 0x20, 0x76, 0x65, 0x63, 0x34, 0x20, 0x75, 0x5f, 0x67, 0x78, 0x5f, 0x74, 0x65, 0x76, // rm vec4 u_gx_tev
	0x5f, 0x61, 0x6c, 0x70, 0x68, 0x61, 0x5f, 0x6f, 0x70, 0x30, 0x3b, 0x0a, 0x75, 0x6e, 0x69, 0x66, // _alpha_op0;.unif
	0x6f, 0x72, 0x6d, 0x20, 0x76, 0x65, 0x63, 0x34, 0x20, 0x75, 0x5f, 0x67, 0x78, 0x5f, 0x74, 0x65, // orm vec4 u_gx_te
	0x76, 0x5f, 0x61, 0x6c, 0x70, 0x68, 0x61, 0x5f, 0x6f, 0x70, 0x31, 0x3b, 0x0a, 0x75, 0x6e, 0x69, // v_alpha_op1;.uni
	0x66, 0x6f, 0x72, 0x6d, 0x20, 0x76, 0x65, 0x63, 0x34, 0x20, 0x75, 0x5f, 0x67, 0x78, 0x5f, 0x74, // form vec4 u_gx_t
	0x65, 0x76, 0x5f, 0x61, 0x6c, 0x70, 0x68, 0x61, 0x5f, 0x6f, 0x70, 0x32, 0x3b, 0x0a, 0x75, 0x6e, // ev_alpha_op2;.un
	0x69, 0x66, 0x6f, 0x72, 0x6d, 0x20, 0x76, 0x65, 0x63, 0x34, 0x20, 0x75, 0x5f, 0x67, 0x78, 0x5f, // iform vec4 u_gx_
	0x74, 0x65, 0x76, 0x5f, 0x6f, 0x75, 0x74, 0x30, 0x3b, 0x0a, 0x75, 0x6e, 0x69, 0x66, 0x6f, 0x72, // tev_out0;.unifor
	0x6d, 0x20, 0x76, 0x65, 0x63, 0x34, 0x20, 0x75, 0x5f, 0x67, 0x78, 0x5f, 0x74, 0x65, 0x76, 0x5f, // m vec4 u_gx_tev_
	0x6f, 0x75, 0x74, 0x31, 0x3b, 0x0a, 0x75, 0x6e, 0x69, 0x66, 0x6f, 0x72, 0x6d, 0x20, 0x76, 0x65, // out1;.uniform ve
	0x63, 0x34, 0x20, 0x75, 0x5f, 0x67, 0x78, 0x5f, 0x74, 0x65, 0x76, 0x5f, 0x6f, 0x75, 0x74, 0x32, // c4 u_gx_tev_out2
	0x3b, 0x0a, 0x75, 0x6e, 0x69, 0x66, 0x6f, 0x72, 0x6d, 0x20, 0x76, 0x65, 0x63, 0x34, 0x20, 0x75, // ;.uniform vec4 u
	0x5f, 0x67, 0x78, 0x5f, 0x74, 0x65, 0x76, 0x5f, 0x6b, 0x6f, 0x6e, 0x73, 0x74, 0x30, 0x3b, 0x0a, // _gx_tev_konst0;.
	0x75, 0x6e, 0x69, 0x66, 0x6f, 0x72, 0x6d, 0x20, 0x76, 0x65, 0x63, 0x34, 0x20, 0x75, 0x5f, 0x67, // uniform vec4 u_g
	0x78, 0x5f, 0x74, 0x65, 0x76, 0x5f, 0x6b, 0x6f, 0x6e, 0x73, 0x74, 0x31, 0x3b, 0x0a, 0x75, 0x6e, // x_tev_konst1;.un
	0x69, 0x66, 0x6f, 0x72, 0x6d, 0x20, 0x76, 0x65, 0x63, 0x34, 0x20, 0x75, 0x5f, 0x67, 0x78, 0x5f, // iform vec4 u_gx_
	0x74, 0x65, 0x76, 0x5f, 0x6b, 0x6f, 0x6e, 0x73, 0x74, 0x32, 0x3b, 0x0a, 0x75, 0x6e, 0x69, 0x66, // tev_konst2;.unif
	0x6f, 0x72, 0x6d, 0x20, 0x76, 0x65, 0x63, 0x34, 0x20, 0x75, 0x5f, 0x67, 0x78, 0x5f, 0x74, 0x65, // orm vec4 u_gx_te
	0x76, 0x5f, 0x72, 0x65, 0x67, 0x30, 0x3b, 0x0a, 0x75, 0x6e, 0x69, 0x66, 0x6f, 0x72, 0x6d, 0x20, // v_reg0;.uniform
	0x76, 0x65, 0x63, 0x34, 0x20, 0x75, 0x5f, 0x67, 0x78, 0x5f, 0x74, 0x65, 0x76, 0x5f, 0x72, 0x65, // vec4 u_gx_tev_re
	0x67, 0x31, 0x3b, 0x0a, 0x75, 0x6e, 0x69, 0x66, 0x6f, 0x72, 0x6d, 0x20, 0x76, 0x65, 0x63, 0x34, // g1;.uniform vec4
	0x20, 0x75, 0x5f, 0x67, 0x78, 0x5f, 0x74, 0x65, 0x76, 0x5f, 0x72, 0x65, 0x67, 0x32, 0x3b, 0x0a, //  u_gx_tev_reg2;.
	0x75, 0x6e, 0x69, 0x66, 0x6f, 0x72, 0x6d, 0x20, 0x76, 0x65, 0x63, 0x34, 0x20, 0x75, 0x5f, 0x67, // uniform vec4 u_g
	0x78, 0x5f, 0x74, 0x65, 0x76, 0x5f, 0x72, 0x65, 0x67, 0x33, 0x3b, 0x0a, 0x75, 0x6e, 0x69, 0x66, // x_tev_reg3;.unif
	0x6f, 0x72, 0x6d, 0x20, 0x76, 0x65, 0x63, 0x34, 0x20, 0x75, 0x5f, 0x67, 0x78, 0x5f, 0x61, 0x6c, // orm vec4 u_gx_al
	0x70, 0x68, 0x61, 0x5f, 0x63, 0x6f, 0x6d, 0x70, 0x61, 0x72, 0x65, 0x30, 0x3b, 0x0a, 0x75, 0x6e, // pha_compare0;.un
	0x69, 0x66, 0x6f, 0x72, 0x6d, 0x20, 0x76, 0x65, 0x63, 0x34, 0x20, 0x75, 0x5f, 0x67, 0x78, 0x5f, // iform vec4 u_gx_
	0x61, 0x6c, 0x70, 0x68, 0x61, 0x5f, 0x63, 0x6f, 0x6d, 0x70, 0x61, 0x72, 0x65, 0x31, 0x3b, 0x0a, // alpha_compare1;.
	0x76, 0x6f, 0x69, 0x64, 0x20, 0x6d, 0x61, 0x69, 0x6e, 0x20, 0x28, 0x29, 0x0a, 0x7b, 0x0a, 0x20, // void main ().{.
	0x20, 0x76, 0x65, 0x63, 0x34, 0x20, 0x66, 0x69, 0x6e, 0x61, 0x6c, 0x5f, 0x6f, 0x75, 0x74, 0x70, //  vec4 final_outp
	0x75, 0x74, 0x73, 0x5f, 0x31, 0x3b, 0x0a, 0x20, 0x20, 0x76, 0x65, 0x63, 0x34, 0x20, 0x72, 0x65, // uts_1;.  vec4 re
	0x67, 0x33, 0x5f, 0x32, 0x3b, 0x0a, 0x20, 0x20, 0x76, 0x65, 0x63, 0x34, 0x20, 0x72, 0x65, 0x67, // g3_2;.  vec4 reg
	0x32, 0x5f, 0x33, 0x3b, 0x0a, 0x20, 0x20, 0x76, 0x65, 0x63, 0x34, 0x20, 0x72, 0x65, 0x67, 0x31, // 2_3;.  vec4 reg1
	0x5f, 0x34, 0x3b, 0x0a, 0x20, 0x20, 0x76, 0x65, 0x63, 0x34, 0x20, 0x72, 0x65, 0x67, 0x30, 0x5f, // _4;.  vec4 reg0_
	0x35, 0x3b, 0x0a, 0x20, 0x20, 0x76, 0x65, 0x63, 0x34, 0x20, 0x74, 0x65, 0x78, 0x74, 0x75, 0x72, // 5;.  vec4 textur
	0x65, 0x31, 0x5f, 0x36, 0x3b, 0x0a, 0x20, 0x20, 0x76, 0x65, 0x63, 0x34, 0x20, 0x74, 0x65, 0x78, // e1_6;.  vec4 tex
	0x74, 0x75, 0x72, 0x65, 0x30, 0x5f, 0x37, 0x3b, 0x0a, 0x20, 0x20, 0x76, 0x65, 0x63, 0x32, 0x20, // ture0_7;.  vec2
	0x74, 0x6d, 0x70, 0x76, 0x61, 0x72, 0x5f, 0x38, 0x3b, 0x0a, 0x20, 0x20, 0x66, 0x6c, 0x6f, 0x61, // tmpvar_8;.  floa
	0x74, 0x20, 0x74, 0x6d, 0x70, 0x76, 0x61, 0x72, 0x5f, 0x39, 0x3b, 0x0a, 0x20, 0x20, 0x74, 0x6d, // t tmpvar_9;.  tm
	0x70, 0x76, 0x61, 0x72, 0x5f, 0x39, 0x20, 0x3d, 0x20, 0x61, 0x62, 0x73, 0x28, 0x76, 0x5f, 0x74, // pvar_9 = abs(v_t
	0x65, 0x78, 0x63, 0x6f, 0x6f, 0x72, 0x64, 0x30, 0x2e, 0x7a, 0x29, 0x3b, 0x0a, 0x20, 0x20, 0x69, // excoord0.z);.  i
	0x66, 0x20, 0x28, 0x28, 0x74, 0x6d, 0x70, 0x76, 0x61, 0x72, 0x5f, 0x39, 0x20, 0x3e, 0x20, 0x31, // f ((tmpvar_9 > 1
	0x65, 0x2d, 0x30, 0x35, 0x29, 0x29, 0x20, 0x7b, 0x0a, 0x20, 0x20, 0x20, 0x20, 0x74, 0x6d, 0x70, // e-05)) {.    tmp
	0x76, 0x61, 0x72, 0x5f, 0x38, 0x20, 0x3d, 0x20, 0x28, 0x76, 0x5f, 0x74, 0x65, 0x78, 0x63, 0x6f, // var_8 = (v_texco
	0x6f, 0x72, 0x64, 0x30, 0x2e, 0x78, 0x79, 0x20, 0x2f, 0x20, 0x76, 0x5f, 0x74, 0x65, 0x78, 0x63, // ord0.xy / v_texc
	0x6f, 0x6f, 0x72, 0x64, 0x30, 0x2e, 0x7a, 0x29, 0x3b, 0x0a, 0x20, 0x20, 0x7d, 0x20, 0x65, 0x6c, // oord0.z);.  } el
	0x73, 0x65, 0x20, 0x7b, 0x0a, 0x20, 0x20, 0x20, 0x20, 0x74, 0x6d, 0x70, 0x76, 0x61, 0x72, 0x5f, // se {.    tmpvar_
	0x38, 0x20, 0x3d, 0x20, 0x76, 0x5f, 0x74, 0x65, 0x78, 0x63, 0x6f, 0x6f, 0x72, 0x64, 0x30, 0x2e, // 8 = v_texcoord0.
	0x78, 0x79, 0x3b, 0x0a, 0x20, 0x20, 0x7d, 0x3b, 0x0a, 0x20, 0x20, 0x74, 0x65, 0x78, 0x74, 0x75, // xy;.  };.  textu
	0x72, 0x65, 0x30, 0x5f, 0x37, 0x20, 0x3d, 0x20, 0x74, 0x65, 0x78, 0x74, 0x75, 0x72, 0x65, 0x32, // re0_7 = texture2
	0x44, 0x20, 0x28, 0x73, 0x5f, 0x67, 0x78, 0x5f, 0x74, 0x65, 0x78, 0x74, 0x75, 0x72, 0x65, 0x30, // D (s_gx_texture0
	0x2c, 0x20, 0x74, 0x6d, 0x70, 0x76, 0x61, 0x72, 0x5f, 0x38, 0x29, 0x3b, 0x0a, 0x20, 0x20, 0x76, // , tmpvar_8);.  v
	0x65, 0x63, 0x32, 0x20, 0x74, 0x6d, 0x70, 0x76, 0x61, 0x72, 0x5f, 0x31, 0x30, 0x3b, 0x0a, 0x20, // ec2 tmpvar_10;.
	0x20, 0x66, 0x6c, 0x6f, 0x61, 0x74, 0x20, 0x74, 0x6d, 0x70, 0x76, 0x61, 0x72, 0x5f, 0x31, 0x31, //  float tmpvar_11
	0x3b, 0x0a, 0x20, 0x20, 0x74, 0x6d, 0x70, 0x76, 0x61, 0x72, 0x5f, 0x31, 0x31, 0x20, 0x3d, 0x20, // ;.  tmpvar_11 =
	0x61, 0x62, 0x73, 0x28, 0x76, 0x5f, 0x74, 0x65, 0x78, 0x63, 0x6f, 0x6f, 0x72, 0x64, 0x31, 0x2e, // abs(v_texcoord1.
	0x7a, 0x29, 0x3b, 0x0a, 0x20, 0x20, 0x69, 0x66, 0x20, 0x28, 0x28, 0x74, 0x6d, 0x70, 0x76, 0x61, // z);.  if ((tmpva
	0x72, 0x5f, 0x31, 0x31, 0x20, 0x3e, 0x20, 0x31, 0x65, 0x2d, 0x30, 0x35, 0x29, 0x29, 0x20, 0x7b, // r_11 > 1e-05)) {
	0x0a, 0x20, 0x20, 0x20, 0x20, 0x74, 0x6d, 0x70, 0x76, 0x61, 0x72, 0x5f, 0x31, 0x30, 0x20, 0x3d, // .    tmpvar_10 =
	0x20, 0x28, 0x76, 0x5f, 0x74, 0x65, 0x78, 0x63, 0x6f, 0x6f, 0x72, 0x64, 0x31, 0x2e, 0x78, 0x79, //  (v_texcoord1.xy
	0x20, 0x2f, 0x20, 0x76, 0x5f, 0x74, 0x65, 0x78, 0x63, 0x6f, 0x6f, 0x72, 0x64, 0x31, 0x2e, 0x7a, //  / v_texcoord1.z
	0x29, 0x3b, 0x0a, 0x20, 0x20, 0x7d, 0x20, 0x65, 0x6c, 0x73, 0x65, 0x20, 0x7b, 0x0a, 0x20, 0x20, // );.  } else {.
	0x20, 0x20, 0x74, 0x6d, 0x70, 0x76, 0x61, 0x72, 0x5f, 0x31, 0x30, 0x20, 0x3d, 0x20, 0x76, 0x5f, //   tmpvar_10 = v_
	0x74, 0x65, 0x78, 0x63, 0x6f, 0x6f, 0x72, 0x64, 0x31, 0x2e, 0x78, 0x79, 0x3b, 0x0a, 0x20, 0x20, // texcoord1.xy;.
	0x7d, 0x3b, 0x0a, 0x20, 0x20, 0x74, 0x65, 0x78, 0x74, 0x75, 0x72, 0x65, 0x31, 0x5f, 0x36, 0x20, // };.  texture1_6
	0x3d, 0x20, 0x74, 0x65, 0x78, 0x74, 0x75, 0x72, 0x65, 0x32, 0x44, 0x20, 0x28, 0x73, 0x5f, 0x67, // = texture2D (s_g
	0x78, 0x5f, 0x74, 0x65, 0x78, 0x74, 0x75, 0x72, 0x65, 0x31, 0x2c, 0x20, 0x74, 0x6d, 0x70, 0x76, // x_texture1, tmpv
	0x61, 0x72, 0x5f, 0x31, 0x30, 0x29, 0x3b, 0x0a, 0x20, 0x20, 0x76, 0x65, 0x63, 0x32, 0x20, 0x74, // ar_10);.  vec2 t
	0x6d, 0x70, 0x76, 0x61, 0x72, 0x5f, 0x31, 0x32, 0x3b, 0x0a, 0x20, 0x20, 0x66, 0x6c, 0x6f, 0x61, // mpvar_12;.  floa
	0x74, 0x20, 0x74, 0x6d, 0x70, 0x76, 0x61, 0x72, 0x5f, 0x31, 0x33, 0x3b, 0x0a, 0x20, 0x20, 0x74, // t tmpvar_13;.  t
	0x6d, 0x70, 0x76, 0x61, 0x72, 0x5f, 0x31, 0x33, 0x20, 0x3d, 0x20, 0x61, 0x62, 0x73, 0x28, 0x76, // mpvar_13 = abs(v
	0x5f, 0x74, 0x65, 0x78, 0x63, 0x6f, 0x6f, 0x72, 0x64, 0x32, 0x2e, 0x7a, 0x29, 0x3b, 0x0a, 0x20, // _texcoord2.z);.
	0x20, 0x69, 0x66, 0x20, 0x28, 0x28, 0x74, 0x6d, 0x70, 0x76, 0x61, 0x72, 0x5f, 0x31, 0x33, 0x20, //  if ((tmpvar_13
	0x3e, 0x20, 0x31, 0x65, 0x2d, 0x30, 0x35, 0x29, 0x29, 0x20, 0x7b, 0x0a, 0x20, 0x20, 0x20, 0x20, // > 1e-05)) {.
	0x74, 0x6d, 0x70, 0x76, 0x61, 0x72, 0x5f, 0x31, 0x32, 0x20, 0x3d, 0x20, 0x28, 0x76, 0x5f, 0x74, // tmpvar_12 = (v_t
	0x65, 0x78, 0x63, 0x6f, 0x6f, 0x72, 0x64, 0x32, 0x2e, 0x78, 0x79, 0x20, 0x2f, 0x20, 0x76, 0x5f, // excoord2.xy / v_
	0x74, 0x65, 0x78, 0x63, 0x6f, 0x6f, 0x72, 0x64, 0x32, 0x2e, 0x7a, 0x29, 0x3b, 0x0a, 0x20, 0x20, // texcoord2.z);.
	0x7d, 0x20, 0x65, 0x6c, 0x73, 0x65, 0x20, 0x7b, 0x0a, 0x20, 0x20, 0x20, 0x20, 0x74, 0x6d, 0x70, // } else {.    tmp
	0x76, 0x61, 0x72, 0x5f, 0x31, 0x32, 0x20, 0x3d, 0x20, 0x76, 0x5f, 0x74, 0x65, 0x78, 0x63, 0x6f, // var_12 = v_texco
	0x6f, 0x72, 0x64, 0x32, 0x2e, 0x78, 0x79, 0x3b, 0x0a, 0x20, 0x20, 0x7d, 0x3b, 0x0a, 0x20, 0x20, // ord2.xy;.  };.
	0x76, 0x65, 0x63, 0x34, 0x20, 0x74, 0x6d, 0x70, 0x76, 0x61, 0x72, 0x5f, 0x31, 0x34, 0x3b, 0x0a, // vec4 tmpvar_14;.
	0x20, 0x20, 0x74, 0x6d, 0x70, 0x76, 0x61, 0x72, 0x5f, 0x31, 0x34, 0x20, 0x3d, 0x20, 0x74, 0x65, //   tmpvar_14 = te
	0x78, 0x74, 0x75, 0x72, 0x65, 0x32, 0x44, 0x20, 0x28, 0x73, 0x5f, 0x67, 0x78, 0x5f, 0x74, 0x65, // xture2D (s_gx_te
	0x78, 0x74, 0x75, 0x72, 0x65, 0x32, 0x2c, 0x20, 0x74, 0x6d, 0x70, 0x76, 0x61, 0x72, 0x5f, 0x31, // xture2, tmpvar_1
	0x32, 0x29, 0x3b, 0x0a, 0x20, 0x20, 0x72, 0x65, 0x67, 0x30, 0x5f, 0x35, 0x20, 0x3d, 0x20, 0x75, // 2);.  reg0_5 = u
	0x5f, 0x67, 0x78, 0x5f, 0x74, 0x65, 0x76, 0x5f, 0x72, 0x65, 0x67, 0x30, 0x3b, 0x0a, 0x20, 0x20, // _gx_tev_reg0;.
	0x72, 0x65, 0x67, 0x31, 0x5f, 0x34, 0x20, 0x3d, 0x20, 0x75, 0x5f, 0x67, 0x78, 0x5f, 0x74, 0x65, // reg1_4 = u_gx_te
	0x76, 0x5f, 0x72, 0x65, 0x67, 0x31, 0x3b, 0x0a, 0x20, 0x20, 0x72, 0x65, 0x67, 0x32, 0x5f, 0x33, // v_reg1;.  reg2_3
	0x20, 0x3d, 0x20, 0x75, 0x5f, 0x67, 0x78, 0x5f, 0x74, 0x65, 0x76, 0x5f, 0x72, 0x65, 0x67, 0x32, //  = u_gx_tev_reg2
	0x3b, 0x0a, 0x20, 0x20, 0x72, 0x65, 0x67, 0x33, 0x5f, 0x32, 0x20, 0x3d, 0x20, 0x75, 0x5f, 0x67, // ;.  reg3_2 = u_g
	0x78, 0x5f, 0x74, 0x65, 0x76, 0x5f, 0x72, 0x65, 0x67, 0x33, 0x3b, 0x0a, 0x20, 0x20, 0x66, 0x69, // x_tev_reg3;.  fi
	0x6e, 0x61, 0x6c, 0x5f, 0x6f, 0x75, 0x74, 0x70, 0x75, 0x74, 0x73, 0x5f, 0x31, 0x20, 0x3d, 0x20, // nal_outputs_1 =
	0x75, 0x5f, 0x67, 0x78, 0x5f, 0x74, 0x65, 0x76, 0x5f, 0x6f, 0x75, 0x74, 0x30, 0x3b, 0x0a, 0x20, // u_gx_tev_out0;.
	0x20, 0x76, 0x65, 0x63, 0x34, 0x20, 0x74, 0x6d, 0x70, 0x76, 0x61, 0x72, 0x5f, 0x31, 0x35, 0x3b, //  vec4 tmpvar_15;
	0x0a, 0x20, 0x20, 0x69, 0x66, 0x20, 0x28, 0x28, 0x75, 0x5f, 0x67, 0x78, 0x5f, 0x74, 0x65, 0x76, // .  if ((u_gx_tev
	0x5f, 0x6f, 0x75, 0x74, 0x30, 0x2e, 0x7a, 0x20, 0x3c, 0x20, 0x30, 0x2e, 0x35, 0x29, 0x29, 0x20, // _out0.z < 0.5))
	0x7b, 0x0a, 0x20, 0x20, 0x20, 0x20, 0x74, 0x6d, 0x70, 0x76, 0x61, 0x72, 0x5f, 0x31, 0x35, 0x20, // {.    tmpvar_15
	0x3d, 0x20, 0x74, 0x65, 0x78, 0x74, 0x75, 0x72, 0x65, 0x30, 0x5f, 0x37, 0x3b, 0x0a, 0x20, 0x20, // = texture0_7;.
	0x7d, 0x20, 0x65, 0x6c, 0x73, 0x65, 0x20, 0x7b, 0x0a, 0x20, 0x20, 0x20, 0x20, 0x69, 0x66, 0x20, // } else {.    if
	0x28, 0x28, 0x75, 0x5f, 0x67, 0x78, 0x5f, 0x74, 0x65, 0x76, 0x5f, 0x6f, 0x75, 0x74, 0x30, 0x2e, // ((u_gx_tev_out0.
	0x7a, 0x20, 0x3c, 0x20, 0x31, 0x2e, 0x35, 0x29, 0x29, 0x20, 0x7b, 0x0a, 0x20, 0x20, 0x20, 0x20, // z < 1.5)) {.
	0x20, 0x20, 0x74, 0x6d, 0x70, 0x76, 0x61, 0x72, 0x5f, 0x31, 0x35, 0x20, 0x3d, 0x20, 0x74, 0x65, //   tmpvar_15 = te
	0x78, 0x74, 0x75, 0x72, 0x65, 0x31, 0x5f, 0x36, 0x3b, 0x0a, 0x20, 0x20, 0x20, 0x20, 0x7d, 0x20, // xture1_6;.    }
	0x65, 0x6c, 0x73, 0x65, 0x20, 0x7b, 0x0a, 0x20, 0x20, 0x20, 0x20, 0x20, 0x20, 0x74, 0x6d, 0x70, // else {.      tmp
	0x76, 0x61, 0x72, 0x5f, 0x31, 0x35, 0x20, 0x3d, 0x20, 0x74, 0x6d, 0x70, 0x76, 0x61, 0x72, 0x5f, // var_15 = tmpvar_
	0x31, 0x34, 0x3b, 0x0a, 0x20, 0x20, 0x20, 0x20, 0x7d, 0x3b, 0x0a, 0x20, 0x20, 0x7d, 0x3b, 0x0a, // 14;.    };.  };.
	0x20, 0x20, 0x76, 0x65, 0x63, 0x33, 0x20, 0x74, 0x6d, 0x70, 0x76, 0x61, 0x72, 0x5f, 0x31, 0x36, //   vec3 tmpvar_16
	0x3b, 0x0a, 0x20, 0x20, 0x69, 0x66, 0x20, 0x28, 0x28, 0x75, 0x5f, 0x67, 0x78, 0x5f, 0x74, 0x65, // ;.  if ((u_gx_te
	0x76, 0x5f, 0x63, 0x6f, 0x6c, 0x6f, 0x72, 0x5f, 0x69, 0x6e, 0x30, 0x2e, 0x78, 0x20, 0x3c, 0x20, // v_color_in0.x <
	0x30, 0x2e, 0x35, 0x29, 0x29, 0x20, 0x7b, 0x0a, 0x20, 0x20, 0x20, 0x20, 0x74, 0x6d, 0x70, 0x76, // 0.5)) {.    tmpv
	0x61, 0x72, 0x5f, 0x31, 0x36, 0x20, 0x3d, 0x20, 0x75, 0x5f, 0x67, 0x78, 0x5f, 0x74, 0x65, 0x76, // ar_16 = u_gx_tev
	0x5f, 0x72, 0x65, 0x67, 0x30, 0x2e, 0x78, 0x79, 0x7a, 0x3b, 0x0a, 0x20, 0x20, 0x7d, 0x20, 0x65, // _reg0.xyz;.  } e
	0x6c, 0x73, 0x65, 0x20, 0x7b, 0x0a, 0x20, 0x20, 0x20, 0x20, 0x69, 0x66, 0x20, 0x28, 0x28, 0x75, // lse {.    if ((u
	0x5f, 0x67, 0x78, 0x5f, 0x74, 0x65, 0x76, 0x5f, 0x63, 0x6f, 0x6c, 0x6f, 0x72, 0x5f, 0x69, 0x6e, // _gx_tev_color_in
	0x30, 0x2e, 0x78, 0x20, 0x3c, 0x20, 0x31, 0x2e, 0x35, 0x29, 0x29, 0x20, 0x7b, 0x0a, 0x20, 0x20, // 0.x < 1.5)) {.
	0x20, 0x20, 0x20, 0x20, 0x74, 0x6d, 0x70, 0x76, 0x61, 0x72, 0x5f, 0x31, 0x36, 0x20, 0x3d, 0x20, //     tmpvar_16 =
	0x75, 0x5f, 0x67, 0x78, 0x5f, 0x74, 0x65, 0x76, 0x5f, 0x72, 0x65, 0x67, 0x30, 0x2e, 0x77, 0x77, // u_gx_tev_reg0.ww
	0x77, 0x3b, 0x0a, 0x20, 0x20, 0x20, 0x20, 0x7d, 0x20, 0x65, 0x6c, 0x73, 0x65, 0x20, 0x7b, 0x0a, // w;.    } else {.
	0x20, 0x20, 0x20, 0x20, 0x20, 0x20, 0x69, 0x66, 0x20, 0x28, 0x28, 0x75, 0x5f, 0x67, 0x78, 0x5f, //       if ((u_gx_
	0x74, 0x65, 0x76, 0x5f, 0x63, 0x6f, 0x6c, 0x6f, 0x72, 0x5f, 0x69, 0x6e, 0x30, 0x2e, 0x78, 0x20, // tev_color_in0.x
	0x3c, 0x20, 0x32, 0x2e, 0x35, 0x29, 0x29, 0x20, 0x7b, 0x0a, 0x20, 0x20, 0x20, 0x20, 0x20, 0x20, // < 2.5)) {.
	0x20, 0x20, 0x74, 0x6d, 0x70, 0x76, 0x61, 0x72, 0x5f, 0x31, 0x36, 0x20, 0x3d, 0x20, 0x75, 0x5f, //   tmpvar_16 = u_
	0x67, 0x78, 0x5f, 0x74, 0x65, 0x76, 0x5f, 0x72, 0x65, 0x67, 0x31, 0x2e, 0x78, 0x79, 0x7a, 0x3b, // gx_tev_reg1.xyz;
	0x0a, 0x20, 0x20, 0x20, 0x20, 0x20, 0x20, 0x7d, 0x20, 0x65, 0x6c, 0x73, 0x65, 0x20, 0x7b, 0x0a, // .      } else {.
	0x20, 0x20, 0x20, 0x20, 0x20, 0x20, 0x20, 0x20, 0x69, 0x66, 0x20, 0x28, 0x28, 0x75, 0x5f, 0x67, //         if ((u_g
	0x78, 0x5f, 0x74, 0x65, 0x76, 0x5f, 0x63, 0x6f, 0x6c, 0x6f, 0x72, 0x5f, 0x69, 0x6e, 0x30, 0x2e, // x_tev_color_in0.
	0x78, 0x20, 0x3c, 0x20, 0x33, 0x2e, 0x35, 0x29, 0x29, 0x20, 0x7b, 0x0a, 0x20, 0x20, 0x20, 0x20, // x < 3.5)) {.
	0x20, 0x20, 0x20, 0x20, 0x20, 0x20, 0x74, 0x6d, 0x70, 0x76, 0x61, 0x72, 0x5f, 0x31, 0x36, 0x20, //       tmpvar_16
	0x3d, 0x20, 0x75, 0x5f, 0x67, 0x78, 0x5f, 0x74, 0x65, 0x76, 0x5f, 0x72, 0x65, 0x67, 0x31, 0x2e, // = u_gx_tev_reg1.
	0x77, 0x77, 0x77, 0x3b, 0x0a, 0x20, 0x20, 0x20, 0x20, 0x20, 0x20, 0x20, 0x20, 0x7d, 0x20, 0x65, // www;.        } e
	0x6c, 0x73, 0x65, 0x20, 0x7b, 0x0a, 0x20, 0x20, 0x20, 0x20, 0x20, 0x20, 0x20, 0x20, 0x20, 0x20, // lse {.
	0x69, 0x66, 0x20, 0x28, 0x28, 0x75, 0x5f, 0x67, 0x78, 0x5f, 0x74, 0x65, 0x76, 0x5f, 0x63, 0x6f, // if ((u_gx_tev_co
	0x6c, 0x6f, 0x72, 0x5f, 0x69, 0x6e, 0x30, 0x2e, 0x78, 0x20, 0x3c, 0x20, 0x34, 0x2e, 0x35, 0x29, // lor_in0.x < 4.5)
	0x29, 0x20, 0x7b, 0x0a, 0x20, 0x20, 0x20, 0x20, 0x20, 0x20, 0x20, 0x20, 0x20, 0x20, 0x20, 0x20, // ) {.
	0x74, 0x6d, 0x70, 0x76, 0x61, 0x72, 0x5f, 0x31, 0x36, 0x20, 0x3d, 0x20, 0x75, 0x5f, 0x67, 0x78, // tmpvar_16 = u_gx
	0x5f, 0x74, 0x65, 0x76, 0x5f, 0x72, 0x65, 0x67, 0x32, 0x2e, 0x78, 0x79, 0x7a, 0x3b, 0x0a, 0x20, // _tev_reg2.xyz;.
	0x20, 0x20, 0x20, 0x20, 0x20, 0x20, 0x20, 0x20, 0x20, 0x7d, 0x20, 0x65, 0x6c, 0x73, 0x65, 0x20, //          } else
	0x7b, 0x0a, 0x20, 0x20, 0x20, 0x20, 0x20, 0x20, 0x20, 0x20, 0x20, 0x20, 0x20, 0x20, 0x69, 0x66, // {.            if
	0x20, 0x28, 0x28, 0x75, 0x5f, 0x67, 0x78, 0x5f, 0x74, 0x65, 0x76, 0x5f, 0x63, 0x6f, 0x6c, 0x6f, //  ((u_gx_tev_colo
	0x72, 0x5f, 0x69, 0x6e, 0x30, 0x2e, 0x78, 0x20, 0x3c, 0x20, 0x35, 0x2e, 0x35, 0x29, 0x29, 0x20, // r_in0.x < 5.5))
	0x7b, 0x0a, 0x20, 0x20, 0x20, 0x20, 0x20, 0x20, 0x20, 0x20, 0x20, 0x20, 0x20, 0x20, 0x20, 0x20, // {.
	0x74, 0x6d, 0x70, 0x76, 0x61, 0x72, 0x5f, 0x31, 0x36, 0x20, 0x3d, 0x20, 0x75, 0x5f, 0x67, 0x78, // tmpvar_16 = u_gx
	0x5f, 0x74, 0x65, 0x76, 0x5f, 0x72, 0x65, 0x67, 0x32, 0x2e, 0x77, 0x77, 0x77, 0x3b, 0x0a, 0x20, // _tev_reg2.www;.
	0x20, 0x20, 0x20, 0x20, 0x20, 0x20, 0x20, 0x20, 0x20, 0x20, 0x20, 0x7d, 0x20, 0x65, 0x6c, 0x73, //            } els
	0x65, 0x20, 0x7b, 0x0a, 0x20, 0x20, 0x20, 0x20, 0x20, 0x20, 0x20, 0x20, 0x20, 0x20, 0x20, 0x20, // e {.
	0x20, 0x20, 0x69, 0x66, 0x20, 0x28, 0x28, 0x75, 0x5f, 0x67, 0x78, 0x5f, 0x74, 0x65, 0x76, 0x5f, //   if ((u_gx_tev_
	0x63, 0x6f, 0x6c, 0x6f, 0x72, 0x5f, 0x69, 0x6e, 0x30, 0x2e, 0x78, 0x20, 0x3c, 0x20, 0x36, 0x2e, // color_in0.x < 6.
	0x35, 0x29, 0x29, 0x20, 0x7b, 0x0a, 0x20, 0x20, 0x20, 0x20, 0x20, 0x20, 0x20, 0x20, 0x20, 0x20, // 5)) {.
	0x20, 0x20, 0x20, 0x20, 0x20, 0x20, 0x74, 0x6d, 0x70, 0x76, 0x61, 0x72, 0x5f, 0x31, 0x36, 0x20, //       tmpvar_16
	0x3d, 0x20, 0x75, 0x5f, 0x67, 0x78, 0x5f, 0x74, 0x65, 0x76, 0x5f, 0x72, 0x65, 0x67, 0x33, 0x2e, // = u_gx_tev_reg3.
	0x78, 0x79, 0x7a, 0x3b, 0x0a, 0x20, 0x20, 0x20, 0x20, 0x20, 0x20, 0x20, 0x20, 0x20, 0x20, 0x20, // xyz;.
	0x20, 0x20, 0x20, 0x7d, 0x20, 0x65, 0x6c, 0x73, 0x65, 0x20, 0x7b, 0x0a, 0x20, 0x20, 0x20, 0x20, //    } else {.
	0x20, 0x20, 0x20, 0x20, 0x20, 0x20, 0x20, 0x20, 0x20, 0x20, 0x20, 0x20, 0x69, 0x66, 0x20, 0x28, //             if (
	0x28, 0x75, 0x5f, 0x67, 0x78, 0x5f, 0x74, 0x65, 0x76, 0x5f, 0x63, 0x6f, 0x6c, 0x6f, 0x72, 0x5f, // (u_gx_tev_color_
	0x69, 0x6e, 0x30, 0x2e, 0x78, 0x20, 0x3c, 0x20, 0x37, 0x2e, 0x35, 0x29, 0x29, 0x20, 0x7b, 0x0a, // in0.x < 7.5)) {.
	0x20, 0x20, 0x20, 0x20, 0x20, 0x20, 0x20, 0x20, 0x20, 0x20, 0x20, 0x20, 0x20, 0x20, 0x20, 0x20, //
	0x20, 0x20, 0x74, 0x6d, 0x70, 0x76, 0x61, 0x72, 0x5f, 0x31, 0x36, 0x20, 0x3d, 0x20, 0x75, 0x5f, //   tmpvar_16 = u_
	0x67, 0x78, 0x5f, 0x74, 0x65, 0x76, 0x5f, 0x72, 0x65, 0x67, 0x33, 0x2e, 0x77, 0x77, 0x77, 0x3b, // gx_tev_reg3.www;
	0x0a, 0x20, 0x20, 0x20, 0x20, 0x20, 0x20, 0x20, 0x20, 0x20, 0x20, 0x20, 0x20, 0x20, 0x20, 0x20, // .
	0x20, 0x7d, 0x20, 0x65, 0x6c, 0x73, 0x65, 0x20, 0x7b, 0x0a, 0x20, 0x20, 0x20, 0x20, 0x20, 0x20, //  } else {.
	0x20, 0x20, 0x20, 0x20, 0x20, 0x20, 0x20, 0x20, 0x20, 0x20, 0x20, 0x20, 0x69, 0x66, 0x20, 0x28, //             if (
	0x28, 0x75, 0x5f, 0x67, 0x78, 0x5f, 0x74, 0x65, 0x76, 0x5f, 0x63, 0x6f, 0x6c, 0x6f, 0x72, 0x5f, // (u_gx_tev_color_
	0x69, 0x6e, 0x30, 0x2e, 0x78, 0x20, 0x3c, 0x20, 0x38, 0x2e, 0x35, 0x29, 0x29, 0x20, 0x7b, 0x0a, // in0.x < 8.5)) {.
	0x20, 0x20, 0x20, 0x20, 0x20, 0x20, 0x20, 0x20, 0x20, 0x20, 0x20, 0x20, 0x20, 0x20, 0x20, 0x20, //
	0x20, 0x20, 0x20, 0x20, 0x74, 0x6d, 0x70, 0x76, 0x61, 0x72, 0x5f, 0x31, 0x36, 0x20, 0x3d, 0x20, //     tmpvar_16 =
	0x74, 0x6d, 0x70, 0x76, 0x61, 0x72, 0x5f, 0x31, 0x35, 0x2e, 0x78, 0x79, 0x7a, 0x3b, 0x0a, 0x20, // tmpvar_15.xyz;.
	0x20, 0x20, 0x20, 0x20, 0x20, 0x20, 0x20, 0x20, 0x20, 0x20, 0x20, 0x20, 0x20, 0x20, 0x20, 0x20, //
	0x20, 0x7d, 0x20, 0x65, 0x6c, 0x73, 0x65, 0x20, 0x7b, 0x0a, 0x20, 0x20, 0x20, 0x20, 0x20, 0x20, //  } else {.
	0x20, 0x20, 0x20, 0x20, 0x20, 0x20, 0x20, 0x20, 0x20, 0x20, 0x20, 0x20, 0x20, 0x20, 0x69, 0x66, //               if
	0x20, 0x28, 0x28, 0x75, 0x5f, 0x67, 0x78, 0x5f, 0x74, 0x65, 0x76, 0x5f, 0x63, 0x6f, 0x6c, 0x6f, //  ((u_gx_tev_colo
	0x72, 0x5f, 0x69, 0x6e, 0x30, 0x2e, 0x78, 0x20, 0x3c, 0x20, 0x39, 0x2e, 0x35, 0x29, 0x29, 0x20, // r_in0.x < 9.5))
	0x7b, 0x0a, 0x20, 0x20, 0x20, 0x20, 0x20, 0x20, 0x20, 0x20, 0x20, 0x20, 0x20, 0x20, 0x20, 0x20, // {.
	0x20, 0x20, 0x20, 0x20, 0x20, 0x20, 0x20, 0x20, 0x74, 0x6d, 0x70, 0x76, 0x61, 0x72, 0x5f, 0x31, //         tmpvar_1
	0x36, 0x20, 0x3d, 0x20, 0x74, 0x6d, 0x70, 0x76, 0x61, 0x72, 0x5f, 0x31, 0x35, 0x2e, 0x77, 0x77, // 6 = tmpvar_15.ww
	0x77, 0x3b, 0x0a, 0x20, 0x20, 0x20, 0x20, 0x20, 0x20, 0x20, 0x20, 0x20, 0x20, 0x20, 0x20, 0x20, // w;.
	0x20, 0x20, 0x20, 0x20, 0x20, 0x20, 0x20, 0x7d, 0x20, 0x65, 0x6c, 0x73, 0x65, 0x20, 0x7b, 0x0a, //        } else {.
	0x20, 0x20, 0x20, 0x20, 0x20, 0x20, 0x20, 0x20, 0x20, 0x20, 0x20, 0x20, 0x20, 0x20, 0x20, 0x20, //
	0x20, 0x20, 0x20, 0x20, 0x20, 0x20, 0x69, 0x66, 0x20, 0x28, 0x28, 0x75, 0x5f, 0x67, 0x78, 0x5f, //       if ((u_gx_
	0x74, 0x65, 0x76, 0x5f, 0x63, 0x6f, 0x6c, 0x6f, 0x72, 0x5f, 0x69, 0x6e, 0x30, 0x2e, 0x78, 0x20, // tev_color_in0.x
	0x3c, 0x20, 0x31, 0x30, 0x2e, 0x35, 0x29, 0x29, 0x20, 0x7b, 0x0a, 0x20, 0x20, 0x20, 0x20, 0x20, // < 10.5)) {.
	0x20, 0x20, 0x20, 0x20, 0x20, 0x20, 0x20, 0x20, 0x20, 0x20, 0x20, 0x20, 0x20, 0x20, 0x20, 0x20, //
	0x20, 0x20, 0x20, 0x74, 0x6d, 0x70, 0x76, 0x61, 0x72, 0x5f, 0x31, 0x36, 0x20, 0x3d, 0x20, 0x76, //    tmpvar_16 = v
	0x5f, 0x63, 0x6f, 0x6c, 0x6f, 0x72, 0x30, 0x2e, 0x78, 0x79, 0x7a, 0x3b, 0x0a, 0x20, 0x20, 0x20, // _color0.xyz;.
	0x20, 0x20, 0x20, 0x20, 0x20, 0x20, 0x20, 0x20, 0x20, 0x20, 0x20, 0x20, 0x20, 0x20, 0x20, 0x20, //
	0x20, 0x20, 0x20, 0x7d, 0x20, 0x65, 0x6c, 0x73, 0x65, 0x20, 0x7b, 0x0a, 0x20, 0x20, 0x20, 0x20, //    } else {.
	0x20, 0x20, 0x20, 0x20, 0x20, 0x20, 0x20, 0x20, 0x20, 0x20, 0x20, 0x20, 0x20, 0x20, 0x20, 0x20, //
	0x20, 0x20, 0x20, 0x20, 0x69, 0x66, 0x20, 0x28, 0x28, 0x75, 0x5f, 0x67, 0x78, 0x5f, 0x74, 0x65, //     if ((u_gx_te
	0x76, 0x5f, 0x63, 0x6f, 0x6c, 0x6f, 0x72, 0x5f, 0x69, 0x6e, 0x30, 0x2e, 0x78, 0x20, 0x3c, 0x20, // v_color_in0.x <
	0x31, 0x31, 0x2e, 0x35, 0x29, 0x29, 0x20, 0x7b, 0x0a, 0x20, 0x20, 0x20, 0x20, 0x20, 0x20, 0x20, // 11.5)) {.
	0x20, 0x20, 0x20, 0x20, 0x20, 0x20, 0x20, 0x20, 0x20, 0x20, 0x20, 0x20, 0x20, 0x20, 0x20, 0x20, //
	0x20, 0x20, 0x20, 0x74, 0x6d, 0x70, 0x76, 0x61, 0x72, 0x5f, 0x31, 0x36, 0x20, 0x3d, 0x20, 0x76, //    tmpvar_16 = v
	0x5f, 0x63, 0x6f, 0x6c, 0x6f, 0x72, 0x30, 0x2e, 0x77, 0x77, 0x77, 0x3b, 0x0a, 0x20, 0x20, 0x20, // _color0.www;.
	0x20, 0x20, 0x20, 0x20, 0x20, 0x20, 0x20, 0x20, 0x20, 0x20, 0x20, 0x20, 0x20, 0x20, 0x20, 0x20, //
	0x20, 0x20, 0x20, 0x20, 0x20, 0x7d, 0x20, 0x65, 0x6c, 0x73, 0x65, 0x20, 0x7b, 0x0a, 0x20, 0x20, //      } else {.
	0x20, 0x20, 0x20, 0x20, 0x20, 0x20, 0x20, 0x20, 0x20, 0x20, 0x20, 0x20, 0x20, 0x20, 0x20, 0x20, //
	0x20, 0x20, 0x20, 0x20, 0x20, 0x20, 0x20, 0x20, 0x69, 0x66, 0x20, 0x28, 0x28, 0x75, 0x5f, 0x67, //         if ((u_g
	0x78, 0x5f, 0x74, 0x65, 0x76, 0x5f, 0x63, 0x6f, 0x6c, 0x6f, 0x72, 0x5f, 0x69, 0x6e, 0x30, 0x2e, // x_tev_color_in0.
	0x78, 0x20, 0x3c, 0x20, 0x31, 0x32, 0x2e, 0x35, 0x29, 0x29, 0x20, 0x7b, 0x0a, 0x20, 0x20, 0x20, // x < 12.5)) {.
	0x20, 0x20, 0x20, 0x20, 0x20, 0x20, 0x20, 0x20, 0x20, 0x20, 0x20, 0x20, 0x20, 0x20, 0x20, 0x20, //
	0x20, 0x20, 0x20, 0x20, 0x20, 0x20, 0x20, 0x20, 0x20, 0x74, 0x6d, 0x70, 0x76, 0x61, 0x72, 0x5f, //          tmpvar_
	0x31, 0x36, 0x20, 0x3d, 0x20, 0x76, 0x65, 0x63, 0x33, 0x28, 0x31, 0x2e, 0x30, 0x2c, 0x20, 0x31, // 16 = vec3(1.0, 1
	0x2e, 0x30, 0x2c, 0x20, 0x31, 0x2e, 0x30, 0x29, 0x3b, 0x0a, 0x20, 0x20, 0x20, 0x20, 0x20, 0x20, // .0, 1.0);.
	0x20, 0x20, 0x20, 0x20, 0x20, 0x20, 0x20, 0x20, 0x20, 0x20, 0x20, 0x20, 0x20, 0x20, 0x20, 0x20, //
	0x20, 0x20, 0x20, 0x20, 0x7d, 0x20, 0x65, 0x6c, 0x73, 0x65, 0x20, 0x7b, 0x0a, 0x20, 0x20, 0x20, //     } else {.
	0x20, 0x20, 0x20, 0x20, 0x20, 0x20, 0x20, 0x20, 0x20, 0x20, 0x20, 0x20, 0x20, 0x20, 0x20, 0x20, //
	0x20, 0x20, 0x20, 0x20, 0x20, 0x20, 0x20, 0x20, 0x20, 0x69, 0x66, 0x20, 0x28, 0x28, 0x75, 0x5f, //          if ((u_
	0x67, 0x78, 0x5f, 0x74, 0x65, 0x76, 0x5f, 0x63, 0x6f, 0x6c, 0x6f, 0x72, 0x5f, 0x69, 0x6e, 0x30, // gx_tev_color_in0
	0x2e, 0x78, 0x20, 0x3c, 0x20, 0x31, 0x33, 0x2e, 0x35, 0x29, 0x29, 0x20, 0x7b, 0x0a, 0x20, 0x20, // .x < 13.5)) {.
	0x20, 0x20, 0x20, 0x20, 0x20, 0x20, 0x20, 0x20, 0x20, 0x20, 0x20, 0x20, 0x20, 0x20, 0x20, 0x20, //
	0x20, 0x20, 0x20, 0x20, 0x20, 0x20, 0x20, 0x20, 0x20, 0x20, 0x20, 0x20, 0x74, 0x6d, 0x70, 0x76, //             tmpv
	0x61, 0x72, 0x5f, 0x31, 0x36, 0x20, 0x3d, 0x20, 0x76, 0x65, 0x63, 0x33, 0x28, 0x30, 0x2e, 0x35, // ar_16 = vec3(0.5
	0x30, 0x31, 0x39, 0x36, 0x30, 0x38, 0x2c, 0x20, 0x30, 0x2e, 0x35, 0x30, 0x31, 0x39, 0x36, 0x30, // 019608, 0.501960
	0x38, 0x2c, 0x20, 0x30, 0x2e, 0x35, 0x30, 0x31, 0x39, 0x36, 0x30, 0x38, 0x29, 0x3b, 0x0a, 0x20, // 8, 0.5019608);.
	0x20, 0x20, 0x20, 0x20, 0x20, 0x20, 0x20, 0x20, 0x20, 0x20, 0x20, 0x20, 0x20, 0x20, 0x20, 0x20, //
	0x20, 0x20, 0x20, 0x20, 0x20, 0x20, 0x20, 0x20, 0x20, 0x20, 0x20, 0x7d, 0x20, 0x65, 0x6c, 0x73, //            } els
	0x65, 0x20, 0x7b, 0x0a, 0x20, 0x20, 0x20, 0x20, 0x20, 0x20, 0x20, 0x20, 0x20, 0x20, 0x20, 0x20, // e {.
	0x20, 0x20, 0x20, 0x20, 0x20, 0x20, 0x20, 0x20, 0x20, 0x20, 0x20, 0x20, 0x20, 0x20, 0x20, 0x20, //
	0x20, 0x20, 0x69, 0x66, 0x20, 0x28, 0x28, 0x75, 0x5f, 0x67, 0x78, 0x5f, 0x74, 0x65, 0x76, 0x5f, //   if ((u_gx_tev_
	0x63, 0x6f, 0x6c, 0x6f, 0x72, 0x5f, 0x69, 0x6e, 0x30, 0x2e, 0x78, 0x20, 0x3c, 0x20, 0x31, 0x34, // color_in0.x < 14
	0x2e, 0x35, 0x29, 0x29, 0x20, 0x7b, 0x0a, 0x20, 0x20, 0x20, 0x20, 0x20, 0x20, 0x20, 0x20, 0x20, // .5)) {.
	0x20, 0x20, 0x20, 0x20, 0x20, 0x20, 0x20, 0x20, 0x20, 0x20, 0x20, 0x20, 0x20, 0x20, 0x20, 0x20, //
	0x20, 0x20, 0x20, 0x20, 0x20, 0x20, 0x20, 0x74, 0x6d, 0x70, 0x76, 0x61, 0x72, 0x5f, 0x31, 0x36, //        tmpvar_16
	0x20, 0x3d, 0x20, 0x75, 0x5f, 0x67, 0x78, 0x5f, 0x74, 0x65, 0x76, 0x5f, 0x6b, 0x6f, 0x6e, 0x73, //  = u_gx_tev_kons
	0x74, 0x30, 0x2e, 0x78, 0x79, 0x7a, 0x3b, 0x0a, 0x20, 0x20, 0x20, 0x20, 0x20, 0x20, 0x20, 0x20, // t0.xyz;.
	0x20, 0x20, 0x20, 0x20, 0x20, 0x20, 0x20, 0x20, 0x20, 0x20, 0x20, 0x20, 0x20, 0x20, 0x20, 0x20, //
	0x20, 0x20, 0x20, 0x20, 0x20, 0x20, 0x7d, 0x20, 0x65, 0x6c, 0x73, 0x65, 0x20, 0x7b, 0x0a, 0x20, //       } else {.
	0x20, 0x20, 0x20, 0x20, 0x20, 0x20, 0x20, 0x20, 0x20, 0x20, 0x20, 0x20, 0x20, 0x20, 0x20, 0x20, //
	0x20, 0x20, 0x20, 0x20, 0x20, 0x20, 0x20, 0x20, 0x20, 0x20, 0x20, 0x20, 0x20, 0x20, 0x20, 0x74, //                t
	0x6d, 0x70, 0x76, 0x61, 0x72, 0x5f, 0x31, 0x36, 0x20, 0x3d, 0x20, 0x76, 0x65, 0x63, 0x33, 0x28, // mpvar_16 = vec3(
	0x30, 0x2e, 0x30, 0x2c, 0x20, 0x30, 0x2e, 0x30, 0x2c, 0x20, 0x30, 0x2e, 0x30, 0x29, 0x3b, 0x0a, // 0.0, 0.0, 0.0);.
	0x20, 0x20, 0x20, 0x20, 0x20, 0x20, 0x20, 0x20, 0x20, 0x20, 0x20, 0x20, 0x20, 0x20, 0x20, 0x20, //
	0x20, 0x20, 0x20, 0x20, 0x20, 0x20, 0x20, 0x20, 0x20, 0x20, 0x20, 0x20, 0x20, 0x20, 0x7d, 0x3b, //               };
	0x0a, 0x20, 0x20, 0x20, 0x20, 0x20, 0x20, 0x20, 0x20, 0x20, 0x20, 0x20, 0x20, 0x20, 0x20, 0x20, // .
	0x20, 0x20, 0x20, 0x20, 0x20, 0x20, 0x20, 0x20, 0x20, 0x20, 0x20, 0x20, 0x20, 0x7d, 0x3b, 0x0a, //              };.
	0x20, 0x20, 0x20, 0x20, 0x20, 0x20, 0x20, 0x20, 0x20, 0x20, 0x20, 0x20, 0x20, 0x20, 0x20, 0x20, //
	0x20, 0x20, 0x20, 0x20, 0x20, 0x20, 0x20, 0x20, 0x20, 0x20, 0x7d, 0x3b, 0x0a, 0x20, 0x20, 0x20, //           };.
	0x20, 0x20, 0x20, 0x20, 0x20, 0x20, 0x20, 0x20, 0x20, 0x20, 0x20, 0x20, 0x20, 0x20, 0x20, 0x20, //
	0x20, 0x20, 0x20, 0x20, 0x20, 0x7d, 0x3b, 0x0a, 0x20, 0x20, 0x20, 0x20, 0x20, 0x20, 0x20, 0x20, //      };.
	0x20, 0x20, 0x20, 0x20, 0x20, 0x20, 0x20, 0x20, 0x20, 0x20, 0x20, 0x20, 0x20, 0x20, 0x7d, 0x3b, //               };
	0x0a, 0x20, 0x20, 0x20, 0x20, 0x20, 0x20, 0x20, 0x20, 0x20, 0x20, 0x20, 0x20, 0x20, 0x20, 0x20, // .
	0x20, 0x20, 0x20, 0x20, 0x20, 0x7d, 0x3b, 0x0a, 0x20, 0x20, 0x20, 0x20, 0x20, 0x20, 0x20, 0x20, //      };.
	0x20, 0x20, 0x20, 0x20, 0x20, 0x20, 0x20, 0x20, 0x20, 0x20, 0x7d, 0x3b, 0x0a, 0x20, 0x20, 0x20, //           };.
	0x20, 0x20, 0x20, 0x20, 0x20, 0x20, 0x20, 0x20, 0x20, 0x20, 0x20, 0x20, 0x20, 0x7d, 0x3b, 0x0a, //              };.
	0x20, 0x20, 0x20, 0x20, 0x20, 0x20, 0x20, 0x20, 0x20, 0x20, 0x20, 0x20, 0x20, 0x20, 0x7d, 0x3b, //               };
	0x0a, 0x20, 0x20, 0x20, 0x20, 0x20, 0x20, 0x20, 0x20, 0x20, 0x20, 0x20, 0x20, 0x7d, 0x3b, 0x0a, // .            };.
	0x20, 0x20, 0x20, 0x20, 0x20, 0x20, 0x20, 0x20, 0x20, 0x20, 0x7d, 0x3b, 0x0a, 0x20, 0x20, 0x20, //           };.
	0x20, 0x20, 0x20, 0x20, 0x20, 0x7d, 0x3b, 0x0a, 0x20, 0x20, 0x20, 0x20, 0x20, 0x20, 0x7d, 0x3b, //      };.      };
	0x0a, 0x20, 0x20, 0x20, 0x20, 0x7d, 0x3b, 0x0a, 0x20, 0x20, 0x7d, 0x3b, 0x0a, 0x20, 0x20, 0x76, // .    };.  };.  v
	0x65, 0x63, 0x33, 0x20, 0x74, 0x6d, 0x70, 0x76, 0x61, 0x72, 0x5f, 0x31, 0x37, 0x3b, 0x0a, 0x20, // ec3 tmpvar_17;.
	0x20, 0x69, 0x66, 0x20, 0x28, 0x28, 0x75, 0x5f, 0x67, 0x78, 0x5f, 0x74, 0x65, 0x76, 0x5f, 0x63, //  if ((u_gx_tev_c
	0x6f, 0x6c, 0x6f, 0x72, 0x5f, 0x69, 0x6e, 0x30, 0x2e, 0x79, 0x20, 0x3c, 0x20, 0x30, 0x2e, 0x35, // olor_in0.y < 0.5
	0x29, 0x29, 0x20, 0x7b, 0x0a, 0x20, 0x20, 0x20, 0x20, 0x74, 0x6d, 0x70, 0x76, 0x61, 0x72, 0x5f, // )) {.    tmpvar_
	0x31, 0x37, 0x20, 0x3d, 0x20, 0x75, 0x5f, 0x67, 0x78, 0x5f, 0x74, 0x65, 0x76, 0x5f, 0x72, 0x65, // 17 = u_gx_tev_re
	0x67, 0x30, 0x2e, 0x78, 0x79, 0x7a, 0x3b, 0x0a, 0x20, 0x20, 0x7d, 0x20, 0x65, 0x6c, 0x73, 0x65, // g0.xyz;.  } else
	0x20, 0x7b, 0x0a, 0x20, 0x20, 0x20, 0x20, 0x69, 0x66, 0x20, 0x28, 0x28, 0x75, 0x5f, 0x67, 0x78, //  {.    if ((u_gx
	0x5f, 0x74, 0x65, 0x76, 0x5f, 0x63, 0x6f, 0x6c, 0x6f, 0x72, 0x5f, 0x69, 0x6e, 0x30, 0x2e, 0x79, // _tev_color_in0.y
	0x20, 0x3c, 0x20, 0x31, 0x2e, 0x35, 0x29, 0x29, 0x20, 0x7b, 0x0a, 0x20, 0x20, 0x20, 0x20, 0x20, //  < 1.5)) {.
	0x20, 0x74, 0x6d, 0x70, 0x76, 0x61, 0x72, 0x5f, 0x31, 0x37, 0x20, 0x3d, 0x20, 0x75, 0x5f, 0x67, //  tmpvar_17 = u_g
	0x78, 0x5f, 0x74, 0x65, 0x76, 0x5f, 0x72, 0x65, 0x67, 0x30, 0x2e, 0x77, 0x77, 0x77, 0x3b, 0x0a, // x_tev_reg0.www;.
	0x20, 0x20, 0x20, 0x20, 0x7d, 0x20, 0x65, 0x6c, 0x73, 0x65, 0x20, 0x7b, 0x0a, 0x20, 0x20, 0x20, //     } else {.
	0x20, 0x20, 0x20, 0x69, 0x66, 0x20, 0x28, 0x28, 0x75, 0x5f, 0x67, 0x78, 0x5f, 0x74, 0x65, 0x76, //    if ((u_gx_tev
	0x5f, 0x63, 0x6f, 0x6c, 0x6f, 0x72, 0x5f, 0x69, 0x6e, 0x30, 0x2e, 0x79, 0x20, 0x3c, 0x20, 0x32, // _color_in0.y < 2
	0x2e, 0x35, 0x29, 0x29, 0x20, 0x7b, 0x0a, 0x20, 0x20, 0x20, 0x20, 0x20, 0x20, 0x20, 0x20, 0x74, // .5)) {.        t
	0x6d, 0x70, 0x76, 0x61, 0x72, 0x5f, 0x31, 0x37, 0x20, 0x3d, 0x20, 0x75, 0x5f, 0x67, 0x78, 0x5f, // mpvar_17 = u_gx_
	0x74, 0x65, 0x76, 0x5f, 0x72, 0x65, 0x67, 0x31, 0x2e, 0x78, 0x79, 0x7a, 0x3b, 0x0a, 0x20, 0x20, // tev_reg1.xyz;.
	0x20, 0x20, 0x20, 0x20, 0x7d, 0x20, 0x65, 0x6c, 0x73, 0x65, 0x20, 0x7b, 0x0a, 0x20, 0x20, 0x20, //     } else {.
	0x20, 0x20, 0x20, 0x20, 0x20, 0x69, 0x66, 0x20, 0x28, 0x28, 0x75, 0x5f, 0x67, 0x78, 0x5f, 0x74, //      if ((u_gx_t
	0x65, 0x76, 0x5f, 0x63, 0x6f, 0x6c, 0x6f, 0x72, 0x5f, 0x69, 0x6e, 0x30, 0x2e, 0x79, 0x20, 0x3c, // ev_color_in0.y <
	0x20, 0x33, 0x2e, 0x35, 0x29, 0x29, 0x20, 0x7b, 0x0a, 0x20, 0x20, 0x20, 0x20, 0x20, 0x20, 0x20, //  3.5)) {.
	0x20, 0x20, 0x20, 0x74, 0x6d, 0x70, 0x76, 0x61, 0x72, 0x5f, 0x31, 0x37, 0x20, 0x3d, 0x20, 0x75, //    tmpvar_17 = u
	0x5f, 0x67, 0x78, 0x5f, 0x74, 0x65, 0x76, 0x5f, 0x72, 0x65, 0x67, 0x31, 0x2e, 0x77, 0x77, 0x77, // _gx_tev_reg1.www
	0x3b, 0x0a, 0x20, 0x20, 0x20, 0x20, 0x20, 0x20, 0x20, 0x20, 0x7d, 0x20, 0x65, 0x6c, 0x73, 0x65, // ;.        } else
	0x20, 0x7b, 0x0a, 0x20, 0x20, 0x20, 0x20, 0x20, 0x20, 0x20, 0x20, 0x20, 0x20, 0x69, 0x66, 0x20, //  {.          if
	0x28, 0x28, 0x75, 0x5f, 0x67, 0x78, 0x5f, 0x74, 0x65, 0x76, 0x5f, 0x63, 0x6f, 0x6c, 0x6f, 0x72, // ((u_gx_tev_color
	0x5f, 0x69, 0x6e, 0x30, 0x2e, 0x79, 0x20, 0x3c, 0x20, 0x34, 0x2e, 0x35, 0x29, 0x29, 0x20, 0x7b, // _in0.y < 4.5)) {
	0x0a, 0x20, 0x20, 0x20, 0x20, 0x20, 0x20, 0x20, 0x20, 0x20, 0x20, 0x20, 0x20, 0x74, 0x6d, 0x70, // .            tmp
	0x76, 0x61, 0x72, 0x5f, 0x31, 0x37, 0x20, 0x3d, 0x20, 0x75, 0x5f, 0x67, 0x78, 0x5f, 0x74, 0x65, // var_17 = u_gx_te
	0x76, 0x5f, 0x72, 0x65, 0x67, 0x32, 0x2e, 0x78, 0x79, 0x7a, 0x3b, 0x0a, 0x20, 0x20, 0x20, 0x20, // v_reg2.xyz;.
	0x20, 0x20, 0x20, 0x20, 0x20, 0x20, 0x7d, 0x20, 0x65, 0x6c, 0x73, 0x65, 0x20, 0x7b, 0x0a, 0x20, //       } else {.
	0x20, 0x20, 0x20, 0x20, 0x20, 0x20, 0x20, 0x20, 0x20, 0x20, 0x20, 0x69, 0x66, 0x20, 0x28, 0x28, //            if ((
	0x75, 0x5f, 0x67, 0x78, 0x5f, 0x74, 0x65, 0x76, 0x5f, 0x63, 0x6f, 0x6c, 0x6f, 0x72, 0x5f, 0x69, // u_gx_tev_color_i
	0x6e, 0x30, 0x2e, 0x79, 0x20, 0x3c, 0x20, 0x35, 0x2e, 0x35, 0x29, 0x29, 0x20, 0x7b, 0x0a, 0x20, // n0.y < 5.5)) {.
	0x20, 0x20, 0x20, 0x20, 0x20, 0x20, 0x20, 0x20, 0x20, 0x20, 0x20, 0x20, 0x20, 0x74, 0x6d, 0x70, //              tmp
	0x76, 0x61, 0x72, 0x5f, 0x31, 0x37, 0x20, 0x3d, 0x20, 0x75, 0x5f, 0x67, 0x78, 0x5f, 0x74, 0x65, // var_17 = u_gx_te
	0x76, 0x5f, 0x72, 0x65, 0x67, 0x32, 0x2e, 0x77, 0x77, 0x77, 0x3b, 0x0a, 0x20, 0x20, 0x20, 0x20, // v_reg2.www;.
	0x20, 0x20, 0x20, 0x20, 0x20, 0x20, 0x20, 0x20, 0x7d, 0x20, 0x65, 0x6c, 0x73, 0x65, 0x20, 0x7b, //         } else {
	0x0a, 0x20, 0x20, 0x20, 0x20, 0x20, 0x20, 0x20, 0x20, 0x20, 0x20, 0x20, 0x20, 0x20, 0x20, 0x69, // .              i
	0x66, 0x20, 0x28, 0x28, 0x75, 0x5f, 0x67, 0x78, 0x5f, 0x74, 0x65, 0x76, 0x5f, 0x63, 0x6f, 0x6c, // f ((u_gx_tev_col
	0x6f, 0x72, 0x5f, 0x69, 0x6e, 0x30, 0x2e, 0x79, 0x20, 0x3c, 0x20, 0x36, 0x2e, 0x35, 0x29, 0x29, // or_in0.y < 6.5))
	0x20, 0x7b, 0x0a, 0x20, 0x20, 0x20, 0x20, 0x20, 0x20, 0x20, 0x20, 0x20, 0x20, 0x20, 0x20, 0x20, //  {.
	0x20, 0x20, 0x20, 0x74, 0x6d, 0x70, 0x76, 0x61, 0x72, 0x5f, 0x31, 0x37, 0x20, 0x3d, 0x20, 0x75, //    tmpvar_17 = u
	0x5f, 0x67, 0x78, 0x5f, 0x74, 0x65, 0x76, 0x5f, 0x72, 0x65, 0x67, 0x33, 0x2e, 0x78, 0x79, 0x7a, // _gx_tev_reg3.xyz
	0x3b, 0x0a, 0x20, 0x20, 0x20, 0x20, 0x20, 0x20, 0x20, 0x20, 0x20, 0x20, 0x20, 0x20, 0x20, 0x20, // ;.
	0x7d, 0x20, 0x65, 0x6c, 0x73, 0x65, 0x20, 0x7b, 0x0a, 0x20, 0x20, 0x20, 0x20, 0x20, 0x20, 0x20, // } else {.
	0x20, 0x20, 0x20, 0x20, 0x20, 0x20, 0x20, 0x20, 0x20, 0x69, 0x66, 0x20, 0x28, 0x28, 0x75, 0x5f, //          if ((u_
	0x67, 0x78, 0x5f, 0x74, 0x65, 0x76, 0x5f, 0x63, 0x6f, 0x6c, 0x6f, 0x72, 0x5f, 0x69, 0x6e, 0x30, // gx_tev_color_in0
	0x2e, 0x79, 0x20, 0x3c, 0x20, 0x37, 0x2e, 0x35, 0x29, 0x29, 0x20, 0x7b, 0x0a, 0x20, 0x20, 0x20, // .y < 7.5)) {.
	0x20, 0x20, 0x20, 0x20, 0x20, 0x20, 0x20, 0x20, 0x20, 0x20, 0x20, 0x20, 0x20, 0x20, 0x20, 0x74, //                t
	0x6d, 0x70, 0x76, 0x61, 0x72, 0x5f, 0x31, 0x37, 0x20, 0x3d, 0x20, 0x75, 0x5f, 0x67, 0x78, 0x5f, // mpvar_17 = u_gx_
	0x74, 0x65, 0x76, 0x5f, 0x72, 0x65, 0x67, 0x33, 0x2e, 0x77, 0x77, 0x77, 0x3b, 0x0a, 0x20, 0x20, // tev_reg3.www;.
	0x20, 0x20, 0x20, 0x20, 0x20, 0x20, 0x20, 0x20, 0x20, 0x20, 0x20, 0x20, 0x20, 0x20, 0x7d, 0x20, //               }
	0x65, 0x6c, 0x73, 0x65, 0x20, 0x7b, 0x0a, 0x20, 0x20, 0x20, 0x20, 0x20, 0x20, 0x20, 0x20, 0x20, // else {.
	0x20, 0x20, 0x20, 0x20, 0x20, 0x20, 0x20, 0x20, 0x20, 0x69, 0x66, 0x20, 0x28, 0x28, 0x75, 0x5f, //          if ((u_
	0x67, 0x78, 0x5f, 0x74, 0x65, 0x76, 0x5f, 0x63, 0x6f, 0x6c, 0x6f, 0x72, 0x5f, 0x69, 0x6e, 0x30, // gx_tev_color_in0
	0x2e, 0x79, 0x20, 0x3c, 0x20, 0x38, 0x2e, 0x35, 0x29, 0x29, 0x20, 0x7b, 0x0a, 0x20, 0x20, 0x20, // .y < 8.5)) {.
	0x20, 0x20, 0x20, 0x20, 0x20, 0x20, 0x20, 0x20, 0x20, 0x20, 0x20, 0x20, 0x20, 0x20, 0x20, 0x20, //
	0x20, 0x74, 0x6d, 0x70, 0x76, 0x61, 0x72, 0x5f, 0x31, 0x37, 0x20, 0x3d, 0x20, 0x74, 0x6d, 0x70, //  tmpvar_17 = tmp
	0x76, 0x61, 0x72, 0x5f, 0x31, 0x35, 0x2e, 0x78, 0x79, 0x7a, 0x3b, 0x0a, 0x20, 0x20, 0x20, 0x20, // var_15.xyz;.
	0x20, 0x20, 0x20, 0x20, 0x20, 0x20, 0x20, 0x20, 0x20, 0x20, 0x20, 0x20, 0x20, 0x20, 0x7d, 0x20, //               }
	0x65, 0x6c, 0x73, 0x65, 0x20, 0x7b, 0x0a, 0x20, 0x20, 0x20, 0x20, 0x20, 0x20, 0x20, 0x20, 0x20, // else {.
	0x20, 0x20, 0x20, 0x20, 0x20, 0x20, 0x20, 0x20, 0x20, 0x20, 0x20, 0x69, 0x66, 0x20, 0x28, 0x28, //            if ((
	0x75, 0x5f, 0x67, 0x78, 0x5f, 0x74, 0x65, 0x76, 0x5f, 0x63, 0x6f, 0x6c, 0x6f, 0x72, 0x5f, 0x69, // u_gx_tev_color_i
	0x6e, 0x30, 0x2e, 0x79, 0x20, 0x3c, 0x20, 0x39, 0x2e, 0x35, 0x29, 0x29, 0x20, 0x7b, 0x0a, 0x20, // n0.y < 9.5)) {.
	0x20, 0x20, 0x20, 0x20, 0x20, 0x20, 0x20, 0x20, 0x20, 0x20, 0x20, 0x20, 0x20, 0x20, 0x20, 0x20, //
	0x20, 0x20, 0x20, 0x20, 0x20, 0x74, 0x6d, 0x70, 0x76, 0x61, 0x72, 0x5f, 0x31, 0x37, 0x20, 0x3d, //      tmpvar_17 =
	0x20, 0x74, 0x6d, 0x70, 0x76, 0x61, 0x72, 0x5f, 0x31, 0x35, 0x2e, 0x77, 0x77, 0x77, 0x3b, 0x0a, //  tmpvar_15.www;.
	0x20, 0x20, 0x20, 0x20, 0x20, 0x20, 0x20, 0x20, 0x20, 0x20, 0x20, 0x20, 0x20, 0x20, 0x20, 0x20, //
	0x20, 0x20, 0x20, 0x20, 0x7d, 0x20, 0x65, 0x6c, 0x73, 0x65, 0x20, 0x7b, 0x0a, 0x20, 0x20, 0x20, //     } else {.
	0x20, 0x20, 0x20, 0x20, 0x20, 0x20, 0x20, 0x20, 0x20, 0x20, 0x20, 0x20, 0x20, 0x20, 0x20, 0x20, //
	0x20, 0x20, 0x20, 0x69, 0x66, 0x20, 0x28, 0x28, 0x75, 0x5f, 0x67, 0x78, 0x5f, 0x74, 0x65, 0x76, //    if ((u_gx_tev
	0x5f, 0x63, 0x6f, 0x6c, 0x6f, 0x72, 0x5f, 0x69, 0x6e, 0x30, 0x2e, 0x79, 0x20, 0x3c, 0x20, 0x31, // _color_in0.y < 1
	0x30, 0x2e, 0x35, 0x29, 0x29, 0x20, 0x7b, 0x0a, 0x20, 0x20, 0x20, 0x20, 0x20, 0x20, 0x20, 0x20, // 0.5)) {.
	0x20, 0x20, 0x20, 0x20, 0x20, 0x20, 0x20, 0x20, 0x20, 0x20, 0x20, 0x20, 0x20, 0x20, 0x20, 0x20, //
	0x74, 0x6d, 0x70, 0x76, 0x61, 0x72, 0x5f, 0x31, 0x37, 0x20, 0x3d, 0x20, 0x76, 0x5f, 0x63, 0x6f, // tmpvar_17 = v_co
	0x6c, 0x6f, 0x72, 0x30, 0x2e, 0x78, 0x79, 0x7a, 0x3b, 0x0a, 0x20, 0x20, 0x20, 0x20, 0x20, 0x20, // lor0.xyz;.
	0x20, 0x20, 0x20, 0x20, 0x20, 0x20, 0x20, 0x20, 0x20, 0x20, 0x20, 0x20, 0x20, 0x20, 0x20, 0x20, //
	0x7d, 0x20, 0x65, 0x6c, 0x73, 0x65, 0x20, 0x7b, 0x0a, 0x20, 0x20, 0x20, 0x20, 0x20, 0x20, 0x20, // } else {.
	0x20, 0x20, 0x20, 0x20, 0x20, 0x20, 0x20, 0x20, 0x20, 0x20, 0x20, 0x20, 0x20, 0x20, 0x20, 0x20, //
	0x20, 0x69, 0x66, 0x20, 0x28, 0x28, 0x75, 0x5f, 0x67, 0x78, 0x5f, 0x74, 0x65, 0x76, 0x5f, 0x63, //  if ((u_gx_tev_c
	0x6f, 0x6c, 0x6f, 0x72, 0x5f, 0x69, 0x6e, 0x30, 0x2e, 0x79, 0x20, 0x3c, 0x20, 0x31, 0x31, 0x2e, // olor_in0.y < 11.
	0x35, 0x29, 0x29, 0x20, 0x7b, 0x0a, 0x20, 0x20, 0x20, 0x20, 0x20, 0x20, 0x20, 0x20, 0x20, 0x20, // 5)) {.
	0x20, 0x20, 0x20, 0x20, 0x20, 0x20, 0x20, 0x20, 0x20, 0x20, 0x20, 0x20, 0x20, 0x20, 0x20, 0x20, //
	0x74, 0x6d, 0x70, 0x76, 0x61, 0x72, 0x5f, 0x31, 0x37, 0x20, 0x3d, 0x20, 0x76, 0x5f, 0x63, 0x6f, // tmpvar_17 = v_co
	0x6c, 0x6f, 0x72, 0x30, 0x2e, 0x77, 0x77, 0x77, 0x3b, 0x0a, 0x20, 0x20, 0x20, 0x20, 0x20, 0x20, // lor0.www;.
	0x20, 0x20, 0x20, 0x20, 0x20, 0x20, 0x20, 0x20, 0x20, 0x20, 0x20, 0x20, 0x20, 0x20, 0x20, 0x20, //
	0x20, 0x20, 0x7d, 0x20, 0x65, 0x6c, 0x73, 0x65, 0x20, 0x7b, 0x0a, 0x20, 0x20, 0x20, 0x20, 0x20, //   } else {.
	0x20, 0x20, 0x20, 0x20, 0x20, 0x20, 0x20, 0x20, 0x20, 0x20, 0x20, 0x20, 0x20, 0x20, 0x20, 0x20, //
	0x20, 0x20, 0x20, 0x20, 0x20, 0x69, 0x66, 0x20, 0x28, 0x28, 0x75, 0x5f, 0x67, 0x78, 0x5f, 0x74, //      if ((u_gx_t
	0x65, 0x76, 0x5f, 0x63, 0x6f, 0x6c, 0x6f, 0x72, 0x5f, 0x69, 0x6e, 0x30, 0x2e, 0x79, 0x20, 0x3c, // ev_color_in0.y <
	0x20, 0x31, 0x32, 0x2e, 0x35, 0x29, 0x29, 0x20, 0x7b, 0x0a, 0x20, 0x20, 0x20, 0x20, 0x20, 0x20, //  12.5)) {.
	0x20, 0x20, 0x20, 0x20, 0x20, 0x20, 0x20, 0x20, 0x20, 0x20, 0x20, 0x20, 0x20, 0x20, 0x20, 0x20, //
	0x20, 0x20, 0x20, 0x20, 0x20, 0x20, 0x74, 0x6d, 0x70, 0x76, 0x61, 0x72, 0x5f, 0x31, 0x37, 0x20, //       tmpvar_17
	0x3d, 0x20, 0x76, 0x65, 0x63, 0x33, 0x28, 0x31, 0x2e, 0x30, 0x2c, 0x20, 0x31, 0x2e, 0x30, 0x2c, // = vec3(1.0, 1.0,
	0x20, 0x31, 0x2e, 0x30, 0x29, 0x3b, 0x0a, 0x20, 0x20, 0x20, 0x20, 0x20, 0x20, 0x20, 0x20, 0x20, //  1.0);.
	0x20, 0x20, 0x20, 0x20, 0x20, 0x20, 0x20, 0x20, 0x20, 0x20, 0x20, 0x20, 0x20, 0x20, 0x20, 0x20, //
	0x20, 0x7d, 0x20, 0x65, 0x6c, 0x73, 0x65, 0x20, 0x7b, 0x0a, 0x20, 0x20, 0x20, 0x20, 0x20, 0x20, //  } else {.
	0x20, 0x20, 0x20, 0x20, 0x20, 0x20, 0x20, 0x20, 0x20, 0x20, 0x20, 0x20, 0x20, 0x20, 0x20, 0x20, //
	0x20, 0x20, 0x20, 0x20, 0x20, 0x20, 0x69, 0x66, 0x20, 0x28, 0x28, 0x75, 0x5f, 0x67, 0x78, 0x5f, //       if ((u_gx_
	0x74, 0x65, 0x76, 0x5f, 0x63, 0x6f, 0x6c, 0x6f, 0x72, 0x5f, 0x69, 0x6e, 0x30, 0x2e, 0x79, 0x20, // tev_color_in0.y
	0x3c, 0x20, 0x31, 0x33, 0x2e, 0x35, 0x29, 0x29, 0x20, 0x7b, 0x0a, 0x20, 0x20, 0x20, 0x20, 0x20, // < 13.5)) {.
	0x20, 0x20, 0x20, 0x20, 0x20, 0x20, 0x20, 0x20, 0x20, 0x20, 0x20, 0x20, 0x20, 0x20, 0x20, 0x20, //
	0x20, 0x20, 0x20, 0x20, 0x20, 0x20, 0x20, 0x20, 0x20, 0x74, 0x6d, 0x70, 0x76, 0x61, 0x72, 0x5f, //          tmpvar_
	0x31, 0x37, 0x20, 0x3d, 0x20, 0x76, 0x65, 0x63, 0x33, 0x28, 0x30, 0x2e, 0x35, 0x30, 0x31, 0x39, // 17 = vec3(0.5019
	0x36, 0x30, 0x38, 0x2c, 0x20, 0x30, 0x2e, 0x35, 0x30, 0x31, 0x39, 0x36, 0x30, 0x38, 0x2c, 0x20, // 608, 0.5019608,
	0x30, 0x2e, 0x35, 0x30, 0x31, 0x39, 0x36, 0x30, 0x38, 0x29, 0x3b, 0x0a, 0x20, 0x20, 0x20, 0x20, // 0.5019608);.
	0x20, 0x20, 0x20, 0x20, 0x20, 0x20, 0x20, 0x20, 0x20, 0x20, 0x20, 0x20, 0x20, 0x20, 0x20, 0x20, //
	0x20, 0x20, 0x20, 0x20, 0x20, 0x20, 0x20, 0x20, 0x7d, 0x20, 0x65, 0x6c, 0x73, 0x65, 0x20, 0x7b, //         } else {
	0x0a, 0x20, 0x20, 0x20, 0x20, 0x20, 0x20, 0x20, 0x20, 0x20, 0x20, 0x20, 0x20, 0x20, 0x20, 0x20, // .
	0x20, 0x20, 0x20, 0x20, 0x20, 0x20, 0x20, 0x20, 0x20, 0x20, 0x20, 0x20, 0x20, 0x20, 0x20, 0x69, //                i
	0x66, 0x20, 0x28, 0x28, 0x75, 0x5f, 0x67, 0x78, 0x5f, 0x74, 0x65, 0x76, 0x5f, 0x63, 0x6f, 0x6c, // f ((u_gx_tev_col
	0x6f, 0x72, 0x5f, 0x69, 0x6e, 0x30, 0x2e, 0x79, 0x20, 0x3c, 0x20, 0x31, 0x34, 0x2e, 0x35, 0x29, // or_in0.y < 14.5)
	0x29, 0x20, 0x7b, 0x0a, 0x20, 0x20, 0x20, 0x20, 0x20, 0x20, 0x20, 0x20, 0x20, 0x20, 0x20, 0x20, // ) {.
	0x20, 0x20, 0x20, 0x20, 0x20, 0x20, 0x20, 0x20, 0x20, 0x20, 0x20, 0x20, 0x20, 0x20, 0x20, 0x20, //
	0x20, 0x20, 0x20, 0x20, 0x74, 0x6d, 0x70, 0x76, 0x61, 0x72, 0x5f, 0x31, 0x37, 0x20, 0x3d, 0x20, //     tmpvar_17 =
	0x75, 0x5f, 0x67, 0x78, 0x5f, 0x74, 0x65, 0x76, 0x5f, 0x6b, 0x6f, 0x6e, 0x73, 0x74, 0x30, 0x2e, // u_gx_tev_konst0.
	0x78, 0x79, 0x7a, 0x3b, 0x0a, 0x20, 0x20, 0x20, 0x20, 0x20, 0x20, 0x20, 0x20, 0x20, 0x20, 0x20, // xyz;.
	0x20, 0x20, 0x20, 0x20, 0x20, 0x20, 0x20, 0x20, 0x20, 0x20, 0x20, 0x20, 0x20, 0x20, 0x20, 0x20, //
	0x20, 0x20, 0x20, 0x7d, 0x20, 0x65, 0x6c, 0x73, 0x65, 0x20, 0x7b, 0x0a, 0x20, 0x20, 0x20, 0x20, //    } else {.
	0x20, 0x20, 0x20, 0x20, 0x20, 0x20, 0x20, 0x20, 0x20, 0x20, 0x20, 0x20, 0x20, 0x20, 0x20, 0x20, //
	0x20, 0x20, 0x20, 0x20, 0x20, 0x20, 0x20, 0x20, 0x20, 0x20, 0x20, 0x20, 0x74, 0x6d, 0x70, 0x76, //             tmpv
	0x61, 0x72, 0x5f, 0x31, 0x37, 0x20, 0x3d, 0x20, 0x76, 0x65, 0x63, 0x33, 0x28, 0x30, 0x2e, 0x30, // ar_17 = vec3(0.0
	0x2c, 0x20, 0x30, 0x2e, 0x30, 0x2c, 0x20, 0x30, 0x2e, 0x30, 0x29, 0x3b, 0x0a, 0x20, 0x20, 0x20, // , 0.0, 0.0);.
	0x20, 0x20, 0x20, 0x20, 0x20, 0x20, 0x20, 0x20, 0x20, 0x20, 0x20, 0x20, 0x20, 0x20, 0x20, 0x20, //
	0x20, 0x20, 0x20, 0x20, 0x20, 0x20, 0x20, 0x20, 0x20, 0x20, 0x20, 0x7d, 0x3b, 0x0a, 0x20, 0x20, //            };.
	0x20, 0x20, 0x20, 0x20, 0x20, 0x20, 0x20, 0x20, 0x20, 0x20, 0x20, 0x20, 0x20, 0x20, 0x20, 0x20, //
	0x20, 0x20, 0x20, 0x20, 0x20, 0x20, 0x20, 0x20, 0x20, 0x20, 0x7d, 0x3b, 0x0a, 0x20, 0x20, 0x20, //           };.
	0x20, 0x20, 0x20, 0x20, 0x20, 0x20, 0x20, 0x20, 0x20, 0x20, 0x20, 0x20, 0x20, 0x20, 0x20, 0x20, //
	0x20, 0x20, 0x20, 0x20, 0x20, 0x20, 0x20, 0x7d, 0x3b, 0x0a, 0x20, 0x20, 0x20, 0x20, 0x20, 0x20, //        };.
	0x20, 0x20, 0x20, 0x20, 0x20, 0x20, 0x20, 0x20, 0x20, 0x20, 0x20, 0x20, 0x20, 0x20, 0x20, 0x20, //
	0x20, 0x20, 0x7d, 0x3b, 0x0a, 0x20, 0x20, 0x20, 0x20, 0x20, 0x20, 0x20, 0x20, 0x20, 0x20, 0x20, //   };.
	0x20, 0x20, 0x20, 0x20, 0x20, 0x20, 0x20, 0x20, 0x20, 0x20, 0x20, 0x7d, 0x3b, 0x0a, 0x20, 0x20, //            };.
	0x20, 0x20, 0x20, 0x20, 0x20, 0x20, 0x20, 0x20, 0x20, 0x20, 0x20, 0x20, 0x20, 0x20, 0x20, 0x20, //
	0x20, 0x20, 0x7d, 0x3b, 0x0a, 0x20, 0x20, 0x20, 0x20, 0x20, 0x20, 0x20, 0x20, 0x20, 0x20, 0x20, //   };.
	0x20, 0x20, 0x20, 0x20, 0x20, 0x20, 0x20, 0x7d, 0x3b, 0x0a, 0x20, 0x20, 0x20, 0x20, 0x20, 0x20, //        };.
	0x20, 0x20, 0x20, 0x20, 0x20, 0x20, 0x20, 0x20, 0x20, 0x20, 0x7d, 0x3b, 0x0a, 0x20, 0x20, 0x20, //           };.
	0x20, 0x20, 0x20, 0x20, 0x20, 0x20, 0x20, 0x20, 0x20, 0x20, 0x20, 0x7d, 0x3b, 0x0a, 0x20, 0x20, //            };.
	0x20, 0x20, 0x20, 0x20, 0x20, 0x20, 0x20, 0x20, 0x20, 0x20, 0x7d, 0x3b, 0x0a, 0x20, 0x20, 0x20, //           };.
	0x20, 0x20, 0x20, 0x20, 0x20, 0x20, 0x20, 0x7d, 0x3b, 0x0a, 0x20, 0x20, 0x20, 0x20, 0x20, 0x20, //        };.
	0x20, 0x20, 0x7d, 0x3b, 0x0a, 0x20, 0x20, 0x20, 0x20, 0x20, 0x20, 0x7d, 0x3b, 0x0a, 0x20, 0x20, //   };.      };.
	0x20, 0x20, 0x7d, 0x3b, 0x0a, 0x20, 0x20, 0x7d, 0x3b, 0x0a, 0x20, 0x20, 0x76, 0x65, 0x63, 0x33, //   };.  };.  vec3
	0x20, 0x74, 0x6d, 0x70, 0x76, 0x61, 0x72, 0x5f, 0x31, 0x38, 0x3b, 0x0a, 0x20, 0x20, 0x69, 0x66, //  tmpvar_18;.  if
	0x20, 0x28, 0x28, 0x75, 0x5f, 0x67, 0x78, 0x5f, 0x74, 0x65, 0x76, 0x5f, 0x63, 0x6f, 0x6c, 0x6f, //  ((u_gx_tev_colo
	0x72, 0x5f, 0x69, 0x6e, 0x30, 0x2e, 0x7a, 0x20, 0x3c, 0x20, 0x30, 0x2e, 0x35, 0x29, 0x29, 0x20, // r_in0.z < 0.5))
	0x7b, 0x0a, 0x20, 0x20, 0x20, 0x20, 0x74, 0x6d, 0x70, 0x76, 0x61, 0x72, 0x5f, 0x31, 0x38, 0x20, // {.    tmpvar_18
	0x3d, 0x20, 0x75, 0x5f, 0x67, 0x78, 0x5f, 0x74, 0x65, 0x76, 0x5f, 0x72, 0x65, 0x67, 0x30, 0x2e, // = u_gx_tev_reg0.
	0x78, 0x79, 0x7a, 0x3b, 0x0a, 0x20, 0x20, 0x7d, 0x20, 0x65, 0x6c, 0x73, 0x65, 0x20, 0x7b, 0x0a, // xyz;.  } else {.
	0x20, 0x20, 0x20, 0x20, 0x69, 0x66, 0x20, 0x28, 0x28, 0x75, 0x5f, 0x67, 0x78, 0x5f, 0x74, 0x65, //     if ((u_gx_te
	0x76, 0x5f, 0x63, 0x6f, 0x6c, 0x6f, 0x72, 0x5f, 0x69, 0x6e, 0x30, 0x2e, 0x7a, 0x20, 0x3c, 0x20, // v_color_in0.z <
	0x31, 0x2e, 0x35, 0x29, 0x29, 0x20, 0x7b, 0x0a, 0x20, 0x20, 0x20, 0x20, 0x20, 0x20, 0x74, 0x6d, // 1.5)) {.      tm
	0x70, 0x76, 0x61, 0x72, 0x5f, 0x31, 0x38, 0x20, 0x3d, 0x20, 0x75, 0x5f, 0x67, 0x78, 0x5f, 0x74, // pvar_18 = u_gx_t
	0x65, 0x76, 0x5f, 0x72, 0x65, 0x67, 0x30, 0x2e, 0x77, 0x77, 0x77, 0x3b, 0x0a, 0x20, 0x20, 0x20, // ev_reg0.www;.
	0x20, 0x7d, 0x20, 0x65, 0x6c, 0x73, 0x65, 0x20, 0x7b, 0x0a, 0x20, 0x20, 0x20, 0x20, 0x20, 0x20, //  } else {.
	0x69, 0x66, 0x20, 0x28, 0x28, 0x75, 0x5f, 0x67, 0x78, 0x5f, 0x74, 0x65, 0x76, 0x5f, 0x63, 0x6f, // if ((u_gx_tev_co
	0x6c, 0x6f, 0x72, 0x5f, 0x69, 0x6e, 0x30, 0x2e, 0x7a, 0x20, 0x3c, 0x20, 0x32, 0x2e, 0x35, 0x29, // lor_in0.z < 2.5)
	0x29, 0x20, 0x7b, 0x0a, 0x20, 0x20, 0x20, 0x20, 0x20, 0x20, 0x20, 0x20, 0x74, 0x6d, 0x70, 0x76, // ) {.        tmpv
	0x61, 0x72, 0x5f, 0x31, 0x38, 0x20, 0x3d, 0x20, 0x75, 0x5f, 0x67, 0x78, 0x5f, 0x74, 0x65, 0x76, // ar_18 = u_gx_tev
	0x5f, 0x72, 0x65, 0x67, 0x31, 0x2e, 0x78, 0x79, 0x7a, 0x3b, 0x0a, 0x20, 0x20, 0x20, 0x20, 0x20, // _reg1.xyz;.
	0x20, 0x7d, 0x20, 0x65, 0x6c, 0x73, 0x65, 0x20, 0x7b, 0x0a, 0x20, 0x20, 0x20, 0x20, 0x20, 0x20, //  } else {.
	0x20, 0x20, 0x69, 0x66, 0x20, 0x28, 0x28, 0x75, 0x5f, 0x67, 0x78, 0x5f, 0x74, 0x65, 0x76, 0x5f, //   if ((u_gx_tev_
	0x63, 0x6f, 0x6c, 0x6f, 0x72, 0x5f, 0x69, 0x6e, 0x30, 0x2e, 0x7a, 0x20, 0x3c, 0x20, 0x33, 0x2e, // color_in0.z < 3.
	0x35, 0x29, 0x29, 0x20, 0x7b, 0x0a, 0x20, 0x20, 0x20, 0x20, 0x20, 0x20, 0x20, 0x20, 0x20, 0x20, // 5)) {.
	0x74, 0x6d, 0x70, 0x76, 0x61, 0x72, 0x5f, 0x31, 0x38, 0x20, 0x3d, 0x20, 0x75, 0x5f, 0x67, 0x78, // tmpvar_18 = u_gx
	0x5f, 0x74, 0x65, 0x76, 0x5f, 0x72, 0x65, 0x67, 0x31, 0x2e, 0x77, 0x77, 0x77, 0x3b, 0x0a, 0x20, // _tev_reg1.www;.
	0x20, 0x20, 0x20, 0x20, 0x20, 0x20, 0x20, 0x7d, 0x20, 0x65, 0x6c, 0x73, 0x65, 0x20, 0x7b, 0x0a, //        } else {.
	0x20, 0x20, 0x20, 0x20, 0x20, 0x20, 0x20, 0x20, 0x20, 0x20, 0x69, 0x66, 0x20, 0x28, 0x28, 0x75, //           if ((u
	0x5f, 0x67, 0x78, 0x5f, 0x74, 0x65, 0x76, 0x5f, 0x63, 0x6f, 0x6c, 0x6f, 0x72, 0x5f, 0x69, 0x6e, // _gx_tev_color_in
	0x30, 0x2e, 0x7a, 0x20, 0x3c, 0x20, 0x34, 0x2e, 0x35, 0x29, 0x29, 0x20, 0x7b, 0x0a, 0x20, 0x20, // 0.z < 4.5)) {.
	0x20, 0x20, 0x20, 0x20, 0x20, 0x20, 0x20, 0x20, 0x20, 0x20, 0x74, 0x6d, 0x70, 0x76, 0x61, 0x72, //           tmpvar
	0x5f, 0x31, 0x38, 0x20, 0x3d, 0x20, 0x75, 0x5f, 0x67, 0x78, 0x5f, 0x74, 0x65, 0x76, 0x5f, 0x72, // _18 = u_gx_tev_r
	0x65, 0x67, 0x32, 0x2e, 0x78, 0x79, 0x7a, 0x3b, 0x0a, 0x20, 0x20, 0x20, 0x20, 0x20, 0x20, 0x20, // eg2.xyz;.
	0x20, 0x20, 0x20, 0x7d, 0x20, 0x65, 0x6c, 0x73, 0x65, 0x20, 0x7b, 0x0a, 0x20, 0x20, 0x20, 0x20, //    } else {.
	0x20, 0x20, 0x20, 0x20, 0x20, 0x20, 0x20, 0x20, 0x69, 0x66, 0x20, 0x28, 0x28, 0x75, 0x5f, 0x67, //         if ((u_g
	0x78, 0x5f, 0x74, 0x65, 0x76, 0x5f, 0x63, 0x6f, 0x6c, 0x6f, 0x72, 0x5f, 0x69, 0x6e, 0x30, 0x2e, // x_tev_color_in0.
	0x7a, 0x20, 0x3c, 0x20, 0x35, 0x2e, 0x35, 0x29, 0x29, 0x20, 0x7b, 0x0a, 0x20, 0x20, 0x20, 0x20, // z < 5.5)) {.
	0x20, 0x20, 0x20, 0x20, 0x20, 0x20, 0x20, 0x20, 0x20, 0x20, 0x74, 0x6d, 0x70, 0x76, 0x61, 0x72, //           tmpvar
	0x5f, 0x31, 0x38, 0x20, 0x3d, 0x20, 0x75, 0x5f, 0x67, 0x78, 0x5f, 0x74, 0x65, 0x76, 0x5f, 0x72, // _18 = u_gx_tev_r
	0x65, 0x67, 0x32, 0x2e, 0x77, 0x77, 0x77, 0x3b, 0x0a, 0x20, 0x20, 0x20, 0x20, 0x20, 0x20, 0x20, // eg2.www;.
	0x20, 0x20, 0x20, 0x20, 0x20, 0x7d, 0x20, 0x65, 0x6c, 0x73, 0x65, 0x20, 0x7b, 0x0a, 0x20, 0x20, //      } else {.
	0x20, 0x20, 0x20, 0x20, 0x20, 0x20, 0x20, 0x20, 0x20, 0x20, 0x20, 0x20, 0x69, 0x66, 0x20, 0x28, //             if (
	0x28, 0x75, 0x5f, 0x67, 0x78, 0x5f, 0x74, 0x65, 0x76, 0x5f, 0x63, 0x6f, 0x6c, 0x6f, 0x72, 0x5f, // (u_gx_tev_color_
	0x69, 0x6e, 0x30, 0x2e, 0x7a, 0x20, 0x3c, 0x20, 0x36, 0x2e, 0x35, 0x29, 0x29, 0x20, 0x7b, 0x0a, // in0.z < 6.5)) {.
	0x20, 0x20, 0x20, 0x20, 0x20, 0x20, 0x20, 0x20, 0x20, 0x20, 0x20, 0x20, 0x20, 0x20, 0x20, 0x20, //
	0x74, 0x6d, 0x70, 0x76, 0x61, 0x72, 0x5f, 0x31, 0x38, 0x20, 0x3d, 0x20, 0x75, 0x5f, 0x67, 0x78, // tmpvar_18 = u_gx
	0x5f, 0x74, 0x65, 0x76, 0x5f, 0x72, 0x65, 0x67, 0x33, 0x2e, 0x78, 0x79, 0x7a, 0x3b, 0x0a, 0x20, // _tev_reg3.xyz;.
	0x20, 0x20, 0x20, 0x20, 0x20, 0x20, 0x20, 0x20, 0x20, 0x20, 0x20, 0x20, 0x20, 0x7d, 0x20, 0x65, //              } e
	0x6c, 0x73, 0x65, 0x20, 0x7b, 0x0a, 0x20, 0x20, 0x20, 0x20, 0x20, 0x20, 0x20, 0x20, 0x20, 0x20, // lse {.
	0x20, 0x20, 0x20, 0x20, 0x20, 0x20, 0x69, 0x66, 0x20, 0x28, 0x28, 0x75, 0x5f, 0x67, 0x78, 0x5f, //       if ((u_gx_
	0x74, 0x65, 0x76, 0x5f, 0x63, 0x6f, 0x6c, 0x6f, 0x72, 0x5f, 0x69, 0x6e, 0x30, 0x2e, 0x7a, 0x20, // tev_color_in0.z
	0x3c, 0x20, 0x37, 0x2e, 0x35, 0x29, 0x29, 0x20, 0x7b, 0x0a, 0x20, 0x20, 0x20, 0x20, 0x20, 0x20, // < 7.5)) {.
	0x20, 0x20, 0x20, 0x20, 0x20, 0x20, 0x20, 0x20, 0x20, 0x20, 0x20, 0x20, 0x74, 0x6d, 0x70, 0x76, //             tmpv
	0x61, 0x72, 0x5f, 0x31, 0x38, 0x20, 0x3d, 0x20, 0x75, 0x5f, 0x67, 0x78, 0x5f, 0x74, 0x65, 0x76, // ar_18 = u_gx_tev
	0x5f, 0x72, 0x65, 0x67, 0x33, 0x2e, 0x77, 0x77, 0x77, 0x3b, 0x0a, 0x20, 0x20, 0x20, 0x20, 0x20, // _reg3.www;.
	0x20, 0x20, 0x20, 0x20, 0x20, 0x20, 0x20, 0x20, 0x20, 0x20, 0x20, 0x7d, 0x20, 0x65, 0x6c, 0x73, //            } els
	0x65, 0x20, 0x7b, 0x0a, 0x20, 0x20, 0x20, 0x20, 0x20, 0x20, 0x20, 0x20, 0x20, 0x20, 0x20, 0x20, // e {.
	0x20, 0x20, 0x20, 0x20, 0x20, 0x20, 0x69, 0x66, 0x20, 0x28, 0x28, 0x75, 0x5f, 0x67, 0x78, 0x5f, //       if ((u_gx_
	0x74, 0x65, 0x76, 0x5f, 0x63, 0x6f, 0x6c, 0x6f, 0x72, 0x5f, 0x69, 0x6e, 0x30, 0x2e, 0x7a, 0x20, // tev_color_in0.z
	0x3c, 0x20, 0x38, 0x2e, 0x35, 0x29, 0x29, 0x20, 0x7b, 0x0a, 0x20, 0x20, 0x20, 0x20, 0x20, 0x20, // < 8.5)) {.
	0x20, 0x20, 0x20, 0x20, 0x20, 0x20, 0x20, 0x20, 0x20, 0x20, 0x20, 0x20, 0x20, 0x20, 0x74, 0x6d, //               tm
	0x70, 0x76, 0x61, 0x72, 0x5f, 0x31, 0x38, 0x20, 0x3d, 0x20, 0x74, 0x6d, 0x70, 0x76, 0x61, 0x72, // pvar_18 = tmpvar
	0x5f, 0x31, 0x35, 0x2e, 0x78, 0x79, 0x7a, 0x3b, 0x0a, 0x20, 0x20, 0x20, 0x20, 0x20, 0x20, 0x20, // _15.xyz;.
	0x20, 0x20, 0x20, 0x20, 0x20, 0x20, 0x20, 0x20, 0x20, 0x20, 0x20, 0x7d, 0x20, 0x65, 0x6c, 0x73, //            } els
	0x65, 0x20, 0x7b, 0x0a, 0x20, 0x20, 0x20, 0x20, 0x20, 0x20, 0x20, 0x20, 0x20, 0x20, 0x20, 0x20, // e {.
	0x20, 0x20, 0x20, 0x20, 0x20, 0x20, 0x20, 0x20, 0x69, 0x66, 0x20, 0x28, 0x28, 0x75, 0x5f, 0x67, //         if ((u_g
	0x78, 0x5f, 0x74, 0x65, 0x76, 0x5f, 0x63, 0x6f, 0x6c, 0x6f, 0x72, 0x5f, 0x69, 0x6e, 0x30, 0x2e, // x_tev_color_in0.
	0x7a, 0x20, 0x3c, 0x20, 0x39, 0x2e, 0x35, 0x29, 0x29, 0x20, 0x7b, 0x0a, 0x20, 0x20, 0x20, 0x20, // z < 9.5)) {.
	0x20, 0x20, 0x20, 0x20, 0x20, 0x20, 0x20, 0x20, 0x20, 0x20, 0x20, 0x20, 0x20, 0x20, 0x20, 0x20, //
	0x20, 0x20, 0x74, 0x6d, 0x70, 0x76, 0x61, 0x72, 0x5f, 0x31, 0x38, 0x20, 0x3d, 0x20, 0x74, 0x6d, //   tmpvar_18 = tm
	0x70, 0x76, 0x61, 0x72, 0x5f, 0x31, 0x35, 0x2e, 0x77, 0x77, 0x77, 0x3b, 0x0a, 0x20, 0x20, 0x20, // pvar_15.www;.
	0x20, 0x20, 0x20, 0x20, 0x20, 0x20, 0x20, 0x20, 0x20, 0x20, 0x20, 0x20, 0x20, 0x20, 0x20, 0x20, //
	0x20, 0x7d, 0x20, 0x65, 0x6c, 0x73, 0x65, 0x20, 0x7b, 0x0a, 0x20, 0x20, 0x20, 0x20, 0x20, 0x20, //  } else {.
	0x20, 0x20, 0x20, 0x20, 0x20, 0x20, 0x20, 0x20, 0x20, 0x20, 0x20, 0x20, 0x20, 0x20, 0x20, 0x20, //
	0x69, 0x66, 0x20, 0x28, 0x28, 0x75, 0x5f, 0x67, 0x78, 0x5f, 0x74, 0x65, 0x76, 0x5f, 0x63, 0x6f, // if ((u_gx_tev_co
	0x6c, 0x6f, 0x72, 0x5f, 0x69, 0x6e, 0x30, 0x2e, 0x7a, 0x20, 0x3c, 0x20, 0x31, 0x30, 0x2e, 0x35, // lor_in0.z < 10.5
	0x29, 0x29, 0x20, 0x7b, 0x0a, 0x20, 0x20, 0x20, 0x20, 0x20, 0x20, 0x20, 0x20, 0x20, 0x20, 0x20, // )) {.
	0x20, 0x20, 0x20, 0x20, 0x20, 0x20, 0x20, 0x20, 0x20, 0x20, 0x20, 0x20, 0x20, 0x74, 0x6d, 0x70, //              tmp
	0x76, 0x61, 0x72, 0x5f, 0x31, 0x38, 0x20, 0x3d, 0x20, 0x76, 0x5f, 0x63, 0x6f, 0x6c, 0x6f, 0x72, // var_18 = v_color
	0x30, 0x2e, 0x78, 0x79, 0x7a, 0x3b, 0x0a, 0x20, 0x20, 0x20, 0x20, 0x20, 0x20, 0x20, 0x20, 0x20, // 0.xyz;.
	0x20, 0x20, 0x20, 0x20, 0x20, 0x20, 0x20, 0x20, 0x20, 0x20, 0x20, 0x20, 0x20, 0x7d, 0x20, 0x65, //              } e
	0x6c, 0x73, 0x65, 0x20, 0x7b, 0x0a, 0x20, 0x20, 0x20, 0x20, 0x20, 0x20, 0x20, 0x20, 0x20, 0x20, // lse {.
	0x20, 0x20, 0x20, 0x20, 0x20, 0x20, 0x20, 0x20, 0x20, 0x20, 0x20, 0x20, 0x20, 0x20, 0x69, 0x66, //               if
	0x20, 0x28, 0x28, 0x75, 0x5f, 0x67, 0x78, 0x5f, 0x74, 0x65, 0x76, 0x5f, 0x63, 0x6f, 0x6c, 0x6f, //  ((u_gx_tev_colo
	0x72, 0x5f, 0x69, 0x6e, 0x30, 0x2e, 0x7a, 0x20, 0x3c, 0x20, 0x31, 0x31, 0x2e, 0x35, 0x29, 0x29, // r_in0.z < 11.5))
	0x20, 0x7b, 0x0a, 0x20, 0x20, 0x20, 0x20, 0x20, 0x20, 0x20, 0x20, 0x20, 0x20, 0x20, 0x20, 0x20, //  {.
	0x20, 0x20, 0x20, 0x20, 0x20, 0x20, 0x20, 0x20, 0x20, 0x20, 0x20, 0x20, 0x20, 0x74, 0x6d, 0x70, //              tmp
	0x76, 0x61, 0x72, 0x5f, 0x31, 0x38, 0x20, 0x3d, 0x20, 0x76, 0x5f, 0x63, 0x6f, 0x6c, 0x6f, 0x72, // var_18 = v_color
	0x30, 0x2e, 0x77, 0x77, 0x77, 0x3b, 0x0a, 0x20, 0x20, 0x20, 0x20, 0x20, 0x20, 0x20, 0x20, 0x20, // 0.www;.
	0x20, 0x20, 0x20, 0x20, 0x20, 0x20, 0x20, 0x20, 0x20, 0x20, 0x20, 0x20, 0x20, 0x20, 0x20, 0x7d, //                }
	0x20, 0x65, 0x6c, 0x73, 0x65, 0x20, 0x7b, 0x0a, 0x20, 0x20, 0x20, 0x20, 0x20, 0x20, 0x20, 0x20, //  else {.
	0x20, 0x20, 0x20, 0x20, 0x20, 0x20, 0x20, 0x20, 0x20, 0x20, 0x20, 0x20, 0x20, 0x20, 0x20, 0x20, //
	0x20, 0x20, 0x69, 0x66, 0x20, 0x28, 0x28, 0x75, 0x5f, 0x67, 0x78, 0x5f, 0x74, 0x65, 0x76, 0x5f, //   if ((u_gx_tev_
	0x63, 0x6f, 0x6c, 0x6f, 0x72, 0x5f, 0x69, 0x6e, 0x30, 0x2e, 0x7a, 0x20, 0x3c, 0x20, 0x31, 0x32, // color_in0.z < 12
	0x2e, 0x35, 0x29, 0x29, 0x20, 0x7b, 0x0a, 0x20, 0x20, 0x20, 0x20, 0x20, 0x20, 0x20, 0x20, 0x20, // .5)) {.
	0x20, 0x20, 0x20, 0x20, 0x20, 0x20, 0x20, 0x20, 0x20, 0x20, 0x20, 0x20, 0x20, 0x20, 0x20, 0x20, //
	0x20, 0x20, 0x20, 0x74, 0x6d, 0x70, 0x76, 0x61, 0x72, 0x5f, 0x31, 0x38, 0x20, 0x3d, 0x20, 0x76, //    tmpvar_18 = v
	0x65, 0x63, 0x33, 0x28, 0x31, 0x2e, 0x30, 0x2c, 0x20, 0x31, 0x2e, 0x30, 0x2c, 0x20, 0x31, 0x2e, // ec3(1.0, 1.0, 1.
	0x30, 0x29, 0x3b, 0x0a, 0x20, 0x20, 0x20, 0x20, 0x20, 0x20, 0x20, 0x20, 0x20, 0x20, 0x20, 0x20, // 0);.
	0x20, 0x20, 0x20, 0x20, 0x20, 0x20, 0x20, 0x20, 0x20, 0x20, 0x20, 0x20, 0x20, 0x20, 0x7d, 0x20, //               }
	0x65, 0x6c, 0x73, 0x65, 0x20, 0x7b, 0x0a, 0x20, 0x20, 0x20, 0x20, 0x20, 0x20, 0x20, 0x20, 0x20, // else {.
	0x20, 0x20, 0x20, 0x20, 0x20, 0x20, 0x20, 0x20, 0x20, 0x20, 0x20, 0x20, 0x20, 0x20, 0x20, 0x20, //
	0x20, 0x20, 0x20, 0x69, 0x66, 0x20, 0x28, 0x28, 0x75, 0x5f, 0x67, 0x78, 0x5f, 0x74, 0x65, 0x76, //    if ((u_gx_tev
	0x5f, 0x63, 0x6f, 0x6c, 0x6f, 0x72, 0x5f, 0x69, 0x6e, 0x30, 0x2e, 0x7a, 0x20, 0x3c, 0x20, 0x31, // _color_in0.z < 1
	0x33, 0x2e, 0x35, 0x29, 0x29, 0x20, 0x7b, 0x0a, 0x20, 0x20, 0x20, 0x20, 0x20, 0x20, 0x20, 0x20, // 3.5)) {.
	0x20, 0x20, 0x20, 0x20, 0x20, 0x20, 0x20, 0x20, 0x20, 0x20, 0x20, 0x20, 0x20, 0x20, 0x20, 0x20, //
	0x20, 0x20, 0x20, 0x20, 0x20, 0x20, 0x74, 0x6d, 0x70, 0x76, 0x61, 0x72, 0x5f, 0x31, 0x38, 0x20, //       tmpvar_18
	0x3d, 0x20, 0x76, 0x65, 0x63, 0x33, 0x28, 0x30, 0x2e, 0x35, 0x30, 0x31, 0x39, 0x36, 0x30, 0x38, // = vec3(0.5019608
	0x2c, 0x20, 0x30, 0x2e, 0x35, 0x30, 0x31, 0x39, 0x36, 0x30, 0x38, 0x2c, 0x20, 0x30, 0x2e, 0x35, // , 0.5019608, 0.5
	0x30, 0x31, 0x39, 0x36, 0x30, 0x38, 0x29, 0x3b, 0x0a, 0x20, 0x20, 0x20, 0x20, 0x20, 0x20, 0x20, // 019608);.
	0x20, 0x20, 0x20, 0x20, 0x20, 0x20, 0x20, 0x20, 0x20, 0x20, 0x20, 0x20, 0x20, 0x20, 0x20, 0x20, //
	0x20, 0x20, 0x20, 0x20, 0x20, 0x7d, 0x20, 0x65, 0x6c, 0x73, 0x65, 0x20, 0x7b, 0x0a, 0x20, 0x20, //      } else {.
	0x20, 0x20, 0x20, 0x20, 0x20, 0x20, 0x20, 0x20, 0x20, 0x20, 0x20, 0x20, 0x20, 0x20, 0x20, 0x20, //
	0x20, 0x20, 0x20, 0x20, 0x20, 0x20, 0x20, 0x20, 0x20, 0x20, 0x20, 0x20, 0x69, 0x66, 0x20, 0x28, //             if (
	0x28, 0x75, 0x5f, 0x67, 0x78, 0x5f, 0x74, 0x65, 0x76, 0x5f, 0x63, 0x6f, 0x6c, 0x6f, 0x72, 0x5f, // (u_gx_tev_color_
	0x69, 0x6e, 0x30, 0x2e, 0x7a, 0x20, 0x3c, 0x20, 0x31, 0x34, 0x2e, 0x35, 0x29, 0x29, 0x20, 0x7b, // in0.z < 14.5)) {
	0x0a, 0x20, 0x20, 0x20, 0x20, 0x20, 0x20, 0x20, 0x20, 0x20, 0x20, 0x20, 0x20, 0x20, 0x20, 0x20, // .
	0x20, 0x20, 0x20, 0x20, 0x20, 0x20, 0x20, 0x20, 0x20, 0x20, 0x20, 0x20, 0x20, 0x20, 0x20, 0x20, //
	0x20, 0x74, 0x6d, 0x70, 0x76, 0x61, 0x72, 0x5f, 0x31, 0x38, 0x20, 0x3d, 0x20, 0x75, 0x5f, 0x67, //  tmpvar_18 = u_g
	0x78, 0x5f, 0x74, 0x65, 0x76, 0x5f, 0x6b, 0x6f, 0x6e, 0x73, 0x74, 0x30, 0x2e, 0x78, 0x79, 0x7a, // x_tev_konst0.xyz
	0x3b, 0x0a, 0x20, 0x20, 0x20, 0x20, 0x20, 0x20, 0x20, 0x20, 0x20, 0x20, 0x20, 0x20, 0x20, 0x20, // ;.
	0x20, 0x20, 0x20, 0x20, 0x20, 0x20, 0x20, 0x20, 0x20, 0x20, 0x20, 0x20, 0x20, 0x20, 0x20, 0x20, //
	0x7d, 0x20, 0x65, 0x6c, 0x73, 0x65, 0x20, 0x7b, 0x0a, 0x20, 0x20, 0x20, 0x20, 0x20, 0x20, 0x20, // } else {.
	0x20, 0x20, 0x20, 0x20, 0x20, 0x20, 0x20, 0x20, 0x20, 0x20, 0x20, 0x20, 0x20, 0x20, 0x20, 0x20, //
	0x20, 0x20, 0x20, 0x20, 0x20, 0x20, 0x20, 0x20, 0x20, 0x74, 0x6d, 0x70, 0x76, 0x61, 0x72, 0x5f, //          tmpvar_
	0x31, 0x38, 0x20, 0x3d, 0x20, 0x76, 0x65, 0x63, 0x33, 0x28, 0x30, 0x2e, 0x30, 0x2c, 0x20, 0x30, // 18 = vec3(0.0, 0
	0x2e, 0x30, 0x2c, 0x20, 0x30, 0x2e, 0x30, 0x29, 0x3b, 0x0a, 0x20, 0x20, 0x20, 0x20, 0x20, 0x20, // .0, 0.0);.
	0x20, 0x20, 0x20, 0x20, 0x20, 0x20, 0x20, 0x20, 0x20, 0x20, 0x20, 0x20, 0x20, 0x20, 0x20, 0x20, //
	0x20, 0x20, 0x20, 0x20, 0x20, 0x20, 0x20, 0x20, 0x7d, 0x3b, 0x0a, 0x20, 0x20, 0x20, 0x20, 0x20, //         };.
	0x20, 0x20, 0x20, 0x20, 0x20, 0x20, 0x20, 0x20, 0x20, 0x20, 0x20, 0x20, 0x20, 0x20, 0x20, 0x20, //
	0x20, 0x20, 0x20, 0x20, 0x20, 0x20, 0x20, 0x7d, 0x3b, 0x0a, 0x20, 0x20, 0x20, 0x20, 0x20, 0x20, //        };.
	0x20, 0x20, 0x20, 0x20, 0x20, 0x20, 0x20, 0x20, 0x20, 0x20, 0x20, 0x20, 0x20, 0x20, 0x20, 0x20, //
	0x20, 0x20, 0x20, 0x20, 0x7d, 0x3b, 0x0a, 0x20, 0x20, 0x20, 0x20, 0x20, 0x20, 0x20, 0x20, 0x20, //     };.
	0x20, 0x20, 0x20, 0x20, 0x20, 0x20, 0x20, 0x20, 0x20, 0x20, 0x20, 0x20, 0x20, 0x20, 0x20, 0x7d, //                }
	0x3b, 0x0a, 0x20, 0x20, 0x20, 0x20, 0x20, 0x20, 0x20, 0x20, 0x20, 0x20, 0x20, 0x20, 0x20, 0x20, // ;.
	0x20, 0x20, 0x20, 0x20, 0x20, 0x20, 0x20, 0x20, 0x7d, 0x3b, 0x0a, 0x20, 0x20, 0x20, 0x20, 0x20, //         };.
	0x20, 0x20, 0x20, 0x20, 0x20, 0x20, 0x20, 0x20, 0x20, 0x20, 0x20, 0x20, 0x20, 0x20, 0x20, 0x7d, //                }
	0x3b, 0x0a, 0x20, 0x20, 0x20, 0x20, 0x20, 0x20, 0x20, 0x20, 0x20, 0x20, 0x20, 0x20, 0x20, 0x20, // ;.
	0x20, 0x20, 0x20, 0x20, 0x7d, 0x3b, 0x0a, 0x20, 0x20, 0x20, 0x20, 0x20, 0x20, 0x20, 0x20, 0x20, //     };.
	0x20, 0x20, 0x20, 0x20, 0x20, 0x20, 0x20, 0x7d, 0x3b, 0x0a, 0x20, 0x20, 0x20, 0x20, 0x20, 0x20, //        };.
	0x20, 0x20, 0x20, 0x20, 0x20, 0x20, 0x20, 0x20, 0x7d, 0x3b, 0x0a, 0x20, 0x20, 0x20, 0x20, 0x20, //         };.
	0x20, 0x20, 0x20, 0x20, 0x20, 0x20, 0x20, 0x7d, 0x3b, 0x0a, 0x20, 0x20, 0x20, 0x20, 0x20, 0x20, //        };.
	0x20, 0x20, 0x20, 0x20, 0x7d, 0x3b, 0x0a, 0x20, 0x20, 0x20, 0x20, 0x20, 0x20, 0x20, 0x20, 0x7d, //     };.        }
	0x3b, 0x0a, 0x20, 0x20, 0x20, 0x20, 0x20, 0x20, 0x7d, 0x3b, 0x0a, 0x20, 0x20, 0x20, 0x20, 0x7d, // ;.      };.    }
	0x3b, 0x0a, 0x20, 0x20, 0x7d, 0x3b, 0x0a, 0x20, 0x20, 0x76, 0x65, 0x63, 0x33, 0x20, 0x74, 0x6d, // ;.  };.  vec3 tm
	0x70, 0x76, 0x61, 0x72, 0x5f, 0x31, 0x39, 0x3b, 0x0a, 0x20, 0x20, 0x69, 0x66, 0x20, 0x28, 0x28, // pvar_19;.  if ((
	0x75, 0x5f, 0x67, 0x78, 0x5f, 0x74, 0x65, 0x76, 0x5f, 0x63, 0x6f, 0x6c, 0x6f, 0x72, 0x5f, 0x69, // u_gx_tev_color_i
	0x6e, 0x30, 0x2e, 0x77, 0x20, 0x3c, 0x20, 0x30, 0x2e, 0x35, 0x29, 0x29, 0x20, 0x7b, 0x0a, 0x20, // n0.w < 0.5)) {.
	0x20, 0x20, 0x20, 0x74, 0x6d, 0x70, 0x76, 0x61, 0x72, 0x5f, 0x31, 0x39, 0x20, 0x3d, 0x20, 0x75, //    tmpvar_19 = u
	0x5f, 0x67, 0x78, 0x5f, 0x74, 0x65, 0x76, 0x5f, 0x72, 0x65, 0x67, 0x30, 0x2e, 0x78, 0x79, 0x7a, // _gx_tev_reg0.xyz
	0x3b, 0x0a, 0x20, 0x20, 0x7d, 0x20, 0x65, 0x6c, 0x73, 0x65, 0x20, 0x7b, 0x0a, 0x20, 0x20, 0x20, // ;.  } else {.
	0x20, 0x69, 0x66, 0x20, 0x28, 0x28, 0x75, 0x5f, 0x67, 0x78, 0x5f, 0x74, 0x65, 0x76, 0x5f, 0x63, //  if ((u_gx_tev_c
	0x6f, 0x6c, 0x6f, 0x72, 0x5f, 0x69, 0x6e, 0x30, 0x2e, 0x77, 0x20, 0x3c, 0x20, 0x31, 0x2e, 0x35, // olor_in0.w < 1.5
	0x29, 0x29, 0x20, 0x7b, 0x0a, 0x20, 0x20, 0x20, 0x20, 0x20, 0x20, 0x74, 0x6d, 0x70, 0x76, 0x61, // )) {.      tmpva
	0x72, 0x5f, 0x31, 0x39, 0x20, 0x3d, 0x20, 0x75, 0x5f, 0x67, 0x78, 0x5f, 0x74, 0x65, 0x76, 0x5f, // r_19 = u_gx_tev_
	0x72, 0x65, 0x67, 0x30, 0x2e, 0x77, 0x77, 0x77, 0x3b, 0x0a, 0x20, 0x20, 0x20, 0x20, 0x7d, 0x20, // reg0.www;.    }
	0x65, 0x6c, 0x73, 0x65, 0x20, 0x7b, 0x0a, 0x20, 0x20, 0x20, 0x20, 0x20, 0x20, 0x69, 0x66, 0x20, // else {.      if
	0x28, 0x28, 0x75, 0x5f, 0x67, 0x78, 0x5f, 0x74, 0x65, 0x76, 0x5f, 0x63, 0x6f, 0x6c, 0x6f, 0x72, // ((u_gx_tev_color
	0x5f, 0x69, 0x6e, 0x30, 0x2e, 0x77, 0x20, 0x3c, 0x20, 0x32, 0x2e, 0x35, 0x29, 0x29, 0x20, 0x7b, // _in0.w < 2.5)) {
	0x0a, 0x20, 0x20, 0x20, 0x20, 0x20, 0x20, 0x20, 0x20, 0x74, 0x6d, 0x70, 0x76, 0x61, 0x72, 0x5f, // .        tmpvar_
	0x31, 0x39, 0x20, 0x3d, 0x20, 0x75, 0x5f, 0x67, 0x78, 0x5f, 0x74, 0x65, 0x76, 0x5f, 0x72, 0x65, // 19 = u_gx_tev_re
	0x67, 0x31, 0x2e, 0x78, 0x79, 0x7a, 0x3b, 0x0a, 0x20, 0x20, 0x20, 0x20, 0x20, 0x20, 0x7d, 0x20, // g1.xyz;.      }
	0x65, 0x6c, 0x73, 0x65, 0x20, 0x7b, 0x0a, 0x20, 0x20, 0x20, 0x20, 0x20, 0x20, 0x20, 0x20, 0x69, // else {.        i
	0x66, 0x20, 0x28, 0x28, 0x75, 0x5f, 0x67, 0x78, 0x5f, 0x74, 0x65, 0x76, 0x5f, 0x63, 0x6f, 0x6c, // f ((u_gx_tev_col
	0x6f, 0x72, 0x5f, 0x69, 0x6e, 0x30, 0x2e, 0x77, 0x20, 0x3c, 0x20, 0x33, 0x2e, 0x35, 0x29, 0x29, // or_in0.w < 3.5))
	0x20, 0x7b, 0x0a, 0x20, 0x20, 0x20, 0x20, 0x20, 0x20, 0x20, 0x20, 0x20, 0x20, 0x74, 0x6d, 0x70, //  {.          tmp
	0x76, 0x61, 0x72, 0x5f, 0x31, 0x39, 0x20, 0x3d, 0x20, 0x75, 0x5f, 0x67, 0x78, 0x5f, 0x74, 0x65, // var_19 = u_gx_te
	0x76, 0x5f, 0x72, 0x65, 0x67, 0x31, 0x2e, 0x77, 0x77, 0x77, 0x3b, 0x0a, 0x20, 0x20, 0x20, 0x20, // v_reg1.www;.
	0x20, 0x20, 0x20, 0x20, 0x7d, 0x20, 0x65, 0x6c, 0x73, 0x65, 0x20, 0x7b, 0x0a, 0x20, 0x20, 0x20, //     } else {.
	0x20, 0x20, 0x20, 0x20, 0x20, 0x20, 0x20, 0x69, 0x66, 0x20, 0x28, 0x28, 0x75, 0x5f, 0x67, 0x78, //        if ((u_gx
	0x5f, 0x74, 0x65, 0x76, 0x5f, 0x63, 0x6f, 0x6c, 0x6f, 0x72, 0x5f, 0x69, 0x6e, 0x30, 0x2e, 0x77, // _tev_color_in0.w
	0x20, 0x3c, 0x20, 0x34, 0x2e, 0x35, 0x29, 0x29, 0x20, 0x7b, 0x0a, 0x20, 0x20, 0x20, 0x20, 0x20, //  < 4.5)) {.
	0x20, 0x20, 0x20, 0x20, 0x20, 0x20, 0x20, 0x74, 0x6d, 0x70, 0x76, 0x61, 0x72, 0x5f, 0x31, 0x39, //        tmpvar_19
	0x20, 0x3d, 0x20, 0x75, 0x5f, 0x67, 0x78, 0x5f, 0x74, 0x65, 0x76, 0x5f, 0x72, 0x65, 0x67, 0x32, //  = u_gx_tev_reg2
	0x2e, 0x78, 0x79, 0x7a, 0x3b, 0x0a, 0x20, 0x20, 0x20, 0x20, 0x20, 0x20, 0x20, 0x20, 0x20, 0x20, // .xyz;.
	0x7d, 0x20, 0x65, 0x6c, 0x73, 0x65, 0x20, 0x7b, 0x0a, 0x20, 0x20, 0x20, 0x20, 0x20, 0x20, 0x20, // } else {.
	0x20, 0x20, 0x20, 0x20, 0x20, 0x69, 0x66, 0x20, 0x28, 0x28, 0x75, 0x5f, 0x67, 0x78, 0x5f, 0x74, //      if ((u_gx_t
	0x65, 0x76, 0x5f, 0x63, 0x6f, 0x6c, 0x6f, 0x72, 0x5f, 0x69, 0x6e, 0x30, 0x2e, 0x77, 0x20, 0x3c, // ev_color_in0.w <
	0x20, 0x35, 0x2e, 0x35, 0x29, 0x29, 0x20, 0x7b, 0x0a, 0x20, 0x20, 0x20, 0x20, 0x20, 0x20, 0x20, //  5.5)) {.
	0x20, 0x20, 0x20, 0x20, 0x20, 0x20, 0x20, 0x74, 0x6d, 0x70, 0x76, 0x61, 0x72, 0x5f, 0x31, 0x39, //        tmpvar_19
	0x20, 0x3d, 0x20, 0x75, 0x5f, 0x67, 0x78, 0x5f, 0x74, 0x65, 0x76, 0x5f, 0x72, 0x65, 0x67, 0x32, //  = u_gx_tev_reg2
	0x2e, 0x77, 0x77, 0x77, 0x3b, 0x0a, 0x20, 0x20, 0x20, 0x20, 0x20, 0x20, 0x20, 0x20, 0x20, 0x20, // .www;.
	0x20, 0x20, 0x7d, 0x20, 0x65, 0x6c, 0x73, 0x65, 0x20, 0x7b, 0x0a, 0x20, 0x20, 0x20, 0x20, 0x20, //   } else {.
	0x20, 0x20, 0x20, 0x20, 0x20, 0x20, 0x20, 0x20, 0x20, 0x69, 0x66, 0x20, 0x28, 0x28, 0x75, 0x5f, //          if ((u_
	0x67, 0x78, 0x5f, 0x74, 0x65, 0x76, 0x5f, 0x63, 0x6f, 0x6c, 0x6f, 0x72, 0x5f, 0x69, 0x6e, 0x30, // gx_tev_color_in0
	0x2e, 0x77, 0x20, 0x3c, 0x20, 0x36, 0x2e, 0x35, 0x29, 0x29, 0x20, 0x7b, 0x0a, 0x20, 0x20, 0x20, // .w < 6.5)) {.
	0x20, 0x20, 0x20, 0x20, 0x20, 0x20, 0x20, 0x20, 0x20, 0x20, 0x20, 0x20, 0x20, 0x74, 0x6d, 0x70, //              tmp
	0x76, 0x61, 0x72, 0x5f, 0x31, 0x39, 0x20, 0x3d, 0x20, 0x75, 0x5f, 0x67, 0x78, 0x5f, 0x74, 0x65, // var_19 = u_gx_te
	0x76, 0x5f, 0x72, 0x65, 0x67, 0x33, 0x2e, 0x78, 0x79, 0x7a, 0x3b, 0x0a, 0x20, 0x20, 0x20, 0x20, // v_reg3.xyz;.
	0x20, 0x20, 0x20, 0x20, 0x20, 0x20, 0x20, 0x20, 0x20, 0x20, 0x7d, 0x20, 0x65, 0x6c, 0x73, 0x65, //           } else
	0x20, 0x7b, 0x0a, 0x20, 0x20, 0x20, 0x20, 0x20, 0x20, 0x20, 0x20, 0x20, 0x20, 0x20, 0x20, 0x20, //  {.
	0x20, 0x20, 0x20, 0x69, 0x66, 0x20, 0x28, 0x28, 0x75, 0x5f, 0x67, 0x78, 0x5f, 0x74, 0x65, 0x76, //    if ((u_gx_tev
	0x5f, 0x63, 0x6f, 0x6c, 0x6f, 0x72, 0x5f, 0x69, 0x6e, 0x30, 0x2e, 0x77, 0x20, 0x3c, 0x20, 0x37, // _color_in0.w < 7
	0x2e, 0x35, 0x29, 0x29, 0x20, 0x7b, 0x0a, 0x20, 0x20, 0x20, 0x20, 0x20, 0x20, 0x20, 0x20, 0x20, // .5)) {.
	0x20, 0x20, 0x20, 0x20, 0x20, 0x20, 0x20, 0x20, 0x20, 0x74, 0x6d, 0x70, 0x76, 0x61, 0x72, 0x5f, //          tmpvar_
	0x31, 0x39, 0x20, 0x3d, 0x20, 0x75, 0x5f, 0x67, 0x78, 0x5f, 0x74, 0x65, 0x76, 0x5f, 0x72, 0x65, // 19 = u_gx_tev_re
	0x67, 0x33, 0x2e, 0x77, 0x77, 0x77, 0x3b, 0x0a, 0x20, 0x20, 0x20, 0x20, 0x20, 0x20, 0x20, 0x20, // g3.www;.
	0x20, 0x20, 0x20, 0x20, 0x20, 0x20, 0x20, 0x20, 0x7d, 0x20, 0x65, 0x6c, 0x73, 0x65, 0x20, 0x7b, //         } else {
	0x0a, 0x20, 0x20, 0x20, 0x20, 0x20, 0x20, 0x20, 0x20, 0x20, 0x20, 0x20, 0x20, 0x20, 0x20, 0x20, // .
	0x20, 0x20, 0x20, 0x69, 0x66, 0x20, 0x28, 0x28, 0x75, 0x5f, 0x67, 0x78, 0x5f, 0x74, 0x65, 0x76, //    if ((u_gx_tev
	0x5f, 0x63, 0x6f, 0x6c, 0x6f, 0x72, 0x5f, 0x69, 0x6e, 0x30, 0x2e, 0x77, 0x20, 0x3c, 0x20, 0x38, // _color_in0.w < 8
	0x2e, 0x35, 0x29, 0x29, 0x20, 0x7b, 0x0a, 0x20, 0x20, 0x20, 0x20, 0x20, 0x20, 0x20, 0x20, 0x20, // .5)) {.
	0x20, 0x20, 0x20, 0x20, 0x20, 0x20, 0x20, 0x20, 0x20, 0x20, 0x20, 0x74, 0x6d, 0x70, 0x76, 0x61, //            tmpva
	0x72, 0x5f, 0x31, 0x39, 0x20, 0x3d, 0x20, 0x74, 0x6d, 0x70, 0x76, 0x61, 0x72, 0x5f, 0x31, 0x35, // r_19 = tmpvar_15
	0x2e, 0x78, 0x79, 0x7a, 0x3b, 0x0a, 0x20, 0x20, 0x20, 0x20, 0x20, 0x20, 0x20, 0x20, 0x20, 0x20, // .xyz;.
	0x20, 0x20, 0x20, 0x20, 0x20, 0x20, 0x20, 0x20, 0x7d, 0x20, 0x65, 0x6c, 0x73, 0x65, 0x20, 0x7b, //         } else {
	0x0a, 0x20, 0x20, 0x20, 0x20, 0x20, 0x20, 0x20, 0x20, 0x20, 0x20, 0x20, 0x20, 0x20, 0x20, 0x20, // .
	0x20, 0x20, 0x20, 0x20, 0x20, 0x69, 0x66, 0x20, 0x28, 0x28, 0x75, 0x5f, 0x67, 0x78, 0x5f, 0x74, //      if ((u_gx_t
	0x65, 0x76, 0x5f, 0x63, 0x6f, 0x6c, 0x6f, 0x72, 0x5f, 0x69, 0x6e, 0x30, 0x2e, 0x77, 0x20, 0x3c, // ev_color_in0.w <
	0x20, 0x39, 0x2e, 0x35, 0x29, 0x29, 0x20, 0x7b, 0x0a, 0x20, 0x20, 0x20, 0x20, 0x20, 0x20, 0x20, //  9.5)) {.
	0x20, 0x20, 0x20, 0x20, 0x20, 0x20, 0x20, 0x20, 0x20, 0x20, 0x20, 0x20, 0x20, 0x20, 0x20, 0x74, //                t
	0x6d, 0x70, 0x76, 0x61, 0x72, 0x5f, 0x31, 0x39, 0x20, 0x3d, 0x20, 0x74, 0x6d, 0x70, 0x76, 0x61, // mpvar_19 = tmpva
	0x72, 0x5f, 0x31, 0x35, 0x2e, 0x77, 0x77, 0x77, 0x3b, 0x0a, 0x20, 0x20, 0x20, 0x20, 0x20, 0x20, // r_15.www;.
	0x20, 0x20, 0x20, 0x20, 0x20, 0x20, 0x20, 0x20, 0x20, 0x20, 0x20, 0x20, 0x20, 0x20, 0x7d, 0x20, //               }
	0x65, 0x6c, 0x73, 0x65, 0x20, 0x7b, 0x0a, 0x20, 0x20, 0x20, 0x20, 0x20, 0x20, 0x20, 0x20, 0x20, // else {.
	0x20, 0x20, 0x20, 0x20, 0x20, 0x20, 0x20, 0x20, 0x20, 0x20, 0x20, 0x20, 0x20, 0x69, 0x66, 0x20, //              if
	0x28, 0x28, 0x75, 0x5f, 0x67, 0x78, 0x5f, 0x74, 0x65, 0x76, 0x5f, 0x63, 0x6f, 0x6c, 0x6f, 0x72, // ((u_gx_tev_color
	0x5f, 0x69, 0x6e, 0x30, 0x2e, 0x77, 0x20, 0x3c, 0x20, 0x31, 0x30, 0x2e, 0x35, 0x29, 0x29, 0x20, // _in0.w < 10.5))
	0x7b, 0x0a, 0x20, 0x20, 0x20, 0x20, 0x20, 0x20, 0x20, 0x20, 0x20, 0x20, 0x20, 0x20, 0x20, 0x20, // {.
	0x20, 0x20, 0x20, 0x20, 0x20, 0x20, 0x20, 0x20, 0x20, 0x20, 0x74, 0x6d, 0x70, 0x76, 0x61, 0x72, //           tmpvar
	0x5f, 0x31, 0x39, 0x20, 0x3d, 0x20, 0x76, 0x5f, 0x63, 0x6f, 0x6c, 0x6f, 0x72, 0x30, 0x2e, 0x78, // _19 = v_color0.x
	0x79, 0x7a, 0x3b, 0x0a, 0x20, 0x20, 0x20, 0x20, 0x20, 0x20, 0x20, 0x20, 0x20, 0x20, 0x20, 0x20, // yz;.
	0x20, 0x20, 0x20, 0x20, 0x20, 0x20, 0x20, 0x20, 0x20, 0x20, 0x7d, 0x20, 0x65, 0x6c, 0x73, 0x65, //           } else
	0x20, 0x7b, 0x0a, 0x20, 0x20, 0x20, 0x20, 0x20, 0x20, 0x20, 0x20, 0x20, 0x20, 0x20, 0x20, 0x20, //  {.
	0x20, 0x20, 0x20, 0x20, 0x20, 0x20, 0x20, 0x20, 0x20, 0x20, 0x20, 0x69, 0x66, 0x20, 0x28, 0x28, //            if ((
	0x75, 0x5f, 0x67, 0x78, 0x5f, 0x74, 0x65, 0x76, 0x5f, 0x63, 0x6f, 0x6c, 0x6f, 0x72, 0x5f, 0x69, // u_gx_tev_color_i
	0x6e, 0x30, 0x2e, 0x77, 0x20, 0x3c, 0x20, 0x31, 0x31, 0x2e, 0x35, 0x29, 0x29, 0x20, 0x7b, 0x0a, // n0.w < 11.5)) {.
	0x20, 0x20, 0x20, 0x20, 0x20, 0x20, 0x20, 0x20, 0x20, 0x20, 0x20, 0x20, 0x20, 0x20, 0x20, 0x20, //
	0x20, 0x20, 0x20, 0x20, 0x20, 0x20, 0x20, 0x20, 0x20, 0x20, 0x74, 0x6d, 0x70, 0x76, 0x61, 0x72, //           tmpvar
	0x5f, 0x31, 0x39, 0x20, 0x3d, 0x20, 0x76, 0x5f, 0x63, 0x6f, 0x6c, 0x6f, 0x72, 0x30, 0x2e, 0x77, // _19 = v_color0.w
	0x77, 0x77, 0x3b, 0x0a, 0x20, 0x20, 0x20, 0x20, 0x20, 0x20, 0x20, 0x20, 0x20, 0x20, 0x20, 0x20, // ww;.
	0x20, 0x20, 0x20, 0x20, 0x20, 0x20, 0x20, 0x20, 0x20, 0x20, 0x20, 0x20, 0x7d, 0x20, 0x65, 0x6c, //             } el
	0x73, 0x65, 0x20, 0x7b, 0x0a, 0x20, 0x20, 0x20, 0x20, 0x20, 0x20, 0x20, 0x20, 0x20, 0x20, 0x20, // se {.
	0x20, 0x20, 0x20, 0x20, 0x20, 0x20, 0x20, 0x20, 0x20, 0x20, 0x20, 0x20, 0x20, 0x20, 0x20, 0x69, //                i
	0x66, 0x20, 0x28, 0x28, 0x75, 0x5f, 0x67, 0x78, 0x5f, 0x74, 0x65, 0x76, 0x5f, 0x63, 0x6f, 0x6c, // f ((u_gx_tev_col
	0x6f, 0x72, 0x5f, 0x69, 0x6e, 0x30, 0x2e, 0x77, 0x20, 0x3c, 0x20, 0x31, 0x32, 0x2e, 0x35, 0x29, // or_in0.w < 12.5)
	0x29, 0x20, 0x7b, 0x0a, 0x20, 0x20, 0x20, 0x20, 0x20, 0x20, 0x20, 0x20, 0x20, 0x20, 0x20, 0x20, // ) {.
	0x20, 0x20, 0x20, 0x20, 0x20, 0x20, 0x20, 0x20, 0x20, 0x20, 0x20, 0x20, 0x20, 0x20, 0x20, 0x20, //
	0x74, 0x6d, 0x70, 0x76, 0x61, 0x72, 0x5f, 0x31, 0x39, 0x20, 0x3d, 0x20, 0x76, 0x65, 0x63, 0x33, // tmpvar_19 = vec3
	0x28, 0x31, 0x2e, 0x30, 0x2c, 0x20, 0x31, 0x2e, 0x30, 0x2c, 0x20, 0x31, 0x2e, 0x30, 0x29, 0x3b, // (1.0, 1.0, 1.0);
	0x0a, 0x20, 0x20, 0x20, 0x20, 0x20, 0x20, 0x20, 0x20, 0x20, 0x20, 0x20, 0x20, 0x20, 0x20, 0x20, // .
	0x20, 0x20, 0x20, 0x20, 0x20, 0x20, 0x20, 0x20, 0x20, 0x20, 0x20, 0x7d, 0x20, 0x65, 0x6c, 0x73, //            } els
	0x65, 0x20, 0x7b, 0x0a, 0x20, 0x20, 0x20, 0x20, 0x20, 0x20, 0x20, 0x20, 0x20, 0x20, 0x20, 0x20, // e {.
	0x20, 0x20, 0x20, 0x20, 0x20, 0x20, 0x20, 0x20, 0x20, 0x20, 0x20, 0x20, 0x20, 0x20, 0x20, 0x20, //
	0x69, 0x66, 0x20, 0x28, 0x28, 0x75, 0x5f, 0x67, 0x78, 0x5f, 0x74, 0x65, 0x76, 0x5f, 0x63, 0x6f, // if ((u_gx_tev_co
	0x6c, 0x6f, 0x72, 0x5f, 0x69, 0x6e, 0x30, 0x2e, 0x77, 0x20, 0x3c, 0x20, 0x31, 0x33, 0x2e, 0x35, // lor_in0.w < 13.5
	0x29, 0x29, 0x20, 0x7b, 0x0a, 0x20, 0x20, 0x20, 0x20, 0x20, 0x20, 0x20, 0x20, 0x20, 0x20, 0x20, // )) {.
	0x20, 0x20, 0x20, 0x20, 0x20, 0x20, 0x20, 0x20, 0x20, 0x20, 0x20, 0x20, 0x20, 0x20, 0x20, 0x20, //
	0x20, 0x20, 0x20, 0x74, 0x6d, 0x70, 0x76, 0x61, 0x72, 0x5f, 0x31, 0x39, 0x20, 0x3d, 0x20, 0x76, //    tmpvar_19 = v
	0x65, 0x63, 0x33, 0x28, 0x30, 0x2e, 0x35, 0x30, 0x31, 0x39, 0x36, 0x30, 0x38, 0x2c, 0x20, 0x30, // ec3(0.5019608, 0
	0x2e, 0x35, 0x30, 0x31, 0x39, 0x36, 0x30, 0x38, 0x2c, 0x20, 0x30, 0x2e, 0x35, 0x30, 0x31, 0x39, // .5019608, 0.5019
	0x36, 0x30, 0x38, 0x29, 0x3b, 0x0a, 0x20, 0x20, 0x20, 0x20, 0x20, 0x20, 0x20, 0x20, 0x20, 0x20, // 608);.
	0x20, 0x20, 0x20, 0x20, 0x20, 0x20, 0x20, 0x20, 0x20, 0x20, 0x20, 0x20, 0x20, 0x20, 0x20, 0x20, //
	0x20, 0x20, 0x7d, 0x20, 0x65, 0x6c, 0x73, 0x65, 0x20, 0x7b, 0x0a, 0x20, 0x20, 0x20, 0x20, 0x20, //   } else {.
	0x20, 0x20, 0x20, 0x20, 0x20, 0x20, 0x20, 0x20, 0x20, 0x20, 0x20, 0x20, 0x20, 0x20, 0x20, 0x20, //
	0x20, 0x20, 0x20, 0x20, 0x20, 0x20, 0x20, 0x20, 0x20, 0x69, 0x66, 0x20, 0x28, 0x28, 0x75, 0x5f, //          if ((u_
	0x67, 0x78, 0x5f, 0x74, 0x65, 0x76, 0x5f, 0x63, 0x6f, 0x6c, 0x6f, 0x72, 0x5f, 0x69, 0x6e, 0x30, // gx_tev_color_in0
	0x2e, 0x77, 0x20, 0x3c, 0x20, 0x31, 0x34, 0x2e, 0x35, 0x29, 0x29, 0x20, 0x7b, 0x0a, 0x20, 0x20, // .w < 14.5)) {.
	0x20, 0x20, 0x20, 0x20, 0x20, 0x20, 0x20, 0x20, 0x20, 0x20, 0x20, 0x20, 0x20, 0x20, 0x20, 0x20, //
	0x20, 0x20, 0x20, 0x20, 0x20, 0x20, 0x20, 0x20, 0x20, 0x20, 0x20, 0x20, 0x20, 0x20, 0x74, 0x6d, //               tm
	0x70, 0x76, 0x61, 0x72, 0x5f, 0x31, 0x39, 0x20, 0x3d, 0x20, 0x75, 0x5f, 0x67, 0x78, 0x5f, 0x74, // pvar_19 = u_gx_t
	0x65, 0x76, 0x5f, 0x6b, 0x6f, 0x6e, 0x73, 0x74, 0x30, 0x2e, 0x78, 0x79, 0x7a, 0x3b, 0x0a, 0x20, // ev_konst0.xyz;.
	0x20, 0x20, 0x20, 0x20, 0x20, 0x20, 0x20, 0x20, 0x20, 0x20, 0x20, 0x20, 0x20, 0x20, 0x20, 0x20, //
	0x20, 0x20, 0x20, 0x20, 0x20, 0x20, 0x20, 0x20, 0x20, 0x20, 0x20, 0x20, 0x20, 0x7d, 0x20, 0x65, //              } e
	0x6c, 0x73, 0x65, 0x20, 0x7b, 0x0a, 0x20, 0x20, 0x20, 0x20, 0x20, 0x20, 0x20, 0x20, 0x20, 0x20, // lse {.
	0x20, 0x20, 0x20, 0x20, 0x20, 0x20, 0x20, 0x20, 0x20, 0x20, 0x20, 0x20, 0x20, 0x20, 0x20, 0x20, //
	0x20, 0x20, 0x20, 0x20, 0x20, 0x20, 0x74, 0x6d, 0x70, 0x76, 0x61, 0x72, 0x5f, 0x31, 0x39, 0x20, //       tmpvar_19
	0x3d, 0x20, 0x76, 0x65, 0x63, 0x33, 0x28, 0x30, 0x2e, 0x30, 0x2c, 0x20, 0x30, 0x2e, 0x30, 0x2c, // = vec3(0.0, 0.0,
	0x20, 0x30, 0x2e, 0x30, 0x29, 0x3b, 0x0a, 0x20, 0x20, 0x20, 0x20, 0x20, 0x20, 0x20, 0x20, 0x20, //  0.0);.
	0x20, 0x20, 0x20, 0x20, 0x20, 0x20, 0x20, 0x20, 0x20, 0x20, 0x20, 0x20, 0x20, 0x20, 0x20, 0x20, //
	0x20, 0x20, 0x20, 0x20, 0x20, 0x7d, 0x3b, 0x0a, 0x20, 0x20, 0x20, 0x20, 0x20, 0x20, 0x20, 0x20, //      };.
	0x20, 0x20, 0x20, 0x20, 0x20, 0x20, 0x20, 0x20, 0x20, 0x20, 0x20, 0x20, 0x20, 0x20, 0x20, 0x20, //
	0x20, 0x20, 0x20, 0x20, 0x7d, 0x3b, 0x0a, 0x20, 0x20, 0x20, 0x20, 0x20, 0x20, 0x20, 0x20, 0x20, //     };.
	0x20, 0x20, 0x20, 0x20, 0x20, 0x20, 0x20, 0x20, 0x20, 0x20, 0x20, 0x20, 0x20, 0x20, 0x20, 0x20, //
	0x20, 0x7d, 0x3b, 0x0a, 0x20, 0x20, 0x20, 0x20, 0x20, 0x20, 0x20, 0x20, 0x20, 0x20, 0x20, 0x20, //  };.
	0x20, 0x20, 0x20, 0x20, 0x20, 0x20, 0x20, 0x20, 0x20, 0x20, 0x20, 0x20, 0x7d, 0x3b, 0x0a, 0x20, //             };.
	0x20, 0x20, 0x20, 0x20, 0x20, 0x20, 0x20, 0x20, 0x20, 0x20, 0x20, 0x20, 0x20, 0x20, 0x20, 0x20, //
	0x20, 0x20, 0x20, 0x20, 0x20, 0x7d, 0x3b, 0x0a, 0x20, 0x20, 0x20, 0x20, 0x20, 0x20, 0x20, 0x20, //      };.
	0x20, 0x20, 0x20, 0x20, 0x20, 0x20, 0x20, 0x20, 0x20, 0x20, 0x20, 0x20, 0x7d, 0x3b, 0x0a, 0x20, //             };.
	0x20, 0x20, 0x20, 0x20, 0x20, 0x20, 0x20, 0x20, 0x20, 0x20, 0x20, 0x20, 0x20, 0x20, 0x20, 0x20, //
	0x20, 0x7d, 0x3b, 0x0a, 0x20, 0x20, 0x20, 0x20, 0x20, 0x20, 0x20, 0x20, 0x20, 0x20, 0x20, 0x20, //  };.
	0x20, 0x20, 0x20, 0x20, 0x7d, 0x3b, 0x0a, 0x20, 0x20, 0x20, 0x20, 0x20, 0x20, 0x20, 0x20, 0x20, //     };.
	0x20, 0x20, 0x20, 0x20, 0x20, 0x7d, 0x3b, 0x0a, 0x20, 0x20, 0x20, 0x20, 0x20, 0x20, 0x20, 0x20, //      };.
	0x20, 0x20, 0x20, 0x20, 0x7d, 0x3b, 0x0a, 0x20, 0x20, 0x20, 0x20, 0x20, 0x20, 0x20, 0x20, 0x20, //     };.
	0x20, 0x7d, 0x3b, 0x0a, 0x20, 0x20, 0x20, 0x20, 0x20, 0x20, 0x20, 0x20, 0x7d, 0x3b, 0x0a, 0x20, //  };.        };.
	0x20, 0x20, 0x20, 0x20, 0x20, 0x7d, 0x3b, 0x0a, 0x20, 0x20, 0x20, 0x20, 0x7d, 0x3b, 0x0a, 0x20, //      };.    };.
	0x20, 0x7d, 0x3b, 0x0a, 0x20, 0x20, 0x76, 0x65, 0x63, 0x33, 0x20, 0x74, 0x6d, 0x70, 0x76, 0x61, //  };.  vec3 tmpva
	0x72, 0x5f, 0x32, 0x30, 0x3b, 0x0a, 0x20, 0x20, 0x76, 0x65, 0x63, 0x33, 0x20, 0x72, 0x65, 0x73, // r_20;.  vec3 res
	0x75, 0x6c, 0x74, 0x5f, 0x32, 0x31, 0x3b, 0x0a, 0x20, 0x20, 0x76, 0x65, 0x63, 0x33, 0x20, 0x74, // ult_21;.  vec3 t
	0x65, 0x6d, 0x70, 0x5f, 0x32, 0x32, 0x3b, 0x0a, 0x20, 0x20, 0x76, 0x65, 0x63, 0x33, 0x20, 0x64, // emp_22;.  vec3 d
	0x69, 0x5f, 0x32, 0x33, 0x3b, 0x0a, 0x20, 0x20, 0x66, 0x6c, 0x6f, 0x61, 0x74, 0x20, 0x74, 0x6d, // i_23;.  float tm
	0x70, 0x76, 0x61, 0x72, 0x5f, 0x32, 0x34, 0x3b, 0x0a, 0x20, 0x20, 0x69, 0x66, 0x20, 0x28, 0x28, // pvar_24;.  if ((
	0x75, 0x5f, 0x67, 0x78, 0x5f, 0x74, 0x65, 0x76, 0x5f, 0x63, 0x6f, 0x6c, 0x6f, 0x72, 0x5f, 0x6f, // u_gx_tev_color_o
	0x70, 0x30, 0x2e, 0x7a, 0x20, 0x3c, 0x20, 0x30, 0x2e, 0x35, 0x29, 0x29, 0x20, 0x7b, 0x0a, 0x20, // p0.z < 0.5)) {.
	0x20, 0x20, 0x20, 0x74, 0x6d, 0x70, 0x76, 0x61, 0x72, 0x5f, 0x32, 0x34, 0x20, 0x3d, 0x20, 0x31, //    tmpvar_24 = 1
	0x2e, 0x30, 0x3b, 0x0a, 0x20, 0x20, 0x7d, 0x20, 0x65, 0x6c, 0x73, 0x65, 0x20, 0x7b, 0x0a, 0x20, // .0;.  } else {.
	0x20, 0x20, 0x20, 0x69, 0x66, 0x20, 0x28, 0x28, 0x75, 0x5f, 0x67, 0x78, 0x5f, 0x74, 0x65, 0x76, //    if ((u_gx_tev
	0x5f, 0x63, 0x6f, 0x6c, 0x6f, 0x72, 0x5f, 0x6f, 0x70, 0x30, 0x2e, 0x7a, 0x20, 0x3c, 0x20, 0x31, // _color_op0.z < 1
	0x2e, 0x35, 0x29, 0x29, 0x20, 0x7b, 0x0a, 0x20, 0x20, 0x20, 0x20, 0x20, 0x20, 0x74, 0x6d, 0x70, // .5)) {.      tmp
	0x76, 0x61, 0x72, 0x5f, 0x32, 0x34, 0x20, 0x3d, 0x20, 0x32, 0x2e, 0x30, 0x3b, 0x0a, 0x20, 0x20, // var_24 = 2.0;.
	0x20, 0x20, 0x7d, 0x20, 0x65, 0x6c, 0x73, 0x65, 0x20, 0x7b, 0x0a, 0x20, 0x20, 0x20, 0x20, 0x20, //   } else {.
	0x20, 0x69, 0x66, 0x20, 0x28, 0x28, 0x75, 0x5f, 0x67, 0x78, 0x5f, 0x74, 0x65, 0x76, 0x5f, 0x63, //  if ((u_gx_tev_c
	0x6f, 0x6c, 0x6f, 0x72, 0x5f, 0x6f, 0x70, 0x30, 0x2e, 0x7a, 0x20, 0x3c, 0x20, 0x32, 0x2e, 0x35, // olor_op0.z < 2.5
	0x29, 0x29, 0x20, 0x7b, 0x0a, 0x20, 0x20, 0x20, 0x20, 0x20, 0x20, 0x20, 0x20, 0x74, 0x6d, 0x70, // )) {.        tmp
	0x76, 0x61, 0x72, 0x5f, 0x32, 0x34, 0x20, 0x3d, 0x20, 0x34, 0x2e, 0x30, 0x3b, 0x0a, 0x20, 0x20, // var_24 = 4.0;.
	0x20, 0x20, 0x20, 0x20, 0x7d, 0x20, 0x65, 0x6c, 0x73, 0x65, 0x20, 0x7b, 0x0a, 0x20, 0x20, 0x20, //     } else {.
	0x20, 0x20, 0x20, 0x20, 0x20, 0x74, 0x6d, 0x70, 0x76, 0x61, 0x72, 0x5f, 0x32, 0x34, 0x20, 0x3d, //      tmpvar_24 =
	0x20, 0x31, 0x2e, 0x30, 0x3b, 0x0a, 0x20, 0x20, 0x20, 0x20, 0x20, 0x20, 0x7d, 0x3b, 0x0a, 0x20, //  1.0;.      };.
	0x20, 0x20, 0x20, 0x7d, 0x3b, 0x0a, 0x20, 0x20, 0x7d, 0x3b, 0x0a, 0x20, 0x20, 0x66, 0x6c, 0x6f, //    };.  };.  flo
	0x61, 0x74, 0x20, 0x74, 0x6d, 0x70, 0x76, 0x61, 0x72, 0x5f, 0x32, 0x35, 0x3b, 0x0a, 0x20, 0x20, // at tmpvar_25;.
	0x69, 0x66, 0x20, 0x28, 0x28, 0x75, 0x5f, 0x67, 0x78, 0x5f, 0x74, 0x65, 0x76, 0x5f, 0x63, 0x6f, // if ((u_gx_tev_co
	0x6c, 0x6f, 0x72, 0x5f, 0x6f, 0x70, 0x30, 0x2e, 0x7a, 0x20, 0x3e, 0x20, 0x32, 0x2e, 0x35, 0x29, // lor_op0.z > 2.5)
	0x29, 0x20, 0x7b, 0x0a, 0x20, 0x20, 0x20, 0x20, 0x74, 0x6d, 0x70, 0x76, 0x61, 0x72, 0x5f, 0x32, // ) {.    tmpvar_2
	0x35, 0x20, 0x3d, 0x20, 0x32, 0x2e, 0x30, 0x3b, 0x0a, 0x20, 0x20, 0x7d, 0x20, 0x65, 0x6c, 0x73, // 5 = 2.0;.  } els
	0x65, 0x20, 0x7b, 0x0a, 0x20, 0x20, 0x20, 0x20, 0x74, 0x6d, 0x70, 0x76, 0x61, 0x72, 0x5f, 0x32, // e {.    tmpvar_2
	0x35, 0x20, 0x3d, 0x20, 0x31, 0x2e, 0x30, 0x3b, 0x0a, 0x20, 0x20, 0x7d, 0x3b, 0x0a, 0x20, 0x20, // 5 = 1.0;.  };.
	0x76, 0x65, 0x63, 0x33, 0x20, 0x74, 0x6d, 0x70, 0x76, 0x61, 0x72, 0x5f, 0x32, 0x36, 0x3b, 0x0a, // vec3 tmpvar_26;.
	0x20, 0x20, 0x74, 0x6d, 0x70, 0x76, 0x61, 0x72, 0x5f, 0x32, 0x36, 0x20, 0x3d, 0x20, 0x66, 0x6c, //   tmpvar_26 = fl
	0x6f, 0x6f, 0x72, 0x28, 0x28, 0x28, 0x74, 0x6d, 0x70, 0x76, 0x61, 0x72, 0x5f, 0x31, 0x38, 0x20, // oor(((tmpvar_18
	0x2a, 0x20, 0x32, 0x35, 0x35, 0x2e, 0x30, 0x29, 0x20, 0x2b, 0x20, 0x30, 0x2e, 0x35, 0x29, 0x29, // * 255.0) + 0.5))
	0x3b, 0x0a, 0x20, 0x20, 0x64, 0x69, 0x5f, 0x32, 0x33, 0x20, 0x3d, 0x20, 0x66, 0x6c, 0x6f, 0x6f, // ;.  di_23 = floo
	0x72, 0x28, 0x28, 0x28, 0x74, 0x6d, 0x70, 0x76, 0x61, 0x72, 0x5f, 0x31, 0x39, 0x20, 0x2a, 0x20, // r(((tmpvar_19 *
	0x32, 0x35, 0x35, 0x2e, 0x30, 0x29, 0x20, 0x2b, 0x20, 0x30, 0x2e, 0x35, 0x29, 0x29, 0x3b, 0x0a, // 255.0) + 0.5));.
	0x20, 0x20, 0x76, 0x65, 0x63, 0x33, 0x20, 0x74, 0x6d, 0x70, 0x76, 0x61, 0x72, 0x5f, 0x32, 0x37, //   vec3 tmpvar_27
	0x3b, 0x0a, 0x20, 0x20, 0x74, 0x6d, 0x70, 0x76, 0x61, 0x72, 0x5f, 0x32, 0x37, 0x20, 0x3d, 0x20, // ;.  tmpvar_27 =
	0x28, 0x74, 0x6d, 0x70, 0x76, 0x61, 0x72, 0x5f, 0x32, 0x36, 0x20, 0x2b, 0x20, 0x66, 0x6c, 0x6f, // (tmpvar_26 + flo
	0x6f, 0x72, 0x28, 0x28, 0x74, 0x6d, 0x70, 0x76, 0x61, 0x72, 0x5f, 0x32, 0x36, 0x20, 0x2f, 0x20, // or((tmpvar_26 /
	0x31, 0x32, 0x38, 0x2e, 0x30, 0x29, 0x29, 0x29, 0x3b, 0x0a, 0x20, 0x20, 0x74, 0x65, 0x6d, 0x70, // 128.0)));.  temp
	0x5f, 0x32, 0x32, 0x20, 0x3d, 0x20, 0x28, 0x28, 0x28, 0x0a, 0x20, 0x20, 0x20, 0x20, 0x66, 0x6c, // _22 = (((.    fl
	0x6f, 0x6f, 0x72, 0x28, 0x28, 0x28, 0x74, 0x6d, 0x70, 0x76, 0x61, 0x72, 0x5f, 0x31, 0x36, 0x20, // oor(((tmpvar_16
	0x2a, 0x20, 0x32, 0x35, 0x35, 0x2e, 0x30, 0x29, 0x20, 0x2b, 0x20, 0x30, 0x2e, 0x35, 0x29, 0x29, // * 255.0) + 0.5))
	0x0a, 0x20, 0x20, 0x20, 0x2a, 0x20, 0x0a, 0x20, 0x20, 0x20, 0x20, 0x28, 0x32, 0x35, 0x36, 0x2e, // .   * .    (256.
	0x30, 0x20, 0x2d, 0x20, 0x74, 0x6d, 0x70, 0x76, 0x61, 0x72, 0x5f, 0x32, 0x37, 0x29, 0x0a, 0x20, // 0 - tmpvar_27).
	0x20, 0x29, 0x20, 0x2b, 0x20, 0x28, 0x0a, 0x20, 0x20, 0x20, 0x20, 0x66, 0x6c, 0x6f, 0x6f, 0x72, //  ) + (.    floor
	0x28, 0x28, 0x28, 0x74, 0x6d, 0x70, 0x76, 0x61, 0x72, 0x5f, 0x31, 0x37, 0x20, 0x2a, 0x20, 0x32, // (((tmpvar_17 * 2
	0x35, 0x35, 0x2e, 0x30, 0x29, 0x20, 0x2b, 0x20, 0x30, 0x2e, 0x35, 0x29, 0x29, 0x0a, 0x20, 0x20, // 55.0) + 0.5)).
	0x20, 0x2a, 0x20, 0x74, 0x6d, 0x70, 0x76, 0x61, 0x72, 0x5f, 0x32, 0x37, 0x29, 0x29, 0x20, 0x2a, //  * tmpvar_27)) *
	0x20, 0x74, 0x6d, 0x70, 0x76, 0x61, 0x72, 0x5f, 0x32, 0x34, 0x29, 0x3b, 0x0a, 0x20, 0x20, 0x69, //  tmpvar_24);.  i
	0x66, 0x20, 0x28, 0x28, 0x75, 0x5f, 0x67, 0x78, 0x5f, 0x74, 0x65, 0x76, 0x5f, 0x63, 0x6f, 0x6c, // f ((u_gx_tev_col
	0x6f, 0x72, 0x5f, 0x6f, 0x70, 0x30, 0x2e, 0x7a, 0x20, 0x3c, 0x20, 0x32, 0x2e, 0x35, 0x29, 0x29, // or_op0.z < 2.5))
	0x20, 0x7b, 0x0a, 0x20, 0x20, 0x20, 0x20, 0x66, 0x6c, 0x6f, 0x61, 0x74, 0x20, 0x74, 0x6d, 0x70, //  {.    float tmp
	0x76, 0x61, 0x72, 0x5f, 0x32, 0x38, 0x3b, 0x0a, 0x20, 0x20, 0x20, 0x20, 0x69, 0x66, 0x20, 0x28, // var_28;.    if (
	0x28, 0x75, 0x5f, 0x67, 0x78, 0x5f, 0x74, 0x65, 0x76, 0x5f, 0x63, 0x6f, 0x6c, 0x6f, 0x72, 0x5f, // (u_gx_tev_color_
	0x6f, 0x70, 0x30, 0x2e, 0x78, 0x20, 0x3e, 0x20, 0x30, 0x2e, 0x35, 0x29, 0x29, 0x20, 0x7b, 0x0a, // op0.x > 0.5)) {.
	0x20, 0x20, 0x20, 0x20, 0x20, 0x20, 0x74, 0x6d, 0x70, 0x76, 0x61, 0x72, 0x5f, 0x32, 0x38, 0x20, //       tmpvar_28
	0x3d, 0x20, 0x31, 0x32, 0x37, 0x2e, 0x30, 0x3b, 0x0a, 0x20, 0x20, 0x20, 0x20, 0x7d, 0x20, 0x65, // = 127.0;.    } e
	0x6c, 0x73, 0x65, 0x20, 0x7b, 0x0a, 0x20, 0x20, 0x20, 0x20, 0x20, 0x20, 0x74, 0x6d, 0x70, 0x76, // lse {.      tmpv
	0x61, 0x72, 0x5f, 0x32, 0x38, 0x20, 0x3d, 0x20, 0x31, 0x32, 0x38, 0x2e, 0x30, 0x3b, 0x0a, 0x20, // ar_28 = 128.0;.
	0x20, 0x20, 0x20, 0x7d, 0x3b, 0x0a, 0x20, 0x20, 0x20, 0x20, 0x74, 0x65, 0x6d, 0x70, 0x5f, 0x32, //    };.    temp_2
	0x32, 0x20, 0x3d, 0x20, 0x28, 0x74, 0x65, 0x6d, 0x70, 0x5f, 0x32, 0x32, 0x20, 0x2b, 0x20, 0x74, // 2 = (temp_22 + t
	0x6d, 0x70, 0x76, 0x61, 0x72, 0x5f, 0x32, 0x38, 0x29, 0x3b, 0x0a, 0x20, 0x20, 0x7d, 0x3b, 0x0a, // mpvar_28);.  };.
	0x20, 0x20, 0x76, 0x65, 0x63, 0x33, 0x20, 0x74, 0x6d, 0x70, 0x76, 0x61, 0x72, 0x5f, 0x32, 0x39, //   vec3 tmpvar_29
	0x3b, 0x0a, 0x20, 0x20, 0x74, 0x6d, 0x70, 0x76, 0x61, 0x72, 0x5f, 0x32, 0x39, 0x20, 0x3d, 0x20, // ;.  tmpvar_29 =
	0x66, 0x6c, 0x6f, 0x6f, 0x72, 0x28, 0x28, 0x74, 0x65, 0x6d, 0x70, 0x5f, 0x32, 0x32, 0x20, 0x2f, // floor((temp_22 /
	0x20, 0x32, 0x35, 0x36, 0x2e, 0x30, 0x29, 0x29, 0x3b, 0x0a, 0x20, 0x20, 0x74, 0x65, 0x6d, 0x70, //  256.0));.  temp
	0x5f, 0x32, 0x32, 0x20, 0x3d, 0x20, 0x74, 0x6d, 0x70, 0x76, 0x61, 0x72, 0x5f, 0x32, 0x39, 0x3b, // _22 = tmpvar_29;
	0x0a, 0x20, 0x20, 0x69, 0x66, 0x20, 0x28, 0x28, 0x75, 0x5f, 0x67, 0x78, 0x5f, 0x74, 0x65, 0x76, // .  if ((u_gx_tev
	0x5f, 0x63, 0x6f, 0x6c, 0x6f, 0x72, 0x5f, 0x6f, 0x70, 0x30, 0x2e, 0x78, 0x20, 0x3e, 0x20, 0x30, // _color_op0.x > 0
	0x2e, 0x35, 0x29, 0x29, 0x20, 0x7b, 0x0a, 0x20, 0x20, 0x20, 0x20, 0x74, 0x65, 0x6d, 0x70, 0x5f, // .5)) {.    temp_
	0x32, 0x32, 0x20, 0x3d, 0x20, 0x2d, 0x28, 0x74, 0x6d, 0x70, 0x76, 0x61, 0x72, 0x5f, 0x32, 0x39, // 22 = -(tmpvar_29
	0x29, 0x3b, 0x0a, 0x20, 0x20, 0x7d, 0x3b, 0x0a, 0x20, 0x20, 0x66, 0x6c, 0x6f, 0x61, 0x74, 0x20, // );.  };.  float
	0x74, 0x6d, 0x70, 0x76, 0x61, 0x72, 0x5f, 0x33, 0x30, 0x3b, 0x0a, 0x20, 0x20, 0x69, 0x66, 0x20, // tmpvar_30;.  if
	0x28, 0x28, 0x75, 0x5f, 0x67, 0x78, 0x5f, 0x74, 0x65, 0x76, 0x5f, 0x63, 0x6f, 0x6c, 0x6f, 0x72, // ((u_gx_tev_color
	0x5f, 0x6f, 0x70, 0x30, 0x2e, 0x79, 0x20, 0x3c, 0x20, 0x30, 0x2e, 0x35, 0x29, 0x29, 0x20, 0x7b, // _op0.y < 0.5)) {
	0x0a, 0x20, 0x20, 0x20, 0x20, 0x74, 0x6d, 0x70, 0x76, 0x61, 0x72, 0x5f, 0x33, 0x30, 0x20, 0x3d, // .    tmpvar_30 =
	0x20, 0x30, 0x2e, 0x30, 0x3b, 0x0a, 0x20, 0x20, 0x7d, 0x20, 0x65, 0x6c, 0x73, 0x65, 0x20, 0x7b, //  0.0;.  } else {
	0x0a, 0x20, 0x20, 0x20, 0x20, 0x69, 0x66, 0x20, 0x28, 0x28, 0x75, 0x5f, 0x67, 0x78, 0x5f, 0x74, // .    if ((u_gx_t
	0x65, 0x76, 0x5f, 0x63, 0x6f, 0x6c, 0x6f, 0x72, 0x5f, 0x6f, 0x70, 0x30, 0x2e, 0x79, 0x20, 0x3c, // ev_color_op0.y <
	0x20, 0x31, 0x2e, 0x35, 0x29, 0x29, 0x20, 0x7b, 0x0a, 0x20, 0x20, 0x20, 0x20, 0x20, 0x20, 0x74, //  1.5)) {.      t
	0x6d, 0x70, 0x76, 0x61, 0x72, 0x5f, 0x33, 0x30, 0x20, 0x3d, 0x20, 0x31, 0x32, 0x38, 0x2e, 0x30, // mpvar_30 = 128.0
	0x3b, 0x0a, 0x20, 0x20, 0x20, 0x20, 0x7d, 0x20, 0x65, 0x6c, 0x73, 0x65, 0x20, 0x7b, 0x0a, 0x20, // ;.    } else {.
	0x20, 0x20, 0x20, 0x20, 0x20, 0x69, 0x66, 0x20, 0x28, 0x28, 0x75, 0x5f, 0x67, 0x78, 0x5f, 0x74, //      if ((u_gx_t
	0x65, 0x76, 0x5f, 0x63, 0x6f, 0x6c, 0x6f, 0x72, 0x5f, 0x6f, 0x70, 0x30, 0x2e, 0x79, 0x20, 0x3c, // ev_color_op0.y <
	0x20, 0x32, 0x2e, 0x35, 0x29, 0x29, 0x20, 0x7b, 0x0a, 0x20, 0x20, 0x20, 0x20, 0x20, 0x20, 0x20, //  2.5)) {.
	0x20, 0x74, 0x6d, 0x70, 0x76, 0x61, 0x72, 0x5f, 0x33, 0x30, 0x20, 0x3d, 0x20, 0x2d, 0x31, 0x32, //  tmpvar_30 = -12
	0x38, 0x2e, 0x30, 0x3b, 0x0a, 0x20, 0x20, 0x20, 0x20, 0x20, 0x20, 0x7d, 0x20, 0x65, 0x6c, 0x73, // 8.0;.      } els
	0x65, 0x20, 0x7b, 0x0a, 0x20, 0x20, 0x20, 0x20, 0x20, 0x20, 0x20, 0x20, 0x74, 0x6d, 0x70, 0x76, // e {.        tmpv
	0x61, 0x72, 0x5f, 0x33, 0x30, 0x20, 0x3d, 0x20, 0x30, 0x2e, 0x30, 0x3b, 0x0a, 0x20, 0x20, 0x20, // ar_30 = 0.0;.
	0x20, 0x20, 0x20, 0x7d, 0x3b, 0x0a, 0x20, 0x20, 0x20, 0x20, 0x7d, 0x3b, 0x0a, 0x20, 0x20, 0x7d, //    };.    };.  }
	0x3b, 0x0a, 0x20, 0x20, 0x76, 0x65, 0x63, 0x33, 0x20, 0x74, 0x6d, 0x70, 0x76, 0x61, 0x72, 0x5f, // ;.  vec3 tmpvar_
	0x33, 0x31, 0x3b, 0x0a, 0x20, 0x20, 0x74, 0x6d, 0x70, 0x76, 0x61, 0x72, 0x5f, 0x33, 0x31, 0x20, // 31;.  tmpvar_31
	0x3d, 0x20, 0x28, 0x28, 0x28, 0x0a, 0x20, 0x20, 0x20, 0x20, 0x28, 0x64, 0x69, 0x5f, 0x32, 0x33, // = (((.    (di_23
	0x20, 0x2b, 0x20, 0x74, 0x6d, 0x70, 0x76, 0x61, 0x72, 0x5f, 0x33, 0x30, 0x29, 0x0a, 0x20, 0x20, //  + tmpvar_30).
	0x20, 0x2a, 0x20, 0x74, 0x6d, 0x70, 0x76, 0x61, 0x72, 0x5f, 0x32, 0x34, 0x29, 0x20, 0x2b, 0x20, //  * tmpvar_24) +
	0x74, 0x65, 0x6d, 0x70, 0x5f, 0x32, 0x32, 0x29, 0x20, 0x2f, 0x20, 0x74, 0x6d, 0x70, 0x76, 0x61, // temp_22) / tmpva
	0x72, 0x5f, 0x32, 0x35, 0x29, 0x3b, 0x0a, 0x20, 0x20, 0x72, 0x65, 0x73, 0x75, 0x6c, 0x74, 0x5f, // r_25);.  result_
	0x32, 0x31, 0x20, 0x3d, 0x20, 0x74, 0x6d, 0x70, 0x76, 0x61, 0x72, 0x5f, 0x33, 0x31, 0x3b, 0x0a, // 21 = tmpvar_31;.
	0x20, 0x20, 0x69, 0x66, 0x20, 0x28, 0x28, 0x75, 0x5f, 0x67, 0x78, 0x5f, 0x74, 0x65, 0x76, 0x5f, //   if ((u_gx_tev_
	0x63, 0x6f, 0x6c, 0x6f, 0x72, 0x5f, 0x6f, 0x70, 0x30, 0x2e, 0x77, 0x20, 0x3e, 0x20, 0x30, 0x2e, // color_op0.w > 0.
	0x35, 0x29, 0x29, 0x20, 0x7b, 0x0a, 0x20, 0x20, 0x20, 0x20, 0x72, 0x65, 0x73, 0x75, 0x6c, 0x74, // 5)) {.    result
	0x5f, 0x32, 0x31, 0x20, 0x3d, 0x20, 0x63, 0x6c, 0x61, 0x6d, 0x70, 0x20, 0x28, 0x74, 0x6d, 0x70, // _21 = clamp (tmp
	0x76, 0x61, 0x72, 0x5f, 0x33, 0x31, 0x2c, 0x20, 0x30, 0x2e, 0x30, 0x2c, 0x20, 0x32, 0x35, 0x35, // var_31, 0.0, 255
	0x2e, 0x30, 0x29, 0x3b, 0x0a, 0x20, 0x20, 0x7d, 0x20, 0x65, 0x6c, 0x73, 0x65, 0x20, 0x7b, 0x0a, // .0);.  } else {.
	0x20, 0x20, 0x20, 0x20, 0x72, 0x65, 0x73, 0x75, 0x6c, 0x74, 0x5f, 0x32, 0x31, 0x20, 0x3d, 0x20, //     result_21 =
	0x63, 0x6c, 0x61, 0x6d, 0x70, 0x20, 0x28, 0x72, 0x65, 0x73, 0x75, 0x6c, 0x74, 0x5f, 0x32, 0x31, // clamp (result_21
	0x2c, 0x20, 0x2d, 0x31, 0x30, 0x32, 0x34, 0x2e, 0x30, 0x2c, 0x20, 0x31, 0x30, 0x32, 0x33, 0x2e, // , -1024.0, 1023.
	0x30, 0x29, 0x3b, 0x0a, 0x20, 0x20, 0x7d, 0x3b, 0x0a, 0x20, 0x20, 0x74, 0x6d, 0x70, 0x76, 0x61, // 0);.  };.  tmpva
	0x72, 0x5f, 0x32, 0x30, 0x20, 0x3d, 0x20, 0x28, 0x72, 0x65, 0x73, 0x75, 0x6c, 0x74, 0x5f, 0x32, // r_20 = (result_2
	0x31, 0x20, 0x2f, 0x20, 0x32, 0x35, 0x35, 0x2e, 0x30, 0x29, 0x3b, 0x0a, 0x20, 0x20, 0x76, 0x65, // 1 / 255.0);.  ve
	0x63, 0x34, 0x20, 0x72, 0x65, 0x67, 0x30, 0x5f, 0x33, 0x32, 0x3b, 0x0a, 0x20, 0x20, 0x72, 0x65, // c4 reg0_32;.  re
	0x67, 0x30, 0x5f, 0x33, 0x32, 0x20, 0x3d, 0x20, 0x75, 0x5f, 0x67, 0x78, 0x5f, 0x74, 0x65, 0x76, // g0_32 = u_gx_tev
	0x5f, 0x72, 0x65, 0x67, 0x30, 0x3b, 0x0a, 0x20, 0x20, 0x76, 0x65, 0x63, 0x34, 0x20, 0x72, 0x65, // _reg0;.  vec4 re
	0x67, 0x31, 0x5f, 0x33, 0x33, 0x3b, 0x0a, 0x20, 0x20, 0x72, 0x65, 0x67, 0x31, 0x5f, 0x33, 0x33, // g1_33;.  reg1_33
	0x20, 0x3d, 0x20, 0x75, 0x5f, 0x67, 0x78, 0x5f, 0x74, 0x65, 0x76, 0x5f, 0x72, 0x65, 0x67, 0x31, //  = u_gx_tev_reg1
	0x3b, 0x0a, 0x20, 0x20, 0x76, 0x65, 0x63, 0x34, 0x20, 0x72, 0x65, 0x67, 0x32, 0x5f, 0x33, 0x34, // ;.  vec4 reg2_34
	0x3b, 0x0a, 0x20, 0x20, 0x72, 0x65, 0x67, 0x32, 0x5f, 0x33, 0x34, 0x20, 0x3d, 0x20, 0x75, 0x5f, // ;.  reg2_34 = u_
	0x67, 0x78, 0x5f, 0x74, 0x65, 0x76, 0x5f, 0x72, 0x65, 0x67, 0x32, 0x3b, 0x0a, 0x20, 0x20, 0x76, // gx_tev_reg2;.  v
	0x65, 0x63, 0x34, 0x20, 0x72, 0x65, 0x67, 0x33, 0x5f, 0x33, 0x35, 0x3b, 0x0a, 0x20, 0x20, 0x72, // ec4 reg3_35;.  r
	0x65, 0x67, 0x33, 0x5f, 0x33, 0x35, 0x20, 0x3d, 0x20, 0x75, 0x5f, 0x67, 0x78, 0x5f, 0x74, 0x65, // eg3_35 = u_gx_te
	0x76, 0x5f, 0x72, 0x65, 0x67, 0x33, 0x3b, 0x0a, 0x20, 0x20, 0x69, 0x66, 0x20, 0x28, 0x28, 0x75, // v_reg3;.  if ((u
	0x5f, 0x67, 0x78, 0x5f, 0x74, 0x65, 0x76, 0x5f, 0x6f, 0x75, 0x74, 0x30, 0x2e, 0x78, 0x20, 0x3c, // _gx_tev_out0.x <
	0x20, 0x30, 0x2e, 0x35, 0x29, 0x29, 0x20, 0x7b, 0x0a, 0x20, 0x20, 0x20, 0x20, 0x72, 0x65, 0x67, //  0.5)) {.    reg
	0x30, 0x5f, 0x33, 0x32, 0x2e, 0x78, 0x79, 0x7a, 0x20, 0x3d, 0x20, 0x74, 0x6d, 0x70, 0x76, 0x61, // 0_32.xyz = tmpva
	0x72, 0x5f, 0x32, 0x30, 0x3b, 0x0a, 0x20, 0x20, 0x7d, 0x20, 0x65, 0x6c, 0x73, 0x65, 0x20, 0x7b, // r_20;.  } else {
	0x0a, 0x20, 0x20, 0x20, 0x20, 0x69, 0x66, 0x20, 0x28, 0x28, 0x75, 0x5f, 0x67, 0x78, 0x5f, 0x74, // .    if ((u_gx_t
	0x65, 0x76, 0x5f, 0x6f, 0x75, 0x74, 0x30, 0x2e, 0x78, 0x20, 0x3c, 0x20, 0x31, 0x2e, 0x35, 0x29, // ev_out0.x < 1.5)
	0x29, 0x20, 0x7b, 0x0a, 0x20, 0x20, 0x20, 0x20, 0x20, 0x20, 0x72, 0x65, 0x67, 0x31, 0x5f, 0x33, // ) {.      reg1_3
	0x33, 0x2e, 0x78, 0x79, 0x7a, 0x20, 0x3d, 0x20, 0x74, 0x6d, 0x70, 0x76, 0x61, 0x72, 0x5f, 0x32, // 3.xyz = tmpvar_2
	0x30, 0x3b, 0x0a, 0x20, 0x20, 0x20, 0x20, 0x7d, 0x20, 0x65, 0x6c, 0x73, 0x65, 0x20, 0x7b, 0x0a, // 0;.    } else {.
	0x20, 0x20, 0x20, 0x20, 0x20, 0x20, 0x69, 0x66, 0x20, 0x28, 0x28, 0x75, 0x5f, 0x67, 0x78, 0x5f, //       if ((u_gx_
	0x74, 0x65, 0x76, 0x5f, 0x6f, 0x75, 0x74, 0x30, 0x2e, 0x78, 0x20, 0x3c, 0x20, 0x32, 0x2e, 0x35, // tev_out0.x < 2.5
	0x29, 0x29, 0x20, 0x7b, 0x0a, 0x20, 0x20, 0x20, 0x20, 0x20, 0x20, 0x20, 0x20, 0x72, 0x65, 0x67, // )) {.        reg
	0x32, 0x5f, 0x33, 0x34, 0x2e, 0x78, 0x79, 0x7a, 0x20, 0x3d, 0x20, 0x74, 0x6d, 0x70, 0x76, 0x61, // 2_34.xyz = tmpva
	0x72, 0x5f, 0x32, 0x30, 0x3b, 0x0a, 0x20, 0x20, 0x20, 0x20, 0x20, 0x20, 0x7d, 0x20, 0x65, 0x6c, // r_20;.      } el
	0x73, 0x65, 0x20, 0x7b, 0x0a, 0x20, 0x20, 0x20, 0x20, 0x20, 0x20, 0x20, 0x20, 0x72, 0x65, 0x67, // se {.        reg
	0x33, 0x5f, 0x33, 0x35, 0x2e, 0x78, 0x79, 0x7a, 0x20, 0x3d, 0x20, 0x74, 0x6d, 0x70, 0x76, 0x61, // 3_35.xyz = tmpva
	0x72, 0x5f, 0x32, 0x30, 0x3b, 0x0a, 0x20, 0x20, 0x20, 0x20, 0x20, 0x20, 0x7d, 0x3b, 0x0a, 0x20, // r_20;.      };.
	0x20, 0x20, 0x20, 0x7d, 0x3b, 0x0a, 0x20, 0x20, 0x7d, 0x3b, 0x0a, 0x20, 0x20, 0x66, 0x6c, 0x6f, //    };.  };.  flo
	0x61, 0x74, 0x20, 0x74, 0x6d, 0x70, 0x76, 0x61, 0x72, 0x5f, 0x33, 0x36, 0x3b, 0x0a, 0x20, 0x20, // at tmpvar_36;.
	0x69, 0x66, 0x20, 0x28, 0x28, 0x75, 0x5f, 0x67, 0x78, 0x5f, 0x74, 0x65, 0x76, 0x5f, 0x61, 0x6c, // if ((u_gx_tev_al
	0x70, 0x68, 0x61, 0x5f, 0x69, 0x6e, 0x30, 0x2e, 0x78, 0x20, 0x3c, 0x20, 0x30, 0x2e, 0x35, 0x29, // pha_in0.x < 0.5)
	0x29, 0x20, 0x7b, 0x0a, 0x20, 0x20, 0x20, 0x20, 0x74, 0x6d, 0x70, 0x76, 0x61, 0x72, 0x5f, 0x33, // ) {.    tmpvar_3
	0x36, 0x20, 0x3d, 0x20, 0x72, 0x65, 0x67, 0x30, 0x5f, 0x33, 0x32, 0x2e, 0x77, 0x3b, 0x0a, 0x20, // 6 = reg0_32.w;.
	0x20, 0x7d, 0x20, 0x65, 0x6c, 0x73, 0x65, 0x20, 0x7b, 0x0a, 0x20, 0x20, 0x20, 0x20, 0x69, 0x66, //  } else {.    if
	0x20, 0x28, 0x28, 0x75, 0x5f, 0x67, 0x78, 0x5f, 0x74, 0x65, 0x76, 0x5f, 0x61, 0x6c, 0x70, 0x68, //  ((u_gx_tev_alph
	0x61, 0x5f, 0x69, 0x6e, 0x30, 0x2e, 0x78, 0x20, 0x3c, 0x20, 0x31, 0x2e, 0x35, 0x29, 0x29, 0x20, // a_in0.x < 1.5))
	0x7b, 0x0a, 0x20, 0x20, 0x20, 0x20, 0x20, 0x20, 0x74, 0x6d, 0x70, 0x76, 0x61, 0x72, 0x5f, 0x33, // {.      tmpvar_3
	0x36, 0x20, 0x3d, 0x20, 0x72, 0x65, 0x67, 0x31, 0x5f, 0x33, 0x33, 0x2e, 0x77, 0x3b, 0x0a, 0x20, // 6 = reg1_33.w;.
	0x20, 0x20, 0x20, 0x7d, 0x20, 0x65, 0x6c, 0x73, 0x65, 0x20, 0x7b, 0x0a, 0x20, 0x20, 0x20, 0x20, //    } else {.
	0x20, 0x20, 0x69, 0x66, 0x20, 0x28, 0x28, 0x75, 0x5f, 0x67, 0x78, 0x5f, 0x74, 0x65, 0x76, 0x5f, //   if ((u_gx_tev_
	0x61, 0x6c, 0x70, 0x68, 0x61, 0x5f, 0x69, 0x6e, 0x30, 0x2e, 0x78, 0x20, 0x3c, 0x20, 0x32, 0x2e, // alpha_in0.x < 2.
	0x35, 0x29, 0x29, 0x20, 0x7b, 0x0a, 0x20, 0x20, 0x20, 0x20, 0x20, 0x20, 0x20, 0x20, 0x74, 0x6d, // 5)) {.        tm
	0x70, 0x76, 0x61, 0x72, 0x5f, 0x33, 0x36, 0x20, 0x3d, 0x20, 0x72, 0x65, 0x67, 0x32, 0x5f, 0x33, // pvar_36 = reg2_3
	0x34, 0x2e, 0x77, 0x3b, 0x0a, 0x20, 0x20, 0x20, 0x20, 0x20, 0x20, 0x7d, 0x20, 0x65, 0x6c, 0x73, // 4.w;.      } els
	0x65, 0x20, 0x7b, 0x0a, 0x20, 0x20, 0x20, 0x20, 0x20, 0x20, 0x20, 0x20, 0x69, 0x66, 0x20, 0x28, // e {.        if (
	0x28, 0x75, 0x5f, 0x67, 0x78, 0x5f, 0x74, 0x65, 0x76, 0x5f, 0x61, 0x6c, 0x70, 0x68, 0x61, 0x5f, // (u_gx_tev_alpha_
	0x69, 0x6e, 0x30, 0x2e, 0x78, 0x20, 0x3c, 0x20, 0x33, 0x2e, 0x35, 0x29, 0x29, 0x20, 0x7b, 0x0a, // in0.x < 3.5)) {.
	0x20, 0x20, 0x20, 0x20, 0x20, 0x20, 0x20, 0x20, 0x20, 0x20, 0x74, 0x6d, 0x70, 0x76, 0x61, 0x72, //           tmpvar
	0x5f, 0x33, 0x36, 0x20, 0x3d, 0x20, 0x72, 0x65, 0x67, 0x33, 0x5f, 0x33, 0x35, 0x2e, 0x77, 0x3b, // _36 = reg3_35.w;
	0x0a, 0x20, 0x20, 0x20, 0x20, 0x20, 0x20, 0x20, 0x20, 0x7d, 0x20, 0x65, 0x6c, 0x73, 0x65, 0x20, // .        } else
	0x7b, 0x0a, 0x20, 0x20, 0x20, 0x20, 0x20, 0x20, 0x20, 0x20, 0x20, 0x20, 0x69, 0x66, 0x20, 0x28, // {.          if (
	0x28, 0x75, 0x5f, 0x67, 0x78, 0x5f, 0x74, 0x65, 0x76, 0x5f, 0x61, 0x6c, 0x70, 0x68, 0x61, 0x5f, // (u_gx_tev_alpha_
	0x69, 0x6e, 0x30, 0x2e, 0x78, 0x20, 0x3c, 0x20, 0x34, 0x2e, 0x35, 0x29, 0x29, 0x20, 0x7b, 0x0a, // in0.x < 4.5)) {.
	0x20, 0x20, 0x20, 0x20, 0x20, 0x20, 0x20, 0x20, 0x20, 0x20, 0x20, 0x20, 0x74, 0x6d, 0x70, 0x76, //             tmpv
	0x61, 0x72, 0x5f, 0x33, 0x36, 0x20, 0x3d, 0x20, 0x74, 0x6d, 0x70, 0x76, 0x61, 0x72, 0x5f, 0x31, // ar_36 = tmpvar_1
	0x35, 0x2e, 0x77, 0x3b, 0x0a, 0x20, 0x20, 0x20, 0x20, 0x20, 0x20, 0x20, 0x20, 0x20, 0x20, 0x7d, // 5.w;.          }
	0x20, 0x65, 0x6c, 0x73, 0x65, 0x20, 0x7b, 0x0a, 0x20, 0x20, 0x20, 0x20, 0x20, 0x20, 0x20, 0x20, //  else {.
	0x20, 0x20, 0x20, 0x20, 0x69, 0x66, 0x20, 0x28, 0x28, 0x75, 0x5f, 0x67, 0x78, 0x5f, 0x74, 0x65, //     if ((u_gx_te
	0x76, 0x5f, 0x61, 0x6c, 0x70, 0x68, 0x61, 0x5f, 0x69, 0x6e, 0x30, 0x2e, 0x78, 0x20, 0x3c, 0x20, // v_alpha_in0.x <
	0x35, 0x2e, 0x35, 0x29, 0x29, 0x20, 0x7b, 0x0a, 0x20, 0x20, 0x20, 0x20, 0x20, 0x20, 0x20, 0x20, // 5.5)) {.
	0x20, 0x20, 0x20, 0x20, 0x20, 0x20, 0x74, 0x6d, 0x70, 0x76, 0x61, 0x72, 0x5f, 0x33, 0x36, 0x20, //       tmpvar_36
	0x3d, 0x20, 0x76, 0x5f, 0x63, 0x6f, 0x6c, 0x6f, 0x72, 0x30, 0x2e, 0x77, 0x3b, 0x0a, 0x20, 0x20, // = v_color0.w;.
	0x20, 0x20, 0x20, 0x20, 0x20, 0x20, 0x20, 0x20, 0x20, 0x20, 0x7d, 0x20, 0x65, 0x6c, 0x73, 0x65, //           } else
	0x20, 0x7b, 0x0a, 0x20, 0x20, 0x20, 0x20, 0x20, 0x20, 0x20, 0x20, 0x20, 0x20, 0x20, 0x20, 0x20, //  {.
	0x20, 0x69, 0x66, 0x20, 0x28, 0x28, 0x75, 0x5f, 0x67, 0x78, 0x5f, 0x74, 0x65, 0x76, 0x5f, 0x61, //  if ((u_gx_tev_a
	0x6c, 0x70, 0x68, 0x61, 0x5f, 0x69, 0x6e, 0x30, 0x2e, 0x78, 0x20, 0x3c, 0x20, 0x36, 0x2e, 0x35, // lpha_in0.x < 6.5
	0x29, 0x29, 0x20, 0x7b, 0x0a, 0x20, 0x20, 0x20, 0x20, 0x20, 0x20, 0x20, 0x20, 0x20, 0x20, 0x20, // )) {.
	0x20, 0x20, 0x20, 0x20, 0x20, 0x74, 0x6d, 0x70, 0x76, 0x61, 0x72, 0x5f, 0x33, 0x36, 0x20, 0x3d, //      tmpvar_36 =
	0x20, 0x75, 0x5f, 0x67, 0x78, 0x5f, 0x74, 0x65, 0x76, 0x5f, 0x6b, 0x6f, 0x6e, 0x73, 0x74, 0x30, //  u_gx_tev_konst0
	0x2e, 0x77, 0x3b, 0x0a, 0x20, 0x20, 0x20, 0x20, 0x20, 0x20, 0x20, 0x20, 0x20, 0x20, 0x20, 0x20, // .w;.
	0x20, 0x20, 0x7d, 0x20, 0x65, 0x6c, 0x73, 0x65, 0x20, 0x7b, 0x0a, 0x20, 0x20, 0x20, 0x20, 0x20, //   } else {.
	0x20, 0x20, 0x20, 0x20, 0x20, 0x20, 0x20, 0x20, 0x20, 0x20, 0x20, 0x74, 0x6d, 0x70, 0x76, 0x61, //            tmpva
	0x72, 0x5f, 0x33, 0x36, 0x20, 0x3d, 0x20, 0x30, 0x2e, 0x30, 0x3b, 0x0a, 0x20, 0x20, 0x20, 0x20, // r_36 = 0.0;.
	0x20, 0x20, 0x20, 0x20, 0x20, 0x20, 0x20, 0x20, 0x20, 0x20, 0x7d, 0x3b, 0x0a, 0x20, 0x20, 0x20, //           };.
	0x20, 0x20, 0x20, 0x20, 0x20, 0x20, 0x20, 0x20, 0x20, 0x7d, 0x3b, 0x0a, 0x20, 0x20, 0x20, 0x20, //          };.
	0x20, 0x20, 0x20, 0x20, 0x20, 0x20, 0x7d, 0x3b, 0x0a, 0x20, 0x20, 0x20, 0x20, 0x20, 0x20, 0x20, //       };.
	0x20, 0x7d, 0x3b, 0x0a, 0x20, 0x20, 0x20, 0x20, 0x20, 0x20, 0x7d, 0x3b, 0x0a, 0x20, 0x20, 0x20, //  };.      };.
	0x20, 0x7d, 0x3b, 0x0a, 0x20, 0x20, 0x7d, 0x3b, 0x0a, 0x20, 0x20, 0x66, 0x6c, 0x6f, 0x61, 0x74, //  };.  };.  float
	0x20, 0x74, 0x6d, 0x70, 0x76, 0x61, 0x72, 0x5f, 0x33, 0x37, 0x3b, 0x0a, 0x20, 0x20, 0x69, 0x66, //  tmpvar_37;.  if
	0x20, 0x28, 0x28, 0x75, 0x5f, 0x67, 0x78, 0x5f, 0x74, 0x65, 0x76, 0x5f, 0x61, 0x6c, 0x70, 0x68, //  ((u_gx_tev_alph
	0x61, 0x5f, 0x69, 0x6e, 0x30, 0x2e, 0x79, 0x20, 0x3c, 0x20, 0x30, 0x2e, 0x35, 0x29, 0x29, 0x20, // a_in0.y < 0.5))
	0x7b, 0x0a, 0x20, 0x20, 0x20, 0x20, 0x74, 0x6d, 0x70, 0x76, 0x61, 0x72, 0x5f, 0x33, 0x37, 0x20, // {.    tmpvar_37
	0x3d, 0x20, 0x72, 0x65, 0x67, 0x30, 0x5f, 0x33, 0x32, 0x2e, 0x77, 0x3b, 0x0a, 0x20, 0x20, 0x7d, // = reg0_32.w;.  }
	0x20, 0x65, 0x6c, 0x73, 0x65, 0x20, 0x7b, 0x0a, 0x20, 0x20, 0x20, 0x20, 0x69, 0x66, 0x20, 0x28, //  else {.    if (
	0x28, 0x75, 0x5f, 0x67, 0x78, 0x5f, 0x74, 0x65, 0x76, 0x5f, 0x61, 0x6c, 0x70, 0x68, 0x61, 0x5f, // (u_gx_tev_alpha_
	0x69, 0x6e, 0x30, 0x2e, 0x79, 0x20, 0x3c, 0x20, 0x31, 0x2e, 0x35, 0x29, 0x29, 0x20, 0x7b, 0x0a, // in0.y < 1.5)) {.
	0x20, 0x20, 0x20, 0x20, 0x20, 0x20, 0x74, 0x6d, 0x70, 0x76, 0x61, 0x72, 0x5f, 0x33, 0x37, 0x20, //       tmpvar_37
	0x3d, 0x20, 0x72, 0x65, 0x67, 0x31, 0x5f, 0x33, 0x33, 0x2e, 0x77, 0x3b, 0x0a, 0x20, 0x20, 0x20, // = reg1_33.w;.
	0x20, 0x7d, 0x20, 0x65, 0x6c, 0x73, 0x65, 0x20, 0x7b, 0x0a, 0x20, 0x20, 0x20, 0x20, 0x20, 0x20, //  } else {.
	0x69, 0x66, 0x20, 0x28, 0x28, 0x75, 0x5f, 0x67, 0x78, 0x5f, 0x74, 0x65, 0x76, 0x5f, 0x61, 0x6c, // if ((u_gx_tev_al
	0x70, 0x68, 0x61, 0x5f, 0x69, 0x6e, 0x30, 0x2e, 0x79, 0x20, 0x3c, 0x20, 0x32, 0x2e, 0x35, 0x29, // pha_in0.y < 2.5)
	0x29, 0x20, 0x7b, 0x0a, 0x20, 0x20, 0x20, 0x20, 0x20, 0x20, 0x20, 0x20, 0x74, 0x6d, 0x70, 0x76, // ) {.        tmpv
	0x61, 0x72, 0x5f, 0x33, 0x37, 0x20, 0x3d, 0x20, 0x72, 0x65, 0x67, 0x32, 0x5f, 0x33, 0x34, 0x2e, // ar_37 = reg2_34.
	0x77, 0x3b, 0x0a, 0x20, 0x20, 0x20, 0x20, 0x20, 0x20, 0x7d, 0x20, 0x65, 0x6c, 0x73, 0x65, 0x20, // w;.      } else
	0x7b, 0x0a, 0x20, 0x20, 0x20, 0x20, 0x20, 0x20, 0x20, 0x20, 0x69, 0x66, 0x20, 0x28, 0x28, 0x75, // {.        if ((u
	0x5f, 0x67, 0x78, 0x5f, 0x74, 0x65, 0x76, 0x5f, 0x61, 0x6c, 0x70, 0x68, 0x61, 0x5f, 0x69, 0x6e, // _gx_tev_alpha_in
	0x30, 0x2e, 0x79, 0x20, 0x3c, 0x20, 0x33, 0x2e, 0x35, 0x29, 0x29, 0x20, 0x7b, 0x0a, 0x20, 0x20, // 0.y < 3.5)) {.
	0x20, 0x20, 0x20, 0x20, 0x20, 0x20, 0x20, 0x20, 0x74, 0x6d, 0x70, 0x76, 0x61, 0x72, 0x5f, 0x33, //         tmpvar_3
	0x37, 0x20, 0x3d, 0x20, 0x72, 0x65, 0x67, 0x33, 0x5f, 0x33, 0x35, 0x2e, 0x77, 0x3b, 0x0a, 0x20, // 7 = reg3_35.w;.
	0x20, 0x20, 0x20, 0x20, 0x20, 0x20, 0x20, 0x7d, 0x20, 0x65, 0x6c, 0x73, 0x65, 0x20, 0x7b, 0x0a, //        } else {.
	0x20, 0x20, 0x20, 0x20, 0x20, 0x20, 0x20, 0x20, 0x20, 0x20, 0x69, 0x66, 0x20, 0x28, 0x28, 0x75, //           if ((u
	0x5f, 0x67, 0x78, 0x5f, 0x74, 0x65, 0x76, 0x5f, 0x61, 0x6c, 0x70, 0x68, 0x61, 0x5f, 0x69, 0x6e, // _gx_tev_alpha_in
	0x30, 0x2e, 0x79, 0x20, 0x3c, 0x20, 0x34, 0x2e, 0x35, 0x29, 0x29, 0x20, 0x7b, 0x0a, 0x20, 0x20, // 0.y < 4.5)) {.
	0x20, 0x20, 0x20, 0x20, 0x20, 0x20, 0x20, 0x20, 0x20, 0x20, 0x74, 0x6d, 0x70, 0x76, 0x61, 0x72, //           tmpvar
	0x5f, 0x33, 0x37, 0x20, 0x3d, 0x20, 0x74, 0x6d, 0x70, 0x76, 0x61, 0x72, 0x5f, 0x31, 0x35, 0x2e, // _37 = tmpvar_15.
	0x77, 0x3b, 0x0a, 0x20, 0x20, 0x20, 0x20, 0x20, 0x20, 0x20, 0x20, 0x20, 0x20, 0x7d, 0x20, 0x65, // w;.          } e
	0x6c, 0x73, 0x65, 0x20, 0x7b, 0x0a, 0x20, 0x20, 0x20, 0x20, 0x20, 0x20, 0x20, 0x20, 0x20, 0x20, // lse {.
	0x20, 0x20, 0x69, 0x66, 0x20, 0x28, 0x28, 0x75, 0x5f, 0x67, 0x78, 0x5f, 0x74, 0x65, 0x76, 0x5f, //   if ((u_gx_tev_
	0x61, 0x6c, 0x70, 0x68, 0x61, 0x5f, 0x69, 0x6e, 0x30, 0x2e, 0x79, 0x20, 0x3c, 0x20, 0x35, 0x2e, // alpha_in0.y < 5.
	0x35, 0x29, 0x29, 0x20, 0x7b, 0x0a, 0x20, 0x20, 0x20, 0x20, 0x20, 0x20, 0x20, 0x20, 0x20, 0x20, // 5)) {.
	0x20, 0x20, 0x20, 0x20, 0x74, 0x6d, 0x70, 0x76, 0x61, 0x72, 0x5f, 0x33, 0x37, 0x20, 0x3d, 0x20, //     tmpvar_37 =
	0x76, 0x5f, 0x63, 0x6f, 0x6c, 0x6f, 0x72, 0x30, 0x2e, 0x77, 0x3b, 0x0a, 0x20, 0x20, 0x20, 0x20, // v_color0.w;.
	0x20, 0x20, 0x20, 0x20, 0x20, 0x20, 0x20, 0x20, 0x7d, 0x20, 0x65, 0x6c, 0x73, 0x65, 0x20, 0x7b, //         } else {
	0x0a, 0x20, 0x20, 0x20, 0x20, 0x20, 0x20, 0x20, 0x20, 0x20, 0x20, 0x20, 0x20, 0x20, 0x20, 0x69, // .              i
	0x66, 0x20, 0x28, 0x28, 0x75, 0x5f, 0x67, 0x78, 0x5f, 0x74, 0x65, 0x76, 0x5f, 0x61, 0x6c, 0x70, // f ((u_gx_tev_alp
	0x68, 0x61, 0x5f, 0x69, 0x6e, 0x30, 0x2e, 0x79, 0x20, 0x3c, 0x20, 0x36, 0x2e, 0x35, 0x29, 0x29, // ha_in0.y < 6.5))
	0x20, 0x7b, 0x0a, 0x20, 0x20, 0x20, 0x20, 0x20, 0x20, 0x20, 0x20, 0x20, 0x20, 0x20, 0x20, 0x20, //  {.
	0x20, 0x20, 0x20, 0x74, 0x6d, 0x70, 0x76, 0x61, 0x72, 0x5f, 0x33, 0x37, 0x20, 0x3d, 0x20, 0x75, //    tmpvar_37 = u
	0x5f, 0x67, 0x78, 0x5f, 0x74, 0x65, 0x76, 0x5f, 0x6b, 0x6f, 0x6e, 0x73, 0x74, 0x30, 0x2e, 0x77, // _gx_tev_konst0.w
	0x3b, 0x0a, 0x20, 0x20, 0x20, 0x20, 0x20, 0x20, 0x20, 0x20, 0x20, 0x20, 0x20, 0x20, 0x20, 0x20, // ;.
	0x7d, 0x20, 0x65, 0x6c, 0x73, 0x65, 0x20, 0x7b, 0x0a, 0x20, 0x20, 0x20, 0x20, 0x20, 0x20, 0x20, // } else {.
	0x20, 0x20, 0x20, 0x20, 0x20, 0x20, 0x20, 0x20, 0x20, 0x74, 0x6d, 0x70, 0x76, 0x61, 0x72, 0x5f, //          tmpvar_
	0x33, 0x37, 0x20, 0x3d, 0x20, 0x30, 0x2e, 0x30, 0x3b, 0x0a, 0x20, 0x20, 0x20, 0x20, 0x20, 0x20, // 37 = 0.0;.
	0x20, 0x20, 0x20, 0x20, 0x20, 0x20, 0x20, 0x20, 0x7d, 0x3b, 0x0a, 0x20, 0x20, 0x20, 0x20, 0x20, //         };.
	0x20, 0x20, 0x20, 0x20, 0x20, 0x20, 0x20, 0x7d, 0x3b, 0x0a, 0x20, 0x20, 0x20, 0x20, 0x20, 0x20, //        };.
	0x20, 0x20, 0x20, 0x20, 0x7d, 0x3b, 0x0a, 0x20, 0x20, 0x20, 0x20, 0x20, 0x20, 0x20, 0x20, 0x7d, //     };.        }
	0x3b, 0x0a, 0x20, 0x20, 0x20, 0x20, 0x20, 0x20, 0x7d, 0x3b, 0x0a, 0x20, 0x20, 0x20, 0x20, 0x7d, // ;.      };.    }
	0x3b, 0x0a, 0x20, 0x20, 0x7d, 0x3b, 0x0a, 0x20, 0x20, 0x66, 0x6c, 0x6f, 0x61, 0x74, 0x20, 0x74, // ;.  };.  float t
	0x6d, 0x70, 0x76, 0x61, 0x72, 0x5f, 0x33, 0x38, 0x3b, 0x0a, 0x20, 0x20, 0x69, 0x66, 0x20, 0x28, // mpvar_38;.  if (
	0x28, 0x75, 0x5f, 0x67, 0x78, 0x5f, 0x74, 0x65, 0x76, 0x5f, 0x61, 0x6c, 0x70, 0x68, 0x61, 0x5f, // (u_gx_tev_alpha_
	0x69, 0x6e, 0x30, 0x2e, 0x7a, 0x20, 0x3c, 0x20, 0x30, 0x2e, 0x35, 0x29, 0x29, 0x20, 0x7b, 0x0a, // in0.z < 0.5)) {.
	0x20, 0x20, 0x20, 0x20, 0x74, 0x6d, 0x70, 0x76, 0x61, 0x72, 0x5f, 0x33, 0x38, 0x20, 0x3d, 0x20, //     tmpvar_38 =
	0x72, 0x65, 0x67, 0x30, 0x5f, 0x33, 0x32, 0x2e, 0x77, 0x3b, 0x0a, 0x20, 0x20, 0x7d, 0x20, 0x65, // reg0_32.w;.  } e
	0x6c, 0x73, 0x65, 0x20, 0x7b, 0x0a, 0x20, 0x20, 0x20, 0x20, 0x69, 0x66, 0x20, 0x28, 0x28, 0x75, // lse {.    if ((u
	0x5f, 0x67, 0x78, 0x5f, 0x74, 0x65, 0x76, 0x5f, 0x61, 0x6c, 0x70, 0x68, 0x61, 0x5f, 0x69, 0x6e, // _gx_tev_alpha_in
	0x30, 0x2e, 0x7a, 0x20, 0x3c, 0x20, 0x31, 0x2e, 0x35, 0x29, 0x29, 0x20, 0x7b, 0x0a, 0x20, 0x20, // 0.z < 1.5)) {.
	0x20, 0x20, 0x20, 0x20, 0x74, 0x6d, 0x70, 0x76, 0x61, 0x72, 0x5f, 0x33, 0x38, 0x20, 0x3d, 0x20, //     tmpvar_38 =
	0x72, 0x65, 0x67, 0x31, 0x5f, 0x33, 0x33, 0x2e, 0x77, 0x3b, 0x0a, 0x20, 0x20, 0x20, 0x20, 0x7d, // reg1_33.w;.    }
	0x20, 0x65, 0x6c, 0x73, 0x65, 0x20, 0x7b, 0x0a, 0x20, 0x20, 0x20, 0x20, 0x20, 0x20, 0x69, 0x66, //  else {.      if
	0x20, 0x28, 0x28, 0x75, 0x5f, 0x67, 0x78, 0x5f, 0x74, 0x65, 0x76, 0x5f, 0x61, 0x6c, 0x70, 0x68, //  ((u_gx_tev_alph
	0x61, 0x5f, 0x69, 0x6e, 0x30, 0x2e, 0x7a, 0x20, 0x3c, 0x20, 0x32, 0x2e, 0x35, 0x29, 0x29, 0x20, // a_in0.z < 2.5))
	0x7b, 0x0a, 0x20, 0x20, 0x20, 0x20, 0x20, 0x20, 0x20, 0x20, 0x74, 0x6d, 0x70, 0x76, 0x61, 0x72, // {.        tmpvar
	0x5f, 0x33, 0x38, 0x20, 0x3d, 0x20, 0x72, 0x65, 0x67, 0x32, 0x5f, 0x33, 0x34, 0x2e, 0x77, 0x3b, // _38 = reg2_34.w;
	0x0a, 0x20, 0x20, 0x20, 0x20, 0x20, 0x20, 0x7d, 0x20, 0x65, 0x6c, 0x73, 0x65, 0x20, 0x7b, 0x0a, // .      } else {.
	0x20, 0x20, 0x20, 0x20, 0x20, 0x20, 0x20, 0x20, 0x69, 0x66, 0x20, 0x28, 0x28, 0x75, 0x5f, 0x67, //         if ((u_g
	0x78, 0x5f, 0x74, 0x65, 0x76, 0x5f, 0x61, 0x6c, 0x70, 0x68, 0x61, 0x5f, 0x69, 0x6e, 0x30, 0x2e, // x_tev_alpha_in0.
	0x7a, 0x20, 0x3c, 0x20, 0x33, 0x2e, 0x35, 0x29, 0x29, 0x20, 0x7b, 0x0a, 0x20, 0x20, 0x20, 0x20, // z < 3.5)) {.
	0x20, 0x20, 0x20, 0x20, 0x20, 0x20, 0x74, 0x6d, 0x70, 0x76, 0x61, 0x72, 0x5f, 0x33, 0x38, 0x20, //       tmpvar_38
	0x3d, 0x20, 0x72, 0x65, 0x67, 0x33, 0x5f, 0x33, 0x35, 0x2e, 0x77, 0x3b, 0x0a, 0x20, 0x20, 0x20, // = reg3_35.w;.
	0x20, 0x20, 0x20, 0x20, 0x20, 0x7d, 0x20, 0x65, 0x6c, 0x73, 0x65, 0x20, 0x7b, 0x0a, 0x20, 0x20, //      } else {.
	0x20, 0x20, 0x20, 0x20, 0x20, 0x20, 0x20, 0x20, 0x69, 0x66, 0x20, 0x28, 0x28, 0x75, 0x5f, 0x67, //         if ((u_g
	0x78, 0x5f, 0x74, 0x65, 0x76, 0x5f, 0x61, 0x6c, 0x70, 0x68, 0x61, 0x5f, 0x69, 0x6e, 0x30, 0x2e, // x_tev_alpha_in0.
	0x7a, 0x20, 0x3c, 0x20, 0x34, 0x2e, 0x35, 0x29, 0x29, 0x20, 0x7b, 0x0a, 0x20, 0x20, 0x20, 0x20, // z < 4.5)) {.
	0x20, 0x20, 0x20, 0x20, 0x20, 0x20, 0x20, 0x20, 0x74, 0x6d, 0x70, 0x76, 0x61, 0x72, 0x5f, 0x33, //         tmpvar_3
	0x38, 0x20, 0x3d, 0x20, 0x74, 0x6d, 0x70, 0x76, 0x61, 0x72, 0x5f, 0x31, 0x35, 0x2e, 0x77, 0x3b, // 8 = tmpvar_15.w;
	0x0a, 0x20, 0x20, 0x20, 0x20, 0x20, 0x20, 0x20, 0x20, 0x20, 0x20, 0x7d, 0x20, 0x65, 0x6c, 0x73, // .          } els
	0x65, 0x20, 0x7b, 0x0a, 0x20, 0x20, 0x20, 0x20, 0x20, 0x20, 0x20, 0x20, 0x20, 0x20, 0x20, 0x20, // e {.
	0x69, 0x66, 0x20, 0x28, 0x28, 0x75, 0x5f, 0x67, 0x78, 0x5f, 0x74, 0x65, 0x76, 0x5f, 0x61, 0x6c, // if ((u_gx_tev_al
	0x70, 0x68, 0x61, 0x5f, 0x69, 0x6e, 0x30, 0x2e, 0x7a, 0x20, 0x3c, 0x20, 0x35, 0x2e, 0x35, 0x29, // pha_in0.z < 5.5)
	0x29, 0x20, 0x7b, 0x0a, 0x20, 0x20, 0x20, 0x20, 0x20, 0x20, 0x20, 0x20, 0x20, 0x20, 0x20, 0x20, // ) {.
	0x20, 0x20, 0x74, 0x6d, 0x70, 0x76, 0x61, 0x72, 0x5f, 0x33, 0x38, 0x20, 0x3d, 0x20, 0x76, 0x5f, //   tmpvar_38 = v_
	0x63, 0x6f, 0x6c, 0x6f, 0x72, 0x30, 0x2e, 0x77, 0x3b, 0x0a, 0x20, 0x20, 0x20, 0x20, 0x20, 0x20, // color0.w;.
	0x20, 0x20, 0x20, 0x20, 0x20, 0x20, 0x7d, 0x20, 0x65, 0x6c, 0x73, 0x65, 0x20, 0x7b, 0x0a, 0x20, //       } else {.
	0x20, 0x20, 0x20, 0x20, 0x20, 0x20, 0x20, 0x20, 0x20, 0x20, 0x20, 0x20, 0x20, 0x69, 0x66, 0x20, //              if
	0x28, 0x28, 0x75, 0x5f, 0x67, 0x78, 0x5f, 0x74, 0x65, 0x76, 0x5f, 0x61, 0x6c, 0x70, 0x68, 0x61, // ((u_gx_tev_alpha
	0x5f, 0x69, 0x6e, 0x30, 0x2e, 0x7a, 0x20, 0x3c, 0x20, 0x36, 0x2e, 0x35, 0x29, 0x29, 0x20, 0x7b, // _in0.z < 6.5)) {
	0x0a, 0x20, 0x20, 0x20, 0x20, 0x20, 0x20, 0x20, 0x20, 0x20, 0x20, 0x20, 0x20, 0x20, 0x20, 0x20, // .
	0x20, 0x74, 0x6d, 0x70, 0x76, 0x61, 0x72, 0x5f, 0x33, 0x38, 0x20, 0x3d, 0x20, 0x75, 0x5f, 0x67, //  tmpvar_38 = u_g
	0x78, 0x5f, 0x74, 0x65, 0x76, 0x5f, 0x6b, 0x6f, 0x6e, 0x73, 0x74, 0x30, 0x2e, 0x77, 0x3b, 0x0a, // x_tev_konst0.w;.
	0x20, 0x20, 0x20, 0x20, 0x20, 0x20, 0x20, 0x20, 0x20, 0x20, 0x20, 0x20, 0x20, 0x20, 0x7d, 0x20, //               }
	0x65, 0x6c, 0x73, 0x65, 0x20, 0x7b, 0x0a, 0x20, 0x20, 0x20, 0x20, 0x20, 0x20, 0x20, 0x20, 0x20, // else {.
	0x20, 0x20, 0x20, 0x20, 0x20, 0x20, 0x20, 0x74, 0x6d, 0x70, 0x76, 0x61, 0x72, 0x5f, 0x33, 0x38, //        tmpvar_38
	0x20, 0x3d, 0x20, 0x30, 0x2e, 0x30, 0x3b, 0x0a, 0x20, 0x20, 0x20, 0x20, 0x20, 0x20, 0x20, 0x20, //  = 0.0;.
	0x20, 0x20, 0x20, 0x20, 0x20, 0x20, 0x7d, 0x3b, 0x0a, 0x20, 0x20, 0x20, 0x20, 0x20, 0x20, 0x20, //       };.
	0x20, 0x20, 0x20, 0x20, 0x20, 0x7d, 0x3b, 0x0a, 0x20, 0x20, 0x20, 0x20, 0x20, 0x20, 0x20, 0x20, //      };.
	0x20, 0x20, 0x7d, 0x3b, 0x0a, 0x20, 0x20, 0x20, 0x20, 0x20, 0x20, 0x20, 0x20, 0x7d, 0x3b, 0x0a, //   };.        };.
	0x20, 0x20, 0x20, 0x20, 0x20, 0x20, 0x7d, 0x3b, 0x0a, 0x20, 0x20, 0x20, 0x20, 0x7d, 0x3b, 0x0a, //       };.    };.
	0x20, 0x20, 0x7d, 0x3b, 0x0a, 0x20, 0x20, 0x66, 0x6c, 0x6f, 0x61, 0x74, 0x20, 0x74, 0x6d, 0x70, //   };.  float tmp
	0x76, 0x61, 0x72, 0x5f, 0x33, 0x39, 0x3b, 0x0a, 0x20, 0x20, 0x69, 0x66, 0x20, 0x28, 0x28, 0x75, // var_39;.  if ((u
	0x5f, 0x67, 0x78, 0x5f, 0x74, 0x65, 0x76, 0x5f, 0x61, 0x6c, 0x70, 0x68, 0x61, 0x5f, 0x69, 0x6e, // _gx_tev_alpha_in
	0x30, 0x2e, 0x77, 0x20, 0x3c, 0x20, 0x30, 0x2e, 0x35, 0x29, 0x29, 0x20, 0x7b, 0x0a, 0x20, 0x20, // 0.w < 0.5)) {.
	0x20, 0x20, 0x74, 0x6d, 0x70, 0x76, 0x61, 0x72, 0x5f, 0x33, 0x39, 0x20, 0x3d, 0x20, 0x72, 0x65, //   tmpvar_39 = re
	0x67, 0x30, 0x5f, 0x33, 0x32, 0x2e, 0x77, 0x3b, 0x0a, 0x20, 0x20, 0x7d, 0x20, 0x65, 0x6c, 0x73, // g0_32.w;.  } els
	0x65, 0x20, 0x7b, 0x0a, 0x20, 0x20, 0x20, 0x20, 0x69, 0x66, 0x20, 0x28, 0x28, 0x75, 0x5f, 0x67, // e {.    if ((u_g
	0x78, 0x5f, 0x74, 0x65, 0x76, 0x5f, 0x61, 0x6c, 0x70, 0x68, 0x61, 0x5f, 0x69, 0x6e, 0x30, 0x2e, // x_tev_alpha_in0.
	0x77, 0x20, 0x3c, 0x20, 0x31, 0x2e, 0x35, 0x29, 0x29, 0x20, 0x7b, 0x0a, 0x20, 0x20, 0x20, 0x20, // w < 1.5)) {.
	0x20, 0x20, 0x74, 0x6d, 0x70, 0x76, 0x61, 0x72, 0x5f, 0x33, 0x39, 0x20, 0x3d, 0x20, 0x72, 0x65, //   tmpvar_39 = re
	0x67, 0x31, 0x5f, 0x33, 0x33, 0x2e, 0x77, 0x3b, 0x0a, 0x20, 0x20, 0x20, 0x20, 0x7d, 0x20, 0x65, // g1_33.w;.    } e
	0x6c, 0x73, 0x65, 0x20, 0x7b, 0x0a, 0x20, 0x20, 0x20, 0x20, 0x20, 0x20, 0x69, 0x66, 0x20, 0x28, // lse {.      if (
	0x28, 0x75, 0x5f, 0x67, 0x78, 0x5f, 0x74, 0x65, 0x76, 0x5f, 0x61, 0x6c, 0x70, 0x68, 0x61, 0x5f, // (u_gx_tev_alpha_
	0x69, 0x6e, 0x30, 0x2e, 0x77, 0x20, 0x3c, 0x20, 0x32, 0x2e, 0x35, 0x29, 0x29, 0x20, 0x7b, 0x0a, // in0.w < 2.5)) {.
	0x20, 0x20, 0x20, 0x20, 0x20, 0x20, 0x20, 0x20, 0x74, 0x6d, 0x70, 0x76, 0x61, 0x72, 0x5f, 0x33, //         tmpvar_3
	0x39, 0x20, 0x3d, 0x20, 0x72, 0x65, 0x67, 0x32, 0x5f, 0x33, 0x34, 0x2e, 0x77, 0x3b, 0x0a, 0x20, // 9 = reg2_34.w;.
	0x20, 0x20, 0x20, 0x20, 0x20, 0x7d, 0x20, 0x65, 0x6c, 0x73, 0x65, 0x20, 0x7b, 0x0a, 0x20, 0x20, //      } else {.
	0x20, 0x20, 0x20, 0x20, 0x20, 0x20, 0x69, 0x66, 0x20, 0x28, 0x28, 0x75, 0x5f, 0x67, 0x78, 0x5f, //       if ((u_gx_
	0x74, 0x65, 0x76, 0x5f, 0x61, 0x6c, 0x70, 0x68, 0x61, 0x5f, 0x69, 0x6e, 0x30, 0x2e, 0x77, 0x20, // tev_alpha_in0.w
	0x3c, 0x20, 0x33, 0x2e, 0x35, 0x29, 0x29, 0x20, 0x7b, 0x0a, 0x20, 0x20, 0x20, 0x20, 0x20, 0x20, // < 3.5)) {.
	0x20, 0x20, 0x20, 0x20, 0x74, 0x6d, 0x70, 0x76, 0x61, 0x72, 0x5f, 0x33, 0x39, 0x20, 0x3d, 0x20, //     tmpvar_39 =
	0x72, 0x65, 0x67, 0x33, 0x5f, 0x33, 0x35, 0x2e, 0x77, 0x3b, 0x0a, 0x20, 0x20, 0x20, 0x20, 0x20, // reg3_35.w;.
	0x20, 0x20, 0x20, 0x7d, 0x20, 0x65, 0x6c, 0x73, 0x65, 0x20, 0x7b, 0x0a, 0x20, 0x20, 0x20, 0x20, //    } else {.
	0x20, 0x20, 0x20, 0x20, 0x20, 0x20, 0x69, 0x66, 0x20, 0x28, 0x28, 0x75, 0x5f, 0x67, 0x78, 0x5f, //       if ((u_gx_
	0x74, 0x65, 0x76, 0x5f, 0x61, 0x6c, 0x70, 0x68, 0x61, 0x5f, 0x69, 0x6e, 0x30, 0x2e, 0x77, 0x20, // tev_alpha_in0.w
	0x3c, 0x20, 0x34, 0x2e, 0x35, 0x29, 0x29, 0x20, 0x7b, 0x0a, 0x20, 0x20, 0x20, 0x20, 0x20, 0x20, // < 4.5)) {.
	0x20, 0x20, 0x20, 0x20, 0x20, 0x20, 0x74, 0x6d, 0x70, 0x76, 0x61, 0x72, 0x5f, 0x33, 0x39, 0x20, //       tmpvar_39
	0x3d, 0x20, 0x74, 0x6d, 0x70, 0x76, 0x61, 0x72, 0x5f, 0x31, 0x35, 0x2e, 0x77, 0x3b, 0x0a, 0x20, // = tmpvar_15.w;.
	0x20, 0x20, 0x20, 0x20, 0x20, 0x20, 0x20, 0x20, 0x20, 0x7d, 0x20, 0x65, 0x6c, 0x73, 0x65, 0x20, //          } else
	0x7b, 0x0a, 0x20, 0x20, 0x20, 0x20, 0x20, 0x20, 0x20, 0x20, 0x20, 0x20, 0x20, 0x20, 0x69, 0x66, // {.            if
	0x20, 0x28, 0x28, 0x75, 0x5f, 0x67, 0x78, 0x5f, 0x74, 0x65, 0x76, 0x5f, 0x61, 0x6c, 0x70, 0x68, //  ((u_gx_tev_alph
	0x61, 0x5f, 0x69, 0x6e, 0x30, 0x2e, 0x77, 0x20, 0x3c, 0x20, 0x35, 0x2e, 0x35, 0x29, 0x29, 0x20, // a_in0.w < 5.5))
	0x7b, 0x0a, 0x20, 0x20, 0x20, 0x20, 0x20, 0x20, 0x20, 0x20, 0x20, 0x20, 0x20, 0x20, 0x20, 0x20, // {.
	0x74, 0x6d, 0x70, 0x76, 0x61, 0x72, 0x5f, 0x33, 0x39, 0x20, 0x3d, 0x20, 0x76, 0x5f, 0x63, 0x6f, // tmpvar_39 = v_co
	0x6c, 0x6f, 0x72, 0x30, 0x2e, 0x77, 0x3b, 0x0a, 0x20, 0x20, 0x20, 0x20, 0x20, 0x20, 0x20, 0x20, // lor0.w;.
	0x20, 0x20, 0x20, 0x20, 0x7d, 0x20, 0x65, 0x6c, 0x73, 0x65, 0x20, 0x7b, 0x0a, 0x20, 0x20, 0x20, //     } else {.
	0x20, 0x20, 0x20, 0x20, 0x20, 0x20, 0x20, 0x20, 0x20, 0x20, 0x20, 0x69, 0x66, 0x20, 0x28, 0x28, //            if ((
	0x75, 0x5f, 0x67, 0x78, 0x5f, 0x74, 0x65, 0x76, 0x5f, 0x61, 0x6c, 0x70, 0x68, 0x61, 0x5f, 0x69, // u_gx_tev_alpha_i
	0x6e, 0x30, 0x2e, 0x77, 0x20, 0x3c, 0x20, 0x36, 0x2e, 0x35, 0x29, 0x29, 0x20, 0x7b, 0x0a, 0x20, // n0.w < 6.5)) {.
	0x20, 0x20, 0x20, 0x20, 0x20, 0x20, 0x20, 0x20, 0x20, 0x20, 0x20, 0x20, 0x20, 0x20, 0x20, 0x74, //                t
	0x6d, 0x70, 0x76, 0x61, 0x72, 0x5f, 0x33, 0x39, 0x20, 0x3d, 0x20, 0x75, 0x5f, 0x67, 0x78, 0x5f, // mpvar_39 = u_gx_
	0x74, 0x65, 0x76, 0x5f, 0x6b, 0x6f, 0x6e, 0x73, 0x74, 0x30, 0x2e, 0x77, 0x3b, 0x0a, 0x20, 0x20, // tev_konst0.w;.
	0x20, 0x20, 0x20, 0x20, 0x20, 0x20, 0x20, 0x20, 0x20, 0x20, 0x20, 0x20, 0x7d, 0x20, 0x65, 0x6c, //             } el
	0x73, 0x65, 0x20, 0x7b, 0x0a, 0x20, 0x20, 0x20, 0x20, 0x20, 0x20, 0x20, 0x20, 0x20, 0x20, 0x20, // se {.
	0x20, 0x20, 0x20, 0x20, 0x20, 0x74, 0x6d, 0x70, 0x76, 0x61, 0x72, 0x5f, 0x33, 0x39, 0x20, 0x3d, //      tmpvar_39 =
	0x20, 0x30, 0x2e, 0x30, 0x3b, 0x0a, 0x20, 0x20, 0x20, 0x20, 0x20, 0x20, 0x20, 0x20, 0x20, 0x20, //  0.0;.
	0x20, 0x20, 0x20, 0x20, 0x7d, 0x3b, 0x0a, 0x20, 0x20, 0x20, 0x20, 0x20, 0x20, 0x20, 0x20, 0x20, //     };.
	0x20, 0x20, 0x20, 0x7d, 0x3b, 0x0a, 0x20, 0x20, 0x20, 0x20, 0x20, 0x20, 0x20, 0x20, 0x20, 0x20, //    };.
	0x7d, 0x3b, 0x0a, 0x20, 0x20, 0x20, 0x20, 0x20, 0x20, 0x20, 0x20, 0x7d, 0x3b, 0x0a, 0x20, 0x20, // };.        };.
	0x20, 0x20, 0x20, 0x20, 0x7d, 0x3b, 0x0a, 0x20, 0x20, 0x20, 0x20, 0x7d, 0x3b, 0x0a, 0x20, 0x20, //     };.    };.
	0x7d, 0x3b, 0x0a, 0x20, 0x20, 0x66, 0x6c, 0x6f, 0x61, 0x74, 0x20, 0x74, 0x6d, 0x70, 0x76, 0x61, // };.  float tmpva
	0x72, 0x5f, 0x34, 0x30, 0x3b, 0x0a, 0x20, 0x20, 0x66, 0x6c, 0x6f, 0x61, 0x74, 0x20, 0x72, 0x65, // r_40;.  float re
	0x73, 0x75, 0x6c, 0x74, 0x5f, 0x34, 0x31, 0x3b, 0x0a, 0x20, 0x20, 0x66, 0x6c, 0x6f, 0x61, 0x74, // sult_41;.  float
	0x20, 0x74, 0x65, 0x6d, 0x70, 0x5f, 0x34, 0x32, 0x3b, 0x0a, 0x20, 0x20, 0x66, 0x6c, 0x6f, 0x61, //  temp_42;.  floa
	0x74, 0x20, 0x64, 0x69, 0x5f, 0x34, 0x33, 0x3b, 0x0a, 0x20, 0x20, 0x66, 0x6c, 0x6f, 0x61, 0x74, // t di_43;.  float
	0x20, 0x74, 0x6d, 0x70, 0x76, 0x61, 0x72, 0x5f, 0x34, 0x34, 0x3b, 0x0a, 0x20, 0x20, 0x69, 0x66, //  tmpvar_44;.  if
	0x20, 0x28, 0x28, 0x75, 0x5f, 0x67, 0x78, 0x5f, 0x74, 0x65, 0x76, 0x5f, 0x61, 0x6c, 0x70, 0x68, //  ((u_gx_tev_alph
	0x61, 0x5f, 0x6f, 0x70, 0x30, 0x2e, 0x7a, 0x20, 0x3c, 0x20, 0x30, 0x2e, 0x35, 0x29, 0x29, 0x20, // a_op0.z < 0.5))
	0x7b, 0x0a, 0x20, 0x20, 0x20, 0x20, 0x74, 0x6d, 0x70, 0x76, 0x61, 0x72, 0x5f, 0x34, 0x34, 0x20, // {.    tmpvar_44
	0x3d, 0x20, 0x31, 0x2e, 0x30, 0x3b, 0x0a, 0x20, 0x20, 0x7d, 0x20, 0x65, 0x6c, 0x73, 0x65, 0x20, // = 1.0;.  } else
	0x7b, 0x0a, 0x20, 0x20, 0x20, 0x20, 0x69, 0x66, 0x20, 0x28, 0x28, 0x75, 0x5f, 0x67, 0x78, 0x5f, // {.    if ((u_gx_
	0x74, 0x65, 0x76, 0x5f, 0x61, 0x6c, 0x70, 0x68, 0x61, 0x5f, 0x6f, 0x70, 0x30, 0x2e, 0x7a, 0x20, // tev_alpha_op0.z
	0x3c, 0x20, 0x31, 0x2e, 0x35, 0x29, 0x29, 0x20, 0x7b, 0x0a, 0x20, 0x20, 0x20, 0x20, 0x20, 0x20, // < 1.5)) {.
	0x74, 0x6d, 0x70, 0x76, 0x61, 0x72, 0x5f, 0x34, 0x34, 0x20, 0x3d, 0x20, 0x32, 0x2e, 0x30, 0x3b, // tmpvar_44 = 2.0;
	0x0a, 0x20, 0x20, 0x20, 0x20, 0x7d, 0x20, 0x65, 0x6c, 0x73, 0x65, 0x20, 0x7b, 0x0a, 0x20, 0x20, // .    } else {.
	0x20, 0x20, 0x20, 0x20, 0x69, 0x66, 0x20, 0x28, 0x28, 0x75, 0x5f, 0x67, 0x78, 0x5f, 0x74, 0x65, //     if ((u_gx_te
	0x76, 0x5f, 0x61, 0x6c, 0x70, 0x68, 0x61, 0x5f, 0x6f, 0x70, 0x30, 0x2e, 0x7a, 0x20, 0x3c, 0x20, // v_alpha_op0.z <
	0x32, 0x2e, 0x35, 0x29, 0x29, 0x20, 0x7b, 0x0a, 0x20, 0x20, 0x20, 0x20, 0x20, 0x20, 0x20, 0x20, // 2.5)) {.
	0x74, 0x6d, 0x70, 0x76, 0x61, 0x72, 0x5f, 0x34, 0x34, 0x20, 0x3d, 0x20, 0x34, 0x2e, 0x30, 0x3b, // tmpvar_44 = 4.0;
	0x0a, 0x20, 0x20, 0x20, 0x20, 0x20, 0x20, 0x7d, 0x20, 0x65, 0x6c, 0x73, 0x65, 0x20, 0x7b, 0x0a, // .      } else {.
	0x20, 0x20, 0x20, 0x20, 0x20, 0x20, 0x20, 0x20, 0x74, 0x6d, 0x70, 0x76, 0x61, 0x72, 0x5f, 0x34, //         tmpvar_4
	0x34, 0x20, 0x3d, 0x20, 0x31, 0x2e, 0x30, 0x3b, 0x0a, 0x20, 0x20, 0x20, 0x20, 0x20, 0x20, 0x7d, // 4 = 1.0;.      }
	0x3b, 0x0a, 0x20, 0x20, 0x20, 0x20, 0x7d, 0x3b, 0x0a, 0x20, 0x20, 0x7d, 0x3b, 0x0a, 0x20, 0x20, // ;.    };.  };.
	0x66, 0x6c, 0x6f, 0x61, 0x74, 0x20, 0x74, 0x6d, 0x70, 0x76, 0x61, 0x72, 0x5f, 0x34, 0x35, 0x3b, // float tmpvar_45;
	0x0a, 0x20, 0x20, 0x69, 0x66, 0x20, 0x28, 0x28, 0x75, 0x5f, 0x67, 0x78, 0x5f, 0x74, 0x65, 0x76, // .  if ((u_gx_tev
	0x5f, 0x61, 0x6c, 0x70, 0x68, 0x61, 0x5f, 0x6f, 0x70, 0x30, 0x2e, 0x7a, 0x20, 0x3e, 0x20, 0x32, // _alpha_op0.z > 2
	0x2e, 0x35, 0x29, 0x29, 0x20, 0x7b, 0x0a, 0x20, 0x20, 0x20, 0x20, 0x74, 0x6d, 0x70, 0x76, 0x61, // .5)) {.    tmpva
	0x72, 0x5f, 0x34, 0x35, 0x20, 0x3d, 0x20, 0x32, 0x2e, 0x30, 0x3b, 0x0a, 0x20, 0x20, 0x7d, 0x20, // r_45 = 2.0;.  }
	0x65, 0x6c, 0x73, 0x65, 0x20, 0x7b, 0x0a, 0x20, 0x20, 0x20, 0x20, 0x74, 0x6d, 0x70, 0x76, 0x61, // else {.    tmpva
	0x72, 0x5f, 0x34, 0x35, 0x20, 0x3d, 0x20, 0x31, 0x2e, 0x30, 0x3b, 0x0a, 0x20, 0x20, 0x7d, 0x3b, // r_45 = 1.0;.  };
	0x0a, 0x20, 0x20, 0x66, 0x6c, 0x6f, 0x61, 0x74, 0x20, 0x74, 0x6d, 0x70, 0x76, 0x61, 0x72, 0x5f, // .  float tmpvar_
	0x34, 0x36, 0x3b, 0x0a, 0x20, 0x20, 0x74, 0x6d, 0x70, 0x76, 0x61, 0x72, 0x5f, 0x34, 0x36, 0x20, // 46;.  tmpvar_46
	0x3d, 0x20, 0x66, 0x6c, 0x6f, 0x6f, 0x72, 0x28, 0x28, 0x28, 0x74, 0x6d, 0x70, 0x76, 0x61, 0x72, // = floor(((tmpvar
	0x5f, 0x33, 0x38, 0x20, 0x2a, 0x20, 0x32, 0x35, 0x35, 0x2e, 0x30, 0x29, 0x20, 0x2b, 0x20, 0x30, // _38 * 255.0) + 0
	0x2e, 0x35, 0x29, 0x29, 0x3b, 0x0a, 0x20, 0x20, 0x64, 0x69, 0x5f, 0x34, 0x33, 0x20, 0x3d, 0x20, // .5));.  di_43 =
	0x66, 0x6c, 0x6f, 0x6f, 0x72, 0x28, 0x28, 0x28, 0x74, 0x6d, 0x70, 0x76, 0x61, 0x72, 0x5f, 0x33, // floor(((tmpvar_3
	0x39, 0x20, 0x2a, 0x20, 0x32, 0x35, 0x35, 0x2e, 0x30, 0x29, 0x20, 0x2b, 0x20, 0x30, 0x2e, 0x35, // 9 * 255.0) + 0.5
	0x29, 0x29, 0x3b, 0x0a, 0x20, 0x20, 0x66, 0x6c, 0x6f, 0x61, 0x74, 0x20, 0x74, 0x6d, 0x70, 0x76, // ));.  float tmpv
	0x61, 0x72, 0x5f, 0x34, 0x37, 0x3b, 0x0a, 0x20, 0x20, 0x74, 0x6d, 0x70, 0x76, 0x61, 0x72, 0x5f, // ar_47;.  tmpvar_
	0x34, 0x37, 0x20, 0x3d, 0x20, 0x28, 0x74, 0x6d, 0x70, 0x76, 0x61, 0x72, 0x5f, 0x34, 0x36, 0x20, // 47 = (tmpvar_46
	0x2b, 0x20, 0x66, 0x6c, 0x6f, 0x6f, 0x72, 0x28, 0x28, 0x74, 0x6d, 0x70, 0x76, 0x61, 0x72, 0x5f, // + floor((tmpvar_
	0x34, 0x36, 0x20, 0x2f, 0x20, 0x31, 0x32, 0x38, 0x2e, 0x30, 0x29, 0x29, 0x29, 0x3b, 0x0a, 0x20, // 46 / 128.0)));.
	0x20, 0x74, 0x65, 0x6d, 0x70, 0x5f, 0x34, 0x32, 0x20, 0x3d, 0x20, 0x28, 0x28, 0x28, 0x0a, 0x20, //  temp_42 = (((.
	0x20, 0x20, 0x20, 0x66, 0x6c, 0x6f, 0x6f, 0x72, 0x28, 0x28, 0x28, 0x74, 0x6d, 0x70, 0x76, 0x61, //    floor(((tmpva
	0x72, 0x5f, 0x33, 0x36, 0x20, 0x2a, 0x20, 0x32, 0x35, 0x35, 0x2e, 0x30, 0x29, 0x20, 0x2b, 0x20, // r_36 * 255.0) +
	0x30, 0x2e, 0x35, 0x29, 0x29, 0x0a, 0x20, 0x20, 0x20, 0x2a, 0x20, 0x0a, 0x20, 0x20, 0x20, 0x20, // 0.5)).   * .
	0x28, 0x32, 0x35, 0x36, 0x2e, 0x30, 0x20, 0x2d, 0x20, 0x74, 0x6d, 0x70, 0x76, 0x61, 0x72, 0x5f, // (256.0 - tmpvar_
	0x34, 0x37, 0x29, 0x0a, 0x20, 0x20, 0x29, 0x20, 0x2b, 0x20, 0x28, 0x0a, 0x20, 0x20, 0x20, 0x20, // 47).  ) + (.
	0x66, 0x6c, 0x6f, 0x6f, 0x72, 0x28, 0x28, 0x28, 0x74, 0x6d, 0x70, 0x76, 0x61, 0x72, 0x5f, 0x33, // floor(((tmpvar_3
	0x37, 0x20, 0x2a, 0x20, 0x32, 0x35, 0x35, 0x2e, 0x30, 0x29, 0x20, 0x2b, 0x20, 0x30, 0x2e, 0x35, // 7 * 255.0) + 0.5
	0x29, 0x29, 0x0a, 0x20, 0x20, 0x20, 0x2a, 0x20, 0x74, 0x6d, 0x70, 0x76, 0x61, 0x72, 0x5f, 0x34, // )).   * tmpvar_4
	0x37, 0x29, 0x29, 0x20, 0x2a, 0x20, 0x74, 0x6d, 0x70, 0x76, 0x61, 0x72, 0x5f, 0x34, 0x34, 0x29, // 7)) * tmpvar_44)
	0x3b, 0x0a, 0x20, 0x20, 0x69, 0x66, 0x20, 0x28, 0x28, 0x75, 0x5f, 0x67, 0x78, 0x5f, 0x74, 0x65, // ;.  if ((u_gx_te
	0x76, 0x5f, 0x61, 0x6c, 0x70, 0x68, 0x61, 0x5f, 0x6f, 0x70, 0x30, 0x2e, 0x7a, 0x20, 0x3c, 0x20, // v_alpha_op0.z <
	0x32, 0x2e, 0x35, 0x29, 0x29, 0x20, 0x7b, 0x0a, 0x20, 0x20, 0x20, 0x20, 0x66, 0x6c, 0x6f, 0x61, // 2.5)) {.    floa
	0x74, 0x20, 0x74, 0x6d, 0x70, 0x76, 0x61, 0x72, 0x5f, 0x34, 0x38, 0x3b, 0x0a, 0x20, 0x20, 0x20, // t tmpvar_48;.
	0x20, 0x69, 0x66, 0x20, 0x28, 0x28, 0x75, 0x5f, 0x67, 0x78, 0x5f, 0x74, 0x65, 0x76, 0x5f, 0x61, //  if ((u_gx_tev_a
	0x6c, 0x70, 0x68, 0x61, 0x5f, 0x6f, 0x70, 0x30, 0x2e, 0x78, 0x20, 0x3e, 0x20, 0x30, 0x2e, 0x35, // lpha_op0.x > 0.5
	0x29, 0x29, 0x20, 0x7b, 0x0a, 0x20, 0x20, 0x20, 0x20, 0x20, 0x20, 0x74, 0x6d, 0x70, 0x76, 0x61, // )) {.      tmpva
	0x72, 0x5f, 0x34, 0x38, 0x20, 0x3d, 0x20, 0x31, 0x32, 0x37, 0x2e, 0x30, 0x3b, 0x0a, 0x20, 0x20, // r_48 = 127.0;.
	0x20, 0x20, 0x7d, 0x20, 0x65, 0x6c, 0x73, 0x65, 0x20, 0x7b, 0x0a, 0x20, 0x20, 0x20, 0x20, 0x20, //   } else {.
	0x20, 0x74, 0x6d, 0x70, 0x76, 0x61, 0x72, 0x5f, 0x34, 0x38, 0x20, 0x3d, 0x20, 0x31, 0x32, 0x38, //  tmpvar_48 = 128
	0x2e, 0x30, 0x3b, 0x0a, 0x20, 0x20, 0x20, 0x20, 0x7d, 0x3b, 0x0a, 0x20, 0x20, 0x20, 0x20, 0x74, // .0;.    };.    t
	0x65, 0x6d, 0x70, 0x5f, 0x34, 0x32, 0x20, 0x3d, 0x20, 0x28, 0x74, 0x65, 0x6d, 0x70, 0x5f, 0x34, // emp_42 = (temp_4
	0x32, 0x20, 0x2b, 0x20, 0x74, 0x6d, 0x70, 0x76, 0x61, 0x72, 0x5f, 0x34, 0x38, 0x29, 0x3b, 0x0a, // 2 + tmpvar_48);.
	0x20, 0x20, 0x7d, 0x3b, 0x0a, 0x20, 0x20, 0x66, 0x6c, 0x6f, 0x61, 0x74, 0x20, 0x74, 0x6d, 0x70, //   };.  float tmp
	0x76, 0x61, 0x72, 0x5f, 0x34, 0x39, 0x3b, 0x0a, 0x20, 0x20, 0x74, 0x6d, 0x70, 0x76, 0x61, 0x72, // var_49;.  tmpvar
	0x5f, 0x34, 0x39, 0x20, 0x3d, 0x20, 0x66, 0x6c, 0x6f, 0x6f, 0x72, 0x28, 0x28, 0x74, 0x65, 0x6d, // _49 = floor((tem
	0x70, 0x5f, 0x34, 0x32, 0x20, 0x2f, 0x20, 0x32, 0x35, 0x36, 0x2e, 0x30, 0x29, 0x29, 0x3b, 0x0a, // p_42 / 256.0));.
	0x20, 0x20, 0x74, 0x65, 0x6d, 0x70, 0x5f, 0x34, 0x32, 0x20, 0x3d, 0x20, 0x74, 0x6d, 0x70, 0x76, //   temp_42 = tmpv
	0x61, 0x72, 0x5f, 0x34, 0x39, 0x3b, 0x0a, 0x20, 0x20, 0x69, 0x66, 0x20, 0x28, 0x28, 0x75, 0x5f, // ar_49;.  if ((u_
	0x67, 0x78, 0x5f, 0x74, 0x65, 0x76, 0x5f, 0x61, 0x6c, 0x70, 0x68, 0x61, 0x5f, 0x6f, 0x70, 0x30, // gx_tev_alpha_op0
	0x2e, 0x78, 0x20, 0x3e, 0x20, 0x30, 0x2e, 0x35, 0x29, 0x29, 0x20, 0x7b, 0x0a, 0x20, 0x20, 0x20, // .x > 0.5)) {.
	0x20, 0x74, 0x65, 0x6d, 0x70, 0x5f, 0x34, 0x32, 0x20, 0x3d, 0x20, 0x2d, 0x28, 0x74, 0x6d, 0x70, //  temp_42 = -(tmp
	0x76, 0x61, 0x72, 0x5f, 0x34, 0x39, 0x29, 0x3b, 0x0a, 0x20, 0x20, 0x7d, 0x3b, 0x0a, 0x20, 0x20, // var_49);.  };.
	0x66, 0x6c, 0x6f, 0x61, 0x74, 0x20, 0x74, 0x6d, 0x70, 0x76, 0x61, 0x72, 0x5f, 0x35, 0x30, 0x3b, // float tmpvar_50;
	0x0a, 0x20, 0x20, 0x69, 0x66, 0x20, 0x28, 0x28, 0x75, 0x5f, 0x67, 0x78, 0x5f, 0x74, 0x65, 0x76, // .  if ((u_gx_tev
	0x5f, 0x61, 0x6c, 0x70, 0x68, 0x61, 0x5f, 0x6f, 0x70, 0x30, 0x2e, 0x79, 0x20, 0x3c, 0x20, 0x30, // _alpha_op0.y < 0
	0x2e, 0x35, 0x29, 0x29, 0x20, 0x7b, 0x0a, 0x20, 0x20, 0x20, 0x20, 0x74, 0x6d, 0x70, 0x76, 0x61, // .5)) {.    tmpva
	0x72, 0x5f, 0x35, 0x30, 0x20, 0x3d, 0x20, 0x30, 0x2e, 0x30, 0x3b, 0x0a, 0x20, 0x20, 0x7d, 0x20, // r_50 = 0.0;.  }
	0x65, 0x6c, 0x73, 0x65, 0x20, 0x7b, 0x0a, 0x20, 0x20, 0x20, 0x20, 0x69, 0x66, 0x20, 0x28, 0x28, // else {.    if ((
	0x75, 0x5f, 0x67, 0x78, 0x5f, 0x74, 0x65, 0x76, 0x5f, 0x61, 0x6c, 0x70, 0x68, 0x61, 0x5f, 0x6f, // u_gx_tev_alpha_o
	0x70, 0x30, 0x2e, 0x79, 0x20, 0x3c, 0x20, 0x31, 0x2e, 0x35, 0x29, 0x29, 0x20, 0x7b, 0x0a, 0x20, // p0.y < 1.5)) {.
	0x20, 0x20, 0x20, 0x20, 0x20, 0x74, 0x6d, 0x70, 0x76, 0x61, 0x72, 0x5f, 0x35, 0x30, 0x20, 0x3d, //      tmpvar_50 =
	0x20, 0x31, 0x32, 0x38, 0x2e, 0x30, 0x3b, 0x0a, 0x20, 0x20, 0x20, 0x20, 0x7d, 0x20, 0x65, 0x6c, //  128.0;.    } el
	0x73, 0x65, 0x20, 0x7b, 0x0a, 0x20, 0x20, 0x20, 0x20, 0x20, 0x20, 0x69, 0x66, 0x20, 0x28, 0x28, // se {.      if ((
	0x75, 0x5f, 0x67, 0x78, 0x5f, 0x74, 0x65, 0x76, 0x5f, 0x61, 0x6c, 0x70, 0x68, 0x61, 0x5f, 0x6f, // u_gx_tev_alpha_o
	0x70, 0x30, 0x2e, 0x79, 0x20, 0x3c, 0x20, 0x32, 0x2e, 0x35, 0x29, 0x29, 0x20, 0x7b, 0x0a, 0x20, // p0.y < 2.5)) {.
	0x20, 0x20, 0x20, 0x20, 0x20, 0x20, 0x20, 0x74, 0x6d, 0x70, 0x76, 0x61, 0x72, 0x5f, 0x35, 0x30, //        tmpvar_50
	0x20, 0x3d, 0x20, 0x2d, 0x31, 0x32, 0x38, 0x2e, 0x30, 0x3b, 0x0a, 0x20, 0x20, 0x20, 0x20, 0x20, //  = -128.0;.
	0x20, 0x7d, 0x20, 0x65, 0x6c, 0x73, 0x65, 0x20, 0x7b, 0x0a, 0x20, 0x20, 0x20, 0x20, 0x20, 0x20, //  } else {.
	0x20, 0x20, 0x74, 0x6d, 0x70, 0x76, 0x61, 0x72, 0x5f, 0x35, 0x30, 0x20, 0x3d, 0x20, 0x30, 0x2e, //   tmpvar_50 = 0.
	0x30, 0x3b, 0x0a, 0x20, 0x20, 0x20, 0x20, 0x20, 0x20, 0x7d, 0x3b, 0x0a, 0x20, 0x20, 0x20, 0x20, // 0;.      };.
	0x7d, 0x3b, 0x0a, 0x20, 0x20, 0x7d, 0x3b, 0x0a, 0x20, 0x20, 0x66, 0x6c, 0x6f, 0x61, 0x74, 0x20, // };.  };.  float
	0x74, 0x6d, 0x70, 0x76, 0x61, 0x72, 0x5f, 0x35, 0x31, 0x3b, 0x0a, 0x20, 0x20, 0x74, 0x6d, 0x70, // tmpvar_51;.  tmp
	0x76, 0x61, 0x72, 0x5f, 0x35, 0x31, 0x20, 0x3d, 0x20, 0x28, 0x28, 0x28, 0x0a, 0x20, 0x20, 0x20, // var_51 = (((.
	0x20, 0x28, 0x64, 0x69, 0x5f, 0x34, 0x33, 0x20, 0x2b, 0x20, 0x74, 0x6d, 0x70, 0x76, 0x61, 0x72, //  (di_43 + tmpvar
	0x5f, 0x35, 0x30, 0x29, 0x0a, 0x20, 0x20, 0x20, 0x2a, 0x20, 0x74, 0x6d, 0x70, 0x76, 0x61, 0x72, // _50).   * tmpvar
	0x5f, 0x34, 0x34, 0x29, 0x20, 0x2b, 0x20, 0x74, 0x65, 0x6d, 0x70, 0x5f, 0x34, 0x32, 0x29, 0x20, // _44) + temp_42)
	0x2f, 0x20, 0x74, 0x6d, 0x70, 0x76, 0x61, 0x72, 0x5f, 0x34, 0x35, 0x29, 0x3b, 0x0a, 0x20, 0x20, // / tmpvar_45);.
	0x72, 0x65, 0x73, 0x75, 0x6c, 0x74, 0x5f, 0x34, 0x31, 0x20, 0x3d, 0x20, 0x74, 0x6d, 0x70, 0x76, // result_41 = tmpv
	0x61, 0x72, 0x5f, 0x35, 0x31, 0x3b, 0x0a, 0x20, 0x20, 0x69, 0x66, 0x20, 0x28, 0x28, 0x75, 0x5f, // ar_51;.  if ((u_
	0x67, 0x78, 0x5f, 0x74, 0x65, 0x76, 0x5f, 0x61, 0x6c, 0x70, 0x68, 0x61, 0x5f, 0x6f, 0x70, 0x30, // gx_tev_alpha_op0
	0x2e, 0x77, 0x20, 0x3e, 0x20, 0x30, 0x2e, 0x35, 0x29, 0x29, 0x20, 0x7b, 0x0a, 0x20, 0x20, 0x20, // .w > 0.5)) {.
	0x20, 0x72, 0x65, 0x73, 0x75, 0x6c, 0x74, 0x5f, 0x34, 0x31, 0x20, 0x3d, 0x20, 0x63, 0x6c, 0x61, //  result_41 = cla
	0x6d, 0x70, 0x20, 0x28, 0x74, 0x6d, 0x70, 0x76, 0x61, 0x72, 0x5f, 0x35, 0x31, 0x2c, 0x20, 0x30, // mp (tmpvar_51, 0
	0x2e, 0x30, 0x2c, 0x20, 0x32, 0x35, 0x35, 0x2e, 0x30, 0x29, 0x3b, 0x0a, 0x20, 0x20, 0x7d, 0x20, // .0, 255.0);.  }
	0x65, 0x6c, 0x73, 0x65, 0x20, 0x7b, 0x0a, 0x20, 0x20, 0x20, 0x20, 0x72, 0x65, 0x73, 0x75, 0x6c, // else {.    resul
	0x74, 0x5f, 0x34, 0x31, 0x20, 0x3d, 0x20, 0x63, 0x6c, 0x61, 0x6d, 0x70, 0x20, 0x28, 0x72, 0x65, // t_41 = clamp (re
	0x73, 0x75, 0x6c, 0x74, 0x5f, 0x34, 0x31, 0x2c, 0x20, 0x2d, 0x31, 0x30, 0x32, 0x34, 0x2e, 0x30, // sult_41, -1024.0
	0x2c, 0x20, 0x31, 0x30, 0x32, 0x33, 0x2e, 0x30, 0x29, 0x3b, 0x0a, 0x20, 0x20, 0x7d, 0x3b, 0x0a, // , 1023.0);.  };.
	0x20, 0x20, 0x74, 0x6d, 0x70, 0x76, 0x61, 0x72, 0x5f, 0x34, 0x30, 0x20, 0x3d, 0x20, 0x28, 0x72, //   tmpvar_40 = (r
	0x65, 0x73, 0x75, 0x6c, 0x74, 0x5f, 0x34, 0x31, 0x20, 0x2f, 0x20, 0x32, 0x35, 0x35, 0x2e, 0x30, // esult_41 / 255.0
	0x29, 0x3b, 0x0a, 0x20, 0x20, 0x76, 0x65, 0x63, 0x34, 0x20, 0x72, 0x65, 0x67, 0x30, 0x5f, 0x35, // );.  vec4 reg0_5
	0x32, 0x3b, 0x0a, 0x20, 0x20, 0x72, 0x65, 0x67, 0x30, 0x5f, 0x35, 0x32, 0x20, 0x3d, 0x20, 0x72, // 2;.  reg0_52 = r
	0x65, 0x67, 0x30, 0x5f, 0x33, 0x32, 0x3b, 0x0a, 0x20, 0x20, 0x76, 0x65, 0x63, 0x34, 0x20, 0x72, // eg0_32;.  vec4 r
	0x65, 0x67, 0x31, 0x5f, 0x35, 0x33, 0x3b, 0x0a, 0x20, 0x20, 0x72, 0x65, 0x67, 0x31, 0x5f, 0x35, // eg1_53;.  reg1_5
	0x33, 0x20, 0x3d, 0x20, 0x72, 0x65, 0x67, 0x31, 0x5f, 0x33, 0x33, 0x3b, 0x0a, 0x20, 0x20, 0x76, // 3 = reg1_33;.  v
	0x65, 0x63, 0x34, 0x20, 0x72, 0x65, 0x67, 0x32, 0x5f, 0x35, 0x34, 0x3b, 0x0a, 0x20, 0x20, 0x72, // ec4 reg2_54;.  r
	0x65, 0x67, 0x32, 0x5f, 0x35, 0x34, 0x20, 0x3d, 0x20, 0x72, 0x65, 0x67, 0x32, 0x5f, 0x33, 0x34, // eg2_54 = reg2_34
	0x3b, 0x0a, 0x20, 0x20, 0x76, 0x65, 0x63, 0x34, 0x20, 0x72, 0x65, 0x67, 0x33, 0x5f, 0x35, 0x35, // ;.  vec4 reg3_55
	0x3b, 0x0a, 0x20, 0x20, 0x72, 0x65, 0x67, 0x33, 0x5f, 0x35, 0x35, 0x20, 0x3d, 0x20, 0x72, 0x65, // ;.  reg3_55 = re
	0x67, 0x33, 0x5f, 0x33, 0x35, 0x3b, 0x0a, 0x20, 0x20, 0x69, 0x66, 0x20, 0x28, 0x28, 0x75, 0x5f, // g3_35;.  if ((u_
	0x67, 0x78, 0x5f, 0x74, 0x65, 0x76, 0x5f, 0x6f, 0x75, 0x74, 0x30, 0x2e, 0x79, 0x20, 0x3c, 0x20, // gx_tev_out0.y <
	0x30, 0x2e, 0x35, 0x29, 0x29, 0x20, 0x7b, 0x0a, 0x20, 0x20, 0x20, 0x20, 0x72, 0x65, 0x67, 0x30, // 0.5)) {.    reg0
	0x5f, 0x35, 0x32, 0x2e, 0x77, 0x20, 0x3d, 0x20, 0x74, 0x6d, 0x70, 0x76, 0x61, 0x72, 0x5f, 0x34, // _52.w = tmpvar_4
	0x30, 0x3b, 0x0a, 0x20, 0x20, 0x7d, 0x20, 0x65, 0x6c, 0x73, 0x65, 0x20, 0x7b, 0x0a, 0x20, 0x20, // 0;.  } else {.
	0x20, 0x20, 0x69, 0x66, 0x20, 0x28, 0x28, 0x75, 0x5f, 0x67, 0x78, 0x5f, 0x74, 0x65, 0x76, 0x5f, //   if ((u_gx_tev_
	0x6f, 0x75, 0x74, 0x30, 0x2e, 0x79, 0x20, 0x3c, 0x20, 0x31, 0x2e, 0x35, 0x29, 0x29, 0x20, 0x7b, // out0.y < 1.5)) {
	0x0a, 0x20, 0x20, 0x20, 0x20, 0x20, 0x20, 0x72, 0x65, 0x67, 0x31, 0x5f, 0x35, 0x33, 0x2e, 0x77, // .      reg1_53.w
	0x20, 0x3d, 0x20, 0x74, 0x6d, 0x70, 0x76, 0x61, 0x72, 0x5f, 0x34, 0x30, 0x3b, 0x0a, 0x20, 0x20, //  = tmpvar_40;.
	0x20, 0x20, 0x7d, 0x20, 0x65, 0x6c, 0x73, 0x65, 0x20, 0x7b, 0x0a, 0x20, 0x20, 0x20, 0x20, 0x20, //   } else {.
	0x20, 0x69, 0x66, 0x20, 0x28, 0x28, 0x75, 0x5f, 0x67, 0x78, 0x5f, 0x74, 0x65, 0x76, 0x5f, 0x6f, //  if ((u_gx_tev_o
	0x75, 0x74, 0x30, 0x2e, 0x79, 0x20, 0x3c, 0x20, 0x32, 0x2e, 0x35, 0x29, 0x29, 0x20, 0x7b, 0x0a, // ut0.y < 2.5)) {.
	0x20, 0x20, 0x20, 0x20, 0x20, 0x20, 0x20, 0x20, 0x72, 0x65, 0x67, 0x32, 0x5f, 0x35, 0x34, 0x2e, //         reg2_54.
	0x77, 0x20, 0x3d, 0x20, 0x74, 0x6d, 0x70, 0x76, 0x61, 0x72, 0x5f, 0x34, 0x30, 0x3b, 0x0a, 0x20, // w = tmpvar_40;.
	0x20, 0x20, 0x20, 0x20, 0x20, 0x7d, 0x20, 0x65, 0x6c, 0x73, 0x65, 0x20, 0x7b, 0x0a, 0x20, 0x20, //      } else {.
	0x20, 0x20, 0x20, 0x20, 0x20, 0x20, 0x72, 0x65, 0x67, 0x33, 0x5f, 0x35, 0x35, 0x2e, 0x77, 0x20, //       reg3_55.w
	0x3d, 0x20, 0x74, 0x6d, 0x70, 0x76, 0x61, 0x72, 0x5f, 0x34, 0x30, 0x3b, 0x0a, 0x20, 0x20, 0x20, // = tmpvar_40;.
	0x20, 0x20, 0x20, 0x7d, 0x3b, 0x0a, 0x20, 0x20, 0x20, 0x20, 0x7d, 0x3b, 0x0a, 0x20, 0x20, 0x7d, //    };.    };.  }
	0x3b, 0x0a, 0x20, 0x20, 0x72, 0x65, 0x67, 0x30, 0x5f, 0x35, 0x20, 0x3d, 0x20, 0x72, 0x65, 0x67, // ;.  reg0_5 = reg
	0x30, 0x5f, 0x35, 0x32, 0x3b, 0x0a, 0x20, 0x20, 0x72, 0x65, 0x67, 0x31, 0x5f, 0x34, 0x20, 0x3d, // 0_52;.  reg1_4 =
	0x20, 0x72, 0x65, 0x67, 0x31, 0x5f, 0x35, 0x33, 0x3b, 0x0a, 0x20, 0x20, 0x72, 0x65, 0x67, 0x32, //  reg1_53;.  reg2
	0x5f, 0x33, 0x20, 0x3d, 0x20, 0x72, 0x65, 0x67, 0x32, 0x5f, 0x35, 0x34, 0x3b, 0x0a, 0x20, 0x20, // _3 = reg2_54;.
	0x72, 0x65, 0x67, 0x33, 0x5f, 0x32, 0x20, 0x3d, 0x20, 0x72, 0x65, 0x67, 0x33, 0x5f, 0x35, 0x35, // reg3_2 = reg3_55
	0x3b, 0x0a, 0x20, 0x20, 0x69, 0x66, 0x20, 0x28, 0x28, 0x75, 0x5f, 0x67, 0x78, 0x5f, 0x6d, 0x61, // ;.  if ((u_gx_ma
	0x74, 0x65, 0x72, 0x69, 0x61, 0x6c, 0x5f, 0x70, 0x61, 0x72, 0x61, 0x6d, 0x73, 0x2e, 0x78, 0x20, // terial_params.x
	0x3e, 0x20, 0x31, 0x2e, 0x35, 0x29, 0x29, 0x20, 0x7b, 0x0a, 0x20, 0x20, 0x20, 0x20, 0x66, 0x69, // > 1.5)) {.    fi
	0x6e, 0x61, 0x6c, 0x5f, 0x6f, 0x75, 0x74, 0x70, 0x75, 0x74, 0x73, 0x5f, 0x31, 0x20, 0x3d, 0x20, // nal_outputs_1 =
	0x75, 0x5f, 0x67, 0x78, 0x5f, 0x74, 0x65, 0x76, 0x5f, 0x6f, 0x75, 0x74, 0x31, 0x3b, 0x0a, 0x20, // u_gx_tev_out1;.
	0x20, 0x20, 0x20, 0x76, 0x65, 0x63, 0x34, 0x20, 0x74, 0x6d, 0x70, 0x76, 0x61, 0x72, 0x5f, 0x35, //    vec4 tmpvar_5
	0x36, 0x3b, 0x0a, 0x20, 0x20, 0x20, 0x20, 0x69, 0x66, 0x20, 0x28, 0x28, 0x75, 0x5f, 0x67, 0x78, // 6;.    if ((u_gx
	0x5f, 0x74, 0x65, 0x76, 0x5f, 0x6f, 0x75, 0x74, 0x31, 0x2e, 0x7a, 0x20, 0x3c, 0x20, 0x30, 0x2e, // _tev_out1.z < 0.
	0x35, 0x29, 0x29, 0x20, 0x7b, 0x0a, 0x20, 0x20, 0x20, 0x20, 0x20, 0x20, 0x74, 0x6d, 0x70, 0x76, // 5)) {.      tmpv
	0x61, 0x72, 0x5f, 0x35, 0x36, 0x20, 0x3d, 0x20, 0x74, 0x65, 0x78, 0x74, 0x75, 0x72, 0x65, 0x30, // ar_56 = texture0
	0x5f, 0x37, 0x3b, 0x0a, 0x20, 0x20, 0x20, 0x20, 0x7d, 0x20, 0x65, 0x6c, 0x73, 0x65, 0x20, 0x7b, // _7;.    } else {
	0x0a, 0x20, 0x20, 0x20, 0x20, 0x20, 0x20, 0x69, 0x66, 0x20, 0x28, 0x28, 0x75, 0x5f, 0x67, 0x78, // .      if ((u_gx
	0x5f, 0x74, 0x65, 0x76, 0x5f, 0x6f, 0x75, 0x74, 0x31, 0x2e, 0x7a, 0x20, 0x3c, 0x20, 0x31, 0x2e, // _tev_out1.z < 1.
	0x35, 0x29, 0x29, 0x20, 0x7b, 0x0a, 0x20, 0x20, 0x20, 0x20, 0x20, 0x20, 0x20, 0x20, 0x74, 0x6d, // 5)) {.        tm
	0x70, 0x76, 0x61, 0x72, 0x5f, 0x35, 0x36, 0x20, 0x3d, 0x20, 0x74, 0x65, 0x78, 0x74, 0x75, 0x72, // pvar_56 = textur
	0x65, 0x31, 0x5f, 0x36, 0x3b, 0x0a, 0x20, 0x20, 0x20, 0x20, 0x20, 0x20, 0x7d, 0x20, 0x65, 0x6c, // e1_6;.      } el
	0x73, 0x65, 0x20, 0x7b, 0x0a, 0x20, 0x20, 0x20, 0x20, 0x20, 0x20, 0x20, 0x20, 0x74, 0x6d, 0x70, // se {.        tmp
	0x76, 0x61, 0x72, 0x5f, 0x35, 0x36, 0x20, 0x3d, 0x20, 0x74, 0x6d, 0x70, 0x76, 0x61, 0x72, 0x5f, // var_56 = tmpvar_
	0x31, 0x34, 0x3b, 0x0a, 0x20, 0x20, 0x20, 0x20, 0x20, 0x20, 0x7d, 0x3b, 0x0a, 0x20, 0x20, 0x20, // 14;.      };.
	0x20, 0x7d, 0x3b, 0x0a, 0x20, 0x20, 0x20, 0x20, 0x76, 0x65, 0x63, 0x33, 0x20, 0x74, 0x6d, 0x70, //  };.    vec3 tmp
	0x76, 0x61, 0x72, 0x5f, 0x35, 0x37, 0x3b, 0x0a, 0x20, 0x20, 0x20, 0x20, 0x69, 0x66, 0x20, 0x28, // var_57;.    if (
	0x28, 0x75, 0x5f, 0x67, 0x78, 0x5f, 0x74, 0x65, 0x76, 0x5f, 0x63, 0x6f, 0x6c, 0x6f, 0x72, 0x5f, // (u_gx_tev_color_
	0x69, 0x6e, 0x31, 0x2e, 0x78, 0x20, 0x3c, 0x20, 0x30, 0x2e, 0x35, 0x29, 0x29, 0x20, 0x7b, 0x0a, // in1.x < 0.5)) {.
	0x20, 0x20, 0x20, 0x20, 0x20, 0x20, 0x74, 0x6d, 0x70, 0x76, 0x61, 0x72, 0x5f, 0x35, 0x37, 0x20, //       tmpvar_57
	0x3d, 0x20, 0x72, 0x65, 0x67, 0x30, 0x5f, 0x35, 0x32, 0x2e, 0x78, 0x79, 0x7a, 0x3b, 0x0a, 0x20, // = reg0_52.xyz;.
	0x20, 0x20, 0x20, 0x7d, 0x20, 0x65, 0x6c, 0x73, 0x65, 0x20, 0x7b, 0x0a, 0x20, 0x20, 0x20, 0x20, //    } else {.
	0x20, 0x20, 0x69, 0x66, 0x20, 0x28, 0x28, 0x75, 0x5f, 0x67, 0x78, 0x5f, 0x74, 0x65, 0x76, 0x5f, //   if ((u_gx_tev_
	0x63, 0x6f, 0x6c, 0x6f, 0x72, 0x5f, 0x69, 0x6e, 0x31, 0x2e, 0x78, 0x20, 0x3c, 0x20, 0x31, 0x2e, // color_in1.x < 1.
	0x35, 0x29, 0x29, 0x20, 0x7b, 0x0a, 0x20, 0x20, 0x20, 0x20, 0x20, 0x20, 0x20, 0x20, 0x74, 0x6d, // 5)) {.        tm
	0x70, 0x76, 0x61, 0x72, 0x5f, 0x35, 0x37, 0x20, 0x3d, 0x20, 0x72, 0x65, 0x67, 0x30, 0x5f, 0x35, // pvar_57 = reg0_5
	0x32, 0x2e, 0x77, 0x77, 0x77, 0x3b, 0x0a, 0x20, 0x20, 0x20, 0x20, 0x20, 0x20, 0x7d, 0x20, 0x65, // 2.www;.      } e
	0x6c, 0x73, 0x65, 0x20, 0x7b, 0x0a, 0x20, 0x20, 0x20, 0x20, 0x20, 0x20, 0x20, 0x20, 0x69, 0x66, // lse {.        if
	0x20, 0x28, 0x28, 0x75, 0x5f, 0x67, 0x78, 0x5f, 0x74, 0x65, 0x76, 0x5f, 0x63, 0x6f, 0x6c, 0x6f, //  ((u_gx_tev_colo
	0x72, 0x5f, 0x69, 0x6e, 0x31, 0x2e, 0x78, 0x20, 0x3c, 0x20, 0x32, 0x2e, 0x35, 0x29, 0x29, 0x20, // r_in1.x < 2.5))
	0x7b, 0x0a, 0x20, 0x20, 0x20, 0x20, 0x20, 0x20, 0x20, 0x20, 0x20, 0x20, 0x74, 0x6d, 0x70, 0x76, // {.          tmpv
	0x61, 0x72, 0x5f, 0x35, 0x37, 0x20, 0x3d, 0x20, 0x72, 0x65, 0x67, 0x31, 0x5f, 0x35, 0x33, 0x2e, // ar_57 = reg1_53.
	0x78, 0x79, 0x7a, 0x3b, 0x0a, 0x20, 0x20, 0x20, 0x20, 0x20, 0x20, 0x20, 0x20, 0x7d, 0x20, 0x65, // xyz;.        } e
	0x6c, 0x73, 0x65, 0x20, 0x7b, 0x0a, 0x20, 0x20, 0x20, 0x20, 0x20, 0x20, 0x20, 0x20, 0x20, 0x20, // lse {.
	0x69, 0x66, 0x20, 0x28, 0x28, 0x75, 0x5f, 0x67, 0x78, 0x5f, 0x74, 0x65, 0x76, 0x5f, 0x63, 0x6f, // if ((u_gx_tev_co
	0x6c, 0x6f, 0x72, 0x5f, 0x69, 0x6e, 0x31, 0x2e, 0x78, 0x20, 0x3c, 0x20, 0x33, 0x2e, 0x35, 0x29, // lor_in1.x < 3.5)
	0x29, 0x20, 0x7b, 0x0a, 0x20, 0x20, 0x20, 0x20, 0x20, 0x20, 0x20, 0x20, 0x20, 0x20, 0x20, 0x20, // ) {.
	0x74, 0x6d, 0x70, 0x76, 0x61, 0x72, 0x5f, 0x35, 0x37, 0x20, 0x3d, 0x20, 0x72, 0x65, 0x67, 0x31, // tmpvar_57 = reg1
	0x5f, 0x35, 0x33, 0x2e, 0x77, 0x77, 0x77, 0x3b, 0x0a, 0x20, 0x20, 0x20, 0x20, 0x20, 0x20, 0x20, // _53.www;.
	0x20, 0x20, 0x20, 0x7d, 0x20, 0x65, 0x6c, 0x73, 0x65, 0x20, 0x7b, 0x0a, 0x20, 0x20, 0x20, 0x20, //    } else {.
	0x20, 0x20, 0x20, 0x20, 0x20, 0x20, 0x20, 0x20, 0x69, 0x66, 0x20, 0x28, 0x28, 0x75, 0x5f, 0x67, //         if ((u_g
	0x78, 0x5f, 0x74, 0x65, 0x76, 0x5f, 0x63, 0x6f, 0x6c, 0x6f, 0x72, 0x5f, 0x69, 0x6e, 0x31, 0x2e, // x_tev_color_in1.
	0x78, 0x20, 0x3c, 0x20, 0x34, 0x2e, 0x35, 0x29, 0x29, 0x20, 0x7b, 0x0a, 0x20, 0x20, 0x20, 0x20, // x < 4.5)) {.
	0x20, 0x20, 0x20, 0x20, 0x20, 0x20, 0x20, 0x20, 0x20, 0x20, 0x74, 0x6d, 0x70, 0x76, 0x61, 0x72, //           tmpvar
	0x5f, 0x35, 0x37, 0x20, 0x3d, 0x20, 0x72, 0x65, 0x67, 0x32, 0x5f, 0x35, 0x34, 0x2e, 0x78, 0x79, // _57 = reg2_54.xy
	0x7a, 0x3b, 0x0a, 0x20, 0x20, 0x20, 0x20, 0x20, 0x20, 0x20, 0x20, 0x20, 0x20, 0x20, 0x20, 0x7d, // z;.            }
	0x20, 0x65, 0x6c, 0x73, 0x65, 0x20, 0x7b, 0x0a, 0x20, 0x20, 0x20, 0x20, 0x20, 0x20, 0x20, 0x20, //  else {.
	0x20, 0x20, 0x20, 0x20, 0x20, 0x20, 0x69, 0x66, 0x20, 0x28, 0x28, 0x75, 0x5f, 0x67, 0x78, 0x5f, //       if ((u_gx_
	0x74, 0x65, 0x76, 0x5f, 0x63, 0x6f, 0x6c, 0x6f, 0x72, 0x5f, 0x69, 0x6e, 0x31, 0x2e, 0x78, 0x20, // tev_color_in1.x
	0x3c, 0x20, 0x35, 0x2e, 0x35, 0x29, 0x29, 0x20, 0x7b, 0x0a, 0x20, 0x20, 0x20, 0x20, 0x20, 0x20, // < 5.5)) {.
	0x20, 0x20, 0x20, 0x20, 0x20, 0x20, 0x20, 0x20, 0x20, 0x20, 0x74, 0x6d, 0x70, 0x76, 0x61, 0x72, //           tmpvar
	0x5f, 0x35, 0x37, 0x20, 0x3d, 0x20, 0x72, 0x65, 0x67, 0x32, 0x5f, 0x35, 0x34, 0x2e, 0x77, 0x77, // _57 = reg2_54.ww
	0x77, 0x3b, 0x0a, 0x20, 0x20, 0x20, 0x20, 0x20, 0x20, 0x20, 0x20, 0x20, 0x20, 0x20, 0x20, 0x20, // w;.
	0x20, 0x7d, 0x20, 0x65, 0x6c, 0x73, 0x65, 0x20, 0x7b, 0x0a, 0x20, 0x20, 0x20, 0x20, 0x20, 0x20, //  } else {.
	0x20, 0x20, 0x20, 0x20, 0x20, 0x20, 0x20, 0x20, 0x20, 0x20, 0x69, 0x66, 0x20, 0x28, 0x28, 0x75, //           if ((u
	0x5f, 0x67, 0x78, 0x5f, 0x74, 0x65, 0x76, 0x5f, 0x63, 0x6f, 0x6c, 0x6f, 0x72, 0x5f, 0x69, 0x6e, // _gx_tev_color_in
	0x31, 0x2e, 0x78, 0x20, 0x3c, 0x20, 0x36, 0x2e, 0x35, 0x29, 0x29, 0x20, 0x7b, 0x0a, 0x20, 0x20, // 1.x < 6.5)) {.
	0x20, 0x20, 0x20, 0x20, 0x20, 0x20, 0x20, 0x20, 0x20, 0x20, 0x20, 0x20, 0x20, 0x20, 0x20, 0x20, //
	0x74, 0x6d, 0x70, 0x76, 0x61, 0x72, 0x5f, 0x35, 0x37, 0x20, 0x3d, 0x20, 0x72, 0x65, 0x67, 0x33, // tmpvar_57 = reg3
	0x5f, 0x35, 0x35, 0x2e, 0x78, 0x79, 0x7a, 0x3b, 0x0a, 0x20, 0x20, 0x20, 0x20, 0x20, 0x20, 0x20, // _55.xyz;.
	0x20, 0x20, 0x20, 0x20, 0x20, 0x20, 0x20, 0x20, 0x20, 0x7d, 0x20, 0x65, 0x6c, 0x73, 0x65, 0x20, //          } else
	0x7b, 0x0a, 0x20, 0x20, 0x20, 0x20, 0x20, 0x20, 0x20, 0x20, 0x20, 0x20, 0x20, 0x20, 0x20, 0x20, // {.
	0x20, 0x20, 0x20, 0x20, 0x69, 0x66, 0x20, 0x28, 0x28, 0x75, 0x5f, 0x67, 0x78, 0x5f, 0x74, 0x65, //     if ((u_gx_te
	0x76, 0x5f, 0x63, 0x6f, 0x6c, 0x6f, 0x72, 0x5f, 0x69, 0x6e, 0x31, 0x2e, 0x78, 0x20, 0x3c, 0x20, // v_color_in1.x <
	0x37, 0x2e, 0x35, 0x29, 0x29, 0x20, 0x7b, 0x0a, 0x20, 0x20, 0x20, 0x20, 0x20, 0x20, 0x20, 0x20, // 7.5)) {.
	0x20, 0x20, 0x20, 0x20, 0x20, 0x20, 0x20, 0x20, 0x20, 0x20, 0x20, 0x20, 0x74, 0x6d, 0x70, 0x76, //             tmpv
	0x61, 0x72, 0x5f, 0x35, 0x37, 0x20, 0x3d, 0x20, 0x72, 0x65, 0x67, 0x33, 0x5f, 0x35, 0x35, 0x2e, // ar_57 = reg3_55.
	0x77, 0x77, 0x77, 0x3b, 0x0a, 0x20, 0x20, 0x20, 0x20, 0x20, 0x20, 0x20, 0x20, 0x20, 0x20, 0x20, // www;.
	0x20, 0x20, 0x20, 0x20, 0x20, 0x20, 0x20, 0x7d, 0x20, 0x65, 0x6c, 0x73, 0x65, 0x20, 0x7b, 0x0a, //        } else {.
	0x20, 0x20, 0x20, 0x20, 0x20, 0x20, 0x20, 0x20, 0x20, 0x20, 0x20, 0x20, 0x20, 0x20, 0x20, 0x20, //
	0x20, 0x20, 0x20, 0x20, 0x69, 0x66, 0x20, 0x28, 0x28, 0x75, 0x5f, 0x67, 0x78, 0x5f, 0x74, 0x65, //     if ((u_gx_te
	0x76, 0x5f, 0x63, 0x6f, 0x6c, 0x6f, 0x72, 0x5f, 0x69, 0x6e, 0x31, 0x2e, 0x78, 0x20, 0x3c, 0x20, // v_color_in1.x <
	0x38, 0x2e, 0x35, 0x29, 0x29, 0x20, 0x7b, 0x0a, 0x20, 0x20, 0x20, 0x20, 0x20, 0x20, 0x20, 0x20, // 8.5)) {.
	0x20, 0x20, 0x20, 0x20, 0x20, 0x20, 0x20, 0x20, 0x20, 0x20, 0x20, 0x20, 0x20, 0x20, 0x74, 0x6d, //               tm
	0x70, 0x76, 0x61, 0x72, 0x5f, 0x35, 0x37, 0x20, 0x3d, 0x20, 0x74, 0x6d, 0x70, 0x76, 0x61, 0x72, // pvar_57 = tmpvar
	0x5f, 0x35, 0x36, 0x2e, 0x78, 0x79, 0x7a, 0x3b, 0x0a, 0x20, 0x20, 0x20, 0x20, 0x20, 0x20, 0x20, // _56.xyz;.
	0x20, 0x20, 0x20, 0x20, 0x20, 0x20, 0x20, 0x20, 0x20, 0x20, 0x20, 0x20, 0x20, 0x7d, 0x20, 0x65, //              } e
	0x6c, 0x73, 0x65, 0x20, 0x7b, 0x0a, 0x20, 0x20, 0x20, 0x20, 0x20, 0x20, 0x20, 0x20, 0x20, 0x20, // lse {.
	0x20, 0x20, 0x20, 0x20, 0x20, 0x20, 0x20, 0x20, 0x20, 0x20, 0x20, 0x20, 0x69, 0x66, 0x20, 0x28, //             if (
	0x28, 0x75, 0x5f, 0x67, 0x78, 0x5f, 0x74, 0x65, 0x76, 0x5f, 0x63, 0x6f, 0x6c, 0x6f, 0x72, 0x5f, // (u_gx_tev_color_
	0x69, 0x6e, 0x31, 0x2e, 0x78, 0x20, 0x3c, 0x20, 0x39, 0x2e, 0x35, 0x29, 0x29, 0x20, 0x7b, 0x0a, // in1.x < 9.5)) {.
	0x20, 0x20, 0x20, 0x20, 0x20, 0x20, 0x20, 0x20, 0x20, 0x20, 0x20, 0x20, 0x20, 0x20, 0x20, 0x20, //
	0x20, 0x20, 0x20, 0x20, 0x20, 0x20, 0x20, 0x20, 0x74, 0x6d, 0x70, 0x76, 0x61, 0x72, 0x5f, 0x35, //         tmpvar_5
	0x37, 0x20, 0x3d, 0x20, 0x74, 0x6d, 0x70, 0x76, 0x61, 0x72, 0x5f, 0x35, 0x36, 0x2e, 0x77, 0x77, // 7 = tmpvar_56.ww
	0x77, 0x3b, 0x0a, 0x20, 0x20, 0x20, 0x20, 0x20, 0x20, 0x20, 0x20, 0x20, 0x20, 0x20, 0x20, 0x20, // w;.
	0x20, 0x20, 0x20, 0x20, 0x20, 0x20, 0x20, 0x20, 0x20, 0x7d, 0x20, 0x65, 0x6c, 0x73, 0x65, 0x20, //          } else
	0x7b, 0x0a, 0x20, 0x20, 0x20, 0x20, 0x20, 0x20, 0x20, 0x20, 0x20, 0x20, 0x20, 0x20, 0x20, 0x20, // {.
	0x20, 0x20, 0x20, 0x20, 0x20, 0x20, 0x20, 0x20, 0x20, 0x20, 0x69, 0x66, 0x20, 0x28, 0x28, 0x75, //           if ((u
	0x5f, 0x67, 0x78, 0x5f, 0x74, 0x65, 0x76, 0x5f, 0x63, 0x6f, 0x6c, 0x6f, 0x72, 0x5f, 0x69, 0x6e, // _gx_tev_color_in
	0x31, 0x2e, 0x78, 0x20, 0x3c, 0x20, 0x31, 0x30, 0x2e, 0x35, 0x29, 0x29, 0x20, 0x7b, 0x0a, 0x20, // 1.x < 10.5)) {.
	0x20, 0x20, 0x20, 0x20, 0x20, 0x20, 0x20, 0x20, 0x20, 0x20, 0x20, 0x20, 0x20, 0x20, 0x20, 0x20, //
	0x20, 0x20, 0x20, 0x20, 0x20, 0x20, 0x20, 0x20, 0x20, 0x74, 0x6d, 0x70, 0x76, 0x61, 0x72, 0x5f, //          tmpvar_
	0x35, 0x37, 0x20, 0x3d, 0x20, 0x76, 0x5f, 0x63, 0x6f, 0x6c, 0x6f, 0x72, 0x30, 0x2e, 0x78, 0x79, // 57 = v_color0.xy
	0x7a, 0x3b, 0x0a, 0x20, 0x20, 0x20, 0x20, 0x20, 0x20, 0x20, 0x20, 0x20, 0x20, 0x20, 0x20, 0x20, // z;.
	0x20, 0x20, 0x20, 0x20, 0x20, 0x20, 0x20, 0x20, 0x20, 0x20, 0x20, 0x7d, 0x20, 0x65, 0x6c, 0x73, //            } els
	0x65, 0x20, 0x7b, 0x0a, 0x20, 0x20, 0x20, 0x20, 0x20, 0x20, 0x20, 0x20, 0x20, 0x20, 0x20, 0x20, // e {.
	0x20, 0x20, 0x20, 0x20, 0x20, 0x20, 0x20, 0x20, 0x20, 0x20, 0x20, 0x20, 0x20, 0x20, 0x69, 0x66, //               if
	0x20, 0x28, 0x28, 0x75, 0x5f, 0x67, 0x78, 0x5f, 0x74, 0x65, 0x76, 0x5f, 0x63, 0x6f, 0x6c, 0x6f, //  ((u_gx_tev_colo
	0x72, 0x5f, 0x69, 0x6e, 0x31, 0x2e, 0x78, 0x20, 0x3c, 0x20, 0x31, 0x31, 0x2e, 0x35, 0x29, 0x29, // r_in1.x < 11.5))
	0x20, 0x7b, 0x0a, 0x20, 0x20, 0x20, 0x20, 0x20, 0x20, 0x20, 0x20, 0x20, 0x20, 0x20, 0x20, 0x20, //  {.
	0x20, 0x20, 0x20, 0x20, 0x20, 0x20, 0x20, 0x20, 0x20, 0x20, 0x20, 0x20, 0x20, 0x20, 0x20, 0x74, //                t
	0x6d, 0x70, 0x76, 0x61, 0x72, 0x5f, 0x35, 0x37, 0x20, 0x3d, 0x20, 0x76, 0x5f, 0x63, 0x6f, 0x6c, // mpvar_57 = v_col
	0x6f, 0x72, 0x30, 0x2e, 0x77, 0x77, 0x77, 0x3b, 0x0a, 0x20, 0x20, 0x20, 0x20, 0x20, 0x20, 0x20, // or0.www;.
	0x20, 0x20, 0x20, 0x20, 0x20, 0x20, 0x20, 0x20, 0x20, 0x20, 0x20, 0x20, 0x20, 0x20, 0x20, 0x20, //
	0x20, 0x20, 0x20, 0x7d, 0x20, 0x65, 0x6c, 0x73, 0x65, 0x20, 0x7b, 0x0a, 0x20, 0x20, 0x20, 0x20, //    } else {.
	0x20, 0x20, 0x20, 0x20, 0x20, 0x20, 0x20, 0x20, 0x20, 0x20, 0x20, 0x20, 0x20, 0x20, 0x20, 0x20, //
	0x20, 0x20, 0x20, 0x20, 0x20, 0x20, 0x20, 0x20, 0x69, 0x66, 0x20, 0x28, 0x28, 0x75, 0x5f, 0x67, //         if ((u_g
	0x78, 0x5f, 0x74, 0x65, 0x76, 0x5f, 0x63, 0x6f, 0x6c, 0x6f, 0x72, 0x5f, 0x69, 0x6e, 0x31, 0x2e, // x_tev_color_in1.
	0x78, 0x20, 0x3c, 0x20, 0x31, 0x32, 0x2e, 0x35, 0x29, 0x29, 0x20, 0x7b, 0x0a, 0x20, 0x20, 0x20, // x < 12.5)) {.
	0x20, 0x20, 0x20, 0x20, 0x20, 0x20, 0x20, 0x20, 0x20, 0x20, 0x20, 0x20, 0x20, 0x20, 0x20, 0x20, //
	0x20, 0x20, 0x20, 0x20, 0x20, 0x20, 0x20, 0x20, 0x20, 0x20, 0x20, 0x74, 0x6d, 0x70, 0x76, 0x61, //            tmpva
	0x72, 0x5f, 0x35, 0x37, 0x20, 0x3d, 0x20, 0x76, 0x65, 0x63, 0x33, 0x28, 0x31, 0x2e, 0x30, 0x2c, // r_57 = vec3(1.0,
	0x20, 0x31, 0x2e, 0x30, 0x2c, 0x20, 0x31, 0x2e, 0x30, 0x29, 0x3b, 0x0a, 0x20, 0x20, 0x20, 0x20, //  1.0, 1.0);.
	0x20, 0x20, 0x20, 0x20, 0x20, 0x20, 0x20, 0x20, 0x20, 0x20, 0x20, 0x20, 0x20, 0x20, 0x20, 0x20, //
	0x20, 0x20, 0x20, 0x20, 0x20, 0x20, 0x20, 0x20, 0x7d, 0x20, 0x65, 0x6c, 0x73, 0x65, 0x20, 0x7b, //         } else {
	0x0a, 0x20, 0x20, 0x20, 0x20, 0x20, 0x20, 0x20, 0x20, 0x20, 0x20, 0x20, 0x20, 0x20, 0x20, 0x20, // .
	0x20, 0x20, 0x20, 0x20, 0x20, 0x20, 0x20, 0x20, 0x20, 0x20, 0x20, 0x20, 0x20, 0x20, 0x20, 0x69, //                i
	0x66, 0x20, 0x28, 0x28, 0x75, 0x5f, 0x67, 0x78, 0x5f, 0x74, 0x65, 0x76, 0x5f, 0x63, 0x6f, 0x6c, // f ((u_gx_tev_col
	0x6f, 0x72, 0x5f, 0x69, 0x6e, 0x31, 0x2e, 0x78, 0x20, 0x3c, 0x20, 0x31, 0x33, 0x2e, 0x35, 0x29, // or_in1.x < 13.5)
	0x29, 0x20, 0x7b, 0x0a, 0x20, 0x20, 0x20, 0x20, 0x20, 0x20, 0x20, 0x20, 0x20, 0x20, 0x20, 0x20, // ) {.
	0x20, 0x20, 0x20, 0x20, 0x20, 0x20, 0x20, 0x20, 0x20, 0x20, 0x20, 0x20, 0x20, 0x20, 0x20, 0x20, //
	0x20, 0x20, 0x20, 0x20, 0x74, 0x6d, 0x70, 0x76, 0x61, 0x72, 0x5f, 0x35, 0x37, 0x20, 0x3d, 0x20, //     tmpvar_57 =
	0x76, 0x65, 0x63, 0x33, 0x28, 0x30, 0x2e, 0x35, 0x30, 0x31, 0x39, 0x36, 0x30, 0x38, 0x2c, 0x20, // vec3(0.5019608,
	0x30, 0x2e, 0x35, 0x30, 0x31, 0x39, 0x36, 0x30, 0x38, 0x2c, 0x20, 0x30, 0x2e, 0x35, 0x30, 0x31, // 0.5019608, 0.501
	0x39, 0x36, 0x30, 0x38, 0x29, 0x3b, 0x0a, 0x20, 0x20, 0x20, 0x20, 0x20, 0x20, 0x20, 0x20, 0x20, // 9608);.
	0x20, 0x20, 0x20, 0x20, 0x20, 0x20, 0x20, 0x20, 0x20, 0x20, 0x20, 0x20, 0x20, 0x20, 0x20, 0x20, //
	0x20, 0x20, 0x20, 0x20, 0x20, 0x7d, 0x20, 0x65, 0x6c, 0x73, 0x65, 0x20, 0x7b, 0x0a, 0x20, 0x20, //      } else {.
	0x20, 0x20, 0x20, 0x20, 0x20, 0x20, 0x20, 0x20, 0x20, 0x20, 0x20, 0x20, 0x20, 0x20, 0x20, 0x20, //
	0x20, 0x20, 0x20, 0x20, 0x20, 0x20, 0x20, 0x20, 0x20, 0x20, 0x20, 0x20, 0x20, 0x20, 0x69, 0x66, //               if
	0x20, 0x28, 0x28, 0x75, 0x5f, 0x67, 0x78, 0x5f, 0x74, 0x65, 0x76, 0x5f, 0x63, 0x6f, 0x6c, 0x6f, //  ((u_gx_tev_colo
	0x72, 0x5f, 0x69, 0x6e, 0x31, 0x2e, 0x78, 0x20, 0x3c, 0x20, 0x31, 0x34, 0x2e, 0x35, 0x29, 0x29, // r_in1.x < 14.5))
	0x20, 0x7b, 0x0a, 0x20, 0x20, 0x20, 0x20, 0x20, 0x20, 0x20, 0x20, 0x20, 0x20, 0x20, 0x20, 0x20, //  {.
	0x20, 0x20, 0x20, 0x20, 0x20, 0x20, 0x20, 0x20, 0x20, 0x20, 0x20, 0x20, 0x20, 0x20, 0x20, 0x20, //
	0x20, 0x20, 0x20, 0x20, 0x20, 0x74, 0x6d, 0x70, 0x76, 0x61, 0x72, 0x5f, 0x35, 0x37, 0x20, 0x3d, //      tmpvar_57 =
	0x20, 0x75, 0x5f, 0x67, 0x78, 0x5f, 0x74, 0x65, 0x76, 0x5f, 0x6b, 0x6f, 0x6e, 0x73, 0x74, 0x31, //  u_gx_tev_konst1
	0x2e, 0x78, 0x79, 0x7a, 0x3b, 0x0a, 0x20, 0x20, 0x20, 0x20, 0x20, 0x20, 0x20, 0x20, 0x20, 0x20, // .xyz;.
	0x20, 0x20, 0x20, 0x20, 0x20, 0x20, 0x20, 0x20, 0x20, 0x20, 0x20, 0x20, 0x20, 0x20, 0x20, 0x20, //
	0x20, 0x20, 0x20, 0x20, 0x20, 0x20, 0x7d, 0x20, 0x65, 0x6c, 0x73, 0x65, 0x20, 0x7b, 0x0a, 0x20, //       } else {.
	0x20, 0x20, 0x20, 0x20, 0x20, 0x20, 0x20, 0x20, 0x20, 0x20, 0x20, 0x20, 0x20, 0x20, 0x20, 0x20, //
	0x20, 0x20, 0x20, 0x20, 0x20, 0x20, 0x20, 0x20, 0x20, 0x20, 0x20, 0x20, 0x20, 0x20, 0x20, 0x20, //
	0x20, 0x74, 0x6d, 0x70, 0x76, 0x61, 0x72, 0x5f, 0x35, 0x37, 0x20, 0x3d, 0x20, 0x76, 0x65, 0x63, //  tmpvar_57 = vec
	0x33, 0x28, 0x30, 0x2e, 0x30, 0x2c, 0x20, 0x30, 0x2e, 0x30, 0x2c, 0x20, 0x30, 0x2e, 0x30, 0x29, // 3(0.0, 0.0, 0.0)
	0x3b, 0x0a, 0x20, 0x20, 0x20, 0x20, 0x20, 0x20, 0x20, 0x20, 0x20, 0x20, 0x20, 0x20, 0x20, 0x20, // ;.
	0x20, 0x20, 0x20, 0x20, 0x20, 0x20, 0x20, 0x20, 0x20, 0x20, 0x20, 0x20, 0x20, 0x20, 0x20, 0x20, //
	0x20, 0x20, 0x7d, 0x3b, 0x0a, 0x20, 0x20, 0x20, 0x20, 0x20, 0x20, 0x20, 0x20, 0x20, 0x20, 0x20, //   };.
	0x20, 0x20, 0x20, 0x20, 0x20, 0x20, 0x20, 0x20, 0x20, 0x20, 0x20, 0x20, 0x20, 0x20, 0x20, 0x20, //
	0x20, 0x20, 0x20, 0x7d, 0x3b, 0x0a, 0x20, 0x20, 0x20, 0x20, 0x20, 0x20, 0x20, 0x20, 0x20, 0x20, //    };.
	0x20, 0x20, 0x20, 0x20, 0x20, 0x20, 0x20, 0x20, 0x20, 0x20, 0x20, 0x20, 0x20, 0x20, 0x20, 0x20, //
	0x20, 0x20, 0x7d, 0x3b, 0x0a, 0x20, 0x20, 0x20, 0x20, 0x20, 0x20, 0x20, 0x20, 0x20, 0x20, 0x20, //   };.
	0x20, 0x20, 0x20, 0x20, 0x20, 0x20, 0x20, 0x20, 0x20, 0x20, 0x20, 0x20, 0x20, 0x20, 0x20, 0x7d, //                }
	0x3b, 0x0a, 0x20, 0x20, 0x20, 0x20, 0x20, 0x20, 0x20, 0x20, 0x20, 0x20, 0x20, 0x20, 0x20, 0x20, // ;.
	0x20, 0x20, 0x20, 0x20, 0x20, 0x20, 0x20, 0x20, 0x20, 0x20, 0x7d, 0x3b, 0x0a, 0x20, 0x20, 0x20, //           };.
	0x20, 0x20, 0x20, 0x20, 0x20, 0x20, 0x20, 0x20, 0x20, 0x20, 0x20, 0x20, 0x20, 0x20, 0x20, 0x20, //
	0x20, 0x20, 0x20, 0x7d, 0x3b, 0x0a, 0x20, 0x20, 0x20, 0x20, 0x20, 0x20, 0x20, 0x20, 0x20, 0x20, //    };.
	0x20, 0x20, 0x20, 0x20, 0x20, 0x20, 0x20, 0x20, 0x20, 0x20, 0x7d, 0x3b, 0x0a, 0x20, 0x20, 0x20, //           };.
	0x20, 0x20, 0x20, 0x20, 0x20, 0x20, 0x20, 0x20, 0x20, 0x20, 0x20, 0x20, 0x20, 0x20, 0x20, 0x7d, //                }
	0x3b, 0x0a, 0x20, 0x20, 0x20, 0x20, 0x20, 0x20, 0x20, 0x20, 0x20, 0x20, 0x20, 0x20, 0x20, 0x20, // ;.
	0x20, 0x20, 0x7d, 0x3b, 0x0a, 0x20, 0x20, 0x20, 0x20, 0x20, 0x20, 0x20, 0x20, 0x20, 0x20, 0x20, //   };.
	0x20, 0x20, 0x20, 0x7d, 0x3b, 0x0a, 0x20, 0x20, 0x20, 0x20, 0x20, 0x20, 0x20, 0x20, 0x20, 0x20, //    };.
	0x20, 0x20, 0x7d, 0x3b, 0x0a, 0x20, 0x20, 0x20, 0x20, 0x20, 0x20, 0x20, 0x20, 0x20, 0x20, 0x7d, //   };.          }
	0x3b, 0x0a, 0x20, 0x20, 0x20, 0x20, 0x20, 0x20, 0x20, 0x20, 0x7d, 0x3b, 0x0a, 0x20, 0x20, 0x20, // ;.        };.
	0x20, 0x20, 0x20, 0x7d, 0x3b, 0x0a, 0x20, 0x20, 0x20, 0x20, 0x7d, 0x3b, 0x0a, 0x20, 0x20, 0x20, //    };.    };.
	0x20, 0x76, 0x65, 0x63, 0x33, 0x20, 0x74, 0x6d, 0x70, 0x76, 0x61, 0x72, 0x5f, 0x35, 0x38, 0x3b, //  vec3 tmpvar_58;
	0x0a, 0x20, 0x20, 0x20, 0x20, 0x69, 0x66, 0x20, 0x28, 0x28, 0x75, 0x5f, 0x67, 0x78, 0x5f, 0x74, // .    if ((u_gx_t
	0x65, 0x76, 0x5f, 0x63, 0x6f, 0x6c, 0x6f, 0x72, 0x5f, 0x69, 0x6e, 0x31, 0x2e, 0x79, 0x20, 0x3c, // ev_color_in1.y <
	0x20, 0x30, 0x2e, 0x35, 0x29, 0x29, 0x20, 0x7b, 0x0a, 0x20, 0x20, 0x20, 0x20, 0x20, 0x20, 0x74, //  0.5)) {.      t
	0x6d, 0x70, 0x76, 0x61, 0x72, 0x5f, 0x35, 0x38, 0x20, 0x3d, 0x20, 0x72, 0x65, 0x67, 0x30, 0x5f, // mpvar_58 = reg0_
	0x35, 0x32, 0x2e, 0x78, 0x79, 0x7a, 0x3b, 0x0a, 0x20, 0x20, 0x20, 0x20, 0x7d, 0x20, 0x65, 0x6c, // 52.xyz;.    } el
	0x73, 0x65, 0x20, 0x7b, 0x0a, 0x20, 0x20, 0x20, 0x20, 0x20, 0x20, 0x69, 0x66, 0x20, 0x28, 0x28, // se {.      if ((
	0x75, 0x5f, 0x67, 0x78, 0x5f, 0x74, 0x65, 0x76, 0x5f, 0x63, 0x6f, 0x6c, 0x6f, 0x72, 0x5f, 0x69, // u_gx_tev_color_i
	0x6e, 0x31, 0x2e, 0x79, 0x20, 0x3c, 0x20, 0x31, 0x2e, 0x35, 0x29, 0x29, 0x20, 0x7b, 0x0a, 0x20, // n1.y < 1.5)) {.
	0x20, 0x20, 0x20, 0x20, 0x20, 0x20, 0x20, 0x74, 0x6d, 0x70, 0x76, 0x61, 0x72, 0x5f, 0x35, 0x38, //        tmpvar_58
	0x20, 0x3d, 0x20, 0x72, 0x65, 0x67, 0x30, 0x5f, 0x35, 0x32, 0x2e, 0x77, 0x77, 0x77, 0x3b, 0x0a, //  = reg0_52.www;.
	0x20, 0x20, 0x20, 0x20, 0x20, 0x20, 0x7d, 0x20, 0x65, 0x6c, 0x73, 0x65, 0x20, 0x7b, 0x0a, 0x20, //       } else {.
	0x20, 0x20, 0x20, 0x20, 0x20, 0x20, 0x20, 0x69, 0x66, 0x20, 0x28, 0x28, 0x75, 0x5f, 0x67, 0x78, //        if ((u_gx
	0x5f, 0x74, 0x65, 0x76, 0x5f, 0x63, 0x6f, 0x6c, 0x6f, 0x72, 0x5f, 0x69, 0x6e, 0x31, 0x2e, 0x79, // _tev_color_in1.y
	0x20, 0x3c, 0x20, 0x32, 0x2e, 0x35, 0x29, 0x29, 0x20, 0x7b, 0x0a, 0x20, 0x20, 0x20, 0x20, 0x20, //  < 2.5)) {.
	0x20, 0x20, 0x20, 0x20, 0x20, 0x74, 0x6d, 0x70, 0x76, 0x61, 0x72, 0x5f, 0x35, 0x38, 0x20, 0x3d, //      tmpvar_58 =
	0x20, 0x72, 0x65, 0x67, 0x31, 0x5f, 0x35, 0x33, 0x2e, 0x78, 0x79, 0x7a, 0x3b, 0x0a, 0x20, 0x20, //  reg1_53.xyz;.
	0x20, 0x20, 0x20, 0x20, 0x20, 0x20, 0x7d, 0x20, 0x65, 0x6c, 0x73, 0x65, 0x20, 0x7b, 0x0a, 0x20, //       } else {.
	0x20, 0x20, 0x20, 0x20, 0x20, 0x20, 0x20, 0x20, 0x20, 0x69, 0x66, 0x20, 0x28, 0x28, 0x75, 0x5f, //          if ((u_
	0x67, 0x78, 0x5f, 0x74, 0x65, 0x76, 0x5f, 0x63, 0x6f, 0x6c, 0x6f, 0x72, 0x5f, 0x69, 0x6e, 0x31, // gx_tev_color_in1
	0x2e, 0x79, 0x20, 0x3c, 0x20, 0x33, 0x2e, 0x35, 0x29, 0x29, 0x20, 0x7b, 0x0a, 0x20, 0x20, 0x20, // .y < 3.5)) {.
	0x20, 0x20, 0x20, 0x20, 0x20, 0x20, 0x20, 0x20, 0x20, 0x74, 0x6d, 0x70, 0x76, 0x61, 0x72, 0x5f, //          tmpvar_
	0x35, 0x38, 0x20, 0x3d, 0x20, 0x72, 0x65, 0x67, 0x31, 0x5f, 0x35, 0x33, 0x2e, 0x77, 0x77, 0x77, // 58 = reg1_53.www
	0x3b, 0x0a, 0x20, 0x20, 0x20, 0x20, 0x20, 0x20, 0x20, 0x20, 0x20, 0x20, 0x7d, 0x20, 0x65, 0x6c, // ;.          } el
	0x73, 0x65, 0x20, 0x7b, 0x0a, 0x20, 0x20, 0x20, 0x20, 0x20, 0x20, 0x20, 0x20, 0x20, 0x20, 0x20, // se {.
	0x20, 0x69, 0x66, 0x20, 0x28, 0x28, 0x75, 0x5f, 0x67, 0x78, 0x5f, 0x74, 0x65, 0x76, 0x5f, 0x63, //  if ((u_gx_tev_c
	0x6f, 0x6c, 0x6f, 0x72, 0x5f, 0x69, 0x6e, 0x31, 0x2e, 0x79, 0x20, 0x3c, 0x20, 0x34, 0x2e, 0x35, // olor_in1.y < 4.5
	0x29, 0x29, 0x20, 0x7b, 0x0a, 0x20, 0x20, 0x20, 0x20, 0x20, 0x20, 0x20, 0x20, 0x20, 0x20, 0x20, // )) {.
	0x20, 0x20, 0x20, 0x74, 0x6d, 0x70, 0x76, 0x61, 0x72, 0x5f, 0x35, 0x38, 0x20, 0x3d, 0x20, 0x72, //    tmpvar_58 = r
	0x65, 0x67, 0x32, 0x5f, 0x35, 0x34, 0x2e, 0x78, 0x79, 0x7a, 0x3b, 0x0a, 0x20, 0x20, 0x20, 0x20, // eg2_54.xyz;.
	0x20, 0x20, 0x20, 0x20, 0x20, 0x20, 0x20, 0x20, 0x7d, 0x20, 0x65, 0x6c, 0x73, 0x65, 0x20, 0x7b, //         } else {
	0x0a, 0x20, 0x20, 0x20, 0x20, 0x20, 0x20, 0x20, 0x20, 0x20, 0x20, 0x20, 0x20, 0x20, 0x20, 0x69, // .              i
	0x66, 0x20, 0x28, 0x28, 0x75, 0x5f, 0x67, 0x78, 0x5f, 0x74, 0x65, 0x76, 0x5f, 0x63, 0x6f, 0x6c, // f ((u_gx_tev_col
	0x6f, 0x72, 0x5f, 0x69, 0x6e, 0x31, 0x2e, 0x79, 0x20, 0x3c, 0x20, 0x35, 0x2e, 0x35, 0x29, 0x29, // or_in1.y < 5.5))
	0x20, 0x7b, 0x0a, 0x20, 0x20, 0x20, 0x20, 0x20, 0x20, 0x20, 0x20, 0x20, 0x20, 0x20, 0x20, 0x20, //  {.
	0x20, 0x20, 0x20, 0x74, 0x6d, 0x70, 0x76, 0x61, 0x72, 0x5f, 0x35, 0x38, 0x20, 0x3d, 0x20, 0x72, //    tmpvar_58 = r
	0x65, 0x67, 0x32, 0x5f, 0x35, 0x34, 0x2e, 0x77, 0x77, 0x77, 0x3b, 0x0a, 0x20, 0x20, 0x20, 0x20, // eg2_54.www;.
	0x20, 0x20, 0x20, 0x20, 0x20, 0x20, 0x20, 0x20, 0x20, 0x20, 0x7d, 0x20, 0x65, 0x6c, 0x73, 0x65, //           } else
	0x20, 0x7b, 0x0a, 0x20, 0x20, 0x20, 0x20, 0x20, 0x20, 0x20, 0x20, 0x20, 0x20, 0x20, 0x20, 0x20, //  {.
	0x20, 0x20, 0x20, 0x69, 0x66, 0x20, 0x28, 0x28, 0x75, 0x5f, 0x67, 0x78, 0x5f, 0x74, 0x65, 0x76, //    if ((u_gx_tev
	0x5f, 0x63, 0x6f, 0x6c, 0x6f, 0x72, 0x5f, 0x69, 0x6e, 0x31, 0x2e, 0x79, 0x20, 0x3c, 0x20, 0x36, // _color_in1.y < 6
	0x2e, 0x35, 0x29, 0x29, 0x20, 0x7b, 0x0a, 0x20, 0x20, 0x20, 0x20, 0x20, 0x20, 0x20, 0x20, 0x20, // .5)) {.
	0x20, 0x20, 0x20, 0x20, 0x20, 0x20, 0x20, 0x20, 0x20, 0x74, 0x6d, 0x70, 0x76, 0x61, 0x72, 0x5f, //          tmpvar_
	0x35, 0x38, 0x20, 0x3d, 0x20, 0x72, 0x65, 0x67, 0x33, 0x5f, 0x35, 0x35, 0x2e, 0x78, 0x79, 0x7a, // 58 = reg3_55.xyz
	0x3b, 0x0a, 0x20, 0x20, 0x20, 0x20, 0x20, 0x20, 0x20, 0x20, 0x20, 0x20, 0x20, 0x20, 0x20, 0x20, // ;.
	0x20, 0x20, 0x7d, 0x20, 0x65, 0x6c, 0x73, 0x65, 0x20, 0x7b, 0x0a, 0x20, 0x20, 0x20, 0x20, 0x20, //   } else {.
	0x20, 0x20, 0x20, 0x20, 0x20, 0x20, 0x20, 0x20, 0x20, 0x20, 0x20, 0x20, 0x20, 0x69, 0x66, 0x20, //              if
	0x28, 0x28, 0x75, 0x5f, 0x67, 0x78, 0x5f, 0x74, 0x65, 0x76, 0x5f, 0x63, 0x6f, 0x6c, 0x6f, 0x72, // ((u_gx_tev_color
	0x5f, 0x69, 0x6e, 0x31, 0x2e, 0x79, 0x20, 0x3c, 0x20, 0x37, 0x2e, 0x35, 0x29, 0x29, 0x20, 0x7b, // _in1.y < 7.5)) {
	0x0a, 0x20, 0x20, 0x20, 0x20, 0x20, 0x20, 0x20, 0x20, 0x20, 0x20, 0x20, 0x20, 0x20, 0x20, 0x20, // .
	0x20, 0x20, 0x20, 0x20, 0x20, 0x74, 0x6d, 0x70, 0x76, 0x61, 0x72, 0x5f, 0x35, 0x38, 0x20, 0x3d, //      tmpvar_58 =
	0x20, 0x72, 0x65, 0x67, 0x33, 0x5f, 0x35, 0x35, 0x2e, 0x77, 0x77, 0x77, 0x3b, 0x0a, 0x20, 0x20, //  reg3_55.www;.
	0x20, 0x20, 0x20, 0x20, 0x20, 0x20, 0x20, 0x20, 0x20, 0x20, 0x20, 0x20, 0x20, 0x20, 0x20, 0x20, //
	0x7d, 0x20, 0x65, 0x6c, 0x73, 0x65, 0x20, 0x7b, 0x0a, 0x20, 0x20, 0x20, 0x20, 0x20, 0x20, 0x20, // } else {.
	0x20, 0x20, 0x20, 0x20, 0x20, 0x20, 0x20, 0x20, 0x20, 0x20, 0x20, 0x20, 0x20, 0x69, 0x66, 0x20, //              if
	0x28, 0x28, 0x75, 0x5f, 0x67, 0x78, 0x5f, 0x74, 0x65, 0x76, 0x5f, 0x63, 0x6f, 0x6c, 0x6f, 0x72, // ((u_gx_tev_color
	0x5f, 0x69, 0x6e, 0x31, 0x2e, 0x79, 0x20, 0x3c, 0x20, 0x38, 0x2e, 0x35, 0x29, 0x29, 0x20, 0x7b, // _in1.y < 8.5)) {
	0x0a, 0x20, 0x20, 0x20, 0x20, 0x20, 0x20, 0x20, 0x20, 0x20, 0x20, 0x20, 0x20, 0x20, 0x20, 0x20, // .
	0x20, 0x20, 0x20, 0x20, 0x20, 0x20, 0x20, 0x74, 0x6d, 0x70, 0x76, 0x61, 0x72, 0x5f, 0x35, 0x38, //        tmpvar_58
	0x20, 0x3d, 0x20, 0x74, 0x6d, 0x70, 0x76, 0x61, 0x72, 0x5f, 0x35, 0x36, 0x2e, 0x78, 0x79, 0x7a, //  = tmpvar_56.xyz
	0x3b, 0x0a, 0x20, 0x20, 0x20, 0x20, 0x20, 0x20, 0x20, 0x20, 0x20, 0x20, 0x20, 0x20, 0x20, 0x20, // ;.
	0x20, 0x20, 0x20, 0x20, 0x20, 0x20, 0x7d, 0x20, 0x65, 0x6c, 0x73, 0x65, 0x20, 0x7b, 0x0a, 0x20, //       } else {.
	0x20, 0x20, 0x20, 0x20, 0x20, 0x20, 0x20, 0x20, 0x20, 0x20, 0x20, 0x20, 0x20, 0x20, 0x20, 0x20, //
	0x20, 0x20, 0x20, 0x20, 0x20, 0x69, 0x66, 0x20, 0x28, 0x28, 0x75, 0x5f, 0x67, 0x78, 0x5f, 0x74, //      if ((u_gx_t
	0x65, 0x76, 0x5f, 0x63, 0x6f, 0x6c, 0x6f, 0x72, 0x5f, 0x69, 0x6e, 0x31, 0x2e, 0x79, 0x20, 0x3c, // ev_color_in1.y <
	0x20, 0x39, 0x2e, 0x35, 0x29, 0x29, 0x20, 0x7b, 0x0a, 0x20, 0x20, 0x20, 0x20, 0x20, 0x20, 0x20, //  9.5)) {.
	0x20, 0x20, 0x20, 0x20, 0x20, 0x20, 0x20, 0x20, 0x20, 0x20, 0x20, 0x20, 0x20, 0x20, 0x20, 0x20, //
	0x20, 0x74, 0x6d, 0x70, 0x76, 0x61, 0x72, 0x5f, 0x35, 0x38, 0x20, 0x3d, 0x20, 0x74, 0x6d, 0x70, //  tmpvar_58 = tmp
	0x76, 0x61, 0x72, 0x5f, 0x35, 0x36, 0x2e, 0x77, 0x77, 0x77, 0x3b, 0x0a, 0x20, 0x20, 0x20, 0x20, // var_56.www;.
	0x20, 0x20, 0x20, 0x20, 0x20, 0x20, 0x20, 0x20, 0x20, 0x20, 0x20, 0x20, 0x20, 0x20, 0x20, 0x20, //
	0x20, 0x20, 0x7d, 0x20, 0x65, 0x6c, 0x73, 0x65, 0x20, 0x7b, 0x0a, 0x20, 0x20, 0x20, 0x20, 0x20, //   } else {.
	0x20, 0x20, 0x20, 0x20, 0x20, 0x20, 0x20, 0x20, 0x20, 0x20, 0x20, 0x20, 0x20, 0x20, 0x20, 0x20, //
	0x20, 0x20, 0x20, 0x69, 0x66, 0x20, 0x28, 0x28, 0x75, 0x5f, 0x67, 0x78, 0x5f, 0x74, 0x65, 0x76, //    if ((u_gx_tev
	0x5f, 0x63, 0x6f, 0x6c, 0x6f, 0x72, 0x5f, 0x69, 0x6e, 0x31, 0x2e, 0x79, 0x20, 0x3c, 0x20, 0x31, // _color_in1.y < 1
	0x30, 0x2e, 0x35, 0x29, 0x29, 0x20, 0x7b, 0x0a, 0x20, 0x20, 0x20, 0x20, 0x20, 0x20, 0x20, 0x20, // 0.5)) {.
	0x20, 0x20, 0x20, 0x20, 0x20, 0x20, 0x20, 0x20, 0x20, 0x20, 0x20, 0x20, 0x20, 0x20, 0x20, 0x20, //
	0x20, 0x20, 0x74, 0x6d, 0x70, 0x76, 0x61, 0x72, 0x5f, 0x35, 0x38, 0x20, 0x3d, 0x20, 0x76, 0x5f, //   tmpvar_58 = v_
	0x63, 0x6f, 0x6c, 0x6f, 0x72, 0x30, 0x2e, 0x78, 0x79, 0x7a, 0x3b, 0x0a, 0x20, 0x20, 0x20, 0x20, // color0.xyz;.
	0x20, 0x20, 0x20, 0x20, 0x20, 0x20, 0x20, 0x20, 0x20, 0x20, 0x20, 0x20, 0x20, 0x20, 0x20, 0x20, //
	0x20, 0x20, 0x20, 0x20, 0x7d, 0x20, 0x65, 0x6c, 0x73, 0x65, 0x20, 0x7b, 0x0a, 0x20, 0x20, 0x20, //     } else {.
	0x20, 0x20, 0x20, 0x20, 0x20, 0x20, 0x20, 0x20, 0x20, 0x20, 0x20, 0x20, 0x20, 0x20, 0x20, 0x20, //
	0x20, 0x20, 0x20, 0x20, 0x20, 0x20, 0x20, 0x69, 0x66, 0x20, 0x28, 0x28, 0x75, 0x5f, 0x67, 0x78, //        if ((u_gx
	0x5f, 0x74, 0x65, 0x76, 0x5f, 0x63, 0x6f, 0x6c, 0x6f, 0x72, 0x5f, 0x69, 0x6e, 0x31, 0x2e, 0x79, // _tev_color_in1.y
	0x20, 0x3c, 0x20, 0x31, 0x31, 0x2e, 0x35, 0x29, 0x29, 0x20, 0x7b, 0x0a, 0x20, 0x20, 0x20, 0x20, //  < 11.5)) {.
	0x20, 0x20, 0x20, 0x20, 0x20, 0x20, 0x20, 0x20, 0x20, 0x20, 0x20, 0x20, 0x20, 0x20, 0x20, 0x20, //
	0x20, 0x20, 0x20, 0x20, 0x20, 0x20, 0x20, 0x20, 0x74, 0x6d, 0x70, 0x76, 0x61, 0x72, 0x5f, 0x35, //         tmpvar_5
	0x38, 0x20, 0x3d, 0x20, 0x76, 0x5f, 0x63, 0x6f, 0x6c, 0x6f, 0x72, 0x30, 0x2e, 0x77, 0x77, 0x77, // 8 = v_color0.www
	0x3b, 0x0a, 0x20, 0x20, 0x20, 0x20, 0x20, 0x20, 0x20, 0x20, 0x20, 0x20, 0x20, 0x20, 0x20, 0x20, // ;.
	0x20, 0x20, 0x20, 0x20, 0x20, 0x20, 0x20, 0x20, 0x20, 0x20, 0x20, 0x20, 0x7d, 0x20, 0x65, 0x6c, //             } el
	0x73, 0x65, 0x20, 0x7b, 0x0a, 0x20, 0x20, 0x20, 0x20, 0x20, 0x20, 0x20, 0x20, 0x20, 0x20, 0x20, // se {.
	0x20, 0x20, 0x20, 0x20, 0x20, 0x20, 0x20, 0x20, 0x20, 0x20, 0x20, 0x20, 0x20, 0x20, 0x20, 0x20, //
	0x20, 0x69, 0x66, 0x20, 0x28, 0x28, 0x75, 0x5f, 0x67, 0x78, 0x5f, 0x74, 0x65, 0x76, 0x5f, 0x63, //  if ((u_gx_tev_c
	0x6f, 0x6c, 0x6f, 0x72, 0x5f, 0x69, 0x6e, 0x31, 0x2e, 0x79, 0x20, 0x3c, 0x20, 0x31, 0x32, 0x2e, // olor_in1.y < 12.
	0x35, 0x29, 0x29, 0x20, 0x7b, 0x0a, 0x20, 0x20, 0x20, 0x20, 0x20, 0x20, 0x20, 0x20, 0x20, 0x20, // 5)) {.
	0x20, 0x20, 0x20, 0x20, 0x20, 0x20, 0x20, 0x20, 0x20, 0x20, 0x20, 0x20, 0x20, 0x20, 0x20, 0x20, //
	0x20, 0x20, 0x20, 0x20, 0x74, 0x6d, 0x70, 0x76, 0x61, 0x72, 0x5f, 0x35, 0x38, 0x20, 0x3d, 0x20, //     tmpvar_58 =
	0x76, 0x65, 0x63, 0x33, 0x28, 0x31, 0x2e, 0x30, 0x2c, 0x20, 0x31, 0x2e, 0x30, 0x2c, 0x20, 0x31, // vec3(1.0, 1.0, 1
	0x2e, 0x30, 0x29, 0x3b, 0x0a, 0x20, 0x20, 0x20, 0x20, 0x20, 0x20, 0x20, 0x20, 0x20, 0x20, 0x20, // .0);.
	0x20, 0x20, 0x20, 0x20, 0x20, 0x20, 0x20, 0x20, 0x20, 0x20, 0x20, 0x20, 0x20, 0x20, 0x20, 0x20, //
	0x20, 0x7d, 0x20, 0x65, 0x6c, 0x73, 0x65, 0x20, 0x7b, 0x0a, 0x20, 0x20, 0x20, 0x20, 0x20, 0x20, //  } else {.
	0x20, 0x20, 0x20, 0x20, 0x20, 0x20, 0x20, 0x20, 0x20, 0x20, 0x20, 0x20, 0x20, 0x20, 0x20, 0x20, //
	0x20, 0x20, 0x20, 0x20, 0x20, 0x20, 0x20, 0x20, 0x69, 0x66, 0x20, 0x28, 0x28, 0x75, 0x5f, 0x67, //         if ((u_g
	0x78, 0x5f, 0x74, 0x65, 0x76, 0x5f, 0x63, 0x6f, 0x6c, 0x6f, 0x72, 0x5f, 0x69, 0x6e, 0x31, 0x2e, // x_tev_color_in1.
	0x79, 0x20, 0x3c, 0x20, 0x31, 0x33, 0x2e, 0x35, 0x29, 0x29, 0x20, 0x7b, 0x0a, 0x20, 0x20, 0x20, // y < 13.5)) {.
	0x20, 0x20, 0x20, 0x20, 0x20, 0x20, 0x20, 0x20, 0x20, 0x20, 0x20, 0x20, 0x20, 0x20, 0x20, 0x20, //
	0x20, 0x20, 0x20, 0x20, 0x20, 0x20, 0x20, 0x20, 0x20, 0x20, 0x20, 0x20, 0x20, 0x74, 0x6d, 0x70, //              tmp
	0x76, 0x61, 0x72, 0x5f, 0x35, 0x38, 0x20, 0x3d, 0x20, 0x76, 0x65, 0x63, 0x33, 0x28, 0x30, 0x2e, // var_58 = vec3(0.
	0x35, 0x30, 0x31, 0x39, 0x36, 0x30, 0x38, 0x2c, 0x20, 0x30, 0x2e, 0x35, 0x30, 0x31, 0x39, 0x36, // 5019608, 0.50196
	0x30, 0x38, 0x2c, 0x20, 0x30, 0x2e, 0x35, 0x30, 0x31, 0x39, 0x36, 0x30, 0x38, 0x29, 0x3b, 0x0a, // 08, 0.5019608);.
	0x20, 0x20, 0x20, 0x20, 0x20, 0x20, 0x20, 0x20, 0x20, 0x20, 0x20, 0x20, 0x20, 0x20, 0x20, 0x20, //
	0x20, 0x20, 0x20, 0x20, 0x20, 0x20, 0x20, 0x20, 0x20, 0x20, 0x20, 0x20, 0x20, 0x20, 0x7d, 0x20, //               }
	0x65, 0x6c, 0x73, 0x65, 0x20, 0x7b, 0x0a, 0x20, 0x20, 0x20, 0x20, 0x20, 0x20, 0x20, 0x20, 0x20, // else {.
	0x20, 0x20, 0x20, 0x20, 0x20, 0x20, 0x20, 0x20, 0x20, 0x20, 0x20, 0x20, 0x20, 0x20, 0x20, 0x20, //
	0x20, 0x20, 0x20, 0x20, 0x20, 0x20, 0x20, 0x69, 0x66, 0x20, 0x28, 0x28, 0x75, 0x5f, 0x67, 0x78, //        if ((u_gx
	0x5f, 0x74, 0x65, 0x76, 0x5f, 0x63, 0x6f, 0x6c, 0x6f, 0x72, 0x5f, 0x69, 0x6e, 0x31, 0x2e, 0x79, // _tev_color_in1.y
	0x20, 0x3c, 0x20, 0x31, 0x34, 0x2e, 0x35, 0x29, 0x29, 0x20, 0x7b, 0x0a, 0x20, 0x20, 0x20, 0x20, //  < 14.5)) {.
	0x20, 0x20, 0x20, 0x20, 0x20, 0x20, 0x20, 0x20, 0x20, 0x20, 0x20, 0x20, 0x20, 0x20, 0x20, 0x20, //
	0x20, 0x20, 0x20, 0x20, 0x20, 0x20, 0x20, 0x20, 0x20, 0x20, 0x20, 0x20, 0x20, 0x20, 0x74, 0x6d, //               tm
	0x70, 0x76, 0x61, 0x72, 0x5f, 0x35, 0x38, 0x20, 0x3d, 0x20, 0x75, 0x5f, 0x67, 0x78, 0x5f, 0x74, // pvar_58 = u_gx_t
	0x65, 0x76, 0x5f, 0x6b, 0x6f, 0x6e, 0x73, 0x74, 0x31, 0x2e, 0x78, 0x79, 0x7a, 0x3b, 0x0a, 0x20, // ev_konst1.xyz;.
	0x20, 0x20, 0x20, 0x20, 0x20, 0x20, 0x20, 0x20, 0x20, 0x20, 0x20, 0x20, 0x20, 0x20, 0x20, 0x20, //
	0x20, 0x20, 0x20, 0x20, 0x20, 0x20, 0x20, 0x20, 0x20, 0x20, 0x20, 0x20, 0x20, 0x20, 0x20, 0x7d, //                }
	0x20, 0x65, 0x6c, 0x73, 0x65, 0x20, 0x7b, 0x0a, 0x20, 0x20, 0x20, 0x20, 0x20, 0x20, 0x20, 0x20, //  else {.
	0x20, 0x20, 0x20, 0x20, 0x20, 0x20, 0x20, 0x20, 0x20, 0x20, 0x20, 0x20, 0x20, 0x20, 0x20, 0x20, //
	0x20, 0x20, 0x20, 0x20, 0x20, 0x20, 0x20, 0x20, 0x20, 0x20, 0x74, 0x6d, 0x70, 0x76, 0x61, 0x72, //           tmpvar
	0x5f, 0x35, 0x38, 0x20, 0x3d, 0x20, 0x76, 0x65, 0x63, 0x33, 0x28, 0x30, 0x2e, 0x30, 0x2c, 0x20, // _58 = vec3(0.0,
	0x30, 0x2e, 0x30, 0x2c, 0x20, 0x30, 0x2e, 0x30, 0x29, 0x3b, 0x0a, 0x20, 0x20, 0x20, 0x20, 0x20, // 0.0, 0.0);.
	0x20, 0x20, 0x20, 0x20, 0x20, 0x20, 0x20, 0x20, 0x20, 0x20, 0x20, 0x20, 0x20, 0x20, 0x20, 0x20, //
	0x20, 0x20, 0x20, 0x20, 0x20, 0x20, 0x20, 0x20, 0x20, 0x20, 0x20, 0x7d, 0x3b, 0x0a, 0x20, 0x20, //            };.
	0x20, 0x20, 0x20, 0x20, 0x20, 0x20, 0x20, 0x20, 0x20, 0x20, 0x20, 0x20, 0x20, 0x20, 0x20, 0x20, //
	0x20, 0x20, 0x20, 0x20, 0x20, 0x20, 0x20, 0x20, 0x20, 0x20, 0x20, 0x20, 0x7d, 0x3b, 0x0a, 0x20, //             };.
	0x20, 0x20, 0x20, 0x20, 0x20, 0x20, 0x20, 0x20, 0x20, 0x20, 0x20, 0x20, 0x20, 0x20, 0x20, 0x20, //
	0x20, 0x20, 0x20, 0x20, 0x20, 0x20, 0x20, 0x20, 0x20, 0x20, 0x20, 0x7d, 0x3b, 0x0a, 0x20, 0x20, //            };.
	0x20, 0x20, 0x20, 0x20, 0x20, 0x20, 0x20, 0x20, 0x20, 0x20, 0x20, 0x20, 0x20, 0x20, 0x20, 0x20, //
	0x20, 0x20, 0x20, 0x20, 0x20, 0x20, 0x20, 0x20, 0x7d, 0x3b, 0x0a, 0x20, 0x20, 0x20, 0x20, 0x20, //         };.
	0x20, 0x20, 0x20, 0x20, 0x20, 0x20, 0x20, 0x20, 0x20, 0x20, 0x20, 0x20, 0x20, 0x20, 0x20, 0x20, //
	0x20, 0x20, 0x20, 0x7d, 0x3b, 0x0a, 0x20, 0x20, 0x20, 0x20, 0x20, 0x20, 0x20, 0x20, 0x20, 0x20, //    };.
	0x20, 0x20, 0x20, 0x20, 0x20, 0x20, 0x20, 0x20, 0x20, 0x20, 0x20, 0x20, 0x7d, 0x3b, 0x0a, 0x20, //             };.
	0x20, 0x20, 0x20, 0x20, 0x20, 0x20, 0x20, 0x20, 0x20, 0x20, 0x20, 0x20, 0x20, 0x20, 0x20, 0x20, //
	0x20, 0x20, 0x20, 0x7d, 0x3b, 0x0a, 0x20, 0x20, 0x20, 0x20, 0x20, 0x20, 0x20, 0x20, 0x20, 0x20, //    };.
	0x20, 0x20, 0x20, 0x20, 0x20, 0x20, 0x20, 0x20, 0x7d, 0x3b, 0x0a, 0x20, 0x20, 0x20, 0x20, 0x20, //         };.
	0x20, 0x20, 0x20, 0x20, 0x20, 0x20, 0x20, 0x20, 0x20, 0x20, 0x20, 0x7d, 0x3b, 0x0a, 0x20, 0x20, //            };.
	0x20, 0x20, 0x20, 0x20, 0x20, 0x20, 0x20, 0x20, 0x20, 0x20, 0x20, 0x20, 0x7d, 0x3b, 0x0a, 0x20, //             };.
	0x20, 0x20, 0x20, 0x20, 0x20, 0x20, 0x20, 0x20, 0x20, 0x20, 0x20, 0x7d, 0x3b, 0x0a, 0x20, 0x20, //            };.
	0x20, 0x20, 0x20, 0x20, 0x20, 0x20, 0x20, 0x20, 0x7d, 0x3b, 0x0a, 0x20, 0x20, 0x20, 0x20, 0x20, //         };.
	0x20, 0x20, 0x20, 0x7d, 0x3b, 0x0a, 0x20, 0x20, 0x20, 0x20, 0x20, 0x20, 0x7d, 0x3b, 0x0a, 0x20, //    };.      };.
	0x20, 0x20, 0x20, 0x7d, 0x3b, 0x0a, 0x20, 0x20, 0x20, 0x20, 0x76, 0x65, 0x63, 0x33, 0x20, 0x74, //    };.    vec3 t
	0x6d, 0x70, 0x76, 0x61, 0x72, 0x5f, 0x35, 0x39, 0x3b, 0x0a, 0x20, 0x20, 0x20, 0x20, 0x69, 0x66, // mpvar_59;.    if
	0x20, 0x28, 0x28, 0x75, 0x5f, 0x67, 0x78, 0x5f, 0x74, 0x65, 0x76, 0x5f, 0x63, 0x6f, 0x6c, 0x6f, //  ((u_gx_tev_colo
	0x72, 0x5f, 0x69, 0x6e, 0x31, 0x2e, 0x7a, 0x20, 0x3c, 0x20, 0x30, 0x2e, 0x35, 0x29, 0x29, 0x20, // r_in1.z < 0.5))
	0x7b, 0x0a, 0x20, 0x20, 0x20, 0x20, 0x20, 0x20, 0x74, 0x6d, 0x70, 0x76, 0x61, 0x72, 0x5f, 0x35, // {.      tmpvar_5
	0x39, 0x20, 0x3d, 0x20, 0x72, 0x65, 0x67, 0x30, 0x5f, 0x35, 0x32, 0x2e, 0x78, 0x79, 0x7a, 0x3b, // 9 = reg0_52.xyz;
	0x0a, 0x20, 0x20, 0x20, 0x20, 0x7d, 0x20, 0x65, 0x6c, 0x73, 0x65, 0x20, 0x7b, 0x0a, 0x20, 0x20, // .    } else {.
	0x20, 0x20, 0x20, 0x20, 0x69, 0x66, 0x20, 0x28, 0x28, 0x75, 0x5f, 0x67, 0x78, 0x5f, 0x74, 0x65, //     if ((u_gx_te
	0x76, 0x5f, 0x63, 0x6f, 0x6c, 0x6f, 0x72, 0x5f, 0x69, 0x6e, 0x31, 0x2e, 0x7a, 0x20, 0x3c, 0x20, // v_color_in1.z <
	0x31, 0x2e, 0x35, 0x29, 0x29, 0x20, 0x7b, 0x0a, 0x20, 0x20, 0x20, 0x20, 0x20, 0x20, 0x20, 0x20, // 1.5)) {.
	0x74, 0x6d, 0x70, 0x76, 0x61, 0x72, 0x5f, 0x35, 0x39, 0x20, 0x3d, 0x20, 0x72, 0x65, 0x67, 0x30, // tmpvar_59 = reg0
	0x5f, 0x35, 0x32, 0x2e, 0x77, 0x77, 0x77, 0x3b, 0x0a, 0x20, 0x20, 0x20, 0x20, 0x20, 0x20, 0x7d, // _52.www;.      }
	0x20, 0x65, 0x6c, 0x73, 0x65, 0x20, 0x7b, 0x0a, 0x20, 0x20, 0x20, 0x20, 0x20, 0x20, 0x20, 0x20, //  else {.
	0x69, 0x66, 0x20, 0x28, 0x28, 0x75, 0x5f, 0x67, 0x78, 0x5f, 0x74, 0x65, 0x76, 0x5f, 0x63, 0x6f, // if ((u_gx_tev_co
	0x6c, 0x6f, 0x72, 0x5f, 0x69, 0x6e, 0x31, 0x2e, 0x7a, 0x20, 0x3c, 0x20, 0x32, 0x2e, 0x35, 0x29, // lor_in1.z < 2.5)
	0x29, 0x20, 0x7b, 0x0a, 0x20, 0x20, 0x20, 0x20, 0x20, 0x20, 0x20, 0x20, 0x20, 0x20, 0x74, 0x6d, // ) {.          tm
	0x70, 0x76, 0x61, 0x72, 0x5f, 0x35, 0x39, 0x20, 0x3d, 0x20, 0x72, 0x65, 0x67, 0x31, 0x5f, 0x35, // pvar_59 = reg1_5
	0x33, 0x2e, 0x78, 0x79, 0x7a, 0x3b, 0x0a, 0x20, 0x20, 0x20, 0x20, 0x20, 0x20, 0x20, 0x20, 0x7d, // 3.xyz;.        }
	0x20, 0x65, 0x6c, 0x73, 0x65, 0x20, 0x7b, 0x0a, 0x20, 0x20, 0x20, 0x20, 0x20, 0x20, 0x20, 0x20, //  else {.
	0x20, 0x20, 0x69, 0x66, 0x20, 0x28, 0x28, 0x75, 0x5f, 0x67, 0x78, 0x5f, 0x74, 0x65, 0x76, 0x5f, //   if ((u_gx_tev_
	0x63, 0x6f, 0x6c, 0x6f, 0x72, 0x5f, 0x69, 0x6e, 0x31, 0x2e, 0x7a, 0x20, 0x3c, 0x20, 0x33, 0x2e, // color_in1.z < 3.
	0x35, 0x29, 0x29, 0x20, 0x7b, 0x0a, 0x20, 0x20, 0x20, 0x20, 0x20, 0x20, 0x20, 0x20, 0x20, 0x20, // 5)) {.
	0x20, 0x20, 0x74, 0x6d, 0x70, 0x76, 0x61, 0x72, 0x5f, 0x35, 0x39, 0x20, 0x3d, 0x20, 0x72, 0x65, //   tmpvar_59 = re
	0x67, 0x31, 0x5f, 0x35, 0x33, 0x2e, 0x77, 0x77, 0x77, 0x3b, 0x0a, 0x20, 0x20, 0x20, 0x20, 0x20, // g1_53.www;.
	0x20, 0x20, 0x20, 0x20, 0x20, 0x7d, 0x20, 0x65, 0x6c, 0x73, 0x65, 0x20, 0x7b, 0x0a, 0x20, 0x20, //      } else {.
	0x20, 0x20, 0x20, 0x20, 0x20, 0x20, 0x20, 0x20, 0x20, 0x20, 0x69, 0x66, 0x20, 0x28, 0x28, 0x75, //           if ((u
	0x5f, 0x67, 0x78, 0x5f, 0x74, 0x65, 0x76, 0x5f, 0x63, 0x6f, 0x6c, 0x6f, 0x72, 0x5f, 0x69, 0x6e, // _gx_tev_color_in
	0x31, 0x2e, 0x7a, 0x20, 0x3c, 0x20, 0x34, 0x2e, 0x35, 0x29, 0x29, 0x20, 0x7b, 0x0a, 0x20, 0x20, // 1.z < 4.5)) {.
	0x20, 0x20, 0x20, 0x20, 0x20, 0x20, 0x20, 0x20, 0x20, 0x20, 0x20, 0x20, 0x74, 0x6d, 0x70, 0x76, //             tmpv
	0x61, 0x72, 0x5f, 0x35, 0x39, 0x20, 0x3d, 0x20, 0x72, 0x65, 0x67, 0x32, 0x5f, 0x35, 0x34, 0x2e, // ar_59 = reg2_54.
	0x78, 0x79, 0x7a, 0x3b, 0x0a, 0x20, 0x20, 0x20, 0x20, 0x20, 0x20, 0x20, 0x20, 0x20, 0x20, 0x20, // xyz;.
	0x20, 0x7d, 0x20, 0x65, 0x6c, 0x73, 0x65, 0x20, 0x7b, 0x0a, 0x20, 0x20, 0x20, 0x20, 0x20, 0x20, //  } else {.
	0x20, 0x20, 0x20, 0x20, 0x20, 0x20, 0x20, 0x20, 0x69, 0x66, 0x20, 0x28, 0x28, 0x75, 0x5f, 0x67, //         if ((u_g
	0x78, 0x5f, 0x74, 0x65, 0x76, 0x5f, 0x63, 0x6f, 0x6c, 0x6f, 0x72, 0x5f, 0x69, 0x6e, 0x31, 0x2e, // x_tev_color_in1.
	0x7a, 0x20, 0x3c, 0x20, 0x35, 0x2e, 0x35, 0x29, 0x29, 0x20, 0x7b, 0x0a, 0x20, 0x20, 0x20, 0x20, // z < 5.5)) {.
	0x20, 0x20, 0x20, 0x20, 0x20, 0x20, 0x20, 0x20, 0x20, 0x20, 0x20, 0x20, 0x74, 0x6d, 0x70, 0x76, //             tmpv
	0x61, 0x72, 0x5f, 0x35, 0x39, 0x20, 0x3d, 0x20, 0x72, 0x65, 0x67, 0x32, 0x5f, 0x35, 0x34, 0x2e, // ar_59 = reg2_54.
	0x77, 0x77, 0x77, 0x3b, 0x0a, 0x20, 0x20, 0x20, 0x20, 0x20, 0x20, 0x20, 0x20, 0x20, 0x20, 0x20, // www;.
	0x20, 0x20, 0x20, 0x7d, 0x20, 0x65, 0x6c, 0x73, 0x65, 0x20, 0x7b, 0x0a, 0x20, 0x20, 0x20, 0x20, //    } else {.
	0x20, 0x20, 0x20, 0x20, 0x20, 0x20, 0x20, 0x20, 0x20, 0x20, 0x20, 0x20, 0x69, 0x66, 0x20, 0x28, //             if (
	0x28, 0x75, 0x5f, 0x67, 0x78, 0x5f, 0x74, 0x65, 0x76, 0x5f, 0x63, 0x6f, 0x6c, 0x6f, 0x72, 0x5f, // (u_gx_tev_color_
	0x69, 0x6e, 0x31, 0x2e, 0x7a, 0x20, 0x3c, 0x20, 0x36, 0x2e, 0x35, 0x29, 0x29, 0x20, 0x7b, 0x0a, // in1.z < 6.5)) {.
	0x20, 0x20, 0x20, 0x20, 0x20, 0x20, 0x20, 0x20, 0x20, 0x20, 0x20, 0x20, 0x20, 0x20, 0x20, 0x20, //
	0x20, 0x20, 0x74, 0x6d, 0x70, 0x76, 0x61, 0x72, 0x5f, 0x35, 0x39, 0x20, 0x3d, 0x20, 0x72, 0x65, //   tmpvar_59 = re
	0x67, 0x33, 0x5f, 0x35, 0x35, 0x2e, 0x78, 0x79, 0x7a, 0x3b, 0x0a, 0x20, 0x20, 0x20, 0x20, 0x20, // g3_55.xyz;.
	0x20, 0x20, 0x20, 0x20, 0x20, 0x20, 0x20, 0x20, 0x20, 0x20, 0x20, 0x7d, 0x20, 0x65, 0x6c, 0x73, //            } els
	0x65, 0x20, 0x7b, 0x0a, 0x20, 0x20, 0x20, 0x20, 0x20, 0x20, 0x20, 0x20, 0x20, 0x20, 0x20, 0x20, // e {.
	0x20, 0x20, 0x20, 0x20, 0x20, 0x20, 0x69, 0x66, 0x20, 0x28, 0x28, 0x75, 0x5f, 0x67, 0x78, 0x5f, //       if ((u_gx_
	0x74, 0x65, 0x76, 0x5f, 0x63, 0x6f, 0x6c, 0x6f, 0x72, 0x5f, 0x69, 0x6e, 0x31, 0x2e, 0x7a, 0x20, // tev_color_in1.z
	0x3c, 0x20, 0x37, 0x2e, 0x35, 0x29, 0x29, 0x20, 0x7b, 0x0a, 0x20, 0x20, 0x20, 0x20, 0x20, 0x20, // < 7.5)) {.
	0x20, 0x20, 0x20, 0x20, 0x20, 0x20, 0x20, 0x20, 0x20, 0x20, 0x20, 0x20, 0x20, 0x20, 0x74, 0x6d, //               tm
	0x70, 0x76, 0x61, 0x72, 0x5f, 0x35, 0x39, 0x20, 0x3d, 0x20, 0x72, 0x65, 0x67, 0x33, 0x5f, 0x35, // pvar_59 = reg3_5
	0x35, 0x2e, 0x77, 0x77, 0x77, 0x3b, 0x0a, 0x20, 0x20, 0x20, 0x20, 0x20, 0x20, 0x20, 0x20, 0x20, // 5.www;.
	0x20, 0x20, 0x20, 0x20, 0x20, 0x20, 0x20, 0x20, 0x20, 0x7d, 0x20, 0x65, 0x6c, 0x73, 0x65, 0x20, //          } else
	0x7b, 0x0a, 0x20, 0x20, 0x20, 0x20, 0x20, 0x20, 0x20, 0x20, 0x20, 0x20, 0x20, 0x20, 0x20, 0x20, // {.
	0x20, 0x20, 0x20, 0x20, 0x20, 0x20, 0x69, 0x66, 0x20, 0x28, 0x28, 0x75, 0x5f, 0x67, 0x78, 0x5f, //       if ((u_gx_
	0x74, 0x65, 0x76, 0x5f, 0x63, 0x6f, 0x6c, 0x6f, 0x72, 0x5f, 0x69, 0x6e, 0x31, 0x2e, 0x7a, 0x20, // tev_color_in1.z
	0x3c, 0x20, 0x38, 0x2e, 0x35, 0x29, 0x29, 0x20, 0x7b, 0x0a, 0x20, 0x20, 0x20, 0x20, 0x20, 0x20, // < 8.5)) {.
	0x20, 0x20, 0x20, 0x20, 0x20, 0x20, 0x20, 0x20, 0x20, 0x20, 0x20, 0x20, 0x20, 0x20, 0x20, 0x20, //
	0x74, 0x6d, 0x70, 0x76, 0x61, 0x72, 0x5f, 0x35, 0x39, 0x20, 0x3d, 0x20, 0x74, 0x6d, 0x70, 0x76, // tmpvar_59 = tmpv
	0x61, 0x72, 0x5f, 0x35, 0x36, 0x2e, 0x78, 0x79, 0x7a, 0x3b, 0x0a, 0x20, 0x20, 0x20, 0x20, 0x20, // ar_56.xyz;.
	0x20, 0x20, 0x20, 0x20, 0x20, 0x20, 0x20, 0x20, 0x20, 0x20, 0x20, 0x20, 0x20, 0x20, 0x20, 0x7d, //                }
	0x20, 0x65, 0x6c, 0x73, 0x65, 0x20, 0x7b, 0x0a, 0x20, 0x20, 0x20, 0x20, 0x20, 0x20, 0x20, 0x20, //  else {.
	0x20, 0x20, 0x20, 0x20, 0x20, 0x20, 0x20, 0x20, 0x20, 0x20, 0x20, 0x20, 0x20, 0x20, 0x69, 0x66, //               if
	0x20, 0x28, 0x28, 0x75, 0x5f, 0x67, 0x78, 0x5f, 0x74, 0x65, 0x76, 0x5f, 0x63, 0x6f, 0x6c, 0x6f, //  ((u_gx_tev_colo
	0x72, 0x5f, 0x69, 0x6e, 0x31, 0x2e, 0x7a, 0x20, 0x3c, 0x20, 0x39, 0x2e, 0x35, 0x29, 0x29, 0x20, // r_in1.z < 9.5))
	0x7b, 0x0a, 0x20, 0x20, 0x20, 0x20, 0x20, 0x20, 0x20, 0x20, 0x20, 0x20, 0x20, 0x20, 0x20, 0x20, // {.
	0x20, 0x20, 0x20, 0x20, 0x20, 0x20, 0x20, 0x20, 0x20, 0x20, 0x74, 0x6d, 0x70, 0x76, 0x61, 0x72, //           tmpvar
	0x5f, 0x35, 0x39, 0x20, 0x3d, 0x20, 0x74, 0x6d, 0x70, 0x76, 0x61, 0x72, 0x5f, 0x35, 0x36, 0x2e, // _59 = tmpvar_56.
	0x77, 0x77, 0x77, 0x3b, 0x0a, 0x20, 0x20, 0x20, 0x20, 0x20, 0x20, 0x20, 0x20, 0x20, 0x20, 0x20, // www;.
	0x20, 0x20, 0x20, 0x20, 0x20, 0x20, 0x20, 0x20, 0x20, 0x20, 0x20, 0x7d, 0x20, 0x65, 0x6c, 0x73, //            } els
	0x65, 0x20, 0x7b, 0x0a, 0x20, 0x20, 0x20, 0x20, 0x20, 0x20, 0x20, 0x20, 0x20, 0x20, 0x20, 0x20, // e {.
	0x20, 0x20, 0x20, 0x20, 0x20, 0x20, 0x20, 0x20, 0x20, 0x20, 0x20, 0x20, 0x69, 0x66, 0x20, 0x28, //             if (
	0x28, 0x75, 0x5f, 0x67, 0x78, 0x5f, 0x74, 0x65, 0x76, 0x5f, 0x63, 0x6f, 0x6c, 0x6f, 0x72, 0x5f, // (u_gx_tev_color_
	0x69, 0x6e, 0x31, 0x2e, 0x7a, 0x20, 0x3c, 0x20, 0x31, 0x30, 0x2e, 0x35, 0x29, 0x29, 0x20, 0x7b, // in1.z < 10.5)) {
	0x0a, 0x20, 0x20, 0x20, 0x20, 0x20, 0x20, 0x20, 0x20, 0x20, 0x20, 0x20, 0x20, 0x20, 0x20, 0x20, // .
	0x20, 0x20, 0x20, 0x20, 0x20, 0x20, 0x20, 0x20, 0x20, 0x20, 0x20, 0x74, 0x6d, 0x70, 0x76, 0x61, //            tmpva
	0x72, 0x5f, 0x35, 0x39, 0x20, 0x3d, 0x20, 0x76, 0x5f, 0x63, 0x6f, 0x6c, 0x6f, 0x72, 0x30, 0x2e, // r_59 = v_color0.
	0x78, 0x79, 0x7a, 0x3b, 0x0a, 0x20, 0x20, 0x20, 0x20, 0x20, 0x20, 0x20, 0x20, 0x20, 0x20, 0x20, // xyz;.
	0x20, 0x20, 0x20, 0x20, 0x20, 0x20, 0x20, 0x20, 0x20, 0x20, 0x20, 0x20, 0x20, 0x7d, 0x20, 0x65, //              } e
	0x6c, 0x73, 0x65, 0x20, 0x7b, 0x0a, 0x20, 0x20, 0x20, 0x20, 0x20, 0x20, 0x20, 0x20, 0x20, 0x20, // lse {.
	0x20, 0x20, 0x20, 0x20, 0x20, 0x20, 0x20, 0x20, 0x20, 0x20, 0x20, 0x20, 0x20, 0x20, 0x20, 0x20, //
	0x69, 0x66, 0x20, 0x28, 0x28, 0x75, 0x5f, 0x67, 0x78, 0x5f, 0x74, 0x65, 0x76, 0x5f, 0x63, 0x6f, // if ((u_gx_tev_co
	0x6c, 0x6f, 0x72, 0x5f, 0x69, 0x6e, 0x31, 0x2e, 0x7a, 0x20, 0x3c, 0x20, 0x31, 0x31, 0x2e, 0x35, // lor_in1.z < 11.5
	0x29, 0x29, 0x20, 0x7b, 0x0a, 0x20, 0x20, 0x20, 0x20, 0x20, 0x20, 0x20, 0x20, 0x20, 0x20, 0x20, // )) {.
	0x20, 0x20, 0x20, 0x20, 0x20, 0x20, 0x20, 0x20, 0x20, 0x20, 0x20, 0x20, 0x20, 0x20, 0x20, 0x20, //
	0x20, 0x74, 0x6d, 0x70, 0x76, 0x61, 0x72, 0x5f, 0x35, 0x39, 0x20, 0x3d, 0x20, 0x76, 0x5f, 0x63, //  tmpvar_59 = v_c
	0x6f, 0x6c, 0x6f, 0x72, 0x30, 0x2e, 0x77, 0x77, 0x77, 0x3b, 0x0a, 0x20, 0x20, 0x20, 0x20, 0x20, // olor0.www;.
	0x20, 0x20, 0x20, 0x20, 0x20, 0x20, 0x20, 0x20, 0x20, 0x20, 0x20, 0x20, 0x20, 0x20, 0x20, 0x20, //
	0x20, 0x20, 0x20, 0x20, 0x20, 0x7d, 0x20, 0x65, 0x6c, 0x73, 0x65, 0x20, 0x7b, 0x0a, 0x20, 0x20, //      } else {.
	0x20, 0x20, 0x20, 0x20, 0x20, 0x20, 0x20, 0x20, 0x20, 0x20, 0x20, 0x20, 0x20, 0x20, 0x20, 0x20, //
	0x20, 0x20, 0x20, 0x20, 0x20, 0x20, 0x20, 0x20, 0x20, 0x20, 0x69, 0x66, 0x20, 0x28, 0x28, 0x75, //           if ((u
	0x5f, 0x67, 0x78, 0x5f, 0x74, 0x65, 0x76, 0x5f, 0x63, 0x6f, 0x6c, 0x6f, 0x72, 0x5f, 0x69, 0x6e, // _gx_tev_color_in
	0x31, 0x2e, 0x7a, 0x20, 0x3c, 0x20, 0x31, 0x32, 0x2e, 0x35, 0x29, 0x29, 0x20, 0x7b, 0x0a, 0x20, // 1.z < 12.5)) {.
	0x20, 0x20, 0x20, 0x20, 0x20, 0x20, 0x20, 0x20, 0x20, 0x20, 0x20, 0x20, 0x20, 0x20, 0x20, 0x20, //
	0x20, 0x20, 0x20, 0x20, 0x20, 0x20, 0x20, 0x20, 0x20, 0x20, 0x20, 0x20, 0x20, 0x74, 0x6d, 0x70, //              tmp
	0x76, 0x61, 0x72, 0x5f, 0x35, 0x39, 0x20, 0x3d, 0x20, 0x76, 0x65, 0x63, 0x33, 0x28, 0x31, 0x2e, // var_59 = vec3(1.
	0x30, 0x2c, 0x20, 0x31, 0x2e, 0x30, 0x2c, 0x20, 0x31, 0x2e, 0x30, 0x29, 0x3b, 0x0a, 0x20, 0x20, // 0, 1.0, 1.0);.
	0x20, 0x20, 0x20, 0x20, 0x20, 0x20, 0x20, 0x20, 0x20, 0x20, 0x20, 0x20, 0x20, 0x20, 0x20, 0x20, //
	0x20, 0x20, 0x20, 0x20, 0x20, 0x20, 0x20, 0x20, 0x20, 0x20, 0x7d, 0x20, 0x65, 0x6c, 0x73, 0x65, //           } else
	0x20, 0x7b, 0x0a, 0x20, 0x20, 0x20, 0x20, 0x20, 0x20, 0x20, 0x20, 0x20, 0x20, 0x20, 0x20, 0x20, //  {.
	0x20, 0x20, 0x20, 0x20, 0x20, 0x20, 0x20, 0x20, 0x20, 0x20, 0x20, 0x20, 0x20, 0x20, 0x20, 0x20, //
	0x20, 0x69, 0x66, 0x20, 0x28, 0x28, 0x75, 0x5f, 0x67, 0x78, 0x5f, 0x74, 0x65, 0x76, 0x5f, 0x63, //  if ((u_gx_tev_c
	0x6f, 0x6c, 0x6f, 0x72, 0x5f, 0x69, 0x6e, 0x31, 0x2e, 0x7a, 0x20, 0x3c, 0x20, 0x31, 0x33, 0x2e, // olor_in1.z < 13.
	0x35, 0x29, 0x29, 0x20, 0x7b, 0x0a, 0x20, 0x20, 0x20, 0x20, 0x20, 0x20, 0x20, 0x20, 0x20, 0x20, // 5)) {.
	0x20, 0x20, 0x20, 0x20, 0x20, 0x20, 0x20, 0x20, 0x20, 0x20, 0x20, 0x20, 0x20, 0x20, 0x20, 0x20, //
	0x20, 0x20, 0x20, 0x20, 0x20, 0x20, 0x74, 0x6d, 0x70, 0x76, 0x61, 0x72, 0x5f, 0x35, 0x39, 0x20, //       tmpvar_59
	0x3d, 0x20, 0x76, 0x65, 0x63, 0x33, 0x28, 0x30, 0x2e, 0x35, 0x30, 0x31, 0x39, 0x36, 0x30, 0x38, // = vec3(0.5019608
	0x2c, 0x20, 0x30, 0x2e, 0x35, 0x30, 0x31, 0x39, 0x36, 0x30, 0x38, 0x2c, 0x20, 0x30, 0x2e, 0x35, // , 0.5019608, 0.5
	0x30, 0x31, 0x39, 0x36, 0x30, 0x38, 0x29, 0x3b, 0x0a, 0x20, 0x20, 0x20, 0x20, 0x20, 0x20, 0x20, // 019608);.
	0x20, 0x20, 0x20, 0x20, 0x20, 0x20, 0x20, 0x20, 0x20, 0x20, 0x20, 0x20, 0x20, 0x20, 0x20, 0x20, //
	0x20, 0x20, 0x20, 0x20, 0x20, 0x20, 0x20, 0x7d, 0x20, 0x65, 0x6c, 0x73, 0x65, 0x20, 0x7b, 0x0a, //        } else {.
	0x20, 0x20, 0x20, 0x20, 0x20, 0x20, 0x20, 0x20, 0x20, 0x20, 0x20, 0x20, 0x20, 0x20, 0x20, 0x20, //
	0x20, 0x20, 0x20, 0x20, 0x20, 0x20, 0x20, 0x20, 0x20, 0x20, 0x20, 0x20, 0x20, 0x20, 0x20, 0x20, //
	0x69, 0x66, 0x20, 0x28, 0x28, 0x75, 0x5f, 0x67, 0x78, 0x5f, 0x74, 0x65, 0x76, 0x5f, 0x63, 0x6f, // if ((u_gx_tev_co
	0x6c, 0x6f, 0x72, 0x5f, 0x69, 0x6e, 0x31, 0x2e, 0x7a, 0x20, 0x3c, 0x20, 0x31, 0x34, 0x2e, 0x35, // lor_in1.z < 14.5
	0x29, 0x29, 0x20, 0x7b, 0x0a, 0x20, 0x20, 0x20, 0x20, 0x20, 0x20, 0x20, 0x20, 0x20, 0x20, 0x20, // )) {.
	0x20, 0x20, 0x20, 0x20, 0x20, 0x20, 0x20, 0x20, 0x20, 0x20, 0x20, 0x20, 0x20, 0x20, 0x20, 0x20, //
	0x20, 0x20, 0x20, 0x20, 0x20, 0x20, 0x20, 0x74, 0x6d, 0x70, 0x76, 0x61, 0x72, 0x5f, 0x35, 0x39, //        tmpvar_59
	0x20, 0x3d, 0x20, 0x75, 0x5f, 0x67, 0x78, 0x5f, 0x74, 0x65, 0x76, 0x5f, 0x6b, 0x6f, 0x6e, 0x73, //  = u_gx_tev_kons
	0x74, 0x31, 0x2e, 0x78, 0x79, 0x7a, 0x3b, 0x0a, 0x20, 0x20, 0x20, 0x20, 0x20, 0x20, 0x20, 0x20, // t1.xyz;.
	0x20, 0x20, 0x20, 0x20, 0x20, 0x20, 0x20, 0x20, 0x20, 0x20, 0x20, 0x20, 0x20, 0x20, 0x20, 0x20, //
	0x20, 0x20, 0x20, 0x20, 0x20, 0x20, 0x20, 0x20, 0x7d, 0x20, 0x65, 0x6c, 0x73, 0x65, 0x20, 0x7b, //         } else {
	0x0a, 0x20, 0x20, 0x20, 0x20, 0x20, 0x20, 0x20, 0x20, 0x20, 0x20, 0x20, 0x20, 0x20, 0x20, 0x20, // .
	0x20, 0x20, 0x20, 0x20, 0x20, 0x20, 0x20, 0x20, 0x20, 0x20, 0x20, 0x20, 0x20, 0x20, 0x20, 0x20, //
	0x20, 0x20, 0x20, 0x74, 0x6d, 0x70, 0x76, 0x61, 0x72, 0x5f, 0x35, 0x39, 0x20, 0x3d, 0x20, 0x76, //    tmpvar_59 = v
	0x65, 0x63, 0x33, 0x28, 0x30, 0x2e, 0x30, 0x2c, 0x20, 0x30, 0x2e, 0x30, 0x2c, 0x20, 0x30, 0x2e, // ec3(0.0, 0.0, 0.
	0x30, 0x29, 0x3b, 0x0a, 0x20, 0x20, 0x20, 0x20, 0x20, 0x20, 0x20, 0x20, 0x20, 0x20, 0x20, 0x20, // 0);.
	0x20, 0x20, 0x20, 0x20, 0x20, 0x20, 0x20, 0x20, 0x20, 0x20, 0x20, 0x20, 0x20, 0x20, 0x20, 0x20, //
	0x20, 0x20, 0x20, 0x20, 0x7d, 0x3b, 0x0a, 0x20, 0x20, 0x20, 0x20, 0x20, 0x20, 0x20, 0x20, 0x20, //     };.
	0x20, 0x20, 0x20, 0x20, 0x20, 0x20, 0x20, 0x20, 0x20, 0x20, 0x20, 0x20, 0x20, 0x20, 0x20, 0x20, //
	0x20, 0x20, 0x20, 0x20, 0x20, 0x7d, 0x3b, 0x0a, 0x20, 0x20, 0x20, 0x20, 0x20, 0x20, 0x20, 0x20, //      };.
	0x20, 0x20, 0x20, 0x20, 0x20, 0x20, 0x20, 0x20, 0x20, 0x20, 0x20, 0x20, 0x20, 0x20, 0x20, 0x20, //
	0x20, 0x20, 0x20, 0x20, 0x7d, 0x3b, 0x0a, 0x20, 0x20, 0x20, 0x20, 0x20, 0x20, 0x20, 0x20, 0x20, //     };.
	0x20, 0x20, 0x20, 0x20, 0x20, 0x20, 0x20, 0x20, 0x20, 0x20, 0x20, 0x20, 0x20, 0x20, 0x20, 0x20, //
	0x20, 0x7d, 0x3b, 0x0a, 0x20, 0x20, 0x20, 0x20, 0x20, 0x20, 0x20, 0x20, 0x20, 0x20, 0x20, 0x20, //  };.
	0x20, 0x20, 0x20, 0x20, 0x20, 0x20, 0x20, 0x20, 0x20, 0x20, 0x20, 0x20, 0x7d, 0x3b, 0x0a, 0x20, //             };.
	0x20, 0x20, 0x20, 0x20, 0x20, 0x20, 0x20, 0x20, 0x20, 0x20, 0x20, 0x20, 0x20, 0x20, 0x20, 0x20, //
	0x20, 0x20, 0x20, 0x20, 0x20, 0x7d, 0x3b, 0x0a, 0x20, 0x20, 0x20, 0x20, 0x20, 0x20, 0x20, 0x20, //      };.
	0x20, 0x20, 0x20, 0x20, 0x20, 0x20, 0x20, 0x20, 0x20, 0x20, 0x20, 0x20, 0x7d, 0x3b, 0x0a, 0x20, //             };.
	0x20, 0x20, 0x20, 0x20, 0x20, 0x20, 0x20, 0x20, 0x20, 0x20, 0x20, 0x20, 0x20, 0x20, 0x20, 0x20, //
	0x20, 0x7d, 0x3b, 0x0a, 0x20, 0x20, 0x20, 0x20, 0x20, 0x20, 0x20, 0x20, 0x20, 0x20, 0x20, 0x20, //  };.
	0x20, 0x20, 0x20, 0x20, 0x7d, 0x3b, 0x0a, 0x20, 0x20, 0x20, 0x20, 0x20, 0x20, 0x20, 0x20, 0x20, //     };.
	0x20, 0x20, 0x20, 0x20, 0x20, 0x7d, 0x3b, 0x0a, 0x20, 0x20, 0x20, 0x20, 0x20, 0x20, 0x20, 0x20, //      };.
	0x20, 0x20, 0x20, 0x20, 0x7d, 0x3b, 0x0a, 0x20, 0x20, 0x20, 0x20, 0x20, 0x20, 0x20, 0x20, 0x20, //     };.
	0x20, 0x7d, 0x3b, 0x0a, 0x20, 0x20, 0x20, 0x20, 0x20, 0x20, 0x20, 0x20, 0x7d, 0x3b, 0x0a, 0x20, //  };.        };.
	0x20, 0x20, 0x20, 0x20, 0x20, 0x7d, 0x3b, 0x0a, 0x20, 0x20, 0x20, 0x20, 0x7d, 0x3b, 0x0a, 0x20, //      };.    };.
	0x20, 0x20, 0x20, 0x76, 0x65, 0x63, 0x33, 0x20, 0x74, 0x6d, 0x70, 0x76, 0x61, 0x72, 0x5f, 0x36, //    vec3 tmpvar_6
	0x30, 0x3b, 0x0a, 0x20, 0x20, 0x20, 0x20, 0x69, 0x66, 0x20, 0x28, 0x28, 0x75, 0x5f, 0x67, 0x78, // 0;.    if ((u_gx
	0x5f, 0x74, 0x65, 0x76, 0x5f, 0x63, 0x6f, 0x6c, 0x6f, 0x72, 0x5f, 0x69, 0x6e, 0x31, 0x2e, 0x77, // _tev_color_in1.w
	0x20, 0x3c, 0x20, 0x30, 0x2e, 0x35, 0x29, 0x29, 0x20, 0x7b, 0x0a, 0x20, 0x20, 0x20, 0x20, 0x20, //  < 0.5)) {.
	0x20, 0x74, 0x6d, 0x70, 0x76, 0x61, 0x72, 0x5f, 0x36, 0x30, 0x20, 0x3d, 0x20, 0x72, 0x65, 0x67, //  tmpvar_60 = reg
	0x30, 0x5f, 0x35, 0x32, 0x2e, 0x78, 0x79, 0x7a, 0x3b, 0x0a, 0x20, 0x20, 0x20, 0x20, 0x7d, 0x20, // 0_52.xyz;.    }
	0x65, 0x6c, 0x73, 0x65, 0x20, 0x7b, 0x0a, 0x20, 0x20, 0x20, 0x20, 0x20, 0x20, 0x69, 0x66, 0x20, // else {.      if
	0x28, 0x28, 0x75, 0x5f, 0x67, 0x78, 0x5f, 0x74, 0x65, 0x76, 0x5f, 0x63, 0x6f, 0x6c, 0x6f, 0x72, // ((u_gx_tev_color
	0x5f, 0x69, 0x6e, 0x31, 0x2e, 0x77, 0x20, 0x3c, 0x20, 0x31, 0x2e, 0x35, 0x29, 0x29, 0x20, 0x7b, // _in1.w < 1.5)) {
	0x0a, 0x20, 0x20, 0x20, 0x20, 0x20, 0x20, 0x20, 0x20, 0x74, 0x6d, 0x70, 0x76, 0x61, 0x72, 0x5f, // .        tmpvar_
	0x36, 0x30, 0x20, 0x3d, 0x20, 0x72, 0x65, 0x67, 0x30, 0x5f, 0x35, 0x32, 0x2e, 0x77, 0x77, 0x77, // 60 = reg0_52.www
	0x3b, 0x0a, 0x20, 0x20, 0x20, 0x20, 0x20, 0x20, 0x7d, 0x20, 0x65, 0x6c, 0x73, 0x65, 0x20, 0x7b, // ;.      } else {
	0x0a, 0x20, 0x20, 0x20, 0x20, 0x20, 0x20, 0x20, 0x20, 0x69, 0x66, 0x20, 0x28, 0x28, 0x75, 0x5f, // .        if ((u_
	0x67, 0x78, 0x5f, 0x74, 0x65, 0x76, 0x5f, 0x63, 0x6f, 0x6c, 0x6f, 0x72, 0x5f, 0x69, 0x6e, 0x31, // gx_tev_color_in1
	0x2e, 0x77, 0x20, 0x3c, 0x20, 0x32, 0x2e, 0x35, 0x29, 0x29, 0x20, 0x7b, 0x0a, 0x20, 0x20, 0x20, // .w < 2.5)) {.
	0x20, 0x20, 0x20, 0x20, 0x20, 0x20, 0x20, 0x74, 0x6d, 0x70, 0x76, 0x61, 0x72, 0x5f, 0x36, 0x30, //        tmpvar_60
	0x20, 0x3d, 0x20, 0x72, 0x65, 0x67, 0x31, 0x5f, 0x35, 0x33, 0x2e, 0x78, 0x79, 0x7a, 0x3b, 0x0a, //  = reg1_53.xyz;.
	0x20, 0x20, 0x20, 0x20, 0x20, 0x20, 0x20, 0x20, 0x7d, 0x20, 0x65, 0x6c, 0x73, 0x65, 0x20, 0x7b, //         } else {
	0x0a, 0x20, 0x20, 0x20, 0x20, 0x20, 0x20, 0x20, 0x20, 0x20, 0x20, 0x69, 0x66, 0x20, 0x28, 0x28, // .          if ((
	0x75, 0x5f, 0x67, 0x78, 0x5f, 0x74, 0x65, 0x76, 0x5f, 0x63, 0x6f, 0x6c, 0x6f, 0x72, 0x5f, 0x69, // u_gx_tev_color_i
	0x6e, 0x31, 0x2e, 0x77, 0x20, 0x3c, 0x20, 0x33, 0x2e, 0x35, 0x29, 0x29, 0x20, 0x7b, 0x0a, 0x20, // n1.w < 3.5)) {.
	0x20, 0x20, 0x20, 0x20, 0x20, 0x20, 0x20, 0x20, 0x20, 0x20, 0x20, 0x74, 0x6d, 0x70, 0x76, 0x61, //            tmpva
	0x72, 0x5f, 0x36, 0x30, 0x20, 0x3d, 0x20, 0x72, 0x65, 0x67, 0x31, 0x5f, 0x35, 0x33, 0x2e, 0x77, // r_60 = reg1_53.w
	0x77, 0x77, 0x3b, 0x0a, 0x20, 0x20, 0x20, 0x20, 0x20, 0x20, 0x20, 0x20, 0x20, 0x20, 0x7d, 0x20, // ww;.          }
	0x65, 0x6c, 0x73, 0x65, 0x20, 0x7b, 0x0a, 0x20, 0x20, 0x20, 0x20, 0x20, 0x20, 0x20, 0x20, 0x20, // else {.
	0x20, 0x20, 0x20, 0x69, 0x66, 0x20, 0x28, 0x28, 0x75, 0x5f, 0x67, 0x78, 0x5f, 0x74, 0x65, 0x76, //    if ((u_gx_tev
	0x5f, 0x63, 0x6f, 0x6c, 0x6f, 0x72, 0x5f, 0x69, 0x6e, 0x31, 0x2e, 0x77, 0x20, 0x3c, 0x20, 0x34, // _color_in1.w < 4
	0x2e, 0x35, 0x29, 0x29, 0x20, 0x7b, 0x0a, 0x20, 0x20, 0x20, 0x20, 0x20, 0x20, 0x20, 0x20, 0x20, // .5)) {.
	0x20, 0x20, 0x20, 0x20, 0x20, 0x74, 0x6d, 0x70, 0x76, 0x61, 0x72, 0x5f, 0x36, 0x30, 0x20, 0x3d, //      tmpvar_60 =
	0x20, 0x72, 0x65, 0x67, 0x32, 0x5f, 0x35, 0x34, 0x2e, 0x78, 0x79, 0x7a, 0x3b, 0x0a, 0x20, 0x20, //  reg2_54.xyz;.
	0x20, 0x20, 0x20, 0x20, 0x20, 0x20, 0x20, 0x20, 0x20, 0x20, 0x7d, 0x20, 0x65, 0x6c, 0x73, 0x65, //           } else
	0x20, 0x7b, 0x0a, 0x20, 0x20, 0x20, 0x20, 0x20, 0x20, 0x20, 0x20, 0x20, 0x20, 0x20, 0x20, 0x20, //  {.
	0x20, 0x69, 0x66, 0x20, 0x28, 0x28, 0x75, 0x5f, 0x67, 0x78, 0x5f, 0x74, 0x65, 0x76, 0x5f, 0x63, //  if ((u_gx_tev_c
	0x6f, 0x6c, 0x6f, 0x72, 0x5f, 0x69, 0x6e, 0x31, 0x2e, 0x77, 0x20, 0x3c, 0x20, 0x35, 0x2e, 0x35, // olor_in1.w < 5.5
	0x29, 0x29, 0x20, 0x7b, 0x0a, 0x20, 0x20, 0x20, 0x20, 0x20, 0x20, 0x20, 0x20, 0x20, 0x20, 0x20, // )) {.
	0x20, 0x20, 0x20, 0x20, 0x20, 0x74, 0x6d, 0x70, 0x76, 0x61, 0x72, 0x5f, 0x36, 0x30, 0x20, 0x3d, //      tmpvar_60 =
	0x20, 0x72, 0x65, 0x67, 0x32, 0x5f, 0x35, 0x34, 0x2e, 0x77, 0x77, 0x77, 0x3b, 0x0a, 0x20, 0x20, //  reg2_54.www;.
	0x20, 0x20, 0x20, 0x20, 0x20, 0x20, 0x20, 0x20, 0x20, 0x20, 0x20, 0x20, 0x7d, 0x20, 0x65, 0x6c, //             } el
	0x73, 0x65, 0x20, 0x7b, 0x0a, 0x20, 0x20, 0x20, 0x20, 0x20, 0x20, 0x20, 0x20, 0x20, 0x20, 0x20, // se {.
	0x20, 0x20, 0x20, 0x20, 0x20, 0x69, 0x66, 0x20, 0x28, 0x28, 0x75, 0x5f, 0x67, 0x78, 0x5f, 0x74, //      if ((u_gx_t
	0x65, 0x76, 0x5f, 0x63, 0x6f, 0x6c, 0x6f, 0x72, 0x5f, 0x69, 0x6e, 0x31, 0x2e, 0x77, 0x20, 0x3c, // ev_color_in1.w <
	0x20, 0x36, 0x2e, 0x35, 0x29, 0x29, 0x20, 0x7b, 0x0a, 0x20, 0x20, 0x20, 0x20, 0x20, 0x20, 0x20, //  6.5)) {.
	0x20, 0x20, 0x20, 0x20, 0x20, 0x20, 0x20, 0x20, 0x20, 0x20, 0x20, 0x74, 0x6d, 0x70, 0x76, 0x61, //            tmpva
	0x72, 0x5f, 0x36, 0x30, 0x20, 0x3d, 0x20, 0x72, 0x65, 0x67, 0x33, 0x5f, 0x35, 0x35, 0x2e, 0x78, // r_60 = reg3_55.x
	0x79, 0x7a, 0x3b, 0x0a, 0x20, 0x20, 0x20, 0x20, 0x20, 0x20, 0x20, 0x20, 0x20, 0x20, 0x20, 0x20, // yz;.
	0x20, 0x20, 0x20, 0x20, 0x7d, 0x20, 0x65, 0x6c, 0x73, 0x65, 0x20, 0x7b, 0x0a, 0x20, 0x20, 0x20, //     } else {.
	0x20, 0x20, 0x20, 0x20, 0x20, 0x20, 0x20, 0x20, 0x20, 0x20, 0x20, 0x20, 0x20, 0x20, 0x20, 0x69, //                i
	0x66, 0x20, 0x28, 0x28, 0x75, 0x5f, 0x67, 0x78, 0x5f, 0x74, 0x65, 0x76, 0x5f, 0x63, 0x6f, 0x6c, // f ((u_gx_tev_col
	0x6f, 0x72, 0x5f, 0x69, 0x6e, 0x31, 0x2e, 0x77, 0x20, 0x3c, 0x20, 0x37, 0x2e, 0x35, 0x29, 0x29, // or_in1.w < 7.5))
	0x20, 0x7b, 0x0a, 0x20, 0x20, 0x20, 0x20, 0x20, 0x20, 0x20, 0x20, 0x20, 0x20, 0x20, 0x20, 0x20, //  {.
	0x20, 0x20, 0x20, 0x20, 0x20, 0x20, 0x20, 0x74, 0x6d, 0x70, 0x76, 0x61, 0x72, 0x5f, 0x36, 0x30, //        tmpvar_60
	0x20, 0x3d, 0x20, 0x72, 0x65, 0x67, 0x33, 0x5f, 0x35, 0x35, 0x2e, 0x77, 0x77, 0x77, 0x3b, 0x0a, //  = reg3_55.www;.
	0x20, 0x20, 0x20, 0x20, 0x20, 0x20, 0x20, 0x20, 0x20, 0x20, 0x20, 0x20, 0x20, 0x20, 0x20, 0x20, //
	0x20, 0x20, 0x7d, 0x20, 0x65, 0x6c, 0x73, 0x65, 0x20, 0x7b, 0x0a, 0x20, 0x20, 0x20, 0x20, 0x20, //   } else {.
	0x20, 0x20, 0x20, 0x20, 0x20, 0x20, 0x20, 0x20, 0x20, 0x20, 0x20, 0x20, 0x20, 0x20, 0x20, 0x69, //                i
	0x66, 0x20, 0x28, 0x28, 0x75, 0x5f, 0x67, 0x78, 0x5f, 0x74, 0x65, 0x76, 0x5f, 0x63, 0x6f, 0x6c, // f ((u_gx_tev_col
	0x6f, 0x72, 0x5f, 0x69, 0x6e, 0x31, 0x2e, 0x77, 0x20, 0x3c, 0x20, 0x38, 0x2e, 0x35, 0x29, 0x29, // or_in1.w < 8.5))
	0x20, 0x7b, 0x0a, 0x20, 0x20, 0x20, 0x20, 0x20, 0x20, 0x20, 0x20, 0x20, 0x20, 0x20, 0x20, 0x20, //  {.
	0x20, 0x20, 0x20, 0x20, 0x20, 0x20, 0x20, 0x20, 0x20, 0x74, 0x6d, 0x70, 0x76, 0x61, 0x72, 0x5f, //          tmpvar_
	0x36, 0x30, 0x20, 0x3d, 0x20, 0x74, 0x6d, 0x70, 0x76, 0x61, 0x72, 0x5f, 0x35, 0x36, 0x2e, 0x78, // 60 = tmpvar_56.x
	0x79, 0x7a, 0x3b, 0x0a, 0x20, 0x20, 0x20, 0x20, 0x20, 0x20, 0x20, 0x20, 0x20, 0x20, 0x20, 0x20, // yz;.
	0x20, 0x20, 0x20, 0x20, 0x20, 0x20, 0x20, 0x20, 0x7d, 0x20, 0x65, 0x6c, 0x73, 0x65, 0x20, 0x7b, //         } else {
	0x0a, 0x20, 0x20, 0x20, 0x20, 0x20, 0x20, 0x20, 0x20, 0x20, 0x20, 0x20, 0x20, 0x20, 0x20, 0x20, // .
	0x20, 0x20, 0x20, 0x20, 0x20, 0x20, 0x20, 0x69, 0x66, 0x20, 0x28, 0x28, 0x75, 0x5f, 0x67, 0x78, //        if ((u_gx
	0x5f, 0x74, 0x65, 0x76, 0x5f, 0x63, 0x6f, 0x6c, 0x6f, 0x72, 0x5f, 0x69, 0x6e, 0x31, 0x2e, 0x77, // _tev_color_in1.w
	0x20, 0x3c, 0x20, 0x39, 0x2e, 0x35, 0x29, 0x29, 0x20, 0x7b, 0x0a, 0x20, 0x20, 0x20, 0x20, 0x20, //  < 9.5)) {.
	0x20, 0x20, 0x20, 0x20, 0x20, 0x20, 0x20, 0x20, 0x20, 0x20, 0x20, 0x20, 0x20, 0x20, 0x20, 0x20, //
	0x20, 0x20, 0x20, 0x74, 0x6d, 0x70, 0x76, 0x61, 0x72, 0x5f, 0x36, 0x30, 0x20, 0x3d, 0x20, 0x74, //    tmpvar_60 = t
	0x6d, 0x70, 0x76, 0x61, 0x72, 0x5f, 0x35, 0x36, 0x2e, 0x77, 0x77, 0x77, 0x3b, 0x0a, 0x20, 0x20, // mpvar_56.www;.
	0x20, 0x20, 0x20, 0x20, 0x20, 0x20, 0x20, 0x20, 0x20, 0x20, 0x20, 0x20, 0x20, 0x20, 0x20, 0x20, //
	0x20, 0x20, 0x20, 0x20, 0x7d, 0x20, 0x65, 0x6c, 0x73, 0x65, 0x20, 0x7b, 0x0a, 0x20, 0x20, 0x20, //     } else {.
	0x20, 0x20, 0x20, 0x20, 0x20, 0x20, 0x20, 0x20, 0x20, 0x20, 0x20, 0x20, 0x20, 0x20, 0x20, 0x20, //
	0x20, 0x20, 0x20, 0x20, 0x20, 0x69, 0x66, 0x20, 0x28, 0x28, 0x75, 0x5f, 0x67, 0x78, 0x5f, 0x74, //      if ((u_gx_t
	0x65, 0x76, 0x5f, 0x63, 0x6f, 0x6c, 0x6f, 0x72, 0x5f, 0x69, 0x6e, 0x31, 0x2e, 0x77, 0x20, 0x3c, // ev_color_in1.w <
	0x20, 0x31, 0x30, 0x2e, 0x35, 0x29, 0x29, 0x20, 0x7b, 0x0a, 0x20, 0x20, 0x20, 0x20, 0x20, 0x20, //  10.5)) {.
	0x20, 0x20, 0x20, 0x20, 0x20, 0x20, 0x20, 0x20, 0x20, 0x20, 0x20, 0x20, 0x20, 0x20, 0x20, 0x20, //
	0x20, 0x20, 0x20, 0x20, 0x74, 0x6d, 0x70, 0x76, 0x61, 0x72, 0x5f, 0x36, 0x30, 0x20, 0x3d, 0x20, //     tmpvar_60 =
	0x76, 0x5f, 0x63, 0x6f, 0x6c, 0x6f, 0x72, 0x30, 0x2e, 0x78, 0x79, 0x7a, 0x3b, 0x0a, 0x20, 0x20, // v_color0.xyz;.
	0x20, 0x20, 0x20, 0x20, 0x20, 0x20, 0x20, 0x20, 0x20, 0x20, 0x20, 0x20, 0x20, 0x20, 0x20, 0x20, //
	0x20, 0x20, 0x20, 0x20, 0x20, 0x20, 0x7d, 0x20, 0x65, 0x6c, 0x73, 0x65, 0x20, 0x7b, 0x0a, 0x20, //       } else {.
	0x20, 0x20, 0x20, 0x20, 0x20, 0x20, 0x20, 0x20, 0x20, 0x20, 0x20, 0x20, 0x20, 0x20, 0x20, 0x20, //
	0x20, 0x20, 0x20, 0x20, 0x20, 0x20, 0x20, 0x20, 0x20, 0x69, 0x66, 0x20, 0x28, 0x28, 0x75, 0x5f, //          if ((u_
	0x67, 0x78, 0x5f, 0x74, 0x65, 0x76, 0x5f, 0x63, 0x6f, 0x6c, 0x6f, 0x72, 0x5f, 0x69, 0x6e, 0x31, // gx_tev_color_in1
	0x2e, 0x77, 0x20, 0x3c, 0x20, 0x31, 0x31, 0x2e, 0x35, 0x29, 0x29, 0x20, 0x7b, 0x0a, 0x20, 0x20, // .w < 11.5)) {.
	0x20, 0x20, 0x20, 0x20, 0x20, 0x20, 0x20, 0x20, 0x20, 0x20, 0x20, 0x20, 0x20, 0x20, 0x20, 0x20, //
	0x20, 0x20, 0x20, 0x20, 0x20, 0x20, 0x20, 0x20, 0x20, 0x20, 0x74, 0x6d, 0x70, 0x76, 0x61, 0x72, //           tmpvar
	0x5f, 0x36, 0x30, 0x20, 0x3d, 0x20, 0x76, 0x5f, 0x63, 0x6f, 0x6c, 0x6f, 0x72, 0x30, 0x2e, 0x77, // _60 = v_color0.w
	0x77, 0x77, 0x3b, 0x0a, 0x20, 0x20, 0x20, 0x20, 0x20, 0x20, 0x20, 0x20, 0x20, 0x20, 0x20, 0x20, // ww;.
	0x20, 0x20, 0x20, 0x20, 0x20, 0x20, 0x20, 0x20, 0x20, 0x20, 0x20, 0x20, 0x20, 0x20, 0x7d, 0x20, //               }
	0x65, 0x6c, 0x73, 0x65, 0x20, 0x7b, 0x0a, 0x20, 0x20, 0x20, 0x20, 0x20, 0x20, 0x20, 0x20, 0x20, // else {.
	0x20, 0x20, 0x20, 0x20, 0x20, 0x20, 0x20, 0x20, 0x20, 0x20, 0x20, 0x20, 0x20, 0x20, 0x20, 0x20, //
	0x20, 0x20, 0x20, 0x69, 0x66, 0x20, 0x28, 0x28, 0x75, 0x5f, 0x67, 0x78, 0x5f, 0x74, 0x65, 0x76, //    if ((u_gx_tev
	0x5f, 0x63, 0x6f, 0x6c, 0x6f, 0x72, 0x5f, 0x69, 0x6e, 0x31, 0x2e, 0x77, 0x20, 0x3c, 0x20, 0x31, // _color_in1.w < 1
	0x32, 0x2e, 0x35, 0x29, 0x29, 0x20, 0x7b, 0x0a, 0x20, 0x20, 0x20, 0x20, 0x20, 0x20, 0x20, 0x20, // 2.5)) {.
	0x20, 0x20, 0x20, 0x20, 0x20, 0x20, 0x20, 0x20, 0x20, 0x20, 0x20, 0x20, 0x20, 0x20, 0x20, 0x20, //
	0x20, 0x20, 0x20, 0x20, 0x20, 0x20, 0x74, 0x6d, 0x70, 0x76, 0x61, 0x72, 0x5f, 0x36, 0x30, 0x20, //       tmpvar_60
	0x3d, 0x20, 0x76, 0x65, 0x63, 0x33, 0x28, 0x31, 0x2e, 0x30, 0x2c, 0x20, 0x31, 0x2e, 0x30, 0x2c, // = vec3(1.0, 1.0,
	0x20, 0x31, 0x2e, 0x30, 0x29, 0x3b, 0x0a, 0x20, 0x20, 0x20, 0x20, 0x20, 0x20, 0x20, 0x20, 0x20, //  1.0);.
	0x20, 0x20, 0x20, 0x20, 0x20, 0x20, 0x20, 0x20, 0x20, 0x20, 0x20, 0x20, 0x20, 0x20, 0x20, 0x20, //
	0x20, 0x20, 0x20, 0x7d, 0x20, 0x65, 0x6c, 0x73, 0x65, 0x20, 0x7b, 0x0a, 0x20, 0x20, 0x20, 0x20, //    } else {.
	0x20, 0x20, 0x20, 0x20, 0x20, 0x20, 0x20, 0x20, 0x20, 0x20, 0x20, 0x20, 0x20, 0x20, 0x20, 0x20, //
	0x20, 0x20, 0x20, 0x20, 0x20, 0x20, 0x20, 0x20, 0x20, 0x20, 0x69, 0x66, 0x20, 0x28, 0x28, 0x75, //           if ((u
	0x5f, 0x67, 0x78, 0x5f, 0x74, 0x65, 0x76, 0x5f, 0x63, 0x6f, 0x6c, 0x6f, 0x72, 0x5f, 0x69, 0x6e, // _gx_tev_color_in
	0x31, 0x2e, 0x77, 0x20, 0x3c, 0x20, 0x31, 0x33, 0x2e, 0x35, 0x29, 0x29, 0x20, 0x7b, 0x0a, 0x20, // 1.w < 13.5)) {.
	0x20, 0x20, 0x20, 0x20, 0x20, 0x20, 0x20, 0x20, 0x20, 0x20, 0x20, 0x20, 0x20, 0x20, 0x20, 0x20, //
	0x20, 0x20, 0x20, 0x20, 0x20, 0x20, 0x20, 0x20, 0x20, 0x20, 0x20, 0x20, 0x20, 0x20, 0x20, 0x74, //                t
	0x6d, 0x70, 0x76, 0x61, 0x72, 0x5f, 0x36, 0x30, 0x20, 0x3d, 0x20, 0x76, 0x65, 0x63, 0x33, 0x28, // mpvar_60 = vec3(
	0x30, 0x2e, 0x35, 0x30, 0x31, 0x39, 0x36, 0x30, 0x38, 0x2c, 0x20, 0x30, 0x2e, 0x35, 0x30, 0x31, // 0.5019608, 0.501
	0x39, 0x36, 0x30, 0x38, 0x2c, 0x20, 0x30, 0x2e, 0x35, 0x30, 0x31, 0x39, 0x36, 0x30, 0x38, 0x29, // 9608, 0.5019608)
	0x3b, 0x0a, 0x20, 0x20, 0x20, 0x20, 0x20, 0x20, 0x20, 0x20, 0x20, 0x20, 0x20, 0x20, 0x20, 0x20, // ;.
	0x20, 0x20, 0x20, 0x20, 0x20, 0x20, 0x20, 0x20, 0x20, 0x20, 0x20, 0x20, 0x20, 0x20, 0x20, 0x20, //
	0x7d, 0x20, 0x65, 0x6c, 0x73, 0x65, 0x20, 0x7b, 0x0a, 0x20, 0x20, 0x20, 0x20, 0x20, 0x20, 0x20, // } else {.
	0x20, 0x20, 0x20, 0x20, 0x20, 0x20, 0x20, 0x20, 0x20, 0x20, 0x20, 0x20, 0x20, 0x20, 0x20, 0x20, //
	0x20, 0x20, 0x20, 0x20, 0x20, 0x20, 0x20, 0x20, 0x20, 0x69, 0x66, 0x20, 0x28, 0x28, 0x75, 0x5f, //          if ((u_
	0x67, 0x78, 0x5f, 0x74, 0x65, 0x76, 0x5f, 0x63, 0x6f, 0x6c, 0x6f, 0x72, 0x5f, 0x69, 0x6e, 0x31, // gx_tev_color_in1
	0x2e, 0x77, 0x20, 0x3c, 0x20, 0x31, 0x34, 0x2e, 0x35, 0x29, 0x29, 0x20, 0x7b, 0x0a, 0x20, 0x20, // .w < 14.5)) {.
	0x20, 0x20, 0x20, 0x20, 0x20, 0x20, 0x20, 0x20, 0x20, 0x20, 0x20, 0x20, 0x20, 0x20, 0x20, 0x20, //
	0x20, 0x20, 0x20, 0x20, 0x20, 0x20, 0x20, 0x20, 0x20, 0x20, 0x20, 0x20, 0x20, 0x20, 0x20, 0x20, //
	0x74, 0x6d, 0x70, 0x76, 0x61, 0x72, 0x5f, 0x36, 0x30, 0x20, 0x3d, 0x20, 0x75, 0x5f, 0x67, 0x78, // tmpvar_60 = u_gx
	0x5f, 0x74, 0x65, 0x76, 0x5f, 0x6b, 0x6f, 0x6e, 0x73, 0x74, 0x31, 0x2e, 0x78, 0x79, 0x7a, 0x3b, // _tev_konst1.xyz;
	0x0a, 0x20, 0x20, 0x20, 0x20, 0x20, 0x20, 0x20, 0x20, 0x20, 0x20, 0x20, 0x20, 0x20, 0x20, 0x20, // .
	0x20, 0x20, 0x20, 0x20, 0x20, 0x20, 0x20, 0x20, 0x20, 0x20, 0x20, 0x20, 0x20, 0x20, 0x20, 0x20, //
	0x20, 0x7d, 0x20, 0x65, 0x6c, 0x73, 0x65, 0x20, 0x7b, 0x0a, 0x20, 0x20, 0x20, 0x20, 0x20, 0x20, //  } else {.
	0x20, 0x20, 0x20, 0x20, 0x20, 0x20, 0x20, 0x20, 0x20, 0x20, 0x20, 0x20, 0x20, 0x20, 0x20, 0x20, //
	0x20, 0x20, 0x20, 0x20, 0x20, 0x20, 0x20, 0x20, 0x20, 0x20, 0x20, 0x20, 0x74, 0x6d, 0x70, 0x76, //             tmpv
	0x61, 0x72, 0x5f, 0x36, 0x30, 0x20, 0x3d, 0x20, 0x76, 0x65, 0x63, 0x33, 0x28, 0x30, 0x2e, 0x30, // ar_60 = vec3(0.0
	0x2c, 0x20, 0x30, 0x2e, 0x30, 0x2c, 0x20, 0x30, 0x2e, 0x30, 0x29, 0x3b, 0x0a, 0x20, 0x20, 0x20, // , 0.0, 0.0);.
	0x20, 0x20, 0x20, 0x20, 0x20, 0x20, 0x20, 0x20, 0x20, 0x20, 0x20, 0x20, 0x20, 0x20, 0x20, 0x20, //
	0x20, 0x20, 0x20, 0x20, 0x20, 0x20, 0x20, 0x20, 0x20, 0x20, 0x20, 0x20, 0x20, 0x7d, 0x3b, 0x0a, //              };.
	0x20, 0x20, 0x20, 0x20, 0x20, 0x20, 0x20, 0x20, 0x20, 0x20, 0x20, 0x20, 0x20, 0x20, 0x20, 0x20, //
	0x20, 0x20, 0x20, 0x20, 0x20, 0x20, 0x20, 0x20, 0x20, 0x20, 0x20, 0x20, 0x20, 0x20, 0x7d, 0x3b, //               };
	0x0a, 0x20, 0x20, 0x20, 0x20, 0x20, 0x20, 0x20, 0x20, 0x20, 0x20, 0x20, 0x20, 0x20, 0x20, 0x20, // .
	0x20, 0x20, 0x20, 0x20, 0x20, 0x20, 0x20, 0x20, 0x20, 0x20, 0x20, 0x20, 0x20, 0x7d, 0x3b, 0x0a, //              };.
	0x20, 0x20, 0x20, 0x20, 0x20, 0x20, 0x20, 0x20, 0x20, 0x20, 0x20, 0x20, 0x20, 0x20, 0x20, 0x20, //
	0x20, 0x20, 0x20, 0x20, 0x20, 0x20, 0x20, 0x20, 0x20, 0x20, 0x7d, 0x3b, 0x0a, 0x20, 0x20, 0x20, //           };.
	0x20, 0x20, 0x20, 0x20, 0x20, 0x20, 0x20, 0x20, 0x20, 0x20, 0x20, 0x20, 0x20, 0x20, 0x20, 0x20, //
	0x20, 0x20, 0x20, 0x20, 0x20, 0x7d, 0x3b, 0x0a, 0x20, 0x20, 0x20, 0x20, 0x20, 0x20, 0x20, 0x20, //      };.
	0x20, 0x20, 0x20, 0x20, 0x20, 0x20, 0x20, 0x20, 0x20, 0x20, 0x20, 0x20, 0x20, 0x20, 0x7d, 0x3b, //               };
	0x0a, 0x20, 0x20, 0x20, 0x20, 0x20, 0x20, 0x20, 0x20, 0x20, 0x20, 0x20, 0x20, 0x20, 0x20, 0x20, // .
	0x20, 0x20, 0x20, 0x20, 0x20, 0x7d, 0x3b, 0x0a, 0x20, 0x20, 0x20, 0x20, 0x20, 0x20, 0x20, 0x20, //      };.
	0x20, 0x20, 0x20, 0x20, 0x20, 0x20, 0x20, 0x20, 0x20, 0x20, 0x7d, 0x3b, 0x0a, 0x20, 0x20, 0x20, //           };.
	0x20, 0x20, 0x20, 0x20, 0x20, 0x20, 0x20, 0x20, 0x20, 0x20, 0x20, 0x20, 0x20, 0x7d, 0x3b, 0x0a, //              };.
	0x20, 0x20, 0x20, 0x20, 0x20, 0x20, 0x20, 0x20, 0x20, 0x20, 0x20, 0x20, 0x20, 0x20, 0x7d, 0x3b, //               };
	0x0a, 0x20, 0x20, 0x20, 0x20, 0x20, 0x20, 0x20, 0x20, 0x20, 0x20, 0x20, 0x20, 0x7d, 0x3b, 0x0a, // .            };.
	0x20, 0x20, 0x20, 0x20, 0x20, 0x20, 0x20, 0x20, 0x20, 0x20, 0x7d, 0x3b, 0x0a, 0x20, 0x20, 0x20, //           };.
	0x20, 0x20, 0x20, 0x20, 0x20, 0x7d, 0x3b, 0x0a, 0x20, 0x20, 0x20, 0x20, 0x20, 0x20, 0x7d, 0x3b, //      };.      };
	0x0a, 0x20, 0x20, 0x20, 0x20, 0x7d, 0x3b, 0x0a, 0x20, 0x20, 0x20, 0x20, 0x76, 0x65, 0x63, 0x33, // .    };.    vec3
	0x20, 0x74, 0x6d, 0x70, 0x76, 0x61, 0x72, 0x5f, 0x36, 0x31, 0x3b, 0x0a, 0x20, 0x20, 0x20, 0x20, //  tmpvar_61;.
	0x76, 0x65, 0x63, 0x33, 0x20, 0x72, 0x65, 0x73, 0x75, 0x6c, 0x74, 0x5f, 0x36, 0x32, 0x3b, 0x0a, // vec3 result_62;.
	0x20, 0x20, 0x20, 0x20, 0x76, 0x65, 0x63, 0x33, 0x20, 0x74, 0x65, 0x6d, 0x70, 0x5f, 0x36, 0x33, //     vec3 temp_63
	0x3b, 0x0a, 0x20, 0x20, 0x20, 0x20, 0x76, 0x65, 0x63, 0x33, 0x20, 0x64, 0x69, 0x5f, 0x36, 0x34, // ;.    vec3 di_64
	0x3b, 0x0a, 0x20, 0x20, 0x20, 0x20, 0x66, 0x6c, 0x6f, 0x61, 0x74, 0x20, 0x74, 0x6d, 0x70, 0x76, // ;.    float tmpv
	0x61, 0x72, 0x5f, 0x36, 0x35, 0x3b, 0x0a, 0x20, 0x20, 0x20, 0x20, 0x69, 0x66, 0x20, 0x28, 0x28, // ar_65;.    if ((
	0x75, 0x5f, 0x67, 0x78, 0x5f, 0x74, 0x65, 0x76, 0x5f, 0x63, 0x6f, 0x6c, 0x6f, 0x72, 0x5f, 0x6f, // u_gx_tev_color_o
	0x70, 0x31, 0x2e, 0x7a, 0x20, 0x3c, 0x20, 0x30, 0x2e, 0x35, 0x29, 0x29, 0x20, 0x7b, 0x0a, 0x20, // p1.z < 0.5)) {.
	0x20, 0x20, 0x20, 0x20, 0x20, 0x74, 0x6d, 0x70, 0x76, 0x61, 0x72, 0x5f, 0x36, 0x35, 0x20, 0x3d, //      tmpvar_65 =
	0x20, 0x31, 0x2e, 0x30, 0x3b, 0x0a, 0x20, 0x20, 0x20, 0x20, 0x7d, 0x20, 0x65, 0x6c, 0x73, 0x65, //  1.0;.    } else
	0x20, 0x7b, 0x0a, 0x20, 0x20, 0x20, 0x20, 0x20, 0x20, 0x69, 0x66, 0x20, 0x28, 0x28, 0x75, 0x5f, //  {.      if ((u_
	0x67, 0x78, 0x5f, 0x74, 0x65, 0x76, 0x5f, 0x63, 0x6f, 0x6c, 0x6f, 0x72, 0x5f, 0x6f, 0x70, 0x31, // gx_tev_color_op1
	0x2e, 0x7a, 0x20, 0x3c, 0x20, 0x31, 0x2e, 0x35, 0x29, 0x29, 0x20, 0x7b, 0x0a, 0x20, 0x20, 0x20, // .z < 1.5)) {.
	0x20, 0x20, 0x20, 0x20, 0x20, 0x74, 0x6d, 0x70, 0x76, 0x61, 0x72, 0x5f, 0x36, 0x35, 0x20, 0x3d, //      tmpvar_65 =
	0x20, 0x32, 0x2e, 0x30, 0x3b, 0x0a, 0x20, 0x20, 0x20, 0x20, 0x20, 0x20, 0x7d, 0x20, 0x65, 0x6c, //  2.0;.      } el
	0x73, 0x65, 0x20, 0x7b, 0x0a, 0x20, 0x20, 0x20, 0x20, 0x20, 0x20, 0x20, 0x20, 0x69, 0x66, 0x20, // se {.        if
	0x28, 0x28, 0x75, 0x5f, 0x67, 0x78, 0x5f, 0x74, 0x65, 0x76, 0x5f, 0x63, 0x6f, 0x6c, 0x6f, 0x72, // ((u_gx_tev_color
	0x5f, 0x6f, 0x70, 0x31, 0x2e, 0x7a, 0x20, 0x3c, 0x20, 0x32, 0x2e, 0x35, 0x29, 0x29, 0x20, 0x7b, // _op1.z < 2.5)) {
	0x0a, 0x20, 0x20, 0x20, 0x20, 0x20, 0x20, 0x20, 0x20, 0x20, 0x20, 0x74, 0x6d, 0x70, 0x76, 0x61, // .          tmpva
	0x72, 0x5f, 0x36, 0x35, 0x20, 0x3d, 0x20, 0x34, 0x2e, 0x30, 0x3b, 0x0a, 0x20, 0x20, 0x20, 0x20, // r_65 = 4.0;.
	0x20, 0x20, 0x20, 0x20, 0x7d, 0x20, 0x65, 0x6c, 0x73, 0x65, 0x20, 0x7b, 0x0a, 0x20, 0x20, 0x20, //     } else {.
	0x20, 0x20, 0x20, 0x20, 0x20, 0x20, 0x20, 0x74, 0x6d, 0x70, 0x76, 0x61, 0x72, 0x5f, 0x36, 0x35, //        tmpvar_65
	0x20, 0x3d, 0x20, 0x31, 0x2e, 0x30, 0x3b, 0x0a, 0x20, 0x20, 0x20, 0x20, 0x20, 0x20, 0x20, 0x20, //  = 1.0;.
	0x7d, 0x3b, 0x0a, 0x20, 0x20, 0x20, 0x20, 0x20, 0x20, 0x7d, 0x3b, 0x0a, 0x20, 0x20, 0x20, 0x20, // };.      };.
	0x7d, 0x3b, 0x0a, 0x20, 0x20, 0x20, 0x20, 0x66, 0x6c, 0x6f, 0x61, 0x74, 0x20, 0x74, 0x6d, 0x70, // };.    float tmp
	0x76, 0x61, 0x72, 0x5f, 0x36, 0x36, 0x3b, 0x0a, 0x20, 0x20, 0x20, 0x20, 0x69, 0x66, 0x20, 0x28, // var_66;.    if (
	0x28, 0x75, 0x5f, 0x67, 0x78, 0x5f, 0x74, 0x65, 0x76, 0x5f, 0x63, 0x6f, 0x6c, 0x6f, 0x72, 0x5f, // (u_gx_tev_color_
	0x6f, 0x70, 0x31, 0x2e, 0x7a, 0x20, 0x3e, 0x20, 0x32, 0x2e, 0x35, 0x29, 0x29, 0x20, 0x7b, 0x0a, // op1.z > 2.5)) {.
	0x20, 0x20, 0x20, 0x20, 0x20, 0x20, 0x74, 0x6d, 0x70, 0x76, 0x61, 0x72, 0x5f, 0x36, 0x36, 0x20, //       tmpvar_66
	0x3d, 0x20, 0x32, 0x2e, 0x30, 0x3b, 0x0a, 0x20, 0x20, 0x20, 0x20, 0x7d, 0x20, 0x65, 0x6c, 0x73, // = 2.0;.    } els
	0x65, 0x20, 0x7b, 0x0a, 0x20, 0x20, 0x20, 0x20, 0x20, 0x20, 0x74, 0x6d, 0x70, 0x76, 0x61, 0x72, // e {.      tmpvar
	0x5f, 0x36, 0x36, 0x20, 0x3d, 0x20, 0x31, 0x2e, 0x30, 0x3b, 0x0a, 0x20, 0x20, 0x20, 0x20, 0x7d, // _66 = 1.0;.    }
	0x3b, 0x0a, 0x20, 0x20, 0x20, 0x20, 0x76, 0x65, 0x63, 0x33, 0x20, 0x74, 0x6d, 0x70, 0x76, 0x61, // ;.    vec3 tmpva
	0x72, 0x5f, 0x36, 0x37, 0x3b, 0x0a, 0x20, 0x20, 0x20, 0x20, 0x74, 0x6d, 0x70, 0x76, 0x61, 0x72, // r_67;.    tmpvar
	0x5f, 0x36, 0x37, 0x20, 0x3d, 0x20, 0x66, 0x6c, 0x6f, 0x6f, 0x72, 0x28, 0x28, 0x28, 0x74, 0x6d, // _67 = floor(((tm
	0x70, 0x76, 0x61, 0x72, 0x5f, 0x35, 0x39, 0x20, 0x2a, 0x20, 0x32, 0x35, 0x35, 0x2e, 0x30, 0x29, // pvar_59 * 255.0)
	0x20, 0x2b, 0x20, 0x30, 0x2e, 0x35, 0x29, 0x29, 0x3b, 0x0a, 0x20, 0x20, 0x20, 0x20, 0x64, 0x69, //  + 0.5));.    di
	0x5f, 0x36, 0x34, 0x20, 0x3d, 0x20, 0x66, 0x6c, 0x6f, 0x6f, 0x72, 0x28, 0x28, 0x28, 0x74, 0x6d, // _64 = floor(((tm
	0x70, 0x76, 0x61, 0x72, 0x5f, 0x36, 0x30, 0x20, 0x2a, 0x20, 0x32, 0x35, 0x35, 0x2e, 0x30, 0x29, // pvar_60 * 255.0)
	0x20, 0x2b, 0x20, 0x30, 0x2e, 0x35, 0x29, 0x29, 0x3b, 0x0a, 0x20, 0x20, 0x20, 0x20, 0x76, 0x65, //  + 0.5));.    ve
	0x63, 0x33, 0x20, 0x74, 0x6d, 0x70, 0x76, 0x61, 0x72, 0x5f, 0x36, 0x38, 0x3b, 0x0a, 0x20, 0x20, // c3 tmpvar_68;.
	0x20, 0x20, 0x74, 0x6d, 0x70, 0x76, 0x61, 0x72, 0x5f, 0x36, 0x38, 0x20, 0x3d, 0x20, 0x28, 0x74, //   tmpvar_68 = (t
	0x6d, 0x70, 0x76, 0x61, 0x72, 0x5f, 0x36, 0x37, 0x20, 0x2b, 0x20, 0x66, 0x6c, 0x6f, 0x6f, 0x72, // mpvar_67 + floor
	0x28, 0x28, 0x74, 0x6d, 0x70, 0x76, 0x61, 0x72, 0x5f, 0x36, 0x37, 0x20, 0x2f, 0x20, 0x31, 0x32, // ((tmpvar_67 / 12
	0x38, 0x2e, 0x30, 0x29, 0x29, 0x29, 0x3b, 0x0a, 0x20, 0x20, 0x20, 0x20, 0x74, 0x65, 0x6d, 0x70, // 8.0)));.    temp
	0x5f, 0x36, 0x33, 0x20, 0x3d, 0x20, 0x28, 0x28, 0x28, 0x0a, 0x20, 0x20, 0x20, 0x20, 0x20, 0x20, // _63 = (((.
	0x66, 0x6c, 0x6f, 0x6f, 0x72, 0x28, 0x28, 0x28, 0x74, 0x6d, 0x70, 0x76, 0x61, 0x72, 0x5f, 0x35, // floor(((tmpvar_5
	0x37, 0x20, 0x2a, 0x20, 0x32, 0x35, 0x35, 0x2e, 0x30, 0x29, 0x20, 0x2b, 0x20, 0x30, 0x2e, 0x35, // 7 * 255.0) + 0.5
	0x29, 0x29, 0x0a, 0x20, 0x20, 0x20, 0x20, 0x20, 0x2a, 0x20, 0x0a, 0x20, 0x20, 0x20, 0x20, 0x20, // )).     * .
	0x20, 0x28, 0x32, 0x35, 0x36, 0x2e, 0x30, 0x20, 0x2d, 0x20, 0x74, 0x6d, 0x70, 0x76, 0x61, 0x72, //  (256.0 - tmpvar
	0x5f, 0x36, 0x38, 0x29, 0x0a, 0x20, 0x20, 0x20, 0x20, 0x29, 0x20, 0x2b, 0x20, 0x28, 0x0a, 0x20, // _68).    ) + (.
	0x20, 0x20, 0x20, 0x20, 0x20, 0x66, 0x6c, 0x6f, 0x6f, 0x72, 0x28, 0x28, 0x28, 0x74, 0x6d, 0x70, //      floor(((tmp
	0x76, 0x61, 0x72, 0x5f, 0x35, 0x38, 0x20, 0x2a, 0x20, 0x32, 0x35, 0x35, 0x2e, 0x30, 0x29, 0x20, // var_58 * 255.0)
	0x2b, 0x20, 0x30, 0x2e, 0x35, 0x29, 0x29, 0x0a, 0x20, 0x20, 0x20, 0x20, 0x20, 0x2a, 0x20, 0x74, // + 0.5)).     * t
	0x6d, 0x70, 0x76, 0x61, 0x72, 0x5f, 0x36, 0x38, 0x29, 0x29, 0x20, 0x2a, 0x20, 0x74, 0x6d, 0x70, // mpvar_68)) * tmp
	0x76, 0x61, 0x72, 0x5f, 0x36, 0x35, 0x29, 0x3b, 0x0a, 0x20, 0x20, 0x20, 0x20, 0x69, 0x66, 0x20, // var_65);.    if
	0x28, 0x28, 0x75, 0x5f, 0x67, 0x78, 0x5f, 0x74, 0x65, 0x76, 0x5f, 0x63, 0x6f, 0x6c, 0x6f, 0x72, // ((u_gx_tev_color
	0x5f, 0x6f, 0x70, 0x31, 0x2e, 0x7a, 0x20, 0x3c, 0x20, 0x32, 0x2e, 0x35, 0x29, 0x29, 0x20, 0x7b, // _op1.z < 2.5)) {
	0x0a, 0x20, 0x20, 0x20, 0x20, 0x20, 0x20, 0x66, 0x6c, 0x6f, 0x61, 0x74, 0x20, 0x74, 0x6d, 0x70, // .      float tmp
	0x76, 0x61, 0x72, 0x5f, 0x36, 0x39, 0x3b, 0x0a, 0x20, 0x20, 0x20, 0x20, 0x20, 0x20, 0x69, 0x66, // var_69;.      if
	0x20, 0x28, 0x28, 0x75, 0x5f, 0x67, 0x78, 0x5f, 0x74, 0x65, 0x76, 0x5f, 0x63, 0x6f, 0x6c, 0x6f, //  ((u_gx_tev_colo
	0x72, 0x5f, 0x6f, 0x70, 0x31, 0x2e, 0x78, 0x20, 0x3e, 0x20, 0x30, 0x2e, 0x35, 0x29, 0x29, 0x20, // r_op1.x > 0.5))
	0x7b, 0x0a, 0x20, 0x20, 0x20, 0x20, 0x20, 0x20, 0x20, 0x20, 0x74, 0x6d, 0x70, 0x76, 0x61, 0x72, // {.        tmpvar
	0x5f, 0x36, 0x39, 0x20, 0x3d, 0x20, 0x31, 0x32, 0x37, 0x2e, 0x30, 0x3b, 0x0a, 0x20, 0x20, 0x20, // _69 = 127.0;.
	0x20, 0x20, 0x20, 0x7d, 0x20, 0x65, 0x6c, 0x73, 0x65, 0x20, 0x7b, 0x0a, 0x20, 0x20, 0x20, 0x20, //    } else {.
	0x20, 0x20, 0x20, 0x20, 0x74, 0x6d, 0x70, 0x76, 0x61, 0x72, 0x5f, 0x36, 0x39, 0x20, 0x3d, 0x20, //     tmpvar_69 =
	0x31, 0x32, 0x38, 0x2e, 0x30, 0x3b, 0x0a, 0x20, 0x20, 0x20, 0x20, 0x20, 0x20, 0x7d, 0x3b, 0x0a, // 128.0;.      };.
	0x20, 0x20, 0x20, 0x20, 0x20, 0x20, 0x74, 0x65, 0x6d, 0x70, 0x5f, 0x36, 0x33, 0x20, 0x3d, 0x20, //       temp_63 =
	0x28, 0x74, 0x65, 0x6d, 0x70, 0x5f, 0x36, 0x33, 0x20, 0x2b, 0x20, 0x74, 0x6d, 0x70, 0x76, 0x61, // (temp_63 + tmpva
	0x72, 0x5f, 0x36, 0x39, 0x29, 0x3b, 0x0a, 0x20, 0x20, 0x20, 0x20, 0x7d, 0x3b, 0x0a, 0x20, 0x20, // r_69);.    };.
	0x20, 0x20, 0x76, 0x65, 0x63, 0x33, 0x20, 0x74, 0x6d, 0x70, 0x76, 0x61, 0x72, 0x5f, 0x37, 0x30, //   vec3 tmpvar_70
	0x3b, 0x0a, 0x20, 0x20, 0x20, 0x20, 0x74, 0x6d, 0x70, 0x76, 0x61, 0x72, 0x5f, 0x37, 0x30, 0x20, // ;.    tmpvar_70
	0x3d, 0x20, 0x66, 0x6c, 0x6f, 0x6f, 0x72, 0x28, 0x28, 0x74, 0x65, 0x6d, 0x70, 0x5f, 0x36, 0x33, // = floor((temp_63
	0x20, 0x2f, 0x20, 0x32, 0x35, 0x36, 0x2e, 0x30, 0x29, 0x29, 0x3b, 0x0a, 0x20, 0x20, 0x20, 0x20, //  / 256.0));.
	0x74, 0x65, 0x6d, 0x70, 0x5f, 0x36, 0x33, 0x20, 0x3d, 0x20, 0x74, 0x6d, 0x70, 0x76, 0x61, 0x72, // temp_63 = tmpvar
	0x5f, 0x37, 0x30, 0x3b, 0x0a, 0x20, 0x20, 0x20, 0x20, 0x69, 0x66, 0x20, 0x28, 0x28, 0x75, 0x5f, // _70;.    if ((u_
	0x67, 0x78, 0x5f, 0x74, 0x65, 0x76, 0x5f, 0x63, 0x6f, 0x6c, 0x6f, 0x72, 0x5f, 0x6f, 0x70, 0x31, // gx_tev_color_op1
	0x2e, 0x78, 0x20, 0x3e, 0x20, 0x30, 0x2e, 0x35, 0x29, 0x29, 0x20, 0x7b, 0x0a, 0x20, 0x20, 0x20, // .x > 0.5)) {.
	0x20, 0x20, 0x20, 0x74, 0x65, 0x6d, 0x70, 0x5f, 0x36, 0x33, 0x20, 0x3d, 0x20, 0x2d, 0x28, 0x74, //    temp_63 = -(t
	0x6d, 0x70, 0x76, 0x61, 0x72, 0x5f, 0x37, 0x30, 0x29, 0x3b, 0x0a, 0x20, 0x20, 0x20, 0x20, 0x7d, // mpvar_70);.    }
	0x3b, 0x0a, 0x20, 0x20, 0x20, 0x20, 0x66, 0x6c, 0x6f, 0x61, 0x74, 0x20, 0x74, 0x6d, 0x70, 0x76, // ;.    float tmpv
	0x61, 0x72, 0x5f, 0x37, 0x31, 0x3b, 0x0a, 0x20, 0x20, 0x20, 0x20, 0x69, 0x66, 0x20, 0x28, 0x28, // ar_71;.    if ((
	0x75, 0x5f, 0x67, 0x78, 0x5f, 0x74, 0x65, 0x76, 0x5f, 0x63, 0x6f, 0x6c, 0x6f, 0x72, 0x5f, 0x6f, // u_gx_tev_color_o
	0x70, 0x31, 0x2e, 0x79, 0x20, 0x3c, 0x20, 0x30, 0x2e, 0x35, 0x29, 0x29, 0x20, 0x7b, 0x0a, 0x20, // p1.y < 0.5)) {.
	0x20, 0x20, 0x20, 0x20, 0x20, 0x74, 0x6d, 0x70, 0x76, 0x61, 0x72, 0x5f, 0x37, 0x31, 0x20, 0x3d, //      tmpvar_71 =
	0x20, 0x30, 0x2e, 0x30, 0x3b, 0x0a, 0x20, 0x20, 0x20, 0x20, 0x7d, 0x20, 0x65, 0x6c, 0x73, 0x65, //  0.0;.    } else
	0x20, 0x7b, 0x0a, 0x20, 0x20, 0x20, 0x20, 0x20, 0x20, 0x69, 0x66, 0x20, 0x28, 0x28, 0x75, 0x5f, //  {.      if ((u_
	0x67, 0x78, 0x5f, 0x74, 0x65, 0x76, 0x5f, 0x63, 0x6f, 0x6c, 0x6f, 0x72, 0x5f, 0x6f, 0x70, 0x31, // gx_tev_color_op1
	0x2e, 0x79, 0x20, 0x3c, 0x20, 0x31, 0x2e, 0x35, 0x29, 0x29, 0x20, 0x7b, 0x0a, 0x20, 0x20, 0x20, // .y < 1.5)) {.
	0x20, 0x20, 0x20, 0x20, 0x20, 0x74, 0x6d, 0x70, 0x76, 0x61, 0x72, 0x5f, 0x37, 0x31, 0x20, 0x3d, //      tmpvar_71 =
	0x20, 0x31, 0x32, 0x38, 0x2e, 0x30, 0x3b, 0x0a, 0x20, 0x20, 0x20, 0x20, 0x20, 0x20, 0x7d, 0x20, //  128.0;.      }
	0x65, 0x6c, 0x73, 0x65, 0x20, 0x7b, 0x0a, 0x20, 0x20, 0x20, 0x20, 0x20, 0x20, 0x20, 0x20, 0x69, // else {.        i
	0x66, 0x20, 0x28, 0x28, 0x75, 0x5f, 0x67, 0x78, 0x5f, 0x74, 0x65, 0x76, 0x5f, 0x63, 0x6f, 0x6c, // f ((u_gx_tev_col
	0x6f, 0x72, 0x5f, 0x6f, 0x70, 0x31, 0x2e, 0x79, 0x20, 0x3c, 0x20, 0x32, 0x2e, 0x35, 0x29, 0x29, // or_op1.y < 2.5))
	0x20, 0x7b, 0x0a, 0x20, 0x20, 0x20, 0x20, 0x20, 0x20, 0x20, 0x20, 0x20, 0x20, 0x74, 0x6d, 0x70, //  {.          tmp
	0x76, 0x61, 0x72, 0x5f, 0x37, 0x31, 0x20, 0x3d, 0x20, 0x2d, 0x31, 0x32, 0x38, 0x2e, 0x30, 0x3b, // var_71 = -128.0;
	0x0a, 0x20, 0x20, 0x20, 0x20, 0x20, 0x20, 0x20, 0x20, 0x7d, 0x20, 0x65, 0x6c, 0x73, 0x65, 0x20, // .        } else
	0x7b, 0x0a, 0x20, 0x20, 0x20, 0x20, 0x20, 0x20, 0x20, 0x20, 0x20, 0x20, 0x74, 0x6d, 0x70, 0x76, // {.          tmpv
	0x61, 0x72, 0x5f, 0x37, 0x31, 0x20, 0x3d, 0x20, 0x30, 0x2e, 0x30, 0x3b, 0x0a, 0x20, 0x20, 0x20, // ar_71 = 0.0;.
	0x20, 0x20, 0x20, 0x20, 0x20, 0x7d, 0x3b, 0x0a, 0x20, 0x20, 0x20, 0x20, 0x20, 0x20, 0x7d, 0x3b, //      };.      };
	0x0a, 0x20, 0x20, 0x20, 0x20, 0x7d, 0x3b, 0x0a, 0x20, 0x20, 0x20, 0x20, 0x76, 0x65, 0x63, 0x33, // .    };.    vec3
	0x20, 0x74, 0x6d, 0x70, 0x76, 0x61, 0x72, 0x5f, 0x37, 0x32, 0x3b, 0x0a, 0x20, 0x20, 0x20, 0x20, //  tmpvar_72;.
	0x74, 0x6d, 0x70, 0x76, 0x61, 0x72, 0x5f, 0x37, 0x32, 0x20, 0x3d, 0x20, 0x28, 0x28, 0x28, 0x0a, // tmpvar_72 = (((.
	0x20, 0x20, 0x20, 0x20, 0x20, 0x20, 0x28, 0x64, 0x69, 0x5f, 0x36, 0x34, 0x20, 0x2b, 0x20, 0x74, //       (di_64 + t
	0x6d, 0x70, 0x76, 0x61, 0x72, 0x5f, 0x37, 0x31, 0x29, 0x0a, 0x20, 0x20, 0x20, 0x20, 0x20, 0x2a, // mpvar_71).     *
	0x20, 0x74, 0x6d, 0x70, 0x76, 0x61, 0x72, 0x5f, 0x36, 0x35, 0x29, 0x20, 0x2b, 0x20, 0x74, 0x65, //  tmpvar_65) + te
	0x6d, 0x70, 0x5f, 0x36, 0x33, 0x29, 0x20, 0x2f, 0x20, 0x74, 0x6d, 0x70, 0x76, 0x61, 0x72, 0x5f, // mp_63) / tmpvar_
	0x36, 0x36, 0x29, 0x3b, 0x0a, 0x20, 0x20, 0x20, 0x20, 0x72, 0x65, 0x73, 0x75, 0x6c, 0x74, 0x5f, // 66);.    result_
	0x36, 0x32, 0x20, 0x3d, 0x20, 0x74, 0x6d, 0x70, 0x76, 0x61, 0x72, 0x5f, 0x37, 0x32, 0x3b, 0x0a, // 62 = tmpvar_72;.
	0x20, 0x20, 0x20, 0x20, 0x69, 0x66, 0x20, 0x28, 0x28, 0x75, 0x5f, 0x67, 0x78, 0x5f, 0x74, 0x65, //     if ((u_gx_te
	0x76, 0x5f, 0x63, 0x6f, 0x6c, 0x6f, 0x72, 0x5f, 0x6f, 0x70, 0x31, 0x2e, 0x77, 0x20, 0x3e, 0x20, // v_color_op1.w >
	0x30, 0x2e, 0x35, 0x29, 0x29, 0x20, 0x7b, 0x0a, 0x20, 0x20, 0x20, 0x20, 0x20, 0x20, 0x72, 0x65, // 0.5)) {.      re
	0x73, 0x75, 0x6c, 0x74, 0x5f, 0x36, 0x32, 0x20, 0x3d, 0x20, 0x63, 0x6c, 0x61, 0x6d, 0x70, 0x20, // sult_62 = clamp
	0x28, 0x74, 0x6d, 0x70, 0x76, 0x61, 0x72, 0x5f, 0x37, 0x32, 0x2c, 0x20, 0x30, 0x2e, 0x30, 0x2c, // (tmpvar_72, 0.0,
	0x20, 0x32, 0x35, 0x35, 0x2e, 0x30, 0x29, 0x3b, 0x0a, 0x20, 0x20, 0x20, 0x20, 0x7d, 0x20, 0x65, //  255.0);.    } e
	0x6c, 0x73, 0x65, 0x20, 0x7b, 0x0a, 0x20, 0x20, 0x20, 0x20, 0x20, 0x20, 0x72, 0x65, 0x73, 0x75, // lse {.      resu
	0x6c, 0x74, 0x5f, 0x36, 0x32, 0x20, 0x3d, 0x20, 0x63, 0x6c, 0x61, 0x6d, 0x70, 0x20, 0x28, 0x72, // lt_62 = clamp (r
	0x65, 0x73, 0x75, 0x6c, 0x74, 0x5f, 0x36, 0x32, 0x2c, 0x20, 0x2d, 0x31, 0x30, 0x32, 0x34, 0x2e, // esult_62, -1024.
	0x30, 0x2c, 0x20, 0x31, 0x30, 0x32, 0x33, 0x2e, 0x30, 0x29, 0x3b, 0x0a, 0x20, 0x20, 0x20, 0x20, // 0, 1023.0);.
	0x7d, 0x3b, 0x0a, 0x20, 0x20, 0x20, 0x20, 0x74, 0x6d, 0x70, 0x76, 0x61, 0x72, 0x5f, 0x36, 0x31, // };.    tmpvar_61
	0x20, 0x3d, 0x20, 0x28, 0x72, 0x65, 0x73, 0x75, 0x6c, 0x74, 0x5f, 0x36, 0x32, 0x20, 0x2f, 0x20, //  = (result_62 /
	0x32, 0x35, 0x35, 0x2e, 0x30, 0x29, 0x3b, 0x0a, 0x20, 0x20, 0x20, 0x20, 0x76, 0x65, 0x63, 0x34, // 255.0);.    vec4
	0x20, 0x72, 0x65, 0x67, 0x30, 0x5f, 0x37, 0x33, 0x3b, 0x0a, 0x20, 0x20, 0x20, 0x20, 0x72, 0x65, //  reg0_73;.    re
	0x67, 0x30, 0x5f, 0x37, 0x33, 0x20, 0x3d, 0x20, 0x72, 0x65, 0x67, 0x30, 0x5f, 0x35, 0x32, 0x3b, // g0_73 = reg0_52;
	0x0a, 0x20, 0x20, 0x20, 0x20, 0x76, 0x65, 0x63, 0x34, 0x20, 0x72, 0x65, 0x67, 0x31, 0x5f, 0x37, // .    vec4 reg1_7
	0x34, 0x3b, 0x0a, 0x20, 0x20, 0x20, 0x20, 0x72, 0x65, 0x67, 0x31, 0x5f, 0x37, 0x34, 0x20, 0x3d, // 4;.    reg1_74 =
	0x20, 0x72, 0x65, 0x67, 0x31, 0x5f, 0x35, 0x33, 0x3b, 0x0a, 0x20, 0x20, 0x20, 0x20, 0x76, 0x65, //  reg1_53;.    ve
	0x63, 0x34, 0x20, 0x72, 0x65, 0x67, 0x32, 0x5f, 0x37, 0x35, 0x3b, 0x0a, 0x20, 0x20, 0x20, 0x20, // c4 reg2_75;.
	0x72, 0x65, 0x67, 0x32, 0x5f, 0x37, 0x35, 0x20, 0x3d, 0x20, 0x72, 0x65, 0x67, 0x32, 0x5f, 0x35, // reg2_75 = reg2_5
	0x34, 0x3b, 0x0a, 0x20, 0x20, 0x20, 0x20, 0x76, 0x65, 0x63, 0x34, 0x20, 0x72, 0x65, 0x67, 0x33, // 4;.    vec4 reg3
	0x5f, 0x37, 0x36, 0x3b, 0x0a, 0x20, 0x20, 0x20, 0x20, 0x72, 0x65, 0x67, 0x33, 0x5f, 0x37, 0x36, // _76;.    reg3_76
	0x20, 0x3d, 0x20, 0x72, 0x65, 0x67, 0x33, 0x5f, 0x35, 0x35, 0x3b, 0x0a, 0x20, 0x20, 0x20, 0x20, //  = reg3_55;.
	0x69, 0x66, 0x20, 0x28, 0x28, 0x75, 0x5f, 0x67, 0x78, 0x5f, 0x74, 0x65, 0x76, 0x5f, 0x6f, 0x75, // if ((u_gx_tev_ou
	0x74, 0x31, 0x2e, 0x78, 0x20, 0x3c, 0x20, 0x30, 0x2e, 0x35, 0x29, 0x29, 0x20, 0x7b, 0x0a, 0x20, // t1.x < 0.5)) {.
	0x20, 0x20, 0x20, 0x20, 0x20, 0x72, 0x65, 0x67, 0x30, 0x5f, 0x37, 0x33, 0x2e, 0x78, 0x79, 0x7a, //      reg0_73.xyz
	0x20, 0x3d, 0x20, 0x74, 0x6d, 0x70, 0x76, 0x61, 0x72, 0x5f, 0x36, 0x31, 0x3b, 0x0a, 0x20, 0x20, //  = tmpvar_61;.
	0x20, 0x20, 0x7d, 0x20, 0x65, 0x6c, 0x73, 0x65, 0x20, 0x7b, 0x0a, 0x20, 0x20, 0x20, 0x20, 0x20, //   } else {.
	0x20, 0x69, 0x66, 0x20, 0x28, 0x28, 0x75, 0x5f, 0x67, 0x78, 0x5f, 0x74, 0x65, 0x76, 0x5f, 0x6f, //  if ((u_gx_tev_o
	0x75, 0x74, 0x31, 0x2e, 0x78, 0x20, 0x3c, 0x20, 0x31, 0x2e, 0x35, 0x29, 0x29, 0x20, 0x7b, 0x0a, // ut1.x < 1.5)) {.
	0x20, 0x20, 0x20, 0x20, 0x20, 0x20, 0x20, 0x20, 0x72, 0x65, 0x67, 0x31, 0x5f, 0x37, 0x34, 0x2e, //         reg1_74.
	0x78, 0x79, 0x7a, 0x20, 0x3d, 0x20, 0x74, 0x6d, 0x70, 0x76, 0x61, 0x72, 0x5f, 0x36, 0x31, 0x3b, // xyz = tmpvar_61;
	0x0a, 0x20, 0x20, 0x20, 0x20, 0x20, 0x20, 0x7d, 0x20, 0x65, 0x6c, 0x73, 0x65, 0x20, 0x7b, 0x0a, // .      } else {.
	0x20, 0x20, 0x20, 0x20, 0x20, 0x20, 0x20, 0x20, 0x69, 0x66, 0x20, 0x28, 0x28, 0x75, 0x5f, 0x67, //         if ((u_g
	0x78, 0x5f, 0x74, 0x65, 0x76, 0x5f, 0x6f, 0x75, 0x74, 0x31, 0x2e, 0x78, 0x20, 0x3c, 0x20, 0x32, // x_tev_out1.x < 2
	0x2e, 0x35, 0x29, 0x29, 0x20, 0x7b, 0x0a, 0x20, 0x20, 0x20, 0x20, 0x20, 0x20, 0x20, 0x20, 0x20, // .5)) {.
	0x20, 0x72, 0x65, 0x67, 0x32, 0x5f, 0x37, 0x35, 0x2e, 0x78, 0x79, 0x7a, 0x20, 0x3d, 0x20, 0x74, //  reg2_75.xyz = t
	0x6d, 0x70, 0x76, 0x61, 0x72, 0x5f, 0x36, 0x31, 0x3b, 0x0a, 0x20, 0x20, 0x20, 0x20, 0x20, 0x20, // mpvar_61;.
	0x20, 0x20, 0x7d, 0x20, 0x65, 0x6c, 0x73, 0x65, 0x20, 0x7b, 0x0a, 0x20, 0x20, 0x20, 0x20, 0x20, //   } else {.
	0x20, 0x20, 0x20, 0x20, 0x20, 0x72, 0x65, 0x67, 0x33, 0x5f, 0x37, 0x36, 0x2e, 0x78, 0x79, 0x7a, //      reg3_76.xyz
	0x20, 0x3d, 0x20, 0x74, 0x6d, 0x70, 0x76, 0x61, 0x72, 0x5f, 0x36, 0x31, 0x3b, 0x0a, 0x20, 0x20, //  = tmpvar_61;.
	0x20, 0x20, 0x20, 0x20, 0x20, 0x20, 0x7d, 0x3b, 0x0a, 0x20, 0x20, 0x20, 0x20, 0x20, 0x20, 0x7d, //       };.      }
	0x3b, 0x0a, 0x20, 0x20, 0x20, 0x20, 0x7d, 0x3b, 0x0a, 0x20, 0x20, 0x20, 0x20, 0x66, 0x6c, 0x6f, // ;.    };.    flo
	0x61, 0x74, 0x20, 0x74, 0x6d, 0x70, 0x76, 0x61, 0x72, 0x5f, 0x37, 0x37, 0x3b, 0x0a, 0x20, 0x20, // at tmpvar_77;.
	0x20, 0x20, 0x69, 0x66, 0x20, 0x28, 0x28, 0x75, 0x5f, 0x67, 0x78, 0x5f, 0x74, 0x65, 0x76, 0x5f, //   if ((u_gx_tev_
	0x61, 0x6c, 0x70, 0x68, 0x61, 0x5f, 0x69, 0x6e, 0x31, 0x2e, 0x78, 0x20, 0x3c, 0x20, 0x30, 0x2e, // alpha_in1.x < 0.
	0x35, 0x29, 0x29, 0x20, 0x7b, 0x0a, 0x20, 0x20, 0x20, 0x20, 0x20, 0x20, 0x74, 0x6d, 0x70, 0x76, // 5)) {.      tmpv
	0x61, 0x72, 0x5f, 0x37, 0x37, 0x20, 0x3d, 0x20, 0x72, 0x65, 0x67, 0x30, 0x5f, 0x37, 0x33, 0x2e, // ar_77 = reg0_73.
	0x77, 0x3b, 0x0a, 0x20, 0x20, 0x20, 0x20, 0x7d, 0x20, 0x65, 0x6c, 0x73, 0x65, 0x20, 0x7b, 0x0a, // w;.    } else {.
	0x20, 0x20, 0x20, 0x20, 0x20, 0x20, 0x69, 0x66, 0x20, 0x28, 0x28, 0x75, 0x5f, 0x67, 0x78, 0x5f, //       if ((u_gx_
	0x74, 0x65, 0x76, 0x5f, 0x61, 0x6c, 0x70, 0x68, 0x61, 0x5f, 0x69, 0x6e, 0x31, 0x2e, 0x78, 0x20, // tev_alpha_in1.x
	0x3c, 0x20, 0x31, 0x2e, 0x35, 0x29, 0x29, 0x20, 0x7b, 0x0a, 0x20, 0x20, 0x20, 0x20, 0x20, 0x20, // < 1.5)) {.
	0x20, 0x20, 0x74, 0x6d, 0x70, 0x76, 0x61, 0x72, 0x5f, 0x37, 0x37, 0x20, 0x3d, 0x20, 0x72, 0x65, //   tmpvar_77 = re
	0x67, 0x31, 0x5f, 0x37, 0x34, 0x2e, 0x77, 0x3b, 0x0a, 0x20, 0x20, 0x20, 0x20, 0x20, 0x20, 0x7d, // g1_74.w;.      }
	0x20, 0x65, 0x6c, 0x73, 0x65, 0x20, 0x7b, 0x0a, 0x20, 0x20, 0x20, 0x20, 0x20, 0x20, 0x20, 0x20, //  else {.
	0x69, 0x66, 0x20, 0x28, 0x28, 0x75, 0x5f, 0x67, 0x78, 0x5f, 0x74, 0x65, 0x76, 0x5f, 0x61, 0x6c, // if ((u_gx_tev_al
	0x70, 0x68, 0x61, 0x5f, 0x69, 0x6e, 0x31, 0x2e, 0x78, 0x20, 0x3c, 0x20, 0x32, 0x2e, 0x35, 0x29, // pha_in1.x < 2.5)
	0x29, 0x20, 0x7b, 0x0a, 0x20, 0x20, 0x20, 0x20, 0x20, 0x20, 0x20, 0x20, 0x20, 0x20, 0x74, 0x6d, // ) {.          tm
	0x70, 0x76, 0x61, 0x72, 0x5f, 0x37, 0x37, 0x20, 0x3d, 0x20, 0x72, 0x65, 0x67, 0x32, 0x5f, 0x37, // pvar_77 = reg2_7
	0x35, 0x2e, 0x77, 0x3b, 0x0a, 0x20, 0x20, 0x20, 0x20, 0x20, 0x20, 0x20, 0x20, 0x7d, 0x20, 0x65, // 5.w;.        } e
	0x6c, 0x73, 0x65, 0x20, 0x7b, 0x0a, 0x20, 0x20, 0x20, 0x20, 0x20, 0x20, 0x20, 0x20, 0x20, 0x20, // lse {.
	0x69, 0x66, 0x20, 0x28, 0x28, 0x75, 0x5f, 0x67, 0x78, 0x5f, 0x74, 0x65, 0x76, 0x5f, 0x61, 0x6c, // if ((u_gx_tev_al
	0x70, 0x68, 0x61, 0x5f, 0x69, 0x6e, 0x31, 0x2e, 0x78, 0x20, 0x3c, 0x20, 0x33, 0x2e, 0x35, 0x29, // pha_in1.x < 3.5)
	0x29, 0x20, 0x7b, 0x0a, 0x20, 0x20, 0x20, 0x20, 0x20, 0x20, 0x20, 0x20, 0x20, 0x20, 0x20, 0x20, // ) {.
	0x74, 0x6d, 0x70, 0x76, 0x61, 0x72, 0x5f, 0x37, 0x37, 0x20, 0x3d, 0x20, 0x72, 0x65, 0x67, 0x33, // tmpvar_77 = reg3
	0x5f, 0x37, 0x36, 0x2e, 0x77, 0x3b, 0x0a, 0x20, 0x20, 0x20, 0x20, 0x20, 0x20, 0x20, 0x20, 0x20, // _76.w;.
	0x20, 0x7d, 0x20, 0x65, 0x6c, 0x73, 0x65, 0x20, 0x7b, 0x0a, 0x20, 0x20, 0x20, 0x20, 0x20, 0x20, //  } else {.
	0x20, 0x20, 0x20, 0x20, 0x20, 0x20, 0x69, 0x66, 0x20, 0x28, 0x28, 0x75, 0x5f, 0x67, 0x78, 0x5f, //       if ((u_gx_
	0x74, 0x65, 0x76, 0x5f, 0x61, 0x6c, 0x70, 0x68, 0x61, 0x5f, 0x69, 0x6e, 0x31, 0x2e, 0x78, 0x20, // tev_alpha_in1.x
	0x3c, 0x20, 0x34, 0x2e, 0x35, 0x29, 0x29, 0x20, 0x7b, 0x0a, 0x20, 0x20, 0x20, 0x20, 0x20, 0x20, // < 4.5)) {.
	0x20, 0x20, 0x20, 0x20, 0x20, 0x20, 0x20, 0x20, 0x74, 0x6d, 0x70, 0x76, 0x61, 0x72, 0x5f, 0x37, //         tmpvar_7
	0x37, 0x20, 0x3d, 0x20, 0x74, 0x6d, 0x70, 0x76, 0x61, 0x72, 0x5f, 0x35, 0x36, 0x2e, 0x77, 0x3b, // 7 = tmpvar_56.w;
	0x0a, 0x20, 0x20, 0x20, 0x20, 0x20, 0x20, 0x20, 0x20, 0x20, 0x20, 0x20, 0x20, 0x7d, 0x20, 0x65, // .            } e
	0x6c, 0x73, 0x65, 0x20, 0x7b, 0x0a, 0x20, 0x20, 0x20, 0x20, 0x20, 0x20, 0x20, 0x20, 0x20, 0x20, // lse {.
	0x20, 0x20, 0x20, 0x20, 0x69, 0x66, 0x20, 0x28, 0x28, 0x75, 0x5f, 0x67, 0x78, 0x5f, 0x74, 0x65, //     if ((u_gx_te
	0x76, 0x5f, 0x61, 0x6c, 0x70, 0x68, 0x61, 0x5f, 0x69, 0x6e, 0x31, 0x2e, 0x78, 0x20, 0x3c, 0x20, // v_alpha_in1.x <
	0x35, 0x2e, 0x35, 0x29, 0x29, 0x20, 0x7b, 0x0a, 0x20, 0x20, 0x20, 0x20, 0x20, 0x20, 0x20, 0x20, // 5.5)) {.
	0x20, 0x20, 0x20, 0x20, 0x20, 0x20, 0x20, 0x20, 0x74, 0x6d, 0x70, 0x76, 0x61, 0x72, 0x5f, 0x37, //         tmpvar_7
	0x37, 0x20, 0x3d, 0x20, 0x76, 0x5f, 0x63, 0x6f, 0x6c, 0x6f, 0x72, 0x30, 0x2e, 0x77, 0x3b, 0x0a, // 7 = v_color0.w;.
	0x20, 0x20, 0x20, 0x20, 0x20, 0x20, 0x20, 0x20, 0x20, 0x20, 0x20, 0x20, 0x20, 0x20, 0x7d, 0x20, //               }
	0x65, 0x6c, 0x73, 0x65, 0x20, 0x7b, 0x0a, 0x20, 0x20, 0x20, 0x20, 0x20, 0x20, 0x20, 0x20, 0x20, // else {.
	0x20, 0x20, 0x20, 0x20, 0x20, 0x20, 0x20, 0x69, 0x66, 0x20, 0x28, 0x28, 0x75, 0x5f, 0x67, 0x78, //        if ((u_gx
	0x5f, 0x74, 0x65, 0x76, 0x5f, 0x61, 0x6c, 0x70, 0x68, 0x61, 0x5f, 0x69, 0x6e, 0x31, 0x2e, 0x78, // _tev_alpha_in1.x
	0x20, 0x3c, 0x20, 0x36, 0x2e, 0x35, 0x29, 0x29, 0x20, 0x7b, 0x0a, 0x20, 0x20, 0x20, 0x20, 0x20, //  < 6.5)) {.
	0x20, 0x20, 0x20, 0x20, 0x20, 0x20, 0x20, 0x20, 0x20, 0x20, 0x20, 0x20, 0x20, 0x74, 0x6d, 0x70, //              tmp
	0x76, 0x61, 0x72, 0x5f, 0x37, 0x37, 0x20, 0x3d, 0x20, 0x75, 0x5f, 0x67, 0x78, 0x5f, 0x74, 0x65, // var_77 = u_gx_te
	0x76, 0x5f, 0x6b, 0x6f, 0x6e, 0x73, 0x74, 0x31, 0x2e, 0x77, 0x3b, 0x0a, 0x20, 0x20, 0x20, 0x20, // v_konst1.w;.
	0x20, 0x20, 0x20, 0x20, 0x20, 0x20, 0x20, 0x20, 0x20, 0x20, 0x20, 0x20, 0x7d, 0x20, 0x65, 0x6c, //             } el
	0x73, 0x65, 0x20, 0x7b, 0x0a, 0x20, 0x20, 0x20, 0x20, 0x20, 0x20, 0x20, 0x20, 0x20, 0x20, 0x20, // se {.
	0x20, 0x20, 0x20, 0x20, 0x20, 0x20, 0x20, 0x74, 0x6d, 0x70, 0x76, 0x61, 0x72, 0x5f, 0x37, 0x37, //        tmpvar_77
	0x20, 0x3d, 0x20, 0x30, 0x2e, 0x30, 0x3b, 0x0a, 0x20, 0x20, 0x20, 0x20, 0x20, 0x20, 0x20, 0x20, //  = 0.0;.
	0x20, 0x20, 0x20, 0x20, 0x20, 0x20, 0x20, 0x20, 0x7d, 0x3b, 0x0a, 0x20, 0x20, 0x20, 0x20, 0x20, //         };.
	0x20, 0x20, 0x20, 0x20, 0x20, 0x20, 0x20, 0x20, 0x20, 0x7d, 0x3b, 0x0a, 0x20, 0x20, 0x20, 0x20, //          };.
	0x20, 0x20, 0x20, 0x20, 0x20, 0x20, 0x20, 0x20, 0x7d, 0x3b, 0x0a, 0x20, 0x20, 0x20, 0x20, 0x20, //         };.
	0x20, 0x20, 0x20, 0x20, 0x20, 0x7d, 0x3b, 0x0a, 0x20, 0x20, 0x20, 0x20, 0x20, 0x20, 0x20, 0x20, //      };.
	0x7d, 0x3b, 0x0a, 0x20, 0x20, 0x20, 0x20, 0x20, 0x20, 0x7d, 0x3b, 0x0a, 0x20, 0x20, 0x20, 0x20, // };.      };.
	0x7d, 0x3b, 0x0a, 0x20, 0x20, 0x20, 0x20, 0x66, 0x6c, 0x6f, 0x61, 0x74, 0x20, 0x74, 0x6d, 0x70, // };.    float tmp
	0x76, 0x61, 0x72, 0x5f, 0x37, 0x38, 0x3b, 0x0a, 0x20, 0x20, 0x20, 0x20, 0x69, 0x66, 0x20, 0x28, // var_78;.    if (
	0x28, 0x75, 0x5f, 0x67, 0x78, 0x5f, 0x74, 0x65, 0x76, 0x5f, 0x61, 0x6c, 0x70, 0x68, 0x61, 0x5f, // (u_gx_tev_alpha_
	0x69, 0x6e, 0x31, 0x2e, 0x79, 0x20, 0x3c, 0x20, 0x30, 0x2e, 0x35, 0x29, 0x29, 0x20, 0x7b, 0x0a, // in1.y < 0.5)) {.
	0x20, 0x20, 0x20, 0x20, 0x20, 0x20, 0x74, 0x6d, 0x70, 0x76, 0x61, 0x72, 0x5f, 0x37, 0x38, 0x20, //       tmpvar_78
	0x3d, 0x20, 0x72, 0x65, 0x67, 0x30, 0x5f, 0x37, 0x33, 0x2e, 0x77, 0x3b, 0x0a, 0x20, 0x20, 0x20, // = reg0_73.w;.
	0x20, 0x7d, 0x20, 0x65, 0x6c, 0x73, 0x65, 0x20, 0x7b, 0x0a, 0x20, 0x20, 0x20, 0x20, 0x20, 0x20, //  } else {.
	0x69, 0x66, 0x20, 0x28, 0x28, 0x75, 0x5f, 0x67, 0x78, 0x5f, 0x74, 0x65, 0x76, 0x5f, 0x61, 0x6c, // if ((u_gx_tev_al
	0x70, 0x68, 0x61, 0x5f, 0x69, 0x6e, 0x31, 0x2e, 0x79, 0x20, 0x3c, 0x20, 0x31, 0x2e, 0x35, 0x29, // pha_in1.y < 1.5)
	0x29, 0x20, 0x7b, 0x0a, 0x20, 0x20, 0x20, 0x20, 0x20, 0x20, 0x20, 0x20, 0x74, 0x6d, 0x70, 0x76, // ) {.        tmpv
	0x61, 0x72, 0x5f, 0x37, 0x38, 0x20, 0x3d, 0x20, 0x72, 0x65, 0x67, 0x31, 0x5f, 0x37, 0x34, 0x2e, // ar_78 = reg1_74.
	0x77, 0x3b, 0x0a, 0x20, 0x20, 0x20, 0x20, 0x20, 0x20, 0x7d, 0x20, 0x65, 0x6c, 0x73, 0x65, 0x20, // w;.      } else
	0x7b, 0x0a, 0x20, 0x20, 0x20, 0x20, 0x20, 0x20, 0x20, 0x20, 0x69, 0x66, 0x20, 0x28, 0x28, 0x75, // {.        if ((u
	0x5f, 0x67, 0x78, 0x5f, 0x74, 0x65, 0x76, 0x5f, 0x61, 0x6c, 0x70, 0x68, 0x61, 0x5f, 0x69, 0x6e, // _gx_tev_alpha_in
	0x31, 0x2e, 0x79, 0x20, 0x3c, 0x20, 0x32, 0x2e, 0x35, 0x29, 0x29, 0x20, 0x7b, 0x0a, 0x20, 0x20, // 1.y < 2.5)) {.
	0x20, 0x20, 0x20, 0x20, 0x20, 0x20, 0x20, 0x20, 0x74, 0x6d, 0x70, 0x76, 0x61, 0x72, 0x5f, 0x37, //         tmpvar_7
	0x38, 0x20, 0x3d, 0x20, 0x72, 0x65, 0x67, 0x32, 0x5f, 0x37, 0x35, 0x2e, 0x77, 0x3b, 0x0a, 0x20, // 8 = reg2_75.w;.
	0x20, 0x20, 0x20, 0x20, 0x20, 0x20, 0x20, 0x7d, 0x20, 0x65, 0x6c, 0x73, 0x65, 0x20, 0x7b, 0x0a, //        } else {.
	0x20, 0x20, 0x20, 0x20, 0x20, 0x20, 0x20, 0x20, 0x20, 0x20, 0x69, 0x66, 0x20, 0x28, 0x28, 0x75, //           if ((u
	0x5f, 0x67, 0x78, 0x5f, 0x74, 0x65, 0x76, 0x5f, 0x61, 0x6c, 0x70, 0x68, 0x61, 0x5f, 0x69, 0x6e, // _gx_tev_alpha_in
	0x31, 0x2e, 0x79, 0x20, 0x3c, 0x20, 0x33, 0x2e, 0x35, 0x29, 0x29, 0x20, 0x7b, 0x0a, 0x20, 0x20, // 1.y < 3.5)) {.
	0x20, 0x20, 0x20, 0x20, 0x20, 0x20, 0x20, 0x20, 0x20, 0x20, 0x74, 0x6d, 0x70, 0x76, 0x61, 0x72, //           tmpvar
	0x5f, 0x37, 0x38, 0x20, 0x3d, 0x20, 0x72, 0x65, 0x67, 0x33, 0x5f, 0x37, 0x36, 0x2e, 0x77, 0x3b, // _78 = reg3_76.w;
	0x0a, 0x20, 0x20, 0x20, 0x20, 0x20, 0x20, 0x20, 0x20, 0x20, 0x20, 0x7d, 0x20, 0x65, 0x6c, 0x73, // .          } els
	0x65, 0x20, 0x7b, 0x0a, 0x20, 0x20, 0x20, 0x20, 0x20, 0x20, 0x20, 0x20, 0x20, 0x20, 0x20, 0x20, // e {.
	0x69, 0x66, 0x20, 0x28, 0x28, 0x75, 0x5f, 0x67, 0x78, 0x5f, 0x74, 0x65, 0x76, 0x5f, 0x61, 0x6c, // if ((u_gx_tev_al
	0x70, 0x68, 0x61, 0x5f, 0x69, 0x6e, 0x31, 0x2e, 0x79, 0x20, 0x3c, 0x20, 0x34, 0x2e, 0x35, 0x29, // pha_in1.y < 4.5)
	0x29, 0x20, 0x7b, 0x0a, 0x20, 0x20, 0x20, 0x20, 0x20, 0x20, 0x20, 0x20, 0x20, 0x20, 0x20, 0x20, // ) {.
	0x20, 0x20, 0x74, 0x6d, 0x70, 0x76, 0x61, 0x72, 0x5f, 0x37, 0x38, 0x20, 0x3d, 0x20, 0x74, 0x6d, //   tmpvar_78 = tm
	0x70, 0x76, 0x61, 0x72, 0x5f, 0x35, 0x36, 0x2e, 0x77, 0x3b, 0x0a, 0x20, 0x20, 0x20, 0x20, 0x20, // pvar_56.w;.
	0x20, 0x20, 0x20, 0x20, 0x20, 0x20, 0x20, 0x7d, 0x20, 0x65, 0x6c, 0x73, 0x65, 0x20, 0x7b, 0x0a, //        } else {.
	0x20, 0x20, 0x20, 0x20, 0x20, 0x20, 0x20, 0x20, 0x20, 0x20, 0x20, 0x20, 0x20, 0x20, 0x69, 0x66, //               if
	0x20, 0x28, 0x28, 0x75, 0x5f, 0x67, 0x78, 0x5f, 0x74, 0x65, 0x76, 0x5f, 0x61, 0x6c, 0x70, 0x68, //  ((u_gx_tev_alph
	0x61, 0x5f, 0x69, 0x6e, 0x31, 0x2e, 0x79, 0x20, 0x3c, 0x20, 0x35, 0x2e, 0x35, 0x29, 0x29, 0x20, // a_in1.y < 5.5))
	0x7b, 0x0a, 0x20, 0x20, 0x20, 0x20, 0x20, 0x20, 0x20, 0x20, 0x20, 0x20, 0x20, 0x20, 0x20, 0x20, // {.
	0x20, 0x20, 0x74, 0x6d, 0x70, 0x76, 0x61, 0x72, 0x5f, 0x37, 0x38, 0x20, 0x3d, 0x20, 0x76, 0x5f, //   tmpvar_78 = v_
	0x63, 0x6f, 0x6c, 0x6f, 0x72, 0x30, 0x2e, 0x77, 0x3b, 0x0a, 0x20, 0x20, 0x20, 0x20, 0x20, 0x20, // color0.w;.
	0x20, 0x20, 0x20, 0x20, 0x20, 0x20, 0x20, 0x20, 0x7d, 0x20, 0x65, 0x6c, 0x73, 0x65, 0x20, 0x7b, //         } else {
	0x0a, 0x20, 0x20, 0x20, 0x20, 0x20, 0x20, 0x20, 0x20, 0x20, 0x20, 0x20, 0x20, 0x20, 0x20, 0x20, // .
	0x20, 0x69, 0x66, 0x20, 0x28, 0x28, 0x75, 0x5f, 0x67, 0x78, 0x5f, 0x74, 0x65, 0x76, 0x5f, 0x61, //  if ((u_gx_tev_a
	0x6c, 0x70, 0x68, 0x61, 0x5f, 0x69, 0x6e, 0x31, 0x2e, 0x79, 0x20, 0x3c, 0x20, 0x36, 0x2e, 0x35, // lpha_in1.y < 6.5
	0x29, 0x29, 0x20, 0x7b, 0x0a, 0x20, 0x20, 0x20, 0x20, 0x20, 0x20, 0x20, 0x20, 0x20, 0x20, 0x20, // )) {.
	0x20, 0x20, 0x20, 0x20, 0x20, 0x20, 0x20, 0x74, 0x6d, 0x70, 0x76, 0x61, 0x72, 0x5f, 0x37, 0x38, //        tmpvar_78
	0x20, 0x3d, 0x20, 0x75, 0x5f, 0x67, 0x78, 0x5f, 0x74, 0x65, 0x76, 0x5f, 0x6b, 0x6f, 0x6e, 0x73, //  = u_gx_tev_kons
	0x74, 0x31, 0x2e, 0x77, 0x3b, 0x0a, 0x20, 0x20, 0x20, 0x20, 0x20, 0x20, 0x20, 0x20, 0x20, 0x20, // t1.w;.
	0x20, 0x20, 0x20, 0x20, 0x20, 0x20, 0x7d, 0x20, 0x65, 0x6c, 0x73, 0x65, 0x20, 0x7b, 0x0a, 0x20, //       } else {.
	0x20, 0x20, 0x20, 0x20, 0x20, 0x20, 0x20, 0x20, 0x20, 0x20, 0x20, 0x20, 0x20, 0x20, 0x20, 0x20, //
	0x20, 0x74, 0x6d, 0x70, 0x76, 0x61, 0x72, 0x5f, 0x37, 0x38, 0x20, 0x3d, 0x20, 0x30, 0x2e, 0x30, //  tmpvar_78 = 0.0
	0x3b, 0x0a, 0x20, 0x20, 0x20, 0x20, 0x20, 0x20, 0x20, 0x20, 0x20, 0x20, 0x20, 0x20, 0x20, 0x20, // ;.
	0x20, 0x20, 0x7d, 0x3b, 0x0a, 0x20, 0x20, 0x20, 0x20, 0x20, 0x20, 0x20, 0x20, 0x20, 0x20, 0x20, //   };.
	0x20, 0x20, 0x20, 0x7d, 0x3b, 0x0a, 0x20, 0x20, 0x20, 0x20, 0x20, 0x20, 0x20, 0x20, 0x20, 0x20, //    };.
	0x20, 0x20, 0x7d, 0x3b, 0x0a, 0x20, 0x20, 0x20, 0x20, 0x20, 0x20, 0x20, 0x20, 0x20, 0x20, 0x7d, //   };.          }
	0x3b, 0x0a, 0x20, 0x20, 0x20, 0x20, 0x20, 0x20, 0x20, 0x20, 0x7d, 0x3b, 0x0a, 0x20, 0x20, 0x20, // ;.        };.
	0x20, 0x20, 0x20, 0x7d, 0x3b, 0x0a, 0x20, 0x20, 0x20, 0x20, 0x7d, 0x3b, 0x0a, 0x20, 0x20, 0x20, //    };.    };.
	0x20, 0x66, 0x6c, 0x6f, 0x61, 0x74, 0x20, 0x74, 0x6d, 0x70, 0x76, 0x61, 0x72, 0x5f, 0x37, 0x39, //  float tmpvar_79
	0x3b, 0x0a, 0x20, 0x20, 0x20, 0x20, 0x69, 0x66, 0x20, 0x28, 0x28, 0x75, 0x5f, 0x67, 0x78, 0x5f, // ;.    if ((u_gx_
	0x74, 0x65, 0x76, 0x5f, 0x61, 0x6c, 0x70, 0x68, 0x61, 0x5f, 0x69, 0x6e, 0x31, 0x2e, 0x7a, 0x20, // tev_alpha_in1.z
	0x3c, 0x20, 0x30, 0x2e, 0x35, 0x29, 0x29, 0x20, 0x7b, 0x0a, 0x20, 0x20, 0x20, 0x20, 0x20, 0x20, // < 0.5)) {.
	0x74, 0x6d, 0x70, 0x76, 0x61, 0x72, 0x5f, 0x37, 0x39, 0x20, 0x3d, 0x20, 0x72, 0x65, 0x67, 0x30, // tmpvar_79 = reg0
	0x5f, 0x37, 0x33, 0x2e, 0x77, 0x3b, 0x0a, 0x20, 0x20, 0x20, 0x20, 0x7d, 0x20, 0x65, 0x6c, 0x73, // _73.w;.    } els
	0x65, 0x20, 0x7b, 0x0a, 0x20, 0x20, 0x20, 0x20, 0x20, 0x20, 0x69, 0x66, 0x20, 0x28, 0x28, 0x75, // e {.      if ((u
	0x5f, 0x67, 0x78, 0x5f, 0x74, 0x65, 0x76, 0x5f, 0x61, 0x6c, 0x70, 0x68, 0x61, 0x5f, 0x69, 0x6e, // _gx_tev_alpha_in
	0x31, 0x2e, 0x7a, 0x20, 0x3c, 0x20, 0x31, 0x2e, 0x35, 0x29, 0x29, 0x20, 0x7b, 0x0a, 0x20, 0x20, // 1.z < 1.5)) {.
	0x20, 0x20, 0x20, 0x20, 0x20, 0x20, 0x74, 0x6d, 0x70, 0x76, 0x61, 0x72, 0x5f, 0x37, 0x39, 0x20, //       tmpvar_79
	0x3d, 0x20, 0x72, 0x65, 0x67, 0x31, 0x5f, 0x37, 0x34, 0x2e, 0x77, 0x3b, 0x0a, 0x20, 0x20, 0x20, // = reg1_74.w;.
	0x20, 0x20, 0x20, 0x7d, 0x20, 0x65, 0x6c, 0x73, 0x65, 0x20, 0x7b, 0x0a, 0x20, 0x20, 0x20, 0x20, //    } else {.
	0x20, 0x20, 0x20, 0x20, 0x69, 0x66, 0x20, 0x28, 0x28, 0x75, 0x5f, 0x67, 0x78, 0x5f, 0x74, 0x65, //     if ((u_gx_te
	0x76, 0x5f, 0x61, 0x6c, 0x70, 0x68, 0x61, 0x5f, 0x69, 0x6e, 0x31, 0x2e, 0x7a, 0x20, 0x3c, 0x20, // v_alpha_in1.z <
	0x32, 0x2e, 0x35, 0x29, 0x29, 0x20, 0x7b, 0x0a, 0x20, 0x20, 0x20, 0x20, 0x20, 0x20, 0x20, 0x20, // 2.5)) {.
	0x20, 0x20, 0x74, 0x6d, 0x70, 0x76, 0x61, 0x72, 0x5f, 0x37, 0x39, 0x20, 0x3d, 0x20, 0x72, 0x65, //   tmpvar_79 = re
	0x67, 0x32, 0x5f, 0x37, 0x35, 0x2e, 0x77, 0x3b, 0x0a, 0x20, 0x20, 0x20, 0x20, 0x20, 0x20, 0x20, // g2_75.w;.
	0x20, 0x7d, 0x20, 0x65, 0x6c, 0x73, 0x65, 0x20, 0x7b, 0x0a, 0x20, 0x20, 0x20, 0x20, 0x20, 0x20, //  } else {.
	0x20, 0x20, 0x20, 0x20, 0x69, 0x66, 0x20, 0x28, 0x28, 0x75, 0x5f, 0x67, 0x78, 0x5f, 0x74, 0x65, //     if ((u_gx_te
	0x76, 0x5f, 0x61, 0x6c, 0x70, 0x68, 0x61, 0x5f, 0x69, 0x6e, 0x31, 0x2e, 0x7a, 0x20, 0x3c, 0x20, // v_alpha_in1.z <
	0x33, 0x2e, 0x35, 0x29, 0x29, 0x20, 0x7b, 0x0a, 0x20, 0x20, 0x20, 0x20, 0x20, 0x20, 0x20, 0x20, // 3.5)) {.
	0x20, 0x20, 0x20, 0x20, 0x74, 0x6d, 0x70, 0x76, 0x61, 0x72, 0x5f, 0x37, 0x39, 0x20, 0x3d, 0x20, //     tmpvar_79 =
	0x72, 0x65, 0x67, 0x33, 0x5f, 0x37, 0x36, 0x2e, 0x77, 0x3b, 0x0a, 0x20, 0x20, 0x20, 0x20, 0x20, // reg3_76.w;.
	0x20, 0x20, 0x20, 0x20, 0x20, 0x7d, 0x20, 0x65, 0x6c, 0x73, 0x65, 0x20, 0x7b, 0x0a, 0x20, 0x20, //      } else {.
	0x20, 0x20, 0x20, 0x20, 0x20, 0x20, 0x20, 0x20, 0x20, 0x20, 0x69, 0x66, 0x20, 0x28, 0x28, 0x75, //           if ((u
	0x5f, 0x67, 0x78, 0x5f, 0x74, 0x65, 0x76, 0x5f, 0x61, 0x6c, 0x70, 0x68, 0x61, 0x5f, 0x69, 0x6e, // _gx_tev_alpha_in
	0x31, 0x2e, 0x7a, 0x20, 0x3c, 0x20, 0x34, 0x2e, 0x35, 0x29, 0x29, 0x20, 0x7b, 0x0a, 0x20, 0x20, // 1.z < 4.5)) {.
	0x20, 0x20, 0x20, 0x20, 0x20, 0x20, 0x20, 0x20, 0x20, 0x20, 0x20, 0x20, 0x74, 0x6d, 0x70, 0x76, //             tmpv
	0x61, 0x72, 0x5f, 0x37, 0x39, 0x20, 0x3d, 0x20, 0x74, 0x6d, 0x70, 0x76, 0x61, 0x72, 0x5f, 0x35, // ar_79 = tmpvar_5
	0x36, 0x2e, 0x77, 0x3b, 0x0a, 0x20, 0x20, 0x20, 0x20, 0x20, 0x20, 0x20, 0x20, 0x20, 0x20, 0x20, // 6.w;.
	0x20, 0x7d, 0x20, 0x65, 0x6c, 0x73, 0x65, 0x20, 0x7b, 0x0a, 0x20, 0x20, 0x20, 0x20, 0x20, 0x20, //  } else {.
	0x20, 0x20, 0x20, 0x20, 0x20, 0x20, 0x20, 0x20, 0x69, 0x66, 0x20, 0x28, 0x28, 0x75, 0x5f, 0x67, //         if ((u_g
	0x78, 0x5f, 0x74, 0x65, 0x76, 0x5f, 0x61, 0x6c, 0x70, 0x68, 0x61, 0x5f, 0x69, 0x6e, 0x31, 0x2e, // x_tev_alpha_in1.
	0x7a, 0x20, 0x3c, 0x20, 0x35, 0x2e, 0x35, 0x29, 0x29, 0x20, 0x7b, 0x0a, 0x20, 0x20, 0x20, 0x20, // z < 5.5)) {.
	0x20, 0x20, 0x20, 0x20, 0x20, 0x20, 0x20, 0x20, 0x20, 0x20, 0x20, 0x20, 0x74, 0x6d, 0x70, 0x76, //             tmpv
	0x61, 0x72, 0x5f, 0x37, 0x39, 0x20, 0x3d, 0x20, 0x76, 0x5f, 0x63, 0x6f, 0x6c, 0x6f, 0x72, 0x30, // ar_79 = v_color0
	0x2e, 0x77, 0x3b, 0x0a, 0x20, 0x20, 0x20, 0x20, 0x20, 0x20, 0x20, 0x20, 0x20, 0x20, 0x20, 0x20, // .w;.
	0x20, 0x20, 0x7d, 0x20, 0x65, 0x6c, 0x73, 0x65, 0x20, 0x7b, 0x0a, 0x20, 0x20, 0x20, 0x20, 0x20, //   } else {.
	0x20, 0x20, 0x20, 0x20, 0x20, 0x20, 0x20, 0x20, 0x20, 0x20, 0x20, 0x69, 0x66, 0x20, 0x28, 0x28, //            if ((
	0x75, 0x5f, 0x67, 0x78, 0x5f, 0x74, 0x65, 0x76, 0x5f, 0x61, 0x6c, 0x70, 0x68, 0x61, 0x5f, 0x69, // u_gx_tev_alpha_i
	0x6e, 0x31, 0x2e, 0x7a, 0x20, 0x3c, 0x20, 0x36, 0x2e, 0x35, 0x29, 0x29, 0x20, 0x7b, 0x0a, 0x20, // n1.z < 6.5)) {.
	0x20, 0x20, 0x20, 0x20, 0x20, 0x20, 0x20, 0x20, 0x20, 0x20, 0x20, 0x20, 0x20, 0x20, 0x20, 0x20, //
	0x20, 0x74, 0x6d, 0x70, 0x76, 0x61, 0x72, 0x5f, 0x37, 0x39, 0x20, 0x3d, 0x20, 0x75, 0x5f, 0x67, //  tmpvar_79 = u_g
	0x78, 0x5f, 0x74, 0x65, 0x76, 0x5f, 0x6b, 0x6f, 0x6e, 0x73, 0x74, 0x31, 0x2e, 0x77, 0x3b, 0x0a, // x_tev_konst1.w;.
	0x20, 0x20, 0x20, 0x20, 0x20, 0x20, 0x20, 0x20, 0x20, 0x20, 0x20, 0x20, 0x20, 0x20, 0x20, 0x20, //
	0x7d, 0x20, 0x65, 0x6c, 0x73, 0x65, 0x20, 0x7b, 0x0a, 0x20, 0x20, 0x20, 0x20, 0x20, 0x20, 0x20, // } else {.
	0x20, 0x20, 0x20, 0x20, 0x20, 0x20, 0x20, 0x20, 0x20, 0x20, 0x20, 0x74, 0x6d, 0x70, 0x76, 0x61, //            tmpva
	0x72, 0x5f, 0x37, 0x39, 0x20, 0x3d, 0x20, 0x30, 0x2e, 0x30, 0x3b, 0x0a, 0x20, 0x20, 0x20, 0x20, // r_79 = 0.0;.
	0x20, 0x20, 0x20, 0x20, 0x20, 0x20, 0x20, 0x20, 0x20, 0x20, 0x20, 0x20, 0x7d, 0x3b, 0x0a, 0x20, //             };.
	0x20, 0x20, 0x20, 0x20, 0x20, 0x20, 0x20, 0x20, 0x20, 0x20, 0x20, 0x20, 0x20, 0x7d, 0x3b, 0x0a, //              };.
	0x20, 0x20, 0x20, 0x20, 0x20, 0x20, 0x20, 0x20, 0x20, 0x20, 0x20, 0x20, 0x7d, 0x3b, 0x0a, 0x20, //             };.
	0x20, 0x20, 0x20, 0x20, 0x20, 0x20, 0x20, 0x20, 0x20, 0x7d, 0x3b, 0x0a, 0x20, 0x20, 0x20, 0x20, //          };.
	0x20, 0x20, 0x20, 0x20, 0x7d, 0x3b, 0x0a, 0x20, 0x20, 0x20, 0x20, 0x20, 0x20, 0x7d, 0x3b, 0x0a, //     };.      };.
	0x20, 0x20, 0x20, 0x20, 0x7d, 0x3b, 0x0a, 0x20, 0x20, 0x20, 0x20, 0x66, 0x6c, 0x6f, 0x61, 0x74, //     };.    float
	0x20, 0x74, 0x6d, 0x70, 0x76, 0x61, 0x72, 0x5f, 0x38, 0x30, 0x3b, 0x0a, 0x20, 0x20, 0x20, 0x20, //  tmpvar_80;.
	0x69, 0x66, 0x20, 0x28, 0x28, 0x75, 0x5f, 0x67, 0x78, 0x5f, 0x74, 0x65, 0x76, 0x5f, 0x61, 0x6c, // if ((u_gx_tev_al
	0x70, 0x68, 0x61, 0x5f, 0x69, 0x6e, 0x31, 0x2e, 0x77, 0x20, 0x3c, 0x20, 0x30, 0x2e, 0x35, 0x29, // pha_in1.w < 0.5)
	0x29, 0x20, 0x7b, 0x0a, 0x20, 0x20, 0x20, 0x20, 0x20, 0x20, 0x74, 0x6d, 0x70, 0x76, 0x61, 0x72, // ) {.      tmpvar
	0x5f, 0x38, 0x30, 0x20, 0x3d, 0x20, 0x72, 0x65, 0x67, 0x30, 0x5f, 0x37, 0x33, 0x2e, 0x77, 0x3b, // _80 = reg0_73.w;
	0x0a, 0x20, 0x20, 0x20, 0x20, 0x7d, 0x20, 0x65, 0x6c, 0x73, 0x65, 0x20, 0x7b, 0x0a, 0x20, 0x20, // .    } else {.
	0x20, 0x20, 0x20, 0x20, 0x69, 0x66, 0x20, 0x28, 0x28, 0x75, 0x5f, 0x67, 0x78, 0x5f, 0x74, 0x65, //     if ((u_gx_te
	0x76, 0x5f, 0x61, 0x6c, 0x70, 0x68, 0x61, 0x5f, 0x69, 0x6e, 0x31, 0x2e, 0x77, 0x20, 0x3c, 0x20, // v_alpha_in1.w <
	0x31, 0x2e, 0x35, 0x29, 0x29, 0x20, 0x7b, 0x0a, 0x20, 0x20, 0x20, 0x20, 0x20, 0x20, 0x20, 0x20, // 1.5)) {.
	0x74, 0x6d, 0x70, 0x76, 0x61, 0x72, 0x5f, 0x38, 0x30, 0x20, 0x3d, 0x20, 0x72, 0x65, 0x67, 0x31, // tmpvar_80 = reg1
	0x5f, 0x37, 0x34, 0x2e, 0x77, 0x3b, 0x0a, 0x20, 0x20, 0x20, 0x20, 0x20, 0x20, 0x7d, 0x20, 0x65, // _74.w;.      } e
	0x6c, 0x73, 0x65, 0x20, 0x7b, 0x0a, 0x20, 0x20, 0x20, 0x20, 0x20, 0x20, 0x20, 0x20, 0x69, 0x66, // lse {.        if
	0x20, 0x28, 0x28, 0x75, 0x5f, 0x67, 0x78, 0x5f, 0x74, 0x65, 0x76, 0x5f, 0x61, 0x6c, 0x70, 0x68, //  ((u_gx_tev_alph
	0x61, 0x5f, 0x69, 0x6e, 0x31, 0x2e, 0x77, 0x20, 0x3c, 0x20, 0x32, 0x2e, 0x35, 0x29, 0x29, 0x20, // a_in1.w < 2.5))
	0x7b, 0x0a, 0x20, 0x20, 0x20, 0x20, 0x20, 0x20, 0x20, 0x20, 0x20, 0x20, 0x74, 0x6d, 0x70, 0x76, // {.          tmpv
	0x61, 0x72, 0x5f, 0x38, 0x30, 0x20, 0x3d, 0x20, 0x72, 0x65, 0x67, 0x32, 0x5f, 0x37, 0x35, 0x2e, // ar_80 = reg2_75.
	0x77, 0x3b, 0x0a, 0x20, 0x20, 0x20, 0x20, 0x20, 0x20, 0x20, 0x20, 0x7d, 0x20, 0x65, 0x6c, 0x73, // w;.        } els
	0x65, 0x20, 0x7b, 0x0a, 0x20, 0x20, 0x20, 0x20, 0x20, 0x20, 0x20, 0x20, 0x20, 0x20, 0x69, 0x66, // e {.          if
	0x20, 0x28, 0x28, 0x75, 0x5f, 0x67, 0x78, 0x5f, 0x74, 0x65, 0x76, 0x5f, 0x61, 0x6c, 0x70, 0x68, //  ((u_gx_tev_alph
	0x61, 0x5f, 0x69, 0x6e, 0x31, 0x2e, 0x77, 0x20, 0x3c, 0x20, 0x33, 0x2e, 0x35, 0x29, 0x29, 0x20, // a_in1.w < 3.5))
	0x7b, 0x0a, 0x20, 0x20, 0x20, 0x20, 0x20, 0x20, 0x20, 0x20, 0x20, 0x20, 0x20, 0x20, 0x74, 0x6d, // {.            tm
	0x70, 0x76, 0x61, 0x72, 0x5f, 0x38, 0x30, 0x20, 0x3d, 0x20, 0x72, 0x65, 0x67, 0x33, 0x5f, 0x37, // pvar_80 = reg3_7
	0x36, 0x2e, 0x77, 0x3b, 0x0a, 0x20, 0x20, 0x20, 0x20, 0x20, 0x20, 0x20, 0x20, 0x20, 0x20, 0x7d, // 6.w;.          }
	0x20, 0x65, 0x6c, 0x73, 0x65, 0x20, 0x7b, 0x0a, 0x20, 0x20, 0x20, 0x20, 0x20, 0x20, 0x20, 0x20, //  else {.
	0x20, 0x20, 0x20, 0x20, 0x69, 0x66, 0x20, 0x28, 0x28, 0x75, 0x5f, 0x67, 0x78, 0x5f, 0x74, 0x65, //     if ((u_gx_te
	0x76, 0x5f, 0x61, 0x6c, 0x70, 0x68, 0x61, 0x5f, 0x69, 0x6e, 0x31, 0x2e, 0x77, 0x20, 0x3c, 0x20, // v_alpha_in1.w <
	0x34, 0x2e, 0x35, 0x29, 0x29, 0x20, 0x7b, 0x0a, 0x20, 0x20, 0x20, 0x20, 0x20, 0x20, 0x20, 0x20, // 4.5)) {.
	0x20, 0x20, 0x20, 0x20, 0x20, 0x20, 0x74, 0x6d, 0x70, 0x76, 0x61, 0x72, 0x5f, 0x38, 0x30, 0x20, //       tmpvar_80
	0x3d, 0x20, 0x74, 0x6d, 0x70, 0x76, 0x61, 0x72, 0x5f, 0x35, 0x36, 0x2e, 0x77, 0x3b, 0x0a, 0x20, // = tmpvar_56.w;.
	0x20, 0x20, 0x20, 0x20, 0x20, 0x20, 0x20, 0x20, 0x20, 0x20, 0x20, 0x7d, 0x20, 0x65, 0x6c, 0x73, //            } els
	0x65, 0x20, 0x7b, 0x0a, 0x20, 0x20, 0x20, 0x20, 0x20, 0x20, 0x20, 0x20, 0x20, 0x20, 0x20, 0x20, // e {.
	0x20, 0x20, 0x69, 0x66, 0x20, 0x28, 0x28, 0x75, 0x5f, 0x67, 0x78, 0x5f, 0x74, 0x65, 0x76, 0x5f, //   if ((u_gx_tev_
	0x61, 0x6c, 0x70, 0x68, 0x61, 0x5f, 0x69, 0x6e, 0x31, 0x2e, 0x77, 0x20, 0x3c, 0x20, 0x35, 0x2e, // alpha_in1.w < 5.
	0x35, 0x29, 0x29, 0x20, 0x7b, 0x0a, 0x20, 0x20, 0x20, 0x20, 0x20, 0x20, 0x20, 0x20, 0x20, 0x20, // 5)) {.
	0x20, 0x20, 0x20, 0x20, 0x20, 0x20, 0x74, 0x6d, 0x70, 0x76, 0x61, 0x72, 0x5f, 0x38, 0x30, 0x20, //       tmpvar_80
	0x3d, 0x20, 0x76, 0x5f, 0x63, 0x6f, 0x6c, 0x6f, 0x72, 0x30, 0x2e, 0x77, 0x3b, 0x0a, 0x20, 0x20, // = v_color0.w;.
	0x20, 0x20, 0x20, 0x20, 0x20, 0x20, 0x20, 0x20, 0x20, 0x20, 0x20, 0x20, 0x7d, 0x20, 0x65, 0x6c, //             } el
	0x73, 0x65, 0x20, 0x7b, 0x0a, 0x20, 0x20, 0x20, 0x20, 0x20, 0x20, 0x20, 0x20, 0x20, 0x20, 0x20, // se {.
	0x20, 0x20, 0x20, 0x20, 0x20, 0x69, 0x66, 0x20, 0x28, 0x28, 0x75, 0x5f, 0x67, 0x78, 0x5f, 0x74, //      if ((u_gx_t
	0x65, 0x76, 0x5f, 0x61, 0x6c, 0x70, 0x68, 0x61, 0x5f, 0x69, 0x6e, 0x31, 0x2e, 0x77, 0x20, 0x3c, // ev_alpha_in1.w <
	0x20, 0x36, 0x2e, 0x35, 0x29, 0x29, 0x20, 0x7b, 0x0a, 0x20, 0x20, 0x20, 0x20, 0x20, 0x20, 0x20, //  6.5)) {.
	0x20, 0x20, 0x20, 0x20, 0x20, 0x20, 0x20, 0x20, 0x20, 0x20, 0x20, 0x74, 0x6d, 0x70, 0x76, 0x61, //            tmpva
	0x72, 0x5f, 0x38, 0x30, 0x20, 0x3d, 0x20, 0x75, 0x5f, 0x67, 0x78, 0x5f, 0x74, 0x65, 0x76, 0x5f, // r_80 = u_gx_tev_
	0x6b, 0x6f, 0x6e, 0x73, 0x74, 0x31, 0x2e, 0x77, 0x3b, 0x0a, 0x20, 0x20, 0x20, 0x20, 0x20, 0x20, // konst1.w;.
	0x20, 0x20, 0x20, 0x20, 0x20, 0x20, 0x20, 0x20, 0x20, 0x20, 0x7d, 0x20, 0x65, 0x6c, 0x73, 0x65, //           } else
	0x20, 0x7b, 0x0a, 0x20, 0x20, 0x20, 0x20, 0x20, 0x20, 0x20, 0x20, 0x20, 0x20, 0x20, 0x20, 0x20, //  {.
	0x20, 0x20, 0x20, 0x20, 0x20, 0x74, 0x6d, 0x70, 0x76, 0x61, 0x72, 0x5f, 0x38, 0x30, 0x20, 0x3d, //      tmpvar_80 =
	0x20, 0x30, 0x2e, 0x30, 0x3b, 0x0a, 0x20, 0x20, 0x20, 0x20, 0x20, 0x20, 0x20, 0x20, 0x20, 0x20, //  0.0;.
	0x20, 0x20, 0x20, 0x20, 0x20, 0x20, 0x7d, 0x3b, 0x0a, 0x20, 0x20, 0x20, 0x20, 0x20, 0x20, 0x20, //       };.
	0x20, 0x20, 0x20, 0x20, 0x20, 0x20, 0x20, 0x7d, 0x3b, 0x0a, 0x20, 0x20, 0x20, 0x20, 0x20, 0x20, //        };.
	0x20, 0x20, 0x20, 0x20, 0x20, 0x20, 0x7d, 0x3b, 0x0a, 0x20, 0x20, 0x20, 0x20, 0x20, 0x20, 0x20, //       };.
	0x20, 0x20, 0x20, 0x7d, 0x3b, 0x0a, 0x20, 0x20, 0x20, 0x20, 0x20, 0x20, 0x20, 0x20, 0x7d, 0x3b, //    };.        };
	0x0a, 0x20, 0x20, 0x20, 0x20, 0x20, 0x20, 0x7d, 0x3b, 0x0a, 0x20, 0x20, 0x20, 0x20, 0x7d, 0x3b, // .      };.    };
	0x0a, 0x20, 0x20, 0x20, 0x20, 0x66, 0x6c, 0x6f, 0x61, 0x74, 0x20, 0x74, 0x6d, 0x70, 0x76, 0x61, // .    float tmpva
	0x72, 0x5f, 0x38, 0x31, 0x3b, 0x0a, 0x20, 0x20, 0x20, 0x20, 0x66, 0x6c, 0x6f, 0x61, 0x74, 0x20, // r_81;.    float
	0x72, 0x65, 0x73, 0x75, 0x6c, 0x74, 0x5f, 0x38, 0x32, 0x3b, 0x0a, 0x20, 0x20, 0x20, 0x20, 0x66, // result_82;.    f
	0x6c, 0x6f, 0x61, 0x74, 0x20, 0x74, 0x65, 0x6d, 0x70, 0x5f, 0x38, 0x33, 0x3b, 0x0a, 0x20, 0x20, // loat temp_83;.
	0x20, 0x20, 0x66, 0x6c, 0x6f, 0x61, 0x74, 0x20, 0x64, 0x69, 0x5f, 0x38, 0x34, 0x3b, 0x0a, 0x20, //   float di_84;.
	0x20, 0x20, 0x20, 0x66, 0x6c, 0x6f, 0x61, 0x74, 0x20, 0x74, 0x6d, 0x70, 0x76, 0x61, 0x72, 0x5f, //    float tmpvar_
	0x38, 0x35, 0x3b, 0x0a, 0x20, 0x20, 0x20, 0x20, 0x69, 0x66, 0x20, 0x28, 0x28, 0x75, 0x5f, 0x67, // 85;.    if ((u_g
	0x78, 0x5f, 0x74, 0x65, 0x76, 0x5f, 0x61, 0x6c, 0x70, 0x68, 0x61, 0x5f, 0x6f, 0x70, 0x31, 0x2e, // x_tev_alpha_op1.
	0x7a, 0x20, 0x3c, 0x20, 0x30, 0x2e, 0x35, 0x29, 0x29, 0x20, 0x7b, 0x0a, 0x20, 0x20, 0x20, 0x20, // z < 0.5)) {.
	0x20, 0x20, 0x74, 0x6d, 0x70, 0x76, 0x61, 0x72, 0x5f, 0x38, 0x35, 0x20, 0x3d, 0x20, 0x31, 0x2e, //   tmpvar_85 = 1.
	0x30, 0x3b, 0x0a, 0x20, 0x20, 0x20, 0x20, 0x7d, 0x20, 0x65, 0x6c, 0x73, 0x65, 0x20, 0x7b, 0x0a, // 0;.    } else {.
	0x20, 0x20, 0x20, 0x20, 0x20, 0x20, 0x69, 0x66, 0x20, 0x28, 0x28, 0x75, 0x5f, 0x67, 0x78, 0x5f, //       if ((u_gx_
	0x74, 0x65, 0x76, 0x5f, 0x61, 0x6c, 0x70, 0x68, 0x61, 0x5f, 0x6f, 0x70, 0x31, 0x2e, 0x7a, 0x20, // tev_alpha_op1.z
	0x3c, 0x20, 0x31, 0x2e, 0x35, 0x29, 0x29, 0x20, 0x7b, 0x0a, 0x20, 0x20, 0x20, 0x20, 0x20, 0x20, // < 1.5)) {.
	0x20, 0x20, 0x74, 0x6d, 0x70, 0x76, 0x61, 0x72, 0x5f, 0x38, 0x35, 0x20, 0x3d, 0x20, 0x32, 0x2e, //   tmpvar_85 = 2.
	0x30, 0x3b, 0x0a, 0x20, 0x20, 0x20, 0x20, 0x20, 0x20, 0x7d, 0x20, 0x65, 0x6c, 0x73, 0x65, 0x20, // 0;.      } else
	0x7b, 0x0a, 0x20, 0x20, 0x20, 0x20, 0x20, 0x20, 0x20, 0x20, 0x69, 0x66, 0x20, 0x28, 0x28, 0x75, // {.        if ((u
	0x5f, 0x67, 0x78, 0x5f, 0x74, 0x65, 0x76, 0x5f, 0x61, 0x6c, 0x70, 0x68, 0x61, 0x5f, 0x6f, 0x70, // _gx_tev_alpha_op
	0x31, 0x2e, 0x7a, 0x20, 0x3c, 0x20, 0x32, 0x2e, 0x35, 0x29, 0x29, 0x20, 0x7b, 0x0a, 0x20, 0x20, // 1.z < 2.5)) {.
	0x20, 0x20, 0x20, 0x20, 0x20, 0x20, 0x20, 0x20, 0x74, 0x6d, 0x70, 0x76, 0x61, 0x72, 0x5f, 0x38, //         tmpvar_8
	0x35, 0x20, 0x3d, 0x20, 0x34, 0x2e, 0x30, 0x3b, 0x0a, 0x20, 0x20, 0x20, 0x20, 0x20, 0x20, 0x20, // 5 = 4.0;.
	0x20, 0x7d, 0x20, 0x65, 0x6c, 0x73, 0x65, 0x20, 0x7b, 0x0a, 0x20, 0x20, 0x20, 0x20, 0x20, 0x20, //  } else {.
	0x20, 0x20, 0x20, 0x20, 0x74, 0x6d, 0x70, 0x76, 0x61, 0x72, 0x5f, 0x38, 0x35, 0x20, 0x3d, 0x20, //     tmpvar_85 =
	0x31, 0x2e, 0x30, 0x3b, 0x0a, 0x20, 0x20, 0x20, 0x20, 0x20, 0x20, 0x20, 0x20, 0x7d, 0x3b, 0x0a, // 1.0;.        };.
	0x20, 0x20, 0x20, 0x20, 0x20, 0x20, 0x7d, 0x3b, 0x0a, 0x20, 0x20, 0x20, 0x20, 0x7d, 0x3b, 0x0a, //       };.    };.
	0x20, 0x20, 0x20, 0x20, 0x66, 0x6c, 0x6f, 0x61, 0x74, 0x20, 0x74, 0x6d, 0x70, 0x76, 0x61, 0x72, //     float tmpvar
	0x5f, 0x38, 0x36, 0x3b, 0x0a, 0x20, 0x20, 0x20, 0x20, 0x69, 0x66, 0x20, 0x28, 0x28, 0x75, 0x5f, // _86;.    if ((u_
	0x67, 0x78, 0x5f, 0x74, 0x65, 0x76, 0x5f, 0x61, 0x6c, 0x70, 0x68, 0x61, 0x5f, 0x6f, 0x70, 0x31, // gx_tev_alpha_op1
	0x2e, 0x7a, 0x20, 0x3e, 0x20, 0x32, 0x2e, 0x35, 0x29, 0x29, 0x20, 0x7b, 0x0a, 0x20, 0x20, 0x20, // .z > 2.5)) {.
	0x20, 0x20, 0x20, 0x74, 0x6d, 0x70, 0x76, 0x61, 0x72, 0x5f, 0x38, 0x36, 0x20, 0x3d, 0x20, 0x32, //    tmpvar_86 = 2
	0x2e, 0x30, 0x3b, 0x0a, 0x20, 0x20, 0x20, 0x20, 0x7d, 0x20, 0x65, 0x6c, 0x73, 0x65, 0x20, 0x7b, // .0;.    } else {
	0x0a, 0x20, 0x20, 0x20, 0x20, 0x20, 0x20, 0x74, 0x6d, 0x70, 0x76, 0x61, 0x72, 0x5f, 0x38, 0x36, // .      tmpvar_86
	0x20, 0x3d, 0x20, 0x31, 0x2e, 0x30, 0x3b, 0x0a, 0x20, 0x20, 0x20, 0x20, 0x7d, 0x3b, 0x0a, 0x20, //  = 1.0;.    };.
	0x20, 0x20, 0x20, 0x66, 0x6c, 0x6f, 0x61, 0x74, 0x20, 0x74, 0x6d, 0x70, 0x76, 0x61, 0x72, 0x5f, //    float tmpvar_
	0x38, 0x37, 0x3b, 0x0a, 0x20, 0x20, 0x20, 0x20, 0x74, 0x6d, 0x70, 0x76, 0x61, 0x72, 0x5f, 0x38, // 87;.    tmpvar_8
	0x37, 0x20, 0x3d, 0x20, 0x66, 0x6c, 0x6f, 0x6f, 0x72, 0x28, 0x28, 0x28, 0x74, 0x6d, 0x70, 0x76, // 7 = floor(((tmpv
	0x61, 0x72, 0x5f, 0x37, 0x39, 0x20, 0x2a, 0x20, 0x32, 0x35, 0x35, 0x2e, 0x30, 0x29, 0x20, 0x2b, // ar_79 * 255.0) +
	0x20, 0x30, 0x2e, 0x35, 0x29, 0x29, 0x3b, 0x0a, 0x20, 0x20, 0x20, 0x20, 0x64, 0x69, 0x5f, 0x38, //  0.5));.    di_8
	0x34, 0x20, 0x3d, 0x20, 0x66, 0x6c, 0x6f, 0x6f, 0x72, 0x28, 0x28, 0x28, 0x74, 0x6d, 0x70, 0x76, // 4 = floor(((tmpv
	0x61, 0x72, 0x5f, 0x38, 0x30, 0x20, 0x2a, 0x20, 0x32, 0x35, 0x35, 0x2e, 0x30, 0x29, 0x20, 0x2b, // ar_80 * 255.0) +
	0x20, 0x30, 0x2e, 0x35, 0x29, 0x29, 0x3b, 0x0a, 0x20, 0x20, 0x20, 0x20, 0x66, 0x6c, 0x6f, 0x61, //  0.5));.    floa
	0x74, 0x20, 0x74, 0x6d, 0x70, 0x76, 0x61, 0x72, 0x5f, 0x38, 0x38, 0x3b, 0x0a, 0x20, 0x20, 0x20, // t tmpvar_88;.
	0x20, 0x74, 0x6d, 0x70, 0x76, 0x61, 0x72, 0x5f, 0x38, 0x38, 0x20, 0x3d, 0x20, 0x28, 0x74, 0x6d, //  tmpvar_88 = (tm
	0x70, 0x76, 0x61, 0x72, 0x5f, 0x38, 0x37, 0x20, 0x2b, 0x20, 0x66, 0x6c, 0x6f, 0x6f, 0x72, 0x28, // pvar_87 + floor(
	0x28, 0x74, 0x6d, 0x70, 0x76, 0x61, 0x72, 0x5f, 0x38, 0x37, 0x20, 0x2f, 0x20, 0x31, 0x32, 0x38, // (tmpvar_87 / 128
	0x2e, 0x30, 0x29, 0x29, 0x29, 0x3b, 0x0a, 0x20, 0x20, 0x20, 0x20, 0x74, 0x65, 0x6d, 0x70, 0x5f, // .0)));.    temp_
	0x38, 0x33, 0x20, 0x3d, 0x20, 0x28, 0x28, 0x28, 0x0a, 0x20, 0x20, 0x20, 0x20, 0x20, 0x20, 0x66, // 83 = (((.      f
	0x6c, 0x6f, 0x6f, 0x72, 0x28, 0x28, 0x28, 0x74, 0x6d, 0x70, 0x76, 0x61, 0x72, 0x5f, 0x37, 0x37, // loor(((tmpvar_77
	0x20, 0x2a, 0x20, 0x32, 0x35, 0x35, 0x2e, 0x30, 0x29, 0x20, 0x2b, 0x20, 0x30, 0x2e, 0x35, 0x29, //  * 255.0) + 0.5)
	0x29, 0x0a, 0x20, 0x20, 0x20, 0x20, 0x20, 0x2a, 0x20, 0x0a, 0x20, 0x20, 0x20, 0x20, 0x20, 0x20, // ).     * .
	0x28, 0x32, 0x35, 0x36, 0x2e, 0x30, 0x20, 0x2d, 0x20, 0x74, 0x6d, 0x70, 0x76, 0x61, 0x72, 0x5f, // (256.0 - tmpvar_
	0x38, 0x38, 0x29, 0x0a, 0x20, 0x20, 0x20, 0x20, 0x29, 0x20, 0x2b, 0x20, 0x28, 0x0a, 0x20, 0x20, // 88).    ) + (.
	0x20, 0x20, 0x20, 0x20, 0x66, 0x6c, 0x6f, 0x6f, 0x72, 0x28, 0x28, 0x28, 0x74, 0x6d, 0x70, 0x76, //     floor(((tmpv
	0x61, 0x72, 0x5f, 0x37, 0x38, 0x20, 0x2a, 0x20, 0x32, 0x35, 0x35, 0x2e, 0x30, 0x29, 0x20, 0x2b, // ar_78 * 255.0) +
	0x20, 0x30, 0x2e, 0x35, 0x29, 0x29, 0x0a, 0x20, 0x20, 0x20, 0x20, 0x20, 0x2a, 0x20, 0x74, 0x6d, //  0.5)).     * tm
	0x70, 0x76, 0x61, 0x72, 0x5f, 0x38, 0x38, 0x29, 0x29, 0x20, 0x2a, 0x20, 0x74, 0x6d, 0x70, 0x76, // pvar_88)) * tmpv
	0x61, 0x72, 0x5f, 0x38, 0x35, 0x29, 0x3b, 0x0a, 0x20, 0x20, 0x20, 0x20, 0x69, 0x66, 0x20, 0x28, // ar_85);.    if (
	0x28, 0x75, 0x5f, 0x67, 0x78, 0x5f, 0x74, 0x65, 0x76, 0x5f, 0x61, 0x6c, 0x70, 0x68, 0x61, 0x5f, // (u_gx_tev_alpha_
	0x6f, 0x70, 0x31, 0x2e, 0x7a, 0x20, 0x3c, 0x20, 0x32, 0x2e, 0x35, 0x29, 0x29, 0x20, 0x7b, 0x0a, // op1.z < 2.5)) {.
	0x20, 0x20, 0x20, 0x20, 0x20, 0x20, 0x66, 0x6c, 0x6f, 0x61, 0x74, 0x20, 0x74, 0x6d, 0x70, 0x76, //       float tmpv
	0x61, 0x72, 0x5f, 0x38, 0x39, 0x3b, 0x0a, 0x20, 0x20, 0x20, 0x20, 0x20, 0x20, 0x69, 0x66, 0x20, // ar_89;.      if
	0x28, 0x28, 0x75, 0x5f, 0x67, 0x78, 0x5f, 0x74, 0x65, 0x76, 0x5f, 0x61, 0x6c, 0x70, 0x68, 0x61, // ((u_gx_tev_alpha
	0x5f, 0x6f, 0x70, 0x31, 0x2e, 0x78, 0x20, 0x3e, 0x20, 0x30, 0x2e, 0x35, 0x29, 0x29, 0x20, 0x7b, // _op1.x > 0.5)) {
	0x0a, 0x20, 0x20, 0x20, 0x20, 0x20, 0x20, 0x20, 0x20, 0x74, 0x6d, 0x70, 0x76, 0x61, 0x72, 0x5f, // .        tmpvar_
	0x38, 0x39, 0x20, 0x3d, 0x20, 0x31, 0x32, 0x37, 0x2e, 0x30, 0x3b, 0x0a, 0x20, 0x20, 0x20, 0x20, // 89 = 127.0;.
	0x20, 0x20, 0x7d, 0x20, 0x65, 0x6c, 0x73, 0x65, 0x20, 0x7b, 0x0a, 0x20, 0x20, 0x20, 0x20, 0x20, //   } else {.
	0x20, 0x20, 0x20, 0x74, 0x6d, 0x70, 0x76, 0x61, 0x72, 0x5f, 0x38, 0x39, 0x20, 0x3d, 0x20, 0x31, //    tmpvar_89 = 1
	0x32, 0x38, 0x2e, 0x30, 0x3b, 0x0a, 0x20, 0x20, 0x20, 0x20, 0x20, 0x20, 0x7d, 0x3b, 0x0a, 0x20, // 28.0;.      };.
	0x20, 0x20, 0x20, 0x20, 0x20, 0x74, 0x65, 0x6d, 0x70, 0x5f, 0x38, 0x33, 0x20, 0x3d, 0x20, 0x28, //      temp_83 = (
	0x74, 0x65, 0x6d, 0x70, 0x5f, 0x38, 0x33, 0x20, 0x2b, 0x20, 0x74, 0x6d, 0x70, 0x76, 0x61, 0x72, // temp_83 + tmpvar
	0x5f, 0x38, 0x39, 0x29, 0x3b, 0x0a, 0x20, 0x20, 0x20, 0x20, 0x7d, 0x3b, 0x0a, 0x20, 0x20, 0x20, // _89);.    };.
	0x20, 0x66, 0x6c, 0x6f, 0x61, 0x74, 0x20, 0x74, 0x6d, 0x70, 0x76, 0x61, 0x72, 0x5f, 0x39, 0x30, //  float tmpvar_90
	0x3b, 0x0a, 0x20, 0x20, 0x20, 0x20, 0x74, 0x6d, 0x70, 0x76, 0x61, 0x72, 0x5f, 0x39, 0x30, 0x20, // ;.    tmpvar_90
	0x3d, 0x20, 0x66, 0x6c, 0x6f, 0x6f, 0x72, 0x28, 0x28, 0x74, 0x65, 0x6d, 0x70, 0x5f, 0x38, 0x33, // = floor((temp_83
	0x20, 0x2f, 0x20, 0x32, 0x35, 0x36, 0x2e, 0x30, 0x29, 0x29, 0x3b, 0x0a, 0x20, 0x20, 0x20, 0x20, //  / 256.0));.
	0x74, 0x65, 0x6d, 0x70, 0x5f, 0x38, 0x33, 0x20, 0x3d, 0x20, 0x74, 0x6d, 0x70, 0x76, 0x61, 0x72, // temp_83 = tmpvar
	0x5f, 0x39, 0x30, 0x3b, 0x0a, 0x20, 0x20, 0x20, 0x20, 0x69, 0x66, 0x20, 0x28, 0x28, 0x75, 0x5f, // _90;.    if ((u_
	0x67, 0x78, 0x5f, 0x74, 0x65, 0x76, 0x5f, 0x61, 0x6c, 0x70, 0x68, 0x61, 0x5f, 0x6f, 0x70, 0x31, // gx_tev_alpha_op1
	0x2e, 0x78, 0x20, 0x3e, 0x20, 0x30, 0x2e, 0x35, 0x29, 0x29, 0x20, 0x7b, 0x0a, 0x20, 0x20, 0x20, // .x > 0.5)) {.
	0x20, 0x20, 0x20, 0x74, 0x65, 0x6d, 0x70, 0x5f, 0x38, 0x33, 0x20, 0x3d, 0x20, 0x2d, 0x28, 0x74, //    temp_83 = -(t
	0x6d, 0x70, 0x76, 0x61, 0x72, 0x5f, 0x39, 0x30, 0x29, 0x3b, 0x0a, 0x20, 0x20, 0x20, 0x20, 0x7d, // mpvar_90);.    }
	0x3b, 0x0a, 0x20, 0x20, 0x20, 0x20, 0x66, 0x6c, 0x6f, 0x61, 0x74, 0x20, 0x74, 0x6d, 0x70, 0x76, // ;.    float tmpv
	0x61, 0x72, 0x5f, 0x39, 0x31, 0x3b, 0x0a, 0x20, 0x20, 0x20, 0x20, 0x69, 0x66, 0x20, 0x28, 0x28, // ar_91;.    if ((
	0x75, 0x5f, 0x67, 0x78, 0x5f, 0x74, 0x65, 0x76, 0x5f, 0x61, 0x6c, 0x70, 0x68, 0x61, 0x5f, 0x6f, // u_gx_tev_alpha_o
	0x70, 0x31, 0x2e, 0x79, 0x20, 0x3c, 0x20, 0x30, 0x2e, 0x35, 0x29, 0x29, 0x20, 0x7b, 0x0a, 0x20, // p1.y < 0.5)) {.
	0x20, 0x20, 0x20, 0x20, 0x20, 0x74, 0x6d, 0x70, 0x76, 0x61, 0x72, 0x5f, 0x39, 0x31, 0x20, 0x3d, //      tmpvar_91 =
	0x20, 0x30, 0x2e, 0x30, 0x3b, 0x0a, 0x20, 0x20, 0x20, 0x20, 0x7d, 0x20, 0x65, 0x6c, 0x73, 0x65, //  0.0;.    } else
	0x20, 0x7b, 0x0a, 0x20, 0x20, 0x20, 0x20, 0x20, 0x20, 0x69, 0x66, 0x20, 0x28, 0x28, 0x75, 0x5f, //  {.      if ((u_
	0x67, 0x78, 0x5f, 0x74, 0x65, 0x76, 0x5f, 0x61, 0x6c, 0x70, 0x68, 0x61, 0x5f, 0x6f, 0x70, 0x31, // gx_tev_alpha_op1
	0x2e, 0x79, 0x20, 0x3c, 0x20, 0x31, 0x2e, 0x35, 0x29, 0x29, 0x20, 0x7b, 0x0a, 0x20, 0x20, 0x20, // .y < 1.5)) {.
	0x20, 0x20, 0x20, 0x20, 0x20, 0x74, 0x6d, 0x70, 0x76, 0x61, 0x72, 0x5f, 0x39, 0x31, 0x20, 0x3d, //      tmpvar_91 =
	0x20, 0x31, 0x32, 0x38, 0x2e, 0x30, 0x3b, 0x0a, 0x20, 0x20, 0x20, 0x20, 0x20, 0x20, 0x7d, 0x20, //  128.0;.      }
	0x65, 0x6c, 0x73, 0x65, 0x20, 0x7b, 0x0a, 0x20, 0x20, 0x20, 0x20, 0x20, 0x20, 0x20, 0x20, 0x69, // else {.        i
	0x66, 0x20, 0x28, 0x28, 0x75, 0x5f, 0x67, 0x78, 0x5f, 0x74, 0x65, 0x76, 0x5f, 0x61, 0x6c, 0x70, // f ((u_gx_tev_alp
	0x68, 0x61, 0x5f, 0x6f, 0x70, 0x31, 0x2e, 0x79, 0x20, 0x3c, 0x20, 0x32, 0x2e, 0x35, 0x29, 0x29, // ha_op1.y < 2.5))
	0x20, 0x7b, 0x0a, 0x20, 0x20, 0x20, 0x20, 0x20, 0x20, 0x20, 0x20, 0x20, 0x20, 0x74, 0x6d, 0x70, //  {.          tmp
	0x76, 0x61, 0x72, 0x5f, 0x39, 0x31, 0x20, 0x3d, 0x20, 0x2d, 0x31, 0x32, 0x38, 0x2e, 0x30, 0x3b, // var_91 = -128.0;
	0x0a, 0x20, 0x20, 0x20, 0x20, 0x20, 0x20, 0x20, 0x20, 0x7d, 0x20, 0x65, 0x6c, 0x73, 0x65, 0x20, // .        } else
	0x7b, 0x0a, 0x20, 0x20, 0x20, 0x20, 0x20, 0x20, 0x20, 0x20, 0x20, 0x20, 0x74, 0x6d, 0x70, 0x76, // {.          tmpv
	0x61, 0x72, 0x5f, 0x39, 0x31, 0x20, 0x3d, 0x20, 0x30, 0x2e, 0x30, 0x3b, 0x0a, 0x20, 0x20, 0x20, // ar_91 = 0.0;.
	0x20, 0x20, 0x20, 0x20, 0x20, 0x7d, 0x3b, 0x0a, 0x20, 0x20, 0x20, 0x20, 0x20, 0x20, 0x7d, 0x3b, //      };.      };
	0x0a, 0x20, 0x20, 0x20, 0x20, 0x7d, 0x3b, 0x0a, 0x20, 0x20, 0x20, 0x20, 0x66, 0x6c, 0x6f, 0x61, // .    };.    floa
	0x74, 0x20, 0x74, 0x6d, 0x70, 0x76, 0x61, 0x72, 0x5f, 0x39, 0x32, 0x3b, 0x0a, 0x20, 0x20, 0x20, // t tmpvar_92;.
	0x20, 0x74, 0x6d, 0x70, 0x76, 0x61, 0x72, 0x5f, 0x39, 0x32, 0x20, 0x3d, 0x20, 0x28, 0x28, 0x28, //  tmpvar_92 = (((
	0x0a, 0x20, 0x20, 0x20, 0x20, 0x20, 0x20, 0x28, 0x64, 0x69, 0x5f, 0x38, 0x34, 0x20, 0x2b, 0x20, // .      (di_84 +
	0x74, 0x6d, 0x70, 0x76, 0x61, 0x72, 0x5f, 0x39, 0x31, 0x29, 0x0a, 0x20, 0x20, 0x20, 0x20, 0x20, // tmpvar_91).
	0x2a, 0x20, 0x74, 0x6d, 0x70, 0x76, 0x61, 0x72, 0x5f, 0x38, 0x35, 0x29, 0x20, 0x2b, 0x20, 0x74, // * tmpvar_85) + t
	0x65, 0x6d, 0x70, 0x5f, 0x38, 0x33, 0x29, 0x20, 0x2f, 0x20, 0x74, 0x6d, 0x70, 0x76, 0x61, 0x72, // emp_83) / tmpvar
	0x5f, 0x38, 0x36, 0x29, 0x3b, 0x0a, 0x20, 0x20, 0x20, 0x20, 0x72, 0x65, 0x73, 0x75, 0x6c, 0x74, // _86);.    result
	0x5f, 0x38, 0x32, 0x20, 0x3d, 0x20, 0x74, 0x6d, 0x70, 0x76, 0x61, 0x72, 0x5f, 0x39, 0x32, 0x3b, // _82 = tmpvar_92;
	0x0a, 0x20, 0x20, 0x20, 0x20, 0x69, 0x66, 0x20, 0x28, 0x28, 0x75, 0x5f, 0x67, 0x78, 0x5f, 0x74, // .    if ((u_gx_t
	0x65, 0x76, 0x5f, 0x61, 0x6c, 0x70, 0x68, 0x61, 0x5f, 0x6f, 0x70, 0x31, 0x2e, 0x77, 0x20, 0x3e, // ev_alpha_op1.w >
	0x20, 0x30, 0x2e, 0x35, 0x29, 0x29, 0x20, 0x7b, 0x0a, 0x20, 0x20, 0x20, 0x20, 0x20, 0x20, 0x72, //  0.5)) {.      r
	0x65, 0x73, 0x75, 0x6c, 0x74, 0x5f, 0x38, 0x32, 0x20, 0x3d, 0x20, 0x63, 0x6c, 0x61, 0x6d, 0x70, // esult_82 = clamp
	0x20, 0x28, 0x74, 0x6d, 0x70, 0x76, 0x61, 0x72, 0x5f, 0x39, 0x32, 0x2c, 0x20, 0x30, 0x2e, 0x30, //  (tmpvar_92, 0.0
	0x2c, 0x20, 0x32, 0x35, 0x35, 0x2e, 0x30, 0x29, 0x3b, 0x0a, 0x20, 0x20, 0x20, 0x20, 0x7d, 0x20, // , 255.0);.    }
	0x65, 0x6c, 0x73, 0x65, 0x20, 0x7b, 0x0a, 0x20, 0x20, 0x20, 0x20, 0x20, 0x20, 0x72, 0x65, 0x73, // else {.      res
	0x75, 0x6c, 0x74, 0x5f, 0x38, 0x32, 0x20, 0x3d, 0x20, 0x63, 0x6c, 0x61, 0x6d, 0x70, 0x20, 0x28, // ult_82 = clamp (
	0x72, 0x65, 0x73, 0x75, 0x6c, 0x74, 0x5f, 0x38, 0x32, 0x2c, 0x20, 0x2d, 0x31, 0x30, 0x32, 0x34, // result_82, -1024
	0x2e, 0x30, 0x2c, 0x20, 0x31, 0x30, 0x32, 0x33, 0x2e, 0x30, 0x29, 0x3b, 0x0a, 0x20, 0x20, 0x20, // .0, 1023.0);.
	0x20, 0x7d, 0x3b, 0x0a, 0x20, 0x20, 0x20, 0x20, 0x74, 0x6d, 0x70, 0x76, 0x61, 0x72, 0x5f, 0x38, //  };.    tmpvar_8
	0x31, 0x20, 0x3d, 0x20, 0x28, 0x72, 0x65, 0x73, 0x75, 0x6c, 0x74, 0x5f, 0x38, 0x32, 0x20, 0x2f, // 1 = (result_82 /
	0x20, 0x32, 0x35, 0x35, 0x2e, 0x30, 0x29, 0x3b, 0x0a, 0x20, 0x20, 0x20, 0x20, 0x76, 0x65, 0x63, //  255.0);.    vec
	0x34, 0x20, 0x72, 0x65, 0x67, 0x30, 0x5f, 0x39, 0x33, 0x3b, 0x0a, 0x20, 0x20, 0x20, 0x20, 0x72, // 4 reg0_93;.    r
	0x65, 0x67, 0x30, 0x5f, 0x39, 0x33, 0x20, 0x3d, 0x20, 0x72, 0x65, 0x67, 0x30, 0x5f, 0x37, 0x33, // eg0_93 = reg0_73
	0x3b, 0x0a, 0x20, 0x20, 0x20, 0x20, 0x76, 0x65, 0x63, 0x34, 0x20, 0x72, 0x65, 0x67, 0x31, 0x5f, // ;.    vec4 reg1_
	0x39, 0x34, 0x3b, 0x0a, 0x20, 0x20, 0x20, 0x20, 0x72, 0x65, 0x67, 0x31, 0x5f, 0x39, 0x34, 0x20, // 94;.    reg1_94
	0x3d, 0x20, 0x72, 0x65, 0x67, 0x31, 0x5f, 0x37, 0x34, 0x3b, 0x0a, 0x20, 0x20, 0x20, 0x20, 0x76, // = reg1_74;.    v
	0x65, 0x63, 0x34, 0x20, 0x72, 0x65, 0x67, 0x32, 0x5f, 0x39, 0x35, 0x3b, 0x0a, 0x20, 0x20, 0x20, // ec4 reg2_95;.
	0x20, 0x72, 0x65, 0x67, 0x32, 0x5f, 0x39, 0x35, 0x20, 0x3d, 0x20, 0x72, 0x65, 0x67, 0x32, 0x5f, //  reg2_95 = reg2_
	0x37, 0x35, 0x3b, 0x0a, 0x20, 0x20, 0x20, 0x20, 0x76, 0x65, 0x63, 0x34, 0x20, 0x72, 0x65, 0x67, // 75;.    vec4 reg
	0x33, 0x5f, 0x39, 0x36, 0x3b, 0x0a, 0x20, 0x20, 0x20, 0x20, 0x72, 0x65, 0x67, 0x33, 0x5f, 0x39, // 3_96;.    reg3_9
	0x36, 0x20, 0x3d, 0x20, 0x72, 0x65, 0x67, 0x33, 0x5f, 0x37, 0x36, 0x3b, 0x0a, 0x20, 0x20, 0x20, // 6 = reg3_76;.
	0x20, 0x69, 0x66, 0x20, 0x28, 0x28, 0x75, 0x5f, 0x67, 0x78, 0x5f, 0x74, 0x65, 0x76, 0x5f, 0x6f, //  if ((u_gx_tev_o
	0x75, 0x74, 0x31, 0x2e, 0x79, 0x20, 0x3c, 0x20, 0x30, 0x2e, 0x35, 0x29, 0x29, 0x20, 0x7b, 0x0a, // ut1.y < 0.5)) {.
	0x20, 0x20, 0x20, 0x20, 0x20, 0x20, 0x72, 0x65, 0x67, 0x30, 0x5f, 0x39, 0x33, 0x2e, 0x77, 0x20, //       reg0_93.w
	0x3d, 0x20, 0x74, 0x6d, 0x70, 0x76, 0x61, 0x72, 0x5f, 0x38, 0x31, 0x3b, 0x0a, 0x20, 0x20, 0x20, // = tmpvar_81;.
	0x20, 0x7d, 0x20, 0x65, 0x6c, 0x73, 0x65, 0x20, 0x7b, 0x0a, 0x20, 0x20, 0x20, 0x20, 0x20, 0x20, //  } else {.
	0x69, 0x66, 0x20, 0x28, 0x28, 0x75, 0x5f, 0x67, 0x78, 0x5f, 0x74, 0x65, 0x76, 0x5f, 0x6f, 0x75, // if ((u_gx_tev_ou
	0x74, 0x31, 0x2e, 0x79, 0x20, 0x3c, 0x20, 0x31, 0x2e, 0x35, 0x29, 0x29, 0x20, 0x7b, 0x0a, 0x20, // t1.y < 1.5)) {.
	0x20, 0x20, 0x20, 0x20, 0x20, 0x20, 0x20, 0x72, 0x65, 0x67, 0x31, 0x5f, 0x39, 0x34, 0x2e, 0x77, //        reg1_94.w
	0x20, 0x3d, 0x20, 0x74, 0x6d, 0x70, 0x76, 0x61, 0x72, 0x5f, 0x38, 0x31, 0x3b, 0x0a, 0x20, 0x20, //  = tmpvar_81;.
	0x20, 0x20, 0x20, 0x20, 0x7d, 0x20, 0x65, 0x6c, 0x73, 0x65, 0x20, 0x7b, 0x0a, 0x20, 0x20, 0x20, //     } else {.
	0x20, 0x20, 0x20, 0x20, 0x20, 0x69, 0x66, 0x20, 0x28, 0x28, 0x75, 0x5f, 0x67, 0x78, 0x5f, 0x74, //      if ((u_gx_t
	0x65, 0x76, 0x5f, 0x6f, 0x75, 0x74, 0x31, 0x2e, 0x79, 0x20, 0x3c, 0x20, 0x32, 0x2e, 0x35, 0x29, // ev_out1.y < 2.5)
	0x29, 0x20, 0x7b, 0x0a, 0x20, 0x20, 0x20, 0x20, 0x20, 0x20, 0x20, 0x20, 0x20, 0x20, 0x72, 0x65, // ) {.          re
	0x67, 0x32, 0x5f, 0x39, 0x35, 0x2e, 0x77, 0x20, 0x3d, 0x20, 0x74, 0x6d, 0x70, 0x76, 0x61, 0x72, // g2_95.w = tmpvar
	0x5f, 0x38, 0x31, 0x3b, 0x0a, 0x20, 0x20, 0x20, 0x20, 0x20, 0x20, 0x20, 0x20, 0x7d, 0x20, 0x65, // _81;.        } e
	0x6c, 0x73, 0x65, 0x20, 0x7b, 0x0a, 0x20, 0x20, 0x20, 0x20, 0x20, 0x20, 0x20, 0x20, 0x20, 0x20, // lse {.
	0x72, 0x65, 0x67, 0x33, 0x5f, 0x39, 0x36, 0x2e, 0x77, 0x20, 0x3d, 0x20, 0x74, 0x6d, 0x70, 0x76, // reg3_96.w = tmpv
	0x61, 0x72, 0x5f, 0x38, 0x31, 0x3b, 0x0a, 0x20, 0x20, 0x20, 0x20, 0x20, 0x20, 0x20, 0x20, 0x7d, // ar_81;.        }
	0x3b, 0x0a, 0x20, 0x20, 0x20, 0x20, 0x20, 0x20, 0x7d, 0x3b, 0x0a, 0x20, 0x20, 0x20, 0x20, 0x7d, // ;.      };.    }
	0x3b, 0x0a, 0x20, 0x20, 0x20, 0x20, 0x72, 0x65, 0x67, 0x30, 0x5f, 0x35, 0x20, 0x3d, 0x20, 0x72, // ;.    reg0_5 = r
	0x65, 0x67, 0x30, 0x5f, 0x39, 0x33, 0x3b, 0x0a, 0x20, 0x20, 0x20, 0x20, 0x72, 0x65, 0x67, 0x31, // eg0_93;.    reg1
	0x5f, 0x34, 0x20, 0x3d, 0x20, 0x72, 0x65, 0x67, 0x31, 0x5f, 0x39, 0x34, 0x3b, 0x0a, 0x20, 0x20, // _4 = reg1_94;.
	0x20, 0x20, 0x72, 0x65, 0x67, 0x32, 0x5f, 0x33, 0x20, 0x3d, 0x20, 0x72, 0x65, 0x67, 0x32, 0x5f, //   reg2_3 = reg2_
	0x39, 0x35, 0x3b, 0x0a, 0x20, 0x20, 0x20, 0x20, 0x72, 0x65, 0x67, 0x33, 0x5f, 0x32, 0x20, 0x3d, // 95;.    reg3_2 =
	0x20, 0x72, 0x65, 0x67, 0x33, 0x5f, 0x39, 0x36, 0x3b, 0x0a, 0x20, 0x20, 0x7d, 0x3b, 0x0a, 0x20, //  reg3_96;.  };.
	0x20, 0x69, 0x66, 0x20, 0x28, 0x28, 0x75, 0x5f, 0x67, 0x78, 0x5f, 0x6d, 0x61, 0x74, 0x65, 0x72, //  if ((u_gx_mater
	0x69, 0x61, 0x6c, 0x5f, 0x70, 0x61, 0x72, 0x61, 0x6d, 0x73, 0x2e, 0x78, 0x20, 0x3e, 0x20, 0x32, // ial_params.x > 2
	0x2e, 0x35, 0x29, 0x29, 0x20, 0x7b, 0x0a, 0x20, 0x20, 0x20, 0x20, 0x66, 0x69, 0x6e, 0x61, 0x6c, // .5)) {.    final
	0x5f, 0x6f, 0x75, 0x74, 0x70, 0x75, 0x74, 0x73, 0x5f, 0x31, 0x20, 0x3d, 0x20, 0x75, 0x5f, 0x67, // _outputs_1 = u_g
	0x78, 0x5f, 0x74, 0x65, 0x76, 0x5f, 0x6f, 0x75, 0x74, 0x32, 0x3b, 0x0a, 0x20, 0x20, 0x20, 0x20, // x_tev_out2;.
	0x76, 0x65, 0x63, 0x34, 0x20, 0x74, 0x6d, 0x70, 0x76, 0x61, 0x72, 0x5f, 0x39, 0x37, 0x3b, 0x0a, // vec4 tmpvar_97;.
	0x20, 0x20, 0x20, 0x20, 0x69, 0x66, 0x20, 0x28, 0x28, 0x75, 0x5f, 0x67, 0x78, 0x5f, 0x74, 0x65, //     if ((u_gx_te
	0x76, 0x5f, 0x6f, 0x75, 0x74, 0x32, 0x2e, 0x7a, 0x20, 0x3c, 0x20, 0x30, 0x2e, 0x35, 0x29, 0x29, // v_out2.z < 0.5))
	0x20, 0x7b, 0x0a, 0x20, 0x20, 0x20, 0x20, 0x20, 0x20, 0x74, 0x6d, 0x70, 0x76, 0x61, 0x72, 0x5f, //  {.      tmpvar_
	0x39, 0x37, 0x20, 0x3d, 0x20, 0x74, 0x65, 0x78, 0x74, 0x75, 0x72, 0x65, 0x30, 0x5f, 0x37, 0x3b, // 97 = texture0_7;
	0x0a, 0x20, 0x20, 0x20, 0x20, 0x7d, 0x20, 0x65, 0x6c, 0x73, 0x65, 0x20, 0x7b, 0x0a, 0x20, 0x20, // .    } else {.
	0x20, 0x20, 0x20, 0x20, 0x69, 0x66, 0x20, 0x28, 0x28, 0x75, 0x5f, 0x67, 0x78, 0x5f, 0x74, 0x65, //     if ((u_gx_te
	0x76, 0x5f, 0x6f, 0x75, 0x74, 0x32, 0x2e, 0x7a, 0x20, 0x3c, 0x20, 0x31, 0x2e, 0x35, 0x29, 0x29, // v_out2.z < 1.5))
	0x20, 0x7b, 0x0a, 0x20, 0x20, 0x20, 0x20, 0x20, 0x20, 0x20, 0x20, 0x74, 0x6d, 0x70, 0x76, 0x61, //  {.        tmpva
	0x72, 0x5f, 0x39, 0x37, 0x20, 0x3d, 0x20, 0x74, 0x65, 0x78, 0x74, 0x75, 0x72, 0x65, 0x31, 0x5f, // r_97 = texture1_
	0x36, 0x3b, 0x0a, 0x20, 0x20, 0x20, 0x20, 0x20, 0x20, 0x7d, 0x20, 0x65, 0x6c, 0x73, 0x65, 0x20, // 6;.      } else
	0x7b, 0x0a, 0x20, 0x20, 0x20, 0x20, 0x20, 0x20, 0x20, 0x20, 0x74, 0x6d, 0x70, 0x76, 0x61, 0x72, // {.        tmpvar
	0x5f, 0x39, 0x37, 0x20, 0x3d, 0x20, 0x74, 0x6d, 0x70, 0x76, 0x61, 0x72, 0x5f, 0x31, 0x34, 0x3b, // _97 = tmpvar_14;
	0x0a, 0x20, 0x20, 0x20, 0x20, 0x20, 0x20, 0x7d, 0x3b, 0x0a, 0x20, 0x20, 0x20, 0x20, 0x7d, 0x3b, // .      };.    };
	0x0a, 0x20, 0x20, 0x20, 0x20, 0x76, 0x65, 0x63, 0x33, 0x20, 0x74, 0x6d, 0x70, 0x76, 0x61, 0x72, // .    vec3 tmpvar
	0x5f, 0x39, 0x38, 0x3b, 0x0a, 0x20, 0x20, 0x20, 0x20, 0x69, 0x66, 0x20, 0x28, 0x28, 0x75, 0x5f, // _98;.    if ((u_
	0x67, 0x78, 0x5f, 0x74, 0x65, 0x76, 0x5f, 0x63, 0x6f, 0x6c, 0x6f, 0x72, 0x5f, 0x69, 0x6e, 0x32, // gx_tev_color_in2
	0x2e, 0x78, 0x20, 0x3c, 0x20, 0x30, 0x2e, 0x35, 0x29, 0x29, 0x20, 0x7b, 0x0a, 0x20, 0x20, 0x20, // .x < 0.5)) {.
	0x20, 0x20, 0x20, 0x74, 0x6d, 0x70, 0x76, 0x61, 0x72, 0x5f, 0x39, 0x38, 0x20, 0x3d, 0x20, 0x72, //    tmpvar_98 = r
	0x65, 0x67, 0x30, 0x5f, 0x35, 0x2e, 0x78, 0x79, 0x7a, 0x3b, 0x0a, 0x20, 0x20, 0x20, 0x20, 0x7d, // eg0_5.xyz;.    }
	0x20, 0x65, 0x6c, 0x73, 0x65, 0x20, 0x7b, 0x0a, 0x20, 0x20, 0x20, 0x20, 0x20, 0x20, 0x69, 0x66, //  else {.      if
	0x20, 0x28, 0x28, 0x75, 0x5f, 0x67, 0x78, 0x5f, 0x74, 0x65, 0x76, 0x5f, 0x63, 0x6f, 0x6c, 0x6f, //  ((u_gx_tev_colo
	0x72, 0x5f, 0x69, 0x6e, 0x32, 0x2e, 0x78, 0x20, 0x3c, 0x20, 0x31, 0x2e, 0x35, 0x29, 0x29, 0x20, // r_in2.x < 1.5))
	0x7b, 0x0a, 0x20, 0x20, 0x20, 0x20, 0x20, 0x20, 0x20, 0x20, 0x74, 0x6d, 0x70, 0x76, 0x61, 0x72, // {.        tmpvar
	0x5f, 0x39, 0x38, 0x20, 0x3d, 0x20, 0x72, 0x65, 0x67, 0x30, 0x5f, 0x35, 0x2e, 0x77, 0x77, 0x77, // _98 = reg0_5.www
	0x3b, 0x0a, 0x20, 0x20, 0x20, 0x20, 0x20, 0x20, 0x7d, 0x20, 0x65, 0x6c, 0x73, 0x65, 0x20, 0x7b, // ;.      } else {
	0x0a, 0x20, 0x20, 0x20, 0x20, 0x20, 0x20, 0x20, 0x20, 0x69, 0x66, 0x20, 0x28, 0x28, 0x75, 0x5f, // .        if ((u_
	0x67, 0x78, 0x5f, 0x74, 0x65, 0x76, 0x5f, 0x63, 0x6f, 0x6c, 0x6f, 0x72, 0x5f, 0x69, 0x6e, 0x32, // gx_tev_color_in2
	0x2e, 0x78, 0x20, 0x3c, 0x20, 0x32, 0x2e, 0x35, 0x29, 0x29, 0x20, 0x7b, 0x0a, 0x20, 0x20, 0x20, // .x < 2.5)) {.
	0x20, 0x20, 0x20, 0x20, 0x20, 0x20, 0x20, 0x74, 0x6d, 0x70, 0x76, 0x61, 0x72, 0x5f, 0x39, 0x38, //        tmpvar_98
	0x20, 0x3d, 0x20, 0x72, 0x65, 0x67, 0x31, 0x5f, 0x34, 0x2e, 0x78, 0x79, 0x7a, 0x3b, 0x0a, 0x20, //  = reg1_4.xyz;.
	0x20, 0x20, 0x20, 0x20, 0x20, 0x20, 0x20, 0x7d, 0x20, 0x65, 0x6c, 0x73, 0x65, 0x20, 0x7b, 0x0a, //        } else {.
	0x20, 0x20, 0x20, 0x20, 0x20, 0x20, 0x20, 0x20, 0x20, 0x20, 0x69, 0x66, 0x20, 0x28, 0x28, 0x75, //           if ((u
	0x5f, 0x67, 0x78, 0x5f, 0x74, 0x65, 0x76, 0x5f, 0x63, 0x6f, 0x6c, 0x6f, 0x72, 0x5f, 0x69, 0x6e, // _gx_tev_color_in
	0x32, 0x2e, 0x78, 0x20, 0x3c, 0x20, 0x33, 0x2e, 0x35, 0x29, 0x29, 0x20, 0x7b, 0x0a, 0x20, 0x20, // 2.x < 3.5)) {.
	0x20, 0x20, 0x20, 0x20, 0x20, 0x20, 0x20, 0x20, 0x20, 0x20, 0x74, 0x6d, 0x70, 0x76, 0x61, 0x72, //           tmpvar
	0x5f, 0x39, 0x38, 0x20, 0x3d, 0x20, 0x72, 0x65, 0x67, 0x31, 0x5f, 0x34, 0x2e, 0x77, 0x77, 0x77, // _98 = reg1_4.www
	0x3b, 0x0a, 0x20, 0x20, 0x20, 0x20, 0x20, 0x20, 0x20, 0x20, 0x20, 0x20, 0x7d, 0x20, 0x65, 0x6c, // ;.          } el
	0x73, 0x65, 0x20, 0x7b, 0x0a, 0x20, 0x20, 0x20, 0x20, 0x20, 0x20, 0x20, 0x20, 0x20, 0x20, 0x20, // se {.
	0x20, 0x69, 0x66, 0x20, 0x28, 0x28, 0x75, 0x5f, 0x67, 0x78, 0x5f, 0x74, 0x65, 0x76, 0x5f, 0x63, //  if ((u_gx_tev_c
	0x6f, 0x6c, 0x6f, 0x72, 0x5f, 0x69, 0x6e, 0x32, 0x2e, 0x78, 0x20, 0x3c, 0x20, 0x34, 0x2e, 0x35, // olor_in2.x < 4.5
	0x29, 0x29, 0x20, 0x7b, 0x0a, 0x20, 0x20, 0x20, 0x20, 0x20, 0x20, 0x20, 0x20, 0x20, 0x20, 0x20, // )) {.
	0x20, 0x20, 0x20, 0x74, 0x6d, 0x70, 0x76, 0x61, 0x72, 0x5f, 0x39, 0x38, 0x20, 0x3d, 0x20, 0x72, //    tmpvar_98 = r
	0x65, 0x67, 0x32, 0x5f, 0x33, 0x2e, 0x78, 0x79, 0x7a, 0x3b, 0x0a, 0x20, 0x20, 0x20, 0x20, 0x20, // eg2_3.xyz;.
	0x20, 0x20, 0x20, 0x20, 0x20, 0x20, 0x20, 0x7d, 0x20, 0x65, 0x6c, 0x73, 0x65, 0x20, 0x7b, 0x0a, //        } else {.
	0x20, 0x20, 0x20, 0x20, 0x20, 0x20, 0x20, 0x20, 0x20, 0x20, 0x20, 0x20, 0x20, 0x20, 0x69, 0x66, //               if
	0x20, 0x28, 0x28, 0x75, 0x5f, 0x67, 0x78, 0x5f, 0x74, 0x65, 0x76, 0x5f, 0x63, 0x6f, 0x6c, 0x6f, //  ((u_gx_tev_colo
	0x72, 0x5f, 0x69, 0x6e, 0x32, 0x2e, 0x78, 0x20, 0x3c, 0x20, 0x35, 0x2e, 0x35, 0x29, 0x29, 0x20, // r_in2.x < 5.5))
	0x7b, 0x0a, 0x20, 0x20, 0x20, 0x20, 0x20, 0x20, 0x20, 0x20, 0x20, 0x20, 0x20, 0x20, 0x20, 0x20, // {.
	0x20, 0x20, 0x74, 0x6d, 0x70, 0x76, 0x61, 0x72, 0x5f, 0x39, 0x38, 0x20, 0x3d, 0x20, 0x72, 0x65, //   tmpvar_98 = re
	0x67, 0x32, 0x5f, 0x33, 0x2e, 0x77, 0x77, 0x77, 0x3b, 0x0a, 0x20, 0x20, 0x20, 0x20, 0x20, 0x20, // g2_3.www;.
	0x20, 0x20, 0x20, 0x20, 0x20, 0x20, 0x20, 0x20, 0x7d, 0x20, 0x65, 0x6c, 0x73, 0x65, 0x20, 0x7b, //         } else {
	0x0a, 0x20, 0x20, 0x20, 0x20, 0x20, 0x20, 0x20, 0x20, 0x20, 0x20, 0x20, 0x20, 0x20, 0x20, 0x20, // .
	0x20, 0x69, 0x66, 0x20, 0x28, 0x28, 0x75, 0x5f, 0x67, 0x78, 0x5f, 0x74, 0x65, 0x76, 0x5f, 0x63, //  if ((u_gx_tev_c
	0x6f, 0x6c, 0x6f, 0x72, 0x5f, 0x69, 0x6e, 0x32, 0x2e, 0x78, 0x20, 0x3c, 0x20, 0x36, 0x2e, 0x35, // olor_in2.x < 6.5
	0x29, 0x29, 0x20, 0x7b, 0x0a, 0x20, 0x20, 0x20, 0x20, 0x20, 0x20, 0x20, 0x20, 0x20, 0x20, 0x20, // )) {.
	0x20, 0x20, 0x20, 0x20, 0x20, 0x20, 0x20, 0x74, 0x6d, 0x70, 0x76, 0x61, 0x72, 0x5f, 0x39, 0x38, //        tmpvar_98
	0x20, 0x3d, 0x20, 0x72, 0x65, 0x67, 0x33, 0x5f, 0x32, 0x2e, 0x78, 0x79, 0x7a, 0x3b, 0x0a, 0x20, //  = reg3_2.xyz;.
	0x20, 0x20, 0x20, 0x20, 0x20, 0x20, 0x20, 0x20, 0x20, 0x20, 0x20, 0x20, 0x20, 0x20, 0x20, 0x7d, //                }
	0x20, 0x65, 0x6c, 0x73, 0x65, 0x20, 0x7b, 0x0a, 0x20, 0x20, 0x20, 0x20, 0x20, 0x20, 0x20, 0x20, //  else {.
	0x20, 0x20, 0x20, 0x20, 0x20, 0x20, 0x20, 0x20, 0x20, 0x20, 0x69, 0x66, 0x20, 0x28, 0x28, 0x75, //           if ((u
	0x5f, 0x67, 0x78, 0x5f, 0x74, 0x65, 0x76, 0x5f, 0x63, 0x6f, 0x6c, 0x6f, 0x72, 0x5f, 0x69, 0x6e, // _gx_tev_color_in
	0x32, 0x2e, 0x78, 0x20, 0x3c, 0x20, 0x37, 0x2e, 0x35, 0x29, 0x29, 0x20, 0x7b, 0x0a, 0x20, 0x20, // 2.x < 7.5)) {.
	0x20, 0x20, 0x20, 0x20, 0x20, 0x20, 0x20, 0x20, 0x20, 0x20, 0x20, 0x20, 0x20, 0x20, 0x20, 0x20, //
	0x20, 0x20, 0x74, 0x6d, 0x70, 0x76, 0x61, 0x72, 0x5f, 0x39, 0x38, 0x20, 0x3d, 0x20, 0x72, 0x65, //   tmpvar_98 = re
	0x67, 0x33, 0x5f, 0x32, 0x2e, 0x77, 0x77, 0x77, 0x3b, 0x0a, 0x20, 0x20, 0x20, 0x20, 0x20, 0x20, // g3_2.www;.
	0x20, 0x20, 0x20, 0x20, 0x20, 0x20, 0x20, 0x20, 0x20, 0x20, 0x20, 0x20, 0x7d, 0x20, 0x65, 0x6c, //             } el
	0x73, 0x65, 0x20, 0x7b, 0x0a, 0x20, 0x20, 0x20, 0x20, 0x20, 0x20, 0x20, 0x20, 0x20, 0x20, 0x20, // se {.
	0x20, 0x20, 0x20, 0x20, 0x20, 0x20, 0x20, 0x20, 0x20, 0x69, 0x66, 0x20, 0x28, 0x28, 0x75, 0x5f, //          if ((u_
	0x67, 0x78, 0x5f, 0x74, 0x65, 0x76, 0x5f, 0x63, 0x6f, 0x6c, 0x6f, 0x72, 0x5f, 0x69, 0x6e, 0x32, // gx_tev_color_in2
	0x2e, 0x78, 0x20, 0x3c, 0x20, 0x38, 0x2e, 0x35, 0x29, 0x29, 0x20, 0x7b, 0x0a, 0x20, 0x20, 0x20, // .x < 8.5)) {.
	0x20, 0x20, 0x20, 0x20, 0x20, 0x20, 0x20, 0x20, 0x20, 0x20, 0x20, 0x20, 0x20, 0x20, 0x20, 0x20, //
	0x20, 0x20, 0x20, 0x74, 0x6d, 0x70, 0x76, 0x61, 0x72, 0x5f, 0x39, 0x38, 0x20, 0x3d, 0x20, 0x74, //    tmpvar_98 = t
	0x6d, 0x70, 0x76, 0x61, 0x72, 0x5f, 0x39, 0x37, 0x2e, 0x78, 0x79, 0x7a, 0x3b, 0x0a, 0x20, 0x20, // mpvar_97.xyz;.
	0x20, 0x20, 0x20, 0x20, 0x20, 0x20, 0x20, 0x20, 0x20, 0x20, 0x20, 0x20, 0x20, 0x20, 0x20, 0x20, //
	0x20, 0x20, 0x7d, 0x20, 0x65, 0x6c, 0x73, 0x65, 0x20, 0x7b, 0x0a, 0x20, 0x20, 0x20, 0x20, 0x20, //   } else {.
	0x20, 0x20, 0x20, 0x20, 0x20, 0x20, 0x20, 0x20, 0x20, 0x20, 0x20, 0x20, 0x20, 0x20, 0x20, 0x20, //
	0x20, 0x69, 0x66, 0x20, 0x28, 0x28, 0x75, 0x5f, 0x67, 0x78, 0x5f, 0x74, 0x65, 0x76, 0x5f, 0x63, //  if ((u_gx_tev_c
	0x6f, 0x6c, 0x6f, 0x72, 0x5f, 0x69, 0x6e, 0x32, 0x2e, 0x78, 0x20, 0x3c, 0x20, 0x39, 0x2e, 0x35, // olor_in2.x < 9.5
	0x29, 0x29, 0x20, 0x7b, 0x0a, 0x20, 0x20, 0x20, 0x20, 0x20, 0x20, 0x20, 0x20, 0x20, 0x20, 0x20, // )) {.
	0x20, 0x20, 0x20, 0x20, 0x20, 0x20, 0x20, 0x20, 0x20, 0x20, 0x20, 0x20, 0x20, 0x74, 0x6d, 0x70, //              tmp
	0x76, 0x61, 0x72, 0x5f, 0x39, 0x38, 0x20, 0x3d, 0x20, 0x74, 0x6d, 0x70, 0x76, 0x61, 0x72, 0x5f, // var_98 = tmpvar_
	0x39, 0x37, 0x2e, 0x77, 0x77, 0x77, 0x3b, 0x0a, 0x20, 0x20, 0x20, 0x20, 0x20, 0x20, 0x20, 0x20, // 97.www;.
	0x20, 0x20, 0x20, 0x20, 0x20, 0x20, 0x20, 0x20, 0x20, 0x20, 0x20, 0x20, 0x20, 0x20, 0x7d, 0x20, //               }
	0x65, 0x6c, 0x73, 0x65, 0x20, 0x7b, 0x0a, 0x20, 0x20, 0x20, 0x20, 0x20, 0x20, 0x20, 0x20, 0x20, // else {.
	0x20, 0x20, 0x20, 0x20, 0x20, 0x20, 0x20, 0x20, 0x20, 0x20, 0x20, 0x20, 0x20, 0x20, 0x20, 0x69, //                i
	0x66, 0x20, 0x28, 0x28, 0x75, 0x5f, 0x67, 0x78, 0x5f, 0x74, 0x65, 0x76, 0x5f, 0x63, 0x6f, 0x6c, // f ((u_gx_tev_col
	0x6f, 0x72, 0x5f, 0x69, 0x6e, 0x32, 0x2e, 0x78, 0x20, 0x3c, 0x20, 0x31, 0x30, 0x2e, 0x35, 0x29, // or_in2.x < 10.5)
	0x29, 0x20, 0x7b, 0x0a, 0x20, 0x20, 0x20, 0x20, 0x20, 0x20, 0x20, 0x20, 0x20, 0x20, 0x20, 0x20, // ) {.
	0x20, 0x20, 0x20, 0x20, 0x20, 0x20, 0x20, 0x20, 0x20, 0x20, 0x20, 0x20, 0x20, 0x20, 0x74, 0x6d, //               tm
	0x70, 0x76, 0x61, 0x72, 0x5f, 0x39, 0x38, 0x20, 0x3d, 0x20, 0x76, 0x5f, 0x63, 0x6f, 0x6c, 0x6f, // pvar_98 = v_colo
	0x72, 0x30, 0x2e, 0x78, 0x79, 0x7a, 0x3b, 0x0a, 0x20, 0x20, 0x20, 0x20, 0x20, 0x20, 0x20, 0x20, // r0.xyz;.
	0x20, 0x20, 0x20, 0x20, 0x20, 0x20, 0x20, 0x20, 0x20, 0x20, 0x20, 0x20, 0x20, 0x20, 0x20, 0x20, //
	0x7d, 0x20, 0x65, 0x6c, 0x73, 0x65, 0x20, 0x7b, 0x0a, 0x20, 0x20, 0x20, 0x20, 0x20, 0x20, 0x20, // } else {.
	0x20, 0x20, 0x20, 0x20, 0x20, 0x20, 0x20, 0x20, 0x20, 0x20, 0x20, 0x20, 0x20, 0x20, 0x20, 0x20, //
	0x20, 0x20, 0x20, 0x69, 0x66, 0x20, 0x28, 0x28, 0x75, 0x5f, 0x67, 0x78, 0x5f, 0x74, 0x65, 0x76, //    if ((u_gx_tev
	0x5f, 0x63, 0x6f, 0x6c, 0x6f, 0x72, 0x5f, 0x69, 0x6e, 0x32, 0x2e, 0x78, 0x20, 0x3c, 0x20, 0x31, // _color_in2.x < 1
	0x31, 0x2e, 0x35, 0x29, 0x29, 0x20, 0x7b, 0x0a, 0x20, 0x20, 0x20, 0x20, 0x20, 0x20, 0x20, 0x20, // 1.5)) {.
	0x20, 0x20, 0x20, 0x20, 0x20, 0x20, 0x20, 0x20, 0x20, 0x20, 0x20, 0x20, 0x20, 0x20, 0x20, 0x20, //
	0x20, 0x20, 0x20, 0x20, 0x74, 0x6d, 0x70, 0x76, 0x61, 0x72, 0x5f, 0x39, 0x38, 0x20, 0x3d, 0x20, //     tmpvar_98 =
	0x76, 0x5f, 0x63, 0x6f, 0x6c, 0x6f, 0x72, 0x30, 0x2e, 0x77, 0x77, 0x77, 0x3b, 0x0a, 0x20, 0x20, // v_color0.www;.
	0x20, 0x20, 0x20, 0x20, 0x20, 0x20, 0x20, 0x20, 0x20, 0x20, 0x20, 0x20, 0x20, 0x20, 0x20, 0x20, //
	0x20, 0x20, 0x20, 0x20, 0x20, 0x20, 0x20, 0x20, 0x7d, 0x20, 0x65, 0x6c, 0x73, 0x65, 0x20, 0x7b, //         } else {
	0x0a, 0x20, 0x20, 0x20, 0x20, 0x20, 0x20, 0x20, 0x20, 0x20, 0x20, 0x20, 0x20, 0x20, 0x20, 0x20, // .
	0x20, 0x20, 0x20, 0x20, 0x20, 0x20, 0x20, 0x20, 0x20, 0x20, 0x20, 0x20, 0x20, 0x69, 0x66, 0x20, //              if
	0x28, 0x28, 0x75, 0x5f, 0x67, 0x78, 0x5f, 0x74, 0x65, 0x76, 0x5f, 0x63, 0x6f, 0x6c, 0x6f, 0x72, // ((u_gx_tev_color
	0x5f, 0x69, 0x6e, 0x32, 0x2e, 0x78, 0x20, 0x3c, 0x20, 0x31, 0x32, 0x2e, 0x35, 0x29, 0x29, 0x20, // _in2.x < 12.5))
	0x7b, 0x0a, 0x20, 0x20, 0x20, 0x20, 0x20, 0x20, 0x20, 0x20, 0x20, 0x20, 0x20, 0x20, 0x20, 0x20, // {.
	0x20, 0x20, 0x20, 0x20, 0x20, 0x20, 0x20, 0x20, 0x20, 0x20, 0x20, 0x20, 0x20, 0x20, 0x20, 0x20, //
	0x74, 0x6d, 0x70, 0x76, 0x61, 0x72, 0x5f, 0x39, 0x38, 0x20, 0x3d, 0x20, 0x76, 0x65, 0x63, 0x33, // tmpvar_98 = vec3
	0x28, 0x31, 0x2e, 0x30, 0x2c, 0x20, 0x31, 0x2e, 0x30, 0x2c, 0x20, 0x31, 0x2e, 0x30, 0x29, 0x3b, // (1.0, 1.0, 1.0);
	0x0a, 0x20, 0x20, 0x20, 0x20, 0x20, 0x20, 0x20, 0x20, 0x20, 0x20, 0x20, 0x20, 0x20, 0x20, 0x20, // .
	0x20, 0x20, 0x20, 0x20, 0x20, 0x20, 0x20, 0x20, 0x20, 0x20, 0x20, 0x20, 0x20, 0x7d, 0x20, 0x65, //              } e
	0x6c, 0x73, 0x65, 0x20, 0x7b, 0x0a, 0x20, 0x20, 0x20, 0x20, 0x20, 0x20, 0x20, 0x20, 0x20, 0x20, // lse {.
	0x20, 0x20, 0x20, 0x20, 0x20, 0x20, 0x20, 0x20, 0x20, 0x20, 0x20, 0x20, 0x20, 0x20, 0x20, 0x20, //
	0x20, 0x20, 0x20, 0x20, 0x69, 0x66, 0x20, 0x28, 0x28, 0x75, 0x5f, 0x67, 0x78, 0x5f, 0x74, 0x65, //     if ((u_gx_te
	0x76, 0x5f, 0x63, 0x6f, 0x6c, 0x6f, 0x72, 0x5f, 0x69, 0x6e, 0x32, 0x2e, 0x78, 0x20, 0x3c, 0x20, // v_color_in2.x <
	0x31, 0x33, 0x2e, 0x35, 0x29, 0x29, 0x20, 0x7b, 0x0a, 0x20, 0x20, 0x20, 0x20, 0x20, 0x20, 0x20, // 13.5)) {.
	0x20, 0x20, 0x20, 0x20, 0x20, 0x20, 0x20, 0x20, 0x20, 0x20, 0x20, 0x20, 0x20, 0x20, 0x20, 0x20, //
	0x20, 0x20, 0x20, 0x20, 0x20, 0x20, 0x20, 0x20, 0x20, 0x74, 0x6d, 0x70, 0x76, 0x61, 0x72, 0x5f, //          tmpvar_
	0x39, 0x38, 0x20, 0x3d, 0x20, 0x76, 0x65, 0x63, 0x33, 0x28, 0x30, 0x2e, 0x35, 0x30, 0x31, 0x39, // 98 = vec3(0.5019
	0x36, 0x30, 0x38, 0x2c, 0x20, 0x30, 0x2e, 0x35, 0x30, 0x31, 0x39, 0x36, 0x30, 0x38, 0x2c, 0x20, // 608, 0.5019608,
	0x30, 0x2e, 0x35, 0x30, 0x31, 0x39, 0x36, 0x30, 0x38, 0x29, 0x3b, 0x0a, 0x20, 0x20, 0x20, 0x20, // 0.5019608);.
	0x20, 0x20, 0x20, 0x20, 0x20, 0x20, 0x20, 0x20, 0x20, 0x20, 0x20, 0x20, 0x20, 0x20, 0x20, 0x20, //
	0x20, 0x20, 0x20, 0x20, 0x20, 0x20, 0x20, 0x20, 0x20, 0x20, 0x7d, 0x20, 0x65, 0x6c, 0x73, 0x65, //           } else
	0x20, 0x7b, 0x0a, 0x20, 0x20, 0x20, 0x20, 0x20, 0x20, 0x20, 0x20, 0x20, 0x20, 0x20, 0x20, 0x20, //  {.
	0x20, 0x20, 0x20, 0x20, 0x20, 0x20, 0x20, 0x20, 0x20, 0x20, 0x20, 0x20, 0x20, 0x20, 0x20, 0x20, //
	0x20, 0x20, 0x20, 0x69, 0x66, 0x20, 0x28, 0x28, 0x75, 0x5f, 0x67, 0x78, 0x5f, 0x74, 0x65, 0x76, //    if ((u_gx_tev
	0x5f, 0x63, 0x6f, 0x6c, 0x6f, 0x72, 0x5f, 0x69, 0x6e, 0x32, 0x2e, 0x78, 0x20, 0x3c, 0x20, 0x31, // _color_in2.x < 1
	0x34, 0x2e, 0x35, 0x29, 0x29, 0x20, 0x7b, 0x0a, 0x20, 0x20, 0x20, 0x20, 0x20, 0x20, 0x20, 0x20, // 4.5)) {.
	0x20, 0x20, 0x20, 0x20, 0x20, 0x20, 0x20, 0x20, 0x20, 0x20, 0x20, 0x20, 0x20, 0x20, 0x20, 0x20, //
	0x20, 0x20, 0x20, 0x20, 0x20, 0x20, 0x20, 0x20, 0x20, 0x20, 0x74, 0x6d, 0x70, 0x76, 0x61, 0x72, //           tmpvar
	0x5f, 0x39, 0x38, 0x20, 0x3d, 0x20, 0x75, 0x5f, 0x67, 0x78, 0x5f, 0x74, 0x65, 0x76, 0x5f, 0x6b, // _98 = u_gx_tev_k
	0x6f, 0x6e, 0x73, 0x74, 0x32, 0x2e, 0x78, 0x79, 0x7a, 0x3b, 0x0a, 0x20, 0x20, 0x20, 0x20, 0x20, // onst2.xyz;.
	0x20, 0x20, 0x20, 0x20, 0x20, 0x20, 0x20, 0x20, 0x20, 0x20, 0x20, 0x20, 0x20, 0x20, 0x20, 0x20, //
	0x20, 0x20, 0x20, 0x20, 0x20, 0x20, 0x20, 0x20, 0x20, 0x20, 0x20, 0x7d, 0x20, 0x65, 0x6c, 0x73, //            } els
	0x65, 0x20, 0x7b, 0x0a, 0x20, 0x20, 0x20, 0x20, 0x20, 0x20, 0x20, 0x20, 0x20, 0x20, 0x20, 0x20, // e {.
	0x20, 0x20, 0x20, 0x20, 0x20, 0x20, 0x20, 0x20, 0x20, 0x20, 0x20, 0x20, 0x20, 0x20, 0x20, 0x20, //
	0x20, 0x20, 0x20, 0x20, 0x20, 0x20, 0x74, 0x6d, 0x70, 0x76, 0x61, 0x72, 0x5f, 0x39, 0x38, 0x20, //       tmpvar_98
	0x3d, 0x20, 0x76, 0x65, 0x63, 0x33, 0x28, 0x30, 0x2e, 0x30, 0x2c, 0x20, 0x30, 0x2e, 0x30, 0x2c, // = vec3(0.0, 0.0,
	0x20, 0x30, 0x2e, 0x30, 0x29, 0x3b, 0x0a, 0x20, 0x20, 0x20, 0x20, 0x20, 0x20, 0x20, 0x20, 0x20, //  0.0);.
	0x20, 0x20, 0x20, 0x20, 0x20, 0x20, 0x20, 0x20, 0x20, 0x20, 0x20, 0x20, 0x20, 0x20, 0x20, 0x20, //
	0x20, 0x20, 0x20, 0x20, 0x20, 0x20, 0x20, 0x7d, 0x3b, 0x0a, 0x20, 0x20, 0x20, 0x20, 0x20, 0x20, //        };.
	0x20, 0x20, 0x20, 0x20, 0x20, 0x20, 0x20, 0x20, 0x20, 0x20, 0x20, 0x20, 0x20, 0x20, 0x20, 0x20, //
	0x20, 0x20, 0x20, 0x20, 0x20, 0x20, 0x20, 0x20, 0x7d, 0x3b, 0x0a, 0x20, 0x20, 0x20, 0x20, 0x20, //         };.
	0x20, 0x20, 0x20, 0x20, 0x20, 0x20, 0x20, 0x20, 0x20, 0x20, 0x20, 0x20, 0x20, 0x20, 0x20, 0x20, //
	0x20, 0x20, 0x20, 0x20, 0x20, 0x20, 0x20, 0x7d, 0x3b, 0x0a, 0x20, 0x20, 0x20, 0x20, 0x20, 0x20, //        };.
	0x20, 0x20, 0x20, 0x20, 0x20, 0x20, 0x20, 0x20, 0x20, 0x20, 0x20, 0x20, 0x20, 0x20, 0x20, 0x20, //
	0x20, 0x20, 0x20, 0x20, 0x7d, 0x3b, 0x0a, 0x20, 0x20, 0x20, 0x20, 0x20, 0x20, 0x20, 0x20, 0x20, //     };.
	0x20, 0x20, 0x20, 0x20, 0x20, 0x20, 0x20, 0x20, 0x20, 0x20, 0x20, 0x20, 0x20, 0x20, 0x20, 0x7d, //                }
	0x3b, 0x0a, 0x20, 0x20, 0x20, 0x20, 0x20, 0x20, 0x20, 0x20, 0x20, 0x20, 0x20, 0x20, 0x20, 0x20, // ;.
	0x20, 0x20, 0x20, 0x20, 0x20, 0x20, 0x20, 0x20, 0x7d, 0x3b, 0x0a, 0x20, 0x20, 0x20, 0x20, 0x20, //         };.
	0x20, 0x20, 0x20, 0x20, 0x20, 0x20, 0x20, 0x20, 0x20, 0x20, 0x20, 0x20, 0x20, 0x20, 0x20, 0x7d, //                }
	0x3b, 0x0a, 0x20, 0x20, 0x20, 0x20, 0x20, 0x20, 0x20, 0x20, 0x20, 0x20, 0x20, 0x20, 0x20, 0x20, // ;.
	0x20, 0x20, 0x20, 0x20, 0x7d, 0x3b, 0x0a, 0x20, 0x20, 0x20, 0x20, 0x20, 0x20, 0x20, 0x20, 0x20, //     };.
	0x20, 0x20, 0x20, 0x20, 0x20, 0x20, 0x20, 0x7d, 0x3b, 0x0a, 0x20, 0x20, 0x20, 0x20, 0x20, 0x20, //        };.
	0x20, 0x20, 0x20, 0x20, 0x20, 0x20, 0x20, 0x20, 0x7d, 0x3b, 0x0a, 0x20, 0x20, 0x20, 0x20, 0x20, //         };.
	0x20, 0x20, 0x20, 0x20, 0x20, 0x20, 0x20, 0x7d, 0x3b, 0x0a, 0x20, 0x20, 0x20, 0x20, 0x20, 0x20, //        };.
	0x20, 0x20, 0x20, 0x20, 0x7d, 0x3b, 0x0a, 0x20, 0x20, 0x20, 0x20, 0x20, 0x20, 0x20, 0x20, 0x7d, //     };.        }
	0x3b, 0x0a, 0x20, 0x20, 0x20, 0x20, 0x20, 0x20, 0x7d, 0x3b, 0x0a, 0x20, 0x20, 0x20, 0x20, 0x7d, // ;.      };.    }
	0x3b, 0x0a, 0x20, 0x20, 0x20, 0x20, 0x76, 0x65, 0x63, 0x33, 0x20, 0x74, 0x6d, 0x70, 0x76, 0x61, // ;.    vec3 tmpva
	0x72, 0x5f, 0x39, 0x39, 0x3b, 0x0a, 0x20, 0x20, 0x20, 0x20, 0x69, 0x66, 0x20, 0x28, 0x28, 0x75, // r_99;.    if ((u
	0x5f, 0x67, 0x78, 0x5f, 0x74, 0x65, 0x76, 0x5f, 0x63, 0x6f, 0x6c, 0x6f, 0x72, 0x5f, 0x69, 0x6e, // _gx_tev_color_in
	0x32, 0x2e, 0x79, 0x20, 0x3c, 0x20, 0x30, 0x2e, 0x35, 0x29, 0x29, 0x20, 0x7b, 0x0a, 0x20, 0x20, // 2.y < 0.5)) {.
	0x20, 0x20, 0x20, 0x20, 0x74, 0x6d, 0x70, 0x76, 0x61, 0x72, 0x5f, 0x39, 0x39, 0x20, 0x3d, 0x20, //     tmpvar_99 =
	0x72, 0x65, 0x67, 0x30, 0x5f, 0x35, 0x2e, 0x78, 0x79, 0x7a, 0x3b, 0x0a, 0x20, 0x20, 0x20, 0x20, // reg0_5.xyz;.
	0x7d, 0x20, 0x65, 0x6c, 0x73, 0x65, 0x20, 0x7b, 0x0a, 0x20, 0x20, 0x20, 0x20, 0x20, 0x20, 0x69, // } else {.      i
	0x66, 0x20, 0x28, 0x28, 0x75, 0x5f, 0x67, 0x78, 0x5f, 0x74, 0x65, 0x76, 0x5f, 0x63, 0x6f, 0x6c, // f ((u_gx_tev_col
	0x6f, 0x72, 0x5f, 0x69, 0x6e, 0x32, 0x2e, 0x79, 0x20, 0x3c, 0x20, 0x31, 0x2e, 0x35, 0x29, 0x29, // or_in2.y < 1.5))
	0x20, 0x7b, 0x0a, 0x20, 0x20, 0x20, 0x20, 0x20, 0x20, 0x20, 0x20, 0x74, 0x6d, 0x70, 0x76, 0x61, //  {.        tmpva
	0x72, 0x5f, 0x39, 0x39, 0x20, 0x3d, 0x20, 0x72, 0x65, 0x67, 0x30, 0x5f, 0x35, 0x2e, 0x77, 0x77, // r_99 = reg0_5.ww
	0x77, 0x3b, 0x0a, 0x20, 0x20, 0x20, 0x20, 0x20, 0x20, 0x7d, 0x20, 0x65, 0x6c, 0x73, 0x65, 0x20, // w;.      } else
	0x7b, 0x0a, 0x20, 0x20, 0x20, 0x20, 0x20, 0x20, 0x20, 0x20, 0x69, 0x66, 0x20, 0x28, 0x28, 0x75, // {.        if ((u
	0x5f, 0x67, 0x78, 0x5f, 0x74, 0x65, 0x76, 0x5f, 0x63, 0x6f, 0x6c, 0x6f, 0x72, 0x5f, 0x69, 0x6e, // _gx_tev_color_in
	0x32, 0x2e, 0x79, 0x20, 0x3c, 0x20, 0x32, 0x2e, 0x35, 0x29, 0x29, 0x20, 0x7b, 0x0a, 0x20, 0x20, // 2.y < 2.5)) {.
	0x20, 0x20, 0x20, 0x20, 0x20, 0x20, 0x20, 0x20, 0x74, 0x6d, 0x70, 0x76, 0x61, 0x72, 0x5f, 0x39, //         tmpvar_9
	0x39, 0x20, 0x3d, 0x20, 0x72, 0x65, 0x67, 0x31, 0x5f, 0x34, 0x2e, 0x78, 0x79, 0x7a, 0x3b, 0x0a, // 9 = reg1_4.xyz;.
	0x20, 0x20, 0x20, 0x20, 0x20, 0x20, 0x20, 0x20, 0x7d, 0x20, 0x65, 0x6c, 0x73, 0x65, 0x20, 0x7b, //         } else {
	0x0a, 0x20, 0x20, 0x20, 0x20, 0x20, 0x20, 0x20, 0x20, 0x20, 0x20, 0x69, 0x66, 0x20, 0x28, 0x28, // .          if ((
	0x75, 0x5f, 0x67, 0x78, 0x5f, 0x74, 0x65, 0x76, 0x5f, 0x63, 0x6f, 0x6c, 0x6f, 0x72, 0x5f, 0x69, // u_gx_tev_color_i
	0x6e, 0x32, 0x2e, 0x79, 0x20, 0x3c, 0x20, 0x33, 0x2e, 0x35, 0x29, 0x29, 0x20, 0x7b, 0x0a, 0x20, // n2.y < 3.5)) {.
	0x20, 0x20, 0x20, 0x20, 0x20, 0x20, 0x20, 0x20, 0x20, 0x20, 0x20, 0x74, 0x6d, 0x70, 0x76, 0x61, //            tmpva
	0x72, 0x5f, 0x39, 0x39, 0x20, 0x3d, 0x20, 0x72, 0x65, 0x67, 0x31, 0x5f, 0x34, 0x2e, 0x77, 0x77, // r_99 = reg1_4.ww
	0x77, 0x3b, 0x0a, 0x20, 0x20, 0x20, 0x20, 0x20, 0x20, 0x20, 0x20, 0x20, 0x20, 0x7d, 0x20, 0x65, // w;.          } e
	0x6c, 0x73, 0x65, 0x20, 0x7b, 0x0a, 0x20, 0x20, 0x20, 0x20, 0x20, 0x20, 0x20, 0x20, 0x20, 0x20, // lse {.
	0x20, 0x20, 0x69, 0x66, 0x20, 0x28, 0x28, 0x75, 0x5f, 0x67, 0x78, 0x5f, 0x74, 0x65, 0x76, 0x5f, //   if ((u_gx_tev_
	0x63, 0x6f, 0x6c, 0x6f, 0x72, 0x5f, 0x69, 0x6e, 0x32, 0x2e, 0x79, 0x20, 0x3c, 0x20, 0x34, 0x2e, // color_in2.y < 4.
	0x35, 0x29, 0x29, 0x20, 0x7b, 0x0a, 0x20, 0x20, 0x20, 0x20, 0x20, 0x20, 0x20, 0x20, 0x20, 0x20, // 5)) {.
	0x20, 0x20, 0x20, 0x20, 0x74, 0x6d, 0x70, 0x76, 0x61, 0x72, 0x5f, 0x39, 0x39, 0x20, 0x3d, 0x20, //     tmpvar_99 =
	0x72, 0x65, 0x67, 0x32, 0x5f, 0x33, 0x2e, 0x78, 0x79, 0x7a, 0x3b, 0x0a, 0x20, 0x20, 0x20, 0x20, // reg2_3.xyz;.
	0x20, 0x20, 0x20, 0x20, 0x20, 0x20, 0x20, 0x20, 0x7d, 0x20, 0x65, 0x6c, 0x73, 0x65, 0x20, 0x7b, //         } else {
	0x0a, 0x20, 0x20, 0x20, 0x20, 0x20, 0x20, 0x20, 0x20, 0x20, 0x20, 0x20, 0x20, 0x20, 0x20, 0x69, // .              i
	0x66, 0x20, 0x28, 0x28, 0x75, 0x5f, 0x67, 0x78, 0x5f, 0x74, 0x65, 0x76, 0x5f, 0x63, 0x6f, 0x6c, // f ((u_gx_tev_col
	0x6f, 0x72, 0x5f, 0x69, 0x6e, 0x32, 0x2e, 0x79, 0x20, 0x3c, 0x20, 0x35, 0x2e, 0x35, 0x29, 0x29, // or_in2.y < 5.5))
	0x20, 0x7b, 0x0a, 0x20, 0x20, 0x20, 0x20, 0x20, 0x20, 0x20, 0x20, 0x20, 0x20, 0x20, 0x20, 0x20, //  {.
	0x20, 0x20, 0x20, 0x74, 0x6d, 0x70, 0x76, 0x61, 0x72, 0x5f, 0x39, 0x39, 0x20, 0x3d, 0x20, 0x72, //    tmpvar_99 = r
	0x65, 0x67, 0x32, 0x5f, 0x33, 0x2e, 0x77, 0x77, 0x77, 0x3b, 0x0a, 0x20, 0x20, 0x20, 0x20, 0x20, // eg2_3.www;.
	0x20, 0x20, 0x20, 0x20, 0x20, 0x20, 0x20, 0x20, 0x20, 0x7d, 0x20, 0x65, 0x6c, 0x73, 0x65, 0x20, //          } else
	0x7b, 0x0a, 0x20, 0x20, 0x20, 0x20, 0x20, 0x20, 0x20, 0x20, 0x20, 0x20, 0x20, 0x20, 0x20, 0x20, // {.
	0x20, 0x20, 0x69, 0x66, 0x20, 0x28, 0x28, 0x75, 0x5f, 0x67, 0x78, 0x5f, 0x74, 0x65, 0x76, 0x5f, //   if ((u_gx_tev_
	0x63, 0x6f, 0x6c, 0x6f, 0x72, 0x5f, 0x69, 0x6e, 0x32, 0x2e, 0x79, 0x20, 0x3c, 0x20, 0x36, 0x2e, // color_in2.y < 6.
	0x35, 0x29, 0x29, 0x20, 0x7b, 0x0a, 0x20, 0x20, 0x20, 0x20, 0x20, 0x20, 0x20, 0x20, 0x20, 0x20, // 5)) {.
	0x20, 0x20, 0x20, 0x20, 0x20, 0x20, 0x20, 0x20, 0x74, 0x6d, 0x70, 0x76, 0x61, 0x72, 0x5f, 0x39, //         tmpvar_9
	0x39, 0x20, 0x3d, 0x20, 0x72, 0x65, 0x67, 0x33, 0x5f, 0x32, 0x2e, 0x78, 0x79, 0x7a, 0x3b, 0x0a, // 9 = reg3_2.xyz;.
	0x20, 0x20, 0x20, 0x20, 0x20, 0x20, 0x20, 0x20, 0x20, 0x20, 0x20, 0x20, 0x20, 0x20, 0x20, 0x20, //
	0x7d, 0x20, 0x65, 0x6c, 0x73, 0x65, 0x20, 0x7b, 0x0a, 0x20, 0x20, 0x20, 0x20, 0x20, 0x20, 0x20, // } else {.
	0x20, 0x20, 0x20, 0x20, 0x20, 0x20, 0x20, 0x20, 0x20, 0x20, 0x20, 0x69, 0x66, 0x20, 0x28, 0x28, //            if ((
	0x75, 0x5f, 0x67, 0x78, 0x5f, 0x74, 0x65, 0x76, 0x5f, 0x63, 0x6f, 0x6c, 0x6f, 0x72, 0x5f, 0x69, // u_gx_tev_color_i
	0x6e, 0x32, 0x2e, 0x79, 0x20, 0x3c, 0x20, 0x37, 0x2e, 0x35, 0x29, 0x29, 0x20, 0x7b, 0x0a, 0x20, // n2.y < 7.5)) {.
	0x20, 0x20, 0x20, 0x20, 0x20, 0x20, 0x20, 0x20, 0x20, 0x20, 0x20, 0x20, 0x20, 0x20, 0x20, 0x20, //
	0x20, 0x20, 0x20, 0x74, 0x6d, 0x70, 0x76, 0x61, 0x72, 0x5f, 0x39, 0x39, 0x20, 0x3d, 0x20, 0x72, //    tmpvar_99 = r
	0x65, 0x67, 0x33, 0x5f, 0x32, 0x2e, 0x77, 0x77, 0x77, 0x3b, 0x0a, 0x20, 0x20, 0x20, 0x20, 0x20, // eg3_2.www;.
	0x20, 0x20, 0x20, 0x20, 0x20, 0x20, 0x20, 0x20, 0x20, 0x20, 0x20, 0x20, 0x20, 0x7d, 0x20, 0x65, //              } e
	0x6c, 0x73, 0x65, 0x20, 0x7b, 0x0a, 0x20, 0x20, 0x20, 0x20, 0x20, 0x20, 0x20, 0x20, 0x20, 0x20, // lse {.
	0x20, 0x20, 0x20, 0x20, 0x20, 0x20, 0x20, 0x20, 0x20, 0x20, 0x69, 0x66, 0x20, 0x28, 0x28, 0x75, //           if ((u
	0x5f, 0x67, 0x78, 0x5f, 0x74, 0x65, 0x76, 0x5f, 0x63, 0x6f, 0x6c, 0x6f, 0x72, 0x5f, 0x69, 0x6e, // _gx_tev_color_in
	0x32, 0x2e, 0x79, 0x20, 0x3c, 0x20, 0x38, 0x2e, 0x35, 0x29, 0x29, 0x20, 0x7b, 0x0a, 0x20, 0x20, // 2.y < 8.5)) {.
	0x20, 0x20, 0x20, 0x20, 0x20, 0x20, 0x20, 0x20, 0x20, 0x20, 0x20, 0x20, 0x20, 0x20, 0x20, 0x20, //
	0x20, 0x20, 0x20, 0x20, 0x74, 0x6d, 0x70, 0x76, 0x61, 0x72, 0x5f, 0x39, 0x39, 0x20, 0x3d, 0x20, //     tmpvar_99 =
	0x74, 0x6d, 0x70, 0x76, 0x61, 0x72, 0x5f, 0x39, 0x37, 0x2e, 0x78, 0x79, 0x7a, 0x3b, 0x0a, 0x20, // tmpvar_97.xyz;.
	0x20, 0x20, 0x20, 0x20, 0x20, 0x20, 0x20, 0x20, 0x20, 0x20, 0x20, 0x20, 0x20, 0x20, 0x20, 0x20, //
	0x20, 0x20, 0x20, 0x7d, 0x20, 0x65, 0x6c, 0x73, 0x65, 0x20, 0x7b, 0x0a, 0x20, 0x20, 0x20, 0x20, //    } else {.
	0x20, 0x20, 0x20, 0x20, 0x20, 0x20, 0x20, 0x20, 0x20, 0x20, 0x20, 0x20, 0x20, 0x20, 0x20, 0x20, //
	0x20, 0x20, 0x69, 0x66, 0x20, 0x28, 0x28, 0x75, 0x5f, 0x67, 0x78, 0x5f, 0x74, 0x65, 0x76, 0x5f, //   if ((u_gx_tev_
	0x63, 0x6f, 0x6c, 0x6f, 0x72, 0x5f, 0x69, 0x6e, 0x32, 0x2e, 0x79, 0x20, 0x3c, 0x20, 0x39, 0x2e, // color_in2.y < 9.
	0x35, 0x29, 0x29, 0x20, 0x7b, 0x0a, 0x20, 0x20, 0x20, 0x20, 0x20, 0x20, 0x20, 0x20, 0x20, 0x20, // 5)) {.
	0x20, 0x20, 0x20, 0x20, 0x20, 0x20, 0x20, 0x20, 0x20, 0x20, 0x20, 0x20, 0x20, 0x20, 0x74, 0x6d, //               tm
	0x70, 0x76, 0x61, 0x72, 0x5f, 0x39, 0x39, 0x20, 0x3d, 0x20, 0x74, 0x6d, 0x70, 0x76, 0x61, 0x72, // pvar_99 = tmpvar
	0x5f, 0x39, 0x37, 0x2e, 0x77, 0x77, 0x77, 0x3b, 0x0a, 0x20, 0x20, 0x20, 0x20, 0x20, 0x20, 0x20, // _97.www;.
	0x20, 0x20, 0x20, 0x20, 0x20, 0x20, 0x20, 0x20, 0x20, 0x20, 0x20, 0x20, 0x20, 0x20, 0x20, 0x7d, //                }
	0x20, 0x65, 0x6c, 0x73, 0x65, 0x20, 0x7b, 0x0a, 0x20, 0x20, 0x20, 0x20, 0x20, 0x20, 0x20, 0x20, //  else {.
	0x20, 0x20, 0x20, 0x20, 0x20, 0x20, 0x20, 0x20, 0x20, 0x20, 0x20, 0x20, 0x20, 0x20, 0x20, 0x20, //
	0x69, 0x66, 0x20, 0x28, 0x28, 0x75, 0x5f, 0x67, 0x78, 0x5f, 0x74, 0x65, 0x76, 0x5f, 0x63, 0x6f, // if ((u_gx_tev_co
	0x6c, 0x6f, 0x72, 0x5f, 0x69, 0x6e, 0x32, 0x2e, 0x79, 0x20, 0x3c, 0x20, 0x31, 0x30, 0x2e, 0x35, // lor_in2.y < 10.5
	0x29, 0x29, 0x20, 0x7b, 0x0a, 0x20, 0x20, 0x20, 0x20, 0x20, 0x20, 0x20, 0x20, 0x20, 0x20, 0x20, // )) {.
	0x20, 0x20, 0x20, 0x20, 0x20, 0x20, 0x20, 0x20, 0x20, 0x20, 0x20, 0x20, 0x20, 0x20, 0x20, 0x74, //                t
	0x6d, 0x70, 0x76, 0x61, 0x72, 0x5f, 0x39, 0x39, 0x20, 0x3d, 0x20, 0x76, 0x5f, 0x63, 0x6f, 0x6c, // mpvar_99 = v_col
	0x6f, 0x72, 0x30, 0x2e, 0x78, 0x79, 0x7a, 0x3b, 0x0a, 0x20, 0x20, 0x20, 0x20, 0x20, 0x20, 0x20, // or0.xyz;.
	0x20, 0x20, 0x20, 0x20, 0x20, 0x20, 0x20, 0x20, 0x20, 0x20, 0x20, 0x20, 0x20, 0x20, 0x20, 0x20, //
	0x20, 0x7d, 0x20, 0x65, 0x6c, 0x73, 0x65, 0x20, 0x7b, 0x0a, 0x20, 0x20, 0x20, 0x20, 0x20, 0x20, //  } else {.
	0x20, 0x20, 0x20, 0x20, 0x20, 0x20, 0x20, 0x20, 0x20, 0x20, 0x20, 0x20, 0x20, 0x20, 0x20, 0x20, //
	0x20, 0x20, 0x20, 0x20, 0x69, 0x66, 0x20, 0x28, 0x28, 0x75, 0x5f, 0x67, 0x78, 0x5f, 0x74, 0x65, //     if ((u_gx_te
	0x76, 0x5f, 0x63, 0x6f, 0x6c, 0x6f, 0x72, 0x5f, 0x69, 0x6e, 0x32, 0x2e, 0x79, 0x20, 0x3c, 0x20, // v_color_in2.y <
	0x31, 0x31, 0x2e, 0x35, 0x29, 0x29, 0x20, 0x7b, 0x0a, 0x20, 0x20, 0x20, 0x20, 0x20, 0x20, 0x20, // 11.5)) {.
	0x20, 0x20, 0x20, 0x20, 0x20, 0x20, 0x20, 0x20, 0x20, 0x20, 0x20, 0x20, 0x20, 0x20, 0x20, 0x20, //
	0x20, 0x20, 0x20, 0x20, 0x20, 0x74, 0x6d, 0x70, 0x76, 0x61, 0x72, 0x5f, 0x39, 0x39, 0x20, 0x3d, //      tmpvar_99 =
	0x20, 0x76, 0x5f, 0x63, 0x6f, 0x6c, 0x6f, 0x72, 0x30, 0x2e, 0x77, 0x77, 0x77, 0x3b, 0x0a, 0x20, //  v_color0.www;.
	0x20, 0x20, 0x20, 0x20, 0x20, 0x20, 0x20, 0x20, 0x20, 0x20, 0x20, 0x20, 0x20, 0x20, 0x20, 0x20, //
	0x20, 0x20, 0x20, 0x20, 0x20, 0x20, 0x20, 0x20, 0x20, 0x7d, 0x20, 0x65, 0x6c, 0x73, 0x65, 0x20, //          } else
	0x7b, 0x0a, 0x20, 0x20, 0x20, 0x20, 0x20, 0x20, 0x20, 0x20, 0x20, 0x20, 0x20, 0x20, 0x20, 0x20, // {.
	0x20, 0x20, 0x20, 0x20, 0x20, 0x20, 0x20, 0x20, 0x20, 0x20, 0x20, 0x20, 0x20, 0x20, 0x69, 0x66, //               if
	0x20, 0x28, 0x28, 0x75, 0x5f, 0x67, 0x78, 0x5f, 0x74, 0x65, 0x76, 0x5f, 0x63, 0x6f, 0x6c, 0x6f, //  ((u_gx_tev_colo
	0x72, 0x5f, 0x69, 0x6e, 0x32, 0x2e, 0x79, 0x20, 0x3c, 0x20, 0x31, 0x32, 0x2e, 0x35, 0x29, 0x29, // r_in2.y < 12.5))
	0x20, 0x7b, 0x0a, 0x20, 0x20, 0x20, 0x20, 0x20, 0x20, 0x20, 0x20, 0x20, 0x20, 0x20, 0x20, 0x20, //  {.
	0x20, 0x20, 0x20, 0x20, 0x20, 0x20, 0x20, 0x20, 0x20, 0x20, 0x20, 0x20, 0x20, 0x20, 0x20, 0x20, //
	0x20, 0x74, 0x6d, 0x70, 0x76, 0x61, 0x72, 0x5f, 0x39, 0x39, 0x20, 0x3d, 0x20, 0x76, 0x65, 0x63, //  tmpvar_99 = vec
	0x33, 0x28, 0x31, 0x2e, 0x30, 0x2c, 0x20, 0x31, 0x2e, 0x30, 0x2c, 0x20, 0x31, 0x2e, 0x30, 0x29, // 3(1.0, 1.0, 1.0)
	0x3b, 0x0a, 0x20, 0x20, 0x20, 0x20, 0x20, 0x20, 0x20, 0x20, 0x20, 0x20, 0x20, 0x20, 0x20, 0x20, // ;.
	0x20, 0x20, 0x20, 0x20, 0x20, 0x20, 0x20, 0x20, 0x20, 0x20, 0x20, 0x20, 0x20, 0x20, 0x7d, 0x20, //               }
	0x65, 0x6c, 0x73, 0x65, 0x20, 0x7b, 0x0a, 0x20, 0x20, 0x20, 0x20, 0x20, 0x20, 0x20, 0x20, 0x20, // else {.
	0x20, 0x20, 0x20, 0x20, 0x20, 0x20, 0x20, 0x20, 0x20, 0x20, 0x20, 0x20, 0x20, 0x20, 0x20, 0x20, //
	0x20, 0x20, 0x20, 0x20, 0x20, 0x69, 0x66, 0x20, 0x28, 0x28, 0x75, 0x5f, 0x67, 0x78, 0x5f, 0x74, //      if ((u_gx_t
	0x65, 0x76, 0x5f, 0x63, 0x6f, 0x6c, 0x6f, 0x72, 0x5f, 0x69, 0x6e, 0x32, 0x2e, 0x79, 0x20, 0x3c, // ev_color_in2.y <
	0x20, 0x31, 0x33, 0x2e, 0x35, 0x29, 0x29, 0x20, 0x7b, 0x0a, 0x20, 0x20, 0x20, 0x20, 0x20, 0x20, //  13.5)) {.
	0x20, 0x20, 0x20, 0x20, 0x20, 0x20, 0x20, 0x20, 0x20, 0x20, 0x20, 0x20, 0x20, 0x20, 0x20, 0x20, //
	0x20, 0x20, 0x20, 0x20, 0x20, 0x20, 0x20, 0x20, 0x20, 0x20, 0x74, 0x6d, 0x70, 0x76, 0x61, 0x72, //           tmpvar
	0x5f, 0x39, 0x39, 0x20, 0x3d, 0x20, 0x76, 0x65, 0x63, 0x33, 0x28, 0x30, 0x2e, 0x35, 0x30, 0x31, // _99 = vec3(0.501
	0x39, 0x36, 0x30, 0x38, 0x2c, 0x20, 0x30, 0x2e, 0x35, 0x30, 0x31, 0x39, 0x36, 0x30, 0x38, 0x2c, // 9608, 0.5019608,
	0x20, 0x30, 0x2e, 0x35, 0x30, 0x31, 0x39, 0x36, 0x30, 0x38, 0x29, 0x3b, 0x0a, 0x20, 0x20, 0x20, //  0.5019608);.
	0x20, 0x20, 0x20, 0x20, 0x20, 0x20, 0x20, 0x20, 0x20, 0x20, 0x20, 0x20, 0x20, 0x20, 0x20, 0x20, //
	0x20, 0x20, 0x20, 0x20, 0x20, 0x20, 0x20, 0x20, 0x20, 0x20, 0x20, 0x7d, 0x20, 0x65, 0x6c, 0x73, //            } els
	0x65, 0x20, 0x7b, 0x0a, 0x20, 0x20, 0x20, 0x20, 0x20, 0x20, 0x20, 0x20, 0x20, 0x20, 0x20, 0x20, // e {.
	0x20, 0x20, 0x20, 0x20, 0x20, 0x20, 0x20, 0x20, 0x20, 0x20, 0x20, 0x20, 0x20, 0x20, 0x20, 0x20, //
	0x20, 0x20, 0x20, 0x20, 0x69, 0x66, 0x20, 0x28, 0x28, 0x75, 0x5f, 0x67, 0x78, 0x5f, 0x74, 0x65, //     if ((u_gx_te
	0x76, 0x5f, 0x63, 0x6f, 0x6c, 0x6f, 0x72, 0x5f, 0x69, 0x6e, 0x32, 0x2e, 0x79, 0x20, 0x3c, 0x20, // v_color_in2.y <
	0x31, 0x34, 0x2e, 0x35, 0x29, 0x29, 0x20, 0x7b, 0x0a, 0x20, 0x20, 0x20, 0x20, 0x20, 0x20, 0x20, // 14.5)) {.
	0x20, 0x20, 0x20, 0x20, 0x20, 0x20, 0x20, 0x20, 0x20, 0x20, 0x20, 0x20, 0x20, 0x20, 0x20, 0x20, //
	0x20, 0x20, 0x20, 0x20, 0x20, 0x20, 0x20, 0x20, 0x20, 0x20, 0x20, 0x74, 0x6d, 0x70, 0x76, 0x61, //            tmpva
	0x72, 0x5f, 0x39, 0x39, 0x20, 0x3d, 0x20, 0x75, 0x5f, 0x67, 0x78, 0x5f, 0x74, 0x65, 0x76, 0x5f, // r_99 = u_gx_tev_
	0x6b, 0x6f, 0x6e, 0x73, 0x74, 0x32, 0x2e, 0x78, 0x79, 0x7a, 0x3b, 0x0a, 0x20, 0x20, 0x20, 0x20, // konst2.xyz;.
	0x20, 0x20, 0x20, 0x20, 0x20, 0x20, 0x20, 0x20, 0x20, 0x20, 0x20, 0x20, 0x20, 0x20, 0x20, 0x20, //
	0x20, 0x20, 0x20, 0x20, 0x20, 0x20, 0x20, 0x20, 0x20, 0x20, 0x20, 0x20, 0x7d, 0x20, 0x65, 0x6c, //             } el
	0x73, 0x65, 0x20, 0x7b, 0x0a, 0x20, 0x20, 0x20, 0x20, 0x20, 0x20, 0x20, 0x20, 0x20, 0x20, 0x20, // se {.
	0x20, 0x20, 0x20, 0x20, 0x20, 0x20, 0x20, 0x20, 0x20, 0x20, 0x20, 0x20, 0x20, 0x20, 0x20, 0x20, //
	0x20, 0x20, 0x20, 0x20, 0x20, 0x20, 0x20, 0x74, 0x6d, 0x70, 0x76, 0x61, 0x72, 0x5f, 0x39, 0x39, //        tmpvar_99
	0x20, 0x3d, 0x20, 0x76, 0x65, 0x63, 0x33, 0x28, 0x30, 0x2e, 0x30, 0x2c, 0x20, 0x30, 0x2e, 0x30, //  = vec3(0.0, 0.0
	0x2c, 0x20, 0x30, 0x2e, 0x30, 0x29, 0x3b, 0x0a, 0x20, 0x20, 0x20, 0x20, 0x20, 0x20, 0x20, 0x20, // , 0.0);.
	0x20, 0x20, 0x20, 0x20, 0x20, 0x20, 0x20, 0x20, 0x20, 0x20, 0x20, 0x20, 0x20, 0x20, 0x20, 0x20, //
	0x20, 0x20, 0x20, 0x20, 0x20, 0x20, 0x20, 0x20, 0x7d, 0x3b, 0x0a, 0x20, 0x20, 0x20, 0x20, 0x20, //         };.
	0x20, 0x20, 0x20, 0x20, 0x20, 0x20, 0x20, 0x20, 0x20, 0x20, 0x20, 0x20, 0x20, 0x20, 0x20, 0x20, //
	0x20, 0x20, 0x20, 0x20, 0x20, 0x20, 0x20, 0x20, 0x20, 0x7d, 0x3b, 0x0a, 0x20, 0x20, 0x20, 0x20, //          };.
	0x20, 0x20, 0x20, 0x20, 0x20, 0x20, 0x20, 0x20, 0x20, 0x20, 0x20, 0x20, 0x20, 0x20, 0x20, 0x20, //
	0x20, 0x20, 0x20, 0x20, 0x20, 0x20, 0x20, 0x20, 0x7d, 0x3b, 0x0a, 0x20, 0x20, 0x20, 0x20, 0x20, //         };.
	0x20, 0x20, 0x20, 0x20, 0x20, 0x20, 0x20, 0x20, 0x20, 0x20, 0x20, 0x20, 0x20, 0x20, 0x20, 0x20, //
	0x20, 0x20, 0x20, 0x20, 0x20, 0x7d, 0x3b, 0x0a, 0x20, 0x20, 0x20, 0x20, 0x20, 0x20, 0x20, 0x20, //      };.
	0x20, 0x20, 0x20, 0x20, 0x20, 0x20, 0x20, 0x20, 0x20, 0x20, 0x20, 0x20, 0x20, 0x20, 0x20, 0x20, //
	0x7d, 0x3b, 0x0a, 0x20, 0x20, 0x20, 0x20, 0x20, 0x20, 0x20, 0x20, 0x20, 0x20, 0x20, 0x20, 0x20, // };.
	0x20, 0x20, 0x20, 0x20, 0x20, 0x20, 0x20, 0x20, 0x20, 0x7d, 0x3b, 0x0a, 0x20, 0x20, 0x20, 0x20, //          };.
	0x20, 0x20, 0x20, 0x20, 0x20, 0x20, 0x20, 0x20, 0x20, 0x20, 0x20, 0x20, 0x20, 0x20, 0x20, 0x20, //
	0x7d, 0x3b, 0x0a, 0x20, 0x20, 0x20, 0x20, 0x20, 0x20, 0x20, 0x20, 0x20, 0x20, 0x20, 0x20, 0x20, // };.
	0x20, 0x20, 0x20, 0x20, 0x20, 0x7d, 0x3b, 0x0a, 0x20, 0x20, 0x20, 0x20, 0x20, 0x20, 0x20, 0x20, //      };.
	0x20, 0x20, 0x20, 0x20, 0x20, 0x20, 0x20, 0x20, 0x7d, 0x3b, 0x0a, 0x20, 0x20, 0x20, 0x20, 0x20, //         };.
	0x20, 0x20, 0x20, 0x20, 0x20, 0x20, 0x20, 0x20, 0x20, 0x7d, 0x3b, 0x0a, 0x20, 0x20, 0x20, 0x20, //          };.
	0x20, 0x20, 0x20, 0x20, 0x20, 0x20, 0x20, 0x20, 0x7d, 0x3b, 0x0a, 0x20, 0x20, 0x20, 0x20, 0x20, //         };.
	0x20, 0x20, 0x20, 0x20, 0x20, 0x7d, 0x3b, 0x0a, 0x20, 0x20, 0x20, 0x20, 0x20, 0x20, 0x20, 0x20, //      };.
	0x7d, 0x3b, 0x0a, 0x20, 0x20, 0x20, 0x20, 0x20, 0x20, 0x7d, 0x3b, 0x0a, 0x20, 0x20, 0x20, 0x20, // };.      };.
	0x7d, 0x3b, 0x0a, 0x20, 0x20, 0x20, 0x20, 0x76, 0x65, 0x63, 0x33, 0x20, 0x74, 0x6d, 0x70, 0x76, // };.    vec3 tmpv
	0x61, 0x72, 0x5f, 0x31, 0x30, 0x30, 0x3b, 0x0a, 0x20, 0x20, 0x20, 0x20, 0x69, 0x66, 0x20, 0x28, // ar_100;.    if (
	0x28, 0x75, 0x5f, 0x67, 0x78, 0x5f, 0x74, 0x65, 0x76, 0x5f, 0x63, 0x6f, 0x6c, 0x6f, 0x72, 0x5f, // (u_gx_tev_color_
	0x69, 0x6e, 0x32, 0x2e, 0x7a, 0x20, 0x3c, 0x20, 0x30, 0x2e, 0x35, 0x29, 0x29, 0x20, 0x7b, 0x0a, // in2.z < 0.5)) {.
	0x20, 0x20, 0x20, 0x20, 0x20, 0x20, 0x74, 0x6d, 0x70, 0x76, 0x61, 0x72, 0x5f, 0x31, 0x30, 0x30, //       tmpvar_100
	0x20, 0x3d, 0x20, 0x72, 0x65, 0x67, 0x30, 0x5f, 0x35, 0x2e, 0x78, 0x79, 0x7a, 0x3b, 0x0a, 0x20, //  = reg0_5.xyz;.
	0x20, 0x20, 0x20, 0x7d, 0x20, 0x65, 0x6c, 0x73, 0x65, 0x20, 0x7b, 0x0a, 0x20, 0x20, 0x20, 0x20, //    } else {.
	0x20, 0x20, 0x69, 0x66, 0x20, 0x28, 0x28, 0x75, 0x5f, 0x67, 0x78, 0x5f, 0x74, 0x65, 0x76, 0x5f, //   if ((u_gx_tev_
	0x63, 0x6f, 0x6c, 0x6f, 0x72, 0x5f, 0x69, 0x6e, 0x32, 0x2e, 0x7a, 0x20, 0x3c, 0x20, 0x31, 0x2e, // color_in2.z < 1.
	0x35, 0x29, 0x29, 0x20, 0x7b, 0x0a, 0x20, 0x20, 0x20, 0x20, 0x20, 0x20, 0x20, 0x20, 0x74, 0x6d, // 5)) {.        tm
	0x70, 0x76, 0x61, 0x72, 0x5f, 0x31, 0x30, 0x30, 0x20, 0x3d, 0x20, 0x72, 0x65, 0x67, 0x30, 0x5f, // pvar_100 = reg0_
	0x35, 0x2e, 0x77, 0x77, 0x77, 0x3b, 0x0a, 0x20, 0x20, 0x20, 0x20, 0x20, 0x20, 0x7d, 0x20, 0x65, // 5.www;.      } e
	0x6c, 0x73, 0x65, 0x20, 0x7b, 0x0a, 0x20, 0x20, 0x20, 0x20, 0x20, 0x20, 0x20, 0x20, 0x69, 0x66, // lse {.        if
	0x20, 0x28, 0x28, 0x75, 0x5f, 0x67, 0x78, 0x5f, 0x74, 0x65, 0x76, 0x5f, 0x63, 0x6f, 0x6c, 0x6f, //  ((u_gx_tev_colo
	0x72, 0x5f, 0x69, 0x6e, 0x32, 0x2e, 0x7a, 0x20, 0x3c, 0x20, 0x32, 0x2e, 0x35, 0x29, 0x29, 0x20, // r_in2.z < 2.5))
	0x7b, 0x0a, 0x20, 0x20, 0x20, 0x20, 0x20, 0x20, 0x20, 0x20, 0x20, 0x20, 0x74, 0x6d, 0x70, 0x76, // {.          tmpv
	0x61, 0x72, 0x5f, 0x31, 0x30, 0x30, 0x20, 0x3d, 0x20, 0x72, 0x65, 0x67, 0x31, 0x5f, 0x34, 0x2e, // ar_100 = reg1_4.
	0x78, 0x79, 0x7a, 0x3b, 0x0a, 0x20, 0x20, 0x20, 0x20, 0x20, 0x20, 0x20, 0x20, 0x7d, 0x20, 0x65, // xyz;.        } e
	0x6c, 0x73, 0x65, 0x20, 0x7b, 0x0a, 0x20, 0x20, 0x20, 0x20, 0x20, 0x20, 0x20, 0x20, 0x20, 0x20, // lse {.
	0x69, 0x66, 0x20, 0x28, 0x28, 0x75, 0x5f, 0x67, 0x78, 0x5f, 0x74, 0x65, 0x76, 0x5f, 0x63, 0x6f, // if ((u_gx_tev_co
	0x6c, 0x6f, 0x72, 0x5f, 0x69, 0x6e, 0x32, 0x2e, 0x7a, 0x20, 0x3c, 0x20, 0x33, 0x2e, 0x35, 0x29, // lor_in2.z < 3.5)
	0x29, 0x20, 0x7b, 0x0a, 0x20, 0x20, 0x20, 0x20, 0x20, 0x20, 0x20, 0x20, 0x20, 0x20, 0x20, 0x20, // ) {.
	0x74, 0x6d, 0x70, 0x76, 0x61, 0x72, 0x5f, 0x31, 0x30, 0x30, 0x20, 0x3d, 0x20, 0x72, 0x65, 0x67, // tmpvar_100 = reg
	0x31, 0x5f, 0x34, 0x2e, 0x77, 0x77, 0x77, 0x3b, 0x0a, 0x20, 0x20, 0x20, 0x20, 0x20, 0x20, 0x20, // 1_4.www;.
	0x20, 0x20, 0x20, 0x7d, 0x20, 0x65, 0x6c, 0x73, 0x65, 0x20, 0x7b, 0x0a, 0x20, 0x20, 0x20, 0x20, //    } else {.
	0x20, 0x20, 0x20, 0x20, 0x20, 0x20, 0x20, 0x20, 0x69, 0x66, 0x20, 0x28, 0x28, 0x75, 0x5f, 0x67, //         if ((u_g
	0x78, 0x5f, 0x74, 0x65, 0x76, 0x5f, 0x63, 0x6f, 0x6c, 0x6f, 0x72, 0x5f, 0x69, 0x6e, 0x32, 0x2e, // x_tev_color_in2.
	0x7a, 0x20, 0x3c, 0x20, 0x34, 0x2e, 0x35, 0x29, 0x29, 0x20, 0x7b, 0x0a, 0x20, 0x20, 0x20, 0x20, // z < 4.5)) {.
	0x20, 0x20, 0x20, 0x20, 0x20, 0x20, 0x20, 0x20, 0x20, 0x20, 0x74, 0x6d, 0x70, 0x76, 0x61, 0x72, //           tmpvar
	0x5f, 0x31, 0x30, 0x30, 0x20, 0x3d, 0x20, 0x72, 0x65, 0x67, 0x32, 0x5f, 0x33, 0x2e, 0x78, 0x79, // _100 = reg2_3.xy
	0x7a, 0x3b, 0x0a, 0x20, 0x20, 0x20, 0x20, 0x20, 0x20, 0x20, 0x20, 0x20, 0x20, 0x20, 0x20, 0x7d, // z;.            }
	0x20, 0x65, 0x6c, 0x73, 0x65, 0x20, 0x7b, 0x0a, 0x20, 0x20, 0x20, 0x20, 0x20, 0x20, 0x20, 0x20, //  else {.
	0x20, 0x20, 0x20, 0x20, 0x20, 0x20, 0x69, 0x66, 0x20, 0x28, 0x28, 0x75, 0x5f, 0x67, 0x78, 0x5f, //       if ((u_gx_
	0x74, 0x65, 0x76, 0x5f, 0x63, 0x6f, 0x6c, 0x6f, 0x72, 0x5f, 0x69, 0x6e, 0x32, 0x2e, 0x7a, 0x20, // tev_color_in2.z
	0x3c, 0x20, 0x35, 0x2e, 0x35, 0x29, 0x29, 0x20, 0x7b, 0x0a, 0x20, 0x20, 0x20, 0x20, 0x20, 0x20, // < 5.5)) {.
	0x20, 0x20, 0x20, 0x20, 0x20, 0x20, 0x20, 0x20, 0x20, 0x20, 0x74, 0x6d, 0x70, 0x76, 0x61, 0x72, //           tmpvar
	0x5f, 0x31, 0x30, 0x30, 0x20, 0x3d, 0x20, 0x72, 0x65, 0x67, 0x32, 0x5f, 0x33, 0x2e, 0x77, 0x77, // _100 = reg2_3.ww
	0x77, 0x3b, 0x0a, 0x20, 0x20, 0x20, 0x20, 0x20, 0x20, 0x20, 0x20, 0x20, 0x20, 0x20, 0x20, 0x20, // w;.
	0x20, 0x7d, 0x20, 0x65, 0x6c, 0x73, 0x65, 0x20, 0x7b, 0x0a, 0x20, 0x20, 0x20, 0x20, 0x20, 0x20, //  } else {.
	0x20, 0x20, 0x20, 0x20, 0x20, 0x20, 0x20, 0x20, 0x20, 0x20, 0x69, 0x66, 0x20, 0x28, 0x28, 0x75, //           if ((u
	0x5f, 0x67, 0x78, 0x5f, 0x74, 0x65, 0x76, 0x5f, 0x63, 0x6f, 0x6c, 0x6f, 0x72, 0x5f, 0x69, 0x6e, // _gx_tev_color_in
	0x32, 0x2e, 0x7a, 0x20, 0x3c, 0x20, 0x36, 0x2e, 0x35, 0x29, 0x29, 0x20, 0x7b, 0x0a, 0x20, 0x20, // 2.z < 6.5)) {.
	0x20, 0x20, 0x20, 0x20, 0x20, 0x20, 0x20, 0x20, 0x20, 0x20, 0x20, 0x20, 0x20, 0x20, 0x20, 0x20, //
	0x74, 0x6d, 0x70, 0x76, 0x61, 0x72, 0x5f, 0x31, 0x30, 0x30, 0x20, 0x3d, 0x20, 0x72, 0x65, 0x67, // tmpvar_100 = reg
	0x33, 0x5f, 0x32, 0x2e, 0x78, 0x79, 0x7a, 0x3b, 0x0a, 0x20, 0x20, 0x20, 0x20, 0x20, 0x20, 0x20, // 3_2.xyz;.
	0x20, 0x20, 0x20, 0x20, 0x20, 0x20, 0x20, 0x20, 0x20, 0x7d, 0x20, 0x65, 0x6c, 0x73, 0x65, 0x20, //          } else
	0x7b, 0x0a, 0x20, 0x20, 0x20, 0x20, 0x20, 0x20, 0x20, 0x20, 0x20, 0x20, 0x20, 0x20, 0x20, 0x20, // {.
	0x20, 0x20, 0x20, 0x20, 0x69, 0x66, 0x20, 0x28, 0x28, 0x75, 0x5f, 0x67, 0x78, 0x5f, 0x74, 0x65, //     if ((u_gx_te
	0x76, 0x5f, 0x63, 0x6f, 0x6c, 0x6f, 0x72, 0x5f, 0x69, 0x6e, 0x32, 0x2e, 0x7a, 0x20, 0x3c, 0x20, // v_color_in2.z <
	0x37, 0x2e, 0x35, 0x29, 0x29, 0x20, 0x7b, 0x0a, 0x20, 0x20, 0x20, 0x20, 0x20, 0x20, 0x20, 0x20, // 7.5)) {.
	0x20, 0x20, 0x20, 0x20, 0x20, 0x20, 0x20, 0x20, 0x20, 0x20, 0x20, 0x20, 0x74, 0x6d, 0x70, 0x76, //             tmpv
	0x61, 0x72, 0x5f, 0x31, 0x30, 0x30, 0x20, 0x3d, 0x20, 0x72, 0x65, 0x67, 0x33, 0x5f, 0x32, 0x2e, // ar_100 = reg3_2.
	0x77, 0x77, 0x77, 0x3b, 0x0a, 0x20, 0x20, 0x20, 0x20, 0x20, 0x20, 0x20, 0x20, 0x20, 0x20, 0x20, // www;.
	0x20, 0x20, 0x20, 0x20, 0x20, 0x20, 0x20, 0x7d, 0x20, 0x65, 0x6c, 0x73, 0x65, 0x20, 0x7b, 0x0a, //        } else {.
	0x20, 0x20, 0x20, 0x20, 0x20, 0x20, 0x20, 0x20, 0x20, 0x20, 0x20, 0x20, 0x20, 0x20, 0x20, 0x20, //
	0x20, 0x20, 0x20, 0x20, 0x69, 0x66, 0x20, 0x28, 0x28, 0x75, 0x5f, 0x67, 0x78, 0x5f, 0x74, 0x65, //     if ((u_gx_te
	0x76, 0x5f, 0x63, 0x6f, 0x6c, 0x6f, 0x72, 0x5f, 0x69, 0x6e, 0x32, 0x2e, 0x7a, 0x20, 0x3c, 0x20, // v_color_in2.z <
	0x38, 0x2e, 0x35, 0x29, 0x29, 0x20, 0x7b, 0x0a, 0x20, 0x20, 0x20, 0x20, 0x20, 0x20, 0x20, 0x20, // 8.5)) {.
	0x20, 0x20, 0x20, 0x20, 0x20, 0x20, 0x20, 0x20, 0x20, 0x20, 0x20, 0x20, 0x20, 0x20, 0x74, 0x6d, //               tm
	0x70, 0x76, 0x61, 0x72, 0x5f, 0x31, 0x30, 0x30, 0x20, 0x3d, 0x20, 0x74, 0x6d, 0x70, 0x76, 0x61, // pvar_100 = tmpva
	0x72, 0x5f, 0x39, 0x37, 0x2e, 0x78, 0x79, 0x7a, 0x3b, 0x0a, 0x20, 0x20, 0x20, 0x20, 0x20, 0x20, // r_97.xyz;.
	0x20, 0x20, 0x20, 0x20, 0x20, 0x20, 0x20, 0x20, 0x20, 0x20, 0x20, 0x20, 0x20, 0x20, 0x7d, 0x20, //               }
	0x65, 0x6c, 0x73, 0x65, 0x20, 0x7b, 0x0a, 0x20, 0x20, 0x20, 0x20, 0x20, 0x20, 0x20, 0x20, 0x20, // else {.
	0x20, 0x20, 0x20, 0x20, 0x20, 0x20, 0x20, 0x20, 0x20, 0x20, 0x20, 0x20, 0x20, 0x69, 0x66, 0x20, //              if
	0x28, 0x28, 0x75, 0x5f, 0x67, 0x78, 0x5f, 0x74, 0x65, 0x76, 0x5f, 0x63, 0x6f, 0x6c, 0x6f, 0x72, // ((u_gx_tev_color
	0x5f, 0x69, 0x6e, 0x32, 0x2e, 0x7a, 0x20, 0x3c, 0x20, 0x39, 0x2e, 0x35, 0x29, 0x29, 0x20, 0x7b, // _in2.z < 9.5)) {
	0x0a, 0x20, 0x20, 0x20, 0x20, 0x20, 0x20, 0x20, 0x20, 0x20, 0x20, 0x20, 0x20, 0x20, 0x20, 0x20, // .
	0x20, 0x20, 0x20, 0x20, 0x20, 0x20, 0x20, 0x20, 0x20, 0x74, 0x6d, 0x70, 0x76, 0x61, 0x72, 0x5f, //          tmpvar_
	0x31, 0x30, 0x30, 0x20, 0x3d, 0x20, 0x74, 0x6d, 0x70, 0x76, 0x61, 0x72, 0x5f, 0x39, 0x37, 0x2e, // 100 = tmpvar_97.
	0x77, 0x77, 0x77, 0x3b, 0x0a, 0x20, 0x20, 0x20, 0x20, 0x20, 0x20, 0x20, 0x20, 0x20, 0x20, 0x20, // www;.
	0x20, 0x20, 0x20, 0x20, 0x20, 0x20, 0x20, 0x20, 0x20, 0x20, 0x20, 0x7d, 0x20, 0x65, 0x6c, 0x73, //            } els
	0x65, 0x20, 0x7b, 0x0a, 0x20, 0x20, 0x20, 0x20, 0x20, 0x20, 0x20, 0x20, 0x20, 0x20, 0x20, 0x20, // e {.
	0x20, 0x20, 0x20, 0x20, 0x20, 0x20, 0x20, 0x20, 0x20, 0x20, 0x20, 0x20, 0x69, 0x66, 0x20, 0x28, //             if (
	0x28, 0x75, 0x5f, 0x67, 0x78, 0x5f, 0x74, 0x65, 0x76, 0x5f, 0x63, 0x6f, 0x6c, 0x6f, 0x72, 0x5f, // (u_gx_tev_color_
	0x69, 0x6e, 0x32, 0x2e, 0x7a, 0x20, 0x3c, 0x20, 0x31, 0x30, 0x2e, 0x35, 0x29, 0x29, 0x20, 0x7b, // in2.z < 10.5)) {
	0x0a, 0x20, 0x20, 0x20, 0x20, 0x20, 0x20, 0x20, 0x20, 0x20, 0x20, 0x20, 0x20, 0x20, 0x20, 0x20, // .
	0x20, 0x20, 0x20, 0x20, 0x20, 0x20, 0x20, 0x20, 0x20, 0x20, 0x20, 0x74, 0x6d, 0x70, 0x76, 0x61, //            tmpva
	0x72, 0x5f, 0x31, 0x30, 0x30, 0x20, 0x3d, 0x20, 0x76, 0x5f, 0x63, 0x6f, 0x6c, 0x6f, 0x72, 0x30, // r_100 = v_color0
	0x2e, 0x78, 0x79, 0x7a, 0x3b, 0x0a, 0x20, 0x20, 0x20, 0x20, 0x20, 0x20, 0x20, 0x20, 0x20, 0x20, // .xyz;.
	0x20, 0x20, 0x20, 0x20, 0x20, 0x20, 0x20, 0x20, 0x20, 0x20, 0x20, 0x20, 0x20, 0x20, 0x7d, 0x20, //               }
	0x65, 0x6c, 0x73, 0x65, 0x20, 0x7b, 0x0a, 0x20, 0x20, 0x20, 0x20, 0x20, 0x20, 0x20, 0x20, 0x20, // else {.
	0x20, 0x20, 0x20, 0x20, 0x20, 0x20, 0x20, 0x20, 0x20, 0x20, 0x20, 0x20, 0x20, 0x20, 0x20, 0x20, //
	0x20, 0x69, 0x66, 0x20, 0x28, 0x28, 0x75, 0x5f, 0x67, 0x78, 0x5f, 0x74, 0x65, 0x76, 0x5f, 0x63, //  if ((u_gx_tev_c
	0x6f, 0x6c, 0x6f, 0x72, 0x5f, 0x69, 0x6e, 0x32, 0x2e, 0x7a, 0x20, 0x3c, 0x20, 0x31, 0x31, 0x2e, // olor_in2.z < 11.
	0x35, 0x29, 0x29, 0x20, 0x7b, 0x0a, 0x20, 0x20, 0x20, 0x20, 0x20, 0x20, 0x20, 0x20, 0x20, 0x20, // 5)) {.
	0x20, 0x20, 0x20, 0x20, 0x20, 0x20, 0x20, 0x20, 0x20, 0x20, 0x20, 0x20, 0x20, 0x20, 0x20, 0x20, //
	0x20, 0x20, 0x74, 0x6d, 0x70, 0x76, 0x61, 0x72, 0x5f, 0x31, 0x30, 0x30, 0x20, 0x3d, 0x20, 0x76, //   tmpvar_100 = v
	0x5f, 0x63, 0x6f, 0x6c, 0x6f, 0x72, 0x30, 0x2e, 0x77, 0x77, 0x77, 0x3b, 0x0a, 0x20, 0x20, 0x20, // _color0.www;.
	0x20, 0x20, 0x20, 0x20, 0x20, 0x20, 0x20, 0x20, 0x20, 0x20, 0x20, 0x20, 0x20, 0x20, 0x20, 0x20, //
	0x20, 0x20, 0x20, 0x20, 0x20, 0x20, 0x20, 0x7d, 0x20, 0x65, 0x6c, 0x73, 0x65, 0x20, 0x7b, 0x0a, //        } else {.
	0x20, 0x20, 0x20, 0x20, 0x20, 0x20, 0x20, 0x20, 0x20, 0x20, 0x20, 0x20, 0x20, 0x20, 0x20, 0x20, //
	0x20, 0x20, 0x20, 0x20, 0x20, 0x20, 0x20, 0x20, 0x20, 0x20, 0x20, 0x20, 0x69, 0x66, 0x20, 0x28, //             if (
	0x28, 0x75, 0x5f, 0x67, 0x78, 0x5f, 0x74, 0x65, 0x76, 0x5f, 0x63, 0x6f, 0x6c, 0x6f, 0x72, 0x5f, // (u_gx_tev_color_
	0x69, 0x6e, 0x32, 0x2e, 0x7a, 0x20, 0x3c, 0x20, 0x31, 0x32, 0x2e, 0x35, 0x29, 0x29, 0x20, 0x7b, // in2.z < 12.5)) {
	0x0a, 0x20, 0x20, 0x20, 0x20, 0x20, 0x20, 0x20, 0x20, 0x20, 0x20, 0x20, 0x20, 0x20, 0x20, 0x20, // .
	0x20, 0x20, 0x20, 0x20, 0x20, 0x20, 0x20, 0x20, 0x20, 0x20, 0x20, 0x20, 0x20, 0x20, 0x20, 0x74, //                t
	0x6d, 0x70, 0x76, 0x61, 0x72, 0x5f, 0x31, 0x30, 0x30, 0x20, 0x3d, 0x20, 0x76, 0x65, 0x63, 0x33, // mpvar_100 = vec3
	0x28, 0x31, 0x2e, 0x30, 0x2c, 0x20, 0x31, 0x2e, 0x30, 0x2c, 0x20, 0x31, 0x2e, 0x30, 0x29, 0x3b, // (1.0, 1.0, 1.0);
	0x0a, 0x20, 0x20, 0x20, 0x20, 0x20, 0x20, 0x20, 0x20, 0x20, 0x20, 0x20, 0x20, 0x20, 0x20, 0x20, // .
	0x20, 0x20, 0x20, 0x20, 0x20, 0x20, 0x20, 0x20, 0x20, 0x20, 0x20, 0x20, 0x20, 0x7d, 0x20, 0x65, //              } e
	0x6c, 0x73, 0x65, 0x20, 0x7b, 0x0a, 0x20, 0x20, 0x20, 0x20, 0x20, 0x20, 0x20, 0x20, 0x20, 0x20, // lse {.
	0x20, 0x20, 0x20, 0x20, 0x20, 0x20, 0x20, 0x20, 0x20, 0x20, 0x20, 0x20, 0x20, 0x20, 0x20, 0x20, //
	0x20, 0x20, 0x20, 0x20, 0x69, 0x66, 0x20, 0x28, 0x28, 0x75, 0x5f, 0x67, 0x78, 0x5f, 0x74, 0x65, //     if ((u_gx_te
	0x76, 0x5f, 0x63, 0x6f, 0x6c, 0x6f, 0x72, 0x5f, 0x69, 0x6e, 0x32, 0x2e, 0x7a, 0x20, 0x3c, 0x20, // v_color_in2.z <
	0x31, 0x33, 0x2e, 0x35, 0x29, 0x29, 0x20, 0x7b, 0x0a, 0x20, 0x20, 0x20, 0x20, 0x20, 0x20, 0x20, // 13.5)) {.
	0x20, 0x20, 0x20, 0x20, 0x20, 0x20, 0x20, 0x20, 0x20, 0x20, 0x20, 0x20, 0x20, 0x20, 0x20, 0x20, //
	0x20, 0x20, 0x20, 0x20, 0x20, 0x20, 0x20, 0x20, 0x20, 0x74, 0x6d, 0x70, 0x76, 0x61, 0x72, 0x5f, //          tmpvar_
	0x31, 0x30, 0x30, 0x20, 0x3d, 0x20, 0x76, 0x65, 0x63, 0x33, 0x28, 0x30, 0x2e, 0x35, 0x30, 0x31, // 100 = vec3(0.501
	0x39, 0x36, 0x30, 0x38, 0x2c, 0x20, 0x30, 0x2e, 0x35, 0x30, 0x31, 0x39, 0x36, 0x30, 0x38, 0x2c, // 9608, 0.5019608,
	0x20, 0x30, 0x2e, 0x35, 0x30, 0x31, 0x39, 0x36, 0x30, 0x38, 0x29, 0x3b, 0x0a, 0x20, 0x20, 0x20, //  0.5019608);.
	0x20, 0x20, 0x20, 0x20, 0x20, 0x20, 0x20, 0x20, 0x20, 0x20, 0x20, 0x20, 0x20, 0x20, 0x20, 0x20, //
	0x20, 0x20, 0x20, 0x20, 0x20, 0x20, 0x20, 0x20, 0x20, 0x20, 0x20, 0x7d, 0x20, 0x65, 0x6c, 0x73, //            } els
	0x65, 0x20, 0x7b, 0x0a, 0x20, 0x20, 0x20, 0x20, 0x20, 0x20, 0x20, 0x20, 0x20, 0x20, 0x20, 0x20, // e {.
	0x20, 0x20, 0x20, 0x20, 0x20, 0x20, 0x20, 0x20, 0x20, 0x20, 0x20, 0x20, 0x20, 0x20, 0x20, 0x20, //
	0x20, 0x20, 0x20, 0x20, 0x69, 0x66, 0x20, 0x28, 0x28, 0x75, 0x5f, 0x67, 0x78, 0x5f, 0x74, 0x65, //     if ((u_gx_te
	0x76, 0x5f, 0x63, 0x6f, 0x6c, 0x6f, 0x72, 0x5f, 0x69, 0x6e, 0x32, 0x2e, 0x7a, 0x20, 0x3c, 0x20, // v_color_in2.z <
	0x31, 0x34, 0x2e, 0x35, 0x29, 0x29, 0x20, 0x7b, 0x0a, 0x20, 0x20, 0x20, 0x20, 0x20, 0x20, 0x20, // 14.5)) {.
	0x20, 0x20, 0x20, 0x20, 0x20, 0x20, 0x20, 0x20, 0x20, 0x20, 0x20, 0x20, 0x20, 0x20, 0x20, 0x20, //
	0x20, 0x20, 0x20, 0x20, 0x20, 0x20, 0x20, 0x20, 0x20, 0x20, 0x20, 0x74, 0x6d, 0x70, 0x76, 0x61, //            tmpva
	0x72, 0x5f, 0x31, 0x30, 0x30, 0x20, 0x3d, 0x20, 0x75, 0x5f, 0x67, 0x78, 0x5f, 0x74, 0x65, 0x76, // r_100 = u_gx_tev
	0x5f, 0x6b, 0x6f, 0x6e, 0x73, 0x74, 0x32, 0x2e, 0x78, 0x79, 0x7a, 0x3b, 0x0a, 0x20, 0x20, 0x20, // _konst2.xyz;.
	0x20, 0x20, 0x20, 0x20, 0x20, 0x20, 0x20, 0x20, 0x20, 0x20, 0x20, 0x20, 0x20, 0x20, 0x20, 0x20, //
	0x20, 0x20, 0x20, 0x20, 0x20, 0x20, 0x20, 0x20, 0x20, 0x20, 0x20, 0x20, 0x20, 0x7d, 0x20, 0x65, //              } e
	0x6c, 0x73, 0x65, 0x20, 0x7b, 0x0a, 0x20, 0x20, 0x20, 0x20, 0x20, 0x20, 0x20, 0x20, 0x20, 0x20, // lse {.
	0x20, 0x20, 0x20, 0x20, 0x20, 0x20, 0x20, 0x20, 0x20, 0x20, 0x20, 0x20, 0x20, 0x20, 0x20, 0x20, //
	0x20, 0x20, 0x20, 0x20, 0x20, 0x20, 0x20, 0x20, 0x74, 0x6d, 0x70, 0x76, 0x61, 0x72, 0x5f, 0x31, //         tmpvar_1
	0x30, 0x30, 0x20, 0x3d, 0x20, 0x76, 0x65, 0x63, 0x33, 0x28, 0x30, 0x2e, 0x30, 0x2c, 0x20, 0x30, // 00 = vec3(0.0, 0
	0x2e, 0x30, 0x2c, 0x20, 0x30, 0x2e, 0x30, 0x29, 0x3b, 0x0a, 0x20, 0x20, 0x20, 0x20, 0x20, 0x20, // .0, 0.0);.
	0x20, 0x20, 0x20, 0x20, 0x20, 0x20, 0x20, 0x20, 0x20, 0x20, 0x20, 0x20, 0x20, 0x20, 0x20, 0x20, //
	0x20, 0x20, 0x20, 0x20, 0x20, 0x20, 0x20, 0x20, 0x20, 0x20, 0x7d, 0x3b, 0x0a, 0x20, 0x20, 0x20, //           };.
	0x20, 0x20, 0x20, 0x20, 0x20, 0x20, 0x20, 0x20, 0x20, 0x20, 0x20, 0x20, 0x20, 0x20, 0x20, 0x20, //
	0x20, 0x20, 0x20, 0x20, 0x20, 0x20, 0x20, 0x20, 0x20, 0x20, 0x20, 0x7d, 0x3b, 0x0a, 0x20, 0x20, //            };.
	0x20, 0x20, 0x20, 0x20, 0x20, 0x20, 0x20, 0x20, 0x20, 0x20, 0x20, 0x20, 0x20, 0x20, 0x20, 0x20, //
	0x20, 0x20, 0x20, 0x20, 0x20, 0x20, 0x20, 0x20, 0x20, 0x20, 0x7d, 0x3b, 0x0a, 0x20, 0x20, 0x20, //           };.
	0x20, 0x20, 0x20, 0x20, 0x20, 0x20, 0x20, 0x20, 0x20, 0x20, 0x20, 0x20, 0x20, 0x20, 0x20, 0x20, //
	0x20, 0x20, 0x20, 0x20, 0x20, 0x20, 0x20, 0x7d, 0x3b, 0x0a, 0x20, 0x20, 0x20, 0x20, 0x20, 0x20, //        };.
	0x20, 0x20, 0x20, 0x20, 0x20, 0x20, 0x20, 0x20, 0x20, 0x20, 0x20, 0x20, 0x20, 0x20, 0x20, 0x20, //
	0x20, 0x20, 0x7d, 0x3b, 0x0a, 0x20, 0x20, 0x20, 0x20, 0x20, 0x20, 0x20, 0x20, 0x20, 0x20, 0x20, //   };.
	0x20, 0x20, 0x20, 0x20, 0x20, 0x20, 0x20, 0x20, 0x20, 0x20, 0x20, 0x7d, 0x3b, 0x0a, 0x20, 0x20, //            };.
	0x20, 0x20, 0x20, 0x20, 0x20, 0x20, 0x20, 0x20, 0x20, 0x20, 0x20, 0x20, 0x20, 0x20, 0x20, 0x20, //
	0x20, 0x20, 0x7d, 0x3b, 0x0a, 0x20, 0x20, 0x20, 0x20, 0x20, 0x20, 0x20, 0x20, 0x20, 0x20, 0x20, //   };.
	0x20, 0x20, 0x20, 0x20, 0x20, 0x20, 0x20, 0x7d, 0x3b, 0x0a, 0x20, 0x20, 0x20, 0x20, 0x20, 0x20, //        };.
	0x20, 0x20, 0x20, 0x20, 0x20, 0x20, 0x20, 0x20, 0x20, 0x20, 0x7d, 0x3b, 0x0a, 0x20, 0x20, 0x20, //           };.
	0x20, 0x20, 0x20, 0x20, 0x20, 0x20, 0x20, 0x20, 0x20, 0x20, 0x20, 0x7d, 0x3b, 0x0a, 0x20, 0x20, //            };.
	0x20, 0x20, 0x20, 0x20, 0x20, 0x20, 0x20, 0x20, 0x20, 0x20, 0x7d, 0x3b, 0x0a, 0x20, 0x20, 0x20, //           };.
	0x20, 0x20, 0x20, 0x20, 0x20, 0x20, 0x20, 0x7d, 0x3b, 0x0a, 0x20, 0x20, 0x20, 0x20, 0x20, 0x20, //        };.
	0x20, 0x20, 0x7d, 0x3b, 0x0a, 0x20, 0x20, 0x20, 0x20, 0x20, 0x20, 0x7d, 0x3b, 0x0a, 0x20, 0x20, //   };.      };.
	0x20, 0x20, 0x7d, 0x3b, 0x0a, 0x20, 0x20, 0x20, 0x20, 0x76, 0x65, 0x63, 0x33, 0x20, 0x74, 0x6d, //   };.    vec3 tm
	0x70, 0x76, 0x61, 0x72, 0x5f, 0x31, 0x30, 0x31, 0x3b, 0x0a, 0x20, 0x20, 0x20, 0x20, 0x69, 0x66, // pvar_101;.    if
	0x20, 0x28, 0x28, 0x75, 0x5f, 0x67, 0x78, 0x5f, 0x74, 0x65, 0x76, 0x5f, 0x63, 0x6f, 0x6c, 0x6f, //  ((u_gx_tev_colo
	0x72, 0x5f, 0x69, 0x6e, 0x32, 0x2e, 0x77, 0x20, 0x3c, 0x20, 0x30, 0x2e, 0x35, 0x29, 0x29, 0x20, // r_in2.w < 0.5))
	0x7b, 0x0a, 0x20, 0x20, 0x20, 0x20, 0x20, 0x20, 0x74, 0x6d, 0x70, 0x76, 0x61, 0x72, 0x5f, 0x31, // {.      tmpvar_1
	0x30, 0x31, 0x20, 0x3d, 0x20, 0x72, 0x65, 0x67, 0x30, 0x5f, 0x35, 0x2e, 0x78, 0x79, 0x7a, 0x3b, // 01 = reg0_5.xyz;
	0x0a, 0x20, 0x20, 0x20, 0x20, 0x7d, 0x20, 0x65, 0x6c, 0x73, 0x65, 0x20, 0x7b, 0x0a, 0x20, 0x20, // .    } else {.
	0x20, 0x20, 0x20, 0x20, 0x69, 0x66, 0x20, 0x28, 0x28, 0x75, 0x5f, 0x67, 0x78, 0x5f, 0x74, 0x65, //     if ((u_gx_te
	0x76, 0x5f, 0x63, 0x6f, 0x6c, 0x6f, 0x72, 0x5f, 0x69, 0x6e, 0x32, 0x2e, 0x77, 0x20, 0x3c, 0x20, // v_color_in2.w <
	0x31, 0x2e, 0x35, 0x29, 0x29, 0x20, 0x7b, 0x0a, 0x20, 0x20, 0x20, 0x20, 0x20, 0x20, 0x20, 0x20, // 1.5)) {.
	0x74, 0x6d, 0x70, 0x76, 0x61, 0x72, 0x5f, 0x31, 0x30, 0x31, 0x20, 0x3d, 0x20, 0x72, 0x65, 0x67, // tmpvar_101 = reg
	0x30, 0x5f, 0x35, 0x2e, 0x77, 0x77, 0x77, 0x3b, 0x0a, 0x20, 0x20, 0x20, 0x20, 0x20, 0x20, 0x7d, // 0_5.www;.      }
	0x20, 0x65, 0x6c, 0x73, 0x65, 0x20, 0x7b, 0x0a, 0x20, 0x20, 0x20, 0x20, 0x20, 0x20, 0x20, 0x20, //  else {.
	0x69, 0x66, 0x20, 0x28, 0x28, 0x75, 0x5f, 0x67, 0x78, 0x5f, 0x74, 0x65, 0x76, 0x5f, 0x63, 0x6f, // if ((u_gx_tev_co
	0x6c, 0x6f, 0x72, 0x5f, 0x69, 0x6e, 0x32, 0x2e, 0x77, 0x20, 0x3c, 0x20, 0x32, 0x2e, 0x35, 0x29, // lor_in2.w < 2.5)
	0x29, 0x20, 0x7b, 0x0a, 0x20, 0x20, 0x20, 0x20, 0x20, 0x20, 0x20, 0x20, 0x20, 0x20, 0x74, 0x6d, // ) {.          tm
	0x70, 0x76, 0x61, 0x72, 0x5f, 0x31, 0x30, 0x31, 0x20, 0x3d, 0x20, 0x72, 0x65, 0x67, 0x31, 0x5f, // pvar_101 = reg1_
	0x34, 0x2e, 0x78, 0x79, 0x7a, 0x3b, 0x0a, 0x20, 0x20, 0x20, 0x20, 0x20, 0x20, 0x20, 0x20, 0x7d, // 4.xyz;.        }
	0x20, 0x65, 0x6c, 0x73, 0x65, 0x20, 0x7b, 0x0a, 0x20, 0x20, 0x20, 0x20, 0x20, 0x20, 0x20, 0x20, //  else {.
	0x20, 0x20, 0x69, 0x66, 0x20, 0x28, 0x28, 0x75, 0x5f, 0x67, 0x78, 0x5f, 0x74, 0x65, 0x76, 0x5f, //   if ((u_gx_tev_
	0x63, 0x6f, 0x6c, 0x6f, 0x72, 0x5f, 0x69, 0x6e, 0x32, 0x2e, 0x77, 0x20, 0x3c, 0x20, 0x33, 0x2e, // color_in2.w < 3.
	0x35, 0x29, 0x29, 0x20, 0x7b, 0x0a, 0x20, 0x20, 0x20, 0x20, 0x20, 0x20, 0x20, 0x20, 0x20, 0x20, // 5)) {.
	0x20, 0x20, 0x74, 0x6d, 0x70, 0x76, 0x61, 0x72, 0x5f, 0x31, 0x30, 0x31, 0x20, 0x3d, 0x20, 0x72, //   tmpvar_101 = r
	0x65, 0x67, 0x31, 0x5f, 0x34, 0x2e, 0x77, 0x77, 0x77, 0x3b, 0x0a, 0x20, 0x20, 0x20, 0x20, 0x20, // eg1_4.www;.
	0x20, 0x20, 0x20, 0x20, 0x20, 0x7d, 0x20, 0x65, 0x6c, 0x73, 0x65, 0x20, 0x7b, 0x0a, 0x20, 0x20, //      } else {.
	0x20, 0x20, 0x20, 0x20, 0x20, 0x20, 0x20, 0x20, 0x20, 0x20, 0x69, 0x66, 0x20, 0x28, 0x28, 0x75, //           if ((u
	0x5f, 0x67, 0x78, 0x5f, 0x74, 0x65, 0x76, 0x5f, 0x63, 0x6f, 0x6c, 0x6f, 0x72, 0x5f, 0x69, 0x6e, // _gx_tev_color_in
	0x32, 0x2e, 0x77, 0x20, 0x3c, 0x20, 0x34, 0x2e, 0x35, 0x29, 0x29, 0x20, 0x7b, 0x0a, 0x20, 0x20, // 2.w < 4.5)) {.
	0x20, 0x20, 0x20, 0x20, 0x20, 0x20, 0x20, 0x20, 0x20, 0x20, 0x20, 0x20, 0x74, 0x6d, 0x70, 0x76, //             tmpv
	0x61, 0x72, 0x5f, 0x31, 0x30, 0x31, 0x20, 0x3d, 0x20, 0x72, 0x65, 0x67, 0x32, 0x5f, 0x33, 0x2e, // ar_101 = reg2_3.
	0x78, 0x79, 0x7a, 0x3b, 0x0a, 0x20, 0x20, 0x20, 0x20, 0x20, 0x20, 0x20, 0x20, 0x20, 0x20, 0x20, // xyz;.
	0x20, 0x7d, 0x20, 0x65, 0x6c, 0x73, 0x65, 0x20, 0x7b, 0x0a, 0x20, 0x20, 0x20, 0x20, 0x20, 0x20, //  } else {.
	0x20, 0x20, 0x20, 0x20, 0x20, 0x20, 0x20, 0x20, 0x69, 0x66, 0x20, 0x28, 0x28, 0x75, 0x5f, 0x67, //         if ((u_g
	0x78, 0x5f, 0x74, 0x65, 0x76, 0x5f, 0x63, 0x6f, 0x6c, 0x6f, 0x72, 0x5f, 0x69, 0x6e, 0x32, 0x2e, // x_tev_color_in2.
	0x77, 0x20, 0x3c, 0x20, 0x35, 0x2e, 0x35, 0x29, 0x29, 0x20, 0x7b, 0x0a, 0x20, 0x20, 0x20, 0x20, // w < 5.5)) {.
	0x20, 0x20, 0x20, 0x20, 0x20, 0x20, 0x20, 0x20, 0x20, 0x20, 0x20, 0x20, 0x74, 0x6d, 0x70, 0x76, //             tmpv
	0x61, 0x72, 0x5f, 0x31, 0x30, 0x31, 0x20, 0x3d, 0x20, 0x72, 0x65, 0x67, 0x32, 0x5f, 0x33, 0x2e, // ar_101 = reg2_3.
	0x77, 0x77, 0x77, 0x3b, 0x0a, 0x20, 0x20, 0x20, 0x20, 0x20, 0x20, 0x20, 0x20, 0x20, 0x20, 0x20, // www;.
	0x20, 0x20, 0x20, 0x7d, 0x20, 0x65, 0x6c, 0x73, 0x65, 0x20, 0x7b, 0x0a, 0x20, 0x20, 0x20, 0x20, //    } else {.
	0x20, 0x20, 0x20, 0x20, 0x20, 0x20, 0x20, 0x20, 0x20, 0x20, 0x20, 0x20, 0x69, 0x66, 0x20, 0x28, //             if (
	0x28, 0x75, 0x5f, 0x67, 0x78, 0x5f, 0x74, 0x65, 0x76, 0x5f, 0x63, 0x6f, 0x6c, 0x6f, 0x72, 0x5f, // (u_gx_tev_color_
	0x69, 0x6e, 0x32, 0x2e, 0x77, 0x20, 0x3c, 0x20, 0x36, 0x2e, 0x35, 0x29, 0x29, 0x20, 0x7b, 0x0a, // in2.w < 6.5)) {.
	0x20, 0x20, 0x20, 0x20, 0x20, 0x20, 0x20, 0x20, 0x20, 0x20, 0x20, 0x20, 0x20, 0x20, 0x20, 0x20, //
	0x20, 0x20, 0x74, 0x6d, 0x70, 0x76, 0x61, 0x72, 0x5f, 0x31, 0x30, 0x31, 0x20, 0x3d, 0x20, 0x72, //   tmpvar_101 = r
	0x65, 0x67, 0x33, 0x5f, 0x32, 0x2e, 0x78, 0x79, 0x7a, 0x3b, 0x0a, 0x20, 0x20, 0x20, 0x20, 0x20, // eg3_2.xyz;.
	0x20, 0x20, 0x20, 0x20, 0x20, 0x20, 0x20, 0x20, 0x20, 0x20, 0x20, 0x7d, 0x20, 0x65, 0x6c, 0x73, //            } els
	0x65, 0x20, 0x7b, 0x0a, 0x20, 0x20, 0x20, 0x20, 0x20, 0x20, 0x20, 0x20, 0x20, 0x20, 0x20, 0x20, // e {.
	0x20, 0x20, 0x20, 0x20, 0x20, 0x20, 0x69, 0x66, 0x20, 0x28, 0x28, 0x75, 0x5f, 0x67, 0x78, 0x5f, //       if ((u_gx_
	0x74, 0x65, 0x76, 0x5f, 0x63, 0x6f, 0x6c, 0x6f, 0x72, 0x5f, 0x69, 0x6e, 0x32, 0x2e, 0x77, 0x20, // tev_color_in2.w
	0x3c, 0x20, 0x37, 0x2e, 0x35, 0x29, 0x29, 0x20, 0x7b, 0x0a, 0x20, 0x20, 0x20, 0x20, 0x20, 0x20, // < 7.5)) {.
	0x20, 0x20, 0x20, 0x20, 0x20, 0x20, 0x20, 0x20, 0x20, 0x20, 0x20, 0x20, 0x20, 0x20, 0x74, 0x6d, //               tm
	0x70, 0x76, 0x61, 0x72, 0x5f, 0x31, 0x30, 0x31, 0x20, 0x3d, 0x20, 0x72, 0x65, 0x67, 0x33, 0x5f, // pvar_101 = reg3_
	0x32, 0x2e, 0x77, 0x77, 0x77, 0x3b, 0x0a, 0x20, 0x20, 0x20, 0x20, 0x20, 0x20, 0x20, 0x20, 0x20, // 2.www;.
	0x20, 0x20, 0x20, 0x20, 0x20, 0x20, 0x20, 0x20, 0x20, 0x7d, 0x20, 0x65, 0x6c, 0x73, 0x65, 0x20, //          } else
	0x7b, 0x0a, 0x20, 0x20, 0x20, 0x20, 0x20, 0x20, 0x20, 0x20, 0x20, 0x20, 0x20, 0x20, 0x20, 0x20, // {.
	0x20, 0x20, 0x20, 0x20, 0x20, 0x20, 0x69, 0x66, 0x20, 0x28, 0x28, 0x75, 0x5f, 0x67, 0x78, 0x5f, //       if ((u_gx_
	0x74, 0x65, 0x76, 0x5f, 0x63, 0x6f, 0x6c, 0x6f, 0x72, 0x5f, 0x69, 0x6e, 0x32, 0x2e, 0x77, 0x20, // tev_color_in2.w
	0x3c, 0x20, 0x38, 0x2e, 0x35, 0x29, 0x29, 0x20, 0x7b, 0x0a, 0x20, 0x20, 0x20, 0x20, 0x20, 0x20, // < 8.5)) {.
	0x20, 0x20, 0x20, 0x20, 0x20, 0x20, 0x20, 0x20, 0x20, 0x20, 0x20, 0x20, 0x20, 0x20, 0x20, 0x20, //
	0x74, 0x6d, 0x70, 0x76, 0x61, 0x72, 0x5f, 0x31, 0x30, 0x31, 0x20, 0x3d, 0x20, 0x74, 0x6d, 0x70, // tmpvar_101 = tmp
	0x76, 0x61, 0x72, 0x5f, 0x39, 0x37, 0x2e, 0x78, 0x79, 0x7a, 0x3b, 0x0a, 0x20, 0x20, 0x20, 0x20, // var_97.xyz;.
	0x20, 0x20, 0x20, 0x20, 0x20, 0x20, 0x20, 0x20, 0x20, 0x20, 0x20, 0x20, 0x20, 0x20, 0x20, 0x20, //
	0x7d, 0x20, 0x65, 0x6c, 0x73, 0x65, 0x20, 0x7b, 0x0a, 0x20, 0x20, 0x20, 0x20, 0x20, 0x20, 0x20, // } else {.
	0x20, 0x20, 0x20, 0x20, 0x20, 0x20, 0x20, 0x20, 0x20, 0x20, 0x20, 0x20, 0x20, 0x20, 0x20, 0x69, //                i
	0x66, 0x20, 0x28, 0x28, 0x75, 0x5f, 0x67, 0x78, 0x5f, 0x74, 0x65, 0x76, 0x5f, 0x63, 0x6f, 0x6c, // f ((u_gx_tev_col
	0x6f, 0x72, 0x5f, 0x69, 0x6e, 0x32, 0x2e, 0x77, 0x20, 0x3c, 0x20, 0x39, 0x2e, 0x35, 0x29, 0x29, // or_in2.w < 9.5))
	0x20, 0x7b, 0x0a, 0x20, 0x20, 0x20, 0x20, 0x20, 0x20, 0x20, 0x20, 0x20, 0x20, 0x20, 0x20, 0x20, //  {.
	0x20, 0x20, 0x20, 0x20, 0x20, 0x20, 0x20, 0x20, 0x20, 0x20, 0x20, 0x74, 0x6d, 0x70, 0x76, 0x61, //            tmpva
	0x72, 0x5f, 0x31, 0x30, 0x31, 0x20, 0x3d, 0x20, 0x74, 0x6d, 0x70, 0x76, 0x61, 0x72, 0x5f, 0x39, // r_101 = tmpvar_9
	0x37, 0x2e, 0x77, 0x77, 0x77, 0x3b, 0x0a, 0x20, 0x20, 0x20, 0x20, 0x20, 0x20, 0x20, 0x20, 0x20, // 7.www;.
	0x20, 0x20, 0x20, 0x20, 0x20, 0x20, 0x20, 0x20, 0x20, 0x20, 0x20, 0x20, 0x20, 0x7d, 0x20, 0x65, //              } e
	0x6c, 0x73, 0x65, 0x20, 0x7b, 0x0a, 0x20, 0x20, 0x20, 0x20, 0x20, 0x20, 0x20, 0x20, 0x20, 0x20, // lse {.
	0x20, 0x20, 0x20, 0x20, 0x20, 0x20, 0x20, 0x20, 0x20, 0x20, 0x20, 0x20, 0x20, 0x20, 0x69, 0x66, //               if
	0x20, 0x28, 0x28, 0x75, 0x5f, 0x67, 0x78, 0x5f, 0x74, 0x65, 0x76, 0x5f, 0x63, 0x6f, 0x6c, 0x6f, //  ((u_gx_tev_colo
	0x72, 0x5f, 0x69, 0x6e, 0x32, 0x2e, 0x77, 0x20, 0x3c, 0x20, 0x31, 0x30, 0x2e, 0x35, 0x29, 0x29, // r_in2.w < 10.5))
	0x20, 0x7b, 0x0a, 0x20, 0x20, 0x20, 0x20, 0x20, 0x20, 0x20, 0x20, 0x20, 0x20, 0x20, 0x20, 0x20, //  {.
	0x20, 0x20, 0x20, 0x20, 0x20, 0x20, 0x20, 0x20, 0x20, 0x20, 0x20, 0x20, 0x20, 0x74, 0x6d, 0x70, //              tmp
	0x76, 0x61, 0x72, 0x5f, 0x31, 0x30, 0x31, 0x20, 0x3d, 0x20, 0x76, 0x5f, 0x63, 0x6f, 0x6c, 0x6f, // var_101 = v_colo
	0x72, 0x30, 0x2e, 0x78, 0x79, 0x7a, 0x3b, 0x0a, 0x20, 0x20, 0x20, 0x20, 0x20, 0x20, 0x20, 0x20, // r0.xyz;.
	0x20, 0x20, 0x20, 0x20, 0x20, 0x20, 0x20, 0x20, 0x20, 0x20, 0x20, 0x20, 0x20, 0x20, 0x20, 0x20, //
	0x7d, 0x20, 0x65, 0x6c, 0x73, 0x65, 0x20, 0x7b, 0x0a, 0x20, 0x20, 0x20, 0x20, 0x20, 0x20, 0x20, // } else {.
	0x20, 0x20, 0x20, 0x20, 0x20, 0x20, 0x20, 0x20, 0x20, 0x20, 0x20, 0x20, 0x20, 0x20, 0x20, 0x20, //
	0x20, 0x20, 0x20, 0x69, 0x66, 0x20, 0x28, 0x28, 0x75, 0x5f, 0x67, 0x78, 0x5f, 0x74, 0x65, 0x76, //    if ((u_gx_tev
	0x5f, 0x63, 0x6f, 0x6c, 0x6f, 0x72, 0x5f, 0x69, 0x6e, 0x32, 0x2e, 0x77, 0x20, 0x3c, 0x20, 0x31, // _color_in2.w < 1
	0x31, 0x2e, 0x35, 0x29, 0x29, 0x20, 0x7b, 0x0a, 0x20, 0x20, 0x20, 0x20, 0x20, 0x20, 0x20, 0x20, // 1.5)) {.
	0x20, 0x20, 0x20, 0x20, 0x20, 0x20, 0x20, 0x20, 0x20, 0x20, 0x20, 0x20, 0x20, 0x20, 0x20, 0x20, //
	0x20, 0x20, 0x20, 0x20, 0x74, 0x6d, 0x70, 0x76, 0x61, 0x72, 0x5f, 0x31, 0x30, 0x31, 0x20, 0x3d, //     tmpvar_101 =
	0x20, 0x76, 0x5f, 0x63, 0x6f, 0x6c, 0x6f, 0x72, 0x30, 0x2e, 0x77, 0x77, 0x77, 0x3b, 0x0a, 0x20, //  v_color0.www;.
	0x20, 0x20, 0x20, 0x20, 0x20, 0x20, 0x20, 0x20, 0x20, 0x20, 0x20, 0x20, 0x20, 0x20, 0x20, 0x20, //
	0x20, 0x20, 0x20, 0x20, 0x20, 0x20, 0x20, 0x20, 0x20, 0x7d, 0x20, 0x65, 0x6c, 0x73, 0x65, 0x20, //          } else
	0x7b, 0x0a, 0x20, 0x20, 0x20, 0x20, 0x20, 0x20, 0x20, 0x20, 0x20, 0x20, 0x20, 0x20, 0x20, 0x20, // {.
	0x20, 0x20, 0x20, 0x20, 0x20, 0x20, 0x20, 0x20, 0x20, 0x20, 0x20, 0x20, 0x20, 0x20, 0x69, 0x66, //               if
	0x20, 0x28, 0x28, 0x75, 0x5f, 0x67, 0x78, 0x5f, 0x74, 0x65, 0x76, 0x5f, 0x63, 0x6f, 0x6c, 0x6f, //  ((u_gx_tev_colo
	0x72, 0x5f, 0x69, 0x6e, 0x32, 0x2e, 0x77, 0x20, 0x3c, 0x20, 0x31, 0x32, 0x2e, 0x35, 0x29, 0x29, // r_in2.w < 12.5))
	0x20, 0x7b, 0x0a, 0x20, 0x20, 0x20, 0x20, 0x20, 0x20, 0x20, 0x20, 0x20, 0x20, 0x20, 0x20, 0x20, //  {.
	0x20, 0x20, 0x20, 0x20, 0x20, 0x20, 0x20, 0x20, 0x20, 0x20, 0x20, 0x20, 0x20, 0x20, 0x20, 0x20, //
	0x20, 0x74, 0x6d, 0x70, 0x76, 0x61, 0x72, 0x5f, 0x31, 0x30, 0x31, 0x20, 0x3d, 0x20, 0x76, 0x65, //  tmpvar_101 = ve
	0x63, 0x33, 0x28, 0x31, 0x2e, 0x30, 0x2c, 0x20, 0x31, 0x2e, 0x30, 0x2c, 0x20, 0x31, 0x2e, 0x30, // c3(1.0, 1.0, 1.0
	0x29, 0x3b, 0x0a, 0x20, 0x20, 0x20, 0x20, 0x20, 0x20, 0x20, 0x20, 0x20, 0x20, 0x20, 0x20, 0x20, // );.
	0x20, 0x20, 0x20, 0x20, 0x20, 0x20, 0x20, 0x20, 0x20, 0x20, 0x20, 0x20, 0x20, 0x20, 0x20, 0x7d, //                }
	0x20, 0x65, 0x6c, 0x73, 0x65, 0x20, 0x7b, 0x0a, 0x20, 0x20, 0x20, 0x20, 0x20, 0x20, 0x20, 0x20, //  else {.
	0x20, 0x20, 0x20, 0x20, 0x20, 0x20, 0x20, 0x20, 0x20, 0x20, 0x20, 0x20, 0x20, 0x20, 0x20, 0x20, //
	0x20, 0x20, 0x20, 0x20, 0x20, 0x20, 0x69, 0x66, 0x20, 0x28, 0x28, 0x75, 0x5f, 0x67, 0x78, 0x5f, //       if ((u_gx_
	0x74, 0x65, 0x76, 0x5f, 0x63, 0x6f, 0x6c, 0x6f, 0x72, 0x5f, 0x69, 0x6e, 0x32, 0x2e, 0x77, 0x20, // tev_color_in2.w
	0x3c, 0x20, 0x31, 0x33, 0x2e, 0x35, 0x29, 0x29, 0x20, 0x7b, 0x0a, 0x20, 0x20, 0x20, 0x20, 0x20, // < 13.5)) {.
	0x20, 0x20, 0x20, 0x20, 0x20, 0x20, 0x20, 0x20, 0x20, 0x20, 0x20, 0x20, 0x20, 0x20, 0x20, 0x20, //
	0x20, 0x20, 0x20, 0x20, 0x20, 0x20, 0x20, 0x20, 0x20, 0x20, 0x20, 0x74, 0x6d, 0x70, 0x76, 0x61, //            tmpva
	0x72, 0x5f, 0x31, 0x30, 0x31, 0x20, 0x3d, 0x20, 0x76, 0x65, 0x63, 0x33, 0x28, 0x30, 0x2e, 0x35, // r_101 = vec3(0.5
	0x30, 0x31, 0x39, 0x36, 0x30, 0x38, 0x2c, 0x20, 0x30, 0x2e, 0x35, 0x30, 0x31, 0x39, 0x36, 0x30, // 019608, 0.501960
	0x38, 0x2c, 0x20, 0x30, 0x2e, 0x35, 0x30, 0x31, 0x39, 0x36, 0x30, 0x38, 0x29, 0x3b, 0x0a, 0x20, // 8, 0.5019608);.
	0x20, 0x20, 0x20, 0x20, 0x20, 0x20, 0x20, 0x20, 0x20, 0x20, 0x20, 0x20, 0x20, 0x20, 0x20, 0x20, //
	0x20, 0x20, 0x20, 0x20, 0x20, 0x20, 0x20, 0x20, 0x20, 0x20, 0x20, 0x20, 0x20, 0x7d, 0x20, 0x65, //              } e
	0x6c, 0x73, 0x65, 0x20, 0x7b, 0x0a, 0x20, 0x20, 0x20, 0x20, 0x20, 0x20, 0x20, 0x20, 0x20, 0x20, // lse {.
	0x20, 0x20, 0x20, 0x20, 0x20, 0x20, 0x20, 0x20, 0x20, 0x20, 0x20, 0x20, 0x20, 0x20, 0x20, 0x20, //
	0x20, 0x20, 0x20, 0x20, 0x20, 0x20, 0x69, 0x66, 0x20, 0x28, 0x28, 0x75, 0x5f, 0x67, 0x78, 0x5f, //       if ((u_gx_
	0x74, 0x65, 0x76, 0x5f, 0x63, 0x6f, 0x6c, 0x6f, 0x72, 0x5f, 0x69, 0x6e, 0x32, 0x2e, 0x77, 0x20, // tev_color_in2.w
	0x3c, 0x20, 0x31, 0x34, 0x2e, 0x35, 0x29, 0x29, 0x20, 0x7b, 0x0a, 0x20, 0x20, 0x20, 0x20, 0x20, // < 14.5)) {.
	0x20, 0x20, 0x20, 0x20, 0x20, 0x20, 0x20, 0x20, 0x20, 0x20, 0x20, 0x20, 0x20, 0x20, 0x20, 0x20, //
	0x20, 0x20, 0x20, 0x20, 0x20, 0x20, 0x20, 0x20, 0x20, 0x20, 0x20, 0x20, 0x20, 0x74, 0x6d, 0x70, //              tmp
	0x76, 0x61, 0x72, 0x5f, 0x31, 0x30, 0x31, 0x20, 0x3d, 0x20, 0x75, 0x5f, 0x67, 0x78, 0x5f, 0x74, // var_101 = u_gx_t
	0x65, 0x76, 0x5f, 0x6b, 0x6f, 0x6e, 0x73, 0x74, 0x32, 0x2e, 0x78, 0x79, 0x7a, 0x3b, 0x0a, 0x20, // ev_konst2.xyz;.
	0x20, 0x20, 0x20, 0x20, 0x20, 0x20, 0x20, 0x20, 0x20, 0x20, 0x20, 0x20, 0x20, 0x20, 0x20, 0x20, //
	0x20, 0x20, 0x20, 0x20, 0x20, 0x20, 0x20, 0x20, 0x20, 0x20, 0x20, 0x20, 0x20, 0x20, 0x20, 0x7d, //                }
	0x20, 0x65, 0x6c, 0x73, 0x65, 0x20, 0x7b, 0x0a, 0x20, 0x20, 0x20, 0x20, 0x20, 0x20, 0x20, 0x20, //  else {.
	0x20, 0x20, 0x20, 0x20, 0x20, 0x20, 0x20, 0x20, 0x20, 0x20, 0x20, 0x20, 0x20, 0x20, 0x20, 0x20, //
	0x20, 0x20, 0x20, 0x20, 0x20, 0x20, 0x20, 0x20, 0x20, 0x20, 0x74, 0x6d, 0x70, 0x76, 0x61, 0x72, //           tmpvar
	0x5f, 0x31, 0x30, 0x31, 0x20, 0x3d, 0x20, 0x76, 0x65, 0x63, 0x33, 0x28, 0x30, 0x2e, 0x30, 0x2c, // _101 = vec3(0.0,
	0x20, 0x30, 0x2e, 0x30, 0x2c, 0x20, 0x30, 0x2e, 0x30, 0x29, 0x3b, 0x0a, 0x20, 0x20, 0x20, 0x20, //  0.0, 0.0);.
	0x20, 0x20, 0x20, 0x20, 0x20, 0x20, 0x20, 0x20, 0x20, 0x20, 0x20, 0x20, 0x20, 0x20, 0x20, 0x20, //
	0x20, 0x20, 0x20, 0x20, 0x20, 0x20, 0x20, 0x20, 0x20, 0x20, 0x20, 0x20, 0x7d, 0x3b, 0x0a, 0x20, //             };.
	0x20, 0x20, 0x20, 0x20, 0x20, 0x20, 0x20, 0x20, 0x20, 0x20, 0x20, 0x20, 0x20, 0x20, 0x20, 0x20, //
	0x20, 0x20, 0x20, 0x20, 0x20, 0x20, 0x20, 0x20, 0x20, 0x20, 0x20, 0x20, 0x20, 0x7d, 0x3b, 0x0a, //              };.
	0x20, 0x20, 0x20, 0x20, 0x20, 0x20, 0x20, 0x20, 0x20, 0x20, 0x20, 0x20, 0x20, 0x20, 0x20, 0x20, //
	0x20, 0x20, 0x20, 0x20, 0x20, 0x20, 0x20, 0x20, 0x20, 0x20, 0x20, 0x20, 0x7d, 0x3b, 0x0a, 0x20, //             };.
	0x20, 0x20, 0x20, 0x20, 0x20, 0x20, 0x20, 0x20, 0x20, 0x20, 0x20, 0x20, 0x20, 0x20, 0x20, 0x20, //
	0x20, 0x20, 0x20, 0x20, 0x20, 0x20, 0x20, 0x20, 0x20, 0x7d, 0x3b, 0x0a, 0x20, 0x20, 0x20, 0x20, //          };.
	0x20, 0x20, 0x20, 0x20, 0x20, 0x20, 0x20, 0x20, 0x20, 0x20, 0x20, 0x20, 0x20, 0x20, 0x20, 0x20, //
	0x20, 0x20, 0x20, 0x20, 0x7d, 0x3b, 0x0a, 0x20, 0x20, 0x20, 0x20, 0x20, 0x20, 0x20, 0x20, 0x20, //     };.
	0x20, 0x20, 0x20, 0x20, 0x20, 0x20, 0x20, 0x20, 0x20, 0x20, 0x20, 0x20, 0x20, 0x7d, 0x3b, 0x0a, //              };.
	0x20, 0x20, 0x20, 0x20, 0x20, 0x20, 0x20, 0x20, 0x20, 0x20, 0x20, 0x20, 0x20, 0x20, 0x20, 0x20, //
	0x20, 0x20, 0x20, 0x20, 0x7d, 0x3b, 0x0a, 0x20, 0x20, 0x20, 0x20, 0x20, 0x20, 0x20, 0x20, 0x20, //     };.
	0x20, 0x20, 0x20, 0x20, 0x20, 0x20, 0x20, 0x20, 0x20, 0x7d, 0x3b, 0x0a, 0x20, 0x20, 0x20, 0x20, //          };.
	0x20, 0x20, 0x20, 0x20, 0x20, 0x20, 0x20, 0x20, 0x20, 0x20, 0x20, 0x20, 0x7d, 0x3b, 0x0a, 0x20, //             };.
	0x20, 0x20, 0x20, 0x20, 0x20, 0x20, 0x20, 0x20, 0x20, 0x20, 0x20, 0x20, 0x20, 0x7d, 0x3b, 0x0a, //              };.
	0x20, 0x20, 0x20, 0x20, 0x20, 0x20, 0x20, 0x20, 0x20, 0x20, 0x20, 0x20, 0x7d, 0x3b, 0x0a, 0x20, //             };.
	0x20, 0x20, 0x20, 0x20, 0x20, 0x20, 0x20, 0x20, 0x20, 0x7d, 0x3b, 0x0a, 0x20, 0x20, 0x20, 0x20, //          };.
	0x20, 0x20, 0x20, 0x20, 0x7d, 0x3b, 0x0a, 0x20, 0x20, 0x20, 0x20, 0x20, 0x20, 0x7d, 0x3b, 0x0a, //     };.      };.
	0x20, 0x20, 0x20, 0x20, 0x7d, 0x3b, 0x0a, 0x20, 0x20, 0x20, 0x20, 0x76, 0x65, 0x63, 0x33, 0x20, //     };.    vec3
	0x74, 0x6d, 0x70, 0x76, 0x61, 0x72, 0x5f, 0x31, 0x30, 0x32, 0x3b, 0x0a, 0x20, 0x20, 0x20, 0x20, // tmpvar_102;.
	0x76, 0x65, 0x63, 0x33, 0x20, 0x72, 0x65, 0x73, 0x75, 0x6c, 0x74, 0x5f, 0x31, 0x30, 0x33, 0x3b, // vec3 result_103;
	0x0a, 0x20, 0x20, 0x20, 0x20, 0x76, 0x65, 0x63, 0x33, 0x20, 0x74, 0x65, 0x6d, 0x70, 0x5f, 0x31, // .    vec3 temp_1
	0x30, 0x34, 0x3b, 0x0a, 0x20, 0x20, 0x20, 0x20, 0x76, 0x65, 0x63, 0x33, 0x20, 0x64, 0x69, 0x5f, // 04;.    vec3 di_
	0x31, 0x30, 0x35, 0x3b, 0x0a, 0x20, 0x20, 0x20, 0x20, 0x66, 0x6c, 0x6f, 0x61, 0x74, 0x20, 0x74, // 105;.    float t
	0x6d, 0x70, 0x76, 0x61, 0x72, 0x5f, 0x31, 0x30, 0x36, 0x3b, 0x0a, 0x20, 0x20, 0x20, 0x20, 0x69, // mpvar_106;.    i
	0x66, 0x20, 0x28, 0x28, 0x75, 0x5f, 0x67, 0x78, 0x5f, 0x74, 0x65, 0x76, 0x5f, 0x63, 0x6f, 0x6c, // f ((u_gx_tev_col
	0x6f, 0x72, 0x5f, 0x6f, 0x70, 0x32, 0x2e, 0x7a, 0x20, 0x3c, 0x20, 0x30, 0x2e, 0x35, 0x29, 0x29, // or_op2.z < 0.5))
	0x20, 0x7b, 0x0a, 0x20, 0x20, 0x20, 0x20, 0x20, 0x20, 0x74, 0x6d, 0x70, 0x76, 0x61, 0x72, 0x5f, //  {.      tmpvar_
	0x31, 0x30, 0x36, 0x20, 0x3d, 0x20, 0x31, 0x2e, 0x30, 0x3b, 0x0a, 0x20, 0x20, 0x20, 0x20, 0x7d, // 106 = 1.0;.    }
	0x20, 0x65, 0x6c, 0x73, 0x65, 0x20, 0x7b, 0x0a, 0x20, 0x20, 0x20, 0x20, 0x20, 0x20, 0x69, 0x66, //  else {.      if
	0x20, 0x28, 0x28, 0x75, 0x5f, 0x67, 0x78, 0x5f, 0x74, 0x65, 0x76, 0x5f, 0x63, 0x6f, 0x6c, 0x6f, //  ((u_gx_tev_colo
	0x72, 0x5f, 0x6f, 0x70, 0x32, 0x2e, 0x7a, 0x20, 0x3c, 0x20, 0x31, 0x2e, 0x35, 0x29, 0x29, 0x20, // r_op2.z < 1.5))
	0x7b, 0x0a, 0x20, 0x20, 0x20, 0x20, 0x20, 0x20, 0x20, 0x20, 0x74, 0x6d, 0x70, 0x76, 0x61, 0x72, // {.        tmpvar
	0x5f, 0x31, 0x30, 0x36, 0x20, 0x3d, 0x20, 0x32, 0x2e, 0x30, 0x3b, 0x0a, 0x20, 0x20, 0x20, 0x20, // _106 = 2.0;.
	0x20, 0x20, 0x7d, 0x20, 0x65, 0x6c, 0x73, 0x65, 0x20, 0x7b, 0x0a, 0x20, 0x20, 0x20, 0x20, 0x20, //   } else {.
	0x20, 0x20, 0x20, 0x69, 0x66, 0x20, 0x28, 0x28, 0x75, 0x5f, 0x67, 0x78, 0x5f, 0x74, 0x65, 0x76, //    if ((u_gx_tev
	0x5f, 0x63, 0x6f, 0x6c, 0x6f, 0x72, 0x5f, 0x6f, 0x70, 0x32, 0x2e, 0x7a, 0x20, 0x3c, 0x20, 0x32, // _color_op2.z < 2
	0x2e, 0x35, 0x29, 0x29, 0x20, 0x7b, 0x0a, 0x20, 0x20, 0x20, 0x20, 0x20, 0x20, 0x20, 0x20, 0x20, // .5)) {.
	0x20, 0x74, 0x6d, 0x70, 0x76, 0x61, 0x72, 0x5f, 0x31, 0x30, 0x36, 0x20, 0x3d, 0x20, 0x34, 0x2e, //  tmpvar_106 = 4.
	0x30, 0x3b, 0x0a, 0x20, 0x20, 0x20, 0x20, 0x20, 0x20, 0x20, 0x20, 0x7d, 0x20, 0x65, 0x6c, 0x73, // 0;.        } els
	0x65, 0x20, 0x7b, 0x0a, 0x20, 0x20, 0x20, 0x20, 0x20, 0x20, 0x20, 0x20, 0x20, 0x20, 0x74, 0x6d, // e {.          tm
	0x70, 0x76, 0x61, 0x72, 0x5f, 0x31, 0x30, 0x36, 0x20, 0x3d, 0x20, 0x31, 0x2e, 0x30, 0x3b, 0x0a, // pvar_106 = 1.0;.
	0x20, 0x20, 0x20, 0x20, 0x20, 0x20, 0x20, 0x20, 0x7d, 0x3b, 0x0a, 0x20, 0x20, 0x20, 0x20, 0x20, //         };.
	0x20, 0x7d, 0x3b, 0x0a, 0x20, 0x20, 0x20, 0x20, 0x7d, 0x3b, 0x0a, 0x20, 0x20, 0x20, 0x20, 0x66, //  };.    };.    f
	0x6c, 0x6f, 0x61, 0x74, 0x20, 0x74, 0x6d, 0x70, 0x76, 0x61, 0x72, 0x5f, 0x31, 0x30, 0x37, 0x3b, // loat tmpvar_107;
	0x0a, 0x20, 0x20, 0x20, 0x20, 0x69, 0x66, 0x20, 0x28, 0x28, 0x75, 0x5f, 0x67, 0x78, 0x5f, 0x74, // .    if ((u_gx_t
	0x65, 0x76, 0x5f, 0x63, 0x6f, 0x6c, 0x6f, 0x72, 0x5f, 0x6f, 0x70, 0x32, 0x2e, 0x7a, 0x20, 0x3e, // ev_color_op2.z >
	0x20, 0x32, 0x2e, 0x35, 0x29, 0x29, 0x20, 0x7b, 0x0a, 0x20, 0x20, 0x20, 0x20, 0x20, 0x20, 0x74, //  2.5)) {.      t
	0x6d, 0x70, 0x76, 0x61, 0x72, 0x5f, 0x31, 0x30, 0x37, 0x20, 0x3d, 0x20, 0x32, 0x2e, 0x30, 0x3b, // mpvar_107 = 2.0;
	0x0a, 0x20, 0x20, 0x20, 0x20, 0x7d, 0x20, 0x65, 0x6c, 0x73, 0x65, 0x20, 0x7b, 0x0a, 0x20, 0x20, // .    } else {.
	0x20, 0x20, 0x20, 0x20, 0x74, 0x6d, 0x70, 0x76, 0x61, 0x72, 0x5f, 0x31, 0x30, 0x37, 0x20, 0x3d, //     tmpvar_107 =
	0x20, 0x31, 0x2e, 0x30, 0x3b, 0x0a, 0x20, 0x20, 0x20, 0x20, 0x7d, 0x3b, 0x0a, 0x20, 0x20, 0x20, //  1.0;.    };.
	0x20, 0x76, 0x65, 0x63, 0x33, 0x20, 0x74, 0x6d, 0x70, 0x76, 0x61, 0x72, 0x5f, 0x31, 0x30, 0x38, //  vec3 tmpvar_108
	0x3b, 0x0a, 0x20, 0x20, 0x20, 0x20, 0x74, 0x6d, 0x70, 0x76, 0x61, 0x72, 0x5f, 0x31, 0x30, 0x38, // ;.    tmpvar_108
	0x20, 0x3d, 0x20, 0x66, 0x6c, 0x6f, 0x6f, 0x72, 0x28, 0x28, 0x28, 0x74, 0x6d, 0x70, 0x76, 0x61, //  = floor(((tmpva
	0x72, 0x5f, 0x31, 0x30, 0x30, 0x20, 0x2a, 0x20, 0x32, 0x35, 0x35, 0x2e, 0x30, 0x29, 0x20, 0x2b, // r_100 * 255.0) +
	0x20, 0x30, 0x2e, 0x35, 0x29, 0x29, 0x3b, 0x0a, 0x20, 0x20, 0x20, 0x20, 0x64, 0x69, 0x5f, 0x31, //  0.5));.    di_1
	0x30, 0x35, 0x20, 0x3d, 0x20, 0x66, 0x6c, 0x6f, 0x6f, 0x72, 0x28, 0x28, 0x28, 0x74, 0x6d, 0x70, // 05 = floor(((tmp
	0x76, 0x61, 0x72, 0x5f, 0x31, 0x30, 0x31, 0x20, 0x2a, 0x20, 0x32, 0x35, 0x35, 0x2e, 0x30, 0x29, // var_101 * 255.0)
	0x20, 0x2b, 0x20, 0x30, 0x2e, 0x35, 0x29, 0x29, 0x3b, 0x0a, 0x20, 0x20, 0x20, 0x20, 0x76, 0x65, //  + 0.5));.    ve
	0x63, 0x33, 0x20, 0x74, 0x6d, 0x70, 0x76, 0x61, 0x72, 0x5f, 0x31, 0x30, 0x39, 0x3b, 0x0a, 0x20, // c3 tmpvar_109;.
	0x20, 0x20, 0x20, 0x74, 0x6d, 0x70, 0x76, 0x61, 0x72, 0x5f, 0x31, 0x30, 0x39, 0x20, 0x3d, 0x20, //    tmpvar_109 =
	0x28, 0x74, 0x6d, 0x70, 0x76, 0x61, 0x72, 0x5f, 0x31, 0x30, 0x38, 0x20, 0x2b, 0x20, 0x66, 0x6c, // (tmpvar_108 + fl
	0x6f, 0x6f, 0x72, 0x28, 0x28, 0x74, 0x6d, 0x70, 0x76, 0x61, 0x72, 0x5f, 0x31, 0x30, 0x38, 0x20, // oor((tmpvar_108
	0x2f, 0x20, 0x31, 0x32, 0x38, 0x2e, 0x30, 0x29, 0x29, 0x29, 0x3b, 0x0a, 0x20, 0x20, 0x20, 0x20, // / 128.0)));.
	0x74, 0x65, 0x6d, 0x70, 0x5f, 0x31, 0x30, 0x34, 0x20, 0x3d, 0x20, 0x28, 0x28, 0x28, 0x0a, 0x20, // temp_104 = (((.
	0x20, 0x20, 0x20, 0x20, 0x20, 0x66, 0x6c, 0x6f, 0x6f, 0x72, 0x28, 0x28, 0x28, 0x74, 0x6d, 0x70, //      floor(((tmp
	0x76, 0x61, 0x72, 0x5f, 0x39, 0x38, 0x20, 0x2a, 0x20, 0x32, 0x35, 0x35, 0x2e, 0x30, 0x29, 0x20, // var_98 * 255.0)
	0x2b, 0x20, 0x30, 0x2e, 0x35, 0x29, 0x29, 0x0a, 0x20, 0x20, 0x20, 0x20, 0x20, 0x2a, 0x20, 0x0a, // + 0.5)).     * .
	0x20, 0x20, 0x20, 0x20, 0x20, 0x20, 0x28, 0x32, 0x35, 0x36, 0x2e, 0x30, 0x20, 0x2d, 0x20, 0x74, //       (256.0 - t
	0x6d, 0x70, 0x76, 0x61, 0x72, 0x5f, 0x31, 0x30, 0x39, 0x29, 0x0a, 0x20, 0x20, 0x20, 0x20, 0x29, // mpvar_109).    )
	0x20, 0x2b, 0x20, 0x28, 0x0a, 0x20, 0x20, 0x20, 0x20, 0x20, 0x20, 0x66, 0x6c, 0x6f, 0x6f, 0x72, //  + (.      floor
	0x28, 0x28, 0x28, 0x74, 0x6d, 0x70, 0x76, 0x61, 0x72, 0x5f, 0x39, 0x39, 0x20, 0x2a, 0x20, 0x32, // (((tmpvar_99 * 2
	0x35, 0x35, 0x2e, 0x30, 0x29, 0x20, 0x2b, 0x20, 0x30, 0x2e, 0x35, 0x29, 0x29, 0x0a, 0x20, 0x20, // 55.0) + 0.5)).
	0x20, 0x20, 0x20, 0x2a, 0x20, 0x74, 0x6d, 0x70, 0x76, 0x61, 0x72, 0x5f, 0x31, 0x30, 0x39, 0x29, //    * tmpvar_109)
	0x29, 0x20, 0x2a, 0x20, 0x74, 0x6d, 0x70, 0x76, 0x61, 0x72, 0x5f, 0x31, 0x30, 0x36, 0x29, 0x3b, // ) * tmpvar_106);
	0x0a, 0x20, 0x20, 0x20, 0x20, 0x69, 0x66, 0x20, 0x28, 0x28, 0x75, 0x5f, 0x67, 0x78, 0x5f, 0x74, // .    if ((u_gx_t
	0x65, 0x76, 0x5f, 0x63, 0x6f, 0x6c, 0x6f, 0x72, 0x5f, 0x6f, 0x70, 0x32, 0x2e, 0x7a, 0x20, 0x3c, // ev_color_op2.z <
	0x20, 0x32, 0x2e, 0x35, 0x29, 0x29, 0x20, 0x7b, 0x0a, 0x20, 0x20, 0x20, 0x20, 0x20, 0x20, 0x66, //  2.5)) {.      f
	0x6c, 0x6f, 0x61, 0x74, 0x20, 0x74, 0x6d, 0x70, 0x76, 0x61, 0x72, 0x5f, 0x31, 0x31, 0x30, 0x3b, // loat tmpvar_110;
	0x0a, 0x20, 0x20, 0x20, 0x20, 0x20, 0x20, 0x69, 0x66, 0x20, 0x28, 0x28, 0x75, 0x5f, 0x67, 0x78, // .      if ((u_gx
	0x5f, 0x74, 0x65, 0x76, 0x5f, 0x63, 0x6f, 0x6c, 0x6f, 0x72, 0x5f, 0x6f, 0x70, 0x32, 0x2e, 0x78, // _tev_color_op2.x
	0x20, 0x3e, 0x20, 0x30, 0x2e, 0x35, 0x29, 0x29, 0x20, 0x7b, 0x0a, 0x20, 0x20, 0x20, 0x20, 0x20, //  > 0.5)) {.
	0x20, 0x20, 0x20, 0x74, 0x6d, 0x70, 0x76, 0x61, 0x72, 0x5f, 0x31, 0x31, 0x30, 0x20, 0x3d, 0x20, //    tmpvar_110 =
	0x31, 0x32, 0x37, 0x2e, 0x30, 0x3b, 0x0a, 0x20, 0x20, 0x20, 0x20, 0x20, 0x20, 0x7d, 0x20, 0x65, // 127.0;.      } e
	0x6c, 0x73, 0x65, 0x20, 0x7b, 0x0a, 0x20, 0x20, 0x20, 0x20, 0x20, 0x20, 0x20, 0x20, 0x74, 0x6d, // lse {.        tm
	0x70, 0x76, 0x61, 0x72, 0x5f, 0x31, 0x31, 0x30, 0x20, 0x3d, 0x20, 0x31, 0x32, 0x38, 0x2e, 0x30, // pvar_110 = 128.0
	0x3b, 0x0a, 0x20, 0x20, 0x20, 0x20, 0x20, 0x20, 0x7d, 0x3b, 0x0a, 0x20, 0x20, 0x20, 0x20, 0x20, // ;.      };.
	0x20, 0x74, 0x65, 0x6d, 0x70, 0x5f, 0x31, 0x30, 0x34, 0x20, 0x3d, 0x20, 0x28, 0x74, 0x65, 0x6d, //  temp_104 = (tem
	0x70, 0x5f, 0x31, 0x30, 0x34, 0x20, 0x2b, 0x20, 0x74, 0x6d, 0x70, 0x76, 0x61, 0x72, 0x5f, 0x31, // p_104 + tmpvar_1
	0x31, 0x30, 0x29, 0x3b, 0x0a, 0x20, 0x20, 0x20, 0x20, 0x7d, 0x3b, 0x0a, 0x20, 0x20, 0x20, 0x20, // 10);.    };.
	0x76, 0x65, 0x63, 0x33, 0x20, 0x74, 0x6d, 0x70, 0x76, 0x61, 0x72, 0x5f, 0x31, 0x31, 0x31, 0x3b, // vec3 tmpvar_111;
	0x0a, 0x20, 0x20, 0x20, 0x20, 0x74, 0x6d, 0x70, 0x76, 0x61, 0x72, 0x5f, 0x31, 0x31, 0x31, 0x20, // .    tmpvar_111
	0x3d, 0x20, 0x66, 0x6c, 0x6f, 0x6f, 0x72, 0x28, 0x28, 0x74, 0x65, 0x6d, 0x70, 0x5f, 0x31, 0x30, // = floor((temp_10
	0x34, 0x20, 0x2f, 0x20, 0x32, 0x35, 0x36, 0x2e, 0x30, 0x29, 0x29, 0x3b, 0x0a, 0x20, 0x20, 0x20, // 4 / 256.0));.
	0x20, 0x74, 0x65, 0x6d, 0x70, 0x5f, 0x31, 0x30, 0x34, 0x20, 0x3d, 0x20, 0x74, 0x6d, 0x70, 0x76, //  temp_104 = tmpv
	0x61, 0x72, 0x5f, 0x31, 0x31, 0x31, 0x3b, 0x0a, 0x20, 0x20, 0x20, 0x20, 0x69, 0x66, 0x20, 0x28, // ar_111;.    if (
	0x28, 0x75, 0x5f, 0x67, 0x78, 0x5f, 0x74, 0x65, 0x76, 0x5f, 0x63, 0x6f, 0x6c, 0x6f, 0x72, 0x5f, // (u_gx_tev_color_
	0x6f, 0x70, 0x32, 0x2e, 0x78, 0x20, 0x3e, 0x20, 0x30, 0x2e, 0x35, 0x29, 0x29, 0x20, 0x7b, 0x0a, // op2.x > 0.5)) {.
	0x20, 0x20, 0x20, 0x20, 0x20, 0x20, 0x74, 0x65, 0x6d, 0x70, 0x5f, 0x31, 0x30, 0x34, 0x20, 0x3d, //       temp_104 =
	0x20, 0x2d, 0x28, 0x74, 0x6d, 0x70, 0x76, 0x61, 0x72, 0x5f, 0x31, 0x31, 0x31, 0x29, 0x3b, 0x0a, //  -(tmpvar_111);.
	0x20, 0x20, 0x20, 0x20, 0x7d, 0x3b, 0x0a, 0x20, 0x20, 0x20, 0x20, 0x66, 0x6c, 0x6f, 0x61, 0x74, //     };.    float
	0x20, 0x74, 0x6d, 0x70, 0x76, 0x61, 0x72, 0x5f, 0x31, 0x31, 0x32, 0x3b, 0x0a, 0x20, 0x20, 0x20, //  tmpvar_112;.
	0x20, 0x69, 0x66, 0x20, 0x28, 0x28, 0x75, 0x5f, 0x67, 0x78, 0x5f, 0x74, 0x65, 0x76, 0x5f, 0x63, //  if ((u_gx_tev_c
	0x6f, 0x6c, 0x6f, 0x72, 0x5f, 0x6f, 0x70, 0x32, 0x2e, 0x79, 0x20, 0x3c, 0x20, 0x30, 0x2e, 0x35, // olor_op2.y < 0.5
	0x29, 0x29, 0x20, 0x7b, 0x0a, 0x20, 0x20, 0x20, 0x20, 0x20, 0x20, 0x74, 0x6d, 0x70, 0x76, 0x61, // )) {.      tmpva
	0x72, 0x5f, 0x31, 0x31, 0x32, 0x20, 0x3d, 0x20, 0x30, 0x2e, 0x30, 0x3b, 0x0a, 0x20, 0x20, 0x20, // r_112 = 0.0;.
	0x20, 0x7d, 0x20, 0x65, 0x6c, 0x73, 0x65, 0x20, 0x7b, 0x0a, 0x20, 0x20, 0x20, 0x20, 0x20, 0x20, //  } else {.
	0x69, 0x66, 0x20, 0x28, 0x28, 0x75, 0x5f, 0x67, 0x78, 0x5f, 0x74, 0x65, 0x76, 0x5f, 0x63, 0x6f, // if ((u_gx_tev_co
	0x6c, 0x6f, 0x72, 0x5f, 0x6f, 0x70, 0x32, 0x2e, 0x79, 0x20, 0x3c, 0x20, 0x31, 0x2e, 0x35, 0x29, // lor_op2.y < 1.5)
	0x29, 0x20, 0x7b, 0x0a, 0x20, 0x20, 0x20, 0x20, 0x20, 0x20, 0x20, 0x20, 0x74, 0x6d, 0x70, 0x76, // ) {.        tmpv
	0x61, 0x72, 0x5f, 0x31, 0x31, 0x32, 0x20, 0x3d, 0x20, 0x31, 0x32, 0x38, 0x2e, 0x30, 0x3b, 0x0a, // ar_112 = 128.0;.
	0x20, 0x20, 0x20, 0x20, 0x20, 0x20, 0x7d, 0x20, 0x65, 0x6c, 0x73, 0x65, 0x20, 0x7b, 0x0a, 0x20, //       } else {.
	0x20, 0x20, 0x20, 0x20, 0x20, 0x20, 0x20, 0x69, 0x66, 0x20, 0x28, 0x28, 0x75, 0x5f, 0x67, 0x78, //        if ((u_gx
	0x5f, 0x74, 0x65, 0x76, 0x5f, 0x63, 0x6f, 0x6c, 0x6f, 0x72, 0x5f, 0x6f, 0x70, 0x32, 0x2e, 0x79, // _tev_color_op2.y
	0x20, 0x3c, 0x20, 0x32, 0x2e, 0x35, 0x29, 0x29, 0x20, 0x7b, 0x0a, 0x20, 0x20, 0x20, 0x20, 0x20, //  < 2.5)) {.
	0x20, 0x20, 0x20, 0x20, 0x20, 0x74, 0x6d, 0x70, 0x76, 0x61, 0x72, 0x5f, 0x31, 0x31, 0x32, 0x20, //      tmpvar_112
	0x3d, 0x20, 0x2d, 0x31, 0x32, 0x38, 0x2e, 0x30, 0x3b, 0x0a, 0x20, 0x20, 0x20, 0x20, 0x20, 0x20, // = -128.0;.
	0x20, 0x20, 0x7d, 0x20, 0x65, 0x6c, 0x73, 0x65, 0x20, 0x7b, 0x0a, 0x20, 0x20, 0x20, 0x20, 0x20, //   } else {.
	0x20, 0x20, 0x20, 0x20, 0x20, 0x74, 0x6d, 0x70, 0x76, 0x61, 0x72, 0x5f, 0x31, 0x31, 0x32, 0x20, //      tmpvar_112
	0x3d, 0x20, 0x30, 0x2e, 0x30, 0x3b, 0x0a, 0x20, 0x20, 0x20, 0x20, 0x20, 0x20, 0x20, 0x20, 0x7d, // = 0.0;.        }
	0x3b, 0x0a, 0x20, 0x20, 0x20, 0x20, 0x20, 0x20, 0x7d, 0x3b, 0x0a, 0x20, 0x20, 0x20, 0x20, 0x7d, // ;.      };.    }
	0x3b, 0x0a, 0x20, 0x20, 0x20, 0x20, 0x76, 0x65, 0x63, 0x33, 0x20, 0x74, 0x6d, 0x70, 0x76, 0x61, // ;.    vec3 tmpva
	0x72, 0x5f, 0x31, 0x31, 0x33, 0x3b, 0x0a, 0x20, 0x20, 0x20, 0x20, 0x74, 0x6d, 0x70, 0x76, 0x61, // r_113;.    tmpva
	0x72, 0x5f, 0x31, 0x31, 0x33, 0x20, 0x3d, 0x20, 0x28, 0x28, 0x28, 0x0a, 0x20, 0x20, 0x20, 0x20, // r_113 = (((.
	0x20, 0x20, 0x28, 0x64, 0x69, 0x5f, 0x31, 0x30, 0x35, 0x20, 0x2b, 0x20, 0x74, 0x6d, 0x70, 0x76, //   (di_105 + tmpv
	0x61, 0x72, 0x5f, 0x31, 0x31, 0x32, 0x29, 0x0a, 0x20, 0x20, 0x20, 0x20, 0x20, 0x2a, 0x20, 0x74, // ar_112).     * t
	0x6d, 0x70, 0x76, 0x61, 0x72, 0x5f, 0x31, 0x30, 0x36, 0x29, 0x20, 0x2b, 0x20, 0x74, 0x65, 0x6d, // mpvar_106) + tem
	0x70, 0x5f, 0x31, 0x30, 0x34, 0x29, 0x20, 0x2f, 0x20, 0x74, 0x6d, 0x70, 0x76, 0x61, 0x72, 0x5f, // p_104) / tmpvar_
	0x31, 0x30, 0x37, 0x29, 0x3b, 0x0a, 0x20, 0x20, 0x20, 0x20, 0x72, 0x65, 0x73, 0x75, 0x6c, 0x74, // 107);.    result
	0x5f, 0x31, 0x30, 0x33, 0x20, 0x3d, 0x20, 0x74, 0x6d, 0x70, 0x76, 0x61, 0x72, 0x5f, 0x31, 0x31, // _103 = tmpvar_11
	0x33, 0x3b, 0x0a, 0x20, 0x20, 0x20, 0x20, 0x69, 0x66, 0x20, 0x28, 0x28, 0x75, 0x5f, 0x67, 0x78, // 3;.    if ((u_gx
	0x5f, 0x74, 0x65, 0x76, 0x5f, 0x63, 0x6f, 0x6c, 0x6f, 0x72, 0x5f, 0x6f, 0x70, 0x32, 0x2e, 0x77, // _tev_color_op2.w
	0x20, 0x3e, 0x20, 0x30, 0x2e, 0x35, 0x29, 0x29, 0x20, 0x7b, 0x0a, 0x20, 0x20, 0x20, 0x20, 0x20, //  > 0.5)) {.
	0x20, 0x72, 0x65, 0x73, 0x75, 0x6c, 0x74, 0x5f, 0x31, 0x30, 0x33, 0x20, 0x3d, 0x20, 0x63, 0x6c, //  result_103 = cl
	0x61, 0x6d, 0x70, 0x20, 0x28, 0x74, 0x6d, 0x70, 0x76, 0x61, 0x72, 0x5f, 0x31, 0x31, 0x33, 0x2c, // amp (tmpvar_113,
	0x20, 0x30, 0x2e, 0x30, 0x2c, 0x20, 0x32, 0x35, 0x35, 0x2e, 0x30, 0x29, 0x3b, 0x0a, 0x20, 0x20, //  0.0, 255.0);.
	0x20, 0x20, 0x7d, 0x20, 0x65, 0x6c, 0x73, 0x65, 0x20, 0x7b, 0x0a, 0x20, 0x20, 0x20, 0x20, 0x20, //   } else {.
	0x20, 0x72, 0x65, 0x73, 0x75, 0x6c, 0x74, 0x5f, 0x31, 0x30, 0x33, 0x20, 0x3d, 0x20, 0x63, 0x6c, //  result_103 = cl
	0x61, 0x6d, 0x70, 0x20, 0x28, 0x72, 0x65, 0x73, 0x75, 0x6c, 0x74, 0x5f, 0x31, 0x30, 0x33, 0x2c, // amp (result_103,
	0x20, 0x2d, 0x31, 0x30, 0x32, 0x34, 0x2e, 0x30, 0x2c, 0x20, 0x31, 0x30, 0x32, 0x33, 0x2e, 0x30, //  -1024.0, 1023.0
	0x29, 0x3b, 0x0a, 0x20, 0x20, 0x20, 0x20, 0x7d, 0x3b, 0x0a, 0x20, 0x20, 0x20, 0x20, 0x74, 0x6d, // );.    };.    tm
	0x70, 0x76, 0x61, 0x72, 0x5f, 0x31, 0x30, 0x32, 0x20, 0x3d, 0x20, 0x28, 0x72, 0x65, 0x73, 0x75, // pvar_102 = (resu
	0x6c, 0x74, 0x5f, 0x31, 0x30, 0x33, 0x20, 0x2f, 0x20, 0x32, 0x35, 0x35, 0x2e, 0x30, 0x29, 0x3b, // lt_103 / 255.0);
	0x0a, 0x20, 0x20, 0x20, 0x20, 0x76, 0x65, 0x63, 0x34, 0x20, 0x72, 0x65, 0x67, 0x30, 0x5f, 0x31, // .    vec4 reg0_1
	0x31, 0x34, 0x3b, 0x0a, 0x20, 0x20, 0x20, 0x20, 0x72, 0x65, 0x67, 0x30, 0x5f, 0x31, 0x31, 0x34, // 14;.    reg0_114
	0x20, 0x3d, 0x20, 0x72, 0x65, 0x67, 0x30, 0x5f, 0x35, 0x3b, 0x0a, 0x20, 0x20, 0x20, 0x20, 0x76, //  = reg0_5;.    v
	0x65, 0x63, 0x34, 0x20, 0x72, 0x65, 0x67, 0x31, 0x5f, 0x31, 0x31, 0x35, 0x3b, 0x0a, 0x20, 0x20, // ec4 reg1_115;.
	0x20, 0x20, 0x72, 0x65, 0x67, 0x31, 0x5f, 0x31, 0x31, 0x35, 0x20, 0x3d, 0x20, 0x72, 0x65, 0x67, //   reg1_115 = reg
	0x31, 0x5f, 0x34, 0x3b, 0x0a, 0x20, 0x20, 0x20, 0x20, 0x76, 0x65, 0x63, 0x34, 0x20, 0x72, 0x65, // 1_4;.    vec4 re
	0x67, 0x32, 0x5f, 0x31, 0x31, 0x36, 0x3b, 0x0a, 0x20, 0x20, 0x20, 0x20, 0x72, 0x65, 0x67, 0x32, // g2_116;.    reg2
	0x5f, 0x31, 0x31, 0x36, 0x20, 0x3d, 0x20, 0x72, 0x65, 0x67, 0x32, 0x5f, 0x33, 0x3b, 0x0a, 0x20, // _116 = reg2_3;.
	0x20, 0x20, 0x20, 0x76, 0x65, 0x63, 0x34, 0x20, 0x72, 0x65, 0x67, 0x33, 0x5f, 0x31, 0x31, 0x37, //    vec4 reg3_117
	0x3b, 0x0a, 0x20, 0x20, 0x20, 0x20, 0x72, 0x65, 0x67, 0x33, 0x5f, 0x31, 0x31, 0x37, 0x20, 0x3d, // ;.    reg3_117 =
	0x20, 0x72, 0x65, 0x67, 0x33, 0x5f, 0x32, 0x3b, 0x0a, 0x20, 0x20, 0x20, 0x20, 0x69, 0x66, 0x20, //  reg3_2;.    if
	0x28, 0x28, 0x75, 0x5f, 0x67, 0x78, 0x5f, 0x74, 0x65, 0x76, 0x5f, 0x6f, 0x75, 0x74, 0x32, 0x2e, // ((u_gx_tev_out2.
	0x78, 0x20, 0x3c, 0x20, 0x30, 0x2e, 0x35, 0x29, 0x29, 0x20, 0x7b, 0x0a, 0x20, 0x20, 0x20, 0x20, // x < 0.5)) {.
	0x20, 0x20, 0x72, 0x65, 0x67, 0x30, 0x5f, 0x31, 0x31, 0x34, 0x2e, 0x78, 0x79, 0x7a, 0x20, 0x3d, //   reg0_114.xyz =
	0x20, 0x74, 0x6d, 0x70, 0x76, 0x61, 0x72, 0x5f, 0x31, 0x30, 0x32, 0x3b, 0x0a, 0x20, 0x20, 0x20, //  tmpvar_102;.
	0x20, 0x7d, 0x20, 0x65, 0x6c, 0x73, 0x65, 0x20, 0x7b, 0x0a, 0x20, 0x20, 0x20, 0x20, 0x20, 0x20, //  } else {.
	0x69, 0x66, 0x20, 0x28, 0x28, 0x75, 0x5f, 0x67, 0x78, 0x5f, 0x74, 0x65, 0x76, 0x5f, 0x6f, 0x75, // if ((u_gx_tev_ou
	0x74, 0x32, 0x2e, 0x78, 0x20, 0x3c, 0x20, 0x31, 0x2e, 0x35, 0x29, 0x29, 0x20, 0x7b, 0x0a, 0x20, // t2.x < 1.5)) {.
	0x20, 0x20, 0x20, 0x20, 0x20, 0x20, 0x20, 0x72, 0x65, 0x67, 0x31, 0x5f, 0x31, 0x31, 0x35, 0x2e, //        reg1_115.
	0x78, 0x79, 0x7a, 0x20, 0x3d, 0x20, 0x74, 0x6d, 0x70, 0x76, 0x61, 0x72, 0x5f, 0x31, 0x30, 0x32, // xyz = tmpvar_102
	0x3b, 0x0a, 0x20, 0x20, 0x20, 0x20, 0x20, 0x20, 0x7d, 0x20, 0x65, 0x6c, 0x73, 0x65, 0x20, 0x7b, // ;.      } else {
	0x0a, 0x20, 0x20, 0x20, 0x20, 0x20, 0x20, 0x20, 0x20, 0x69, 0x66, 0x20, 0x28, 0x28, 0x75, 0x5f, // .        if ((u_
	0x67, 0x78, 0x5f, 0x74, 0x65, 0x76, 0x5f, 0x6f, 0x75, 0x74, 0x32, 0x2e, 0x78, 0x20, 0x3c, 0x20, // gx_tev_out2.x <
	0x32, 0x2e, 0x35, 0x29, 0x29, 0x20, 0x7b, 0x0a, 0x20, 0x20, 0x20, 0x20, 0x20, 0x20, 0x20, 0x20, // 2.5)) {.
	0x20, 0x20, 0x72, 0x65, 0x67, 0x32, 0x5f, 0x31, 0x31, 0x36, 0x2e, 0x78, 0x79, 0x7a, 0x20, 0x3d, //   reg2_116.xyz =
	0x20, 0x74, 0x6d, 0x70, 0x76, 0x61, 0x72, 0x5f, 0x31, 0x30, 0x32, 0x3b, 0x0a, 0x20, 0x20, 0x20, //  tmpvar_102;.
	0x20, 0x20, 0x20, 0x20, 0x20, 0x7d, 0x20, 0x65, 0x6c, 0x73, 0x65, 0x20, 0x7b, 0x0a, 0x20, 0x20, //      } else {.
	0x20, 0x20, 0x20, 0x20, 0x20, 0x20, 0x20, 0x20, 0x72, 0x65, 0x67, 0x33, 0x5f, 0x31, 0x31, 0x37, //         reg3_117
	0x2e, 0x78, 0x79, 0x7a, 0x20, 0x3d, 0x20, 0x74, 0x6d, 0x70, 0x76, 0x61, 0x72, 0x5f, 0x31, 0x30, // .xyz = tmpvar_10
	0x32, 0x3b, 0x0a, 0x20, 0x20, 0x20, 0x20, 0x20, 0x20, 0x20, 0x20, 0x7d, 0x3b, 0x0a, 0x20, 0x20, // 2;.        };.
	0x20, 0x20, 0x20, 0x20, 0x7d, 0x3b, 0x0a, 0x20, 0x20, 0x20, 0x20, 0x7d, 0x3b, 0x0a, 0x20, 0x20, //     };.    };.
	0x20, 0x20, 0x66, 0x6c, 0x6f, 0x61, 0x74, 0x20, 0x74, 0x6d, 0x70, 0x76, 0x61, 0x72, 0x5f, 0x31, //   float tmpvar_1
	0x31, 0x38, 0x3b, 0x0a, 0x20, 0x20, 0x20, 0x20, 0x69, 0x66, 0x20, 0x28, 0x28, 0x75, 0x5f, 0x67, // 18;.    if ((u_g
	0x78, 0x5f, 0x74, 0x65, 0x76, 0x5f, 0x61, 0x6c, 0x70, 0x68, 0x61, 0x5f, 0x69, 0x6e, 0x32, 0x2e, // x_tev_alpha_in2.
	0x78, 0x20, 0x3c, 0x20, 0x30, 0x2e, 0x35, 0x29, 0x29, 0x20, 0x7b, 0x0a, 0x20, 0x20, 0x20, 0x20, // x < 0.5)) {.
	0x20, 0x20, 0x74, 0x6d, 0x70, 0x76, 0x61, 0x72, 0x5f, 0x31, 0x31, 0x38, 0x20, 0x3d, 0x20, 0x72, //   tmpvar_118 = r
	0x65, 0x67, 0x30, 0x5f, 0x31, 0x31, 0x34, 0x2e, 0x77, 0x3b, 0x0a, 0x20, 0x20, 0x20, 0x20, 0x7d, // eg0_114.w;.    }
	0x20, 0x65, 0x6c, 0x73, 0x65, 0x20, 0x7b, 0x0a, 0x20, 0x20, 0x20, 0x20, 0x20, 0x20, 0x69, 0x66, //  else {.      if
	0x20, 0x28, 0x28, 0x75, 0x5f, 0x67, 0x78, 0x5f, 0x74, 0x65, 0x76, 0x5f, 0x61, 0x6c, 0x70, 0x68, //  ((u_gx_tev_alph
	0x61, 0x5f, 0x69, 0x6e, 0x32, 0x2e, 0x78, 0x20, 0x3c, 0x20, 0x31, 0x2e, 0x35, 0x29, 0x29, 0x20, // a_in2.x < 1.5))
	0x7b, 0x0a, 0x20, 0x20, 0x20, 0x20, 0x20, 0x20, 0x20, 0x20, 0x74, 0x6d, 0x70, 0x76, 0x61, 0x72, // {.        tmpvar
	0x5f, 0x31, 0x31, 0x38, 0x20, 0x3d, 0x20, 0x72, 0x65, 0x67, 0x31, 0x5f, 0x31, 0x31, 0x35, 0x2e, // _118 = reg1_115.
	0x77, 0x3b, 0x0a, 0x20, 0x20, 0x20, 0x20, 0x20, 0x20, 0x7d, 0x20, 0x65, 0x6c, 0x73, 0x65, 0x20, // w;.      } else
	0x7b, 0x0a, 0x20, 0x20, 0x20, 0x20, 0x20, 0x20, 0x20, 0x20, 0x69, 0x66, 0x20, 0x28, 0x28, 0x75, // {.        if ((u
	0x5f, 0x67, 0x78, 0x5f, 0x74, 0x65, 0x76, 0x5f, 0x61, 0x6c, 0x70, 0x68, 0x61, 0x5f, 0x69, 0x6e, // _gx_tev_alpha_in
	0x32, 0x2e, 0x78, 0x20, 0x3c, 0x20, 0x32, 0x2e, 0x35, 0x29, 0x29, 0x20, 0x7b, 0x0a, 0x20, 0x20, // 2.x < 2.5)) {.
	0x20, 0x20, 0x20, 0x20, 0x20, 0x20, 0x20, 0x20, 0x74, 0x6d, 0x70, 0x76, 0x61, 0x72, 0x5f, 0x31, //         tmpvar_1
	0x31, 0x38, 0x20, 0x3d, 0x20, 0x72, 0x65, 0x67, 0x32, 0x5f, 0x31, 0x31, 0x36, 0x2e, 0x77, 0x3b, // 18 = reg2_116.w;
	0x0a, 0x20, 0x20, 0x20, 0x20, 0x20, 0x20, 0x20, 0x20, 0x7d, 0x20, 0x65, 0x6c, 0x73, 0x65, 0x20, // .        } else
	0x7b, 0x0a, 0x20, 0x20, 0x20, 0x20, 0x20, 0x20, 0x20, 0x20, 0x20, 0x20, 0x69, 0x66, 0x20, 0x28, // {.          if (
	0x28, 0x75, 0x5f, 0x67, 0x78, 0x5f, 0x74, 0x65, 0x76, 0x5f, 0x61, 0x6c, 0x70, 0x68, 0x61, 0x5f, // (u_gx_tev_alpha_
	0x69, 0x6e, 0x32, 0x2e, 0x78, 0x20, 0x3c, 0x20, 0x33, 0x2e, 0x35, 0x29, 0x29, 0x20, 0x7b, 0x0a, // in2.x < 3.5)) {.
	0x20, 0x20, 0x20, 0x20, 0x20, 0x20, 0x20, 0x20, 0x20, 0x20, 0x20, 0x20, 0x74, 0x6d, 0x70, 0x76, //             tmpv
	0x61, 0x72, 0x5f, 0x31, 0x31, 0x38, 0x20, 0x3d, 0x20, 0x72, 0x65, 0x67, 0x33, 0x5f, 0x31, 0x31, // ar_118 = reg3_11
	0x37, 0x2e, 0x77, 0x3b, 0x0a, 0x20, 0x20, 0x20, 0x20, 0x20, 0x20, 0x20, 0x20, 0x20, 0x20, 0x7d, // 7.w;.          }
	0x20, 0x65, 0x6c, 0x73, 0x65, 0x20, 0x7b, 0x0a, 0x20, 0x20, 0x20, 0x20, 0x20, 0x20, 0x20, 0x20, //  else {.
	0x20, 0x20, 0x20, 0x20, 0x69, 0x66, 0x20, 0x28, 0x28, 0x75, 0x5f, 0x67, 0x78, 0x5f, 0x74, 0x65, //     if ((u_gx_te
	0x76, 0x5f, 0x61, 0x6c, 0x70, 0x68, 0x61, 0x5f, 0x69, 0x6e, 0x32, 0x2e, 0x78, 0x20, 0x3c, 0x20, // v_alpha_in2.x <
	0x34, 0x2e, 0x35, 0x29, 0x29, 0x20, 0x7b, 0x0a, 0x20, 0x20, 0x20, 0x20, 0x20, 0x20, 0x20, 0x20, // 4.5)) {.
	0x20, 0x20, 0x20, 0x20, 0x20, 0x20, 0x74, 0x6d, 0x70, 0x76, 0x61, 0x72, 0x5f, 0x31, 0x31, 0x38, //       tmpvar_118
	0x20, 0x3d, 0x20, 0x74, 0x6d, 0x70, 0x76, 0x61, 0x72, 0x5f, 0x39, 0x37, 0x2e, 0x77, 0x3b, 0x0a, //  = tmpvar_97.w;.
	0x20, 0x20, 0x20, 0x20, 0x20, 0x20, 0x20, 0x20, 0x20, 0x20, 0x20, 0x20, 0x7d, 0x20, 0x65, 0x6c, //             } el
	0x73, 0x65, 0x20, 0x7b, 0x0a, 0x20, 0x20, 0x20, 0x20, 0x20, 0x20, 0x20, 0x20, 0x20, 0x20, 0x20, // se {.
	0x20, 0x20, 0x20, 0x69, 0x66, 0x20, 0x28, 0x28, 0x75, 0x5f, 0x67, 0x78, 0x5f, 0x74, 0x65, 0x76, //    if ((u_gx_tev
	0x5f, 0x61, 0x6c, 0x70, 0x68, 0x61, 0x5f, 0x69, 0x6e, 0x32, 0x2e, 0x78, 0x20, 0x3c, 0x20, 0x35, // _alpha_in2.x < 5
	0x2e, 0x35, 0x29, 0x29, 0x20, 0x7b, 0x0a, 0x20, 0x20, 0x20, 0x20, 0x20, 0x20, 0x20, 0x20, 0x20, // .5)) {.
	0x20, 0x20, 0x20, 0x20, 0x20, 0x20, 0x20, 0x74, 0x6d, 0x70, 0x76, 0x61, 0x72, 0x5f, 0x31, 0x31, //        tmpvar_11
	0x38, 0x20, 0x3d, 0x20, 0x76, 0x5f, 0x63, 0x6f, 0x6c, 0x6f, 0x72, 0x30, 0x2e, 0x77, 0x3b, 0x0a, // 8 = v_color0.w;.
	0x20, 0x20, 0x20, 0x20, 0x20, 0x20, 0x20, 0x20, 0x20, 0x20, 0x20, 0x20, 0x20, 0x20, 0x7d, 0x20, //               }
	0x65, 0x6c, 0x73, 0x65, 0x20, 0x7b, 0x0a, 0x20, 0x20, 0x20, 0x20, 0x20, 0x20, 0x20, 0x20, 0x20, // else {.
	0x20, 0x20, 0x20, 0x20, 0x20, 0x20, 0x20, 0x69, 0x66, 0x20, 0x28, 0x28, 0x75, 0x5f, 0x67, 0x78, //        if ((u_gx
	0x5f, 0x74, 0x65, 0x76, 0x5f, 0x61, 0x6c, 0x70, 0x68, 0x61, 0x5f, 0x69, 0x6e, 0x32, 0x2e, 0x78, // _tev_alpha_in2.x
	0x20, 0x3c, 0x20, 0x36, 0x2e, 0x35, 0x29, 0x29, 0x20, 0x7b, 0x0a, 0x20, 0x20, 0x20, 0x20, 0x20, //  < 6.5)) {.
	0x20, 0x20, 0x20, 0x20, 0x20, 0x20, 0x20, 0x20, 0x20, 0x20, 0x20, 0x20, 0x20, 0x74, 0x6d, 0x70, //              tmp
	0x76, 0x61, 0x72, 0x5f, 0x31, 0x31, 0x38, 0x20, 0x3d, 0x20, 0x75, 0x5f, 0x67, 0x78, 0x5f, 0x74, // var_118 = u_gx_t
	0x65, 0x76, 0x5f, 0x6b, 0x6f, 0x6e, 0x73, 0x74, 0x32, 0x2e, 0x77, 0x3b, 0x0a, 0x20, 0x20, 0x20, // ev_konst2.w;.
	0x20, 0x20, 0x20, 0x20, 0x20, 0x20, 0x20, 0x20, 0x20, 0x20, 0x20, 0x20, 0x20, 0x7d, 0x20, 0x65, //              } e
	0x6c, 0x73, 0x65, 0x20, 0x7b, 0x0a, 0x20, 0x20, 0x20, 0x20, 0x20, 0x20, 0x20, 0x20, 0x20, 0x20, // lse {.
	0x20, 0x20, 0x20, 0x20, 0x20, 0x20, 0x20, 0x20, 0x74, 0x6d, 0x70, 0x76, 0x61, 0x72, 0x5f, 0x31, //         tmpvar_1
	0x31, 0x38, 0x20, 0x3d, 0x20, 0x30, 0x2e, 0x30, 0x3b, 0x0a, 0x20, 0x20, 0x20, 0x20, 0x20, 0x20, // 18 = 0.0;.
	0x20, 0x20, 0x20, 0x20, 0x20, 0x20, 0x20, 0x20, 0x20, 0x20, 0x7d, 0x3b, 0x0a, 0x20, 0x20, 0x20, //           };.
	0x20, 0x20, 0x20, 0x20, 0x20, 0x20, 0x20, 0x20, 0x20, 0x20, 0x20, 0x7d, 0x3b, 0x0a, 0x20, 0x20, //            };.
	0x20, 0x20, 0x20, 0x20, 0x20, 0x20, 0x20, 0x20, 0x20, 0x20, 0x7d, 0x3b, 0x0a, 0x20, 0x20, 0x20, //           };.
	0x20, 0x20, 0x20, 0x20, 0x20, 0x20, 0x20, 0x7d, 0x3b, 0x0a, 0x20, 0x20, 0x20, 0x20, 0x20, 0x20, //        };.
	0x20, 0x20, 0x7d, 0x3b, 0x0a, 0x20, 0x20, 0x20, 0x20, 0x20, 0x20, 0x7d, 0x3b, 0x0a, 0x20, 0x20, //   };.      };.
	0x20, 0x20, 0x7d, 0x3b, 0x0a, 0x20, 0x20, 0x20, 0x20, 0x66, 0x6c, 0x6f, 0x61, 0x74, 0x20, 0x74, //   };.    float t
	0x6d, 0x70, 0x76, 0x61, 0x72, 0x5f, 0x31, 0x31, 0x39, 0x3b, 0x0a, 0x20, 0x20, 0x20, 0x20, 0x69, // mpvar_119;.    i
	0x66, 0x20, 0x28, 0x28, 0x75, 0x5f, 0x67, 0x78, 0x5f, 0x74, 0x65, 0x76, 0x5f, 0x61, 0x6c, 0x70, // f ((u_gx_tev_alp
	0x68, 0x61, 0x5f, 0x69, 0x6e, 0x32, 0x2e, 0x79, 0x20, 0x3c, 0x20, 0x30, 0x2e, 0x35, 0x29, 0x29, // ha_in2.y < 0.5))
	0x20, 0x7b, 0x0a, 0x20, 0x20, 0x20, 0x20, 0x20, 0x20, 0x74, 0x6d, 0x70, 0x76, 0x61, 0x72, 0x5f, //  {.      tmpvar_
	0x31, 0x31, 0x39, 0x20, 0x3d, 0x20, 0x72, 0x65, 0x67, 0x30, 0x5f, 0x31, 0x31, 0x34, 0x2e, 0x77, // 119 = reg0_114.w
	0x3b, 0x0a, 0x20, 0x20, 0x20, 0x20, 0x7d, 0x20, 0x65, 0x6c, 0x73, 0x65, 0x20, 0x7b, 0x0a, 0x20, // ;.    } else {.
	0x20, 0x20, 0x20, 0x20, 0x20, 0x69, 0x66, 0x20, 0x28, 0x28, 0x75, 0x5f, 0x67, 0x78, 0x5f, 0x74, //      if ((u_gx_t
	0x65, 0x76, 0x5f, 0x61, 0x6c, 0x70, 0x68, 0x61, 0x5f, 0x69, 0x6e, 0x32, 0x2e, 0x79, 0x20, 0x3c, // ev_alpha_in2.y <
	0x20, 0x31, 0x2e, 0x35, 0x29, 0x29, 0x20, 0x7b, 0x0a, 0x20, 0x20, 0x20, 0x20, 0x20, 0x20, 0x20, //  1.5)) {.
	0x20, 0x74, 0x6d, 0x70, 0x76, 0x61, 0x72, 0x5f, 0x31, 0x31, 0x39, 0x20, 0x3d, 0x20, 0x72, 0x65, //  tmpvar_119 = re
	0x67, 0x31, 0x5f, 0x31, 0x31, 0x35, 0x2e, 0x77, 0x3b, 0x0a, 0x20, 0x20, 0x20, 0x20, 0x20, 0x20, // g1_115.w;.
	0x7d, 0x20, 0x65, 0x6c, 0x73, 0x65, 0x20, 0x7b, 0x0a, 0x20, 0x20, 0x20, 0x20, 0x20, 0x20, 0x20, // } else {.
	0x20, 0x69, 0x66, 0x20, 0x28, 0x28, 0x75, 0x5f, 0x67, 0x78, 0x5f, 0x74, 0x65, 0x76, 0x5f, 0x61, //  if ((u_gx_tev_a
	0x6c, 0x70, 0x68, 0x61, 0x5f, 0x69, 0x6e, 0x32, 0x2e, 0x79, 0x20, 0x3c, 0x20, 0x32, 0x2e, 0x35, // lpha_in2.y < 2.5
	0x29, 0x29, 0x20, 0x7b, 0x0a, 0x20, 0x20, 0x20, 0x20, 0x20, 0x20, 0x20, 0x20, 0x20, 0x20, 0x74, // )) {.          t
	0x6d, 0x70, 0x76, 0x61, 0x72, 0x5f, 0x31, 0x31, 0x39, 0x20, 0x3d, 0x20, 0x72, 0x65, 0x67, 0x32, // mpvar_119 = reg2
	0x5f, 0x31, 0x31, 0x36, 0x2e, 0x77, 0x3b, 0x0a, 0x20, 0x20, 0x20, 0x20, 0x20, 0x20, 0x20, 0x20, // _116.w;.
	0x7d, 0x20, 0x65, 0x6c, 0x73, 0x65, 0x20, 0x7b, 0x0a, 0x20, 0x20, 0x20, 0x20, 0x20, 0x20, 0x20, // } else {.
	0x20, 0x20, 0x20, 0x69, 0x66, 0x20, 0x28, 0x28, 0x75, 0x5f, 0x67, 0x78, 0x5f, 0x74, 0x65, 0x76, //    if ((u_gx_tev
	0x5f, 0x61, 0x6c, 0x70, 0x68, 0x61, 0x5f, 0x69, 0x6e, 0x32, 0x2e, 0x79, 0x20, 0x3c, 0x20, 0x33, // _alpha_in2.y < 3
	0x2e, 0x35, 0x29, 0x29, 0x20, 0x7b, 0x0a, 0x20, 0x20, 0x20, 0x20, 0x20, 0x20, 0x20, 0x20, 0x20, // .5)) {.
	0x20, 0x20, 0x20, 0x74, 0x6d, 0x70, 0x76, 0x61, 0x72, 0x5f, 0x31, 0x31, 0x39, 0x20, 0x3d, 0x20, //    tmpvar_119 =
	0x72, 0x65, 0x67, 0x33, 0x5f, 0x31, 0x31, 0x37, 0x2e, 0x77, 0x3b, 0x0a, 0x20, 0x20, 0x20, 0x20, // reg3_117.w;.
	0x20, 0x20, 0x20, 0x20, 0x20, 0x20, 0x7d, 0x20, 0x65, 0x6c, 0x73, 0x65, 0x20, 0x7b, 0x0a, 0x20, //       } else {.
	0x20, 0x20, 0x20, 0x20, 0x20, 0x20, 0x20, 0x20, 0x20, 0x20, 0x20, 0x69, 0x66, 0x20, 0x28, 0x28, //            if ((
	0x75, 0x5f, 0x67, 0x78, 0x5f, 0x74, 0x65, 0x76, 0x5f, 0x61, 0x6c, 0x70, 0x68, 0x61, 0x5f, 0x69, // u_gx_tev_alpha_i
	0x6e, 0x32, 0x2e, 0x79, 0x20, 0x3c, 0x20, 0x34, 0x2e, 0x35, 0x29, 0x29, 0x20, 0x7b, 0x0a, 0x20, // n2.y < 4.5)) {.
	0x20, 0x20, 0x20, 0x20, 0x20, 0x20, 0x20, 0x20, 0x20, 0x20, 0x20, 0x20, 0x20, 0x74, 0x6d, 0x70, //              tmp
	0x76, 0x61, 0x72, 0x5f, 0x31, 0x31, 0x39, 0x20, 0x3d, 0x20, 0x74, 0x6d, 0x70, 0x76, 0x61, 0x72, // var_119 = tmpvar
	0x5f, 0x39, 0x37, 0x2e, 0x77, 0x3b, 0x0a, 0x20, 0x20, 0x20, 0x20, 0x20, 0x20, 0x20, 0x20, 0x20, // _97.w;.
	0x20, 0x20, 0x20, 0x7d, 0x20, 0x65, 0x6c, 0x73, 0x65, 0x20, 0x7b, 0x0a, 0x20, 0x20, 0x20, 0x20, //    } else {.
	0x20, 0x20, 0x20, 0x20, 0x20, 0x20, 0x20, 0x20, 0x20, 0x20, 0x69, 0x66, 0x20, 0x28, 0x28, 0x75, //           if ((u
	0x5f, 0x67, 0x78, 0x5f, 0x74, 0x65, 0x76, 0x5f, 0x61, 0x6c, 0x70, 0x68, 0x61, 0x5f, 0x69, 0x6e, // _gx_tev_alpha_in
	0x32, 0x2e, 0x79, 0x20, 0x3c, 0x20, 0x35, 0x2e, 0x35, 0x29, 0x29, 0x20, 0x7b, 0x0a, 0x20, 0x20, // 2.y < 5.5)) {.
	0x20, 0x20, 0x20, 0x20, 0x20, 0x20, 0x20, 0x20, 0x20, 0x20, 0x20, 0x20, 0x20, 0x20, 0x74, 0x6d, //               tm
	0x70, 0x76, 0x61, 0x72, 0x5f, 0x31, 0x31, 0x39, 0x20, 0x3d, 0x20, 0x76, 0x5f, 0x63, 0x6f, 0x6c, // pvar_119 = v_col
	0x6f, 0x72, 0x30, 0x2e, 0x77, 0x3b, 0x0a, 0x20, 0x20, 0x20, 0x20, 0x20, 0x20, 0x20, 0x20, 0x20, // or0.w;.
	0x20, 0x20, 0x20, 0x20, 0x20, 0x7d, 0x20, 0x65, 0x6c, 0x73, 0x65, 0x20, 0x7b, 0x0a, 0x20, 0x20, //      } else {.
	0x20, 0x20, 0x20, 0x20, 0x20, 0x20, 0x20, 0x20, 0x20, 0x20, 0x20, 0x20, 0x20, 0x20, 0x69, 0x66, //               if
	0x20, 0x28, 0x28, 0x75, 0x5f, 0x67, 0x78, 0x5f, 0x74, 0x65, 0x76, 0x5f, 0x61, 0x6c, 0x70, 0x68, //  ((u_gx_tev_alph
	0x61, 0x5f, 0x69, 0x6e, 0x32, 0x2e, 0x79, 0x20, 0x3c, 0x20, 0x36, 0x2e, 0x35, 0x29, 0x29, 0x20, // a_in2.y < 6.5))
	0x7b, 0x0a, 0x20, 0x20, 0x20, 0x20, 0x20, 0x20, 0x20, 0x20, 0x20, 0x20, 0x20, 0x20, 0x20, 0x20, // {.
	0x20, 0x20, 0x20, 0x20, 0x74, 0x6d, 0x70, 0x76, 0x61, 0x72, 0x5f, 0x31, 0x31, 0x39, 0x20, 0x3d, //     tmpvar_119 =
	0x20, 0x75, 0x5f, 0x67, 0x78, 0x5f, 0x74, 0x65, 0x76, 0x5f, 0x6b, 0x6f, 0x6e, 0x73, 0x74, 0x32, //  u_gx_tev_konst2
	0x2e, 0x77, 0x3b, 0x0a, 0x20, 0x20, 0x20, 0x20, 0x20, 0x20, 0x20, 0x20, 0x20, 0x20, 0x20, 0x20, // .w;.
	0x20, 0x20, 0x20, 0x20, 0x7d, 0x20, 0x65, 0x6c, 0x73, 0x65, 0x20, 0x7b, 0x0a, 0x20, 0x20, 0x20, //     } else {.
	0x20, 0x20, 0x20, 0x20, 0x20, 0x20, 0x20, 0x20, 0x20, 0x20, 0x20, 0x20, 0x20, 0x20, 0x20, 0x74, //                t
	0x6d, 0x70, 0x76, 0x61, 0x72, 0x5f, 0x31, 0x31, 0x39, 0x20, 0x3d, 0x20, 0x30, 0x2e, 0x30, 0x3b, // mpvar_119 = 0.0;
	0x0a, 0x20, 0x20, 0x20, 0x20, 0x20, 0x20, 0x20, 0x20, 0x20, 0x20, 0x20, 0x20, 0x20, 0x20, 0x20, // .
	0x20, 0x7d, 0x3b, 0x0a, 0x20, 0x20, 0x20, 0x20, 0x20, 0x20, 0x20, 0x20, 0x20, 0x20, 0x20, 0x20, //  };.
	0x20, 0x20, 0x7d, 0x3b, 0x0a, 0x20, 0x20, 0x20, 0x20, 0x20, 0x20, 0x20, 0x20, 0x20, 0x20, 0x20, //   };.
	0x20, 0x7d, 0x3b, 0x0a, 0x20, 0x20, 0x20, 0x20, 0x20, 0x20, 0x20, 0x20, 0x20, 0x20, 0x7d, 0x3b, //  };.          };
	0x0a, 0x20, 0x20, 0x20, 0x20, 0x20, 0x20, 0x20, 0x20, 0x7d, 0x3b, 0x0a, 0x20, 0x20, 0x20, 0x20, // .        };.
	0x20, 0x20, 0x7d, 0x3b, 0x0a, 0x20, 0x20, 0x20, 0x20, 0x7d, 0x3b, 0x0a, 0x20, 0x20, 0x20, 0x20, //   };.    };.
	0x66, 0x6c, 0x6f, 0x61, 0x74, 0x20, 0x74, 0x6d, 0x70, 0x76, 0x61, 0x72, 0x5f, 0x31, 0x32, 0x30, // float tmpvar_120
	0x3b, 0x0a, 0x20, 0x20, 0x20, 0x20, 0x69, 0x66, 0x20, 0x28, 0x28, 0x75, 0x5f, 0x67, 0x78, 0x5f, // ;.    if ((u_gx_
	0x74, 0x65, 0x76, 0x5f, 0x61, 0x6c, 0x70, 0x68, 0x61, 0x5f, 0x69, 0x6e, 0x32, 0x2e, 0x7a, 0x20, // tev_alpha_in2.z
	0x3c, 0x20, 0x30, 0x2e, 0x35, 0x29, 0x29, 0x20, 0x7b, 0x0a, 0x20, 0x20, 0x20, 0x20, 0x20, 0x20, // < 0.5)) {.
	0x74, 0x6d, 0x70, 0x76, 0x61, 0x72, 0x5f, 0x31, 0x32, 0x30, 0x20, 0x3d, 0x20, 0x72, 0x65, 0x67, // tmpvar_120 = reg
	0x30, 0x5f, 0x31, 0x31, 0x34, 0x2e, 0x77, 0x3b, 0x0a, 0x20, 0x20, 0x20, 0x20, 0x7d, 0x20, 0x65, // 0_114.w;.    } e
	0x6c, 0x73, 0x65, 0x20, 0x7b, 0x0a, 0x20, 0x20, 0x20, 0x20, 0x20, 0x20, 0x69, 0x66, 0x20, 0x28, // lse {.      if (
	0x28, 0x75, 0x5f, 0x67, 0x78, 0x5f, 0x74, 0x65, 0x76, 0x5f, 0x61, 0x6c, 0x70, 0x68, 0x61, 0x5f, // (u_gx_tev_alpha_
	0x69, 0x6e, 0x32, 0x2e, 0x7a, 0x20, 0x3c, 0x20, 0x31, 0x2e, 0x35, 0x29, 0x29, 0x20, 0x7b, 0x0a, // in2.z < 1.5)) {.
	0x20, 0x20, 0x20, 0x20, 0x20, 0x20, 0x20, 0x20, 0x74, 0x6d, 0x70, 0x76, 0x61, 0x72, 0x5f, 0x31, //         tmpvar_1
	0x32, 0x30, 0x20, 0x3d, 0x20, 0x72, 0x65, 0x67, 0x31, 0x5f, 0x31, 0x31, 0x35, 0x2e, 0x77, 0x3b, // 20 = reg1_115.w;
	0x0a, 0x20, 0x20, 0x20, 0x20, 0x20, 0x20, 0x7d, 0x20, 0x65, 0x6c, 0x73, 0x65, 0x20, 0x7b, 0x0a, // .      } else {.
	0x20, 0x20, 0x20, 0x20, 0x20, 0x20, 0x20, 0x20, 0x69, 0x66, 0x20, 0x28, 0x28, 0x75, 0x5f, 0x67, //         if ((u_g
	0x78, 0x5f, 0x74, 0x65, 0x76, 0x5f, 0x61, 0x6c, 0x70, 0x68, 0x61, 0x5f, 0x69, 0x6e, 0x32, 0x2e, // x_tev_alpha_in2.
	0x7a, 0x20, 0x3c, 0x20, 0x32, 0x2e, 0x35, 0x29, 0x29, 0x20, 0x7b, 0x0a, 0x20, 0x20, 0x20, 0x20, // z < 2.5)) {.
	0x20, 0x20, 0x20, 0x20, 0x20, 0x20, 0x74, 0x6d, 0x70, 0x76, 0x61, 0x72, 0x5f, 0x31, 0x32, 0x30, //       tmpvar_120
	0x20, 0x3d, 0x20, 0x72, 0x65, 0x67, 0x32, 0x5f, 0x31, 0x31, 0x36, 0x2e, 0x77, 0x3b, 0x0a, 0x20, //  = reg2_116.w;.
	0x20, 0x20, 0x20, 0x20, 0x20, 0x20, 0x20, 0x7d, 0x20, 0x65, 0x6c, 0x73, 0x65, 0x20, 0x7b, 0x0a, //        } else {.
	0x20, 0x20, 0x20, 0x20, 0x20, 0x20, 0x20, 0x20, 0x20, 0x20, 0x69, 0x66, 0x20, 0x28, 0x28, 0x75, //           if ((u
	0x5f, 0x67, 0x78, 0x5f, 0x74, 0x65, 0x76, 0x5f, 0x61, 0x6c, 0x70, 0x68, 0x61, 0x5f, 0x69, 0x6e, // _gx_tev_alpha_in
	0x32, 0x2e, 0x7a, 0x20, 0x3c, 0x20, 0x33, 0x2e, 0x35, 0x29, 0x29, 0x20, 0x7b, 0x0a, 0x20, 0x20, // 2.z < 3.5)) {.
	0x20, 0x20, 0x20, 0x20, 0x20, 0x20, 0x20, 0x20, 0x20, 0x20, 0x74, 0x6d, 0x70, 0x76, 0x61, 0x72, //           tmpvar
	0x5f, 0x31, 0x32, 0x30, 0x20, 0x3d, 0x20, 0x72, 0x65, 0x67, 0x33, 0x5f, 0x31, 0x31, 0x37, 0x2e, // _120 = reg3_117.
	0x77, 0x3b, 0x0a, 0x20, 0x20, 0x20, 0x20, 0x20, 0x20, 0x20, 0x20, 0x20, 0x20, 0x7d, 0x20, 0x65, // w;.          } e
	0x6c, 0x73, 0x65, 0x20, 0x7b, 0x0a, 0x20, 0x20, 0x20, 0x20, 0x20, 0x20, 0x20, 0x20, 0x20, 0x20, // lse {.
	0x20, 0x20, 0x69, 0x66, 0x20, 0x28, 0x28, 0x75, 0x5f, 0x67, 0x78, 0x5f, 0x74, 0x65, 0x76, 0x5f, //   if ((u_gx_tev_
	0x61, 0x6c, 0x70, 0x68, 0x61, 0x5f, 0x69, 0x6e, 0x32, 0x2e, 0x7a, 0x20, 0x3c, 0x20, 0x34, 0x2e, // alpha_in2.z < 4.
	0x35, 0x29, 0x29, 0x20, 0x7b, 0x0a, 0x20, 0x20, 0x20, 0x20, 0x20, 0x20, 0x20, 0x20, 0x20, 0x20, // 5)) {.
	0x20, 0x20, 0x20, 0x20, 0x74, 0x6d, 0x70, 0x76, 0x61, 0x72, 0x5f, 0x31, 0x32, 0x30, 0x20, 0x3d, //     tmpvar_120 =
	0x20, 0x74, 0x6d, 0x70, 0x76, 0x61, 0x72, 0x5f, 0x39, 0x37, 0x2e, 0x77, 0x3b, 0x0a, 0x20, 0x20, //  tmpvar_97.w;.
	0x20, 0x20, 0x20, 0x20, 0x20, 0x20, 0x20, 0x20, 0x20, 0x20, 0x7d, 0x20, 0x65, 0x6c, 0x73, 0x65, //           } else
	0x20, 0x7b, 0x0a, 0x20, 0x20, 0x20, 0x20, 0x20, 0x20, 0x20, 0x20, 0x20, 0x20, 0x20, 0x20, 0x20, //  {.
	0x20, 0x69, 0x66, 0x20, 0x28, 0x28, 0x75, 0x5f, 0x67, 0x78, 0x5f, 0x74, 0x65, 0x76, 0x5f, 0x61, //  if ((u_gx_tev_a
	0x6c, 0x70, 0x68, 0x61, 0x5f, 0x69, 0x6e, 0x32, 0x2e, 0x7a, 0x20, 0x3c, 0x20, 0x35, 0x2e, 0x35, // lpha_in2.z < 5.5
	0x29, 0x29, 0x20, 0x7b, 0x0a, 0x20, 0x20, 0x20, 0x20, 0x20, 0x20, 0x20, 0x20, 0x20, 0x20, 0x20, // )) {.
	0x20, 0x20, 0x20, 0x20, 0x20, 0x74, 0x6d, 0x70, 0x76, 0x61, 0x72, 0x5f, 0x31, 0x32, 0x30, 0x20, //      tmpvar_120
	0x3d, 0x20, 0x76, 0x5f, 0x63, 0x6f, 0x6c, 0x6f, 0x72, 0x30, 0x2e, 0x77, 0x3b, 0x0a, 0x20, 0x20, // = v_color0.w;.
	0x20, 0x20, 0x20, 0x20, 0x20, 0x20, 0x20, 0x20, 0x20, 0x20, 0x20, 0x20, 0x7d, 0x20, 0x65, 0x6c, //             } el
	0x73, 0x65, 0x20, 0x7b, 0x0a, 0x20, 0x20, 0x20, 0x20, 0x20, 0x20, 0x20, 0x20, 0x20, 0x20, 0x20, // se {.
	0x20, 0x20, 0x20, 0x20, 0x20, 0x69, 0x66, 0x20, 0x28, 0x28, 0x75, 0x5f, 0x67, 0x78, 0x5f, 0x74, //      if ((u_gx_t
	0x65, 0x76, 0x5f, 0x61, 0x6c, 0x70, 0x68, 0x61, 0x5f, 0x69, 0x6e, 0x32, 0x2e, 0x7a, 0x20, 0x3c, // ev_alpha_in2.z <
	0x20, 0x36, 0x2e, 0x35, 0x29, 0x29, 0x20, 0x7b, 0x0a, 0x20, 0x20, 0x20, 0x20, 0x20, 0x20, 0x20, //  6.5)) {.
	0x20, 0x20, 0x20, 0x20, 0x20, 0x20, 0x20, 0x20, 0x20, 0x20, 0x20, 0x74, 0x6d, 0x70, 0x76, 0x61, //            tmpva
	0x72, 0x5f, 0x31, 0x32, 0x30, 0x20, 0x3d, 0x20, 0x75, 0x5f, 0x67, 0x78, 0x5f, 0x74, 0x65, 0x76, // r_120 = u_gx_tev
	0x5f, 0x6b, 0x6f, 0x6e, 0x73, 0x74, 0x32, 0x2e, 0x77, 0x3b, 0x0a, 0x20, 0x20, 0x20, 0x20, 0x20, // _konst2.w;.
	0x20, 0x20, 0x20, 0x20, 0x20, 0x20, 0x20, 0x20, 0x20, 0x20, 0x20, 0x7d, 0x20, 0x65, 0x6c, 0x73, //            } els
	0x65, 0x20, 0x7b, 0x0a, 0x20, 0x20, 0x20, 0x20, 0x20, 0x20, 0x20, 0x20, 0x20, 0x20, 0x20, 0x20, // e {.
	0x20, 0x20, 0x20, 0x20, 0x20, 0x20, 0x74, 0x6d, 0x70, 0x76, 0x61, 0x72, 0x5f, 0x31, 0x32, 0x30, //       tmpvar_120
	0x20, 0x3d, 0x20, 0x30, 0x2e, 0x30, 0x3b, 0x0a, 0x20, 0x20, 0x20, 0x20, 0x20, 0x20, 0x20, 0x20, //  = 0.0;.
	0x20, 0x20, 0x20, 0x20, 0x20, 0x20, 0x20, 0x20, 0x7d, 0x3b, 0x0a, 0x20, 0x20, 0x20, 0x20, 0x20, //         };.
	0x20, 0x20, 0x20, 0x20, 0x20, 0x20, 0x20, 0x20, 0x20, 0x7d, 0x3b, 0x0a, 0x20, 0x20, 0x20, 0x20, //          };.
	0x20, 0x20, 0x20, 0x20, 0x20, 0x20, 0x20, 0x20, 0x7d, 0x3b, 0x0a, 0x20, 0x20, 0x20, 0x20, 0x20, //         };.
	0x20, 0x20, 0x20, 0x20, 0x20, 0x7d, 0x3b, 0x0a, 0x20, 0x20, 0x20, 0x20, 0x20, 0x20, 0x20, 0x20, //      };.
	0x7d, 0x3b, 0x0a, 0x20, 0x20, 0x20, 0x20, 0x20, 0x20, 0x7d, 0x3b, 0x0a, 0x20, 0x20, 0x20, 0x20, // };.      };.
	0x7d, 0x3b, 0x0a, 0x20, 0x20, 0x20, 0x20, 0x66, 0x6c, 0x6f, 0x61, 0x74, 0x20, 0x74, 0x6d, 0x70, // };.    float tmp
	0x76, 0x61, 0x72, 0x5f, 0x31, 0x32, 0x31, 0x3b, 0x0a, 0x20, 0x20, 0x20, 0x20, 0x69, 0x66, 0x20, // var_121;.    if
	0x28, 0x28, 0x75, 0x5f, 0x67, 0x78, 0x5f, 0x74, 0x65, 0x76, 0x5f, 0x61, 0x6c, 0x70, 0x68, 0x61, // ((u_gx_tev_alpha
	0x5f, 0x69, 0x6e, 0x32, 0x2e, 0x77, 0x20, 0x3c, 0x20, 0x30, 0x2e, 0x35, 0x29, 0x29, 0x20, 0x7b, // _in2.w < 0.5)) {
	0x0a, 0x20, 0x20, 0x20, 0x20, 0x20, 0x20, 0x74, 0x6d, 0x70, 0x76, 0x61, 0x72, 0x5f, 0x31, 0x32, // .      tmpvar_12
	0x31, 0x20, 0x3d, 0x20, 0x72, 0x65, 0x67, 0x30, 0x5f, 0x31, 0x31, 0x34, 0x2e, 0x77, 0x3b, 0x0a, // 1 = reg0_114.w;.
	0x20, 0x20, 0x20, 0x20, 0x7d, 0x20, 0x65, 0x6c, 0x73, 0x65, 0x20, 0x7b, 0x0a, 0x20, 0x20, 0x20, //     } else {.
	0x20, 0x20, 0x20, 0x69, 0x66, 0x20, 0x28, 0x28, 0x75, 0x5f, 0x67, 0x78, 0x5f, 0x74, 0x65, 0x76, //    if ((u_gx_tev
	0x5f, 0x61, 0x6c, 0x70, 0x68, 0x61, 0x5f, 0x69, 0x6e, 0x32, 0x2e, 0x77, 0x20, 0x3c, 0x20, 0x31, // _alpha_in2.w < 1
	0x2e, 0x35, 0x29, 0x29, 0x20, 0x7b, 0x0a, 0x20, 0x20, 0x20, 0x20, 0x20, 0x20, 0x20, 0x20, 0x74, // .5)) {.        t
	0x6d, 0x70, 0x76, 0x61, 0x72, 0x5f, 0x31, 0x32, 0x31, 0x20, 0x3d, 0x20, 0x72, 0x65, 0x67, 0x31, // mpvar_121 = reg1
	0x5f, 0x31, 0x31, 0x35, 0x2e, 0x77, 0x3b, 0x0a, 0x20, 0x20, 0x20, 0x20, 0x20, 0x20, 0x7d, 0x20, // _115.w;.      }
	0x65, 0x6c, 0x73, 0x65, 0x20, 0x7b, 0x0a, 0x20, 0x20, 0x20, 0x20, 0x20, 0x20, 0x20, 0x20, 0x69, // else {.        i
	0x66, 0x20, 0x28, 0x28, 0x75, 0x5f, 0x67, 0x78, 0x5f, 0x74, 0x65, 0x76, 0x5f, 0x61, 0x6c, 0x70, // f ((u_gx_tev_alp
	0x68, 0x61, 0x5f, 0x69, 0x6e, 0x32, 0x2e, 0x77, 0x20, 0x3c, 0x20, 0x32, 0x2e, 0x35, 0x29, 0x29, // ha_in2.w < 2.5))
	0x20, 0x7b, 0x0a, 0x20, 0x20, 0x20, 0x20, 0x20, 0x20, 0x20, 0x20, 0x20, 0x20, 0x74, 0x6d, 0x70, //  {.          tmp
	0x76, 0x61, 0x72, 0x5f, 0x31, 0x32, 0x31, 0x20, 0x3d, 0x20, 0x72, 0x65, 0x67, 0x32, 0x5f, 0x31, // var_121 = reg2_1
	0x31, 0x36, 0x2e, 0x77, 0x3b, 0x0a, 0x20, 0x20, 0x20, 0x20, 0x20, 0x20, 0x20, 0x20, 0x7d, 0x20, // 16.w;.        }
	0x65, 0x6c, 0x73, 0x65, 0x20, 0x7b, 0x0a, 0x20, 0x20, 0x20, 0x20, 0x20, 0x20, 0x20, 0x20, 0x20, // else {.
	0x20, 0x69, 0x66, 0x20, 0x28, 0x28, 0x75, 0x5f, 0x67, 0x78, 0x5f, 0x74, 0x65, 0x76, 0x5f, 0x61, //  if ((u_gx_tev_a
	0x6c, 0x70, 0x68, 0x61, 0x5f, 0x69, 0x6e, 0x32, 0x2e, 0x77, 0x20, 0x3c, 0x20, 0x33, 0x2e, 0x35, // lpha_in2.w < 3.5
	0x29, 0x29, 0x20, 0x7b, 0x0a, 0x20, 0x20, 0x20, 0x20, 0x20, 0x20, 0x20, 0x20, 0x20, 0x20, 0x20, // )) {.
	0x20, 0x74, 0x6d, 0x70, 0x76, 0x61, 0x72, 0x5f, 0x31, 0x32, 0x31, 0x20, 0x3d, 0x20, 0x72, 0x65, //  tmpvar_121 = re
	0x67, 0x33, 0x5f, 0x31, 0x31, 0x37, 0x2e, 0x77, 0x3b, 0x0a, 0x20, 0x20, 0x20, 0x20, 0x20, 0x20, // g3_117.w;.
	0x20, 0x20, 0x20, 0x20, 0x7d, 0x20, 0x65, 0x6c, 0x73, 0x65, 0x20, 0x7b, 0x0a, 0x20, 0x20, 0x20, //     } else {.
	0x20, 0x20, 0x20, 0x20, 0x20, 0x20, 0x20, 0x20, 0x20, 0x69, 0x66, 0x20, 0x28, 0x28, 0x75, 0x5f, //          if ((u_
	0x67, 0x78, 0x5f, 0x74, 0x65, 0x76, 0x5f, 0x61, 0x6c, 0x70, 0x68, 0x61, 0x5f, 0x69, 0x6e, 0x32, // gx_tev_alpha_in2
	0x2e, 0x77, 0x20, 0x3c, 0x20, 0x34, 0x2e, 0x35, 0x29, 0x29, 0x20, 0x7b, 0x0a, 0x20, 0x20, 0x20, // .w < 4.5)) {.
	0x20, 0x20, 0x20, 0x20, 0x20, 0x20, 0x20, 0x20, 0x20, 0x20, 0x20, 0x74, 0x6d, 0x70, 0x76, 0x61, //            tmpva
	0x72, 0x5f, 0x31, 0x32, 0x31, 0x20, 0x3d, 0x20, 0x74, 0x6d, 0x70, 0x76, 0x61, 0x72, 0x5f, 0x39, // r_121 = tmpvar_9
	0x37, 0x2e, 0x77, 0x3b, 0x0a, 0x20, 0x20, 0x20, 0x20, 0x20, 0x20, 0x20, 0x20, 0x20, 0x20, 0x20, // 7.w;.
	0x20, 0x7d, 0x20, 0x65, 0x6c, 0x73, 0x65, 0x20, 0x7b, 0x0a, 0x20, 0x20, 0x20, 0x20, 0x20, 0x20, //  } else {.
	0x20, 0x20, 0x20, 0x20, 0x20, 0x20, 0x20, 0x20, 0x69, 0x66, 0x20, 0x28, 0x28, 0x75, 0x5f, 0x67, //         if ((u_g
	0x78, 0x5f, 0x74, 0x65, 0x76, 0x5f, 0x61, 0x6c, 0x70, 0x68, 0x61, 0x5f, 0x69, 0x6e, 0x32, 0x2e, // x_tev_alpha_in2.
	0x77, 0x20, 0x3c, 0x20, 0x35, 0x2e, 0x35, 0x29, 0x29, 0x20, 0x7b, 0x0a, 0x20, 0x20, 0x20, 0x20, // w < 5.5)) {.
	0x20, 0x20, 0x20, 0x20, 0x20, 0x20, 0x20, 0x20, 0x20, 0x20, 0x20, 0x20, 0x74, 0x6d, 0x70, 0x76, //             tmpv
	0x61, 0x72, 0x5f, 0x31, 0x32, 0x31, 0x20, 0x3d, 0x20, 0x76, 0x5f, 0x63, 0x6f, 0x6c, 0x6f, 0x72, // ar_121 = v_color
	0x30, 0x2e, 0x77, 0x3b, 0x0a, 0x20, 0x20, 0x20, 0x20, 0x20, 0x20, 0x20, 0x20, 0x20, 0x20, 0x20, // 0.w;.
	0x20, 0x20, 0x20, 0x7d, 0x20, 0x65, 0x6c, 0x73, 0x65, 0x20, 0x7b, 0x0a, 0x20, 0x20, 0x20, 0x20, //    } else {.
	0x20, 0x20, 0x20, 0x20, 0x20, 0x20, 0x20, 0x20, 0x20, 0x20, 0x20, 0x20, 0x69, 0x66, 0x20, 0x28, //             if (
	0x28, 0x75, 0x5f, 0x67, 0x78, 0x5f, 0x74, 0x65, 0x76, 0x5f, 0x61, 0x6c, 0x70, 0x68, 0x61, 0x5f, // (u_gx_tev_alpha_
	0x69, 0x6e, 0x32, 0x2e, 0x77, 0x20, 0x3c, 0x20, 0x36, 0x2e, 0x35, 0x29, 0x29, 0x20, 0x7b, 0x0a, // in2.w < 6.5)) {.
	0x20, 0x20, 0x20, 0x20, 0x20, 0x20, 0x20, 0x20, 0x20, 0x20, 0x20, 0x20, 0x20, 0x20, 0x20, 0x20, //
	0x20, 0x20, 0x74, 0x6d, 0x70, 0x76, 0x61, 0x72, 0x5f, 0x31, 0x32, 0x31, 0x20, 0x3d, 0x20, 0x75, //   tmpvar_121 = u
	0x5f, 0x67, 0x78, 0x5f, 0x74, 0x65, 0x76, 0x5f, 0x6b, 0x6f, 0x6e, 0x73, 0x74, 0x32, 0x2e, 0x77, // _gx_tev_konst2.w
	0x3b, 0x0a, 0x20, 0x20, 0x20, 0x20, 0x20, 0x20, 0x20, 0x20, 0x20, 0x20, 0x20, 0x20, 0x20, 0x20, // ;.
	0x20, 0x20, 0x7d, 0x20, 0x65, 0x6c, 0x73, 0x65, 0x20, 0x7b, 0x0a, 0x20, 0x20, 0x20, 0x20, 0x20, //   } else {.
	0x20, 0x20, 0x20, 0x20, 0x20, 0x20, 0x20, 0x20, 0x20, 0x20, 0x20, 0x20, 0x20, 0x74, 0x6d, 0x70, //              tmp
	0x76, 0x61, 0x72, 0x5f, 0x31, 0x32, 0x31, 0x20, 0x3d, 0x20, 0x30, 0x2e, 0x30, 0x3b, 0x0a, 0x20, // var_121 = 0.0;.
	0x20, 0x20, 0x20, 0x20, 0x20, 0x20, 0x20, 0x20, 0x20, 0x20, 0x20, 0x20, 0x20, 0x20, 0x20, 0x7d, //                }
	0x3b, 0x0a, 0x20, 0x20, 0x20, 0x20, 0x20, 0x20, 0x20, 0x20, 0x20, 0x20, 0x20, 0x20, 0x20, 0x20, // ;.
	0x7d, 0x3b, 0x0a, 0x20, 0x20, 0x20, 0x20, 0x20, 0x20, 0x20, 0x20, 0x20, 0x20, 0x20, 0x20, 0x7d, // };.            }
	0x3b, 0x0a, 0x20, 0x20, 0x20, 0x20, 0x20, 0x20, 0x20, 0x20, 0x20, 0x20, 0x7d, 0x3b, 0x0a, 0x20, // ;.          };.
	0x20, 0x20, 0x20, 0x20, 0x20, 0x20, 0x20, 0x7d, 0x3b, 0x0a, 0x20, 0x20, 0x20, 0x20, 0x20, 0x20, //        };.
	0x7d, 0x3b, 0x0a, 0x20, 0x20, 0x20, 0x20, 0x7d, 0x3b, 0x0a, 0x20, 0x20, 0x20, 0x20, 0x66, 0x6c, // };.    };.    fl
	0x6f, 0x61, 0x74, 0x20, 0x74, 0x6d, 0x70, 0x76, 0x61, 0x72, 0x5f, 0x31, 0x32, 0x32, 0x3b, 0x0a, // oat tmpvar_122;.
	0x20, 0x20, 0x20, 0x20, 0x66, 0x6c, 0x6f, 0x61, 0x74, 0x20, 0x72, 0x65, 0x73, 0x75, 0x6c, 0x74, //     float result
	0x5f, 0x31, 0x32, 0x33, 0x3b, 0x0a, 0x20, 0x20, 0x20, 0x20, 0x66, 0x6c, 0x6f, 0x61, 0x74, 0x20, // _123;.    float
	0x74, 0x65, 0x6d, 0x70, 0x5f, 0x31, 0x32, 0x34, 0x3b, 0x0a, 0x20, 0x20, 0x20, 0x20, 0x66, 0x6c, // temp_124;.    fl
	0x6f, 0x61, 0x74, 0x20, 0x64, 0x69, 0x5f, 0x31, 0x32, 0x35, 0x3b, 0x0a, 0x20, 0x20, 0x20, 0x20, // oat di_125;.
	0x66, 0x6c, 0x6f, 0x61, 0x74, 0x20, 0x74, 0x6d, 0x70, 0x76, 0x61, 0x72, 0x5f, 0x31, 0x32, 0x36, // float tmpvar_126
	0x3b, 0x0a, 0x20, 0x20, 0x20, 0x20, 0x69, 0x66, 0x20, 0x28, 0x28, 0x75, 0x5f, 0x67, 0x78, 0x5f, // ;.    if ((u_gx_
	0x74, 0x65, 0x76, 0x5f, 0x61, 0x6c, 0x70, 0x68, 0x61, 0x5f, 0x6f, 0x70, 0x32, 0x2e, 0x7a, 0x20, // tev_alpha_op2.z
	0x3c, 0x20, 0x30, 0x2e, 0x35, 0x29, 0x29, 0x20, 0x7b, 0x0a, 0x20, 0x20, 0x20, 0x20, 0x20, 0x20, // < 0.5)) {.
	0x74, 0x6d, 0x70, 0x76, 0x61, 0x72, 0x5f, 0x31, 0x32, 0x36, 0x20, 0x3d, 0x20, 0x31, 0x2e, 0x30, // tmpvar_126 = 1.0
	0x3b, 0x0a, 0x20, 0x20, 0x20, 0x20, 0x7d, 0x20, 0x65, 0x6c, 0x73, 0x65, 0x20, 0x7b, 0x0a, 0x20, // ;.    } else {.
	0x20, 0x20, 0x20, 0x20, 0x20, 0x69, 0x66, 0x20, 0x28, 0x28, 0x75, 0x5f, 0x67, 0x78, 0x5f, 0x74, //      if ((u_gx_t
	0x65, 0x76, 0x5f, 0x61, 0x6c, 0x70, 0x68, 0x61, 0x5f, 0x6f, 0x70, 0x32, 0x2e, 0x7a, 0x20, 0x3c, // ev_alpha_op2.z <
	0x20, 0x31, 0x2e, 0x35, 0x29, 0x29, 0x20, 0x7b, 0x0a, 0x20, 0x20, 0x20, 0x20, 0x20, 0x20, 0x20, //  1.5)) {.
	0x20, 0x74, 0x6d, 0x70, 0x76, 0x61, 0x72, 0x5f, 0x31, 0x32, 0x36, 0x20, 0x3d, 0x20, 0x32, 0x2e, //  tmpvar_126 = 2.
	0x30, 0x3b, 0x0a, 0x20, 0x20, 0x20, 0x20, 0x20, 0x20, 0x7d, 0x20, 0x65, 0x6c, 0x73, 0x65, 0x20, // 0;.      } else
	0x7b, 0x0a, 0x20, 0x20, 0x20, 0x20, 0x20, 0x20, 0x20, 0x20, 0x69, 0x66, 0x20, 0x28, 0x28, 0x75, // {.        if ((u
	0x5f, 0x67, 0x78, 0x5f, 0x74, 0x65, 0x76, 0x5f, 0x61, 0x6c, 0x70, 0x68, 0x61, 0x5f, 0x6f, 0x70, // _gx_tev_alpha_op
	0x32, 0x2e, 0x7a, 0x20, 0x3c, 0x20, 0x32, 0x2e, 0x35, 0x29, 0x29, 0x20, 0x7b, 0x0a, 0x20, 0x20, // 2.z < 2.5)) {.
	0x20, 0x20, 0x20, 0x20, 0x20, 0x20, 0x20, 0x20, 0x74, 0x6d, 0x70, 0x76, 0x61, 0x72, 0x5f, 0x31, //         tmpvar_1
	0x32, 0x36, 0x20, 0x3d, 0x20, 0x34, 0x2e, 0x30, 0x3b, 0x0a, 0x20, 0x20, 0x20, 0x20, 0x20, 0x20, // 26 = 4.0;.
	0x20, 0x20, 0x7d, 0x20, 0x65, 0x6c, 0x73, 0x65, 0x20, 0x7b, 0x0a, 0x20, 0x20, 0x20, 0x20, 0x20, //   } else {.
	0x20, 0x20, 0x20, 0x20, 0x20, 0x74, 0x6d, 0x70, 0x76, 0x61, 0x72, 0x5f, 0x31, 0x32, 0x36, 0x20, //      tmpvar_126
	0x3d, 0x20, 0x31, 0x2e, 0x30, 0x3b, 0x0a, 0x20, 0x20, 0x20, 0x20, 0x20, 0x20, 0x20, 0x20, 0x7d, // = 1.0;.        }
	0x3b, 0x0a, 0x20, 0x20, 0x20, 0x20, 0x20, 0x20, 0x7d, 0x3b, 0x0a, 0x20, 0x20, 0x20, 0x20, 0x7d, // ;.      };.    }
	0x3b, 0x0a, 0x20, 0x20, 0x20, 0x20, 0x66, 0x6c, 0x6f, 0x61, 0x74, 0x20, 0x74, 0x6d, 0x70, 0x76, // ;.    float tmpv
	0x61, 0x72, 0x5f, 0x31, 0x32, 0x37, 0x3b, 0x0a, 0x20, 0x20, 0x20, 0x20, 0x69, 0x66, 0x20, 0x28, // ar_127;.    if (
	0x28, 0x75, 0x5f, 0x67, 0x78, 0x5f, 0x74, 0x65, 0x76, 0x5f, 0x61, 0x6c, 0x70, 0x68, 0x61, 0x5f, // (u_gx_tev_alpha_
	0x6f, 0x70, 0x32, 0x2e, 0x7a, 0x20, 0x3e, 0x20, 0x32, 0x2e, 0x35, 0x29, 0x29, 0x20, 0x7b, 0x0a, // op2.z > 2.5)) {.
	0x20, 0x20, 0x20, 0x20, 0x20, 0x20, 0x74, 0x6d, 0x70, 0x76, 0x61, 0x72, 0x5f, 0x31, 0x32, 0x37, //       tmpvar_127
	0x20, 0x3d, 0x20, 0x32, 0x2e, 0x30, 0x3b, 0x0a, 0x20, 0x20, 0x20, 0x20, 0x7d, 0x20, 0x65, 0x6c, //  = 2.0;.    } el
	0x73, 0x65, 0x20, 0x7b, 0x0a, 0x20, 0x20, 0x20, 0x20, 0x20, 0x20, 0x74, 0x6d, 0x70, 0x76, 0x61, // se {.      tmpva
	0x72, 0x5f, 0x31, 0x32, 0x37, 0x20, 0x3d, 0x20, 0x31, 0x2e, 0x30, 0x3b, 0x0a, 0x20, 0x20, 0x20, // r_127 = 1.0;.
	0x20, 0x7d, 0x3b, 0x0a, 0x20, 0x20, 0x20, 0x20, 0x66, 0x6c, 0x6f, 0x61, 0x74, 0x20, 0x74, 0x6d, //  };.    float tm
	0x70, 0x76, 0x61, 0x72, 0x5f, 0x31, 0x32, 0x38, 0x3b, 0x0a, 0x20, 0x20, 0x20, 0x20, 0x74, 0x6d, // pvar_128;.    tm
	0x70, 0x76, 0x61, 0x72, 0x5f, 0x31, 0x32, 0x38, 0x20, 0x3d, 0x20, 0x66, 0x6c, 0x6f, 0x6f, 0x72, // pvar_128 = floor
	0x28, 0x28, 0x28, 0x74, 0x6d, 0x70, 0x76, 0x61, 0x72, 0x5f, 0x31, 0x32, 0x30, 0x20, 0x2a, 0x20, // (((tmpvar_120 *
	0x32, 0x35, 0x35, 0x2e, 0x30, 0x29, 0x20, 0x2b, 0x20, 0x30, 0x2e, 0x35, 0x29, 0x29, 0x3b, 0x0a, // 255.0) + 0.5));.
	0x20, 0x20, 0x20, 0x20, 0x64, 0x69, 0x5f, 0x31, 0x32, 0x35, 0x20, 0x3d, 0x20, 0x66, 0x6c, 0x6f, //     di_125 = flo
	0x6f, 0x72, 0x28, 0x28, 0x28, 0x74, 0x6d, 0x70, 0x76, 0x61, 0x72, 0x5f, 0x31, 0x32, 0x31, 0x20, // or(((tmpvar_121
	0x2a, 0x20, 0x32, 0x35, 0x35, 0x2e, 0x30, 0x29, 0x20, 0x2b, 0x20, 0x30, 0x2e, 0x35, 0x29, 0x29, // * 255.0) + 0.5))
	0x3b, 0x0a, 0x20, 0x20, 0x20, 0x20, 0x66, 0x6c, 0x6f, 0x61, 0x74, 0x20, 0x74, 0x6d, 0x70, 0x76, // ;.    float tmpv
	0x61, 0x72, 0x5f, 0x31, 0x32, 0x39, 0x3b, 0x0a, 0x20, 0x20, 0x20, 0x20, 0x74, 0x6d, 0x70, 0x76, // ar_129;.    tmpv
	0x61, 0x72, 0x5f, 0x31, 0x32, 0x39, 0x20, 0x3d, 0x20, 0x28, 0x74, 0x6d, 0x70, 0x76, 0x61, 0x72, // ar_129 = (tmpvar
	0x5f, 0x31, 0x32, 0x38, 0x20, 0x2b, 0x20, 0x66, 0x6c, 0x6f, 0x6f, 0x72, 0x28, 0x28, 0x74, 0x6d, // _128 + floor((tm
	0x70, 0x76, 0x61, 0x72, 0x5f, 0x31, 0x32, 0x38, 0x20, 0x2f, 0x20, 0x31, 0x32, 0x38, 0x2e, 0x30, // pvar_128 / 128.0
	0x29, 0x29, 0x29, 0x3b, 0x0a, 0x20, 0x20, 0x20, 0x20, 0x74, 0x65, 0x6d, 0x70, 0x5f, 0x31, 0x32, // )));.    temp_12
	0x34, 0x20, 0x3d, 0x20, 0x28, 0x28, 0x28, 0x0a, 0x20, 0x20, 0x20, 0x20, 0x20, 0x20, 0x66, 0x6c, // 4 = (((.      fl
	0x6f, 0x6f, 0x72, 0x28, 0x28, 0x28, 0x74, 0x6d, 0x70, 0x76, 0x61, 0x72, 0x5f, 0x31, 0x31, 0x38, // oor(((tmpvar_118
	0x20, 0x2a, 0x20, 0x32, 0x35, 0x35, 0x2e, 0x30, 0x29, 0x20, 0x2b, 0x20, 0x30, 0x2e, 0x35, 0x29, //  * 255.0) + 0.5)
	0x29, 0x0a, 0x20, 0x20, 0x20, 0x20, 0x20, 0x2a, 0x20, 0x0a, 0x20, 0x20, 0x20, 0x20, 0x20, 0x20, // ).     * .
	0x28, 0x32, 0x35, 0x36, 0x2e, 0x30, 0x20, 0x2d, 0x20, 0x74, 0x6d, 0x70, 0x76, 0x61, 0x72, 0x5f, // (256.0 - tmpvar_
	0x31, 0x32, 0x39, 0x29, 0x0a, 0x20, 0x20, 0x20, 0x20, 0x29, 0x20, 0x2b, 0x20, 0x28, 0x0a, 0x20, // 129).    ) + (.
	0x20, 0x20, 0x20, 0x20, 0x20, 0x66, 0x6c, 0x6f, 0x6f, 0x72, 0x28, 0x28, 0x28, 0x74, 0x6d, 0x70, //      floor(((tmp
	0x76, 0x61, 0x72, 0x5f, 0x31, 0x31, 0x39, 0x20, 0x2a, 0x20, 0x32, 0x35, 0x35, 0x2e, 0x30, 0x29, // var_119 * 255.0)
	0x20, 0x2b, 0x20, 0x30, 0x2e, 0x35, 0x29, 0x29, 0x0a, 0x20, 0x20, 0x20, 0x20, 0x20, 0x2a, 0x20, //  + 0.5)).     *
	0x74, 0x6d, 0x70, 0x76, 0x61, 0x72, 0x5f, 0x31, 0x32, 0x39, 0x29, 0x29, 0x20, 0x2a, 0x20, 0x74, // tmpvar_129)) * t
	0x6d, 0x70, 0x76, 0x61, 0x72, 0x5f, 0x31, 0x32, 0x36, 0x29, 0x3b, 0x0a, 0x20, 0x20, 0x20, 0x20, // mpvar_126);.
	0x69, 0x66, 0x20, 0x28, 0x28, 0x75, 0x5f, 0x67, 0x78, 0x5f, 0x74, 0x65, 0x76, 0x5f, 0x61, 0x6c, // if ((u_gx_tev_al
	0x70, 0x68, 0x61, 0x5f, 0x6f, 0x70, 0x32, 0x2e, 0x7a, 0x20, 0x3c, 0x20, 0x32, 0x2e, 0x35, 0x29, // pha_op2.z < 2.5)
	0x29, 0x20, 0x7b, 0x0a, 0x20, 0x20, 0x20, 0x20, 0x20, 0x20, 0x66, 0x6c, 0x6f, 0x61, 0x74, 0x20, // ) {.      float
	0x74, 0x6d, 0x70, 0x76, 0x61, 0x72, 0x5f, 0x31, 0x33, 0x30, 0x3b, 0x0a, 0x20, 0x20, 0x20, 0x20, // tmpvar_130;.
	0x20, 0x20, 0x69, 0x66, 0x20, 0x28, 0x28, 0x75, 0x5f, 0x67, 0x78, 0x5f, 0x74, 0x65, 0x76, 0x5f, //   if ((u_gx_tev_
	0x61, 0x6c, 0x70, 0x68, 0x61, 0x5f, 0x6f, 0x70, 0x32, 0x2e, 0x78, 0x20, 0x3e, 0x20, 0x30, 0x2e, // alpha_op2.x > 0.
	0x35, 0x29, 0x29, 0x20, 0x7b, 0x0a, 0x20, 0x20, 0x20, 0x20, 0x20, 0x20, 0x20, 0x20, 0x74, 0x6d, // 5)) {.        tm
	0x70, 0x76, 0x61, 0x72, 0x5f, 0x31, 0x33, 0x30, 0x20, 0x3d, 0x20, 0x31, 0x32, 0x37, 0x2e, 0x30, // pvar_130 = 127.0
	0x3b, 0x0a, 0x20, 0x20, 0x20, 0x20, 0x20, 0x20, 0x7d, 0x20, 0x65, 0x6c, 0x73, 0x65, 0x20, 0x7b, // ;.      } else {
	0x0a, 0x20, 0x20, 0x20, 0x20, 0x20, 0x20, 0x20, 0x20, 0x74, 0x6d, 0x70, 0x76, 0x61, 0x72, 0x5f, // .        tmpvar_
	0x31, 0x33, 0x30, 0x20, 0x3d, 0x20, 0x31, 0x32, 0x38, 0x2e, 0x30, 0x3b, 0x0a, 0x20, 0x20, 0x20, // 130 = 128.0;.
	0x20, 0x20, 0x20, 0x7d, 0x3b, 0x0a, 0x20, 0x20, 0x20, 0x20, 0x20, 0x20, 0x74, 0x65, 0x6d, 0x70, //    };.      temp
	0x5f, 0x31, 0x32, 0x34, 0x20, 0x3d, 0x20, 0x28, 0x74, 0x65, 0x6d, 0x70, 0x5f, 0x31, 0x32, 0x34, // _124 = (temp_124
	0x20, 0x2b, 0x20, 0x74, 0x6d, 0x70, 0x76, 0x61, 0x72, 0x5f, 0x31, 0x33, 0x30, 0x29, 0x3b, 0x0a, //  + tmpvar_130);.
	0x20, 0x20, 0x20, 0x20, 0x7d, 0x3b, 0x0a, 0x20, 0x20, 0x20, 0x20, 0x66, 0x6c, 0x6f, 0x61, 0x74, //     };.    float
	0x20, 0x74, 0x6d, 0x70, 0x76, 0x61, 0x72, 0x5f, 0x31, 0x33, 0x31, 0x3b, 0x0a, 0x20, 0x20, 0x20, //  tmpvar_131;.
	0x20, 0x74, 0x6d, 0x70, 0x76, 0x61, 0x72, 0x5f, 0x31, 0x33, 0x31, 0x20, 0x3d, 0x20, 0x66, 0x6c, //  tmpvar_131 = fl
	0x6f, 0x6f, 0x72, 0x28, 0x28, 0x74, 0x65, 0x6d, 0x70, 0x5f, 0x31, 0x32, 0x34, 0x20, 0x2f, 0x20, // oor((temp_124 /
	0x32, 0x35, 0x36, 0x2e, 0x30, 0x29, 0x29, 0x3b, 0x0a, 0x20, 0x20, 0x20, 0x20, 0x74, 0x65, 0x6d, // 256.0));.    tem
	0x70, 0x5f, 0x31, 0x32, 0x34, 0x20, 0x3d, 0x20, 0x74, 0x6d, 0x70, 0x76, 0x61, 0x72, 0x5f, 0x31, // p_124 = tmpvar_1
	0x33, 0x31, 0x3b, 0x0a, 0x20, 0x20, 0x20, 0x20, 0x69, 0x66, 0x20, 0x28, 0x28, 0x75, 0x5f, 0x67, // 31;.    if ((u_g
	0x78, 0x5f, 0x74, 0x65, 0x76, 0x5f, 0x61, 0x6c, 0x70, 0x68, 0x61, 0x5f, 0x6f, 0x70, 0x32, 0x2e, // x_tev_alpha_op2.
	0x78, 0x20, 0x3e, 0x20, 0x30, 0x2e, 0x35, 0x29, 0x29, 0x20, 0x7b, 0x0a, 0x20, 0x20, 0x20, 0x20, // x > 0.5)) {.
	0x20, 0x20, 0x74, 0x65, 0x6d, 0x70, 0x5f, 0x31, 0x32, 0x34, 0x20, 0x3d, 0x20, 0x2d, 0x28, 0x74, //   temp_124 = -(t
	0x6d, 0x70, 0x76, 0x61, 0x72, 0x5f, 0x31, 0x33, 0x31, 0x29, 0x3b, 0x0a, 0x20, 0x20, 0x20, 0x20, // mpvar_131);.
	0x7d, 0x3b, 0x0a, 0x20, 0x20, 0x20, 0x20, 0x66, 0x6c, 0x6f, 0x61, 0x74, 0x20, 0x74, 0x6d, 0x70, // };.    float tmp
	0x76, 0x61, 0x72, 0x5f, 0x31, 0x33, 0x32, 0x3b, 0x0a, 0x20, 0x20, 0x20, 0x20, 0x69, 0x66, 0x20, // var_132;.    if
	0x28, 0x28, 0x75, 0x5f, 0x67, 0x78, 0x5f, 0x74, 0x65, 0x76, 0x5f, 0x61, 0x6c, 0x70, 0x68, 0x61, // ((u_gx_tev_alpha
	0x5f, 0x6f, 0x70, 0x32, 0x2e, 0x79, 0x20, 0x3c, 0x20, 0x30, 0x2e, 0x35, 0x29, 0x29, 0x20, 0x7b, // _op2.y < 0.5)) {
	0x0a, 0x20, 0x20, 0x20, 0x20, 0x20, 0x20, 0x74, 0x6d, 0x70, 0x76, 0x61, 0x72, 0x5f, 0x31, 0x33, // .      tmpvar_13
	0x32, 0x20, 0x3d, 0x20, 0x30, 0x2e, 0x30, 0x3b, 0x0a, 0x20, 0x20, 0x20, 0x20, 0x7d, 0x20, 0x65, // 2 = 0.0;.    } e
	0x6c, 0x73, 0x65, 0x20, 0x7b, 0x0a, 0x20, 0x20, 0x20, 0x20, 0x20, 0x20, 0x69, 0x66, 0x20, 0x28, // lse {.      if (
	0x28, 0x75, 0x5f, 0x67, 0x78, 0x5f, 0x74, 0x65, 0x76, 0x5f, 0x61, 0x6c, 0x70, 0x68, 0x61, 0x5f, // (u_gx_tev_alpha_
	0x6f, 0x70, 0x32, 0x2e, 0x79, 0x20, 0x3c, 0x20, 0x31, 0x2e, 0x35, 0x29, 0x29, 0x20, 0x7b, 0x0a, // op2.y < 1.5)) {.
	0x20, 0x20, 0x20, 0x20, 0x20, 0x20, 0x20, 0x20, 0x74, 0x6d, 0x70, 0x76, 0x61, 0x72, 0x5f, 0x31, //         tmpvar_1
	0x33, 0x32, 0x20, 0x3d, 0x20, 0x31, 0x32, 0x38, 0x2e, 0x30, 0x3b, 0x0a, 0x20, 0x20, 0x20, 0x20, // 32 = 128.0;.
	0x20, 0x20, 0x7d, 0x20, 0x65, 0x6c, 0x73, 0x65, 0x20, 0x7b, 0x0a, 0x20, 0x20, 0x20, 0x20, 0x20, //   } else {.
	0x20, 0x20, 0x20, 0x69, 0x66, 0x20, 0x28, 0x28, 0x75, 0x5f, 0x67, 0x78, 0x5f, 0x74, 0x65, 0x76, //    if ((u_gx_tev
	0x5f, 0x61, 0x6c, 0x70, 0x68, 0x61, 0x5f, 0x6f, 0x70, 0x32, 0x2e, 0x79, 0x20, 0x3c, 0x20, 0x32, // _alpha_op2.y < 2
	0x2e, 0x35, 0x29, 0x29, 0x20, 0x7b, 0x0a, 0x20, 0x20, 0x20, 0x20, 0x20, 0x20, 0x20, 0x20, 0x20, // .5)) {.
	0x20, 0x74, 0x6d, 0x70, 0x76, 0x61, 0x72, 0x5f, 0x31, 0x33, 0x32, 0x20, 0x3d, 0x20, 0x2d, 0x31, //  tmpvar_132 = -1
	0x32, 0x38, 0x2e, 0x30, 0x3b, 0x0a, 0x20, 0x20, 0x20, 0x20, 0x20, 0x20, 0x20, 0x20, 0x7d, 0x20, // 28.0;.        }
	0x65, 0x6c, 0x73, 0x65, 0x20, 0x7b, 0x0a, 0x20, 0x20, 0x20, 0x20, 0x20, 0x20, 0x20, 0x20, 0x20, // else {.
	0x20, 0x74, 0x6d, 0x70, 0x76, 0x61, 0x72, 0x5f, 0x31, 0x33, 0x32, 0x20, 0x3d, 0x20, 0x30, 0x2e, //  tmpvar_132 = 0.
	0x30, 0x3b, 0x0a, 0x20, 0x20, 0x20, 0x20, 0x20, 0x20, 0x20, 0x20, 0x7d, 0x3b, 0x0a, 0x20, 0x20, // 0;.        };.
	0x20, 0x20, 0x20, 0x20, 0x7d, 0x3b, 0x0a, 0x20, 0x20, 0x20, 0x20, 0x7d, 0x3b, 0x0a, 0x20, 0x20, //     };.    };.
	0x20, 0x20, 0x66, 0x6c, 0x6f, 0x61, 0x74, 0x20, 0x74, 0x6d, 0x70, 0x76, 0x61, 0x72, 0x5f, 0x31, //   float tmpvar_1
	0x33, 0x33, 0x3b, 0x0a, 0x20, 0x20, 0x20, 0x20, 0x74, 0x6d, 0x70, 0x76, 0x61, 0x72, 0x5f, 0x31, // 33;.    tmpvar_1
	0x33, 0x33, 0x20, 0x3d, 0x20, 0x28, 0x28, 0x28, 0x0a, 0x20, 0x20, 0x20, 0x20, 0x20, 0x20, 0x28, // 33 = (((.      (
	0x64, 0x69, 0x5f, 0x31, 0x32, 0x35, 0x20, 0x2b, 0x20, 0x74, 0x6d, 0x70, 0x76, 0x61, 0x72, 0x5f, // di_125 + tmpvar_
	0x31, 0x33, 0x32, 0x29, 0x0a, 0x20, 0x20, 0x20, 0x20, 0x20, 0x2a, 0x20, 0x74, 0x6d, 0x70, 0x76, // 132).     * tmpv
	0x61, 0x72, 0x5f, 0x31, 0x32, 0x36, 0x29, 0x20, 0x2b, 0x20, 0x74, 0x65, 0x6d, 0x70, 0x5f, 0x31, // ar_126) + temp_1
	0x32, 0x34, 0x29, 0x20, 0x2f, 0x20, 0x74, 0x6d, 0x70, 0x76, 0x61, 0x72, 0x5f, 0x31, 0x32, 0x37, // 24) / tmpvar_127
	0x29, 0x3b, 0x0a, 0x20, 0x20, 0x20, 0x20, 0x72, 0x65, 0x73, 0x75, 0x6c, 0x74, 0x5f, 0x31, 0x32, // );.    result_12
	0x33, 0x20, 0x3d, 0x20, 0x74, 0x6d, 0x70, 0x76, 0x61, 0x72, 0x5f, 0x31, 0x33, 0x33, 0x3b, 0x0a, // 3 = tmpvar_133;.
	0x20, 0x20, 0x20, 0x20, 0x69, 0x66, 0x20, 0x28, 0x28, 0x75, 0x5f, 0x67, 0x78, 0x5f, 0x74, 0x65, //     if ((u_gx_te
	0x76, 0x5f, 0x61, 0x6c, 0x70, 0x68, 0x61, 0x5f, 0x6f, 0x70, 0x32, 0x2e, 0x77, 0x20, 0x3e, 0x20, // v_alpha_op2.w >
	0x30, 0x2e, 0x35, 0x29, 0x29, 0x20, 0x7b, 0x0a, 0x20, 0x20, 0x20, 0x20, 0x20, 0x20, 0x72, 0x65, // 0.5)) {.      re
	0x73, 0x75, 0x6c, 0x74, 0x5f, 0x31, 0x32, 0x33, 0x20, 0x3d, 0x20, 0x63, 0x6c, 0x61, 0x6d, 0x70, // sult_123 = clamp
	0x20, 0x28, 0x74, 0x6d, 0x70, 0x76, 0x61, 0x72, 0x5f, 0x31, 0x33, 0x33, 0x2c, 0x20, 0x30, 0x2e, //  (tmpvar_133, 0.
	0x30, 0x2c, 0x20, 0x32, 0x35, 0x35, 0x2e, 0x30, 0x29, 0x3b, 0x0a, 0x20, 0x20, 0x20, 0x20, 0x7d, // 0, 255.0);.    }
	0x20, 0x65, 0x6c, 0x73, 0x65, 0x20, 0x7b, 0x0a, 0x20, 0x20, 0x20, 0x20, 0x20, 0x20, 0x72, 0x65, //  else {.      re
	0x73, 0x75, 0x6c, 0x74, 0x5f, 0x31, 0x32, 0x33, 0x20, 0x3d, 0x20, 0x63, 0x6c, 0x61, 0x6d, 0x70, // sult_123 = clamp
	0x20, 0x28, 0x72, 0x65, 0x73, 0x75, 0x6c, 0x74, 0x5f, 0x31, 0x32, 0x33, 0x2c, 0x20, 0x2d, 0x31, //  (result_123, -1
	0x30, 0x32, 0x34, 0x2e, 0x30, 0x2c, 0x20, 0x31, 0x30, 0x32, 0x33, 0x2e, 0x30, 0x29, 0x3b, 0x0a, // 024.0, 1023.0);.
	0x20, 0x20, 0x20, 0x20, 0x7d, 0x3b, 0x0a, 0x20, 0x20, 0x20, 0x20, 0x74, 0x6d, 0x70, 0x76, 0x61, //     };.    tmpva
	0x72, 0x5f, 0x31, 0x32, 0x32, 0x20, 0x3d, 0x20, 0x28, 0x72, 0x65, 0x73, 0x75, 0x6c, 0x74, 0x5f, // r_122 = (result_
	0x31, 0x32, 0x33, 0x20, 0x2f, 0x20, 0x32, 0x35, 0x35, 0x2e, 0x30, 0x29, 0x3b, 0x0a, 0x20, 0x20, // 123 / 255.0);.
	0x20, 0x20, 0x76, 0x65, 0x63, 0x34, 0x20, 0x72, 0x65, 0x67, 0x30, 0x5f, 0x31, 0x33, 0x34, 0x3b, //   vec4 reg0_134;
	0x0a, 0x20, 0x20, 0x20, 0x20, 0x72, 0x65, 0x67, 0x30, 0x5f, 0x31, 0x33, 0x34, 0x20, 0x3d, 0x20, // .    reg0_134 =
	0x72, 0x65, 0x67, 0x30, 0x5f, 0x31, 0x31, 0x34, 0x3b, 0x0a, 0x20, 0x20, 0x20, 0x20, 0x76, 0x65, // reg0_114;.    ve
	0x63, 0x34, 0x20, 0x72, 0x65, 0x67, 0x31, 0x5f, 0x31, 0x33, 0x35, 0x3b, 0x0a, 0x20, 0x20, 0x20, // c4 reg1_135;.
	0x20, 0x72, 0x65, 0x67, 0x31, 0x5f, 0x31, 0x33, 0x35, 0x20, 0x3d, 0x20, 0x72, 0x65, 0x67, 0x31, //  reg1_135 = reg1
	0x5f, 0x31, 0x31, 0x35, 0x3b, 0x0a, 0x20, 0x20, 0x20, 0x20, 0x76, 0x65, 0x63, 0x34, 0x20, 0x72, // _115;.    vec4 r
	0x65, 0x67, 0x32, 0x5f, 0x31, 0x33, 0x36, 0x3b, 0x0a, 0x20, 0x20, 0x20, 0x20, 0x72, 0x65, 0x67, // eg2_136;.    reg
	0x32, 0x5f, 0x31, 0x33, 0x36, 0x20, 0x3d, 0x20, 0x72, 0x65, 0x67, 0x32, 0x5f, 0x31, 0x31, 0x36, // 2_136 = reg2_116
	0x3b, 0x0a, 0x20, 0x20, 0x20, 0x20, 0x76, 0x65, 0x63, 0x34, 0x20, 0x72, 0x65, 0x67, 0x33, 0x5f, // ;.    vec4 reg3_
	0x31, 0x33, 0x37, 0x3b, 0x0a, 0x20, 0x20, 0x20, 0x20, 0x72, 0x65, 0x67, 0x33, 0x5f, 0x31, 0x33, // 137;.    reg3_13
	0x37, 0x20, 0x3d, 0x20, 0x72, 0x65, 0x67, 0x33, 0x5f, 0x31, 0x31, 0x37, 0x3b, 0x0a, 0x20, 0x20, // 7 = reg3_117;.
	0x20, 0x20, 0x69, 0x66, 0x20, 0x28, 0x28, 0x75, 0x5f, 0x67, 0x78, 0x5f, 0x74, 0x65, 0x76, 0x5f, //   if ((u_gx_tev_
	0x6f, 0x75, 0x74, 0x32, 0x2e, 0x79, 0x20, 0x3c, 0x20, 0x30, 0x2e, 0x35, 0x29, 0x29, 0x20, 0x7b, // out2.y < 0.5)) {
	0x0a, 0x20, 0x20, 0x20, 0x20, 0x20, 0x20, 0x72, 0x65, 0x67, 0x30, 0x5f, 0x31, 0x33, 0x34, 0x2e, // .      reg0_134.
	0x77, 0x20, 0x3d, 0x20, 0x74, 0x6d, 0x70, 0x76, 0x61, 0x72, 0x5f, 0x31, 0x32, 0x32, 0x3b, 0x0a, // w = tmpvar_122;.
	0x20, 0x20, 0x20, 0x20, 0x7d, 0x20, 0x65, 0x6c, 0x73, 0x65, 0x20, 0x7b, 0x0a, 0x20, 0x20, 0x20, //     } else {.
	0x20, 0x20, 0x20, 0x69, 0x66, 0x20, 0x28, 0x28, 0x75, 0x5f, 0x67, 0x78, 0x5f, 0x74, 0x65, 0x76, //    if ((u_gx_tev
	0x5f, 0x6f, 0x75, 0x74, 0x32, 0x2e, 0x79, 0x20, 0x3c, 0x20, 0x31, 0x2e, 0x35, 0x29, 0x29, 0x20, // _out2.y < 1.5))
	0x7b, 0x0a, 0x20, 0x20, 0x20, 0x20, 0x20, 0x20, 0x20, 0x20, 0x72, 0x65, 0x67, 0x31, 0x5f, 0x31, // {.        reg1_1
	0x33, 0x35, 0x2e, 0x77, 0x20, 0x3d, 0x20, 0x74, 0x6d, 0x70, 0x76, 0x61, 0x72, 0x5f, 0x31, 0x32, // 35.w = tmpvar_12
	0x32, 0x3b, 0x0a, 0x20, 0x20, 0x20, 0x20, 0x20, 0x20, 0x7d, 0x20, 0x65, 0x6c, 0x73, 0x65, 0x20, // 2;.      } else
	0x7b, 0x0a, 0x20, 0x20, 0x20, 0x20, 0x20, 0x20, 0x20, 0x20, 0x69, 0x66, 0x20, 0x28, 0x28, 0x75, // {.        if ((u
	0x5f, 0x67, 0x78, 0x5f, 0x74, 0x65, 0x76, 0x5f, 0x6f, 0x75, 0x74, 0x32, 0x2e, 0x79, 0x20, 0x3c, // _gx_tev_out2.y <
	0x20, 0x32, 0x2e, 0x35, 0x29, 0x29, 0x20, 0x7b, 0x0a, 0x20, 0x20, 0x20, 0x20, 0x20, 0x20, 0x20, //  2.5)) {.
	0x20, 0x20, 0x20, 0x72, 0x65, 0x67, 0x32, 0x5f, 0x31, 0x33, 0x36, 0x2e, 0x77, 0x20, 0x3d, 0x20, //    reg2_136.w =
	0x74, 0x6d, 0x70, 0x76, 0x61, 0x72, 0x5f, 0x31, 0x32, 0x32, 0x3b, 0x0a, 0x20, 0x20, 0x20, 0x20, // tmpvar_122;.
	0x20, 0x20, 0x20, 0x20, 0x7d, 0x20, 0x65, 0x6c, 0x73, 0x65, 0x20, 0x7b, 0x0a, 0x20, 0x20, 0x20, //     } else {.
	0x20, 0x20, 0x20, 0x20, 0x20, 0x20, 0x20, 0x72, 0x65, 0x67, 0x33, 0x5f, 0x31, 0x33, 0x37, 0x2e, //        reg3_137.
	0x77, 0x20, 0x3d, 0x20, 0x74, 0x6d, 0x70, 0x76, 0x61, 0x72, 0x5f, 0x31, 0x32, 0x32, 0x3b, 0x0a, // w = tmpvar_122;.
	0x20, 0x20, 0x20, 0x20, 0x20, 0x20, 0x20, 0x20, 0x7d, 0x3b, 0x0a, 0x20, 0x20, 0x20, 0x20, 0x20, //         };.
	0x20, 0x7d, 0x3b, 0x0a, 0x20, 0x20, 0x20, 0x20, 0x7d, 0x3b, 0x0a, 0x20, 0x20, 0x20, 0x20, 0x72, //  };.    };.    r
	0x65, 0x67, 0x30, 0x5f, 0x35, 0x20, 0x3d, 0x20, 0x72, 0x65, 0x67, 0x30, 0x5f, 0x31, 0x33, 0x34, // eg0_5 = reg0_134
	0x3b, 0x0a, 0x20, 0x20, 0x20, 0x20, 0x72, 0x65, 0x67, 0x31, 0x5f, 0x34, 0x20, 0x3d, 0x20, 0x72, // ;.    reg1_4 = r
	0x65, 0x67, 0x31, 0x5f, 0x31, 0x33, 0x35, 0x3b, 0x0a, 0x20, 0x20, 0x20, 0x20, 0x72, 0x65, 0x67, // eg1_135;.    reg
	0x32, 0x5f, 0x33, 0x20, 0x3d, 0x20, 0x72, 0x65, 0x67, 0x32, 0x5f, 0x31, 0x33, 0x36, 0x3b, 0x0a, // 2_3 = reg2_136;.
	0x20, 0x20, 0x20, 0x20, 0x72, 0x65, 0x67, 0x33, 0x5f, 0x32, 0x20, 0x3d, 0x20, 0x72, 0x65, 0x67, //     reg3_2 = reg
	0x33, 0x5f, 0x31, 0x33, 0x37, 0x3b, 0x0a, 0x20, 0x20, 0x7d, 0x3b, 0x0a, 0x20, 0x20, 0x76, 0x65, // 3_137;.  };.  ve
	0x63, 0x33, 0x20, 0x74, 0x6d, 0x70, 0x76, 0x61, 0x72, 0x5f, 0x31, 0x33, 0x38, 0x3b, 0x0a, 0x20, // c3 tmpvar_138;.
	0x20, 0x69, 0x66, 0x20, 0x28, 0x28, 0x66, 0x69, 0x6e, 0x61, 0x6c, 0x5f, 0x6f, 0x75, 0x74, 0x70, //  if ((final_outp
	0x75, 0x74, 0x73, 0x5f, 0x31, 0x2e, 0x78, 0x20, 0x3c, 0x20, 0x30, 0x2e, 0x35, 0x29, 0x29, 0x20, // uts_1.x < 0.5))
	0x7b, 0x0a, 0x20, 0x20, 0x20, 0x20, 0x74, 0x6d, 0x70, 0x76, 0x61, 0x72, 0x5f, 0x31, 0x33, 0x38, // {.    tmpvar_138
	0x20, 0x3d, 0x20, 0x72, 0x65, 0x67, 0x30, 0x5f, 0x35, 0x2e, 0x78, 0x79, 0x7a, 0x3b, 0x0a, 0x20, //  = reg0_5.xyz;.
	0x20, 0x7d, 0x20, 0x65, 0x6c, 0x73, 0x65, 0x20, 0x7b, 0x0a, 0x20, 0x20, 0x20, 0x20, 0x69, 0x66, //  } else {.    if
	0x20, 0x28, 0x28, 0x66, 0x69, 0x6e, 0x61, 0x6c, 0x5f, 0x6f, 0x75, 0x74, 0x70, 0x75, 0x74, 0x73, //  ((final_outputs
	0x5f, 0x31, 0x2e, 0x78, 0x20, 0x3c, 0x20, 0x31, 0x2e, 0x35, 0x29, 0x29, 0x20, 0x7b, 0x0a, 0x20, // _1.x < 1.5)) {.
	0x20, 0x20, 0x20, 0x20, 0x20, 0x74, 0x6d, 0x70, 0x76, 0x61, 0x72, 0x5f, 0x31, 0x33, 0x38, 0x20, //      tmpvar_138
	0x3d, 0x20, 0x72, 0x65, 0x67, 0x31, 0x5f, 0x34, 0x2e, 0x78, 0x79, 0x7a, 0x3b, 0x0a, 0x20, 0x20, // = reg1_4.xyz;.
	0x20, 0x20, 0x7d, 0x20, 0x65, 0x6c, 0x73, 0x65, 0x20, 0x7b, 0x0a, 0x20, 0x20, 0x20, 0x20, 0x20, //   } else {.
	0x20, 0x69, 0x66, 0x20, 0x28, 0x28, 0x66, 0x69, 0x6e, 0x61, 0x6c, 0x5f, 0x6f, 0x75, 0x74, 0x70, //  if ((final_outp
	0x75, 0x74, 0x73, 0x5f, 0x31, 0x2e, 0x78, 0x20, 0x3c, 0x20, 0x32, 0x2e, 0x35, 0x29, 0x29, 0x20, // uts_1.x < 2.5))
	0x7b, 0x0a, 0x20, 0x20, 0x20, 0x20, 0x20, 0x20, 0x20, 0x20, 0x74, 0x6d, 0x70, 0x76, 0x61, 0x72, // {.        tmpvar
	0x5f, 0x31, 0x33, 0x38, 0x20, 0x3d, 0x20, 0x72, 0x65, 0x67, 0x32, 0x5f, 0x33, 0x2e, 0x78, 0x79, // _138 = reg2_3.xy
	0x7a, 0x3b, 0x0a, 0x20, 0x20, 0x20, 0x20, 0x20, 0x20, 0x7d, 0x20, 0x65, 0x6c, 0x73, 0x65, 0x20, // z;.      } else
	0x7b, 0x0a, 0x20, 0x20, 0x20, 0x20, 0x20, 0x20, 0x20, 0x20, 0x74, 0x6d, 0x70, 0x76, 0x61, 0x72, // {.        tmpvar
	0x5f, 0x31, 0x33, 0x38, 0x20, 0x3d, 0x20, 0x72, 0x65, 0x67, 0x33, 0x5f, 0x32, 0x2e, 0x78, 0x79, // _138 = reg3_2.xy
	0x7a, 0x3b, 0x0a, 0x20, 0x20, 0x20, 0x20, 0x20, 0x20, 0x7d, 0x3b, 0x0a, 0x20, 0x20, 0x20, 0x20, // z;.      };.
	0x7d, 0x3b, 0x0a, 0x20, 0x20, 0x7d, 0x3b, 0x0a, 0x20, 0x20, 0x66, 0x6c, 0x6f, 0x61, 0x74, 0x20, // };.  };.  float
	0x74, 0x6d, 0x70, 0x76, 0x61, 0x72, 0x5f, 0x31, 0x33, 0x39, 0x3b, 0x0a, 0x20, 0x20, 0x69, 0x66, // tmpvar_139;.  if
	0x20, 0x28, 0x28, 0x66, 0x69, 0x6e, 0x61, 0x6c, 0x5f, 0x6f, 0x75, 0x74, 0x70, 0x75, 0x74, 0x73, //  ((final_outputs
	0x5f, 0x31, 0x2e, 0x79, 0x20, 0x3c, 0x20, 0x30, 0x2e, 0x35, 0x29, 0x29, 0x20, 0x7b, 0x0a, 0x20, // _1.y < 0.5)) {.
	0x20, 0x20, 0x20, 0x74, 0x6d, 0x70, 0x76, 0x61, 0x72, 0x5f, 0x31, 0x33, 0x39, 0x20, 0x3d, 0x20, //    tmpvar_139 =
	0x72, 0x65, 0x67, 0x30, 0x5f, 0x35, 0x2e, 0x77, 0x3b, 0x0a, 0x20, 0x20, 0x7d, 0x20, 0x65, 0x6c, // reg0_5.w;.  } el
	0x73, 0x65, 0x20, 0x7b, 0x0a, 0x20, 0x20, 0x20, 0x20, 0x69, 0x66, 0x20, 0x28, 0x28, 0x66, 0x69, // se {.    if ((fi
	0x6e, 0x61, 0x6c, 0x5f, 0x6f, 0x75, 0x74, 0x70, 0x75, 0x74, 0x73, 0x5f, 0x31, 0x2e, 0x79, 0x20, // nal_outputs_1.y
	0x3c, 0x20, 0x31, 0x2e, 0x35, 0x29, 0x29, 0x20, 0x7b, 0x0a, 0x20, 0x20, 0x20, 0x20, 0x20, 0x20, // < 1.5)) {.
	0x74, 0x6d, 0x70, 0x76, 0x61, 0x72, 0x5f, 0x31, 0x33, 0x39, 0x20, 0x3d, 0x20, 0x72, 0x65, 0x67, // tmpvar_139 = reg
	0x31, 0x5f, 0x34, 0x2e, 0x77, 0x3b, 0x0a, 0x20, 0x20, 0x20, 0x20, 0x7d, 0x20, 0x65, 0x6c, 0x73, // 1_4.w;.    } els
	0x65, 0x20, 0x7b, 0x0a, 0x20, 0x20, 0x20, 0x20, 0x20, 0x20, 0x69, 0x66, 0x20, 0x28, 0x28, 0x66, // e {.      if ((f
	0x69, 0x6e, 0x61, 0x6c, 0x5f, 0x6f, 0x75, 0x74, 0x70, 0x75, 0x74, 0x73, 0x5f, 0x31, 0x2e, 0x79, // inal_outputs_1.y
	0x20, 0x3c, 0x20, 0x32, 0x2e, 0x35, 0x29, 0x29, 0x20, 0x7b, 0x0a, 0x20, 0x20, 0x20, 0x20, 0x20, //  < 2.5)) {.
	0x20, 0x20, 0x20, 0x74, 0x6d, 0x70, 0x76, 0x61, 0x72, 0x5f, 0x31, 0x33, 0x39, 0x20, 0x3d, 0x20, //    tmpvar_139 =
	0x72, 0x65, 0x67, 0x32, 0x5f, 0x33, 0x2e, 0x77, 0x3b, 0x0a, 0x20, 0x20, 0x20, 0x20, 0x20, 0x20, // reg2_3.w;.
	0x7d, 0x20, 0x65, 0x6c, 0x73, 0x65, 0x20, 0x7b, 0x0a, 0x20, 0x20, 0x20, 0x20, 0x20, 0x20, 0x20, // } else {.
	0x20, 0x74, 0x6d, 0x70, 0x76, 0x61, 0x72, 0x5f, 0x31, 0x33, 0x39, 0x20, 0x3d, 0x20, 0x72, 0x65, //  tmpvar_139 = re
	0x67, 0x33, 0x5f, 0x32, 0x2e, 0x77, 0x3b, 0x0a, 0x20, 0x20, 0x20, 0x20, 0x20, 0x20, 0x7d, 0x3b, // g3_2.w;.      };
	0x0a, 0x20, 0x20, 0x20, 0x20, 0x7d, 0x3b, 0x0a, 0x20, 0x20, 0x7d, 0x3b, 0x0a, 0x20, 0x20, 0x76, // .    };.  };.  v
	0x65, 0x63, 0x34, 0x20, 0x74, 0x6d, 0x70, 0x76, 0x61, 0x72, 0x5f, 0x31, 0x34, 0x30, 0x3b, 0x0a, // ec4 tmpvar_140;.
	0x20, 0x20, 0x74, 0x6d, 0x70, 0x76, 0x61, 0x72, 0x5f, 0x31, 0x34, 0x30, 0x2e, 0x78, 0x79, 0x7a, //   tmpvar_140.xyz
	0x20, 0x3d, 0x20, 0x74, 0x6d, 0x70, 0x76, 0x61, 0x72, 0x5f, 0x31, 0x33, 0x38, 0x3b, 0x0a, 0x20, //  = tmpvar_138;.
	0x20, 0x74, 0x6d, 0x70, 0x76, 0x61, 0x72, 0x5f, 0x31, 0x34, 0x30, 0x2e, 0x77, 0x20, 0x3d, 0x20, //  tmpvar_140.w =
	0x74, 0x6d, 0x70, 0x76, 0x61, 0x72, 0x5f, 0x31, 0x33, 0x39, 0x3b, 0x0a, 0x20, 0x20, 0x62, 0x6f, // tmpvar_139;.  bo
	0x6f, 0x6c, 0x20, 0x74, 0x6d, 0x70, 0x76, 0x61, 0x72, 0x5f, 0x31, 0x34, 0x31, 0x3b, 0x0a, 0x20, // ol tmpvar_141;.
	0x20, 0x69, 0x66, 0x20, 0x28, 0x28, 0x75, 0x5f, 0x67, 0x78, 0x5f, 0x61, 0x6c, 0x70, 0x68, 0x61, //  if ((u_gx_alpha
	0x5f, 0x63, 0x6f, 0x6d, 0x70, 0x61, 0x72, 0x65, 0x31, 0x2e, 0x79, 0x20, 0x3c, 0x20, 0x30, 0x2e, // _compare1.y < 0.
	0x35, 0x29, 0x29, 0x20, 0x7b, 0x0a, 0x20, 0x20, 0x20, 0x20, 0x74, 0x6d, 0x70, 0x76, 0x61, 0x72, // 5)) {.    tmpvar
	0x5f, 0x31, 0x34, 0x31, 0x20, 0x3d, 0x20, 0x62, 0x6f, 0x6f, 0x6c, 0x28, 0x31, 0x29, 0x3b, 0x0a, // _141 = bool(1);.
	0x20, 0x20, 0x7d, 0x20, 0x65, 0x6c, 0x73, 0x65, 0x20, 0x7b, 0x0a, 0x20, 0x20, 0x20, 0x20, 0x62, //   } else {.    b
	0x6f, 0x6f, 0x6c, 0x20, 0x74, 0x6d, 0x70, 0x76, 0x61, 0x72, 0x5f, 0x31, 0x34, 0x32, 0x3b, 0x0a, // ool tmpvar_142;.
	0x20, 0x20, 0x20, 0x20, 0x69, 0x66, 0x20, 0x28, 0x28, 0x75, 0x5f, 0x67, 0x78, 0x5f, 0x61, 0x6c, //     if ((u_gx_al
	0x70, 0x68, 0x61, 0x5f, 0x63, 0x6f, 0x6d, 0x70, 0x61, 0x72, 0x65, 0x30, 0x2e, 0x78, 0x20, 0x3c, // pha_compare0.x <
	0x20, 0x30, 0x2e, 0x35, 0x29, 0x29, 0x20, 0x7b, 0x0a, 0x20, 0x20, 0x20, 0x20, 0x20, 0x20, 0x74, //  0.5)) {.      t
	0x6d, 0x70, 0x76, 0x61, 0x72, 0x5f, 0x31, 0x34, 0x32, 0x20, 0x3d, 0x20, 0x62, 0x6f, 0x6f, 0x6c, // mpvar_142 = bool
	0x28, 0x30, 0x29, 0x3b, 0x0a, 0x20, 0x20, 0x20, 0x20, 0x7d, 0x20, 0x65, 0x6c, 0x73, 0x65, 0x20, // (0);.    } else
	0x7b, 0x0a, 0x20, 0x20, 0x20, 0x20, 0x20, 0x20, 0x69, 0x66, 0x20, 0x28, 0x28, 0x75, 0x5f, 0x67, // {.      if ((u_g
	0x78, 0x5f, 0x61, 0x6c, 0x70, 0x68, 0x61, 0x5f, 0x63, 0x6f, 0x6d, 0x70, 0x61, 0x72, 0x65, 0x30, // x_alpha_compare0
	0x2e, 0x78, 0x20, 0x3c, 0x20, 0x31, 0x2e, 0x35, 0x29, 0x29, 0x20, 0x7b, 0x0a, 0x20, 0x20, 0x20, // .x < 1.5)) {.
	0x20, 0x20, 0x20, 0x20, 0x20, 0x74, 0x6d, 0x70, 0x76, 0x61, 0x72, 0x5f, 0x31, 0x34, 0x32, 0x20, //      tmpvar_142
	0x3d, 0x20, 0x28, 0x74, 0x6d, 0x70, 0x76, 0x61, 0x72, 0x5f, 0x31, 0x33, 0x39, 0x20, 0x3c, 0x20, // = (tmpvar_139 <
	0x75, 0x5f, 0x67, 0x78, 0x5f, 0x61, 0x6c, 0x70, 0x68, 0x61, 0x5f, 0x63, 0x6f, 0x6d, 0x70, 0x61, // u_gx_alpha_compa
	0x72, 0x65, 0x30, 0x2e, 0x79, 0x29, 0x3b, 0x0a, 0x20, 0x20, 0x20, 0x20, 0x20, 0x20, 0x7d, 0x20, // re0.y);.      }
	0x65, 0x6c, 0x73, 0x65, 0x20, 0x7b, 0x0a, 0x20, 0x20, 0x20, 0x20, 0x20, 0x20, 0x20, 0x20, 0x69, // else {.        i
	0x66, 0x20, 0x28, 0x28, 0x75, 0x5f, 0x67, 0x78, 0x5f, 0x61, 0x6c, 0x70, 0x68, 0x61, 0x5f, 0x63, // f ((u_gx_alpha_c
	0x6f, 0x6d, 0x70, 0x61, 0x72, 0x65, 0x30, 0x2e, 0x78, 0x20, 0x3c, 0x20, 0x32, 0x2e, 0x35, 0x29, // ompare0.x < 2.5)
	0x29, 0x20, 0x7b, 0x0a, 0x20, 0x20, 0x20, 0x20, 0x20, 0x20, 0x20, 0x20, 0x20, 0x20, 0x74, 0x6d, // ) {.          tm
	0x70, 0x76, 0x61, 0x72, 0x5f, 0x31, 0x34, 0x32, 0x20, 0x3d, 0x20, 0x28, 0x61, 0x62, 0x73, 0x28, // pvar_142 = (abs(
	0x28, 0x74, 0x6d, 0x70, 0x76, 0x61, 0x72, 0x5f, 0x31, 0x33, 0x39, 0x20, 0x2d, 0x20, 0x75, 0x5f, // (tmpvar_139 - u_
	0x67, 0x78, 0x5f, 0x61, 0x6c, 0x70, 0x68, 0x61, 0x5f, 0x63, 0x6f, 0x6d, 0x70, 0x61, 0x72, 0x65, // gx_alpha_compare
	0x30, 0x2e, 0x79, 0x29, 0x29, 0x20, 0x3c, 0x20, 0x30, 0x2e, 0x30, 0x30, 0x31, 0x39, 0x36, 0x30, // 0.y)) < 0.001960
	0x37, 0x38, 0x34, 0x29, 0x3b, 0x0a, 0x20, 0x20, 0x20, 0x20, 0x20, 0x20, 0x20, 0x20, 0x7d, 0x20, // 784);.        }
	0x65, 0x6c, 0x73, 0x65, 0x20, 0x7b, 0x0a, 0x20, 0x20, 0x20, 0x20, 0x20, 0x20, 0x20, 0x20, 0x20, // else {.
	0x20, 0x69, 0x66, 0x20, 0x28, 0x28, 0x75, 0x5f, 0x67, 0x78, 0x5f, 0x61, 0x6c, 0x70, 0x68, 0x61, //  if ((u_gx_alpha
	0x5f, 0x63, 0x6f, 0x6d, 0x70, 0x61, 0x72, 0x65, 0x30, 0x2e, 0x78, 0x20, 0x3c, 0x20, 0x33, 0x2e, // _compare0.x < 3.
	0x35, 0x29, 0x29, 0x20, 0x7b, 0x0a, 0x20, 0x20, 0x20, 0x20, 0x20, 0x20, 0x20, 0x20, 0x20, 0x20, // 5)) {.
	0x20, 0x20, 0x74, 0x6d, 0x70, 0x76, 0x61, 0x72, 0x5f, 0x31, 0x34, 0x32, 0x20, 0x3d, 0x20, 0x28, //   tmpvar_142 = (
	0x74, 0x6d, 0x70, 0x76, 0x61, 0x72, 0x5f, 0x31, 0x33, 0x39, 0x20, 0x3c, 0x3d, 0x20, 0x75, 0x5f, // tmpvar_139 <= u_
	0x67, 0x78, 0x5f, 0x61, 0x6c, 0x70, 0x68, 0x61, 0x5f, 0x63, 0x6f, 0x6d, 0x70, 0x61, 0x72, 0x65, // gx_alpha_compare
	0x30, 0x2e, 0x79, 0x29, 0x3b, 0x0a, 0x20, 0x20, 0x20, 0x20, 0x20, 0x20, 0x20, 0x20, 0x20, 0x20, // 0.y);.
	0x7d, 0x20, 0x65, 0x6c, 0x73, 0x65, 0x20, 0x7b, 0x0a, 0x20, 0x20, 0x20, 0x20, 0x20, 0x20, 0x20, // } else {.
	0x20, 0x20, 0x20, 0x20, 0x20, 0x69, 0x66, 0x20, 0x28, 0x28, 0x75, 0x5f, 0x67, 0x78, 0x5f, 0x61, //      if ((u_gx_a
	0x6c, 0x70, 0x68, 0x61, 0x5f, 0x63, 0x6f, 0x6d, 0x70, 0x61, 0x72, 0x65, 0x30, 0x2e, 0x78, 0x20, // lpha_compare0.x
	0x3c, 0x20, 0x34, 0x2e, 0x35, 0x29, 0x29, 0x20, 0x7b, 0x0a, 0x20, 0x20, 0x20, 0x20, 0x20, 0x20, // < 4.5)) {.
	0x20, 0x20, 0x20, 0x20, 0x20, 0x20, 0x20, 0x20, 0x74, 0x6d, 0x70, 0x76, 0x61, 0x72, 0x5f, 0x31, //         tmpvar_1
	0x34, 0x32, 0x20, 0x3d, 0x20, 0x28, 0x74, 0x6d, 0x70, 0x76, 0x61, 0x72, 0x5f, 0x31, 0x33, 0x39, // 42 = (tmpvar_139
	0x20, 0x3e, 0x20, 0x75, 0x5f, 0x67, 0x78, 0x5f, 0x61, 0x6c, 0x70, 0x68, 0x61, 0x5f, 0x63, 0x6f, //  > u_gx_alpha_co
	0x6d, 0x70, 0x61, 0x72, 0x65, 0x30, 0x2e, 0x79, 0x29, 0x3b, 0x0a, 0x20, 0x20, 0x20, 0x20, 0x20, // mpare0.y);.
	0x20, 0x20, 0x20, 0x20, 0x20, 0x20, 0x20, 0x7d, 0x20, 0x65, 0x6c, 0x73, 0x65, 0x20, 0x7b, 0x0a, //        } else {.
	0x20, 0x20, 0x20, 0x20, 0x20, 0x20, 0x20, 0x20, 0x20, 0x20, 0x20, 0x20, 0x20, 0x20, 0x69, 0x66, //               if
	0x20, 0x28, 0x28, 0x75, 0x5f, 0x67, 0x78, 0x5f, 0x61, 0x6c, 0x70, 0x68, 0x61, 0x5f, 0x63, 0x6f, //  ((u_gx_alpha_co
	0x6d, 0x70, 0x61, 0x72, 0x65, 0x30, 0x2e, 0x78, 0x20, 0x3c, 0x20, 0x35, 0x2e, 0x35, 0x29, 0x29, // mpare0.x < 5.5))
	0x20, 0x7b, 0x0a, 0x20, 0x20, 0x20, 0x20, 0x20, 0x20, 0x20, 0x20, 0x20, 0x20, 0x20, 0x20, 0x20, //  {.
	0x20, 0x20, 0x20, 0x74, 0x6d, 0x70, 0x76, 0x61, 0x72, 0x5f, 0x31, 0x34, 0x32, 0x20, 0x3d, 0x20, //    tmpvar_142 =
	0x28, 0x61, 0x62, 0x73, 0x28, 0x28, 0x74, 0x6d, 0x70, 0x76, 0x61, 0x72, 0x5f, 0x31, 0x33, 0x39, // (abs((tmpvar_139
	0x20, 0x2d, 0x20, 0x75, 0x5f, 0x67, 0x78, 0x5f, 0x61, 0x6c, 0x70, 0x68, 0x61, 0x5f, 0x63, 0x6f, //  - u_gx_alpha_co
	0x6d, 0x70, 0x61, 0x72, 0x65, 0x30, 0x2e, 0x79, 0x29, 0x29, 0x20, 0x3e, 0x3d, 0x20, 0x30, 0x2e, // mpare0.y)) >= 0.
	0x30, 0x30, 0x31, 0x39, 0x36, 0x30, 0x37, 0x38, 0x34, 0x29, 0x3b, 0x0a, 0x20, 0x20, 0x20, 0x20, // 001960784);.
	0x20, 0x20, 0x20, 0x20, 0x20, 0x20, 0x20, 0x20, 0x20, 0x20, 0x7d, 0x20, 0x65, 0x6c, 0x73, 0x65, //           } else
	0x20, 0x7b, 0x0a, 0x20, 0x20, 0x20, 0x20, 0x20, 0x20, 0x20, 0x20, 0x20, 0x20, 0x20, 0x20, 0x20, //  {.
	0x20, 0x20, 0x20, 0x69, 0x66, 0x20, 0x28, 0x28, 0x75, 0x5f, 0x67, 0x78, 0x5f, 0x61, 0x6c, 0x70, //    if ((u_gx_alp
	0x68, 0x61, 0x5f, 0x63, 0x6f, 0x6d, 0x70, 0x61, 0x72, 0x65, 0x30, 0x2e, 0x78, 0x20, 0x3c, 0x20, // ha_compare0.x <
	0x36, 0x2e, 0x35, 0x29, 0x29, 0x20, 0x7b, 0x0a, 0x20, 0x20, 0x20, 0x20, 0x20, 0x20, 0x20, 0x20, // 6.5)) {.
	0x20, 0x20, 0x20, 0x20, 0x20, 0x20, 0x20, 0x20, 0x20, 0x20, 0x74, 0x6d, 0x70, 0x76, 0x61, 0x72, //           tmpvar
	0x5f, 0x31, 0x34, 0x32, 0x20, 0x3d, 0x20, 0x28, 0x74, 0x6d, 0x70, 0x76, 0x61, 0x72, 0x5f, 0x31, // _142 = (tmpvar_1
	0x33, 0x39, 0x20, 0x3e, 0x3d, 0x20, 0x75, 0x5f, 0x67, 0x78, 0x5f, 0x61, 0x6c, 0x70, 0x68, 0x61, // 39 >= u_gx_alpha
	0x5f, 0x63, 0x6f, 0x6d, 0x70, 0x61, 0x72, 0x65, 0x30, 0x2e, 0x79, 0x29, 0x3b, 0x0a, 0x20, 0x20, // _compare0.y);.
	0x20, 0x20, 0x20, 0x20, 0x20, 0x20, 0x20, 0x20, 0x20, 0x20, 0x20, 0x20, 0x20, 0x20, 0x7d, 0x20, //               }
	0x65, 0x6c, 0x73, 0x65, 0x20, 0x7b, 0x0a, 0x20, 0x20, 0x20, 0x20, 0x20, 0x20, 0x20, 0x20, 0x20, // else {.
	0x20, 0x20, 0x20, 0x20, 0x20, 0x20, 0x20, 0x20, 0x20, 0x74, 0x6d, 0x70, 0x76, 0x61, 0x72, 0x5f, //          tmpvar_
	0x31, 0x34, 0x32, 0x20, 0x3d, 0x20, 0x62, 0x6f, 0x6f, 0x6c, 0x28, 0x31, 0x29, 0x3b, 0x0a, 0x20, // 142 = bool(1);.
	0x20, 0x20, 0x20, 0x20, 0x20, 0x20, 0x20, 0x20, 0x20, 0x20, 0x20, 0x20, 0x20, 0x20, 0x20, 0x7d, //                }
	0x3b, 0x0a, 0x20, 0x20, 0x20, 0x20, 0x20, 0x20, 0x20, 0x20, 0x20, 0x20, 0x20, 0x20, 0x20, 0x20, // ;.
	0x7d, 0x3b, 0x0a, 0x20, 0x20, 0x20, 0x20, 0x20, 0x20, 0x20, 0x20, 0x20, 0x20, 0x20, 0x20, 0x7d, // };.            }
	0x3b, 0x0a, 0x20, 0x20, 0x20, 0x20, 0x20, 0x20, 0x20, 0x20, 0x20, 0x20, 0x7d, 0x3b, 0x0a, 0x20, // ;.          };.
	0x20, 0x20, 0x20, 0x20, 0x20, 0x20, 0x20, 0x7d, 0x3b, 0x0a, 0x20, 0x20, 0x20, 0x20, 0x20, 0x20, //        };.
	0x7d, 0x3b, 0x0a, 0x20, 0x20, 0x20, 0x20, 0x7d, 0x3b, 0x0a, 0x20, 0x20, 0x20, 0x20, 0x62, 0x6f, // };.    };.    bo
	0x6f, 0x6c, 0x20, 0x74, 0x6d, 0x70, 0x76, 0x61, 0x72, 0x5f, 0x31, 0x34, 0x33, 0x3b, 0x0a, 0x20, // ol tmpvar_143;.
	0x20, 0x20, 0x20, 0x69, 0x66, 0x20, 0x28, 0x28, 0x75, 0x5f, 0x67, 0x78, 0x5f, 0x61, 0x6c, 0x70, //    if ((u_gx_alp
	0x68, 0x61, 0x5f, 0x63, 0x6f, 0x6d, 0x70, 0x61, 0x72, 0x65, 0x30, 0x2e, 0x77, 0x20, 0x3c, 0x20, // ha_compare0.w <
	0x30, 0x2e, 0x35, 0x29, 0x29, 0x20, 0x7b, 0x0a, 0x20, 0x20, 0x20, 0x20, 0x20, 0x20, 0x74, 0x6d, // 0.5)) {.      tm
	0x70, 0x76, 0x61, 0x72, 0x5f, 0x31, 0x34, 0x33, 0x20, 0x3d, 0x20, 0x62, 0x6f, 0x6f, 0x6c, 0x28, // pvar_143 = bool(
	0x30, 0x29, 0x3b, 0x0a, 0x20, 0x20, 0x20, 0x20, 0x7d, 0x20, 0x65, 0x6c, 0x73, 0x65, 0x20, 0x7b, // 0);.    } else {
	0x0a, 0x20, 0x20, 0x20, 0x20, 0x20, 0x20, 0x69, 0x66, 0x20, 0x28, 0x28, 0x75, 0x5f, 0x67, 0x78, // .      if ((u_gx
	0x5f, 0x61, 0x6c, 0x70, 0x68, 0x61, 0x5f, 0x63, 0x6f, 0x6d, 0x70, 0x61, 0x72, 0x65, 0x30, 0x2e, // _alpha_compare0.
	0x77, 0x20, 0x3c, 0x20, 0x31, 0x2e, 0x35, 0x29, 0x29, 0x20, 0x7b, 0x0a, 0x20, 0x20, 0x20, 0x20, // w < 1.5)) {.
	0x20, 0x20, 0x20, 0x20, 0x74, 0x6d, 0x70, 0x76, 0x61, 0x72, 0x5f, 0x31, 0x34, 0x33, 0x20, 0x3d, //     tmpvar_143 =
	0x20, 0x28, 0x74, 0x6d, 0x70, 0x76, 0x61, 0x72, 0x5f, 0x31, 0x33, 0x39, 0x20, 0x3c, 0x20, 0x75, //  (tmpvar_139 < u
	0x5f, 0x67, 0x78, 0x5f, 0x61, 0x6c, 0x70, 0x68, 0x61, 0x5f, 0x63, 0x6f, 0x6d, 0x70, 0x61, 0x72, // _gx_alpha_compar
	0x65, 0x31, 0x2e, 0x78, 0x29, 0x3b, 0x0a, 0x20, 0x20, 0x20, 0x20, 0x20, 0x20, 0x7d, 0x20, 0x65, // e1.x);.      } e
	0x6c, 0x73, 0x65, 0x20, 0x7b, 0x0a, 0x20, 0x20, 0x20, 0x20, 0x20, 0x20, 0x20, 0x20, 0x69, 0x66, // lse {.        if
	0x20, 0x28, 0x28, 0x75, 0x5f, 0x67, 0x78, 0x5f, 0x61, 0x6c, 0x70, 0x68, 0x61, 0x5f, 0x63, 0x6f, //  ((u_gx_alpha_co
	0x6d, 0x70, 0x61, 0x72, 0x65, 0x30, 0x2e, 0x77, 0x20, 0x3c, 0x20, 0x32, 0x2e, 0x35, 0x29, 0x29, // mpare0.w < 2.5))
	0x20, 0x7b, 0x0a, 0x20, 0x20, 0x20, 0x20, 0x20, 0x20, 0x20, 0x20, 0x20, 0x20, 0x74, 0x6d, 0x70, //  {.          tmp
	0x76, 0x61, 0x72, 0x5f, 0x31, 0x34, 0x33, 0x20, 0x3d, 0x20, 0x28, 0x61, 0x62, 0x73, 0x28, 0x28, // var_143 = (abs((
	0x74, 0x6d, 0x70, 0x76, 0x61, 0x72, 0x5f, 0x31, 0x33, 0x39, 0x20, 0x2d, 0x20, 0x75, 0x5f, 0x67, // tmpvar_139 - u_g
	0x78, 0x5f, 0x61, 0x6c, 0x70, 0x68, 0x61, 0x5f, 0x63, 0x6f, 0x6d, 0x70, 0x61, 0x72, 0x65, 0x31, // x_alpha_compare1
	0x2e, 0x78, 0x29, 0x29, 0x20, 0x3c, 0x20, 0x30, 0x2e, 0x30, 0x30, 0x31, 0x39, 0x36, 0x30, 0x37, // .x)) < 0.0019607
	0x38, 0x34, 0x29, 0x3b, 0x0a, 0x20, 0x20, 0x20, 0x20, 0x20, 0x20, 0x20, 0x20, 0x7d, 0x20, 0x65, // 84);.        } e
	0x6c, 0x73, 0x65, 0x20, 0x7b, 0x0a, 0x20, 0x20, 0x20, 0x20, 0x20, 0x20, 0x20, 0x20, 0x20, 0x20, // lse {.
	0x69, 0x66, 0x20, 0x28, 0x28, 0x75, 0x5f, 0x67, 0x78, 0x5f, 0x61, 0x6c, 0x70, 0x68, 0x61, 0x5f, // if ((u_gx_alpha_
	0x63, 0x6f, 0x6d, 0x70, 0x61, 0x72, 0x65, 0x30, 0x2e, 0x77, 0x20, 0x3c, 0x20, 0x33, 0x2e, 0x35, // compare0.w < 3.5
	0x29, 0x29, 0x20, 0x7b, 0x0a, 0x20, 0x20, 0x20, 0x20, 0x20, 0x20, 0x20, 0x20, 0x20, 0x20, 0x20, // )) {.
	0x20, 0x74, 0x6d, 0x70, 0x76, 0x61, 0x72, 0x5f, 0x31, 0x34, 0x33, 0x20, 0x3d, 0x20, 0x28, 0x74, //  tmpvar_143 = (t
	0x6d, 0x70, 0x76, 0x61, 0x72, 0x5f, 0x31, 0x33, 0x39, 0x20, 0x3c, 0x3d, 0x20, 0x75, 0x5f, 0x67, // mpvar_139 <= u_g
	0x78, 0x5f, 0x61, 0x6c, 0x70, 0x68, 0x61, 0x5f, 0x63, 0x6f, 0x6d, 0x70, 0x61, 0x72, 0x65, 0x31, // x_alpha_compare1
	0x2e, 0x78, 0x29, 0x3b, 0x0a, 0x20, 0x20, 0x20, 0x20, 0x20, 0x20, 0x20, 0x20, 0x20, 0x20, 0x7d, // .x);.          }
	0x20, 0x65, 0x6c, 0x73, 0x65, 0x20, 0x7b, 0x0a, 0x20, 0x20, 0x20, 0x20, 0x20, 0x20, 0x20, 0x20, //  else {.
	0x20, 0x20, 0x20, 0x20, 0x69, 0x66, 0x20, 0x28, 0x28, 0x75, 0x5f, 0x67, 0x78, 0x5f, 0x61, 0x6c, //     if ((u_gx_al
	0x70, 0x68, 0x61, 0x5f, 0x63, 0x6f, 0x6d, 0x70, 0x61, 0x72, 0x65, 0x30, 0x2e, 0x77, 0x20, 0x3c, // pha_compare0.w <
	0x20, 0x34, 0x2e, 0x35, 0x29, 0x29, 0x20, 0x7b, 0x0a, 0x20, 0x20, 0x20, 0x20, 0x20, 0x20, 0x20, //  4.5)) {.
	0x20, 0x20, 0x20, 0x20, 0x20, 0x20, 0x20, 0x74, 0x6d, 0x70, 0x76, 0x61, 0x72, 0x5f, 0x31, 0x34, //        tmpvar_14
	0x33, 0x20, 0x3d, 0x20, 0x28, 0x74, 0x6d, 0x70, 0x76, 0x61, 0x72, 0x5f, 0x31, 0x33, 0x39, 0x20, // 3 = (tmpvar_139
	0x3e, 0x20, 0x75, 0x5f, 0x67, 0x78, 0x5f, 0x61, 0x6c, 0x70, 0x68, 0x61, 0x5f, 0x63, 0x6f, 0x6d, // > u_gx_alpha_com
	0x70, 0x61, 0x72, 0x65, 0x31, 0x2e, 0x78, 0x29, 0x3b, 0x0a, 0x20, 0x20, 0x20, 0x20, 0x20, 0x20, // pare1.x);.
	0x20, 0x20, 0x20, 0x20, 0x20, 0x20, 0x7d, 0x20, 0x65, 0x6c, 0x73, 0x65, 0x20, 0x7b, 0x0a, 0x20, //       } else {.
	0x20, 0x20, 0x20, 0x20, 0x20, 0x20, 0x20, 0x20, 0x20, 0x20, 0x20, 0x20, 0x20, 0x69, 0x66, 0x20, //              if
	0x28, 0x28, 0x75, 0x5f, 0x67, 0x78, 0x5f, 0x61, 0x6c, 0x70, 0x68, 0x61, 0x5f, 0x63, 0x6f, 0x6d, // ((u_gx_alpha_com
	0x70, 0x61, 0x72, 0x65, 0x30, 0x2e, 0x77, 0x20, 0x3c, 0x20, 0x35, 0x2e, 0x35, 0x29, 0x29, 0x20, // pare0.w < 5.5))
	0x7b, 0x0a, 0x20, 0x20, 0x20, 0x20, 0x20, 0x20, 0x20, 0x20, 0x20, 0x20, 0x20, 0x20, 0x20, 0x20, // {.
	0x20, 0x20, 0x74, 0x6d, 0x70, 0x76, 0x61, 0x72, 0x5f, 0x31, 0x34, 0x33, 0x20, 0x3d, 0x20, 0x28, //   tmpvar_143 = (
	0x61, 0x62, 0x73, 0x28, 0x28, 0x74, 0x6d, 0x70, 0x76, 0x61, 0x72, 0x5f, 0x31, 0x33, 0x39, 0x20, // abs((tmpvar_139
	0x2d, 0x20, 0x75, 0x5f, 0x67, 0x78, 0x5f, 0x61, 0x6c, 0x70, 0x68, 0x61, 0x5f, 0x63, 0x6f, 0x6d, // - u_gx_alpha_com
	0x70, 0x61, 0x72, 0x65, 0x31, 0x2e, 0x78, 0x29, 0x29, 0x20, 0x3e, 0x3d, 0x20, 0x30, 0x2e, 0x30, // pare1.x)) >= 0.0
	0x30, 0x31, 0x39, 0x36, 0x30, 0x37, 0x38, 0x34, 0x29, 0x3b, 0x0a, 0x20, 0x20, 0x20, 0x20, 0x20, // 01960784);.
	0x20, 0x20, 0x20, 0x20, 0x20, 0x20, 0x20, 0x20, 0x20, 0x7d, 0x20, 0x65, 0x6c, 0x73, 0x65, 0x20, //          } else
	0x7b, 0x0a, 0x20, 0x20, 0x20, 0x20, 0x20, 0x20, 0x20, 0x20, 0x20, 0x20, 0x20, 0x20, 0x20, 0x20, // {.
	0x20, 0x20, 0x69, 0x66, 0x20, 0x28, 0x28, 0x75, 0x5f, 0x67, 0x78, 0x5f, 0x61, 0x6c, 0x70, 0x68, //   if ((u_gx_alph
	0x61, 0x5f, 0x63, 0x6f, 0x6d, 0x70, 0x61, 0x72, 0x65, 0x30, 0x2e, 0x77, 0x20, 0x3c, 0x20, 0x36, // a_compare0.w < 6
	0x2e, 0x35, 0x29, 0x29, 0x20, 0x7b, 0x0a, 0x20, 0x20, 0x20, 0x20, 0x20, 0x20, 0x20, 0x20, 0x20, // .5)) {.
	0x20, 0x20, 0x20, 0x20, 0x20, 0x20, 0x20, 0x20, 0x20, 0x74, 0x6d, 0x70, 0x76, 0x61, 0x72, 0x5f, //          tmpvar_
	0x31, 0x34, 0x33, 0x20, 0x3d, 0x20, 0x28, 0x74, 0x6d, 0x70, 0x76, 0x61, 0x72, 0x5f, 0x31, 0x33, // 143 = (tmpvar_13
	0x39, 0x20, 0x3e, 0x3d, 0x20, 0x75, 0x5f, 0x67, 0x78, 0x5f, 0x61, 0x6c, 0x70, 0x68, 0x61, 0x5f, // 9 >= u_gx_alpha_
	0x63, 0x6f, 0x6d, 0x70, 0x61, 0x72, 0x65, 0x31, 0x2e, 0x78, 0x29, 0x3b, 0x0a, 0x20, 0x20, 0x20, // compare1.x);.
	0x20, 0x20, 0x20, 0x20, 0x20, 0x20, 0x20, 0x20, 0x20, 0x20, 0x20, 0x20, 0x20, 0x7d, 0x20, 0x65, //              } e
	0x6c, 0x73, 0x65, 0x20, 0x7b, 0x0a, 0x20, 0x20, 0x20, 0x20, 0x20, 0x20, 0x20, 0x20, 0x20, 0x20, // lse {.
	0x20, 0x20, 0x20, 0x20, 0x20, 0x20, 0x20, 0x20, 0x74, 0x6d, 0x70, 0x76, 0x61, 0x72, 0x5f, 0x31, //         tmpvar_1
	0x34, 0x33, 0x20, 0x3d, 0x20, 0x62, 0x6f, 0x6f, 0x6c, 0x28, 0x31, 0x29, 0x3b, 0x0a, 0x20, 0x20, // 43 = bool(1);.
	0x20, 0x20, 0x20, 0x20, 0x20, 0x20, 0x20, 0x20, 0x20, 0x20, 0x20, 0x20, 0x20, 0x20, 0x7d, 0x3b, //               };
	0x0a, 0x20, 0x20, 0x20, 0x20, 0x20, 0x20, 0x20, 0x20, 0x20, 0x20, 0x20, 0x20, 0x20, 0x20, 0x7d, // .              }
	0x3b, 0x0a, 0x20, 0x20, 0x20, 0x20, 0x20, 0x20, 0x20, 0x20, 0x20, 0x20, 0x20, 0x20, 0x7d, 0x3b, // ;.            };
	0x0a, 0x20, 0x20, 0x20, 0x20, 0x20, 0x20, 0x20, 0x20, 0x20, 0x20, 0x7d, 0x3b, 0x0a, 0x20, 0x20, // .          };.
	0x20, 0x20, 0x20, 0x20, 0x20, 0x20, 0x7d, 0x3b, 0x0a, 0x20, 0x20, 0x20, 0x20, 0x20, 0x20, 0x7d, //       };.      }
	0x3b, 0x0a, 0x20, 0x20, 0x20, 0x20, 0x7d, 0x3b, 0x0a, 0x20, 0x20, 0x20, 0x20, 0x69, 0x66, 0x20, // ;.    };.    if
	0x28, 0x28, 0x75, 0x5f, 0x67, 0x78, 0x5f, 0x61, 0x6c, 0x70, 0x68, 0x61, 0x5f, 0x63, 0x6f, 0x6d, // ((u_gx_alpha_com
	0x70, 0x61, 0x72, 0x65, 0x30, 0x2e, 0x7a, 0x20, 0x3c, 0x20, 0x30, 0x2e, 0x35, 0x29, 0x29, 0x20, // pare0.z < 0.5))
	0x7b, 0x0a, 0x20, 0x20, 0x20, 0x20, 0x20, 0x20, 0x74, 0x6d, 0x70, 0x76, 0x61, 0x72, 0x5f, 0x31, // {.      tmpvar_1
	0x34, 0x31, 0x20, 0x3d, 0x20, 0x28, 0x74, 0x6d, 0x70, 0x76, 0x61, 0x72, 0x5f, 0x31, 0x34, 0x32, // 41 = (tmpvar_142
	0x20, 0x26, 0x26, 0x20, 0x74, 0x6d, 0x70, 0x76, 0x61, 0x72, 0x5f, 0x31, 0x34, 0x33, 0x29, 0x3b, //  && tmpvar_143);
	0x0a, 0x20, 0x20, 0x20, 0x20, 0x7d, 0x20, 0x65, 0x6c, 0x73, 0x65, 0x20, 0x7b, 0x0a, 0x20, 0x20, // .    } else {.
	0x20, 0x20, 0x20, 0x20, 0x69, 0x66, 0x20, 0x28, 0x28, 0x75, 0x5f, 0x67, 0x78, 0x5f, 0x61, 0x6c, //     if ((u_gx_al
	0x70, 0x68, 0x61, 0x5f, 0x63, 0x6f, 0x6d, 0x70, 0x61, 0x72, 0x65, 0x30, 0x2e, 0x7a, 0x20, 0x3c, // pha_compare0.z <
	0x20, 0x31, 0x2e, 0x35, 0x29, 0x29, 0x20, 0x7b, 0x0a, 0x20, 0x20, 0x20, 0x20, 0x20, 0x20, 0x20, //  1.5)) {.
	0x20, 0x74, 0x6d, 0x70, 0x76, 0x61, 0x72, 0x5f, 0x31, 0x34, 0x31, 0x20, 0x3d, 0x20, 0x28, 0x74, //  tmpvar_141 = (t
	0x6d, 0x70, 0x76, 0x61, 0x72, 0x5f, 0x31, 0x34, 0x32, 0x20, 0x7c, 0x7c, 0x20, 0x74, 0x6d, 0x70, // mpvar_142 || tmp
	0x76, 0x61, 0x72, 0x5f, 0x31, 0x34, 0x33, 0x29, 0x3b, 0x0a, 0x20, 0x20, 0x20, 0x20, 0x20, 0x20, // var_143);.
	0x7d, 0x20, 0x65, 0x6c, 0x73, 0x65, 0x20, 0x7b, 0x0a, 0x20, 0x20, 0x20, 0x20, 0x20, 0x20, 0x20, // } else {.
	0x20, 0x69, 0x66, 0x20, 0x28, 0x28, 0x75, 0x5f, 0x67, 0x78, 0x5f, 0x61, 0x6c, 0x70, 0x68, 0x61, //  if ((u_gx_alpha
	0x5f, 0x63, 0x6f, 0x6d, 0x70, 0x61, 0x72, 0x65, 0x30, 0x2e, 0x7a, 0x20, 0x3c, 0x20, 0x32, 0x2e, // _compare0.z < 2.
	0x35, 0x29, 0x29, 0x20, 0x7b, 0x0a, 0x20, 0x20, 0x20, 0x20, 0x20, 0x20, 0x20, 0x20, 0x20, 0x20, // 5)) {.
	0x74, 0x6d, 0x70, 0x76, 0x61, 0x72, 0x5f, 0x31, 0x34, 0x31, 0x20, 0x3d, 0x20, 0x28, 0x74, 0x6d, // tmpvar_141 = (tm
	0x70, 0x76, 0x61, 0x72, 0x5f, 0x31, 0x34, 0x32, 0x20, 0x21, 0x3d, 0x20, 0x74, 0x6d, 0x70, 0x76, // pvar_142 != tmpv
	0x61, 0x72, 0x5f, 0x31, 0x34, 0x33, 0x29, 0x3b, 0x0a, 0x20, 0x20, 0x20, 0x20, 0x20, 0x20, 0x20, // ar_143);.
	0x20, 0x7d, 0x20, 0x65, 0x6c, 0x73, 0x65, 0x20, 0x7b, 0x0a, 0x20, 0x20, 0x20, 0x20, 0x20, 0x20, //  } else {.
	0x20, 0x20, 0x20, 0x20, 0x74, 0x6d, 0x70, 0x76, 0x61, 0x72, 0x5f, 0x31, 0x34, 0x31, 0x20, 0x3d, //     tmpvar_141 =
	0x20, 0x28, 0x74, 0x6d, 0x70, 0x76, 0x61, 0x72, 0x5f, 0x31, 0x34, 0x32, 0x20, 0x3d, 0x3d, 0x20, //  (tmpvar_142 ==
	0x74, 0x6d, 0x70, 0x76, 0x61, 0x72, 0x5f, 0x31, 0x34, 0x33, 0x29, 0x3b, 0x0a, 0x20, 0x20, 0x20, // tmpvar_143);.
	0x20, 0x20, 0x20, 0x20, 0x20, 0x7d, 0x3b, 0x0a, 0x20, 0x20, 0x20, 0x20, 0x20, 0x20, 0x7d, 0x3b, //      };.      };
	0x0a, 0x20, 0x20, 0x20, 0x20, 0x7d, 0x3b, 0x0a, 0x20, 0x20, 0x7d, 0x3b, 0x0a, 0x20, 0x20, 0x69, // .    };.  };.  i
	0x66, 0x20, 0x28, 0x21, 0x28, 0x74, 0x6d, 0x70, 0x76, 0x61, 0x72, 0x5f, 0x31, 0x34, 0x31, 0x29, // f (!(tmpvar_141)
	0x29, 0x20, 0x7b, 0x0a, 0x20, 0x20, 0x20, 0x20, 0x64, 0x69, 0x73, 0x63, 0x61, 0x72, 0x64, 0x3b, // ) {.    discard;
	0x0a, 0x20, 0x20, 0x7d, 0x3b, 0x0a, 0x20, 0x20, 0x67, 0x6c, 0x5f, 0x46, 0x72, 0x61, 0x67, 0x43, // .  };.  gl_FragC
	0x6f, 0x6c, 0x6f, 0x72, 0x20, 0x3d, 0x20, 0x63, 0x6c, 0x61, 0x6d, 0x70, 0x20, 0x28, 0x74, 0x6d, // olor = clamp (tm
	0x70, 0x76, 0x61, 0x72, 0x5f, 0x31, 0x34, 0x30, 0x2c, 0x20, 0x30, 0x2e, 0x30, 0x2c, 0x20, 0x31, // pvar_140, 0.0, 1
	0x2e, 0x30, 0x29, 0x3b, 0x0a, 0x7d, 0x0a, 0x0a, 0x00,                                           // .0);.}...
};
