[0mchecking for Xcode SDK ... [38;5;2;1m/Applications/Xcode.app (sdk: 27.0, arm64-apple-macos26.0)[0m
[0mchecking for disc ... [38;5;1;1mno[0m
[0mchecking for Xcode SDK ... [38;5;2;1m/Applications/Xcode.app (sdk: 27.0, arm64-apple-macos26.0)[0m
[0m[38;5;2;1m[  1%]:[0m [38;5;5;1m<smg-pc>[0m cache compiling.debug src/app/main.cpp[0m
[0m[38;5;2;1m[  8%]:[0m [38;5;5;1m<smg-pc-game>[0m cache compiling.debug src/Game/Demo/DemoExecutorFunction.cpp[0m
[0m[38;5;2;1m[  8%]:[0m [38;5;5;1m<smg-pc-app>[0m cache compiling.debug src/app/Application.cpp[0m
[0m[38;5;2;1m[  8%]:[0m [38;5;5;1m<smg-pc-app>[0m cache compiling.debug src/app/OriginalGameApplication.cpp[0m
[0m[38;5;2;1m[  8%]:[0m [38;5;5;1m<smg-pc-render>[0m cache compiling.debug src/render/RendererService.cpp[0m
[0m[38;5;2;1m[  8%]:[0m [38;5;5;1m<smg-pc-game>[0m cache compiling.debug src/Game/Demo/DemoSoundKeeper.cpp[0m
[0m[38;5;2;1m[  8%]:[0m [38;5;5;1m<smg-pc-game>[0m cache compiling.debug src/Game/Demo/DemoSimpleCastHolder.cpp[0m
[0m[38;5;2;1m[  8%]:[0m [38;5;5;1m<smg-pc-render>[0m cache compiling.debug src/render/BrightVisibilityService.cpp[0m
[0m[38;5;2;1m[  8%]:[0m [38;5;5;1m<smg-pc-render>[0m cache compiling.debug src/render/AuroraBrightVisibilityService.cpp[0m
[0m[38;5;2;1m[  8%]:[0m [38;5;5;1m<smg-pc-game>[0m cache compiling.debug src/Game/Demo/DemoCameraFunction.cpp[0m
[0m[38;5;2;1m[  8%]:[0m [38;5;5;1m<smg-pc-game>[0m cache compiling.debug src/Game/Demo/DemoStartRequestHolder.cpp[0m
[0m[38;5;2;1m[  8%]:[0m [38;5;5;1m<smg-pc-game>[0m cache compiling.debug src/Game/Demo/DemoCastGroupHolder.cpp[0m
[0m[38;5;2;1m[  8%]:[0m [38;5;5;1m<smg-pc-game>[0m cache compiling.debug src/Game/Demo/DemoPlayerKeeper.cpp[0m
[0m[38;5;2;1m[  8%]:[0m [38;5;5;1m<smg-pc-game>[0m cache compiling.debug src/Game/Demo/AstroDemoFunction.cpp[0m
[0m[38;5;2;1m[  8%]:[0m [38;5;5;1m<smg-pc-game>[0m cache compiling.debug src/Game/Demo/DemoCameraKeeper.cpp[0m
[0m[38;5;2;1m[  9%]:[0m [38;5;5;1m<smg-pc-game>[0m cache compiling.debug src/Game/Demo/DemoTalkAnimCtrl.cpp[0m
[0m[38;5;2;1m[  9%]:[0m [38;5;5;1m<smg-pc-game>[0m cache compiling.debug src/Game/Demo/DemoCastGroup.cpp[0m
[0m[38;5;2;1m[  9%]:[0m [38;5;5;1m<smg-pc-game>[0m cache compiling.debug src/Game/Demo/DemoDirector.cpp[0m
[0m[38;5;2;1m[  9%]:[0m [38;5;5;1m<smg-pc-game>[0m cache compiling.debug src/Game/Demo/DemoExecutor.cpp[0m
[0m[38;5;2;1m[  9%]:[0m [38;5;5;1m<smg-pc-game>[0m cache compiling.debug src/Game/Demo/DemoPadRumbler.cpp[0m
[0m[38;5;2;1m[  9%]:[0m [38;5;5;1m<smg-pc-game>[0m cache compiling.debug src/Game/Demo/DemoWipeKeeper.cpp[0m
[0m[38;5;2;1m[  9%]:[0m [38;5;5;1m<smg-pc-game>[0m cache compiling.debug src/Game/Demo/DemoSubPartKeeper.cpp[0m
[0m[38;5;2;1m[  9%]:[0m [38;5;5;1m<smg-pc-game>[0m cache compiling.debug src/Game/Demo/PrologueDirector.cpp[0m
[0m[38;5;2;1m[  9%]:[0m [38;5;5;1m<smg-pc-game>[0m cache compiling.debug src/Game/Demo/DemoStartRequestUtil.cpp[0m
[0m[38;5;2;1m[  9%]:[0m [38;5;5;1m<smg-pc-game>[0m cache compiling.debug src/Game/Demo/DemoActionKeeper.cpp[0m
[0m[38;5;3;1msrc/Game/Demo/DemoSoundKeeper.cpp:21:9: warning: ignoring return value of function declared with 'nodiscard' attribute [-Wunused-result]
   21 |         map->getValue(i, "PartName", &info.mPartName);
      |         ^~~~~~~~~~~~~~~~~~~~~~~~~~~~~~~~~~~~~~~~~~~~~
src/Game/Demo/DemoSoundKeeper.cpp:22:9: warning: ignoring return value of function declared with 'nodiscard' attribute [-Wunused-result]
   22 |         map->getValue(i, "Bgm", &info.mBgm);
      |         ^~~~~~~~~~~~~~~~~~~~~~~~~~~~~~~~~~~
src/Game/Demo/DemoSoundKeeper.cpp:23:9: warning: ignoring return value of function declared with 'nodiscard' attribute [-Wunused-result]
   23 |         map->getValue(i, "SystemSe", &info.mSystemSe);
      |         ^~~~~~~~~~~~~~~~~~~~~~~~~~~~~~~~~~~~~~~~~~~~~
src/Game/Demo/DemoSoundKeeper.cpp:25:9: warning: ignoring return value of function declared with 'nodiscard' attribute [-Wunused-result]
   25 |         map->getValue(i, "ReturnBgm", &returnBgm);
      |         ^~~~~~~~~~~~~~~~~~~~~~~~~~~~~~~~~~~~~~~~~
src/Game/Demo/DemoSoundKeeper.cpp:27:9: warning: ignoring return value of function declared with 'nodiscard' attribute [-Wunused-result]
   27 |         map->getValue(i, "BgmWipeoutFrame", &info.mBgmWipeoutFrame);
      |         ^~~~~~~~~~~~~~~~~~~~~~~~~~~~~~~~~~~~~~~~~~~~~~~~~~~~~~~~~~~
5 warnings generated.[0m
[0m[38;5;2;1m[  9%]:[0m [38;5;5;1m<smg-pc-game>[0m cache compiling.debug src/Game/Demo/DemoPositionController.cpp[0m
[0m[38;5;2;1m[  9%]:[0m [38;5;5;1m<smg-pc-game>[0m cache compiling.debug src/Game/Demo/DemoCastSubGroup.cpp[0m
[0m[38;5;2;1m[  9%]:[0m [38;5;5;1m<smg-pc-game>[0m cache compiling.debug src/Game/Demo/DemoTimeKeeper.cpp[0m
[0m[38;5;2;1m[  9%]:[0m [38;5;5;1m<smg-pc-game>[0m cache compiling.debug src/Game/Demo/DemoFunction.cpp[0m
[0m[38;5;2;1m[ 10%]:[0m [38;5;5;1m<smg-pc-game>[0m cache compiling.debug src/Game/AudioLib/AudBgmVolumeController.cpp[0m
[0m[38;5;3;1msrc/Game/Demo/DemoCameraKeeper.cpp:125:9: warning: ignoring return value of function declared with 'nodiscard' attribute [-Wunused-result]
  125 |         map->getValue< const char* >(i, "PartName", &curInfo->mPartName);
      |         ^~~~~~~~~~~~~~~~~~~~~~~~~~~~~~~~~~~~~~~~~~~~~~~~~~~~~~~~~~~~~~~~
src/Game/Demo/DemoCameraKeeper.cpp:126:9: warning: ignoring return value of function declared with 'nodiscard' attribute [-Wunused-result]
  126 |         map->getValue< const char* >(i, "CameraTargetName", &curInfo->mCameraTargetName);
      |         ^~~~~~~~~~~~~~~~~~~~~~~~~~~~~~~~~~~~~~~~~~~~~~~~~~~~~~~~~~~~~~~~~~~~~~~~~~~~~~~~
src/Game/Demo/DemoCameraKeeper.cpp:127:9: warning: ignoring return value of function declared with 'nodiscard' attribute [-Wunused-result]
  127 |         map->getValue< s32 >(i, "CameraTargetCastID", &curInfo->mCameraTargetCastID);
      |         ^~~~~~~~~~~~~~~~~~~~~~~~~~~~~~~~~~~~~~~~~~~~~~~~~~~~~~~~~~~~~~~~~~~~~~~~~~~~
src/Game/Demo/DemoCameraKeeper.cpp:128:9: warning: ignoring return value of function declared with 'nodiscard' attribute [-Wunused-result]
  128 |         map->getValue< const char* >(i, "AnimCameraName", &curInfo->mAnimCameraName);
      |         ^~~~~~~~~~~~~~~~~~~~~~~~~~~~~~~~~~~~~~~~~~~~~~~~~~~~~~~~~~~~~~~~~~~~~~~~~~~~
src/Game/Demo/DemoCameraKeeper.cpp:129:9: warning: ignoring return value of function declared with 'nodiscard' attribute [-Wunused-result]
  129 |         map->getValue< s32 >(i, "AnimCameraStartFrame", &curInfo->mAnimCameraStartFrame);
      |         ^~~~~~~~~~~~~~~~~~~~~~~~~~~~~~~~~~~~~~~~~~~~~~~~~~~~~~~~~~~~~~~~~~~~~~~~~~~~~~~~
src/Game/Demo/DemoCameraKeeper.cpp:130:9: warning: ignoring return value of function declared with 'nodiscard' attribute [-Wunused-result][0m
[0m[38;5;2;1m[ 10%]:[0m [38;5;5;1m<smg-pc-game>[0m cache compiling.debug src/Game/AudioLib/AudLimitedSound.cpp[0m
[0m[38;5;2;1m[ 10%]:[0m [38;5;5;1m<smg-pc-game>[0m cache compiling.debug src/Game/AudioLib/AudSoundNameConverter.cpp[0m
[0m[38;5;3;1mIn file included from src/Game/Demo/DemoSubPartKeeper.cpp:3:
In file included from src/Game/Util.hpp:18:
src/Game/Util/Functor.hpp:114:105: warning: GCC does not allow 'noinline' attribute in this position on a function definition [-Wgcc-compat]
  114 |     static FunctorV1M< T*, void (T::*)(U), U > Functor(T* a1, void (T::*a2)(U), U arg_0) __attribute__((noinline)) {
      |                                                                                                         ^
1 warning generated.[0m
[0m[38;5;2;1m[ 10%]:[0m [38;5;5;1m<smg-pc-game>[0m cache compiling.debug src/Game/AudioLib/CSSoundNameConverter.cpp[0m
[0m[38;5;2;1m[ 10%]:[0m [38;5;5;1m<smg-pc-game>[0m cache compiling.debug src/Game/AudioLib/AudMeNameConverter.cpp[0m
[0m[38;5;3;1mIn file included from src/Game/Demo/DemoExecutor.cpp:15:
src/Game/Util/Functor.hpp:114:105: warning: GCC does not allow 'noinline' attribute in this position on a function definition [-Wgcc-compat]
  114 |     static FunctorV1M< T*, void (T::*)(U), U > Functor(T* a1, void (T::*a2)(U), U arg_0) __attribute__((noinline)) {
      |                                                                                                         ^
1 warning generated.[0m
[0m[38;5;2;1m[ 10%]:[0m [38;5;5;1m<smg-pc-game>[0m cache compiling.debug src/Game/AudioLib/AudParams.cpp[0m
[0m[38;5;2;1m[ 10%]:[0m [38;5;5;1m<smg-pc-game>[0m cache compiling.debug src/Game/AudioLib/AudBgmSetting.cpp[0m
[0m[38;5;2;1m[ 10%]:[0m [38;5;5;1m<smg-pc-game>[0m cache compiling.debug src/Game/Gravity/PlanetGravity.cpp[0m
[0m[38;5;2;1m[ 10%]:[0m [38;5;5;1m<smg-pc-game>[0m cache compiling.debug src/Game/Gravity/ParallelGravity.cpp[0m
[0m[38;5;2;1m[ 10%]:[0m [38;5;5;1m<smg-pc-game>[0m cache compiling.debug src/Game/Gravity/GlobalGravityObj.cpp[0m
[0m[38;5;2;1m[ 10%]:[0m [38;5;5;1m<smg-pc-game>[0m cache compiling.debug src/Game/Gravity/PlanetGravityManager.cpp[0m
[0m[38;5;2;1m[ 10%]:[0m [38;5;5;1m<smg-pc-game>[0m cache compiling.debug src/Game/Gravity/CubeGravity.cpp[0m
[0m[38;5;2;1m[ 10%]:[0m [38;5;5;1m<smg-pc-game>[0m cache compiling.debug src/Game/Gravity/DiskTorusGravity.cpp[0m
[0m[38;5;2;1m[ 10%]:[0m [38;5;5;1m<smg-pc-game>[0m cache compiling.debug src/Game/Gravity/WireGravity.cpp[0m
[0m[38;5;2;1m[ 11%]:[0m [38;5;5;1m<smg-pc-game>[0m cache compiling.debug src/Game/Gravity/SegmentGravity.cpp[0m
[0m[38;5;2;1m[ 11%]:[0m [38;5;5;1m<smg-pc-game>[0m cache compiling.debug src/Game/Gravity/GravityCreator.cpp[0m
[0m[38;5;2;1m[ 11%]:[0m [38;5;5;1m<smg-pc-game>[0m cache compiling.debug src/Game/Gravity/GraviryFollower.cpp[0m
[0m[38;5;3;1msrc/Game/Demo/DemoFunction.cpp:121:59: warning: GCC does not allow 'noinline' attribute in this position on a function definition [-Wgcc-compat]
  121 |     DemoTimeKeeper* getCurrentTimeKeeper() __attribute__((noinline)) {
      |                                                           ^
src/Game/Demo/DemoFunction.cpp:125:65: warning: GCC does not allow 'noinline' attribute in this position on a function definition [-Wgcc-compat]
  125 |     DemoSubPartKeeper* getCurrentSubPartKeeper() __attribute__((noinline)) {
      |                                                                 ^
src/Game/Demo/DemoFunction.cpp:129:66: warning: GCC does not allow 'noinline' attribute in this position on a function definition [-Wgcc-compat]
  129 |     bool isCurrentMainPart(const char* pPartName) __attribute__((noinline)) {
      |                                                                  ^
3 warnings generated.[0m
[0m[38;5;2;1m[ 11%]:[0m [38;5;5;1m<smg-pc-game>[0m cache compiling.debug src/Game/Gravity/PointGravity.cpp[0m
[0m[38;5;3;1mIn file included from src/Game/Demo/DemoActionKeeper.cpp:9:
src/Game/Util/Functor.hpp:114:105: warning: GCC does not allow 'noinline' attribute in this position on a function definition [-Wgcc-compat]
  114 |     static FunctorV1M< T*, void (T::*)(U), U > Functor(T* a1, void (T::*a2)(U), U arg_0) __attribute__((noinline)) {
      |                                                                                                         ^
src/Game/Demo/DemoActionKeeper.cpp:229:9: warning: ignoring return value of function declared with 'nodiscard' attribute [-Wunused-result]
  229 |         jmap->getValue< const char* >(i, "PartName", &info->mPartName);
      |         ^~~~~~~~~~~~~~~~~~~~~~~~~~~~~~~~~~~~~~~~~~~~~~~~~~~~~~~~~~~~~~
src/Game/Demo/DemoActionKeeper.cpp:230:9: warning: ignoring return value of function declared with 'nodiscard' attribute [-Wunused-result]
  230 |         jmap->getValue< const char* >(i, "CastName", &info->mCastName);
      |         ^~~~~~~~~~~~~~~~~~~~~~~~~~~~~~~~~~~~~~~~~~~~~~~~~~~~~~~~~~~~~~
src/Game/Demo/DemoActionKeeper.cpp:231:9: warning: ignoring return value of function declared with 'nodiscard' attribute [-Wunused-result]
  231 |         jmap->getValue< s32 >(i, "CastID", &info->mCastID);
      |         ^~~~~~~~~~~~~~~~~~~~~~~~~~~~~~~~~~~~~~~~~~~~~~~~~~
src/Game/Demo/DemoActionKeeper.cpp:232:9: warning: ignoring return value of function declared with 'nodiscard' attribute [-Wunused-result]
  232 |         jmap->getValue< s32 >(i, "ActionType", &info->mActionType);
      |         ^~~~~~~~~~~~~~~~~~~~~~~~~~~~~~~~~~~~~~~~~~~~~~~~~~~~~~~~~~[0m
[0m[38;5;2;1m[ 11%]:[0m [38;5;5;1m<smg-pc-game>[0m cache compiling.debug src/Game/Gravity/DiskGravity.cpp[0m
[0m[38;5;2;1m[ 11%]:[0m [38;5;5;1m<smg-pc-game>[0m cache compiling.debug src/Game/Gravity/GravityInfo.cpp[0m
[0m[38;5;2;1m[ 11%]:[0m [38;5;5;1m<smg-pc-game>[0m cache compiling.debug src/Game/Gravity/ConeGravity.cpp[0m
[0m[38;5;2;1m[ 11%]:[0m [38;5;5;1m<smg-pc-game>[0m cache compiling.debug src/Game/GameAudio/AudStageBgmTable.cpp[0m
[0m[38;5;2;1m[ 11%]:[0m [38;5;5;1m<smg-pc-game>[0m cache compiling.debug src/Game/GameAudio/AudBgmConductor.cpp[0m
[0m[38;5;2;1m[ 11%]:[0m [38;5;5;1m<smg-pc-game>[0m cache compiling.debug src/Game/GameAudio/AudTalkSoundData.cpp[0m
[0m[38;5;2;1m[ 11%]:[0m [38;5;5;1m<smg-pc-game>[0m cache compiling.debug src/Game/GameAudio/AudStageBgmWrap.cpp[0m
[0m[38;5;3;1mIn file included from src/Game/Gravity/PlanetGravity.cpp:2:
In file included from src/Game/Util.hpp:18:
src/Game/Util/Functor.hpp:114:105: warning: GCC does not allow 'noinline' attribute in this position on a function definition [-Wgcc-compat]
  114 |     static FunctorV1M< T*, void (T::*)(U), U > Functor(T* a1, void (T::*a2)(U), U arg_0) __attribute__((noinline)) {
      |                                                                                                         ^
1 warning generated.[0m
[0m[38;5;2;1m[ 11%]:[0m [38;5;5;1m<smg-pc-game>[0m cache compiling.debug src/Game/Util/PlayerUtil.cpp[0m
[0m[38;5;2;1m[ 11%]:[0m [38;5;5;1m<smg-pc-game>[0m cache compiling.debug src/Game/Util/LayoutUtil.cpp[0m
[0m[38;5;3;1mIn file included from src/Game/Gravity/GlobalGravityObj.cpp:2:
In file included from src/Game/Util.hpp:18:
src/Game/Util/Functor.hpp:114:105: warning: GCC does not allow 'noinline' attribute in this position on a function definition [-Wgcc-compat]
  114 |     static FunctorV1M< T*, void (T::*)(U), U > Functor(T* a1, void (T::*a2)(U), U arg_0) __attribute__((noinline)) {
      |                                                                                                         ^
1 warning generated.[0m
[0m[38;5;2;1m[ 11%]:[0m [38;5;5;1m<smg-pc-game>[0m cache compiling.debug src/Game/Util/GamePadUtil.cpp[0m
[0m[38;5;3;1mIn file included from src/Game/Gravity/ParallelGravity.cpp:2:
In file included from src/Game/Util.hpp:18:
src/Game/Util/Functor.hpp:114:105: warning: GCC does not allow 'noinline' attribute in this position on a function definition [-Wgcc-compat]
  114 |     static FunctorV1M< T*, void (T::*)(U), U > Functor(T* a1, void (T::*a2)(U), U arg_0) __attribute__((noinline)) {
      |                                                                                                         ^
1 warning generated.[0m
[0m[38;5;2;1m[ 12%]:[0m [38;5;5;1m<smg-pc-game>[0m cache compiling.debug src/Game/Util/BothDirList.cpp[0m
[0m[38;5;2;1m[ 12%]:[0m [38;5;5;1m<smg-pc-game>[0m cache compiling.debug src/Game/Util/EffectUtil.cpp[0m
[0m[38;5;2;1m[ 12%]:[0m [38;5;5;1m<smg-pc-game>[0m cache compiling.debug src/Game/Util/TalkUtil.cpp[0m
[0m[38;5;3;1mIn file included from src/Game/Gravity/WireGravity.cpp:2:
In file included from src/Game/Util.hpp:18:
src/Game/Util/Functor.hpp:114:105: warning: GCC does not allow 'noinline' attribute in this position on a function definition [-Wgcc-compat]
  114 |     static FunctorV1M< T*, void (T::*)(U), U > Functor(T* a1, void (T::*a2)(U), U arg_0) __attribute__((noinline)) {
      |                                                                                                         ^
1 warning generated.[0m
[0m[38;5;2;1m[ 12%]:[0m [38;5;5;1m<smg-pc-game>[0m cache compiling.debug src/Game/Util/FurShader.cpp[0m
[0m[38;5;3;1mIn file included from src/Game/Gravity/DiskTorusGravity.cpp:2:
In file included from src/Game/Util.hpp:18:
src/Game/Util/Functor.hpp:114:105: warning: GCC does not allow 'noinline' attribute in this position on a function definition [-Wgcc-compat]
  114 |     static FunctorV1M< T*, void (T::*)(U), U > Functor(T* a1, void (T::*a2)(U), U arg_0) __attribute__((noinline)) {
      |                                                                                                         ^
1 warning generated.[0m
[0m[38;5;2;1m[ 12%]:[0m [38;5;5;1m<smg-pc-game>[0m cache compiling.debug src/Game/Util/JMapIdInfo.cpp[0m
[0m[38;5;2;1m[ 12%]:[0m [38;5;5;1m<smg-pc-game>[0m cache compiling.debug src/Game/Util/NerveUtil.cpp[0m
[0m[38;5;3;1mIn file included from src/Game/Gravity/SegmentGravity.cpp:2:
In file included from src/Game/Util.hpp:18:
src/Game/Util/Functor.hpp:114:105: warning: GCC does not allow 'noinline' attribute in this position on a function definition [-Wgcc-compat]
  114 |     static FunctorV1M< T*, void (T::*)(U), U > Functor(T* a1, void (T::*a2)(U), U arg_0) __attribute__((noinline)) {
      |                                                                                                         ^
1 warning generated.[0m
[0m[38;5;2;1m[ 12%]:[0m [38;5;5;1m<smg-pc-game>[0m cache compiling.debug src/Game/Util/GravityUtil.cpp[0m
[0m[38;5;3;1mIn file included from src/app/OriginalGameApplication.cpp:10:
In file included from src/Game/System/FileLoader.hpp:3:
In file included from src/Game/System/ArchiveHolder.hpp:4:
In file included from src/JSystem/JKernel/JKRMemArchive.hpp:3:
src/JSystem/JKernel/JKRArchive.hpp:122:33: warning: 'getResource' overrides a member function but is not marked 'override' [-Winconsistent-missing-override]
  122 |     [[nodiscard]] virtual void *getResource(const char *pPath) const;
      |                                 ^
src/JSystem/JKernel/JKRFileLoader.hpp:15:19: note: overridden virtual function is here
   15 |     virtual void* getResource(const char*) const = 0;
      |                   ^
In file included from src/app/OriginalGameApplication.cpp:10:
In file included from src/Game/System/FileLoader.hpp:3:
In file included from src/Game/System/ArchiveHolder.hpp:4:
In file included from src/JSystem/JKernel/JKRMemArchive.hpp:3:
src/JSystem/JKernel/JKRArchive.hpp:124:33: warning: 'getResource' overrides a member function but is not marked 'override' [-Winconsistent-missing-override]
  124 |     [[nodiscard]] virtual void *getResource(std::uint32_t, const char *pPath) const;[0m
[0m[38;5;2;1m[ 12%]:[0m [38;5;5;1m<smg-pc-game>[0m cache compiling.debug src/Game/Util/ScreenUtil.cpp[0m
[0m[38;5;2;1m[ 12%]:[0m [38;5;5;1m<smg-pc-game>[0m cache compiling.debug src/Game/Util/BaseMatrixFollowTargetHolder.cpp[0m
[0m[38;5;3;1mIn file included from src/Game/Gravity/PointGravity.cpp:2:
In file included from src/Game/Util.hpp:18:
src/Game/Util/Functor.hpp:114:105: warning: GCC does not allow 'noinline' attribute in this position on a function definition [-Wgcc-compat]
  114 |     static FunctorV1M< T*, void (T::*)(U), U > Functor(T* a1, void (T::*a2)(U), U arg_0) __attribute__((noinline)) {
      |                                                                                                         ^
1 warning generated.[0m
[0m[38;5;2;1m[ 12%]:[0m [38;5;5;1m<smg-pc-game>[0m cache compiling.debug src/Game/Util/FixedPosition.cpp[0m
[0m[38;5;3;1mIn file included from src/Game/Gravity/DiskGravity.cpp:2:
In file included from src/Game/Util.hpp:18:
src/Game/Util/Functor.hpp:114:105: warning: GCC does not allow 'noinline' attribute in this position on a function definition [-Wgcc-compat]
  114 |     static FunctorV1M< T*, void (T::*)(U), U > Functor(T* a1, void (T::*a2)(U), U arg_0) __attribute__((noinline)) {
      |                                                                                                         ^
1 warning generated.[0m
[0m[38;5;2;1m[ 12%]:[0m [38;5;5;1m<smg-pc-game>[0m cache compiling.debug src/Game/Util/ShareUtil.cpp[0m
[0m[38;5;2;1m[ 12%]:[0m [38;5;5;1m<smg-pc-game>[0m cache compiling.debug src/Game/Util/ActorMovementUtil.cpp[0m
[0m[38;5;3;1mIn file included from src/Game/Gravity/GravityCreator.cpp:2:
In file included from src/Game/Util.hpp:18:
src/Game/Util/Functor.hpp:114:105: warning: GCC does not allow 'noinline' attribute in this position on a function definition [-Wgcc-compat]
  114 |     static FunctorV1M< T*, void (T::*)(U), U > Functor(T* a1, void (T::*a2)(U), U arg_0) __attribute__((noinline)) {
      |                                                                                                         ^
1 warning generated.[0m
[0m[38;5;2;1m[ 12%]:[0m [38;5;5;1m<smg-pc-game>[0m cache compiling.debug src/Game/Util/HashUtil.cpp[0m
[0m[38;5;2;1m[ 12%]:[0m [38;5;5;1m<smg-pc-game>[0m cache compiling.debug src/Game/Util/SystemUtil.cpp[0m
[0m[38;5;2;1m[ 13%]:[0m [38;5;5;1m<smg-pc-game>[0m cache compiling.debug src/Game/Util/SwitchEventFunctorListener.cpp[0m
[0m[38;5;2;1m[ 13%]:[0m [38;5;5;1m<smg-pc-game>[0m cache compiling.debug src/Game/Util/RumbleCalculator.cpp[0m
[0m[38;5;2;1m[ 13%]:[0m [38;5;5;1m<smg-pc-game>[0m cache compiling.debug src/Game/Util/MathUtil.cpp[0m
[0m[38;5;2;1m[ 13%]:[0m [38;5;5;1m<smg-pc-game>[0m cache compiling.debug src/Game/Util/JMapInfo.cpp[0m
[0m[38;5;2;1m[ 13%]:[0m [38;5;5;1m<smg-pc-game>[0m cache compiling.debug src/Game/Util/JointController.cpp[0m
[0m[38;5;2;1m[ 13%]:[0m [38;5;5;1m<smg-pc-game>[0m cache compiling.debug src/Game/Util/Color.cpp[0m
[0m[38;5;2;1m[ 13%]:[0m [38;5;5;1m<smg-pc-game>[0m cache compiling.debug src/Game/Util/MemoryUtil.cpp[0m
[0m[38;5;3;1mIn file included from src/Game/Util/LayoutUtil.cpp:4:
In file included from src/Game/Screen/LayoutCoreUtil.hpp:4:
src/nw4r/lyt/pane.h:37:37: warning: 'offsetof' on non-standard-layout type 'detail::PaneBase' [-Winvalid-offsetof]
   37 |         typedef ut::LinkList< Pane, __builtin_offsetof(detail::PaneBase, mLink) > PaneList;
      |                                     ^                                    ~~~~~
In file included from src/Game/Util/LayoutUtil.cpp:4:
In file included from src/Game/Screen/LayoutCoreUtil.hpp:5:
In file included from src/nw4r/lyt/textBox.h:3:
src/nw4r/lyt/common.h:14:28: warning: comparison of different enumeration types ('_GXTexFmt' (aka 'GXTexFmt') and 'GXCITexFmt') is deprecated [-Wdeprecated-enum-compare]
   14 |                 return fmt == GX_TF_C4 || fmt == GX_TF_C8 || fmt == GX_TF_C14X2;
      |                        ~~~ ^  ~~~~~~~~
src/nw4r/lyt/common.h:14:47: warning: comparison of different enumeration types ('_GXTexFmt' (aka 'GXTexFmt') and 'GXCITexFmt') is deprecated [-Wdeprecated-enum-compare]
   14 |                 return fmt == GX_TF_C4 || fmt == GX_TF_C8 || fmt == GX_TF_C14X2;
      |                                           ~~~ ^  ~~~~~~~~
src/nw4r/lyt/common.h:14:66: warning: comparison of different enumeration types ('_GXTexFmt' (aka 'GXTexFmt') and 'GXCITexFmt') is deprecated [-Wdeprecated-enum-compare]
   14 |                 return fmt == GX_TF_C4 || fmt == GX_TF_C8 || fmt == GX_TF_C14X2;[0m
[0m[38;5;2;1m[ 13%]:[0m [38;5;5;1m<smg-pc-game>[0m cache compiling.debug src/Game/Util/ActorStateUtil.cpp[0m
[0m[38;5;2;1m[ 13%]:[0m [38;5;5;1m<smg-pc-game>[0m cache compiling.debug src/Game/Util/RailUtil.cpp[0m
[0m[38;5;2;1m[ 13%]:[0m [38;5;5;1m<smg-pc-game>[0m cache compiling.debug src/Game/Util/DirectDrawUtil.cpp[0m
[0m[38;5;2;1m[ 13%]:[0m [38;5;5;1m<smg-pc-game>[0m cache compiling.debug src/Game/Util/DemoUtil.cpp[0m
[0m[38;5;3;1mIn file included from src/Game/Util/FurShader.cpp:5:
In file included from src/JSystem/J3DGraphBase/J3DMaterial.hpp:3:
src/JSystem/J3DGraphBase/J3DMatBlock.hpp:248:35: warning: result of comparison of constant 65535 with expression of type 'const u8' (aka 'const unsigned char') is always false [-Wtautological-constant-out-of-range-compare]
  248 |         u32 ambSrc = info.mAmbSrc == 0xFFFF ? 0 : info.mAmbSrc;
      |                      ~~~~~~~~~~~~ ^  ~~~~~~
src/Game/Util/FurShader.cpp:193:17: warning: 25 enumeration values not handled in switch: 'GX_VA_PNMTXIDX', 'GX_VA_TEX0MTXIDX', 'GX_VA_TEX1MTXIDX'... [-Wswitch]
  193 |         switch (pDesc->attr) {
      |                 ^~~~~~~~~~~
src/Game/Util/FurShader.cpp:245:21: warning: 25 enumeration values not handled in switch: 'GX_VA_PNMTXIDX', 'GX_VA_TEX0MTXIDX', 'GX_VA_TEX1MTXIDX'... [-Wswitch]
  245 |             switch (pDesc->attr) {
      |                     ^~~~~~~~~~~
src/Game/Util/FurShader.cpp:318:17: warning: enumeration value 'GX_MAX_TEXWRAPMODE' not handled in switch [-Wswitch]
  318 |         switch (mode) {
      |                 ^~~~
4 warnings generated.[0m
[0m[38;5;2;1m[ 13%]:[0m [38;5;5;1m<smg-pc-game>[0m cache compiling.debug src/Game/Util/FurCtrl.cpp[0m
[0m[38;5;3;1msrc/Game/Util/GravityUtil.cpp:62:65: warning: GCC does not allow 'noinline' attribute in this position on a function definition [-Wgcc-compat]
   62 |                                  uintptr_t host) __attribute__((noinline)) {
      |                                                                 ^
1 warning generated.[0m
[0m[38;5;2;1m[ 13%]:[0m [38;5;5;1m<smg-pc-game>[0m cache compiling.debug src/Game/Util/FurMulti.cpp[0m
[0m[38;5;2;1m[ 13%]:[0m [38;5;5;1m<smg-pc-game>[0m cache compiling.debug src/Game/Util/NPCUtil.cpp[0m
[0m[38;5;3;1mIn file included from src/Game/Util/SwitchEventFunctorListener.cpp:2:
src/Game/Util/Functor.hpp:114:105: warning: GCC does not allow 'noinline' attribute in this position on a function definition [-Wgcc-compat]
  114 |     static FunctorV1M< T*, void (T::*)(U), U > Functor(T* a1, void (T::*a2)(U), U arg_0) __attribute__((noinline)) {
      |                                                                                                         ^
1 warning generated.[0m
[0m[38;5;2;1m[ 14%]:[0m [38;5;5;1m<smg-pc-game>[0m cache compiling.debug src/Game/Util/TriangleFilter.cpp[0m
[0m[38;5;2;1m[ 14%]:[0m [38;5;5;1m<smg-pc-game>[0m cache compiling.debug src/Game/Util/ObjUtil.cpp[0m
[0m[38;5;2;1m[ 14%]:[0m [38;5;5;1m<smg-pc-game>[0m cache compiling.debug src/Game/Util/ActorSwitchUtil.cpp[0m
[0m[38;5;2;1m[ 14%]:[0m [38;5;5;1m<smg-pc-game>[0m cache compiling.debug src/Game/Util/BitArray.cpp[0m
[0m[38;5;3;1mIn file included from src/Game/Util/SystemUtil.cpp:21:
In file included from src/nw4r/lyt/layout.h:3:
In file included from src/nw4r/lyt/animation.h:3:
src/nw4r/lyt/common.h:14:28: warning: comparison of different enumeration types ('_GXTexFmt' (aka 'GXTexFmt') and 'GXCITexFmt') is deprecated [-Wdeprecated-enum-compare]
   14 |                 return fmt == GX_TF_C4 || fmt == GX_TF_C8 || fmt == GX_TF_C14X2;
      |                        ~~~ ^  ~~~~~~~~
src/nw4r/lyt/common.h:14:47: warning: comparison of different enumeration types ('_GXTexFmt' (aka 'GXTexFmt') and 'GXCITexFmt') is deprecated [-Wdeprecated-enum-compare]
   14 |                 return fmt == GX_TF_C4 || fmt == GX_TF_C8 || fmt == GX_TF_C14X2;
      |                                           ~~~ ^  ~~~~~~~~
src/nw4r/lyt/common.h:14:66: warning: comparison of different enumeration types ('_GXTexFmt' (aka 'GXTexFmt') and 'GXCITexFmt') is deprecated [-Wdeprecated-enum-compare]
   14 |                 return fmt == GX_TF_C4 || fmt == GX_TF_C8 || fmt == GX_TF_C14X2;
      |                                                              ~~~ ^  ~~~~~~~~~~~
In file included from src/Game/Util/SystemUtil.cpp:21:
In file included from src/nw4r/lyt/layout.h:4:
In file included from src/nw4r/lyt/group.h:4:
src/nw4r/lyt/pane.h:37:37: warning: 'offsetof' on non-standard-layout type 'detail::PaneBase' [-Winvalid-offsetof][0m
[0m[38;5;2;1m[ 14%]:[0m [38;5;5;1m<smg-pc-game>[0m cache compiling.debug src/Game/Util/SchedulerUtil.cpp[0m
[0m[38;5;2;1m[ 14%]:[0m [38;5;5;1m<smg-pc-game>[0m cache compiling.debug src/Game/Util/DrawUtil.cpp[0m
[0m[38;5;3;1msrc/Game/Util/ScreenUtil.cpp:38:70: warning: GCC does not allow 'noinline' attribute in this position on a function definition [-Wgcc-compat]
   38 |     CaptureScreenDirector* getCaptureScreenDirector() __attribute__((noinline)) {
      |                                                                      ^
src/Game/Util/ScreenUtil.cpp:42:56: warning: GCC does not allow 'noinline' attribute in this position on a function definition [-Wgcc-compat]
   42 |     PlayTimerScene* getPlayTimerScene() __attribute__((noinline)) {
      |                                                        ^
src/Game/Util/ScreenUtil.cpp:60:50: warning: GCC does not allow 'noinline' attribute in this position on a function definition [-Wgcc-compat]
   60 |     StarCounter* getStarCounter() __attribute__((noinline)) {
      |                                                  ^
src/Game/Util/ScreenUtil.cpp:64:60: warning: GCC does not allow 'noinline' attribute in this position on a function definition [-Wgcc-compat]
   64 |     StarPieceCounter* getStarPieceCounter() __attribute__((noinline)) {
      |                                                            ^
4 warnings generated.[0m
[0m[38;5;2;1m[ 14%]:[0m [38;5;5;1m<smg-pc-game>[0m cache compiling.debug src/Game/Util/SequenceUtil.cpp[0m
[0m[38;5;2;1m[ 14%]:[0m [38;5;5;1m<smg-pc-game>[0m cache compiling.debug src/Game/Util/LiveActorUtilGravity.cpp[0m
[0m[38;5;2;1m[ 14%]:[0m [38;5;5;1m<smg-pc-game>[0m cache compiling.debug src/Game/Util/TriggerChecker.cpp[0m
[0m[38;5;3;1mIn file included from src/Game/Util/JointController.cpp:4:
In file included from src/JSystem/J3DGraphAnimator/J3DJoint.hpp:4:
In file included from src/JSystem/J3DGraphBase/J3DMaterial.hpp:3:
src/JSystem/J3DGraphBase/J3DMatBlock.hpp:248:35: warning: result of comparison of constant 65535 with expression of type 'const u8' (aka 'const unsigned char') is always false [-Wtautological-constant-out-of-range-compare]
  248 |         u32 ambSrc = info.mAmbSrc == 0xFFFF ? 0 : info.mAmbSrc;
      |                      ~~~~~~~~~~~~ ^  ~~~~~~
1 warning generated.[0m
[0m[38;5;2;1m[ 14%]:[0m [38;5;5;1m<smg-pc-game>[0m cache compiling.debug src/Game/Util/JMapUtil.cpp[0m
[0m[38;5;3;1msrc/Game/Util/ActorMovementUtil.cpp:2:10: warning: non-portable path to file '"Game/Animation/XanimeCore.hpp"'; specified path differs in case from file name on disk [-Wnonportable-include-path]
    2 | #include "Game/Animation/Xanimecore.hpp"
      |          ^~~~~~~~~~~~~~~~~~~~~~~~~~~~~~~
      |          "Game/Animation/XanimeCore.hpp"
1 warning generated.
In file included from src/Game/Util/ActorMovementUtil.cpp:2:
In file included from src/Game/Animation/Xanimecore.hpp:3:
In file included from src/JSystem/J3DGraphAnimator/J3DJoint.hpp:4:
In file included from src/JSystem/J3DGraphBase/J3DMaterial.hpp:3:
src/JSystem/J3DGraphBase/J3DMatBlock.hpp:248:35: warning: result of comparison of constant 65535 with expression of type 'const u8' (aka 'const unsigned char') is always false [-Wtautological-constant-out-of-range-compare]
  248 |         u32 ambSrc = info.mAmbSrc == 0xFFFF ? 0 : info.mAmbSrc;
      |                      ~~~~~~~~~~~~ ^  ~~~~~~
In file included from src/Game/Util/ActorMovementUtil.cpp:8:
In file included from src/Game/Util.hpp:18:
src/Game/Util/Functor.hpp:114:105: warning: GCC does not allow 'noinline' attribute in this position on a function definition [-Wgcc-compat]
  114 |     static FunctorV1M< T*, void (T::*)(U), U > Functor(T* a1, void (T::*a2)(U), U arg_0) __attribute__((noinline)) {[0m
[0m[38;5;2;1m[ 14%]:[0m [38;5;5;1m<smg-pc-game>[0m cache compiling.debug src/Game/Util/DirectDraw.cpp[0m
[0m[38;5;2;1m[ 14%]:[0m [38;5;5;1m<smg-pc-game>[0m cache compiling.debug src/Game/Util/LiveActorUtilGroup.cpp[0m
[0m[38;5;3;1msrc/Game/Util/RailUtil.cpp:628:111: warning: GCC does not allow 'noinline' attribute in this position on a function definition [-Wgcc-compat]
  628 |     bool getRailPointArgF32WithInit(const LiveActor* pActor, s32 argNum, s32 index, f32* pArg) __attribute__((noinline)) {
      |                                                                                                               ^
src/Game/Util/RailUtil.cpp:636:109: warning: GCC does not allow 'noinline' attribute in this position on a function definition [-Wgcc-compat]
  636 |     bool getRailPointArgF32NoInit(const LiveActor* pActor, s32 argNum, s32 index, f32* pArg) __attribute__((noinline)) {
      |                                                                                                             ^
src/Game/Util/RailUtil.cpp:644:107: warning: GCC does not allow 'noinline' attribute in this position on a function definition [-Wgcc-compat]
  644 |     bool getRailCurrentPointArgF32WithInit(const LiveActor* pActor, s32 argNum, f32* pArg) __attribute__((noinline)) {
      |                                                                                                           ^
src/Game/Util/RailUtil.cpp:652:105: warning: GCC does not allow 'noinline' attribute in this position on a function definition [-Wgcc-compat]
  652 |     bool getRailCurrentPointArgF32NoInit(const LiveActor* pActor, s32 argNum, f32* pArg) __attribute__((noinline)) {
      |                                                                                                         ^
src/Game/Util/RailUtil.cpp:660:102: warning: GCC does not allow 'noinline' attribute in this position on a function definition [-Wgcc-compat]
  660 |     bool getRailNextPointArgF32NoInit(const LiveActor* pActor, s32 argNum, f32* pArg) __attribute__((noinline)) {
      |                                                                                                      ^
src/Game/Util/RailUtil.cpp:668:104: warning: GCC does not allow 'noinline' attribute in this position on a function definition [-Wgcc-compat][0m
[0m[38;5;2;1m[ 14%]:[0m [38;5;5;1m<smg-pc-game>[0m cache compiling.debug src/Game/Util/EventUtil.cpp[0m
[0m[38;5;2;1m[ 14%]:[0m [38;5;5;1m<smg-pc-game>[0m cache compiling.debug src/Game/Util/ValueControl.cpp[0m
[0m[38;5;2;1m[ 14%]:[0m [38;5;5;1m<smg-pc-game>[0m cache compiling.debug src/Game/Util/StringUtil.cpp[0m
[0m[38;5;2;1m[ 15%]:[0m [38;5;5;1m<smg-pc-game>[0m cache compiling.debug src/Game/Util/SceneUtil.cpp[0m
[0m[38;5;2;1m[ 15%]:[0m [38;5;5;1m<smg-pc-game>[0m cache compiling.debug src/Game/Util/ActorCameraUtil.cpp[0m
[0m[38;5;2;1m[ 15%]:[0m [38;5;5;1m<smg-pc-game>[0m cache compiling.debug src/Game/Util/MapPartsUtil.cpp[0m
[0m[38;5;2;1m[ 15%]:[0m [38;5;5;1m<smg-pc-game>[0m cache compiling.debug src/Game/Util/MessageUtil.cpp[0m
[0m[38;5;2;1m[ 15%]:[0m [38;5;5;1m<smg-pc-game>[0m cache compiling.debug src/Game/Util/ActorSensorUtil.cpp[0m
[0m[38;5;2;1m[ 15%]:[0m [38;5;5;1m<smg-pc-game>[0m cache compiling.debug src/Game/Util/CameraUtil.cpp[0m
[0m[38;5;2;1m[ 15%]:[0m [38;5;5;1m<smg-pc-game>[0m cache compiling.debug src/Game/Util/CollisionPartsFilter.cpp[0m
[0m[38;5;2;1m[ 15%]:[0m [38;5;5;1m<smg-pc-game>[0m cache compiling.debug src/Game/Util/AreaObjUtil.cpp[0m
[0m[38;5;3;1mIn file included from src/Game/Util/FurCtrl.cpp:9:
In file included from src/Game/Util.hpp:18:
src/Game/Util/Functor.hpp:114:105: warning: GCC does not allow 'noinline' attribute in this position on a function definition [-Wgcc-compat]
  114 |     static FunctorV1M< T*, void (T::*)(U), U > Functor(T* a1, void (T::*a2)(U), U arg_0) __attribute__((noinline)) {
      |                                                                                                         ^
src/Game/Util/FurCtrl.cpp:150:9: warning: 'sprintf' is deprecated: This function is provided for compatibility reasons only.  Due to security concerns inherent in the design of sprintf(3), it is highly recommended that you use snprintf(3) instead. [-Wdeprecated-declarations]
  150 |         sprintf(name, (::smgpc::compat::cp932::EncodedLiteral<::smgpc::compat::cp932::Utf8Literal{"レイヤ %d"}>::value.bytes), i);
      |         ^
/Applications/Xcode.app/Contents/Developer/Platforms/MacOSX.platform/Developer/SDKs/MacOSX27.0.sdk/usr/include/_stdio.h:278:16: note: 'sprintf' has been explicitly marked deprecated here
  278 | __attribute__((__deprecated__("This function is provided for compatibility reasons only.  Due to security concerns inherent in the design of sprintf(3), it is highly recommended that you use snprintf(3) instead.")))
      |                ^
src/Game/Util/FurCtrl.cpp:186:9: warning: 'sprintf' is deprecated: This function is provided for compatibility reasons only.  Due to security concerns inherent in the design of sprintf(3), it is highly recommended that you use snprintf(3) instead. [-Wdeprecated-declarations]
  186 |         sprintf(name, (::smgpc::compat::cp932::EncodedLiteral<::smgpc::compat::cp932::Utf8Literal{"レイヤ(コピー) %d"}>::value.bytes), i);
      |         ^
/Applications/Xcode.app/Contents/Developer/Platforms/MacOSX.platform/Developer/SDKs/MacOSX27.0.sdk/usr/include/_stdio.h:278:16: note: 'sprintf' has been explicitly marked deprecated here
  278 | __attribute__((__deprecated__("This function is provided for compatibility reasons only.  Due to security concerns inherent in the design of sprintf(3), it is highly recommended that you use snprintf(3) instead.")))[0m
[0m[38;5;2;1m[ 15%]:[0m [38;5;5;1m<smg-pc-game>[0m cache compiling.debug src/Game/Util/FurDrawer.cpp[0m
[0m[38;5;2;1m[ 15%]:[0m [38;5;5;1m<smg-pc-game>[0m cache compiling.debug src/Game/Util/JMapLinkInfo.cpp[0m
[0m[38;5;2;1m[ 15%]:[0m [38;5;5;1m<smg-pc-game>[0m cache compiling.debug src/Game/Util/FootPrint.cpp[0m
[0m[38;5;3;1mIn file included from src/Game/Util/FurMulti.cpp:10:
In file included from src/JSystem/J3DGraphBase/J3DMaterial.hpp:3:
src/JSystem/J3DGraphBase/J3DMatBlock.hpp:248:35: warning: result of comparison of constant 65535 with expression of type 'const u8' (aka 'const unsigned char') is always false [-Wtautological-constant-out-of-range-compare]
  248 |         u32 ambSrc = info.mAmbSrc == 0xFFFF ? 0 : info.mAmbSrc;
      |                      ~~~~~~~~~~~~ ^  ~~~~~~
1 warning generated.[0m
[0m[38;5;2;1m[ 15%]:[0m [38;5;5;1m<smg-pc-game>[0m cache compiling.debug src/Game/Speaker/SpkSpeakerCtrl.cpp[0m
[0m[38;5;3;1msrc/Game/Util/JMapUtil.cpp:346:9: warning: ignoring return value of function declared with 'nodiscard' attribute [-Wunused-result]
  346 |         rIter.getValue< f32 >("pnt0_x", &pOut->x);
      |         ^~~~~~~~~~~~~~~~~~~~~~~~~~~~~~~~~~~~~~~~~
src/Game/Util/JMapUtil.cpp:347:9: warning: ignoring return value of function declared with 'nodiscard' attribute [-Wunused-result]
  347 |         rIter.getValue< f32 >("pnt0_y", &pOut->y);
      |         ^~~~~~~~~~~~~~~~~~~~~~~~~~~~~~~~~~~~~~~~~
src/Game/Util/JMapUtil.cpp:348:9: warning: ignoring return value of function declared with 'nodiscard' attribute [-Wunused-result]
  348 |         rIter.getValue< f32 >("pnt0_z", &pOut->z);
      |         ^~~~~~~~~~~~~~~~~~~~~~~~~~~~~~~~~~~~~~~~~
src/Game/Util/JMapUtil.cpp:356:9: warning: ignoring return value of function declared with 'nodiscard' attribute [-Wunused-result]
  356 |         rIter.getValue< f32 >("pnt1_x", &pOut->x);
      |         ^~~~~~~~~~~~~~~~~~~~~~~~~~~~~~~~~~~~~~~~~
src/Game/Util/JMapUtil.cpp:357:9: warning: ignoring return value of function declared with 'nodiscard' attribute [-Wunused-result]
  357 |         rIter.getValue< f32 >("pnt1_y", &pOut->y);
      |         ^~~~~~~~~~~~~~~~~~~~~~~~~~~~~~~~~~~~~~~~~
src/Game/Util/JMapUtil.cpp:358:9: warning: ignoring return value of function declared with 'nodiscard' attribute [-Wunused-result][0m
[0m[38;5;2;1m[ 15%]:[0m [38;5;5;1m<smg-pc-game>[0m cache compiling.debug src/Game/Speaker/SpkSystem.cpp[0m
[0m[38;5;2;1m[ 15%]:[0m [38;5;5;1m<smg-pc-game>[0m cache compiling.debug src/Game/NWC24/LuigiMailDirector.cpp[0m
[0m[38;5;3;1msrc/Game/Util/ObjUtil.cpp:53:117: warning: GCC does not allow 'noinline' attribute in this position on a function definition [-Wgcc-compat]
   53 |     bool isExistFileInArcLocal(const ResourceHolder* pHolder, const char* pArchive, va_list pFormat) __attribute__((noinline)) {
      |                                                                                                                     ^
src/Game/Util/ObjUtil.cpp:60:124: warning: GCC does not allow 'noinline' attribute in this position on a function definition [-Wgcc-compat]
   60 |     JMapInfo* tryCreateCsvParserLocal(const ResourceHolder* pHolder, const char* pArchive, va_list pFormat) __attribute__((noinline)) {
      |                                                                                                                            ^
src/Game/Util/ObjUtil.cpp:571:9: warning: ignoring return value of function declared with 'nodiscard' attribute [-Wunused-result]
  571 |         pMapInfo->getValue(idx, pKey, pOut);
      |         ^~~~~~~~~~~~~~~~~~~~~~~~~~~~~~~~~~~
src/Game/Util/ObjUtil.cpp:583:9: warning: ignoring return value of function declared with 'nodiscard' attribute [-Wunused-result]
  583 |         pMapInfo->getValue< s32 >(idx, pKey, pOut);
      |         ^~~~~~~~~~~~~~~~~~~~~~~~~~~~~~~~~~~~~~~~~~
src/Game/Util/ObjUtil.cpp:589:9: warning: ignoring return value of function declared with 'nodiscard' attribute [-Wunused-result]
  589 |         pMapInfo->getValue< s32 >(idx, pKey, &val);
      |         ^~~~~~~~~~~~~~~~~~~~~~~~~~~~~~~~~~~~~~~~~~
src/Game/Util/ObjUtil.cpp:595:9: warning: ignoring return value of function declared with 'nodiscard' attribute [-Wunused-result][0m
[0m[38;5;2;1m[ 16%]:[0m [38;5;5;1m<smg-pc-game>[0m cache compiling.debug src/Game/NWC24/NWC24Function.cpp[0m
[0m[38;5;2;1m[ 16%]:[0m [38;5;5;1m<smg-pc-game>[0m cache compiling.debug src/Game/NWC24/UTF16Util.cpp[0m
[0m[38;5;2;1m[ 16%]:[0m [38;5;5;1m<smg-pc-game>[0m cache compiling.debug src/Game/NWC24/NWC24System.cpp[0m
[0m[38;5;2;1m[ 16%]:[0m [38;5;5;1m<smg-pc-game>[0m cache compiling.debug src/Game/NWC24/NWC24Messenger.cpp[0m
[0m[38;5;2;1m[ 16%]:[0m [38;5;5;1m<smg-pc-game>[0m cache compiling.debug src/Game/Camera/CameraMedianTower.cpp[0m
[0m[38;5;2;1m[ 16%]:[0m [38;5;5;1m<smg-pc-game>[0m cache compiling.debug src/Game/Camera/CameraShakeTask.cpp[0m
[0m[38;5;2;1m[ 16%]:[0m [38;5;5;1m<smg-pc-game>[0m cache compiling.debug src/Game/Camera/CameraParamChunkID.cpp[0m
[0m[38;5;2;1m[ 16%]:[0m [38;5;5;1m<smg-pc-game>[0m cache compiling.debug src/Game/Camera/CamTranslatorFooFighterPlanet.cpp[0m
[0m[38;5;3;1msrc/Game/Util/JMapLinkInfo.cpp:75:13: warning: ignoring return value of function declared with 'nodiscard' attribute [-Wunused-result]
   75 |             rIter.getValue< s32 >(::sFollowInfoTagName[i], &val);
      |             ^~~~~~~~~~~~~~~~~~~~~~~~~~~~~~~~~~~~~~~~~~~~~~~~~~~~
1 warning generated.[0m
[0m[38;5;2;1m[ 16%]:[0m [38;5;5;1m<smg-pc-game>[0m cache compiling.debug src/Game/Camera/CameraViewInterpolator.cpp[0m
[0m[38;5;2;1m[ 16%]:[0m [38;5;5;1m<smg-pc-game>[0m cache compiling.debug src/Game/Camera/CamTranslatorGround.cpp[0m
[0m[38;5;2;1m[ 16%]:[0m [38;5;5;1m<smg-pc-game>[0m cache compiling.debug src/Game/Camera/CamTranslatorDead.cpp[0m
[0m[38;5;3;1msrc/Game/Util/SceneUtil.cpp:28:137: warning: GCC does not allow 'noinline' attribute in this position on a function definition [-Wgcc-compat]
   28 |     void getRailInfoFromRailId(JMapInfoIter* pIter, const JMapInfo** ppInfo, const StageDataHolder* pHolder, int railId) __attribute__((noinline)) {
      |                                                                                                                                         ^
src/Game/Util/SceneUtil.cpp:199:9: warning: ignoring return value of function declared with 'nodiscard' attribute [-Wunused-result]
  199 |         iter.getValue("PosName", ppName);
      |         ^~~~~~~~~~~~~~~~~~~~~~~~~~~~~~~~
2 warnings generated.[0m
[0m[38;5;2;1m[ 16%]:[0m [38;5;5;1m<smg-pc-game>[0m cache compiling.debug src/Game/Camera/CamTranslatorBehind.cpp[0m
[0m[38;5;2;1m[ 16%]:[0m [38;5;5;1m<smg-pc-game>[0m cache compiling.debug src/Game/Camera/CameraHolder.cpp[0m
[0m[38;5;2;1m[ 16%]:[0m [38;5;5;1m<smg-pc-game>[0m cache compiling.debug src/Game/Camera/CameraTripodBossJoint.cpp[0m
[0m[38;5;2;1m[ 17%]:[0m [38;5;5;1m<smg-pc-game>[0m cache compiling.debug src/Game/Camera/CameraTalk.cpp[0m
[0m[38;5;2;1m[ 17%]:[0m [38;5;5;1m<smg-pc-game>[0m cache compiling.debug src/Game/Camera/CamKarikariEffector.cpp[0m
[0m[38;5;2;1m[ 17%]:[0m [38;5;5;1m<smg-pc-game>[0m cache compiling.debug src/Game/Camera/CameraCharmedVecRegTower.cpp[0m
[0m[38;5;2;1m[ 17%]:[0m [38;5;5;1m<smg-pc-game>[0m cache compiling.debug src/Game/Camera/CameraRegisterHolder.cpp[0m
[0m[38;5;3;1mIn file included from src/Game/Util/CameraUtil.cpp:20:
In file included from src/Game/Util.hpp:18:
src/Game/Util/Functor.hpp:114:105: warning: GCC does not allow 'noinline' attribute in this position on a function definition [-Wgcc-compat]
  114 |     static FunctorV1M< T*, void (T::*)(U), U > Functor(T* a1, void (T::*a2)(U), U arg_0) __attribute__((noinline)) {
      |                                                                                                         ^
1 warning generated.[0m
[0m[38;5;2;1m[ 17%]:[0m [38;5;5;1m<smg-pc-game>[0m cache compiling.debug src/Game/Camera/CamTranslatorFixedThere.cpp[0m
[0m[38;5;2;1m[ 17%]:[0m [38;5;5;1m<smg-pc-game>[0m cache compiling.debug src/Game/Camera/CameraContext.cpp[0m
[0m[38;5;2;1m[ 17%]:[0m [38;5;5;1m<smg-pc-game>[0m cache compiling.debug src/Game/Camera/CamTranslatorTower.cpp[0m
[0m[38;5;2;1m[ 17%]:[0m [38;5;5;1m<smg-pc-game>[0m cache compiling.debug src/Game/Camera/CameraRaceFollow.cpp[0m
[0m[38;5;2;1m[ 17%]:[0m [38;5;5;1m<smg-pc-game>[0m cache compiling.debug src/Game/Camera/CameraDPD.cpp[0m
[0m[38;5;3;1msrc/Game/NWC24/NWC24Messenger.cpp:24:56: warning: GCC does not allow 'noinline' attribute in this position on a function definition [-Wgcc-compat]
   24 |     NWC24Messenger* getNWC24Messenger() __attribute__((noinline)) {
      |                                                        ^
1 warning generated.[0m
[0m[38;5;2;1m[ 17%]:[0m [38;5;5;1m<smg-pc-game>[0m cache compiling.debug src/Game/Camera/CameraPolygonCodeUtil.cpp[0m
[0m[38;5;2;1m[ 17%]:[0m [38;5;5;1m<smg-pc-game>[0m cache compiling.debug src/Game/Camera/CamTranslatorWaterPlanet.cpp[0m
[0m[38;5;2;1m[ 17%]:[0m [38;5;5;1m<smg-pc-game>[0m cache compiling.debug src/Game/Camera/CamTranslatorInwardTower.cpp[0m
[0m[38;5;2;1m[ 17%]:[0m [38;5;5;1m<smg-pc-game>[0m cache compiling.debug src/Game/Camera/CamTranslatorTripodBossJoint.cpp[0m
[0m[38;5;2;1m[ 17%]:[0m [38;5;5;1m<smg-pc-game>[0m cache compiling.debug src/Game/Camera/CameraMedianPlanet.cpp[0m
[0m[38;5;2;1m[ 18%]:[0m [38;5;5;1m<smg-pc-game>[0m cache compiling.debug src/Game/Camera/CamTranslatorCharmedVecReg.cpp[0m
[0m[38;5;2;1m[ 18%]:[0m [38;5;5;1m<smg-pc-game>[0m cache compiling.debug src/Game/Camera/CameraCharmedVecReg.cpp[0m
[0m[38;5;2;1m[ 18%]:[0m [38;5;5;1m<smg-pc-game>[0m cache compiling.debug src/Game/Camera/CamTranslatorInwardSphere.cpp[0m
[0m[38;5;2;1m[ 18%]:[0m [38;5;5;1m<smg-pc-game>[0m cache compiling.debug src/Game/Camera/CamTranslatorWonderPlanet.cpp[0m
[0m[38;5;2;1m[ 18%]:[0m [38;5;5;1m<smg-pc-game>[0m cache compiling.debug src/Game/Camera/CameraTwistedPassage.cpp[0m
[0m[38;5;2;1m[ 18%]:[0m [38;5;5;1m<smg-pc-game>[0m cache compiling.debug src/Game/Camera/CameraCharmedFix.cpp[0m
[0m[38;5;2;1m[ 18%]:[0m [38;5;5;1m<smg-pc-game>[0m cache compiling.debug src/Game/Camera/CameraManEvent.cpp[0m
[0m[38;5;2;1m[ 18%]:[0m [38;5;5;1m<smg-pc-game>[0m cache compiling.debug src/Game/Camera/CamTranslatorWaterFollow.cpp[0m
[0m[38;5;2;1m[ 18%]:[0m [38;5;5;1m<smg-pc-game>[0m cache compiling.debug src/Game/Camera/CameraTowerBase.cpp[0m
[0m[38;5;2;1m[ 18%]:[0m [38;5;5;1m<smg-pc-game>[0m cache compiling.debug src/Game/Camera/Camera.cpp[0m
[0m[38;5;2;1m[ 18%]:[0m [38;5;5;1m<smg-pc-game>[0m cache compiling.debug src/Game/Camera/DotCamParams.cpp[0m
[0m[38;5;2;1m[ 18%]:[0m [38;5;5;1m<smg-pc-game>[0m cache compiling.debug src/Game/Camera/CamTranslatorAnim.cpp[0m
[0m[38;5;2;1m[ 18%]:[0m [38;5;5;1m<smg-pc-game>[0m cache compiling.debug src/Game/Camera/CamTranslatorFix.cpp[0m
[0m[38;5;2;1m[ 18%]:[0m [38;5;5;1m<smg-pc-game>[0m cache compiling.debug src/Game/Camera/CameraCharmedTripodBoss.cpp[0m
[0m[38;5;2;1m[ 19%]:[0m [38;5;5;1m<smg-pc-game>[0m cache compiling.debug src/Game/Camera/CamTranslatorSpiral.cpp[0m
[0m[38;5;2;1m[ 19%]:[0m [38;5;5;1m<smg-pc-game>[0m cache compiling.debug src/Game/Camera/CameraMtxRegParallel.cpp[0m
[0m[38;5;2;1m[ 19%]:[0m [38;5;5;1m<smg-pc-game>[0m cache compiling.debug src/Game/Camera/CamTranslatorMedianTower.cpp[0m
[0m[38;5;2;1m[ 19%]:[0m [38;5;5;1m<smg-pc-game>[0m cache compiling.debug src/Game/Camera/CameraWonderPlanet.cpp[0m
[0m[38;5;2;1m[ 19%]:[0m [38;5;5;1m<smg-pc-game>[0m cache compiling.debug src/Game/Camera/CamTranslatorTowerPos.cpp[0m
[0m[38;5;2;1m[ 19%]:[0m [38;5;5;1m<smg-pc-game>[0m cache compiling.debug src/Game/Camera/CameraTowerPos.cpp[0m
[0m[38;5;2;1m[ 19%]:[0m [38;5;5;1m<smg-pc-game>[0m cache compiling.debug src/Game/Camera/CameraShaker.cpp[0m
[0m[38;5;2;1m[ 19%]:[0m [38;5;5;1m<smg-pc-game>[0m cache compiling.debug src/Game/Camera/CameraFooFighterPlanet.cpp[0m
[0m[38;5;2;1m[ 19%]:[0m [38;5;5;1m<smg-pc-game>[0m cache compiling.debug src/Game/Camera/CamTranslatorMedianPlanet.cpp[0m
[0m[38;5;2;1m[ 19%]:[0m [38;5;5;1m<smg-pc-game>[0m cache compiling.debug src/Game/Camera/CameraTripodBoss.cpp[0m
[0m[38;5;2;1m[ 19%]:[0m [38;5;5;1m<smg-pc-game>[0m cache compiling.debug src/Game/Camera/CameraTargetObj.cpp[0m
[0m[38;5;2;1m[ 19%]:[0m [38;5;5;1m<smg-pc-game>[0m cache compiling.debug src/Game/Camera/CameraInwardSphere.cpp[0m
[0m[38;5;2;1m[ 19%]:[0m [38;5;5;1m<smg-pc-game>[0m cache compiling.debug src/Game/Camera/CameraInwardTower.cpp[0m
[0m[38;5;2;1m[ 19%]:[0m [38;5;5;1m<smg-pc-game>[0m cache compiling.debug src/Game/Camera/CameraParamString.cpp[0m
[0m[38;5;3;1msrc/Game/Camera/DotCamParams.cpp:74:5: warning: ignoring return value of function declared with 'nodiscard' attribute [-Wunused-result]
   74 |     mMapInfo.getValue(0, "version", &mVersion);
      |     ^~~~~~~~~~~~~~~~~~~~~~~~~~~~~~~~~~~~~~~~~~
1 warning generated.[0m
[0m[38;5;2;1m[ 20%]:[0m [38;5;5;1m<smg-pc-game>[0m cache compiling.debug src/Game/Camera/CameraParamChunk.cpp[0m
[0m[38;5;2;1m[ 20%]:[0m [38;5;5;1m<smg-pc-game>[0m cache compiling.debug src/Game/Camera/CamTranslatorTrundle.cpp[0m
[0m[38;5;2;1m[ 20%]:[0m [38;5;5;1m<smg-pc-game>[0m cache compiling.debug src/Game/Camera/CameraWaterPlanet.cpp[0m
[0m[38;5;2;1m[ 20%]:[0m [38;5;5;1m<smg-pc-game>[0m cache compiling.debug src/Game/Camera/CamTranslatorRailFollow.cpp[0m
[0m[38;5;2;1m[ 20%]:[0m [38;5;5;1m<smg-pc-game>[0m cache compiling.debug src/Game/Camera/CameraBlackHole.cpp[0m
[0m[38;5;2;1m[ 20%]:[0m [38;5;5;1m<smg-pc-game>[0m cache compiling.debug src/Game/Camera/CameraFooFighter.cpp[0m
[0m[38;5;2;1m[ 20%]:[0m [38;5;5;1m<smg-pc-game>[0m cache compiling.debug src/Game/Camera/CameraRotChecker.cpp[0m
[0m[38;5;2;1m[ 20%]:[0m [38;5;5;1m<smg-pc-game>[0m cache compiling.debug src/Game/Camera/CamTranslatorFixedPoint.cpp[0m
[0m[38;5;2;1m[ 20%]:[0m [38;5;5;1m<smg-pc-game>[0m cache compiling.debug src/Game/Camera/CameraCalc.cpp[0m
[0m[38;5;2;1m[ 20%]:[0m [38;5;5;1m<smg-pc-game>[0m cache compiling.debug src/Game/Camera/CameraWaterFollow.cpp[0m
[0m[38;5;2;1m[ 20%]:[0m [38;5;5;1m<smg-pc-game>[0m cache compiling.debug src/Game/Camera/CamTranslatorSlide.cpp[0m
[0m[38;5;2;1m[ 20%]:[0m [38;5;5;1m<smg-pc-game>[0m cache compiling.debug src/Game/Camera/CamTranslatorBlackHole.cpp[0m
[0m[38;5;2;1m[ 20%]:[0m [38;5;5;1m<smg-pc-game>[0m cache compiling.debug src/Game/Camera/CamTranslatorCubePlanet.cpp[0m
[0m[38;5;2;1m[ 20%]:[0m [38;5;5;1m<smg-pc-game>[0m cache compiling.debug src/Game/Camera/GameCameraCreator.cpp[0m
[0m[38;5;2;1m[ 21%]:[0m [38;5;5;1m<smg-pc-game>[0m cache compiling.debug src/Game/Camera/CameraFollow.cpp[0m
[0m[38;5;2;1m[ 21%]:[0m [38;5;5;1m<smg-pc-game>[0m cache compiling.debug src/Game/Camera/CameraDead.cpp[0m
[0m[38;5;2;1m[ 21%]:[0m [38;5;5;1m<smg-pc-game>[0m cache compiling.debug src/Game/Camera/CameraWaterPlanetBoss.cpp[0m
[0m[38;5;2;1m[ 21%]:[0m [38;5;5;1m<smg-pc-game>[0m cache compiling.debug src/Game/Camera/CameraTargetMtx.cpp[0m
[0m[38;5;2;1m[ 21%]:[0m [38;5;5;1m<smg-pc-game>[0m cache compiling.debug src/Game/Camera/CamTranslatorMtxRegParallel.cpp[0m
[0m[38;5;2;1m[ 21%]:[0m [38;5;5;1m<smg-pc-game>[0m cache compiling.debug src/Game/Camera/CameraManSubjective.cpp[0m
[0m[38;5;2;1m[ 21%]:[0m [38;5;5;1m<smg-pc-game>[0m cache compiling.debug src/Game/Camera/CameraShakePatternImpl.cpp[0m
[0m[38;5;2;1m[ 21%]:[0m [38;5;5;1m<smg-pc-game>[0m cache compiling.debug src/Game/Camera/CamTranslatorCharmedFix.cpp[0m
[0m[38;5;2;1m[ 21%]:[0m [38;5;5;1m<smg-pc-game>[0m cache compiling.debug src/Game/Camera/CamTranslatorCharmedTripodBoss.cpp[0m
[0m[38;5;2;1m[ 21%]:[0m [38;5;5;1m<smg-pc-game>[0m cache compiling.debug src/Game/Camera/CameraDirector.cpp[0m
[0m[38;5;2;1m[ 21%]:[0m [38;5;5;1m<smg-pc-game>[0m cache compiling.debug src/Game/Camera/CamTranslatorTalk.cpp[0m
[0m[38;5;2;1m[ 21%]:[0m [38;5;5;1m<smg-pc-game>[0m cache compiling.debug src/Game/Camera/CamTranslatorFollow.cpp[0m
[0m[38;5;2;1m[ 21%]:[0m [38;5;5;1m<smg-pc-game>[0m cache compiling.debug src/Game/Camera/CameraTargetHolder.cpp[0m
[0m[38;5;2;1m[ 21%]:[0m [38;5;5;1m<smg-pc-game>[0m cache compiling.debug src/Game/Camera/CamTranslatorDPD.cpp[0m
[0m[38;5;2;1m[ 21%]:[0m [38;5;5;1m<smg-pc-game>[0m cache compiling.debug src/Game/Camera/CameraSpiral.cpp[0m
[0m[38;5;2;1m[ 22%]:[0m [38;5;5;1m<smg-pc-game>[0m cache compiling.debug src/Game/Camera/CameraHeightArrange.cpp[0m
[0m[38;5;2;1m[ 22%]:[0m [38;5;5;1m<smg-pc-game>[0m cache compiling.debug src/Game/Camera/CamTranslatorRailDemo.cpp[0m
[0m[38;5;2;1m[ 22%]:[0m [38;5;5;1m<smg-pc-game>[0m cache compiling.debug src/Game/Camera/CamTranslatorWaterPlanetBoss.cpp[0m
[0m[38;5;2;1m[ 22%]:[0m [38;5;5;1m<smg-pc-game>[0m cache compiling.debug src/Game/Camera/CameraObjParallel.cpp[0m
[0m[38;5;2;1m[ 22%]:[0m [38;5;5;1m<smg-pc-game>[0m cache compiling.debug src/Game/Camera/CameraParallel.cpp[0m
[0m[38;5;2;1m[ 22%]:[0m [38;5;5;1m<smg-pc-game>[0m cache compiling.debug src/Game/Camera/CamTranslatorParallel.cpp[0m
[0m[38;5;2;1m[ 22%]:[0m [38;5;5;1m<smg-pc-game>[0m cache compiling.debug src/Game/Camera/CamTranslatorTripodPlanet.cpp[0m
[0m[38;5;2;1m[ 22%]:[0m [38;5;5;1m<smg-pc-game>[0m cache compiling.debug src/Game/Camera/CameraAnim.cpp[0m
[0m[38;5;2;1m[ 22%]:[0m [38;5;5;1m<smg-pc-game>[0m cache compiling.debug src/Game/Camera/CamTranslatorFrontAndBack.cpp[0m
[0m[38;5;2;1m[ 22%]:[0m [38;5;5;1m<smg-pc-game>[0m cache compiling.debug src/Game/Camera/CameraPoseParam.cpp[0m
[0m[38;5;2;1m[ 22%]:[0m [38;5;5;1m<smg-pc-game>[0m cache compiling.debug src/Game/Camera/CameraRailHolder.cpp[0m
[0m[38;5;2;1m[ 22%]:[0m [38;5;5;1m<smg-pc-game>[0m cache compiling.debug src/Game/Camera/CameraRailDemo.cpp[0m
[0m[38;5;2;1m[ 22%]:[0m [38;5;5;1m<smg-pc-game>[0m cache compiling.debug src/Game/Camera/CameraSlide.cpp[0m
[0m[38;5;2;1m[ 22%]:[0m [38;5;5;1m<smg-pc-game>[0m cache compiling.debug src/Game/Camera/CameraManPause.cpp[0m
[0m[38;5;2;1m[ 23%]:[0m [38;5;5;1m<smg-pc-game>[0m cache compiling.debug src/Game/Camera/CameraFixedThere.cpp[0m
[0m[38;5;2;1m[ 23%]:[0m [38;5;5;1m<smg-pc-game>[0m cache compiling.debug src/Game/Camera/CamTranslatorRaceFollow.cpp[0m
[0m[38;5;2;1m[ 23%]:[0m [38;5;5;1m<smg-pc-game>[0m cache compiling.debug src/Game/Camera/CameraParamChunkHolder.cpp[0m
[0m[38;5;2;1m[ 23%]:[0m [38;5;5;1m<smg-pc-game>[0m cache compiling.debug src/Game/Camera/CameraFrontAndBack.cpp[0m
[0m[38;5;2;1m[ 23%]:[0m [38;5;5;1m<smg-pc-game>[0m cache compiling.debug src/Game/Camera/CameraFix.cpp[0m
[0m[38;5;2;1m[ 23%]:[0m [38;5;5;1m<smg-pc-game>[0m cache compiling.debug src/Game/Camera/CameraRailFollow.cpp[0m
[0m[38;5;2;1m[ 23%]:[0m [38;5;5;1m<smg-pc-game>[0m cache compiling.debug src/Game/Camera/CameraTripodPlanet.cpp[0m
[0m[38;5;2;1m[ 23%]:[0m [38;5;5;1m<smg-pc-game>[0m cache compiling.debug src/Game/Camera/CameraSubjective.cpp[0m
[0m[38;5;2;1m[ 23%]:[0m [38;5;5;1m<smg-pc-game>[0m cache compiling.debug src/Game/Camera/CameraMan.cpp[0m
[0m[38;5;2;1m[ 23%]:[0m [38;5;5;1m<smg-pc-game>[0m cache compiling.debug src/Game/Camera/CamTranslatorFooFighter.cpp[0m
[0m[38;5;2;1m[ 23%]:[0m [38;5;5;1m<smg-pc-game>[0m cache compiling.debug src/Game/Camera/CameraFixedPoint.cpp[0m
[0m[38;5;2;1m[ 23%]:[0m [38;5;5;1m<smg-pc-game>[0m cache compiling.debug src/Game/Camera/CamTranslatorCharmedVecRegTower.cpp[0m
[0m[38;5;2;1m[ 23%]:[0m [38;5;5;1m<smg-pc-game>[0m cache compiling.debug src/Game/Camera/CameraTower.cpp[0m
[0m[38;5;2;1m[ 23%]:[0m [38;5;5;1m<smg-pc-game>[0m cache compiling.debug src/Game/Camera/CameraManGame.cpp[0m
[0m[38;5;2;1m[ 24%]:[0m [38;5;5;1m<smg-pc-game>[0m cache compiling.debug src/Game/Camera/CameraCubePlanet.cpp[0m
[0m[38;5;3;1msrc/Game/Camera/CameraRailHolder.cpp:40:17: warning: ignoring return value of function declared with 'nodiscard' attribute [-Wunused-result]
   40 |                 iter.getValue("l_id", &linkId);
      |                 ^~~~~~~~~~~~~~~~~~~~~~~~~~~~~~
1 warning generated.[0m
[0m[38;5;2;1m[ 24%]:[0m [38;5;5;1m<smg-pc-game>[0m cache compiling.debug src/Game/Camera/CameraCover.cpp[0m
[0m[38;5;2;1m[ 24%]:[0m [38;5;5;1m<smg-pc-game>[0m cache compiling.debug src/Game/Camera/CameraTrundle.cpp[0m
[0m[38;5;2;1m[ 24%]:[0m [38;5;5;1m<smg-pc-game>[0m cache compiling.debug src/Game/Camera/CamTranslatorObjParallel.cpp[0m
[0m[38;5;2;1m[ 24%]:[0m [38;5;5;1m<smg-pc-game>[0m cache compiling.debug src/Game/Camera/CameraTargetArg.cpp[0m
[0m[38;5;2;1m[ 24%]:[0m [38;5;5;1m<smg-pc-game>[0m cache compiling.debug src/Game/Camera/CameraGround.cpp[0m
[0m[38;5;2;1m[ 24%]:[0m [38;5;5;1m<smg-pc-game>[0m cache compiling.debug src/Game/Camera/CameraBehind.cpp[0m
[0m[38;5;2;1m[ 24%]:[0m [38;5;5;1m<smg-pc-game>[0m cache compiling.debug src/Game/Camera/CamHeliEffector.cpp[0m
[0m[38;5;2;1m[ 24%]:[0m [38;5;5;1m<smg-pc-game>[0m cache compiling.debug src/Game/Camera/CamTranslatorRailWatch.cpp[0m
[0m[38;5;2;1m[ 24%]:[0m [38;5;5;1m<smg-pc-game>[0m cache compiling.debug src/Game/Camera/OnlyCamera.cpp[0m
[0m[38;5;2;1m[ 24%]:[0m [38;5;5;1m<smg-pc-game>[0m cache compiling.debug src/Game/Camera/CamTranslatorTripodBoss.cpp[0m
[0m[38;5;2;1m[ 24%]:[0m [38;5;5;1m<smg-pc-game>[0m cache compiling.debug src/Game/Camera/CameraRailWatch.cpp[0m
[0m[38;5;2;1m[ 24%]:[0m [38;5;5;1m<smg-pc-game>[0m cache compiling.debug src/Game/Camera/CamTranslatorInnerCylinder.cpp[0m
[0m[38;5;2;1m[ 24%]:[0m [38;5;5;1m<smg-pc-game>[0m cache compiling.debug src/Game/Camera/CameraInnerCylinder.cpp[0m
[0m[38;5;2;1m[ 25%]:[0m [38;5;5;1m<smg-pc-game>[0m cache compiling.debug src/Game/Camera/CamTranslatorTwistedPassage.cpp[0m
[0m[38;5;2;1m[ 25%]:[0m [38;5;5;1m<smg-pc-game>[0m cache compiling.debug src/Game/LiveActor/MirrorActor.cpp[0m
[0m[38;5;2;1m[ 25%]:[0m [38;5;5;1m<smg-pc-game>[0m cache compiling.debug src/Game/LiveActor/ClippingActorHolder.cpp[0m
[0m[38;5;2;1m[ 25%]:[0m [38;5;5;1m<smg-pc-game>[0m cache compiling.debug src/Game/LiveActor/ActorLightCtrl.cpp[0m
[0m[38;5;3;1mIn file included from src/Game/Camera/CamTranslatorCharmedVecRegTower.cpp:3:
In file included from src/Game/Util.hpp:18:
src/Game/Util/Functor.hpp:114:105: warning: GCC does not allow 'noinline' attribute in this position on a function definition [-Wgcc-compat]
  114 |     static FunctorV1M< T*, void (T::*)(U), U > Functor(T* a1, void (T::*a2)(U), U arg_0) __attribute__((noinline)) {
      |                                                                                                         ^
1 warning generated.[0m
[0m[38;5;2;1m[ 25%]:[0m [38;5;5;1m<smg-pc-game>[0m cache compiling.debug src/Game/LiveActor/ActorAnimKeeper.cpp[0m
[0m[38;5;2;1m[ 25%]:[0m [38;5;5;1m<smg-pc-game>[0m cache compiling.debug src/Game/LiveActor/ActorStateBase.cpp[0m
[0m[38;5;3;1mIn file included from src/Game/Camera/CameraCover.cpp:4:
In file included from src/Game/Util.hpp:18:
src/Game/Util/Functor.hpp:114:105: warning: GCC does not allow 'noinline' attribute in this position on a function definition [-Wgcc-compat]
  114 |     static FunctorV1M< T*, void (T::*)(U), U > Functor(T* a1, void (T::*a2)(U), U arg_0) __attribute__((noinline)) {
      |                                                                                                         ^
src/Game/Camera/CameraCover.cpp:38:17: warning: decrement of object of volatile-qualified type 'volatile s32' (aka 'volatile int') is deprecated [-Wdeprecated-volatile]
   38 |     if (_3C && !--_3C) {
      |                 ^
2 warnings generated.[0m
[0m[38;5;2;1m[ 25%]:[0m [38;5;5;1m<smg-pc-game>[0m cache compiling.debug src/Game/LiveActor/ActorCameraInfo.cpp[0m
[0m[38;5;2;1m[ 25%]:[0m [38;5;5;1m<smg-pc-game>[0m cache compiling.debug src/Game/LiveActor/ShadowVolumeCylinder.cpp[0m
[0m[38;5;2;1m[ 25%]:[0m [38;5;5;1m<smg-pc-game>[0m cache compiling.debug src/Game/LiveActor/ActorPadAndCameraCtrl.cpp[0m
[0m[38;5;2;1m[ 25%]:[0m [38;5;5;1m<smg-pc-game>[0m cache compiling.debug src/Game/LiveActor/SensorHitChecker.cpp[0m
[0m[38;5;2;1m[ 25%]:[0m [38;5;5;1m<smg-pc-game>[0m cache compiling.debug src/Game/LiveActor/ShadowVolumeOval.cpp[0m
[0m[38;5;2;1m[ 25%]:[0m [38;5;5;1m<smg-pc-game>[0m cache compiling.debug src/Game/LiveActor/Spine.cpp[0m
[0m[38;5;2;1m[ 25%]:[0m [38;5;5;1m<smg-pc-game>[0m cache compiling.debug src/Game/LiveActor/Binder.cpp[0m
[0m[38;5;2;1m[ 25%]:[0m [38;5;5;1m<smg-pc-game>[0m cache compiling.debug src/Game/LiveActor/ShadowVolumeSphere.cpp[0m
[0m[38;5;2;1m[ 26%]:[0m [38;5;5;1m<smg-pc-game>[0m cache compiling.debug src/Game/LiveActor/ShadowDrawer.cpp[0m
[0m[38;5;2;1m[ 26%]:[0m [38;5;5;1m<smg-pc-game>[0m cache compiling.debug src/Game/LiveActor/ClippingJudge.cpp[0m
[0m[38;5;2;1m[ 26%]:[0m [38;5;5;1m<smg-pc-game>[0m cache compiling.debug src/Game/LiveActor/MaterialCtrl.cpp[0m
[0m[38;5;2;1m[ 26%]:[0m [38;5;5;1m<smg-pc-game>[0m cache compiling.debug src/Game/LiveActor/ClippingDirector.cpp[0m
[0m[38;5;2;1m[ 26%]:[0m [38;5;5;1m<smg-pc-game>[0m cache compiling.debug src/Game/LiveActor/LiveActorGroup.cpp[0m
[0m[38;5;2;1m[ 26%]:[0m [38;5;5;1m<smg-pc-game>[0m cache compiling.debug src/Game/LiveActor/LodCtrl.cpp[0m
[0m[38;5;2;1m[ 26%]:[0m [38;5;5;1m<smg-pc-game>[0m cache compiling.debug src/Game/LiveActor/SpotMarkLight.cpp[0m
[0m[38;5;2;1m[ 26%]:[0m [38;5;5;1m<smg-pc-game>[0m cache compiling.debug src/Game/LiveActor/MirrorCamera.cpp[0m
[0m[38;5;2;1m[ 26%]:[0m [38;5;5;1m<smg-pc-game>[0m cache compiling.debug src/Game/LiveActor/ShadowSurfaceDrawer.cpp[0m
[0m[38;5;2;1m[ 26%]:[0m [38;5;5;1m<smg-pc-game>[0m cache compiling.debug src/Game/LiveActor/DisplayListMaker.cpp[0m
[0m[38;5;2;1m[ 26%]:[0m [38;5;5;1m<smg-pc-game>[0m cache compiling.debug src/Game/LiveActor/HitSensor.cpp[0m
[0m[38;5;2;1m[ 26%]:[0m [38;5;5;1m<smg-pc-game>[0m cache compiling.debug src/Game/LiveActor/ModelObj.cpp[0m
[0m[38;5;2;1m[ 26%]:[0m [38;5;5;1m<smg-pc-game>[0m cache compiling.debug src/Game/LiveActor/FlashingCtrl.cpp[0m
[0m[38;5;2;1m[ 26%]:[0m [38;5;5;1m<smg-pc-game>[0m cache compiling.debug src/Game/LiveActor/ShadowVolumeDrawer.cpp[0m
[0m[38;5;2;1m[ 27%]:[0m [38;5;5;1m<smg-pc-game>[0m cache compiling.debug src/Game/LiveActor/LiveActorFlag.cpp[0m
[0m[38;5;2;1m[ 27%]:[0m [38;5;5;1m<smg-pc-game>[0m cache compiling.debug src/Game/LiveActor/ShadowSurfaceCircle.cpp[0m
[0m[38;5;2;1m[ 27%]:[0m [38;5;5;1m<smg-pc-game>[0m cache compiling.debug src/Game/LiveActor/HitSensorKeeper.cpp[0m
[0m[38;5;2;1m[ 27%]:[0m [38;5;5;1m<smg-pc-game>[0m cache compiling.debug src/Game/LiveActor/HitSensorInfo.cpp[0m
[0m[38;5;2;1m[ 27%]:[0m [38;5;5;1m<smg-pc-game>[0m cache compiling.debug src/Game/LiveActor/DynamicJointCtrl.cpp[0m
[0m[38;5;2;1m[ 27%]:[0m [38;5;5;1m<smg-pc-game>[0m cache compiling.debug src/Game/LiveActor/Nerve.cpp[0m
[0m[38;5;3;1mIn file included from src/Game/LiveActor/ClippingJudge.cpp:3:
In file included from src/Game/Util.hpp:18:
src/Game/Util/Functor.hpp:114:105: warning: GCC does not allow 'noinline' attribute in this position on a function definition [-Wgcc-compat]
  114 |     static FunctorV1M< T*, void (T::*)(U), U > Functor(T* a1, void (T::*a2)(U), U arg_0) __attribute__((noinline)) {
      |                                                                                                         ^
1 warning generated.[0m
[0m[38;5;2;1m[ 27%]:[0m [38;5;5;1m<smg-pc-game>[0m cache compiling.debug src/Game/LiveActor/ActorStateKeeper.cpp[0m
[0m[38;5;2;1m[ 27%]:[0m [38;5;5;1m<smg-pc-game>[0m cache compiling.debug src/Game/LiveActor/RailRider.cpp[0m
[0m[38;5;2;1m[ 27%]:[0m [38;5;5;1m<smg-pc-game>[0m cache compiling.debug src/Game/LiveActor/EffectKeeper.cpp[0m
[0m[38;5;3;1msrc/Game/LiveActor/ActorPadAndCameraCtrl.cpp:41:13: warning: ignoring return value of function declared with 'nodiscard' attribute [-Wunused-result]
   41 |             parser->getValue(i, distanceInvalidKey, &info->mDistanceInvalid);
      |             ^~~~~~~~~~~~~~~~~~~~~~~~~~~~~~~~~~~~~~~~~~~~~~~~~~~~~~~~~~~~~~~~
1 warning generated.[0m
[0m[38;5;2;1m[ 27%]:[0m [38;5;5;1m<smg-pc-game>[0m cache compiling.debug src/Game/LiveActor/ShadowController.cpp[0m
[0m[38;5;2;1m[ 27%]:[0m [38;5;5;1m<smg-pc-game>[0m cache compiling.debug src/Game/LiveActor/ShadowVolumeLine.cpp[0m
[0m[38;5;3;1mIn file included from src/Game/LiveActor/MaterialCtrl.cpp:3:
In file included from src/Game/Util.hpp:18:
src/Game/Util/Functor.hpp:114:105: warning: GCC does not allow 'noinline' attribute in this position on a function definition [-Wgcc-compat]
  114 |     static FunctorV1M< T*, void (T::*)(U), U > Functor(T* a1, void (T::*a2)(U), U arg_0) __attribute__((noinline)) {
      |                                                                                                         ^
In file included from src/Game/LiveActor/MaterialCtrl.cpp:6:
In file included from src/JSystem/J3DGraphBase/J3DMaterial.hpp:3:
src/JSystem/J3DGraphBase/J3DMatBlock.hpp:248:35: warning: result of comparison of constant 65535 with expression of type 'const u8' (aka 'const unsigned char') is always false [-Wtautological-constant-out-of-range-compare]
  248 |         u32 ambSrc = info.mAmbSrc == 0xFFFF ? 0 : info.mAmbSrc;
      |                      ~~~~~~~~~~~~ ^  ~~~~~~
2 warnings generated.[0m
[0m[38;5;2;1m[ 27%]:[0m [38;5;5;1m<smg-pc-game>[0m cache compiling.debug src/Game/LiveActor/ViewGroupCtrl.cpp[0m
[0m[38;5;2;1m[ 27%]:[0m [38;5;5;1m<smg-pc-game>[0m cache compiling.debug src/Game/LiveActor/LiveActorGroupArray.cpp[0m
[0m[38;5;3;1mIn file included from src/Game/LiveActor/ShadowSurfaceDrawer.cpp:6:
src/Game/Util/Functor.hpp:114:105: warning: GCC does not allow 'noinline' attribute in this position on a function definition [-Wgcc-compat]
  114 |     static FunctorV1M< T*, void (T::*)(U), U > Functor(T* a1, void (T::*a2)(U), U arg_0) __attribute__((noinline)) {
      |                                                                                                         ^
1 warning generated.[0m
[0m[38;5;2;1m[ 27%]:[0m [38;5;5;1m<smg-pc-game>[0m cache compiling.debug src/Game/LiveActor/ShadowVolumeOvalPole.cpp[0m
[0m[38;5;3;1mIn file included from src/Game/LiveActor/MirrorCamera.cpp:4:
In file included from src/Game/Util.hpp:18:
src/Game/Util/Functor.hpp:114:105: warning: GCC does not allow 'noinline' attribute in this position on a function definition [-Wgcc-compat]
  114 |     static FunctorV1M< T*, void (T::*)(U), U > Functor(T* a1, void (T::*a2)(U), U arg_0) __attribute__((noinline)) {
      |                                                                                                         ^
1 warning generated.[0m
[0m[38;5;2;1m[ 28%]:[0m [38;5;5;1m<smg-pc-game>[0m cache compiling.debug src/Game/LiveActor/MessageSensorHolder.cpp[0m
[0m[38;5;2;1m[ 28%]:[0m [38;5;5;1m<smg-pc-game>[0m cache compiling.debug src/Game/LiveActor/LiveActor.cpp[0m
[0m[38;5;2;1m[ 28%]:[0m [38;5;5;1m<smg-pc-game>[0m cache compiling.debug src/Game/LiveActor/ClippingGroupHolder.cpp[0m
[0m[38;5;2;1m[ 28%]:[0m [38;5;5;1m<smg-pc-game>[0m cache compiling.debug src/Game/LiveActor/PartsModel.cpp[0m
[0m[38;5;2;1m[ 28%]:[0m [38;5;5;1m<smg-pc-game>[0m cache compiling.debug src/Game/LiveActor/AllLiveActorGroup.cpp[0m
[0m[38;5;2;1m[ 28%]:[0m [38;5;5;1m<smg-pc-game>[0m cache compiling.debug src/Game/LiveActor/ShadowVolumeModel.cpp[0m
[0m[38;5;2;1m[ 28%]:[0m [38;5;5;1m<smg-pc-game>[0m cache compiling.debug src/Game/LiveActor/ModelManager.cpp[0m
[0m[38;5;2;1m[ 28%]:[0m [38;5;5;1m<smg-pc-game>[0m cache compiling.debug src/Game/LiveActor/ClippingActorInfo.cpp[0m
[0m[38;5;2;1m[ 28%]:[0m [38;5;5;1m<smg-pc-game>[0m cache compiling.debug src/Game/LiveActor/MirrorReflectionModel.cpp[0m
[0m[38;5;3;1mIn file included from src/Game/LiveActor/ShadowVolumeDrawer.cpp:6:
src/Game/Util/Functor.hpp:114:105: warning: GCC does not allow 'noinline' attribute in this position on a function definition [-Wgcc-compat]
  114 |     static FunctorV1M< T*, void (T::*)(U), U > Functor(T* a1, void (T::*a2)(U), U arg_0) __attribute__((noinline)) {
      |                                                                                                         ^
1 warning generated.[0m
[0m[38;5;2;1m[ 28%]:[0m [38;5;5;1m<smg-pc-game>[0m cache compiling.debug src/Game/Effect/EffectSystem.cpp[0m
[0m[38;5;3;1msrc/Game/LiveActor/RailRider.cpp:247:5: warning: ignoring return value of function declared with 'nodiscard' attribute [-Wunused-result]
  247 |     iter.getValue< s32 >(pStr, &val);
      |     ^~~~~~~~~~~~~~~~~~~~~~~~~~~~~~~~
src/Game/LiveActor/RailRider.cpp:260:5: warning: ignoring return value of function declared with 'nodiscard' attribute [-Wunused-result]
  260 |     iter.getValue< s32 >(pStr, pOut);
      |     ^~~~~~~~~~~~~~~~~~~~~~~~~~~~~~~~
src/Game/LiveActor/RailRider.cpp:270:5: warning: ignoring return value of function declared with 'nodiscard' attribute [-Wunused-result]
  270 |     iter.getValue< s32 >(pStr, &val);
      |     ^~~~~~~~~~~~~~~~~~~~~~~~~~~~~~~~
src/Game/LiveActor/RailRider.cpp:283:5: warning: ignoring return value of function declared with 'nodiscard' attribute [-Wunused-result]
  283 |     iter.getValue< s32 >(pStr, pOut);
      |     ^~~~~~~~~~~~~~~~~~~~~~~~~~~~~~~~
src/Game/LiveActor/RailRider.cpp:293:5: warning: ignoring return value of function declared with 'nodiscard' attribute [-Wunused-result]
  293 |     iter.getValue< s32 >(pStr, &val);
      |     ^~~~~~~~~~~~~~~~~~~~~~~~~~~~~~~~
src/Game/LiveActor/RailRider.cpp:306:5: warning: ignoring return value of function declared with 'nodiscard' attribute [-Wunused-result][0m
[0m[38;5;2;1m[ 28%]:[0m [38;5;5;1m<smg-pc-game>[0m cache compiling.debug src/Game/Effect/SingleEmitter.cpp[0m
[0m[38;5;3;1mIn file included from src/Game/LiveActor/DynamicJointCtrl.cpp:2:
In file included from src/Game/Util.hpp:18:
src/Game/Util/Functor.hpp:114:105: warning: GCC does not allow 'noinline' attribute in this position on a function definition [-Wgcc-compat]
  114 |     static FunctorV1M< T*, void (T::*)(U), U > Functor(T* a1, void (T::*a2)(U), U arg_0) __attribute__((noinline)) {
      |                                                                                                         ^
1 warning generated.[0m
[0m[38;5;2;1m[ 28%]:[0m [38;5;5;1m<smg-pc-game>[0m cache compiling.debug src/Game/Effect/SyncBckEffectInfo.cpp[0m
[0m[38;5;2;1m[ 28%]:[0m [38;5;5;1m<smg-pc-game>[0m cache compiling.debug src/Game/Effect/MultiEmitterAccess.cpp[0m
[0m[38;5;2;1m[ 28%]:[0m [38;5;5;1m<smg-pc-game>[0m cache compiling.debug src/Game/Effect/MultiEmitterParticleCallBack.cpp[0m
[0m[38;5;2;1m[ 29%]:[0m [38;5;5;1m<smg-pc-game>[0m cache compiling.debug src/Game/Effect/MultiEmitter.cpp[0m
[0m[38;5;3;1mIn file included from src/Game/LiveActor/DisplayListMaker.cpp:5:
In file included from src/Game/Util.hpp:18:
src/Game/Util/Functor.hpp:114:105: warning: GCC does not allow 'noinline' attribute in this position on a function definition [-Wgcc-compat]
  114 |     static FunctorV1M< T*, void (T::*)(U), U > Functor(T* a1, void (T::*a2)(U), U arg_0) __attribute__((noinline)) {
      |                                                                                                         ^
In file included from src/Game/LiveActor/DisplayListMaker.cpp:7:
In file included from src/JSystem/J3DGraphBase/J3DMaterial.hpp:3:
src/JSystem/J3DGraphBase/J3DMatBlock.hpp:248:35: warning: result of comparison of constant 65535 with expression of type 'const u8' (aka 'const unsigned char') is always false [-Wtautological-constant-out-of-range-compare]
  248 |         u32 ambSrc = info.mAmbSrc == 0xFFFF ? 0 : info.mAmbSrc;
      |                      ~~~~~~~~~~~~ ^  ~~~~~~
2 warnings generated.[0m
[0m[38;5;2;1m[ 29%]:[0m [38;5;5;1m<smg-pc-game>[0m cache compiling.debug src/Game/Effect/SimpleEffectObj.cpp[0m
[0m[38;5;2;1m[ 29%]:[0m [38;5;5;1m<smg-pc-game>[0m cache compiling.debug src/Game/Effect/EffectSystemUtil.cpp[0m
[0m[38;5;2;1m[ 29%]:[0m [38;5;5;1m<smg-pc-game>[0m cache compiling.debug src/Game/Effect/SyncBckEffectChecker.cpp[0m
[0m[38;5;2;1m[ 29%]:[0m [38;5;5;1m<smg-pc-game>[0m cache compiling.debug src/Game/Effect/ParticleDrawExecutor.cpp[0m
[0m[38;5;2;1m[ 29%]:[0m [38;5;5;1m<smg-pc-game>[0m cache compiling.debug src/Game/Effect/AutoEffectInfo.cpp[0m
[0m[38;5;2;1m[ 29%]:[0m [38;5;5;1m<smg-pc-game>[0m cache compiling.debug src/Game/Effect/AutoEffectGroupHolder.cpp[0m
[0m[38;5;3;1mIn file included from src/Game/LiveActor/MessageSensorHolder.cpp:2:
In file included from src/Game/Util.hpp:18:
src/Game/Util/Functor.hpp:114:105: warning: GCC does not allow 'noinline' attribute in this position on a function definition [-Wgcc-compat]
  114 |     static FunctorV1M< T*, void (T::*)(U), U > Functor(T* a1, void (T::*a2)(U), U arg_0) __attribute__((noinline)) {
      |                                                                                                         ^
1 warning generated.[0m
[0m[38;5;2;1m[ 29%]:[0m [38;5;5;1m<smg-pc-game>[0m cache compiling.debug src/Game/Effect/ParticleCalcExecutor.cpp[0m
[0m[38;5;2;1m[ 29%]:[0m [38;5;5;1m<smg-pc-game>[0m cache compiling.debug src/Game/Effect/ParticleEmitter.cpp[0m
[0m[38;5;2;1m[ 29%]:[0m [38;5;5;1m<smg-pc-game>[0m cache compiling.debug src/Game/Effect/ParticleEmitterHolder.cpp[0m
[0m[38;5;3;1msrc/Game/LiveActor/AllLiveActorGroup.cpp:23:10: warning: expression result unused [-Wunused-value]
   23 |     for (actorNum; actorNum < getObjNum(); actorNum++) {
      |          ^~~~~~~~
1 warning generated.[0m
[0m[38;5;2;1m[ 29%]:[0m [38;5;5;1m<smg-pc-game>[0m cache compiling.debug src/Game/Effect/AutoEffectGroup.cpp[0m
[0m[38;5;3;1mIn file included from src/Game/LiveActor/ShadowVolumeModel.cpp:2:
In file included from src/Game/Util.hpp:18:
src/Game/Util/Functor.hpp:114:105: warning: GCC does not allow 'noinline' attribute in this position on a function definition [-Wgcc-compat]
  114 |     static FunctorV1M< T*, void (T::*)(U), U > Functor(T* a1, void (T::*a2)(U), U arg_0) __attribute__((noinline)) {
      |                                                                                                         ^
1 warning generated.[0m
[0m[38;5;2;1m[ 29%]:[0m [38;5;5;1m<smg-pc-game>[0m cache compiling.debug src/Game/Effect/ParticleResourceHolder.cpp[0m
[0m[38;5;2;1m[ 29%]:[0m [38;5;5;1m<smg-pc-game>[0m cache compiling.debug src/Game/Effect/MultiEmitterCallBack.cpp[0m
[0m[38;5;2;1m[ 29%]:[0m [38;5;5;1m<smg-pc-game>[0m cache compiling.debug src/Game/Animation/BvaPlayer.cpp[0m
[0m[38;5;3;1mIn file included from src/Game/LiveActor/ClippingActorInfo.cpp:5:
In file included from src/Game/Util.hpp:18:
src/Game/Util/Functor.hpp:114:105: warning: GCC does not allow 'noinline' attribute in this position on a function definition [-Wgcc-compat]
  114 |     static FunctorV1M< T*, void (T::*)(U), U > Functor(T* a1, void (T::*a2)(U), U arg_0) __attribute__((noinline)) {
      |                                                                                                         ^
1 warning generated.[0m
[0m[38;5;2;1m[ 29%]:[0m [38;5;5;1m<smg-pc-game>[0m cache compiling.debug src/Game/Animation/BtkPlayer.cpp[0m
[0m[38;5;2;1m[ 30%]:[0m [38;5;5;1m<smg-pc-game>[0m cache compiling.debug src/Game/Animation/MaterialAnmBuffer.cpp[0m
[0m[38;5;2;1m[ 30%]:[0m [38;5;5;1m<smg-pc-game>[0m cache compiling.debug src/Game/Animation/XanimeCore.cpp[0m
[0m[38;5;2;1m[ 30%]:[0m [38;5;5;1m<smg-pc-game>[0m cache compiling.debug src/Game/Animation/BckCtrl.cpp[0m
[0m[38;5;3;1msrc/Game/Effect/EffectSystemUtil.cpp:277:13: warning: ignoring return value of function declared with 'nodiscard' attribute [-Wunused-result]
  277 |             iter.getValue("GroupName", &pGroupName);
      |             ^~~~~~~~~~~~~~~~~~~~~~~~~~~~~~~~~~~~~~~
1 warning generated.[0m
[0m[38;5;2;1m[ 30%]:[0m [38;5;5;1m<smg-pc-game>[0m cache compiling.debug src/Game/Animation/BpkPlayer.cpp[0m
[0m[38;5;3;1mIn file included from src/Game/Effect/SimpleEffectObj.cpp:7:
src/Game/Util/Functor.hpp:114:105: warning: GCC does not allow 'noinline' attribute in this position on a function definition [-Wgcc-compat]
  114 |     static FunctorV1M< T*, void (T::*)(U), U > Functor(T* a1, void (T::*a2)(U), U arg_0) __attribute__((noinline)) {
      |                                                                                                         ^
1 warning generated.[0m
[0m[38;5;2;1m[ 30%]:[0m [38;5;5;1m<smg-pc-game>[0m cache compiling.debug src/Game/Animation/XanimePlayer.cpp[0m
[0m[38;5;2;1m[ 30%]:[0m [38;5;5;1m<smg-pc-game>[0m cache compiling.debug src/Game/Animation/BtpPlayer.cpp[0m
[0m[38;5;3;1mIn file included from src/Game/LiveActor/ModelManager.cpp:8:
In file included from src/Game/Animation/XanimeCore.hpp:3:
In file included from src/JSystem/J3DGraphAnimator/J3DJoint.hpp:4:
In file included from src/JSystem/J3DGraphBase/J3DMaterial.hpp:3:
src/JSystem/J3DGraphBase/J3DMatBlock.hpp:248:35: warning: result of comparison of constant 65535 with expression of type 'const u8' (aka 'const unsigned char') is always false [-Wtautological-constant-out-of-range-compare]
  248 |         u32 ambSrc = info.mAmbSrc == 0xFFFF ? 0 : info.mAmbSrc;
      |                      ~~~~~~~~~~~~ ^  ~~~~~~
1 warning generated.[0m
[0m[38;5;2;1m[ 30%]:[0m [38;5;5;1m<smg-pc-game>[0m cache compiling.debug src/Game/Animation/BrkPlayer.cpp[0m
[0m[38;5;2;1m[ 30%]:[0m [38;5;5;1m<smg-pc-game>[0m cache compiling.debug src/Game/Animation/LayoutAnmPlayer.cpp[0m
[0m[38;5;2;1m[ 30%]:[0m [38;5;5;1m<smg-pc-game>[0m cache compiling.debug src/Game/Animation/XanimeResource.cpp[0m
[0m[38;5;3;1mIn file included from src/Game/Effect/ParticleDrawExecutor.cpp:7:
src/Game/Util/Functor.hpp:114:105: warning: GCC does not allow 'noinline' attribute in this position on a function definition [-Wgcc-compat]
  114 |     static FunctorV1M< T*, void (T::*)(U), U > Functor(T* a1, void (T::*a2)(U), U arg_0) __attribute__((noinline)) {
      |                                                                                                         ^
1 warning generated.[0m
[0m[38;5;2;1m[ 30%]:[0m [38;5;5;1m<smg-pc-game>[0m cache compiling.debug src/Game/Animation/AnmPlayer.cpp[0m
[0m[38;5;3;1msrc/Game/Effect/AutoEffectInfo.cpp:37:9: warning: ignoring return value of function declared with 'nodiscard' attribute [-Wunused-result]
   37 |         rIter.getValue(pKey, &pValue);
      |         ^~~~~~~~~~~~~~~~~~~~~~~~~~~~~
src/Game/Effect/AutoEffectInfo.cpp:43:9: warning: ignoring return value of function declared with 'nodiscard' attribute [-Wunused-result]
   43 |         rIter.getValue(pKey, &pValue);
      |         ^~~~~~~~~~~~~~~~~~~~~~~~~~~~~
src/Game/Effect/AutoEffectInfo.cpp:49:9: warning: ignoring return value of function declared with 'nodiscard' attribute [-Wunused-result]
   49 |         rIter.getValue(pKey, &pValue);
      |         ^~~~~~~~~~~~~~~~~~~~~~~~~~~~~
src/Game/Effect/AutoEffectInfo.cpp:58:9: warning: ignoring return value of function declared with 'nodiscard' attribute [-Wunused-result]
   58 |         rIter.getValue(pKey, &pValue);
      |         ^~~~~~~~~~~~~~~~~~~~~~~~~~~~~
src/Game/Effect/AutoEffectInfo.cpp:87:5: warning: ignoring return value of function declared with 'nodiscard' attribute [-Wunused-result]
   87 |     rIter.getValue("ContinueAnimEnd", &pContinueAnimEnd);
      |     ^~~~~~~~~~~~~~~~~~~~~~~~~~~~~~~~~~~~~~~~~~~~~~~~~~~~
src/Game/Effect/AutoEffectInfo.cpp:97:5: warning: ignoring return value of function declared with 'nodiscard' attribute [-Wunused-result][0m
[0m[38;5;2;1m[ 30%]:[0m [38;5;5;1m<smg-pc-game>[0m cache compiling.debug src/Game/Enemy/AnimScaleController.cpp[0m
[0m[38;5;2;1m[ 30%]:[0m [38;5;5;1m<smg-pc-game>[0m cache compiling.debug src/Game/Enemy/KarikariDirector.cpp[0m
[0m[38;5;2;1m[ 30%]:[0m [38;5;5;1m<smg-pc-game>[0m cache compiling.debug src/Game/Enemy/WalkerStateRunaway.cpp[0m
[0m[38;5;2;1m[ 30%]:[0m [38;5;5;1m<smg-pc-game>[0m cache compiling.debug src/Game/Enemy/Karikari.cpp[0m
[0m[38;5;2;1m[ 31%]:[0m [38;5;5;1m<smg-pc-game>[0m cache compiling.debug src/Game/Enemy/WalkerStateBlowDamage.cpp[0m
[0m[38;5;3;1mIn file included from src/Game/Effect/ParticleCalcExecutor.cpp:6:
src/Game/Util/Functor.hpp:114:105: warning: GCC does not allow 'noinline' attribute in this position on a function definition [-Wgcc-compat]
  114 |     static FunctorV1M< T*, void (T::*)(U), U > Functor(T* a1, void (T::*a2)(U), U arg_0) __attribute__((noinline)) {
      |                                                                                                         ^
1 warning generated.[0m
[0m[38;5;2;1m[ 31%]:[0m [38;5;5;1m<smg-pc-game>[0m cache compiling.debug src/Game/System/GalaxyCometScheduler.cpp[0m
[0m[38;5;2;1m[ 31%]:[0m [38;5;5;1m<smg-pc-game>[0m cache compiling.debug src/Game/System/ConfigDataHolder.cpp[0m
[0m[38;5;3;1mIn file included from src/Game/Animation/LayoutAnmPlayer.cpp:3:
In file included from src/nw4r/lyt/animation.h:3:
src/nw4r/lyt/common.h:14:28: warning: comparison of different enumeration types ('_GXTexFmt' (aka 'GXTexFmt') and 'GXCITexFmt') is deprecated [-Wdeprecated-enum-compare]
   14 |                 return fmt == GX_TF_C4 || fmt == GX_TF_C8 || fmt == GX_TF_C14X2;
      |                        ~~~ ^  ~~~~~~~~
src/nw4r/lyt/common.h:14:47: warning: comparison of different enumeration types ('_GXTexFmt' (aka 'GXTexFmt') and 'GXCITexFmt') is deprecated [-Wdeprecated-enum-compare]
   14 |                 return fmt == GX_TF_C4 || fmt == GX_TF_C8 || fmt == GX_TF_C14X2;
      |                                           ~~~ ^  ~~~~~~~~
src/nw4r/lyt/common.h:14:66: warning: comparison of different enumeration types ('_GXTexFmt' (aka 'GXTexFmt') and 'GXCITexFmt') is deprecated [-Wdeprecated-enum-compare]
   14 |                 return fmt == GX_TF_C4 || fmt == GX_TF_C8 || fmt == GX_TF_C14X2;
      |                                                              ~~~ ^  ~~~~~~~~~~~
3 warnings generated.[0m
[0m[38;5;2;1m[ 31%]:[0m [38;5;5;1m<smg-pc-game>[0m cache compiling.debug src/Game/System/GameDataFunction.cpp[0m
[0m[38;5;3;1mIn file included from src/Game/Animation/XanimePlayer.cpp:2:
In file included from src/Game/Animation/XanimeCore.hpp:3:
In file included from src/JSystem/J3DGraphAnimator/J3DJoint.hpp:4:
In file included from src/JSystem/J3DGraphBase/J3DMaterial.hpp:3:
src/JSystem/J3DGraphBase/J3DMatBlock.hpp:248:35: warning: result of comparison of constant 65535 with expression of type 'const u8' (aka 'const unsigned char') is always false [-Wtautological-constant-out-of-range-compare]
  248 |         u32 ambSrc = info.mAmbSrc == 0xFFFF ? 0 : info.mAmbSrc;
      |                      ~~~~~~~~~~~~ ^  ~~~~~~
1 warning generated.[0m
[0m[38;5;2;1m[ 31%]:[0m [38;5;5;1m<smg-pc-game>[0m cache compiling.debug src/Game/System/GameSystemFontHolder.cpp[0m
[0m[38;5;3;1mIn file included from src/Game/Animation/XanimeCore.cpp:1:
In file included from src/Game/Animation/XanimeCore.hpp:3:
In file included from src/JSystem/J3DGraphAnimator/J3DJoint.hpp:4:
In file included from src/JSystem/J3DGraphBase/J3DMaterial.hpp:3:
src/JSystem/J3DGraphBase/J3DMatBlock.hpp:248:35: warning: result of comparison of constant 65535 with expression of type 'const u8' (aka 'const unsigned char') is always false [-Wtautological-constant-out-of-range-compare]
  248 |         u32 ambSrc = info.mAmbSrc == 0xFFFF ? 0 : info.mAmbSrc;
      |                      ~~~~~~~~~~~~ ^  ~~~~~~
1 warning generated.[0m
[0m[38;5;2;1m[ 31%]:[0m [38;5;5;1m<smg-pc-game>[0m cache compiling.debug src/Game/System/GameSystemFrameControl.cpp[0m
[0m[38;5;2;1m[ 31%]:[0m [38;5;5;1m<smg-pc-game>[0m cache compiling.debug src/Game/System/GalaxyNameSortTable.cpp[0m
[0m[38;5;3;1msrc/Game/Effect/ParticleResourceHolder.cpp:51:9: warning: ignoring return value of function declared with 'nodiscard' attribute [-Wunused-result]
   51 |         iter.getValue("GroupName", &groupName);
      |         ^~~~~~~~~~~~~~~~~~~~~~~~~~~~~~~~~~~~~~
1 warning generated.[0m
[0m[38;5;2;1m[ 31%]:[0m [38;5;5;1m<smg-pc-game>[0m cache compiling.debug src/Game/System/GameSystemErrorWatcher.cpp[0m
[0m[38;5;2;1m[ 31%]:[0m [38;5;5;1m<smg-pc-game>[0m cache compiling.debug src/Game/System/StarPieceAlmsStorage.cpp[0m
[0m[38;5;2;1m[ 31%]:[0m [38;5;5;1m<smg-pc-game>[0m cache compiling.debug src/Game/System/WPadHolder.cpp[0m
[0m[38;5;2;1m[ 31%]:[0m [38;5;5;1m<smg-pc-game>[0m cache compiling.debug src/Game/System/UserFile.cpp[0m
[0m[38;5;3;1mIn file included from src/Game/Animation/MaterialAnmBuffer.cpp:6:
In file included from src/JSystem/J3DGraphBase/J3DMaterial.hpp:3:
src/JSystem/J3DGraphBase/J3DMatBlock.hpp:248:35: warning: result of comparison of constant 65535 with expression of type 'const u8' (aka 'const unsigned char') is always false [-Wtautological-constant-out-of-range-compare]
  248 |         u32 ambSrc = info.mAmbSrc == 0xFFFF ? 0 : info.mAmbSrc;
      |                      ~~~~~~~~~~~~ ^  ~~~~~~
1 warning generated.[0m
[0m[38;5;2;1m[ 31%]:[0m [38;5;5;1m<smg-pc-game>[0m cache compiling.debug src/Game/System/StationedArchiveLoader.cpp[0m
[0m[38;5;3;1mIn file included from src/Game/Animation/BckCtrl.cpp:4:
In file included from src/Game/Util.hpp:18:
src/Game/Util/Functor.hpp:114:105: warning: GCC does not allow 'noinline' attribute in this position on a function definition [-Wgcc-compat]
  114 |     static FunctorV1M< T*, void (T::*)(U), U > Functor(T* a1, void (T::*a2)(U), U arg_0) __attribute__((noinline)) {
      |                                                                                                         ^
src/Game/Animation/BckCtrl.cpp:47:13: warning: ignoring return value of function declared with 'nodiscard' attribute [-Wunused-result]
   47 |             iter.getValue("name", &name);
      |             ^~~~~~~~~~~~~~~~~~~~~~~~~~~~
src/Game/Animation/BckCtrl.cpp:49:13: warning: ignoring return value of function declared with 'nodiscard' attribute [-Wunused-result]
   49 |             iter.getValue("interpole", &interpole);
      |             ^~~~~~~~~~~~~~~~~~~~~~~~~~~~~~~~~~~~~~
src/Game/Animation/BckCtrl.cpp:51:13: warning: ignoring return value of function declared with 'nodiscard' attribute [-Wunused-result]
   51 |             iter.getValue("play_frame", &playFrame);
      |             ^~~~~~~~~~~~~~~~~~~~~~~~~~~~~~~~~~~~~~~
src/Game/Animation/BckCtrl.cpp:53:13: warning: ignoring return value of function declared with 'nodiscard' attribute [-Wunused-result]
   53 |             iter.getValue("start_frame", &startFrame);[0m
[0m[38;5;2;1m[ 31%]:[0m [38;5;5;1m<smg-pc-game>[0m cache compiling.debug src/Game/System/PlacedHiddenStarScenarioTable.cpp[0m
[0m[38;5;2;1m[ 31%]:[0m [38;5;5;1m<smg-pc-game>[0m cache compiling.debug src/Game/System/GalaxyStatusAccessor.cpp[0m
[0m[38;5;2;1m[ 32%]:[0m [38;5;5;1m<smg-pc-game>[0m cache compiling.debug src/Game/System/WPadRumbleData.cpp[0m
[0m[38;5;2;1m[ 32%]:[0m [38;5;5;1m<smg-pc-game>[0m cache compiling.debug src/Game/System/GalaxyMoveArgument.cpp[0m
[0m[38;5;2;1m[ 32%]:[0m [38;5;5;1m<smg-pc-game>[0m cache compiling.debug src/Game/System/GameEventFlagChecker.cpp[0m
[0m[38;5;2;1m[ 32%]:[0m [38;5;5;1m<smg-pc-game>[0m cache compiling.debug src/Game/System/FindingLuigiEventScheduler.cpp[0m
[0m[38;5;2;1m[ 32%]:[0m [38;5;5;1m<smg-pc-game>[0m cache compiling.debug src/Game/System/FileRipper.cpp[0m
[0m[38;5;2;1m[ 32%]:[0m [38;5;5;1m<smg-pc-game>[0m cache compiling.debug src/Game/System/PauseButtonCheckerInGame.cpp[0m
[0m[38;5;2;1m[ 32%]:[0m [38;5;5;1m<smg-pc-game>[0m cache compiling.debug src/Game/System/LuigiLeftSupplier.cpp[0m
[0m[38;5;2;1m[ 32%]:[0m [38;5;5;1m<smg-pc-game>[0m cache compiling.debug src/Game/System/NANDManager.cpp[0m
[0m[38;5;2;1m[ 32%]:[0m [38;5;5;1m<smg-pc-game>[0m cache compiling.debug src/Game/System/NerveExecutor.cpp[0m
[0m[38;5;2;1m[ 32%]:[0m [38;5;5;1m<smg-pc-game>[0m cache compiling.debug src/Game/System/DrawBufferHolder.cpp[0m
[0m[38;5;2;1m[ 32%]:[0m [38;5;5;1m<smg-pc-game>[0m cache compiling.debug src/Game/System/StarPointerOnOffController.cpp[0m
[0m[38;5;2;1m[ 32%]:[0m [38;5;5;1m<smg-pc-game>[0m cache compiling.debug src/Game/System/GameSystemStationedArchiveLoader.cpp[0m
[0m[38;5;2;1m[ 32%]:[0m [38;5;5;1m<smg-pc-game>[0m cache compiling.debug src/Game/System/ResourceHolder.cpp[0m
[0m[38;5;2;1m[ 32%]:[0m [38;5;5;1m<smg-pc-game>[0m cache compiling.debug src/Game/System/WPadRumble.cpp[0m
[0m[38;5;3;1msrc/Game/System/WPadHolder.cpp:153:48: warning: GCC does not allow 'noinline' attribute in this position on a function definition [-Wgcc-compat]
  153 |     WPadHolder* getWPadHolder() __attribute__((noinline)) {
      |                                                ^
1 warning generated.[0m
[0m[38;5;2;1m[ 33%]:[0m [38;5;5;1m<smg-pc-game>[0m cache compiling.debug src/Game/System/LayoutHolder.cpp[0m
[0m[38;5;2;1m[ 33%]:[0m [38;5;5;1m<smg-pc-game>[0m cache compiling.debug src/Game/System/NANDErrorSequence.cpp[0m
[0m[38;5;3;1msrc/Game/System/GameDataFunction.cpp:19:72: warning: GCC does not allow 'noinline' attribute in this position on a function definition [-Wgcc-compat]
   19 |     SaveDataHandleSequence* getSaveDataHandleSequence() __attribute__((noinline)) {
      |                                                                        ^
src/Game/System/GameDataFunction.cpp:27:68: warning: GCC does not allow 'noinline' attribute in this position on a function definition [-Wgcc-compat]
   27 |     GameSequenceProgress* getGameSequenceProgress() __attribute__((noinline)) {
      |                                                                    ^
2 warnings generated.[0m
[0m[38;5;2;1m[ 33%]:[0m [38;5;5;1m<smg-pc-game>[0m cache compiling.debug src/Game/System/WPadAcceleration.cpp[0m
[0m[38;5;2;1m[ 33%]:[0m [38;5;5;1m<smg-pc-game>[0m cache compiling.debug src/Game/System/WPad.cpp[0m
[0m[38;5;2;1m[ 33%]:[0m [38;5;5;1m<smg-pc-game>[0m cache compiling.debug src/Game/System/GameDataConst.cpp[0m
[0m[38;5;2;1m[ 33%]:[0m [38;5;5;1m<smg-pc-game>[0m cache compiling.debug src/Game/System/HeapMemoryWatcher.cpp[0m
[0m[38;5;2;1m[ 33%]:[0m [38;5;5;1m<smg-pc-game>[0m cache compiling.debug src/Game/System/SysConfigFile.cpp[0m
[0m[38;5;2;1m[ 33%]:[0m [38;5;5;1m<smg-pc-game>[0m cache compiling.debug src/Game/System/GameSequenceDirector.cpp[0m
[0m[38;5;2;1m[ 33%]:[0m [38;5;5;1m<smg-pc-game>[0m cache compiling.debug src/Game/System/DrawBuffer.cpp[0m
[0m[38;5;2;1m[ 33%]:[0m [38;5;5;1m<smg-pc-game>[0m cache compiling.debug src/Game/System/MessageHolder.cpp[0m
[0m[38;5;2;1m[ 33%]:[0m [38;5;5;1m<smg-pc-game>[0m cache compiling.debug src/Game/System/WPadStick.cpp[0m
[0m[38;5;2;1m[ 33%]:[0m [38;5;5;1m<smg-pc-game>[0m cache compiling.debug src/Game/System/SaveDataHandleSequence.cpp[0m
[0m[38;5;2;1m[ 33%]:[0m [38;5;5;1m<smg-pc-game>[0m cache compiling.debug src/Game/System/DrawBufferGroup.cpp[0m
[0m[38;5;2;1m[ 33%]:[0m [38;5;5;1m<smg-pc-game>[0m cache compiling.debug src/Game/System/GalaxyIDBCSV.cpp[0m
[0m[38;5;2;1m[ 34%]:[0m [38;5;5;1m<smg-pc-game>[0m cache compiling.debug src/Game/System/HomeButtonStateNotifier.cpp[0m
[0m[38;5;2;1m[ 34%]:[0m [38;5;5;1m<smg-pc-game>[0m cache compiling.debug src/Game/System/SaveDataBannerCreator.cpp[0m
[0m[38;5;2;1m[ 34%]:[0m [38;5;5;1m<smg-pc-game>[0m cache compiling.debug src/Game/System/GameEventValueChecker.cpp[0m
[0m[38;5;3;1msrc/Game/System/HeapMemoryWatcher.cpp:11:81: warning: GCC does not allow 'noinline' attribute in this position on a function definition [-Wgcc-compat]
   11 |     JKRExpHeap* createExpHeap(u32 size, JKRHeap* pHeap, bool a3) __attribute__((noinline)) {
      |                                                                                 ^
1 warning generated.[0m
[0m[38;5;2;1m[ 34%]:[0m [38;5;5;1m<smg-pc-game>[0m cache compiling.debug src/Game/System/GameSystemSceneController.cpp[0m
[0m[38;5;2;1m[ 34%]:[0m [38;5;5;1m<smg-pc-game>[0m cache compiling.debug src/Game/System/StageResultSequenceChecker.cpp[0m
[0m[38;5;2;1m[ 34%]:[0m [38;5;5;1m<smg-pc-game>[0m cache compiling.debug src/Game/System/GameEventFlagTable.cpp[0m
[0m[38;5;2;1m[ 34%]:[0m [38;5;5;1m<smg-pc-game>[0m cache compiling.debug src/Game/System/SpinDriverPathStorage.cpp[0m
[0m[38;5;3;1mIn file included from src/Game/System/GameDataConst.cpp:4:
In file included from src/Game/Util.hpp:18:
src/Game/Util/Functor.hpp:114:105: warning: GCC does not allow 'noinline' attribute in this position on a function definition [-Wgcc-compat]
  114 |     static FunctorV1M< T*, void (T::*)(U), U > Functor(T* a1, void (T::*a2)(U), U arg_0) __attribute__((noinline)) {
      |                                                                                                         ^
src/Game/System/GameDataConst.cpp:12:5: warning: ignoring return value of function declared with 'nodiscard' attribute [-Wunused-result]
   12 |     element.getValue< u32 >("PowerStarNum", &powerStarNum);
      |     ^~~~~~~~~~~~~~~~~~~~~~~~~~~~~~~~~~~~~~~~~~~~~~~~~~~~~~
src/Game/System/GameDataConst.cpp:71:5: warning: ignoring return value of function declared with 'nodiscard' attribute [-Wunused-result]
   71 |     element.getValue< u32 >("GrandGalaxyNo", &grandGalaxyNo);
      |     ^~~~~~~~~~~~~~~~~~~~~~~~~~~~~~~~~~~~~~~~~~~~~~~~~~~~~~~~
3 warnings generated.[0m
[0m[38;5;2;1m[ 34%]:[0m [38;5;5;1m<smg-pc-game>[0m cache compiling.debug src/Game/System/GameDataTemporaryInGalaxy.cpp[0m
[0m[38;5;3;1msrc/Game/System/LayoutHolder.cpp:112:17: warning: 'sprintf' is deprecated: This function is provided for compatibility reasons only.  Due to security concerns inherent in the design of sprintf(3), it is highly recommended that you use snprintf(3) instead. [-Wdeprecated-declarations]
  112 |                 sprintf(path, "%s%s%s", pPath, "/", finder->mName);
      |                 ^
/Applications/Xcode.app/Contents/Developer/Platforms/MacOSX.platform/Developer/SDKs/MacOSX27.0.sdk/usr/include/_stdio.h:278:16: note: 'sprintf' has been explicitly marked deprecated here
  278 | __attribute__((__deprecated__("This function is provided for compatibility reasons only.  Due to security concerns inherent in the design of sprintf(3), it is highly recommended that you use snprintf(3) instead.")))
      |                ^
src/Game/System/LayoutHolder.cpp:134:13: warning: ignoring return value of function declared with 'nodiscard' attribute [-Wunused-result]
  134 |             mArchive->getFileAttribute(finder->mFileID);
      |             ^~~~~~~~~~~~~~~~~~~~~~~~~~~~~~~~~~~~~~~~~~~
2 warnings generated.[0m
[0m[38;5;2;1m[ 34%]:[0m [38;5;5;1m<smg-pc-game>[0m cache compiling.debug src/Game/System/OSThreadWrapper.cpp[0m
[0m[38;5;2;1m[ 34%]:[0m [38;5;5;1m<smg-pc-game>[0m cache compiling.debug src/Game/System/StorySequenceExecutor.cpp[0m
[0m[38;5;3;1mIn file included from src/Game/System/GameSystemStationedArchiveLoader.cpp:9:
src/Game/Util/Functor.hpp:114:105: warning: GCC does not allow 'noinline' attribute in this position on a function definition [-Wgcc-compat]
  114 |     static FunctorV1M< T*, void (T::*)(U), U > Functor(T* a1, void (T::*a2)(U), U arg_0) __attribute__((noinline)) {
      |                                                                                                         ^
1 warning generated.[0m
[0m[38;5;2;1m[ 34%]:[0m [38;5;5;1m<smg-pc-game>[0m cache compiling.debug src/Game/System/SaveDataHandler.cpp[0m
[0m[38;5;3;1mIn file included from src/Game/System/ResourceHolder.cpp:7:
In file included from src/JSystem/J3DGraphBase/J3DMaterial.hpp:3:
src/JSystem/J3DGraphBase/J3DMatBlock.hpp:248:35: warning: result of comparison of constant 65535 with expression of type 'const u8' (aka 'const unsigned char') is always false [-Wtautological-constant-out-of-range-compare]
  248 |         u32 ambSrc = info.mAmbSrc == 0xFFFF ? 0 : info.mAmbSrc;
      |                      ~~~~~~~~~~~~ ^  ~~~~~~
src/Game/System/ResourceHolder.cpp:133:17: warning: 'sprintf' is deprecated: This function is provided for compatibility reasons only.  Due to security concerns inherent in the design of sprintf(3), it is highly recommended that you use snprintf(3) instead. [-Wdeprecated-declarations]
  133 |                 sprintf(path, "%s%s%s", pPath, "/", finder->mName);
      |                 ^
/Applications/Xcode.app/Contents/Developer/Platforms/MacOSX.platform/Developer/SDKs/MacOSX27.0.sdk/usr/include/_stdio.h:278:16: note: 'sprintf' has been explicitly marked deprecated here
  278 | __attribute__((__deprecated__("This function is provided for compatibility reasons only.  Due to security concerns inherent in the design of sprintf(3), it is highly recommended that you use snprintf(3) instead.")))
      |                ^
2 warnings generated.[0m
[0m[38;5;2;1m[ 34%]:[0m [38;5;5;1m<smg-pc-game>[0m cache compiling.debug src/Game/System/StationedFileInfo.cpp[0m
[0m[38;5;3;1mIn file included from src/Game/System/GameSequenceDirector.cpp:7:
src/Game/Util/Functor.hpp:114:105: warning: GCC does not allow 'noinline' attribute in this position on a function definition [-Wgcc-compat]
  114 |     static FunctorV1M< T*, void (T::*)(U), U > Functor(T* a1, void (T::*a2)(U), U arg_0) __attribute__((noinline)) {
      |                                                                                                         ^
1 warning generated.[0m
[0m[38;5;2;1m[ 34%]:[0m [38;5;5;1m<smg-pc-game>[0m cache compiling.debug src/Game/System/WPadHVSwing.cpp[0m
[0m[38;5;2;1m[ 34%]:[0m [38;5;5;1m<smg-pc-game>[0m cache compiling.debug src/Game/System/GameSequenceProgress.cpp[0m
[0m[38;5;2;1m[ 35%]:[0m [38;5;5;1m<smg-pc-game>[0m cache compiling.debug src/Game/System/BinaryDataChunkHolder.cpp[0m
[0m[38;5;2;1m[ 35%]:[0m [38;5;5;1m<smg-pc-game>[0m cache compiling.debug src/Game/System/GameDataPlayerStatus.cpp[0m
[0m[38;5;3;1mIn file included from src/Game/System/DrawBuffer.cpp:7:
In file included from src/JSystem/J3DGraphBase/J3DMaterial.hpp:3:
src/JSystem/J3DGraphBase/J3DMatBlock.hpp:248:35: warning: result of comparison of constant 65535 with expression of type 'const u8' (aka 'const unsigned char') is always false [-Wtautological-constant-out-of-range-compare]
  248 |         u32 ambSrc = info.mAmbSrc == 0xFFFF ? 0 : info.mAmbSrc;
      |                      ~~~~~~~~~~~~ ^  ~~~~~~
1 warning generated.[0m
[0m[38;5;2;1m[ 35%]:[0m [38;5;5;1m<smg-pc-game>[0m cache compiling.debug src/Game/System/FunctionAsyncExecutor.cpp[0m
[0m[38;5;2;1m[ 35%]:[0m [38;5;5;1m<smg-pc-game>[0m cache compiling.debug src/Game/System/ConfigDataMii.cpp[0m
[0m[38;5;2;1m[ 35%]:[0m [38;5;5;1m<smg-pc-game>[0m cache compiling.debug src/Game/System/WPadButton.cpp[0m
[0m[38;5;2;1m[ 35%]:[0m [38;5;5;1m<smg-pc-game>[0m cache compiling.debug src/Game/System/NANDManagerThread.cpp[0m
[0m[38;5;2;1m[ 35%]:[0m [38;5;5;1m<smg-pc-game>[0m cache compiling.debug src/Game/System/GameSystemFunction.cpp[0m
[0m[38;5;3;1mIn file included from src/Game/System/SaveDataHandleSequence.cpp:11:
src/Game/Util/Functor.hpp:114:105: warning: GCC does not allow 'noinline' attribute in this position on a function definition [-Wgcc-compat]
  114 |     static FunctorV1M< T*, void (T::*)(U), U > Functor(T* a1, void (T::*a2)(U), U arg_0) __attribute__((noinline)) {
      |                                                                                                         ^
1 warning generated.[0m
[0m[38;5;2;1m[ 35%]:[0m [38;5;5;1m<smg-pc-game>[0m cache compiling.debug src/Game/System/FileHolder.cpp[0m
[0m[38;5;2;1m[ 35%]:[0m [38;5;5;1m<smg-pc-game>[0m cache compiling.debug src/Game/System/ShapePacketUserData.cpp[0m
[0m[38;5;3;1msrc/Game/System/MessageHolder.cpp:173:5: warning: ignoring return value of function declared with 'nodiscard' attribute [-Wunused-result]
  173 |     iter.getValue("Index", &messageIndex);
      |     ^~~~~~~~~~~~~~~~~~~~~~~~~~~~~~~~~~~~~
1 warning generated.[0m
[0m[38;5;2;1m[ 35%]:[0m [38;5;5;1m<smg-pc-game>[0m cache compiling.debug src/Game/System/GameSystemDimmingWatcher.cpp[0m
[0m[38;5;2;1m[ 35%]:[0m [38;5;5;1m<smg-pc-game>[0m cache compiling.debug src/Game/System/DrawBufferExecuter.cpp[0m
[0m[38;5;2;1m[ 35%]:[0m [38;5;5;1m<smg-pc-game>[0m cache compiling.debug src/Game/System/SaveDataFileAccessor.cpp[0m
[0m[38;5;2;1m[ 35%]:[0m [38;5;5;1m<smg-pc-game>[0m cache compiling.debug src/Game/System/GameSystem.cpp[0m
[0m[38;5;2;1m[ 35%]:[0m [38;5;5;1m<smg-pc-game>[0m cache compiling.debug src/Game/System/ArchiveHolder.cpp[0m
[0m[38;5;2;1m[ 36%]:[0m [38;5;5;1m<smg-pc-game>[0m cache compiling.debug src/Game/System/RenderMode.cpp[0m
[0m[38;5;3;1mIn file included from src/Game/System/GameSystemSceneController.cpp:19:
src/Game/Util/Functor.hpp:114:105: warning: GCC does not allow 'noinline' attribute in this position on a function definition [-Wgcc-compat]
  114 |     static FunctorV1M< T*, void (T::*)(U), U > Functor(T* a1, void (T::*a2)(U), U arg_0) __attribute__((noinline)) {
      |                                                                                                         ^
src/Game/System/GameSystemSceneController.cpp:31:62: warning: GCC does not allow 'noinline' attribute in this position on a function definition [-Wgcc-compat]
   31 |     AudSystemWrapper* getAudioSystemWrapper() __attribute__((noinline)) {
      |                                                              ^
2 warnings generated.[0m
[0m[38;5;2;1m[ 36%]:[0m [38;5;5;1m<smg-pc-game>[0m cache compiling.debug src/Game/System/ScenarioProgressTestRun.cpp[0m
[0m[38;5;3;1msrc/Game/System/GameEventFlagTable.cpp:474:13: warning: ignoring return value of function declared with 'nodiscard' attribute [-Wunused-result]
  474 |             iter.getValue(key, &openCondition);
      |             ^~~~~~~~~~~~~~~~~~~~~~~~~~~~~~~~~~
1 warning generated.[0m
[0m[38;5;2;1m[ 36%]:[0m [38;5;5;1m<smg-pc-game>[0m cache compiling.debug src/Game/System/DrawSyncManager.cpp[0m
[0m[38;5;2;1m[ 36%]:[0m [38;5;5;1m<smg-pc-game>[0m cache compiling.debug src/Game/System/GameSystemObjHolder.cpp[0m
[0m[38;5;2;1m[ 36%]:[0m [38;5;5;1m<smg-pc-game>[0m cache compiling.debug src/Game/System/MainLoopFramework.cpp[0m
[0m[38;5;2;1m[ 36%]:[0m [38;5;5;1m<smg-pc-game>[0m cache compiling.debug src/Game/System/WPadPointer.cpp[0m
[0m[38;5;3;1mIn file included from src/Game/System/FunctionAsyncExecutor.cpp:2:
src/Game/Util/Functor.hpp:114:105: warning: GCC does not allow 'noinline' attribute in this position on a function definition [-Wgcc-compat]
  114 |     static FunctorV1M< T*, void (T::*)(U), U > Functor(T* a1, void (T::*a2)(U), U arg_0) __attribute__((noinline)) {
      |                                                                                                         ^
1 warning generated.[0m
[0m[38;5;2;1m[ 36%]:[0m [38;5;5;1m<smg-pc-game>[0m cache compiling.debug src/Game/System/GameDataHolder.cpp[0m
[0m[38;5;2;1m[ 36%]:[0m [38;5;5;1m<smg-pc-game>[0m cache compiling.debug src/Game/System/ResourceInfo.cpp[0m
[0m[38;5;2;1m[ 36%]:[0m [38;5;5;1m<smg-pc-game>[0m cache compiling.debug src/Game/System/ScenarioDataParser.cpp[0m
[0m[38;5;2;1m[ 36%]:[0m [38;5;5;1m<smg-pc-game>[0m cache compiling.debug src/Game/System/BinaryDataContentAccessor.cpp[0m
[0m[38;5;2;1m[ 36%]:[0m [38;5;5;1m<smg-pc-game>[0m cache compiling.debug src/Game/System/GameSystemResetAndPowerProcess.cpp[0m
[0m[38;5;2;1m[ 36%]:[0m [38;5;5;1m<smg-pc-game>[0m cache compiling.debug src/Game/System/ConfigDataMisc.cpp[0m
[0m[38;5;2;1m[ 36%]:[0m [38;5;5;1m<smg-pc-game>[0m cache compiling.debug src/Game/System/GameEventFlag.cpp[0m
[0m[38;5;2;1m[ 36%]:[0m [38;5;5;1m<smg-pc-game>[0m cache compiling.debug src/Game/System/GameSequenceFunction.cpp[0m
[0m[38;5;3;1msrc/Game/System/GameSystemFunction.cpp:33:60: warning: GCC does not allow 'noinline' attribute in this position on a function definition [-Wgcc-compat]
   33 |     AudSystemWrapper* getAudSystemWrapper() __attribute__((noinline)) {
      |                                                            ^
src/Game/System/GameSystemFunction.cpp:37:72: warning: GCC does not allow 'noinline' attribute in this position on a function definition [-Wgcc-compat]
   37 |     SaveDataHandleSequence* getSaveDataHandleSequence() __attribute__((noinline)) {
      |                                                                        ^
2 warnings generated.[0m
[0m[38;5;2;1m[ 36%]:[0m [38;5;5;1m<smg-pc-game>[0m cache compiling.debug src/Game/System/WPadInfoChecker.cpp[0m
[0m[38;5;2;1m[ 37%]:[0m [38;5;5;1m<smg-pc-game>[0m cache compiling.debug src/Game/System/GameEventFlagStorage.cpp[0m
[0m[38;5;3;1mIn file included from src/Game/System/FileHolder.cpp:2:
In file included from src/Game/Util.hpp:18:
src/Game/Util/Functor.hpp:114:105: warning: GCC does not allow 'noinline' attribute in this position on a function definition [-Wgcc-compat]
  114 |     static FunctorV1M< T*, void (T::*)(U), U > Functor(T* a1, void (T::*a2)(U), U arg_0) __attribute__((noinline)) {
      |                                                                                                         ^
1 warning generated.[0m
[0m[38;5;2;1m[ 37%]:[0m [38;5;5;1m<smg-pc-game>[0m cache compiling.debug src/Game/System/GalaxyCometState.cpp[0m
[0m[38;5;3;1mIn file included from src/Game/System/ShapePacketUserData.cpp:5:
In file included from src/JSystem/J3DGraphBase/J3DMaterial.hpp:3:
src/JSystem/J3DGraphBase/J3DMatBlock.hpp:248:35: warning: result of comparison of constant 65535 with expression of type 'const u8' (aka 'const unsigned char') is always false [-Wtautological-constant-out-of-range-compare]
  248 |         u32 ambSrc = info.mAmbSrc == 0xFFFF ? 0 : info.mAmbSrc;
      |                      ~~~~~~~~~~~~ ^  ~~~~~~
1 warning generated.[0m
[0m[38;5;2;1m[ 37%]:[0m [38;5;5;1m<smg-pc-game>[0m cache compiling.debug src/Game/System/WPadLeaveWatcher.cpp[0m
[0m[38;5;2;1m[ 37%]:[0m [38;5;5;1m<smg-pc-game>[0m cache compiling.debug src/Game/System/FileLoader.cpp[0m
[0m[38;5;3;1mIn file included from src/Game/System/GameSystem.cpp:24:
src/Game/Util/Functor.hpp:114:105: warning: GCC does not allow 'noinline' attribute in this position on a function definition [-Wgcc-compat]
  114 |     static FunctorV1M< T*, void (T::*)(U), U > Functor(T* a1, void (T::*a2)(U), U arg_0) __attribute__((noinline)) {
      |                                                                                                         ^
1 warning generated.[0m
[0m[38;5;2;1m[ 37%]:[0m [38;5;5;1m<smg-pc-game>[0m cache compiling.debug src/Game/System/AlreadyDoneFlagInGalaxy.cpp[0m
[0m[38;5;2;1m[ 37%]:[0m [38;5;5;1m<smg-pc-game>[0m cache compiling.debug src/Game/System/GameDataGalaxyStorage.cpp[0m
[0m[38;5;2;1m[ 37%]:[0m [38;5;5;1m<smg-pc-game>[0m cache compiling.debug src/Game/System/FileLoaderThread.cpp[0m
[0m[38;5;3;1mIn file included from src/Game/System/ArchiveHolder.cpp:2:
In file included from src/Game/Util.hpp:18:
src/Game/Util/Functor.hpp:114:105: warning: GCC does not allow 'noinline' attribute in this position on a function definition [-Wgcc-compat]
  114 |     static FunctorV1M< T*, void (T::*)(U), U > Functor(T* a1, void (T::*a2)(U), U arg_0) __attribute__((noinline)) {
      |                                                                                                         ^
1 warning generated.[0m
[0m[38;5;2;1m[ 37%]:[0m [38;5;5;1m<smg-pc-game>[0m cache compiling.debug src/Game/System/GameSystemException.cpp[0m
[0m[38;5;3;1mIn file included from src/Game/System/MainLoopFramework.cpp:8:
src/JSystem/JUtility/JUTConsole.hpp:122:63: warning: 'offsetof' on non-standard-layout type 'JUTConsole' [-Winvalid-offsetof]
  122 |     typedef JGadget::TLinkList< JUTConsole, -static_cast<int>(__builtin_offsetof(JUTConsole, mListNode)) > ConsoleList;
      |                                                               ^                              ~~~~~~~~~
1 warning generated.[0m
[0m[38;5;2;1m[ 37%]:[0m [38;5;5;1m<smg-pc-game>[0m cache compiling.debug src/Game/Map/FileSelectModel.cpp[0m
[0m[38;5;2;1m[ 37%]:[0m [38;5;5;1m<smg-pc-game>[0m cache compiling.debug src/Game/Map/OceanSphere.cpp[0m
[0m[38;5;2;1m[ 37%]:[0m [38;5;5;1m<smg-pc-game>[0m cache compiling.debug src/Game/Map/WaterAreaHolder.cpp[0m
[0m[38;5;2;1m[ 37%]:[0m [38;5;5;1m<smg-pc-game>[0m cache compiling.debug src/Game/Map/SleepController.cpp[0m
[0m[38;5;2;1m[ 37%]:[0m [38;5;5;1m<smg-pc-game>[0m cache compiling.debug src/Game/Map/StageSwitch.cpp[0m
[0m[38;5;2;1m[ 37%]:[0m [38;5;5;1m<smg-pc-game>[0m cache compiling.debug src/Game/Map/WaterInfo.cpp[0m
[0m[38;5;3;1mIn file included from src/Game/System/WPadPointer.cpp:2:
In file included from src/Game/Util.hpp:18:
src/Game/Util/Functor.hpp:114:105: warning: GCC does not allow 'noinline' attribute in this position on a function definition [-Wgcc-compat]
  114 |     static FunctorV1M< T*, void (T::*)(U), U > Functor(T* a1, void (T::*a2)(U), U arg_0) __attribute__((noinline)) {
      |                                                                                                         ^
1 warning generated.[0m
[0m[38;5;2;1m[ 38%]:[0m [38;5;5;1m<smg-pc-game>[0m cache compiling.debug src/Game/Map/FileSelectIconID.cpp[0m
[0m[38;5;3;1mIn file included from src/Game/System/ResourceInfo.cpp:2:
In file included from src/Game/Util.hpp:18:
src/Game/Util/Functor.hpp:114:105: warning: GCC does not allow 'noinline' attribute in this position on a function definition [-Wgcc-compat]
  114 |     static FunctorV1M< T*, void (T::*)(U), U > Functor(T* a1, void (T::*a2)(U), U arg_0) __attribute__((noinline)) {
      |                                                                                                         ^
1 warning generated.[0m
[0m[38;5;2;1m[ 38%]:[0m [38;5;5;1m<smg-pc-game>[0m cache compiling.debug src/Game/Map/SwitchWatcherHolder.cpp[0m
[0m[38;5;2;1m[ 38%]:[0m [38;5;5;1m<smg-pc-game>[0m cache compiling.debug src/Game/Map/FileSelectCameraController.cpp[0m
[0m[38;5;2;1m[ 38%]:[0m [38;5;5;1m<smg-pc-game>[0m cache compiling.debug src/Game/Map/SwitchSynchronizer.cpp[0m
[0m[38;5;2;1m[ 38%]:[0m [38;5;5;1m<smg-pc-game>[0m cache compiling.debug src/Game/Map/SphereSelector.cpp[0m
[0m[38;5;3;1msrc/Game/System/GameDataHolder.cpp:318:5: warning: ignoring return value of function declared with 'nodiscard' attribute [-Wunused-result]
  318 |     iter.getValue("progress", &progress);
      |     ^~~~~~~~~~~~~~~~~~~~~~~~~~~~~~~~~~~~
src/Game/System/GameDataHolder.cpp:326:5: warning: ignoring return value of function declared with 'nodiscard' attribute [-Wunused-result]
  326 |     iter.getValue("progress", &progress);
      |     ^~~~~~~~~~~~~~~~~~~~~~~~~~~~~~~~~~~~
2 warnings generated.[0m
[0m[38;5;2;1m[ 38%]:[0m [38;5;5;1m<smg-pc-game>[0m cache compiling.debug src/Game/Map/SwitchWatcher.cpp[0m
[0m[38;5;3;1msrc/Game/System/GameSequenceFunction.cpp:22:68: warning: GCC does not allow 'noinline' attribute in this position on a function definition [-Wgcc-compat]
   22 |     GameSequenceProgress* getGameSequenceProgress() __attribute__((noinline)) {
      |                                                                    ^
src/Game/System/GameSequenceFunction.cpp:26:72: warning: GCC does not allow 'noinline' attribute in this position on a function definition [-Wgcc-compat]
   26 |     SaveDataHandleSequence* getSaveDataHandleSequence() __attribute__((noinline)) {
      |                                                                        ^
src/Game/System/GameSequenceFunction.cpp:34:56: warning: GCC does not allow 'noinline' attribute in this position on a function definition [-Wgcc-compat]
   34 |     NWC24Messenger* getNWC24Messenger() __attribute__((noinline)) {
      |                                                        ^
3 warnings generated.[0m
[0m[38;5;2;1m[ 38%]:[0m [38;5;5;1m<smg-pc-game>[0m cache compiling.debug src/Game/Map/OceanRing.cpp[0m
[0m[38;5;2;1m[ 38%]:[0m [38;5;5;1m<smg-pc-game>[0m cache compiling.debug src/Game/Map/RaceManager.cpp[0m
[0m[38;5;2;1m[ 38%]:[0m [38;5;5;1m<smg-pc-game>[0m cache compiling.debug src/Game/Map/ActorAppearSwitchListener.cpp[0m
[0m[38;5;2;1m[ 38%]:[0m [38;5;5;1m<smg-pc-game>[0m cache compiling.debug src/Game/Map/FileSelectSky.cpp[0m
[0m[38;5;2;1m[ 38%]:[0m [38;5;5;1m<smg-pc-game>[0m cache compiling.debug src/Game/Map/Sky.cpp[0m
[0m[38;5;2;1m[ 38%]:[0m [38;5;5;1m<smg-pc-game>[0m cache compiling.debug src/Game/Map/SunshadeMapHolder.cpp[0m
[0m[38;5;2;1m[ 38%]:[0m [38;5;5;1m<smg-pc-game>[0m cache compiling.debug src/Game/Map/SpaceInner.cpp[0m
[0m[38;5;3;1msrc/Game/System/ScenarioDataParser.cpp:91:5: warning: ignoring return value of function declared with 'nodiscard' attribute [-Wunused-result]
   91 |     mZoneList->getValue< const char* >(zoneId, "ZoneName", &pZoneName);
      |     ^~~~~~~~~~~~~~~~~~~~~~~~~~~~~~~~~~~~~~~~~~~~~~~~~~~~~~~~~~~~~~~~~~
src/Game/System/ScenarioDataParser.cpp:134:9: warning: ignoring return value of function declared with 'nodiscard' attribute [-Wunused-result]
  134 |         mZoneList->getValue< const char* >(i, "ZoneName", &pName);
      |         ^~~~~~~~~~~~~~~~~~~~~~~~~~~~~~~~~~~~~~~~~~~~~~~~~~~~~~~~~
2 warnings generated.[0m
[0m[38;5;2;1m[ 38%]:[0m [38;5;5;1m<smg-pc-game>[0m cache compiling.debug src/Game/Map/PlanetMap.cpp[0m
[0m[38;5;2;1m[ 39%]:[0m [38;5;5;1m<smg-pc-game>[0m cache compiling.debug src/Game/Map/ScenarioSelectStar.cpp[0m
[0m[38;5;2;1m[ 39%]:[0m [38;5;5;1m<smg-pc-game>[0m cache compiling.debug src/Game/Map/GroundChecker.cpp[0m
[0m[38;5;2;1m[ 39%]:[0m [38;5;5;1m<smg-pc-game>[0m cache compiling.debug src/Game/Map/BezierRail.cpp[0m
[0m[38;5;2;1m[ 39%]:[0m [38;5;5;1m<smg-pc-game>[0m cache compiling.debug src/Game/Map/WaterPoint.cpp[0m
[0m[38;5;2;1m[ 39%]:[0m [38;5;5;1m<smg-pc-game>[0m cache compiling.debug src/Game/Map/CollisionDirector.cpp[0m
[0m[38;5;2;1m[ 39%]:[0m [38;5;5;1m<smg-pc-game>[0m cache compiling.debug src/Game/Map/LightDataHolder.cpp[0m
[0m[38;5;2;1m[ 39%]:[0m [38;5;5;1m<smg-pc-game>[0m cache compiling.debug src/Game/Map/FileSelectFunc.cpp[0m
[0m[38;5;2;1m[ 39%]:[0m [38;5;5;1m<smg-pc-game>[0m cache compiling.debug src/Game/Map/RailPart.cpp[0m
[0m[38;5;2;1m[ 39%]:[0m [38;5;5;1m<smg-pc-game>[0m cache compiling.debug src/Game/Map/LightPointCtrl.cpp[0m
[0m[38;5;2;1m[ 39%]:[0m [38;5;5;1m<smg-pc-game>[0m cache compiling.debug src/Game/Map/NamePosHolder.cpp[0m
[0m[38;5;2;1m[ 39%]:[0m [38;5;5;1m<smg-pc-game>[0m cache compiling.debug src/Game/Map/Butterfly.cpp[0m
[0m[38;5;2;1m[ 39%]:[0m [38;5;5;1m<smg-pc-game>[0m cache compiling.debug src/Game/Map/LightZoneDataHolder.cpp[0m
[0m[38;5;2;1m[ 39%]:[0m [38;5;5;1m<smg-pc-game>[0m cache compiling.debug src/Game/Map/CollisionCode.cpp[0m
[0m[38;5;3;1msrc/Game/Map/OceanRing.cpp:216:9: warning: expression result unused [-Wunused-value]
  216 |         static_cast< f32 >(index);
      |         ^~~~~~~~~~~~~~~~~~~~~~~~~
1 warning generated.[0m
[0m[38;5;2;1m[ 39%]:[0m [38;5;5;1m<smg-pc-game>[0m cache compiling.debug src/Game/Map/OceanBowl.cpp[0m
[0m[38;5;2;1m[ 40%]:[0m [38;5;5;1m<smg-pc-game>[0m cache compiling.debug src/Game/Map/CollisionCategorizedKeeper.cpp[0m
[0m[38;5;3;1mIn file included from src/Game/Map/Sky.cpp:10:
src/Game/Util/Functor.hpp:114:105: warning: GCC does not allow 'noinline' attribute in this position on a function definition [-Wgcc-compat]
  114 |     static FunctorV1M< T*, void (T::*)(U), U > Functor(T* a1, void (T::*a2)(U), U arg_0) __attribute__((noinline)) {
      |                                                                                                         ^
1 warning generated.[0m
[0m[38;5;2;1m[ 40%]:[0m [38;5;5;1m<smg-pc-game>[0m cache compiling.debug src/Game/Map/GroupSwitchWatcher.cpp[0m
[0m[38;5;3;1mIn file included from src/Game/Map/SphereSelector.cpp:7:
In file included from src/Game/Util.hpp:18:
src/Game/Util/Functor.hpp:114:105: warning: GCC does not allow 'noinline' attribute in this position on a function definition [-Wgcc-compat]
  114 |     static FunctorV1M< T*, void (T::*)(U), U > Functor(T* a1, void (T::*a2)(U), U arg_0) __attribute__((noinline)) {
      |                                                                                                         ^
1 warning generated.[0m
[0m[38;5;2;1m[ 40%]:[0m [38;5;5;1m<smg-pc-game>[0m cache compiling.debug src/Game/Map/SphereSelectorHandle.cpp[0m
[0m[38;5;2;1m[ 40%]:[0m [38;5;5;1m<smg-pc-game>[0m cache compiling.debug src/Game/Map/Air.cpp[0m
[0m[38;5;2;1m[ 40%]:[0m [38;5;5;1m<smg-pc-game>[0m cache compiling.debug src/Game/Map/WhirlPoolAccelerator.cpp[0m
[0m[38;5;2;1m[ 40%]:[0m [38;5;5;1m<smg-pc-game>[0m cache compiling.debug src/Game/Map/SleepControllerHolder.cpp[0m
[0m[38;5;2;1m[ 40%]:[0m [38;5;5;1m<smg-pc-game>[0m cache compiling.debug src/Game/Map/OceanBowlPoint.cpp[0m
[0m[38;5;2;1m[ 40%]:[0m [38;5;5;1m<smg-pc-game>[0m cache compiling.debug src/Game/AreaObj/DepthOfFieldArea.cpp[0m
[0m[38;5;2;1m[ 40%]:[0m [38;5;5;1m<smg-pc-game>[0m cache compiling.debug src/Game/AreaObj/AreaForm.cpp[0m
[0m[38;5;2;1m[ 40%]:[0m [38;5;5;1m<smg-pc-game>[0m cache compiling.debug src/Game/AreaObj/WaterArea.cpp[0m
[0m[38;5;3;1mIn file included from src/Game/Map/WaterPoint.cpp:2:
In file included from src/Game/Util.hpp:18:
src/Game/Util/Functor.hpp:114:105: warning: GCC does not allow 'noinline' attribute in this position on a function definition [-Wgcc-compat]
  114 |     static FunctorV1M< T*, void (T::*)(U), U > Functor(T* a1, void (T::*a2)(U), U arg_0) __attribute__((noinline)) {
      |                                                                                                         ^
1 warning generated.[0m
[0m[38;5;2;1m[ 40%]:[0m [38;5;5;1m<smg-pc-game>[0m cache compiling.debug src/Game/AreaObj/MessageArea.cpp[0m
[0m[38;5;2;1m[ 40%]:[0m [38;5;5;1m<smg-pc-game>[0m cache compiling.debug src/Game/AreaObj/LightAreaHolder.cpp[0m
[0m[38;5;3;1msrc/Game/Map/BezierRail.cpp:29:5: warning: ignoring return value of function declared with 'nodiscard' attribute [-Wunused-result]
   29 |     pMapInfo->getValue(idx, pKey, pOut);
      |     ^~~~~~~~~~~~~~~~~~~~~~~~~~~~~~~~~~~
1 warning generated.[0m
[0m[38;5;2;1m[ 40%]:[0m [38;5;5;1m<smg-pc-game>[0m cache compiling.debug src/Game/AreaObj/ScreenBlurArea.cpp[0m
[0m[38;5;2;1m[ 40%]:[0m [38;5;5;1m<smg-pc-game>[0m cache compiling.debug src/Game/AreaObj/LightArea.cpp[0m
[0m[38;5;2;1m[ 41%]:[0m [38;5;5;1m<smg-pc-game>[0m cache compiling.debug src/Game/AreaObj/CameraRepulsiveArea.cpp[0m
[0m[38;5;2;1m[ 41%]:[0m [38;5;5;1m<smg-pc-game>[0m cache compiling.debug src/Game/AreaObj/AreaObj.cpp[0m
[0m[38;5;3;1msrc/Game/Map/CollisionCode.cpp:219:5: warning: ignoring return value of function declared with 'nodiscard' attribute [-Wunused-result]
  219 |     rIter.getValue< u32 >("camera_id", &id);
      |     ^~~~~~~~~~~~~~~~~~~~~~~~~~~~~~~~~~~~~~~
1 warning generated.[0m
[0m[38;5;2;1m[ 41%]:[0m [38;5;5;1m<smg-pc-game>[0m cache compiling.debug src/Game/AreaObj/CubeCamera.cpp[0m
[0m[38;5;2;1m[ 41%]:[0m [38;5;5;1m<smg-pc-game>[0m cache compiling.debug src/Game/AreaObj/SwitchArea.cpp[0m
[0m[38;5;2;1m[ 41%]:[0m [38;5;5;1m<smg-pc-game>[0m cache compiling.debug src/Game/AreaObj/MercatorTransformCube.cpp[0m
[0m[38;5;2;1m[ 41%]:[0m [38;5;5;1m<smg-pc-game>[0m cache compiling.debug src/Game/AreaObj/ImageEffectArea.cpp[0m
[0m[38;5;3;1mIn file included from src/Game/Map/SleepControllerHolder.cpp:7:
src/Game/Util/Functor.hpp:114:105: warning: GCC does not allow 'noinline' attribute in this position on a function definition [-Wgcc-compat]
  114 |     static FunctorV1M< T*, void (T::*)(U), U > Functor(T* a1, void (T::*a2)(U), U arg_0) __attribute__((noinline)) {
      |                                                                                                         ^
1 warning generated.[0m
[0m[38;5;2;1m[ 41%]:[0m [38;5;5;1m<smg-pc-game>[0m cache compiling.debug src/Game/AreaObj/WarpCube.cpp[0m
[0m[38;5;2;1m[ 41%]:[0m [38;5;5;1m<smg-pc-game>[0m cache compiling.debug src/Game/AreaObj/AreaObjContainer.cpp[0m
[0m[38;5;3;1mIn file included from src/Game/Map/Air.cpp:10:
src/Game/Util/Functor.hpp:114:105: warning: GCC does not allow 'noinline' attribute in this position on a function definition [-Wgcc-compat]
  114 |     static FunctorV1M< T*, void (T::*)(U), U > Functor(T* a1, void (T::*a2)(U), U arg_0) __attribute__((noinline)) {
      |                                                                                                         ^
src/Game/Map/Air.cpp:197:41: warning: expression result unused [-Wunused-value]
  197 |     for (; curAir != &mAirs[mAirCount]; *curAir++) {
      |                                         ^~~~~~~~~
2 warnings generated.[0m
[0m[38;5;2;1m[ 41%]:[0m [38;5;5;1m<smg-pc-game>[0m cache compiling.debug src/Game/AreaObj/AreaObjFollower.cpp[0m
[0m[38;5;3;1mIn file included from src/Game/Map/SphereSelectorHandle.cpp:6:
In file included from src/Game/Util.hpp:18:
src/Game/Util/Functor.hpp:114:105: warning: GCC does not allow 'noinline' attribute in this position on a function definition [-Wgcc-compat]
  114 |     static FunctorV1M< T*, void (T::*)(U), U > Functor(T* a1, void (T::*a2)(U), U arg_0) __attribute__((noinline)) {
      |                                                                                                         ^
1 warning generated.[0m
[0m[38;5;2;1m[ 41%]:[0m [38;5;5;1m<smg-pc-game>[0m cache compiling.debug src/Game/AreaObj/SimpleBloomArea.cpp[0m
[0m[38;5;3;1mIn file included from src/Game/Map/OceanBowl.cpp:7:
In file included from src/Game/Util.hpp:18:
src/Game/Util/Functor.hpp:114:105: warning: GCC does not allow 'noinline' attribute in this position on a function definition [-Wgcc-compat]
  114 |     static FunctorV1M< T*, void (T::*)(U), U > Functor(T* a1, void (T::*a2)(U), U arg_0) __attribute__((noinline)) {
      |                                                                                                         ^
1 warning generated.[0m
[0m[38;5;2;1m[ 41%]:[0m [38;5;5;1m<smg-pc-game>[0m cache compiling.debug src/Game/AreaObj/GlaringLightArea.cpp[0m
[0m[38;5;2;1m[ 41%]:[0m [38;5;5;1m<smg-pc-game>[0m cache compiling.debug src/Game/AreaObj/CollisionArea.cpp[0m
[0m[38;5;2;1m[ 41%]:[0m [38;5;5;1m<smg-pc-game>[0m cache compiling.debug src/Game/AreaObj/RestartCube.cpp[0m
[0m[38;5;2;1m[ 41%]:[0m [38;5;5;1m<smg-pc-game>[0m cache compiling.debug src/Game/AreaObj/BloomArea.cpp[0m
[0m[38;5;2;1m[ 42%]:[0m [38;5;5;1m<smg-pc-game>[0m cache compiling.debug src/Game/Screen/OneUpBoard.cpp[0m
[0m[38;5;2;1m[ 42%]:[0m [38;5;5;1m<smg-pc-game>[0m cache compiling.debug src/Game/Screen/ReplaceTagProcessor.cpp[0m
[0m[38;5;2;1m[ 42%]:[0m [38;5;5;1m<smg-pc-game>[0m cache compiling.debug src/Game/Screen/CaptureScreenDirector.cpp[0m
[0m[38;5;2;1m[ 42%]:[0m [38;5;5;1m<smg-pc-game>[0m cache compiling.debug src/Game/Screen/CinemaFrame.cpp[0m
[0m[38;5;2;1m[ 42%]:[0m [38;5;5;1m<smg-pc-game>[0m cache compiling.debug src/Game/Screen/SimpleLayout.cpp[0m
[0m[38;5;3;1mIn file included from src/Game/AreaObj/AreaObj.cpp:7:
src/Game/Util/Functor.hpp:114:105: warning: GCC does not allow 'noinline' attribute in this position on a function definition [-Wgcc-compat]
  114 |     static FunctorV1M< T*, void (T::*)(U), U > Functor(T* a1, void (T::*a2)(U), U arg_0) __attribute__((noinline)) {
      |                                                                                                         ^
1 warning generated.[0m
[0m[38;5;2;1m[ 42%]:[0m [38;5;5;1m<smg-pc-game>[0m cache compiling.debug src/Game/Screen/StarPointerCommandStream.cpp[0m
[0m[38;5;2;1m[ 42%]:[0m [38;5;5;1m<smg-pc-game>[0m cache compiling.debug src/Game/Screen/SystemWipeHolder.cpp[0m
[0m[38;5;2;1m[ 42%]:[0m [38;5;5;1m<smg-pc-game>[0m cache compiling.debug src/Game/Screen/CustomTagProcessor.cpp[0m
[0m[38;5;2;1m[ 42%]:[0m [38;5;5;1m<smg-pc-game>[0m cache compiling.debug src/Game/Screen/PurpleCoinCounter.cpp[0m
[0m[38;5;2;1m[ 42%]:[0m [38;5;5;1m<smg-pc-game>[0m cache compiling.debug src/Game/Screen/StarPointerController.cpp[0m
[0m[38;5;2;1m[ 42%]:[0m [38;5;5;1m<smg-pc-game>[0m cache compiling.debug src/Game/Screen/IsbnManager.cpp[0m
[0m[38;5;2;1m[ 42%]:[0m [38;5;5;1m<smg-pc-game>[0m cache compiling.debug src/Game/Screen/ImageEffectBase.cpp[0m
[0m[38;5;2;1m[ 42%]:[0m [38;5;5;1m<smg-pc-game>[0m cache compiling.debug src/Game/Screen/CameraInfo.cpp[0m
[0m[38;5;2;1m[ 42%]:[0m [38;5;5;1m<smg-pc-game>[0m cache compiling.debug src/Game/Screen/StarPointerGuidance.cpp[0m
[0m[38;5;2;1m[ 43%]:[0m [38;5;5;1m<smg-pc-game>[0m cache compiling.debug src/Game/Screen/ScreenBlurEffect.cpp[0m
[0m[38;5;3;1msrc/Game/AreaObj/WarpCube.cpp:111:5: warning: 'sprintf' is deprecated: This function is provided for compatibility reasons only.  Due to security concerns inherent in the design of sprintf(3), it is highly recommended that you use snprintf(3) instead. [-Wdeprecated-declarations]
  111 |     sprintf(eventName, (::smgpc::compat::cp932::EncodedLiteral<::smgpc::compat::cp932::Utf8Literal{"ワープカメラ %d-%c"}>::value.bytes), groupID, local118 + 65);
      |     ^
/Applications/Xcode.app/Contents/Developer/Platforms/MacOSX.platform/Developer/SDKs/MacOSX27.0.sdk/usr/include/_stdio.h:278:16: note: 'sprintf' has been explicitly marked deprecated here
  278 | __attribute__((__deprecated__("This function is provided for compatibility reasons only.  Due to security concerns inherent in the design of sprintf(3), it is highly recommended that you use snprintf(3) instead.")))
      |                ^
1 warning generated.[0m
[0m[38;5;2;1m[ 43%]:[0m [38;5;5;1m<smg-pc-game>[0m cache compiling.debug src/Game/Screen/FileSelectButton.cpp[0m
[0m[38;5;3;1mIn file included from src/Game/AreaObj/AreaForm.cpp:2:
In file included from src/Game/Util.hpp:18:
src/Game/Util/Functor.hpp:114:105: warning: GCC does not allow 'noinline' attribute in this position on a function definition [-Wgcc-compat]
  114 |     static FunctorV1M< T*, void (T::*)(U), U > Functor(T* a1, void (T::*a2)(U), U arg_0) __attribute__((noinline)) {
      |                                                                                                         ^
src/Game/AreaObj/AreaForm.cpp:164:5: warning: ignoring return value of function declared with 'nodiscard' attribute [-Wunused-result]
  164 |     rIter.getValue< f32 >("scale_x", &scale_x);
      |     ^~~~~~~~~~~~~~~~~~~~~~~~~~~~~~~~~~~~~~~~~~
src/Game/AreaObj/AreaForm.cpp:267:5: warning: ignoring return value of function declared with 'nodiscard' attribute [-Wunused-result]
  267 |     rIter.getValue< f32 >("scale_x", &scale_x);
      |     ^~~~~~~~~~~~~~~~~~~~~~~~~~~~~~~~~~~~~~~~~~
src/Game/AreaObj/AreaForm.cpp:291:5: warning: ignoring return value of function declared with 'nodiscard' attribute [-Wunused-result]
  291 |     rIter.getValue< f32 >("scale_x", &temp);
      |     ^~~~~~~~~~~~~~~~~~~~~~~~~~~~~~~~~~~~~~~
src/Game/AreaObj/AreaForm.cpp:296:5: warning: ignoring return value of function declared with 'nodiscard' attribute [-Wunused-result]
  296 |     rIter.getValue< f32 >("scale_y", &temp);[0m
[0m[38;5;2;1m[ 43%]:[0m [38;5;5;1m<smg-pc-game>[0m cache compiling.debug src/Game/Screen/ScreenPreserver.cpp[0m
[0m[38;5;2;1m[ 43%]:[0m [38;5;5;1m<smg-pc-game>[0m cache compiling.debug src/Game/Screen/StarPointerTarget.cpp[0m
[0m[38;5;2;1m[ 43%]:[0m [38;5;5;1m<smg-pc-game>[0m cache compiling.debug src/Game/Screen/LayoutGroupCtrl.cpp[0m
[0m[38;5;2;1m[ 43%]:[0m [38;5;5;1m<smg-pc-game>[0m cache compiling.debug src/Game/Screen/THPSimplePlayerWrapper.cpp[0m
[0m[38;5;2;1m[ 43%]:[0m [38;5;5;1m<smg-pc-game>[0m cache compiling.debug src/Game/Screen/MoviePlayingSequence.cpp[0m
[0m[38;5;2;1m[ 43%]:[0m [38;5;5;1m<smg-pc-game>[0m cache compiling.debug src/Game/Screen/PlayerMissLeft.cpp[0m
[0m[38;5;2;1m[ 43%]:[0m [38;5;5;1m<smg-pc-game>[0m cache compiling.debug src/Game/Screen/ImageEffectLocalUtil.cpp[0m
[0m[38;5;2;1m[ 43%]:[0m [38;5;5;1m<smg-pc-game>[0m cache compiling.debug src/Game/Screen/MiiSelect.cpp[0m
[0m[38;5;2;1m[ 43%]:[0m [38;5;5;1m<smg-pc-game>[0m cache compiling.debug src/Game/Screen/ProloguePictureBook.cpp[0m
[0m[38;5;2;1m[ 43%]:[0m [38;5;5;1m<smg-pc-game>[0m cache compiling.debug src/Game/Screen/Manual2P.cpp[0m
[0m[38;5;2;1m[ 43%]:[0m [38;5;5;1m<smg-pc-game>[0m cache compiling.debug src/Game/Screen/MarioSubMeter.cpp[0m
[0m[38;5;3;1mIn file included from src/Game/Screen/FileSelectButton.cpp:5:
src/Game/Util/Functor.hpp:114:105: warning: GCC does not allow 'noinline' attribute in this position on a function definition [-Wgcc-compat]
  114 |     static FunctorV1M< T*, void (T::*)(U), U > Functor(T* a1, void (T::*a2)(U), U arg_0) __attribute__((noinline)) {
      |                                                                                                         ^
1 warning generated.[0m
[0m[38;5;2;1m[ 43%]:[0m [38;5;5;1m<smg-pc-game>[0m cache compiling.debug src/Game/Screen/THPDraw.cpp[0m
[0m[38;5;2;1m[ 43%]:[0m [38;5;5;1m<smg-pc-game>[0m cache compiling.debug src/Game/Screen/LuigiLetter.cpp[0m
[0m[38;5;3;1mIn file included from src/Game/Screen/IsbnManager.cpp:4:
In file included from src/nw4r/lyt/layout.h:3:
In file included from src/nw4r/lyt/animation.h:3:
src/nw4r/lyt/common.h:14:28: warning: comparison of different enumeration types ('_GXTexFmt' (aka 'GXTexFmt') and 'GXCITexFmt') is deprecated [-Wdeprecated-enum-compare]
   14 |                 return fmt == GX_TF_C4 || fmt == GX_TF_C8 || fmt == GX_TF_C14X2;
      |                        ~~~ ^  ~~~~~~~~
src/nw4r/lyt/common.h:14:47: warning: comparison of different enumeration types ('_GXTexFmt' (aka 'GXTexFmt') and 'GXCITexFmt') is deprecated [-Wdeprecated-enum-compare]
   14 |                 return fmt == GX_TF_C4 || fmt == GX_TF_C8 || fmt == GX_TF_C14X2;
      |                                           ~~~ ^  ~~~~~~~~
src/nw4r/lyt/common.h:14:66: warning: comparison of different enumeration types ('_GXTexFmt' (aka 'GXTexFmt') and 'GXCITexFmt') is deprecated [-Wdeprecated-enum-compare]
   14 |                 return fmt == GX_TF_C4 || fmt == GX_TF_C8 || fmt == GX_TF_C14X2;
      |                                                              ~~~ ^  ~~~~~~~~~~~
In file included from src/Game/Screen/IsbnManager.cpp:4:
In file included from src/nw4r/lyt/layout.h:4:
In file included from src/nw4r/lyt/group.h:4:
src/nw4r/lyt/pane.h:37:37: warning: 'offsetof' on non-standard-layout type 'detail::PaneBase' [-Winvalid-offsetof][0m
[0m[38;5;2;1m[ 44%]:[0m [38;5;5;1m<smg-pc-game>[0m cache compiling.debug src/Game/Screen/PaneEffectKeeper.cpp[0m
[0m[38;5;2;1m[ 44%]:[0m [38;5;5;1m<smg-pc-game>[0m cache compiling.debug src/Game/Screen/PlayerLeft.cpp[0m
[0m[38;5;2;1m[ 44%]:[0m [38;5;5;1m<smg-pc-game>[0m cache compiling.debug src/Game/Screen/EncouragePal60Window.cpp[0m
[0m[38;5;2;1m[ 44%]:[0m [38;5;5;1m<smg-pc-game>[0m cache compiling.debug src/Game/Screen/MissLayout.cpp[0m
[0m[38;5;2;1m[ 44%]:[0m [38;5;5;1m<smg-pc-game>[0m cache compiling.debug src/Game/Screen/DepthOfFieldBlur.cpp[0m
[0m[38;5;2;1m[ 44%]:[0m [38;5;5;1m<smg-pc-game>[0m cache compiling.debug src/Game/Screen/WipeRing.cpp[0m
[0m[38;5;3;1mIn file included from src/Game/Screen/SystemWipeHolder.cpp:7:
In file included from src/Game/Util.hpp:18:
src/Game/Util/Functor.hpp:114:105: warning: GCC does not allow 'noinline' attribute in this position on a function definition [-Wgcc-compat]
  114 |     static FunctorV1M< T*, void (T::*)(U), U > Functor(T* a1, void (T::*a2)(U), U arg_0) __attribute__((noinline)) {
      |                                                                                                         ^
1 warning generated.[0m
[0m[38;5;2;1m[ 44%]:[0m [38;5;5;1m<smg-pc-game>[0m cache compiling.debug src/Game/Screen/GameSceneLayoutHolder.cpp[0m
[0m[38;5;3;1mIn file included from src/Game/Screen/StarPointerTarget.cpp:2:
In file included from src/Game/Screen/LayoutCoreUtil.hpp:4:
src/nw4r/lyt/pane.h:37:37: warning: 'offsetof' on non-standard-layout type 'detail::PaneBase' [-Winvalid-offsetof]
   37 |         typedef ut::LinkList< Pane, __builtin_offsetof(detail::PaneBase, mLink) > PaneList;
      |                                     ^                                    ~~~~~
In file included from src/Game/Screen/StarPointerTarget.cpp:2:
In file included from src/Game/Screen/LayoutCoreUtil.hpp:5:
In file included from src/nw4r/lyt/textBox.h:3:
src/nw4r/lyt/common.h:14:28: warning: comparison of different enumeration types ('_GXTexFmt' (aka 'GXTexFmt') and 'GXCITexFmt') is deprecated [-Wdeprecated-enum-compare]
   14 |                 return fmt == GX_TF_C4 || fmt == GX_TF_C8 || fmt == GX_TF_C14X2;
      |                        ~~~ ^  ~~~~~~~~
src/nw4r/lyt/common.h:14:47: warning: comparison of different enumeration types ('_GXTexFmt' (aka 'GXTexFmt') and 'GXCITexFmt') is deprecated [-Wdeprecated-enum-compare]
   14 |                 return fmt == GX_TF_C4 || fmt == GX_TF_C8 || fmt == GX_TF_C14X2;
      |                                           ~~~ ^  ~~~~~~~~
src/nw4r/lyt/common.h:14:66: warning: comparison of different enumeration types ('_GXTexFmt' (aka 'GXTexFmt') and 'GXCITexFmt') is deprecated [-Wdeprecated-enum-compare]
   14 |                 return fmt == GX_TF_C4 || fmt == GX_TF_C8 || fmt == GX_TF_C14X2;[0m
[0m[38;5;2;1m[ 44%]:[0m [38;5;5;1m<smg-pc-game>[0m cache compiling.debug src/Game/Screen/BatteryInfo.cpp[0m
[0m[38;5;3;1mIn file included from src/Game/Screen/CustomTagProcessor.cpp:1:
In file included from src/Game/Screen/CustomTagProcessor.hpp:4:
In file included from src/nw4r/lyt/textBox.h:3:
src/nw4r/lyt/common.h:14:28: warning: comparison of different enumeration types ('_GXTexFmt' (aka 'GXTexFmt') and 'GXCITexFmt') is deprecated [-Wdeprecated-enum-compare]
   14 |                 return fmt == GX_TF_C4 || fmt == GX_TF_C8 || fmt == GX_TF_C14X2;
      |                        ~~~ ^  ~~~~~~~~
src/nw4r/lyt/common.h:14:47: warning: comparison of different enumeration types ('_GXTexFmt' (aka 'GXTexFmt') and 'GXCITexFmt') is deprecated [-Wdeprecated-enum-compare]
   14 |                 return fmt == GX_TF_C4 || fmt == GX_TF_C8 || fmt == GX_TF_C14X2;
      |                                           ~~~ ^  ~~~~~~~~
src/nw4r/lyt/common.h:14:66: warning: comparison of different enumeration types ('_GXTexFmt' (aka 'GXTexFmt') and 'GXCITexFmt') is deprecated [-Wdeprecated-enum-compare]
   14 |                 return fmt == GX_TF_C4 || fmt == GX_TF_C8 || fmt == GX_TF_C14X2;
      |                                                              ~~~ ^  ~~~~~~~~~~~
In file included from src/Game/Screen/CustomTagProcessor.cpp:1:
In file included from src/Game/Screen/CustomTagProcessor.hpp:4:
In file included from src/nw4r/lyt/textBox.h:4:
src/nw4r/lyt/pane.h:37:37: warning: 'offsetof' on non-standard-layout type 'detail::PaneBase' [-Winvalid-offsetof][0m
[0m[38;5;2;1m[ 44%]:[0m [38;5;5;1m<smg-pc-game>[0m cache compiling.debug src/Game/Screen/CopyFilterNegater.cpp[0m
[0m[38;5;3;1mIn file included from src/Game/Screen/LayoutGroupCtrl.cpp:4:
In file included from src/nw4r/lyt/group.h:4:
src/nw4r/lyt/pane.h:37:37: warning: 'offsetof' on non-standard-layout type 'detail::PaneBase' [-Winvalid-offsetof]
   37 |         typedef ut::LinkList< Pane, __builtin_offsetof(detail::PaneBase, mLink) > PaneList;
      |                                     ^                                    ~~~~~
In file included from src/Game/Screen/LayoutGroupCtrl.cpp:4:
src/nw4r/lyt/group.h:55:37: warning: 'offsetof' on non-standard-layout type 'Group' [-Winvalid-offsetof]
   55 |         typedef ut::LinkList<Group, __builtin_offsetof(Group, mLink)> GroupList;
      |                                     ^                         ~~~~~
2 warnings generated.[0m
[0m[38;5;2;1m[ 44%]:[0m [38;5;5;1m<smg-pc-game>[0m cache compiling.debug src/Game/Screen/ScenarioSelectLayout.cpp[0m
[0m[38;5;2;1m[ 44%]:[0m [38;5;5;1m<smg-pc-game>[0m cache compiling.debug src/Game/Screen/StarCounter.cpp[0m
[0m[38;5;2;1m[ 44%]:[0m [38;5;5;1m<smg-pc-game>[0m cache compiling.debug src/Game/Screen/WipeHolderBase.cpp[0m
[0m[38;5;2;1m[ 44%]:[0m [38;5;5;1m<smg-pc-game>[0m cache compiling.debug src/Game/Screen/StaffRoll.cpp[0m
[0m[38;5;2;1m[ 44%]:[0m [38;5;5;1m<smg-pc-game>[0m cache compiling.debug src/Game/Screen/BloomEffectSimple.cpp[0m
[0m[38;5;2;1m[ 45%]:[0m [38;5;5;1m<smg-pc-game>[0m cache compiling.debug src/Game/Screen/BrosButton.cpp[0m
[0m[38;5;2;1m[ 45%]:[0m [38;5;5;1m<smg-pc-game>[0m cache compiling.debug src/Game/Screen/PrologueLetter.cpp[0m
[0m[38;5;2;1m[ 45%]:[0m [38;5;5;1m<smg-pc-game>[0m cache compiling.debug src/Game/Screen/ButtonPaneController.cpp[0m
[0m[38;5;2;1m[ 45%]:[0m [38;5;5;1m<smg-pc-game>[0m cache compiling.debug src/Game/Screen/SuddenDeathMeter.cpp[0m
[0m[38;5;2;1m[ 45%]:[0m [38;5;5;1m<smg-pc-game>[0m cache compiling.debug src/Game/Screen/CountUpPaneRumbler.cpp[0m
[0m[38;5;2;1m[ 45%]:[0m [38;5;5;1m<smg-pc-game>[0m cache compiling.debug src/Game/Screen/WipeKoopa.cpp[0m
[0m[38;5;2;1m[ 45%]:[0m [38;5;5;1m<smg-pc-game>[0m cache compiling.debug src/Game/Screen/InformationObserver.cpp[0m
[0m[38;5;2;1m[ 45%]:[0m [38;5;5;1m<smg-pc-game>[0m cache compiling.debug src/Game/Screen/StarPieceCounter.cpp[0m
[0m[38;5;3;1msrc/Game/Screen/MoviePlayingSequence.cpp:176:76: warning: GCC does not allow 'noinline' attribute in this position on a function definition [-Wgcc-compat]
  176 |     const char* getMovieName(const MoviePlayingInfo* pInfo) __attribute__((noinline)) {
      |                                                                            ^
1 warning generated.[0m
[0m[38;5;2;1m[ 45%]:[0m [38;5;5;1m<smg-pc-game>[0m cache compiling.debug src/Game/Screen/TimeLimitLayout.cpp[0m
[0m[38;5;2;1m[ 45%]:[0m [38;5;5;1m<smg-pc-game>[0m cache compiling.debug src/Game/Screen/MarioMeter.cpp[0m
[0m[38;5;2;1m[ 45%]:[0m [38;5;5;1m<smg-pc-game>[0m cache compiling.debug src/Game/Screen/ImageEffectResource.cpp[0m
[0m[38;5;2;1m[ 45%]:[0m [38;5;5;1m<smg-pc-game>[0m cache compiling.debug src/Game/Screen/GamePauseSequence.cpp[0m
[0m[38;5;3;1mIn file included from src/Game/Screen/ImageEffectLocalUtil.cpp:7:
src/Game/Util/Functor.hpp:114:105: warning: GCC does not allow 'noinline' attribute in this position on a function definition [-Wgcc-compat]
  114 |     static FunctorV1M< T*, void (T::*)(U), U > Functor(T* a1, void (T::*a2)(U), U arg_0) __attribute__((noinline)) {
      |                                                                                                         ^
1 warning generated.[0m
[0m[38;5;2;1m[ 45%]:[0m [38;5;5;1m<smg-pc-game>[0m cache compiling.debug src/Game/Screen/LensFlare.cpp[0m
[0m[38;5;2;1m[ 45%]:[0m [38;5;5;1m<smg-pc-game>[0m cache compiling.debug src/Game/Screen/LayoutManager.cpp[0m
[0m[38;5;2;1m[ 46%]:[0m [38;5;5;1m<smg-pc-game>[0m cache compiling.debug src/Game/Screen/GalaxyMapGalaxyPlain.cpp[0m
[0m[38;5;2;1m[ 46%]:[0m [38;5;5;1m<smg-pc-game>[0m cache compiling.debug src/Game/Screen/InformationMessage.cpp[0m
[0m[38;5;2;1m[ 46%]:[0m [38;5;5;1m<smg-pc-game>[0m cache compiling.debug src/Game/Screen/ImageEffectSystemHolder.cpp[0m
[0m[38;5;2;1m[ 46%]:[0m [38;5;5;1m<smg-pc-game>[0m cache compiling.debug src/Game/Screen/MovieSubtitles.cpp[0m
[0m[38;5;2;1m[ 46%]:[0m [38;5;5;1m<smg-pc-game>[0m cache compiling.debug src/Game/Screen/YesNoController.cpp[0m
[0m[38;5;2;1m[ 46%]:[0m [38;5;5;1m<smg-pc-game>[0m cache compiling.debug src/Game/Screen/IconAButton.cpp[0m
[0m[38;5;2;1m[ 46%]:[0m [38;5;5;1m<smg-pc-game>[0m cache compiling.debug src/Game/Screen/YesNoLayout.cpp[0m
[0m[38;5;2;1m[ 46%]:[0m [38;5;5;1m<smg-pc-game>[0m cache compiling.debug src/Game/Screen/TitleSequenceProduct.cpp[0m
[0m[38;5;2;1m[ 46%]:[0m [38;5;5;1m<smg-pc-game>[0m cache compiling.debug src/Game/Screen/MeterLayout.cpp[0m
[0m[38;5;2;1m[ 46%]:[0m [38;5;5;1m<smg-pc-game>[0m cache compiling.debug src/Game/Screen/ScenarioTitle.cpp[0m
[0m[38;5;2;1m[ 46%]:[0m [38;5;5;1m<smg-pc-game>[0m cache compiling.debug src/Game/Screen/LayoutCoreUtil.cpp[0m
[0m[38;5;2;1m[ 46%]:[0m [38;5;5;1m<smg-pc-game>[0m cache compiling.debug src/Game/Screen/ScreenAlphaCapture.cpp[0m
[0m[38;5;3;1mIn file included from src/Game/Screen/LayoutManager.cpp:2:
In file included from src/Game/Screen/LayoutCoreUtil.hpp:4:
src/nw4r/lyt/pane.h:37:37: warning: 'offsetof' on non-standard-layout type 'detail::PaneBase' [-Winvalid-offsetof]
   37 |         typedef ut::LinkList< Pane, __builtin_offsetof(detail::PaneBase, mLink) > PaneList;
      |                                     ^                                    ~~~~~
In file included from src/Game/Screen/LayoutManager.cpp:2:
In file included from src/Game/Screen/LayoutCoreUtil.hpp:5:
In file included from src/nw4r/lyt/textBox.h:3:
src/nw4r/lyt/common.h:14:28: warning: comparison of different enumeration types ('_GXTexFmt' (aka 'GXTexFmt') and 'GXCITexFmt') is deprecated [-Wdeprecated-enum-compare]
   14 |                 return fmt == GX_TF_C4 || fmt == GX_TF_C8 || fmt == GX_TF_C14X2;
      |                        ~~~ ^  ~~~~~~~~
src/nw4r/lyt/common.h:14:47: warning: comparison of different enumeration types ('_GXTexFmt' (aka 'GXTexFmt') and 'GXCITexFmt') is deprecated [-Wdeprecated-enum-compare]
   14 |                 return fmt == GX_TF_C4 || fmt == GX_TF_C8 || fmt == GX_TF_C14X2;
      |                                           ~~~ ^  ~~~~~~~~
src/nw4r/lyt/common.h:14:66: warning: comparison of different enumeration types ('_GXTexFmt' (aka 'GXTexFmt') and 'GXCITexFmt') is deprecated [-Wdeprecated-enum-compare]
   14 |                 return fmt == GX_TF_C4 || fmt == GX_TF_C8 || fmt == GX_TF_C14X2;[0m
[0m[38;5;2;1m[ 46%]:[0m [38;5;5;1m<smg-pc-game>[0m cache compiling.debug src/Game/Screen/MessageTagSkipTagProcessor.cpp[0m
[0m[38;5;2;1m[ 46%]:[0m [38;5;5;1m<smg-pc-game>[0m cache compiling.debug src/Game/Screen/CoinCounter.cpp[0m
[0m[38;5;2;1m[ 47%]:[0m [38;5;5;1m<smg-pc-game>[0m cache compiling.debug src/Game/Screen/CounterLayoutAppearer.cpp[0m
[0m[38;5;2;1m[ 47%]:[0m [38;5;5;1m<smg-pc-game>[0m cache compiling.debug src/Game/Screen/MovieSubtitlesDataTable.cpp[0m
[0m[38;5;3;1mIn file included from src/Game/Screen/GamePauseSequence.cpp:12:
src/Game/Util/Functor.hpp:114:105: warning: GCC does not allow 'noinline' attribute in this position on a function definition [-Wgcc-compat]
  114 |     static FunctorV1M< T*, void (T::*)(U), U > Functor(T* a1, void (T::*a2)(U), U arg_0) __attribute__((noinline)) {
      |                                                                                                         ^
1 warning generated.[0m
[0m[38;5;2;1m[ 47%]:[0m [38;5;5;1m<smg-pc-game>[0m cache compiling.debug src/Game/Screen/GalaxyCometScreenFilter.cpp[0m
[0m[38;5;2;1m[ 47%]:[0m [38;5;5;1m<smg-pc-game>[0m cache compiling.debug src/Game/Screen/ImageEffectDirector.cpp[0m
[0m[38;5;2;1m[ 47%]:[0m [38;5;5;1m<smg-pc-game>[0m cache compiling.debug src/Game/Screen/SysInfoWindow.cpp[0m
[0m[38;5;2;1m[ 47%]:[0m [38;5;5;1m<smg-pc-game>[0m cache compiling.debug src/Game/Screen/ImageEffectState.cpp[0m
[0m[38;5;2;1m[ 47%]:[0m [38;5;5;1m<smg-pc-game>[0m cache compiling.debug src/Game/Screen/BloomEffect.cpp[0m
[0m[38;5;2;1m[ 47%]:[0m [38;5;5;1m<smg-pc-game>[0m cache compiling.debug src/Game/Screen/CenterScreenBlur.cpp[0m
[0m[38;5;2;1m[ 47%]:[0m [38;5;5;1m<smg-pc-game>[0m cache compiling.debug src/Game/Screen/PictureBookLayout.cpp[0m
[0m[38;5;2;1m[ 47%]:[0m [38;5;5;1m<smg-pc-game>[0m cache compiling.debug src/Game/Screen/WipeGameOver.cpp[0m
[0m[38;5;2;1m[ 47%]:[0m [38;5;5;1m<smg-pc-game>[0m cache compiling.debug src/Game/Screen/WipeFade.cpp[0m
[0m[38;5;2;1m[ 47%]:[0m [38;5;5;1m<smg-pc-game>[0m cache compiling.debug src/Game/Screen/MoviePlayerSimple.cpp[0m
[0m[38;5;2;1m[ 47%]:[0m [38;5;5;1m<smg-pc-game>[0m cache compiling.debug src/Game/Screen/WaterCameraFilter.cpp[0m
[0m[38;5;2;1m[ 47%]:[0m [38;5;5;1m<smg-pc-game>[0m cache compiling.debug src/Game/Screen/PauseMenu.cpp[0m
[0m[38;5;3;1msrc/Game/Screen/CoinCounter.cpp:104:23: warning: ISO C++11 does not allow conversion from string literal to 'char *' [-Wwritable-strings]
  104 |     char* pPaneName = "Position001";
      |                       ^
src/Game/Screen/CoinCounter.cpp:107:21: warning: ISO C++11 does not allow conversion from string literal to 'char *' [-Wwritable-strings]
  107 |         pPaneName = "Position100";
      |                     ^
src/Game/Screen/CoinCounter.cpp:109:21: warning: ISO C++11 does not allow conversion from string literal to 'char *' [-Wwritable-strings]
  109 |         pPaneName = "Position010";
      |                     ^
3 warnings generated.[0m
[0m[38;5;2;1m[ 48%]:[0m [38;5;5;1m<smg-pc-game>[0m cache compiling.debug src/Game/Screen/GameStageClearSequence.cpp[0m
[0m[38;5;3;1mIn file included from src/Game/Screen/LayoutCoreUtil.cpp:1:
In file included from src/Game/Screen/LayoutCoreUtil.hpp:4:
src/nw4r/lyt/pane.h:37:37: warning: 'offsetof' on non-standard-layout type 'detail::PaneBase' [-Winvalid-offsetof]
   37 |         typedef ut::LinkList< Pane, __builtin_offsetof(detail::PaneBase, mLink) > PaneList;
      |                                     ^                                    ~~~~~
In file included from src/Game/Screen/LayoutCoreUtil.cpp:1:
In file included from src/Game/Screen/LayoutCoreUtil.hpp:5:
In file included from src/nw4r/lyt/textBox.h:3:
src/nw4r/lyt/common.h:14:28: warning: comparison of different enumeration types ('_GXTexFmt' (aka 'GXTexFmt') and 'GXCITexFmt') is deprecated [-Wdeprecated-enum-compare]
   14 |                 return fmt == GX_TF_C4 || fmt == GX_TF_C8 || fmt == GX_TF_C14X2;
      |                        ~~~ ^  ~~~~~~~~
src/nw4r/lyt/common.h:14:47: warning: comparison of different enumeration types ('_GXTexFmt' (aka 'GXTexFmt') and 'GXCITexFmt') is deprecated [-Wdeprecated-enum-compare]
   14 |                 return fmt == GX_TF_C4 || fmt == GX_TF_C8 || fmt == GX_TF_C14X2;
      |                                           ~~~ ^  ~~~~~~~~
src/nw4r/lyt/common.h:14:66: warning: comparison of different enumeration types ('_GXTexFmt' (aka 'GXTexFmt') and 'GXCITexFmt') is deprecated [-Wdeprecated-enum-compare]
   14 |                 return fmt == GX_TF_C4 || fmt == GX_TF_C8 || fmt == GX_TF_C14X2;[0m
[0m[38;5;2;1m[ 48%]:[0m [38;5;5;1m<smg-pc-game>[0m cache compiling.debug src/Game/Screen/SaveIcon.cpp[0m
[0m[38;5;2;1m[ 48%]:[0m [38;5;5;1m<smg-pc-game>[0m cache compiling.debug src/Game/Screen/StarPointerLayout.cpp[0m
[0m[38;5;2;1m[ 48%]:[0m [38;5;5;1m<smg-pc-game>[0m cache compiling.debug src/Game/Screen/SubMeterLayout.cpp[0m
[0m[38;5;2;1m[ 48%]:[0m [38;5;5;1m<smg-pc-game>[0m cache compiling.debug src/Game/Screen/MiiConfirmIcon.cpp[0m
[0m[38;5;2;1m[ 48%]:[0m [38;5;5;1m<smg-pc-game>[0m cache compiling.debug src/Game/Screen/LogoFader.cpp[0m
[0m[38;5;2;1m[ 48%]:[0m [38;5;5;1m<smg-pc-game>[0m cache compiling.debug src/Game/Screen/StarPointerBlur.cpp[0m
[0m[38;5;2;1m[ 48%]:[0m [38;5;5;1m<smg-pc-game>[0m cache compiling.debug src/Game/Screen/NoteCounter.cpp[0m
[0m[38;5;2;1m[ 48%]:[0m [38;5;5;1m<smg-pc-game>[0m cache compiling.debug src/Game/Screen/CounterLayoutController.cpp[0m
[0m[38;5;3;1mIn file included from src/Game/Screen/ImageEffectDirector.cpp:14:
In file included from src/Game/Util.hpp:18:
src/Game/Util/Functor.hpp:114:105: warning: GCC does not allow 'noinline' attribute in this position on a function definition [-Wgcc-compat]
  114 |     static FunctorV1M< T*, void (T::*)(U), U > Functor(T* a1, void (T::*a2)(U), U arg_0) __attribute__((noinline)) {
      |                                                                                                         ^
1 warning generated.[0m
[0m[38;5;2;1m[ 48%]:[0m [38;5;5;1m<smg-pc-game>[0m cache compiling.debug src/Game/Screen/FileSelectNumber.cpp[0m
[0m[38;5;2;1m[ 48%]:[0m [38;5;5;1m<smg-pc-game>[0m cache compiling.debug src/Game/Screen/BackButton.cpp[0m
[0m[38;5;2;1m[ 48%]:[0m [38;5;5;1m<smg-pc-game>[0m cache compiling.debug src/Game/Screen/ErrorMessageWindow.cpp[0m
[0m[38;5;2;1m[ 48%]:[0m [38;5;5;1m<smg-pc-game>[0m cache compiling.debug src/Game/Screen/SceneWipeHolder.cpp[0m
[0m[38;5;2;1m[ 48%]:[0m [38;5;5;1m<smg-pc-game>[0m cache compiling.debug src/Game/Screen/PictureBookCloseButton.cpp[0m
[0m[38;5;2;1m[ 49%]:[0m [38;5;5;1m<smg-pc-game>[0m cache compiling.debug src/Game/NameObj/MovementOnOffGroupHolder.cpp[0m
[0m[38;5;2;1m[ 49%]:[0m [38;5;5;1m<smg-pc-game>[0m cache compiling.debug src/Game/NameObj/NameObjCategoryList.cpp[0m
[0m[38;5;2;1m[ 49%]:[0m [38;5;5;1m<smg-pc-game>[0m cache compiling.debug src/Game/NameObj/NameObjAdaptor.cpp[0m
[0m[38;5;2;1m[ 49%]:[0m [38;5;5;1m<smg-pc-game>[0m cache compiling.debug src/Game/NameObj/NameObjRegister.cpp[0m
[0m[38;5;2;1m[ 49%]:[0m [38;5;5;1m<smg-pc-game>[0m cache compiling.debug src/Game/NameObj/NameObjListExecutor.cpp[0m
[0m[38;5;2;1m[ 49%]:[0m [38;5;5;1m<smg-pc-game>[0m cache compiling.debug src/Game/NameObj/NameObjFinder.cpp[0m
[0m[38;5;2;1m[ 49%]:[0m [38;5;5;1m<smg-pc-game>[0m cache compiling.debug src/Game/NameObj/NameObjGroup.cpp[0m
[0m[38;5;2;1m[ 49%]:[0m [38;5;5;1m<smg-pc-game>[0m cache compiling.debug src/Game/NameObj/NameObj.cpp[0m
[0m[38;5;2;1m[ 49%]:[0m [38;5;5;1m<smg-pc-game>[0m cache compiling.debug src/Game/NameObj/NameObjHolder.cpp[0m
[0m[38;5;2;1m[ 49%]:[0m [38;5;5;1m<smg-pc-game>[0m cache compiling.debug src/Game/NameObj/NameObjArchiveListCollector.cpp[0m
[0m[38;5;3;1mIn file included from src/Game/Screen/SubMeterLayout.cpp:2:
In file included from src/Game/Util.hpp:18:
src/Game/Util/Functor.hpp:114:105: warning: GCC does not allow 'noinline' attribute in this position on a function definition [-Wgcc-compat]
  114 |     static FunctorV1M< T*, void (T::*)(U), U > Functor(T* a1, void (T::*a2)(U), U arg_0) __attribute__((noinline)) {
      |                                                                                                         ^
1 warning generated.[0m
[0m[38;5;2;1m[ 49%]:[0m [38;5;5;1m<smg-pc-game>[0m cache compiling.debug src/Game/Scene/StageResourceLoader.cpp[0m
[0m[38;5;2;1m[ 49%]:[0m [38;5;5;1m<smg-pc-game>[0m cache compiling.debug src/Game/Scene/SceneFactory.cpp[0m
[0m[38;5;2;1m[ 49%]:[0m [38;5;5;1m<smg-pc-game>[0m cache compiling.debug src/Game/Scene/StageFileLoader.cpp[0m
[0m[38;5;2;1m[ 49%]:[0m [38;5;5;1m<smg-pc-game>[0m cache compiling.debug src/Game/Scene/Scene.cpp[0m
[0m[38;5;3;1mIn file included from src/Game/Screen/StarPointerLayout.cpp:4:
In file included from src/Game/Screen/LayoutCoreUtil.hpp:4:
src/nw4r/lyt/pane.h:37:37: warning: 'offsetof' on non-standard-layout type 'detail::PaneBase' [-Winvalid-offsetof]
   37 |         typedef ut::LinkList< Pane, __builtin_offsetof(detail::PaneBase, mLink) > PaneList;
      |                                     ^                                    ~~~~~
In file included from src/Game/Screen/StarPointerLayout.cpp:4:
In file included from src/Game/Screen/LayoutCoreUtil.hpp:5:
In file included from src/nw4r/lyt/textBox.h:3:
src/nw4r/lyt/common.h:14:28: warning: comparison of different enumeration types ('_GXTexFmt' (aka 'GXTexFmt') and 'GXCITexFmt') is deprecated [-Wdeprecated-enum-compare]
   14 |                 return fmt == GX_TF_C4 || fmt == GX_TF_C8 || fmt == GX_TF_C14X2;
      |                        ~~~ ^  ~~~~~~~~
src/nw4r/lyt/common.h:14:47: warning: comparison of different enumeration types ('_GXTexFmt' (aka 'GXTexFmt') and 'GXCITexFmt') is deprecated [-Wdeprecated-enum-compare]
   14 |                 return fmt == GX_TF_C4 || fmt == GX_TF_C8 || fmt == GX_TF_C14X2;
      |                                           ~~~ ^  ~~~~~~~~
src/nw4r/lyt/common.h:14:66: warning: comparison of different enumeration types ('_GXTexFmt' (aka 'GXTexFmt') and 'GXCITexFmt') is deprecated [-Wdeprecated-enum-compare]
   14 |                 return fmt == GX_TF_C4 || fmt == GX_TF_C8 || fmt == GX_TF_C14X2;[0m
[0m[38;5;2;1m[ 50%]:[0m [38;5;5;1m<smg-pc-game>[0m cache compiling.debug src/Game/Scene/IntermissionScene.cpp[0m
[0m[38;5;2;1m[ 50%]:[0m [38;5;5;1m<smg-pc-game>[0m cache compiling.debug src/Game/Scene/SceneNameObjMovementController.cpp[0m
[0m[38;5;2;1m[ 50%]:[0m [38;5;5;1m<smg-pc-game>[0m cache compiling.debug src/Game/Scene/PlayTimerScene.cpp[0m
[0m[38;5;2;1m[ 50%]:[0m [38;5;5;1m<smg-pc-game>[0m cache compiling.debug src/Game/Scene/GameSceneFunction.cpp[0m
[0m[38;5;2;1m[ 50%]:[0m [38;5;5;1m<smg-pc-game>[0m cache compiling.debug src/Game/Scene/StageDataHolder.cpp[0m
[0m[38;5;2;1m[ 50%]:[0m [38;5;5;1m<smg-pc-game>[0m cache compiling.debug src/Game/Scene/GameScenePauseControl.cpp[0m
[0m[38;5;2;1m[ 50%]:[0m [38;5;5;1m<smg-pc-game>[0m cache compiling.debug src/Game/Scene/PlacementStateChecker.cpp[0m
[0m[38;5;3;1mIn file included from src/Game/NameObj/NameObjAdaptor.cpp:2:
src/Game/Util/Functor.hpp:114:105: warning: GCC does not allow 'noinline' attribute in this position on a function definition [-Wgcc-compat]
  114 |     static FunctorV1M< T*, void (T::*)(U), U > Functor(T* a1, void (T::*a2)(U), U arg_0) __attribute__((noinline)) {
      |                                                                                                         ^
1 warning generated.[0m
[0m[38;5;2;1m[ 50%]:[0m [38;5;5;1m<smg-pc-game>[0m cache compiling.debug src/Game/Scene/MultiSceneActor.cpp[0m
[0m[38;5;3;1mIn file included from src/Game/NameObj/NameObjCategoryList.cpp:2:
src/Game/Util/Functor.hpp:114:105: warning: GCC does not allow 'noinline' attribute in this position on a function definition [-Wgcc-compat]
  114 |     static FunctorV1M< T*, void (T::*)(U), U > Functor(T* a1, void (T::*a2)(U), U arg_0) __attribute__((noinline)) {
      |                                                                                                         ^
1 warning generated.[0m
[0m[38;5;2;1m[ 50%]:[0m [38;5;5;1m<smg-pc-game>[0m cache compiling.debug src/Game/Scene/ScenePlayingResult.cpp[0m
[0m[38;5;2;1m[ 50%]:[0m [38;5;5;1m<smg-pc-game>[0m cache compiling.debug src/Game/Scene/MultiSceneEffectKeeper.cpp[0m
[0m[38;5;2;1m[ 50%]:[0m [38;5;5;1m<smg-pc-game>[0m cache compiling.debug src/Game/Scene/SceneNameObjListExecutor.cpp[0m
[0m[38;5;2;1m[ 50%]:[0m [38;5;5;1m<smg-pc-game>[0m cache compiling.debug src/Game/Scene/GameScene.cpp[0m
[0m[38;5;2;1m[ 50%]:[0m [38;5;5;1m<smg-pc-game>[0m cache compiling.debug src/Game/Scene/GameSceneScenarioOpeningCameraState.cpp[0m
[0m[38;5;2;1m[ 50%]:[0m [38;5;5;1m<smg-pc-game>[0m cache compiling.debug src/Game/Scene/StopSceneController.cpp[0m
[0m[38;5;2;1m[ 51%]:[0m [38;5;5;1m<smg-pc-game>[0m cache compiling.debug src/Game/Scene/SceneDataInitializer.cpp[0m
[0m[38;5;2;1m[ 51%]:[0m [38;5;5;1m<smg-pc-game>[0m cache compiling.debug src/Game/Scene/PlacementInfoOrdered.cpp[0m
[0m[38;5;2;1m[ 51%]:[0m [38;5;5;1m<smg-pc-game>[0m cache compiling.debug src/Game/Scene/SceneExecutor.cpp[0m
[0m[38;5;2;1m[ 51%]:[0m [38;5;5;1m<smg-pc-game>[0m cache compiling.debug src/Game/Scene/ScenarioSelectScene.cpp[0m
[0m[38;5;2;1m[ 51%]:[0m [38;5;5;1m<smg-pc-game>[0m cache compiling.debug src/Game/Scene/LogoScene.cpp[0m
[0m[38;5;2;1m[ 51%]:[0m [38;5;5;1m<smg-pc-game>[0m cache compiling.debug src/Game/NPC/TurnJointCtrl.cpp[0m
[0m[38;5;2;1m[ 51%]:[0m [38;5;5;1m<smg-pc-game>[0m cache compiling.debug src/Game/NPC/TalkMessageCtrl.cpp[0m
[0m[38;5;3;1mIn file included from src/Game/Scene/StageFileLoader.cpp:3:
In file included from src/Game/Util.hpp:18:
src/Game/Util/Functor.hpp:114:105: warning: GCC does not allow 'noinline' attribute in this position on a function definition [-Wgcc-compat]
  114 |     static FunctorV1M< T*, void (T::*)(U), U > Functor(T* a1, void (T::*a2)(U), U arg_0) __attribute__((noinline)) {
      |                                                                                                         ^
1 warning generated.[0m
[0m[38;5;2;1m[ 51%]:[0m [38;5;5;1m<smg-pc-game>[0m cache compiling.debug src/Game/NPC/NPCActor.cpp[0m
[0m[38;5;3;1msrc/Game/Scene/GameSceneFunction.cpp:8:46: warning: GCC does not allow 'noinline' attribute in this position on a function definition [-Wgcc-compat]
    8 |     GameScene* getGameScene() __attribute__((noinline)) {
      |                                              ^
1 warning generated.[0m
[0m[38;5;2;1m[ 51%]:[0m [38;5;5;1m<smg-pc-game>[0m cache compiling.debug src/Game/NPC/RunawayTico.cpp[0m
[0m[38;5;2;1m[ 51%]:[0m [38;5;5;1m<smg-pc-game>[0m cache compiling.debug src/Game/NPC/TalkBalloon.cpp[0m
[0m[38;5;2;1m[ 51%]:[0m [38;5;5;1m<smg-pc-game>[0m cache compiling.debug src/Game/NPC/NPCParameter.cpp[0m
[0m[38;5;2;1m[ 51%]:[0m [38;5;5;1m<smg-pc-game>[0m cache compiling.debug src/Game/NPC/TalkMessageInfo.cpp[0m
[0m[38;5;3;1msrc/Game/Scene/StageDataHolder.cpp:322:37: warning: trigraph ignored [-Wtrigraphs]
  322 |     return mArchive->getResource('????', pName);
      |                                     ^
src/Game/Scene/StageDataHolder.cpp:465:89: warning: trigraph ignored [-Wtrigraphs]
  465 |     void* tableFile = MR::receiveArchive("/StageData/ObjNameTable.arc")->getResource('????', "ObjNameTable.tbl");
      |                                                                                         ^
2 warnings generated.
src/Game/Scene/StageDataHolder.cpp:24:74: warning: GCC does not allow 'noinline' attribute in this position on a function definition [-Wgcc-compat]
   24 |     static bool isPrioPlacementObjInfo(const char* pName) __attribute__((noinline)) {
      |                                                                          ^
src/Game/Scene/StageDataHolder.cpp:29:118: warning: GCC does not allow 'noinline' attribute in this position on a function definition [-Wgcc-compat]
   29 |     static void calcPlacementInfoNum(int* a1, int* a2, const MR::AssignableArray< JMapInfo >& rArray) __attribute__((noinline)) {
      |                                                                                                                      ^
src/Game/Scene/StageDataHolder.cpp:59:115: warning: GCC does not allow 'noinline' attribute in this position on a function definition [-Wgcc-compat]
   59 |                                                     const MR::AssignableArray< JMapInfo >& rArray) __attribute__((noinline)) {
      |                                                                                                                   ^[0m
[0m[38;5;2;1m[ 51%]:[0m [38;5;5;1m<smg-pc-game>[0m cache compiling.debug src/Game/NPC/NPCDirector.cpp[0m
[0m[38;5;2;1m[ 51%]:[0m [38;5;5;1m<smg-pc-game>[0m cache compiling.debug src/Game/NPC/RunawayRabbitCollect.cpp[0m
[0m[38;5;2;1m[ 51%]:[0m [38;5;5;1m<smg-pc-game>[0m cache compiling.debug src/Game/NPC/RosettaDemoEpilogue.cpp[0m
[0m[38;5;3;1msrc/Game/Scene/ScenePlayingResult.cpp:17:83: warning: GCC does not allow 'noinline' attribute in this position on a function definition [-Wgcc-compat]
   17 |     void requestOneUpIfNeed(int prevNum, int currNum, int stepNum) __attribute__((noinline)) {
      |                                                                                   ^
1 warning generated.[0m
[0m[38;5;2;1m[ 52%]:[0m [38;5;5;1m<smg-pc-game>[0m cache compiling.debug src/Game/NPC/TimeAttackEventKeeper.cpp[0m
[0m[38;5;3;1msrc/Game/Scene/PlacementInfoOrdered.cpp:13:100: warning: GCC does not allow 'noinline' attribute in this position on a function definition [-Wgcc-compat]
   13 |     CreationFuncPtr getCreator(const PlacementInfoOrdered::Identifier& rIdentifier) __attribute__((noinline)) {
      |                                                                                                    ^
1 warning generated.[0m
[0m[38;5;2;1m[ 52%]:[0m [38;5;5;1m<smg-pc-game>[0m cache compiling.debug src/Game/NPC/TalkSupportPlayerWatcher.cpp[0m
[0m[38;5;2;1m[ 52%]:[0m [38;5;5;1m<smg-pc-game>[0m cache compiling.debug src/Game/NPC/PowerStarEventKeeper.cpp[0m
[0m[38;5;3;1mIn file included from src/Game/Scene/SceneExecutor.cpp:9:
In file included from src/Game/Util.hpp:18:
src/Game/Util/Functor.hpp:114:105: warning: GCC does not allow 'noinline' attribute in this position on a function definition [-Wgcc-compat]
  114 |     static FunctorV1M< T*, void (T::*)(U), U > Functor(T* a1, void (T::*a2)(U), U arg_0) __attribute__((noinline)) {
      |                                                                                                         ^
1 warning generated.[0m
[0m[38;5;2;1m[ 52%]:[0m [38;5;5;1m<smg-pc-game>[0m cache compiling.debug src/Game/NPC/TalkState.cpp[0m
[0m[38;5;2;1m[ 52%]:[0m [38;5;5;1m<smg-pc-game>[0m cache compiling.debug src/Game/NPC/TalkDirector.cpp[0m
[0m[38;5;2;1m[ 52%]:[0m [38;5;5;1m<smg-pc-game>[0m cache compiling.debug src/Game/NPC/EventDirector.cpp[0m
[0m[38;5;2;1m[ 52%]:[0m [38;5;5;1m<smg-pc-game>[0m cache compiling.debug src/Game/NPC/TicoDemoGetPower.cpp[0m
[0m[38;5;2;1m[ 52%]:[0m [38;5;5;1m<smg-pc-game>[0m cache compiling.debug src/Game/NPC/CometEventKeeper.cpp[0m
[0m[38;5;2;1m[ 52%]:[0m [38;5;5;1m<smg-pc-game>[0m cache compiling.debug src/Game/NPC/NPCFunction.cpp[0m
[0m[38;5;3;1mIn file included from src/Game/NPC/RunawayTico.cpp:6:
In file included from src/Game/Util.hpp:18:
src/Game/Util/Functor.hpp:114:105: warning: GCC does not allow 'noinline' attribute in this position on a function definition [-Wgcc-compat]
  114 |     static FunctorV1M< T*, void (T::*)(U), U > Functor(T* a1, void (T::*a2)(U), U arg_0) __attribute__((noinline)) {
      |                                                                                                         ^
1 warning generated.[0m
[0m[38;5;2;1m[ 52%]:[0m [38;5;5;1m<smg-pc-game>[0m cache compiling.debug src/Game/NPC/RosettaDemoAstroDome.cpp[0m
[0m[38;5;2;1m[ 52%]:[0m [38;5;5;1m<smg-pc-game>[0m cache compiling.debug src/Game/NPC/TrickRabbitUtil.cpp[0m
[0m[38;5;2;1m[ 52%]:[0m [38;5;5;1m<smg-pc-game>[0m cache compiling.debug src/Game/NPC/RosettaDemoHeavensDoor.cpp[0m
[0m[38;5;2;1m[ 52%]:[0m [38;5;5;1m<smg-pc-game>[0m cache compiling.debug src/Game/NPC/RunawayRabbit.cpp[0m
[0m[38;5;3;1mIn file included from src/Game/Scene/GameScene.cpp:37:
src/Game/Util/Functor.hpp:114:105: warning: GCC does not allow 'noinline' attribute in this position on a function definition [-Wgcc-compat]
  114 |     static FunctorV1M< T*, void (T::*)(U), U > Functor(T* a1, void (T::*a2)(U), U arg_0) __attribute__((noinline)) {
      |                                                                                                         ^
1 warning generated.[0m
[0m[38;5;2;1m[ 52%]:[0m [38;5;5;1m<smg-pc-game>[0m cache compiling.debug src/Game/NPC/CometEventExecutorTimeLimit.cpp[0m
[0m[38;5;2;1m[ 53%]:[0m [38;5;5;1m<smg-pc-game>[0m cache compiling.debug src/Game/NPC/TalkTextFormer.cpp[0m
[0m[38;5;2;1m[ 53%]:[0m [38;5;5;1m<smg-pc-game>[0m cache compiling.debug src/Game/NPC/Rosetta.cpp[0m
[0m[38;5;3;1msrc/Game/NPC/NPCParameter.cpp:13:5: warning: ignoring return value of function declared with 'nodiscard' attribute [-Wunused-result]
   13 |     pInfo->getValue(a2, mName, _8);
      |     ^~~~~~~~~~~~~~~~~~~~~~~~~~~~~~
src/Game/NPC/NPCParameter.cpp:20:5: warning: ignoring return value of function declared with 'nodiscard' attribute [-Wunused-result]
   20 |     pInfo->getValue(a2, mName, _8);
      |     ^~~~~~~~~~~~~~~~~~~~~~~~~~~~~~
src/Game/NPC/NPCParameter.cpp:31:5: warning: ignoring return value of function declared with 'nodiscard' attribute [-Wunused-result]
   31 |     pInfo->getValue(a2, str, &_8->x);
      |     ^~~~~~~~~~~~~~~~~~~~~~~~~~~~~~~~
src/Game/NPC/NPCParameter.cpp:33:5: warning: ignoring return value of function declared with 'nodiscard' attribute [-Wunused-result]
   33 |     pInfo->getValue(a2, str, &_8->y);
      |     ^~~~~~~~~~~~~~~~~~~~~~~~~~~~~~~~
src/Game/NPC/NPCParameter.cpp:35:5: warning: ignoring return value of function declared with 'nodiscard' attribute [-Wunused-result]
   35 |     pInfo->getValue(a2, str, &_8->z);
      |     ^~~~~~~~~~~~~~~~~~~~~~~~~~~~~~~~
src/Game/NPC/NPCParameter.cpp:76:5: warning: ignoring return value of function declared with 'nodiscard' attribute [-Wunused-result][0m
[0m[38;5;2;1m[ 53%]:[0m [38;5;5;1m<smg-pc-game>[0m cache compiling.debug src/Game/NPC/StageStateKeeper.cpp[0m
[0m[38;5;2;1m[ 53%]:[0m [38;5;5;1m<smg-pc-game>[0m cache compiling.debug src/Game/NPC/TalkNodeCtrl.cpp[0m
[0m[38;5;2;1m[ 53%]:[0m [38;5;5;1m<smg-pc-game>[0m cache compiling.debug src/Game/NPC/Tico.cpp[0m
[0m[38;5;2;1m[ 53%]:[0m [38;5;5;1m<smg-pc-game>[0m cache compiling.debug src/Game/NPC/DemoRabbit.cpp[0m
[0m[38;5;3;1mIn file included from src/Game/NPC/RosettaDemoEpilogue.cpp:8:
src/Game/Util/Functor.hpp:114:105: warning: GCC does not allow 'noinline' attribute in this position on a function definition [-Wgcc-compat]
  114 |     static FunctorV1M< T*, void (T::*)(U), U > Functor(T* a1, void (T::*a2)(U), U arg_0) __attribute__((noinline)) {
      |                                                                                                         ^
1 warning generated.[0m
[0m[38;5;2;1m[ 53%]:[0m [38;5;5;1m<smg-pc-game>[0m cache compiling.debug src/Game/Player/DrawAdaptor.cpp[0m
[0m[38;5;3;1msrc/Game/NPC/PowerStarEventKeeper.cpp:138:145: warning: GCC does not allow 'noinline' attribute in this position on a function definition [-Wgcc-compat]
  138 | void PowerStarEventKeeper::requestAppearPowerStar(const char* pName, s32 starNum, const TVec3f* pPos, bool forceAppear, bool a2) __attribute__((noinline)) {
      |                                                                                                                                                 ^
1 warning generated.[0m
[0m[38;5;2;1m[ 53%]:[0m [38;5;5;1m<smg-pc-game>[0m cache compiling.debug src/Game/Player/MarioSearchLight.cpp[0m
[0m[38;5;2;1m[ 53%]:[0m [38;5;5;1m<smg-pc-game>[0m cache compiling.debug src/Game/Player/MarioMove2D.cpp[0m
[0m[38;5;2;1m[ 53%]:[0m [38;5;5;1m<smg-pc-game>[0m cache compiling.debug src/Game/Player/MarioAnimationEfx.cpp[0m
[0m[38;5;2;1m[ 53%]:[0m [38;5;5;1m<smg-pc-game>[0m cache compiling.debug src/Game/Player/MarioActorEye.cpp[0m
[0m[38;5;2;1m[ 53%]:[0m [38;5;5;1m<smg-pc-game>[0m cache compiling.debug src/Game/Player/MarioActorInit.cpp[0m
[0m[38;5;2;1m[ 53%]:[0m [38;5;5;1m<smg-pc-game>[0m cache compiling.debug src/Game/Player/MarioMove.cpp[0m
[0m[38;5;3;1msrc/Game/NPC/TalkDirector.cpp:409:59: warning: 'offsetof' on non-standard-layout type 'TalkDirector' [-Winvalid-offsetof]
  409 |     return reinterpret_cast< const unsigned char* >(this)[__builtin_offsetof(TalkDirector, mIsKinopioExplorerRescued) + arg] != 0;
      |                                                           ^                                ~~~~~~~~~~~~~~~~~~~~~~~~~
1 warning generated.[0m
[0m[38;5;2;1m[ 53%]:[0m [38;5;5;1m<smg-pc-game>[0m cache compiling.debug src/Game/Player/TornadoMario.cpp[0m
[0m[38;5;3;1mIn file included from src/Game/NPC/TicoDemoGetPower.cpp:8:
src/Game/Util/Functor.hpp:114:105: warning: GCC does not allow 'noinline' attribute in this position on a function definition [-Wgcc-compat]
  114 |     static FunctorV1M< T*, void (T::*)(U), U > Functor(T* a1, void (T::*a2)(U), U arg_0) __attribute__((noinline)) {
      |                                                                                                         ^
1 warning generated.[0m
[0m[38;5;2;1m[ 54%]:[0m [38;5;5;1m<smg-pc-game>[0m cache compiling.debug src/Game/Player/MarioActorWipe.cpp[0m
[0m[38;5;3;1mIn file included from src/Game/NPC/RosettaDemoAstroDome.cpp:11:
src/Game/Util/Functor.hpp:114:105: warning: GCC does not allow 'noinline' attribute in this position on a function definition [-Wgcc-compat]
  114 |     static FunctorV1M< T*, void (T::*)(U), U > Functor(T* a1, void (T::*a2)(U), U arg_0) __attribute__((noinline)) {
      |                                                                                                         ^
1 warning generated.[0m
[0m[38;5;2;1m[ 54%]:[0m [38;5;5;1m<smg-pc-game>[0m cache compiling.debug src/Game/Player/MarioMessenger.cpp[0m
[0m[38;5;2;1m[ 54%]:[0m [38;5;5;1m<smg-pc-game>[0m cache compiling.debug src/Game/Player/MarioAnimator.cpp[0m
[0m[38;5;3;1mIn file included from src/Game/NPC/RosettaDemoHeavensDoor.cpp:8:
In file included from src/Game/Util.hpp:18:
src/Game/Util/Functor.hpp:114:105: warning: GCC does not allow 'noinline' attribute in this position on a function definition [-Wgcc-compat]
  114 |     static FunctorV1M< T*, void (T::*)(U), U > Functor(T* a1, void (T::*a2)(U), U arg_0) __attribute__((noinline)) {
      |                                                                                                         ^
1 warning generated.[0m
[0m[38;5;2;1m[ 54%]:[0m [38;5;5;1m<smg-pc-game>[0m cache compiling.debug src/Game/Player/MarioFaint.cpp[0m
[0m[38;5;2;1m[ 54%]:[0m [38;5;5;1m<smg-pc-game>[0m cache compiling.debug src/Game/Player/MarioStep.cpp[0m
[0m[38;5;2;1m[ 54%]:[0m [38;5;5;1m<smg-pc-game>[0m cache compiling.debug src/Game/Player/MarioHang.cpp[0m
[0m[38;5;3;1mIn file included from src/Game/NPC/RunawayRabbit.cpp:10:
In file included from src/Game/Util.hpp:18:
src/Game/Util/Functor.hpp:114:105: warning: GCC does not allow 'noinline' attribute in this position on a function definition [-Wgcc-compat]
  114 |     static FunctorV1M< T*, void (T::*)(U), U > Functor(T* a1, void (T::*a2)(U), U arg_0) __attribute__((noinline)) {
      |                                                                                                         ^
1 warning generated.[0m
[0m[38;5;2;1m[ 54%]:[0m [38;5;5;1m<smg-pc-game>[0m cache compiling.debug src/Game/Player/MarioConst.cpp[0m
[0m[38;5;3;1mIn file included from src/Game/NPC/TalkTextFormer.cpp:7:
In file included from src/Game/Screen/CustomTagProcessor.hpp:4:
In file included from src/nw4r/lyt/textBox.h:3:
src/nw4r/lyt/common.h:14:28: warning: comparison of different enumeration types ('_GXTexFmt' (aka 'GXTexFmt') and 'GXCITexFmt') is deprecated [-Wdeprecated-enum-compare]
   14 |                 return fmt == GX_TF_C4 || fmt == GX_TF_C8 || fmt == GX_TF_C14X2;
      |                        ~~~ ^  ~~~~~~~~
src/nw4r/lyt/common.h:14:47: warning: comparison of different enumeration types ('_GXTexFmt' (aka 'GXTexFmt') and 'GXCITexFmt') is deprecated [-Wdeprecated-enum-compare]
   14 |                 return fmt == GX_TF_C4 || fmt == GX_TF_C8 || fmt == GX_TF_C14X2;
      |                                           ~~~ ^  ~~~~~~~~
src/nw4r/lyt/common.h:14:66: warning: comparison of different enumeration types ('_GXTexFmt' (aka 'GXTexFmt') and 'GXCITexFmt') is deprecated [-Wdeprecated-enum-compare]
   14 |                 return fmt == GX_TF_C4 || fmt == GX_TF_C8 || fmt == GX_TF_C14X2;
      |                                                              ~~~ ^  ~~~~~~~~~~~
In file included from src/Game/NPC/TalkTextFormer.cpp:7:
In file included from src/Game/Screen/CustomTagProcessor.hpp:4:
In file included from src/nw4r/lyt/textBox.h:4:
src/nw4r/lyt/pane.h:37:37: warning: 'offsetof' on non-standard-layout type 'detail::PaneBase' [-Winvalid-offsetof][0m
[0m[38;5;2;1m[ 54%]:[0m [38;5;5;1m<smg-pc-game>[0m cache compiling.debug src/Game/Player/MarioActorSpecialDraw.cpp[0m
[0m[38;5;3;1mIn file included from src/Game/NPC/Rosetta.cpp:11:
In file included from src/Game/Util.hpp:18:
src/Game/Util/Functor.hpp:114:105: warning: GCC does not allow 'noinline' attribute in this position on a function definition [-Wgcc-compat]
  114 |     static FunctorV1M< T*, void (T::*)(U), U > Functor(T* a1, void (T::*a2)(U), U arg_0) __attribute__((noinline)) {
      |                                                                                                         ^
1 warning generated.[0m
[0m[38;5;2;1m[ 54%]:[0m [38;5;5;1m<smg-pc-game>[0m cache compiling.debug src/Game/Player/MarioNullBck.cpp[0m
[0m[38;5;2;1m[ 54%]:[0m [38;5;5;1m<smg-pc-game>[0m cache compiling.debug src/Game/Player/MarioActorGameOver.cpp[0m
[0m[38;5;2;1m[ 54%]:[0m [38;5;5;1m<smg-pc-game>[0m cache compiling.debug src/Game/Player/MarioDamageFreeze.cpp[0m
[0m[38;5;3;1mIn file included from src/Game/Player/DrawAdaptor.cpp:2:
In file included from src/Game/Player/DrawAdaptor.hpp:4:
src/Game/Util/Functor.hpp:114:105: warning: GCC does not allow 'noinline' attribute in this position on a function definition [-Wgcc-compat]
  114 |     static FunctorV1M< T*, void (T::*)(U), U > Functor(T* a1, void (T::*a2)(U), U arg_0) __attribute__((noinline)) {
      |                                                                                                         ^
1 warning generated.[0m
[0m[38;5;2;1m[ 54%]:[0m [38;5;5;1m<smg-pc-game>[0m cache compiling.debug src/Game/Player/Mario.cpp[0m
[0m[38;5;2;1m[ 54%]:[0m [38;5;5;1m<smg-pc-game>[0m cache compiling.debug src/Game/Player/MarioMove25D.cpp[0m
[0m[38;5;2;1m[ 54%]:[0m [38;5;5;1m<smg-pc-game>[0m cache compiling.debug src/Game/Player/MarioTask.cpp[0m
[0m[38;5;2;1m[ 55%]:[0m [38;5;5;1m<smg-pc-game>[0m cache compiling.debug src/Game/Player/PlayerEventDown.cpp[0m
[0m[38;5;3;1mIn file included from src/Game/NPC/DemoRabbit.cpp:5:
In file included from src/Game/Util.hpp:18:
src/Game/Util/Functor.hpp:114:105: warning: GCC does not allow 'noinline' attribute in this position on a function definition [-Wgcc-compat]
  114 |     static FunctorV1M< T*, void (T::*)(U), U > Functor(T* a1, void (T::*a2)(U), U arg_0) __attribute__((noinline)) {
      |                                                                                                         ^
1 warning generated.[0m
[0m[38;5;2;1m[ 55%]:[0m [38;5;5;1m<smg-pc-game>[0m cache compiling.debug src/Game/Player/MarioShadow.cpp[0m
[0m[38;5;2;1m[ 55%]:[0m [38;5;5;1m<smg-pc-game>[0m cache compiling.debug src/Game/Player/MarioBump.cpp[0m
[0m[38;5;2;1m[ 55%]:[0m [38;5;5;1m<smg-pc-game>[0m cache compiling.debug src/Game/Player/JetTurtleShadow.cpp[0m
[0m[38;5;3;1mIn file included from src/Game/Player/MarioSearchLight.cpp:4:
In file included from src/Game/Player/DrawAdaptor.hpp:4:
src/Game/Util/Functor.hpp:114:105: warning: GCC does not allow 'noinline' attribute in this position on a function definition [-Wgcc-compat]
  114 |     static FunctorV1M< T*, void (T::*)(U), U > Functor(T* a1, void (T::*a2)(U), U arg_0) __attribute__((noinline)) {
      |                                                                                                         ^
1 warning generated.[0m
[0m[38;5;2;1m[ 55%]:[0m [38;5;5;1m<smg-pc-game>[0m cache compiling.debug src/Game/Player/MarineSnow.cpp[0m
[0m[38;5;2;1m[ 55%]:[0m [38;5;5;1m<smg-pc-game>[0m cache compiling.debug src/Game/Player/MarioSlip.cpp[0m
[0m[38;5;2;1m[ 55%]:[0m [38;5;5;1m<smg-pc-game>[0m cache compiling.debug src/Game/Player/MarioSkate.cpp[0m
[0m[38;5;2;1m[ 55%]:[0m [38;5;5;1m<smg-pc-game>[0m cache compiling.debug src/Game/Player/J3DModelX.cpp[0m
[0m[38;5;3;1msrc/Game/Player/MarioMove.cpp:19:5: warning: ignoring return value of function declared with 'nodiscard' attribute [-Wunused-result]
   19 |     vec - vec2;
      |     ^~~~~~~~~~
src/Game/Player/MarioMove.cpp:899:5: warning: ignoring return value of function declared with 'nodiscard' attribute [-Wunused-result]
  899 |     moveDir.dot(mHeadVec);
      |     ^~~~~~~~~~~~~~~~~~~~~
2 warnings generated.[0m
[0m[38;5;2;1m[ 55%]:[0m [38;5;5;1m<smg-pc-game>[0m cache compiling.debug src/Game/Player/MarioWarp.cpp[0m
[0m[38;5;2;1m[ 55%]:[0m [38;5;5;1m<smg-pc-game>[0m cache compiling.debug src/Game/Player/MarioJump.cpp[0m
[0m[38;5;2;1m[ 55%]:[0m [38;5;5;1m<smg-pc-game>[0m cache compiling.debug src/Game/Player/MarioMapCode.cpp[0m
[0m[38;5;3;1mIn file included from src/Game/Player/MarioAnimator.cpp:4:
In file included from src/Game/Animation/XanimeCore.hpp:3:
In file included from src/JSystem/J3DGraphAnimator/J3DJoint.hpp:4:
In file included from src/JSystem/J3DGraphBase/J3DMaterial.hpp:3:
src/JSystem/J3DGraphBase/J3DMatBlock.hpp:248:35: warning: result of comparison of constant 65535 with expression of type 'const u8' (aka 'const unsigned char') is always false [-Wtautological-constant-out-of-range-compare]
  248 |         u32 ambSrc = info.mAmbSrc == 0xFFFF ? 0 : info.mAmbSrc;
      |                      ~~~~~~~~~~~~ ^  ~~~~~~
1 warning generated.[0m
[0m[38;5;2;1m[ 55%]:[0m [38;5;5;1m<smg-pc-game>[0m cache compiling.debug src/Game/Player/PlayerEvent.cpp[0m
[0m[38;5;2;1m[ 55%]:[0m [38;5;5;1m<smg-pc-game>[0m cache compiling.debug src/Game/Player/MarioActorShadow.cpp[0m
[0m[38;5;2;1m[ 55%]:[0m [38;5;5;1m<smg-pc-game>[0m cache compiling.debug src/Game/Player/MarioInit.cpp[0m
[0m[38;5;2;1m[ 56%]:[0m [38;5;5;1m<smg-pc-game>[0m cache compiling.debug src/Game/Player/MarioActorHand.cpp[0m
[0m[38;5;2;1m[ 56%]:[0m [38;5;5;1m<smg-pc-game>[0m cache compiling.debug src/Game/Player/MarioDamageCrush.cpp[0m
[0m[38;5;2;1m[ 56%]:[0m [38;5;5;1m<smg-pc-game>[0m cache compiling.debug src/Game/Player/MarioRecovery.cpp[0m
[0m[38;5;2;1m[ 56%]:[0m [38;5;5;1m<smg-pc-game>[0m cache compiling.debug src/Game/Player/MarioDamage.cpp[0m
[0m[38;5;2;1m[ 56%]:[0m [38;5;5;1m<smg-pc-game>[0m cache compiling.debug src/Game/Player/MarioStick.cpp[0m
[0m[38;5;2;1m[ 56%]:[0m [38;5;5;1m<smg-pc-game>[0m cache compiling.debug src/Game/Player/MarioActorCamera.cpp[0m
[0m[38;5;2;1m[ 56%]:[0m [38;5;5;1m<smg-pc-game>[0m cache compiling.debug src/Game/Player/MarioSound.cpp[0m
[0m[38;5;2;1m[ 56%]:[0m [38;5;5;1m<smg-pc-game>[0m cache compiling.debug src/Game/Player/MarioModule.cpp[0m
[0m[38;5;2;1m[ 56%]:[0m [38;5;5;1m<smg-pc-game>[0m cache compiling.debug src/Game/Player/ModelHolder.cpp[0m
[0m[38;5;2;1m[ 56%]:[0m [38;5;5;1m<smg-pc-game>[0m cache compiling.debug src/Game/Player/MatrixControl.cpp[0m
[0m[38;5;3;1mIn file included from src/Game/Player/J3DModelX.cpp:12:
In file included from src/JSystem/J3DGraphBase/J3DMaterial.hpp:3:
src/JSystem/J3DGraphBase/J3DMatBlock.hpp:248:35: warning: result of comparison of constant 65535 with expression of type 'const u8' (aka 'const unsigned char') is always false [-Wtautological-constant-out-of-range-compare]
  248 |         u32 ambSrc = info.mAmbSrc == 0xFFFF ? 0 : info.mAmbSrc;
      |                      ~~~~~~~~~~~~ ^  ~~~~~~
1 warning generated.[0m
[0m[38;5;2;1m[ 56%]:[0m [38;5;5;1m<smg-pc-game>[0m cache compiling.debug src/Game/Player/MarioActorDraw.cpp[0m
[0m[38;5;3;1mIn file included from src/Game/Player/Mario.cpp:47:
In file included from src/Game/Util.hpp:18:
src/Game/Util/Functor.hpp:114:105: warning: GCC does not allow 'noinline' attribute in this position on a function definition [-Wgcc-compat]
  114 |     static FunctorV1M< T*, void (T::*)(U), U > Functor(T* a1, void (T::*a2)(U), U arg_0) __attribute__((noinline)) {
      |                                                                                                         ^
1 warning generated.[0m
[0m[38;5;2;1m[ 56%]:[0m [38;5;5;1m<smg-pc-game>[0m cache compiling.debug src/Game/Player/MarioBee.cpp[0m
[0m[38;5;2;1m[ 56%]:[0m [38;5;5;1m<smg-pc-game>[0m cache compiling.debug src/Game/Player/MarioEnforce.cpp[0m
[0m[38;5;2;1m[ 56%]:[0m [38;5;5;1m<smg-pc-game>[0m cache compiling.debug src/Game/Player/MarioTalk.cpp[0m
[0m[38;5;2;1m[ 57%]:[0m [38;5;5;1m<smg-pc-game>[0m cache compiling.debug src/Game/Player/PlayerEventFireDown.cpp[0m
[0m[38;5;2;1m[ 57%]:[0m [38;5;5;1m<smg-pc-game>[0m cache compiling.debug src/Game/Player/MarioFpView.cpp[0m
[0m[38;5;2;1m[ 57%]:[0m [38;5;5;1m<smg-pc-game>[0m cache compiling.debug src/Game/Player/MarioClimb.cpp[0m
[0m[38;5;2;1m[ 57%]:[0m [38;5;5;1m<smg-pc-game>[0m cache compiling.debug src/Game/Player/MarioState.cpp[0m
[0m[38;5;2;1m[ 57%]:[0m [38;5;5;1m<smg-pc-game>[0m cache compiling.debug src/Game/Player/MarioActorRushMsg.cpp[0m
[0m[38;5;2;1m[ 57%]:[0m [38;5;5;1m<smg-pc-game>[0m cache compiling.debug src/Game/Player/MarioActor.cpp[0m
[0m[38;5;2;1m[ 57%]:[0m [38;5;5;1m<smg-pc-game>[0m cache compiling.debug src/Game/Player/MarioBlown.cpp[0m
[0m[38;5;2;1m[ 57%]:[0m [38;5;5;1m<smg-pc-game>[0m cache compiling.debug src/Game/Player/MarioParts.cpp[0m
[0m[38;5;2;1m[ 57%]:[0m [38;5;5;1m<smg-pc-game>[0m cache compiling.debug src/Game/Player/MarioActorDefensiveMsg.cpp[0m
[0m[38;5;2;1m[ 57%]:[0m [38;5;5;1m<smg-pc-game>[0m cache compiling.debug src/Game/Player/PlayerEventGameOver.cpp[0m
[0m[38;5;2;1m[ 57%]:[0m [38;5;5;1m<smg-pc-game>[0m cache compiling.debug src/Game/Player/MarioFrontStep.cpp[0m
[0m[38;5;2;1m[ 57%]:[0m [38;5;5;1m<smg-pc-game>[0m cache compiling.debug src/Game/Player/MarioSwim.cpp[0m
[0m[38;5;3;1msrc/Game/Player/MarioJump.cpp:1034:50: warning: GCC does not allow 'noinline' attribute in this position on a function definition [-Wgcc-compat]
 1034 | bool Mario::isDigitalJump() const __attribute__((noinline)) {
      |                                                  ^
1 warning generated.[0m
[0m[38;5;2;1m[ 57%]:[0m [38;5;5;1m<smg-pc-game>[0m cache compiling.debug src/Game/Player/MarioActorRush.cpp[0m
[0m[38;5;3;1mIn file included from src/Game/Player/MarioModule.cpp:3:
In file included from src/Game/Animation/XanimeCore.hpp:3:
In file included from src/JSystem/J3DGraphAnimator/J3DJoint.hpp:4:
In file included from src/JSystem/J3DGraphBase/J3DMaterial.hpp:3:
src/JSystem/J3DGraphBase/J3DMatBlock.hpp:248:35: warning: result of comparison of constant 65535 with expression of type 'const u8' (aka 'const unsigned char') is always false [-Wtautological-constant-out-of-range-compare]
  248 |         u32 ambSrc = info.mAmbSrc == 0xFFFF ? 0 : info.mAmbSrc;
      |                      ~~~~~~~~~~~~ ^  ~~~~~~
1 warning generated.[0m
[0m[38;5;2;1m[ 57%]:[0m [38;5;5;1m<smg-pc-game>[0m cache compiling.debug src/Game/Player/MarioSideStep.cpp[0m
[0m[38;5;2;1m[ 58%]:[0m [38;5;5;1m<smg-pc-game>[0m cache compiling.debug src/Game/Player/MarioActorMorph.cpp[0m
[0m[38;5;2;1m[ 58%]:[0m [38;5;5;1m<smg-pc-game>[0m cache compiling.debug src/Game/Player/MarioHolder.cpp[0m
[0m[38;5;3;1msrc/Game/Player/MarioBee.cpp:175:25: warning: ignoring return value of function declared with 'nodiscard' attribute [-Wunused-result]
  175 |                         jumpDirection.dot(getWorldPadDir());
      |                         ^~~~~~~~~~~~~~~~~~~~~~~~~~~~~~~~~~~
1 warning generated.[0m
[0m[38;5;2;1m[ 58%]:[0m [38;5;5;1m<smg-pc-game>[0m cache compiling.debug src/Game/Player/FireMarioBall.cpp[0m
[0m[38;5;2;1m[ 58%]:[0m [38;5;5;1m<smg-pc-game>[0m cache compiling.debug src/Game/Player/MarioFlow.cpp[0m
[0m[38;5;2;1m[ 58%]:[0m [38;5;5;1m<smg-pc-game>[0m cache compiling.debug src/Game/Player/MarioTeresa.cpp[0m
[0m[38;5;2;1m[ 58%]:[0m [38;5;5;1m<smg-pc-game>[0m cache compiling.debug src/Game/Player/MarioActorPunch.cpp[0m
[0m[38;5;2;1m[ 58%]:[0m [38;5;5;1m<smg-pc-game>[0m cache compiling.debug src/Game/Player/GroupChecker.cpp[0m
[0m[38;5;3;1mIn file included from src/Game/Player/MarioActorDraw.cpp:2:
In file included from src/JSystem/J3DGraphAnimator/J3DJoint.hpp:4:
In file included from src/JSystem/J3DGraphBase/J3DMaterial.hpp:3:
src/JSystem/J3DGraphBase/J3DMatBlock.hpp:248:35: warning: result of comparison of constant 65535 with expression of type 'const u8' (aka 'const unsigned char') is always false [-Wtautological-constant-out-of-range-compare]
  248 |         u32 ambSrc = info.mAmbSrc == 0xFFFF ? 0 : info.mAmbSrc;
      |                      ~~~~~~~~~~~~ ^  ~~~~~~
In file included from src/Game/Player/MarioActorDraw.cpp:6:
In file included from src/Game/Player/DrawAdaptor.hpp:4:
src/Game/Util/Functor.hpp:114:105: warning: GCC does not allow 'noinline' attribute in this position on a function definition [-Wgcc-compat]
  114 |     static FunctorV1M< T*, void (T::*)(U), U > Functor(T* a1, void (T::*a2)(U), U arg_0) __attribute__((noinline)) {
      |                                                                                                         ^
src/Game/Player/MarioActorDraw.cpp:40:103: warning: attribute declaration must precede definition [-Wignored-attributes]
   40 |     FunctorV0M< const T*, void (T::*)() const > Functor(const T*, void (T::*)() const) __attribute__((noinline));
      |                                                                                                       ^
src/Game/Util/Functor.hpp:104:63: note: previous definition is here
  104 |     inline static FunctorV0M< const T*, void (T::*)() const > Functor(const T* caller, void (T::*callee)() const) {[0m
[0m[38;5;2;1m[ 58%]:[0m [38;5;5;1m<smg-pc-game>[0m cache compiling.debug src/Game/Player/MarioActorGravity.cpp[0m
[0m[38;5;2;1m[ 58%]:[0m [38;5;5;1m<smg-pc-game>[0m cache compiling.debug src/Game/Player/MarioEffect.cpp[0m
[0m[38;5;2;1m[ 58%]:[0m [38;5;5;1m<smg-pc-game>[0m cache compiling.debug src/Game/Player/MarioWait.cpp[0m
[0m[38;5;2;1m[ 58%]:[0m [38;5;5;1m<smg-pc-game>[0m cache compiling.debug src/Game/Player/MarioSukekiyo.cpp[0m
[0m[38;5;2;1m[ 58%]:[0m [38;5;5;1m<smg-pc-game>[0m cache compiling.debug src/Game/Player/MarioCollision.cpp[0m
[0m[38;5;2;1m[ 58%]:[0m [38;5;5;1m<smg-pc-game>[0m cache compiling.debug src/Game/Player/MarioActorTakeMsg.cpp[0m
[0m[38;5;2;1m[ 58%]:[0m [38;5;5;1m<smg-pc-game>[0m cache compiling.debug src/Game/Player/MarioActorPad.cpp[0m
[0m[38;5;2;1m[ 58%]:[0m [38;5;5;1m<smg-pc-game>[0m cache compiling.debug src/Game/Player/MarioPress.cpp[0m
[0m[38;5;2;1m[ 59%]:[0m [38;5;5;1m<smg-pc-game>[0m cache compiling.debug src/Game/Player/MarioWalk.cpp[0m
[0m[38;5;2;1m[ 59%]:[0m [38;5;5;1m<smg-pc-game>[0m cache compiling.debug src/Game/Player/MarioFoo.cpp[0m
[0m[38;5;2;1m[ 59%]:[0m [38;5;5;1m<smg-pc-game>[0m cache compiling.debug src/Game/Player/MarioFlip.cpp[0m
[0m[38;5;2;1m[ 59%]:[0m [38;5;5;1m<smg-pc-game>[0m cache compiling.debug src/Game/Player/MarioSpecial.cpp[0m
[0m[38;5;3;1msrc/Game/Player/MarioActorDefensiveMsg.cpp:89:5: warning: ignoring return value of function declared with 'nodiscard' attribute [-Wunused-result]
   89 |     direction.length();
      |     ^~~~~~~~~~~~~~~~~~
1 warning generated.[0m
[0m[38;5;2;1m[ 59%]:[0m [38;5;5;1m<smg-pc-game>[0m cache compiling.debug src/Game/Player/MarioDamageStun.cpp[0m
[0m[38;5;2;1m[ 59%]:[0m [38;5;5;1m<smg-pc-game>[0m cache compiling.debug src/Game/Player/Mario2D.cpp[0m
[0m[38;5;3;1mIn file included from src/Game/Player/MarioActorRush.cpp:15:
In file included from src/Game/Util.hpp:18:
src/Game/Util/Functor.hpp:114:105: warning: GCC does not allow 'noinline' attribute in this position on a function definition [-Wgcc-compat]
  114 |     static FunctorV1M< T*, void (T::*)(U), U > Functor(T* a1, void (T::*a2)(U), U arg_0) __attribute__((noinline)) {
      |                                                                                                         ^
1 warning generated.[0m
[0m[38;5;2;1m[ 59%]:[0m [38;5;5;1m<smg-pc-game>[0m cache compiling.debug src/Game/Player/MarioActorParts.cpp[0m
[0m[38;5;2;1m[ 59%]:[0m [38;5;5;1m<smg-pc-game>[0m cache compiling.debug src/Game/Player/MarioActorSensor.cpp[0m
[0m[38;5;2;1m[ 59%]:[0m [38;5;5;1m<smg-pc-game>[0m cache compiling.debug src/Game/Player/PlayerEventGhostRaceDown.cpp[0m
[0m[38;5;3;1msrc/Game/Player/MarioTeresa.cpp:592:13: warning: ignoring return value of function declared with 'nodiscard' attribute [-Wunused-result]
  592 |             velocity.dot(getWorldPadDir());
      |             ^~~~~~~~~~~~~~~~~~~~~~~~~~~~~~
1 warning generated.[0m
[0m[38;5;2;1m[ 59%]:[0m [38;5;5;1m<smg-pc-game>[0m cache compiling.debug src/Game/Player/PlayerEventAbyss.cpp[0m
[0m[38;5;3;1mIn file included from src/Game/Player/MarioActor.cpp:3:
In file included from src/Game/Animation/XanimeCore.hpp:3:
In file included from src/JSystem/J3DGraphAnimator/J3DJoint.hpp:4:
In file included from src/JSystem/J3DGraphBase/J3DMaterial.hpp:3:
src/JSystem/J3DGraphBase/J3DMatBlock.hpp:248:35: warning: result of comparison of constant 65535 with expression of type 'const u8' (aka 'const unsigned char') is always false [-Wtautological-constant-out-of-range-compare]
  248 |         u32 ambSrc = info.mAmbSrc == 0xFFFF ? 0 : info.mAmbSrc;
      |                      ~~~~~~~~~~~~ ^  ~~~~~~
src/Game/Player/MarioActor.cpp:1142:25: warning: using the result of an assignment as a condition without parentheses [-Wparentheses]
 1142 |         if (requestRush = isRequestSpinJump2P()) {
      |             ~~~~~~~~~~~~^~~~~~~~~~~~~~~~~~~~~~~
src/Game/Player/MarioActor.cpp:1142:25: note: place parentheses around the assignment to silence this warning
 1142 |         if (requestRush = isRequestSpinJump2P()) {
      |                         ^                      
      |             (                                  )
src/Game/Player/MarioActor.cpp:1142:25: note: use '==' to turn this assignment into an equality comparison
 1142 |         if (requestRush = isRequestSpinJump2P()) {[0m
[0m[38;5;2;1m[ 59%]:[0m [38;5;5;1m<smg-pc-game>[0m cache compiling.debug src/Game/Player/MarioRabbit.cpp[0m
[0m[38;5;2;1m[ 59%]:[0m [38;5;5;1m<smg-pc-game>[0m cache compiling.debug src/Game/Player/MarioAccess.cpp[0m
[0m[38;5;3;1msrc/Game/Player/MarioSwim.cpp:2556:13: warning: ignoring return value of function declared with 'nodiscard' attribute [-Wunused-result]
 2556 |             direction.length();
      |             ^~~~~~~~~~~~~~~~~~
src/Game/Player/MarioSwim.cpp:3170:9: warning: ignoring return value of function declared with 'nodiscard' attribute [-Wunused-result]
 3170 |         mUpVec.dot(getPlayer()->mHeadVec);
      |         ^~~~~~~~~~~~~~~~~~~~~~~~~~~~~~~~~
2 warnings generated.[0m
[0m[38;5;2;1m[ 59%]:[0m [38;5;5;1m<smg-pc-game>[0m cache compiling.debug src/Game/Player/MarioMagic.cpp[0m
[0m[38;5;2;1m[ 59%]:[0m [38;5;5;1m<smg-pc-game>[0m cache compiling.debug src/Game/Player/MarioSlider.cpp[0m
[0m[38;5;2;1m[ 60%]:[0m [38;5;5;1m<smg-pc-game>[0m cache compiling.debug src/Game/Player/PlayerEventRaceDown.cpp[0m
[0m[38;5;2;1m[ 60%]:[0m [38;5;5;1m<smg-pc-game>[0m cache compiling.debug src/Game/Player/MarioActorBlackHole.cpp[0m
[0m[38;5;2;1m[ 60%]:[0m [38;5;5;1m<smg-pc-game>[0m cache compiling.debug src/Game/Player/MarioMoveSphere.cpp[0m
[0m[38;5;3;1msrc/Game/Player/Mario2D.cpp:10:5: warning: ignoring return value of function declared with 'nodiscard' attribute [-Wunused-result]
   10 |     vec + vec2;
      |     ^~~~~~~~~~
1 warning generated.[0m
[0m[38;5;2;1m[ 60%]:[0m [38;5;5;1m<smg-pc-game>[0m cache compiling.debug src/Game/Player/MarioSlope.cpp[0m
[0m[38;5;2;1m[ 60%]:[0m [38;5;5;1m<smg-pc-game>[0m cache compiling.debug src/Game/Player/MarioSpin.cpp[0m
[0m[38;5;2;1m[ 60%]:[0m [38;5;5;1m<smg-pc-game>[0m cache compiling.debug src/Game/Player/MarioDamageParalyze.cpp[0m
[0m[38;5;2;1m[ 60%]:[0m [38;5;5;1m<smg-pc-game>[0m cache compiling.debug src/Game/Player/MarioActorClap.cpp[0m
[0m[38;5;2;1m[ 60%]:[0m [38;5;5;1m<smg-pc-game>[0m cache compiling.debug src/Game/Player/RushEndInfo.cpp[0m
[0m[38;5;2;1m[ 60%]:[0m [38;5;5;1m<smg-pc-game>[0m cache compiling.debug src/Game/Player/MarioSwimDamage.cpp[0m
[0m[38;5;2;1m[ 60%]:[0m [38;5;5;1m<smg-pc-game>[0m cache compiling.debug src/Game/Player/MarioActorOffensiveMsg.cpp[0m
[0m[38;5;2;1m[ 60%]:[0m [38;5;5;1m<smg-pc-game>[0m cache compiling.debug src/Game/Player/MarioWall.cpp[0m
[0m[38;5;3;1mIn file included from src/Game/Player/MarioActorParts.cpp:2:
In file included from src/Game/Animation/XanimeCore.hpp:3:
In file included from src/JSystem/J3DGraphAnimator/J3DJoint.hpp:4:
In file included from src/JSystem/J3DGraphBase/J3DMaterial.hpp:3:
src/JSystem/J3DGraphBase/J3DMatBlock.hpp:248:35: warning: result of comparison of constant 65535 with expression of type 'const u8' (aka 'const unsigned char') is always false [-Wtautological-constant-out-of-range-compare]
  248 |         u32 ambSrc = info.mAmbSrc == 0xFFFF ? 0 : info.mAmbSrc;
      |                      ~~~~~~~~~~~~ ^  ~~~~~~
1 warning generated.[0m
[0m[38;5;2;1m[ 60%]:[0m [38;5;5;1m<smg-pc-game>[0m cache compiling.debug src/Game/Player/MarioActorMatrix.cpp[0m
[0m[38;5;3;1mIn file included from src/Game/Player/MarioWalk.cpp:14:
In file included from src/Game/Util.hpp:18:
src/Game/Util/Functor.hpp:114:105: warning: GCC does not allow 'noinline' attribute in this position on a function definition [-Wgcc-compat]
  114 |     static FunctorV1M< T*, void (T::*)(U), U > Functor(T* a1, void (T::*a2)(U), U arg_0) __attribute__((noinline)) {
      |                                                                                                         ^
1 warning generated.[0m
[0m[38;5;2;1m[ 60%]:[0m [38;5;5;1m<smg-pc-game>[0m cache compiling.debug src/Game/MapObj/PunchingKinoko.cpp[0m
[0m[38;5;3;1msrc/Game/Player/MarioEffect.cpp:466:13: warning: 'sprintf' is deprecated: This function is provided for compatibility reasons only.  Due to security concerns inherent in the design of sprintf(3), it is highly recommended that you use snprintf(3) instead. [-Wdeprecated-declarations]
  466 |             sprintf(name, "%s", entry->mName);
      |             ^
/Applications/Xcode.app/Contents/Developer/Platforms/MacOSX.platform/Developer/SDKs/MacOSX27.0.sdk/usr/include/_stdio.h:278:16: note: 'sprintf' has been explicitly marked deprecated here
  278 | __attribute__((__deprecated__("This function is provided for compatibility reasons only.  Due to security concerns inherent in the design of sprintf(3), it is highly recommended that you use snprintf(3) instead.")))
      |                ^
1 warning generated.[0m
[0m[38;5;2;1m[ 60%]:[0m [38;5;5;1m<smg-pc-game>[0m cache compiling.debug src/Game/MapObj/PowerStarHolder.cpp[0m
[0m[38;5;2;1m[ 61%]:[0m [38;5;5;1m<smg-pc-game>[0m cache compiling.debug src/Game/MapObj/MapPartsRailGuideDrawer.cpp[0m
[0m[38;5;2;1m[ 61%]:[0m [38;5;5;1m<smg-pc-game>[0m cache compiling.debug src/Game/MapObj/MapParts.cpp[0m
[0m[38;5;2;1m[ 61%]:[0m [38;5;5;1m<smg-pc-game>[0m cache compiling.debug src/Game/MapObj/CoinHolder.cpp[0m
[0m[38;5;2;1m[ 61%]:[0m [38;5;5;1m<smg-pc-game>[0m cache compiling.debug src/Game/MapObj/EarthenPipe.cpp[0m
[0m[38;5;3;1mIn file included from src/Game/Player/MarioAccess.cpp:18:
In file included from src/Game/Util.hpp:18:
src/Game/Util/Functor.hpp:114:105: warning: GCC does not allow 'noinline' attribute in this position on a function definition [-Wgcc-compat]
  114 |     static FunctorV1M< T*, void (T::*)(U), U > Functor(T* a1, void (T::*a2)(U), U arg_0) __attribute__((noinline)) {
      |                                                                                                         ^
1 warning generated.[0m
[0m[38;5;2;1m[ 61%]:[0m [38;5;5;1m<smg-pc-game>[0m cache compiling.debug src/Game/MapObj/RotateMoveObj.cpp[0m
[0m[38;5;2;1m[ 61%]:[0m [38;5;5;1m<smg-pc-game>[0m cache compiling.debug src/Game/MapObj/Sun.cpp[0m
[0m[38;5;2;1m[ 61%]:[0m [38;5;5;1m<smg-pc-game>[0m cache compiling.debug src/Game/MapObj/MapPartsRailGuideHolder.cpp[0m
[0m[38;5;2;1m[ 61%]:[0m [38;5;5;1m<smg-pc-game>[0m cache compiling.debug src/Game/MapObj/DummyDisplayModel.cpp[0m
[0m[38;5;2;1m[ 61%]:[0m [38;5;5;1m<smg-pc-game>[0m cache compiling.debug src/Game/MapObj/BigFanHolder.cpp[0m
[0m[38;5;2;1m[ 61%]:[0m [38;5;5;1m<smg-pc-game>[0m cache compiling.debug src/Game/MapObj/PowerStar.cpp[0m
[0m[38;5;2;1m[ 61%]:[0m [38;5;5;1m<smg-pc-game>[0m cache compiling.debug src/Game/MapObj/ShockWaveGenerator.cpp[0m
[0m[38;5;3;1msrc/Game/Player/MarioSlider.cpp:3:10: warning: non-portable path to file '"Game/Enemy/KarikariDirector.hpp"'; specified path differs in case from file name on disk [-Wnonportable-include-path]
    3 | #include "Game/Enemy/KariKariDirector.hpp"
      |          ^~~~~~~~~~~~~~~~~~~~~~~~~~~~~~~~~
      |          "Game/Enemy/KarikariDirector.hpp"
1 warning generated.[0m
[0m[38;5;2;1m[ 61%]:[0m [38;5;5;1m<smg-pc-game>[0m cache compiling.debug src/Game/MapObj/MapPartsRotator.cpp[0m
[0m[38;5;2;1m[ 61%]:[0m [38;5;5;1m<smg-pc-game>[0m cache compiling.debug src/Game/MapObj/MapPartsRailMover.cpp[0m
[0m[38;5;2;1m[ 61%]:[0m [38;5;5;1m<smg-pc-game>[0m cache compiling.debug src/Game/MapObj/CutBushModelObj.cpp[0m
[0m[38;5;2;1m[ 62%]:[0m [38;5;5;1m<smg-pc-game>[0m cache compiling.debug src/Game/MapObj/MapPartsFunction.cpp[0m
[0m[38;5;3;1mIn file included from src/Game/MapObj/MapParts.cpp:4:
In file included from src/Game/Util.hpp:18:
src/Game/Util/Functor.hpp:114:105: warning: GCC does not allow 'noinline' attribute in this position on a function definition [-Wgcc-compat]
  114 |     static FunctorV1M< T*, void (T::*)(U), U > Functor(T* a1, void (T::*a2)(U), U arg_0) __attribute__((noinline)) {
      |                                                                                                         ^
1 warning generated.[0m
[0m[38;5;2;1m[ 62%]:[0m [38;5;5;1m<smg-pc-game>[0m cache compiling.debug src/Game/MapObj/MapPartsRailPosture.cpp[0m
[0m[38;5;3;1mIn file included from src/Game/MapObj/PowerStarHolder.cpp:4:
In file included from src/Game/Util.hpp:18:
src/Game/Util/Functor.hpp:114:105: warning: GCC does not allow 'noinline' attribute in this position on a function definition [-Wgcc-compat]
  114 |     static FunctorV1M< T*, void (T::*)(U), U > Functor(T* a1, void (T::*a2)(U), U arg_0) __attribute__((noinline)) {
      |                                                                                                         ^
1 warning generated.[0m
[0m[38;5;2;1m[ 62%]:[0m [38;5;5;1m<smg-pc-game>[0m cache compiling.debug src/Game/MapObj/Coin.cpp[0m
[0m[38;5;2;1m[ 62%]:[0m [38;5;5;1m<smg-pc-game>[0m cache compiling.debug src/Game/MapObj/MapPartsRailPointPassChecker.cpp[0m
[0m[38;5;3;1msrc/Game/Player/MarioWall.cpp:178:5: warning: ignoring return value of function declared with 'nodiscard' attribute [-Wunused-result]
  178 |     getWallNorm().dot(getAirGravityVec());
      |     ^~~~~~~~~~~~~~~~~~~~~~~~~~~~~~~~~~~~~
1 warning generated.[0m
[0m[38;5;2;1m[ 62%]:[0m [38;5;5;1m<smg-pc-game>[0m cache compiling.debug src/Game/MapObj/PurpleCoinStarter.cpp[0m
[0m[38;5;3;1mIn file included from src/Game/MapObj/MapPartsRailGuideDrawer.cpp:4:
In file included from src/Game/Util.hpp:18:
src/Game/Util/Functor.hpp:114:105: warning: GCC does not allow 'noinline' attribute in this position on a function definition [-Wgcc-compat]
  114 |     static FunctorV1M< T*, void (T::*)(U), U > Functor(T* a1, void (T::*a2)(U), U arg_0) __attribute__((noinline)) {
      |                                                                                                         ^
src/Game/MapObj/MapPartsRailGuideDrawer.cpp:22:5: warning: ignoring return value of function declared with 'nodiscard' attribute [-Wunused-result]
   22 |     rIter.getValue("CommonPath_ID", &_420);
      |     ^~~~~~~~~~~~~~~~~~~~~~~~~~~~~~~~~~~~~~
2 warnings generated.[0m
[0m[38;5;2;1m[ 62%]:[0m [38;5;5;1m<smg-pc-game>[0m cache compiling.debug src/Game/MapObj/StarPiece.cpp[0m
[0m[38;5;2;1m[ 62%]:[0m [38;5;5;1m<smg-pc-game>[0m cache compiling.debug src/Game/MapObj/StarPieceGroup.cpp[0m
[0m[38;5;3;1mIn file included from src/Game/MapObj/PunchingKinoko.cpp:4:
In file included from src/Game/Util.hpp:18:
src/Game/Util/Functor.hpp:114:105: warning: GCC does not allow 'noinline' attribute in this position on a function definition [-Wgcc-compat]
  114 |     static FunctorV1M< T*, void (T::*)(U), U > Functor(T* a1, void (T::*a2)(U), U arg_0) __attribute__((noinline)) {
      |                                                                                                         ^
1 warning generated.[0m
[0m[38;5;2;1m[ 62%]:[0m [38;5;5;1m<smg-pc-game>[0m cache compiling.debug src/Game/MapObj/InvisiblePolygonObjGCapture.cpp[0m
[0m[38;5;3;1mIn file included from src/Game/MapObj/CoinHolder.cpp:6:
In file included from src/Game/Util.hpp:18:
src/Game/Util/Functor.hpp:114:105: warning: GCC does not allow 'noinline' attribute in this position on a function definition [-Wgcc-compat]
  114 |     static FunctorV1M< T*, void (T::*)(U), U > Functor(T* a1, void (T::*a2)(U), U arg_0) __attribute__((noinline)) {
      |                                                                                                         ^
1 warning generated.[0m
[0m[38;5;2;1m[ 62%]:[0m [38;5;5;1m<smg-pc-game>[0m cache compiling.debug src/Game/MapObj/MapObjActorInitInfo.cpp[0m
[0m[38;5;3;1mIn file included from src/Game/MapObj/EarthenPipe.cpp:9:
In file included from src/Game/Util.hpp:18:
src/Game/Util/Functor.hpp:114:105: warning: GCC does not allow 'noinline' attribute in this position on a function definition [-Wgcc-compat]
  114 |     static FunctorV1M< T*, void (T::*)(U), U > Functor(T* a1, void (T::*a2)(U), U arg_0) __attribute__((noinline)) {
      |                                                                                                         ^
1 warning generated.[0m
[0m[38;5;2;1m[ 62%]:[0m [38;5;5;1m<smg-pc-game>[0m cache compiling.debug src/Game/MapObj/HeavensDoorDemoObj.cpp[0m
[0m[38;5;3;1mIn file included from src/Game/MapObj/RotateMoveObj.cpp:6:
In file included from src/Game/Util.hpp:18:
src/Game/Util/Functor.hpp:114:105: warning: GCC does not allow 'noinline' attribute in this position on a function definition [-Wgcc-compat]
  114 |     static FunctorV1M< T*, void (T::*)(U), U > Functor(T* a1, void (T::*a2)(U), U arg_0) __attribute__((noinline)) {
      |                                                                                                         ^
1 warning generated.[0m
[0m[38;5;2;1m[ 62%]:[0m [38;5;5;1m<smg-pc-game>[0m cache compiling.debug src/Game/MapObj/StageEffectDataTable.cpp[0m
[0m[38;5;2;1m[ 62%]:[0m [38;5;5;1m<smg-pc-game>[0m cache compiling.debug src/Game/MapObj/MapPartsRailRotator.cpp[0m
[0m[38;5;3;1mIn file included from src/Game/MapObj/DummyDisplayModel.cpp:8:
In file included from src/Game/Util.hpp:18:
src/Game/Util/Functor.hpp:114:105: warning: GCC does not allow 'noinline' attribute in this position on a function definition [-Wgcc-compat]
  114 |     static FunctorV1M< T*, void (T::*)(U), U > Functor(T* a1, void (T::*a2)(U), U arg_0) __attribute__((noinline)) {
      |                                                                                                         ^
src/Game/MapObj/DummyDisplayModel.cpp:44:125: warning: GCC does not allow 'noinline' attribute in this position on a function definition [-Wgcc-compat]
   44 |     DummyDisplayModel* tryCreateDummyModel(LiveActor* pHost, const JMapInfoIter& rIter, s32 a3, int itemIdx) __attribute__((noinline)) {
      |                                                                                                                             ^
2 warnings generated.[0m
[0m[38;5;2;1m[ 62%]:[0m [38;5;5;1m<smg-pc-game>[0m cache compiling.debug src/Game/MapObj/BrightObj.cpp[0m
[0m[38;5;3;1mIn file included from src/Game/MapObj/MapPartsRailGuideHolder.cpp:5:
In file included from src/Game/Util.hpp:18:
src/Game/Util/Functor.hpp:114:105: warning: GCC does not allow 'noinline' attribute in this position on a function definition [-Wgcc-compat]
  114 |     static FunctorV1M< T*, void (T::*)(U), U > Functor(T* a1, void (T::*a2)(U), U arg_0) __attribute__((noinline)) {
      |                                                                                                         ^
src/Game/MapObj/MapPartsRailGuideHolder.cpp:19:5: warning: ignoring return value of function declared with 'nodiscard' attribute [-Wunused-result]
   19 |     rIter.getValue("CommonPath_ID", &id);
      |     ^~~~~~~~~~~~~~~~~~~~~~~~~~~~~~~~~~~~
2 warnings generated.[0m
[0m[38;5;2;1m[ 62%]:[0m [38;5;5;1m<smg-pc-game>[0m cache compiling.debug src/Game/MapObj/CollisionBlocker.cpp[0m
[0m[38;5;3;1mIn file included from src/Game/MapObj/BigFanHolder.cpp:6:
In file included from src/Game/Util.hpp:18:
src/Game/Util/Functor.hpp:114:105: warning: GCC does not allow 'noinline' attribute in this position on a function definition [-Wgcc-compat]
  114 |     static FunctorV1M< T*, void (T::*)(U), U > Functor(T* a1, void (T::*a2)(U), U arg_0) __attribute__((noinline)) {
      |                                                                                                         ^
1 warning generated.[0m
[0m[38;5;2;1m[ 63%]:[0m [38;5;5;1m<smg-pc-game>[0m cache compiling.debug src/Game/MapObj/MapPartsSeesaw1AxisRotator.cpp[0m
[0m[38;5;3;1mIn file included from src/Game/MapObj/CutBushModelObj.cpp:3:
In file included from src/Game/Util.hpp:18:
src/Game/Util/Functor.hpp:114:105: warning: GCC does not allow 'noinline' attribute in this position on a function definition [-Wgcc-compat]
  114 |     static FunctorV1M< T*, void (T::*)(U), U > Functor(T* a1, void (T::*a2)(U), U arg_0) __attribute__((noinline)) {
      |                                                                                                         ^
1 warning generated.[0m
[0m[38;5;2;1m[ 63%]:[0m [38;5;5;1m<smg-pc-game>[0m cache compiling.debug src/Game/MapObj/IceStep.cpp[0m
[0m[38;5;3;1mIn file included from src/Game/MapObj/ShockWaveGenerator.cpp:6:
In file included from src/Game/Util.hpp:18:
src/Game/Util/Functor.hpp:114:105: warning: GCC does not allow 'noinline' attribute in this position on a function definition [-Wgcc-compat]
  114 |     static FunctorV1M< T*, void (T::*)(U), U > Functor(T* a1, void (T::*a2)(U), U arg_0) __attribute__((noinline)) {
      |                                                                                                         ^
1 warning generated.[0m
[0m[38;5;2;1m[ 63%]:[0m [38;5;5;1m<smg-pc-game>[0m cache compiling.debug src/Game/MapObj/PowerStarAppearPoint.cpp[0m
[0m[38;5;2;1m[ 63%]:[0m [38;5;5;1m<smg-pc-game>[0m cache compiling.debug src/Game/MapObj/CoinRotater.cpp[0m
[0m[38;5;3;1mIn file included from src/Game/MapObj/MapPartsRotator.cpp:6:
In file included from src/Game/Util.hpp:18:
src/Game/Util/Functor.hpp:114:105: warning: GCC does not allow 'noinline' attribute in this position on a function definition [-Wgcc-compat]
  114 |     static FunctorV1M< T*, void (T::*)(U), U > Functor(T* a1, void (T::*a2)(U), U arg_0) __attribute__((noinline)) {
      |                                                                                                         ^
1 warning generated.[0m
[0m[38;5;2;1m[ 63%]:[0m [38;5;5;1m<smg-pc-game>[0m cache compiling.debug src/Game/MapObj/RailCoin.cpp[0m
[0m[38;5;3;1mIn file included from src/Game/MapObj/MapPartsRailMover.cpp:7:
In file included from src/Game/Util.hpp:18:
src/Game/Util/Functor.hpp:114:105: warning: GCC does not allow 'noinline' attribute in this position on a function definition [-Wgcc-compat]
  114 |     static FunctorV1M< T*, void (T::*)(U), U > Functor(T* a1, void (T::*a2)(U), U arg_0) __attribute__((noinline)) {
      |                                                                                                         ^
1 warning generated.[0m
[0m[38;5;2;1m[ 63%]:[0m [38;5;5;1m<smg-pc-game>[0m cache compiling.debug src/Game/MapObj/MapPartsRailGuidePoint.cpp[0m
[0m[38;5;2;1m[ 63%]:[0m [38;5;5;1m<smg-pc-game>[0m cache compiling.debug src/Game/MapObj/ChipCounter.cpp[0m
[0m[38;5;3;1mIn file included from src/Game/MapObj/PurpleCoinStarter.cpp:5:
In file included from src/Game/Util.hpp:18:
src/Game/Util/Functor.hpp:114:105: warning: GCC does not allow 'noinline' attribute in this position on a function definition [-Wgcc-compat]
  114 |     static FunctorV1M< T*, void (T::*)(U), U > Functor(T* a1, void (T::*a2)(U), U arg_0) __attribute__((noinline)) {
      |                                                                                                         ^
1 warning generated.[0m
[0m[38;5;2;1m[ 63%]:[0m [38;5;5;1m<smg-pc-game>[0m cache compiling.debug src/Game/MapObj/CoinGroup.cpp[0m
[0m[38;5;3;1mIn file included from src/Game/MapObj/MapPartsRailPosture.cpp:4:
In file included from src/Game/Util.hpp:18:
src/Game/Util/Functor.hpp:114:105: warning: GCC does not allow 'noinline' attribute in this position on a function definition [-Wgcc-compat]
  114 |     static FunctorV1M< T*, void (T::*)(U), U > Functor(T* a1, void (T::*a2)(U), U arg_0) __attribute__((noinline)) {
      |                                                                                                         ^
1 warning generated.[0m
[0m[38;5;2;1m[ 63%]:[0m [38;5;5;1m<smg-pc-game>[0m cache compiling.debug src/Game/MapObj/BlackHole.cpp[0m
[0m[38;5;3;1mIn file included from src/Game/MapObj/MapPartsRailPointPassChecker.cpp:4:
In file included from src/Game/Util.hpp:18:
src/Game/Util/Functor.hpp:114:105: warning: GCC does not allow 'noinline' attribute in this position on a function definition [-Wgcc-compat]
  114 |     static FunctorV1M< T*, void (T::*)(U), U > Functor(T* a1, void (T::*a2)(U), U arg_0) __attribute__((noinline)) {
      |                                                                                                         ^
1 warning generated.[0m
[0m[38;5;2;1m[ 63%]:[0m [38;5;5;1m<smg-pc-game>[0m cache compiling.debug src/Game/MapObj/WarpPod.cpp[0m
[0m[38;5;2;1m[ 63%]:[0m [38;5;5;1m<smg-pc-game>[0m cache compiling.debug src/Game/MapObj/BigFan.cpp[0m
[0m[38;5;2;1m[ 63%]:[0m [38;5;5;1m<smg-pc-game>[0m cache compiling.debug src/Game/MapObj/InvisiblePolygonObj.cpp[0m
[0m[38;5;3;1mIn file included from src/Game/MapObj/Coin.cpp:8:
In file included from src/Game/Util.hpp:18:
src/Game/Util/Functor.hpp:114:105: warning: GCC does not allow 'noinline' attribute in this position on a function definition [-Wgcc-compat]
  114 |     static FunctorV1M< T*, void (T::*)(U), U > Functor(T* a1, void (T::*a2)(U), U arg_0) __attribute__((noinline)) {
      |                                                                                                         ^
1 warning generated.[0m
[0m[38;5;2;1m[ 63%]:[0m [38;5;5;1m<smg-pc-game>[0m cache compiling.debug src/Game/MapObj/StarPieceDirector.cpp[0m
[0m[38;5;3;1mIn file included from src/Game/MapObj/StarPieceGroup.cpp:5:
In file included from src/Game/Util.hpp:18:
src/Game/Util/Functor.hpp:114:105: warning: GCC does not allow 'noinline' attribute in this position on a function definition [-Wgcc-compat]
  114 |     static FunctorV1M< T*, void (T::*)(U), U > Functor(T* a1, void (T::*a2)(U), U arg_0) __attribute__((noinline)) {
      |                                                                                                         ^
1 warning generated.[0m
[0m[38;5;2;1m[ 63%]:[0m [38;5;5;1m<smg-pc-game>[0m cache compiling.debug src/Game/MapObj/ChipHolder.cpp[0m
[0m[38;5;3;1mIn file included from src/Game/MapObj/StarPiece.cpp:8:
In file included from src/Game/Util.hpp:18:
src/Game/Util/Functor.hpp:114:105: warning: GCC does not allow 'noinline' attribute in this position on a function definition [-Wgcc-compat]
  114 |     static FunctorV1M< T*, void (T::*)(U), U > Functor(T* a1, void (T::*a2)(U), U arg_0) __attribute__((noinline)) {
      |                                                                                                         ^
src/Game/MapObj/StarPiece.cpp:195:13: warning: enumeration value 'groupType_noGroup' not handled in switch [-Wswitch]
  195 |     switch (mGroupType) {
      |             ^~~~~~~~~~
2 warnings generated.[0m
[0m[38;5;2;1m[ 64%]:[0m [38;5;5;1m<smg-pc-game>[0m cache compiling.debug src/Game/MapObj/FlipPanel.cpp[0m
[0m[38;5;2;1m[ 64%]:[0m [38;5;5;1m<smg-pc-game>[0m cache compiling.debug src/Game/MapObj/MapPartsSeesaw2AxisRotator.cpp[0m
[0m[38;5;3;1mIn file included from src/Game/MapObj/StageEffectDataTable.cpp:4:
In file included from src/Game/Util.hpp:18:
src/Game/Util/Functor.hpp:114:105: warning: GCC does not allow 'noinline' attribute in this position on a function definition [-Wgcc-compat]
  114 |     static FunctorV1M< T*, void (T::*)(U), U > Functor(T* a1, void (T::*a2)(U), U arg_0) __attribute__((noinline)) {
      |                                                                                                         ^
1 warning generated.[0m
[0m[38;5;2;1m[ 64%]:[0m [38;5;5;1m<smg-pc-game>[0m cache compiling.debug src/Game/MapObj/PlantGroup.cpp[0m
[0m[38;5;3;1mIn file included from src/Game/MapObj/HeavensDoorDemoObj.cpp:6:
In file included from src/Game/Util.hpp:18:
src/Game/Util/Functor.hpp:114:105: warning: GCC does not allow 'noinline' attribute in this position on a function definition [-Wgcc-compat]
  114 |     static FunctorV1M< T*, void (T::*)(U), U > Functor(T* a1, void (T::*a2)(U), U arg_0) __attribute__((noinline)) {
      |                                                                                                         ^
1 warning generated.[0m
[0m[38;5;2;1m[ 64%]:[0m [38;5;5;1m<smg-pc-game>[0m cache compiling.debug src/Game/MapObj/PurpleCoinHolder.cpp[0m
[0m[38;5;3;1mIn file included from src/Game/MapObj/CollisionBlocker.cpp:3:
In file included from src/Game/Util.hpp:18:
src/Game/Util/Functor.hpp:114:105: warning: GCC does not allow 'noinline' attribute in this position on a function definition [-Wgcc-compat]
  114 |     static FunctorV1M< T*, void (T::*)(U), U > Functor(T* a1, void (T::*a2)(U), U arg_0) __attribute__((noinline)) {
      |                                                                                                         ^
1 warning generated.[0m
[0m[38;5;2;1m[ 64%]:[0m [38;5;5;1m<smg-pc-game>[0m cache compiling.debug src/Game/MapObj/ChipGroup.cpp[0m
[0m[38;5;2;1m[ 64%]:[0m [38;5;5;1m<smg-pc-game>[0m cache compiling.debug src/Game/MapObj/MapObjActor.cpp[0m
[0m[38;5;3;1mIn file included from src/Game/MapObj/PowerStarAppearPoint.cpp:4:
In file included from src/Game/Util.hpp:18:
src/Game/Util/Functor.hpp:114:105: warning: GCC does not allow 'noinline' attribute in this position on a function definition [-Wgcc-compat]
  114 |     static FunctorV1M< T*, void (T::*)(U), U > Functor(T* a1, void (T::*a2)(U), U arg_0) __attribute__((noinline)) {
      |                                                                                                         ^
1 warning generated.[0m
[0m[38;5;2;1m[ 64%]:[0m [38;5;5;1m<smg-pc-game>[0m cache compiling.debug src/Game/MapObj/CrystalCage.cpp[0m
[0m[38;5;3;1mIn file included from src/Game/MapObj/RailCoin.cpp:5:
In file included from src/Game/Util.hpp:18:
src/Game/Util/Functor.hpp:114:105: warning: GCC does not allow 'noinline' attribute in this position on a function definition [-Wgcc-compat]
  114 |     static FunctorV1M< T*, void (T::*)(U), U > Functor(T* a1, void (T::*a2)(U), U arg_0) __attribute__((noinline)) {
      |                                                                                                         ^
1 warning generated.[0m
[0m[38;5;2;1m[ 64%]:[0m [38;5;5;1m<smg-pc-game>[0m cache compiling.debug src/Game/MapObj/SimpleMapObj.cpp[0m
[0m[38;5;2;1m[ 64%]:[0m [38;5;5;1m<smg-pc-game>[0m cache compiling.debug src/Game/MapObj/ClipAreaHolder.cpp[0m
[0m[38;5;2;1m[ 64%]:[0m [38;5;5;1m<smg-pc-game>[0m cache compiling.debug src/Game/MapObj/CollectCounter.cpp[0m
[0m[38;5;2;1m[ 64%]:[0m [38;5;5;1m<smg-pc-game>[0m cache compiling.debug src/nw4r/ut/ut_CharWriter.cpp[0m
[0m[38;5;3;1mIn file included from src/Game/MapObj/CoinRotater.cpp:4:
In file included from src/Game/Util.hpp:18:
src/Game/Util/Functor.hpp:114:105: warning: GCC does not allow 'noinline' attribute in this position on a function definition [-Wgcc-compat]
  114 |     static FunctorV1M< T*, void (T::*)(U), U > Functor(T* a1, void (T::*a2)(U), U arg_0) __attribute__((noinline)) {
      |                                                                                                         ^
1 warning generated.[0m
[0m[38;5;2;1m[ 64%]:[0m [38;5;5;1m<smg-pc-game>[0m cache compiling.debug src/nw4r/ut/ut_TextWriterBase.cpp[0m
[0m[38;5;2;1m[ 64%]:[0m [38;5;5;1m<smg-pc-game>[0m cache compiling.debug src/nw4r/ut/ut_TagProcessorBase.cpp[0m
[0m[38;5;2;1m[ 64%]:[0m [38;5;5;1m<smg-pc-game>[0m cache compiling.debug src/nw4r/ut/ut_CharStrmReader.cpp[0m
[0m[38;5;2;1m[ 65%]:[0m [38;5;5;1m<smg-pc-game>[0m cache compiling.debug src/nw4r/ut/ut_Font.cpp[0m
[0m[38;5;3;1mIn file included from src/Game/MapObj/BigFan.cpp:6:
In file included from src/Game/Util.hpp:18:
src/Game/Util/Functor.hpp:114:105: warning: GCC does not allow 'noinline' attribute in this position on a function definition [-Wgcc-compat]
  114 |     static FunctorV1M< T*, void (T::*)(U), U > Functor(T* a1, void (T::*a2)(U), U arg_0) __attribute__((noinline)) {
      |                                                                                                         ^
1 warning generated.[0m
[0m[38;5;2;1m[ 65%]:[0m [38;5;5;1m<smg-pc-game>[0m cache compiling.debug src/nw4r/lyt/lyt_animation.cpp[0m
[0m[38;5;3;1mIn file included from src/Game/MapObj/CoinGroup.cpp:5:
In file included from src/Game/Util.hpp:18:
src/Game/Util/Functor.hpp:114:105: warning: GCC does not allow 'noinline' attribute in this position on a function definition [-Wgcc-compat]
  114 |     static FunctorV1M< T*, void (T::*)(U), U > Functor(T* a1, void (T::*a2)(U), U arg_0) __attribute__((noinline)) {
      |                                                                                                         ^
1 warning generated.[0m
[0m[38;5;2;1m[ 65%]:[0m [38;5;5;1m<smg-pc-game>[0m cache compiling.debug src/nw4r/lyt/lyt_group.cpp[0m
[0m[38;5;3;1mIn file included from src/Game/MapObj/BlackHole.cpp:6:
In file included from src/Game/Util.hpp:18:
src/Game/Util/Functor.hpp:114:105: warning: GCC does not allow 'noinline' attribute in this position on a function definition [-Wgcc-compat]
  114 |     static FunctorV1M< T*, void (T::*)(U), U > Functor(T* a1, void (T::*a2)(U), U arg_0) __attribute__((noinline)) {
      |                                                                                                         ^
1 warning generated.[0m
[0m[38;5;2;1m[ 65%]:[0m [38;5;5;1m<smg-pc-game>[0m cache compiling.debug src/nw4r/lyt/lyt_layout.cpp[0m
[0m[38;5;3;1mIn file included from src/Game/MapObj/StarPieceDirector.cpp:8:
In file included from src/Game/Util.hpp:18:
src/Game/Util/Functor.hpp:114:105: warning: GCC does not allow 'noinline' attribute in this position on a function definition [-Wgcc-compat]
  114 |     static FunctorV1M< T*, void (T::*)(U), U > Functor(T* a1, void (T::*a2)(U), U arg_0) __attribute__((noinline)) {
      |                                                                                                         ^
1 warning generated.[0m
[0m[38;5;2;1m[ 65%]:[0m [38;5;5;1m<smg-pc-game>[0m cache compiling.debug src/nw4r/lyt/lyt_arcResourceAccessor.cpp[0m
[0m[38;5;3;1mIn file included from src/Game/MapObj/WarpPod.cpp:8:
In file included from src/Game/Util.hpp:18:
src/Game/Util/Functor.hpp:114:105: warning: GCC does not allow 'noinline' attribute in this position on a function definition [-Wgcc-compat]
  114 |     static FunctorV1M< T*, void (T::*)(U), U > Functor(T* a1, void (T::*a2)(U), U arg_0) __attribute__((noinline)) {
      |                                                                                                         ^
src/Game/MapObj/WarpPod.cpp:166:5: warning: 'sprintf' is deprecated: This function is provided for compatibility reasons only.  Due to security concerns inherent in the design of sprintf(3), it is highly recommended that you use snprintf(3) instead. [-Wdeprecated-declarations]
  166 |     sprintf(eventCameraName, (::smgpc::compat::cp932::EncodedLiteral<::smgpc::compat::cp932::Utf8Literal{"ワープカメラ %d-%c"}>::value.bytes), groupID, arg0 + 65);
      |     ^
/Applications/Xcode.app/Contents/Developer/Platforms/MacOSX.platform/Developer/SDKs/MacOSX27.0.sdk/usr/include/_stdio.h:278:16: note: 'sprintf' has been explicitly marked deprecated here
  278 | __attribute__((__deprecated__("This function is provided for compatibility reasons only.  Due to security concerns inherent in the design of sprintf(3), it is highly recommended that you use snprintf(3) instead.")))
      |                ^
src/Game/MapObj/WarpPod.cpp:289:5: warning: 'sprintf' is deprecated: This function is provided for compatibility reasons only.  Due to security concerns inherent in the design of sprintf(3), it is highly recommended that you use snprintf(3) instead. [-Wdeprecated-declarations]
  289 |     sprintf(buf, (::smgpc::compat::cp932::EncodedLiteral<::smgpc::compat::cp932::Utf8Literal{"wPod出現カメラ %d"}>::value.bytes), _90);
      |     ^
/Applications/Xcode.app/Contents/Developer/Platforms/MacOSX.platform/Developer/SDKs/MacOSX27.0.sdk/usr/include/_stdio.h:278:16: note: 'sprintf' has been explicitly marked deprecated here
  278 | __attribute__((__deprecated__("This function is provided for compatibility reasons only.  Due to security concerns inherent in the design of sprintf(3), it is highly recommended that you use snprintf(3) instead.")))[0m
[0m[38;5;2;1m[ 65%]:[0m [38;5;5;1m<smg-pc-game>[0m cache compiling.debug src/nw4r/lyt/lyt_resourceAccessor.cpp[0m
[0m[38;5;3;1mIn file included from src/Game/MapObj/FlipPanel.cpp:8:
In file included from src/Game/Util.hpp:18:
src/Game/Util/Functor.hpp:114:105: warning: GCC does not allow 'noinline' attribute in this position on a function definition [-Wgcc-compat]
  114 |     static FunctorV1M< T*, void (T::*)(U), U > Functor(T* a1, void (T::*a2)(U), U arg_0) __attribute__((noinline)) {
      |                                                                                                         ^
1 warning generated.[0m
[0m[38;5;2;1m[ 65%]:[0m [38;5;5;1m<smg-pc-game>[0m cache compiling.debug src/nw4r/lyt/lyt_common.cpp[0m
[0m[38;5;2;1m[ 65%]:[0m [38;5;5;1m<smg-pc-game>[0m cache compiling.debug src/nw4r/lyt/lyt_material.cpp[0m
[0m[38;5;3;1mIn file included from src/Game/MapObj/PurpleCoinHolder.cpp:7:
In file included from src/Game/Util.hpp:18:
src/Game/Util/Functor.hpp:114:105: warning: GCC does not allow 'noinline' attribute in this position on a function definition [-Wgcc-compat]
  114 |     static FunctorV1M< T*, void (T::*)(U), U > Functor(T* a1, void (T::*a2)(U), U arg_0) __attribute__((noinline)) {
      |                                                                                                         ^
1 warning generated.[0m
[0m[38;5;2;1m[ 65%]:[0m [38;5;5;1m<smg-pc-game>[0m cache compiling.debug src/nw4r/lyt/lyt_texMap.cpp[0m
[0m[38;5;2;1m[ 65%]:[0m [38;5;5;1m<smg-pc-game>[0m cache compiling.debug src/nw4r/lyt/lyt_textBox.cpp[0m
[0m[38;5;3;1mIn file included from src/Game/MapObj/PlantGroup.cpp:6:
In file included from src/Game/Util.hpp:18:
src/Game/Util/Functor.hpp:114:105: warning: GCC does not allow 'noinline' attribute in this position on a function definition [-Wgcc-compat]
  114 |     static FunctorV1M< T*, void (T::*)(U), U > Functor(T* a1, void (T::*a2)(U), U arg_0) __attribute__((noinline)) {
      |                                                                                                         ^
1 warning generated.[0m
[0m[38;5;2;1m[ 65%]:[0m [38;5;5;1m<smg-pc-game>[0m cache compiling.debug src/nw4r/lyt/lyt_picture.cpp[0m
[0m[38;5;3;1mIn file included from src/Game/MapObj/CollectCounter.cpp:3:
In file included from src/Game/Util.hpp:18:
src/Game/Util/Functor.hpp:114:105: warning: GCC does not allow 'noinline' attribute in this position on a function definition [-Wgcc-compat]
  114 |     static FunctorV1M< T*, void (T::*)(U), U > Functor(T* a1, void (T::*a2)(U), U arg_0) __attribute__((noinline)) {
      |                                                                                                         ^
1 warning generated.[0m
[0m[38;5;2;1m[ 65%]:[0m [38;5;5;1m<smg-pc-game>[0m cache compiling.debug src/nw4r/lyt/lyt_window.cpp[0m
[0m[38;5;2;1m[ 65%]:[0m [38;5;5;1m<smg-pc-game>[0m cache compiling.debug src/nw4r/lyt/lyt_bounding.cpp[0m
[0m[38;5;2;1m[ 65%]:[0m [38;5;5;1m<smg-pc-game>[0m cache compiling.debug src/nw4r/lyt/lyt_drawInfo.cpp[0m
[0m[38;5;3;1mIn file included from src/Game/MapObj/ClipAreaHolder.cpp:7:
In file included from src/Game/Util.hpp:18:
src/Game/Util/Functor.hpp:114:105: warning: GCC does not allow 'noinline' attribute in this position on a function definition [-Wgcc-compat]
  114 |     static FunctorV1M< T*, void (T::*)(U), U > Functor(T* a1, void (T::*a2)(U), U arg_0) __attribute__((noinline)) {
      |                                                                                                         ^
1 warning generated.[0m
[0m[38;5;2;1m[ 65%]:[0m [38;5;5;1m<smg-pc-game>[0m cache compiling.debug src/nw4r/lyt/lyt_init.cpp[0m
[0m[38;5;3;1mIn file included from src/Game/MapObj/SimpleMapObj.cpp:7:
In file included from src/Game/Util.hpp:18:
src/Game/Util/Functor.hpp:114:105: warning: GCC does not allow 'noinline' attribute in this position on a function definition [-Wgcc-compat]
  114 |     static FunctorV1M< T*, void (T::*)(U), U > Functor(T* a1, void (T::*a2)(U), U arg_0) __attribute__((noinline)) {
      |                                                                                                         ^
1 warning generated.[0m
[0m[38;5;2;1m[ 66%]:[0m [38;5;5;1m<smg-pc-game>[0m cache compiling.debug src/nw4r/math/math_triangular.cpp[0m
[0m[38;5;2;1m[ 66%]:[0m [38;5;5;1m<smg-pc-game>[0m cache compiling.debug src/camera/CameraParam.cpp[0m
[0m[38;5;2;1m[ 66%]:[0m [38;5;5;1m<smg-pc-game>[0m cache compiling.debug src/camera/PublishedCameraTarget.cpp[0m
[0m[38;5;2;1m[ 66%]:[0m [38;5;5;1m<smg-pc-game>[0m cache compiling.debug src/camera/EventCamera.cpp[0m
[0m[38;5;3;1mIn file included from src/Game/MapObj/CrystalCage.cpp:7:
In file included from src/Game/Util.hpp:18:
src/Game/Util/Functor.hpp:114:105: warning: GCC does not allow 'noinline' attribute in this position on a function definition [-Wgcc-compat]
  114 |     static FunctorV1M< T*, void (T::*)(U), U > Functor(T* a1, void (T::*a2)(U), U arg_0) __attribute__((noinline)) {
      |                                                                                                         ^
1 warning generated.[0m
[0m[38;5;2;1m[ 66%]:[0m [38;5;5;1m<smg-pc-game>[0m cache compiling.debug src/camera/CameraPose.cpp[0m
[0m[38;5;3;1mIn file included from src/Game/MapObj/MapObjActor.cpp:17:
In file included from src/Game/Util.hpp:18:
src/Game/Util/Functor.hpp:114:105: warning: GCC does not allow 'noinline' attribute in this position on a function definition [-Wgcc-compat]
  114 |     static FunctorV1M< T*, void (T::*)(U), U > Functor(T* a1, void (T::*a2)(U), U arg_0) __attribute__((noinline)) {
      |                                                                                                         ^
1 warning generated.[0m
[0m[38;5;2;1m[ 66%]:[0m [38;5;5;1m<smg-pc-game>[0m cache compiling.debug src/camera/OriginalGameCamera.cpp[0m
[0m[38;5;3;1mIn file included from src/nw4r/lyt/lyt_group.cpp:1:
In file included from src/nw4r/lyt/group.h:4:
src/nw4r/lyt/pane.h:37:37: warning: 'offsetof' on non-standard-layout type 'detail::PaneBase' [-Winvalid-offsetof]
   37 |         typedef ut::LinkList< Pane, __builtin_offsetof(detail::PaneBase, mLink) > PaneList;
      |                                     ^                                    ~~~~~
In file included from src/nw4r/lyt/lyt_group.cpp:1:
src/nw4r/lyt/group.h:55:37: warning: 'offsetof' on non-standard-layout type 'Group' [-Winvalid-offsetof]
   55 |         typedef ut::LinkList<Group, __builtin_offsetof(Group, mLink)> GroupList;
      |                                     ^                         ~~~~~
In file included from src/nw4r/lyt/lyt_group.cpp:2:
In file included from src/nw4r/lyt/layout.h:3:
In file included from src/nw4r/lyt/animation.h:3:
src/nw4r/lyt/common.h:14:28: warning: comparison of different enumeration types ('_GXTexFmt' (aka 'GXTexFmt') and 'GXCITexFmt') is deprecated [-Wdeprecated-enum-compare]
   14 |                 return fmt == GX_TF_C4 || fmt == GX_TF_C8 || fmt == GX_TF_C14X2;
      |                        ~~~ ^  ~~~~~~~~
src/nw4r/lyt/common.h:14:47: warning: comparison of different enumeration types ('_GXTexFmt' (aka 'GXTexFmt') and 'GXCITexFmt') is deprecated [-Wdeprecated-enum-compare][0m
[0m[38;5;2;1m[ 66%]:[0m [38;5;5;1m<smg-pc-game>[0m cache compiling.debug src/camera/CameraAnimation.cpp[0m
[0m[38;5;2;1m[ 66%]:[0m [38;5;5;1m<smg-pc-game>[0m cache compiling.debug src/camera/OriginalAnimationCamera.cpp[0m
[0m[38;5;3;1mIn file included from src/nw4r/lyt/lyt_layout.cpp:3:
In file included from src/nw4r/lyt/textBox.h:3:
src/nw4r/lyt/common.h:14:28: warning: comparison of different enumeration types ('_GXTexFmt' (aka 'GXTexFmt') and 'GXCITexFmt') is deprecated [-Wdeprecated-enum-compare]
   14 |                 return fmt == GX_TF_C4 || fmt == GX_TF_C8 || fmt == GX_TF_C14X2;
      |                        ~~~ ^  ~~~~~~~~
src/nw4r/lyt/common.h:14:47: warning: comparison of different enumeration types ('_GXTexFmt' (aka 'GXTexFmt') and 'GXCITexFmt') is deprecated [-Wdeprecated-enum-compare]
   14 |                 return fmt == GX_TF_C4 || fmt == GX_TF_C8 || fmt == GX_TF_C14X2;
      |                                           ~~~ ^  ~~~~~~~~
src/nw4r/lyt/common.h:14:66: warning: comparison of different enumeration types ('_GXTexFmt' (aka 'GXTexFmt') and 'GXCITexFmt') is deprecated [-Wdeprecated-enum-compare]
   14 |                 return fmt == GX_TF_C4 || fmt == GX_TF_C8 || fmt == GX_TF_C14X2;
      |                                                              ~~~ ^  ~~~~~~~~~~~
In file included from src/nw4r/lyt/lyt_layout.cpp:3:
In file included from src/nw4r/lyt/textBox.h:4:
src/nw4r/lyt/pane.h:37:37: warning: 'offsetof' on non-standard-layout type 'detail::PaneBase' [-Winvalid-offsetof]
   37 |         typedef ut::LinkList< Pane, __builtin_offsetof(detail::PaneBase, mLink) > PaneList;
      |                                     ^                                    ~~~~~[0m
[0m[38;5;2;1m[ 66%]:[0m [38;5;5;1m<smg-pc-game>[0m cache compiling.debug src/camera/StageStartCamera.cpp[0m
[0m[38;5;3;1mIn file included from src/nw4r/lyt/lyt_common.cpp:1:
src/nw4r/lyt/common.h:14:28: warning: comparison of different enumeration types ('_GXTexFmt' (aka 'GXTexFmt') and 'GXCITexFmt') is deprecated [-Wdeprecated-enum-compare]
   14 |                 return fmt == GX_TF_C4 || fmt == GX_TF_C8 || fmt == GX_TF_C14X2;
      |                        ~~~ ^  ~~~~~~~~
src/nw4r/lyt/common.h:14:47: warning: comparison of different enumeration types ('_GXTexFmt' (aka 'GXTexFmt') and 'GXCITexFmt') is deprecated [-Wdeprecated-enum-compare]
   14 |                 return fmt == GX_TF_C4 || fmt == GX_TF_C8 || fmt == GX_TF_C14X2;
      |                                           ~~~ ^  ~~~~~~~~
src/nw4r/lyt/common.h:14:66: warning: comparison of different enumeration types ('_GXTexFmt' (aka 'GXTexFmt') and 'GXCITexFmt') is deprecated [-Wdeprecated-enum-compare]
   14 |                 return fmt == GX_TF_C4 || fmt == GX_TF_C8 || fmt == GX_TF_C14X2;
      |                                                              ~~~ ^  ~~~~~~~~~~~
In file included from src/nw4r/lyt/lyt_common.cpp:2:
In file included from src/nw4r/lyt/layout.h:4:
In file included from src/nw4r/lyt/group.h:4:
src/nw4r/lyt/pane.h:37:37: warning: 'offsetof' on non-standard-layout type 'detail::PaneBase' [-Winvalid-offsetof]
   37 |         typedef ut::LinkList< Pane, __builtin_offsetof(detail::PaneBase, mLink) > PaneList;
      |                                     ^                                    ~~~~~[0m
[0m[38;5;2;1m[ 66%]:[0m [38;5;5;1m<smg-pc-game>[0m cache compiling.debug src/camera/OriginalCameraView.cpp[0m
[0m[38;5;3;1mIn file included from src/nw4r/lyt/lyt_animation.cpp:6:
src/nw4r/lyt/common.h:14:28: warning: comparison of different enumeration types ('_GXTexFmt' (aka 'GXTexFmt') and 'GXCITexFmt') is deprecated [-Wdeprecated-enum-compare]
   14 |                 return fmt == GX_TF_C4 || fmt == GX_TF_C8 || fmt == GX_TF_C14X2;
      |                        ~~~ ^  ~~~~~~~~
src/nw4r/lyt/common.h:14:47: warning: comparison of different enumeration types ('_GXTexFmt' (aka 'GXTexFmt') and 'GXCITexFmt') is deprecated [-Wdeprecated-enum-compare]
   14 |                 return fmt == GX_TF_C4 || fmt == GX_TF_C8 || fmt == GX_TF_C14X2;
      |                                           ~~~ ^  ~~~~~~~~
src/nw4r/lyt/common.h:14:66: warning: comparison of different enumeration types ('_GXTexFmt' (aka 'GXTexFmt') and 'GXCITexFmt') is deprecated [-Wdeprecated-enum-compare]
   14 |                 return fmt == GX_TF_C4 || fmt == GX_TF_C8 || fmt == GX_TF_C14X2;
      |                                                              ~~~ ^  ~~~~~~~~~~~
In file included from src/nw4r/lyt/lyt_animation.cpp:7:
src/nw4r/lyt/pane.h:37:37: warning: 'offsetof' on non-standard-layout type 'detail::PaneBase' [-Winvalid-offsetof]
   37 |         typedef ut::LinkList< Pane, __builtin_offsetof(detail::PaneBase, mLink) > PaneList;
      |                                     ^                                    ~~~~~
In file included from src/nw4r/lyt/lyt_animation.cpp:8:
src/nw4r/lyt/group.h:55:37: warning: 'offsetof' on non-standard-layout type 'Group' [-Winvalid-offsetof][0m
[0m[38;5;2;1m[ 66%]:[0m [38;5;5;1m<smg-pc-game>[0m cache compiling.debug src/camera/CameraDirectorRuntime.cpp[0m
[0m[38;5;2;1m[ 66%]:[0m [38;5;5;1m<smg-pc-game>[0m cache compiling.debug src/layout/BrlytLayout.cpp[0m
[0m[38;5;3;1mIn file included from src/nw4r/lyt/lyt_texMap.cpp:1:
src/nw4r/lyt/common.h:14:28: warning: comparison of different enumeration types ('_GXTexFmt' (aka 'GXTexFmt') and 'GXCITexFmt') is deprecated [-Wdeprecated-enum-compare]
   14 |                 return fmt == GX_TF_C4 || fmt == GX_TF_C8 || fmt == GX_TF_C14X2;
      |                        ~~~ ^  ~~~~~~~~
src/nw4r/lyt/common.h:14:47: warning: comparison of different enumeration types ('_GXTexFmt' (aka 'GXTexFmt') and 'GXCITexFmt') is deprecated [-Wdeprecated-enum-compare]
   14 |                 return fmt == GX_TF_C4 || fmt == GX_TF_C8 || fmt == GX_TF_C14X2;
      |                                           ~~~ ^  ~~~~~~~~
src/nw4r/lyt/common.h:14:66: warning: comparison of different enumeration types ('_GXTexFmt' (aka 'GXTexFmt') and 'GXCITexFmt') is deprecated [-Wdeprecated-enum-compare]
   14 |                 return fmt == GX_TF_C4 || fmt == GX_TF_C8 || fmt == GX_TF_C14X2;
      |                                                              ~~~ ^  ~~~~~~~~~~~
3 warnings generated.[0m
[0m[38;5;2;1m[ 66%]:[0m [38;5;5;1m<smg-pc-game>[0m cache compiling.debug src/layout/LayoutRuntime.cpp[0m
[0m[38;5;3;1mIn file included from src/nw4r/lyt/lyt_picture.cpp:1:
In file included from src/nw4r/lyt/layout.h:3:
In file included from src/nw4r/lyt/animation.h:3:
src/nw4r/lyt/common.h:14:28: warning: comparison of different enumeration types ('_GXTexFmt' (aka 'GXTexFmt') and 'GXCITexFmt') is deprecated [-Wdeprecated-enum-compare]
   14 |                 return fmt == GX_TF_C4 || fmt == GX_TF_C8 || fmt == GX_TF_C14X2;
      |                        ~~~ ^  ~~~~~~~~
src/nw4r/lyt/common.h:14:47: warning: comparison of different enumeration types ('_GXTexFmt' (aka 'GXTexFmt') and 'GXCITexFmt') is deprecated [-Wdeprecated-enum-compare]
   14 |                 return fmt == GX_TF_C4 || fmt == GX_TF_C8 || fmt == GX_TF_C14X2;
      |                                           ~~~ ^  ~~~~~~~~
src/nw4r/lyt/common.h:14:66: warning: comparison of different enumeration types ('_GXTexFmt' (aka 'GXTexFmt') and 'GXCITexFmt') is deprecated [-Wdeprecated-enum-compare]
   14 |                 return fmt == GX_TF_C4 || fmt == GX_TF_C8 || fmt == GX_TF_C14X2;
      |                                                              ~~~ ^  ~~~~~~~~~~~
In file included from src/nw4r/lyt/lyt_picture.cpp:1:
In file included from src/nw4r/lyt/layout.h:4:
In file included from src/nw4r/lyt/group.h:4:
src/nw4r/lyt/pane.h:37:37: warning: 'offsetof' on non-standard-layout type 'detail::PaneBase' [-Winvalid-offsetof][0m
[0m[38;5;2;1m[ 66%]:[0m [38;5;5;1m<smg-pc-game>[0m cache compiling.debug src/layout/BrfntFont.cpp[0m
[0m[38;5;3;1mIn file included from src/nw4r/lyt/lyt_material.cpp:1:
In file included from src/nw4r/lyt/animation.h:3:
src/nw4r/lyt/common.h:14:28: warning: comparison of different enumeration types ('_GXTexFmt' (aka 'GXTexFmt') and 'GXCITexFmt') is deprecated [-Wdeprecated-enum-compare]
   14 |                 return fmt == GX_TF_C4 || fmt == GX_TF_C8 || fmt == GX_TF_C14X2;
      |                        ~~~ ^  ~~~~~~~~
src/nw4r/lyt/common.h:14:47: warning: comparison of different enumeration types ('_GXTexFmt' (aka 'GXTexFmt') and 'GXCITexFmt') is deprecated [-Wdeprecated-enum-compare]
   14 |                 return fmt == GX_TF_C4 || fmt == GX_TF_C8 || fmt == GX_TF_C14X2;
      |                                           ~~~ ^  ~~~~~~~~
src/nw4r/lyt/common.h:14:66: warning: comparison of different enumeration types ('_GXTexFmt' (aka 'GXTexFmt') and 'GXCITexFmt') is deprecated [-Wdeprecated-enum-compare]
   14 |                 return fmt == GX_TF_C4 || fmt == GX_TF_C8 || fmt == GX_TF_C14X2;
      |                                                              ~~~ ^  ~~~~~~~~~~~
In file included from src/nw4r/lyt/lyt_material.cpp:3:
In file included from src/nw4r/lyt/layout.h:4:
In file included from src/nw4r/lyt/group.h:4:
src/nw4r/lyt/pane.h:37:37: warning: 'offsetof' on non-standard-layout type 'detail::PaneBase' [-Winvalid-offsetof]
   37 |         typedef ut::LinkList< Pane, __builtin_offsetof(detail::PaneBase, mLink) > PaneList;[0m
[0m[38;5;2;1m[ 67%]:[0m [38;5;5;1m<smg-pc-game>[0m cache compiling.debug src/layout/NativeLayoutResource.cpp[0m
[0m[38;5;3;1mIn file included from src/nw4r/lyt/lyt_textBox.cpp:2:
In file included from src/nw4r/lyt/layout.h:3:
In file included from src/nw4r/lyt/animation.h:3:
src/nw4r/lyt/common.h:14:28: warning: comparison of different enumeration types ('_GXTexFmt' (aka 'GXTexFmt') and 'GXCITexFmt') is deprecated [-Wdeprecated-enum-compare]
   14 |                 return fmt == GX_TF_C4 || fmt == GX_TF_C8 || fmt == GX_TF_C14X2;
      |                        ~~~ ^  ~~~~~~~~
src/nw4r/lyt/common.h:14:47: warning: comparison of different enumeration types ('_GXTexFmt' (aka 'GXTexFmt') and 'GXCITexFmt') is deprecated [-Wdeprecated-enum-compare]
   14 |                 return fmt == GX_TF_C4 || fmt == GX_TF_C8 || fmt == GX_TF_C14X2;
      |                                           ~~~ ^  ~~~~~~~~
src/nw4r/lyt/common.h:14:66: warning: comparison of different enumeration types ('_GXTexFmt' (aka 'GXTexFmt') and 'GXCITexFmt') is deprecated [-Wdeprecated-enum-compare]
   14 |                 return fmt == GX_TF_C4 || fmt == GX_TF_C8 || fmt == GX_TF_C14X2;
      |                                                              ~~~ ^  ~~~~~~~~~~~
In file included from src/nw4r/lyt/lyt_textBox.cpp:2:
In file included from src/nw4r/lyt/layout.h:4:
In file included from src/nw4r/lyt/group.h:4:
src/nw4r/lyt/pane.h:37:37: warning: 'offsetof' on non-standard-layout type 'detail::PaneBase' [-Winvalid-offsetof][0m
[0m[38;5;2;1m[ 67%]:[0m [38;5;5;1m<smg-pc-game>[0m cache compiling.debug src/layout/LayoutUtilCompat.cpp[0m
[0m[38;5;2;1m[ 67%]:[0m [38;5;5;1m<smg-pc-game>[0m cache compiling.debug src/layout/Nw4rLayoutRecords.cpp[0m
[0m[38;5;3;1mIn file included from src/nw4r/lyt/lyt_bounding.cpp:1:
In file included from src/nw4r/lyt/bounding.h:3:
src/nw4r/lyt/pane.h:37:37: warning: 'offsetof' on non-standard-layout type 'detail::PaneBase' [-Winvalid-offsetof]
   37 |         typedef ut::LinkList< Pane, __builtin_offsetof(detail::PaneBase, mLink) > PaneList;
      |                                     ^                                    ~~~~~
In file included from src/nw4r/lyt/lyt_bounding.cpp:2:
src/nw4r/lyt/common.h:14:28: warning: comparison of different enumeration types ('_GXTexFmt' (aka 'GXTexFmt') and 'GXCITexFmt') is deprecated [-Wdeprecated-enum-compare]
   14 |                 return fmt == GX_TF_C4 || fmt == GX_TF_C8 || fmt == GX_TF_C14X2;
      |                        ~~~ ^  ~~~~~~~~
src/nw4r/lyt/common.h:14:47: warning: comparison of different enumeration types ('_GXTexFmt' (aka 'GXTexFmt') and 'GXCITexFmt') is deprecated [-Wdeprecated-enum-compare]
   14 |                 return fmt == GX_TF_C4 || fmt == GX_TF_C8 || fmt == GX_TF_C14X2;
      |                                           ~~~ ^  ~~~~~~~~
src/nw4r/lyt/common.h:14:66: warning: comparison of different enumeration types ('_GXTexFmt' (aka 'GXTexFmt') and 'GXCITexFmt') is deprecated [-Wdeprecated-enum-compare]
   14 |                 return fmt == GX_TF_C4 || fmt == GX_TF_C8 || fmt == GX_TF_C14X2;
      |                                                              ~~~ ^  ~~~~~~~~~~~
4 warnings generated.[0m
[0m[38;5;2;1m[ 67%]:[0m [38;5;5;1m<smg-pc-game>[0m cache compiling.debug src/layout/LayoutResourceResolver.cpp[0m
[0m[38;5;2;1m[ 67%]:[0m [38;5;5;1m<smg-pc-game>[0m cache compiling.debug src/layout/LayoutManagerCompat.cpp[0m
[0m[38;5;2;1m[ 67%]:[0m [38;5;5;1m<smg-pc-game>[0m cache compiling.debug src/layout/LytTexMap.cpp[0m
[0m[38;5;2;1m[ 67%]:[0m [38;5;5;1m<smg-pc-game>[0m cache compiling.debug src/resource/JpcResource.cpp[0m
[0m[38;5;3;1mIn file included from src/nw4r/lyt/lyt_window.cpp:1:
In file included from src/nw4r/lyt/layout.h:3:
In file included from src/nw4r/lyt/animation.h:3:
src/nw4r/lyt/common.h:14:28: warning: comparison of different enumeration types ('_GXTexFmt' (aka 'GXTexFmt') and 'GXCITexFmt') is deprecated [-Wdeprecated-enum-compare]
   14 |                 return fmt == GX_TF_C4 || fmt == GX_TF_C8 || fmt == GX_TF_C14X2;
      |                        ~~~ ^  ~~~~~~~~
src/nw4r/lyt/common.h:14:47: warning: comparison of different enumeration types ('_GXTexFmt' (aka 'GXTexFmt') and 'GXCITexFmt') is deprecated [-Wdeprecated-enum-compare]
   14 |                 return fmt == GX_TF_C4 || fmt == GX_TF_C8 || fmt == GX_TF_C14X2;
      |                                           ~~~ ^  ~~~~~~~~
src/nw4r/lyt/common.h:14:66: warning: comparison of different enumeration types ('_GXTexFmt' (aka 'GXTexFmt') and 'GXCITexFmt') is deprecated [-Wdeprecated-enum-compare]
   14 |                 return fmt == GX_TF_C4 || fmt == GX_TF_C8 || fmt == GX_TF_C14X2;
      |                                                              ~~~ ^  ~~~~~~~~~~~
In file included from src/nw4r/lyt/lyt_window.cpp:1:
In file included from src/nw4r/lyt/layout.h:4:
In file included from src/nw4r/lyt/group.h:4:
src/nw4r/lyt/pane.h:37:37: warning: 'offsetof' on non-standard-layout type 'detail::PaneBase' [-Winvalid-offsetof][0m
[0m[38;5;2;1m[ 67%]:[0m [38;5;5;1m<smg-pc-game>[0m cache compiling.debug src/resource/J3dModelResource.cpp[0m
[0m[38;5;2;1m[ 67%]:[0m [38;5;5;1m<smg-pc-game>[0m cache compiling.debug src/resource/TplTexture.cpp[0m
[0m[38;5;2;1m[ 67%]:[0m [38;5;5;1m<smg-pc-game>[0m cache compiling.debug src/resource/BmgMessageArchive.cpp[0m
[0m[38;5;2;1m[ 67%]:[0m [38;5;5;1m<smg-pc-game>[0m cache compiling.debug src/resource/NativeTextureImage.cpp[0m
[0m[38;5;2;1m[ 67%]:[0m [38;5;5;1m<smg-pc-game>[0m cache compiling.debug src/resource/BasResource.cpp[0m
[0m[38;5;2;1m[ 67%]:[0m [38;5;5;1m<smg-pc-game>[0m cache compiling.debug src/resource/J3dAllocationIdentity.cpp[0m
[0m[38;5;2;1m[ 67%]:[0m [38;5;5;1m<smg-pc-game>[0m cache compiling.debug src/resource/J3dTextureData.cpp[0m
[0m[38;5;2;1m[ 68%]:[0m [38;5;5;1m<smg-pc-game>[0m cache compiling.debug src/resource/Yaz0.cpp[0m
[0m[38;5;2;1m[ 68%]:[0m [38;5;5;1m<smg-pc-game>[0m cache compiling.debug src/resource/EmbeddedGameTables.cpp[0m
[0m[38;5;2;1m[ 68%]:[0m [38;5;5;1m<smg-pc-game>[0m cache compiling.debug src/resource/J3dNameData.cpp[0m
[0m[38;5;2;1m[ 68%]:[0m [38;5;5;1m<smg-pc-game>[0m cache compiling.debug src/resource/JMapResource.cpp[0m
[0m[38;5;2;1m[ 68%]:[0m [38;5;5;1m<smg-pc-game>[0m cache compiling.debug src/resource/J3dAnimationResource.cpp[0m
[0m[38;5;2;1m[ 68%]:[0m [38;5;5;1m<smg-pc-game>[0m cache compiling.debug src/resource/J3dMaterialTableData.cpp[0m
[0m[38;5;2;1m[ 68%]:[0m [38;5;5;1m<smg-pc-game>[0m cache compiling.debug src/resource/GameResourceRuntime.cpp[0m
[0m[38;5;2;1m[ 68%]:[0m [38;5;5;1m<smg-pc-game>[0m cache compiling.debug src/resource/TextEncoding.cpp[0m
[0m[38;5;2;1m[ 68%]:[0m [38;5;5;1m<smg-pc-game>[0m cache compiling.debug src/resource/KCollisionResource.cpp[0m
[0m[38;5;2;1m[ 68%]:[0m [38;5;5;1m<smg-pc-game>[0m cache compiling.debug src/resource/BcsvTable.cpp[0m
[0m[38;5;2;1m[ 68%]:[0m [38;5;5;1m<smg-pc-game>[0m cache compiling.debug src/resource/J3dGeometryData.cpp[0m
[0m[38;5;2;1m[ 68%]:[0m [38;5;5;1m<smg-pc-game>[0m cache compiling.debug src/resource/TplTextureData.cpp[0m
[0m[38;5;2;1m[ 68%]:[0m [38;5;5;1m<smg-pc-game>[0m cache compiling.debug src/resource/Mem1ResourceHeap.cpp[0m
[0m[38;5;2;1m[ 68%]:[0m [38;5;5;1m<smg-pc-game>[0m cache compiling.debug src/resource/BtiTextureData.cpp[0m
[0m[38;5;2;1m[ 69%]:[0m [38;5;5;1m<smg-pc-game>[0m cache compiling.debug src/resource/J3dMaterialBlockData.cpp[0m
[0m[38;5;2;1m[ 69%]:[0m [38;5;5;1m<smg-pc-game>[0m cache compiling.debug src/resource/J3dJointData.cpp[0m
[0m[38;5;3;1msrc/layout/NativeLayoutResource.cpp:103:33: warning: first argument in call to 'memcpy' is a pointer to non-trivially copyable type 'nw4r::lyt::res::Pane' [-Wnontrivial-memcall]
  103 |                     std::memcpy(static_cast<nw4r::lyt::res::Pane*>(&text), out.data(), 76);
      |                                 ^
src/layout/NativeLayoutResource.cpp:103:33: note: explicitly cast the pointer to silence this warning
  103 |                     std::memcpy(static_cast<nw4r::lyt::res::Pane*>(&text), out.data(), 76);
      |                                 ^
      |                                 (void*)
1 warning generated.[0m
[0m[38;5;2;1m[ 69%]:[0m [38;5;5;1m<smg-pc-game>[0m cache compiling.debug src/resource/RarcArchive.cpp[0m
[0m[38;5;2;1m[ 69%]:[0m [38;5;5;1m<smg-pc-game>[0m cache compiling.debug src/resource/NativeBmgResource.cpp[0m
[0m[38;5;2;1m[ 69%]:[0m [38;5;5;1m<smg-pc-game>[0m cache compiling.debug src/resource/J3dTransformAnimation.cpp[0m
[0m[38;5;2;1m[ 69%]:[0m [38;5;5;1m<smg-pc-game>[0m cache compiling.debug src/runtime/RuntimeServices.cpp[0m
[0m[38;5;3;1mIn file included from src/resource/J3dModelResource.cpp:11:
In file included from src/JSystem/J3DGraphAnimator/J3DJoint.hpp:4:
In file included from src/JSystem/J3DGraphBase/J3DMaterial.hpp:3:
src/JSystem/J3DGraphBase/J3DMatBlock.hpp:248:35: warning: result of comparison of constant 65535 with expression of type 'const u8' (aka 'const unsigned char') is always false [-Wtautological-constant-out-of-range-compare]
  248 |         u32 ambSrc = info.mAmbSrc == 0xFFFF ? 0 : info.mAmbSrc;
      |                      ~~~~~~~~~~~~ ^  ~~~~~~
1 warning generated.[0m
[0m[38;5;2;1m[ 69%]:[0m [38;5;5;1m<smg-pc-game>[0m cache compiling.debug src/runtime/MessageHolderOwnership.cpp[0m
[0m[38;5;2;1m[ 69%]:[0m [38;5;5;1m<smg-pc-game>[0m cache compiling.debug src/runtime/SystemConfigService.cpp[0m
[0m[38;5;2;1m[ 69%]:[0m [38;5;5;1m<smg-pc-game>[0m cache compiling.debug src/runtime/ArchiveMountService.cpp[0m
[0m[38;5;2;1m[ 69%]:[0m [38;5;5;1m<smg-pc-game>[0m cache compiling.debug src/runtime/ConsoleNandImport.cpp[0m
[0m[38;5;3;1mIn file included from src/resource/J3dMaterialTableData.cpp:6:
In file included from src/JSystem/J3DGraphBase/J3DMaterial.hpp:3:
src/JSystem/J3DGraphBase/J3DMatBlock.hpp:248:35: warning: result of comparison of constant 65535 with expression of type 'const u8' (aka 'const unsigned char') is always false [-Wtautological-constant-out-of-range-compare]
  248 |         u32 ambSrc = info.mAmbSrc == 0xFFFF ? 0 : info.mAmbSrc;
      |                      ~~~~~~~~~~~~ ^  ~~~~~~
1 warning generated.[0m
[0m[38;5;2;1m[ 69%]:[0m [38;5;5;1m<smg-pc-game>[0m cache compiling.debug src/runtime/OriginalProcessTrace.cpp[0m
[0m[38;5;2;1m[ 69%]:[0m [38;5;5;1m<smg-pc-game>[0m cache compiling.debug src/runtime/SceneScheduler.cpp[0m
[0m[38;5;2;1m[ 69%]:[0m [38;5;5;1m<smg-pc-game>[0m cache compiling.debug src/runtime/JAudioPlaybackService.cpp[0m
[0m[38;5;2;1m[ 69%]:[0m [38;5;5;1m<smg-pc-game>[0m cache compiling.debug src/runtime/ParticleResourceOwnership.cpp[0m
[0m[38;5;2;1m[ 70%]:[0m [38;5;5;1m<smg-pc-game>[0m cache compiling.debug src/runtime/DebugWpadInputScript.cpp[0m
[0m[38;5;3;1mIn file included from src/resource/J3dJointData.cpp:5:
In file included from src/JSystem/J3DGraphAnimator/J3DJoint.hpp:4:
In file included from src/JSystem/J3DGraphBase/J3DMaterial.hpp:3:
src/JSystem/J3DGraphBase/J3DMatBlock.hpp:248:35: warning: result of comparison of constant 65535 with expression of type 'const u8' (aka 'const unsigned char') is always false [-Wtautological-constant-out-of-range-compare]
  248 |         u32 ambSrc = info.mAmbSrc == 0xFFFF ? 0 : info.mAmbSrc;
      |                      ~~~~~~~~~~~~ ^  ~~~~~~
1 warning generated.[0m
[0m[38;5;2;1m[ 70%]:[0m [38;5;5;1m<smg-pc-game>[0m cache compiling.debug src/runtime/WiiIosService.cpp[0m
[0m[38;5;2;1m[ 70%]:[0m [38;5;5;1m<smg-pc-game>[0m cache compiling.debug src/runtime/rfl/RVLFaceLib.cpp[0m
[0m[38;5;2;1m[ 70%]:[0m [38;5;5;1m<smg-pc-game>[0m cache compiling.debug src/runtime/RuntimeContext.cpp[0m
[0m[38;5;2;1m[ 70%]:[0m [38;5;5;1m<smg-pc-game>[0m cache compiling.debug src/runtime/DebugWpadInputFile.cpp[0m
[0m[38;5;2;1m[ 70%]:[0m [38;5;5;1m<smg-pc-game>[0m cache compiling.debug src/runtime/ParityTrace.cpp[0m
[0m[38;5;2;1m[ 70%]:[0m [38;5;5;1m<smg-pc-game>[0m cache compiling.debug src/runtime/WiiPlatformService.cpp[0m
[0m[38;5;3;1mIn file included from src/layout/Nw4rLayoutRecords.cpp:8:
In file included from src/nw4r/lyt/group.h:4:
src/nw4r/lyt/pane.h:37:37: warning: 'offsetof' on non-standard-layout type 'detail::PaneBase' [-Winvalid-offsetof]
   37 |         typedef ut::LinkList< Pane, __builtin_offsetof(detail::PaneBase, mLink) > PaneList;
      |                                     ^                                    ~~~~~
In file included from src/layout/Nw4rLayoutRecords.cpp:8:
src/nw4r/lyt/group.h:55:37: warning: 'offsetof' on non-standard-layout type 'Group' [-Winvalid-offsetof]
   55 |         typedef ut::LinkList<Group, __builtin_offsetof(Group, mLink)> GroupList;
      |                                     ^                         ~~~~~
In file included from src/layout/Nw4rLayoutRecords.cpp:9:
In file included from src/nw4r/lyt/textBox.h:3:
src/nw4r/lyt/common.h:14:28: warning: comparison of different enumeration types ('_GXTexFmt' (aka 'GXTexFmt') and 'GXCITexFmt') is deprecated [-Wdeprecated-enum-compare]
   14 |                 return fmt == GX_TF_C4 || fmt == GX_TF_C8 || fmt == GX_TF_C14X2;
      |                        ~~~ ^  ~~~~~~~~
src/nw4r/lyt/common.h:14:47: warning: comparison of different enumeration types ('_GXTexFmt' (aka 'GXTexFmt') and 'GXCITexFmt') is deprecated [-Wdeprecated-enum-compare]
   14 |                 return fmt == GX_TF_C4 || fmt == GX_TF_C8 || fmt == GX_TF_C14X2;[0m
[0m[38;5;2;1m[ 70%]:[0m [38;5;5;1m<smg-pc-game>[0m cache compiling.debug src/runtime/jut/OriginalDisplayLifetime.cpp[0m
[0m[38;5;2;1m[ 70%]:[0m [38;5;5;1m<smg-pc-game>[0m cache compiling.debug src/runtime/jut/JutTexture.cpp[0m
[0m[38;5;2;1m[ 70%]:[0m [38;5;5;1m<smg-pc-game>[0m cache compiling.debug src/runtime/RflService.cpp[0m
[0m[38;5;2;1m[ 70%]:[0m [38;5;5;1m<smg-pc-game>[0m cache compiling.debug src/runtime/ScenarioCatalogOwnership.cpp[0m
[0m[38;5;2;1m[ 70%]:[0m [38;5;5;1m<smg-pc-game>[0m cache compiling.debug src/scene/StagePlacementResolver.cpp[0m
[0m[38;5;2;1m[ 70%]:[0m [38;5;5;1m<smg-pc-game>[0m cache compiling.debug src/scene/SceneLifetimeBinding.cpp[0m
[0m[38;5;2;1m[ 70%]:[0m [38;5;5;1m<smg-pc-game>[0m cache compiling.debug src/scene/SceneDrawBufferService.cpp[0m
[0m[38;5;2;1m[ 71%]:[0m [38;5;5;1m<smg-pc-game>[0m cache compiling.debug src/scene/OriginalSceneSupport.cpp[0m
[0m[38;5;3;1mIn file included from src/layout/LayoutManagerCompat.cpp:29:
In file included from src/nw4r/lyt/group.h:4:
src/nw4r/lyt/pane.h:37:37: warning: 'offsetof' on non-standard-layout type 'detail::PaneBase' [-Winvalid-offsetof]
   37 |         typedef ut::LinkList< Pane, __builtin_offsetof(detail::PaneBase, mLink) > PaneList;
      |                                     ^                                    ~~~~~
In file included from src/layout/LayoutManagerCompat.cpp:29:
src/nw4r/lyt/group.h:55:37: warning: 'offsetof' on non-standard-layout type 'Group' [-Winvalid-offsetof]
   55 |         typedef ut::LinkList<Group, __builtin_offsetof(Group, mLink)> GroupList;
      |                                     ^                         ~~~~~
In file included from src/layout/LayoutManagerCompat.cpp:36:
In file included from src/Game/Screen/LayoutCoreUtil.hpp:5:
In file included from src/nw4r/lyt/textBox.h:3:
src/nw4r/lyt/common.h:14:28: warning: comparison of different enumeration types ('_GXTexFmt' (aka 'GXTexFmt') and 'GXCITexFmt') is deprecated [-Wdeprecated-enum-compare]
   14 |                 return fmt == GX_TF_C4 || fmt == GX_TF_C8 || fmt == GX_TF_C14X2;
      |                        ~~~ ^  ~~~~~~~~
src/nw4r/lyt/common.h:14:47: warning: comparison of different enumeration types ('_GXTexFmt' (aka 'GXTexFmt') and 'GXCITexFmt') is deprecated [-Wdeprecated-enum-compare][0m
[0m[38;5;2;1m[ 71%]:[0m [38;5;5;1m<smg-pc-game>[0m cache compiling.debug src/scene/SceneInitializationState.cpp[0m
[0m[38;5;2;1m[ 71%]:[0m [38;5;5;1m<smg-pc-game>[0m cache compiling.debug src/scene/StageCollisionService.cpp[0m
[0m[38;5;2;1m[ 71%]:[0m [38;5;5;1m<smg-pc-game>[0m cache compiling.debug src/scene/SceneNameObjRegistry.cpp[0m
[0m[38;5;2;1m[ 71%]:[0m [38;5;5;1m<smg-pc-game>[0m cache compiling.debug src/scene/AreaObjRuntime.cpp[0m
[0m[38;5;2;1m[ 71%]:[0m [38;5;5;1m<smg-pc-game>[0m cache compiling.debug src/scene/nameobj/ObjectNameTable.cpp[0m
[0m[38;5;2;1m[ 71%]:[0m [38;5;5;1m<smg-pc-game>[0m cache compiling.debug src/scene/nameobj/NameObjFactory.cpp[0m
[0m[38;5;3;1mIn file included from src/layout/LayoutRuntime.cpp:27:
src/nw4r/lyt/pane.h:37:37: warning: 'offsetof' on non-standard-layout type 'detail::PaneBase' [-Winvalid-offsetof]
   37 |         typedef ut::LinkList< Pane, __builtin_offsetof(detail::PaneBase, mLink) > PaneList;
      |                                     ^                                    ~~~~~
1 warning generated.[0m
[0m[38;5;2;1m[ 71%]:[0m [38;5;5;1m<smg-pc-game>[0m cache compiling.debug src/scene/nameobj/PlanetMapCatalog.cpp[0m
[0m[38;5;2;1m[ 71%]:[0m [38;5;5;1m<smg-pc-game>[0m cache compiling.debug src/scene/NameObjChildOwner.cpp[0m
[0m[38;5;3;1mIn file included from src/scene/SceneDrawBufferService.cpp:10:
src/Game/Util/Functor.hpp:114:105: warning: GCC does not allow 'noinline' attribute in this position on a function definition [-Wgcc-compat]
  114 |     static FunctorV1M< T*, void (T::*)(U), U > Functor(T* a1, void (T::*a2)(U), U arg_0) __attribute__((noinline)) {
      |                                                                                                         ^
1 warning generated.[0m
[0m[38;5;2;1m[ 71%]:[0m [38;5;5;1m<smg-pc-game>[0m cache compiling.debug src/scene/PlacementZoneScope.cpp[0m
[0m[38;5;2;1m[ 71%]:[0m [38;5;5;1m<smg-pc-game>[0m cache compiling.debug src/scene/SceneExecutionBinding.cpp[0m
[0m[38;5;2;1m[ 71%]:[0m [38;5;5;1m<smg-pc-game>[0m cache compiling.debug src/scene/GameSceneBinding.cpp[0m
[0m[38;5;2;1m[ 71%]:[0m [38;5;5;1m<smg-pc-game>[0m cache compiling.debug src/scene/OriginalPlacementCoverage.cpp[0m
[0m[38;5;3;1mIn file included from src/resource/J3dMaterialBlockData.cpp:6:
In file included from src/JSystem/J3DGraphBase/J3DMaterial.hpp:3:
src/JSystem/J3DGraphBase/J3DMatBlock.hpp:248:35: warning: result of comparison of constant 65535 with expression of type 'const u8' (aka 'const unsigned char') is always false [-Wtautological-constant-out-of-range-compare]
  248 |         u32 ambSrc = info.mAmbSrc == 0xFFFF ? 0 : info.mAmbSrc;
      |                      ~~~~~~~~~~~~ ^  ~~~~~~
src/resource/J3dMaterialBlockData.cpp:185:33: warning: first argument in call to 'memcpy' is a pointer to non-trivially copyable type 'J3DIndInitData' [-Wnontrivial-memcall]
  185 |                     std::memcpy(&records[i], row.data(), stride);
      |                                 ^
src/resource/J3dMaterialBlockData.cpp:230:47: note: in instantiation of function template specialization 'smgpc::resource::(anonymous namespace)::Decoder<J3DMaterialBlock>::table<J3DIndInitData, (lambda at src/resource/J3dMaterialBlockData.cpp:230:82)>' requested here
  230 |                 block.mpIndInitData = decoder.table<J3DIndInitData>(0x18, 0x138, [](auto& value, Bytes row) {
      |                                               ^
src/resource/J3dMaterialBlockData.cpp:185:33: note: explicitly cast the pointer to silence this warning
  185 |                     std::memcpy(&records[i], row.data(), stride);
      |                                 ^
      |                                 (void*)
src/resource/J3dMaterialBlockData.cpp:185:33: warning: first argument in call to 'memcpy' is a pointer to non-trivially copyable type 'J3DTexCoordInfo' [-Wnontrivial-memcall][0m
[0m[38;5;2;1m[ 71%]:[0m [38;5;5;1m<smg-pc-game>[0m cache compiling.debug src/scene/StageLightSceneBinding.cpp[0m
[0m[38;5;2;1m[ 72%]:[0m [38;5;5;1m<smg-pc-game>[0m cache compiling.debug src/scene/StageEventCameraBinding.cpp[0m
[0m[38;5;2;1m[ 72%]:[0m [38;5;5;1m<smg-pc-game>[0m cache compiling.debug src/compat/OriginalTripodBossQuery.cpp[0m
[0m[38;5;2;1m[ 72%]:[0m [38;5;5;1m<smg-pc-game>[0m cache compiling.debug src/compat/OriginalModelMaterialHelpers.cpp[0m
[0m[38;5;2;1m[ 72%]:[0m [38;5;5;1m<smg-pc-game>[0m cache compiling.debug src/compat/HitInfoCompat.cpp[0m
[0m[38;5;3;1mIn file included from src/scene/GameSceneBinding.cpp:8:
src/Game/Util/Functor.hpp:114:105: warning: GCC does not allow 'noinline' attribute in this position on a function definition [-Wgcc-compat]
  114 |     static FunctorV1M< T*, void (T::*)(U), U > Functor(T* a1, void (T::*a2)(U), U arg_0) __attribute__((noinline)) {
      |                                                                                                         ^
1 warning generated.[0m
[0m[38;5;2;1m[ 72%]:[0m [38;5;5;1m<smg-pc-game>[0m cache compiling.debug src/compat/OriginalModelBounds.cpp[0m
[0m[38;5;2;1m[ 72%]:[0m [38;5;5;1m<smg-pc-game>[0m cache compiling.debug src/compat/ActorRuntimeRegistry.cpp[0m
[0m[38;5;3;1msrc/compat/OriginalTripodBossQuery.cpp:11:53: warning: GCC does not allow 'noinline' attribute in this position on a function definition [-Wgcc-compat]
   11 |     s32 convertBoneIDToIndex(s32 id) __attribute__((noinline)) {
      |                                                     ^
1 warning generated.[0m
[0m[38;5;2;1m[ 72%]:[0m [38;5;5;1m<smg-pc-game>[0m cache compiling.debug src/compat/J3DAnmLoaderCompat.cpp[0m
[0m[38;5;2;1m[ 72%]:[0m [38;5;5;1m<smg-pc-game>[0m cache compiling.debug src/compat/StarPointerDepthOwnership.cpp[0m
[0m[38;5;2;1m[ 72%]:[0m [38;5;5;1m<smg-pc-game>[0m cache compiling.debug src/compat/JAudioSoundParameterSemantics.cpp[0m
[0m[38;5;2;1m[ 72%]:[0m [38;5;5;1m<smg-pc-game>[0m cache compiling.debug src/compat/TalkDirectorLifetime.cpp[0m
[0m[38;5;3;1mIn file included from src/compat/OriginalModelMaterialHelpers.cpp:11:
In file included from src/JSystem/J3DGraphBase/J3DMaterial.hpp:3:
src/JSystem/J3DGraphBase/J3DMatBlock.hpp:248:35: warning: result of comparison of constant 65535 with expression of type 'const u8' (aka 'const unsigned char') is always false [-Wtautological-constant-out-of-range-compare]
  248 |         u32 ambSrc = info.mAmbSrc == 0xFFFF ? 0 : info.mAmbSrc;
      |                      ~~~~~~~~~~~~ ^  ~~~~~~
1 warning generated.[0m
[0m[38;5;2;1m[ 72%]:[0m [38;5;5;1m<smg-pc-game>[0m cache compiling.debug src/compat/jaudio/JasAramStreamPlatform.cpp[0m
[0m[38;5;2;1m[ 72%]:[0m [38;5;5;1m<smg-pc-game>[0m cache compiling.debug src/compat/jaudio/JasGenericPoolPlatform.cpp[0m
[0m[38;5;2;1m[ 72%]:[0m [38;5;5;1m<smg-pc-game>[0m cache compiling.debug src/compat/jaudio/JasStreamPcmBackend.cpp[0m
[0m[38;5;2;1m[ 72%]:[0m [38;5;5;1m<smg-pc-game>[0m cache compiling.debug src/compat/LightUtilCompat.cpp[0m
[0m[38;5;2;1m[ 73%]:[0m [38;5;5;1m<smg-pc-game>[0m cache compiling.debug src/compat/J3DStructCompat.cpp[0m
[0m[38;5;3;1mIn file included from src/compat/OriginalModelBounds.cpp:7:
In file included from src/JSystem/J3DGraphAnimator/J3DJoint.hpp:4:
In file included from src/JSystem/J3DGraphBase/J3DMaterial.hpp:3:
src/JSystem/J3DGraphBase/J3DMatBlock.hpp:248:35: warning: result of comparison of constant 65535 with expression of type 'const u8' (aka 'const unsigned char') is always false [-Wtautological-constant-out-of-range-compare]
  248 |         u32 ambSrc = info.mAmbSrc == 0xFFFF ? 0 : info.mAmbSrc;
      |                      ~~~~~~~~~~~~ ^  ~~~~~~
1 warning generated.[0m
[0m[38;5;2;1m[ 73%]:[0m [38;5;5;1m<smg-pc-game>[0m cache compiling.debug src/compat/OriginalJPADraw.cpp[0m
[0m[38;5;2;1m[ 73%]:[0m [38;5;5;1m<smg-pc-game>[0m cache compiling.debug src/compat/DisabledAudioSystemWrapper.cpp[0m
[0m[38;5;2;1m[ 73%]:[0m [38;5;5;1m<smg-pc-game>[0m cache compiling.debug src/compat/AudioFacadeCompat.cpp[0m
[0m[38;5;2;1m[ 73%]:[0m [38;5;5;1m<smg-pc-game>[0m cache compiling.debug src/compat/OriginalStarPointerOwnerQueries.cpp[0m
[0m[38;5;2;1m[ 73%]:[0m [38;5;5;1m<smg-pc-game>[0m cache compiling.debug src/compat/J3DMaterialAnimationCompat.cpp[0m
[0m[38;5;2;1m[ 73%]:[0m [38;5;5;1m<smg-pc-game>[0m cache compiling.debug src/compat/FileUtilCompat.cpp[0m
[0m[38;5;2;1m[ 73%]:[0m [38;5;5;1m<smg-pc-game>[0m cache compiling.debug src/compat/CameraLocalUtilRuntime.cpp[0m
[0m[38;5;2;1m[ 73%]:[0m [38;5;5;1m<smg-pc-game>[0m cache compiling.debug src/compat/OriginalDynamicCollisionObj.cpp[0m
[0m[38;5;2;1m[ 73%]:[0m [38;5;5;1m<smg-pc-game>[0m cache compiling.debug src/compat/JAudioCategoryVolumeOwnership.cpp[0m
[0m[38;5;2;1m[ 73%]:[0m [38;5;5;1m<smg-pc-game>[0m cache compiling.debug src/compat/OriginalSceneDrawUtil.cpp[0m
[0m[38;5;3;1mIn file included from src/runtime/SceneScheduler.cpp:17:
In file included from src/compat/SceneJ3dScope.hpp:4:
In file included from src/JSystem/J3DGraphAnimator/J3DJoint.hpp:4:
In file included from src/JSystem/J3DGraphBase/J3DMaterial.hpp:3:
src/JSystem/J3DGraphBase/J3DMatBlock.hpp:248:35: warning: result of comparison of constant 65535 with expression of type 'const u8' (aka 'const unsigned char') is always false [-Wtautological-constant-out-of-range-compare]
  248 |         u32 ambSrc = info.mAmbSrc == 0xFFFF ? 0 : info.mAmbSrc;
      |                      ~~~~~~~~~~~~ ^  ~~~~~~
1 warning generated.[0m
[0m[38;5;2;1m[ 73%]:[0m [38;5;5;1m<smg-pc-game>[0m cache compiling.debug src/compat/OriginalModelAccess.cpp[0m
[0m[38;5;3;1mIn file included from src/runtime/RuntimeContext.cpp:8:
In file included from src/compat/SceneJ3dScope.hpp:4:
In file included from src/JSystem/J3DGraphAnimator/J3DJoint.hpp:4:
In file included from src/JSystem/J3DGraphBase/J3DMaterial.hpp:3:
src/JSystem/J3DGraphBase/J3DMatBlock.hpp:248:35: warning: result of comparison of constant 65535 with expression of type 'const u8' (aka 'const unsigned char') is always false [-Wtautological-constant-out-of-range-compare]
  248 |         u32 ambSrc = info.mAmbSrc == 0xFFFF ? 0 : info.mAmbSrc;
      |                      ~~~~~~~~~~~~ ^  ~~~~~~
1 warning generated.[0m
[0m[38;5;2;1m[ 73%]:[0m [38;5;5;1m<smg-pc-game>[0m cache compiling.debug src/compat/ModelFogCompat.cpp[0m
[0m[38;5;2;1m[ 73%]:[0m [38;5;5;1m<smg-pc-game>[0m cache compiling.debug src/compat/SceneInitializationCompat.cpp[0m
[0m[38;5;2;1m[ 73%]:[0m [38;5;5;1m<smg-pc-game>[0m cache compiling.debug src/compat/OriginalMirrorReflectionUtil.cpp[0m
[0m[38;5;2;1m[ 74%]:[0m [38;5;5;1m<smg-pc-game>[0m cache compiling.debug src/compat/OriginalMatrixTransforms.cpp[0m
[0m[38;5;2;1m[ 74%]:[0m [38;5;5;1m<smg-pc-game>[0m cache compiling.debug src/compat/J3dCommandScope.cpp[0m
[0m[38;5;2;1m[ 74%]:[0m [38;5;5;1m<smg-pc-game>[0m cache compiling.debug src/compat/OriginalActorBckControl.cpp[0m
[0m[38;5;2;1m[ 74%]:[0m [38;5;5;1m<smg-pc-game>[0m cache compiling.debug src/compat/DemoDirectorOwnership.cpp[0m
[0m[38;5;2;1m[ 74%]:[0m [38;5;5;1m<smg-pc-game>[0m cache compiling.debug src/compat/OriginalClearZBuffer.cpp[0m
[0m[38;5;3;1mIn file included from src/compat/J3DMaterialAnimationCompat.cpp:3:
In file included from src/JSystem/J3DGraphBase/J3DMaterial.hpp:3:
src/JSystem/J3DGraphBase/J3DMatBlock.hpp:248:35: warning: result of comparison of constant 65535 with expression of type 'const u8' (aka 'const unsigned char') is always false [-Wtautological-constant-out-of-range-compare]
  248 |         u32 ambSrc = info.mAmbSrc == 0xFFFF ? 0 : info.mAmbSrc;
      |                      ~~~~~~~~~~~~ ^  ~~~~~~
1 warning generated.[0m
[0m[38;5;2;1m[ 74%]:[0m [38;5;5;1m<smg-pc-game>[0m cache compiling.debug src/compat/GlobalGravityOwnership.cpp[0m
[0m[38;5;2;1m[ 74%]:[0m [38;5;5;1m<smg-pc-game>[0m cache compiling.debug src/compat/PPCArchCompat.cpp[0m
[0m[38;5;2;1m[ 74%]:[0m [38;5;5;1m<smg-pc-game>[0m cache compiling.debug src/compat/StageScenarioMetadataResolver.cpp[0m
[0m[38;5;2;1m[ 74%]:[0m [38;5;5;1m<smg-pc-game>[0m cache compiling.debug src/compat/OriginalNameObjExecuteHolder.cpp[0m
[0m[38;5;2;1m[ 74%]:[0m [38;5;5;1m<smg-pc-game>[0m cache compiling.debug src/compat/StageZoneMatrixRegistry.cpp[0m
[0m[38;5;3;1mIn file included from src/compat/OriginalDynamicCollisionObj.cpp:11:
In file included from src/Game/Util.hpp:18:
src/Game/Util/Functor.hpp:114:105: warning: GCC does not allow 'noinline' attribute in this position on a function definition [-Wgcc-compat]
  114 |     static FunctorV1M< T*, void (T::*)(U), U > Functor(T* a1, void (T::*a2)(U), U arg_0) __attribute__((noinline)) {
      |                                                                                                         ^
1 warning generated.[0m
[0m[38;5;2;1m[ 74%]:[0m [38;5;5;1m<smg-pc-game>[0m cache compiling.debug src/compat/JMapUtilCompat.cpp[0m
[0m[38;5;2;1m[ 74%]:[0m [38;5;5;1m<smg-pc-game>[0m cache compiling.debug src/compat/J3dSystemCompat.cpp[0m
[0m[38;5;2;1m[ 74%]:[0m [38;5;5;1m<smg-pc-game>[0m cache compiling.debug src/compat/OriginalKCollisionCompat.cpp[0m
[0m[38;5;3;1mIn file included from src/compat/OriginalModelAccess.cpp:13:
In file included from src/JSystem/J3DGraphAnimator/J3DJoint.hpp:4:
In file included from src/JSystem/J3DGraphBase/J3DMaterial.hpp:3:
src/JSystem/J3DGraphBase/J3DMatBlock.hpp:248:35: warning: result of comparison of constant 65535 with expression of type 'const u8' (aka 'const unsigned char') is always false [-Wtautological-constant-out-of-range-compare]
  248 |         u32 ambSrc = info.mAmbSrc == 0xFFFF ? 0 : info.mAmbSrc;
      |                      ~~~~~~~~~~~~ ^  ~~~~~~
1 warning generated.[0m
[0m[38;5;2;1m[ 74%]:[0m [38;5;5;1m<smg-pc-game>[0m cache compiling.debug src/compat/NativePcmSound.cpp[0m
[0m[38;5;3;1mIn file included from src/compat/OriginalMirrorReflectionUtil.cpp:9:
In file included from src/JSystem/J3DGraphBase/J3DMaterial.hpp:3:
src/JSystem/J3DGraphBase/J3DMatBlock.hpp:248:35: warning: result of comparison of constant 65535 with expression of type 'const u8' (aka 'const unsigned char') is always false [-Wtautological-constant-out-of-range-compare]
  248 |         u32 ambSrc = info.mAmbSrc == 0xFFFF ? 0 : info.mAmbSrc;
      |                      ~~~~~~~~~~~~ ^  ~~~~~~
1 warning generated.[0m
[0m[38;5;2;1m[ 75%]:[0m [38;5;5;1m<smg-pc-game>[0m cache compiling.debug src/compat/OriginalActorShadowQueries.cpp[0m
[0m[38;5;2;1m[ 75%]:[0m [38;5;5;1m<smg-pc-game>[0m cache compiling.debug src/compat/OriginalBinderQueries.cpp[0m
[0m[38;5;2;1m[ 75%]:[0m [38;5;5;1m<smg-pc-game>[0m cache compiling.debug src/compat/MessageUtilCompat.cpp[0m
[0m[38;5;2;1m[ 75%]:[0m [38;5;5;1m<smg-pc-game>[0m cache compiling.debug src/compat/OriginalAudioVolumeController.cpp[0m
[0m[38;5;2;1m[ 75%]:[0m [38;5;5;1m<smg-pc-game>[0m cache compiling.debug src/compat/ActorShadowCsvCompat.cpp[0m
[0m[38;5;2;1m[ 75%]:[0m [38;5;5;1m<smg-pc-game>[0m cache compiling.debug src/compat/OriginalCollisionPartsCompat.cpp[0m
[0m[38;5;2;1m[ 75%]:[0m [38;5;5;1m<smg-pc-game>[0m cache compiling.debug src/compat/OriginalShadowVolumeDraw.cpp[0m
[0m[38;5;3;1msrc/compat/JMapUtilCompat.cpp:7:101: warning: GCC does not allow 'noinline' attribute in this position on a function definition [-Wgcc-compat]
    7 |     bool getJMapInfoRailArg(const JMapInfoIter& rIter, const char* pName, s32* pOut) __attribute__((noinline)) {
      |                                                                                                     ^
src/compat/JMapUtilCompat.cpp:30:9: warning: ignoring return value of function declared with 'nodiscard' attribute [-Wunused-result]
   30 |         rIter.getValue<const char*>("usage", &usage);
      |         ^~~~~~~~~~~~~~~~~~~~~~~~~~~~~~~~~~~~~~~~~~~~
2 warnings generated.[0m
[0m[38;5;2;1m[ 75%]:[0m [38;5;5;1m<smg-pc-game>[0m cache compiling.debug src/compat/OriginalJPAEmitterInit.cpp[0m
[0m[38;5;2;1m[ 75%]:[0m [38;5;5;1m<smg-pc-game>[0m cache compiling.debug src/compat/OriginalBinderFilterUtil.cpp[0m
[0m[38;5;2;1m[ 75%]:[0m [38;5;5;1m<smg-pc-game>[0m cache compiling.debug src/compat/OriginalMtxGeometry.cpp[0m
[0m[38;5;2;1m[ 75%]:[0m [38;5;5;1m<smg-pc-game>[0m cache compiling.debug src/compat/WPadOwnership.cpp[0m
[0m[38;5;2;1m[ 75%]:[0m [38;5;5;1m<smg-pc-game>[0m cache compiling.debug src/compat/OriginalLiveActorGroupUtil.cpp[0m
[0m[38;5;2;1m[ 75%]:[0m [38;5;5;1m<smg-pc-game>[0m cache compiling.debug src/compat/OriginalJointAccess.cpp[0m
[0m[38;5;2;1m[ 75%]:[0m [38;5;5;1m<smg-pc-game>[0m cache compiling.debug src/compat/OriginalAlphaClear.cpp[0m
[0m[38;5;2;1m[ 76%]:[0m [38;5;5;1m<smg-pc-game>[0m cache compiling.debug src/compat/SystemConfigSdkCompat.cpp[0m
[0m[38;5;3;1mIn file included from src/compat/DemoDirectorOwnership.cpp:20:
src/Game/Util/Functor.hpp:114:105: warning: GCC does not allow 'noinline' attribute in this position on a function definition [-Wgcc-compat]
  114 |     static FunctorV1M< T*, void (T::*)(U), U > Functor(T* a1, void (T::*a2)(U), U arg_0) __attribute__((noinline)) {
      |                                                                                                         ^
1 warning generated.[0m
[0m[38;5;2;1m[ 76%]:[0m [38;5;5;1m<smg-pc-game>[0m cache compiling.debug src/compat/J3DGDCompat.cpp[0m
[0m[38;5;2;1m[ 76%]:[0m [38;5;5;1m<smg-pc-game>[0m cache compiling.debug src/compat/MaterialTextureModeCompat.cpp[0m
[0m[38;5;2;1m[ 76%]:[0m [38;5;5;1m<smg-pc-game>[0m cache compiling.debug src/compat/OriginalModelLightAccess.cpp[0m
[0m[38;5;2;1m[ 76%]:[0m [38;5;5;1m<smg-pc-game>[0m cache compiling.debug src/compat/JutTextureAllocation.cpp[0m
[0m[38;5;2;1m[ 76%]:[0m [38;5;5;1m<smg-pc-game>[0m cache compiling.debug src/compat/J3DFrameCtrlCompat.cpp[0m
[0m[38;5;2;1m[ 76%]:[0m [38;5;5;1m<smg-pc-game>[0m cache compiling.debug src/compat/J3DModelLoaderCompat.cpp[0m
[0m[38;5;2;1m[ 76%]:[0m [38;5;5;1m<smg-pc-game>[0m cache compiling.debug src/compat/OriginalSoundUtil.cpp[0m
[0m[38;5;3;1mIn file included from src/compat/OriginalShadowVolumeDraw.cpp:2:
In file included from src/JSystem/J3DGraphAnimator/J3DJoint.hpp:4:
In file included from src/JSystem/J3DGraphBase/J3DMaterial.hpp:3:
src/JSystem/J3DGraphBase/J3DMatBlock.hpp:248:35: warning: result of comparison of constant 65535 with expression of type 'const u8' (aka 'const unsigned char') is always false [-Wtautological-constant-out-of-range-compare]
  248 |         u32 ambSrc = info.mAmbSrc == 0xFFFF ? 0 : info.mAmbSrc;
      |                      ~~~~~~~~~~~~ ^  ~~~~~~
1 warning generated.[0m
[0m[38;5;2;1m[ 76%]:[0m [38;5;5;1m<smg-pc-game>[0m cache compiling.debug src/compat/OriginalStationedResourceManager.cpp[0m
[0m[38;5;2;1m[ 76%]:[0m [38;5;5;1m<smg-pc-game>[0m cache compiling.debug src/compat/ModelCreationCompat.cpp[0m
[0m[38;5;2;1m[ 76%]:[0m [38;5;5;1m<smg-pc-game>[0m cache compiling.debug src/compat/OriginalFurAccess.cpp[0m
[0m[38;5;2;1m[ 76%]:[0m [38;5;5;1m<smg-pc-game>[0m cache compiling.debug src/compat/OriginalImageEffectUtil.cpp[0m
[0m[38;5;2;1m[ 76%]:[0m [38;5;5;1m<smg-pc-game>[0m cache compiling.debug src/compat/DisabledObjectAudioService.cpp[0m
[0m[38;5;3;1msrc/compat/OriginalLiveActorGroupUtil.cpp:12:56: warning: GCC does not allow 'noinline' attribute in this position on a function definition [-Wgcc-compat]
   12 |     bool isShowModel(LiveActor* pActor) __attribute__((noinline)) {
      |                                                        ^
src/compat/OriginalLiveActorGroupUtil.cpp:16:100: warning: GCC does not allow 'noinline' attribute in this position on a function definition [-Wgcc-compat]
   16 |     void callFuncAllGroupMember(const LiveActor* pActor, void (*pFunc)(LiveActor*)) __attribute__((noinline)) {
      |                                                                                                    ^
src/compat/OriginalLiveActorGroupUtil.cpp:33:105: warning: GCC does not allow 'noinline' attribute in this position on a function definition [-Wgcc-compat]
   33 |     void callMethodAllGroupMember(const LiveActor* pActor, void (LiveActor::*pMethod)()) __attribute__((noinline)) {
      |                                                                                                         ^
src/compat/OriginalLiveActorGroupUtil.cpp:54:117: warning: GCC does not allow 'noinline' attribute in this position on a function definition [-Wgcc-compat]
   54 |     s32 countGroupMember< bool (*)(LiveActor*) >(const LiveActor* pActor, bool (*pPred)(LiveActor*)) __attribute__((noinline)) {
      |                                                                                                                     ^
src/compat/OriginalLiveActorGroupUtil.cpp:77:129: warning: GCC does not allow 'noinline' attribute in this position on a function definition [-Wgcc-compat]
   77 |     s32 countGroupMember< bool (*)(const LiveActor*) >(const LiveActor* pActor, bool (*pPred)(const LiveActor*)) __attribute__((noinline)) {
      |                                                                                                                                 ^
5 warnings generated.[0m
[0m[38;5;2;1m[ 76%]:[0m [38;5;5;1m<smg-pc-game>[0m cache compiling.debug src/compat/OriginalStarPointerDirector.cpp[0m
[0m[38;5;2;1m[ 77%]:[0m [38;5;5;1m<smg-pc-game>[0m cache compiling.debug src/compat/GameActorPhysicsCompat.cpp[0m
[0m[38;5;3;1mIn file included from src/compat/OriginalJointAccess.cpp:3:
In file included from src/JSystem/J3DGraphBase/J3DMaterial.hpp:3:
src/JSystem/J3DGraphBase/J3DMatBlock.hpp:248:35: warning: result of comparison of constant 65535 with expression of type 'const u8' (aka 'const unsigned char') is always false [-Wtautological-constant-out-of-range-compare]
  248 |         u32 ambSrc = info.mAmbSrc == 0xFFFF ? 0 : info.mAmbSrc;
      |                      ~~~~~~~~~~~~ ^  ~~~~~~
1 warning generated.[0m
[0m[38;5;2;1m[ 77%]:[0m [38;5;5;1m<smg-pc-game>[0m cache compiling.debug src/compat/OriginalJPAFields.cpp[0m
[0m[38;5;2;1m[ 77%]:[0m [38;5;5;1m<smg-pc-game>[0m cache compiling.debug src/compat/PlanetMapRuntimeCompat.cpp[0m
[0m[38;5;2;1m[ 77%]:[0m [38;5;5;1m<smg-pc-game>[0m cache compiling.debug src/compat/JAudioLimitedSoundOwnership.cpp[0m
[0m[38;5;3;1mIn file included from src/compat/MaterialTextureModeCompat.cpp:2:
In file included from src/JSystem/J3DGraphBase/J3DMaterial.hpp:3:
src/JSystem/J3DGraphBase/J3DMatBlock.hpp:248:35: warning: result of comparison of constant 65535 with expression of type 'const u8' (aka 'const unsigned char') is always false [-Wtautological-constant-out-of-range-compare]
  248 |         u32 ambSrc = info.mAmbSrc == 0xFFFF ? 0 : info.mAmbSrc;
      |                      ~~~~~~~~~~~~ ^  ~~~~~~
1 warning generated.[0m
[0m[38;5;2;1m[ 77%]:[0m [38;5;5;1m<smg-pc-game>[0m cache compiling.debug src/compat/OriginalCameraOwnerUtil.cpp[0m
[0m[38;5;2;1m[ 77%]:[0m [38;5;5;1m<smg-pc-game>[0m cache compiling.debug src/compat/MtxCompat.cpp[0m
[0m[38;5;2;1m[ 77%]:[0m [38;5;5;1m<smg-pc-game>[0m cache compiling.debug src/compat/SceneMovementCompat.cpp[0m
[0m[38;5;3;1mIn file included from src/compat/OriginalModelLightAccess.cpp:5:
In file included from src/JSystem/J3DGraphBase/J3DMaterial.hpp:3:
src/JSystem/J3DGraphBase/J3DMatBlock.hpp:248:35: warning: result of comparison of constant 65535 with expression of type 'const u8' (aka 'const unsigned char') is always false [-Wtautological-constant-out-of-range-compare]
  248 |         u32 ambSrc = info.mAmbSrc == 0xFFFF ? 0 : info.mAmbSrc;
      |                      ~~~~~~~~~~~~ ^  ~~~~~~
1 warning generated.[0m
[0m[38;5;2;1m[ 77%]:[0m [38;5;5;1m<smg-pc-game>[0m cache compiling.debug src/compat/StarPointerServiceCompat.cpp[0m
[0m[38;5;3;1msrc/compat/J3DGDCompat.cpp:102:17: warning: 15 enumeration values not handled in switch: 'GX_VA_PNMTXIDX', 'GX_VA_TEX0MTXIDX', 'GX_VA_TEX1MTXIDX'... [-Wswitch]
  102 |         switch (list->attr) {
      |                 ^~~~~~~~~~
1 warning generated.[0m
[0m[38;5;2;1m[ 77%]:[0m [38;5;5;1m<smg-pc-game>[0m cache compiling.debug src/compat/OriginalMapQueries.cpp[0m
[0m[38;5;3;1mIn file included from src/compat/J3DModelLoaderCompat.cpp:5:
In file included from src/JSystem/J3DGraphAnimator/J3DJoint.hpp:4:
In file included from src/JSystem/J3DGraphBase/J3DMaterial.hpp:3:
src/JSystem/J3DGraphBase/J3DMatBlock.hpp:248:35: warning: result of comparison of constant 65535 with expression of type 'const u8' (aka 'const unsigned char') is always false [-Wtautological-constant-out-of-range-compare]
  248 |         u32 ambSrc = info.mAmbSrc == 0xFFFF ? 0 : info.mAmbSrc;
      |                      ~~~~~~~~~~~~ ^  ~~~~~~
1 warning generated.[0m
[0m[38;5;2;1m[ 77%]:[0m [38;5;5;1m<smg-pc-game>[0m cache compiling.debug src/compat/Nw4rDiagnostics.cpp[0m
[0m[38;5;2;1m[ 77%]:[0m [38;5;5;1m<smg-pc-game>[0m cache compiling.debug src/compat/LiveActorUtilCompat.cpp[0m
[0m[38;5;2;1m[ 77%]:[0m [38;5;5;1m<smg-pc-game>[0m cache compiling.debug src/compat/NandSdkCompat.cpp[0m
[0m[38;5;2;1m[ 77%]:[0m [38;5;5;1m<smg-pc-game>[0m cache compiling.debug src/compat/CollisionPartsCompat.cpp[0m
[0m[38;5;2;1m[ 77%]:[0m [38;5;5;1m<smg-pc-game>[0m cache compiling.debug src/compat/OriginalSystemConfigAccessors.cpp[0m
[0m[38;5;2;1m[ 78%]:[0m [38;5;5;1m<smg-pc-game>[0m cache compiling.debug src/compat/CollisionDirectorOwnership.cpp[0m
[0m[38;5;3;1mIn file included from src/compat/ModelCreationCompat.cpp:10:
In file included from src/JSystem/J3DGraphAnimator/J3DJoint.hpp:4:
In file included from src/JSystem/J3DGraphBase/J3DMaterial.hpp:3:
src/JSystem/J3DGraphBase/J3DMatBlock.hpp:248:35: warning: result of comparison of constant 65535 with expression of type 'const u8' (aka 'const unsigned char') is always false [-Wtautological-constant-out-of-range-compare]
  248 |         u32 ambSrc = info.mAmbSrc == 0xFFFF ? 0 : info.mAmbSrc;
      |                      ~~~~~~~~~~~~ ^  ~~~~~~
1 warning generated.[0m
[0m[38;5;2;1m[ 78%]:[0m [38;5;5;1m<smg-pc-game>[0m cache compiling.debug src/compat/ClippingDirectorOwnership.cpp[0m
[0m[38;5;2;1m[ 78%]:[0m [38;5;5;1m<smg-pc-game>[0m cache compiling.debug src/compat/J3DAdditionalAnimationCompat.cpp[0m
[0m[38;5;2;1m[ 78%]:[0m [38;5;5;1m<smg-pc-game>[0m cache compiling.debug src/compat/OriginalActorAnimationStart.cpp[0m
[0m[38;5;2;1m[ 78%]:[0m [38;5;5;1m<smg-pc-game>[0m cache compiling.debug src/compat/OriginalObjectSoundState.cpp[0m
[0m[38;5;2;1m[ 78%]:[0m [38;5;5;1m<smg-pc-game>[0m cache compiling.debug src/compat/OriginalStarPointerDepth.cpp[0m
[0m[38;5;3;1mIn file included from src/compat/OriginalStarPointerDirector.cpp:4:
In file included from src/Game/Screen/LayoutCoreUtil.hpp:4:
src/nw4r/lyt/pane.h:37:37: warning: 'offsetof' on non-standard-layout type 'detail::PaneBase' [-Winvalid-offsetof]
   37 |         typedef ut::LinkList< Pane, __builtin_offsetof(detail::PaneBase, mLink) > PaneList;
      |                                     ^                                    ~~~~~
In file included from src/compat/OriginalStarPointerDirector.cpp:4:
In file included from src/Game/Screen/LayoutCoreUtil.hpp:5:
In file included from src/nw4r/lyt/textBox.h:3:
src/nw4r/lyt/common.h:14:28: warning: comparison of different enumeration types ('_GXTexFmt' (aka 'GXTexFmt') and 'GXCITexFmt') is deprecated [-Wdeprecated-enum-compare]
   14 |                 return fmt == GX_TF_C4 || fmt == GX_TF_C8 || fmt == GX_TF_C14X2;
      |                        ~~~ ^  ~~~~~~~~
src/nw4r/lyt/common.h:14:47: warning: comparison of different enumeration types ('_GXTexFmt' (aka 'GXTexFmt') and 'GXCITexFmt') is deprecated [-Wdeprecated-enum-compare]
   14 |                 return fmt == GX_TF_C4 || fmt == GX_TF_C8 || fmt == GX_TF_C14X2;
      |                                           ~~~ ^  ~~~~~~~~
src/nw4r/lyt/common.h:14:66: warning: comparison of different enumeration types ('_GXTexFmt' (aka 'GXTexFmt') and 'GXCITexFmt') is deprecated [-Wdeprecated-enum-compare]
   14 |                 return fmt == GX_TF_C4 || fmt == GX_TF_C8 || fmt == GX_TF_C14X2;[0m
[0m[38;5;2;1m[ 78%]:[0m [38;5;5;1m<smg-pc-game>[0m cache compiling.debug src/compat/OriginalGCaptureQueries.cpp[0m
[0m[38;5;2;1m[ 78%]:[0m [38;5;5;1m<smg-pc-game>[0m cache compiling.debug src/compat/OriginalJutCapture.cpp[0m
[0m[38;5;2;1m[ 78%]:[0m [38;5;5;1m<smg-pc-game>[0m cache compiling.debug src/compat/OriginalLanguage.cpp[0m
[0m[38;5;3;1msrc/compat/MtxCompat.cpp:321:9: warning: ignoring return value of function declared with 'nodiscard' attribute [-Wunused-result]
  321 |         JGeometry::TUtil< f32 >::sqrt(magAll);
      |         ^~~~~~~~~~~~~~~~~~~~~~~~~~~~~~~~~~~~~
1 warning generated.[0m
[0m[38;5;2;1m[ 78%]:[0m [38;5;5;1m<smg-pc-game>[0m cache compiling.debug src/compat/OriginalCollisionGeometry.cpp[0m
[0m[38;5;3;1msrc/compat/OriginalMapQueries.cpp:54:130: warning: GCC does not allow 'noinline' attribute in this position on a function definition [-Wgcc-compat]
   54 |                                                 const TVec3f& rDirection, const HitSensor* pSensor, s32 category) __attribute__((noinline)) {
      |                                                                                                                                  ^
src/compat/OriginalMapQueries.cpp:60:101: warning: GCC does not allow 'noinline' attribute in this position on a function definition [-Wgcc-compat]
   60 |                                               const LiveActor* pActor, s32 category) __attribute__((noinline)) {
      |                                                                                                     ^
2 warnings generated.[0m
[0m[38;5;2;1m[ 78%]:[0m [38;5;5;1m<smg-pc-game>[0m cache compiling.debug src/compat/JkrAllocationDomain.cpp[0m
[0m[38;5;2;1m[ 78%]:[0m [38;5;5;1m<smg-pc-game>[0m cache compiling.debug src/compat/MarioAnimatorLifetime.cpp[0m
[0m[38;5;2;1m[ 78%]:[0m [38;5;5;1m<smg-pc-game>[0m cache compiling.debug src/compat/OriginalSystemProductInfo.cpp[0m
[0m[38;5;2;1m[ 78%]:[0m [38;5;5;1m<smg-pc-game>[0m cache compiling.debug src/compat/Nw4rFontCompat.cpp[0m
[0m[38;5;2;1m[ 79%]:[0m [38;5;5;1m<smg-pc-game>[0m cache compiling.debug src/compat/SceneConnectionCompat.cpp[0m
[0m[38;5;2;1m[ 79%]:[0m [38;5;5;1m<smg-pc-game>[0m cache compiling.debug src/compat/OriginalJ2DProjection.cpp[0m
[0m[38;5;2;1m[ 79%]:[0m [38;5;5;1m<smg-pc-game>[0m cache compiling.debug src/compat/J3DTransformAnimationCompat.cpp[0m
[0m[38;5;2;1m[ 79%]:[0m [38;5;5;1m<smg-pc-game>[0m cache compiling.debug src/compat/CapturedFrameBlurService.cpp[0m
[0m[38;5;2;1m[ 79%]:[0m [38;5;5;1m<smg-pc-game>[0m cache compiling.debug src/compat/OriginalCollisionPartsUtil.cpp[0m
[0m[38;5;2;1m[ 79%]:[0m [38;5;5;1m<smg-pc-game>[0m cache compiling.debug src/compat/ShadowControllerOwnership.cpp[0m
[0m[38;5;2;1m[ 79%]:[0m [38;5;5;1m<smg-pc-game>[0m cache compiling.debug src/compat/J3DShapeMtxGameCompat.cpp[0m
[0m[38;5;2;1m[ 79%]:[0m [38;5;5;1m<smg-pc-game>[0m cache compiling.debug src/compat/OriginalShadowTextureAccess.cpp[0m
[0m[38;5;2;1m[ 79%]:[0m [38;5;5;1m<smg-pc-game>[0m cache compiling.debug src/compat/LightFunctionCompat.cpp[0m
[0m[38;5;3;1msrc/compat/OriginalActorAnimationStart.cpp:12:75: warning: GCC does not allow 'noinline' attribute in this position on a function definition [-Wgcc-compat]
   12 |     void changeBckForEffectKeeper(const LiveActor* pActor) __attribute__((noinline)) {
      |                                                                           ^
1 warning generated.[0m
[0m[38;5;2;1m[ 79%]:[0m [38;5;5;1m<smg-pc-game>[0m cache compiling.debug src/compat/CameraViewRuntime.cpp[0m
[0m[38;5;2;1m[ 79%]:[0m [38;5;5;1m<smg-pc-game>[0m cache compiling.debug src/compat/OriginalActorModelAccess.cpp[0m
[0m[38;5;2;1m[ 79%]:[0m [38;5;5;1m<smg-pc-game>[0m cache compiling.debug src/compat/JutTextureConstruction.cpp[0m
[0m[38;5;2;1m[ 79%]:[0m [38;5;5;1m<smg-pc-game>[0m cache compiling.debug src/compat/LightDirectorCompat.cpp[0m
[0m[38;5;2;1m[ 79%]:[0m [38;5;5;1m<smg-pc-game>[0m cache compiling.debug src/compat/OriginalLayoutLocale.cpp[0m
[0m[38;5;2;1m[ 80%]:[0m [38;5;5;1m<smg-pc-game>[0m cache compiling.debug src/compat/OriginalJ3dJointTree.cpp[0m
[0m[38;5;2;1m[ 80%]:[0m [38;5;5;1m<smg-pc-game>[0m cache compiling.debug src/compat/StageSessionState.cpp[0m
[0m[38;5;2;1m[ 80%]:[0m [38;5;5;1m<smg-pc-game>[0m cache compiling.debug src/compat/MetrowerksAlignedNew.cpp[0m
[0m[38;5;2;1m[ 80%]:[0m [38;5;5;1m<smg-pc-game>[0m cache compiling.debug src/compat/JaiStreamPlayback.cpp[0m
[0m[38;5;2;1m[ 80%]:[0m [38;5;5;1m<smg-pc-game>[0m cache compiling.debug src/compat/BinderCompat.cpp[0m
[0m[38;5;2;1m[ 80%]:[0m [38;5;5;1m<smg-pc-game>[0m cache compiling.debug src/compat/Nw4rLayoutRecordsCompat.cpp[0m
[0m[38;5;2;1m[ 80%]:[0m [38;5;5;1m<smg-pc-game>[0m cache compiling.debug src/compat/ScenarioDataParserAccess.cpp[0m
[0m[38;5;2;1m[ 80%]:[0m [38;5;5;1m<smg-pc-game>[0m cache compiling.debug src/compat/ImageEffectOwnership.cpp[0m
[0m[38;5;2;1m[ 80%]:[0m [38;5;5;1m<smg-pc-game>[0m cache compiling.debug src/compat/InformationMessageCompat.cpp[0m
[0m[38;5;2;1m[ 80%]:[0m [38;5;5;1m<smg-pc-game>[0m cache compiling.debug src/compat/LodCtrlRuntimeCompat.cpp[0m
[0m[38;5;2;1m[ 80%]:[0m [38;5;5;1m<smg-pc-game>[0m cache compiling.debug src/compat/SceneHeapAccess.cpp[0m
[0m[38;5;3;1msrc/compat/OriginalCollisionPartsUtil.cpp:13:77: warning: GCC does not allow 'noinline' attribute in this position on a function definition [-Wgcc-compat]
   13 | void calcCollisionMtx(TPos3f* pMtx, const LiveActor* pActor) __attribute__((noinline)) {
      |                                                                             ^
1 warning generated.[0m
[0m[38;5;2;1m[ 80%]:[0m [38;5;5;1m<smg-pc-game>[0m cache compiling.debug src/compat/SceneObjHolderCompat.cpp[0m
[0m[38;5;3;1mIn file included from src/compat/MarioAnimatorLifetime.cpp:4:
In file included from src/Game/Animation/XanimeCore.hpp:3:
In file included from src/JSystem/J3DGraphAnimator/J3DJoint.hpp:4:
In file included from src/JSystem/J3DGraphBase/J3DMaterial.hpp:3:
src/JSystem/J3DGraphBase/J3DMatBlock.hpp:248:35: warning: result of comparison of constant 65535 with expression of type 'const u8' (aka 'const unsigned char') is always false [-Wtautological-constant-out-of-range-compare]
  248 |         u32 ambSrc = info.mAmbSrc == 0xFFFF ? 0 : info.mAmbSrc;
      |                      ~~~~~~~~~~~~ ^  ~~~~~~
1 warning generated.[0m
[0m[38;5;2;1m[ 80%]:[0m [38;5;5;1m<smg-pc-game>[0m cache compiling.debug src/compat/EffectSystemOwnership.cpp[0m
[0m[38;5;2;1m[ 80%]:[0m [38;5;5;1m<smg-pc-game>[0m cache compiling.debug src/compat/DrawSyncManagerLifetime.cpp[0m
[0m[38;5;3;1mIn file included from src/compat/OriginalLayoutLocale.cpp:4:
src/nw4r/lyt/pane.h:37:37: warning: 'offsetof' on non-standard-layout type 'detail::PaneBase' [-Winvalid-offsetof]
   37 |         typedef ut::LinkList< Pane, __builtin_offsetof(detail::PaneBase, mLink) > PaneList;
      |                                     ^                                    ~~~~~
1 warning generated.[0m
[0m[38;5;2;1m[ 80%]:[0m [38;5;5;1m<smg-pc-game>[0m cache compiling.debug src/compat/J3DDrawBufferCompat.cpp[0m
[0m[38;5;2;1m[ 81%]:[0m [38;5;5;1m<smg-pc-game>[0m cache compiling.debug src/compat/GameRuntimeCompat.cpp[0m
[0m[38;5;3;1mIn file included from src/compat/OriginalActorModelAccess.cpp:4:
In file included from src/Game/Animation/XanimeCore.hpp:3:
In file included from src/JSystem/J3DGraphAnimator/J3DJoint.hpp:4:
In file included from src/JSystem/J3DGraphBase/J3DMaterial.hpp:3:
src/JSystem/J3DGraphBase/J3DMatBlock.hpp:248:35: warning: result of comparison of constant 65535 with expression of type 'const u8' (aka 'const unsigned char') is always false [-Wtautological-constant-out-of-range-compare]
  248 |         u32 ambSrc = info.mAmbSrc == 0xFFFF ? 0 : info.mAmbSrc;
      |                      ~~~~~~~~~~~~ ^  ~~~~~~
1 warning generated.[0m
[0m[38;5;2;1m[ 81%]:[0m [38;5;5;1m<smg-pc-game>[0m cache compiling.debug src/compat/J3DMaterialLoaderFactoryCompat.cpp[0m
[0m[38;5;2;1m[ 81%]:[0m [38;5;5;1m<smg-pc-game>[0m cache compiling.debug src/compat/ModelPostLoadCompat.cpp[0m
[0m[38;5;2;1m[ 81%]:[0m [38;5;5;1m<smg-pc-game>[0m cache compiling.debug src/compat/GameMapCollisionCompat.cpp[0m
[0m[38;5;2;1m[ 81%]:[0m [38;5;5;1m<smg-pc-game>[0m cache compiling.debug src/compat/OriginalPlacementJMap.cpp[0m
[0m[38;5;2;1m[ 81%]:[0m [38;5;5;1m<smg-pc-game>[0m cache compiling.debug src/compat/DisabledAudioBackend.cpp[0m
[0m[38;5;3;1mIn file included from src/compat/Nw4rLayoutRecordsCompat.cpp:2:
src/nw4r/lyt/pane.h:37:37: warning: 'offsetof' on non-standard-layout type 'detail::PaneBase' [-Winvalid-offsetof]
   37 |         typedef ut::LinkList< Pane, __builtin_offsetof(detail::PaneBase, mLink) > PaneList;
      |                                     ^                                    ~~~~~
In file included from src/compat/Nw4rLayoutRecordsCompat.cpp:3:
src/nw4r/lyt/common.h:14:28: warning: comparison of different enumeration types ('_GXTexFmt' (aka 'GXTexFmt') and 'GXCITexFmt') is deprecated [-Wdeprecated-enum-compare]
   14 |                 return fmt == GX_TF_C4 || fmt == GX_TF_C8 || fmt == GX_TF_C14X2;
      |                        ~~~ ^  ~~~~~~~~
src/nw4r/lyt/common.h:14:47: warning: comparison of different enumeration types ('_GXTexFmt' (aka 'GXTexFmt') and 'GXCITexFmt') is deprecated [-Wdeprecated-enum-compare]
   14 |                 return fmt == GX_TF_C4 || fmt == GX_TF_C8 || fmt == GX_TF_C14X2;
      |                                           ~~~ ^  ~~~~~~~~
src/nw4r/lyt/common.h:14:66: warning: comparison of different enumeration types ('_GXTexFmt' (aka 'GXTexFmt') and 'GXCITexFmt') is deprecated [-Wdeprecated-enum-compare]
   14 |                 return fmt == GX_TF_C4 || fmt == GX_TF_C8 || fmt == GX_TF_C14X2;
      |                                                              ~~~ ^  ~~~~~~~~~~~
In file included from src/compat/Nw4rLayoutRecordsCompat.cpp:5:
src/nw4r/lyt/group.h:55:37: warning: 'offsetof' on non-standard-layout type 'Group' [-Winvalid-offsetof][0m
[0m[38;5;2;1m[ 81%]:[0m [38;5;5;1m<smg-pc-game>[0m cache compiling.debug src/compat/OriginalSceneDrawInit.cpp[0m
[0m[38;5;2;1m[ 81%]:[0m [38;5;5;1m<smg-pc-game>[0m cache compiling.debug src/compat/ResourceHolderCompat.cpp[0m
[0m[38;5;2;1m[ 81%]:[0m [38;5;5;1m<smg-pc-game>[0m cache compiling.debug src/compat/DisabledObjectAudio.cpp[0m
[0m[38;5;3;1mIn file included from src/compat/OriginalJ3dJointTree.cpp:4:
In file included from src/Game/Animation/XanimeCore.hpp:3:
In file included from src/JSystem/J3DGraphAnimator/J3DJoint.hpp:4:
In file included from src/JSystem/J3DGraphBase/J3DMaterial.hpp:3:
src/JSystem/J3DGraphBase/J3DMatBlock.hpp:248:35: warning: result of comparison of constant 65535 with expression of type 'const u8' (aka 'const unsigned char') is always false [-Wtautological-constant-out-of-range-compare]
  248 |         u32 ambSrc = info.mAmbSrc == 0xFFFF ? 0 : info.mAmbSrc;
      |                      ~~~~~~~~~~~~ ^  ~~~~~~
1 warning generated.[0m
[0m[38;5;2;1m[ 81%]:[0m [38;5;5;1m<smg-pc-game>[0m cache compiling.debug src/compat/MatrixTranslationCompat.cpp[0m
[0m[38;5;2;1m[ 81%]:[0m [38;5;5;1m<smg-pc-game>[0m cache compiling.debug src/compat/ModelManagerOwner.cpp[0m
[0m[38;5;3;1mIn file included from src/compat/J3DDrawBufferCompat.cpp:2:
In file included from src/JSystem/J3DGraphBase/J3DMaterial.hpp:3:
src/JSystem/J3DGraphBase/J3DMatBlock.hpp:248:35: warning: result of comparison of constant 65535 with expression of type 'const u8' (aka 'const unsigned char') is always false [-Wtautological-constant-out-of-range-compare]
  248 |         u32 ambSrc = info.mAmbSrc == 0xFFFF ? 0 : info.mAmbSrc;
      |                      ~~~~~~~~~~~~ ^  ~~~~~~
1 warning generated.[0m
[0m[38;5;2;1m[ 81%]:[0m [38;5;5;1m<smg-pc-game>[0m cache compiling.debug src/compat/OriginalGameDiagnostics.cpp[0m
[0m[38;5;2;1m[ 81%]:[0m [38;5;5;1m<smg-pc-game>[0m cache compiling.debug src/JSystem/J3DGraphBase/J3DMaterial.cpp[0m
[0m[38;5;2;1m[ 81%]:[0m [38;5;5;1m<smg-pc-game>[0m cache compiling.debug src/JSystem/J3DGraphBase/J3DMatBlock.cpp[0m
[0m[38;5;2;1m[ 82%]:[0m [38;5;5;1m<smg-pc-game>[0m cache compiling.debug src/JSystem/J3DGraphBase/J3DTevs.cpp[0m
[0m[38;5;2;1m[ 82%]:[0m [38;5;5;1m<smg-pc-game>[0m cache compiling.debug src/JSystem/J3DGraphAnimator/J3DMaterialAnm.cpp[0m
[0m[38;5;3;1mIn file included from src/compat/ModelPostLoadCompat.cpp:4:
In file included from src/JSystem/J3DGraphBase/J3DMaterial.hpp:3:
src/JSystem/J3DGraphBase/J3DMatBlock.hpp:248:35: warning: result of comparison of constant 65535 with expression of type 'const u8' (aka 'const unsigned char') is always false [-Wtautological-constant-out-of-range-compare]
  248 |         u32 ambSrc = info.mAmbSrc == 0xFFFF ? 0 : info.mAmbSrc;
      |                      ~~~~~~~~~~~~ ^  ~~~~~~
1 warning generated.[0m
[0m[38;5;2;1m[ 82%]:[0m [38;5;5;1m<smg-pc-game>[0m cache compiling.debug src/JSystem/J3DGraphAnimator/J3DMaterialAttach.cpp[0m
[0m[38;5;2;1m[ 82%]:[0m [38;5;5;1m<smg-pc-game>[0m cache compiling.debug src/JSystem/J3DGraphAnimator/J3DShapeTable.cpp[0m
[0m[38;5;3;1mIn file included from src/compat/J3DMaterialLoaderFactoryCompat.cpp:1:
In file included from src/JSystem/J3DGraphLoader/J3DMaterialFactory.hpp:3:
src/JSystem/J3DGraphBase/J3DMatBlock.hpp:248:35: warning: result of comparison of constant 65535 with expression of type 'const u8' (aka 'const unsigned char') is always false [-Wtautological-constant-out-of-range-compare]
  248 |         u32 ambSrc = info.mAmbSrc == 0xFFFF ? 0 : info.mAmbSrc;
      |                      ~~~~~~~~~~~~ ^  ~~~~~~
1 warning generated.[0m
[0m[38;5;2;1m[ 82%]:[0m [38;5;5;1m<smg-pc-game>[0m cache compiling.debug src/JSystem/J2DGraph/J2DPicture.cpp[0m
[0m[38;5;2;1m[ 82%]:[0m [38;5;5;1m<smg-pc-game>[0m cache compiling.debug src/JSystem/J2DGraph/J2DOrthoGraph.cpp[0m
[0m[38;5;2;1m[ 82%]:[0m [38;5;5;1m<smg-pc-game>[0m cache compiling.debug src/JSystem/J2DGraph/J2DPane.cpp[0m
[0m[38;5;2;1m[ 82%]:[0m [38;5;5;1m<smg-pc-game>[0m cache compiling.debug src/JSystem/J2DGraph/J2DManage.cpp[0m
[0m[38;5;2;1m[ 82%]:[0m [38;5;5;1m<smg-pc-game>[0m cache compiling.debug src/JSystem/J2DGraph/J2DScreen.cpp[0m
[0m[38;5;2;1m[ 82%]:[0m [38;5;5;1m<smg-pc-game>[0m cache compiling.debug src/JSystem/J2DGraph/J2DGrafContext.cpp[0m
[0m[38;5;2;1m[ 82%]:[0m [38;5;5;1m<smg-pc-game>[0m cache compiling.debug src/JSystem/JParticle/JPAResourceManager.cpp[0m
[0m[38;5;2;1m[ 82%]:[0m [38;5;5;1m<smg-pc-game>[0m cache compiling.debug src/JSystem/JParticle/JPATexture.cpp[0m
[0m[38;5;2;1m[ 82%]:[0m [38;5;5;1m<smg-pc-game>[0m cache compiling.debug src/JSystem/JParticle/JPAChildShape.cpp[0m
[0m[38;5;3;1mIn file included from src/JSystem/J3DGraphBase/J3DMaterial.cpp:1:
In file included from src/JSystem/J3DGraphBase/J3DMaterial.hpp:3:
src/JSystem/J3DGraphBase/J3DMatBlock.hpp:248:35: warning: result of comparison of constant 65535 with expression of type 'const u8' (aka 'const unsigned char') is always false [-Wtautological-constant-out-of-range-compare]
  248 |         u32 ambSrc = info.mAmbSrc == 0xFFFF ? 0 : info.mAmbSrc;
      |                      ~~~~~~~~~~~~ ^  ~~~~~~
1 warning generated.[0m
[0m[38;5;2;1m[ 82%]:[0m [38;5;5;1m<smg-pc-game>[0m cache compiling.debug src/JSystem/JParticle/JPAFieldBlock.cpp[0m
[0m[38;5;3;1mIn file included from src/JSystem/J3DGraphBase/J3DTevs.cpp:3:
src/JSystem/J3DGraphBase/J3DMatBlock.hpp:248:35: warning: result of comparison of constant 65535 with expression of type 'const u8' (aka 'const unsigned char') is always false [-Wtautological-constant-out-of-range-compare]
  248 |         u32 ambSrc = info.mAmbSrc == 0xFFFF ? 0 : info.mAmbSrc;
      |                      ~~~~~~~~~~~~ ^  ~~~~~~
1 warning generated.[0m
[0m[38;5;2;1m[ 83%]:[0m [38;5;5;1m<smg-pc-game>[0m cache compiling.debug src/JSystem/JParticle/JPAMath.cpp[0m
[0m[38;5;2;1m[ 83%]:[0m [38;5;5;1m<smg-pc-game>[0m cache compiling.debug src/JSystem/JParticle/JPADynamicsBlock.cpp[0m
[0m[38;5;3;1mIn file included from src/JSystem/J3DGraphAnimator/J3DMaterialAnm.cpp:2:
In file included from src/JSystem/J3DGraphBase/J3DMaterial.hpp:3:
src/JSystem/J3DGraphBase/J3DMatBlock.hpp:248:35: warning: result of comparison of constant 65535 with expression of type 'const u8' (aka 'const unsigned char') is always false [-Wtautological-constant-out-of-range-compare]
  248 |         u32 ambSrc = info.mAmbSrc == 0xFFFF ? 0 : info.mAmbSrc;
      |                      ~~~~~~~~~~~~ ^  ~~~~~~
1 warning generated.[0m
[0m[38;5;2;1m[ 83%]:[0m [38;5;5;1m<smg-pc-game>[0m cache compiling.debug src/JSystem/JParticle/JPAEmitterManager.cpp[0m
[0m[38;5;3;1mIn file included from src/compat/ModelManagerOwner.cpp:7:
In file included from src/Game/Animation/XanimeCore.hpp:3:
In file included from src/JSystem/J3DGraphAnimator/J3DJoint.hpp:4:
In file included from src/JSystem/J3DGraphBase/J3DMaterial.hpp:3:
src/JSystem/J3DGraphBase/J3DMatBlock.hpp:248:35: warning: result of comparison of constant 65535 with expression of type 'const u8' (aka 'const unsigned char') is always false [-Wtautological-constant-out-of-range-compare]
  248 |         u32 ambSrc = info.mAmbSrc == 0xFFFF ? 0 : info.mAmbSrc;
      |                      ~~~~~~~~~~~~ ^  ~~~~~~
1 warning generated.[0m
[0m[38;5;2;1m[ 83%]:[0m [38;5;5;1m<smg-pc-game>[0m cache compiling.debug src/JSystem/JParticle/JPAKeyBlock.cpp[0m
[0m[38;5;2;1m[ 83%]:[0m [38;5;5;1m<smg-pc-game>[0m cache compiling.debug src/JSystem/JParticle/JPAResourceLoader.cpp[0m
[0m[38;5;2;1m[ 83%]:[0m [38;5;5;1m<smg-pc-game>[0m cache compiling.debug src/JSystem/JParticle/JPAEmitter.cpp[0m
[0m[38;5;2;1m[ 83%]:[0m [38;5;5;1m<smg-pc-game>[0m cache compiling.debug src/JSystem/JParticle/JPAExtraShape.cpp[0m
[0m[38;5;3;1mIn file included from src/JSystem/J3DGraphAnimator/J3DMaterialAttach.cpp:4:
In file included from src/JSystem/J3DGraphBase/J3DMaterial.hpp:3:
src/JSystem/J3DGraphBase/J3DMatBlock.hpp:248:35: warning: result of comparison of constant 65535 with expression of type 'const u8' (aka 'const unsigned char') is always false [-Wtautological-constant-out-of-range-compare]
  248 |         u32 ambSrc = info.mAmbSrc == 0xFFFF ? 0 : info.mAmbSrc;
      |                      ~~~~~~~~~~~~ ^  ~~~~~~
1 warning generated.[0m
[0m[38;5;2;1m[ 83%]:[0m [38;5;5;1m<smg-pc-game>[0m cache compiling.debug src/JSystem/JParticle/JPABaseShape.cpp[0m
[0m[38;5;2;1m[ 83%]:[0m [38;5;5;1m<smg-pc-game>[0m cache compiling.debug src/JSystem/JParticle/JPAExTexShape.cpp[0m
[0m[38;5;2;1m[ 83%]:[0m [38;5;5;1m<smg-pc-game>[0m cache compiling.debug src/JSystem/JParticle/JPAResource.cpp[0m
[0m[38;5;2;1m[ 83%]:[0m [38;5;5;1m<smg-pc-game>[0m cache compiling.debug src/JSystem/JParticle/JPAParticle.cpp[0m
[0m[38;5;2;1m[ 83%]:[0m [38;5;5;1m<smg-pc-game>[0m cache compiling.debug src/render/effects/EffectResource.cpp[0m
[0m[38;5;2;1m[ 83%]:[0m [38;5;5;1m<smg-pc-game>[0m cache compiling.debug src/render/GXState.cpp[0m
[0m[38;5;3;1mIn file included from src/JSystem/J3DGraphBase/J3DMatBlock.cpp:1:
src/JSystem/J3DGraphBase/J3DMatBlock.hpp:248:35: warning: result of comparison of constant 65535 with expression of type 'const u8' (aka 'const unsigned char') is always false [-Wtautological-constant-out-of-range-compare]
  248 |         u32 ambSrc = info.mAmbSrc == 0xFFFF ? 0 : info.mAmbSrc;
      |                      ~~~~~~~~~~~~ ^  ~~~~~~
src/JSystem/J3DGraphBase/J3DMatBlock.cpp:1490:24: warning: first argument in call to 'memcpy' is a pointer to non-trivially copyable type 'J3DTexMtx' [-Wnontrivial-memcall]
 1490 |                 memcpy(mTexMtx[i], pBlock->getTexMtx(i), sizeof(*mTexMtx[i]));
      |                        ^
src/JSystem/J3DGraphBase/J3DMatBlock.cpp:1490:24: note: explicitly cast the pointer to silence this warning
 1490 |                 memcpy(mTexMtx[i], pBlock->getTexMtx(i), sizeof(*mTexMtx[i]));
      |                        ^
      |                        (void*)
src/JSystem/J3DGraphBase/J3DMatBlock.cpp:1507:24: warning: first argument in call to 'memcpy' is a pointer to non-trivially copyable type 'J3DTexMtx' [-Wnontrivial-memcall]
 1507 |                 memcpy(mTexMtx[i], pBlock->getTexMtx(i), sizeof(*mTexMtx[i]));
      |                        ^
src/JSystem/J3DGraphBase/J3DMatBlock.cpp:1507:24: note: explicitly cast the pointer to silence this warning
 1507 |                 memcpy(mTexMtx[i], pBlock->getTexMtx(i), sizeof(*mTexMtx[i]));[0m
[0m[38;5;2;1m[ 83%]:[0m [38;5;5;1m<smg-pc-game>[0m cache compiling.debug src/render/J3dAnimation.cpp[0m
[0m[38;5;2;1m[ 84%]:[0m [38;5;5;1m<smg-pc-game>[0m cache compiling.debug src/render/J3dMaterialRuntime.cpp[0m
[0m[38;5;2;1m[ 84%]:[0m [38;5;5;1m<smg-pc-game>[0m cache compiling.debug src/render/J3dMatrix.cpp[0m
[0m[38;5;2;1m[ 84%]:[0m [38;5;5;1m<smg-pc-game>[0m cache compiling.debug src/render/J3dModel.cpp[0m
[0m[38;5;2;1m[ 84%]:[0m [38;5;5;1m<smg-pc-game>[0m cache compiling.debug src/render/J3dModelRenderer.cpp[0m
[0m[38;5;2;1m[ 84%]:[0m [38;5;5;1m<smg-pc-game>[0m cache compiling.debug src/render/J3dTexture.cpp[0m
[0m[38;5;2;1m[ 84%]:[0m [38;5;5;1m<smg-pc-game>[0m cache compiling.debug src/render/JMathTrig.cpp[0m
[0m[38;5;2;1m[ 84%]:[0m [38;5;5;1m<smg-pc-game>[0m cache compiling.debug src/JSystem/JGeometry/TQuat.cpp[0m
[0m[38;5;2;1m[ 84%]:[0m [38;5;5;1m<smg-pc-game>[0m cache compiling.debug src/JSystem/JMath/JMATrigonometricTable.cpp[0m
[0m[38;5;2;1m[ 84%]:[0m [38;5;5;1m<smg-pc-game>[0m cache compiling.debug src/JSystem/JMath/random.cpp[0m
[0m[38;5;2;1m[ 84%]:[0m [38;5;5;1m<smg-pc-game>[0m cache compiling.debug src/render/light/LightData.cpp[0m
[0m[38;5;2;1m[ 84%]:[0m [38;5;5;1m<smg-pc-game>[0m cache compiling.debug src/JSystem/JGeometry/TMatrix.cpp[0m
[0m[38;5;2;1m[ 84%]:[0m [38;5;5;1m<smg-pc-game>[0m cache compiling.debug src/JSystem/JKernel/JKRDisposer.cpp[0m
[0m[38;5;2;1m[ 84%]:[0m [38;5;5;1m<smg-pc-game>[0m cache compiling.debug src/JSystem/JKernel/JKRFileFinder.cpp[0m
[0m[38;5;2;1m[ 84%]:[0m [38;5;5;1m<smg-pc-game>[0m cache compiling.debug src/JSystem/JSupport/JSUList.cpp[0m
[0m[38;5;2;1m[ 85%]:[0m [38;5;5;1m<smg-pc-game>[0m cache compiling.debug src/JSystem/JUtility/JUTNameTab.cpp[0m
[0m[38;5;3;1msrc/compat/ResourceHolderCompat.cpp:327:13: warning: ignoring return value of function declared with 'nodiscard' attribute [-Wunused-result]
  327 |             mounts->mount(path, &(domain ? domain : _domain)->heap());
      |             ^~~~~~~~~~~~~~~~~~~~~~~~~~~~~~~~~~~~~~~~~~~~~~~~~~~~~~~~~
src/compat/ResourceHolderCompat.cpp:374:17: warning: ignoring return value of function declared with 'nodiscard' attribute [-Wunused-result]
  374 |                 mounts->mount(path, &(domain ? domain : _domain)->heap());
      |                 ^~~~~~~~~~~~~~~~~~~~~~~~~~~~~~~~~~~~~~~~~~~~~~~~~~~~~~~~~
2 warnings generated.[0m
[0m[38;5;2;1m[ 85%]:[0m [38;5;5;1m<smg-pc-game>[0m cache compiling.debug src/JSystem/JAudio2/JAIAudible.cpp[0m
[0m[38;5;2;1m[ 85%]:[0m [38;5;5;1m<smg-pc-game>[0m cache compiling.debug src/JSystem/JAudio2/JAIAudience.cpp[0m
[0m[38;5;2;1m[ 85%]:[0m [38;5;5;1m<smg-pc-game>[0m cache compiling.debug src/JSystem/JAudio2/JAISound.cpp[0m
[0m[38;5;2;1m[ 85%]:[0m [38;5;5;1m<smg-pc-game>[0m cache compiling.debug src/JSystem/JAudio2/JAISoundChild.cpp[0m
[0m[38;5;2;1m[ 85%]:[0m [38;5;5;1m<smg-pc-game>[0m cache compiling.debug src/JSystem/JAudio2/JAISoundHandles.cpp[0m
[0m[38;5;2;1m[ 85%]:[0m [38;5;5;1m<smg-pc-game>[0m cache compiling.debug src/JSystem/JAudio2/JAISoundStarter.cpp[0m
[0m[38;5;2;1m[ 85%]:[0m [38;5;5;1m<smg-pc-game>[0m cache compiling.debug src/JSystem/JAudio2/JAIStream.cpp[0m
[0m[38;5;2;1m[ 85%]:[0m [38;5;5;1m<smg-pc-game>[0m cache compiling.debug src/JSystem/JAudio2/JAIStreamDataMgr.cpp[0m
[0m[38;5;2;1m[ 85%]:[0m [38;5;5;1m<smg-pc-game>[0m cache compiling.debug src/JSystem/JAudio2/JAIStreamMgr.cpp[0m
[0m[38;5;2;1m[ 85%]:[0m [38;5;5;1m<smg-pc-game>[0m cache compiling.debug src/JSystem/JAudio2/JASSoundParams.cpp[0m
[0m[38;5;2;1m[ 85%]:[0m [38;5;5;1m<smg-pc-game>[0m cache compiling.debug src/JSystem/J3DGraphBase/J3DPacket.cpp[0m
[0m[38;5;2;1m[ 85%]:[0m [38;5;5;1m<smg-pc-game>[0m cache compiling.debug src/nw4r/ut/ut_LinkList.cpp[0m
[0m[38;5;2;1m[ 85%]:[0m [38;5;5;1m<smg-pc-game>[0m cache compiling.debug src/JSystem/JKernel/JKRThread.cpp[0m
[0m[38;5;2;1m[ 86%]:[0m [38;5;5;1m<smg-pc-game>[0m cache compiling.debug src/JSystem/JSupport/JSUInputStream.cpp[0m
[0m[38;5;2;1m[ 86%]:[0m [38;5;5;1m<smg-pc-game>[0m cache compiling.debug src/JSystem/JSupport/JSUOutputStream.cpp[0m
[0m[38;5;2;1m[ 86%]:[0m [38;5;5;1m<smg-pc-game>[0m cache compiling.debug src/JSystem/JSupport/JSUMemoryStream.cpp[0m
[0m[38;5;2;1m[ 86%]:[0m [38;5;5;1m<smg-pc-game>[0m cache compiling.debug src/JSystem/JKernel/JKRFileLoader.cpp[0m
[0m[38;5;2;1m[ 86%]:[0m [38;5;5;1m<smg-pc-game>[0m cache compiling.debug src/JSystem/JKernel/JKRArchivePub.cpp[0m
[0m[38;5;2;1m[ 86%]:[0m [38;5;5;1m<smg-pc-game>[0m cache compiling.debug src/JSystem/JKernel/JKRArchivePri.cpp[0m
[0m[38;5;2;1m[ 86%]:[0m [38;5;5;1m<smg-pc-game>[0m cache compiling.debug src/JSystem/JKernel/JKRMemArchive.cpp[0m
[0m[38;5;2;1m[ 86%]:[0m [38;5;5;1m<smg-pc-game>[0m cache compiling.debug src/JSystem/JKernel/JKRHeap.cpp[0m
[0m[38;5;2;1m[ 86%]:[0m [38;5;5;1m<smg-pc-game>[0m cache compiling.debug src/JSystem/JKernel/JKRExpHeap.cpp[0m
[0m[38;5;2;1m[ 86%]:[0m [38;5;5;1m<smg-pc-game>[0m cache compiling.debug src/JSystem/JKernel/JKRSolidHeap.cpp[0m
[0m[38;5;2;1m[ 86%]:[0m [38;5;5;1m<smg-pc-game>[0m cache compiling.debug src/JSystem/JKernel/JKRUnitHeap.cpp[0m
[0m[38;5;2;1m[ 86%]:[0m [38;5;5;1m<smg-pc-game>[0m cache compiling.debug src/JSystem/J3DGraphBase/J3DShape.cpp[0m
[0m[38;5;2;1m[ 86%]:[0m [38;5;5;1m<smg-pc-game>[0m cache compiling.debug src/JSystem/J3DGraphBase/J3DShapeDraw.cpp[0m
[0m[38;5;3;1mIn file included from src/JSystem/J3DGraphBase/J3DPacket.cpp:6:
In file included from src/JSystem/J3DGraphBase/J3DMaterial.hpp:3:
src/JSystem/J3DGraphBase/J3DMatBlock.hpp:248:35: warning: result of comparison of constant 65535 with expression of type 'const u8' (aka 'const unsigned char') is always false [-Wtautological-constant-out-of-range-compare]
  248 |         u32 ambSrc = info.mAmbSrc == 0xFFFF ? 0 : info.mAmbSrc;
      |                      ~~~~~~~~~~~~ ^  ~~~~~~
1 warning generated.[0m
[0m[38;5;2;1m[ 86%]:[0m [38;5;5;1m<smg-pc-game>[0m cache compiling.debug src/JSystem/J3DGraphBase/J3DShapeMtx.cpp[0m
[0m[38;5;2;1m[ 87%]:[0m [38;5;5;1m<smg-pc-game>[0m cache compiling.debug src/JSystem/J3DGraphBase/J3DVertex.cpp[0m
[0m[38;5;2;1m[ 87%]:[0m [38;5;5;1m<smg-pc-game>[0m cache compiling.debug src/JSystem/J3DGraphLoader/J3DShapeFactory.cpp[0m
[0m[38;5;2;1m[ 87%]:[0m [38;5;5;1m<smg-pc-game>[0m cache compiling.debug src/JSystem/J3DGraphAnimator/J3DMtxBuffer.cpp[0m
[0m[38;5;2;1m[ 87%]:[0m [38;5;5;1m<smg-pc-game>[0m cache compiling.debug src/JSystem/JAudio2/JAUSoundTable.cpp[0m
[0m[38;5;2;1m[ 87%]:[0m [38;5;5;1m<smg-pc-game>[0m cache compiling.debug src/JSystem/JGadget/hashcode.cpp[0m
[0m[38;5;2;1m[ 87%]:[0m [38;5;5;1m<smg-pc-game>[0m cache compiling.debug src/JSystem/JUtility/JUTVideo.cpp[0m
[0m[38;5;2;1m[ 87%]:[0m [38;5;5;1m<smg-pc-game>[0m cache compiling.debug src/JSystem/JUtility/JUTXfb.cpp[0m
[0m[38;5;3;1msrc/JSystem/JKernel/JKRExpHeap.cpp:149:14: warning: multi-character character constant [-Wmultichar]
  149 |     mMagic = 'HM';
      |              ^
src/JSystem/JKernel/JKRExpHeap.cpp:197:30: warning: multi-character character constant [-Wmultichar]
  197 |         if (block->mMagic == 'HM') {
      |                              ^
src/JSystem/JKernel/JKRExpHeap.cpp:571:24: warning: multi-character character constant [-Wmultichar]
  571 |     newblock->mMagic = 'HM';
      |                        ^
src/JSystem/JKernel/JKRExpHeap.cpp:702:30: warning: multi-character character constant [-Wmultichar]
  702 |         if (block->mMagic != 'HM') {
      |                              ^
src/JSystem/JKernel/JKRExpHeap.cpp:708:41: warning: multi-character character constant [-Wmultichar]
  708 |             if (block->mNext->mMagic != 'HM') {
      |                                         ^
src/JSystem/JKernel/JKRExpHeap.cpp:771:30: warning: multi-character character constant [-Wmultichar][0m
[0m[38;5;2;1m[ 87%]:[0m [38;5;5;1m<smg-pc-game>[0m cache compiling.debug src/JSystem/JUtility/JUTDirectPrint.cpp[0m
[0m[38;5;2;1m[ 87%]:[0m [38;5;5;1m<smg-pc-game>[0m cache compiling.debug src/JSystem/JUtility/JUTAssert.cpp[0m
[0m[38;5;2;1m[ 87%]:[0m [38;5;5;1m<smg-pc-game>[0m cache compiling.debug src/JSystem/JUtility/JUTConsole.cpp[0m
[0m[38;5;2;1m[ 87%]:[0m [38;5;5;1m<smg-pc-game>[0m cache compiling.debug src/JSystem/JUtility/JUTDbPrint.cpp[0m
[0m[38;5;2;1m[ 87%]:[0m [38;5;5;1m<smg-pc-game>[0m cache compiling.debug src/JSystem/JUtility/JUTFont.cpp[0m
[0m[38;5;2;1m[ 87%]:[0m [38;5;5;1m<smg-pc-game>[0m cache compiling.debug src/JSystem/JUtility/JUTPalette.cpp[0m
[0m[38;5;2;1m[ 87%]:[0m [38;5;5;1m<smg-pc-game>[0m cache compiling.debug src/JSystem/JGadget/linklist.cpp[0m
[0m[38;5;2;1m[ 87%]:[0m [38;5;5;1m<smg-pc-game>[0m cache compiling.debug src/JSystem/JKernel/JKRAram.cpp[0m
[0m[38;5;2;1m[ 88%]:[0m [38;5;5;1m<smg-pc-game>[0m cache compiling.debug src/JSystem/JKernel/JKRAramHeap.cpp[0m
[0m[38;5;2;1m[ 88%]:[0m [38;5;5;1m<smg-pc-game>[0m cache compiling.debug src/JSystem/JKernel/JKRAramBlock.cpp[0m
[0m[38;5;3;1mIn file included from src/JSystem/J3DGraphBase/J3DShapeMtx.cpp:4:
src/JSystem/J3DGraphBase/J3DMatBlock.hpp:248:35: warning: result of comparison of constant 65535 with expression of type 'const u8' (aka 'const unsigned char') is always false [-Wtautological-constant-out-of-range-compare]
  248 |         u32 ambSrc = info.mAmbSrc == 0xFFFF ? 0 : info.mAmbSrc;
      |                      ~~~~~~~~~~~~ ^  ~~~~~~
1 warning generated.[0m
[0m[38;5;2;1m[ 88%]:[0m [38;5;5;1m<smg-pc-game>[0m cache compiling.debug src/JSystem/JKernel/JKRAramPiece.cpp[0m
[0m[38;5;2;1m[ 88%]:[0m [38;5;5;1m<smg-pc-game>[0m cache compiling.debug src/JSystem/JKernel/JKRAramStream.cpp[0m
[0m[38;5;2;1m[ 88%]:[0m [38;5;5;1m<smg-pc-game>[0m cache compiling.debug src/JSystem/JKernel/JKRDecomp.cpp[0m
[0m[38;5;2;1m[ 88%]:[0m [38;5;5;1m<smg-pc-game>[0m cache compiling.debug src/JSystem/JSupport/JSUFileStream.cpp[0m
[0m[38;5;3;1mIn file included from src/JSystem/J3DGraphAnimator/J3DMtxBuffer.cpp:2:
In file included from src/JSystem/J3DGraphAnimator/J3DJoint.hpp:4:
In file included from src/JSystem/J3DGraphBase/J3DMaterial.hpp:3:
src/JSystem/J3DGraphBase/J3DMatBlock.hpp:248:35: warning: result of comparison of constant 65535 with expression of type 'const u8' (aka 'const unsigned char') is always false [-Wtautological-constant-out-of-range-compare]
  248 |         u32 ambSrc = info.mAmbSrc == 0xFFFF ? 0 : info.mAmbSrc;
      |                      ~~~~~~~~~~~~ ^  ~~~~~~
1 warning generated.[0m
[0m[38;5;2;1m[ 92%]:[0m [38;5;5;1m<smg-pc-render>[0m [38;5;5;1marchiving.debug libsmg-pc-render.a[0m
[0m[38;5;3;1mIn file included from src/JSystem/JUtility/JUTAssert.cpp:2:
src/JSystem/JUtility/JUTConsole.hpp:122:63: warning: 'offsetof' on non-standard-layout type 'JUTConsole' [-Winvalid-offsetof]
  122 |     typedef JGadget::TLinkList< JUTConsole, -static_cast<int>(__builtin_offsetof(JUTConsole, mListNode)) > ConsoleList;
      |                                                               ^                              ~~~~~~~~~
1 warning generated.[0m
[0m[38;5;3;1mIn file included from src/JSystem/JUtility/JUTConsole.cpp:1:
src/JSystem/JUtility/JUTConsole.hpp:122:63: warning: 'offsetof' on non-standard-layout type 'JUTConsole' [-Winvalid-offsetof]
  122 |     typedef JGadget::TLinkList< JUTConsole, -static_cast<int>(__builtin_offsetof(JUTConsole, mListNode)) > ConsoleList;
      |                                                               ^                              ~~~~~~~~~
In file included from src/JSystem/JUtility/JUTConsole.cpp:1:
In file included from src/JSystem/JUtility/JUTConsole.hpp:3:
src/JSystem/JGadget/linklist.hpp:18:28: warning: 'iterator<std::bidirectional_iterator_tag, JUTConsole, int>' is deprecated [-Wdeprecated-declarations]
   18 |     class TIterator : std::iterator< Category, T, Distance, Pointer, Reference > {
      |                            ^
src/JSystem/JGadget/linklist.hpp:136:34: note: in instantiation of template class 'JGadget::TIterator<std::bidirectional_iterator_tag, JUTConsole>' requested here
  136 |         struct iterator : public TIterator< std::bidirectional_iterator_tag, T >, public TNodeLinkList::iterator {
      |                                  ^
src/JSystem/JUtility/JUTConsole.cpp:273:24: note: in instantiation of member class 'JGadget::TLinkList<JUTConsole, -48>::iterator' requested here
  273 |     mList.Insert(mList.end(), console);
      |                        ^
/opt/homebrew/Cellar/llvm/23.1.1/include/c++/v1/__iterator/iterator.h:23:23: note: 'iterator<std::bidirectional_iterator_tag, JUTConsole, int>' has been explicitly marked deprecated here[0m
[0m[38;5;3;1msrc/JSystem/JKernel/JKRAramStream.cpp:46:17: warning: enumeration value 'UNKNOWN' not handled in switch [-Wswitch]
   46 |         switch (command->mType) {
      |                 ^~~~~~~~~~~~~~
1 warning generated.[0m
[0m[38;5;2;1m[ 94%]:[0m [38;5;5;1m<smg-pc-game>[0m [38;5;5;1marchiving.debug libsmg-pc-game.a[0m
[0m[38;5;2;1m[ 94%]:[0m [38;5;5;1m<smg-pc-app>[0m [38;5;5;1marchiving.debug libsmg-pc-app.a[0m
[0m[38;5;2;1m[ 94%]:[0m [38;5;5;1m<smg-pc>[0m [38;5;5;1mlinking.debug smg-pc[0m
[0m[38;5;2;1mcreate ok![0m
[0m[1;38;5;1;1merror: [0mld: warning: object file (/Users/frityet/.xmake/packages/l/libpng/v1.6.58/f8ae13cb78784172986d714555ab04d9/lib/libpng.a[3](pngrio.c.o)) was built for newer 'macOS' version (26.5) than being linked (26.0)
ld: warning: object file (/Users/frityet/.xmake/packages/l/libpng/v1.6.58/f8ae13cb78784172986d714555ab04d9/lib/libpng.a[4](pngerror.c.o)) was built for newer 'macOS' version (26.5) than being linked (26.0)
ld: warning: object file (/Users/frityet/.xmake/packages/l/libpng/v1.6.58/f8ae13cb78784172986d714555ab04d9/lib/libpng.a[5](pngwio.c.o)) was built for newer 'macOS' version (26.5) than being linked (26.0)
ld: warning: object file (/Users/frityet/.xmake/packages/l/libpng/v1.6.58/f8ae13cb78784172986d714555ab04d9/lib/libpng.a[6](pngtrans.c.o)) was built for newer 'macOS' version (26.5) than being linked (26.0)
ld: warning: object file (/Users/frityet/.xmake/packages/l/libpng/v1.6.58/f8ae13cb78784172986d714555ab04d9/lib/libpng.a[7](pngwrite.c.o)) was built for newer 'macOS' version (26.5) than being linked (26.0)
ld: warning: object file (/Users/frityet/.xmake/packages/l/libpng/v1.6.58/f8ae13cb78784172986d714555ab04d9/lib/libpng.a[8](pngwutil.c.o)) was built for newer 'macOS' version (26.5) than being linked (26.0)
ld: warning: object file (/Users/frityet/.xmake/packages/l/libpng/v1.6.58/f8ae13cb78784172986d714555ab04d9/lib/libpng.a[9](pngwtran.c.o)) was built for newer 'macOS' version (26.5) than being linked (26.0)
ld: warning: object file (/Users/frityet/.xmake/packages/l/libpng/v1.6.58/f8ae13cb78784172986d714555ab04d9/lib/libpng.a[11](pngread.c.o)) was built for newer 'macOS' version (26.5) than being linked (26.0)
ld: warning: object file (/Users/frityet/.xmake/packages/l/libpng/v1.6.58/f8ae13cb78784172986d714555ab04d9/lib/libpng.a[12](pngmem.c.o)) was built for newer 'macOS' version (26.5) than being linked (26.0)
ld: warning: object file (/Users/frityet/.xmake/packages/l/libpng/v1.6.58/f8ae13cb78784172986d714555ab04d9/lib/libpng.a[13](pngget.c.o)) was built for newer 'macOS' version (26.5) than being linked (26.0)
ld: warning: object file (/Users/frityet/.xmake/packages/l/libpng/v1.6.58/f8ae13cb78784172986d714555ab04d9/lib/libpng.a[14](png.c.o)) was built for newer 'macOS' version (26.5) than being linked (26.0)
ld: warning: object file (/Users/frityet/.xmake/packages/l/libpng/v1.6.58/f8ae13cb78784172986d714555ab04d9/lib/libpng.a[15](pngrtran.c.o)) was built for newer 'macOS' version (26.5) than being linked (26.0)
ld: warning: object file (/Users/frityet/.xmake/packages/l/libpng/v1.6.58/f8ae13cb78784172986d714555ab04d9/lib/libpng.a[16](pngrutil.c.o)) was built for newer 'macOS' version (26.5) than being linked (26.0)
ld: warning: object file (/Users/frityet/.xmake/packages/l/libpng/v1.6.58/f8ae13cb78784172986d714555ab04d9/lib/libpng.a[17](pngset.c.o)) was built for newer 'macOS' version (26.5) than being linked (26.0)
ld: warning: object file (/Users/frityet/.xmake/packages/l/libpng/v1.6.58/f8ae13cb78784172986d714555ab04d9/lib/libpng.a[18](filter_neon_intrinsics.c.o)) was built for newer 'macOS' version (26.5) than being linked (26.0)
ld: warning: object file (/Users/frityet/.xmake/packages/l/libpng/v1.6.58/f8ae13cb78784172986d714555ab04d9/lib/libpng.a[19](arm_init.c.o)) was built for newer 'macOS' version (26.5) than being linked (26.0)
ld: warning: object file (/Users/frityet/.xmake/packages/l/libpng/v1.6.58/f8ae13cb78784172986d714555ab04d9/lib/libpng.a[20](palette_neon_intrinsics.c.o)) was built for newer 'macOS' version (26.5) than being linked (26.0)
ld: warning: object file (/Users/frityet/.xmake/packages/i/imgui/v1.91.9b-docking/0ee3cc5024224d4da4704fa6c643e242/lib/libimgui.a[2](imgui_widgets.cpp.o)) was built for newer 'macOS' version (26.5) than being linked (26.0)
ld: warning: object file (/Users/frityet/.xmake/packages/i/imgui/v1.91.9b-docking/0ee3cc5024224d4da4704fa6c643e242/lib/libimgui.a[3](imgui.cpp.o)) was built for newer 'macOS' version (26.5) than being linked (26.0)
ld: warning: object file (/Users/frityet/.xmake/packages/i/imgui/v1.91.9b-docking/0ee3cc5024224d4da4704fa6c643e242/lib/libimgui.a[4](imgui_tables.cpp.o)) was built for newer 'macOS' version (26.5) than being linked (26.0)
ld: warning: object file (/Users/frityet/.xmake/packages/i/imgui/v1.91.9b-docking/0ee3cc5024224d4da4704fa6c643e242/lib/libimgui.a[6](imgui_draw.cpp.o)) was built for newer 'macOS' version (26.5) than being linked (26.0)
ld: warning: object file (/Users/frityet/.xmake/packages/i/imgui/v1.91.9b-docking/0ee3cc5024224d4da4704fa6c643e242/lib/libimgui.a[8](imgui_impl_sdl3.cpp.o)) was built for newer 'macOS' version (26.5) than being linked (26.0)
ld: warning: object file (/Users/frityet/.xmake/packages/i/imgui/v1.91.9b-docking/0ee3cc5024224d4da4704fa6c643e242/lib/libimgui.a[9](imgui_impl_sdlrenderer3.cpp.o)) was built for newer 'macOS' version (26.5) than being linked (26.0)
ld: warning: object file (/Users/frityet/.xmake/packages/i/imgui/v1.91.9b-docking/0ee3cc5024224d4da4704fa6c643e242/lib/libimgui.a[10](imgui_impl_wgpu.cpp.o)) was built for newer 'macOS' version (26.5) than being linked (26.0)
ld: warning: object file (/Users/frityet/.xmake/packages/i/imgui/v1.91.9b-docking/0ee3cc5024224d4da4704fa6c643e242/lib/libimgui.a[11](imgui_freetype.cpp.o)) was built for newer 'macOS' version (26.5) than being linked (26.0)
ld: warning: object file (/Users/frityet/.xmake/packages/i/imgui/v1.91.9b-docking/0ee3cc5024224d4da4704fa6c643e242/lib/libimgui.a[12](imgui_config.cpp.o)) was built for newer 'macOS' version (26.5) than being linked (26.0)
ld: warning: object file (/Users/frityet/.xmake/packages/s/sqlite3/3.53.0+0/e05b3c73c8774ea4aeb176e4762c2503/lib/libsqlite3.a[2](sqlite3.c.o)) was built for newer 'macOS' version (26.5) than being linked (26.0)
Undefined symbols for architecture arm64:
  "JMAQuatLerp(Quaternion const*, Quaternion const*, float, Quaternion*)", referenced from:
      XanimeCore::calcBlend(JGeometry::TVec3<float>*, JGeometry::TVec3<float>*) in libsmg-pc-game.a[309](XanimeCore.cpp.o)
      XanimeCore::calcBlend(JGeometry::TVec3<float>*, JGeometry::TVec3<float>*) in libsmg-pc-game.a[309](XanimeCore.cpp.o)
      XanimeCore::calcBlend(JGeometry::TVec3<float>*, JGeometry::TVec3<float>*) in libsmg-pc-game.a[309](XanimeCore.cpp.o)
      XanimeCore::calcSingle(JGeometry::TVec3<float>*, JGeometry::TVec3<float>*) in libsmg-pc-game.a[309](XanimeCore.cpp.o)
      XanimeCore::calcBlendSpecial() in libsmg-pc-game.a[309](XanimeCore.cpp.o)
      XanimeCore::calcBlendSpecial() in libsmg-pc-game.a[309](XanimeCore.cpp.o)
      XanimeCore::calcBlendSpecial() in libsmg-pc-game.a[309](XanimeCore.cpp.o)
      ...
  "J3DScaleNrmMtx(float (*) [4], Vec const&)", referenced from:
      J3DShapeMtxBBoardConcatView::load() const in libsmg-pc-game.a[1112](J3DShapeMtx.cpp.o)
      J3DShapeMtxYBBoardConcatView::load() const in libsmg-pc-game.a[1112](J3DShapeMtx.cpp.o)
  "JMAEulerToQuat(short, short, short, Quaternion*)", referenced from:
      XanimeCore::calcBlend(JGeometry::TVec3<float>*, JGeometry::TVec3<float>*) in libsmg-pc-game.a[309](XanimeCore.cpp.o)
      XanimeCore::calcSingle(JGeometry::TVec3<float>*, JGeometry::TVec3<float>*) in libsmg-pc-game.a[309](XanimeCore.cpp.o)
      XanimeCore::calcBlendSpecial() in libsmg-pc-game.a[309](XanimeCore.cpp.o)
      XanimeCore::initT(J3DModelData*) in libsmg-pc-game.a[309](XanimeCore.cpp.o)
  "JMAVECScaleAdd(Vec const*, Vec const*, Vec*, float)", referenced from:
      MR::addVelocityMoveToDirection(LiveActor*, JGeometry::TVec3<float> const&, float) in libsmg-pc-game.a[60](ActorMovementUtil.cpp.o)
      MR::addVelocityClockwiseToDirection(LiveActor*, JGeometry::TVec3<float> const&, float) in libsmg-pc-game.a[60](ActorMovementUtil.cpp.o)
      CameraMedianTower::limitAngularVelocity(JGeometry::TVec3<float>*, JGeometry::TVec3<float>*, JGeometry::TVec3<float> const&, JGeometry::TVec3<float> const&, JGeometry::TVec3<float> const&) in libsmg-pc-game.a[114](CameraMedianTower.cpp.o)
      CameraMedianTower::updateReset(JGeometry::TVec3<float> const&, JGeometry::TVec3<float> const&, JGeometry::TVec3<float> const&) in libsmg-pc-game.a[114](CameraMedianTower.cpp.o)
      CameraMedianTower::updateReset(JGeometry::TVec3<float> const&, JGeometry::TVec3<float> const&, JGeometry::TVec3<float> const&) in libsmg-pc-game.a[114](CameraMedianTower.cpp.o)
      CameraCharmedVecRegTower::calc() in libsmg-pc-game.a[126](CameraCharmedVecRegTower.cpp.o)
      CameraRaceFollow::calc() in libsmg-pc-game.a[131](CameraRaceFollow.cpp.o)
      ...
  "J3DCalcBBoardMtx(float (*) [4])", referenced from:
      J3DShapeMtxBBoardConcatView::load() const in libsmg-pc-game.a[1112](J3DShapeMtx.cpp.o)
  "J3DGetTextureMtx(J3DTextureSRTInfo const&, Vec const&, float (*) [4])", referenced from:
      J3DTexMtx::calcTexMtx(float const (*) [4]) in libsmg-pc-game.a[1043](J3DTevs.cpp.o)
      J3DTexMtx::calcTexMtx(float const (*) [4]) in libsmg-pc-game.a[1043](J3DTevs.cpp.o)
      J3DTexMtx::calcPostTexMtx(float const (*) [4]) in libsmg-pc-game.a[1043](J3DTevs.cpp.o)
      J3DTexMtx::calcPostTexMtx(float const (*) [4]) in libsmg-pc-game.a[1043](J3DTevs.cpp.o)
      J3DTexMtx::calcPostTexMtx(float const (*) [4]) in libsmg-pc-game.a[1043](J3DTevs.cpp.o)
      J3DDifferedTexMtx::loadExecute(float const (*) [4]) in libsmg-pc-game.a[1112](J3DShapeMtx.cpp.o)
      J3DDifferedTexMtx::loadExecute(float const (*) [4]) in libsmg-pc-game.a[1112](J3DShapeMtx.cpp.o)
      J3DDifferedTexMtx::loadExecute(float const (*) [4]) in libsmg-pc-game.a[1112](J3DShapeMtx.cpp.o)
      J3DDifferedTexMtx::loadExecute(float const (*) [4]) in libsmg-pc-game.a[1112](J3DShapeMtx.cpp.o)
      ...
  "J3DMtxProjConcat(float (*) [4], float (*) [4], float (*) [4])", referenced from:
      J3DTexMtx::calcTexMtx(float const (*) [4]) in libsmg-pc-game.a[1043](J3DTevs.cpp.o)
      J3DTexMtx::calcTexMtx(float const (*) [4]) in libsmg-pc-game.a[1043](J3DTevs.cpp.o)
      J3DTexMtx::calcPostTexMtx(float const (*) [4]) in libsmg-pc-game.a[1043](J3DTevs.cpp.o)
      J3DTexMtx::calcPostTexMtx(float const (*) [4]) in libsmg-pc-game.a[1043](J3DTevs.cpp.o)
      J3DDifferedTexMtx::loadExecute(float const (*) [4]) in libsmg-pc-game.a[1112](J3DShapeMtx.cpp.o)
      J3DDifferedTexMtx::loadExecute(float const (*) [4]) in libsmg-pc-game.a[1112](J3DShapeMtx.cpp.o)
  "J3DScaleNrmMtx33(float (*) [3], Vec const&)", referenced from:
      J3DShapeMtx::calcNBTScale(Vec const&, float (*) [3][3], float (*) [3][3]) in libsmg-pc-game.a[1112](J3DShapeMtx.cpp.o)
      J3DShapeMtxConcatView::loadNrmMtx(int, unsigned short, float (*) [4]) const in libsmg-pc-game.a[1112](J3DShapeMtx.cpp.o)
      J3DShapeMtxMulti::calcNBTScale(Vec const&, float (*) [3][3], float (*) [3][3]) in libsmg-pc-game.a[1112](J3DShapeMtx.cpp.o)
      J3DShapeMtxMultiConcatView::loadNrmMtx(int, unsigned short, float (*) [4]) const in libsmg-pc-game.a[1112](J3DShapeMtx.cpp.o)
      J3DShapeMtxMultiConcatView::loadNrmMtx(int, unsigned short, float (*) [4]) const in libsmg-pc-game.a[1112](J3DShapeMtx.cpp.o)
      J3DShapeMtxYBBoardConcatView::load() const in libsmg-pc-game.a[1112](J3DShapeMtx.cpp.o)
  "JMAMTXApplyScale(float const (*) [4], float (*) [4], float, float, float)", referenced from:
      XanimeCore::calcScaleBlendMaya(JGeometry::TVec3<float> const&, JGeometry::TVec3<float> const&) in libsmg-pc-game.a[309](XanimeCore.cpp.o)
      XanimeCore::calcScaleBlendSI(JGeometry::TVec3<float> const&, JGeometry::TVec3<float> const&) in libsmg-pc-game.a[309](XanimeCore.cpp.o)
      XanimeCore::calcScaleBlendSI(JGeometry::TVec3<float> const&, JGeometry::TVec3<float> const&) in libsmg-pc-game.a[309](XanimeCore.cpp.o)
      XanimeCore::calcScaleBlendBasic(JGeometry::TVec3<float> const&, JGeometry::TVec3<float> const&) in libsmg-pc-game.a[309](XanimeCore.cpp.o)
      XanimeCore::calcScaleBlendMayaNoTransform(JGeometry::TVec3<float> const&, JGeometry::TVec3<float> const&) in libsmg-pc-game.a[309](XanimeCore.cpp.o)
  "J3DCalcYBBoardMtx(float (*) [4])", referenced from:
      J3DShapeMtxYBBoardConcatView::load() const in libsmg-pc-game.a[1112](J3DShapeMtx.cpp.o)
  "J3DGetTextureMtxOld(J3DTextureSRTInfo const&, Vec const&, float (*) [4])", referenced from:
      J3DTexMtx::calcTexMtx(float const (*) [4]) in libsmg-pc-game.a[1043](J3DTevs.cpp.o)
      J3DTexMtx::calcTexMtx(float const (*) [4]) in libsmg-pc-game.a[1043](J3DTevs.cpp.o)
      J3DTexMtx::calcTexMtx(float const (*) [4]) in libsmg-pc-game.a[1043](J3DTevs.cpp.o)
      J3DTexMtx::calcTexMtx(float const (*) [4]) in libsmg-pc-game.a[1043](J3DTevs.cpp.o)
      J3DTexMtx::calcTexMtx(float const (*) [4]) in libsmg-pc-game.a[1043](J3DTevs.cpp.o)
      J3DTexMtx::calcTexMtx(float const (*) [4]) in libsmg-pc-game.a[1043](J3DTevs.cpp.o)
      J3DTexMtx::calcPostTexMtx(float const (*) [4]) in libsmg-pc-game.a[1043](J3DTevs.cpp.o)
      J3DTexMtx::calcPostTexMtx(float const (*) [4]) in libsmg-pc-game.a[1043](J3DTevs.cpp.o)
      J3DTexMtx::calcPostTexMtx(float const (*) [4]) in libsmg-pc-game.a[1043](J3DTevs.cpp.o)
      J3DTexMtx::calcPostTexMtx(float const (*) [4]) in libsmg-pc-game.a[1043](J3DTevs.cpp.o)
      J3DTexMtx::calcPostTexMtx(float const (*) [4]) in libsmg-pc-game.a[1043](J3DTevs.cpp.o)
      ...
  "J3DPSMtxArrayConcat(float (*) [4], float (*) [4], float (*) [4], unsigned int)", referenced from:
      J3DMtxBuffer2::calcDrawMtx2(unsigned int, Vec const&, float const (&) [3][4], J3DMtxBuffer*) in libsmg-pc-game.a[668](J3DModelX.cpp.o)
      J3DMtxBuffer::calcDrawMtx(unsigned int, Vec const&, float const (&) [3][4]) in libsmg-pc-game.a[1115](J3DMtxBuffer.cpp.o)
      J3DMtxBuffer::calcDrawMtx(unsigned int, Vec const&, float const (&) [3][4]) in libsmg-pc-game.a[1115](J3DMtxBuffer.cpp.o)
  "J3DGetTextureMtxMaya(J3DTextureSRTInfo const&, float (*) [4])", referenced from:
      J3DTexMtx::calcTexMtx(float const (*) [4]) in libsmg-pc-game.a[1043](J3DTevs.cpp.o)
      J3DTexMtx::calcTexMtx(float const (*) [4]) in libsmg-pc-game.a[1043](J3DTevs.cpp.o)
      J3DTexMtx::calcPostTexMtx(float const (*) [4]) in libsmg-pc-game.a[1043](J3DTevs.cpp.o)
      J3DTexMtx::calcPostTexMtx(float const (*) [4]) in libsmg-pc-game.a[1043](J3DTevs.cpp.o)
      J3DTexMtx::calcPostTexMtx(float const (*) [4]) in libsmg-pc-game.a[1043](J3DTevs.cpp.o)
      J3DDifferedTexMtx::loadExecute(float const (*) [4]) in libsmg-pc-game.a[1112](J3DShapeMtx.cpp.o)
      J3DDifferedTexMtx::loadExecute(float const (*) [4]) in libsmg-pc-game.a[1112](J3DShapeMtx.cpp.o)
      J3DDifferedTexMtx::loadExecute(float const (*) [4]) in libsmg-pc-game.a[1112](J3DShapeMtx.cpp.o)
      J3DDifferedTexMtx::loadExecute(float const (*) [4]) in libsmg-pc-game.a[1112](J3DShapeMtx.cpp.o)
      ...
  "J3DGetTextureMtxMayaOld(J3DTextureSRTInfo const&, float (*) [4])", referenced from:
      J3DTexMtx::calcTexMtx(float const (*) [4]) in libsmg-pc-game.a[1043](J3DTevs.cpp.o)
      J3DTexMtx::calcTexMtx(float const (*) [4]) in libsmg-pc-game.a[1043](J3DTevs.cpp.o)
      J3DTexMtx::calcTexMtx(float const (*) [4]) in libsmg-pc-game.a[1043](J3DTevs.cpp.o)
      J3DTexMtx::calcTexMtx(float const (*) [4]) in libsmg-pc-game.a[1043](J3DTevs.cpp.o)
      J3DTexMtx::calcTexMtx(float const (*) [4]) in libsmg-pc-game.a[1043](J3DTevs.cpp.o)
      J3DTexMtx::calcTexMtx(float const (*) [4]) in libsmg-pc-game.a[1043](J3DTevs.cpp.o)
      J3DTexMtx::calcPostTexMtx(float const (*) [4]) in libsmg-pc-game.a[1043](J3DTevs.cpp.o)
      J3DTexMtx::calcPostTexMtx(float const (*) [4]) in libsmg-pc-game.a[1043](J3DTevs.cpp.o)
      J3DTexMtx::calcPostTexMtx(float const (*) [4]) in libsmg-pc-game.a[1043](J3DTevs.cpp.o)
      J3DTexMtx::calcPostTexMtx(float const (*) [4]) in libsmg-pc-game.a[1043](J3DTevs.cpp.o)
      J3DTexMtx::calcPostTexMtx(float const (*) [4]) in libsmg-pc-game.a[1043](J3DTevs.cpp.o)
      ...
  "J3DPSCalcInverseTranspose(float (*) [4], float (*) [3])", referenced from:
      J3DModelX::viewCalc3(unsigned int, float (*) [4]) in libsmg-pc-game.a[668](J3DModelX.cpp.o)
      J3DShapeMtxConcatView::loadNrmMtx(int, unsigned short, float (*) [4]) const in libsmg-pc-game.a[1112](J3DShapeMtx.cpp.o)
      J3DShapeMtxMultiConcatView::loadNrmMtx(int, unsigned short, float (*) [4]) const in libsmg-pc-game.a[1112](J3DShapeMtx.cpp.o)
      J3DShapeMtxYBBoardConcatView::load() const in libsmg-pc-game.a[1112](J3DShapeMtx.cpp.o)
  "J3DMtxCalc::mMtxBuffer", referenced from:
      XanimeCore::calcScaleBlendMaya(JGeometry::TVec3<float> const&, JGeometry::TVec3<float> const&) in libsmg-pc-game.a[309](XanimeCore.cpp.o)
      XanimeCore::calcScaleBlendSI(JGeometry::TVec3<float> const&, JGeometry::TVec3<float> const&) in libsmg-pc-game.a[309](XanimeCore.cpp.o)
      XanimeCore::calcBlend(JGeometry::TVec3<float>*, JGeometry::TVec3<float>*) in libsmg-pc-game.a[309](XanimeCore.cpp.o)
      XanimeCore::calcSingle(JGeometry::TVec3<float>*, JGeometry::TVec3<float>*) in libsmg-pc-game.a[309](XanimeCore.cpp.o)
      XanimeCore::calcScaleBlendBasic(JGeometry::TVec3<float> const&, JGeometry::TVec3<float> const&) in libsmg-pc-game.a[309](XanimeCore.cpp.o)
      XanimeCore::calcScaleBlendMayaNoTransform(JGeometry::TVec3<float> const&, JGeometry::TVec3<float> const&) in libsmg-pc-game.a[309](XanimeCore.cpp.o)
      XanimeCore::calc() in libsmg-pc-game.a[309](XanimeCore.cpp.o)
      ...
  "J3DMtxCalc::mJoint", referenced from:
      XanimeCore::calcScaleBlendMaya(JGeometry::TVec3<float> const&, JGeometry::TVec3<float> const&) in libsmg-pc-game.a[309](XanimeCore.cpp.o)
      XanimeCore::calcScaleBlendSI(JGeometry::TVec3<float> const&, JGeometry::TVec3<float> const&) in libsmg-pc-game.a[309](XanimeCore.cpp.o)
      XanimeCore::calcBlend(JGeometry::TVec3<float>*, JGeometry::TVec3<float>*) in libsmg-pc-game.a[309](XanimeCore.cpp.o)
      XanimeCore::calcSingle(JGeometry::TVec3<float>*, JGeometry::TVec3<float>*) in libsmg-pc-game.a[309](XanimeCore.cpp.o)
      XanimeCore::calcBlendSpecial() in libsmg-pc-game.a[309](XanimeCore.cpp.o)
      XanimeCore::calcScaleBlendBasic(JGeometry::TVec3<float> const&, JGeometry::TVec3<float> const&) in libsmg-pc-game.a[309](XanimeCore.cpp.o)
      XanimeCore::calcScaleBlendMayaNoTransform(JGeometry::TVec3<float> const&, JGeometry::TVec3<float> const&) in libsmg-pc-game.a[309](XanimeCore.cpp.o)
      ...
  "J3DJointTree::makeHierarchy(J3DJoint*, J3DModelHierarchy const**, J3DMaterialTable*, J3DShapeTable*)", referenced from:
      J3DModelData::makeHierarchy(J3DJoint*, J3DModelHierarchy const**) in libsmg-pc-game.a[964](J3DModelLoaderCompat.cpp.o)
  "J3DJointTree::findImportantMtxIndex()", referenced from:
      smgpc::compat::finalize_j3d_model(J3DModelData&, J3DShapeBlock const&, bool) in libsmg-pc-game.a[964](J3DModelLoaderCompat.cpp.o)
  "J3DModelData::indexToPtr()", referenced from:
      smgpc::compat::finalize_j3d_model(J3DModelData&, J3DShapeBlock const&, bool) in libsmg-pc-game.a[964](J3DModelLoaderCompat.cpp.o)
  "J3DModelData::newSharedDisplayList(unsigned int)", referenced from:
      ResourceHolder::createAndRegisterObject(char const*, void*) in libsmg-pc-game.a[348](ResourceHolder.cpp.o)
  "J3DModelData::clear()", referenced from:
      smgpc::resource::J3dModelResource::Storage::load_model(unsigned int, bool) in libsmg-pc-game.a[838](J3dModelResource.cpp.o)
  "J3DModelData::J3DModelData()", referenced from:
      smgpc::resource::J3dModelResource::Storage::load_model(unsigned int, bool) in libsmg-pc-game.a[838](J3dModelResource.cpp.o)
  "J3DMtxCalcJ3DSysInitMaya::init(Vec const&, float const (&) [3][4])", referenced from:
      XanimeCore::init(Vec const&, float const (&) [3][4]) in libsmg-pc-game.a[309](XanimeCore.cpp.o)
      J3DMtxCalcNoAnm<J3DMtxCalcCalcTransformMaya, J3DMtxCalcJ3DSysInitMaya>::init(Vec const&, float const (&) [3][4]) in libsmg-pc-game.a[860](J3dJointData.cpp.o)
  "J3DMtxCalcJ3DSysInitBasic::init(Vec const&, float const (&) [3][4])", referenced from:
      J3DMtxCalcNoAnm<J3DMtxCalcCalcTransformBasic, J3DMtxCalcJ3DSysInitBasic>::init(Vec const&, float const (&) [3][4]) in libsmg-pc-game.a[860](J3dJointData.cpp.o)
  "J3DMtxCalcCalcTransformMaya::calcTransform(J3DTransformInfo const&)", referenced from:
      J3DMtxCalcNoAnm<J3DMtxCalcCalcTransformMaya, J3DMtxCalcJ3DSysInitMaya>::calc() in libsmg-pc-game.a[860](J3dJointData.cpp.o)
  "J3DMtxCalcCalcTransformBasic::calcTransform(J3DTransformInfo const&)", referenced from:
      J3DMtxCalcNoAnm<J3DMtxCalcCalcTransformBasic, J3DMtxCalcJ3DSysInitBasic>::calc() in libsmg-pc-game.a[860](J3dJointData.cpp.o)
  "J3DMtxCalcCalcTransformSoftimage::calcTransform(J3DTransformInfo const&)", referenced from:
      J3DMtxCalcNoAnm<J3DMtxCalcCalcTransformSoftimage, J3DMtxCalcJ3DSysInitSoftimage>::calc() in libsmg-pc-game.a[860](J3dJointData.cpp.o)
  "J3DSys::mCurrentMtx", referenced from:
      JointController::staticCallBack(J3DJoint*, int) in libsmg-pc-game.a[71](JointController.cpp.o)
      XanimeCore::calcScaleBlendMaya(JGeometry::TVec3<float> const&, JGeometry::TVec3<float> const&) in libsmg-pc-game.a[309](XanimeCore.cpp.o)
      XanimeCore::calcScaleBlendMaya(JGeometry::TVec3<float> const&, JGeometry::TVec3<float> const&) in libsmg-pc-game.a[309](XanimeCore.cpp.o)
      XanimeCore::calcScaleBlendMaya(JGeometry::TVec3<float> const&, JGeometry::TVec3<float> const&) in libsmg-pc-game.a[309](XanimeCore.cpp.o)
      XanimeCore::calcScaleBlendSI(JGeometry::TVec3<float> const&, JGeometry::TVec3<float> const&) in libsmg-pc-game.a[309](XanimeCore.cpp.o)
      XanimeCore::calcScaleBlendSI(JGeometry::TVec3<float> const&, JGeometry::TVec3<float> const&) in libsmg-pc-game.a[309](XanimeCore.cpp.o)
      XanimeCore::calcScaleBlendBasic(JGeometry::TVec3<float> const&, JGeometry::TVec3<float> const&) in libsmg-pc-game.a[309](XanimeCore.cpp.o)
      ...
  "J3DSys::setTexCacheRegion(GXTexCacheSize)", referenced from:
      MR::drawInit() in libsmg-pc-game.a[1035](OriginalSceneDrawInit.cpp.o)
  "J3DSys::sTexCoordScaleTable", referenced from:
      smgpc::resource::J3dModelResource::Storage::load_model(unsigned int, bool) in libsmg-pc-game.a[838](J3dModelResource.cpp.o)
      smgpc::resource::J3dModelResource::Storage::load_model(unsigned int, bool) in libsmg-pc-game.a[838](J3dModelResource.cpp.o)
      smgpc::resource::J3dModelResource::Storage::load_model(unsigned int, bool) in libsmg-pc-game.a[838](J3dModelResource.cpp.o)
      smgpc::runtime::SceneScheduler::execute_movement_category(int) in libsmg-pc-game.a[870](SceneScheduler.cpp.o)
      smgpc::compat::SceneJ3dScope::~SceneJ3dScope() in libsmg-pc-game.a[870](SceneScheduler.cpp.o)
      smgpc::runtime::SceneScheduler::execute_calc_anim_category(int) in libsmg-pc-game.a[870](SceneScheduler.cpp.o)
      smgpc::runtime::SceneScheduler::entry_draw_buffer(int) in libsmg-pc-game.a[870](SceneScheduler.cpp.o)
      ...
  "J3DSys::drawInit()", referenced from:
      ScenarioSelectScene::draw() const in libsmg-pc-game.a[607](ScenarioSelectScene.cpp.o)
      MR::drawInit() in libsmg-pc-game.a[1035](OriginalSceneDrawInit.cpp.o)
  "J3DSys::mParentS", referenced from:
      XanimeCore::calcScaleBlendMaya(JGeometry::TVec3<float> const&, JGeometry::TVec3<float> const&) in libsmg-pc-game.a[309](XanimeCore.cpp.o)
      XanimeCore::calcScaleBlendSI(JGeometry::TVec3<float> const&, JGeometry::TVec3<float> const&) in libsmg-pc-game.a[309](XanimeCore.cpp.o)
      XanimeCore::calcScaleBlendMayaNoTransform(JGeometry::TVec3<float> const&, JGeometry::TVec3<float> const&) in libsmg-pc-game.a[309](XanimeCore.cpp.o)
      smgpc::runtime::SceneScheduler::execute_movement_category(int) in libsmg-pc-game.a[870](SceneScheduler.cpp.o)
      smgpc::runtime::SceneScheduler::execute_movement_category(int) in libsmg-pc-game.a[870](SceneScheduler.cpp.o)
      smgpc::compat::SceneJ3dScope::~SceneJ3dScope() in libsmg-pc-game.a[870](SceneScheduler.cpp.o)
      smgpc::runtime::SceneScheduler::execute_calc_anim_category(int) in libsmg-pc-game.a[870](SceneScheduler.cpp.o)
      smgpc::runtime::SceneScheduler::execute_calc_anim_category(int) in libsmg-pc-game.a[870](SceneScheduler.cpp.o)
      ...
  "J3DSys::reinitGX()", referenced from:
      MR::reinitGX() in libsmg-pc-game.a[1035](OriginalSceneDrawInit.cpp.o)
      MR::drawInitFor2DModel() in libsmg-pc-game.a[1035](OriginalSceneDrawInit.cpp.o)
  "J3DSys::mCurrentS", referenced from:
      XanimeCore::calcScaleBlendSI(JGeometry::TVec3<float> const&, JGeometry::TVec3<float> const&) in libsmg-pc-game.a[309](XanimeCore.cpp.o)
      XanimeCore::calcScaleBlendBasic(JGeometry::TVec3<float> const&, JGeometry::TVec3<float> const&) in libsmg-pc-game.a[309](XanimeCore.cpp.o)
      J3DMtxCalcNoAnm<J3DMtxCalcCalcTransformSoftimage, J3DMtxCalcJ3DSysInitSoftimage>::init(Vec const&, float const (&) [3][4]) in libsmg-pc-game.a[860](J3dJointData.cpp.o)
      smgpc::runtime::SceneScheduler::execute_movement_category(int) in libsmg-pc-game.a[870](SceneScheduler.cpp.o)
      smgpc::runtime::SceneScheduler::execute_movement_category(int) in libsmg-pc-game.a[870](SceneScheduler.cpp.o)
      smgpc::compat::SceneJ3dScope::~SceneJ3dScope() in libsmg-pc-game.a[870](SceneScheduler.cpp.o)
      smgpc::runtime::SceneScheduler::execute_calc_anim_category(int) in libsmg-pc-game.a[870](SceneScheduler.cpp.o)
      smgpc::runtime::SceneScheduler::execute_calc_anim_category(int) in libsmg-pc-game.a[870](SceneScheduler.cpp.o)
      ...
  "J3DJoint::mCurrentMtxCalc", referenced from:
      smgpc::runtime::SceneScheduler::execute_movement_category(int) in libsmg-pc-game.a[870](SceneScheduler.cpp.o)
      smgpc::runtime::SceneScheduler::execute_movement_category(int) in libsmg-pc-game.a[870](SceneScheduler.cpp.o)
      smgpc::compat::SceneJ3dScope::~SceneJ3dScope() in libsmg-pc-game.a[870](SceneScheduler.cpp.o)
      smgpc::runtime::SceneScheduler::execute_calc_anim_category(int) in libsmg-pc-game.a[870](SceneScheduler.cpp.o)
      smgpc::runtime::SceneScheduler::execute_calc_anim_category(int) in libsmg-pc-game.a[870](SceneScheduler.cpp.o)
      smgpc::runtime::SceneScheduler::entry_draw_buffer(int) in libsmg-pc-game.a[870](SceneScheduler.cpp.o)
      smgpc::runtime::SceneScheduler::entry_draw_buffer(int) in libsmg-pc-game.a[870](SceneScheduler.cpp.o)
      ...
  "J3DJoint::J3DJoint()", referenced from:
      std::__1::vector<J3DJoint, std::__1::allocator<J3DJoint>>::resize[abi:nqe230101](unsigned long) in libsmg-pc-game.a[860](J3dJointData.cpp.o)
      std::__1::vector<J3DJoint, std::__1::allocator<J3DJoint>>::resize[abi:nqe230101](unsigned long) in libsmg-pc-game.a[860](J3dJointData.cpp.o)
  "J3DModel::initialize()", referenced from:
      FurCtrl::setupFur(J3DModel*, ResTIMG*, ResTIMG*, ResTIMG*, unsigned short, unsigned char) in libsmg-pc-game.a[78](FurCtrl.cpp.o)
      FurCtrl::setupFurClone(J3DModel*, FurCtrl*) in libsmg-pc-game.a[78](FurCtrl.cpp.o)
      J3DModelX::J3DModelX(J3DModelData*, unsigned int, unsigned int) in libsmg-pc-game.a[668](J3DModelX.cpp.o)
      J3DModel::J3DModel(J3DModelData*, unsigned int, unsigned int) in libsmg-pc-game.a[967](ModelCreationCompat.cpp.o)
  "J3DModel::calcBumpMtx()", referenced from:
      J3DModelX::viewCalc3(unsigned int, float (*) [4]) in libsmg-pc-game.a[668](J3DModelX.cpp.o)
  "J3DModel::calcMaterial()", referenced from:
      vtable for J3DModel2 in libsmg-pc-game.a[78](FurCtrl.cpp.o)
      vtable for J3DModelX in libsmg-pc-game.a[668](J3DModelX.cpp.o)
  "J3DModel::calcBBoardMtx()", referenced from:
      J3DModelX::viewCalc3(unsigned int, float (*) [4]) in libsmg-pc-game.a[668](J3DModelX.cpp.o)
  "J3DModel::calcDiffTexMtx()", referenced from:
      vtable for J3DModel2 in libsmg-pc-game.a[78](FurCtrl.cpp.o)
      vtable for J3DModelX in libsmg-pc-game.a[668](J3DModelX.cpp.o)
  "J3DModel::entryModelData(J3DModelData*, unsigned int, unsigned int)", referenced from:
      J3DModelX::J3DModelX(J3DModelData*, unsigned int, unsigned int) in libsmg-pc-game.a[668](J3DModelX.cpp.o)
      J3DModel::J3DModel(J3DModelData*, unsigned int, unsigned int) in libsmg-pc-game.a[967](ModelCreationCompat.cpp.o)
  "J3DModel::prepareShapePackets()", referenced from:
      J3DModelX::viewCalc3(unsigned int, float (*) [4]) in libsmg-pc-game.a[668](J3DModelX.cpp.o)
      J3DModelX::viewCalcRef(unsigned int, J3DModel*) in libsmg-pc-game.a[668](J3DModelX.cpp.o)
      J3DModelX::viewCalcRefPos(unsigned int, J3DModel*, JGeometry::TVec3<float> const&, JGeometry::TVec3<float> const&) in libsmg-pc-game.a[668](J3DModelX.cpp.o)
  "J3DModel::calc()", referenced from:
      vtable for J3DModel2 in libsmg-pc-game.a[78](FurCtrl.cpp.o)
      vtable for J3DModelX in libsmg-pc-game.a[668](J3DModelX.cpp.o)
  "J3DModel::lock()", referenced from:
      MR::newJ3DModel(ResourceHolder const*, char const*, J3DMdlFlag) in libsmg-pc-game.a[967](ModelCreationCompat.cpp.o)
  "J3DModel::entry()", referenced from:
      vtable for J3DModel2 in libsmg-pc-game.a[78](FurCtrl.cpp.o)
      vtable for J3DModelX in libsmg-pc-game.a[668](J3DModelX.cpp.o)
  "J3DModel::makeDL()", referenced from:
      MR::newJ3DModel(ResourceHolder const*, char const*, J3DMdlFlag) in libsmg-pc-game.a[967](ModelCreationCompat.cpp.o)
  "J3DModel::unlock()", referenced from:
      MR::newJ3DModel(ResourceHolder const*, char const*, J3DMdlFlag) in libsmg-pc-game.a[967](ModelCreationCompat.cpp.o)
  "J3DModel::update()", referenced from:
      vtable for J3DModel2 in libsmg-pc-game.a[78](FurCtrl.cpp.o)
      vtable for J3DModelX in libsmg-pc-game.a[668](J3DModelX.cpp.o)
  "J3DModel::viewCalc()", referenced from:
      vtable for J3DModel2 in libsmg-pc-game.a[78](FurCtrl.cpp.o)
      vtable for J3DModelX in libsmg-pc-game.a[668](J3DModelX.cpp.o)
  "J3DModel::~J3DModel()", referenced from:
      J3DModel2::~J3DModel2() in libsmg-pc-game.a[78](FurCtrl.cpp.o)
      J3DModel2::~J3DModel2() in libsmg-pc-game.a[78](FurCtrl.cpp.o)
      FurCtrl::setupFur(J3DModel*, ResTIMG*, ResTIMG*, ResTIMG*, unsigned short, unsigned char) in libsmg-pc-game.a[78](FurCtrl.cpp.o)
      FurCtrl::setupFurClone(J3DModel*, FurCtrl*) in libsmg-pc-game.a[78](FurCtrl.cpp.o)
      J3DModelX::J3DModelX(J3DModelData*, unsigned int, unsigned int) in libsmg-pc-game.a[668](J3DModelX.cpp.o)
      J3DModelX::~J3DModelX() in libsmg-pc-game.a[668](J3DModelX.cpp.o)
      J3DModelX::~J3DModelX() in libsmg-pc-game.a[668](J3DModelX.cpp.o)
      ...
  "J3DModelData::syncJ3DSysFlags() const", referenced from:
      J3DModelX::directDraw(J3DModel*) in libsmg-pc-game.a[668](J3DModelX.cpp.o)
      J3DShapePacket::drawFast() in libsmg-pc-game.a[1096](J3DPacket.cpp.o)
      J3DShapePacket::prepareDraw() const in libsmg-pc-game.a[1096](J3DPacket.cpp.o)
  "J3DSys::loadNrmMtxIndx(int, unsigned short) const", referenced from:
      J3DShapeMtx::loadMtxIndx_PCPU(int, unsigned short) const in libsmg-pc-game.a[1112](J3DShapeMtx.cpp.o)
  "J3DSys::loadPosMtxIndx(int, unsigned short) const", referenced from:
      J3DShapeMtx::loadMtxIndx_NCPU(int, unsigned short) const in libsmg-pc-game.a[1112](J3DShapeMtx.cpp.o)
  "typeinfo for J3DModel", referenced from:
      typeinfo for J3DModel2 in libsmg-pc-game.a[78](FurCtrl.cpp.o)
      typeinfo for J3DModelX in libsmg-pc-game.a[668](J3DModelX.cpp.o)
  "vtable for J3DModel", referenced from:
      FurCtrl::setupFur(J3DModel*, ResTIMG*, ResTIMG*, ResTIMG*, unsigned short, unsigned char) in libsmg-pc-game.a[78](FurCtrl.cpp.o)
      FurCtrl::setupFurClone(J3DModel*, FurCtrl*) in libsmg-pc-game.a[78](FurCtrl.cpp.o)
      J3DModelX::J3DModelX(J3DModelData*, unsigned int, unsigned int) in libsmg-pc-game.a[668](J3DModelX.cpp.o)
      J3DModel::J3DModel(J3DModelData*, unsigned int, unsigned int) in libsmg-pc-game.a[967](ModelCreationCompat.cpp.o)
   NOTE: a missing vtable usually means the first non-inline virtual member function has no definition.
  "_j3dDefaultMtx", referenced from:
      J3DTexGenBlockPatched::calc(float const (*) [4]) in libsmg-pc-game.a[1042](J3DMatBlock.cpp.o)
      J3DTexGenBlockPatched::calcWithoutViewMtx(float const (*) [4]) in libsmg-pc-game.a[1042](J3DMatBlock.cpp.o)
      J3DTexGenBlockPatched::calcPostTexMtx(float const (*) [4]) in libsmg-pc-game.a[1042](J3DMatBlock.cpp.o)
      J3DTexGenBlockPatched::calcPostTexMtxWithoutViewMtx(float const (*) [4]) in libsmg-pc-game.a[1042](J3DMatBlock.cpp.o)
      J3DTexGenBlockPatched::calcPostTexMtxWithoutViewMtx(float const (*) [4]) in libsmg-pc-game.a[1042](J3DMatBlock.cpp.o)
      J3DTexGenBlockPatched::calcPostTexMtxWithoutViewMtx(float const (*) [4]) in libsmg-pc-game.a[1042](J3DMatBlock.cpp.o)
      J3DTexGenBlockPatched::calcPostTexMtxWithoutViewMtx(float const (*) [4]) in libsmg-pc-game.a[1042](J3DMatBlock.cpp.o)
      J3DTexGenBlockPatched::calcPostTexMtxWithoutViewMtx(float const (*) [4]) in libsmg-pc-game.a[1042](J3DMatBlock.cpp.o)
      J3DTexGenBlockPatched::calcPostTexMtxWithoutViewMtx(float const (*) [4]) in libsmg-pc-game.a[1042](J3DMatBlock.cpp.o)
      J3DTexGenBlockPatched::calcPostTexMtxWithoutViewMtx(float const (*) [4]) in libsmg-pc-game.a[1042](J3DMatBlock.cpp.o)
      J3DTexGenBlockPatched::calcPostTexMtxWithoutViewMtx(float const (*) [4]) in libsmg-pc-game.a[1042](J3DMatBlock.cpp.o)
      ...
  "_j3dDefaultViewNo", referenced from:
      J3DShape::initialize() in libsmg-pc-game.a[1110](J3DShape.cpp.o)
  "_j3dSys", referenced from:
      MR::loadViewMtx() in libsmg-pc-game.a[101](CameraUtil.cpp.o)
      DisplayListMaker::diff() in libsmg-pc-game.a[260](DisplayListMaker.cpp.o)
      ParticleDrawExecutor::drawIndirect() const in libsmg-pc-game.a[297](ParticleDrawExecutor.cpp.o)
      ParticleDrawExecutor::drawFor2DModel() const in libsmg-pc-game.a[297](ParticleDrawExecutor.cpp.o)
      XanimeCore::calc() in libsmg-pc-game.a[309](XanimeCore.cpp.o)
      DrawBufferGroup::drawOpa() const in libsmg-pc-game.a[362](DrawBufferGroup.cpp.o)
      DrawBufferGroup::drawXlu() const in libsmg-pc-game.a[362](DrawBufferGroup.cpp.o)
      ...
ld: symbol(s) not found for architecture arm64
clang++: error: linker command failed with exit code 1 (use -v to see invocation)
[0m
[0m[1;38;5;3;1mwarning: [38;5;3;1m./src/Game/xmake.lua:126[0m: cannot match add_files("src/Game/src/JSystem/J3DGraphAnimator/J3DJoint.cpp") in target(smg-pc-game)[0m
[0m[1;38;5;3;1mwarning: [38;5;3;1madd -v for getting more warnings ..[0m
