rel_path	pc_path	source_path	classification	target_surface	pc_sha256	source_sha256	debug_guard_count	unguarded_smgpc_count	unguarded_observer_api_count	note
Animation/AnmPlayer.cpp	src/Game/Animation/AnmPlayer.cpp	decomp/src/Game/Animation/AnmPlayer.cpp	compat-temporary	no	cdf83fd80e84f30038549727cced4757a2796457bee9212641c11f65303be47a	6197adffe91501f448f74e2f5d2b623796e0cfae69142dcdc47e0fda6d8804ae	0	0	0	source exists but pc-port behavior/shape differs
Animation/AnmPlayer.hpp	src/Game/Animation/AnmPlayer.hpp	decomp/include/Game/Animation/AnmPlayer.hpp	exact-source	no	10bffaa12d89a856bc4e5741d1b449e0f35313d6d44bec85ca337884f546a1ec	10bffaa12d89a856bc4e5741d1b449e0f35313d6d44bec85ca337884f546a1ec	0	0	0	byte-for-byte match
Animation/BckCtrl.cpp	src/Game/Animation/BckCtrl.cpp	decomp/src/Game/Animation/BckCtrl.cpp	compat-temporary	no	2974e6262f3e78802a0e5d011cd1799c89909463b6a8668e1ea43ca681d9e13f	8b7e4946fc248525193d62cf92873f6be4ba2e058325935d8c580024e4a061ff	0	0	0	source exists but pc-port behavior/shape differs
Animation/BckCtrl.hpp	src/Game/Animation/BckCtrl.hpp	decomp/include/Game/Animation/BckCtrl.hpp	compat-temporary	no	053b2575f5671349884b7a49b657345fa0ac6c0e814aa8339a3d384cf5cfef8d	6f528790f4e72107c23d84c9487dfeee2311e84a066eaf8d497f2c86391f36aa	0	0	0	source exists but pc-port behavior/shape differs
Animation/BpkPlayer.cpp	src/Game/Animation/BpkPlayer.cpp	decomp/src/Game/Animation/BpkPlayer.cpp	exact-source	no	9bde7a4cf5b67dd0d54b89c04a9d737f325e26e94061dc1525024f1da63753b2	9bde7a4cf5b67dd0d54b89c04a9d737f325e26e94061dc1525024f1da63753b2	0	0	0	byte-for-byte match
Animation/BpkPlayer.hpp	src/Game/Animation/BpkPlayer.hpp	decomp/include/Game/Animation/BpkPlayer.hpp	exact-source	no	b4ba01a138ed6391e9d8a400ba2dc8197dc619005fa0d8f090d54a5e2fe22443	b4ba01a138ed6391e9d8a400ba2dc8197dc619005fa0d8f090d54a5e2fe22443	0	0	0	byte-for-byte match
Animation/BrkPlayer.cpp	src/Game/Animation/BrkPlayer.cpp	decomp/src/Game/Animation/BrkPlayer.cpp	exact-source	no	c34ef1eb3f81039a7cd51c1759f632b58b210d5b0a33cafbfb8a132ea1e7e8fc	c34ef1eb3f81039a7cd51c1759f632b58b210d5b0a33cafbfb8a132ea1e7e8fc	0	0	0	byte-for-byte match
Animation/BrkPlayer.hpp	src/Game/Animation/BrkPlayer.hpp	decomp/include/Game/Animation/BrkPlayer.hpp	exact-source	no	9ba13330515e9ee12a2d480e5348158b7a5e4735e72e0484a7f76256520a3abe	9ba13330515e9ee12a2d480e5348158b7a5e4735e72e0484a7f76256520a3abe	0	0	0	byte-for-byte match
Animation/BtkPlayer.cpp	src/Game/Animation/BtkPlayer.cpp	decomp/src/Game/Animation/BtkPlayer.cpp	exact-source	no	48225cc1cc06169efe62863aa98712eebdfe53cff3792fc72bd338b47fc9e695	48225cc1cc06169efe62863aa98712eebdfe53cff3792fc72bd338b47fc9e695	0	0	0	byte-for-byte match
Animation/BtkPlayer.hpp	src/Game/Animation/BtkPlayer.hpp	decomp/include/Game/Animation/BtkPlayer.hpp	exact-source	no	cec00d81f6e7e568a030db2a2ce90ebd80cf65e8f3d298f303489307e3d1f459	cec00d81f6e7e568a030db2a2ce90ebd80cf65e8f3d298f303489307e3d1f459	0	0	0	byte-for-byte match
Animation/BtpPlayer.cpp	src/Game/Animation/BtpPlayer.cpp	decomp/src/Game/Animation/BtpPlayer.cpp	exact-source	no	5851c7495f334947a643e25146e1bbbb40254896b43bdf59d1e3b84f7e3cf622	5851c7495f334947a643e25146e1bbbb40254896b43bdf59d1e3b84f7e3cf622	0	0	0	byte-for-byte match
Animation/BtpPlayer.hpp	src/Game/Animation/BtpPlayer.hpp	decomp/include/Game/Animation/BtpPlayer.hpp	exact-source	no	bd3da538e999d05cc8778955de1b4b4cc2d2019e0de68257dc26056b1b4e220f	bd3da538e999d05cc8778955de1b4b4cc2d2019e0de68257dc26056b1b4e220f	0	0	0	byte-for-byte match
Animation/BvaPlayer.cpp	src/Game/Animation/BvaPlayer.cpp	decomp/src/Game/Animation/BvaPlayer.cpp	exact-source	no	9d10cc08cd8094e9554825d5f2b78444f315229458fd86e94ff66d929cfca845	9d10cc08cd8094e9554825d5f2b78444f315229458fd86e94ff66d929cfca845	0	0	0	byte-for-byte match
Animation/BvaPlayer.hpp	src/Game/Animation/BvaPlayer.hpp	decomp/include/Game/Animation/BvaPlayer.hpp	exact-source	no	ca7c2d4d2336d83d63b8717716b214d78c5e0dd5ea8cbb3af6a1bfe3c2213c0d	ca7c2d4d2336d83d63b8717716b214d78c5e0dd5ea8cbb3af6a1bfe3c2213c0d	0	0	0	byte-for-byte match
Animation/LayoutAnmPlayer.cpp	src/Game/Animation/LayoutAnmPlayer.cpp	decomp/src/Game/Animation/LayoutAnmPlayer.cpp	exact-source	no	a89590dee9726e6e057c782d5c818d3ec32a45314aac538bbeb3488c44b43a20	a89590dee9726e6e057c782d5c818d3ec32a45314aac538bbeb3488c44b43a20	0	0	0	byte-for-byte match
Animation/LayoutAnmPlayer.hpp	src/Game/Animation/LayoutAnmPlayer.hpp	decomp/include/Game/Animation/LayoutAnmPlayer.hpp	exact-source	no	017dda970d6d6f4e8a27950adac94e711c011e299b7934ce8d3b7c1a75871e63	017dda970d6d6f4e8a27950adac94e711c011e299b7934ce8d3b7c1a75871e63	0	0	0	byte-for-byte match
Animation/MaterialAnmBuffer.cpp	src/Game/Animation/MaterialAnmBuffer.cpp		decomp-needed	no	1408cfc9432ca0f3da3208000c80ce0032dcb134802d2cc79b80f3bae7e634b4		0	0	0	no root implementation counterpart; declaration counterpart decomp/include/Game/Animation/MaterialAnmBuffer.hpp
Animation/MaterialAnmBuffer.hpp	src/Game/Animation/MaterialAnmBuffer.hpp	decomp/include/Game/Animation/MaterialAnmBuffer.hpp	compat-temporary	no	0f0b1f0a447e2ffcfb6158a1b7293caffb950ee2eaa9d8c90ca2475765a599eb	d3f77c269d2cd55f7f660b6df1fb6c800ab677e271eae43653008bd617710bd2	0	0	0	source exists but pc-port behavior/shape differs
Animation/XanimeCore.cpp	src/Game/Animation/XanimeCore.cpp	decomp/src/Game/Animation/XanimeCore.cpp	compat-temporary	no	12a8f4400158f4b9ec73ba542202347600c5bd15bb2a18179c8894702a880379	f7b4e9930c33edb6cc82bc5bc3e22161fa0edbf6aad1cb9ed1484d30e59af225	0	0	0	source exists but pc-port behavior/shape differs
Animation/XanimeCore.hpp	src/Game/Animation/XanimeCore.hpp	decomp/include/Game/Animation/XanimeCore.hpp	compat-temporary	no	89ecbea4b67e41a22b487e69479014405f4a8c3c3e1ecd5dc7c58d0b9014ad61	715aa08c6597d844bcb0ebb7050dbf90fafd47fb9df4b12ce37a85eab3864221	0	0	0	source exists but pc-port behavior/shape differs
Animation/XanimePlayer.cpp	src/Game/Animation/XanimePlayer.cpp	decomp/src/Game/Animation/XanimePlayer.cpp	exact-source	no	4792bf4ace0d8432786279813d946a7192fa89adeb36257b790f80b4f02c9795	4792bf4ace0d8432786279813d946a7192fa89adeb36257b790f80b4f02c9795	0	0	0	byte-for-byte match
Animation/XanimePlayer.hpp	src/Game/Animation/XanimePlayer.hpp	decomp/include/Game/Animation/XanimePlayer.hpp	exact-source	no	e3a16fd54058496003d6cce09c5235bac7815e5ca9f89818da32e69578a55743	e3a16fd54058496003d6cce09c5235bac7815e5ca9f89818da32e69578a55743	0	0	0	byte-for-byte match
Animation/XanimeResource.cpp	src/Game/Animation/XanimeResource.cpp	decomp/src/Game/Animation/XanimeResource.cpp	compat-temporary	no	6fe4147e36d1be2adbc3972552cbc751853fa0d24f2eea6b1d85578671602140	abf9a3adae35caaedcdbf079eb7ecff8d08cc7bc41a43009369c169ec4f7f10f	0	0	0	source exists but pc-port behavior/shape differs
Animation/XanimeResource.hpp	src/Game/Animation/XanimeResource.hpp	decomp/include/Game/Animation/XanimeResource.hpp	exact-source	no	a34bdfe879dfa0e202d899aef975e713383f102e82da26d5cc48e8f33fd09da0	a34bdfe879dfa0e202d899aef975e713383f102e82da26d5cc48e8f33fd09da0	0	0	0	byte-for-byte match
AreaObj/AreaForm.cpp	src/Game/AreaObj/AreaForm.cpp	decomp/src/Game/AreaObj/AreaForm.cpp	exact-source	no	cdb2e9b301efefc0c0f299f697af9b5194798dcc4df3e2e673fc2cad26768465	cdb2e9b301efefc0c0f299f697af9b5194798dcc4df3e2e673fc2cad26768465	0	0	0	byte-for-byte match
AreaObj/AreaForm.hpp	src/Game/AreaObj/AreaForm.hpp	decomp/include/Game/AreaObj/AreaForm.hpp	compat-temporary	no	13a4fe8a1177cdc23837bc33dd68cbb0f5a8651fe221ebfafb354bdc4ec02274	ac9ba96043883b34922c4e70cc82c07e37b8b3e8fb32a5774241653a9c671e1f	0	0	0	source exists but pc-port behavior/shape differs
AreaObj/AreaObj.cpp	src/Game/AreaObj/AreaObj.cpp	decomp/src/Game/AreaObj/AreaObj.cpp	exact-source	no	7558f9aea116697e0e17ba9b4e27d5f12bc9fea1526be21fff532b12268d58be	7558f9aea116697e0e17ba9b4e27d5f12bc9fea1526be21fff532b12268d58be	0	0	0	byte-for-byte match
AreaObj/AreaObj.hpp	src/Game/AreaObj/AreaObj.hpp	decomp/include/Game/AreaObj/AreaObj.hpp	exact-source	no	d2dfa58a58019af745424c966fd34f526b209d1788688aadfe0ba0724a33adf2	d2dfa58a58019af745424c966fd34f526b209d1788688aadfe0ba0724a33adf2	0	0	0	byte-for-byte match
AreaObj/AreaObjContainer.cpp	src/Game/AreaObj/AreaObjContainer.cpp	decomp/src/Game/AreaObj/AreaObjContainer.cpp	compat-temporary	no	0b332f0f4798d18c7ad54ca4ba4afba1429f7456f8c83e7d643a68b2235d3910	efdfc89623fa9e22badf724eaebd8b60ed521e7a4f0add3db10839dcf8e10126	0	0	0	source exists but pc-port behavior/shape differs
AreaObj/AreaObjContainer.hpp	src/Game/AreaObj/AreaObjContainer.hpp	decomp/include/Game/AreaObj/AreaObjContainer.hpp	exact-source	no	480d749a2d8b24f759ae6d05733a4a048083a20db1e5894475d8be2352813532	480d749a2d8b24f759ae6d05733a4a048083a20db1e5894475d8be2352813532	0	0	0	byte-for-byte match
AreaObj/AreaObjFollower.cpp	src/Game/AreaObj/AreaObjFollower.cpp	decomp/src/Game/AreaObj/AreaObjFollower.cpp	exact-source	no	dfbb0fb870b64be810fc07657f906b8825f001e34ebcce409837fa95f17ff29c	dfbb0fb870b64be810fc07657f906b8825f001e34ebcce409837fa95f17ff29c	0	0	0	byte-for-byte match
AreaObj/AreaObjFollower.hpp	src/Game/AreaObj/AreaObjFollower.hpp	decomp/include/Game/AreaObj/AreaObjFollower.hpp	exact-source	no	db1bbb7a58df089ab1124e2243940b86043a22305646f360176939b8cdbb0c83	db1bbb7a58df089ab1124e2243940b86043a22305646f360176939b8cdbb0c83	0	0	0	byte-for-byte match
AreaObj/BloomArea.cpp	src/Game/AreaObj/BloomArea.cpp	decomp/src/Game/AreaObj/BloomArea.cpp	exact-source	no	e0dc4f9eb6d08984cbe1d104ab814777805cf18a2ec27333941cab440117906f	e0dc4f9eb6d08984cbe1d104ab814777805cf18a2ec27333941cab440117906f	0	0	0	byte-for-byte match
AreaObj/BloomArea.hpp	src/Game/AreaObj/BloomArea.hpp	decomp/include/Game/AreaObj/BloomArea.hpp	exact-source	no	e76b286e5e246f9f28b2b8a18080126303e5b482910278c2c810771bff137eb1	e76b286e5e246f9f28b2b8a18080126303e5b482910278c2c810771bff137eb1	0	0	0	byte-for-byte match
AreaObj/CameraRepulsiveArea.cpp	src/Game/AreaObj/CameraRepulsiveArea.cpp	decomp/src/Game/AreaObj/CameraRepulsiveArea.cpp	exact-source	no	d2beab8542a61add79e60dbb6e52b2415e0ff4d9e27378ac7fc210b18f1af9cb	d2beab8542a61add79e60dbb6e52b2415e0ff4d9e27378ac7fc210b18f1af9cb	0	0	0	byte-for-byte match
AreaObj/CameraRepulsiveArea.hpp	src/Game/AreaObj/CameraRepulsiveArea.hpp	decomp/include/Game/AreaObj/CameraRepulsiveArea.hpp	exact-source	no	dd57ce29d8dee29698af1806497f324fc790b5d91e48607729d43846c0a46899	dd57ce29d8dee29698af1806497f324fc790b5d91e48607729d43846c0a46899	0	0	0	byte-for-byte match
AreaObj/CollisionArea.cpp	src/Game/AreaObj/CollisionArea.cpp	decomp/src/Game/AreaObj/CollisionArea.cpp	compile-only	no	086e7b598da3134d8f67b13d9dbfd1e184ac5058069dd9af6f53cc043bffe73d	ecc334f59fd67a008fe97af67bf225566eb1c407b71dcd5aa5131a4d65e8c208	0	0	0	explicit CP932 literal wrappers and encoding include only
AreaObj/CollisionArea.hpp	src/Game/AreaObj/CollisionArea.hpp	decomp/include/Game/AreaObj/CollisionArea.hpp	exact-source	no	ef66ae6e1eff6b09faa62f35859276f593050e9ffd2ef79ecd15a760d44e6ac6	ef66ae6e1eff6b09faa62f35859276f593050e9ffd2ef79ecd15a760d44e6ac6	0	0	0	byte-for-byte match
AreaObj/CubeCamera.cpp	src/Game/AreaObj/CubeCamera.cpp	decomp/src/Game/AreaObj/CubeCamera.cpp	exact-source	no	59d9377bcb4ad661bc1b6265bc4344dcbff4e4da9551b491b57de1adae8e7bfc	59d9377bcb4ad661bc1b6265bc4344dcbff4e4da9551b491b57de1adae8e7bfc	0	0	0	byte-for-byte match
AreaObj/CubeCamera.hpp	src/Game/AreaObj/CubeCamera.hpp	decomp/include/Game/AreaObj/CubeCamera.hpp	exact-source	no	b8bf7d34ef8c4d27731ad80fd5a1355103447d3d2fa6f3d1c358d32ebeb6d864	b8bf7d34ef8c4d27731ad80fd5a1355103447d3d2fa6f3d1c358d32ebeb6d864	0	0	0	byte-for-byte match
AreaObj/DepthOfFieldArea.cpp	src/Game/AreaObj/DepthOfFieldArea.cpp	decomp/src/Game/AreaObj/DepthOfFieldArea.cpp	exact-source	no	a0ab05ec9666f4cbcf765091a0d16ec99d080423f64d9449681f06cf74907ab0	a0ab05ec9666f4cbcf765091a0d16ec99d080423f64d9449681f06cf74907ab0	0	0	0	byte-for-byte match
AreaObj/DepthOfFieldArea.hpp	src/Game/AreaObj/DepthOfFieldArea.hpp	decomp/include/Game/AreaObj/DepthOfFieldArea.hpp	exact-source	no	d160685b61ab443f26dae11d8a09a41a198b4731a2a8067c941d177777804e30	d160685b61ab443f26dae11d8a09a41a198b4731a2a8067c941d177777804e30	0	0	0	byte-for-byte match
AreaObj/ImageEffectArea.cpp	src/Game/AreaObj/ImageEffectArea.cpp	decomp/src/Game/AreaObj/ImageEffectArea.cpp	exact-source	no	7329566cae97da7a5a0e98b2d860493e0588bf00ca4988b57b9ac0514f2ab049	7329566cae97da7a5a0e98b2d860493e0588bf00ca4988b57b9ac0514f2ab049	0	0	0	byte-for-byte match
AreaObj/ImageEffectArea.hpp	src/Game/AreaObj/ImageEffectArea.hpp	decomp/include/Game/AreaObj/ImageEffectArea.hpp	exact-source	no	687a72cdd37cbab583d86a4401b9cf7a09f8b42d0538a1c22fa35f5a7202630f	687a72cdd37cbab583d86a4401b9cf7a09f8b42d0538a1c22fa35f5a7202630f	0	0	0	byte-for-byte match
AreaObj/LightArea.cpp	src/Game/AreaObj/LightArea.cpp	decomp/src/Game/AreaObj/LightArea.cpp	exact-source	no	b29b1dbe4d3ca440654724c8672d85b1101d6a1b80c1b8c24334bec6e685da22	b29b1dbe4d3ca440654724c8672d85b1101d6a1b80c1b8c24334bec6e685da22	0	0	0	byte-for-byte match
AreaObj/LightArea.hpp	src/Game/AreaObj/LightArea.hpp	decomp/include/Game/AreaObj/LightArea.hpp	exact-source	no	6e99d383feea6b77cb1ffbc6a2c47273e4bb22b2a91f724365592bdcd4daf52d	6e99d383feea6b77cb1ffbc6a2c47273e4bb22b2a91f724365592bdcd4daf52d	0	0	0	byte-for-byte match
AreaObj/LightAreaHolder.cpp	src/Game/AreaObj/LightAreaHolder.cpp	decomp/src/Game/AreaObj/LightAreaHolder.cpp	exact-source	no	59b8eb73b209a43d8b091076c57ed17b3eb34d76545936d4d5162d719a537f4b	59b8eb73b209a43d8b091076c57ed17b3eb34d76545936d4d5162d719a537f4b	0	0	0	byte-for-byte match
AreaObj/LightAreaHolder.hpp	src/Game/AreaObj/LightAreaHolder.hpp	decomp/include/Game/AreaObj/LightAreaHolder.hpp	exact-source	no	09045057c174694d06417879074a85c363bbcbdf0cd6126b6228dc55e283c609	09045057c174694d06417879074a85c363bbcbdf0cd6126b6228dc55e283c609	0	0	0	byte-for-byte match
AreaObj/MercatorTransformCube.hpp	src/Game/AreaObj/MercatorTransformCube.hpp	decomp/include/Game/AreaObj/MercatorTransformCube.hpp	compat-temporary	no	d4f7e315cf5247e0ba675d6e886506d457d3db82d8b3155e1e10d011ca75571b	ffcc4f890c09765aed853d41f91d4c4ae2cf6b9a3c646a27fd446f24b5e42ee0	0	0	0	source exists but pc-port behavior/shape differs
AreaObj/MessageArea.cpp	src/Game/AreaObj/MessageArea.cpp	decomp/src/Game/AreaObj/MessageArea.cpp	exact-source	no	5142caa6aea3822e20b6217f055b0786433605d0657c32f631661a2a9633d958	5142caa6aea3822e20b6217f055b0786433605d0657c32f631661a2a9633d958	0	0	0	byte-for-byte match
AreaObj/MessageArea.hpp	src/Game/AreaObj/MessageArea.hpp	decomp/include/Game/AreaObj/MessageArea.hpp	exact-source	no	cca505e2a1c3f742dfe39e421749c5465c1bdc7c64802c1643cea5bf0dd09421	cca505e2a1c3f742dfe39e421749c5465c1bdc7c64802c1643cea5bf0dd09421	0	0	0	byte-for-byte match
AreaObj/RestartCube.cpp	src/Game/AreaObj/RestartCube.cpp	decomp/src/Game/AreaObj/RestartCube.cpp	exact-source	no	753183be99857638a3b44f452a643470b34bf5b6b31bfd954bd62c0320dcfbba	753183be99857638a3b44f452a643470b34bf5b6b31bfd954bd62c0320dcfbba	0	0	0	byte-for-byte match
AreaObj/RestartCube.hpp	src/Game/AreaObj/RestartCube.hpp	decomp/include/Game/AreaObj/RestartCube.hpp	exact-source	no	2f99dd644853259ad5c7bb9f08e50d3a21c95c463bce969a2be46c72fc3b271a	2f99dd644853259ad5c7bb9f08e50d3a21c95c463bce969a2be46c72fc3b271a	0	0	0	byte-for-byte match
AreaObj/ScreenBlurArea.cpp	src/Game/AreaObj/ScreenBlurArea.cpp	decomp/src/Game/AreaObj/ScreenBlurArea.cpp	exact-source	no	646294080cd8fa1d2044bcafcd4bdcf5746892b6c7ca179875985a2b57c4530e	646294080cd8fa1d2044bcafcd4bdcf5746892b6c7ca179875985a2b57c4530e	0	0	0	byte-for-byte match
AreaObj/ScreenBlurArea.hpp	src/Game/AreaObj/ScreenBlurArea.hpp	decomp/include/Game/AreaObj/ScreenBlurArea.hpp	exact-source	no	41bd0eb1e4995dd95ede6685eef7874de44152901c03dbddd4b9d2f0d63bc8d8	41bd0eb1e4995dd95ede6685eef7874de44152901c03dbddd4b9d2f0d63bc8d8	0	0	0	byte-for-byte match
AreaObj/SimpleBloomArea.cpp	src/Game/AreaObj/SimpleBloomArea.cpp	decomp/src/Game/AreaObj/SimpleBloomArea.cpp	exact-source	no	e73b6e8c4b164a672eb047f81a2c5dd270b4c8bb918d2e82b3da38ad7666d552	e73b6e8c4b164a672eb047f81a2c5dd270b4c8bb918d2e82b3da38ad7666d552	0	0	0	byte-for-byte match
AreaObj/SimpleBloomArea.hpp	src/Game/AreaObj/SimpleBloomArea.hpp	decomp/include/Game/AreaObj/SimpleBloomArea.hpp	exact-source	no	ea7595fd423c72b5d2fe776089b0337a51989dd86227cc01c108d23181e375d7	ea7595fd423c72b5d2fe776089b0337a51989dd86227cc01c108d23181e375d7	0	0	0	byte-for-byte match
AreaObj/SwitchArea.cpp	src/Game/AreaObj/SwitchArea.cpp	decomp/src/Game/AreaObj/SwitchArea.cpp	exact-source	no	5466c6dcd8087d126e4b0022ae228d42f94f2a1f43847bb5e0eec4d20fc58ae5	5466c6dcd8087d126e4b0022ae228d42f94f2a1f43847bb5e0eec4d20fc58ae5	0	0	0	byte-for-byte match
AreaObj/SwitchArea.hpp	src/Game/AreaObj/SwitchArea.hpp	decomp/include/Game/AreaObj/SwitchArea.hpp	exact-source	no	74af1b06881f2d1497a638dc65e6d27648ac82b7978df88f631efeaf1e423660	74af1b06881f2d1497a638dc65e6d27648ac82b7978df88f631efeaf1e423660	0	0	0	byte-for-byte match
AreaObj/WarpCube.cpp	src/Game/AreaObj/WarpCube.cpp	decomp/src/Game/AreaObj/WarpCube.cpp	compile-only	no	617bcd20c5c7c021c54d419553fd49e34f8df382ac4181d539dadf6bd86a2aab	c1d333c940573f65c9d90f3d52c72787ddaacb279469513d611f2552bb7acce7	0	0	0	explicit CP932 literal wrappers and encoding include only
AreaObj/WarpCube.hpp	src/Game/AreaObj/WarpCube.hpp	decomp/include/Game/AreaObj/WarpCube.hpp	exact-source	no	8b4669f1367cc879b39f5a8d8de7c846e49b40994420cc076becc1a078d4cabf	8b4669f1367cc879b39f5a8d8de7c846e49b40994420cc076becc1a078d4cabf	0	0	0	byte-for-byte match
AreaObj/WaterArea.cpp	src/Game/AreaObj/WaterArea.cpp	decomp/src/Game/AreaObj/WaterArea.cpp	exact-source	no	a4b94ac4f8a835929b9c925888e4c0bd4b87755672405727ea0f100de7655817	a4b94ac4f8a835929b9c925888e4c0bd4b87755672405727ea0f100de7655817	0	0	0	byte-for-byte match
AreaObj/WaterArea.hpp	src/Game/AreaObj/WaterArea.hpp	decomp/include/Game/AreaObj/WaterArea.hpp	exact-source	no	b6328e35735bf2703ac0d3a0066159ccde15bc492b0340e367f9d41784afe105	b6328e35735bf2703ac0d3a0066159ccde15bc492b0340e367f9d41784afe105	0	0	0	byte-for-byte match
AudioLib/AudAnmSoundObject.hpp	src/Game/AudioLib/AudAnmSoundObject.hpp	decomp/include/Game/AudioLib/AudAnmSoundObject.hpp	exact-source	no	05e21198026aff6c978972670167133623680188f5285c02603a8895bc564490	05e21198026aff6c978972670167133623680188f5285c02603a8895bc564490	0	0	0	byte-for-byte match
AudioLib/AudAudible.hpp	src/Game/AudioLib/AudAudible.hpp	decomp/include/Game/AudioLib/AudAudible.hpp	exact-source	no	924c99e335bd9590ecb67db0505bf76005aaaf860bdb14eca96a9c3c9febad23	924c99e335bd9590ecb67db0505bf76005aaaf860bdb14eca96a9c3c9febad23	0	0	0	byte-for-byte match
AudioLib/AudAudience.hpp	src/Game/AudioLib/AudAudience.hpp	decomp/include/Game/AudioLib/AudAudience.hpp	exact-source	no	0adf68163f343064c3be8b8eb55f84e9669591285fd7b6abc6d7041a73f80228	0adf68163f343064c3be8b8eb55f84e9669591285fd7b6abc6d7041a73f80228	0	0	0	byte-for-byte match
AudioLib/AudBgm.cpp	src/Game/AudioLib/AudBgm.cpp	decomp/src/Game/AudioLib/AudBgm.cpp	exact-source	no	7a7fba6fca4bf5cc181350ed681f50c25813bd3b86e90ccd02464479f958c2a3	7a7fba6fca4bf5cc181350ed681f50c25813bd3b86e90ccd02464479f958c2a3	0	0	0	byte-for-byte match
AudioLib/AudBgm.hpp	src/Game/AudioLib/AudBgm.hpp	decomp/include/Game/AudioLib/AudBgm.hpp	exact-source	no	ad1a5d403b9667ce71c5d8674a8f00f1517615456fc8efb322541dd3857be1ba	ad1a5d403b9667ce71c5d8674a8f00f1517615456fc8efb322541dd3857be1ba	0	0	0	byte-for-byte match
AudioLib/AudBgmKeeper.cpp	src/Game/AudioLib/AudBgmKeeper.cpp	decomp/src/Game/AudioLib/AudBgmKeeper.cpp	exact-source	no	9d3351f7beda218a8e320144079e70e3b1a609cc98cfca8e5cfd789d05497802	9d3351f7beda218a8e320144079e70e3b1a609cc98cfca8e5cfd789d05497802	0	0	0	byte-for-byte match
AudioLib/AudBgmKeeper.hpp	src/Game/AudioLib/AudBgmKeeper.hpp	decomp/include/Game/AudioLib/AudBgmKeeper.hpp	exact-source	no	c5846f3b60fecc2023940360f8d89ea59b312d4cec42a93aa83367690a4134b7	c5846f3b60fecc2023940360f8d89ea59b312d4cec42a93aa83367690a4134b7	0	0	0	byte-for-byte match
AudioLib/AudBgmMgr.cpp	src/Game/AudioLib/AudBgmMgr.cpp	decomp/src/Game/AudioLib/AudBgmMgr.cpp	exact-source	no	60a66c21b7d37d9d000f36a406bc10c552bceefd35e6e40a9bfb5d1a21151edf	60a66c21b7d37d9d000f36a406bc10c552bceefd35e6e40a9bfb5d1a21151edf	0	0	0	byte-for-byte match
AudioLib/AudBgmMgr.hpp	src/Game/AudioLib/AudBgmMgr.hpp	decomp/include/Game/AudioLib/AudBgmMgr.hpp	exact-source	no	e3b5bfa6adc2ec79d276e87115ac005cd81d41aa0cf6f4365eb3cbb29d2488fd	e3b5bfa6adc2ec79d276e87115ac005cd81d41aa0cf6f4365eb3cbb29d2488fd	0	0	0	byte-for-byte match
AudioLib/AudBgmRhythmStrategy.cpp	src/Game/AudioLib/AudBgmRhythmStrategy.cpp	decomp/src/Game/AudioLib/AudBgmRhythmStrategy.cpp	exact-source	no	2777f2ece4625819e9f5ba5e7d0de9bb6e25f7e5236a302d7723677d3157ddfd	2777f2ece4625819e9f5ba5e7d0de9bb6e25f7e5236a302d7723677d3157ddfd	0	0	0	byte-for-byte match
AudioLib/AudBgmRhythmStrategy.hpp	src/Game/AudioLib/AudBgmRhythmStrategy.hpp	decomp/include/Game/AudioLib/AudBgmRhythmStrategy.hpp	exact-source	no	32c3f25bf1bc9f40b83d7fed24a718ae8ac58c6d8fb8a9214cedcb926eff87ff	32c3f25bf1bc9f40b83d7fed24a718ae8ac58c6d8fb8a9214cedcb926eff87ff	0	0	0	byte-for-byte match
AudioLib/AudBgmSetting.cpp	src/Game/AudioLib/AudBgmSetting.cpp	decomp/src/Game/AudioLib/AudBgmSetting.cpp	exact-source	no	591ca147a41b8c5d619d3f60f9f829c0ea3614ee7aaeeb12ff3d51f57aa5ece5	591ca147a41b8c5d619d3f60f9f829c0ea3614ee7aaeeb12ff3d51f57aa5ece5	0	0	0	byte-for-byte match
AudioLib/AudBgmSetting.hpp	src/Game/AudioLib/AudBgmSetting.hpp	decomp/include/Game/AudioLib/AudBgmSetting.hpp	exact-source	no	d5172d71a6ed8b353da939b4ba6973e013bd81937ae454c4daac1441025de87f	d5172d71a6ed8b353da939b4ba6973e013bd81937ae454c4daac1441025de87f	0	0	0	byte-for-byte match
AudioLib/AudBgmVolumeController.cpp	src/Game/AudioLib/AudBgmVolumeController.cpp	decomp/src/Game/AudioLib/AudBgmVolumeController.cpp	exact-source	no	9689461e7f76e2f23a86ab74e54af5afc91a514915eec73463409aca55a91077	9689461e7f76e2f23a86ab74e54af5afc91a514915eec73463409aca55a91077	0	0	0	byte-for-byte match
AudioLib/AudBgmVolumeController.hpp	src/Game/AudioLib/AudBgmVolumeController.hpp	decomp/include/Game/AudioLib/AudBgmVolumeController.hpp	exact-source	no	69713a17f7bd1c169023e7333763b9b522736dc41197b25cb2032b377a759afc	69713a17f7bd1c169023e7333763b9b522736dc41197b25cb2032b377a759afc	0	0	0	byte-for-byte match
AudioLib/AudFader.cpp	src/Game/AudioLib/AudFader.cpp	decomp/src/Game/AudioLib/AudFader.cpp	exact-source	no	fbbcf7633ff8030110296dfe4b6d02f67e9b3b13d63a4a15807020b8e53f9f18	fbbcf7633ff8030110296dfe4b6d02f67e9b3b13d63a4a15807020b8e53f9f18	0	0	0	byte-for-byte match
AudioLib/AudFader.hpp	src/Game/AudioLib/AudFader.hpp	decomp/include/Game/AudioLib/AudFader.hpp	exact-source	no	2a91906020e3f8f7bed2c2c1b339e3c24c19f2d977426c641a1c997d2cd6fc85	2a91906020e3f8f7bed2c2c1b339e3c24c19f2d977426c641a1c997d2cd6fc85	0	0	0	byte-for-byte match
AudioLib/AudLimitedSound.cpp	src/Game/AudioLib/AudLimitedSound.cpp	decomp/src/Game/AudioLib/AudLimitedSound.cpp	exact-source	no	5f4506ab6c57628f66ba5adcac0dc0a2ac23aea7d828423233ba173a21a3e3fd	5f4506ab6c57628f66ba5adcac0dc0a2ac23aea7d828423233ba173a21a3e3fd	0	0	0	byte-for-byte match
AudioLib/AudLimitedSound.hpp	src/Game/AudioLib/AudLimitedSound.hpp	decomp/include/Game/AudioLib/AudLimitedSound.hpp	exact-source	no	dd4d52699915fa415516c5a5654248192cd917957c1a5ae78b43168dcac9ac5a	dd4d52699915fa415516c5a5654248192cd917957c1a5ae78b43168dcac9ac5a	0	0	0	byte-for-byte match
AudioLib/AudMeNameConverter.cpp	src/Game/AudioLib/AudMeNameConverter.cpp	decomp/src/Game/AudioLib/AudMeNameConverter.cpp	exact-source	no	379c9f57fc14b77145abbeea9dac52dd8ddc2005c80454229bd76c323714471f	379c9f57fc14b77145abbeea9dac52dd8ddc2005c80454229bd76c323714471f	0	0	0	byte-for-byte match
AudioLib/AudMeNameConverter.hpp	src/Game/AudioLib/AudMeNameConverter.hpp	decomp/include/Game/AudioLib/AudMeNameConverter.hpp	exact-source	no	a294293c92409d3c1ae06c8b75ebd294ec11de6780a8e4d47ed3cf01f7ca255c	a294293c92409d3c1ae06c8b75ebd294ec11de6780a8e4d47ed3cf01f7ca255c	0	0	0	byte-for-byte match
AudioLib/AudMicWrap.hpp	src/Game/AudioLib/AudMicWrap.hpp	decomp/include/Game/AudioLib/AudMicWrap.hpp	exact-source	no	f16009e9421da918c42ce4dd44c6ddf7266a083d8bee7bdc740e78ec90848915	f16009e9421da918c42ce4dd44c6ddf7266a083d8bee7bdc740e78ec90848915	0	0	0	byte-for-byte match
AudioLib/AudParams.cpp	src/Game/AudioLib/AudParams.cpp	decomp/src/Game/AudioLib/AudParams.cpp	exact-source	no	af287676843994fc2086914001ed757be68ae377f9e447e7a193b66113059b2d	af287676843994fc2086914001ed757be68ae377f9e447e7a193b66113059b2d	0	0	0	byte-for-byte match
AudioLib/AudParams.hpp	src/Game/AudioLib/AudParams.hpp	decomp/include/Game/AudioLib/AudParams.hpp	exact-source	no	b8167da906cbd5deeaa11f3cbcc2cb1c040737711f5577dab96944ef4a1b45c8	b8167da906cbd5deeaa11f3cbcc2cb1c040737711f5577dab96944ef4a1b45c8	0	0	0	byte-for-byte match
AudioLib/AudRemixMgr.hpp	src/Game/AudioLib/AudRemixMgr.hpp	decomp/include/Game/AudioLib/AudRemixMgr.hpp	exact-source	no	ad2ee4d9c8547a7b75b76577a28f8537de404c5b39601fd918c46623302a52d3	ad2ee4d9c8547a7b75b76577a28f8537de404c5b39601fd918c46623302a52d3	0	0	0	byte-for-byte match
AudioLib/AudRemixSequencer.hpp	src/Game/AudioLib/AudRemixSequencer.hpp	decomp/include/Game/AudioLib/AudRemixSequencer.hpp	exact-source	no	a6e181fd1f2dd28778ee12fefcb98bfe5470e1faab27f87b8dce51414275bffe	a6e181fd1f2dd28778ee12fefcb98bfe5470e1faab27f87b8dce51414275bffe	0	0	0	byte-for-byte match
AudioLib/AudSceneMgr.hpp	src/Game/AudioLib/AudSceneMgr.hpp	decomp/include/Game/AudioLib/AudSceneMgr.hpp	exact-source	no	9ad7f4ff014b772de46bbe654b8066baa7e77fe5e5f5384b0942111dce8fa8fc	9ad7f4ff014b772de46bbe654b8066baa7e77fe5e5f5384b0942111dce8fa8fc	0	0	0	byte-for-byte match
AudioLib/AudSoundId.hpp	src/Game/AudioLib/AudSoundId.hpp	decomp/include/Game/AudioLib/AudSoundId.hpp	exact-source	no	d68659989350ac574382bfe3f8d1805b4363109e7301cfb4f690320c1455da87	d68659989350ac574382bfe3f8d1805b4363109e7301cfb4f690320c1455da87	0	0	0	byte-for-byte match
AudioLib/AudSoundNameConverter.cpp	src/Game/AudioLib/AudSoundNameConverter.cpp	decomp/src/Game/AudioLib/AudSoundNameConverter.cpp	exact-source	no	af4cb036b540a3e60cb281ec087330c2779315b7c0d5f372e4c8cd03180a6022	af4cb036b540a3e60cb281ec087330c2779315b7c0d5f372e4c8cd03180a6022	0	0	0	byte-for-byte match
AudioLib/AudSoundNameConverter.hpp	src/Game/AudioLib/AudSoundNameConverter.hpp	decomp/include/Game/AudioLib/AudSoundNameConverter.hpp	exact-source	no	3986781f74faedf5b80b9a72d07b4681563224bc760a7b7c06fad78192d07f09	3986781f74faedf5b80b9a72d07b4681563224bc760a7b7c06fad78192d07f09	0	0	0	byte-for-byte match
AudioLib/AudSoundObject.hpp	src/Game/AudioLib/AudSoundObject.hpp	decomp/include/Game/AudioLib/AudSoundObject.hpp	compat-temporary	no	538aa84dc068f2d31c58e19e4e2d83cd53d195615c226b613ee21d1f70a1123c	ce624674c24f203e2d0e6197d35c5c9b651aaf2f7203131eee0decfb2b2d0ff5	0	0	0	source exists but pc-port behavior/shape differs
AudioLib/AudSpeakerWrap.hpp	src/Game/AudioLib/AudSpeakerWrap.hpp	decomp/include/Game/AudioLib/AudSpeakerWrap.hpp	exact-source	no	135b8aff56b0b7d148879d7ad15773caeb9cebfe5e5a20e1c9ed4ae744bbfcf0	135b8aff56b0b7d148879d7ad15773caeb9cebfe5e5a20e1c9ed4ae744bbfcf0	0	0	0	byte-for-byte match
AudioLib/AudSystem.hpp	src/Game/AudioLib/AudSystem.hpp	decomp/include/Game/AudioLib/AudSystem.hpp	exact-source	no	f9d9d223e4cb38df0089b77946ca9e12090c3174563653ef58659836a15d5133	f9d9d223e4cb38df0089b77946ca9e12090c3174563653ef58659836a15d5133	0	0	0	byte-for-byte match
AudioLib/AudSystemVolumeController.cpp	src/Game/AudioLib/AudSystemVolumeController.cpp	decomp/src/Game/AudioLib/AudSystemVolumeController.cpp	exact-source	no	43a33cdd26489a1368c0a987beda4a4ac537918ca0f42feac0fc3342ad0a0c54	43a33cdd26489a1368c0a987beda4a4ac537918ca0f42feac0fc3342ad0a0c54	0	0	0	byte-for-byte match
AudioLib/AudSystemVolumeController.hpp	src/Game/AudioLib/AudSystemVolumeController.hpp	decomp/include/Game/AudioLib/AudSystemVolumeController.hpp	exact-source	no	5c959651a98beb4cc08957647ad811e1c4f3e4de1dbd12a7dbb6ec17b805cc38	5c959651a98beb4cc08957647ad811e1c4f3e4de1dbd12a7dbb6ec17b805cc38	0	0	0	byte-for-byte match
AudioLib/AudTrackController.cpp	src/Game/AudioLib/AudTrackController.cpp	decomp/src/Game/AudioLib/AudTrackController.cpp	exact-source	no	d4a2fa80a18b64a17d61ad853ac65eb74f677284e6c350410086cee707febcfb	d4a2fa80a18b64a17d61ad853ac65eb74f677284e6c350410086cee707febcfb	0	0	0	byte-for-byte match
AudioLib/AudTrackController.hpp	src/Game/AudioLib/AudTrackController.hpp	decomp/include/Game/AudioLib/AudTrackController.hpp	exact-source	no	ca1baafe2733dc5cfa3afe535d3f1bea66a067258c427a88c2bee97fe2839148	ca1baafe2733dc5cfa3afe535d3f1bea66a067258c427a88c2bee97fe2839148	0	0	0	byte-for-byte match
AudioLib/AudWrap.cpp	src/Game/AudioLib/AudWrap.cpp	decomp/src/Game/AudioLib/AudWrap.cpp	exact-source	no	70ad1ea96fe75efeead90d833163079e3a8d3c691b02cce4fb35655a39417951	70ad1ea96fe75efeead90d833163079e3a8d3c691b02cce4fb35655a39417951	0	0	0	byte-for-byte match
AudioLib/AudWrap.hpp	src/Game/AudioLib/AudWrap.hpp	decomp/include/Game/AudioLib/AudWrap.hpp	exact-source	no	64f2152b9d8ac4dbd7c4eb5cf5ed6db6f3ef1ad0fc04d64eb74066b420e167bc	64f2152b9d8ac4dbd7c4eb5cf5ed6db6f3ef1ad0fc04d64eb74066b420e167bc	0	0	0	byte-for-byte match
AudioLib/CSSoundNameConverter.cpp	src/Game/AudioLib/CSSoundNameConverter.cpp	decomp/src/Game/AudioLib/CSSoundNameConverter.cpp	exact-source	no	c9f6e50aacbf2f34e506a0fc4854bfb748f32ee8b2ff20a8ba96ca8b9691a2c0	c9f6e50aacbf2f34e506a0fc4854bfb748f32ee8b2ff20a8ba96ca8b9691a2c0	0	0	0	byte-for-byte match
AudioLib/CSSoundNameConverter.hpp	src/Game/AudioLib/CSSoundNameConverter.hpp	decomp/include/Game/AudioLib/CSSoundNameConverter.hpp	exact-source	no	59bd3dcf61d03dab7ba37c9adaff4671b1404a481aed224418654b375f1d5a0d	59bd3dcf61d03dab7ba37c9adaff4671b1404a481aed224418654b375f1d5a0d	0	0	0	byte-for-byte match
Boss/BossStinkBug.hpp	src/Game/Boss/BossStinkBug.hpp	decomp/include/Game/Boss/BossStinkBug.hpp	exact-source	no	c84e6249ac5d40ce441d4134b786e9ffaa5907175bff9cbc77ab5ba570678c3e	c84e6249ac5d40ce441d4134b786e9ffaa5907175bff9cbc77ab5ba570678c3e	0	0	0	byte-for-byte match
Boss/SkeletalFishGuard.hpp	src/Game/Boss/SkeletalFishGuard.hpp	decomp/include/Game/Boss/SkeletalFishGuard.hpp	exact-source	no	49b1bded44b2f00117d5fc2e5044980180101515839940b27f98c26b33a98f78	49b1bded44b2f00117d5fc2e5044980180101515839940b27f98c26b33a98f78	0	0	0	byte-for-byte match
Boss/TripodBoss.hpp	src/Game/Boss/TripodBoss.hpp	decomp/include/Game/Boss/TripodBoss.hpp	exact-source	no	fad98da0581264db19f3cc773559b23e5b5ecb2ce19a78af85b836fc37841889	fad98da0581264db19f3cc773559b23e5b5ecb2ce19a78af85b836fc37841889	0	0	0	byte-for-byte match
Boss/TripodBossAccesser.hpp	src/Game/Boss/TripodBossAccesser.hpp	decomp/include/Game/Boss/TripodBossAccesser.hpp	exact-source	no	89e40205b6f49b760a1db488ce695216740f453373d260cc7ac7bb547782c6ac	89e40205b6f49b760a1db488ce695216740f453373d260cc7ac7bb547782c6ac	0	0	0	byte-for-byte match
Camera/CamHeliEffector.cpp	src/Game/Camera/CamHeliEffector.cpp	decomp/src/Game/Camera/CamHeliEffector.cpp	exact-source	yes	fc77de3dc3daa5a0c30c081ba2736c7794547b6776e8fac92e7460765c27dd57	fc77de3dc3daa5a0c30c081ba2736c7794547b6776e8fac92e7460765c27dd57	0	0	0	byte-for-byte match
Camera/CamHeliEffector.hpp	src/Game/Camera/CamHeliEffector.hpp	decomp/include/Game/Camera/CamHeliEffector.hpp	exact-source	yes	c7bdeb7cdfed4e6b5a4e8d349c2123d74ae60c418e704a21bd79d7a05ae5f6f4	c7bdeb7cdfed4e6b5a4e8d349c2123d74ae60c418e704a21bd79d7a05ae5f6f4	0	0	0	byte-for-byte match
Camera/CamKarikariEffector.cpp	src/Game/Camera/CamKarikariEffector.cpp	decomp/src/Game/Camera/CamKarikariEffector.cpp	exact-source	yes	3be78368a5e8b9bc721bc5dba6768b4ae5c422a0f2e25562d25642d26b09e8d7	3be78368a5e8b9bc721bc5dba6768b4ae5c422a0f2e25562d25642d26b09e8d7	0	0	0	byte-for-byte match
Camera/CamKarikariEffector.hpp	src/Game/Camera/CamKarikariEffector.hpp	decomp/include/Game/Camera/CamKarikariEffector.hpp	exact-source	yes	4dfa93256e504f5169f1d5b4c824f73e328d90c6ff829d6ad55f45bb8bd01be3	4dfa93256e504f5169f1d5b4c824f73e328d90c6ff829d6ad55f45bb8bd01be3	0	0	0	byte-for-byte match
Camera/CamTranslatorAnim.cpp	src/Game/Camera/CamTranslatorAnim.cpp	decomp/src/Game/Camera/CamTranslatorAnim.cpp	exact-source	yes	e7f2c34b1681f5b1ea81dad2ad6b209907ff30a8dc9887241ebdeb47723d8a14	e7f2c34b1681f5b1ea81dad2ad6b209907ff30a8dc9887241ebdeb47723d8a14	0	0	0	byte-for-byte match
Camera/CamTranslatorAnim.hpp	src/Game/Camera/CamTranslatorAnim.hpp	decomp/include/Game/Camera/CamTranslatorAnim.hpp	exact-source	yes	bfea6d12814cd7741bc2883719f12bde73f5cd6995a9aa1b7f843cc6ff909d44	bfea6d12814cd7741bc2883719f12bde73f5cd6995a9aa1b7f843cc6ff909d44	0	0	0	byte-for-byte match
Camera/CamTranslatorBehind.cpp	src/Game/Camera/CamTranslatorBehind.cpp	decomp/src/Game/Camera/CamTranslatorBehind.cpp	exact-source	yes	7383cdbeb71a68c3f4c7f16f76f7880e07800196ff9357f51a54ee1f2aa75e33	7383cdbeb71a68c3f4c7f16f76f7880e07800196ff9357f51a54ee1f2aa75e33	0	0	0	byte-for-byte match
Camera/CamTranslatorBehind.hpp	src/Game/Camera/CamTranslatorBehind.hpp	decomp/include/Game/Camera/CamTranslatorBehind.hpp	exact-source	yes	4aa97eeb8bc2f347a5ee4287a1b7c2d5c3eaaef6a9927b17a2fb05f0b893af03	4aa97eeb8bc2f347a5ee4287a1b7c2d5c3eaaef6a9927b17a2fb05f0b893af03	0	0	0	byte-for-byte match
Camera/CamTranslatorBlackHole.cpp	src/Game/Camera/CamTranslatorBlackHole.cpp	decomp/src/Game/Camera/CamTranslatorBlackHole.cpp	exact-source	yes	3cc9c0809d143557cf8561709bc060d93bd0e928e19553f51baee3a6d3584590	3cc9c0809d143557cf8561709bc060d93bd0e928e19553f51baee3a6d3584590	0	0	0	byte-for-byte match
Camera/CamTranslatorBlackHole.hpp	src/Game/Camera/CamTranslatorBlackHole.hpp	decomp/include/Game/Camera/CamTranslatorBlackHole.hpp	exact-source	yes	0627250f1c7a3dcddfa76c06aa90e2fca3249d880ffe84d235db6f45bccbb328	0627250f1c7a3dcddfa76c06aa90e2fca3249d880ffe84d235db6f45bccbb328	0	0	0	byte-for-byte match
Camera/CamTranslatorCharmedFix.cpp	src/Game/Camera/CamTranslatorCharmedFix.cpp	decomp/src/Game/Camera/CamTranslatorCharmedFix.cpp	exact-source	yes	bfe9bb87fe0cbf66e1aa987ce564883f9908d984da97a2c0ee219263c1536869	bfe9bb87fe0cbf66e1aa987ce564883f9908d984da97a2c0ee219263c1536869	0	0	0	byte-for-byte match
Camera/CamTranslatorCharmedFix.hpp	src/Game/Camera/CamTranslatorCharmedFix.hpp	decomp/include/Game/Camera/CamTranslatorCharmedFix.hpp	exact-source	yes	d4be558582bc920b3c01ab68af990ffdce3acea6a11278bf4527888fea505e2f	d4be558582bc920b3c01ab68af990ffdce3acea6a11278bf4527888fea505e2f	0	0	0	byte-for-byte match
Camera/CamTranslatorCharmedTripodBoss.cpp	src/Game/Camera/CamTranslatorCharmedTripodBoss.cpp	decomp/src/Game/Camera/CamTranslatorCharmedTripodBoss.cpp	exact-source	yes	6cde48dd6936a13fc7a74e4753e0257926b14a87bdb30fba34ae75e3b41b20bd	6cde48dd6936a13fc7a74e4753e0257926b14a87bdb30fba34ae75e3b41b20bd	0	0	0	byte-for-byte match
Camera/CamTranslatorCharmedTripodBoss.hpp	src/Game/Camera/CamTranslatorCharmedTripodBoss.hpp	decomp/include/Game/Camera/CamTranslatorCharmedTripodBoss.hpp	exact-source	yes	5daf2cf5e3b4a53d8447d86d9525d2243557aa377ce3a5cadb140b2c123cca10	5daf2cf5e3b4a53d8447d86d9525d2243557aa377ce3a5cadb140b2c123cca10	0	0	0	byte-for-byte match
Camera/CamTranslatorCharmedVecReg.cpp	src/Game/Camera/CamTranslatorCharmedVecReg.cpp	decomp/src/Game/Camera/CamTranslatorCharmedVecReg.cpp	exact-source	yes	363881d1e2dea661879fb132c9da36355ba7fe5eea1b48bf05c14a34491d283c	363881d1e2dea661879fb132c9da36355ba7fe5eea1b48bf05c14a34491d283c	0	0	0	byte-for-byte match
Camera/CamTranslatorCharmedVecReg.hpp	src/Game/Camera/CamTranslatorCharmedVecReg.hpp	decomp/include/Game/Camera/CamTranslatorCharmedVecReg.hpp	exact-source	yes	ed1d924c706e1325a8d619f8a4ed5abc15925e1946fe5f1446667b0a6fa6c4da	ed1d924c706e1325a8d619f8a4ed5abc15925e1946fe5f1446667b0a6fa6c4da	0	0	0	byte-for-byte match
Camera/CamTranslatorCharmedVecRegTower.cpp	src/Game/Camera/CamTranslatorCharmedVecRegTower.cpp	decomp/src/Game/Camera/CamTranslatorCharmedVecRegTower.cpp	exact-source	yes	7a8d053127def67311573c94cd2263d057578b657f0e042004b32642360ad853	7a8d053127def67311573c94cd2263d057578b657f0e042004b32642360ad853	0	0	0	byte-for-byte match
Camera/CamTranslatorCharmedVecRegTower.hpp	src/Game/Camera/CamTranslatorCharmedVecRegTower.hpp	decomp/include/Game/Camera/CamTranslatorCharmedVecRegTower.hpp	exact-source	yes	fc4fa85b37fe4f190cd90e4e5312b23b068347775fcfa3c66860b1a66edebf9b	fc4fa85b37fe4f190cd90e4e5312b23b068347775fcfa3c66860b1a66edebf9b	0	0	0	byte-for-byte match
Camera/CamTranslatorCubePlanet.cpp	src/Game/Camera/CamTranslatorCubePlanet.cpp	decomp/src/Game/Camera/CamTranslatorCubePlanet.cpp	exact-source	yes	3a344f7b0d3468e549472683f43714b908b429bd0be290a9cc7d2d8815dec51d	3a344f7b0d3468e549472683f43714b908b429bd0be290a9cc7d2d8815dec51d	0	0	0	byte-for-byte match
Camera/CamTranslatorCubePlanet.hpp	src/Game/Camera/CamTranslatorCubePlanet.hpp	decomp/include/Game/Camera/CamTranslatorCubePlanet.hpp	exact-source	yes	1f3903bcfbffbed26a549c7f8582f08797d19fbe09fb82668d55c75766938bcd	1f3903bcfbffbed26a549c7f8582f08797d19fbe09fb82668d55c75766938bcd	0	0	0	byte-for-byte match
Camera/CamTranslatorDPD.cpp	src/Game/Camera/CamTranslatorDPD.cpp	decomp/src/Game/Camera/CamTranslatorDPD.cpp	exact-source	yes	c8b7a36d000c9d9e1319d9f7804a59a812ea8ba136b8a2ecb1d2e00564116455	c8b7a36d000c9d9e1319d9f7804a59a812ea8ba136b8a2ecb1d2e00564116455	0	0	0	byte-for-byte match
Camera/CamTranslatorDPD.hpp	src/Game/Camera/CamTranslatorDPD.hpp	decomp/include/Game/Camera/CamTranslatorDPD.hpp	exact-source	yes	e93eee6b6e47ca9705364476f4c7e14adf5c6b38787ddccab13109222d1fac9a	e93eee6b6e47ca9705364476f4c7e14adf5c6b38787ddccab13109222d1fac9a	0	0	0	byte-for-byte match
Camera/CamTranslatorDead.cpp	src/Game/Camera/CamTranslatorDead.cpp	decomp/src/Game/Camera/CamTranslatorDead.cpp	exact-source	yes	eff118147a916074e8d3903233bd0de6f7fa7f40d6beb9c6f38a01e4b3314931	eff118147a916074e8d3903233bd0de6f7fa7f40d6beb9c6f38a01e4b3314931	0	0	0	byte-for-byte match
Camera/CamTranslatorDead.hpp	src/Game/Camera/CamTranslatorDead.hpp	decomp/include/Game/Camera/CamTranslatorDead.hpp	exact-source	yes	555e55bd2f1486d7c7e31bf2a52a806161b173e39a26f6aeab8baf7eadb4629e	555e55bd2f1486d7c7e31bf2a52a806161b173e39a26f6aeab8baf7eadb4629e	0	0	0	byte-for-byte match
Camera/CamTranslatorFix.cpp	src/Game/Camera/CamTranslatorFix.cpp	decomp/src/Game/Camera/CamTranslatorFix.cpp	exact-source	yes	cc32358a08d19ce40576b67af9529d7b438cbae34f1819bdde741e6b425faf07	cc32358a08d19ce40576b67af9529d7b438cbae34f1819bdde741e6b425faf07	0	0	0	byte-for-byte match
Camera/CamTranslatorFix.hpp	src/Game/Camera/CamTranslatorFix.hpp	decomp/include/Game/Camera/CamTranslatorFix.hpp	exact-source	yes	e58ee207202e1f3931ca53106957a1fca7debad582e78f4a658df6cd6133f445	e58ee207202e1f3931ca53106957a1fca7debad582e78f4a658df6cd6133f445	0	0	0	byte-for-byte match
Camera/CamTranslatorFixedPoint.cpp	src/Game/Camera/CamTranslatorFixedPoint.cpp	decomp/src/Game/Camera/CamTranslatorFixedPoint.cpp	exact-source	yes	c75d08a31dcc004172303a1c23fecc9118feed2027d0f2e2d475eb024e10772b	c75d08a31dcc004172303a1c23fecc9118feed2027d0f2e2d475eb024e10772b	0	0	0	byte-for-byte match
Camera/CamTranslatorFixedPoint.hpp	src/Game/Camera/CamTranslatorFixedPoint.hpp	decomp/include/Game/Camera/CamTranslatorFixedPoint.hpp	exact-source	yes	076ce15ce7b035697da0fb598f8726faf1a129856d48f94fbb5a1b4d33cdb7f3	076ce15ce7b035697da0fb598f8726faf1a129856d48f94fbb5a1b4d33cdb7f3	0	0	0	byte-for-byte match
Camera/CamTranslatorFixedThere.cpp	src/Game/Camera/CamTranslatorFixedThere.cpp	decomp/src/Game/Camera/CamTranslatorFixedThere.cpp	exact-source	yes	5b6f2db41a7086c6440a90b06cda4e4d4320ed5c0d0669b7395b4e298fcc122a	5b6f2db41a7086c6440a90b06cda4e4d4320ed5c0d0669b7395b4e298fcc122a	0	0	0	byte-for-byte match
Camera/CamTranslatorFixedThere.hpp	src/Game/Camera/CamTranslatorFixedThere.hpp	decomp/include/Game/Camera/CamTranslatorFixedThere.hpp	exact-source	yes	2aa54d5281890dbdee222dd4fb2c6d1a73bc104c6d7ac092b1d73dc65986eff8	2aa54d5281890dbdee222dd4fb2c6d1a73bc104c6d7ac092b1d73dc65986eff8	0	0	0	byte-for-byte match
Camera/CamTranslatorFollow.cpp	src/Game/Camera/CamTranslatorFollow.cpp	decomp/src/Game/Camera/CamTranslatorFollow.cpp	exact-source	yes	3dfb30a8df421b965522d58759f87392c2559b3c71057b754775a2650a3740be	3dfb30a8df421b965522d58759f87392c2559b3c71057b754775a2650a3740be	0	0	0	byte-for-byte match
Camera/CamTranslatorFollow.hpp	src/Game/Camera/CamTranslatorFollow.hpp	decomp/include/Game/Camera/CamTranslatorFollow.hpp	exact-source	yes	207ba4d1d94dd949b7316e56367667ebd5b40ef3767cf2e473d11d53c3f52a2e	207ba4d1d94dd949b7316e56367667ebd5b40ef3767cf2e473d11d53c3f52a2e	0	0	0	byte-for-byte match
Camera/CamTranslatorFooFighter.cpp	src/Game/Camera/CamTranslatorFooFighter.cpp	decomp/src/Game/Camera/CamTranslatorFooFighter.cpp	exact-source	yes	d1df727427b8b9c1b75cfdd7e4768ecc92d7e4a78c5a970da6eb89c9391bda61	d1df727427b8b9c1b75cfdd7e4768ecc92d7e4a78c5a970da6eb89c9391bda61	0	0	0	byte-for-byte match
Camera/CamTranslatorFooFighter.hpp	src/Game/Camera/CamTranslatorFooFighter.hpp	decomp/include/Game/Camera/CamTranslatorFooFighter.hpp	exact-source	yes	3216a4286eec6a2d0e03ad905c0b5d1c09406cb4639cc1df8f0bd457112cee7e	3216a4286eec6a2d0e03ad905c0b5d1c09406cb4639cc1df8f0bd457112cee7e	0	0	0	byte-for-byte match
Camera/CamTranslatorFooFighterPlanet.cpp	src/Game/Camera/CamTranslatorFooFighterPlanet.cpp	decomp/src/Game/Camera/CamTranslatorFooFighterPlanet.cpp	exact-source	yes	44052575e086b3e8adc928c5cce43b3dd83689e7eade0531b37ae69360563368	44052575e086b3e8adc928c5cce43b3dd83689e7eade0531b37ae69360563368	0	0	0	byte-for-byte match
Camera/CamTranslatorFooFighterPlanet.hpp	src/Game/Camera/CamTranslatorFooFighterPlanet.hpp	decomp/include/Game/Camera/CamTranslatorFooFighterPlanet.hpp	exact-source	yes	b417b7d97d68adad20e98d18476285b80b910346132a61f90f47f428b34a5286	b417b7d97d68adad20e98d18476285b80b910346132a61f90f47f428b34a5286	0	0	0	byte-for-byte match
Camera/CamTranslatorFrontAndBack.cpp	src/Game/Camera/CamTranslatorFrontAndBack.cpp	decomp/src/Game/Camera/CamTranslatorFrontAndBack.cpp	exact-source	yes	4dba9fba77eb180cb7043b0ab25f974aa79892dfb9e71ca989016f00b950d269	4dba9fba77eb180cb7043b0ab25f974aa79892dfb9e71ca989016f00b950d269	0	0	0	byte-for-byte match
Camera/CamTranslatorFrontAndBack.hpp	src/Game/Camera/CamTranslatorFrontAndBack.hpp	decomp/include/Game/Camera/CamTranslatorFrontAndBack.hpp	exact-source	yes	5ea01f8071968650016dbd1548878f0d8f429f25ad1a67829ea5d22da1fddf3d	5ea01f8071968650016dbd1548878f0d8f429f25ad1a67829ea5d22da1fddf3d	0	0	0	byte-for-byte match
Camera/CamTranslatorGround.cpp	src/Game/Camera/CamTranslatorGround.cpp	decomp/src/Game/Camera/CamTranslatorGround.cpp	exact-source	yes	fa2cea0f5c05166c874d40f09cabc1f5525f64024de2229202ac332323766923	fa2cea0f5c05166c874d40f09cabc1f5525f64024de2229202ac332323766923	0	0	0	byte-for-byte match
Camera/CamTranslatorGround.hpp	src/Game/Camera/CamTranslatorGround.hpp	decomp/include/Game/Camera/CamTranslatorGround.hpp	exact-source	yes	4dce0f86a5625c2d2bae1f46b582acc4f85134779e7d604e2156831159135d91	4dce0f86a5625c2d2bae1f46b582acc4f85134779e7d604e2156831159135d91	0	0	0	byte-for-byte match
Camera/CamTranslatorInnerCylinder.cpp	src/Game/Camera/CamTranslatorInnerCylinder.cpp	decomp/src/Game/Camera/CamTranslatorInnerCylinder.cpp	exact-source	yes	b42b13e6f0cf972a3d24290998ad3902397417333d1bbd1e80495b885464b3b8	b42b13e6f0cf972a3d24290998ad3902397417333d1bbd1e80495b885464b3b8	0	0	0	byte-for-byte match
Camera/CamTranslatorInnerCylinder.hpp	src/Game/Camera/CamTranslatorInnerCylinder.hpp	decomp/include/Game/Camera/CamTranslatorInnerCylinder.hpp	exact-source	yes	fe087eb67935cf7c88e2aca023a3e46a7f0b41e6506c775e054b71af7fc400e5	fe087eb67935cf7c88e2aca023a3e46a7f0b41e6506c775e054b71af7fc400e5	0	0	0	byte-for-byte match
Camera/CamTranslatorInwardSphere.cpp	src/Game/Camera/CamTranslatorInwardSphere.cpp	decomp/src/Game/Camera/CamTranslatorInwardSphere.cpp	exact-source	yes	093a9ab77571df2e0d47d54c6f5839a591f75baaab74857069ac3fd076d15bcd	093a9ab77571df2e0d47d54c6f5839a591f75baaab74857069ac3fd076d15bcd	0	0	0	byte-for-byte match
Camera/CamTranslatorInwardSphere.hpp	src/Game/Camera/CamTranslatorInwardSphere.hpp	decomp/include/Game/Camera/CamTranslatorInwardSphere.hpp	exact-source	yes	0e7664e33370d95c765003f6fc86f39fb95724923a084e570f1ff94835471438	0e7664e33370d95c765003f6fc86f39fb95724923a084e570f1ff94835471438	0	0	0	byte-for-byte match
Camera/CamTranslatorInwardTower.cpp	src/Game/Camera/CamTranslatorInwardTower.cpp	decomp/src/Game/Camera/CamTranslatorInwardTower.cpp	exact-source	yes	2c6dcfd8037ed79d7d98ccab6cc5c47aade2571848645318f1fe2acb9cebaecf	2c6dcfd8037ed79d7d98ccab6cc5c47aade2571848645318f1fe2acb9cebaecf	0	0	0	byte-for-byte match
Camera/CamTranslatorInwardTower.hpp	src/Game/Camera/CamTranslatorInwardTower.hpp	decomp/include/Game/Camera/CamTranslatorInwardTower.hpp	exact-source	yes	f41247bfd00e7536b75f191dc62980b02aaad09f97f26b5fb5db8881808e594b	f41247bfd00e7536b75f191dc62980b02aaad09f97f26b5fb5db8881808e594b	0	0	0	byte-for-byte match
Camera/CamTranslatorMedianPlanet.cpp	src/Game/Camera/CamTranslatorMedianPlanet.cpp	decomp/src/Game/Camera/CamTranslatorMedianPlanet.cpp	exact-source	yes	b746e8167450111f9c29f03dbc8adaa5992f4f37c102bdf1b813facdc5397c05	b746e8167450111f9c29f03dbc8adaa5992f4f37c102bdf1b813facdc5397c05	0	0	0	byte-for-byte match
Camera/CamTranslatorMedianPlanet.hpp	src/Game/Camera/CamTranslatorMedianPlanet.hpp	decomp/include/Game/Camera/CamTranslatorMedianPlanet.hpp	exact-source	yes	aa113f4e460c8054889bc249f6b72d7bed9b0fcdbc4185fb70da76aced580135	aa113f4e460c8054889bc249f6b72d7bed9b0fcdbc4185fb70da76aced580135	0	0	0	byte-for-byte match
Camera/CamTranslatorMedianTower.cpp	src/Game/Camera/CamTranslatorMedianTower.cpp	decomp/src/Game/Camera/CamTranslatorMedianTower.cpp	exact-source	yes	50e0e17cb789733f95da987139108f9a55dbbede4227a6b1d119b258e8c2a649	50e0e17cb789733f95da987139108f9a55dbbede4227a6b1d119b258e8c2a649	0	0	0	byte-for-byte match
Camera/CamTranslatorMedianTower.hpp	src/Game/Camera/CamTranslatorMedianTower.hpp	decomp/include/Game/Camera/CamTranslatorMedianTower.hpp	exact-source	yes	f8254bc0343e823baf6cead931ab8db007006a2b3e3b59977f2bfa2c97dea4f8	f8254bc0343e823baf6cead931ab8db007006a2b3e3b59977f2bfa2c97dea4f8	0	0	0	byte-for-byte match
Camera/CamTranslatorMtxRegParallel.cpp	src/Game/Camera/CamTranslatorMtxRegParallel.cpp	decomp/src/Game/Camera/CamTranslatorMtxRegParallel.cpp	exact-source	yes	b22f31ffe90d9bff239d62fab3598f53ba1dffbc0772c3b16cb6228e60f23255	b22f31ffe90d9bff239d62fab3598f53ba1dffbc0772c3b16cb6228e60f23255	0	0	0	byte-for-byte match
Camera/CamTranslatorMtxRegParallel.hpp	src/Game/Camera/CamTranslatorMtxRegParallel.hpp	decomp/include/Game/Camera/CamTranslatorMtxRegParallel.hpp	exact-source	yes	fb8fb75a451979f3938f57e915832840589c32a54c8040daae46b9c99c0ef6e1	fb8fb75a451979f3938f57e915832840589c32a54c8040daae46b9c99c0ef6e1	0	0	0	byte-for-byte match
Camera/CamTranslatorObjParallel.cpp	src/Game/Camera/CamTranslatorObjParallel.cpp	decomp/src/Game/Camera/CamTranslatorObjParallel.cpp	exact-source	yes	6acf4107e112d7f3c7ef6852051034cf2fe9c95d00d093d6cb518ddfb127efde	6acf4107e112d7f3c7ef6852051034cf2fe9c95d00d093d6cb518ddfb127efde	0	0	0	byte-for-byte match
Camera/CamTranslatorObjParallel.hpp	src/Game/Camera/CamTranslatorObjParallel.hpp	decomp/include/Game/Camera/CamTranslatorObjParallel.hpp	exact-source	yes	0d215dc6ccc76498ca1d6963da04d0bd8cde62078dd1bdc477a9f39ed76e9ae4	0d215dc6ccc76498ca1d6963da04d0bd8cde62078dd1bdc477a9f39ed76e9ae4	0	0	0	byte-for-byte match
Camera/CamTranslatorParallel.cpp	src/Game/Camera/CamTranslatorParallel.cpp	decomp/src/Game/Camera/CamTranslatorParallel.cpp	exact-source	yes	1861ab88d2f2f3346c3d8c0371ff791ba88e6bb053c0d75260b5f90135cb9491	1861ab88d2f2f3346c3d8c0371ff791ba88e6bb053c0d75260b5f90135cb9491	0	0	0	byte-for-byte match
Camera/CamTranslatorParallel.hpp	src/Game/Camera/CamTranslatorParallel.hpp	decomp/include/Game/Camera/CamTranslatorParallel.hpp	exact-source	yes	183a3513bb36efc9517aab4bd1f8754615478583e00feb6c4f553821cfe8012a	183a3513bb36efc9517aab4bd1f8754615478583e00feb6c4f553821cfe8012a	0	0	0	byte-for-byte match
Camera/CamTranslatorRaceFollow.cpp	src/Game/Camera/CamTranslatorRaceFollow.cpp	decomp/src/Game/Camera/CamTranslatorRaceFollow.cpp	exact-source	yes	da8c29c437dee1dcf9b29a80291e1a1f00833095ae12679f9e1daa8f3a3ca765	da8c29c437dee1dcf9b29a80291e1a1f00833095ae12679f9e1daa8f3a3ca765	0	0	0	byte-for-byte match
Camera/CamTranslatorRaceFollow.hpp	src/Game/Camera/CamTranslatorRaceFollow.hpp	decomp/include/Game/Camera/CamTranslatorRaceFollow.hpp	exact-source	yes	12a11e6007d402a13e224219f98bca2d29d96423dca510c81513ee10b14a9220	12a11e6007d402a13e224219f98bca2d29d96423dca510c81513ee10b14a9220	0	0	0	byte-for-byte match
Camera/CamTranslatorRailDemo.cpp	src/Game/Camera/CamTranslatorRailDemo.cpp	decomp/src/Game/Camera/CamTranslatorRailDemo.cpp	exact-source	yes	6083516802d15c9e3df8b6d62e4a65c5001220e619e9b6ad81669c6128fd9849	6083516802d15c9e3df8b6d62e4a65c5001220e619e9b6ad81669c6128fd9849	0	0	0	byte-for-byte match
Camera/CamTranslatorRailDemo.hpp	src/Game/Camera/CamTranslatorRailDemo.hpp	decomp/include/Game/Camera/CamTranslatorRailDemo.hpp	exact-source	yes	91df23a14632cc66c403b8077e7fd6affd4d085b5f6930803bec0bde66952ca4	91df23a14632cc66c403b8077e7fd6affd4d085b5f6930803bec0bde66952ca4	0	0	0	byte-for-byte match
Camera/CamTranslatorRailFollow.cpp	src/Game/Camera/CamTranslatorRailFollow.cpp	decomp/src/Game/Camera/CamTranslatorRailFollow.cpp	exact-source	yes	9932479c6c8f8a3e2181564b5f75f4c7f7891f7ba3eeb673dc18bd245b6a0b2e	9932479c6c8f8a3e2181564b5f75f4c7f7891f7ba3eeb673dc18bd245b6a0b2e	0	0	0	byte-for-byte match
Camera/CamTranslatorRailFollow.hpp	src/Game/Camera/CamTranslatorRailFollow.hpp	decomp/include/Game/Camera/CamTranslatorRailFollow.hpp	exact-source	yes	0c1f2440694951d5f168f5bd2747d8acf89af203d40cb81becfd36464b367b50	0c1f2440694951d5f168f5bd2747d8acf89af203d40cb81becfd36464b367b50	0	0	0	byte-for-byte match
Camera/CamTranslatorRailWatch.cpp	src/Game/Camera/CamTranslatorRailWatch.cpp	decomp/src/Game/Camera/CamTranslatorRailWatch.cpp	exact-source	yes	b7e067f790e393125a650a2b7c7194f1aec0209167bb20897e0b0bc36a7e7ae3	b7e067f790e393125a650a2b7c7194f1aec0209167bb20897e0b0bc36a7e7ae3	0	0	0	byte-for-byte match
Camera/CamTranslatorRailWatch.hpp	src/Game/Camera/CamTranslatorRailWatch.hpp	decomp/include/Game/Camera/CamTranslatorRailWatch.hpp	exact-source	yes	8147874f9997f6347073a60904520df620cfea0b18dabaf3f5abcd3f9a85851c	8147874f9997f6347073a60904520df620cfea0b18dabaf3f5abcd3f9a85851c	0	0	0	byte-for-byte match
Camera/CamTranslatorSlide.cpp	src/Game/Camera/CamTranslatorSlide.cpp	decomp/src/Game/Camera/CamTranslatorSlide.cpp	exact-source	yes	13b55694e97470d932abc9fd9428e81cb3189c686cdcc359983b1c7516887485	13b55694e97470d932abc9fd9428e81cb3189c686cdcc359983b1c7516887485	0	0	0	byte-for-byte match
Camera/CamTranslatorSlide.hpp	src/Game/Camera/CamTranslatorSlide.hpp	decomp/include/Game/Camera/CamTranslatorSlide.hpp	exact-source	yes	f69cffc769c13ef3c942409f6b6476b44ebd02f6b11c2a2b6f85e50f426fa3c8	f69cffc769c13ef3c942409f6b6476b44ebd02f6b11c2a2b6f85e50f426fa3c8	0	0	0	byte-for-byte match
Camera/CamTranslatorSpiral.cpp	src/Game/Camera/CamTranslatorSpiral.cpp	decomp/src/Game/Camera/CamTranslatorSpiral.cpp	exact-source	yes	17d0b8abddc3329b4d0e753dbd144111bc325293b4d3ec8e740f5cf6a3f02911	17d0b8abddc3329b4d0e753dbd144111bc325293b4d3ec8e740f5cf6a3f02911	0	0	0	byte-for-byte match
Camera/CamTranslatorSpiral.hpp	src/Game/Camera/CamTranslatorSpiral.hpp	decomp/include/Game/Camera/CamTranslatorSpiral.hpp	exact-source	yes	27d76af20b89078023996ee57e60d00281701c26c31e23b0730a714d19752ab9	27d76af20b89078023996ee57e60d00281701c26c31e23b0730a714d19752ab9	0	0	0	byte-for-byte match
Camera/CamTranslatorTalk.cpp	src/Game/Camera/CamTranslatorTalk.cpp	decomp/src/Game/Camera/CamTranslatorTalk.cpp	exact-source	yes	7d5cc3fa46ea0f68b4d56d7267ccb9e2e12e635b987f91d4cad2b34d35baac91	7d5cc3fa46ea0f68b4d56d7267ccb9e2e12e635b987f91d4cad2b34d35baac91	0	0	0	byte-for-byte match
Camera/CamTranslatorTalk.hpp	src/Game/Camera/CamTranslatorTalk.hpp	decomp/include/Game/Camera/CamTranslatorTalk.hpp	exact-source	yes	80051fed179c94a88c9f81de214980983033728a5435577ded87b57b5a0ab309	80051fed179c94a88c9f81de214980983033728a5435577ded87b57b5a0ab309	0	0	0	byte-for-byte match
Camera/CamTranslatorTower.cpp	src/Game/Camera/CamTranslatorTower.cpp	decomp/src/Game/Camera/CamTranslatorTower.cpp	exact-source	yes	f1ffe684b91de65470a983a66180e30ec3e38d94fac03a438e094bd9c3f86eef	f1ffe684b91de65470a983a66180e30ec3e38d94fac03a438e094bd9c3f86eef	0	0	0	byte-for-byte match
Camera/CamTranslatorTower.hpp	src/Game/Camera/CamTranslatorTower.hpp	decomp/include/Game/Camera/CamTranslatorTower.hpp	exact-source	yes	d82e26e4c2b16a6909ce9523f347ce2f7037059de2f3b4532544330a32c43452	d82e26e4c2b16a6909ce9523f347ce2f7037059de2f3b4532544330a32c43452	0	0	0	byte-for-byte match
Camera/CamTranslatorTowerPos.cpp	src/Game/Camera/CamTranslatorTowerPos.cpp	decomp/src/Game/Camera/CamTranslatorTowerPos.cpp	exact-source	yes	03b861e806b50bbee3d72fdd5c9160818688780c2b04278d4853644d97104b87	03b861e806b50bbee3d72fdd5c9160818688780c2b04278d4853644d97104b87	0	0	0	byte-for-byte match
Camera/CamTranslatorTowerPos.hpp	src/Game/Camera/CamTranslatorTowerPos.hpp	decomp/include/Game/Camera/CamTranslatorTowerPos.hpp	exact-source	yes	3cdb762c3144b8e6592ea97fd790a92561099c59fb2cab2431e1154afac68158	3cdb762c3144b8e6592ea97fd790a92561099c59fb2cab2431e1154afac68158	0	0	0	byte-for-byte match
Camera/CamTranslatorTripodBoss.cpp	src/Game/Camera/CamTranslatorTripodBoss.cpp	decomp/src/Game/Camera/CamTranslatorTripodBoss.cpp	exact-source	yes	bff28e8845a80d4dc8ba6e9894bea4868af50606db1904bf0c87db85172089b0	bff28e8845a80d4dc8ba6e9894bea4868af50606db1904bf0c87db85172089b0	0	0	0	byte-for-byte match
Camera/CamTranslatorTripodBoss.hpp	src/Game/Camera/CamTranslatorTripodBoss.hpp	decomp/include/Game/Camera/CamTranslatorTripodBoss.hpp	exact-source	yes	de8f449d9a986cc32136485f664947b7fb88750fdd5083c1ce8a5298e772d660	de8f449d9a986cc32136485f664947b7fb88750fdd5083c1ce8a5298e772d660	0	0	0	byte-for-byte match
Camera/CamTranslatorTripodBossJoint.cpp	src/Game/Camera/CamTranslatorTripodBossJoint.cpp	decomp/src/Game/Camera/CamTranslatorTripodBossJoint.cpp	exact-source	yes	ab8308af7a81fde64f8a0f914b42855ba0755c539063328a72b308acab4b84cf	ab8308af7a81fde64f8a0f914b42855ba0755c539063328a72b308acab4b84cf	0	0	0	byte-for-byte match
Camera/CamTranslatorTripodBossJoint.hpp	src/Game/Camera/CamTranslatorTripodBossJoint.hpp	decomp/include/Game/Camera/CamTranslatorTripodBossJoint.hpp	exact-source	yes	00b6e36b1170c2741a8753fc81f7d9bb8d741e5cf2502fb07411038dd3dd632b	00b6e36b1170c2741a8753fc81f7d9bb8d741e5cf2502fb07411038dd3dd632b	0	0	0	byte-for-byte match
Camera/CamTranslatorTripodPlanet.cpp	src/Game/Camera/CamTranslatorTripodPlanet.cpp	decomp/src/Game/Camera/CamTranslatorTripodPlanet.cpp	exact-source	yes	47450b61db7489e8fce0015929bba5d2efd6a3bbe67da0427f1b5bb888decedf	47450b61db7489e8fce0015929bba5d2efd6a3bbe67da0427f1b5bb888decedf	0	0	0	byte-for-byte match
Camera/CamTranslatorTripodPlanet.hpp	src/Game/Camera/CamTranslatorTripodPlanet.hpp	decomp/include/Game/Camera/CamTranslatorTripodPlanet.hpp	exact-source	yes	a817616910d3239871ed08d0122d9bd2039df0af6cf4bc54367baa9f4ee69387	a817616910d3239871ed08d0122d9bd2039df0af6cf4bc54367baa9f4ee69387	0	0	0	byte-for-byte match
Camera/CamTranslatorTrundle.cpp	src/Game/Camera/CamTranslatorTrundle.cpp	decomp/src/Game/Camera/CamTranslatorTrundle.cpp	exact-source	yes	e55e8743ac959279808d23002f1877b0feb9d853a2cac339f9babae3973de45e	e55e8743ac959279808d23002f1877b0feb9d853a2cac339f9babae3973de45e	0	0	0	byte-for-byte match
Camera/CamTranslatorTrundle.hpp	src/Game/Camera/CamTranslatorTrundle.hpp	decomp/include/Game/Camera/CamTranslatorTrundle.hpp	exact-source	yes	e646d7707ebf14607f72fd0029f012fa449862c7e9c14be5b5caaefcec9fadb4	e646d7707ebf14607f72fd0029f012fa449862c7e9c14be5b5caaefcec9fadb4	0	0	0	byte-for-byte match
Camera/CamTranslatorTwistedPassage.cpp	src/Game/Camera/CamTranslatorTwistedPassage.cpp	decomp/src/Game/Camera/CamTranslatorTwistedPassage.cpp	exact-source	yes	0cacdfd9ee62df56ea3bca946fb8c3a87016ef106124a23c7c29cc163732558a	0cacdfd9ee62df56ea3bca946fb8c3a87016ef106124a23c7c29cc163732558a	0	0	0	byte-for-byte match
Camera/CamTranslatorTwistedPassage.hpp	src/Game/Camera/CamTranslatorTwistedPassage.hpp	decomp/include/Game/Camera/CamTranslatorTwistedPassage.hpp	exact-source	yes	017007ab18dddd62c4198e088e9e75c026b5c8096b22170399418674a3c95b26	017007ab18dddd62c4198e088e9e75c026b5c8096b22170399418674a3c95b26	0	0	0	byte-for-byte match
Camera/CamTranslatorWaterFollow.cpp	src/Game/Camera/CamTranslatorWaterFollow.cpp	decomp/src/Game/Camera/CamTranslatorWaterFollow.cpp	exact-source	yes	15c6030bd22001d8ea1f1cc23b1909df13145acf21c044e6f42588d1ac686ff9	15c6030bd22001d8ea1f1cc23b1909df13145acf21c044e6f42588d1ac686ff9	0	0	0	byte-for-byte match
Camera/CamTranslatorWaterFollow.hpp	src/Game/Camera/CamTranslatorWaterFollow.hpp	decomp/include/Game/Camera/CamTranslatorWaterFollow.hpp	exact-source	yes	72f1e3525be10d4e970a5300cc502193ebdc0b4e2b49c3913ca75d8a3136992c	72f1e3525be10d4e970a5300cc502193ebdc0b4e2b49c3913ca75d8a3136992c	0	0	0	byte-for-byte match
Camera/CamTranslatorWaterPlanet.cpp	src/Game/Camera/CamTranslatorWaterPlanet.cpp	decomp/src/Game/Camera/CamTranslatorWaterPlanet.cpp	exact-source	yes	a8bdc2c0a6ba69291cc008253cba67d41f4ed3f23fc6f5d1c6e8c38bc417ecf7	a8bdc2c0a6ba69291cc008253cba67d41f4ed3f23fc6f5d1c6e8c38bc417ecf7	0	0	0	byte-for-byte match
Camera/CamTranslatorWaterPlanet.hpp	src/Game/Camera/CamTranslatorWaterPlanet.hpp	decomp/include/Game/Camera/CamTranslatorWaterPlanet.hpp	exact-source	yes	168f53065fbb4507dde9dfbd19e786bd9d408b32ab3ed16028f3a41309913284	168f53065fbb4507dde9dfbd19e786bd9d408b32ab3ed16028f3a41309913284	0	0	0	byte-for-byte match
Camera/CamTranslatorWaterPlanetBoss.cpp	src/Game/Camera/CamTranslatorWaterPlanetBoss.cpp	decomp/src/Game/Camera/CamTranslatorWaterPlanetBoss.cpp	exact-source	yes	75e9351bfb476d2e4f9e40ea35dd3770176748586186322f268b8e7906c6475d	75e9351bfb476d2e4f9e40ea35dd3770176748586186322f268b8e7906c6475d	0	0	0	byte-for-byte match
Camera/CamTranslatorWaterPlanetBoss.hpp	src/Game/Camera/CamTranslatorWaterPlanetBoss.hpp	decomp/include/Game/Camera/CamTranslatorWaterPlanetBoss.hpp	exact-source	yes	321589d7eebe516c302a0b536474a8bd96bd438213aaeb553eef5c7ae1c088c1	321589d7eebe516c302a0b536474a8bd96bd438213aaeb553eef5c7ae1c088c1	0	0	0	byte-for-byte match
Camera/CamTranslatorWonderPlanet.cpp	src/Game/Camera/CamTranslatorWonderPlanet.cpp	decomp/src/Game/Camera/CamTranslatorWonderPlanet.cpp	exact-source	yes	94c5ddd72b12ea0e91a38a8c6505fd838906066cb4a3efa19d5b6258c8610ef3	94c5ddd72b12ea0e91a38a8c6505fd838906066cb4a3efa19d5b6258c8610ef3	0	0	0	byte-for-byte match
Camera/CamTranslatorWonderPlanet.hpp	src/Game/Camera/CamTranslatorWonderPlanet.hpp	decomp/include/Game/Camera/CamTranslatorWonderPlanet.hpp	exact-source	yes	f32fb15f5e0e2fecd1d3dd3f118f226bb0e6dfcb3572ec901775a3c39a850807	f32fb15f5e0e2fecd1d3dd3f118f226bb0e6dfcb3572ec901775a3c39a850807	0	0	0	byte-for-byte match
Camera/Camera.cpp	src/Game/Camera/Camera.cpp	decomp/src/Game/Camera/Camera.cpp	exact-source	yes	f6dd2db011d155a649e27b8189e4966c1e6455c70af05685971a5b1bce2e23a5	f6dd2db011d155a649e27b8189e4966c1e6455c70af05685971a5b1bce2e23a5	0	0	0	byte-for-byte match
Camera/Camera.hpp	src/Game/Camera/Camera.hpp	decomp/include/Game/Camera/Camera.hpp	exact-source	yes	fd1f64c1c68932a2d4cf5ff17fc6980fbc0031ab6adca605d8db889a78437442	fd1f64c1c68932a2d4cf5ff17fc6980fbc0031ab6adca605d8db889a78437442	0	0	0	byte-for-byte match
Camera/CameraAnim.cpp	src/Game/Camera/CameraAnim.cpp	decomp/src/Game/Camera/CameraAnim.cpp	exact-source	yes	5f9f737b174e583cf571aa1878f972550855788498c8347238a3f2b042a0c40a	5f9f737b174e583cf571aa1878f972550855788498c8347238a3f2b042a0c40a	0	0	0	byte-for-byte match
Camera/CameraAnim.hpp	src/Game/Camera/CameraAnim.hpp	decomp/include/Game/Camera/CameraAnim.hpp	compile-only	yes	5e6b8fb0ff7cbc3e885f659957eb8cd1fe0adacd344aabc24a27193b5d9c23ea	cf4a31b2badad30d5a221739837ca74cceb15cb98ce66dc4011c9674b7057258	0	0	0	explicit CP932 literal wrappers and encoding include only
Camera/CameraBehind.cpp	src/Game/Camera/CameraBehind.cpp	decomp/src/Game/Camera/CameraBehind.cpp	exact-source	yes	e3960bdcd9382998df8babfc208bde846269a6363a2a984ca5c9093b56cf120e	e3960bdcd9382998df8babfc208bde846269a6363a2a984ca5c9093b56cf120e	0	0	0	byte-for-byte match
Camera/CameraBehind.hpp	src/Game/Camera/CameraBehind.hpp	decomp/include/Game/Camera/CameraBehind.hpp	compile-only	yes	6a66acde3ed2147a856876c8a296afc79551e250a885c7a6b3129cccd3f51839	8a7e2bd06bc37b620e75f9f736f27258184c602818a5609aa8bc7db0ce045ce8	0	0	0	explicit CP932 literal wrappers and encoding include only
Camera/CameraBlackHole.cpp	src/Game/Camera/CameraBlackHole.cpp	decomp/src/Game/Camera/CameraBlackHole.cpp	exact-source	yes	6c77cecbd8f87621b6fd3bd517fdc693512ba0cc9ce2dad30a528f5732d1a020	6c77cecbd8f87621b6fd3bd517fdc693512ba0cc9ce2dad30a528f5732d1a020	0	0	0	byte-for-byte match
Camera/CameraBlackHole.hpp	src/Game/Camera/CameraBlackHole.hpp	decomp/include/Game/Camera/CameraBlackHole.hpp	compile-only	yes	eb3ab82f1fa5e84e3b9bec98dfdcdb6add85188d86d271049b69a0bb2e7c4fc2	39306d68b7c3ef1cb61acc529b0777f898d729c8ebaccc9a99f98616ab45c6d9	0	0	0	explicit CP932 literal wrappers and encoding include only
Camera/CameraCalc.cpp	src/Game/Camera/CameraCalc.cpp	decomp/src/Game/Camera/CameraCalc.cpp	exact-source	yes	d89c84ef671d78f434440e03b1fef79d02c0ba427d05ae864c200bef897c01ba	d89c84ef671d78f434440e03b1fef79d02c0ba427d05ae864c200bef897c01ba	0	0	0	byte-for-byte match
Camera/CameraCalc.hpp	src/Game/Camera/CameraCalc.hpp	decomp/include/Game/Camera/CameraCalc.hpp	exact-source	yes	ed2ba5b4cf95b2e860361c5f03de0fdb772f1dd90117c45c7257bcf4bbc6d323	ed2ba5b4cf95b2e860361c5f03de0fdb772f1dd90117c45c7257bcf4bbc6d323	0	0	0	byte-for-byte match
Camera/CameraCharmedFix.cpp	src/Game/Camera/CameraCharmedFix.cpp	decomp/src/Game/Camera/CameraCharmedFix.cpp	exact-source	yes	93733f954ce6a6235a1989cb846462d48044c91ec2adef0aff69fe523f18cbca	93733f954ce6a6235a1989cb846462d48044c91ec2adef0aff69fe523f18cbca	0	0	0	byte-for-byte match
Camera/CameraCharmedFix.hpp	src/Game/Camera/CameraCharmedFix.hpp	decomp/include/Game/Camera/CameraCharmedFix.hpp	compile-only	yes	8d78580f2e8c18b785183d87a98903616100e1ee214ea53797d4c0ea74e85c2a	77b1d59582fd4db7676b9e3ae93ae842b5355459fdb1a8799300bbf691a26917	0	0	0	explicit CP932 literal wrappers and encoding include only
Camera/CameraCharmedTripodBoss.cpp	src/Game/Camera/CameraCharmedTripodBoss.cpp	decomp/src/Game/Camera/CameraCharmedTripodBoss.cpp	exact-source	yes	333098590c409793ccbb2d5375fab83a1337d64e8f48508f2de138929868b7d6	333098590c409793ccbb2d5375fab83a1337d64e8f48508f2de138929868b7d6	0	0	0	byte-for-byte match
Camera/CameraCharmedTripodBoss.hpp	src/Game/Camera/CameraCharmedTripodBoss.hpp	decomp/include/Game/Camera/CameraCharmedTripodBoss.hpp	compile-only	yes	a78dfbbb91b39900abc026a05798ae9f06a2d4089df6d484ec21483d66bebc82	21a932e73f219357b93d9621a3604e344909547f91a182df84aabbfbd9b0761e	0	0	0	explicit CP932 literal wrappers and encoding include only
Camera/CameraCharmedVecReg.cpp	src/Game/Camera/CameraCharmedVecReg.cpp	decomp/src/Game/Camera/CameraCharmedVecReg.cpp	exact-source	yes	aa0fda5c8a928eccebacf27b14d20ec61da6c86341f14401249889356927ec44	aa0fda5c8a928eccebacf27b14d20ec61da6c86341f14401249889356927ec44	0	0	0	byte-for-byte match
Camera/CameraCharmedVecReg.hpp	src/Game/Camera/CameraCharmedVecReg.hpp	decomp/include/Game/Camera/CameraCharmedVecReg.hpp	compile-only	yes	c6e899478e0af252e6d31ee78ff270322b3d098852541248cad0b8082e09951f	4b7b39124328ae28e2a36bcecf70bec69851096b1da7b56ad7bc26f4e773777a	0	0	0	explicit CP932 literal wrappers and encoding include only
Camera/CameraCharmedVecRegTower.cpp	src/Game/Camera/CameraCharmedVecRegTower.cpp	decomp/src/Game/Camera/CameraCharmedVecRegTower.cpp	exact-source	yes	77e553e441b857c419571f959245314adeb87b49c73f0b6d9daf25402fe415da	77e553e441b857c419571f959245314adeb87b49c73f0b6d9daf25402fe415da	0	0	0	byte-for-byte match
Camera/CameraCharmedVecRegTower.hpp	src/Game/Camera/CameraCharmedVecRegTower.hpp	decomp/include/Game/Camera/CameraCharmedVecRegTower.hpp	exact-source	yes	6a7788a4a096089f96ecd988cd5801dc7ef063d245cda4a2dc52880cab7d2a77	6a7788a4a096089f96ecd988cd5801dc7ef063d245cda4a2dc52880cab7d2a77	0	0	0	byte-for-byte match
Camera/CameraContext.cpp	src/Game/Camera/CameraContext.cpp	decomp/src/Game/Camera/CameraContext.cpp	compile-only	yes	93eafcb285a57bf3266f4c3019be527b6aa1a6002a32f093897ea583b44a8a90	179ca53782218f561d28aac6c3f3783cff57213169145f8ae4e416603679334b	0	0	0	explicit CP932 literal wrappers and encoding include only
Camera/CameraContext.hpp	src/Game/Camera/CameraContext.hpp	decomp/include/Game/Camera/CameraContext.hpp	exact-source	yes	717281ecc929ecb6c3cf4b8e1524d897b2f9153b95dd1a2a03dda0bd01eaf138	717281ecc929ecb6c3cf4b8e1524d897b2f9153b95dd1a2a03dda0bd01eaf138	0	0	0	byte-for-byte match
Camera/CameraCover.cpp	src/Game/Camera/CameraCover.cpp	decomp/src/Game/Camera/CameraCover.cpp	exact-source	yes	2cdb1e9e6deb176dee802ed73532a95ec686f96de55254a2ebcaba2fec6d9e68	2cdb1e9e6deb176dee802ed73532a95ec686f96de55254a2ebcaba2fec6d9e68	0	0	0	byte-for-byte match
Camera/CameraCover.hpp	src/Game/Camera/CameraCover.hpp	decomp/include/Game/Camera/CameraCover.hpp	exact-source	yes	43d00ba31fb288c66220d0cf911b4dae1a3355f9d60b27e2b28f4444be989b80	43d00ba31fb288c66220d0cf911b4dae1a3355f9d60b27e2b28f4444be989b80	0	0	0	byte-for-byte match
Camera/CameraCubePlanet.cpp	src/Game/Camera/CameraCubePlanet.cpp	decomp/src/Game/Camera/CameraCubePlanet.cpp	exact-source	yes	af9c2598d74c877edbe7eeb2f2f7a6f4e3e1bc0c24838764802d50f2c059b4d0	af9c2598d74c877edbe7eeb2f2f7a6f4e3e1bc0c24838764802d50f2c059b4d0	0	0	0	byte-for-byte match
Camera/CameraCubePlanet.hpp	src/Game/Camera/CameraCubePlanet.hpp	decomp/include/Game/Camera/CameraCubePlanet.hpp	compile-only	yes	4f93162fd0ca859792bc10d906e847438d967bbe1b05ee0c642acc9e02b727fc	8c8bc4d4bca4f0a05153d73ff6f7daaa872f7b88ee096710d129b1669badf6bd	0	0	0	explicit CP932 literal wrappers and encoding include only
Camera/CameraDPD.cpp	src/Game/Camera/CameraDPD.cpp	decomp/src/Game/Camera/CameraDPD.cpp	exact-source	yes	6edb8b592a4119bceeb3fc8e4140da54de9c91c2260a62ebeee79405de0d04b9	6edb8b592a4119bceeb3fc8e4140da54de9c91c2260a62ebeee79405de0d04b9	0	0	0	byte-for-byte match
Camera/CameraDPD.hpp	src/Game/Camera/CameraDPD.hpp	decomp/include/Game/Camera/CameraDPD.hpp	compile-only	yes	6ca4c582bff02802e440a195006246c48b9d68b1bb6a8434329c5438e07a9720	b326efae452b5cf6d75381ee180b2a2ef9f9c81e2733c123b40c464f0b3faaec	0	0	0	explicit CP932 literal wrappers and encoding include only
Camera/CameraDead.cpp	src/Game/Camera/CameraDead.cpp	decomp/src/Game/Camera/CameraDead.cpp	exact-source	yes	26edaef5fe7ed94df914e37b1a6fb55a14c1d0c9db0f6b35d4ba7116a41940b5	26edaef5fe7ed94df914e37b1a6fb55a14c1d0c9db0f6b35d4ba7116a41940b5	0	0	0	byte-for-byte match
Camera/CameraDead.hpp	src/Game/Camera/CameraDead.hpp	decomp/include/Game/Camera/CameraDead.hpp	compile-only	yes	95d1b8f41c586f914535c30086cc4ca36f460135cfb314017628b7c220716c6d	6041cc52d2fe6b0c32095fa2976a8521179da0c728c9b6a59a98b875bcbd62da	0	0	0	explicit CP932 literal wrappers and encoding include only
Camera/CameraDirector.cpp	src/Game/Camera/CameraDirector.cpp	decomp/src/Game/Camera/CameraDirector.cpp	compile-only	yes	1b3edcfcd3e7f5bbd65bffd45952e2b3598336d152312ecdd4bf9296b5c82ad2	10eb05dc2b2615e8bdf1f948c12102e5337f6a17c1ac20be42946c3ba2c12fa0	0	0	0	explicit CP932 literal wrappers and encoding include only
Camera/CameraDirector.hpp	src/Game/Camera/CameraDirector.hpp	decomp/include/Game/Camera/CameraDirector.hpp	exact-source	yes	3fd5f3c0f4afd696a2b7fad325016d7f2a779000030fa28051b202b6dd1a1ac4	3fd5f3c0f4afd696a2b7fad325016d7f2a779000030fa28051b202b6dd1a1ac4	0	0	0	byte-for-byte match
Camera/CameraFix.cpp	src/Game/Camera/CameraFix.cpp	decomp/src/Game/Camera/CameraFix.cpp	compile-only	yes	0e345f70e58b829c6af35ddd164e512734b49e500f99ec5571fa5fc9e37d60b1	244e86238fc3826fbcc7c8c0c2d7f99821080a8b1f4b36090b70ca9fdc2bad4a	0	0	0	explicit CP932 literal wrappers and encoding include only
Camera/CameraFix.hpp	src/Game/Camera/CameraFix.hpp	decomp/include/Game/Camera/CameraFix.hpp	compile-only	yes	4e23bbfa2d55a45ff700a67a36b0347f3afed578d30e7f5abe4dccbfffed9359	0b1e2fe10c1ffd2e364bc6e204a2bc4f8109336499f3810c19c11073b306ec85	0	0	0	explicit CP932 literal wrappers and encoding include only
Camera/CameraFixedPoint.cpp	src/Game/Camera/CameraFixedPoint.cpp	decomp/src/Game/Camera/CameraFixedPoint.cpp	exact-source	yes	876d1a229a572b1cf4ded76a76dd15634837143bfff40fd9d6bcf8f2e62a98b7	876d1a229a572b1cf4ded76a76dd15634837143bfff40fd9d6bcf8f2e62a98b7	0	0	0	byte-for-byte match
Camera/CameraFixedPoint.hpp	src/Game/Camera/CameraFixedPoint.hpp	decomp/include/Game/Camera/CameraFixedPoint.hpp	compile-only	yes	9a6f2910eeb4397f0359b6aefdbe82065595174c72c8d9fd41de5af239a5c19d	c3e376c91d69e1a10189b752cfb74e1c49b5cd41e53683373ec28dcfe1ea64ca	0	0	0	explicit CP932 literal wrappers and encoding include only
Camera/CameraFixedThere.cpp	src/Game/Camera/CameraFixedThere.cpp	decomp/src/Game/Camera/CameraFixedThere.cpp	exact-source	yes	b85befbb28206a124db1c903a3303631aabd275966eca8a3267f31c66c766513	b85befbb28206a124db1c903a3303631aabd275966eca8a3267f31c66c766513	0	0	0	byte-for-byte match
Camera/CameraFixedThere.hpp	src/Game/Camera/CameraFixedThere.hpp	decomp/include/Game/Camera/CameraFixedThere.hpp	compile-only	yes	40658d666eacd8280aa0b77c18986f886a322edad0f48679e01452f854103217	b454106d0f31c70ddf7cf1db4998842dbb48e7fc154394ea374bd0be2fb6d93b	0	0	0	explicit CP932 literal wrappers and encoding include only
Camera/CameraFollow.cpp	src/Game/Camera/CameraFollow.cpp	decomp/src/Game/Camera/CameraFollow.cpp	exact-source	yes	3f7755d34b40cf5e32b584d85a2ff9cdb2b67f3195e8ae9f6ebd25d20aeb3e6e	3f7755d34b40cf5e32b584d85a2ff9cdb2b67f3195e8ae9f6ebd25d20aeb3e6e	0	0	0	byte-for-byte match
Camera/CameraFollow.hpp	src/Game/Camera/CameraFollow.hpp	decomp/include/Game/Camera/CameraFollow.hpp	compile-only	yes	e92794c8c059145b75f21cdff405d05289baf1baa645741f214c0a798c0ab232	ba1509cb9ff9cee49ca084b0a7edba76bdbe8d0214a7d6f66ac8ec64974701bb	0	0	0	explicit CP932 literal wrappers and encoding include only
Camera/CameraFooFighter.cpp	src/Game/Camera/CameraFooFighter.cpp	decomp/src/Game/Camera/CameraFooFighter.cpp	exact-source	yes	f4ae24e29ebf465b346c4bbce6c9ea9559bd5ca8c5b1911d02943789a5f36133	f4ae24e29ebf465b346c4bbce6c9ea9559bd5ca8c5b1911d02943789a5f36133	0	0	0	byte-for-byte match
Camera/CameraFooFighter.hpp	src/Game/Camera/CameraFooFighter.hpp	decomp/include/Game/Camera/CameraFooFighter.hpp	compile-only	yes	da83192502ce4dacb3b7a07c22db1919cecc4b401a12f3663507945b77580f15	92fe9f210e8e72970efefbe400cf7fd36ea60664fb9973069dd938584f615442	0	0	0	explicit CP932 literal wrappers and encoding include only
Camera/CameraFooFighterPlanet.cpp	src/Game/Camera/CameraFooFighterPlanet.cpp	decomp/src/Game/Camera/CameraFooFighterPlanet.cpp	exact-source	yes	3d58de6ebbb986df82378add37cc863ceca707a06bc50c34a972872ff52596de	3d58de6ebbb986df82378add37cc863ceca707a06bc50c34a972872ff52596de	0	0	0	byte-for-byte match
Camera/CameraFooFighterPlanet.hpp	src/Game/Camera/CameraFooFighterPlanet.hpp	decomp/include/Game/Camera/CameraFooFighterPlanet.hpp	compile-only	yes	e6b6644fb04e1d7537dc5def7953cf3743f2fdc56a961eb6935dae2639453f1f	319048c71abcb8943af764cdb591a4a02c46a91eb4d112a0ee40c8cc4c6591bb	0	0	0	explicit CP932 literal wrappers and encoding include only
Camera/CameraFrontAndBack.cpp	src/Game/Camera/CameraFrontAndBack.cpp	decomp/src/Game/Camera/CameraFrontAndBack.cpp	exact-source	yes	bca726a022d22476a139d2cb3a552be248fccdd3516c308b13e406821bbe80df	bca726a022d22476a139d2cb3a552be248fccdd3516c308b13e406821bbe80df	0	0	0	byte-for-byte match
Camera/CameraFrontAndBack.hpp	src/Game/Camera/CameraFrontAndBack.hpp	decomp/include/Game/Camera/CameraFrontAndBack.hpp	compile-only	yes	f22e800918882a65afdb7cf5de397dbf2da2c8c3db6039949b11283e49090952	ca094bf41b0a574bfd0f757d13e39de3e95238185bdc86d491fdd83b89736fbd	0	0	0	explicit CP932 literal wrappers and encoding include only
Camera/CameraGround.cpp	src/Game/Camera/CameraGround.cpp	decomp/src/Game/Camera/CameraGround.cpp	exact-source	yes	4bdd3132866e9e29e7fd1345625f3b459ccae17c04be63c047d0adf4f85b879f	4bdd3132866e9e29e7fd1345625f3b459ccae17c04be63c047d0adf4f85b879f	0	0	0	byte-for-byte match
Camera/CameraGround.hpp	src/Game/Camera/CameraGround.hpp	decomp/include/Game/Camera/CameraGround.hpp	compile-only	yes	39ff4e0522bdee25b1ec10251e64b7cb1e2804ccce7b57a883c4677263acaf1c	4443dda3da78a3f0ebd9c3cd4b0da014159557335ebda6c3674e886428bcf134	0	0	0	explicit CP932 literal wrappers and encoding include only
Camera/CameraHeightArrange.cpp	src/Game/Camera/CameraHeightArrange.cpp	decomp/src/Game/Camera/CameraHeightArrange.cpp	exact-source	yes	62fe145ba96e599a8f99d93dc9556ba79f37a274d1cca95fba8804e57e46612a	62fe145ba96e599a8f99d93dc9556ba79f37a274d1cca95fba8804e57e46612a	0	0	0	byte-for-byte match
Camera/CameraHeightArrange.hpp	src/Game/Camera/CameraHeightArrange.hpp	decomp/include/Game/Camera/CameraHeightArrange.hpp	exact-source	yes	40a6db39784ddbddd028227b34b035f159d1ba65554472effbdfa473894de1ed	40a6db39784ddbddd028227b34b035f159d1ba65554472effbdfa473894de1ed	0	0	0	byte-for-byte match
Camera/CameraHolder.cpp	src/Game/Camera/CameraHolder.cpp	decomp/src/Game/Camera/CameraHolder.cpp	compile-only	yes	cf0a820fe323885137de1a882dc444f5dc6bee7ccd877c0026eea6608ffd4f2d	71b4b6f5334a6eeb2af995607ec604297cf47588f394eaf26d17c82746662369	0	0	0	explicit CP932 literal wrappers and encoding include only
Camera/CameraHolder.hpp	src/Game/Camera/CameraHolder.hpp	decomp/include/Game/Camera/CameraHolder.hpp	exact-source	yes	b8f1b2d8af9cd62a142d6cb248d9f79efe3ebaa72a860b2438fdaff67c167401	b8f1b2d8af9cd62a142d6cb248d9f79efe3ebaa72a860b2438fdaff67c167401	0	0	0	byte-for-byte match
Camera/CameraInnerCylinder.cpp	src/Game/Camera/CameraInnerCylinder.cpp	decomp/src/Game/Camera/CameraInnerCylinder.cpp	exact-source	yes	7d5ac5e9d2b97eff3743f8cb32a65a802c242a5f00a4e827b6073d2ded9dda01	7d5ac5e9d2b97eff3743f8cb32a65a802c242a5f00a4e827b6073d2ded9dda01	0	0	0	byte-for-byte match
Camera/CameraInnerCylinder.hpp	src/Game/Camera/CameraInnerCylinder.hpp	decomp/include/Game/Camera/CameraInnerCylinder.hpp	exact-source	yes	72174288f096dcbbe832282b67ef700ed41f376aa04e922a3a22ef73367ee19e	72174288f096dcbbe832282b67ef700ed41f376aa04e922a3a22ef73367ee19e	0	0	0	byte-for-byte match
Camera/CameraInwardSphere.cpp	src/Game/Camera/CameraInwardSphere.cpp	decomp/src/Game/Camera/CameraInwardSphere.cpp	exact-source	yes	ffc8118f18129be6da6eeb60bfb47803251f417d9a1bfb5b4cdcde890cfbbfa0	ffc8118f18129be6da6eeb60bfb47803251f417d9a1bfb5b4cdcde890cfbbfa0	0	0	0	byte-for-byte match
Camera/CameraInwardSphere.hpp	src/Game/Camera/CameraInwardSphere.hpp	decomp/include/Game/Camera/CameraInwardSphere.hpp	compile-only	yes	37a13fc3986c4143b0a43286e1ecb0066f50efa615a8f922632326c384ef3401	d4aea1f273646b252c2d0ed2e38f1ac3f4335d9c1bfa4478c734369cdf5e85e1	0	0	0	explicit CP932 literal wrappers and encoding include only
Camera/CameraInwardTower.cpp	src/Game/Camera/CameraInwardTower.cpp	decomp/src/Game/Camera/CameraInwardTower.cpp	exact-source	yes	8aa5e973f5382885e2ab968c8ca7a5a1b2ad330915a139def51519f11eb8f2da	8aa5e973f5382885e2ab968c8ca7a5a1b2ad330915a139def51519f11eb8f2da	0	0	0	byte-for-byte match
Camera/CameraInwardTower.hpp	src/Game/Camera/CameraInwardTower.hpp	decomp/include/Game/Camera/CameraInwardTower.hpp	compile-only	yes	d9d20b8f2762dd8d34d3976c31c59625ea9661305b93b5baf22fa62dd0fb0b95	6c21b0d686fff42aa9171fd7762bfff94b2d56bad1a06f4fcb620e157a61d1f8	0	0	0	explicit CP932 literal wrappers and encoding include only
Camera/CameraLocalUtil.hpp	src/Game/Camera/CameraLocalUtil.hpp	decomp/include/Game/Camera/CameraLocalUtil.hpp	exact-source	yes	0e45c15f7c561c36d2d88ddeaeef228cae6ab4f7172dfe3fb5f69cf2c5a9adfb	0e45c15f7c561c36d2d88ddeaeef228cae6ab4f7172dfe3fb5f69cf2c5a9adfb	0	0	0	byte-for-byte match
Camera/CameraMan.cpp	src/Game/Camera/CameraMan.cpp	decomp/src/Game/Camera/CameraMan.cpp	exact-source	yes	9c6a369661ba6d67383eee97a81de93b5fbb96cf3b26b9e823eaff3a960231a9	9c6a369661ba6d67383eee97a81de93b5fbb96cf3b26b9e823eaff3a960231a9	0	0	0	byte-for-byte match
Camera/CameraMan.hpp	src/Game/Camera/CameraMan.hpp	decomp/include/Game/Camera/CameraMan.hpp	exact-source	yes	1e1683885ae46a0a1271654057557fee3a0478d6ba791c9de94439fed127504b	1e1683885ae46a0a1271654057557fee3a0478d6ba791c9de94439fed127504b	0	0	0	byte-for-byte match
Camera/CameraManEvent.cpp	src/Game/Camera/CameraManEvent.cpp	decomp/src/Game/Camera/CameraManEvent.cpp	exact-source	yes	4e3f231e2bf7435fbfe49ec4d88ea0125d967f1c97f77e4fe68ffb5383a03902	4e3f231e2bf7435fbfe49ec4d88ea0125d967f1c97f77e4fe68ffb5383a03902	0	0	0	byte-for-byte match
Camera/CameraManEvent.hpp	src/Game/Camera/CameraManEvent.hpp	decomp/include/Game/Camera/CameraManEvent.hpp	exact-source	yes	683606e7c3749c8c81961d86cc9de9359200f8095d76e322ca167dc2cf9254cc	683606e7c3749c8c81961d86cc9de9359200f8095d76e322ca167dc2cf9254cc	0	0	0	byte-for-byte match
Camera/CameraManGame.cpp	src/Game/Camera/CameraManGame.cpp	decomp/src/Game/Camera/CameraManGame.cpp	compile-only	yes	a5061fb1fc151c1d229441f4a1d06a4560c689bdea3edbd0ea629944c6e55a3d	ebf8e61958d9d85f0cf554d9a112f6a8f3217803b9ec2569ec1c93982e004f5b	0	0	0	explicit CP932 literal wrappers and encoding include only
Camera/CameraManGame.hpp	src/Game/Camera/CameraManGame.hpp	decomp/include/Game/Camera/CameraManGame.hpp	exact-source	yes	06434a16dae94a008e9b23aecb62d6c2600f6cfb902774db0804b1126d2141e2	06434a16dae94a008e9b23aecb62d6c2600f6cfb902774db0804b1126d2141e2	0	0	0	byte-for-byte match
Camera/CameraManPause.cpp	src/Game/Camera/CameraManPause.cpp	decomp/src/Game/Camera/CameraManPause.cpp	exact-source	yes	6ba5b177428a023e0ed361d1408eb75fcfabc3139dd5c27afec86a6339fb8f52	6ba5b177428a023e0ed361d1408eb75fcfabc3139dd5c27afec86a6339fb8f52	0	0	0	byte-for-byte match
Camera/CameraManPause.hpp	src/Game/Camera/CameraManPause.hpp	decomp/include/Game/Camera/CameraManPause.hpp	exact-source	yes	8ecd77baa66f810ced8030e93f05fceed04853fc877dd8bd9701d3dba33dc6d6	8ecd77baa66f810ced8030e93f05fceed04853fc877dd8bd9701d3dba33dc6d6	0	0	0	byte-for-byte match
Camera/CameraManSubjective.cpp	src/Game/Camera/CameraManSubjective.cpp	decomp/src/Game/Camera/CameraManSubjective.cpp	compile-only	yes	4b73bdc7545e0f6e16cfae91781ac0ef8aefe688cb3872c131b79ae59b03d28b	8d98ffa88ade5f82961e66e952e47e3f7b19c8bd011ecb3585f3e8fe85d75d6e	0	0	0	explicit CP932 literal wrappers and encoding include only
Camera/CameraManSubjective.hpp	src/Game/Camera/CameraManSubjective.hpp	decomp/include/Game/Camera/CameraManSubjective.hpp	exact-source	yes	ce39d773fcae5148f4bc391a6af13a04b8ab265eec19dc9a7e4bafe5de06a9e3	ce39d773fcae5148f4bc391a6af13a04b8ab265eec19dc9a7e4bafe5de06a9e3	0	0	0	byte-for-byte match
Camera/CameraMedianPlanet.cpp	src/Game/Camera/CameraMedianPlanet.cpp	decomp/src/Game/Camera/CameraMedianPlanet.cpp	exact-source	yes	c2808d4111e27fa69d5820e60b0729567374fffdb5b04160b09ad84f261b85b3	c2808d4111e27fa69d5820e60b0729567374fffdb5b04160b09ad84f261b85b3	0	0	0	byte-for-byte match
Camera/CameraMedianPlanet.hpp	src/Game/Camera/CameraMedianPlanet.hpp	decomp/include/Game/Camera/CameraMedianPlanet.hpp	compile-only	yes	a6bc83fe0daf111453e9d43a96268a97423fc4d63a934a11de66df36926625d6	447b49f8f132944bb4ae2b6ef6a08b243753c9adc651c74edc0ee83ef4c2a592	0	0	0	explicit CP932 literal wrappers and encoding include only
Camera/CameraMedianTower.cpp	src/Game/Camera/CameraMedianTower.cpp	decomp/src/Game/Camera/CameraMedianTower.cpp	exact-source	yes	4a055656a5f2f94a82ff49b062f82ae07f9df28a684ab5d4219cf2cbc6ccf5b6	4a055656a5f2f94a82ff49b062f82ae07f9df28a684ab5d4219cf2cbc6ccf5b6	0	0	0	byte-for-byte match
Camera/CameraMedianTower.hpp	src/Game/Camera/CameraMedianTower.hpp	decomp/include/Game/Camera/CameraMedianTower.hpp	compile-only	yes	a38c5329c3884e92f57e7a1079c91d1b73c0392b7807db146952c7ed92585f8e	6cdc9380d29bbb0ad37548878108fb3fee709ebba1b363003a7eb7c676399dfe	0	0	0	explicit CP932 literal wrappers and encoding include only
Camera/CameraMtxRegParallel.cpp	src/Game/Camera/CameraMtxRegParallel.cpp	decomp/src/Game/Camera/CameraMtxRegParallel.cpp	exact-source	yes	074818835a2de11fc49822850ade7de64acd6fb94f6e3c3843e2a57ed4d77718	074818835a2de11fc49822850ade7de64acd6fb94f6e3c3843e2a57ed4d77718	0	0	0	byte-for-byte match
Camera/CameraMtxRegParallel.hpp	src/Game/Camera/CameraMtxRegParallel.hpp	decomp/include/Game/Camera/CameraMtxRegParallel.hpp	compile-only	yes	efcd71640c603c7eff4df6a3181564001b4fe1682ea932f1a5199145ed157629	fcb598d48666e013bce394b24f4c6da36589b565162c2f3a6d9f9b22cad0b866	0	0	0	explicit CP932 literal wrappers and encoding include only
Camera/CameraObjParallel.cpp	src/Game/Camera/CameraObjParallel.cpp	decomp/src/Game/Camera/CameraObjParallel.cpp	exact-source	yes	4496ff867ba2aabffd0b1321138ae1d6ec82eb82a45b1a0d45b8aea1727df910	4496ff867ba2aabffd0b1321138ae1d6ec82eb82a45b1a0d45b8aea1727df910	0	0	0	byte-for-byte match
Camera/CameraObjParallel.hpp	src/Game/Camera/CameraObjParallel.hpp	decomp/include/Game/Camera/CameraObjParallel.hpp	compile-only	yes	39029083cf53e8fe4c70c6d78fb04c5625aedf312a09cd5fd617a66812323160	05c2ac9c7fcbf21afdf17e88b08d5c61d4b51f35a7c6c22f84fa8a369bccc10f	0	0	0	explicit CP932 literal wrappers and encoding include only
Camera/CameraParallel.cpp	src/Game/Camera/CameraParallel.cpp	decomp/src/Game/Camera/CameraParallel.cpp	exact-source	yes	184a1505a3077ac0441f781292b214d9244889a6efc13f365b3b97ced995f6ff	184a1505a3077ac0441f781292b214d9244889a6efc13f365b3b97ced995f6ff	0	0	0	byte-for-byte match
Camera/CameraParallel.hpp	src/Game/Camera/CameraParallel.hpp	decomp/include/Game/Camera/CameraParallel.hpp	compile-only	yes	eaede60a92d050b3033bfd7af6ffeaf3a375bff3e218f0d1d979c222e87feeb2	557cbdb6f5404555cb4e01e7483d344c284f01327ee9b4738a2c2f87ee6556fd	0	0	0	explicit CP932 literal wrappers and encoding include only
Camera/CameraParamChunk.cpp	src/Game/Camera/CameraParamChunk.cpp	decomp/src/Game/Camera/CameraParamChunk.cpp	exact-source	yes	f88e1405130c56ecf563248277380b7e14242193116ddcfab3f3c63ec3cc4032	f88e1405130c56ecf563248277380b7e14242193116ddcfab3f3c63ec3cc4032	0	0	0	byte-for-byte match
Camera/CameraParamChunk.hpp	src/Game/Camera/CameraParamChunk.hpp	decomp/include/Game/Camera/CameraParamChunk.hpp	compat-temporary	yes	525826c2605b913cd82b8191122b4258788d50ae114ca37086aad4dd9e8c8290	ff6006d487ed553a11a4ceca04b4380cf767ab9a7d262f9b7f62b67977621735	0	0	0	source exists but pc-port behavior/shape differs
Camera/CameraParamChunkHolder.cpp	src/Game/Camera/CameraParamChunkHolder.cpp	decomp/src/Game/Camera/CameraParamChunkHolder.cpp	exact-source	yes	0aec2ec148122a883db1ae5951ad18b0d9e3cdb6a7bb2ecd2394ba0e93bf9e62	0aec2ec148122a883db1ae5951ad18b0d9e3cdb6a7bb2ecd2394ba0e93bf9e62	0	0	0	byte-for-byte match
Camera/CameraParamChunkHolder.hpp	src/Game/Camera/CameraParamChunkHolder.hpp	decomp/include/Game/Camera/CameraParamChunkHolder.hpp	exact-source	yes	8834bc9e7c0bc4e9fe2a9d4bf867f80db96a84a98025a0e8cf66e85fd45a8067	8834bc9e7c0bc4e9fe2a9d4bf867f80db96a84a98025a0e8cf66e85fd45a8067	0	0	0	byte-for-byte match
Camera/CameraParamChunkID.cpp	src/Game/Camera/CameraParamChunkID.cpp	decomp/src/Game/Camera/CameraParamChunkID.cpp	exact-source	yes	a495266b17e631030b353bc2566430626eb6d3f9d84274c9a5ca8800e2dd4048	a495266b17e631030b353bc2566430626eb6d3f9d84274c9a5ca8800e2dd4048	0	0	0	byte-for-byte match
Camera/CameraParamChunkID.hpp	src/Game/Camera/CameraParamChunkID.hpp	decomp/include/Game/Camera/CameraParamChunkID.hpp	exact-source	yes	c31c8efdbe3e5bd08354bdf2ec94951b2bc13e59ea340e3b9fb01db4887798f7	c31c8efdbe3e5bd08354bdf2ec94951b2bc13e59ea340e3b9fb01db4887798f7	0	0	0	byte-for-byte match
Camera/CameraParamString.cpp	src/Game/Camera/CameraParamString.cpp	decomp/src/Game/Camera/CameraParamString.cpp	exact-source	yes	19f0b136218f9a40941dca4ec6e9b17afa54951d63a986fcb6565142e43b0dc7	19f0b136218f9a40941dca4ec6e9b17afa54951d63a986fcb6565142e43b0dc7	0	0	0	byte-for-byte match
Camera/CameraParamString.hpp	src/Game/Camera/CameraParamString.hpp	decomp/include/Game/Camera/CameraParamString.hpp	exact-source	yes	0a948eec63c08d4be6664e666e86bba8713cb57e7bb0f4bb4cb076a261bfd597	0a948eec63c08d4be6664e666e86bba8713cb57e7bb0f4bb4cb076a261bfd597	0	0	0	byte-for-byte match
Camera/CameraPolygonCodeUtil.cpp	src/Game/Camera/CameraPolygonCodeUtil.cpp	decomp/src/Game/Camera/CameraPolygonCodeUtil.cpp	exact-source	yes	145d6055fb4eee9084f056b4261b432f017eeb1b9564ad998fab95881f15d30f	145d6055fb4eee9084f056b4261b432f017eeb1b9564ad998fab95881f15d30f	0	0	0	byte-for-byte match
Camera/CameraPolygonCodeUtil.hpp	src/Game/Camera/CameraPolygonCodeUtil.hpp	decomp/include/Game/Camera/CameraPolygonCodeUtil.hpp	exact-source	yes	308bdeab56a5ec7c4fc0c0261e864355d2fec7ae73b88e4705b0c0c4d2c1b342	308bdeab56a5ec7c4fc0c0261e864355d2fec7ae73b88e4705b0c0c4d2c1b342	0	0	0	byte-for-byte match
Camera/CameraPoseParam.cpp	src/Game/Camera/CameraPoseParam.cpp	decomp/src/Game/Camera/CameraPoseParam.cpp	exact-source	yes	3bd44710e53dc24332d95f2e603959f2b2c950417ffd53d6ec17909250078b6d	3bd44710e53dc24332d95f2e603959f2b2c950417ffd53d6ec17909250078b6d	0	0	0	byte-for-byte match
Camera/CameraPoseParam.hpp	src/Game/Camera/CameraPoseParam.hpp	decomp/include/Game/Camera/CameraPoseParam.hpp	exact-source	yes	a8d582fe0d6adf577478040d108d53f5c49dbae3198bc14537db29f97ea7094c	a8d582fe0d6adf577478040d108d53f5c49dbae3198bc14537db29f97ea7094c	0	0	0	byte-for-byte match
Camera/CameraRaceFollow.cpp	src/Game/Camera/CameraRaceFollow.cpp	decomp/src/Game/Camera/CameraRaceFollow.cpp	exact-source	yes	38b3f43aae9bf5df75a2e61b6aec5bae3991c3f8cdc15d000a52096def131b00	38b3f43aae9bf5df75a2e61b6aec5bae3991c3f8cdc15d000a52096def131b00	0	0	0	byte-for-byte match
Camera/CameraRaceFollow.hpp	src/Game/Camera/CameraRaceFollow.hpp	decomp/include/Game/Camera/CameraRaceFollow.hpp	exact-source	yes	f8717e893555704cd7d79b99fd8a54c9e7b39ccd7fef4b71b065d63ffe3ca89e	f8717e893555704cd7d79b99fd8a54c9e7b39ccd7fef4b71b065d63ffe3ca89e	0	0	0	byte-for-byte match
Camera/CameraRailDemo.cpp	src/Game/Camera/CameraRailDemo.cpp	decomp/src/Game/Camera/CameraRailDemo.cpp	exact-source	yes	2023d2770d1f032048617fe4edf881fa6197bf29b48abdc0fb31cf92c9b3ea69	2023d2770d1f032048617fe4edf881fa6197bf29b48abdc0fb31cf92c9b3ea69	0	0	0	byte-for-byte match
Camera/CameraRailDemo.hpp	src/Game/Camera/CameraRailDemo.hpp	decomp/include/Game/Camera/CameraRailDemo.hpp	compile-only	yes	d10b53cf2f6e7e619f857a8edfb0dd4a0423247fc62e256331fd66768aa7721b	9d64788225674b1d650dafd61da67e16311028a5b66ebd42cf084eb3e8bc8340	0	0	0	explicit CP932 literal wrappers and encoding include only
Camera/CameraRailFollow.cpp	src/Game/Camera/CameraRailFollow.cpp	decomp/src/Game/Camera/CameraRailFollow.cpp	exact-source	yes	f23b5b87a0c1a9d6cd8efb21eb605c2d9fe4331a7759fbf0805ef46ca334a25f	f23b5b87a0c1a9d6cd8efb21eb605c2d9fe4331a7759fbf0805ef46ca334a25f	0	0	0	byte-for-byte match
Camera/CameraRailFollow.hpp	src/Game/Camera/CameraRailFollow.hpp	decomp/include/Game/Camera/CameraRailFollow.hpp	compile-only	yes	b98678d978e19d2128ffc3eff89348d8f16d192743072b729fc5aeff6c67849e	f6f90229a26e80c014632dc5168438aa0356e121cf71639b3886ece761824972	0	0	0	explicit CP932 literal wrappers and encoding include only
Camera/CameraRailHolder.cpp	src/Game/Camera/CameraRailHolder.cpp	decomp/src/Game/Camera/CameraRailHolder.cpp	exact-source	yes	b93271441495081378b7f6fd742822bd9624b45d4d48bdc3014eda435d74e407	b93271441495081378b7f6fd742822bd9624b45d4d48bdc3014eda435d74e407	0	0	0	byte-for-byte match
Camera/CameraRailHolder.hpp	src/Game/Camera/CameraRailHolder.hpp	decomp/include/Game/Camera/CameraRailHolder.hpp	exact-source	yes	f8283408075730a627a4655b54ae3f10fae4c426c1adba44c3612f97335b53fe	f8283408075730a627a4655b54ae3f10fae4c426c1adba44c3612f97335b53fe	0	0	0	byte-for-byte match
Camera/CameraRailWatch.cpp	src/Game/Camera/CameraRailWatch.cpp	decomp/src/Game/Camera/CameraRailWatch.cpp	exact-source	yes	1894d1b83455c91f0f4de9c43b765493b3cb006f8e339fdf07ba4508eff8cbb2	1894d1b83455c91f0f4de9c43b765493b3cb006f8e339fdf07ba4508eff8cbb2	0	0	0	byte-for-byte match
Camera/CameraRailWatch.hpp	src/Game/Camera/CameraRailWatch.hpp	decomp/include/Game/Camera/CameraRailWatch.hpp	compile-only	yes	30ee72066e7c5a9a4c9c7432e8ea64168f7b9806a94fdea29b5d95325ab34c43	930f80700b4367e52260739fe5f4ca6bc4bd5848470f3a385bc2c4096c325e49	0	0	0	explicit CP932 literal wrappers and encoding include only
Camera/CameraRegisterHolder.cpp	src/Game/Camera/CameraRegisterHolder.cpp	decomp/src/Game/Camera/CameraRegisterHolder.cpp	compile-only	yes	616d6fbd7c0157338e0254734d0f67bf21769849117375f41ce40bffcc90b5f3	b6b9b815516cd59ce120dc3965f37f04a26f50eca65fa690743d68289923ce02	0	0	0	explicit CP932 literal wrappers and encoding include only
Camera/CameraRegisterHolder.hpp	src/Game/Camera/CameraRegisterHolder.hpp	decomp/include/Game/Camera/CameraRegisterHolder.hpp	exact-source	yes	67a7141f927e21c5bf02a1e943fb68de37703fa0d64d098fe80ac9c850fbea30	67a7141f927e21c5bf02a1e943fb68de37703fa0d64d098fe80ac9c850fbea30	0	0	0	byte-for-byte match
Camera/CameraRotChecker.cpp	src/Game/Camera/CameraRotChecker.cpp	decomp/src/Game/Camera/CameraRotChecker.cpp	exact-source	yes	e9602b6639524947e4f8786db368da8dce2cfcf971967c0d38fd0768c3ade45d	e9602b6639524947e4f8786db368da8dce2cfcf971967c0d38fd0768c3ade45d	0	0	0	byte-for-byte match
Camera/CameraRotChecker.hpp	src/Game/Camera/CameraRotChecker.hpp	decomp/include/Game/Camera/CameraRotChecker.hpp	exact-source	yes	705105475f02afe5d175752c75b1c514f5d91582e5853f662e7c099e3b76235f	705105475f02afe5d175752c75b1c514f5d91582e5853f662e7c099e3b76235f	0	0	0	byte-for-byte match
Camera/CameraShakePatternImpl.cpp	src/Game/Camera/CameraShakePatternImpl.cpp	decomp/src/Game/Camera/CameraShakePatternImpl.cpp	exact-source	yes	d984b8d3af8bb9db333ccf98ecf3d0ce38cb9e40cd3307bebbc56062a0736a90	d984b8d3af8bb9db333ccf98ecf3d0ce38cb9e40cd3307bebbc56062a0736a90	0	0	0	byte-for-byte match
Camera/CameraShakePatternImpl.hpp	src/Game/Camera/CameraShakePatternImpl.hpp	decomp/include/Game/Camera/CameraShakePatternImpl.hpp	exact-source	yes	29437b6e0becf68b8cd2cff6db53c644dbe0799c40add923b943102a44df9b95	29437b6e0becf68b8cd2cff6db53c644dbe0799c40add923b943102a44df9b95	0	0	0	byte-for-byte match
Camera/CameraShakeTask.cpp	src/Game/Camera/CameraShakeTask.cpp	decomp/src/Game/Camera/CameraShakeTask.cpp	exact-source	yes	c3d735f4293fdc0ab3cee9862b539a9b2ae938075f84e7fc1798b907df7aebe7	c3d735f4293fdc0ab3cee9862b539a9b2ae938075f84e7fc1798b907df7aebe7	0	0	0	byte-for-byte match
Camera/CameraShakeTask.hpp	src/Game/Camera/CameraShakeTask.hpp	decomp/include/Game/Camera/CameraShakeTask.hpp	exact-source	yes	ce7adf1b5ca0c6fb0db77642fdee4b686bbc965edebf652d90df7e9694f1dbc8	ce7adf1b5ca0c6fb0db77642fdee4b686bbc965edebf652d90df7e9694f1dbc8	0	0	0	byte-for-byte match
Camera/CameraShaker.cpp	src/Game/Camera/CameraShaker.cpp	decomp/src/Game/Camera/CameraShaker.cpp	exact-source	yes	4666538eea15e709efbc2461a46d328c5d84650dec80118fc7dbf333df1ce367	4666538eea15e709efbc2461a46d328c5d84650dec80118fc7dbf333df1ce367	0	0	0	byte-for-byte match
Camera/CameraShaker.hpp	src/Game/Camera/CameraShaker.hpp	decomp/include/Game/Camera/CameraShaker.hpp	exact-source	yes	098e8361c239b1cf6c5053720f90806bcd3e3db40f13373f45593b9cb3584f10	098e8361c239b1cf6c5053720f90806bcd3e3db40f13373f45593b9cb3584f10	0	0	0	byte-for-byte match
Camera/CameraSlide.cpp	src/Game/Camera/CameraSlide.cpp	decomp/src/Game/Camera/CameraSlide.cpp	exact-source	yes	fcf0f42cdd6dce172637ad66301607c0cb9a91fcde2a5c2a7557e5974ca5018d	fcf0f42cdd6dce172637ad66301607c0cb9a91fcde2a5c2a7557e5974ca5018d	0	0	0	byte-for-byte match
Camera/CameraSlide.hpp	src/Game/Camera/CameraSlide.hpp	decomp/include/Game/Camera/CameraSlide.hpp	compile-only	yes	0f0d89c40bff3db1b8616a7b8cb868212e658934a33adbf4704cf0086d1017c3	47b76ed30d6cc7b495c412152bc3481e2675e7a9bfe0e9294951e62c9f3fcbe4	0	0	0	explicit CP932 literal wrappers and encoding include only
Camera/CameraSpiral.cpp	src/Game/Camera/CameraSpiral.cpp	decomp/src/Game/Camera/CameraSpiral.cpp	exact-source	yes	11e947d23d337c16c3869f756c2987adb375f13cb5cd2a52b92a64d22dc889e0	11e947d23d337c16c3869f756c2987adb375f13cb5cd2a52b92a64d22dc889e0	0	0	0	byte-for-byte match
Camera/CameraSpiral.hpp	src/Game/Camera/CameraSpiral.hpp	decomp/include/Game/Camera/CameraSpiral.hpp	compile-only	yes	9dd7f0c6deb0e0724f34c0eaf74ee77d912ddf961fd62907d614a222959374ca	4af55100e9b0b2c7b2e3edb612ecbd51271ecda8a2857fbdb7aa3e403ad5e55e	0	0	0	explicit CP932 literal wrappers and encoding include only
Camera/CameraSubjective.cpp	src/Game/Camera/CameraSubjective.cpp	decomp/src/Game/Camera/CameraSubjective.cpp	exact-source	yes	e13cb4786027cf919a26d5f65184e10a3ff0b9c8c5cd9654d40a5cfd7d357c0b	e13cb4786027cf919a26d5f65184e10a3ff0b9c8c5cd9654d40a5cfd7d357c0b	0	0	0	byte-for-byte match
Camera/CameraSubjective.hpp	src/Game/Camera/CameraSubjective.hpp	decomp/include/Game/Camera/CameraSubjective.hpp	compile-only	yes	b8cca178212fae3a2e5ae2fd8b44ab83ded01c791fdda046388308c6137edd33	2a3a085976bde6629b16c9adc8c323a0a2226bcdc7e84decccd08ae718de77df	0	0	0	explicit CP932 literal wrappers and encoding include only
Camera/CameraTalk.cpp	src/Game/Camera/CameraTalk.cpp	decomp/src/Game/Camera/CameraTalk.cpp	exact-source	yes	0bd9a6ef63f0e42c2d14daaa5db93864e09b7173a0e641d3ad85cc233c461dd1	0bd9a6ef63f0e42c2d14daaa5db93864e09b7173a0e641d3ad85cc233c461dd1	0	0	0	byte-for-byte match
Camera/CameraTalk.hpp	src/Game/Camera/CameraTalk.hpp	decomp/include/Game/Camera/CameraTalk.hpp	compile-only	yes	3a3db342f2f38f68fe1a26545323684d241f8db17e4de9c1e302e070b1d28fe8	3d7de3ec069c08d30251f837f359b355bad0140ed4f85c8aef14e0894931d252	0	0	0	explicit CP932 literal wrappers and encoding include only
Camera/CameraTargetArg.cpp	src/Game/Camera/CameraTargetArg.cpp	decomp/src/Game/Camera/CameraTargetArg.cpp	exact-source	yes	329e0b1b7dea41ff45a5c404253d14efe9067c791cb8f9e1c36188a4f4f7d368	329e0b1b7dea41ff45a5c404253d14efe9067c791cb8f9e1c36188a4f4f7d368	0	0	0	byte-for-byte match
Camera/CameraTargetArg.hpp	src/Game/Camera/CameraTargetArg.hpp	decomp/include/Game/Camera/CameraTargetArg.hpp	exact-source	yes	70a0f8babe510661d059d8a9758a905749f2c8d1d3056fde9a67d53cef3b8511	70a0f8babe510661d059d8a9758a905749f2c8d1d3056fde9a67d53cef3b8511	0	0	0	byte-for-byte match
Camera/CameraTargetHolder.cpp	src/Game/Camera/CameraTargetHolder.cpp	decomp/src/Game/Camera/CameraTargetHolder.cpp	compile-only	yes	85b7719bd38fc20c196d9cef14ab951adf84f43fadbac385124a3fdfb09b6386	426dd80fb1167fcd431f78305456b012cdd31d626dc4bd2b2125434fc19377c8	0	0	0	explicit CP932 literal wrappers and encoding include only
Camera/CameraTargetHolder.hpp	src/Game/Camera/CameraTargetHolder.hpp	decomp/include/Game/Camera/CameraTargetHolder.hpp	exact-source	yes	0c15b40434ae009f23a1d02d814f1febe7a46c5e0f78c7f22aa41ccd798899aa	0c15b40434ae009f23a1d02d814f1febe7a46c5e0f78c7f22aa41ccd798899aa	0	0	0	byte-for-byte match
Camera/CameraTargetMtx.cpp	src/Game/Camera/CameraTargetMtx.cpp	decomp/src/Game/Camera/CameraTargetMtx.cpp	exact-source	yes	08d58aaae22394550a724b93affe042dcbba7266bc41ce1c4f98bf3f5793ffa1	08d58aaae22394550a724b93affe042dcbba7266bc41ce1c4f98bf3f5793ffa1	0	0	0	byte-for-byte match
Camera/CameraTargetMtx.hpp	src/Game/Camera/CameraTargetMtx.hpp	decomp/include/Game/Camera/CameraTargetMtx.hpp	exact-source	yes	b4fa8d709b7a0687fba5cb8e844a1e97ba29da71ec8b2cf24037903ced5f5a1e	b4fa8d709b7a0687fba5cb8e844a1e97ba29da71ec8b2cf24037903ced5f5a1e	0	0	0	byte-for-byte match
Camera/CameraTargetObj.hpp	src/Game/Camera/CameraTargetObj.hpp	decomp/include/Game/Camera/CameraTargetObj.hpp	exact-source	yes	6656707a4fc855ff96d39f406ee96691e254d9c2a7d5bba5c598374f10c7f2b8	6656707a4fc855ff96d39f406ee96691e254d9c2a7d5bba5c598374f10c7f2b8	0	0	2	byte-for-byte match
Camera/CameraTower.cpp	src/Game/Camera/CameraTower.cpp	decomp/src/Game/Camera/CameraTower.cpp	exact-source	yes	3d1b1507bf65dd1044a5c6ba083470866a58e4940cc6eda7affb9ba32824e60d	3d1b1507bf65dd1044a5c6ba083470866a58e4940cc6eda7affb9ba32824e60d	0	0	0	byte-for-byte match
Camera/CameraTower.hpp	src/Game/Camera/CameraTower.hpp	decomp/include/Game/Camera/CameraTower.hpp	compile-only	yes	233131e93bcd458ef302749dd4851870e16ab408e1a714288e931f6df5ea6397	463dfdc94e638a66948715010ad28dbb80f181700f30d01482171f34f8131e91	0	0	0	explicit CP932 literal wrappers and encoding include only
Camera/CameraTowerBase.cpp	src/Game/Camera/CameraTowerBase.cpp	decomp/src/Game/Camera/CameraTowerBase.cpp	exact-source	yes	2e66b6c0c2cb63103ab87048685df4ec77a8656253491f8ff0792771895a87fa	2e66b6c0c2cb63103ab87048685df4ec77a8656253491f8ff0792771895a87fa	0	0	0	byte-for-byte match
Camera/CameraTowerBase.hpp	src/Game/Camera/CameraTowerBase.hpp	decomp/include/Game/Camera/CameraTowerBase.hpp	exact-source	yes	4cd51890c27bbba0c06e9bd60165a121bf48d80dcee7e4992e8072f10f45fb4d	4cd51890c27bbba0c06e9bd60165a121bf48d80dcee7e4992e8072f10f45fb4d	0	0	0	byte-for-byte match
Camera/CameraTowerPos.cpp	src/Game/Camera/CameraTowerPos.cpp	decomp/src/Game/Camera/CameraTowerPos.cpp	exact-source	yes	fe5b16df3009e07bd2ebca30dc03c03e4549705d1d8999bfbe4e0387c65cb342	fe5b16df3009e07bd2ebca30dc03c03e4549705d1d8999bfbe4e0387c65cb342	0	0	0	byte-for-byte match
Camera/CameraTowerPos.hpp	src/Game/Camera/CameraTowerPos.hpp	decomp/include/Game/Camera/CameraTowerPos.hpp	compile-only	yes	51627359be6038b62966de0ff9a9304b54ceb53f237120a211f277911ed8782c	72a6e92bcb2ded2d92f375dfe648b8fff4c2710bc5a288415f40115a3d9b6a5a	0	0	0	explicit CP932 literal wrappers and encoding include only
Camera/CameraTripodBoss.cpp	src/Game/Camera/CameraTripodBoss.cpp	decomp/src/Game/Camera/CameraTripodBoss.cpp	exact-source	yes	72852b35131afde8f1e17fc4d738b703be7c6dcb89e05cfb7b8f866b80e39477	72852b35131afde8f1e17fc4d738b703be7c6dcb89e05cfb7b8f866b80e39477	0	0	0	byte-for-byte match
Camera/CameraTripodBoss.hpp	src/Game/Camera/CameraTripodBoss.hpp	decomp/include/Game/Camera/CameraTripodBoss.hpp	compile-only	yes	fbd053676f29f3c648da12eb330a376827fcdc86185bd31c06e60fdb330ff0b7	4c531e127f336896049ed84dad259d51cca50075649052a44b85da9c9dbf184f	0	0	0	explicit CP932 literal wrappers and encoding include only
Camera/CameraTripodBossJoint.cpp	src/Game/Camera/CameraTripodBossJoint.cpp	decomp/src/Game/Camera/CameraTripodBossJoint.cpp	exact-source	yes	0cf0f4f21f0454618b808ef3cd5af0e3d1bfe771ff9c32c55901cf8f214a42c4	0cf0f4f21f0454618b808ef3cd5af0e3d1bfe771ff9c32c55901cf8f214a42c4	0	0	0	byte-for-byte match
Camera/CameraTripodBossJoint.hpp	src/Game/Camera/CameraTripodBossJoint.hpp	decomp/include/Game/Camera/CameraTripodBossJoint.hpp	compile-only	yes	d1365e22f191c3dbac1a5650115dd5c25a163aff844eb9bf0a14d0c5ed3175fe	a9c8a255285c3eabb36d2f60ce0db6bbf331f5609bd5dbaef65a46549220e035	0	0	0	explicit CP932 literal wrappers and encoding include only
Camera/CameraTripodPlanet.cpp	src/Game/Camera/CameraTripodPlanet.cpp	decomp/src/Game/Camera/CameraTripodPlanet.cpp	exact-source	yes	69bda23e458bcafd0d41575d9226f4d5971cdf81befd170694bd97e598f00a14	69bda23e458bcafd0d41575d9226f4d5971cdf81befd170694bd97e598f00a14	0	0	0	byte-for-byte match
Camera/CameraTripodPlanet.hpp	src/Game/Camera/CameraTripodPlanet.hpp	decomp/include/Game/Camera/CameraTripodPlanet.hpp	compile-only	yes	824c2f478bfc8e343d061c6cfeab5bb87d347d5ab3d2ee023d6de4c24772b41d	5f4ff8d10eb49a0c400e570c3484b5f957afeab9a30d53d748c140c2379ee109	0	0	0	explicit CP932 literal wrappers and encoding include only
Camera/CameraTrundle.cpp	src/Game/Camera/CameraTrundle.cpp	decomp/src/Game/Camera/CameraTrundle.cpp	exact-source	yes	9152a528b19780fe52ed8fa9fe3a51ae31a1d3338d125594d1ec9e3e431de100	9152a528b19780fe52ed8fa9fe3a51ae31a1d3338d125594d1ec9e3e431de100	0	0	0	byte-for-byte match
Camera/CameraTrundle.hpp	src/Game/Camera/CameraTrundle.hpp	decomp/include/Game/Camera/CameraTrundle.hpp	compile-only	yes	5defe4043dfc3850cfe9955b92484435963d23b8713ac4b93668ac9395f22b2a	112c7379240c6be5be605b208a5aa709d3c40759f74b38325b458000cb42a2bb	0	0	0	explicit CP932 literal wrappers and encoding include only
Camera/CameraTwistedPassage.cpp	src/Game/Camera/CameraTwistedPassage.cpp	decomp/src/Game/Camera/CameraTwistedPassage.cpp	exact-source	yes	707bf3b235902d917d4ca940f0791c4af10af0a6b674a208f28bd9392dc66298	707bf3b235902d917d4ca940f0791c4af10af0a6b674a208f28bd9392dc66298	0	0	0	byte-for-byte match
Camera/CameraTwistedPassage.hpp	src/Game/Camera/CameraTwistedPassage.hpp	decomp/include/Game/Camera/CameraTwistedPassage.hpp	compile-only	yes	48d28f7625e440ed2e061bd8c7eba27054c6a7522d9ae5495089d2c898b292fe	d8230e02efeec4221cf0c523087377d24d36048fa5545a76d448b170c3e8c4f3	0	0	0	explicit CP932 literal wrappers and encoding include only
Camera/CameraViewInterpolator.cpp	src/Game/Camera/CameraViewInterpolator.cpp	decomp/src/Game/Camera/CameraViewInterpolator.cpp	exact-source	yes	ad02e5500579508532fbf37bd668365497d17f21ad06d03df4492356f3993d25	ad02e5500579508532fbf37bd668365497d17f21ad06d03df4492356f3993d25	0	0	0	byte-for-byte match
Camera/CameraViewInterpolator.hpp	src/Game/Camera/CameraViewInterpolator.hpp	decomp/include/Game/Camera/CameraViewInterpolator.hpp	exact-source	yes	ab8d511bea09bfb5cc28c2cb3df1a08f241310d7471eb0dacf89a035ccad4b68	ab8d511bea09bfb5cc28c2cb3df1a08f241310d7471eb0dacf89a035ccad4b68	0	0	0	byte-for-byte match
Camera/CameraWaterFollow.cpp	src/Game/Camera/CameraWaterFollow.cpp	decomp/src/Game/Camera/CameraWaterFollow.cpp	exact-source	yes	b7136463d299938156612f553470c3e43da5ac3eeb5d92c8592ae77b31d3439c	b7136463d299938156612f553470c3e43da5ac3eeb5d92c8592ae77b31d3439c	0	0	0	byte-for-byte match
Camera/CameraWaterFollow.hpp	src/Game/Camera/CameraWaterFollow.hpp	decomp/include/Game/Camera/CameraWaterFollow.hpp	compile-only	yes	639d9de86aad1d05f5a69e3581d8167feb6c5a7972626968b38542339d11267d	d483d5a516241d29378267dcdbdaad7c83b815c2c915d343ba4542e1d27ceb2e	0	0	0	explicit CP932 literal wrappers and encoding include only
Camera/CameraWaterPlanet.cpp	src/Game/Camera/CameraWaterPlanet.cpp	decomp/src/Game/Camera/CameraWaterPlanet.cpp	exact-source	yes	4f953b55d49d09e1dfd383959275815e1207808e4b2a47039df22c514341abe7	4f953b55d49d09e1dfd383959275815e1207808e4b2a47039df22c514341abe7	0	0	0	byte-for-byte match
Camera/CameraWaterPlanet.hpp	src/Game/Camera/CameraWaterPlanet.hpp	decomp/include/Game/Camera/CameraWaterPlanet.hpp	compile-only	yes	eea06d0a342697650b5858f84bfbc7b398e44a10688ad7655e99a8c5878912eb	4561adb7b907ca168dfc0ec4e0273b60e877fe391565289fc42cfb3f7858a4fe	0	0	0	explicit CP932 literal wrappers and encoding include only
Camera/CameraWaterPlanetBoss.cpp	src/Game/Camera/CameraWaterPlanetBoss.cpp	decomp/src/Game/Camera/CameraWaterPlanetBoss.cpp	exact-source	yes	b8f57bbfb12ad26486916f96037ecf7c6bde94507cf5fd2c0053e7c64c93ed82	b8f57bbfb12ad26486916f96037ecf7c6bde94507cf5fd2c0053e7c64c93ed82	0	0	0	byte-for-byte match
Camera/CameraWaterPlanetBoss.hpp	src/Game/Camera/CameraWaterPlanetBoss.hpp	decomp/include/Game/Camera/CameraWaterPlanetBoss.hpp	compile-only	yes	312077a03df1e24f1176e73e4c7493c746f0a52c351f1e228002849faae30c73	338457992bdd85f57dc1f29169856d2ff7b3dd68caddc1e60685d90c2392fc24	0	0	0	explicit CP932 literal wrappers and encoding include only
Camera/CameraWonderPlanet.cpp	src/Game/Camera/CameraWonderPlanet.cpp	decomp/src/Game/Camera/CameraWonderPlanet.cpp	exact-source	yes	6b61ace8efa83cb515a123bb649f539e6de3ec665e8d6226a91a468de9da6d48	6b61ace8efa83cb515a123bb649f539e6de3ec665e8d6226a91a468de9da6d48	0	0	0	byte-for-byte match
Camera/CameraWonderPlanet.hpp	src/Game/Camera/CameraWonderPlanet.hpp	decomp/include/Game/Camera/CameraWonderPlanet.hpp	compile-only	yes	812ce2457c736c2349e4a8318357a37a50f70d2fb7b35cef347b73e75de2d6b6	8c179e0b8456580f567da3878bb057752549fb2a0ec7ba5bc1186dfbb9f7143b	0	0	0	explicit CP932 literal wrappers and encoding include only
Camera/DotCamParams.cpp	src/Game/Camera/DotCamParams.cpp	decomp/src/Game/Camera/DotCamParams.cpp	exact-source	yes	002bea268b8841385707b82f66482c13309e58d38f2dbe9eb7ddf64ef7159a22	002bea268b8841385707b82f66482c13309e58d38f2dbe9eb7ddf64ef7159a22	0	0	0	byte-for-byte match
Camera/DotCamParams.hpp	src/Game/Camera/DotCamParams.hpp	decomp/include/Game/Camera/DotCamParams.hpp	exact-source	yes	d0c5881a2fe18cb3eb4860a97ff6110d306538bb890b22ab536984798198dff5	d0c5881a2fe18cb3eb4860a97ff6110d306538bb890b22ab536984798198dff5	0	0	0	byte-for-byte match
Camera/GameCameraCreator.cpp	src/Game/Camera/GameCameraCreator.cpp	decomp/src/Game/Camera/GameCameraCreator.cpp	exact-source	yes	412f4af9f403ac3313aaf13815537133cb9a6085da4249fe1e46e23858ff6ce6	412f4af9f403ac3313aaf13815537133cb9a6085da4249fe1e46e23858ff6ce6	0	0	0	byte-for-byte match
Camera/GameCameraCreator.hpp	src/Game/Camera/GameCameraCreator.hpp	decomp/include/Game/Camera/GameCameraCreator.hpp	exact-source	yes	ff2e5168e1dd0eceb262a0ad4faa9e9fcf1cd6e765ed23f369e1d4c53517c00c	ff2e5168e1dd0eceb262a0ad4faa9e9fcf1cd6e765ed23f369e1d4c53517c00c	0	0	0	byte-for-byte match
Camera/OnlyCamera.cpp	src/Game/Camera/OnlyCamera.cpp	decomp/src/Game/Camera/OnlyCamera.cpp	exact-source	yes	247cc62f78562e1cf84724711906e6865360350d8abe1c88afb90497ff3be91d	247cc62f78562e1cf84724711906e6865360350d8abe1c88afb90497ff3be91d	0	0	0	byte-for-byte match
Camera/OnlyCamera.hpp	src/Game/Camera/OnlyCamera.hpp	decomp/include/Game/Camera/OnlyCamera.hpp	exact-source	yes	24529a35ec8f939360f545c2d9241e5ba7bd26dec86cda1c2dcdb220f4df53c8	24529a35ec8f939360f545c2d9241e5ba7bd26dec86cda1c2dcdb220f4df53c8	0	0	0	byte-for-byte match
Demo/AstroDemoFunction.cpp	src/Game/Demo/AstroDemoFunction.cpp	decomp/src/Game/Demo/AstroDemoFunction.cpp	compile-only	no	e191aac88358b11d99f8f52430418b25602a4f8deba1ac49f35f06e2c1a7d854	596ebe5c6b56f77c8bdaa5bce233ea4a2ecf98e7033632cc10c50ccb20aae700	0	0	0	explicit CP932 literal wrappers and encoding include only
Demo/AstroDemoFunction.hpp	src/Game/Demo/AstroDemoFunction.hpp	decomp/include/Game/Demo/AstroDemoFunction.hpp	exact-source	no	18cff24decbdaf821822db849fd0b132a4c7df9f81b886ba23101b41262b078d	18cff24decbdaf821822db849fd0b132a4c7df9f81b886ba23101b41262b078d	0	0	0	byte-for-byte match
Demo/DemoActionKeeper.cpp	src/Game/Demo/DemoActionKeeper.cpp	decomp/src/Game/Demo/DemoActionKeeper.cpp	exact-source	no	47d5d2e18859447bda959feddec7919a5d7d8b937069944b89fee3bd42c795a9	47d5d2e18859447bda959feddec7919a5d7d8b937069944b89fee3bd42c795a9	0	0	0	byte-for-byte match
Demo/DemoActionKeeper.hpp	src/Game/Demo/DemoActionKeeper.hpp	decomp/include/Game/Demo/DemoActionKeeper.hpp	exact-source	no	c17b52a54c00005ce0ebe935079300049fd90969bf7e67d0508a615b572e5326	c17b52a54c00005ce0ebe935079300049fd90969bf7e67d0508a615b572e5326	0	0	0	byte-for-byte match
Demo/DemoCameraFunction.cpp	src/Game/Demo/DemoCameraFunction.cpp	decomp/src/Game/Demo/DemoCameraFunction.cpp	exact-source	no	2fef5474dee7f9f85c1bd60c59cc498a9ae5fe715ab817615d672a97c24575b2	2fef5474dee7f9f85c1bd60c59cc498a9ae5fe715ab817615d672a97c24575b2	0	0	0	byte-for-byte match
Demo/DemoCameraFunction.hpp	src/Game/Demo/DemoCameraFunction.hpp	decomp/include/Game/Demo/DemoCameraFunction.hpp	exact-source	no	a415404af471d17937b5f0eeb032d39bc66f6fb1a2b6506bc50d0805980a65c4	a415404af471d17937b5f0eeb032d39bc66f6fb1a2b6506bc50d0805980a65c4	0	0	0	byte-for-byte match
Demo/DemoCameraKeeper.cpp	src/Game/Demo/DemoCameraKeeper.cpp	decomp/src/Game/Demo/DemoCameraKeeper.cpp	exact-source	no	f104b9a0aabe771ef71cdfb9f74b59a7ae8bf3a96b0decc715f8f53690211f70	f104b9a0aabe771ef71cdfb9f74b59a7ae8bf3a96b0decc715f8f53690211f70	0	0	0	byte-for-byte match
Demo/DemoCameraKeeper.hpp	src/Game/Demo/DemoCameraKeeper.hpp	decomp/include/Game/Demo/DemoCameraKeeper.hpp	exact-source	no	9ff7f2ba0f441d1daa3c70793f6838ea73a507d460a6a7613b010b53e81b2f76	9ff7f2ba0f441d1daa3c70793f6838ea73a507d460a6a7613b010b53e81b2f76	0	0	0	byte-for-byte match
Demo/DemoCastGroup.cpp	src/Game/Demo/DemoCastGroup.cpp	decomp/src/Game/Demo/DemoCastGroup.cpp	compile-only	no	781c094f158ec9c2897dc4c393bc7d77829d373bea21324d7f612ff5315ae470	28c44ebfa18b691b68456b975a0704204015a3a68c89fe3f563b0341b0523d7f	0	0	0	explicit CP932 literal wrappers and encoding include only
Demo/DemoCastGroup.hpp	src/Game/Demo/DemoCastGroup.hpp	decomp/include/Game/Demo/DemoCastGroup.hpp	exact-source	no	8fed6afc9a46e6353715a86282c80311c806b3f802b897ba5fefa612159ea1ae	8fed6afc9a46e6353715a86282c80311c806b3f802b897ba5fefa612159ea1ae	0	0	0	byte-for-byte match
Demo/DemoCastGroupHolder.cpp	src/Game/Demo/DemoCastGroupHolder.cpp	decomp/src/Game/Demo/DemoCastGroupHolder.cpp	compile-only	no	41e87724916b928b4465a61a3b0e71b93c47ad4417c731c6150a24ac6baf039c	74d9803d5ec0bc0a95a5f5d0b1fd50a6ce52a891864a0ceb60b59e4c7a198e17	0	0	0	explicit CP932 literal wrappers and encoding include only
Demo/DemoCastGroupHolder.hpp	src/Game/Demo/DemoCastGroupHolder.hpp	decomp/include/Game/Demo/DemoCastGroupHolder.hpp	exact-source	no	50672dd2ced9554c74d33540488552ae6086a06acc965bbb2db05ee10e85ca82	50672dd2ced9554c74d33540488552ae6086a06acc965bbb2db05ee10e85ca82	0	0	0	byte-for-byte match
Demo/DemoCastSubGroup.cpp	src/Game/Demo/DemoCastSubGroup.cpp	decomp/src/Game/Demo/DemoCastSubGroup.cpp	exact-source	no	ddceb37271cb5527b886e5afdd81e06e3140873224b9b24cdcbceadc0fe48414	ddceb37271cb5527b886e5afdd81e06e3140873224b9b24cdcbceadc0fe48414	0	0	0	byte-for-byte match
Demo/DemoCastSubGroup.hpp	src/Game/Demo/DemoCastSubGroup.hpp	decomp/include/Game/Demo/DemoCastSubGroup.hpp	exact-source	no	694085a5d4c1dda60a86dad3c5e89dbbb58f7cb431fa8a5ba9099c46046b12c2	694085a5d4c1dda60a86dad3c5e89dbbb58f7cb431fa8a5ba9099c46046b12c2	0	0	0	byte-for-byte match
Demo/DemoDirector.cpp	src/Game/Demo/DemoDirector.cpp	decomp/src/Game/Demo/DemoDirector.cpp	compat-temporary	no	b16cdbd66c2d28debffdac8185fe7f6623f2134a26fef22399766c87ee8da8de	19e3afcb1447bbc38048df02d3c9d5b1983a6ba189da9e20c53c6bee908dc7d5	0	0	0	source exists but pc-port behavior/shape differs
Demo/DemoDirector.hpp	src/Game/Demo/DemoDirector.hpp	decomp/include/Game/Demo/DemoDirector.hpp	exact-source	no	5679b063eb0498b932f33876342f6323bb0bf5e9929dda5e9cc16cc4bd2e96a0	5679b063eb0498b932f33876342f6323bb0bf5e9929dda5e9cc16cc4bd2e96a0	0	0	0	byte-for-byte match
Demo/DemoExecutor.cpp	src/Game/Demo/DemoExecutor.cpp	decomp/src/Game/Demo/DemoExecutor.cpp	exact-source	no	9b75407c5059c8ae5d189e113b80ee1c8e7f3ce920bf1be9352d938c67cbe6a1	9b75407c5059c8ae5d189e113b80ee1c8e7f3ce920bf1be9352d938c67cbe6a1	0	0	0	byte-for-byte match
Demo/DemoExecutor.hpp	src/Game/Demo/DemoExecutor.hpp	decomp/include/Game/Demo/DemoExecutor.hpp	exact-source	no	c1c1b33bc15e4dd85f612d4041b4b4db0365e1e8757c0a4e42741c09514628c2	c1c1b33bc15e4dd85f612d4041b4b4db0365e1e8757c0a4e42741c09514628c2	0	0	0	byte-for-byte match
Demo/DemoExecutorFunction.cpp	src/Game/Demo/DemoExecutorFunction.cpp	decomp/src/Game/Demo/DemoExecutorFunction.cpp	exact-source	no	35efa2cf09dac179609e5c70f6de968aaeaeeecabd0978bcd0fd6bcafc64c089	35efa2cf09dac179609e5c70f6de968aaeaeeecabd0978bcd0fd6bcafc64c089	0	0	0	byte-for-byte match
Demo/DemoExecutorFunction.hpp	src/Game/Demo/DemoExecutorFunction.hpp	decomp/include/Game/Demo/DemoExecutorFunction.hpp	exact-source	no	f3d4375a9833d3626aaaf9e1a602aa2f207e6b2c6e01649760f0aa955e206fd2	f3d4375a9833d3626aaaf9e1a602aa2f207e6b2c6e01649760f0aa955e206fd2	0	0	0	byte-for-byte match
Demo/DemoFunction.cpp	src/Game/Demo/DemoFunction.cpp	decomp/src/Game/Demo/DemoFunction.cpp	compat-temporary	no	3a342cd3191c28e13d39b6c70882ee4b769d129f6497bd8b97c097b2745a10c1	2bafc9b72482493fadaf55f9f17f737ed4b3ed29769c047cd199bec691bdf7fa	0	0	0	source exists but pc-port behavior/shape differs
Demo/DemoFunction.hpp	src/Game/Demo/DemoFunction.hpp	decomp/include/Game/Demo/DemoFunction.hpp	exact-source	no	7ac82a05b0454168d646da1c31493815f00aab638ea6badcb16d56e67d8300c7	7ac82a05b0454168d646da1c31493815f00aab638ea6badcb16d56e67d8300c7	0	0	0	byte-for-byte match
Demo/DemoPadRumbler.cpp	src/Game/Demo/DemoPadRumbler.cpp	decomp/src/Game/Demo/DemoPadRumbler.cpp	exact-source	no	4945f9966239b13bb90bcefec63011081f2560c4030000f1363884df1a0ef360	4945f9966239b13bb90bcefec63011081f2560c4030000f1363884df1a0ef360	0	0	0	byte-for-byte match
Demo/DemoPadRumbler.hpp	src/Game/Demo/DemoPadRumbler.hpp	decomp/include/Game/Demo/DemoPadRumbler.hpp	exact-source	no	c19a86f33139e7b39d6c5664b5ba703f7da2abda4307d269cca5dadd0a563036	c19a86f33139e7b39d6c5664b5ba703f7da2abda4307d269cca5dadd0a563036	0	0	0	byte-for-byte match
Demo/DemoPlayerKeeper.cpp	src/Game/Demo/DemoPlayerKeeper.cpp	decomp/src/Game/Demo/DemoPlayerKeeper.cpp	exact-source	no	fd0d952f34a7242872b2b42f3017d9ef2f4b2d0fc8d1aa53aeb0803d84226e1f	fd0d952f34a7242872b2b42f3017d9ef2f4b2d0fc8d1aa53aeb0803d84226e1f	0	0	0	byte-for-byte match
Demo/DemoPlayerKeeper.hpp	src/Game/Demo/DemoPlayerKeeper.hpp	decomp/include/Game/Demo/DemoPlayerKeeper.hpp	exact-source	no	a58700ccb680a7238c2a309da6054db8787949af32b1688c05dd1e515d4b1701	a58700ccb680a7238c2a309da6054db8787949af32b1688c05dd1e515d4b1701	0	0	0	byte-for-byte match
Demo/DemoPositionController.cpp	src/Game/Demo/DemoPositionController.cpp	decomp/src/Game/Demo/DemoPositionController.cpp	compile-only	no	a2a9b9ffbf943c25791cf16264d7aa43fbcc803a418402ea9d3329b69963512e	3efc1b911643e9216921dbe57d8ecfbf5410480823473cfdecbe1e3e5d510504	0	0	0	explicit CP932 literal wrappers and encoding include only
Demo/DemoPositionController.hpp	src/Game/Demo/DemoPositionController.hpp	decomp/include/Game/Demo/DemoPositionController.hpp	exact-source	no	6157ad56fd30fa17d905a30152cde8cf2698dfd5a7f695e2e2c4cbc3ab57cf7a	6157ad56fd30fa17d905a30152cde8cf2698dfd5a7f695e2e2c4cbc3ab57cf7a	0	0	0	byte-for-byte match
Demo/DemoSimpleCastHolder.cpp	src/Game/Demo/DemoSimpleCastHolder.cpp	decomp/src/Game/Demo/DemoSimpleCastHolder.cpp	exact-source	no	d68f07e05c05847838d82d037b754d1db01b665208b2a574948aff7ee5427bfb	d68f07e05c05847838d82d037b754d1db01b665208b2a574948aff7ee5427bfb	0	0	0	byte-for-byte match
Demo/DemoSimpleCastHolder.hpp	src/Game/Demo/DemoSimpleCastHolder.hpp	decomp/include/Game/Demo/DemoSimpleCastHolder.hpp	compat-temporary	no	d6a12c7da99c9076bff16d2acffd3d6e6d41defc71579fdd28aeb808dff024b8	2bffdd03e3cd50186745720a9ae9152491381801488169470c307648914339ed	0	0	0	source exists but pc-port behavior/shape differs
Demo/DemoSoundKeeper.cpp	src/Game/Demo/DemoSoundKeeper.cpp	decomp/src/Game/Demo/DemoSoundKeeper.cpp	exact-source	no	5651adc0104a9915f2c8bb350ae6ca3a196f43b14849c48f33b416781eab52aa	5651adc0104a9915f2c8bb350ae6ca3a196f43b14849c48f33b416781eab52aa	0	0	0	byte-for-byte match
Demo/DemoSoundKeeper.hpp	src/Game/Demo/DemoSoundKeeper.hpp	decomp/include/Game/Demo/DemoSoundKeeper.hpp	compile-only	no	f5635752f89583175433ebbff1de334f0a8f1955015af8f51efe661aa6e1ad0d	75b0653de9467272ef8e5e890d133937becc654c21ed872a66259f33de12eedf	0	0	0	explicit CP932 literal wrappers and encoding include only
Demo/DemoStartRequestHolder.cpp	src/Game/Demo/DemoStartRequestHolder.cpp	decomp/src/Game/Demo/DemoStartRequestHolder.cpp	compile-only	no	b839aa64a05c8616895afc350fbdbac374aab271104827ad53557972a438b271	15cf42245a694549319389b3b8f6d517039c39d595bddf278e986a2f1752cdaa	0	0	0	explicit CP932 literal wrappers and encoding include only
Demo/DemoStartRequestHolder.hpp	src/Game/Demo/DemoStartRequestHolder.hpp	decomp/include/Game/Demo/DemoStartRequestHolder.hpp	exact-source	no	86388f89e39fc705aa2c48af0fd76cab77900d7a05a1d81d8cc83a008d320f7f	86388f89e39fc705aa2c48af0fd76cab77900d7a05a1d81d8cc83a008d320f7f	0	0	0	byte-for-byte match
Demo/DemoStartRequestUtil.cpp	src/Game/Demo/DemoStartRequestUtil.cpp	decomp/src/Game/Demo/DemoStartRequestUtil.cpp	exact-source	no	186d7a6b4cd5fe0b2d5471958e1ee795a96547bc56db218495984203f731e269	186d7a6b4cd5fe0b2d5471958e1ee795a96547bc56db218495984203f731e269	0	0	0	byte-for-byte match
Demo/DemoStartRequestUtil.hpp	src/Game/Demo/DemoStartRequestUtil.hpp	decomp/include/Game/Demo/DemoStartRequestUtil.hpp	exact-source	no	902a8ee9114378f8e75e40fd6ca0187598821ffd7865840b5edd9e2297465d37	902a8ee9114378f8e75e40fd6ca0187598821ffd7865840b5edd9e2297465d37	0	0	0	byte-for-byte match
Demo/DemoSubPartKeeper.cpp	src/Game/Demo/DemoSubPartKeeper.cpp	decomp/src/Game/Demo/DemoSubPartKeeper.cpp	exact-source	no	a41fa821dc9c578aadcf0d44a530bb377fb492584b843a564bad5f7a629cb922	a41fa821dc9c578aadcf0d44a530bb377fb492584b843a564bad5f7a629cb922	0	0	0	byte-for-byte match
Demo/DemoSubPartKeeper.hpp	src/Game/Demo/DemoSubPartKeeper.hpp	decomp/include/Game/Demo/DemoSubPartKeeper.hpp	exact-source	no	f19218384cdb451f50747aa19a90b5ec4463fde7bfb64e18ae37230222b6137f	f19218384cdb451f50747aa19a90b5ec4463fde7bfb64e18ae37230222b6137f	0	0	0	byte-for-byte match
Demo/DemoTalkAnimCtrl.cpp	src/Game/Demo/DemoTalkAnimCtrl.cpp	decomp/src/Game/Demo/DemoTalkAnimCtrl.cpp	compile-only	no	486405d18eb23acc0e4ff491afbb4a1add8f22b361a5e7922c3affde3b146b9e	0f4c79eb6020e0ba5b63f9091b466d4572b34ae5a1b9c2fee49f5c7626ef25c6	0	0	0	explicit CP932 literal wrappers and encoding include only
Demo/DemoTalkAnimCtrl.hpp	src/Game/Demo/DemoTalkAnimCtrl.hpp	decomp/include/Game/Demo/DemoTalkAnimCtrl.hpp	exact-source	no	14b7b3426bdeee6cdb0a8935871101fe803596e881b54d426abf3991def8a573	14b7b3426bdeee6cdb0a8935871101fe803596e881b54d426abf3991def8a573	0	0	0	byte-for-byte match
Demo/DemoTimeKeeper.cpp	src/Game/Demo/DemoTimeKeeper.cpp	decomp/src/Game/Demo/DemoTimeKeeper.cpp	exact-source	no	2795bf48a6d47350cdd1e8f5c9156498385d1818bf31a72e73dffdcb7328967d	2795bf48a6d47350cdd1e8f5c9156498385d1818bf31a72e73dffdcb7328967d	0	0	0	byte-for-byte match
Demo/DemoTimeKeeper.hpp	src/Game/Demo/DemoTimeKeeper.hpp	decomp/include/Game/Demo/DemoTimeKeeper.hpp	exact-source	no	69e81da9ffd68bff876aa3d7f6d5d15b3ff0ae0cc39049982d3b1f767bbdcd44	69e81da9ffd68bff876aa3d7f6d5d15b3ff0ae0cc39049982d3b1f767bbdcd44	0	0	0	byte-for-byte match
Demo/DemoWipeKeeper.cpp	src/Game/Demo/DemoWipeKeeper.cpp	decomp/src/Game/Demo/DemoWipeKeeper.cpp	compile-only	no	692acac359a33f6b04bac41e6a4187a3e3b62c1150f2b842ad0495bea95a1f73	a6a25382add6fd85e19586fccbbe2c9073a60dcbbd947cee060e9099b02dfb56	0	0	0	explicit CP932 literal wrappers and encoding include only
Demo/DemoWipeKeeper.hpp	src/Game/Demo/DemoWipeKeeper.hpp	decomp/include/Game/Demo/DemoWipeKeeper.hpp	compile-only	no	9b19e9dd61b0b5cf0b64de90326163fed9c910ce3e97ff2d4ee3f711a926c3a9	4298b118b7b77708a75b74722b99a8fed4ded14677fdfb6e598bbdd641b8e8aa	0	0	0	explicit CP932 literal wrappers and encoding include only
Demo/PrologueDirector.cpp	src/Game/Demo/PrologueDirector.cpp	decomp/src/Game/Demo/PrologueDirector.cpp	compile-only	yes	20d5cf94345c4524e2085e71d178f0b090db62390abdd278e2c29451d445dc3b	49e002502ceddfe62fb291c40208ade1a4d3d1d4baba39c299c35ef4364b1d97	0	0	0	explicit CP932 literal wrappers and encoding include only
Demo/PrologueDirector.hpp	src/Game/Demo/PrologueDirector.hpp	decomp/include/Game/Demo/PrologueDirector.hpp	exact-source	yes	6cb043e46e441f66a6efdb6e81ba918ba20e86445b71fc527daf9dcf875c4c6c	6cb043e46e441f66a6efdb6e81ba918ba20e86445b71fc527daf9dcf875c4c6c	0	0	0	byte-for-byte match
Effect/AutoEffectGroup.cpp	src/Game/Effect/AutoEffectGroup.cpp	decomp/src/Game/Effect/AutoEffectGroup.cpp	exact-source	no	20641858c7a008a5b81700c1d537def6275ced5a773bf6c29d992168fbc640a9	20641858c7a008a5b81700c1d537def6275ced5a773bf6c29d992168fbc640a9	0	0	0	byte-for-byte match
Effect/AutoEffectGroup.hpp	src/Game/Effect/AutoEffectGroup.hpp	decomp/include/Game/Effect/AutoEffectGroup.hpp	exact-source	no	77873297c3bb9f49aa5bda4fca91287cde4091038f84b214de2d528a125f9748	77873297c3bb9f49aa5bda4fca91287cde4091038f84b214de2d528a125f9748	0	0	0	byte-for-byte match
Effect/AutoEffectGroupHolder.cpp	src/Game/Effect/AutoEffectGroupHolder.cpp	decomp/src/Game/Effect/AutoEffectGroupHolder.cpp	exact-source	no	b30eaa5d5c22af22c23537ae14673b0b6493db4f6c3ade189471e183308dbf41	b30eaa5d5c22af22c23537ae14673b0b6493db4f6c3ade189471e183308dbf41	0	0	0	byte-for-byte match
Effect/AutoEffectGroupHolder.hpp	src/Game/Effect/AutoEffectGroupHolder.hpp	decomp/include/Game/Effect/AutoEffectGroupHolder.hpp	exact-source	no	79b4cea7563571a2d679bdf2197f61356c13aebe3221977100e612213591281d	79b4cea7563571a2d679bdf2197f61356c13aebe3221977100e612213591281d	0	0	0	byte-for-byte match
Effect/AutoEffectInfo.cpp	src/Game/Effect/AutoEffectInfo.cpp	decomp/src/Game/Effect/AutoEffectInfo.cpp	exact-source	no	534ca3b92af4854ccf4862e53b94dc8f3418d8901e227e79425122a8f7f368d5	534ca3b92af4854ccf4862e53b94dc8f3418d8901e227e79425122a8f7f368d5	0	0	0	byte-for-byte match
Effect/AutoEffectInfo.hpp	src/Game/Effect/AutoEffectInfo.hpp	decomp/include/Game/Effect/AutoEffectInfo.hpp	exact-source	no	df004264eb9c98df4d26a87d4941ef2899dae2dd0815ec53b0e6b8a5c64a441e	df004264eb9c98df4d26a87d4941ef2899dae2dd0815ec53b0e6b8a5c64a441e	0	0	0	byte-for-byte match
Effect/EffectSystem.cpp	src/Game/Effect/EffectSystem.cpp	decomp/src/Game/Effect/EffectSystem.cpp	exact-source	no	8e0ad3b52ee8b3e0409993b26c753ddf2171cdc7453b3fdaa855bca70ae2eaf3	8e0ad3b52ee8b3e0409993b26c753ddf2171cdc7453b3fdaa855bca70ae2eaf3	0	0	0	byte-for-byte match
Effect/EffectSystem.hpp	src/Game/Effect/EffectSystem.hpp	decomp/include/Game/Effect/EffectSystem.hpp	exact-source	no	f863add4b4f9f4991c4536c90fd63334b9d1c64acac449dc0aacc6a9fe542b9c	f863add4b4f9f4991c4536c90fd63334b9d1c64acac449dc0aacc6a9fe542b9c	0	0	0	byte-for-byte match
Effect/EffectSystemUtil.cpp	src/Game/Effect/EffectSystemUtil.cpp	decomp/src/Game/Effect/EffectSystemUtil.cpp	exact-source	no	36b2dc5c8da588c80760ed78b9e37b62b86b79526bae0c4b8e5b6f3aabdd6bf9	36b2dc5c8da588c80760ed78b9e37b62b86b79526bae0c4b8e5b6f3aabdd6bf9	0	0	0	byte-for-byte match
Effect/EffectSystemUtil.hpp	src/Game/Effect/EffectSystemUtil.hpp	decomp/include/Game/Effect/EffectSystemUtil.hpp	exact-source	no	fa765cbc06459d165bbf77f17841c306741902f42bce88c2077d4426337061c2	fa765cbc06459d165bbf77f17841c306741902f42bce88c2077d4426337061c2	0	0	0	byte-for-byte match
Effect/MultiEmitter.cpp	src/Game/Effect/MultiEmitter.cpp	decomp/src/Game/Effect/MultiEmitter.cpp	exact-source	no	053cb9158d739b0c2096f83cf4422031568575d5cecee6ab9aa4d2cf8d054999	053cb9158d739b0c2096f83cf4422031568575d5cecee6ab9aa4d2cf8d054999	0	0	0	byte-for-byte match
Effect/MultiEmitter.hpp	src/Game/Effect/MultiEmitter.hpp	decomp/include/Game/Effect/MultiEmitter.hpp	exact-source	no	d7ab64f374696ca86b04999f147b7b260bad4245113dabbcf5642ff2f376671d	d7ab64f374696ca86b04999f147b7b260bad4245113dabbcf5642ff2f376671d	0	0	0	byte-for-byte match
Effect/MultiEmitterAccess.cpp	src/Game/Effect/MultiEmitterAccess.cpp	decomp/src/Game/Effect/MultiEmitterAccess.cpp	exact-source	no	414e2cc9faeb021f5467a588524e2f32d6adc2524ba2604b419dd2e3bde2f0d4	414e2cc9faeb021f5467a588524e2f32d6adc2524ba2604b419dd2e3bde2f0d4	0	0	0	byte-for-byte match
Effect/MultiEmitterCallBack.cpp	src/Game/Effect/MultiEmitterCallBack.cpp	decomp/src/Game/Effect/MultiEmitterCallBack.cpp	exact-source	no	23870a6a89871c6577ce505863d63df0a2af6d57a291389364dba0b122848127	23870a6a89871c6577ce505863d63df0a2af6d57a291389364dba0b122848127	0	0	0	byte-for-byte match
Effect/MultiEmitterCallBack.hpp	src/Game/Effect/MultiEmitterCallBack.hpp	decomp/include/Game/Effect/MultiEmitterCallBack.hpp	exact-source	no	4dfc7b325689b4f70ea288fc8b44b21080e734a70e67b991fdcbfef9acb4efeb	4dfc7b325689b4f70ea288fc8b44b21080e734a70e67b991fdcbfef9acb4efeb	0	0	0	byte-for-byte match
Effect/MultiEmitterParticleCallBack.cpp	src/Game/Effect/MultiEmitterParticleCallBack.cpp	decomp/src/Game/Effect/MultiEmitterParticleCallBack.cpp	exact-source	no	cbca8fb7eb7456ff1bf744c2ca36367a3b085dcf4c874e9f1d4044ea41b297b0	cbca8fb7eb7456ff1bf744c2ca36367a3b085dcf4c874e9f1d4044ea41b297b0	0	0	0	byte-for-byte match
Effect/MultiEmitterParticleCallBack.hpp	src/Game/Effect/MultiEmitterParticleCallBack.hpp	decomp/include/Game/Effect/MultiEmitterParticleCallBack.hpp	exact-source	no	3d2cea4e46ff71b00806a04accccbf394f6c5f732abb04830dde9cfac6196246	3d2cea4e46ff71b00806a04accccbf394f6c5f732abb04830dde9cfac6196246	0	0	0	byte-for-byte match
Effect/ParticleCalcExecutor.cpp	src/Game/Effect/ParticleCalcExecutor.cpp	decomp/src/Game/Effect/ParticleCalcExecutor.cpp	compile-only	no	f46f03928ac5f69069c2a877781a1736d337eebf478b0f8eb2df563fdb173aea	4764ec5073a4c401866a237a493d99d68878e2599607c5bfca4cdce9f077a486	0	0	0	explicit CP932 literal wrappers and encoding include only
Effect/ParticleCalcExecutor.hpp	src/Game/Effect/ParticleCalcExecutor.hpp	decomp/include/Game/Effect/ParticleCalcExecutor.hpp	exact-source	no	3c78e9c644b6530e634b912f2629b7978356a465cc347380d536c4511f8a5dcc	3c78e9c644b6530e634b912f2629b7978356a465cc347380d536c4511f8a5dcc	0	0	0	byte-for-byte match
Effect/ParticleDrawExecutor.cpp	src/Game/Effect/ParticleDrawExecutor.cpp	decomp/src/Game/Effect/ParticleDrawExecutor.cpp	compile-only	no	463ce57c90af43701af614bc44e2a884dd1bb37105c3cd6da6ed437f6a257997	ab930a200255aeed18918b44ddfa79a1c2ca39ca38b05ce897e31f6b51a59fc1	0	0	0	explicit CP932 literal wrappers and encoding include only
Effect/ParticleDrawExecutor.hpp	src/Game/Effect/ParticleDrawExecutor.hpp	decomp/include/Game/Effect/ParticleDrawExecutor.hpp	exact-source	no	65cb1dcf7bafc023d4a14b9b550bb48b292d3daad9618708c6b3ff96efdb118a	65cb1dcf7bafc023d4a14b9b550bb48b292d3daad9618708c6b3ff96efdb118a	0	0	0	byte-for-byte match
Effect/ParticleEmitter.cpp	src/Game/Effect/ParticleEmitter.cpp	decomp/src/Game/Effect/ParticleEmitter.cpp	exact-source	no	45920a2365e225e583fac7599551778d554284fba980a54de66eb43c4c1802a2	45920a2365e225e583fac7599551778d554284fba980a54de66eb43c4c1802a2	0	0	0	byte-for-byte match
Effect/ParticleEmitter.hpp	src/Game/Effect/ParticleEmitter.hpp	decomp/include/Game/Effect/ParticleEmitter.hpp	exact-source	no	2f6bab7cdf618eab1b698dc1c0c1ded08f113631177383bf578d24cf9905046b	2f6bab7cdf618eab1b698dc1c0c1ded08f113631177383bf578d24cf9905046b	0	0	0	byte-for-byte match
Effect/ParticleEmitterHolder.cpp	src/Game/Effect/ParticleEmitterHolder.cpp	decomp/src/Game/Effect/ParticleEmitterHolder.cpp	exact-source	no	0936947a99975fe94ae3677a92b45b26594ccf67a777ceac7e60d7adf07704aa	0936947a99975fe94ae3677a92b45b26594ccf67a777ceac7e60d7adf07704aa	0	0	0	byte-for-byte match
Effect/ParticleEmitterHolder.hpp	src/Game/Effect/ParticleEmitterHolder.hpp	decomp/include/Game/Effect/ParticleEmitterHolder.hpp	exact-source	no	68344025dab4fdcbc31c931905066a16e6271a8233c234499ed146b2d03d8c39	68344025dab4fdcbc31c931905066a16e6271a8233c234499ed146b2d03d8c39	0	0	0	byte-for-byte match
Effect/ParticleResourceHolder.cpp	src/Game/Effect/ParticleResourceHolder.cpp		decomp-needed	no	4856ef4533613057ecf909124adcc8033ef77c8bba0c59076ce87454f7399c82		0	0	0	no root implementation counterpart; declaration counterpart decomp/include/Game/Effect/ParticleResourceHolder.hpp
Effect/ParticleResourceHolder.hpp	src/Game/Effect/ParticleResourceHolder.hpp	decomp/include/Game/Effect/ParticleResourceHolder.hpp	compat-temporary	no	ba533a624489e16f9c1058ce3c661a03415c56b96f3a453f29210bd74a7cc1ed	9eed6d76390ae12572828083dc7525a14f82553d779911cfdc63089ae9fd6c6a	0	0	0	source exists but pc-port behavior/shape differs
Effect/SimpleEffectObj.cpp	src/Game/Effect/SimpleEffectObj.cpp	decomp/src/Game/Effect/SimpleEffectObj.cpp	compat-temporary	no	c4226a68c6f33c2ada34e64d8cf53487b610285e12dde6b37ac22acaa3509de3	59924dfafdab0cbe7682a6c9e555e352e8933088b977827089a6e8b922987ecd	0	0	0	source exists but pc-port behavior/shape differs
Effect/SimpleEffectObj.hpp	src/Game/Effect/SimpleEffectObj.hpp	decomp/include/Game/Effect/SimpleEffectObj.hpp	compat-temporary	no	98abba14f7ada3762e834d78ab5696f36463289c76217d9b2e5042f431760368	76443f2370c8bfab4770b3d25cfd2c7be242d226a6169a93b3a686cd0e6fd8ff	0	0	0	source exists but pc-port behavior/shape differs
Effect/SingleEmitter.cpp	src/Game/Effect/SingleEmitter.cpp	decomp/src/Game/Effect/SingleEmitter.cpp	exact-source	no	83f3c10281e6a93b3191854371688c385745fcc050bcbc9bd74391b33d5a9944	83f3c10281e6a93b3191854371688c385745fcc050bcbc9bd74391b33d5a9944	0	0	0	byte-for-byte match
Effect/SingleEmitter.hpp	src/Game/Effect/SingleEmitter.hpp	decomp/include/Game/Effect/SingleEmitter.hpp	exact-source	no	de92f724c9f5824a534086e17e8311580198764a6472c1069a252d274a4334d1	de92f724c9f5824a534086e17e8311580198764a6472c1069a252d274a4334d1	0	0	0	byte-for-byte match
Effect/SyncBckEffectChecker.cpp	src/Game/Effect/SyncBckEffectChecker.cpp	decomp/src/Game/Effect/SyncBckEffectChecker.cpp	exact-source	no	c550ffd191d991349c94751e21b3c9ff28b134551f8f11d3b8e7b5ba1b6f3563	c550ffd191d991349c94751e21b3c9ff28b134551f8f11d3b8e7b5ba1b6f3563	0	0	0	byte-for-byte match
Effect/SyncBckEffectChecker.hpp	src/Game/Effect/SyncBckEffectChecker.hpp	decomp/include/Game/Effect/SyncBckEffectChecker.hpp	exact-source	no	2e9610903767a814b6710a7fb0e4fdd7e6f5457cf7686da12a67be5ced06bc32	2e9610903767a814b6710a7fb0e4fdd7e6f5457cf7686da12a67be5ced06bc32	0	0	0	byte-for-byte match
Effect/SyncBckEffectInfo.cpp	src/Game/Effect/SyncBckEffectInfo.cpp	decomp/src/Game/Effect/SyncBckEffectInfo.cpp	exact-source	no	9a54ee00dce57c6769f67169da425fa75f83f4f4b8c9696afdf25c999814ef01	9a54ee00dce57c6769f67169da425fa75f83f4f4b8c9696afdf25c999814ef01	0	0	0	byte-for-byte match
Effect/SyncBckEffectInfo.hpp	src/Game/Effect/SyncBckEffectInfo.hpp	decomp/include/Game/Effect/SyncBckEffectInfo.hpp	exact-source	no	fe3a0f7402a836092d3d1c9cd714174f7e1589e9fe95806469875fda15e1ec88	fe3a0f7402a836092d3d1c9cd714174f7e1589e9fe95806469875fda15e1ec88	0	0	0	byte-for-byte match
Enemy/AnimScaleController.cpp	src/Game/Enemy/AnimScaleController.cpp	decomp/src/Game/Enemy/AnimScaleController.cpp	compile-only	no	c0da4564accc86e30dc07e2d7b2322524b77b52815a439c023cf93a12b09990d	825850d5192972b329cf49b782de59fb58800cb9eaf68c8f3973116c9ae19fa6	0	0	0	explicit CP932 literal wrappers and encoding include only
Enemy/AnimScaleController.hpp	src/Game/Enemy/AnimScaleController.hpp	decomp/include/Game/Enemy/AnimScaleController.hpp	exact-source	no	86d466931927d7dd21a960d755bf6c142e89fb6d759f6049077db02ccb104a8c	86d466931927d7dd21a960d755bf6c142e89fb6d759f6049077db02ccb104a8c	0	0	0	byte-for-byte match
Enemy/Karikari.cpp	src/Game/Enemy/Karikari.cpp	decomp/src/Game/Enemy/Karikari.cpp	compile-only	no	4769a4e81f21c195c52a25c6dd3368bfe309825cfa977035ed7d3668a058ee16	5d787af799fd50e6126fd4fdbf1ea101c377da2ee8816f695e4211a1dd35ca70	0	0	0	explicit CP932 literal wrappers and encoding include only
Enemy/Karikari.hpp	src/Game/Enemy/Karikari.hpp	decomp/include/Game/Enemy/Karikari.hpp	exact-source	no	a66826db37ddc353b43196726dd3f46bc58b394188fb9cf953c5338c73fbe63c	a66826db37ddc353b43196726dd3f46bc58b394188fb9cf953c5338c73fbe63c	0	0	0	byte-for-byte match
Enemy/KarikariDirector.cpp	src/Game/Enemy/KarikariDirector.cpp	decomp/src/Game/Enemy/KarikariDirector.cpp	exact-source	no	9da3b97e6f11d9d6cd9d8aa699e332948785dae39c98533c2c2371ee0655e971	9da3b97e6f11d9d6cd9d8aa699e332948785dae39c98533c2c2371ee0655e971	0	0	0	byte-for-byte match
Enemy/KarikariDirector.hpp	src/Game/Enemy/KarikariDirector.hpp	decomp/include/Game/Enemy/KarikariDirector.hpp	exact-source	no	54c18785d1dfb51ae659425f41079fff51ffc82cea5c267c77264d5fab02bdec	54c18785d1dfb51ae659425f41079fff51ffc82cea5c267c77264d5fab02bdec	0	0	0	byte-for-byte match
Enemy/WalkerStateBlowDamage.cpp	src/Game/Enemy/WalkerStateBlowDamage.cpp	decomp/src/Game/Enemy/WalkerStateBlowDamage.cpp	compile-only	no	049bd23458f79b51021c57877dc6578920b7360b85d6e14976b978737a7f62e8	4db6b65c64b4f1e3aa254f23396b0e65f8127b1cb7c059b40653e4509814ab99	0	0	0	explicit CP932 literal wrappers and encoding include only
Enemy/WalkerStateBlowDamage.hpp	src/Game/Enemy/WalkerStateBlowDamage.hpp	decomp/include/Game/Enemy/WalkerStateBlowDamage.hpp	exact-source	no	d8b7f6f3dc200e737bc5c74a70681e865ff004c921d504434180dd992a2880bb	d8b7f6f3dc200e737bc5c74a70681e865ff004c921d504434180dd992a2880bb	0	0	0	byte-for-byte match
Enemy/WalkerStateRunaway.cpp	src/Game/Enemy/WalkerStateRunaway.cpp	decomp/src/Game/Enemy/WalkerStateRunaway.cpp	compile-only	no	de2907688d60023c8333e8a576b397224afa3070e659e4fd85e1fddd2c080664	b70dd985cf2e5c9b637b6f5c5dded77380606711dac1680b10590383aff936a7	0	0	0	explicit CP932 literal wrappers and encoding include only
Enemy/WalkerStateRunaway.hpp	src/Game/Enemy/WalkerStateRunaway.hpp	decomp/include/Game/Enemy/WalkerStateRunaway.hpp	exact-source	no	541e892c513ad2e6370beee118dbceb9fd05ac1e3aebfbeded3a97eb48ff7e91	541e892c513ad2e6370beee118dbceb9fd05ac1e3aebfbeded3a97eb48ff7e91	0	0	0	byte-for-byte match
GameAudio/AudBgmConductor.cpp	src/Game/GameAudio/AudBgmConductor.cpp	decomp/src/Game/GameAudio/AudBgmConductor.cpp	exact-source	no	a85aa0045f9d0e2e1204039695c0c9c30904ded8dcee754e28129bc82aefea12	a85aa0045f9d0e2e1204039695c0c9c30904ded8dcee754e28129bc82aefea12	0	0	0	byte-for-byte match
GameAudio/AudBgmConductor.hpp	src/Game/GameAudio/AudBgmConductor.hpp	decomp/include/Game/GameAudio/AudBgmConductor.hpp	exact-source	no	79d60afb8da40e2075c3b764394e36d692ef3db58aedfc73d783ad7c526166be	79d60afb8da40e2075c3b764394e36d692ef3db58aedfc73d783ad7c526166be	0	0	0	byte-for-byte match
GameAudio/AudEffectDirector.hpp	src/Game/GameAudio/AudEffectDirector.hpp	decomp/include/Game/GameAudio/AudEffectDirector.hpp	exact-source	no	0d9ecb726ef8c54742e0d643248b95eb6849e40c075297f8c473ffc5fa44ab19	0d9ecb726ef8c54742e0d643248b95eb6849e40c075297f8c473ffc5fa44ab19	0	0	0	byte-for-byte match
GameAudio/AudSeKeeper.hpp	src/Game/GameAudio/AudSeKeeper.hpp	decomp/include/Game/GameAudio/AudSeKeeper.hpp	exact-source	no	1b5091881f989395c88dfcc976429f69bb0f479cfc2c4cca16516f21766e240f	1b5091881f989395c88dfcc976429f69bb0f479cfc2c4cca16516f21766e240f	0	0	0	byte-for-byte match
GameAudio/AudStageBgmTable.cpp	src/Game/GameAudio/AudStageBgmTable.cpp	decomp/src/Game/GameAudio/AudStageBgmTable.cpp	exact-source	no	af7de6146b2f3a4b9b4776026498cf18160ca2dad761f5a7c5a8b15f7553a39f	af7de6146b2f3a4b9b4776026498cf18160ca2dad761f5a7c5a8b15f7553a39f	0	0	0	byte-for-byte match
GameAudio/AudStageBgmTable.hpp	src/Game/GameAudio/AudStageBgmTable.hpp	decomp/include/Game/GameAudio/AudStageBgmTable.hpp	exact-source	no	8f16ab33cf6e2b5fadb7afad28cd9d1e8e10dfb1098e55c854866568ab2689a8	8f16ab33cf6e2b5fadb7afad28cd9d1e8e10dfb1098e55c854866568ab2689a8	0	0	0	byte-for-byte match
GameAudio/AudStageBgmWrap.cpp	src/Game/GameAudio/AudStageBgmWrap.cpp	decomp/src/Game/GameAudio/AudStageBgmWrap.cpp	exact-source	no	e0b5d8bd78dc1a6e1d4637f83a38addfef7318572e4e63665319b658c77afd4d	e0b5d8bd78dc1a6e1d4637f83a38addfef7318572e4e63665319b658c77afd4d	0	0	0	byte-for-byte match
GameAudio/AudStageBgmWrap.hpp	src/Game/GameAudio/AudStageBgmWrap.hpp	decomp/include/Game/GameAudio/AudStageBgmWrap.hpp	exact-source	no	232f40ead6635a745efe1fb6b81bc142ea625a11679fa1d69caae2720162c90a	232f40ead6635a745efe1fb6b81bc142ea625a11679fa1d69caae2720162c90a	0	0	0	byte-for-byte match
GameAudio/AudTalkSoundData.cpp	src/Game/GameAudio/AudTalkSoundData.cpp	decomp/src/Game/GameAudio/AudTalkSoundData.cpp	exact-source	no	505771e7064bd41c4b9a7c8fbd018764e75009cc8c307da201d0749790671cd8	505771e7064bd41c4b9a7c8fbd018764e75009cc8c307da201d0749790671cd8	0	0	0	byte-for-byte match
GameAudio/AudTalkSoundData.hpp	src/Game/GameAudio/AudTalkSoundData.hpp	decomp/include/Game/GameAudio/AudTalkSoundData.hpp	exact-source	no	95dc3329139e7321c82cbb1c4d8e5b2fec21a8156f0eadbe3978c9c424f85738	95dc3329139e7321c82cbb1c4d8e5b2fec21a8156f0eadbe3978c9c424f85738	0	0	0	byte-for-byte match
Gravity.hpp	src/Game/Gravity.hpp	decomp/include/Game/Gravity.hpp	exact-source	no	d284046f450f51e3b448ea759a3799b55bd8b33bff29438f17fb60859c9fcd2f	d284046f450f51e3b448ea759a3799b55bd8b33bff29438f17fb60859c9fcd2f	0	0	0	byte-for-byte match
Gravity/ConeGravity.cpp	src/Game/Gravity/ConeGravity.cpp	decomp/src/Game/Gravity/ConeGravity.cpp	exact-source	no	27942bd5022fc270ee6c5805847e6f7c746a30b6bfc33f72f2165be6e5cb5c89	27942bd5022fc270ee6c5805847e6f7c746a30b6bfc33f72f2165be6e5cb5c89	0	0	0	byte-for-byte match
Gravity/ConeGravity.hpp	src/Game/Gravity/ConeGravity.hpp	decomp/include/Game/Gravity/ConeGravity.hpp	exact-source	no	c75c2952006db73d327e3243aee7a76ef8a528731450b2135adbdd577c79b052	c75c2952006db73d327e3243aee7a76ef8a528731450b2135adbdd577c79b052	0	0	0	byte-for-byte match
Gravity/CubeGravity.cpp	src/Game/Gravity/CubeGravity.cpp	decomp/src/Game/Gravity/CubeGravity.cpp	exact-source	no	3cc1a00bd8b896d69548d6aacf7b783bc1fe0473cda43233b5e2293ad5305164	3cc1a00bd8b896d69548d6aacf7b783bc1fe0473cda43233b5e2293ad5305164	0	0	0	byte-for-byte match
Gravity/CubeGravity.hpp	src/Game/Gravity/CubeGravity.hpp	decomp/include/Game/Gravity/CubeGravity.hpp	exact-source	no	22ca0fcbcd9f2c55705a2ca19f3a2b6a9ee732240ea912c5f98014c31e86e032	22ca0fcbcd9f2c55705a2ca19f3a2b6a9ee732240ea912c5f98014c31e86e032	0	0	0	byte-for-byte match
Gravity/DiskGravity.cpp	src/Game/Gravity/DiskGravity.cpp	decomp/src/Game/Gravity/DiskGravity.cpp	exact-source	no	20a2e295d97c383a76b57f124243a3e8391579fdabe7be256fdf8d4f9ecd0bba	20a2e295d97c383a76b57f124243a3e8391579fdabe7be256fdf8d4f9ecd0bba	0	0	0	byte-for-byte match
Gravity/DiskGravity.hpp	src/Game/Gravity/DiskGravity.hpp	decomp/include/Game/Gravity/DiskGravity.hpp	exact-source	no	8f07d726b6bd50e8fc97aaccfc294aafc4ada36ef5aa1209a516f8c69328fc5b	8f07d726b6bd50e8fc97aaccfc294aafc4ada36ef5aa1209a516f8c69328fc5b	0	0	0	byte-for-byte match
Gravity/DiskTorusGravity.cpp	src/Game/Gravity/DiskTorusGravity.cpp	decomp/src/Game/Gravity/DiskTorusGravity.cpp	exact-source	no	bf90c85574f8044ea3e0820e752788ad4809fe2033b773177dc5f15a5667c3f7	bf90c85574f8044ea3e0820e752788ad4809fe2033b773177dc5f15a5667c3f7	0	0	0	byte-for-byte match
Gravity/DiskTorusGravity.hpp	src/Game/Gravity/DiskTorusGravity.hpp	decomp/include/Game/Gravity/DiskTorusGravity.hpp	exact-source	no	4671ac28b664676d6ccd74d5cbc0ec9123db0bd8eb6d8c0fb6f6f973a88abd73	4671ac28b664676d6ccd74d5cbc0ec9123db0bd8eb6d8c0fb6f6f973a88abd73	0	0	0	byte-for-byte match
Gravity/GlobalGravityObj.cpp	src/Game/Gravity/GlobalGravityObj.cpp	decomp/src/Game/Gravity/GlobalGravityObj.cpp	exact-source	no	39db50205e63788b230efc85400f95362b690f354febfd477ecb8c51e5101336	39db50205e63788b230efc85400f95362b690f354febfd477ecb8c51e5101336	0	0	0	byte-for-byte match
Gravity/GlobalGravityObj.hpp	src/Game/Gravity/GlobalGravityObj.hpp	decomp/include/Game/Gravity/GlobalGravityObj.hpp	exact-source	no	2ffa020a486512f4038ba62dc3951bc331acdfb705d8bfab5b6da14cf9f2800f	2ffa020a486512f4038ba62dc3951bc331acdfb705d8bfab5b6da14cf9f2800f	0	0	0	byte-for-byte match
Gravity/GraviryFollower.cpp	src/Game/Gravity/GraviryFollower.cpp	decomp/src/Game/Gravity/GraviryFollower.cpp	exact-source	no	a8f794a871d64306845dca8d7645637e3c8b419f2681c94a2057ba2b9df68a86	a8f794a871d64306845dca8d7645637e3c8b419f2681c94a2057ba2b9df68a86	0	0	0	byte-for-byte match
Gravity/GraviryFollower.hpp	src/Game/Gravity/GraviryFollower.hpp	decomp/include/Game/Gravity/GraviryFollower.hpp	exact-source	no	a101d5c69005199f41db6271d55c2485d5f7e187250dc407c48fd0c2f0f2248b	a101d5c69005199f41db6271d55c2485d5f7e187250dc407c48fd0c2f0f2248b	0	0	0	byte-for-byte match
Gravity/GravityCreator.cpp	src/Game/Gravity/GravityCreator.cpp	decomp/src/Game/Gravity/GravityCreator.cpp	exact-source	no	1b4aecdfb5a286c97b55c7cb606aecb1ff9a7aa31ea2795ff5c3da3222902718	1b4aecdfb5a286c97b55c7cb606aecb1ff9a7aa31ea2795ff5c3da3222902718	0	0	0	byte-for-byte match
Gravity/GravityCreator.hpp	src/Game/Gravity/GravityCreator.hpp	decomp/include/Game/Gravity/GravityCreator.hpp	exact-source	no	86b79014dcc6b280ccdaa02075557c1ca46cd90ed55395d989022b9e15ce2bb9	86b79014dcc6b280ccdaa02075557c1ca46cd90ed55395d989022b9e15ce2bb9	0	0	0	byte-for-byte match
Gravity/GravityInfo.cpp	src/Game/Gravity/GravityInfo.cpp	decomp/src/Game/Gravity/GravityInfo.cpp	exact-source	no	64ce49af4d9cffc3812bf2a1763cb3cdc2da1f2e02d2629491068aa64a058211	64ce49af4d9cffc3812bf2a1763cb3cdc2da1f2e02d2629491068aa64a058211	0	0	0	byte-for-byte match
Gravity/GravityInfo.hpp	src/Game/Gravity/GravityInfo.hpp	decomp/include/Game/Gravity/GravityInfo.hpp	exact-source	no	6b29aee98fa90896874200043a1528dc6ba1b56d1b602c81326001fd6369e635	6b29aee98fa90896874200043a1528dc6ba1b56d1b602c81326001fd6369e635	0	0	0	byte-for-byte match
Gravity/ParallelGravity.cpp	src/Game/Gravity/ParallelGravity.cpp	decomp/src/Game/Gravity/ParallelGravity.cpp	exact-source	no	452f545e19753e3579b304b24c13a930b66ce3a38899a2cacb5446f0050cf209	452f545e19753e3579b304b24c13a930b66ce3a38899a2cacb5446f0050cf209	0	0	0	byte-for-byte match
Gravity/ParallelGravity.hpp	src/Game/Gravity/ParallelGravity.hpp	decomp/include/Game/Gravity/ParallelGravity.hpp	exact-source	no	db69df0a045240fcdbda1030151d1cf6e501d16bf05dc2521f973bc8914bc5bc	db69df0a045240fcdbda1030151d1cf6e501d16bf05dc2521f973bc8914bc5bc	0	0	0	byte-for-byte match
Gravity/PlanetGravity.cpp	src/Game/Gravity/PlanetGravity.cpp	decomp/src/Game/Gravity/PlanetGravity.cpp	exact-source	no	3e4e96585bd58207d259cebeb7856f3ab750419be18abe32623b0748afb10c6e	3e4e96585bd58207d259cebeb7856f3ab750419be18abe32623b0748afb10c6e	0	0	0	byte-for-byte match
Gravity/PlanetGravity.hpp	src/Game/Gravity/PlanetGravity.hpp	decomp/include/Game/Gravity/PlanetGravity.hpp	exact-source	no	d3faba894987238db36ebd38ca8e89c8a468ea596ff58e253348097f5af1752f	d3faba894987238db36ebd38ca8e89c8a468ea596ff58e253348097f5af1752f	0	0	0	byte-for-byte match
Gravity/PlanetGravityManager.cpp	src/Game/Gravity/PlanetGravityManager.cpp	decomp/src/Game/Gravity/PlanetGravityManager.cpp	exact-source	no	9cfb3913d2e3951edf5c870ea45dda83f0b0b325207c524d68e2ed9f9a1aaccd	9cfb3913d2e3951edf5c870ea45dda83f0b0b325207c524d68e2ed9f9a1aaccd	0	0	0	byte-for-byte match
Gravity/PlanetGravityManager.hpp	src/Game/Gravity/PlanetGravityManager.hpp	decomp/include/Game/Gravity/PlanetGravityManager.hpp	exact-source	no	b7ce50c1f53263579802374135007900656a781162452d304a588d6b1c61c1e8	b7ce50c1f53263579802374135007900656a781162452d304a588d6b1c61c1e8	0	0	0	byte-for-byte match
Gravity/PointGravity.cpp	src/Game/Gravity/PointGravity.cpp	decomp/src/Game/Gravity/PointGravity.cpp	exact-source	no	00c06b6b6e7508140c210df894c63a9cb8cab147e0d62cf833439f98353544b4	00c06b6b6e7508140c210df894c63a9cb8cab147e0d62cf833439f98353544b4	0	0	0	byte-for-byte match
Gravity/PointGravity.hpp	src/Game/Gravity/PointGravity.hpp	decomp/include/Game/Gravity/PointGravity.hpp	exact-source	no	e6c7a1817f88500bbf06a26708b0272a82331c08ec380a654ca9a4aaa0a14ff1	e6c7a1817f88500bbf06a26708b0272a82331c08ec380a654ca9a4aaa0a14ff1	0	0	0	byte-for-byte match
Gravity/SegmentGravity.cpp	src/Game/Gravity/SegmentGravity.cpp	decomp/src/Game/Gravity/SegmentGravity.cpp	exact-source	no	c37e65c59941722da463b93af644fddb49d6dee3d50bd910cea2957ed2feea3e	c37e65c59941722da463b93af644fddb49d6dee3d50bd910cea2957ed2feea3e	0	0	0	byte-for-byte match
Gravity/SegmentGravity.hpp	src/Game/Gravity/SegmentGravity.hpp	decomp/include/Game/Gravity/SegmentGravity.hpp	exact-source	no	58f22ab6690dbbf927b5c16712b9ed871503dc2699b70b5086cd79b66c932000	58f22ab6690dbbf927b5c16712b9ed871503dc2699b70b5086cd79b66c932000	0	0	0	byte-for-byte match
Gravity/WireGravity.cpp	src/Game/Gravity/WireGravity.cpp	decomp/src/Game/Gravity/WireGravity.cpp	exact-source	no	1fa212313edd0a72ea9eedb467de8f2777169764966125cc1585fb136acea114	1fa212313edd0a72ea9eedb467de8f2777169764966125cc1585fb136acea114	0	0	0	byte-for-byte match
Gravity/WireGravity.hpp	src/Game/Gravity/WireGravity.hpp	decomp/include/Game/Gravity/WireGravity.hpp	exact-source	no	a3bac886d691b6169aba1870ab91c3a3e3252c6a21466c99feef587ed8e90f82	a3bac886d691b6169aba1870ab91c3a3e3252c6a21466c99feef587ed8e90f82	0	0	0	byte-for-byte match
LiveActor/ActorAnimKeeper.cpp	src/Game/LiveActor/ActorAnimKeeper.cpp	decomp/src/Game/LiveActor/ActorAnimKeeper.cpp	compile-only	yes	77f1d87832589b5c4f1702c51af9ab151d39bd67a39ac43b9928ffed8de650fc	46e13b9a7171dd3c70a053f571ab5a71ccebfa9c0ce096ff2b95224d4eb5f32e	0	0	0	explicit CP932 literal wrappers and encoding include only
LiveActor/ActorAnimKeeper.hpp	src/Game/LiveActor/ActorAnimKeeper.hpp	decomp/include/Game/LiveActor/ActorAnimKeeper.hpp	exact-source	yes	928547d988f695f1b58971a34d563a1627b5a784497fafe864de5fb9bbeff3d0	928547d988f695f1b58971a34d563a1627b5a784497fafe864de5fb9bbeff3d0	0	0	0	byte-for-byte match
LiveActor/ActorCameraInfo.cpp	src/Game/LiveActor/ActorCameraInfo.cpp	decomp/src/Game/LiveActor/ActorCameraInfo.cpp	compat-temporary	yes	ca75f0482209fbc7c9cb1d17d9585f14669adc83e1201c04497a62c081e1bac6	42af48b4ca8c247f83535a7145d5c1081d9de98d8d2294136eb6dd17255fee3b	0	0	0	source exists but pc-port behavior/shape differs
LiveActor/ActorCameraInfo.hpp	src/Game/LiveActor/ActorCameraInfo.hpp	decomp/include/Game/LiveActor/ActorCameraInfo.hpp	exact-source	yes	b584856af03dda3a4bc3e59f80d051fa72e172452ff3e50425867befae5e0920	b584856af03dda3a4bc3e59f80d051fa72e172452ff3e50425867befae5e0920	0	0	0	byte-for-byte match
LiveActor/ActorLightCtrl.cpp	src/Game/LiveActor/ActorLightCtrl.cpp	decomp/src/Game/LiveActor/ActorLightCtrl.cpp	compat-temporary	yes	4dd4d037fe9032fad28fe51281372e7ed44594c8f0f6519017330817b115e0aa	95f499293219fc5116fa559a545407cfa825f6297790f02781c24dc723aa38fb	0	0	0	source exists but pc-port behavior/shape differs
LiveActor/ActorLightCtrl.hpp	src/Game/LiveActor/ActorLightCtrl.hpp	decomp/include/Game/LiveActor/ActorLightCtrl.hpp	compat-temporary	yes	d200267a8f978f3c250bddf41b288f69dee883813ff8caa6bb7342ac5bd6b3d5	e1b59bf25566a6da9f9c9cdf67f8eba47ef206eca73f905f46a99c0757863f85	0	0	0	source exists but pc-port behavior/shape differs
LiveActor/ActorPadAndCameraCtrl.cpp	src/Game/LiveActor/ActorPadAndCameraCtrl.cpp		decomp-needed	yes	c7f4bb58c118edc3cf2b2b213a1ffd8dfea0a9b06ea3a841f535d2e484cfad00		0	0	0	no root implementation counterpart; declaration counterpart decomp/include/Game/LiveActor/ActorPadAndCameraCtrl.hpp
LiveActor/ActorPadAndCameraCtrl.hpp	src/Game/LiveActor/ActorPadAndCameraCtrl.hpp	decomp/include/Game/LiveActor/ActorPadAndCameraCtrl.hpp	compat-temporary	yes	80018815db7b72e2b2c5bbbc019b8401f298251e6b492fb1c750e883c21db7c5	f09321502bde83719b2bf400941374aff740a49b222ec1c2e812abb876478fb6	0	0	0	source exists but pc-port behavior/shape differs
LiveActor/ActorStateBase.cpp	src/Game/LiveActor/ActorStateBase.cpp	decomp/src/Game/LiveActor/ActorStateBase.cpp	exact-source	yes	84d63e563c4053d4315d907d3e8fcc5f20abab13d5cda57d02217e9176d304bc	84d63e563c4053d4315d907d3e8fcc5f20abab13d5cda57d02217e9176d304bc	0	0	0	byte-for-byte match
LiveActor/ActorStateBase.hpp	src/Game/LiveActor/ActorStateBase.hpp	decomp/include/Game/LiveActor/ActorStateBase.hpp	exact-source	yes	ad0e5afc5278c12f763ca82b0e46baa4da719bb7c5c33f927b06a4797b1fc1fb	ad0e5afc5278c12f763ca82b0e46baa4da719bb7c5c33f927b06a4797b1fc1fb	0	0	0	byte-for-byte match
LiveActor/ActorStateKeeper.cpp	src/Game/LiveActor/ActorStateKeeper.cpp	decomp/src/Game/LiveActor/ActorStateKeeper.cpp	exact-source	yes	c1d1ce4ccb60961cbe41fa2d8cf87de9c5b42c70e69acceca5084adac75c5415	c1d1ce4ccb60961cbe41fa2d8cf87de9c5b42c70e69acceca5084adac75c5415	0	0	0	byte-for-byte match
LiveActor/ActorStateKeeper.hpp	src/Game/LiveActor/ActorStateKeeper.hpp	decomp/include/Game/LiveActor/ActorStateKeeper.hpp	exact-source	yes	e2e1ba7e169e5c84b40568ed7e0c8dd7710278b059c76387d70d0d244f150cf8	e2e1ba7e169e5c84b40568ed7e0c8dd7710278b059c76387d70d0d244f150cf8	0	0	0	byte-for-byte match
LiveActor/AllLiveActorGroup.cpp	src/Game/LiveActor/AllLiveActorGroup.cpp	decomp/src/Game/LiveActor/AllLiveActorGroup.cpp	exact-source	yes	065e40859acea03774767c198e30cbb8a22b97c599aa2565aa21a455c1b57c67	065e40859acea03774767c198e30cbb8a22b97c599aa2565aa21a455c1b57c67	0	0	0	byte-for-byte match
LiveActor/AllLiveActorGroup.hpp	src/Game/LiveActor/AllLiveActorGroup.hpp	decomp/include/Game/LiveActor/AllLiveActorGroup.hpp	exact-source	yes	0d03ba31fd4a8fb1e33cb75d75989f67b34a08d0d1a3b5a411823ddb474ed563	0d03ba31fd4a8fb1e33cb75d75989f67b34a08d0d1a3b5a411823ddb474ed563	0	0	0	byte-for-byte match
LiveActor/Binder.cpp	src/Game/LiveActor/Binder.cpp	decomp/src/Game/LiveActor/Binder.cpp	compat-temporary	yes	7bd6ede6772644e0bedefbb16cba5833b92472e4a38c10aa5751da50b3355b51	d84aec9353cf0af4659947e9d5eddcc8b304bbbabd6632449ac17ce465766d8f	0	0	0	source exists but pc-port behavior/shape differs
LiveActor/Binder.hpp	src/Game/LiveActor/Binder.hpp	decomp/include/Game/LiveActor/Binder.hpp	compat-temporary	yes	ebd41911a55ce6ee11d74de01ac48baf8c0da7315c0ec7f4daa3db5e70393380	6acb169247d5dc3fc6c193c18f05747f75e21d435f1efc5cbed12c8a2434d04d	0	0	0	source exists but pc-port behavior/shape differs
LiveActor/ClippingActorHolder.cpp	src/Game/LiveActor/ClippingActorHolder.cpp	decomp/src/Game/LiveActor/ClippingActorHolder.cpp	compile-only	yes	e5a6274b079d899bf080345f1cb3592bcda2bcfa4a90c207103a1fc705ac5bea	a6f953ec313a9060c6f8f87d4ac476e7c38eccb4b0588076be481448c908e389	0	0	0	explicit CP932 literal wrappers and encoding include only
LiveActor/ClippingActorHolder.hpp	src/Game/LiveActor/ClippingActorHolder.hpp	decomp/include/Game/LiveActor/ClippingActorHolder.hpp	exact-source	yes	10cfb83cd4c075c0a269974ced3d78a57e00568c8ce259560790817d88a018b1	10cfb83cd4c075c0a269974ced3d78a57e00568c8ce259560790817d88a018b1	0	0	0	byte-for-byte match
LiveActor/ClippingActorInfo.cpp	src/Game/LiveActor/ClippingActorInfo.cpp	decomp/src/Game/LiveActor/ClippingActorInfo.cpp	exact-source	yes	254ffffa0dfbf3298c55082d3d06d39d6dc94de74886e64c024de4d6f4756816	254ffffa0dfbf3298c55082d3d06d39d6dc94de74886e64c024de4d6f4756816	0	0	0	byte-for-byte match
LiveActor/ClippingActorInfo.hpp	src/Game/LiveActor/ClippingActorInfo.hpp	decomp/include/Game/LiveActor/ClippingActorInfo.hpp	exact-source	yes	12643786c6e44234700004109a7d56a67a3025ca0364bc945be7f4025bf3b451	12643786c6e44234700004109a7d56a67a3025ca0364bc945be7f4025bf3b451	0	0	0	byte-for-byte match
LiveActor/ClippingDirector.cpp	src/Game/LiveActor/ClippingDirector.cpp	decomp/src/Game/LiveActor/ClippingDirector.cpp	compile-only	yes	8f661a320a6ae57df39eacbdc1499c0e74e94b8040e6800045ef9548772733f5	ea76498a5ee46e52aabd688348820df854ba8d8cf83fcd537e4f837d1327b9dc	0	0	0	explicit CP932 literal wrappers and encoding include only
LiveActor/ClippingDirector.hpp	src/Game/LiveActor/ClippingDirector.hpp	decomp/include/Game/LiveActor/ClippingDirector.hpp	exact-source	yes	2e733da1ac3c2ded98ff4a9c888ce4ae87d6d6c1ab8a58beec518fd847a4074e	2e733da1ac3c2ded98ff4a9c888ce4ae87d6d6c1ab8a58beec518fd847a4074e	0	0	0	byte-for-byte match
LiveActor/ClippingGroupHolder.cpp	src/Game/LiveActor/ClippingGroupHolder.cpp	decomp/src/Game/LiveActor/ClippingGroupHolder.cpp	compile-only	yes	4fdfef5fa0e533ae030c0e0a0f18fd8e2cbf63c0383725787276b22413bc655d	3200150aa42e803eb6ac6475e2aadb04b03be3b0b2d586030e101a58246a8adc	0	0	0	explicit CP932 literal wrappers and encoding include only
LiveActor/ClippingGroupHolder.hpp	src/Game/LiveActor/ClippingGroupHolder.hpp	decomp/include/Game/LiveActor/ClippingGroupHolder.hpp	exact-source	yes	48c99b4874ca7b02c162f03967f5edb879ac613683a249c9f58854e948715d15	48c99b4874ca7b02c162f03967f5edb879ac613683a249c9f58854e948715d15	0	0	0	byte-for-byte match
LiveActor/ClippingJudge.cpp	src/Game/LiveActor/ClippingJudge.cpp	decomp/src/Game/LiveActor/ClippingJudge.cpp	exact-source	yes	693643e671d908f0b3ee04c7d6c43c4b70c8839c9d3ea46fa5311a206e91355c	693643e671d908f0b3ee04c7d6c43c4b70c8839c9d3ea46fa5311a206e91355c	0	0	0	byte-for-byte match
LiveActor/ClippingJudge.hpp	src/Game/LiveActor/ClippingJudge.hpp	decomp/include/Game/LiveActor/ClippingJudge.hpp	exact-source	yes	bcfcdd8fa9c8424dea0d9a4e7635619d75cee12e2c3cc250518521e9e9e3d338	bcfcdd8fa9c8424dea0d9a4e7635619d75cee12e2c3cc250518521e9e9e3d338	0	0	0	byte-for-byte match
LiveActor/DisplayListMaker.cpp	src/Game/LiveActor/DisplayListMaker.cpp	decomp/src/Game/LiveActor/DisplayListMaker.cpp	compat-temporary	yes	f16c84cd81a390fb6e2eadda57cc237490e41be3f6f8a95bbb9ef1f2fb82d735	ba23614b0672ece480d83faa48e8dbe0cb13e6c0fca30d4e1fb6d529af7001ed	0	0	0	source exists but pc-port behavior/shape differs
LiveActor/DisplayListMaker.hpp	src/Game/LiveActor/DisplayListMaker.hpp	decomp/include/Game/LiveActor/DisplayListMaker.hpp	compat-temporary	yes	27be76cf10f98a750bac758c2d1c6b9e9b0e8d6e7d359c1829170a0ec3b61241	ffb1059f5b92bbded9573ecf970a00bcaeaad9865aa3ffc75b2fb02ce99dc0df	0	0	0	source exists but pc-port behavior/shape differs
LiveActor/DynamicJointCtrl.cpp	src/Game/LiveActor/DynamicJointCtrl.cpp	decomp/src/Game/LiveActor/DynamicJointCtrl.cpp	exact-source	yes	f48b9776844a30684e214b39f4cd7f8bbca647c313e9c1ce7e7e56e4837769bc	f48b9776844a30684e214b39f4cd7f8bbca647c313e9c1ce7e7e56e4837769bc	0	0	0	byte-for-byte match
LiveActor/DynamicJointCtrl.hpp	src/Game/LiveActor/DynamicJointCtrl.hpp	decomp/include/Game/LiveActor/DynamicJointCtrl.hpp	exact-source	yes	b6029c454ab47957e8d2fff6216a6e7a269cf0b7e83422852dc684ae86f3a109	b6029c454ab47957e8d2fff6216a6e7a269cf0b7e83422852dc684ae86f3a109	0	0	0	byte-for-byte match
LiveActor/EffectKeeper.cpp	src/Game/LiveActor/EffectKeeper.cpp	decomp/src/Game/LiveActor/EffectKeeper.cpp	exact-source	yes	9aef3253a9d16e0e82fe7c68ebbc3d5cd2a81c243bf24af4d192cb0734a3f2d5	9aef3253a9d16e0e82fe7c68ebbc3d5cd2a81c243bf24af4d192cb0734a3f2d5	0	0	0	byte-for-byte match
LiveActor/EffectKeeper.hpp	src/Game/LiveActor/EffectKeeper.hpp	decomp/include/Game/LiveActor/EffectKeeper.hpp	exact-source	yes	b128bd48c7caabc2b19a18099b2fcbd62084ffd0fb532fd21a01f2309ab0372c	b128bd48c7caabc2b19a18099b2fcbd62084ffd0fb532fd21a01f2309ab0372c	0	0	0	byte-for-byte match
LiveActor/FlashingCtrl.cpp	src/Game/LiveActor/FlashingCtrl.cpp	decomp/src/Game/LiveActor/FlashingCtrl.cpp	compile-only	yes	40f66754702302ea3e099a47b0e2152c4ea1e88af5f97ef22398c38866e2b69b	9de020d35926dd71437460d65470a7c2969d391b01ac5c96758ab3541a25c45f	0	0	0	explicit CP932 literal wrappers and encoding include only
LiveActor/FlashingCtrl.hpp	src/Game/LiveActor/FlashingCtrl.hpp	decomp/include/Game/LiveActor/FlashingCtrl.hpp	exact-source	yes	f8d6917c49b60072af8de00f84f9b9b2aba5c79e55b56187e83d9f32dda76706	f8d6917c49b60072af8de00f84f9b9b2aba5c79e55b56187e83d9f32dda76706	0	0	0	byte-for-byte match
LiveActor/HitSensor.cpp	src/Game/LiveActor/HitSensor.cpp	decomp/src/Game/LiveActor/HitSensor.cpp	exact-source	yes	4594101cfe35cbd4e2e2d382e8ed63d247578082b9bf53463b3bef6856288d3d	4594101cfe35cbd4e2e2d382e8ed63d247578082b9bf53463b3bef6856288d3d	0	0	0	byte-for-byte match
LiveActor/HitSensor.hpp	src/Game/LiveActor/HitSensor.hpp	decomp/include/Game/LiveActor/HitSensor.hpp	exact-source	yes	410bba2a91e09a56c2efc4d72c5ba347cb8c628b277d54302d2a0f3eb5b89c26	410bba2a91e09a56c2efc4d72c5ba347cb8c628b277d54302d2a0f3eb5b89c26	0	0	0	byte-for-byte match
LiveActor/HitSensorInfo.cpp	src/Game/LiveActor/HitSensorInfo.cpp	decomp/src/Game/LiveActor/HitSensorInfo.cpp	exact-source	yes	d46dffbe7f7c4e905defe66a919b444283ca9c423285c923130156cc60ed8545	d46dffbe7f7c4e905defe66a919b444283ca9c423285c923130156cc60ed8545	0	0	0	byte-for-byte match
LiveActor/HitSensorInfo.hpp	src/Game/LiveActor/HitSensorInfo.hpp	decomp/include/Game/LiveActor/HitSensorInfo.hpp	exact-source	yes	3c8efaefbc17c8265461042051de9a9485e1e95ece6aa1af189cf34c04590a94	3c8efaefbc17c8265461042051de9a9485e1e95ece6aa1af189cf34c04590a94	0	0	0	byte-for-byte match
LiveActor/HitSensorKeeper.cpp	src/Game/LiveActor/HitSensorKeeper.cpp	decomp/src/Game/LiveActor/HitSensorKeeper.cpp	exact-source	yes	44568410d6aab31af40d7c875cc34cf1662567be9a5cf39d65eb7bd569692b6a	44568410d6aab31af40d7c875cc34cf1662567be9a5cf39d65eb7bd569692b6a	0	0	0	byte-for-byte match
LiveActor/HitSensorKeeper.hpp	src/Game/LiveActor/HitSensorKeeper.hpp	decomp/include/Game/LiveActor/HitSensorKeeper.hpp	exact-source	yes	18619795a1942f54f376d326224dd5af001e5abd52b65355a4e5159f32c583ac	18619795a1942f54f376d326224dd5af001e5abd52b65355a4e5159f32c583ac	0	0	0	byte-for-byte match
LiveActor/LiveActor.cpp	src/Game/LiveActor/LiveActor.cpp	decomp/src/Game/LiveActor/LiveActor.cpp	compat-temporary	yes	8b92b8f55fa599470054c9ae196e153a1035bdbc4656aa16e38b1719a2a3c850	d5c29c64ffa3e1a6014cb0b336bf1197d220dd273dd150569cd1de07395e5a04	0	0	0	source exists but pc-port behavior/shape differs
LiveActor/LiveActor.hpp	src/Game/LiveActor/LiveActor.hpp	decomp/include/Game/LiveActor/LiveActor.hpp	compat-temporary	yes	e02299c25344e9906f7104c4fbd172ae1966d63e6ff77599e6a1e70c9c277093	a1d86424ebe5b83b4f9fe82349cdf9e0c36e78909587e9c67fefd7e3f6820799	0	0	0	source exists but pc-port behavior/shape differs
LiveActor/LiveActorFlag.cpp	src/Game/LiveActor/LiveActorFlag.cpp	decomp/src/Game/LiveActor/LiveActorFlag.cpp	compile-only	yes	7acabd00c562a6829f03792e61959b887e13846241edadde428a333d33c3adc8	3c4a9f3c195c807602a01fd64988d1e24bdae69083a0ac53a8db95f9c20d9278	0	0	0	line ending or trailing whitespace only
LiveActor/LiveActorFlag.hpp	src/Game/LiveActor/LiveActorFlag.hpp	decomp/include/Game/LiveActor/LiveActorFlag.hpp	exact-source	yes	dc1ce9dfdcc5af8c56f7e6afa44f1b38106608153632e61711f2f80f658a3acd	dc1ce9dfdcc5af8c56f7e6afa44f1b38106608153632e61711f2f80f658a3acd	0	0	0	byte-for-byte match
LiveActor/LiveActorGroup.cpp	src/Game/LiveActor/LiveActorGroup.cpp	decomp/src/Game/LiveActor/LiveActorGroup.cpp	exact-source	yes	f4930420813cad5a6491659a98c7d0fda64c06b8a9f0bb6347e83038102411f9	f4930420813cad5a6491659a98c7d0fda64c06b8a9f0bb6347e83038102411f9	0	0	0	byte-for-byte match
LiveActor/LiveActorGroup.hpp	src/Game/LiveActor/LiveActorGroup.hpp	decomp/include/Game/LiveActor/LiveActorGroup.hpp	exact-source	yes	7370e09ba9545623b833cc373adedd64edf6aab1c78e4aa1df6c2254cb29d3d7	7370e09ba9545623b833cc373adedd64edf6aab1c78e4aa1df6c2254cb29d3d7	0	0	0	byte-for-byte match
LiveActor/LiveActorGroupArray.cpp	src/Game/LiveActor/LiveActorGroupArray.cpp	decomp/src/Game/LiveActor/LiveActorGroupArray.cpp	exact-source	yes	cfbc4ed84907581a243686701887a851df6a780d362feb232b68122da9f2ee2c	cfbc4ed84907581a243686701887a851df6a780d362feb232b68122da9f2ee2c	0	0	0	byte-for-byte match
LiveActor/LiveActorGroupArray.hpp	src/Game/LiveActor/LiveActorGroupArray.hpp	decomp/include/Game/LiveActor/LiveActorGroupArray.hpp	exact-source	yes	db69f327ea36f515002b575edc5dca0dca0c1571997546eb7b812fe0c439d42b	db69f327ea36f515002b575edc5dca0dca0c1571997546eb7b812fe0c439d42b	0	0	0	byte-for-byte match
LiveActor/LodCtrl.cpp	src/Game/LiveActor/LodCtrl.cpp	decomp/src/Game/LiveActor/LodCtrl.cpp	compat-temporary	yes	1f12e13f604a0ad901e3058a9efa4918d5b81944ab282709d3546858e2be0287	0c48fe207ba3f1cde501f02f7e646a0f59d7b2614b7d9685c96a75dd190e1c55	0	0	0	source exists but pc-port behavior/shape differs
LiveActor/LodCtrl.hpp	src/Game/LiveActor/LodCtrl.hpp	decomp/include/Game/LiveActor/LodCtrl.hpp	exact-source	yes	4c5c22bcc5c7962d597468875a6168a1a4eafc367ce300d7886e2dfd980af01c	4c5c22bcc5c7962d597468875a6168a1a4eafc367ce300d7886e2dfd980af01c	0	0	0	byte-for-byte match
LiveActor/MaterialCtrl.cpp	src/Game/LiveActor/MaterialCtrl.cpp	decomp/src/Game/LiveActor/MaterialCtrl.cpp	compat-temporary	yes	882a6887a246372dfa5272900d3e00b13e3c017174ce0349bc5dfe00df575f48	5b45fce7fde4892027f0471c1ef2ada4b0bef81b978b2ccad9382af4d92efb5c	0	0	0	source exists but pc-port behavior/shape differs
LiveActor/MaterialCtrl.hpp	src/Game/LiveActor/MaterialCtrl.hpp	decomp/include/Game/LiveActor/MaterialCtrl.hpp	compat-temporary	yes	fb9a0b463f2114ef502ac79fe027e9748c587972548cda8d1b111d531620dfcb	51100c7c97ad86b7b615a1b2ba2ffbc2cbc411ec01dbc0b4f4bb3ac79f4334e4	0	0	0	source exists but pc-port behavior/shape differs
LiveActor/MessageSensorHolder.cpp	src/Game/LiveActor/MessageSensorHolder.cpp	decomp/src/Game/LiveActor/MessageSensorHolder.cpp	exact-source	yes	3a376492a76ace6d16cc83648963d729a34ab163f592a04e1d9834c7a7bdf938	3a376492a76ace6d16cc83648963d729a34ab163f592a04e1d9834c7a7bdf938	0	0	0	byte-for-byte match
LiveActor/MessageSensorHolder.hpp	src/Game/LiveActor/MessageSensorHolder.hpp	decomp/include/Game/LiveActor/MessageSensorHolder.hpp	exact-source	yes	213d9096abec65be68c83ee8847fcd01e31624f2e61c8e9e2cb91d4678d4d493	213d9096abec65be68c83ee8847fcd01e31624f2e61c8e9e2cb91d4678d4d493	0	0	0	byte-for-byte match
LiveActor/MirrorActor.cpp	src/Game/LiveActor/MirrorActor.cpp	decomp/src/Game/LiveActor/MirrorActor.cpp	exact-source	yes	f7f89c4298e32ea7f23dbfa527eb406a7a57f7119deaff91eef5152ffe4ab0c1	f7f89c4298e32ea7f23dbfa527eb406a7a57f7119deaff91eef5152ffe4ab0c1	0	0	0	byte-for-byte match
LiveActor/MirrorActor.hpp	src/Game/LiveActor/MirrorActor.hpp	decomp/include/Game/LiveActor/MirrorActor.hpp	exact-source	yes	b29a6326f061150c7e1c199f0d03285f9e141ce706156f96f1ec7964e200ac46	b29a6326f061150c7e1c199f0d03285f9e141ce706156f96f1ec7964e200ac46	0	0	0	byte-for-byte match
LiveActor/MirrorCamera.cpp	src/Game/LiveActor/MirrorCamera.cpp	decomp/src/Game/LiveActor/MirrorCamera.cpp	exact-source	yes	40993ad8dbd0fd626be149e3f65dbc3055d8400232bf96a116d6c63bd3c80ee8	40993ad8dbd0fd626be149e3f65dbc3055d8400232bf96a116d6c63bd3c80ee8	0	0	0	byte-for-byte match
LiveActor/MirrorCamera.hpp	src/Game/LiveActor/MirrorCamera.hpp	decomp/include/Game/LiveActor/MirrorCamera.hpp	exact-source	yes	f59c6d80fced258b5c896ebeac0d893fc05c60acff074c658b2e91acb899b644	f59c6d80fced258b5c896ebeac0d893fc05c60acff074c658b2e91acb899b644	0	0	0	byte-for-byte match
LiveActor/MirrorReflectionModel.cpp	src/Game/LiveActor/MirrorReflectionModel.cpp	decomp/src/Game/LiveActor/MirrorReflectionModel.cpp	exact-source	yes	83a64338a713c8c0b45577003449198649eaac5e5b24fe683c78684cf310fc30	83a64338a713c8c0b45577003449198649eaac5e5b24fe683c78684cf310fc30	0	0	0	byte-for-byte match
LiveActor/MirrorReflectionModel.hpp	src/Game/LiveActor/MirrorReflectionModel.hpp	decomp/include/Game/LiveActor/MirrorReflectionModel.hpp	exact-source	yes	e818d1df5bf443b3c15b977c33d4de83c8e4712aac2d05e0592c361c0a0c61d8	e818d1df5bf443b3c15b977c33d4de83c8e4712aac2d05e0592c361c0a0c61d8	0	0	0	byte-for-byte match
LiveActor/ModelManager.cpp	src/Game/LiveActor/ModelManager.cpp	decomp/src/Game/LiveActor/ModelManager.cpp	compat-temporary	yes	c1a617db9357dd59d1d7edb9a658b91919ba504e81297e763e053cf662f3287e	be12c876b632a35fff44f1a53b9cce9a421480a4055a9e76e6a99caca69bbd32	0	0	0	source exists but pc-port behavior/shape differs
LiveActor/ModelManager.hpp	src/Game/LiveActor/ModelManager.hpp	decomp/include/Game/LiveActor/ModelManager.hpp	exact-source	yes	0743be3cfc6b0206dea6cecbe850731c6d0b1330dea02df1ae5289aaf2af5cb1	0743be3cfc6b0206dea6cecbe850731c6d0b1330dea02df1ae5289aaf2af5cb1	0	0	0	byte-for-byte match
LiveActor/ModelObj.cpp	src/Game/LiveActor/ModelObj.cpp	decomp/src/Game/LiveActor/ModelObj.cpp	compat-temporary	yes	d52bbc7a0b844a5e570d3073d519549684054eb6086d4ba999356f15d6fc74a5	300afefd0ca295f8ad3e472f1420c386fae79bfa08ca5cd1bcf01b70ae1826ca	0	0	0	source exists but pc-port behavior/shape differs
LiveActor/ModelObj.hpp	src/Game/LiveActor/ModelObj.hpp	decomp/include/Game/LiveActor/ModelObj.hpp	compat-temporary	yes	2ec30f36938c5faea7670a0282ae79d7624b3a9e67bfc32e92901dd229a71c77	e9955306a0d6e973cffb6ab5995aa7be19a2e30934c9b31766744e042b653339	0	0	0	source exists but pc-port behavior/shape differs
LiveActor/Nerve.cpp	src/Game/LiveActor/Nerve.cpp	decomp/src/Game/LiveActor/Nerve.cpp	compat-temporary	yes	a62c0ecbb0381a8d548c151374869e56eb04664e5ae44c2a723e0821a14a9072	da2da1c7e9f4d62527133f0968e28032493f0b5ec2787554668fa2250ffdb2a8	0	0	0	source exists but pc-port behavior/shape differs
LiveActor/Nerve.hpp	src/Game/LiveActor/Nerve.hpp	decomp/include/Game/LiveActor/Nerve.hpp	compat-temporary	yes	4a2af36e80ee96fd5c00cd494f7847c6579c87aebe4b6cf75ca5e1c501d08dc0	57c8fb357ade99c243e4df1599cc550c7bd28a9ef5ec891891a7a05b28270bbb	0	0	0	source exists but pc-port behavior/shape differs
LiveActor/PartsModel.cpp	src/Game/LiveActor/PartsModel.cpp	decomp/src/Game/LiveActor/PartsModel.cpp	exact-source	yes	472236dd1a340d4ad50622610e3ec8223635c3f64f78a956084b17fa1ab9dd43	472236dd1a340d4ad50622610e3ec8223635c3f64f78a956084b17fa1ab9dd43	0	0	0	byte-for-byte match
LiveActor/PartsModel.hpp	src/Game/LiveActor/PartsModel.hpp	decomp/include/Game/LiveActor/PartsModel.hpp	exact-source	yes	2357bdad9c4fccf7f782714ebedeb38e140f7d661be474289402cc0cdc064dfb	2357bdad9c4fccf7f782714ebedeb38e140f7d661be474289402cc0cdc064dfb	0	0	0	byte-for-byte match
LiveActor/RailRider.cpp	src/Game/LiveActor/RailRider.cpp	decomp/src/Game/LiveActor/RailRider.cpp	compat-temporary	yes	2582ad495cfba758964c971146177ba919d6b5d961c80111b5ce5634444ddbd2	f16e1fb50f1e6737003c4b368a5085b1c10f5340e2fe9f4504fdd4c8c81c6721	0	0	0	source exists but pc-port behavior/shape differs
LiveActor/RailRider.hpp	src/Game/LiveActor/RailRider.hpp	decomp/include/Game/LiveActor/RailRider.hpp	compile-only	yes	cf289872d1bfae96444c4841ee4443cab4dd3c742ce0d6f175a37631cd0d6060	430b87dadffeeee7991b308468871fe3a28666d336e378db04cfe36aacd3ce82	0	0	0	line ending or trailing whitespace only
LiveActor/SensorHitChecker.cpp	src/Game/LiveActor/SensorHitChecker.cpp	decomp/src/Game/LiveActor/SensorHitChecker.cpp	compat-temporary	yes	cf1d47786ea4c1bb2b8813c5d59d694006b6bb162b8b8fb1fac7d7bd258aca9b	ed949dcc14e482201e160a69b279ffa8f108f181652a46a3927b6add2c42e182	0	0	0	source exists but pc-port behavior/shape differs
LiveActor/SensorHitChecker.hpp	src/Game/LiveActor/SensorHitChecker.hpp	decomp/include/Game/LiveActor/SensorHitChecker.hpp	exact-source	yes	3725a536644676ff465a3e62907db0b916b05809651bab3a78b3d09b930cd981	3725a536644676ff465a3e62907db0b916b05809651bab3a78b3d09b930cd981	0	0	0	byte-for-byte match
LiveActor/ShadowController.cpp	src/Game/LiveActor/ShadowController.cpp	decomp/src/Game/LiveActor/ShadowController.cpp	compile-only	yes	33ee090d1769116aeb1584756d32555e83b249885ba4a129c93f0d2058182694	e0620452eb1d014cf4eebf18a3ea26f5d6ed77fbb99c2e59e684d227d2500bdb	0	0	0	explicit CP932 literal wrappers and encoding include only
LiveActor/ShadowController.hpp	src/Game/LiveActor/ShadowController.hpp	decomp/include/Game/LiveActor/ShadowController.hpp	exact-source	yes	89d0678837f7511e58641b5041ef76f94e89bce83fc3ec93c42399b58c5ff56c	89d0678837f7511e58641b5041ef76f94e89bce83fc3ec93c42399b58c5ff56c	0	0	0	byte-for-byte match
LiveActor/ShadowDrawer.cpp	src/Game/LiveActor/ShadowDrawer.cpp	decomp/src/Game/LiveActor/ShadowDrawer.cpp	exact-source	yes	50dd300517590367b62340a5cb66f6121c7586d06f56c0ce37b30417691b7515	50dd300517590367b62340a5cb66f6121c7586d06f56c0ce37b30417691b7515	0	0	0	byte-for-byte match
LiveActor/ShadowDrawer.hpp	src/Game/LiveActor/ShadowDrawer.hpp	decomp/include/Game/LiveActor/ShadowDrawer.hpp	exact-source	yes	d900f8efb9e0d949928adfdd08ca616cc83ac71edc030809c7c771cc893ce53a	d900f8efb9e0d949928adfdd08ca616cc83ac71edc030809c7c771cc893ce53a	0	0	0	byte-for-byte match
LiveActor/ShadowSurfaceCircle.cpp	src/Game/LiveActor/ShadowSurfaceCircle.cpp	decomp/src/Game/LiveActor/ShadowSurfaceCircle.cpp	compile-only	yes	389dea35db0cf3613f9ae696e2b4ed6fe8ccec86b5b45aec3dc5a04727834852	5dd864c7085683720474f77d923b2dec74fdd1c5a405def6c98e37852e779ac4	0	0	0	explicit CP932 literal wrappers and encoding include only
LiveActor/ShadowSurfaceCircle.hpp	src/Game/LiveActor/ShadowSurfaceCircle.hpp	decomp/include/Game/LiveActor/ShadowSurfaceCircle.hpp	exact-source	yes	dfb7c989212e76ac9fdb08160cdf2cda984fce13eb17100d8dd44126262c6965	dfb7c989212e76ac9fdb08160cdf2cda984fce13eb17100d8dd44126262c6965	0	0	0	byte-for-byte match
LiveActor/ShadowSurfaceDrawer.cpp	src/Game/LiveActor/ShadowSurfaceDrawer.cpp	decomp/src/Game/LiveActor/ShadowSurfaceDrawer.cpp	exact-source	yes	7cbc41dabb38ff1a9aa58b5359376d44f981260b29bb267a26aaeb4255327f87	7cbc41dabb38ff1a9aa58b5359376d44f981260b29bb267a26aaeb4255327f87	0	0	0	byte-for-byte match
LiveActor/ShadowSurfaceDrawer.hpp	src/Game/LiveActor/ShadowSurfaceDrawer.hpp	decomp/include/Game/LiveActor/ShadowSurfaceDrawer.hpp	exact-source	yes	fe0ebc15075b60f853aa0a2a57312d162f10795644e1c2c33e4f8e4480e57ef7	fe0ebc15075b60f853aa0a2a57312d162f10795644e1c2c33e4f8e4480e57ef7	0	0	0	byte-for-byte match
LiveActor/ShadowVolumeCylinder.cpp	src/Game/LiveActor/ShadowVolumeCylinder.cpp	decomp/src/Game/LiveActor/ShadowVolumeCylinder.cpp	compile-only	yes	9a0979519d02080fcc94eaa169bb9a7e381400bc4db615db05da1ba97f932897	c281cb27fee3f85b20206fd9bbc7a2d66bde4d5c61436daa71ffdcb0a51e6bf4	0	0	0	explicit CP932 literal wrappers and encoding include only
LiveActor/ShadowVolumeCylinder.hpp	src/Game/LiveActor/ShadowVolumeCylinder.hpp	decomp/include/Game/LiveActor/ShadowVolumeCylinder.hpp	exact-source	yes	9d890f292d4cb6e808eb2dba3bdbe0f78e466553e075f63f0f1e1b31350aa22f	9d890f292d4cb6e808eb2dba3bdbe0f78e466553e075f63f0f1e1b31350aa22f	0	0	0	byte-for-byte match
LiveActor/ShadowVolumeDrawer.cpp	src/Game/LiveActor/ShadowVolumeDrawer.cpp	decomp/src/Game/LiveActor/ShadowVolumeDrawer.cpp	compile-only	yes	a7f4a2428336803c7b402f52075b30ee829405a437241e180865be06d4f21f56	e12e714a8e9b1f0409d7f6cba6a13c3c337fa01c243820ac88459dc458aebbe5	0	0	1	explicit CP932 literal wrappers and encoding include only
LiveActor/ShadowVolumeDrawer.hpp	src/Game/LiveActor/ShadowVolumeDrawer.hpp	decomp/include/Game/LiveActor/ShadowVolumeDrawer.hpp	exact-source	yes	e55d3dfdb122011d824409d6eaae5fe89c95a9898e7b7c02785c18799c499bdf	e55d3dfdb122011d824409d6eaae5fe89c95a9898e7b7c02785c18799c499bdf	0	0	0	byte-for-byte match
LiveActor/ShadowVolumeLine.cpp	src/Game/LiveActor/ShadowVolumeLine.cpp	decomp/src/Game/LiveActor/ShadowVolumeLine.cpp	compile-only	yes	d0138192715c1ffb03ef00dc978e1016bdf7f93ac83a2eeca73d6ba42a834a84	8ad75ee66335bd28392b80417a86b8fcab019617360a9c1b82f90dc73bddbb63	0	0	0	explicit CP932 literal wrappers and encoding include only
LiveActor/ShadowVolumeLine.hpp	src/Game/LiveActor/ShadowVolumeLine.hpp	decomp/include/Game/LiveActor/ShadowVolumeLine.hpp	exact-source	yes	1dca2f6f4e62e3de7f56a7a9a049d35c58e376ff935d9d2594d9254be24b2dc4	1dca2f6f4e62e3de7f56a7a9a049d35c58e376ff935d9d2594d9254be24b2dc4	0	0	0	byte-for-byte match
LiveActor/ShadowVolumeModel.cpp	src/Game/LiveActor/ShadowVolumeModel.cpp	decomp/src/Game/LiveActor/ShadowVolumeModel.cpp	exact-source	yes	b8c97d7f4d44df7a55cd6758b778d04754171c537075b985d03b94c7492cbe04	b8c97d7f4d44df7a55cd6758b778d04754171c537075b985d03b94c7492cbe04	0	0	0	byte-for-byte match
LiveActor/ShadowVolumeModel.hpp	src/Game/LiveActor/ShadowVolumeModel.hpp	decomp/include/Game/LiveActor/ShadowVolumeModel.hpp	exact-source	yes	5305428d543d965cedaf7763165252f26c8feaace23a141f2851992fbd3df495	5305428d543d965cedaf7763165252f26c8feaace23a141f2851992fbd3df495	0	0	0	byte-for-byte match
LiveActor/ShadowVolumeOval.cpp	src/Game/LiveActor/ShadowVolumeOval.cpp	decomp/src/Game/LiveActor/ShadowVolumeOval.cpp	compile-only	yes	31f47aecab6e39d08d9945bdd53bcf159888b5b1fb0a09a8b27c6b658c324018	7c37344a190020b3d10bdf7a9f99fa680cc72c16effa63e5c1dd32443475bae5	0	0	0	explicit CP932 literal wrappers and encoding include only
LiveActor/ShadowVolumeOval.hpp	src/Game/LiveActor/ShadowVolumeOval.hpp	decomp/include/Game/LiveActor/ShadowVolumeOval.hpp	exact-source	yes	8cd87582f1e749b95cbbf67e5a7fda29a2ce3d7044b51d2c110cfc75e4246fea	8cd87582f1e749b95cbbf67e5a7fda29a2ce3d7044b51d2c110cfc75e4246fea	0	0	0	byte-for-byte match
LiveActor/ShadowVolumeOvalPole.cpp	src/Game/LiveActor/ShadowVolumeOvalPole.cpp	decomp/src/Game/LiveActor/ShadowVolumeOvalPole.cpp	compile-only	yes	5f54f2a57ab75a2a922c0afe7b182569fb9e57c9ab63c9166df2208d8ce0a93e	844b5abefa643b5556458d4bbf8d14eb600d57d5550db15e1add0a5886ec29e0	0	0	0	explicit CP932 literal wrappers and encoding include only
LiveActor/ShadowVolumeOvalPole.hpp	src/Game/LiveActor/ShadowVolumeOvalPole.hpp	decomp/include/Game/LiveActor/ShadowVolumeOvalPole.hpp	exact-source	yes	d197dda80c3f062999f0394fc452a793908bbc184470880aa7680b1fa3a610bd	d197dda80c3f062999f0394fc452a793908bbc184470880aa7680b1fa3a610bd	0	0	0	byte-for-byte match
LiveActor/ShadowVolumeSphere.cpp	src/Game/LiveActor/ShadowVolumeSphere.cpp	decomp/src/Game/LiveActor/ShadowVolumeSphere.cpp	compile-only	yes	bd954c389fa4f051415096c2b6384f6ca7423bd9f2d39cd1f0b2d0b24ba38c29	648bd2e32bef78e361f2ab77bde099de2744ce82911fe9d72d2f117dbb43f346	0	0	0	explicit CP932 literal wrappers and encoding include only
LiveActor/ShadowVolumeSphere.hpp	src/Game/LiveActor/ShadowVolumeSphere.hpp	decomp/include/Game/LiveActor/ShadowVolumeSphere.hpp	exact-source	yes	3b449572985e1e101a933d4eb4a54a5fc9c67629ac8e790cfc647fb0a67308bf	3b449572985e1e101a933d4eb4a54a5fc9c67629ac8e790cfc647fb0a67308bf	0	0	0	byte-for-byte match
LiveActor/Spine.cpp	src/Game/LiveActor/Spine.cpp	decomp/src/Game/LiveActor/Spine.cpp	exact-source	yes	d18c12b878b5821cb8d79f1c052db451679e90e3053d7fb2b78b6b75d0fcd449	d18c12b878b5821cb8d79f1c052db451679e90e3053d7fb2b78b6b75d0fcd449	0	0	0	byte-for-byte match
LiveActor/Spine.hpp	src/Game/LiveActor/Spine.hpp	decomp/include/Game/LiveActor/Spine.hpp	exact-source	yes	f4bdbb7f0d143fdd7b7310f6751e00542cef99b925696f477643e2a891fd4c38	f4bdbb7f0d143fdd7b7310f6751e00542cef99b925696f477643e2a891fd4c38	0	0	0	byte-for-byte match
LiveActor/SpotMarkLight.cpp	src/Game/LiveActor/SpotMarkLight.cpp	decomp/src/Game/LiveActor/SpotMarkLight.cpp	compile-only	yes	861aeb0309d152897ef088c4ada9816aa53bd5514ce494b1a1e8a61be63063f7	62a5adfe3c7c463fde4722f058f6976140bde6f4dd77847e5147a0b1e4493587	0	0	0	explicit CP932 literal wrappers and encoding include only
LiveActor/SpotMarkLight.hpp	src/Game/LiveActor/SpotMarkLight.hpp	decomp/include/Game/LiveActor/SpotMarkLight.hpp	exact-source	yes	faef155fe4a0a54f3588bbd94f55fb3546ffa390ff5e5a9477830c930624829e	faef155fe4a0a54f3588bbd94f55fb3546ffa390ff5e5a9477830c930624829e	0	0	0	byte-for-byte match
LiveActor/ViewGroupCtrl.cpp	src/Game/LiveActor/ViewGroupCtrl.cpp	decomp/src/Game/LiveActor/ViewGroupCtrl.cpp	exact-source	yes	2a45befd3f9a7c2e5e885226458844a9676f7eb027494d206aae14933be4af2a	2a45befd3f9a7c2e5e885226458844a9676f7eb027494d206aae14933be4af2a	0	0	0	byte-for-byte match
LiveActor/ViewGroupCtrl.hpp	src/Game/LiveActor/ViewGroupCtrl.hpp	decomp/include/Game/LiveActor/ViewGroupCtrl.hpp	exact-source	yes	c6513d7954dfd5a68e6c76cafcce091e3be34b131d1f6aac47ec2a0fbdc2ae40	c6513d7954dfd5a68e6c76cafcce091e3be34b131d1f6aac47ec2a0fbdc2ae40	0	0	0	byte-for-byte match
Map/ActorAppearSwitchListener.cpp	src/Game/Map/ActorAppearSwitchListener.cpp	decomp/src/Game/Map/ActorAppearSwitchListener.cpp	compile-only	no	44a8b1e51a5b4aef17fbd5826dc0782cd00f325d307f1c2482d7f2b9333e82f5	aaa5b203b50c1ae8431f6c06341bf3b71629e61adbf8dacf15cb34a25bdbeaf4	0	0	0	line ending or trailing whitespace only
Map/ActorAppearSwitchListener.hpp	src/Game/Map/ActorAppearSwitchListener.hpp	decomp/include/Game/Map/ActorAppearSwitchListener.hpp	exact-source	no	101f5e204c4219bf481623f33da570f611f3a0c2754825a7755a9b8e63cd5ac9	101f5e204c4219bf481623f33da570f611f3a0c2754825a7755a9b8e63cd5ac9	0	0	0	byte-for-byte match
Map/Air.cpp	src/Game/Map/Air.cpp	decomp/src/Game/Map/Air.cpp	compile-only	no	a30d68f8b689f21423dbbb616fec7a93dc2ae531f39509c60d735518c00c05a9	377759e2b1031bbd2929c3dd9031527f2910c3ca56848acbf7840c3e02f20505	0	0	0	explicit CP932 literal wrappers and encoding include only
Map/Air.hpp	src/Game/Map/Air.hpp	decomp/include/Game/Map/Air.hpp	exact-source	no	e99574feea047d86ef0536cf4a383ba37368f9dd696fbe04fb89c7b81757b66e	e99574feea047d86ef0536cf4a383ba37368f9dd696fbe04fb89c7b81757b66e	0	0	0	byte-for-byte match
Map/BezierRail.cpp	src/Game/Map/BezierRail.cpp	decomp/src/Game/Map/BezierRail.cpp	exact-source	no	aa87e74c70eca64ea5f876ab463592187ec12051b2d7fe6d1ecb12c71fbde294	aa87e74c70eca64ea5f876ab463592187ec12051b2d7fe6d1ecb12c71fbde294	0	0	0	byte-for-byte match
Map/BezierRail.hpp	src/Game/Map/BezierRail.hpp	decomp/include/Game/Map/BezierRail.hpp	exact-source	no	53e50d3ebe4760140cee7e2b4bbe656978099f11d09b229fe2ddbe0edbfccf04	53e50d3ebe4760140cee7e2b4bbe656978099f11d09b229fe2ddbe0edbfccf04	0	0	0	byte-for-byte match
Map/Butterfly.cpp	src/Game/Map/Butterfly.cpp	decomp/src/Game/Map/Butterfly.cpp	exact-source	no	8f43207abdd231bb5ffc6cedda9e53ffc72afc93a7453d2187f735cb6861438d	8f43207abdd231bb5ffc6cedda9e53ffc72afc93a7453d2187f735cb6861438d	0	0	0	byte-for-byte match
Map/Butterfly.hpp	src/Game/Map/Butterfly.hpp	decomp/include/Game/Map/Butterfly.hpp	exact-source	no	dbcfe5a60651f611666e0f63601f5d4ee88f9867073c63c7cdc0ee274bf33c5a	dbcfe5a60651f611666e0f63601f5d4ee88f9867073c63c7cdc0ee274bf33c5a	0	0	0	byte-for-byte match
Map/CollisionCategorizedKeeper.cpp	src/Game/Map/CollisionCategorizedKeeper.cpp	decomp/src/Game/Map/CollisionCategorizedKeeper.cpp	compile-only	no	596973a659dba3eed04380a0a04ad951f40281f8f47f6be126914e5f7ead7449	21b9a800ef44bc93e7a54fc4e46710b7fcab59fc37100ff7e7966168cbada5f5	0	0	0	explicit CP932 literal wrappers and encoding include only
Map/CollisionCategorizedKeeper.hpp	src/Game/Map/CollisionCategorizedKeeper.hpp	decomp/include/Game/Map/CollisionCategorizedKeeper.hpp	compat-temporary	no	4a2cfd91bfc1385579a2df188219179b79d3ce5a9b85a94e3f9ff164d9daf77c	5b044d76e86920260adf5fe10c009616ec580517ab8ee4267f18b28332fccd1d	0	0	0	source exists but pc-port behavior/shape differs
Map/CollisionCode.cpp	src/Game/Map/CollisionCode.cpp	decomp/src/Game/Map/CollisionCode.cpp	exact-source	no	a3182a3e7599fb153f85047c0b2eeaed9efb90631606fbbff953c1cf8a5790ab	a3182a3e7599fb153f85047c0b2eeaed9efb90631606fbbff953c1cf8a5790ab	0	0	0	byte-for-byte match
Map/CollisionCode.hpp	src/Game/Map/CollisionCode.hpp	decomp/include/Game/Map/CollisionCode.hpp	exact-source	no	c565b53765aa8a5b5b0ed44a546ab0b6d7d24f6e8b3ea08a84fc38e450df03ac	c565b53765aa8a5b5b0ed44a546ab0b6d7d24f6e8b3ea08a84fc38e450df03ac	0	0	0	byte-for-byte match
Map/CollisionDirector.cpp	src/Game/Map/CollisionDirector.cpp	decomp/src/Game/Map/CollisionDirector.cpp	compile-only	no	3baab33c7599fd286223f96466335b7a0e620f84a00eb66dd43f4c411bfba8fc	b5d24ac4e5bb6d52e72dab1987d983cad7314074a7c9ecac38318816a6f4de73	0	0	0	explicit CP932 literal wrappers and encoding include only
Map/CollisionDirector.hpp	src/Game/Map/CollisionDirector.hpp	decomp/include/Game/Map/CollisionDirector.hpp	exact-source	no	935594008c31ba06a632c3fedb6faf3784cedad6e66ce58f5978afae30aaa6a6	935594008c31ba06a632c3fedb6faf3784cedad6e66ce58f5978afae30aaa6a6	0	0	0	byte-for-byte match
Map/CollisionParts.cpp	src/Game/Map/CollisionParts.cpp	decomp/src/Game/Map/CollisionParts.cpp	compat-temporary	no	3243b8456b4a70399cd09f1893d3a72644d8d69f404b55ea9a69441f438a8296	517fbba091aa9622edfabc3dcdec8a4c9a5990509db2fd4f73370c7e57e00eb2	0	0	0	source exists but pc-port behavior/shape differs
Map/CollisionParts.hpp	src/Game/Map/CollisionParts.hpp	decomp/include/Game/Map/CollisionParts.hpp	compat-temporary	no	091308c1dd4ce3210d529150f51bec551f91a540e06ed5d1ba12405f7eed3e3d	eb45a4138e7a57166bdddca7ab55d2b6b078ae981f7a25caa5c459396fbade97	0	0	0	source exists but pc-port behavior/shape differs
Map/FileSelectCameraController.cpp	src/Game/Map/FileSelectCameraController.cpp	decomp/src/Game/Map/FileSelectCameraController.cpp	exact-source	yes	da4bfa6addff27cada98e4b2721c04ecdd3f7678f42ce6d180d3f6f5376f88b1	da4bfa6addff27cada98e4b2721c04ecdd3f7678f42ce6d180d3f6f5376f88b1	0	0	0	byte-for-byte match
Map/FileSelectCameraController.hpp	src/Game/Map/FileSelectCameraController.hpp	decomp/include/Game/Map/FileSelectCameraController.hpp	exact-source	yes	3ef7bcc9b30772d2c6d9e535bf5c0fad3a8c4d8fa3eea7e28680d2b79bd3bcfe	3ef7bcc9b30772d2c6d9e535bf5c0fad3a8c4d8fa3eea7e28680d2b79bd3bcfe	0	0	0	byte-for-byte match
Map/FileSelectEffect.cpp	src/Game/Map/FileSelectEffect.cpp	decomp/src/Game/Map/FileSelectEffect.cpp	exact-source	yes	5fd1ac60a1ee704cfeb18b1661348b921fc7dc8aa1e1da15faa80cec4693ede5	5fd1ac60a1ee704cfeb18b1661348b921fc7dc8aa1e1da15faa80cec4693ede5	0	0	0	byte-for-byte match
Map/FileSelectEffect.hpp	src/Game/Map/FileSelectEffect.hpp	decomp/include/Game/Map/FileSelectEffect.hpp	compile-only	yes	a3760d65222759f4571d3ef06a3db03f0a0f12e40e91350d0ebbc86579029331	1184dc50f2310fda70141be7b6bae2cbe592a39da5354940f0364ff15e1a0a78	0	0	0	explicit CP932 literal wrappers and encoding include only
Map/FileSelectFunc.cpp	src/Game/Map/FileSelectFunc.cpp	decomp/src/Game/Map/FileSelectFunc.cpp	compat-temporary	yes	0eb0442b1c4151c9dcd09a5067308e51fa91b099176ab31a77600eaac79105ce	fa0238247be06167f9e663766938364b61491a8da3562f4c222635172ccd564b	0	0	0	source exists but pc-port behavior/shape differs
Map/FileSelectFunc.hpp	src/Game/Map/FileSelectFunc.hpp	decomp/include/Game/Map/FileSelectFunc.hpp	exact-source	yes	8d28b62718ee044c10bf5b82505cedcda243c44632e4decf8016840be86bf83a	8d28b62718ee044c10bf5b82505cedcda243c44632e4decf8016840be86bf83a	0	0	0	byte-for-byte match
Map/FileSelectIconID.cpp	src/Game/Map/FileSelectIconID.cpp	decomp/src/Game/Map/FileSelectIconID.cpp	exact-source	yes	36bb4ca57bb192e7a08d7d513835924bc2a99102569bac0ac41e33a6537bd3a3	36bb4ca57bb192e7a08d7d513835924bc2a99102569bac0ac41e33a6537bd3a3	0	0	0	byte-for-byte match
Map/FileSelectIconID.hpp	src/Game/Map/FileSelectIconID.hpp	decomp/include/Game/Map/FileSelectIconID.hpp	exact-source	yes	fd3a930fb21d9228a4f867a51619aa1a54560302b2fc5fdcae801123d2b8b9a3	fd3a930fb21d9228a4f867a51619aa1a54560302b2fc5fdcae801123d2b8b9a3	0	0	0	byte-for-byte match
Map/FileSelectItem.cpp	src/Game/Map/FileSelectItem.cpp	decomp/src/Game/Map/FileSelectItem.cpp	compat-temporary	yes	7a999f6fd88af9be2e001991457c93e9de448676ee15717c57503ed301ce9c04	b7ee1030be3830355d78a51d28c5bf040a69766b157be8c3ba150c5bb8d1e5f4	0	0	0	source exists but pc-port behavior/shape differs
Map/FileSelectItem.hpp	src/Game/Map/FileSelectItem.hpp	decomp/include/Game/Map/FileSelectItem.hpp	compat-temporary	yes	8fd9d0de1ef0283eb95e0fefaaa0ffeb9a08a40721307db4e1094c79c8caee7d	e1bbcd663981c671c72f41865cb61e464b68840b691082160ef2125c73be74b3	0	0	0	source exists but pc-port behavior/shape differs
Map/FileSelectItemDelegator.hpp	src/Game/Map/FileSelectItemDelegator.hpp	decomp/include/Game/Map/FileSelectItemDelegator.hpp	exact-source	yes	88471cb3a6abe20834d3da26428c23f5b3dce762b8c626f36d68c5cb8816f2df	88471cb3a6abe20834d3da26428c23f5b3dce762b8c626f36d68c5cb8816f2df	0	0	0	byte-for-byte match
Map/FileSelectModel.cpp	src/Game/Map/FileSelectModel.cpp	decomp/src/Game/Map/FileSelectModel.cpp	exact-source	yes	69f47189505260f14f9cbef370c8fcc5b7b603bffcfd2aedf5db1b8287593375	69f47189505260f14f9cbef370c8fcc5b7b603bffcfd2aedf5db1b8287593375	0	0	0	byte-for-byte match
Map/FileSelectModel.hpp	src/Game/Map/FileSelectModel.hpp	decomp/include/Game/Map/FileSelectModel.hpp	compat-temporary	yes	55026b823e5849e57898a1c3ea77dffcec5eae3fafd1b38d1b01c9b23bf210f3	b5411a8d7bbd24b4d014a860ecc05d5aa26260b9839d627210c7af6df6cd4b1a	0	0	0	source exists but pc-port behavior/shape differs
Map/FileSelectSky.cpp	src/Game/Map/FileSelectSky.cpp	decomp/src/Game/Map/FileSelectSky.cpp	exact-source	yes	1ef75666711f8c17de46c18601772f2314b8063156da514a87e2524d13d613a3	1ef75666711f8c17de46c18601772f2314b8063156da514a87e2524d13d613a3	0	0	0	byte-for-byte match
Map/FileSelectSky.hpp	src/Game/Map/FileSelectSky.hpp	decomp/include/Game/Map/FileSelectSky.hpp	exact-source	yes	d5657cd75b574812ac0bf6dd9349c649010ce1b39aaa512e38f59a51628f085a	d5657cd75b574812ac0bf6dd9349c649010ce1b39aaa512e38f59a51628f085a	0	0	0	byte-for-byte match
Map/FileSelector.cpp	src/Game/Map/FileSelector.cpp	decomp/src/Game/Map/FileSelector.cpp	compat-temporary	yes	ab5220e9b68f5d95e1b3b6696fb874f23e32f8e0574d35bbefd7a22bae5da010	0312cd806669274fc65ff4ad6e7d73a3305ad9c166ecce075f03ed0f55dea577	0	0	0	source exists but pc-port behavior/shape differs
Map/FileSelector.hpp	src/Game/Map/FileSelector.hpp	decomp/include/Game/Map/FileSelector.hpp	exact-source	yes	abc984fc721f8f58420cbb8a05a0f3497cc1ed3ec9fc74cbd9772c2234d4d363	abc984fc721f8f58420cbb8a05a0f3497cc1ed3ec9fc74cbd9772c2234d4d363	0	0	0	byte-for-byte match
Map/GroundChecker.cpp	src/Game/Map/GroundChecker.cpp	decomp/src/Game/Map/GroundChecker.cpp	exact-source	no	a0bc6aa01dfb88b40cd652bcc559e901d5c23d14ee1210c84edde83721823f57	a0bc6aa01dfb88b40cd652bcc559e901d5c23d14ee1210c84edde83721823f57	0	0	0	byte-for-byte match
Map/GroundChecker.hpp	src/Game/Map/GroundChecker.hpp	decomp/include/Game/Map/GroundChecker.hpp	exact-source	no	56c4c02b64dfdf421e0762fc5d61b46dee37a1f21d6ad5b03b3bc1df444e4a51	56c4c02b64dfdf421e0762fc5d61b46dee37a1f21d6ad5b03b3bc1df444e4a51	0	0	0	byte-for-byte match
Map/GroupSwitchWatcher.cpp	src/Game/Map/GroupSwitchWatcher.cpp	decomp/src/Game/Map/GroupSwitchWatcher.cpp	exact-source	no	b9b8c8b4236bd5d67e69078254f86611109d809a8ef9b34c897daf2e8491192f	b9b8c8b4236bd5d67e69078254f86611109d809a8ef9b34c897daf2e8491192f	0	0	0	byte-for-byte match
Map/GroupSwitchWatcher.hpp	src/Game/Map/GroupSwitchWatcher.hpp	decomp/include/Game/Map/GroupSwitchWatcher.hpp	exact-source	no	3c5767b7d2f9f4eac5158944f3b1a8e268aaa69076a30cfcb6468e62e953dc5a	3c5767b7d2f9f4eac5158944f3b1a8e268aaa69076a30cfcb6468e62e953dc5a	0	0	0	byte-for-byte match
Map/HitInfo.hpp	src/Game/Map/HitInfo.hpp	decomp/include/Game/Map/HitInfo.hpp	compat-temporary	no	f767ba9097cb11bc27a93202a4080ea195bd82bb71bba54fd45946cda176a47f	93e9bf70f8497c22882f96b3d14b895ac0969652ea11acc1bfd0808f758dabe6	0	0	0	source exists but pc-port behavior/shape differs
Map/KCollision.hpp	src/Game/Map/KCollision.hpp	decomp/include/Game/Map/KCollision.hpp	exact-source	no	0df72064d6cdcb9f8feb746ef331e27db7f846c492347a062237390322ef1d3c	0df72064d6cdcb9f8feb746ef331e27db7f846c492347a062237390322ef1d3c	0	0	0	byte-for-byte match
Map/LightDataHolder.cpp	src/Game/Map/LightDataHolder.cpp	decomp/src/Game/Map/LightDataHolder.cpp	compat-temporary	no	10b49523f48c6922c516d5e8f4188f717e07718a815cc72c6e1dbeb9cf0db2cf	8d6bc4bdc050e6256ff293ba005415c3b828130b5f73c1d4ca0421a238be3a57	0	0	0	source exists but pc-port behavior/shape differs
Map/LightDataHolder.hpp	src/Game/Map/LightDataHolder.hpp	decomp/include/Game/Map/LightDataHolder.hpp	compat-temporary	no	03930d10251b828f54d9b84b015dc088f59cf59d3f0867d2175af0dbec8e302c	d2ad1c4ef90a7fbbfe7ee77ef0c2aafca900e379dbfbf7e4b193b3bf7dee8a77	0	0	0	source exists but pc-port behavior/shape differs
Map/LightDirector.cpp	src/Game/Map/LightDirector.cpp	decomp/src/Game/Map/LightDirector.cpp	compile-only	no	b8491500105d2258251c0fc7d0ec2e990559adda50de572a9a1d4fd1a9d8997f	381bafeb2b187577fa9b6b757f7394deaeae28eb735592ad2b37af1bbde42810	0	0	0	explicit CP932 literal wrappers and encoding include only
Map/LightDirector.hpp	src/Game/Map/LightDirector.hpp	decomp/include/Game/Map/LightDirector.hpp	compat-temporary	no	9ebbb8a0b61c4cfb6ee15266dd4115072cc6b18efc0e9ae4e097f52d3dede635	b5b7688db7e40ed20f23402da46f85719d290fee686287a04ff3e4562ac15f73	0	0	0	source exists but pc-port behavior/shape differs
Map/LightFunction.cpp	src/Game/Map/LightFunction.cpp	decomp/src/Game/Map/LightFunction.cpp	exact-source	no	c8a52b7cb3148b94ca08735c5f78524e7b537cf6bf06fffa3c3174b3ee47bf5c	c8a52b7cb3148b94ca08735c5f78524e7b537cf6bf06fffa3c3174b3ee47bf5c	0	0	0	byte-for-byte match
Map/LightFunction.hpp	src/Game/Map/LightFunction.hpp	decomp/include/Game/Map/LightFunction.hpp	compat-temporary	no	872b54f4f70bbc555c23f0d62efe958954a079e63fd8a11a166254b9837ced10	a748ceca35b96d4c5facb93825c135cb9343e28f1f341ff97c0e67e25ef02a3e	0	0	0	source exists but pc-port behavior/shape differs
Map/LightPointCtrl.cpp	src/Game/Map/LightPointCtrl.cpp	decomp/src/Game/Map/LightPointCtrl.cpp	compat-temporary	no	ceed3e79b23c28f32931889f9d3ffe8b5fc3885e3d117d586cc3fc9cfdf57c53	583a559415b4b17e0b42f077aca95b3663508957352c50510d0c27fd3a59148a	0	0	0	source exists but pc-port behavior/shape differs
Map/LightPointCtrl.hpp	src/Game/Map/LightPointCtrl.hpp	decomp/include/Game/Map/LightPointCtrl.hpp	compat-temporary	no	3aeb8d92e3aedd9656c2781669d861b961d7ed3e7241851ca1afa845a0489e2d	01a0e006052556150d466dd7192d5429279dd0b17edb661fc1ba0eb55b5a1f37	0	0	0	source exists but pc-port behavior/shape differs
Map/LightZoneDataHolder.cpp	src/Game/Map/LightZoneDataHolder.cpp	decomp/src/Game/Map/LightZoneDataHolder.cpp	compat-temporary	no	b9d63d2510a89518ef2063d4a3c95e60c2497d72b8b298a104da5ea7b521ab0a	2a6dd612d060cb73207c4af1e798303141ce9a003c217a0205655bd2c209a561	0	0	0	source exists but pc-port behavior/shape differs
Map/LightZoneDataHolder.hpp	src/Game/Map/LightZoneDataHolder.hpp	decomp/include/Game/Map/LightZoneDataHolder.hpp	compat-temporary	no	40a881d2627688a917c23bd221dcf3423914e4f0c9321074c9ff4a93dac0da00	fd0bd1fc94d17a8ad7d3a633387324750793516058ba7e1b4b00da81c6ffafe3	0	0	0	source exists but pc-port behavior/shape differs
Map/NamePosHolder.cpp	src/Game/Map/NamePosHolder.cpp	decomp/src/Game/Map/NamePosHolder.cpp	compile-only	no	d9bdb7254221878d7e8d969cdffc04e03e5e579f887dd3bf1a6aa529b318cbf3	7160c588742d7d842f3923c2d11bd4af3bbee2d3e868caac40e362d6a3b1f9ae	0	0	0	explicit CP932 literal wrappers and encoding include only
Map/NamePosHolder.hpp	src/Game/Map/NamePosHolder.hpp	decomp/include/Game/Map/NamePosHolder.hpp	exact-source	no	d08400743f73381803c6acf02b35563921a2bb00c052482448ac8ce4c98f204b	d08400743f73381803c6acf02b35563921a2bb00c052482448ac8ce4c98f204b	0	0	0	byte-for-byte match
Map/OceanBowl.cpp	src/Game/Map/OceanBowl.cpp	decomp/src/Game/Map/OceanBowl.cpp	exact-source	no	8b24b688b44ca14f2bc55a9094cc11571010b304ff9c2296ca6891921c9cad67	8b24b688b44ca14f2bc55a9094cc11571010b304ff9c2296ca6891921c9cad67	0	0	0	byte-for-byte match
Map/OceanBowl.hpp	src/Game/Map/OceanBowl.hpp	decomp/include/Game/Map/OceanBowl.hpp	exact-source	no	13426b292e27914d8b76083cbc73ed36e24d1c2e46c6a8d0a343cd0cc608a023	13426b292e27914d8b76083cbc73ed36e24d1c2e46c6a8d0a343cd0cc608a023	0	0	0	byte-for-byte match
Map/OceanBowlBloomDrawer.hpp	src/Game/Map/OceanBowlBloomDrawer.hpp	decomp/include/Game/Map/OceanBowlBloomDrawer.hpp	exact-source	no	1b0d89a4c4b1fac06127ae6d0f97bd478478fed025ad905544a2e042ee610ea6	1b0d89a4c4b1fac06127ae6d0f97bd478478fed025ad905544a2e042ee610ea6	0	0	0	byte-for-byte match
Map/OceanBowlPoint.cpp	src/Game/Map/OceanBowlPoint.cpp	decomp/src/Game/Map/OceanBowlPoint.cpp	exact-source	no	8e8f1b1b618fec60c21b6b2995a50ac4e079162b2f2803907260a41bb491c004	8e8f1b1b618fec60c21b6b2995a50ac4e079162b2f2803907260a41bb491c004	0	0	0	byte-for-byte match
Map/OceanBowlPoint.hpp	src/Game/Map/OceanBowlPoint.hpp	decomp/include/Game/Map/OceanBowlPoint.hpp	exact-source	no	85c62fbb05219be98898b49cdb91f3e49b60001c1befc247c78d2d8824683dbf	85c62fbb05219be98898b49cdb91f3e49b60001c1befc247c78d2d8824683dbf	0	0	0	byte-for-byte match
Map/OceanHomeMapCtrl.hpp	src/Game/Map/OceanHomeMapCtrl.hpp	decomp/include/Game/Map/OceanHomeMapCtrl.hpp	exact-source	no	ff1b9cc348bee7974d24178bb78543f7123ec48fd24837d51822c8f7d17e2d8b	ff1b9cc348bee7974d24178bb78543f7123ec48fd24837d51822c8f7d17e2d8b	0	0	0	byte-for-byte match
Map/OceanRing.cpp	src/Game/Map/OceanRing.cpp	decomp/src/Game/Map/OceanRing.cpp	exact-source	no	7942b003e59404c4d91d305105d3bf07ab29d33edd2d1d7e33a127be027c6235	7942b003e59404c4d91d305105d3bf07ab29d33edd2d1d7e33a127be027c6235	0	0	0	byte-for-byte match
Map/OceanRing.hpp	src/Game/Map/OceanRing.hpp	decomp/include/Game/Map/OceanRing.hpp	exact-source	no	5221d98b9b1cf70fe62f028ea97fbaf7761e0aa5a6432067f421cb0e71f8e5e6	5221d98b9b1cf70fe62f028ea97fbaf7761e0aa5a6432067f421cb0e71f8e5e6	0	0	0	byte-for-byte match
Map/OceanRingBloomDrawer.hpp	src/Game/Map/OceanRingBloomDrawer.hpp	decomp/include/Game/Map/OceanRingBloomDrawer.hpp	exact-source	no	0281b69c1628828afe208d4559d42c461ebd631ed76961cc9ba4e6e79c43c867	0281b69c1628828afe208d4559d42c461ebd631ed76961cc9ba4e6e79c43c867	0	0	0	byte-for-byte match
Map/OceanRingDrawer.hpp	src/Game/Map/OceanRingDrawer.hpp	decomp/include/Game/Map/OceanRingDrawer.hpp	exact-source	no	d9dc8b9b47a3372789fc4ef38c063e662a0ddb88f684e5d0d14c90e4946c6e34	d9dc8b9b47a3372789fc4ef38c063e662a0ddb88f684e5d0d14c90e4946c6e34	0	0	0	byte-for-byte match
Map/OceanRingPipe.hpp	src/Game/Map/OceanRingPipe.hpp	decomp/include/Game/Map/OceanRingPipe.hpp	exact-source	no	766c5b3cb92902c9b1a8ee861c64b933e0d6cd48e7a05cef3f5dfff9ebc43c9e	766c5b3cb92902c9b1a8ee861c64b933e0d6cd48e7a05cef3f5dfff9ebc43c9e	0	0	0	byte-for-byte match
Map/OceanSphere.cpp	src/Game/Map/OceanSphere.cpp	decomp/src/Game/Map/OceanSphere.cpp	compile-only	no	2ecb444108bddcb17f132247e89e027c285b78c5c9553205007fb2785c0abc4c	e80c04d5e4a0cccbf9278a892fba7b07e5ea0b90c4cb9ae5fe43c21579277647	0	0	0	explicit CP932 literal wrappers and encoding include only
Map/OceanSphere.hpp	src/Game/Map/OceanSphere.hpp	decomp/include/Game/Map/OceanSphere.hpp	exact-source	no	62c6ad8c50ff30cca8c5ebba600a213526485cca1364555f88e727bee9009594	62c6ad8c50ff30cca8c5ebba600a213526485cca1364555f88e727bee9009594	0	0	0	byte-for-byte match
Map/OceanSpherePoint.hpp	src/Game/Map/OceanSpherePoint.hpp	decomp/include/Game/Map/OceanSpherePoint.hpp	exact-source	no	7cbb4657071f2290ce264bd7140617baf65b9b4775e435188b376bbf75b32348	7cbb4657071f2290ce264bd7140617baf65b9b4775e435188b376bbf75b32348	0	0	0	byte-for-byte match
Map/PlanetMap.cpp	src/Game/Map/PlanetMap.cpp	decomp/src/Game/Map/PlanetMap.cpp	compat-temporary	no	f8e0523ee6c61cd9054cd95dc53a313d757e2b8ef4635492078ff1d9ed9ee0ae	a0410518b7874fa9b6f47db2c3507468d355abc972ee25dbc42830c11a60c59a	0	0	0	source exists but pc-port behavior/shape differs
Map/PlanetMap.hpp	src/Game/Map/PlanetMap.hpp	decomp/include/Game/Map/PlanetMap.hpp	exact-source	no	2fa4acb1e40655035e6548c4c16de96a359b65b046c6eb57380961b5fd6075a2	2fa4acb1e40655035e6548c4c16de96a359b65b046c6eb57380961b5fd6075a2	0	0	0	byte-for-byte match
Map/PlanetMapCreator.hpp	src/Game/Map/PlanetMapCreator.hpp	decomp/include/Game/Map/PlanetMapCreator.hpp	exact-source	no	639e1d05db9c1427e764cee38e7402d07a6fe4c6d7be5759b17fc5f9d38e5606	639e1d05db9c1427e764cee38e7402d07a6fe4c6d7be5759b17fc5f9d38e5606	0	0	0	byte-for-byte match
Map/RaceManager.cpp	src/Game/Map/RaceManager.cpp	decomp/src/Game/Map/RaceManager.cpp	compile-only	no	17bf02019e7bcb9a008e3caddee65910da52c31d424a2bb9908a24c7e882ae87	e1ee3c43a1808e2a842da1e5d1aca785f297e4463ea3a45628b13a3c550b7de2	0	0	0	explicit CP932 literal wrappers and encoding include only
Map/RaceManager.hpp	src/Game/Map/RaceManager.hpp	decomp/include/Game/Map/RaceManager.hpp	exact-source	no	71794a4d2b5b209fef463b8eb4b26b0966a95358d0434bec179e6f7d6e0d2824	71794a4d2b5b209fef463b8eb4b26b0966a95358d0434bec179e6f7d6e0d2824	0	0	0	byte-for-byte match
Map/RaceRail.hpp	src/Game/Map/RaceRail.hpp	decomp/include/Game/Map/RaceRail.hpp	exact-source	no	016cae555e993ff81c5d1cbef5db23bb54abd66c471b742ac2231495e00c8ac6	016cae555e993ff81c5d1cbef5db23bb54abd66c471b742ac2231495e00c8ac6	0	0	0	byte-for-byte match
Map/RailPart.cpp	src/Game/Map/RailPart.cpp	decomp/src/Game/Map/RailPart.cpp	exact-source	no	928fcb5eaa42a5f96ae5d5e91852fe7c063c973a4bcb92b8e07feee48dbac194	928fcb5eaa42a5f96ae5d5e91852fe7c063c973a4bcb92b8e07feee48dbac194	0	0	0	byte-for-byte match
Map/RailPart.hpp	src/Game/Map/RailPart.hpp	decomp/include/Game/Map/RailPart.hpp	exact-source	no	1f313054bc4a73c1bedc9d71ea010a14bbbe5613deddaeccadf798e92916c89d	1f313054bc4a73c1bedc9d71ea010a14bbbe5613deddaeccadf798e92916c89d	0	0	0	byte-for-byte match
Map/ScenarioSelectStar.cpp	src/Game/Map/ScenarioSelectStar.cpp	decomp/src/Game/Map/ScenarioSelectStar.cpp	compile-only	no	4147e08b4282b740de07a5c67250c18dbbbad716d42fd3840f454c8bede823d5	c3b1b841a2241961c4d65026e646d5923359bd3ddd7042bb3480e1858d8cafb8	0	0	0	explicit CP932 literal wrappers and encoding include only
Map/ScenarioSelectStar.hpp	src/Game/Map/ScenarioSelectStar.hpp	decomp/include/Game/Map/ScenarioSelectStar.hpp	exact-source	no	11029807ba6323777284bce89df45e78efecf095d6b4114d4c192feb28686310	11029807ba6323777284bce89df45e78efecf095d6b4114d4c192feb28686310	0	0	0	byte-for-byte match
Map/Sky.cpp	src/Game/Map/Sky.cpp	decomp/src/Game/Map/Sky.cpp	compile-only	no	f0b4ca535a275e285ad296de0cdc0eb842e35833d8589471a968e64ff7562be6	42b1928a6e5473d63bb730c4aaf0a18cec03f3a91077168a5b94df5c8c1f7c73	0	0	0	explicit CP932 literal wrappers and encoding include only
Map/Sky.hpp	src/Game/Map/Sky.hpp	decomp/include/Game/Map/Sky.hpp	exact-source	no	a0fef3b08aee299dc63a16b84d82e604f2109e90b192e45442fe22af52a50543	a0fef3b08aee299dc63a16b84d82e604f2109e90b192e45442fe22af52a50543	0	0	0	byte-for-byte match
Map/SleepController.cpp	src/Game/Map/SleepController.cpp	decomp/src/Game/Map/SleepController.cpp	exact-source	no	35003defce004e023872144152d14c0a02d812caffc383d8aeda8b0b595f8219	35003defce004e023872144152d14c0a02d812caffc383d8aeda8b0b595f8219	0	0	0	byte-for-byte match
Map/SleepController.hpp	src/Game/Map/SleepController.hpp	decomp/include/Game/Map/SleepController.hpp	exact-source	no	f5338bac67f47816aa192be4c8012e98f385b2de7c659bbf216cd6a72368151a	f5338bac67f47816aa192be4c8012e98f385b2de7c659bbf216cd6a72368151a	0	0	0	byte-for-byte match
Map/SleepControllerHolder.cpp	src/Game/Map/SleepControllerHolder.cpp	decomp/src/Game/Map/SleepControllerHolder.cpp	compile-only	no	016aa0ad6b455016e1794afdf42bfbff172ac41b4b89abb4f9c4686c4ba6d3bb	37dac27e0f9d9eb0ed555fca39fb9a078fc5e2b338158aa3fe974c25bca8ab5b	0	0	0	explicit CP932 literal wrappers and encoding include only
Map/SleepControllerHolder.hpp	src/Game/Map/SleepControllerHolder.hpp	decomp/include/Game/Map/SleepControllerHolder.hpp	exact-source	no	2b55054e06e1ce89dc46d58d0d1a2cc9fe473af8ea5a6e1e8761d0cbfc6101a5	2b55054e06e1ce89dc46d58d0d1a2cc9fe473af8ea5a6e1e8761d0cbfc6101a5	0	0	0	byte-for-byte match
Map/SpaceInner.cpp	src/Game/Map/SpaceInner.cpp	decomp/src/Game/Map/SpaceInner.cpp	exact-source	no	68af97382b7243c691117f9e46fdf6db23062bb7ce1a1b96ac0e781e82a105a3	68af97382b7243c691117f9e46fdf6db23062bb7ce1a1b96ac0e781e82a105a3	0	0	0	byte-for-byte match
Map/SpaceInner.hpp	src/Game/Map/SpaceInner.hpp	decomp/include/Game/Map/SpaceInner.hpp	exact-source	no	a855726b26216fd2b64edf728df75ebf3a65c485158d72197cb749c91922de89	a855726b26216fd2b64edf728df75ebf3a65c485158d72197cb749c91922de89	0	0	0	byte-for-byte match
Map/SphereSelector.cpp	src/Game/Map/SphereSelector.cpp	decomp/src/Game/Map/SphereSelector.cpp	compat-temporary	no	dae3aac5de6a7f01e71ddc8edd22a93b3fcfa704c8869565fe8c8eebc55c5be3	90209d59df9be3134545f6b6c70d2015404f75bb7f3a9eb15a981e941124d604	0	0	0	source exists but pc-port behavior/shape differs
Map/SphereSelector.hpp	src/Game/Map/SphereSelector.hpp	decomp/include/Game/Map/SphereSelector.hpp	exact-source	no	b1a4874a199e104b146aa618a3e4f244a4819b18f03135d5165fd19b7f0f2d52	b1a4874a199e104b146aa618a3e4f244a4819b18f03135d5165fd19b7f0f2d52	0	0	0	byte-for-byte match
Map/SphereSelectorHandle.cpp	src/Game/Map/SphereSelectorHandle.cpp	decomp/src/Game/Map/SphereSelectorHandle.cpp	exact-source	no	864a4a6d3d5a71bd331a91e8f24ed39639d812ad845c4dbdbf730c33aca5f77c	864a4a6d3d5a71bd331a91e8f24ed39639d812ad845c4dbdbf730c33aca5f77c	0	0	0	byte-for-byte match
Map/SphereSelectorHandle.hpp	src/Game/Map/SphereSelectorHandle.hpp	decomp/include/Game/Map/SphereSelectorHandle.hpp	exact-source	no	2c233621b55d7911eafc26538238301939782f4a7d92091ed40b4380d15eb334	2c233621b55d7911eafc26538238301939782f4a7d92091ed40b4380d15eb334	0	0	0	byte-for-byte match
Map/StageSwitch.cpp	src/Game/Map/StageSwitch.cpp	decomp/src/Game/Map/StageSwitch.cpp	compat-temporary	no	10085ed6b0aa1d77245228a1c1fe1365902325d7b1a48a7d0a6b7fae10840b32	49b9b85d57fe91fd69ea9d95e17b87766f3eb53af412a3ab17279eecef7f4c6d	0	0	0	source exists but pc-port behavior/shape differs
Map/StageSwitch.hpp	src/Game/Map/StageSwitch.hpp	decomp/include/Game/Map/StageSwitch.hpp	exact-source	no	766a9127b10ee5500e107d8f8d78f08c0c4bfa9d953d0df5e630012dd8539aee	766a9127b10ee5500e107d8f8d78f08c0c4bfa9d953d0df5e630012dd8539aee	0	0	0	byte-for-byte match
Map/SunshadeMapHolder.cpp	src/Game/Map/SunshadeMapHolder.cpp	decomp/src/Game/Map/SunshadeMapHolder.cpp	compile-only	no	5cfbea0f84df8534347afb112d675ce883e4100bb47cbb3f255ba9a65c111ae1	021bda425af1229256d15fdc21c1efabeb2067dc32b75970234c1a3c9f8d8d59	0	0	0	explicit CP932 literal wrappers and encoding include only
Map/SunshadeMapHolder.hpp	src/Game/Map/SunshadeMapHolder.hpp	decomp/include/Game/Map/SunshadeMapHolder.hpp	exact-source	no	15077e790f053f35caaa13effba661d5f255bbf74b704a7d1a5afc957593faaf	15077e790f053f35caaa13effba661d5f255bbf74b704a7d1a5afc957593faaf	0	0	0	byte-for-byte match
Map/SwitchSynchronizer.cpp	src/Game/Map/SwitchSynchronizer.cpp	decomp/src/Game/Map/SwitchSynchronizer.cpp	exact-source	no	3789f06fb63577ae727da97cfc7d063df51e6c09dcec1ad5a7f4ddc00a66f4a9	3789f06fb63577ae727da97cfc7d063df51e6c09dcec1ad5a7f4ddc00a66f4a9	0	0	0	byte-for-byte match
Map/SwitchSynchronizer.hpp	src/Game/Map/SwitchSynchronizer.hpp	decomp/include/Game/Map/SwitchSynchronizer.hpp	exact-source	no	d19781b69922dc33ebbe9678cf53f2f9ab8f8d3e1d2426291e8583c44ae15a5e	d19781b69922dc33ebbe9678cf53f2f9ab8f8d3e1d2426291e8583c44ae15a5e	0	0	0	byte-for-byte match
Map/SwitchWatcher.cpp	src/Game/Map/SwitchWatcher.cpp	decomp/src/Game/Map/SwitchWatcher.cpp	compile-only	no	09670c71149653670e2b4de741d56a437d603a90c7c85b5f7e791eaf072e1630	c01b5f71df08e4c5ac8023d9166402c5da6f299d04c31db207bf19b44c6ced0c	0	0	0	explicit CP932 literal wrappers and encoding include only
Map/SwitchWatcher.hpp	src/Game/Map/SwitchWatcher.hpp	decomp/include/Game/Map/SwitchWatcher.hpp	exact-source	no	b9121eec44ff4c14d9bd47ddcab737c8057bfcfb8c58095e5a122938faecb457	b9121eec44ff4c14d9bd47ddcab737c8057bfcfb8c58095e5a122938faecb457	0	0	0	byte-for-byte match
Map/SwitchWatcherHolder.cpp	src/Game/Map/SwitchWatcherHolder.cpp	decomp/src/Game/Map/SwitchWatcherHolder.cpp	compat-temporary	no	02922a28250d8bcd9160bc37c0203f38af98a458bbe08819df1e46e749f5cc02	735bdebec16f56de739a283be6b74604f016058e2329bd060347b318c6ad6e74	0	0	0	source exists but pc-port behavior/shape differs
Map/SwitchWatcherHolder.hpp	src/Game/Map/SwitchWatcherHolder.hpp	decomp/include/Game/Map/SwitchWatcherHolder.hpp	exact-source	no	7c0081c80b46da2c81d84d0be4ab4b42438b35e50c6fc4da1aa1c1b51b5b705c	7c0081c80b46da2c81d84d0be4ab4b42438b35e50c6fc4da1aa1c1b51b5b705c	0	0	0	byte-for-byte match
Map/WaterAreaHolder.cpp	src/Game/Map/WaterAreaHolder.cpp	decomp/src/Game/Map/WaterAreaHolder.cpp	compile-only	no	f8dcdfa6f5418ca440a38a3c2a3c1e35b309ff5d36cc3518dbc7dbc225b54d31	91f39f781a9d77164a32f2160c4069483f8664f330e30d38f557194f9b3dd2b0	0	0	0	explicit CP932 literal wrappers and encoding include only
Map/WaterAreaHolder.hpp	src/Game/Map/WaterAreaHolder.hpp	decomp/include/Game/Map/WaterAreaHolder.hpp	exact-source	no	38409ea869564c4829f4ce039c5018c8c803a8236b36f4a2482c059c5171953b	38409ea869564c4829f4ce039c5018c8c803a8236b36f4a2482c059c5171953b	0	0	0	byte-for-byte match
Map/WaterInfo.cpp	src/Game/Map/WaterInfo.cpp	decomp/src/Game/Map/WaterInfo.cpp	exact-source	no	99b458635a37babb698325273e3eb8fdd63a048d8d7e9aaabdefe70f960df4ab	99b458635a37babb698325273e3eb8fdd63a048d8d7e9aaabdefe70f960df4ab	0	0	0	byte-for-byte match
Map/WaterInfo.hpp	src/Game/Map/WaterInfo.hpp	decomp/include/Game/Map/WaterInfo.hpp	exact-source	no	9c596b3dfb1413beb1ee26410db25bac4bdc027f183505c3546dc330e05ec47b	9c596b3dfb1413beb1ee26410db25bac4bdc027f183505c3546dc330e05ec47b	0	0	0	byte-for-byte match
Map/WaterPoint.cpp	src/Game/Map/WaterPoint.cpp	decomp/src/Game/Map/WaterPoint.cpp	exact-source	no	e9149f6c8189808bd73e19c21873c02bec2043a5a2853e789f1164c49d3baf14	e9149f6c8189808bd73e19c21873c02bec2043a5a2853e789f1164c49d3baf14	0	0	0	byte-for-byte match
Map/WaterPoint.hpp	src/Game/Map/WaterPoint.hpp	decomp/include/Game/Map/WaterPoint.hpp	exact-source	no	80500c1fff607a0159b571813b3103f6f5a789d2ad7993fc175a19197ba14e10	80500c1fff607a0159b571813b3103f6f5a789d2ad7993fc175a19197ba14e10	0	0	0	byte-for-byte match
Map/WhirlPoolAccelerator.cpp	src/Game/Map/WhirlPoolAccelerator.cpp	decomp/src/Game/Map/WhirlPoolAccelerator.cpp	exact-source	no	dc8f5515ab4e23d6f1c6760b1eb0bcc78d9bf5cd335c26be973455a7f33ffa23	dc8f5515ab4e23d6f1c6760b1eb0bcc78d9bf5cd335c26be973455a7f33ffa23	0	0	0	byte-for-byte match
Map/WhirlPoolAccelerator.hpp	src/Game/Map/WhirlPoolAccelerator.hpp	decomp/include/Game/Map/WhirlPoolAccelerator.hpp	exact-source	no	894b2f398ff478b48604804cd5ee1a50400662ab4b2a868112c3040101f24575	894b2f398ff478b48604804cd5ee1a50400662ab4b2a868112c3040101f24575	0	0	0	byte-for-byte match
MapObj/BenefitItemLifeUp.hpp	src/Game/MapObj/BenefitItemLifeUp.hpp	decomp/include/Game/MapObj/BenefitItemLifeUp.hpp	exact-source	no	1f075baf2371fc45587a0769a39c160e67505b781d9ce7e386f95d0e675354b3	1f075baf2371fc45587a0769a39c160e67505b781d9ce7e386f95d0e675354b3	0	0	0	byte-for-byte match
MapObj/BenefitItemObj.hpp	src/Game/MapObj/BenefitItemObj.hpp	decomp/include/Game/MapObj/BenefitItemObj.hpp	exact-source	no	25a46b50e6e4e818f2400c7e7bfb1f3fc670c4473534c82eb9664eb0245af3e9	25a46b50e6e4e818f2400c7e7bfb1f3fc670c4473534c82eb9664eb0245af3e9	0	0	0	byte-for-byte match
MapObj/BigFan.cpp	src/Game/MapObj/BigFan.cpp	decomp/src/Game/MapObj/BigFan.cpp	compile-only	no	497bbd6d36c5ee1dad896aa51de2bc4b15c750cb12187d44e9e1c8f928570b4a	ef3dde538666a39c34013764a80c9e36cc505a7a4cd7cc33a883a8e029914c91	0	0	0	explicit CP932 literal wrappers and encoding include only
MapObj/BigFan.hpp	src/Game/MapObj/BigFan.hpp	decomp/include/Game/MapObj/BigFan.hpp	exact-source	no	2d839c748536457ac6d63c6a3dca9fdff164d84bcd6705d2a2cd3098dea0d64d	2d839c748536457ac6d63c6a3dca9fdff164d84bcd6705d2a2cd3098dea0d64d	0	0	0	byte-for-byte match
MapObj/BigFanHolder.cpp	src/Game/MapObj/BigFanHolder.cpp	decomp/src/Game/MapObj/BigFanHolder.cpp	compat-temporary	no	55f1270d7e4c9086edcfb08fe4f19815ae72bbbfa05fff2905ee00d7b8cb7d49	348d6b4102493bbd8e8630bf87b59ba4723880e9cf7a075c4ef80e01305bb58b	0	0	0	source exists but pc-port behavior/shape differs
MapObj/BigFanHolder.hpp	src/Game/MapObj/BigFanHolder.hpp	decomp/include/Game/MapObj/BigFanHolder.hpp	exact-source	no	44115dd77b4f250f51b0fe8a9a07e4d5a2ab5a6d77aa04e2c5b6fec6df293f94	44115dd77b4f250f51b0fe8a9a07e4d5a2ab5a6d77aa04e2c5b6fec6df293f94	0	0	0	byte-for-byte match
MapObj/BlackHole.cpp	src/Game/MapObj/BlackHole.cpp	decomp/src/Game/MapObj/BlackHole.cpp	compile-only	no	7a62d32595218ba9c7bf4d2f1e2352eeafee18eabe234414d52387696b25c00e	40d542a2ab578ee74bf918d56582d1ae576d46a4d3d0efa19a218adfe8ea6711	0	0	0	explicit CP932 literal wrappers and encoding include only
MapObj/BlackHole.hpp	src/Game/MapObj/BlackHole.hpp	decomp/include/Game/MapObj/BlackHole.hpp	exact-source	no	fa97337b8a05246096e136b16b0ba229810e47449b3d103ea6418a69cce54450	fa97337b8a05246096e136b16b0ba229810e47449b3d103ea6418a69cce54450	0	0	0	byte-for-byte match
MapObj/BrightObj.cpp	src/Game/MapObj/BrightObj.cpp	decomp/src/Game/MapObj/BrightObj.cpp	compat-temporary	no	a8f7c6726cf69ce97710e1a011e3293d0244456f451767cab83db8b4507f837b	64e9700d66ad3f0e0799aca3e1991a76e6c8cb70f3561933d64336c66bf137c9	0	0	0	source exists but pc-port behavior/shape differs
MapObj/BrightObj.hpp	src/Game/MapObj/BrightObj.hpp	decomp/include/Game/MapObj/BrightObj.hpp	compat-temporary	no	e22a2463c9432418e470125779c1b8e33e8bfc5f8c5bb2828ba139095ddd158c	f909c406c32f4dabcde5808318e97a3002846dd23dcba9be665a809f51e2f6a3	0	0	0	source exists but pc-port behavior/shape differs
MapObj/ChipBase.hpp	src/Game/MapObj/ChipBase.hpp	decomp/include/Game/MapObj/ChipBase.hpp	exact-source	no	b73d7f26aaf7f600bb20948f4f344a84c21816b8c2b269eea60718464cf5e36f	b73d7f26aaf7f600bb20948f4f344a84c21816b8c2b269eea60718464cf5e36f	0	0	0	byte-for-byte match
MapObj/ChipCounter.cpp	src/Game/MapObj/ChipCounter.cpp	decomp/src/Game/MapObj/ChipCounter.cpp	compile-only	no	1a33de70600af853739167367834a1de3852b5347a880a5eb362aa0f13302509	0d96cd0a14330ad81484f5c254d9557dd8442e30d487893d4a7efa182f52c6c0	0	0	0	explicit CP932 literal wrappers and encoding include only
MapObj/ChipCounter.hpp	src/Game/MapObj/ChipCounter.hpp	decomp/include/Game/MapObj/ChipCounter.hpp	exact-source	no	f5023aad92a22cac59e458f109178410e63e39db0a0e33565d796cff59ce6aac	f5023aad92a22cac59e458f109178410e63e39db0a0e33565d796cff59ce6aac	0	0	0	byte-for-byte match
MapObj/ChipGroup.cpp	src/Game/MapObj/ChipGroup.cpp	decomp/src/Game/MapObj/ChipGroup.cpp	exact-source	no	1ecca94d83f1004246549b5148e2462b57674dfe9743f8a61c48cd0a36454abc	1ecca94d83f1004246549b5148e2462b57674dfe9743f8a61c48cd0a36454abc	0	0	0	byte-for-byte match
MapObj/ChipGroup.hpp	src/Game/MapObj/ChipGroup.hpp	decomp/include/Game/MapObj/ChipGroup.hpp	exact-source	no	c638931beb2eb519d5c318edbccedb5b44d124946821a9b8b99f8ac4691d95e6	c638931beb2eb519d5c318edbccedb5b44d124946821a9b8b99f8ac4691d95e6	0	0	0	byte-for-byte match
MapObj/ChipHolder.cpp	src/Game/MapObj/ChipHolder.cpp	decomp/src/Game/MapObj/ChipHolder.cpp	compile-only	no	231e0047924889769283e96e299ef891af33a749df1425f857f2b7577fcdb107	fa781496f27e0e4c758556922f1caff4c7106bdf7a3d0bc7a06c9c4f446d6f35	0	0	0	explicit CP932 literal wrappers and encoding include only
MapObj/ChipHolder.hpp	src/Game/MapObj/ChipHolder.hpp	decomp/include/Game/MapObj/ChipHolder.hpp	exact-source	no	255c68f11a514dd8bfc4807c6e7024ab9df36ebe847a5c6265d09a30f5f33344	255c68f11a514dd8bfc4807c6e7024ab9df36ebe847a5c6265d09a30f5f33344	0	0	0	byte-for-byte match
MapObj/ClipArea.hpp	src/Game/MapObj/ClipArea.hpp	decomp/include/Game/MapObj/ClipArea.hpp	compat-temporary	no	015137cfbb3a9aa6f3d679b9344a58635ce88c0cf14e2da3c1b74b81667eb075	c2f9fdd46a42051b0c766571b0cab7ae175e42ab11d09b243bffb95e6547261b	0	0	0	source exists but pc-port behavior/shape differs
MapObj/ClipAreaHolder.cpp	src/Game/MapObj/ClipAreaHolder.cpp	decomp/src/Game/MapObj/ClipAreaHolder.cpp	exact-source	no	cb17ec6c5ebff9e30aa29962f114f7079b779037aa47be6322ef2cc07c9e0940	cb17ec6c5ebff9e30aa29962f114f7079b779037aa47be6322ef2cc07c9e0940	0	0	0	byte-for-byte match
MapObj/ClipAreaHolder.hpp	src/Game/MapObj/ClipAreaHolder.hpp	decomp/include/Game/MapObj/ClipAreaHolder.hpp	exact-source	no	a8f3658049f31d65ba46928eb526da56fc4e88a6b5331b96b6729f7fa6235511	a8f3658049f31d65ba46928eb526da56fc4e88a6b5331b96b6729f7fa6235511	0	0	0	byte-for-byte match
MapObj/Coin.cpp	src/Game/MapObj/Coin.cpp	decomp/src/Game/MapObj/Coin.cpp	compile-only	no	bf260a1b24b59cb666a2acf6b2aaf95160ed166d2a4d271750964c3ceb2f40af	a57b9aaf9609a2506003929c6f01bd89a80b17004ab32144b6edb6c5cfc9fa89	0	0	0	explicit CP932 literal wrappers and encoding include only
MapObj/Coin.hpp	src/Game/MapObj/Coin.hpp	decomp/include/Game/MapObj/Coin.hpp	exact-source	no	d0da2ee223cbc2ba5319e198396777383d0808109c0ec79b72a4563665a514d3	d0da2ee223cbc2ba5319e198396777383d0808109c0ec79b72a4563665a514d3	0	0	0	byte-for-byte match
MapObj/CoinGroup.cpp	src/Game/MapObj/CoinGroup.cpp	decomp/src/Game/MapObj/CoinGroup.cpp	compile-only	no	467f606ea6b3df0314098e5aa0ca27cdab877b815b275b261e0d23ef1f7b7aee	2cc8e7275f58fd3e25b31789377cd063b474d35e3a18df9cb446e28c53f08e03	0	0	0	explicit CP932 literal wrappers and encoding include only
MapObj/CoinGroup.hpp	src/Game/MapObj/CoinGroup.hpp	decomp/include/Game/MapObj/CoinGroup.hpp	exact-source	no	a940e38087bbf3c2a0223db711c44502ab65a5fb6bf7ebde1f0828bbe78e4892	a940e38087bbf3c2a0223db711c44502ab65a5fb6bf7ebde1f0828bbe78e4892	0	0	0	byte-for-byte match
MapObj/CoinHolder.cpp	src/Game/MapObj/CoinHolder.cpp	decomp/src/Game/MapObj/CoinHolder.cpp	compat-temporary	no	8791334e88c0fa21783e32ba50d03854ce4fe397610faa324ba9aedeec136238	e363911b77426c62245eeabc360351a475f33f165555b11fa359d5d684b321a6	0	0	0	source exists but pc-port behavior/shape differs
MapObj/CoinHolder.hpp	src/Game/MapObj/CoinHolder.hpp	decomp/include/Game/MapObj/CoinHolder.hpp	exact-source	no	dd28880eefeaab48367af860501aabf3e1fffe3b83cc473e0bd39f0f6cface32	dd28880eefeaab48367af860501aabf3e1fffe3b83cc473e0bd39f0f6cface32	0	0	0	byte-for-byte match
MapObj/CoinRotater.cpp	src/Game/MapObj/CoinRotater.cpp	decomp/src/Game/MapObj/CoinRotater.cpp	compat-temporary	no	63459699e5669138217fe75ae7e0de5bbfecd2cd63748f12994eb3ee65d21c6f	fb0d2b5978d49333cd1c65c749d886ba2b7803910f40a053d6943b4ac0938eab	0	0	0	source exists but pc-port behavior/shape differs
MapObj/CoinRotater.hpp	src/Game/MapObj/CoinRotater.hpp	decomp/include/Game/MapObj/CoinRotater.hpp	compile-only	no	61e2bc0159b30c46886284496295cc01d80989ce963b72551349a5e0ab2287e5	f38eeb37643eeec03747733127ea23108036e205be0e527d7a14d566a0f1b517	0	0	0	line ending or trailing whitespace only
MapObj/CollectCounter.cpp	src/Game/MapObj/CollectCounter.cpp	decomp/src/Game/MapObj/CollectCounter.cpp	exact-source	no	ed3ae9a5f65a234d7a2a26ffe9d4397d5f108a6ed6fa3c01b77f2d31e9b56c65	ed3ae9a5f65a234d7a2a26ffe9d4397d5f108a6ed6fa3c01b77f2d31e9b56c65	0	0	0	byte-for-byte match
MapObj/CollectCounter.hpp	src/Game/MapObj/CollectCounter.hpp	decomp/include/Game/MapObj/CollectCounter.hpp	exact-source	no	40032f5f1d0b8f3b02cb41fd0160b7b103c4f4d3e9455876e685cef8163b6e09	40032f5f1d0b8f3b02cb41fd0160b7b103c4f4d3e9455876e685cef8163b6e09	0	0	0	byte-for-byte match
MapObj/CollisionBlocker.cpp	src/Game/MapObj/CollisionBlocker.cpp	decomp/src/Game/MapObj/CollisionBlocker.cpp	compat-temporary	no	742cfb9d0528bcb209d85a4d6e9944a1a0b6299b946fabc34b5c5643ad91a4b7	abd17882f2496a1f9f743ced818d17a30cd7a1bacb8b22eee21d2207211d6913	0	0	0	source exists but pc-port behavior/shape differs
MapObj/CollisionBlocker.hpp	src/Game/MapObj/CollisionBlocker.hpp	decomp/include/Game/MapObj/CollisionBlocker.hpp	compat-temporary	no	74f7a7832d10c13254aeab03dc2fa5ef67ddc8c84bd3d4da29b9e5386abf6e8f	e680b3fa8d92b999c511a331050ac5b4039a1d8da9620cad5c86b769859e5162	0	0	0	source exists but pc-port behavior/shape differs
MapObj/CrystalCage.cpp	src/Game/MapObj/CrystalCage.cpp	decomp/src/Game/MapObj/CrystalCage.cpp	compat-temporary	no	660650307af6bfe2da9d1a05755ccece6d98319abbfe158f0d1711bcc8e49814	4b5e233353baf755ecd52d20ba4c95e0f3a5ae8548a488fd387520c075ec37f3	0	0	0	source exists but pc-port behavior/shape differs
MapObj/CrystalCage.hpp	src/Game/MapObj/CrystalCage.hpp	decomp/include/Game/MapObj/CrystalCage.hpp	exact-source	no	47943fe0bc50b547191bfcc14415f919ac62b109bbffcb5c15b3e18568354c81	47943fe0bc50b547191bfcc14415f919ac62b109bbffcb5c15b3e18568354c81	0	0	0	byte-for-byte match
MapObj/CutBushModelObj.cpp	src/Game/MapObj/CutBushModelObj.cpp	decomp/src/Game/MapObj/CutBushModelObj.cpp	exact-source	no	c3353a861909c9ef0624de62f9fb603c7291917b084462ebe95f9fbfddd0c5a8	c3353a861909c9ef0624de62f9fb603c7291917b084462ebe95f9fbfddd0c5a8	0	0	0	byte-for-byte match
MapObj/CutBushModelObj.hpp	src/Game/MapObj/CutBushModelObj.hpp	decomp/include/Game/MapObj/CutBushModelObj.hpp	exact-source	no	20379d5ddb22edc9fdb5ee513142d0c1531c9ce9588e2927b9ef3c799585963e	20379d5ddb22edc9fdb5ee513142d0c1531c9ce9588e2927b9ef3c799585963e	0	0	0	byte-for-byte match
MapObj/DashRing.hpp	src/Game/MapObj/DashRing.hpp	decomp/include/Game/MapObj/DashRing.hpp	exact-source	no	0814e6f1dbafe9e73369e1c208e4c2f0a5dd4a26cbe864f68a7363bd2a3f6a0d	0814e6f1dbafe9e73369e1c208e4c2f0a5dd4a26cbe864f68a7363bd2a3f6a0d	0	0	0	byte-for-byte match
MapObj/DummyDisplayModel.cpp	src/Game/MapObj/DummyDisplayModel.cpp	decomp/src/Game/MapObj/DummyDisplayModel.cpp	exact-source	no	fc602f5d9f051b2cdd2c9e9838f568e9687ad3faed8008dbc4ed50b021e31218	fc602f5d9f051b2cdd2c9e9838f568e9687ad3faed8008dbc4ed50b021e31218	0	0	0	byte-for-byte match
MapObj/DummyDisplayModel.hpp	src/Game/MapObj/DummyDisplayModel.hpp	decomp/include/Game/MapObj/DummyDisplayModel.hpp	exact-source	no	390419c4f70c5a545cc08848a48c894d01252e6911e3fe7ea3130c2c83c0016c	390419c4f70c5a545cc08848a48c894d01252e6911e3fe7ea3130c2c83c0016c	0	0	0	byte-for-byte match
MapObj/DynamicCollisionObj.cpp	src/Game/MapObj/DynamicCollisionObj.cpp	decomp/src/Game/MapObj/DynamicCollisionObj.cpp	exact-source	no	037a3eb6fb814061cd139212cd7dd15abe6b1c2c0ce83c6cd59577277fc16068	037a3eb6fb814061cd139212cd7dd15abe6b1c2c0ce83c6cd59577277fc16068	0	0	0	byte-for-byte match
MapObj/DynamicCollisionObj.hpp	src/Game/MapObj/DynamicCollisionObj.hpp	decomp/include/Game/MapObj/DynamicCollisionObj.hpp	exact-source	no	fadb927a6ca936e3d3a3bcde13552e51cf6b2143e1869ac308aae7ed1604cc6d	fadb927a6ca936e3d3a3bcde13552e51cf6b2143e1869ac308aae7ed1604cc6d	0	0	0	byte-for-byte match
MapObj/EarthenPipe.cpp	src/Game/MapObj/EarthenPipe.cpp	decomp/src/Game/MapObj/EarthenPipe.cpp	compile-only	no	91b2e2529f728396fba58658135f764075222ad6096d953029e786fd8ce3dc10	8d320c9fbe1a529019c0bd6224385f9fcb881124a5a00ff25324c6ae57fb9946	0	0	0	explicit CP932 literal wrappers and encoding include only
MapObj/EarthenPipe.hpp	src/Game/MapObj/EarthenPipe.hpp	decomp/include/Game/MapObj/EarthenPipe.hpp	exact-source	no	4ded1cad952468a63ae697a962297a1c468de8bf9c14ce97c4ac04eead6c60e9	4ded1cad952468a63ae697a962297a1c468de8bf9c14ce97c4ac04eead6c60e9	0	0	0	byte-for-byte match
MapObj/FlipPanel.cpp	src/Game/MapObj/FlipPanel.cpp	decomp/src/Game/MapObj/FlipPanel.cpp	compile-only	no	7d23afc6187e37b81980c41bf588f04346436ec3554bf0ed6ac8f9f8a44a7c26	da94fe3edba77a962ab918b9ec2e7a536957e2de554a05cb0c43a2be8a7acef0	0	0	24	explicit CP932 literal wrappers and encoding include only
MapObj/FlipPanel.hpp	src/Game/MapObj/FlipPanel.hpp	decomp/include/Game/MapObj/FlipPanel.hpp	exact-source	no	f02f4f0b178d5161041a8d2dca1523851f384c6dd33406a7098976da58c04767	f02f4f0b178d5161041a8d2dca1523851f384c6dd33406a7098976da58c04767	0	0	3	byte-for-byte match
MapObj/GCapture.hpp	src/Game/MapObj/GCapture.hpp	decomp/include/Game/MapObj/GCapture.hpp	exact-source	no	043db6a504db26d7d6e9f3eb4e3034d9ccbcde92c5d47442071db881db8dd82e	043db6a504db26d7d6e9f3eb4e3034d9ccbcde92c5d47442071db881db8dd82e	0	0	0	byte-for-byte match
MapObj/HeavensDoorDemoObj.cpp	src/Game/MapObj/HeavensDoorDemoObj.cpp	decomp/src/Game/MapObj/HeavensDoorDemoObj.cpp	compile-only	no	17bb11f79e57d852a1c96a326f2e4b495ae95b1293dfb14d71e782abd48805ff	ea992914a2a5ffec5c16e682ee67d94a543eea7d7b196c7be3582a255a4cbff3	0	0	0	explicit CP932 literal wrappers and encoding include only
MapObj/HeavensDoorDemoObj.hpp	src/Game/MapObj/HeavensDoorDemoObj.hpp	decomp/include/Game/MapObj/HeavensDoorDemoObj.hpp	exact-source	no	f16e31710ac95a1b973d15ad91a3e8010921eb8e0e828e6a0a2d586398de35cf	f16e31710ac95a1b973d15ad91a3e8010921eb8e0e828e6a0a2d586398de35cf	0	0	0	byte-for-byte match
MapObj/IceStep.cpp	src/Game/MapObj/IceStep.cpp	decomp/src/Game/MapObj/IceStep.cpp	exact-source	no	3cfc65648a7598d72137f998eed776d327ca4ef989de96caa4dfbb729a201caf	3cfc65648a7598d72137f998eed776d327ca4ef989de96caa4dfbb729a201caf	0	0	0	byte-for-byte match
MapObj/IceStep.hpp	src/Game/MapObj/IceStep.hpp	decomp/include/Game/MapObj/IceStep.hpp	exact-source	no	ddcc8df55e0e2b9b56a0b5d65e02b0398a6a086cef44271b7d7e7eb70a939901	ddcc8df55e0e2b9b56a0b5d65e02b0398a6a086cef44271b7d7e7eb70a939901	0	0	0	byte-for-byte match
MapObj/InvisiblePolygonObj.cpp	src/Game/MapObj/InvisiblePolygonObj.cpp	decomp/src/Game/MapObj/InvisiblePolygonObj.cpp	exact-source	no	a3d8b0f8da0c8da166713319a5d962885904f3e6eb9c7b9fe740bb67b66bb2c4	a3d8b0f8da0c8da166713319a5d962885904f3e6eb9c7b9fe740bb67b66bb2c4	0	0	0	byte-for-byte match
MapObj/InvisiblePolygonObj.hpp	src/Game/MapObj/InvisiblePolygonObj.hpp	decomp/include/Game/MapObj/InvisiblePolygonObj.hpp	exact-source	no	80298f317b91d7ae733d815d692537e7f159ecfddd7c68d67a12298bcd137e77	80298f317b91d7ae733d815d692537e7f159ecfddd7c68d67a12298bcd137e77	0	0	0	byte-for-byte match
MapObj/InvisiblePolygonObjGCapture.cpp	src/Game/MapObj/InvisiblePolygonObjGCapture.cpp	decomp/src/Game/MapObj/InvisiblePolygonObjGCapture.cpp	exact-source	no	348c7c549ecf92d9a152031055768433355b7740b6c80e62dc4b220648e08aa5	348c7c549ecf92d9a152031055768433355b7740b6c80e62dc4b220648e08aa5	0	0	0	byte-for-byte match
MapObj/InvisiblePolygonObjGCapture.hpp	src/Game/MapObj/InvisiblePolygonObjGCapture.hpp	decomp/include/Game/MapObj/InvisiblePolygonObjGCapture.hpp	exact-source	no	4d0ec3a0d3efa6a70a37d05ce6cb12f3da9b8194fc55ff636f54d01eda42a66b	4d0ec3a0d3efa6a70a37d05ce6cb12f3da9b8194fc55ff636f54d01eda42a66b	0	0	0	byte-for-byte match
MapObj/MapObjActor.cpp	src/Game/MapObj/MapObjActor.cpp	decomp/src/Game/MapObj/MapObjActor.cpp	compile-only	no	f431413f53beaf234896c6fc7491942218f482a20b5f16370f20edd678a48909	aeca0cc4755781dd73a27af665441b45e89149ea9f221b252dc7c5cfbdceb5cd	0	0	0	explicit CP932 literal wrappers and encoding include only
MapObj/MapObjActor.hpp	src/Game/MapObj/MapObjActor.hpp	decomp/include/Game/MapObj/MapObjActor.hpp	exact-source	no	84e0e55a78f75fd9bc713e36627b8e399a93a0f81abcf1e232e0e94e8ca8afba	84e0e55a78f75fd9bc713e36627b8e399a93a0f81abcf1e232e0e94e8ca8afba	0	0	0	byte-for-byte match
MapObj/MapObjActorInitInfo.cpp	src/Game/MapObj/MapObjActorInitInfo.cpp	decomp/src/Game/MapObj/MapObjActorInitInfo.cpp	compile-only	no	1566389434f939c8e60a37a4eba05ecfabc604146a0f47ca451155c507673c43	d420a791915709493f99a918e73483864021ba2f19e094714de5412714ab4ea5	0	0	0	explicit CP932 literal wrappers and encoding include only
MapObj/MapObjActorInitInfo.hpp	src/Game/MapObj/MapObjActorInitInfo.hpp	decomp/include/Game/MapObj/MapObjActorInitInfo.hpp	exact-source	no	1b3df05e76e05e00630f1024a1b5cb222f9b9b5a636a3e23439e5239a787d44b	1b3df05e76e05e00630f1024a1b5cb222f9b9b5a636a3e23439e5239a787d44b	0	0	0	byte-for-byte match
MapObj/MapParts.cpp	src/Game/MapObj/MapParts.cpp	decomp/src/Game/MapObj/MapParts.cpp	exact-source	no	069dcd90a12ffdb486fdb73618e2e724d5c400e060205930f794a950e2943007	069dcd90a12ffdb486fdb73618e2e724d5c400e060205930f794a950e2943007	0	0	0	byte-for-byte match
MapObj/MapParts.hpp	src/Game/MapObj/MapParts.hpp	decomp/include/Game/MapObj/MapParts.hpp	exact-source	no	023240fb7e216e8e30d6ce35ae044f6501a47ea42ee4808769acfde0310601b4	023240fb7e216e8e30d6ce35ae044f6501a47ea42ee4808769acfde0310601b4	0	0	0	byte-for-byte match
MapObj/MapPartsFunction.cpp	src/Game/MapObj/MapPartsFunction.cpp	decomp/src/Game/MapObj/MapPartsFunction.cpp	compile-only	no	45f8d2fc615319c65c7597357fa5cfa00d293e117fe8c5f76fbd8d782ea36fe5	9600bbbe6dbdbf2b13f8ecfcfe4cf96d8e538083c834e6f8f2bdc617d8b2a098	0	0	0	explicit CP932 literal wrappers and encoding include only
MapObj/MapPartsFunction.hpp	src/Game/MapObj/MapPartsFunction.hpp	decomp/include/Game/MapObj/MapPartsFunction.hpp	exact-source	no	159cda231b0dcd0b4ba8444cc17a7abcb722f85f009c9a159e4cae4a8bdff81f	159cda231b0dcd0b4ba8444cc17a7abcb722f85f009c9a159e4cae4a8bdff81f	0	0	0	byte-for-byte match
MapObj/MapPartsRailGuideDrawer.cpp	src/Game/MapObj/MapPartsRailGuideDrawer.cpp	decomp/src/Game/MapObj/MapPartsRailGuideDrawer.cpp	compile-only	no	e49fe1011ed17d198668f9f8dc828900070519763d3ad77bf5d50e645123a963	cb19ea9581aeb527f16079e318cc0099f4eb0f505beb3a56ff0ab77f3d97726b	0	0	0	explicit CP932 literal wrappers and encoding include only
MapObj/MapPartsRailGuideDrawer.hpp	src/Game/MapObj/MapPartsRailGuideDrawer.hpp	decomp/include/Game/MapObj/MapPartsRailGuideDrawer.hpp	exact-source	no	22aa18a160016b8016c0bb9fd55d0e8783d4615f18814dc0100e8ad34d504923	22aa18a160016b8016c0bb9fd55d0e8783d4615f18814dc0100e8ad34d504923	0	0	0	byte-for-byte match
MapObj/MapPartsRailGuideHolder.cpp	src/Game/MapObj/MapPartsRailGuideHolder.cpp	decomp/src/Game/MapObj/MapPartsRailGuideHolder.cpp	compile-only	no	5ee4ee79edf08a452511df5bf9f9186233692126b969a009cd7ce25f3591bdf0	f7c6daaace9a4d029b8cc8c332a870a7210c302b59adea7f74fbce22e588a9c6	0	0	0	explicit CP932 literal wrappers and encoding include only
MapObj/MapPartsRailGuideHolder.hpp	src/Game/MapObj/MapPartsRailGuideHolder.hpp	decomp/include/Game/MapObj/MapPartsRailGuideHolder.hpp	exact-source	no	1d6739644775aaf729abf9971b66aebb7a6e340857f881196ccb8c9fd5e648c4	1d6739644775aaf729abf9971b66aebb7a6e340857f881196ccb8c9fd5e648c4	0	0	0	byte-for-byte match
MapObj/MapPartsRailGuidePoint.cpp	src/Game/MapObj/MapPartsRailGuidePoint.cpp	decomp/src/Game/MapObj/MapPartsRailGuidePoint.cpp	compile-only	no	620876df05fbcaf7f1daa97003470c4a85d5d6da95bae0710c05781c8b8d697e	c6b05c58ce761a760760893a899958fc9ac6079fa8ce9159444291560d444f82	0	0	0	explicit CP932 literal wrappers and encoding include only
MapObj/MapPartsRailGuidePoint.hpp	src/Game/MapObj/MapPartsRailGuidePoint.hpp	decomp/include/Game/MapObj/MapPartsRailGuidePoint.hpp	exact-source	no	97550608e377608bd8415137b316955df253e831f94d1b9e703c7900698fb5e4	97550608e377608bd8415137b316955df253e831f94d1b9e703c7900698fb5e4	0	0	0	byte-for-byte match
MapObj/MapPartsRailMover.cpp	src/Game/MapObj/MapPartsRailMover.cpp	decomp/src/Game/MapObj/MapPartsRailMover.cpp	compile-only	no	83a494cee683481d6ffdddc0faf54f8fb1e049f00bc2db2179cec4f9706ec7f5	4e755d58842f9c364efcf8f7a02e4b5732f4241074b61f2588d328a12f01f34b	0	0	0	explicit CP932 literal wrappers and encoding include only
MapObj/MapPartsRailMover.hpp	src/Game/MapObj/MapPartsRailMover.hpp	decomp/include/Game/MapObj/MapPartsRailMover.hpp	exact-source	no	6107bf8b0bd9fb410f188ccebda22001dd69909c3e696d339d416ec506322a27	6107bf8b0bd9fb410f188ccebda22001dd69909c3e696d339d416ec506322a27	0	0	0	byte-for-byte match
MapObj/MapPartsRailPointPassChecker.cpp	src/Game/MapObj/MapPartsRailPointPassChecker.cpp	decomp/src/Game/MapObj/MapPartsRailPointPassChecker.cpp	compile-only	no	e0d15895adc1e01b4fdeb8ff773f5ca83559ece15179c46dea94d3e09e5a8bc7	4ac6c7b5f428bb8232a5b19ffa4c4729f8e5ade363548e206870b4742d621761	0	0	0	explicit CP932 literal wrappers and encoding include only
MapObj/MapPartsRailPointPassChecker.hpp	src/Game/MapObj/MapPartsRailPointPassChecker.hpp	decomp/include/Game/MapObj/MapPartsRailPointPassChecker.hpp	exact-source	no	f05ddf19873bb076f360048b771f2ebedcc09df2aa494a4807b51e59693f6e42	f05ddf19873bb076f360048b771f2ebedcc09df2aa494a4807b51e59693f6e42	0	0	0	byte-for-byte match
MapObj/MapPartsRailPosture.cpp	src/Game/MapObj/MapPartsRailPosture.cpp	decomp/src/Game/MapObj/MapPartsRailPosture.cpp	compile-only	no	5d9ff370750d47bff7a9ce424d57160e800daf8374043211fbe3327dc236dd5f	8c2a926be7a6d032dfd2c705d987a784b68cf763e09a10fd089c999a33e91c3c	0	0	0	explicit CP932 literal wrappers and encoding include only
MapObj/MapPartsRailPosture.hpp	src/Game/MapObj/MapPartsRailPosture.hpp	decomp/include/Game/MapObj/MapPartsRailPosture.hpp	exact-source	no	d684a20e2eb366a1ee871c232406dad9838b268d20069fb1031621119fdc6093	d684a20e2eb366a1ee871c232406dad9838b268d20069fb1031621119fdc6093	0	0	0	byte-for-byte match
MapObj/MapPartsRailRotator.cpp	src/Game/MapObj/MapPartsRailRotator.cpp	decomp/src/Game/MapObj/MapPartsRailRotator.cpp	compile-only	no	5ea434060abe25bf142241e968fddf5638068ead0568ccf8af3347ab1b459df0	0eea86fd870e14e635ecf3374950ef580e3e6bab3fd5a0a1a5bc61ba8e39be70	0	0	0	explicit CP932 literal wrappers and encoding include only
MapObj/MapPartsRailRotator.hpp	src/Game/MapObj/MapPartsRailRotator.hpp	decomp/include/Game/MapObj/MapPartsRailRotator.hpp	exact-source	no	a851de768ddfa988a4c843de99e76f7f2af8a2661dc485f3257124b57706dd8f	a851de768ddfa988a4c843de99e76f7f2af8a2661dc485f3257124b57706dd8f	0	0	0	byte-for-byte match
MapObj/MapPartsRotator.cpp	src/Game/MapObj/MapPartsRotator.cpp	decomp/src/Game/MapObj/MapPartsRotator.cpp	compile-only	no	35c2865e2e6fbe2b4eb4b640f27b329bfdeb34d422954bcf136e8f4545a2c63f	74c00f887923fdab948fda3248dc0cfedcd71dc1c07294bca2bdb5dd2143e540	0	0	0	explicit CP932 literal wrappers and encoding include only
MapObj/MapPartsRotator.hpp	src/Game/MapObj/MapPartsRotator.hpp	decomp/include/Game/MapObj/MapPartsRotator.hpp	exact-source	no	f1d01ba4de5b653eff1c4d81907ce95a3afc03de0b0181ac7b8de0f4c56d0c6b	f1d01ba4de5b653eff1c4d81907ce95a3afc03de0b0181ac7b8de0f4c56d0c6b	0	0	0	byte-for-byte match
MapObj/MapPartsSeesaw1AxisRotator.cpp	src/Game/MapObj/MapPartsSeesaw1AxisRotator.cpp	decomp/src/Game/MapObj/MapPartsSeesaw1AxisRotator.cpp	compile-only	no	b6f88094c925e8578c200a31fd656692b628cf5d48e88fa78d25400d521256c5	6a636e0a3d4a36035c7a22afe7863c0cdc39066bc792d1becbc05cac736bb818	0	0	0	explicit CP932 literal wrappers and encoding include only
MapObj/MapPartsSeesaw1AxisRotator.hpp	src/Game/MapObj/MapPartsSeesaw1AxisRotator.hpp	decomp/include/Game/MapObj/MapPartsSeesaw1AxisRotator.hpp	exact-source	no	0181c74dc6115b002882e926564a01106b306799f726e065e7dab84be2c1116a	0181c74dc6115b002882e926564a01106b306799f726e065e7dab84be2c1116a	0	0	0	byte-for-byte match
MapObj/MapPartsSeesaw2AxisRotator.cpp	src/Game/MapObj/MapPartsSeesaw2AxisRotator.cpp	decomp/src/Game/MapObj/MapPartsSeesaw2AxisRotator.cpp	compile-only	no	e7c3c8a7e3396f927a8cdbed5a2adf7552af763946d962265e5c300bf81c1f96	1c8eb7fb02f15324e6b49f7a7303fe0823103154ed28eb540db2225b843da699	0	0	0	explicit CP932 literal wrappers and encoding include only
MapObj/MapPartsSeesaw2AxisRotator.hpp	src/Game/MapObj/MapPartsSeesaw2AxisRotator.hpp	decomp/include/Game/MapObj/MapPartsSeesaw2AxisRotator.hpp	exact-source	no	76247266af8c87b457b21238a07cb7d2af5d52741431e23b1c042f348b61fbdb	76247266af8c87b457b21238a07cb7d2af5d52741431e23b1c042f348b61fbdb	0	0	0	byte-for-byte match
MapObj/PlantGroup.cpp	src/Game/MapObj/PlantGroup.cpp	decomp/src/Game/MapObj/PlantGroup.cpp	compile-only	no	1a3c6701a259cfaf82f8f64a0988bb38f88842145532d453b7f12cd6f379fd4c	641ee9f6751922c0bd16284ca206ff2cf11ee492241e71a5ae32b5128473fa31	0	0	0	explicit CP932 literal wrappers and encoding include only
MapObj/PlantGroup.hpp	src/Game/MapObj/PlantGroup.hpp	decomp/include/Game/MapObj/PlantGroup.hpp	exact-source	no	eccd48346b161de18d2757782309e4ece0a74c21965c1f9b7de1cd7a62b36fd4	eccd48346b161de18d2757782309e4ece0a74c21965c1f9b7de1cd7a62b36fd4	0	0	0	byte-for-byte match
MapObj/PowerStar.cpp	src/Game/MapObj/PowerStar.cpp	decomp/src/Game/MapObj/PowerStar.cpp	compat-temporary	no	893dc81736a1278cd5960277c6fe942d32b550cb38e0a573b44302b061cfddb1	338dbab4a76d804cae0f108562ab3fa50b1a16e79939745cf75836b708fe7825	0	0	0	source exists but pc-port behavior/shape differs
MapObj/PowerStar.hpp	src/Game/MapObj/PowerStar.hpp	decomp/include/Game/MapObj/PowerStar.hpp	exact-source	no	24c12ed63263ec08070e926e40fba21b7b53faa817ffea0545ce9d2fe838915f	24c12ed63263ec08070e926e40fba21b7b53faa817ffea0545ce9d2fe838915f	0	0	0	byte-for-byte match
MapObj/PowerStarAppearPoint.cpp	src/Game/MapObj/PowerStarAppearPoint.cpp	decomp/src/Game/MapObj/PowerStarAppearPoint.cpp	compile-only	no	3020353fad59325505b1de2b171881b46662c281fbef70c3bab33ccde4d7654e	442bafdf0b221b566d59d22015df8282a1ca3f62ac4eb46c06a17bb9b69177a9	0	0	0	explicit CP932 literal wrappers and encoding include only
MapObj/PowerStarAppearPoint.hpp	src/Game/MapObj/PowerStarAppearPoint.hpp	decomp/include/Game/MapObj/PowerStarAppearPoint.hpp	exact-source	no	1afad3c4f708d8079d9a5883738f82f34c7a6e8377e0df9fcc4f61fabc6a36a5	1afad3c4f708d8079d9a5883738f82f34c7a6e8377e0df9fcc4f61fabc6a36a5	0	0	0	byte-for-byte match
MapObj/PowerStarHolder.cpp	src/Game/MapObj/PowerStarHolder.cpp	decomp/src/Game/MapObj/PowerStarHolder.cpp	exact-source	no	1e91532d7546bf8976ed25f75e7dc09b6b1749ba00726f3338ac7386bbfbc049	1e91532d7546bf8976ed25f75e7dc09b6b1749ba00726f3338ac7386bbfbc049	0	0	0	byte-for-byte match
MapObj/PowerStarHolder.hpp	src/Game/MapObj/PowerStarHolder.hpp	decomp/include/Game/MapObj/PowerStarHolder.hpp	exact-source	no	f2d42dd292697f7a472be7ce340a70801246eb7074584ba4d9ce662f7bff1fc7	f2d42dd292697f7a472be7ce340a70801246eb7074584ba4d9ce662f7bff1fc7	0	0	0	byte-for-byte match
MapObj/PunchingKinoko.cpp	src/Game/MapObj/PunchingKinoko.cpp	decomp/src/Game/MapObj/PunchingKinoko.cpp	compile-only	no	1d531f0e86462c9d918c1444080f334243baee5f6a6ad6ee2b626c53b627ce5b	da467f075e584b99e305c576d9bf197d09e7ebc0c501248855af87c03599b51c	0	0	0	explicit CP932 literal wrappers and encoding include only
MapObj/PunchingKinoko.hpp	src/Game/MapObj/PunchingKinoko.hpp	decomp/include/Game/MapObj/PunchingKinoko.hpp	exact-source	no	f5b368e2100584f74f6aaa01930dfb3479b54b81043d2e96270b65d482ad3a78	f5b368e2100584f74f6aaa01930dfb3479b54b81043d2e96270b65d482ad3a78	0	0	0	byte-for-byte match
MapObj/PurpleCoinHolder.cpp	src/Game/MapObj/PurpleCoinHolder.cpp	decomp/src/Game/MapObj/PurpleCoinHolder.cpp	compile-only	no	36ef22930fd0f0da54f0f157e06468864abc9624a1106cfebc77a490632baa6c	d91f63d8e4a3806f5398b4fd670577f4e9ab0bc3f0639c86a6c5785ce74ec953	0	0	0	explicit CP932 literal wrappers and encoding include only
MapObj/PurpleCoinHolder.hpp	src/Game/MapObj/PurpleCoinHolder.hpp	decomp/include/Game/MapObj/PurpleCoinHolder.hpp	exact-source	no	98f6a0bfe52443cb4d22470e2f2c58fcbb3bf6c78246a6398ae5d02332f196a5	98f6a0bfe52443cb4d22470e2f2c58fcbb3bf6c78246a6398ae5d02332f196a5	0	0	0	byte-for-byte match
MapObj/PurpleCoinStarter.cpp	src/Game/MapObj/PurpleCoinStarter.cpp	decomp/src/Game/MapObj/PurpleCoinStarter.cpp	exact-source	no	faa11b66edb665a5dbfec1466be6c38cfb68977e6251026e5494da746375dcbd	faa11b66edb665a5dbfec1466be6c38cfb68977e6251026e5494da746375dcbd	0	0	0	byte-for-byte match
MapObj/PurpleCoinStarter.hpp	src/Game/MapObj/PurpleCoinStarter.hpp	decomp/include/Game/MapObj/PurpleCoinStarter.hpp	exact-source	no	0928a21bccea372e672255fa8642e272a2b66a234663d2109fc8577b8490202c	0928a21bccea372e672255fa8642e272a2b66a234663d2109fc8577b8490202c	0	0	0	byte-for-byte match
MapObj/RailCoin.cpp	src/Game/MapObj/RailCoin.cpp	decomp/src/Game/MapObj/RailCoin.cpp	compat-temporary	no	d12c65175d7aec65eacfc183cca05a5a08a0e6f1a58c31b24b999e71d4e92a4a	85b907bf6271462956f8354fe66c9c74a13d40e4491c878bc00b70cf185f612d	0	0	0	source exists but pc-port behavior/shape differs
MapObj/RailCoin.hpp	src/Game/MapObj/RailCoin.hpp	decomp/include/Game/MapObj/RailCoin.hpp	exact-source	no	f5c9e1c38ba82fcf53554b9b69d6cebd82ead7e1feca83b886a98c224008cc67	f5c9e1c38ba82fcf53554b9b69d6cebd82ead7e1feca83b886a98c224008cc67	0	0	0	byte-for-byte match
MapObj/ShockWaveGenerator.cpp	src/Game/MapObj/ShockWaveGenerator.cpp	decomp/src/Game/MapObj/ShockWaveGenerator.cpp	compile-only	no	6506553b65ef1baad66945cee9724805ab9c06dd47f33a5836ab6340fc5dee39	ce7166eabcf8b0190619848b16a52d6b9f9fc1a39110c530a8afeef4f4c0dca8	0	0	0	explicit CP932 literal wrappers and encoding include only
MapObj/ShockWaveGenerator.hpp	src/Game/MapObj/ShockWaveGenerator.hpp	decomp/include/Game/MapObj/ShockWaveGenerator.hpp	exact-source	no	142eaa18de8f5550efe3fce4b3648779a50f03fbf5ae14555317fdae85d01434	142eaa18de8f5550efe3fce4b3648779a50f03fbf5ae14555317fdae85d01434	0	0	0	byte-for-byte match
MapObj/SimpleMapObj.cpp	src/Game/MapObj/SimpleMapObj.cpp	decomp/src/Game/MapObj/SimpleMapObj.cpp	compile-only	no	36d77f019bcc76555b2f76da953b655f8becd491013f933262068f4f0627c284	2edf5978cbc0d86efdcaf4abf9249082638e64a9b0323d4c625dceabc3e0c2c1	0	0	0	explicit CP932 literal wrappers and encoding include only
MapObj/SimpleMapObj.hpp	src/Game/MapObj/SimpleMapObj.hpp	decomp/include/Game/MapObj/SimpleMapObj.hpp	exact-source	no	170e6482a09fafa817eb41fb96d6abacda059a9cb7c31e343186d67dbc822a84	170e6482a09fafa817eb41fb96d6abacda059a9cb7c31e343186d67dbc822a84	0	0	0	byte-for-byte match
MapObj/SpiderThread.hpp	src/Game/MapObj/SpiderThread.hpp	decomp/include/Game/MapObj/SpiderThread.hpp	exact-source	no	2788a9c21d00df0116bc4bc3f3904b1a1bd70a68bba43e864f349cc298a494ab	2788a9c21d00df0116bc4bc3f3904b1a1bd70a68bba43e864f349cc298a494ab	0	0	0	byte-for-byte match
MapObj/SpinDriverPathDrawer.hpp	src/Game/MapObj/SpinDriverPathDrawer.hpp	decomp/include/Game/MapObj/SpinDriverPathDrawer.hpp	exact-source	no	fd858859c5744c509f041163568043f18177514171b0f56e091c1f92ef455f14	fd858859c5744c509f041163568043f18177514171b0f56e091c1f92ef455f14	0	0	0	byte-for-byte match
MapObj/SpinDriverShootPath.hpp	src/Game/MapObj/SpinDriverShootPath.hpp	decomp/include/Game/MapObj/SpinDriverShootPath.hpp	exact-source	no	856441f490bc50b0ff15793cf2cdbc279040c5eb89e6101cad7bbf54f1630a87	856441f490bc50b0ff15793cf2cdbc279040c5eb89e6101cad7bbf54f1630a87	0	0	0	byte-for-byte match
MapObj/StageEffectDataTable.cpp	src/Game/MapObj/StageEffectDataTable.cpp	decomp/src/Game/MapObj/StageEffectDataTable.cpp	compile-only	no	25f19ddf7a96c27dc13609e8b7859344d5039af697ed6fe23020c3cba4039a20	7a3ba948a5b7588ad5b6b1a0619b2da5d237b3bfe7c32ed5a83a3884d0d7017d	0	0	0	explicit CP932 literal wrappers and encoding include only
MapObj/StageEffectDataTable.hpp	src/Game/MapObj/StageEffectDataTable.hpp	decomp/include/Game/MapObj/StageEffectDataTable.hpp	exact-source	no	693c7424c7e7db8a2db63cb7cfae056e15f45256e39b836533ab2a25211a3af5	693c7424c7e7db8a2db63cb7cfae056e15f45256e39b836533ab2a25211a3af5	0	0	0	byte-for-byte match
MapObj/StarPiece.cpp	src/Game/MapObj/StarPiece.cpp	decomp/src/Game/MapObj/StarPiece.cpp	compile-only	no	6d5bb83f8545287ca7282d94acf3a66fff42d993c0087946987f4c5cc40de449	70ebab383d00a6d6c92c1ab17b8e43878a4a6507452f6484b6af214ae10c65dc	0	0	0	explicit CP932 literal wrappers and encoding include only
MapObj/StarPiece.hpp	src/Game/MapObj/StarPiece.hpp	decomp/include/Game/MapObj/StarPiece.hpp	exact-source	no	9b0f8e905b815cf31417794a6df91667107bf5614f156599993291ae24136064	9b0f8e905b815cf31417794a6df91667107bf5614f156599993291ae24136064	0	0	0	byte-for-byte match
MapObj/StarPieceDirector.cpp	src/Game/MapObj/StarPieceDirector.cpp	decomp/src/Game/MapObj/StarPieceDirector.cpp	compile-only	no	0ec19584795bc2b9df3dfcc3158b60ea50bf1476977337ce5d82edea27a00040	83396fc3d7968e35ecccc7566653f6b9ea0e6bd19ff5d6d78bbee609da9597fd	0	0	0	explicit CP932 literal wrappers and encoding include only
MapObj/StarPieceDirector.hpp	src/Game/MapObj/StarPieceDirector.hpp	decomp/include/Game/MapObj/StarPieceDirector.hpp	exact-source	no	1a54e6e459565a27073cce10c74dcc1a8eeb9afc1e1fbfeba287acfba28b74a7	1a54e6e459565a27073cce10c74dcc1a8eeb9afc1e1fbfeba287acfba28b74a7	0	0	0	byte-for-byte match
MapObj/StarPieceGroup.cpp	src/Game/MapObj/StarPieceGroup.cpp	decomp/src/Game/MapObj/StarPieceGroup.cpp	compile-only	no	020b6cb050f63606df2e4152c5101335bdb721c4e75f55539ea4ec7fc5b0745a	94a716602bda4b9b905d609433ab9d877adade5ce19c3febb330d06225d912da	0	0	0	explicit CP932 literal wrappers and encoding include only
MapObj/StarPieceGroup.hpp	src/Game/MapObj/StarPieceGroup.hpp	decomp/include/Game/MapObj/StarPieceGroup.hpp	exact-source	no	a7088887872160618e4cc7b6f61405e8ea2a84eacdc24d2e6b0e478df3230750	a7088887872160618e4cc7b6f61405e8ea2a84eacdc24d2e6b0e478df3230750	0	0	0	byte-for-byte match
MapObj/Sun.cpp	src/Game/MapObj/Sun.cpp	decomp/src/Game/MapObj/Sun.cpp	compat-temporary	no	0d3a7d7f0336dfbc9c0abd944ce0e62dc437b50bed453468e3bbd783439eab07	f690ad91d489459396f19cf423a1d0457e4bdc3bc264d7a28ec7dff2056c0166	0	0	0	source exists but pc-port behavior/shape differs
MapObj/Sun.hpp	src/Game/MapObj/Sun.hpp	decomp/include/Game/MapObj/Sun.hpp	compat-temporary	no	376450f43a3d4f0f2b76a7d0691adcd3712e077fc66bd7667c852b2dff0efb5c	72a1e4ff1cb85e604321b3af83a0aa48a42911a42b82dd041051b1723bd1238e	0	0	0	source exists but pc-port behavior/shape differs
MapObj/WarpPod.cpp	src/Game/MapObj/WarpPod.cpp	decomp/src/Game/MapObj/WarpPod.cpp	compat-temporary	no	f4c9213a8758d7bd31cf06dfb37bcf624d5f6abaa1bc9382e2be0a8373ea6e1c	8a3ab031445cea6e8c95af6591e09306c7b1383eb00bf9afd00a8bbfae3ccb9f	0	0	0	source exists but pc-port behavior/shape differs
MapObj/WarpPod.hpp	src/Game/MapObj/WarpPod.hpp	decomp/include/Game/MapObj/WarpPod.hpp	exact-source	no	3dc975d4aa3d033ef9504a971e943688f211b9f0ddcd658bd13aa969929ae647	3dc975d4aa3d033ef9504a971e943688f211b9f0ddcd658bd13aa969929ae647	0	0	0	byte-for-byte match
MapObj/WhirlPool.hpp	src/Game/MapObj/WhirlPool.hpp	decomp/include/Game/MapObj/WhirlPool.hpp	exact-source	no	de11a83e382be317d8cf751d79effcb0cab3b6984354de824b8378b32e679867	de11a83e382be317d8cf751d79effcb0cab3b6984354de824b8378b32e679867	0	0	0	byte-for-byte match
NPC/CometEventExecutorTimeLimit.cpp	src/Game/NPC/CometEventExecutorTimeLimit.cpp	decomp/src/Game/NPC/CometEventExecutorTimeLimit.cpp	compile-only	no	071fe189262cdf599a81314abe45bb50ebd6976b5d169d9a0ca83ea5cede94ed	9d34b1a1200473f9cefae8d094471d13df40d63acfc2925b3a7bfba55bca45d8	0	0	0	explicit CP932 literal wrappers and encoding include only
NPC/CometEventExecutorTimeLimit.hpp	src/Game/NPC/CometEventExecutorTimeLimit.hpp	decomp/include/Game/NPC/CometEventExecutorTimeLimit.hpp	exact-source	no	1b38f326ae8c3633ca3b33f603513383baf41dd4c692674c068b8a1a774cb9b2	1b38f326ae8c3633ca3b33f603513383baf41dd4c692674c068b8a1a774cb9b2	0	0	0	byte-for-byte match
NPC/CometEventKeeper.cpp	src/Game/NPC/CometEventKeeper.cpp	decomp/src/Game/NPC/CometEventKeeper.cpp	exact-source	no	2d3bafddff8de2867b44fe0e1d53c6fd1afb76224fa5acf1dd14350da3192592	2d3bafddff8de2867b44fe0e1d53c6fd1afb76224fa5acf1dd14350da3192592	0	0	0	byte-for-byte match
NPC/CometEventKeeper.hpp	src/Game/NPC/CometEventKeeper.hpp	decomp/include/Game/NPC/CometEventKeeper.hpp	exact-source	no	a63156e9b84c84def484c42261e3badb9b1e573f10f67f094f1592748a2f0129	a63156e9b84c84def484c42261e3badb9b1e573f10f67f094f1592748a2f0129	0	0	0	byte-for-byte match
NPC/DemoRabbit.cpp	src/Game/NPC/DemoRabbit.cpp	decomp/src/Game/NPC/DemoRabbit.cpp	compat-temporary	no	f7f0b27154424610be2ce8b66b468a176983f7f98e55355ed597dfe55a269704	cdb8e023b6655c6cd79950660df60dac76c91e574751238796e296886f060427	0	0	0	source exists but pc-port behavior/shape differs
NPC/DemoRabbit.hpp	src/Game/NPC/DemoRabbit.hpp	decomp/include/Game/NPC/DemoRabbit.hpp	exact-source	no	c19da9e38146b772b0807713d0daf71da90ca7587d72c46bfd3129e8f7876f28	c19da9e38146b772b0807713d0daf71da90ca7587d72c46bfd3129e8f7876f28	0	0	0	byte-for-byte match
NPC/EventDirector.cpp	src/Game/NPC/EventDirector.cpp	decomp/src/Game/NPC/EventDirector.cpp	compile-only	no	8f56a5e50888f5e2bcf0e9f8b566b7c0359224ddf9810b41354e125d325305a7	164763e1ad1e66cbacf7a70b252dd68df65227634e0f9a57097d5188a86344d3	0	0	0	explicit CP932 literal wrappers and encoding include only
NPC/EventDirector.hpp	src/Game/NPC/EventDirector.hpp	decomp/include/Game/NPC/EventDirector.hpp	exact-source	no	8e15888a589a8a3d00087fd0aae71193e0a6bbecd8b671b15b7b32d6f56d8849	8e15888a589a8a3d00087fd0aae71193e0a6bbecd8b671b15b7b32d6f56d8849	0	0	0	byte-for-byte match
NPC/MiiFaceParts.cpp	src/Game/NPC/MiiFaceParts.cpp	decomp/src/Game/NPC/MiiFaceParts.cpp	exact-source	no	f3b4a31096c4d797e43b26a4a01cca1df624fa6caaaaf4117359e59a2312e393	f3b4a31096c4d797e43b26a4a01cca1df624fa6caaaaf4117359e59a2312e393	0	0	0	byte-for-byte match
NPC/MiiFaceParts.hpp	src/Game/NPC/MiiFaceParts.hpp	decomp/include/Game/NPC/MiiFaceParts.hpp	exact-source	no	da6cef63ed2ed70e1d141c92572337ec657da05c68b27f48cfa058b3728c7353	da6cef63ed2ed70e1d141c92572337ec657da05c68b27f48cfa058b3728c7353	0	0	0	byte-for-byte match
NPC/MiiFacePartsHolder.cpp	src/Game/NPC/MiiFacePartsHolder.cpp	decomp/src/Game/NPC/MiiFacePartsHolder.cpp	compat-temporary	yes	bfd05539f1f8ce7e95d61dabdeec7619ff587b93959911eabe7488742c0f60fa	a149bc456183e77919f4b2879bd55fafde8ddec0e64be4cda7d0e998f718e577	0	0	0	source exists but pc-port behavior/shape differs
NPC/MiiFacePartsHolder.hpp	src/Game/NPC/MiiFacePartsHolder.hpp	decomp/include/Game/NPC/MiiFacePartsHolder.hpp	exact-source	yes	f1355d97fde89aa73ce5cee7a8366b45982bca3d733ecd7b6253b8fe17994b7a	f1355d97fde89aa73ce5cee7a8366b45982bca3d733ecd7b6253b8fe17994b7a	0	0	0	byte-for-byte match
NPC/MiiFaceRecipe.cpp	src/Game/NPC/MiiFaceRecipe.cpp	decomp/src/Game/NPC/MiiFaceRecipe.cpp	exact-source	no	3fd89fdbc84cc3035f3a89b7ac22a607ae7c5dd6ee4ff56d51e0b78b7188632d	3fd89fdbc84cc3035f3a89b7ac22a607ae7c5dd6ee4ff56d51e0b78b7188632d	0	0	0	byte-for-byte match
NPC/MiiFaceRecipe.hpp	src/Game/NPC/MiiFaceRecipe.hpp	decomp/include/Game/NPC/MiiFaceRecipe.hpp	exact-source	no	178944922b309f82655fb831bf874e6ffd27c26cb0d850fb1d10869ddbbced9b	178944922b309f82655fb831bf874e6ffd27c26cb0d850fb1d10869ddbbced9b	0	0	0	byte-for-byte match
NPC/NPCActor.cpp	src/Game/NPC/NPCActor.cpp	decomp/src/Game/NPC/NPCActor.cpp	compat-temporary	no	010c1677b140a413bab67e0441d53fb44d72dc2f77f4f0bc4a8a36fc4b0037f1	4f8dc5c0591fe33865086e29fec3d222af2797708ed8c4b7f6528875097d79a4	0	0	0	source exists but pc-port behavior/shape differs
NPC/NPCActor.hpp	src/Game/NPC/NPCActor.hpp	decomp/include/Game/NPC/NPCActor.hpp	exact-source	no	3b320db0ce8420b6bd0a5322c0805298904eefd84da9fbfd9fe2e6899331c55b	3b320db0ce8420b6bd0a5322c0805298904eefd84da9fbfd9fe2e6899331c55b	0	0	0	byte-for-byte match
NPC/NPCActorItem.hpp	src/Game/NPC/NPCActorItem.hpp	decomp/include/Game/NPC/NPCActorItem.hpp	exact-source	no	c46c7f458a5f44fbd11c605e12ab413265b48995dbbd1f594a12dfe0f35d6db2	c46c7f458a5f44fbd11c605e12ab413265b48995dbbd1f594a12dfe0f35d6db2	0	0	0	byte-for-byte match
NPC/NPCDirector.cpp	src/Game/NPC/NPCDirector.cpp	decomp/src/Game/NPC/NPCDirector.cpp	compile-only	no	9febf878d335a77cb5ff13ab082f76bd7a9491bb3c0dab6f794b03eded459a81	a26859efb5b1c46924d4d49ab4eeceae08b411426b09d906a24451995ba2dbda	0	0	0	explicit CP932 literal wrappers and encoding include only
NPC/NPCDirector.hpp	src/Game/NPC/NPCDirector.hpp	decomp/include/Game/NPC/NPCDirector.hpp	exact-source	no	bb5b3c422e3b4f94a559f2b7b99595315455a9aa0178c81a88accdfe09e88762	bb5b3c422e3b4f94a559f2b7b99595315455a9aa0178c81a88accdfe09e88762	0	0	0	byte-for-byte match
NPC/NPCFunction.cpp	src/Game/NPC/NPCFunction.cpp	decomp/src/Game/NPC/NPCFunction.cpp	exact-source	no	629cfead50e0c1ba6c202cbaed63d446d50c80e44d5abc1d7a2b64887f428ef4	629cfead50e0c1ba6c202cbaed63d446d50c80e44d5abc1d7a2b64887f428ef4	0	0	0	byte-for-byte match
NPC/NPCFunction.hpp	src/Game/NPC/NPCFunction.hpp	decomp/include/Game/NPC/NPCFunction.hpp	exact-source	no	ac541e0412597a646e7c180179fc46445cc76d71e5bca78785e052d9c875026e	ac541e0412597a646e7c180179fc46445cc76d71e5bca78785e052d9c875026e	0	0	0	byte-for-byte match
NPC/NPCParameter.cpp	src/Game/NPC/NPCParameter.cpp	decomp/src/Game/NPC/NPCParameter.cpp	exact-source	no	9b75233059adee7c800ecae3da8251bd939b7a60f8e2d1106b9b36f6d0b2c764	9b75233059adee7c800ecae3da8251bd939b7a60f8e2d1106b9b36f6d0b2c764	0	0	0	byte-for-byte match
NPC/NPCParameter.hpp	src/Game/NPC/NPCParameter.hpp	decomp/include/Game/NPC/NPCParameter.hpp	exact-source	no	9bb23087adfeacb6146766775bc25e87c6a1fa969463355528a42811731a1128	9bb23087adfeacb6146766775bc25e87c6a1fa969463355528a42811731a1128	0	0	0	byte-for-byte match
NPC/PowerStarEventKeeper.cpp	src/Game/NPC/PowerStarEventKeeper.cpp	decomp/src/Game/NPC/PowerStarEventKeeper.cpp	compile-only	no	93f9aea52be3e73793723aaf4196dd9772d7db6ee1d107bc5aebdf3305198474	d56a6141301f6888db3e38dc4f042407576841d1b413fec57db99b4e6723ce42	0	0	0	explicit CP932 literal wrappers and encoding include only
NPC/PowerStarEventKeeper.hpp	src/Game/NPC/PowerStarEventKeeper.hpp	decomp/include/Game/NPC/PowerStarEventKeeper.hpp	exact-source	no	a6421c07183da0de01baabeca56fdaa7a9c292184ac0bc70538311baaa2aa8e3	a6421c07183da0de01baabeca56fdaa7a9c292184ac0bc70538311baaa2aa8e3	0	0	0	byte-for-byte match
NPC/Rosetta.cpp	src/Game/NPC/Rosetta.cpp	decomp/src/Game/NPC/Rosetta.cpp	compile-only	no	24fcec1b9a8af5e1f3072e7388e0933bb363a50a45c2d19f3c42d482fdca874e	a70ab6dc037be3ead9b71dbdf09328397ea99b604a451b3ae1612099a1263b2c	0	0	0	explicit CP932 literal wrappers and encoding include only
NPC/Rosetta.hpp	src/Game/NPC/Rosetta.hpp	decomp/include/Game/NPC/Rosetta.hpp	exact-source	no	9bb4059bfebb19ed6d3b6d69882c96b0ccfa7df1c959fda7fb8897680db37444	9bb4059bfebb19ed6d3b6d69882c96b0ccfa7df1c959fda7fb8897680db37444	0	0	0	byte-for-byte match
NPC/RosettaDemoAstroDome.cpp	src/Game/NPC/RosettaDemoAstroDome.cpp	decomp/src/Game/NPC/RosettaDemoAstroDome.cpp	compile-only	no	542f58196219a3f614719041d6a3a5f221e51b47da5e09c60caa86e95271283f	ceeec9be75bd4e98eaef3a98c0f3eff260c93a28980071fa09a108f2b25d2614	0	0	0	explicit CP932 literal wrappers and encoding include only
NPC/RosettaDemoAstroDome.hpp	src/Game/NPC/RosettaDemoAstroDome.hpp	decomp/include/Game/NPC/RosettaDemoAstroDome.hpp	exact-source	no	2ec643ed7ba478718401fe621d674712702f3681ba52b9888158d3dcd6801f24	2ec643ed7ba478718401fe621d674712702f3681ba52b9888158d3dcd6801f24	0	0	0	byte-for-byte match
NPC/RosettaDemoEpilogue.cpp	src/Game/NPC/RosettaDemoEpilogue.cpp	decomp/src/Game/NPC/RosettaDemoEpilogue.cpp	compile-only	no	15bdc5ee5a9be34f091e105a28b8dc1e70a4cb62d3ca834b2ab1a7496ee58fb3	b5ae437a6626084b8dc16d80b18881d544be8ec5aa27ee5ae889163b9ab7da6b	0	0	0	explicit CP932 literal wrappers and encoding include only
NPC/RosettaDemoEpilogue.hpp	src/Game/NPC/RosettaDemoEpilogue.hpp	decomp/include/Game/NPC/RosettaDemoEpilogue.hpp	exact-source	no	b376ec70e10ec4bd05d9726e69c3948b1deaf55046d192c28e95f06b72b5fe15	b376ec70e10ec4bd05d9726e69c3948b1deaf55046d192c28e95f06b72b5fe15	0	0	0	byte-for-byte match
NPC/RosettaDemoHeavensDoor.cpp	src/Game/NPC/RosettaDemoHeavensDoor.cpp	decomp/src/Game/NPC/RosettaDemoHeavensDoor.cpp	compile-only	no	efd02e33f2ff30d1c7c9312c855dc7f4a8519b70255073451a6fad53db4300f9	20684ec9190a5586d70d900c1a87170424a2167899412f5e5806464eb4317fb3	0	0	0	explicit CP932 literal wrappers and encoding include only
NPC/RosettaDemoHeavensDoor.hpp	src/Game/NPC/RosettaDemoHeavensDoor.hpp	decomp/include/Game/NPC/RosettaDemoHeavensDoor.hpp	exact-source	no	4dcaa6da3da39c989375b04d4762ae842a00dc96c0683aace56873a01a6c3407	4dcaa6da3da39c989375b04d4762ae842a00dc96c0683aace56873a01a6c3407	0	0	0	byte-for-byte match
NPC/RunawayRabbit.cpp	src/Game/NPC/RunawayRabbit.cpp	decomp/src/Game/NPC/RunawayRabbit.cpp	compat-temporary	no	0c1e165045ac0563f534c6f9e25c36267fde6c69ea13cec807228d59d24f99d4	492571a8bc993a1b7f4b90bd14c1d2330c878ca468aac34e860afa8c3c0a78f1	0	0	0	source exists but pc-port behavior/shape differs
NPC/RunawayRabbit.hpp	src/Game/NPC/RunawayRabbit.hpp	decomp/include/Game/NPC/RunawayRabbit.hpp	exact-source	no	8f1bb6705e70da5a8c156fa513e7f52edaefd4a7f98e3e2f9b8d8adbeb429af1	8f1bb6705e70da5a8c156fa513e7f52edaefd4a7f98e3e2f9b8d8adbeb429af1	0	0	0	byte-for-byte match
NPC/RunawayRabbitCollect.cpp	src/Game/NPC/RunawayRabbitCollect.cpp	decomp/src/Game/NPC/RunawayRabbitCollect.cpp	compile-only	no	0f8a6abe4fac26de941c9f2921d1067d59e9d9fbb2e351933be873c99a0c63cd	8bc4c6ea2dafb108bb1036ce44bdea5f80a180c74ccb8098d22eba51bb57375b	0	0	0	explicit CP932 literal wrappers and encoding include only
NPC/RunawayRabbitCollect.hpp	src/Game/NPC/RunawayRabbitCollect.hpp	decomp/include/Game/NPC/RunawayRabbitCollect.hpp	exact-source	no	6241916e50d1bcb1c1474cb7af7affe727cd755f04d8dfd4ee83d1715c128db8	6241916e50d1bcb1c1474cb7af7affe727cd755f04d8dfd4ee83d1715c128db8	0	0	0	byte-for-byte match
NPC/RunawayTico.cpp	src/Game/NPC/RunawayTico.cpp	decomp/src/Game/NPC/RunawayTico.cpp	compile-only	no	46e36276d70eb76e596cf063275d44b23a2e6b7333efdd5c29011096c4405f2a	9b9c13699ae9539cd4c1e55f6270ce3827696c32ac2fe532d2077dce693f2d39	0	0	0	explicit CP932 literal wrappers and encoding include only
NPC/RunawayTico.hpp	src/Game/NPC/RunawayTico.hpp	decomp/include/Game/NPC/RunawayTico.hpp	exact-source	no	0f3f0ffe4ad55e0ce467da93362a15a7f9762ee655847e2aa222f145025e1c21	0f3f0ffe4ad55e0ce467da93362a15a7f9762ee655847e2aa222f145025e1c21	0	0	0	byte-for-byte match
NPC/StageStateKeeper.cpp	src/Game/NPC/StageStateKeeper.cpp	decomp/src/Game/NPC/StageStateKeeper.cpp	exact-source	no	6b6312c2fbdc69a624fd058f1f110111c51d4d9201482aeec473cb8df509e2b3	6b6312c2fbdc69a624fd058f1f110111c51d4d9201482aeec473cb8df509e2b3	0	0	0	byte-for-byte match
NPC/StageStateKeeper.hpp	src/Game/NPC/StageStateKeeper.hpp	decomp/include/Game/NPC/StageStateKeeper.hpp	exact-source	no	1d8ff6b6cdfc7e1bc984d5aaa98956ad9866fd4f08fe6215f9a9d372c8e2fa5a	1d8ff6b6cdfc7e1bc984d5aaa98956ad9866fd4f08fe6215f9a9d372c8e2fa5a	0	0	0	byte-for-byte match
NPC/TalkBalloon.cpp	src/Game/NPC/TalkBalloon.cpp	decomp/src/Game/NPC/TalkBalloon.cpp	compile-only	no	e94b0cee133a7fbce196cdfb74c0031ee84e4d2e802e3fa51cfcef8e624f100b	2fa210d27d3d8c47dad376d63d9bf6463811ad71f9714c15889b9ade019466ea	0	0	0	explicit CP932 literal wrappers and encoding include only
NPC/TalkBalloon.hpp	src/Game/NPC/TalkBalloon.hpp	decomp/include/Game/NPC/TalkBalloon.hpp	exact-source	no	7e2ef717e9e14060db8483cf3ae300fa59698a186b10518ecae7ec674b6db718	7e2ef717e9e14060db8483cf3ae300fa59698a186b10518ecae7ec674b6db718	0	0	0	byte-for-byte match
NPC/TalkDirector.cpp	src/Game/NPC/TalkDirector.cpp	decomp/src/Game/NPC/TalkDirector.cpp	compat-temporary	no	70491f4d397af5b0704cf3c24d3409d548019250ab8dd0182c0ec10de68b629b	2d9a59cac9ef27b66a6fd512b619f53f90590851cccf1874fc6ec52d0b6a7548	0	0	0	source exists but pc-port behavior/shape differs
NPC/TalkDirector.hpp	src/Game/NPC/TalkDirector.hpp	decomp/include/Game/NPC/TalkDirector.hpp	exact-source	no	d8b8f649dc6840e9331d1af380e5fd5a077b33a948168c89a198402290afc65b	d8b8f649dc6840e9331d1af380e5fd5a077b33a948168c89a198402290afc65b	0	0	0	byte-for-byte match
NPC/TalkMessageCtrl.cpp	src/Game/NPC/TalkMessageCtrl.cpp	decomp/src/Game/NPC/TalkMessageCtrl.cpp	compile-only	no	a7bd08978ca8f8b149d6414d3990fbbf301c2aadc548c604fc6d92076bb3f384	d603c0a3fd9d05cf6da0d4282ea820b8365b9a29bc45e974262679235c958b07	0	0	0	explicit CP932 literal wrappers and encoding include only
NPC/TalkMessageCtrl.hpp	src/Game/NPC/TalkMessageCtrl.hpp	decomp/include/Game/NPC/TalkMessageCtrl.hpp	exact-source	no	31b86f98e514c65ad1c6cf601a36ee473732aa5ccfa339668fca22511a322da8	31b86f98e514c65ad1c6cf601a36ee473732aa5ccfa339668fca22511a322da8	0	0	0	byte-for-byte match
NPC/TalkMessageFunc.hpp	src/Game/NPC/TalkMessageFunc.hpp	decomp/include/Game/NPC/TalkMessageFunc.hpp	compat-temporary	no	ef590536ba546874a910c4a34113d7443305222e33060f08fd9f7fc0f1fb37be	c9a1a302216bbd3e659390805ffa3d433b49d88c8669d8def2e02eb38cb38396	0	0	0	source exists but pc-port behavior/shape differs
NPC/TalkMessageInfo.cpp	src/Game/NPC/TalkMessageInfo.cpp	decomp/src/Game/NPC/TalkMessageInfo.cpp	exact-source	no	6e7256b030638a992907f9a61be741bc54c75e9969858d959516224ba93d3d0c	6e7256b030638a992907f9a61be741bc54c75e9969858d959516224ba93d3d0c	0	0	0	byte-for-byte match
NPC/TalkMessageInfo.hpp	src/Game/NPC/TalkMessageInfo.hpp	decomp/include/Game/NPC/TalkMessageInfo.hpp	exact-source	no	5f372e52bce8c5bbbf9f4414ac99d1dde88359fac5e78af0cadbbe7d662a9a41	5f372e52bce8c5bbbf9f4414ac99d1dde88359fac5e78af0cadbbe7d662a9a41	0	0	0	byte-for-byte match
NPC/TalkNodeCtrl.cpp	src/Game/NPC/TalkNodeCtrl.cpp	decomp/src/Game/NPC/TalkNodeCtrl.cpp	compat-temporary	no	858f62781d1606aea95de54552c8462d0fc22ffcb8a27b7b4acf74fcf033e66d	1c7eee7b5b2792b5ca52d031900326be877a4785d149e261ce2cc10763d36ea8	0	0	0	source exists but pc-port behavior/shape differs
NPC/TalkNodeCtrl.hpp	src/Game/NPC/TalkNodeCtrl.hpp	decomp/include/Game/NPC/TalkNodeCtrl.hpp	exact-source	no	f6c4697e5fa6a9f2ef5e8d4b574608eb41fd380580c7124fedf734daa7966885	f6c4697e5fa6a9f2ef5e8d4b574608eb41fd380580c7124fedf734daa7966885	0	0	0	byte-for-byte match
NPC/TalkState.cpp	src/Game/NPC/TalkState.cpp	decomp/src/Game/NPC/TalkState.cpp	compile-only	no	47dc0b158a76fe263fc2a72cf06e00f04e1e0a2303b47309a450b4629f61d6fd	0efb18df1245fa5eadce5aa5f42c0cfdfe47f1757f196efdb661ebcc9cf0f9df	0	0	0	explicit CP932 literal wrappers and encoding include only
NPC/TalkState.hpp	src/Game/NPC/TalkState.hpp	decomp/include/Game/NPC/TalkState.hpp	exact-source	no	33f8f65e7355d435b5a953e694023f032edeba6c51f0dedd95323b681403f43c	33f8f65e7355d435b5a953e694023f032edeba6c51f0dedd95323b681403f43c	0	0	0	byte-for-byte match
NPC/TalkSupportPlayerWatcher.cpp	src/Game/NPC/TalkSupportPlayerWatcher.cpp	decomp/src/Game/NPC/TalkSupportPlayerWatcher.cpp	exact-source	no	7d1592ce5062ac69d0812136464e151240baacc54f232869a231c148e005dff7	7d1592ce5062ac69d0812136464e151240baacc54f232869a231c148e005dff7	0	0	0	byte-for-byte match
NPC/TalkSupportPlayerWatcher.hpp	src/Game/NPC/TalkSupportPlayerWatcher.hpp	decomp/include/Game/NPC/TalkSupportPlayerWatcher.hpp	exact-source	no	3c3c4af6cd82e28780504451418de2cfa395fc6b4f1117ffebe7b3fe748bf975	3c3c4af6cd82e28780504451418de2cfa395fc6b4f1117ffebe7b3fe748bf975	0	0	0	byte-for-byte match
NPC/TalkTextFormer.cpp	src/Game/NPC/TalkTextFormer.cpp	decomp/src/Game/NPC/TalkTextFormer.cpp	exact-source	no	bfde6d3173cf1713f367e887f95780a840ab41aa39ba1be05230614533b4a187	bfde6d3173cf1713f367e887f95780a840ab41aa39ba1be05230614533b4a187	0	0	0	byte-for-byte match
NPC/TalkTextFormer.hpp	src/Game/NPC/TalkTextFormer.hpp	decomp/include/Game/NPC/TalkTextFormer.hpp	exact-source	no	1a6e6eca7262da97e43a4a012fd4f5416d2b4b98675311e2781027333aa0160a	1a6e6eca7262da97e43a4a012fd4f5416d2b4b98675311e2781027333aa0160a	0	0	0	byte-for-byte match
NPC/Tico.cpp	src/Game/NPC/Tico.cpp	decomp/src/Game/NPC/Tico.cpp	compile-only	no	944a0a28e632fcab733d0b1c532ef9b2e3d340b45daaaf4e45c9199c3c82ea3d	65eb6d37145e538ef89f617896df99ac2b09aac06b9d3bdeec1c11f67e7977fd	0	0	0	explicit CP932 literal wrappers and encoding include only
NPC/Tico.hpp	src/Game/NPC/Tico.hpp	decomp/include/Game/NPC/Tico.hpp	exact-source	no	513c6d6efb109de52f8bb4f56cad2e09b19a7016923d062ce59ba58a186b5fdd	513c6d6efb109de52f8bb4f56cad2e09b19a7016923d062ce59ba58a186b5fdd	0	0	0	byte-for-byte match
NPC/TicoDemoGetPower.cpp	src/Game/NPC/TicoDemoGetPower.cpp	decomp/src/Game/NPC/TicoDemoGetPower.cpp	compile-only	no	b28c328f19328c891e18520f75c55f002b672065db0c45b9c8a673b29cf5fd8e	4ed5231bd79f6d1a14d7cee58caa9fbadb39f26d4cc3d33349b4e5a8c9e12688	0	0	0	explicit CP932 literal wrappers and encoding include only
NPC/TicoDemoGetPower.hpp	src/Game/NPC/TicoDemoGetPower.hpp	decomp/include/Game/NPC/TicoDemoGetPower.hpp	exact-source	no	2693af4b249b1fa5ada69934eb4b504037e632bec7c5e7e48b0cc431b4ca17e4	2693af4b249b1fa5ada69934eb4b504037e632bec7c5e7e48b0cc431b4ca17e4	0	0	0	byte-for-byte match
NPC/TimeAttackEventKeeper.cpp	src/Game/NPC/TimeAttackEventKeeper.cpp	decomp/src/Game/NPC/TimeAttackEventKeeper.cpp	exact-source	no	246bfbcc5e0524f7ce5704c8126a2a92a998207e674b0baa285847ef063727a4	246bfbcc5e0524f7ce5704c8126a2a92a998207e674b0baa285847ef063727a4	0	0	0	byte-for-byte match
NPC/TimeAttackEventKeeper.hpp	src/Game/NPC/TimeAttackEventKeeper.hpp	decomp/include/Game/NPC/TimeAttackEventKeeper.hpp	exact-source	no	f8b7a58a7c9693a0d6c9c8c1fce1fd7ee23426580f939fd119a683dbb55e9eb9	f8b7a58a7c9693a0d6c9c8c1fce1fd7ee23426580f939fd119a683dbb55e9eb9	0	0	0	byte-for-byte match
NPC/TrickRabbitUtil.cpp	src/Game/NPC/TrickRabbitUtil.cpp	decomp/src/Game/NPC/TrickRabbitUtil.cpp	compile-only	no	80d7224f551645a1da174d36a533706dd0a710f09f0f63ce51344fb9671921fd	bc0e6e6bdd97b85570dc6f668d49893bc2216023b98a77a1db8954010fff18c3	0	0	0	explicit CP932 literal wrappers and encoding include only
NPC/TrickRabbitUtil.hpp	src/Game/NPC/TrickRabbitUtil.hpp	decomp/include/Game/NPC/TrickRabbitUtil.hpp	exact-source	no	416682f13df49af033f6dc6da893263de7efb01c66c5715769772746c0063b92	416682f13df49af033f6dc6da893263de7efb01c66c5715769772746c0063b92	0	0	0	byte-for-byte match
NPC/TurnJointCtrl.cpp	src/Game/NPC/TurnJointCtrl.cpp	decomp/src/Game/NPC/TurnJointCtrl.cpp	exact-source	no	a8fe2992fb685693bc7cf9dd23ea8f95d6a61b0c2472a12cc5bae93193d1fe87	a8fe2992fb685693bc7cf9dd23ea8f95d6a61b0c2472a12cc5bae93193d1fe87	0	0	0	byte-for-byte match
NPC/TurnJointCtrl.hpp	src/Game/NPC/TurnJointCtrl.hpp	decomp/include/Game/NPC/TurnJointCtrl.hpp	exact-source	no	9a5b6f5cc31c8c5ee031a956a3b499459256552e552923d8bfe06d143051e34e	9a5b6f5cc31c8c5ee031a956a3b499459256552e552923d8bfe06d143051e34e	0	0	0	byte-for-byte match
NWC24/LuigiMailDirector.cpp	src/Game/NWC24/LuigiMailDirector.cpp	decomp/src/Game/NWC24/LuigiMailDirector.cpp	compat-temporary	no	a82e04b6a98bf426d46b3c03ed64c43c0557185a2596b26a6db8d8bcee0e28c5	d9f2972466386ef96e4bba7da4abda85da92150b8381252addc586f44b2714ac	0	0	0	source exists but pc-port behavior/shape differs
NWC24/LuigiMailDirector.hpp	src/Game/NWC24/LuigiMailDirector.hpp	decomp/include/Game/NWC24/LuigiMailDirector.hpp	exact-source	no	879d7b86fbf427f3b14db90e23e55f445ce841242e61886544ece9a372364cd9	879d7b86fbf427f3b14db90e23e55f445ce841242e61886544ece9a372364cd9	0	0	0	byte-for-byte match
NWC24/NWC24Function.cpp	src/Game/NWC24/NWC24Function.cpp	decomp/src/Game/NWC24/NWC24Function.cpp	compat-temporary	no	3f4acdf5a06faf49d4ffc18f9cae971c535b4415489bcb67a51e4f3689bbb8d6	bf4e94e2d016f5d0902ec8f807d537c035973151750ede4a97a1b0bbfcede7c9	0	0	0	source exists but pc-port behavior/shape differs
NWC24/NWC24Function.hpp	src/Game/NWC24/NWC24Function.hpp	decomp/include/Game/NWC24/NWC24Function.hpp	exact-source	no	b8927dcc662a3480461ad1bbd946ef8cc1c9f3d8365f64f8ef4048e9f21f4e04	b8927dcc662a3480461ad1bbd946ef8cc1c9f3d8365f64f8ef4048e9f21f4e04	0	0	0	byte-for-byte match
NWC24/NWC24Messenger.cpp	src/Game/NWC24/NWC24Messenger.cpp	decomp/src/Game/NWC24/NWC24Messenger.cpp	compile-only	no	d94b9f0f028545736132895a9ad0919cb17246e17b4ce6775f0c6b54488106c7	a29f456e3ae740f0be794f6592e1d3b0dde86a64cb249d8a83b1afccb89bf95f	0	0	0	explicit CP932 literal wrappers and encoding include only
NWC24/NWC24Messenger.hpp	src/Game/NWC24/NWC24Messenger.hpp	decomp/include/Game/NWC24/NWC24Messenger.hpp	exact-source	no	2591d1d7043a0b09150edc1a5becebdfd2278581bedfa505f394f76e92286d88	2591d1d7043a0b09150edc1a5becebdfd2278581bedfa505f394f76e92286d88	0	0	0	byte-for-byte match
NWC24/NWC24SendThread.cpp	src/Game/NWC24/NWC24SendThread.cpp	decomp/src/Game/NWC24/NWC24SendThread.cpp	compat-temporary	no	697d8798a3c6d3b99c37a2f58e115f14c42cebf9c09ceee7a7411d20e52bf6a5	ca2b6038411e614927cb1cf1b895424a6bd0229d963334832e48bf4f7d523169	0	0	0	source exists but pc-port behavior/shape differs
NWC24/NWC24SendThread.hpp	src/Game/NWC24/NWC24SendThread.hpp	decomp/include/Game/NWC24/NWC24SendThread.hpp	compat-temporary	no	2fc1a826ede4b6a0c50f59ab9cfcaf4e060ef42b8ec1d208e095d6a2c7317ebc	2181c45e48955bb2ccecd68b7e7e11f84c3a6d6ea257179e526df0a1fa2684bc	0	0	0	source exists but pc-port behavior/shape differs
NWC24/NWC24System.cpp	src/Game/NWC24/NWC24System.cpp	decomp/src/Game/NWC24/NWC24System.cpp	compat-temporary	no	f38b1401863cc1f311f58133c96e48b328213e2b7973b8692954e1d8a03a6956	c73ce7b8afec597736bd6ae8bb5a1cb5611af6a2223bff3e416f9446ee66fa94	0	0	0	source exists but pc-port behavior/shape differs
NWC24/NWC24System.hpp	src/Game/NWC24/NWC24System.hpp	decomp/include/Game/NWC24/NWC24System.hpp	exact-source	no	ad252565c288b2c9c9d87d6b6142239ca3c6992d87714c153e8e336cbb9d953b	ad252565c288b2c9c9d87d6b6142239ca3c6992d87714c153e8e336cbb9d953b	0	0	0	byte-for-byte match
NWC24/UTF16Util.cpp	src/Game/NWC24/UTF16Util.cpp	decomp/src/Game/NWC24/UTF16Util.cpp	exact-source	no	bd9fc6267af698ed6866514dce37d1b993e5a25b83dd11adfe8fb7dface8f752	bd9fc6267af698ed6866514dce37d1b993e5a25b83dd11adfe8fb7dface8f752	0	0	0	byte-for-byte match
NWC24/UTF16Util.hpp	src/Game/NWC24/UTF16Util.hpp	decomp/include/Game/NWC24/UTF16Util.hpp	exact-source	no	8d4acf370ddb1267461b9d4467622b6287db97c268ebf3d9279260f201c1d0ba	8d4acf370ddb1267461b9d4467622b6287db97c268ebf3d9279260f201c1d0ba	0	0	0	byte-for-byte match
NameObj/ModelChangableObjFactory.hpp	src/Game/NameObj/ModelChangableObjFactory.hpp	decomp/include/Game/NameObj/ModelChangableObjFactory.hpp	exact-source	yes	3312be051171375d257ec94aa1caade84ccbb3ecad8ace127e8402b5a7ec03f8	3312be051171375d257ec94aa1caade84ccbb3ecad8ace127e8402b5a7ec03f8	0	0	0	byte-for-byte match
NameObj/MovementOnOffGroupHolder.cpp	src/Game/NameObj/MovementOnOffGroupHolder.cpp	decomp/src/Game/NameObj/MovementOnOffGroupHolder.cpp	exact-source	yes	35bc7859ae649eec09563e7148534b4e8aee200a0b9bba118b3b1370dd752b1c	35bc7859ae649eec09563e7148534b4e8aee200a0b9bba118b3b1370dd752b1c	0	0	0	byte-for-byte match
NameObj/MovementOnOffGroupHolder.hpp	src/Game/NameObj/MovementOnOffGroupHolder.hpp	decomp/include/Game/NameObj/MovementOnOffGroupHolder.hpp	exact-source	yes	d6d08f08c7e1a76d4991cbd32cce4d6c2348ef4f2a044a7639bfafff802c8e7d	d6d08f08c7e1a76d4991cbd32cce4d6c2348ef4f2a044a7639bfafff802c8e7d	0	0	0	byte-for-byte match
NameObj/NameObj.cpp	src/Game/NameObj/NameObj.cpp	decomp/src/Game/NameObj/NameObj.cpp	exact-source	yes	fd880d329c9fb1b03ef56f1084a032b35217929721b098f8ff21ac54619ecc6e	fd880d329c9fb1b03ef56f1084a032b35217929721b098f8ff21ac54619ecc6e	0	0	0	byte-for-byte match
NameObj/NameObj.hpp	src/Game/NameObj/NameObj.hpp	decomp/include/Game/NameObj/NameObj.hpp	exact-source	yes	a6d2148a0635f7fe6e93cdfb0f7213bd4623221f68ca14267d2f03871554f52d	a6d2148a0635f7fe6e93cdfb0f7213bd4623221f68ca14267d2f03871554f52d	0	0	0	byte-for-byte match
NameObj/NameObjAdaptor.cpp	src/Game/NameObj/NameObjAdaptor.cpp	decomp/src/Game/NameObj/NameObjAdaptor.cpp	exact-source	yes	21780d330c9f77b4c3fcb1a4c837954a2a0db182d3ac4d52515b488f21fc71ef	21780d330c9f77b4c3fcb1a4c837954a2a0db182d3ac4d52515b488f21fc71ef	0	0	0	byte-for-byte match
NameObj/NameObjAdaptor.hpp	src/Game/NameObj/NameObjAdaptor.hpp	decomp/include/Game/NameObj/NameObjAdaptor.hpp	exact-source	yes	870011aad585c4b6a70621396dcd64dab51fa5651e3e6d5c7150f435f0ef0da8	870011aad585c4b6a70621396dcd64dab51fa5651e3e6d5c7150f435f0ef0da8	0	0	0	byte-for-byte match
NameObj/NameObjArchiveListCollector.cpp	src/Game/NameObj/NameObjArchiveListCollector.cpp	decomp/src/Game/NameObj/NameObjArchiveListCollector.cpp	exact-source	yes	37dc0fb8b2fe8a69e967dcf3bc041607041489dcf7427f8f3995fe98d3c0b38f	37dc0fb8b2fe8a69e967dcf3bc041607041489dcf7427f8f3995fe98d3c0b38f	0	0	0	byte-for-byte match
NameObj/NameObjArchiveListCollector.hpp	src/Game/NameObj/NameObjArchiveListCollector.hpp	decomp/include/Game/NameObj/NameObjArchiveListCollector.hpp	exact-source	yes	46e014edafb57753a8f7f14fadd85c36cab7faaf69b630edba40ab509e6bdd0e	46e014edafb57753a8f7f14fadd85c36cab7faaf69b630edba40ab509e6bdd0e	0	0	0	byte-for-byte match
NameObj/NameObjCategoryList.cpp	src/Game/NameObj/NameObjCategoryList.cpp	decomp/src/Game/NameObj/NameObjCategoryList.cpp	exact-source	yes	ec55f4e87b0570f12287e3682ffdcf548d9c42087758b694cf0d4ac1ca3e8758	ec55f4e87b0570f12287e3682ffdcf548d9c42087758b694cf0d4ac1ca3e8758	0	0	0	byte-for-byte match
NameObj/NameObjCategoryList.hpp	src/Game/NameObj/NameObjCategoryList.hpp	decomp/include/Game/NameObj/NameObjCategoryList.hpp	compat-temporary	yes	cbb46040759184cc5fe334e3360c97e062e9a703bf60c9bd1590ca4d1556c49b	c4391cbe2a92e7db6bf78739e816a57e0ddb59f38f52b42b58d38d77c496b906	0	0	0	source exists but pc-port behavior/shape differs
NameObj/NameObjExecuteHolder.hpp	src/Game/NameObj/NameObjExecuteHolder.hpp	decomp/include/Game/NameObj/NameObjExecuteHolder.hpp	exact-source	yes	c64a8d278cfb0874830ef98d20182b35b8b9f71d7416d7704998c8f808927705	c64a8d278cfb0874830ef98d20182b35b8b9f71d7416d7704998c8f808927705	0	0	0	byte-for-byte match
NameObj/NameObjFactory.cpp	src/Game/NameObj/NameObjFactory.cpp	decomp/src/Game/NameObj/NameObjFactory.cpp	exact-source	yes	8ea39fc6e387e718d7beed4b59f800b836aff6bf921f97c10645c56b180ab013	8ea39fc6e387e718d7beed4b59f800b836aff6bf921f97c10645c56b180ab013	0	0	2	byte-for-byte match
NameObj/NameObjFactory.hpp	src/Game/NameObj/NameObjFactory.hpp	decomp/include/Game/NameObj/NameObjFactory.hpp	exact-source	yes	9615f963b6f7bd1a2d15a9e5d15d7b7e1da26e9a518ded0732e0bb57c618617c	9615f963b6f7bd1a2d15a9e5d15d7b7e1da26e9a518ded0732e0bb57c618617c	0	0	0	byte-for-byte match
NameObj/NameObjFinder.hpp	src/Game/NameObj/NameObjFinder.hpp	decomp/include/Game/NameObj/NameObjFinder.hpp	exact-source	yes	a44082af8f25aa67f38740023034395dc1ea4674b0f2b58b4b9b4d2a5311aecb	a44082af8f25aa67f38740023034395dc1ea4674b0f2b58b4b9b4d2a5311aecb	0	0	0	byte-for-byte match
NameObj/NameObjGroup.cpp	src/Game/NameObj/NameObjGroup.cpp	decomp/src/Game/NameObj/NameObjGroup.cpp	exact-source	yes	1928aeb44663b3d1360e44e8c922ee6c6e8703ae34ef315e6c58f98900edf72f	1928aeb44663b3d1360e44e8c922ee6c6e8703ae34ef315e6c58f98900edf72f	0	0	0	byte-for-byte match
NameObj/NameObjGroup.hpp	src/Game/NameObj/NameObjGroup.hpp	decomp/include/Game/NameObj/NameObjGroup.hpp	compat-temporary	yes	075e5cbce2bb4860b153656ec48e924a718eacbdd41fccc4039e283a678ac360	ac22b2e990693248699b95fe150b98a0ec40d9b539b531aa37547f59461cbaba	0	0	0	source exists but pc-port behavior/shape differs
NameObj/NameObjHolder.cpp	src/Game/NameObj/NameObjHolder.cpp	decomp/src/Game/NameObj/NameObjHolder.cpp	exact-source	yes	5467387df4f47c8f70f16f2cd474b08da6a6a63184ed775daea8e000abadecd9	5467387df4f47c8f70f16f2cd474b08da6a6a63184ed775daea8e000abadecd9	0	0	0	byte-for-byte match
NameObj/NameObjHolder.hpp	src/Game/NameObj/NameObjHolder.hpp	decomp/include/Game/NameObj/NameObjHolder.hpp	compat-temporary	yes	9276215f409ce88bf7fc373d33c3e6d58fb516505bbe410e9561ad030386cfea	bbd3017a597c612d26ef6afef1fcace011af90a0a461021559fe92b7eb184132	0	0	0	source exists but pc-port behavior/shape differs
NameObj/NameObjListExecutor.cpp	src/Game/NameObj/NameObjListExecutor.cpp	decomp/src/Game/NameObj/NameObjListExecutor.cpp	exact-source	yes	4a9a1c8dd516897d46487f817da22d763a816a21097823616bd990fb802f24b4	4a9a1c8dd516897d46487f817da22d763a816a21097823616bd990fb802f24b4	0	0	0	byte-for-byte match
NameObj/NameObjListExecutor.hpp	src/Game/NameObj/NameObjListExecutor.hpp	decomp/include/Game/NameObj/NameObjListExecutor.hpp	exact-source	yes	7063fc367b71c64f7a7c8a8a1e59f0e2393ce6c9f7b1aee7301ffdce1e378963	7063fc367b71c64f7a7c8a8a1e59f0e2393ce6c9f7b1aee7301ffdce1e378963	0	0	0	byte-for-byte match
NameObj/NameObjRegister.cpp	src/Game/NameObj/NameObjRegister.cpp	decomp/src/Game/NameObj/NameObjRegister.cpp	exact-source	yes	1230f57a30231601dcb5753736bf3198a8c3c524a769594c43737e7250b41b5c	1230f57a30231601dcb5753736bf3198a8c3c524a769594c43737e7250b41b5c	0	0	0	byte-for-byte match
NameObj/NameObjRegister.hpp	src/Game/NameObj/NameObjRegister.hpp	decomp/include/Game/NameObj/NameObjRegister.hpp	exact-source	yes	92c00d7813b3b7f14b06fa288f964f923a1a1169ce1ee7be1a093aab5e6effbd	92c00d7813b3b7f14b06fa288f964f923a1a1169ce1ee7be1a093aab5e6effbd	0	0	0	byte-for-byte match
Player/DLchanger.hpp	src/Game/Player/DLchanger.hpp	decomp/include/Game/Player/DLchanger.hpp	compat-temporary	no	a17963f0c047ea5cf91616794c5150213c9688e067990c7bea72bf974c263f31	589e036b52645fcd8d1be8879c427ddbfb4cbe22bdd0496d2e1f353e4458a8af	0	0	0	source exists but pc-port behavior/shape differs
Player/DrawAdaptor.cpp	src/Game/Player/DrawAdaptor.cpp	decomp/src/Game/Player/DrawAdaptor.cpp	compile-only	no	6be7ec7f85e829b8236442a95cdf67d0940b6302bdbf032a5f076621af9735d6	5b8eb456129c6ab5e0c01ff711475afeebbe15cb7a1720810b01450057282622	0	0	0	explicit CP932 literal wrappers and encoding include only
Player/DrawAdaptor.hpp	src/Game/Player/DrawAdaptor.hpp	decomp/include/Game/Player/DrawAdaptor.hpp	exact-source	no	c5dc1540de3c1352d9749e52af1477c0f1e03b6a0f4ce3cafaceb04b1551cc93	c5dc1540de3c1352d9749e52af1477c0f1e03b6a0f4ce3cafaceb04b1551cc93	0	0	0	byte-for-byte match
Player/FireMarioBall.cpp	src/Game/Player/FireMarioBall.cpp	decomp/src/Game/Player/FireMarioBall.cpp	exact-source	no	633b7bee8520b2bb508991d42f5c083ac8c86a7fe3ec7c54ef5492c0f08b1594	633b7bee8520b2bb508991d42f5c083ac8c86a7fe3ec7c54ef5492c0f08b1594	0	0	0	byte-for-byte match
Player/FireMarioBall.hpp	src/Game/Player/FireMarioBall.hpp	decomp/include/Game/Player/FireMarioBall.hpp	exact-source	no	c7f06585e7c9c512de44be019e973cd03eb2f3d375f67c0979c953e73396758b	c7f06585e7c9c512de44be019e973cd03eb2f3d375f67c0979c953e73396758b	0	0	0	byte-for-byte match
Player/GroupChecker.hpp	src/Game/Player/GroupChecker.hpp	decomp/include/Game/Player/GroupChecker.hpp	compat-temporary	no	7b19f6b0f28f61131190e955dd3dab8d0119fa594b99626869fa96acb170b020	1e6321eddd80d669f3ce7c31ddf5ae2c2f14be2a9f59679b3da45c94bc3bbda4	0	0	0	source exists but pc-port behavior/shape differs
Player/J3DModelX.cpp	src/Game/Player/J3DModelX.cpp	decomp/src/Game/Player/J3DModelX.cpp	compat-temporary	no	ad580fcf92857c0b16c7ea83f8a070acc8e1039e8fe2ef0df987ad595d1439e3	2cc816371ecc927b2cda1443518b09d280a97924e51b0a6163875d62367f2a16	0	0	0	source exists but pc-port behavior/shape differs
Player/J3DModelX.hpp	src/Game/Player/J3DModelX.hpp	decomp/include/Game/Player/J3DModelX.hpp	compat-temporary	no	58209ab03a64a5b18468ebd96e50f1dcbef35aa937d07254ac1321cdc94964fb	4653907912cd87f1562475c47f7e25bc2d4a7820dc3685073c1b228e81323afa	0	0	0	source exists but pc-port behavior/shape differs
Player/JetTurtleShadow.cpp	src/Game/Player/JetTurtleShadow.cpp	decomp/src/Game/Player/JetTurtleShadow.cpp	exact-source	no	2770c374f58521592f94a06dd193af1798b29663ecf600f92ad5ef05dc904b70	2770c374f58521592f94a06dd193af1798b29663ecf600f92ad5ef05dc904b70	0	0	0	byte-for-byte match
Player/JetTurtleShadow.hpp	src/Game/Player/JetTurtleShadow.hpp	decomp/include/Game/Player/JetTurtleShadow.hpp	exact-source	no	efe17859eeb5886c49cabd5c9d83870446f422291f6b63737e27e35f9fdd5aac	efe17859eeb5886c49cabd5c9d83870446f422291f6b63737e27e35f9fdd5aac	0	0	0	byte-for-byte match
Player/MarineSnow.cpp	src/Game/Player/MarineSnow.cpp	decomp/src/Game/Player/MarineSnow.cpp	compat-temporary	no	2f441b0964bb1915f8650a7a62fc2965e411ab9ed343b9a4766a40c42db93851	ab132a05985455b9f01fe96896f21ab350d941d556c0732812276488b61bf06a	0	0	0	source exists but pc-port behavior/shape differs
Player/MarineSnow.hpp	src/Game/Player/MarineSnow.hpp	decomp/include/Game/Player/MarineSnow.hpp	exact-source	no	cf08990e3f5cd72f450b8e37f084c2a207003e6474c4ddb009581626c7ad274c	cf08990e3f5cd72f450b8e37f084c2a207003e6474c4ddb009581626c7ad274c	0	0	0	byte-for-byte match
Player/Mario.cpp	src/Game/Player/Mario.cpp	decomp/src/Game/Player/Mario.cpp	compat-temporary	no	abd50a0c2c6cb05836260c905cfc0d02285ff30a9f055105d6562a884cf04316	6ae11727799d4b775b073776805bc7d1d68e4fa4ba8b495fea8b7543a3984064	0	0	4	source exists but pc-port behavior/shape differs
Player/Mario.hpp	src/Game/Player/Mario.hpp	decomp/include/Game/Player/Mario.hpp	compat-temporary	no	7390b3483c4031ff69774cb5380dce20dd0148036b54696c0cba30ad859f6d20	6893e6a4b5a465c91ff4fc436f5bd2a431ed216cb876585ca159b2a74f7d12bb	0	0	1	source exists but pc-port behavior/shape differs
Player/Mario2D.cpp	src/Game/Player/Mario2D.cpp	decomp/src/Game/Player/Mario2D.cpp	exact-source	no	189c9aad289501467f7acd8c7c0094864d149b54e409921c01f7ff2b2d28b3a9	189c9aad289501467f7acd8c7c0094864d149b54e409921c01f7ff2b2d28b3a9	0	0	0	byte-for-byte match
Player/MarioAbyssDamage.hpp	src/Game/Player/MarioAbyssDamage.hpp	decomp/include/Game/Player/MarioAbyssDamage.hpp	exact-source	no	30d74865a16dd728742d02d23a923b3f9ec9149b8cda163ee5863b50decabda7	30d74865a16dd728742d02d23a923b3f9ec9149b8cda163ee5863b50decabda7	0	0	0	byte-for-byte match
Player/MarioAccess.cpp	src/Game/Player/MarioAccess.cpp	decomp/src/Game/Player/MarioAccess.cpp	compat-temporary	no	39fbc989612952af886f2c189061b2c05159bd9a24ecb67bc980f31985ef3174	6a779fa60e444bbb7f0fa43c02e6b003da6d6e5a586ba465c6bcc96c158d2a1d	2	0	0	source exists but pc-port behavior/shape differs
Player/MarioAccess.hpp	src/Game/Player/MarioAccess.hpp	decomp/include/Game/Player/MarioAccess.hpp	compat-temporary	no	7d09da92c2011ff47fa3079b503dba6d043550fca4aba0cdc0e4799cef5981de	35f5b8ea373fc9c116b28d46b4017a02f451d3e2cb11d592e080d6d54e9cbb25	0	0	0	source exists but pc-port behavior/shape differs
Player/MarioActor.cpp	src/Game/Player/MarioActor.cpp	decomp/src/Game/Player/MarioActor.cpp	compat-temporary	no	d2638c2aa10a7e5399bdd36ba22fa5e23d15a848e0ceb8039fb357bf1578f6fa	ca600322bb1507727f1d6f431065abf8765ff30f6763870cbdc314304837cd8c	0	0	2	source exists but pc-port behavior/shape differs
Player/MarioActor.hpp	src/Game/Player/MarioActor.hpp	decomp/include/Game/Player/MarioActor.hpp	compat-temporary	no	a400fba5196d6ed755da5c590ef850816768fc4dce38cfd8ecacd4dc6a4fb484	29d32f9cf7c2fa7cb6e77048916fd21350e16c9f4944a86a477924c69c190d75	0	0	1	source exists but pc-port behavior/shape differs
Player/MarioActorBlackHole.cpp	src/Game/Player/MarioActorBlackHole.cpp	decomp/src/Game/Player/MarioActorBlackHole.cpp	compat-temporary	no	b708b8bab48a3bf6207b9d063d01e5efd75736a7fc0eb2a344be5b05150b3633	b8e5e6dce930be087b830ee62d5c0dafd72d48b2021060146562b5805a1ac526	0	0	0	source exists but pc-port behavior/shape differs
Player/MarioActorCamera.cpp	src/Game/Player/MarioActorCamera.cpp	decomp/src/Game/Player/MarioActorCamera.cpp	exact-source	no	07d975f685d028e51aa3d6e732e938923666432fc855473c976cc975cbf91be6	07d975f685d028e51aa3d6e732e938923666432fc855473c976cc975cbf91be6	0	0	0	byte-for-byte match
Player/MarioActorClap.cpp	src/Game/Player/MarioActorClap.cpp	decomp/src/Game/Player/MarioActorClap.cpp	compat-temporary	no	5bbc0a073656414c3c93fd80c172cd791841d0f333015db0182eb50574b4dda6	c5a3f4ec7185d7271be21446feff932f19de08f56489403d16d36632385ed570	0	0	0	source exists but pc-port behavior/shape differs
Player/MarioActorDefensiveMsg.cpp	src/Game/Player/MarioActorDefensiveMsg.cpp	decomp/src/Game/Player/MarioActorDefensiveMsg.cpp	compat-temporary	no	c57de9bb256f23ba54b592c60ca2eb3747b65f206159c0280ed44713f333495d	a441cda8280736226f33f296791324337795e34720ef22829de75f5a0db7a1ef	0	0	0	source exists but pc-port behavior/shape differs
Player/MarioActorDraw.cpp	src/Game/Player/MarioActorDraw.cpp	decomp/src/Game/Player/MarioActorDraw.cpp	compat-temporary	no	1d1468df492965e469c8c8145974cce2feacf42b0df7426ac11d1f809d4cf36d	613fe5c83edc0198f6d40de8fd893f3ba9f816dcfda81d4fccb9d9e846995101	0	0	0	source exists but pc-port behavior/shape differs
Player/MarioActorEye.cpp	src/Game/Player/MarioActorEye.cpp	decomp/src/Game/Player/MarioActorEye.cpp	compat-temporary	no	d147871c429477902fdded9a6b01ca19dd2c0fd7e0f39f1a6444f08297b16971	2276fc9cd13689b138bf019572d4465046bc2251448342d25f5816e4f62fa668	0	0	0	source exists but pc-port behavior/shape differs
Player/MarioActorGameOver.cpp	src/Game/Player/MarioActorGameOver.cpp	decomp/src/Game/Player/MarioActorGameOver.cpp	compile-only	no	21ac79550da294d321d137b0533f8410590efdf413e9257d81f31f2fc6f5f482	5bc907c72fef08fa66e2846c263ceea73e3de09a5dd8902b49c2d21ce2d00fa5	0	0	0	explicit CP932 literal wrappers and encoding include only
Player/MarioActorGravity.cpp	src/Game/Player/MarioActorGravity.cpp	decomp/src/Game/Player/MarioActorGravity.cpp	compat-temporary	no	95b6925e66872347f184a5f867fb7f6afa52233ea4afcaa04926e9e7ed659fe5	4b134ccbd02fffddb0d245aef6c6814528b75f505b23661a983ce14a534efb93	0	0	0	source exists but pc-port behavior/shape differs
Player/MarioActorHand.cpp	src/Game/Player/MarioActorHand.cpp	decomp/src/Game/Player/MarioActorHand.cpp	compat-temporary	no	5de14b35b34c105291bdaef6bc3a81dccd6eec95617cd2370853d4666d661323	529ae95537b0fb0a8df7ddde16fe65b766ee4a410410f0c3ea6e1ff8a9bfecf3	0	0	0	source exists but pc-port behavior/shape differs
Player/MarioActorInit.cpp	src/Game/Player/MarioActorInit.cpp	decomp/src/Game/Player/MarioActorInit.cpp	compat-temporary	no	58548c45ef2de78d618f76fa25bfb681f5145324814e184823eb3f25eb9e7dcb	dad7313d1e123515a0c78d0c10f6f388aed887cb4bdf3d40a6986afee6be6788	0	0	0	source exists but pc-port behavior/shape differs
Player/MarioActorMatrix.cpp	src/Game/Player/MarioActorMatrix.cpp	decomp/src/Game/Player/MarioActorMatrix.cpp	compile-only	no	a1cd941b08d3c91d3078423576beed3a861c6ce0c53ab411862e27d89320f081	b49c408c0cb6b441e2eb707154d138ade1e67fdf50a9dfeabaaaf910d4d60319	0	0	0	explicit CP932 literal wrappers and encoding include only
Player/MarioActorMorph.cpp	src/Game/Player/MarioActorMorph.cpp	decomp/src/Game/Player/MarioActorMorph.cpp	compat-temporary	no	f7dccf53470ec4cc272153bd0e26339135dcdea1e1a35b0f4fcaf206106ae315	58c1c78af54441801951fb89245d74a6d7755f04d3afcb55064978c8779c70fd	0	0	0	source exists but pc-port behavior/shape differs
Player/MarioActorOffensiveMsg.cpp	src/Game/Player/MarioActorOffensiveMsg.cpp	decomp/src/Game/Player/MarioActorOffensiveMsg.cpp	compat-temporary	no	2b702106027d99487898dad5b7b6b63231acac3c209ebd82941fd664007ef28d	d0df011da86f221db7cd5cdd2790a3a5a6c977c90c024e4ac8903cad5f30793b	0	0	0	source exists but pc-port behavior/shape differs
Player/MarioActorPad.cpp	src/Game/Player/MarioActorPad.cpp	decomp/src/Game/Player/MarioActorPad.cpp	compile-only	no	d377650b6865866a5656b0b0ab3b3de83d5d42520e25d303a0ac7e61f0eeed15	da9d25d2629a064fdbe9f1eb50bf57e975b06737820ca184f944f2d9be08602b	0	0	0	explicit CP932 literal wrappers and encoding include only
Player/MarioActorParts.cpp	src/Game/Player/MarioActorParts.cpp	decomp/src/Game/Player/MarioActorParts.cpp	compat-temporary	no	ae5ef1ec15053b6266e4694fa2760fc3c41ff432300f5b9d91609247ee7e4d89	f33ab84abfac321a4b7a657bf5e453c9870a2f85b4146973f986cf7504cca302	0	0	0	source exists but pc-port behavior/shape differs
Player/MarioActorPunch.cpp	src/Game/Player/MarioActorPunch.cpp	decomp/src/Game/Player/MarioActorPunch.cpp	compile-only	no	4c598d5c25cca7b15bf4ddcc97e944295de7344e6bce0dd2a6e44219c5914d5b	53fa0a6fb01cf197357f1e0ebbf6ed822b5e734d29308ce8352b83bbc2c240f4	0	0	0	explicit CP932 literal wrappers and encoding include only
Player/MarioActorRush.cpp	src/Game/Player/MarioActorRush.cpp	decomp/src/Game/Player/MarioActorRush.cpp	compat-temporary	no	ca9798ffb53b8fb498b781d4c7aa1ba56d8cb2089f1502fe73e966b917758b66	4354243c6f90d7b4537cbf304515113bb24a2f4a45f53412ddc695f98a053178	0	0	0	source exists but pc-port behavior/shape differs
Player/MarioActorRushMsg.cpp	src/Game/Player/MarioActorRushMsg.cpp	decomp/src/Game/Player/MarioActorRushMsg.cpp	compat-temporary	no	067b81eafc56bcf133925f3b9990f3ec590d170084e3f934bda3af1236be8e45	4d6424b1f06f74dbd248182b6eddeaeb04a0f40b71006702b6fcc950961ee553	0	0	2	source exists but pc-port behavior/shape differs
Player/MarioActorSensor.cpp	src/Game/Player/MarioActorSensor.cpp	decomp/src/Game/Player/MarioActorSensor.cpp	compat-temporary	no	143bf55841a2f383afb1da288af456e85e54473d791dbbc1d006456aa0f485d5	7ec5fdd3c5f93b7b4c4df8ad4db71448716ff992a01b65d8c24e09424ac6ac89	0	0	0	source exists but pc-port behavior/shape differs
Player/MarioActorShadow.cpp	src/Game/Player/MarioActorShadow.cpp	decomp/src/Game/Player/MarioActorShadow.cpp	compat-temporary	no	25a4356b08781d6657a642ce44a2628b085bf920292bcff62d8dacd1ba13678a	10d646c72102e4a67d2124b84f8363d0f37978681e18ae048beb38ae55f0cc13	0	0	0	source exists but pc-port behavior/shape differs
Player/MarioActorSpecialDraw.cpp	src/Game/Player/MarioActorSpecialDraw.cpp	decomp/src/Game/Player/MarioActorSpecialDraw.cpp	compat-temporary	no	4506193e11f33b846adf6928a0a2211e69ad1f2b799f7454119c9b9ad5b89fab	f7890a270757dceec83de2545216c12e8ee11734423a80497d123110ab7f9e2f	0	0	0	source exists but pc-port behavior/shape differs
Player/MarioActorTakeMsg.cpp	src/Game/Player/MarioActorTakeMsg.cpp	decomp/src/Game/Player/MarioActorTakeMsg.cpp	compat-temporary	no	5a059eb5e9ada188a61528d93b792f591f3ace7c28c89ca6f71fe03a1b33dcaa	166c2a6a66c25d2bb89c6e9093c09584bae2cd0f12deccf19ca0cef2875871b5	0	0	1	source exists but pc-port behavior/shape differs
Player/MarioActorWipe.cpp	src/Game/Player/MarioActorWipe.cpp	decomp/src/Game/Player/MarioActorWipe.cpp	compat-temporary	no	fb09526a8d5da521f48378ab16fb91a1c4e17aee4eeb8da2c5a78b26a48d17f5	84c01c26619b24953178277d95ec067426ee5d33210fef2a52f067c40f429c1a	0	0	0	source exists but pc-port behavior/shape differs
Player/MarioAnimationEfx.cpp	src/Game/Player/MarioAnimationEfx.cpp	decomp/src/Game/Player/MarioAnimationEfx.cpp	compat-temporary	no	f42288d9352174950d344aff6cc42b53b2d75f6ba1893f5a945b1e092c83cdf6	c8063876c0eabad4c4a8d769ee0f2faf2ba69d16f6d3e54635aa25235c4e3c72	0	0	0	source exists but pc-port behavior/shape differs
Player/MarioAnimator.cpp	src/Game/Player/MarioAnimator.cpp	decomp/src/Game/Player/MarioAnimator.cpp	compat-temporary	no	8d380cfbc5d89c999815eb88dca98f4390694053be879345f5f96558a943ae8d	b1a77698014725d79f587a6ca28c60c34932f43b5d5a0da845dc952ec934c954	0	0	0	source exists but pc-port behavior/shape differs
Player/MarioAnimator.hpp	src/Game/Player/MarioAnimator.hpp	decomp/include/Game/Player/MarioAnimator.hpp	compat-temporary	no	4184c38ea0672e2d59eabbb0f6803ca0f0f548c0b7c329b80600f5f2a5885df6	dae1bfb162fdeb9da76bb7d4daedebf2b9e46d226becad33ee4548e4fd980514	0	0	0	source exists but pc-port behavior/shape differs
Player/MarioAnimatorData.hpp	src/Game/Player/MarioAnimatorData.hpp	decomp/include/Game/Player/MarioAnimatorData.hpp	compile-only	no	c2af16886eceac77e3efa72feaacf3d703e1bd10a45ccedde66f47fa1036682b	2595e258a398b6e32b49c7af44fca8210c6caef023888d7599e1afa42a23f43a	0	0	0	explicit CP932 literal wrappers and encoding include only
Player/MarioBee.cpp	src/Game/Player/MarioBee.cpp	decomp/src/Game/Player/MarioBee.cpp	compat-temporary	no	1e2341665cf5ec72afee241dab463372b968c51f3990d85a5f1857012cb38cb8	17ca2020b4daa27926486d8b4d1073ed5f8e46ebf6b5f4dca56af327f1f0c38c	0	0	0	source exists but pc-port behavior/shape differs
Player/MarioBlown.cpp	src/Game/Player/MarioBlown.cpp	decomp/src/Game/Player/MarioBlown.cpp	compat-temporary	no	16243a12ae87edc72b37981e208030686db356602fa5846a2d4920b1cf4e7cd6	2df5fec90d5f2a7edf5d1c9b3b1ba0198d4353796119bb3655ac877e8819f229	0	0	0	source exists but pc-port behavior/shape differs
Player/MarioBlown.hpp	src/Game/Player/MarioBlown.hpp	decomp/include/Game/Player/MarioBlown.hpp	compat-temporary	no	fcf61f9703bf2d4970c73eb19f3fde991a61b1ac956348e352bc052f5c6fec37	be805c8b849cab07f5c4cda2427560222630a001f709a8585456ab48d86165a0	0	0	0	source exists but pc-port behavior/shape differs
Player/MarioBump.cpp	src/Game/Player/MarioBump.cpp	decomp/src/Game/Player/MarioBump.cpp	compat-temporary	no	7334db5dccfb9a2784df27be2d5ecf612c221a2d2927b6acbee3e001bdf5e484	f33b6434771ae82eced21f11abf223de6c896acae9ee44739ad61a8cd8d71bd1	0	0	0	source exists but pc-port behavior/shape differs
Player/MarioBump.hpp	src/Game/Player/MarioBump.hpp	decomp/include/Game/Player/MarioBump.hpp	exact-source	no	a8257eb52664078b6c2916207f7eeee7fe30ef5ed687265bfa49d5d32ca1f32e	a8257eb52664078b6c2916207f7eeee7fe30ef5ed687265bfa49d5d32ca1f32e	0	0	0	byte-for-byte match
Player/MarioClimb.cpp	src/Game/Player/MarioClimb.cpp	decomp/src/Game/Player/MarioClimb.cpp	compile-only	no	2fc254d86e70dac5b3b9354c7c1bed4acf16d076fac6cb085773a7cee55b2de1	672484aae255f3997adccc1176c5fd57ec4ef8e4ca7a6ac9c4078425f9fa3b8d	0	0	0	explicit CP932 literal wrappers and encoding include only
Player/MarioClimb.hpp	src/Game/Player/MarioClimb.hpp	decomp/include/Game/Player/MarioClimb.hpp	exact-source	no	f09e2d5bd232008f4f30ba4bae61fe52d489350f01fa03e28a38b4d6088acca1	f09e2d5bd232008f4f30ba4bae61fe52d489350f01fa03e28a38b4d6088acca1	0	0	0	byte-for-byte match
Player/MarioCollision.cpp	src/Game/Player/MarioCollision.cpp	decomp/src/Game/Player/MarioCollision.cpp	compat-temporary	no	0d7fa692df230363430e889ceefde735138e8f1ce110dfc6250453104766fce5	9a3b94fe0f8259ea78264516e42ccc03db863fdcf8e0a85e7403c9f7ce64f747	0	0	0	source exists but pc-port behavior/shape differs
Player/MarioConst.cpp	src/Game/Player/MarioConst.cpp	decomp/src/Game/Player/MarioConst.cpp	exact-source	no	7ddee8ef9c7d720ee756c0b9a390afeb0ffab2a38e3c38e1411f635fe7d69dcb	7ddee8ef9c7d720ee756c0b9a390afeb0ffab2a38e3c38e1411f635fe7d69dcb	0	0	2	byte-for-byte match
Player/MarioConst.hpp	src/Game/Player/MarioConst.hpp	decomp/include/Game/Player/MarioConst.hpp	exact-source	no	20cbd732fb978f817ac301939d29f0f2e2405b36d629de7ea607c333f8b6afb2	20cbd732fb978f817ac301939d29f0f2e2405b36d629de7ea607c333f8b6afb2	0	0	1	byte-for-byte match
Player/MarioCrush.hpp	src/Game/Player/MarioCrush.hpp	decomp/include/Game/Player/MarioCrush.hpp	exact-source	no	e1bf95672348ee69b181b660ab3d2d8db754b9baa6cc992f56aaab37c119d0ab	e1bf95672348ee69b181b660ab3d2d8db754b9baa6cc992f56aaab37c119d0ab	0	0	0	byte-for-byte match
Player/MarioDamage.cpp	src/Game/Player/MarioDamage.cpp	decomp/src/Game/Player/MarioDamage.cpp	compat-temporary	no	d3d998533fe18ee52d64e53ecc6a660a72488d7a62cdefc32fd0dc4820bcf65f	b5b77874b56ab5b9cf3626563194641b1594b836d592206d07e4ded598641af9	0	0	0	source exists but pc-port behavior/shape differs
Player/MarioDamage.hpp	src/Game/Player/MarioDamage.hpp	decomp/include/Game/Player/MarioDamage.hpp	compat-temporary	no	a3a866d5f1dff7b2066087dd51e0dada6cb81c7ce42b942fd3bcf7b5023a817a	77233b73a7a558fc426ed16a83e5f8247d62735ea87e5f778441d520cad92875	0	0	0	source exists but pc-port behavior/shape differs
Player/MarioDamageCrush.cpp	src/Game/Player/MarioDamageCrush.cpp	decomp/src/Game/Player/MarioDamageCrush.cpp	compile-only	no	b4b85e0084b7d3dce9cc6c21e919ae95ab1703312c10ad180fe60a295f20b69f	f420fc4955efd42ee62ac3ff4a5051eb297bcc200fb12165533aba2b989412a5	0	0	0	explicit CP932 literal wrappers and encoding include only
Player/MarioDamageFreeze.cpp	src/Game/Player/MarioDamageFreeze.cpp	decomp/src/Game/Player/MarioDamageFreeze.cpp	compile-only	no	2b451bf2ea048de549f68d459dfeebac37562aae76ad715432a3f2d19b68e890	1ce3f7a63956bf56f10a37de8f50c315287246bfc8d4a108bb344dc23ef6d11f	0	0	0	explicit CP932 literal wrappers and encoding include only
Player/MarioDamageParalyze.cpp	src/Game/Player/MarioDamageParalyze.cpp	decomp/src/Game/Player/MarioDamageParalyze.cpp	compile-only	no	80923bdb925f5de72aaaaa97ae70b250d6e6a8c464b78cb59e6f67187771c2f4	5ca73156f42207bb8eb8cd240911a2d7feea8249996acda7b203d89882e2885a	0	0	0	explicit CP932 literal wrappers and encoding include only
Player/MarioDamageStun.cpp	src/Game/Player/MarioDamageStun.cpp	decomp/src/Game/Player/MarioDamageStun.cpp	compat-temporary	no	2920fca585e6e28640baf2fea49882249b44c0f6289c2c34c0964b97ea89872d	357dfe77d73df9e68e54cca5e9f2b3a64608d9566c56b3b9398302c7520012a1	0	0	0	source exists but pc-port behavior/shape differs
Player/MarioDarkDamage.hpp	src/Game/Player/MarioDarkDamage.hpp	decomp/include/Game/Player/MarioDarkDamage.hpp	exact-source	no	7d752c2fa96929a912465e8c693a2cb7d806f798570b2577cfd9ab644c0dc4c4	7d752c2fa96929a912465e8c693a2cb7d806f798570b2577cfd9ab644c0dc4c4	0	0	0	byte-for-byte match
Player/MarioEffect.cpp	src/Game/Player/MarioEffect.cpp	decomp/src/Game/Player/MarioEffect.cpp	compat-temporary	no	3e24b6d5f0a8de2dce845d651f7aa704b360b23cc2191ed00863ab9925c403ca	b9df5d3a3e9ffe8c45a5da92ac6ea50501dc274532a0ed38a622e874ad302a4e	0	0	0	source exists but pc-port behavior/shape differs
Player/MarioEffect.hpp	src/Game/Player/MarioEffect.hpp	decomp/include/Game/Player/MarioEffect.hpp	exact-source	no	a9e6fa3f00e62a93cb7ba7b6e99a7051f2ff62bec6bee788f27961a4303c7fdd	a9e6fa3f00e62a93cb7ba7b6e99a7051f2ff62bec6bee788f27961a4303c7fdd	0	0	0	byte-for-byte match
Player/MarioEnforce.cpp	src/Game/Player/MarioEnforce.cpp	decomp/src/Game/Player/MarioEnforce.cpp	compat-temporary	no	7e1b965718801b7e93df2a8a8c15c7e61eb0e086ab07c9be80cbd0963b37932d	f1d287f1a5aace81d9d8c59fb1b24b9085fa217bdc66bc41dfae4db916c24427	0	0	2	source exists but pc-port behavior/shape differs
Player/MarioFaint.cpp	src/Game/Player/MarioFaint.cpp	decomp/src/Game/Player/MarioFaint.cpp	compat-temporary	no	cfca9328dff10f5e75d051771d77eec64dd60990a2f0b92be03a2191b4bb8b91	c1ed8f7b6304b20efd276106ec3a62a4f16c953a5a25becafb47fc44d0a71657	0	0	0	source exists but pc-port behavior/shape differs
Player/MarioFaint.hpp	src/Game/Player/MarioFaint.hpp	decomp/include/Game/Player/MarioFaint.hpp	compat-temporary	no	6f9f7705c48c17c420cbb553d31bcb66f2813c0804e25ae7b560cd5600732a33	c4f10b9fdf1c7312dc179ec0cda991e5a6e1031d4bd9f1c77f9fa17f8f1240aa	0	0	0	source exists but pc-port behavior/shape differs
Player/MarioFireDamage.hpp	src/Game/Player/MarioFireDamage.hpp	decomp/include/Game/Player/MarioFireDamage.hpp	exact-source	no	ddeee7c61187f848685564070fc5552f3280f96a7e5a0bc56be46df2299ab2ba	ddeee7c61187f848685564070fc5552f3280f96a7e5a0bc56be46df2299ab2ba	0	0	0	byte-for-byte match
Player/MarioFireDance.hpp	src/Game/Player/MarioFireDance.hpp	decomp/include/Game/Player/MarioFireDance.hpp	exact-source	no	c6b36bb36f349ab203fe60ea21f2f905e5ea5c39f75d326b281254f4407a25ba	c6b36bb36f349ab203fe60ea21f2f905e5ea5c39f75d326b281254f4407a25ba	0	0	0	byte-for-byte match
Player/MarioFireRun.hpp	src/Game/Player/MarioFireRun.hpp	decomp/include/Game/Player/MarioFireRun.hpp	exact-source	no	ab6fff884c3a5f04185bfc2cdbfa78899c8fbc71605ce617b814d31cd75ac602	ab6fff884c3a5f04185bfc2cdbfa78899c8fbc71605ce617b814d31cd75ac602	0	0	0	byte-for-byte match
Player/MarioFlip.cpp	src/Game/Player/MarioFlip.cpp	decomp/src/Game/Player/MarioFlip.cpp	compat-temporary	no	9bd71c802c2118f7ac9470eba62ab9bfe48bb88004ae01593af0cac74c6e2226	af0dd7566c0bf09881a398165265df62216beee4d326349904488e27475b6e3b	0	0	0	source exists but pc-port behavior/shape differs
Player/MarioFlip.hpp	src/Game/Player/MarioFlip.hpp	decomp/include/Game/Player/MarioFlip.hpp	exact-source	no	4e9650cb98c5994713eadc7832033be38765ab385804e5c0e90db4e9aac81701	4e9650cb98c5994713eadc7832033be38765ab385804e5c0e90db4e9aac81701	0	0	0	byte-for-byte match
Player/MarioFlow.cpp	src/Game/Player/MarioFlow.cpp	decomp/src/Game/Player/MarioFlow.cpp	compile-only	no	68859a2fd53f1c522c4a438f8f3bee6d25a25a600e2c1a296c7d53379cc5509a	afaeb3202d4d244c8da20e6beebf583cf74b3556ce982db676c1fda9dacd92a1	0	0	0	explicit CP932 literal wrappers and encoding include only
Player/MarioFlow.hpp	src/Game/Player/MarioFlow.hpp	decomp/include/Game/Player/MarioFlow.hpp	exact-source	no	7c4420886304cc008a6a0ae8a58940a9d8536775e390a39e64268e7856f3eeea	7c4420886304cc008a6a0ae8a58940a9d8536775e390a39e64268e7856f3eeea	0	0	0	byte-for-byte match
Player/MarioFoo.cpp	src/Game/Player/MarioFoo.cpp	decomp/src/Game/Player/MarioFoo.cpp	compat-temporary	no	90e000d58d9282116bf69abea4b9a5ee3277cac47170a06f0a8250b71280171d	1f74fe7f04106517c85ffad9f0e742c748bd4e9b4835f74035662ca997d82076	0	0	0	source exists but pc-port behavior/shape differs
Player/MarioFoo.hpp	src/Game/Player/MarioFoo.hpp	decomp/include/Game/Player/MarioFoo.hpp	compat-temporary	no	f7b75a7a8a5e5a66c80a147a94ab7ae884ead9caa50a801c944d592b875e3457	2c44d007462a491a676d6acc09372eefc2a88ba984a9f575912ee65943b8b407	0	0	0	source exists but pc-port behavior/shape differs
Player/MarioFpView.cpp	src/Game/Player/MarioFpView.cpp	decomp/src/Game/Player/MarioFpView.cpp	compile-only	no	d7844ab3e35394ea37f4ed82c5c4b5add57f04b8894d4b51013261254c528d1d	8f4a40aee08adc283c893c820885bfdfba5c443bb7432d61713e945a1f87e2b0	0	0	1	explicit CP932 literal wrappers and encoding include only
Player/MarioFpView.hpp	src/Game/Player/MarioFpView.hpp	decomp/include/Game/Player/MarioFpView.hpp	exact-source	no	559732a33c1d1ffb7a96225a7ab7f3f2626fd85e378f8c0c6778c392c5557a4d	559732a33c1d1ffb7a96225a7ab7f3f2626fd85e378f8c0c6778c392c5557a4d	0	0	0	byte-for-byte match
Player/MarioFreeze.hpp	src/Game/Player/MarioFreeze.hpp	decomp/include/Game/Player/MarioFreeze.hpp	exact-source	no	26539a103b4bdaf8a0a5c2c1ddd96f7525e049c2290b5ab5876636a0d440d033	26539a103b4bdaf8a0a5c2c1ddd96f7525e049c2290b5ab5876636a0d440d033	0	0	0	byte-for-byte match
Player/MarioFrontStep.cpp	src/Game/Player/MarioFrontStep.cpp	decomp/src/Game/Player/MarioFrontStep.cpp	compat-temporary	no	1368b88aa60f18f5c5ff5c79fb4b4419b97064d9decbe4871aa47df943eb27e0	86217370fe5399203e0506935012cd95d1d64fadc5aadacc8889f6a1a9ae45ab	0	0	0	source exists but pc-port behavior/shape differs
Player/MarioFrontStep.hpp	src/Game/Player/MarioFrontStep.hpp	decomp/include/Game/Player/MarioFrontStep.hpp	exact-source	no	a5bce15596e109a82b16e1d5c8d7c549a7842f01d38fe013ef929c896fc9d634	a5bce15596e109a82b16e1d5c8d7c549a7842f01d38fe013ef929c896fc9d634	0	0	0	byte-for-byte match
Player/MarioHang.cpp	src/Game/Player/MarioHang.cpp	decomp/src/Game/Player/MarioHang.cpp	compat-temporary	no	a275f21cead7636eaf87f37ee9fe0f7fdcc49ef8e37bfb73d759caee4572f3fb	6933a1a929773a92f27132ad2605fc0754a1c37c2cde9da8c2258c679d82bfe9	0	0	0	source exists but pc-port behavior/shape differs
Player/MarioHang.hpp	src/Game/Player/MarioHang.hpp	decomp/include/Game/Player/MarioHang.hpp	compat-temporary	no	23457ec6017677d006db16ac2a3ad38f4896d89934432ae014243f9a787a71c6	c9a8ea9d752922a4077c519bb17a31aa452f9aad3405f8b0ca52d24e55c413cb	0	0	0	source exists but pc-port behavior/shape differs
Player/MarioHolder.cpp	src/Game/Player/MarioHolder.cpp	decomp/src/Game/Player/MarioHolder.cpp	compile-only	no	b1c57381fba6391fa98d9c34a8a305ae06730cc3550eca3cf2c63ed96540ad26	a17e21bcb47ec316396e317311431629552f64e0fcfcc2c48605bd9de3419fa3	0	0	0	explicit CP932 literal wrappers and encoding include only
Player/MarioHolder.hpp	src/Game/Player/MarioHolder.hpp	decomp/include/Game/Player/MarioHolder.hpp	exact-source	no	02cf7c4248a832506e226a1f79e754408e5f97b0f9cfacd4d2dc5012fda481c9	02cf7c4248a832506e226a1f79e754408e5f97b0f9cfacd4d2dc5012fda481c9	0	0	0	byte-for-byte match
Player/MarioInit.cpp	src/Game/Player/MarioInit.cpp	decomp/src/Game/Player/MarioInit.cpp	compat-temporary	no	75490f6f0a2a4eae686ac61d5cb267f499ea2b25281af0408ecf8b3b72dd7710	45cb556ebcbbe78981e71faa8b48630287d947f596ee99af6b8acf7e8e6ed77b	0	0	0	source exists but pc-port behavior/shape differs
Player/MarioJump.cpp	src/Game/Player/MarioJump.cpp	decomp/src/Game/Player/MarioJump.cpp	compat-temporary	no	963aa273da798eda4caf72d884ff6b46f31fce424a887043285b7ef39228b8c2	9e4ca027928d0b6c679c44b37db1a9ef2c218f1a72230777b90ca8e8b32563b0	0	0	0	source exists but pc-port behavior/shape differs
Player/MarioMagic.cpp	src/Game/Player/MarioMagic.cpp	decomp/src/Game/Player/MarioMagic.cpp	compat-temporary	no	ab263622c7ebdc0a87e8b604a83360b79e325a3a175d685229df3485742ecd11	f488572ffcde67d80fe9cd7b312b2aa062f6f3106002c1546653a052e55d8f77	0	0	0	source exists but pc-port behavior/shape differs
Player/MarioMagic.hpp	src/Game/Player/MarioMagic.hpp	decomp/include/Game/Player/MarioMagic.hpp	exact-source	no	ae608e64135f8a3c25a1ae06980649f26f4c6442d4673f88a27f742bc575e621	ae608e64135f8a3c25a1ae06980649f26f4c6442d4673f88a27f742bc575e621	0	0	0	byte-for-byte match
Player/MarioMapCode.cpp	src/Game/Player/MarioMapCode.cpp	decomp/src/Game/Player/MarioMapCode.cpp	exact-source	no	83b82b45975f1657e7ba5de9a72690a72b9fd27f2322c1cc6526c8f2a5a2a881	83b82b45975f1657e7ba5de9a72690a72b9fd27f2322c1cc6526c8f2a5a2a881	0	0	0	byte-for-byte match
Player/MarioMapCode.hpp	src/Game/Player/MarioMapCode.hpp	decomp/include/Game/Player/MarioMapCode.hpp	exact-source	no	9fef0f852708275d9cd6990536d826d44811b71680c0e40f001f24e16064f519	9fef0f852708275d9cd6990536d826d44811b71680c0e40f001f24e16064f519	0	0	0	byte-for-byte match
Player/MarioMessenger.cpp	src/Game/Player/MarioMessenger.cpp	decomp/src/Game/Player/MarioMessenger.cpp	compile-only	no	e0e3d6c67c7af4fa5ac72031332e07238a967333530125932c077efddb0a2865	1551cbf5636474c9510b84b47e14755f4c560e8c038bf86ac1e32e842c5554bf	0	0	0	explicit CP932 literal wrappers and encoding include only
Player/MarioMessenger.hpp	src/Game/Player/MarioMessenger.hpp	decomp/include/Game/Player/MarioMessenger.hpp	exact-source	no	467d6e1ec4db27dd36bd2f746c36af5d69d61d8ba5c658234a967ee5529d8edc	467d6e1ec4db27dd36bd2f746c36af5d69d61d8ba5c658234a967ee5529d8edc	0	0	0	byte-for-byte match
Player/MarioModule.cpp	src/Game/Player/MarioModule.cpp	decomp/src/Game/Player/MarioModule.cpp	compat-temporary	no	a55f8a3b9ac589b7165d848018c9f334d444aa85245190c1f8683c9883c1e0b0	8fa8c3b9d8ba6737dfc143ca57d9610e8da05f7c2fe91f2ba02ba6f6cf8e0c55	0	0	0	source exists but pc-port behavior/shape differs
Player/MarioModule.hpp	src/Game/Player/MarioModule.hpp	decomp/include/Game/Player/MarioModule.hpp	exact-source	no	e81847067e1943b59f406b9f61183487247761d9c598386719bab2abc1b5def6	e81847067e1943b59f406b9f61183487247761d9c598386719bab2abc1b5def6	0	0	0	byte-for-byte match
Player/MarioMove.cpp	src/Game/Player/MarioMove.cpp	decomp/src/Game/Player/MarioMove.cpp	compat-temporary	no	14397b92a59090a6e94a57f129a38968f86942f9370d8cb2f5be9fc2f2cbb43a	f9788d532e8fdbdb7c052ad92ecba69ad69e874f84e49e24a98dd41fd912bf18	0	0	0	source exists but pc-port behavior/shape differs
Player/MarioMove.hpp	src/Game/Player/MarioMove.hpp	decomp/include/Game/Player/MarioMove.hpp	exact-source	no	95b35a70f0cbda80ef3e218ff0a6ad252c32a2e51cdaf611fae06629799a0ed9	95b35a70f0cbda80ef3e218ff0a6ad252c32a2e51cdaf611fae06629799a0ed9	0	0	0	byte-for-byte match
Player/MarioMove25D.cpp	src/Game/Player/MarioMove25D.cpp	decomp/src/Game/Player/MarioMove25D.cpp	compat-temporary	no	a5d7ae6ec70a1f56913d5ba3982a14552eb7197c220d4fffa0ab73a58a44bdb1	2c68ea4199eb4ed5524293a1d33dd676189cba308e2c25ddcbfd9a2b1ddaca35	0	0	0	source exists but pc-port behavior/shape differs
Player/MarioMove2D.cpp	src/Game/Player/MarioMove2D.cpp	decomp/src/Game/Player/MarioMove2D.cpp	compat-temporary	no	4b9a3454c8bef550522d09692e443a2ead85ee9d22168d08d949e783768fa686	925c06e0a94b4e8d71439d86938e81e30f74bd280282e1043b4b330fdbdd81dc	0	0	0	source exists but pc-port behavior/shape differs
Player/MarioMoveSphere.cpp	src/Game/Player/MarioMoveSphere.cpp	decomp/src/Game/Player/MarioMoveSphere.cpp	exact-source	no	986e57fd023e2a90729a7a501155aa850a76c7f0a36d4b7ef90ef876b36e52cd	986e57fd023e2a90729a7a501155aa850a76c7f0a36d4b7ef90ef876b36e52cd	0	0	0	byte-for-byte match
Player/MarioMoveSphere.hpp	src/Game/Player/MarioMoveSphere.hpp	decomp/include/Game/Player/MarioMoveSphere.hpp	exact-source	no	e03023fb324c9660788f7778845d016c6a03b5e9303252f18173b4e687d32d0e	e03023fb324c9660788f7778845d016c6a03b5e9303252f18173b4e687d32d0e	0	0	0	byte-for-byte match
Player/MarioNullBck.cpp	src/Game/Player/MarioNullBck.cpp	decomp/src/Game/Player/MarioNullBck.cpp	exact-source	no	fc19f5409da25ac39fec6148cf3c124813dbb62efa59d67b5feaf48e9c2e705b	fc19f5409da25ac39fec6148cf3c124813dbb62efa59d67b5feaf48e9c2e705b	0	0	0	byte-for-byte match
Player/MarioNullBck.hpp	src/Game/Player/MarioNullBck.hpp	decomp/include/Game/Player/MarioNullBck.hpp	exact-source	no	2e921d1414dc17c229bbc006928a3e4be56fbecb9e80fc231d6ed07e22642d75	2e921d1414dc17c229bbc006928a3e4be56fbecb9e80fc231d6ed07e22642d75	0	0	0	byte-for-byte match
Player/MarioParalyze.hpp	src/Game/Player/MarioParalyze.hpp	decomp/include/Game/Player/MarioParalyze.hpp	exact-source	no	2cfd14283f6f0e3bfed5fbfae7c34dc926e3fc2af68d41c5c13cd286fd4af0c1	2cfd14283f6f0e3bfed5fbfae7c34dc926e3fc2af68d41c5c13cd286fd4af0c1	0	0	0	byte-for-byte match
Player/MarioParts.cpp	src/Game/Player/MarioParts.cpp	decomp/src/Game/Player/MarioParts.cpp	exact-source	no	215c8feb659e6f0f395e715bee913f23e81d729bb88f9ed351d256f14527d8e4	215c8feb659e6f0f395e715bee913f23e81d729bb88f9ed351d256f14527d8e4	0	0	0	byte-for-byte match
Player/MarioParts.hpp	src/Game/Player/MarioParts.hpp	decomp/include/Game/Player/MarioParts.hpp	exact-source	no	8e3c2feb9d04133766ec6e71f0cb5552d225bee4ae1f4f22706123b3fff1fc14	8e3c2feb9d04133766ec6e71f0cb5552d225bee4ae1f4f22706123b3fff1fc14	0	0	0	byte-for-byte match
Player/MarioPress.cpp	src/Game/Player/MarioPress.cpp	decomp/src/Game/Player/MarioPress.cpp	compat-temporary	no	12e1888e1a780632740b967cad1f0161dfc51c3246256e9c3ce6e7f8c932822b	16d68359f0830992c0d8fa675f826468e9fb0c2ed08ea75c65d40cba7e041846	0	0	1	source exists but pc-port behavior/shape differs
Player/MarioRabbit.cpp	src/Game/Player/MarioRabbit.cpp	decomp/src/Game/Player/MarioRabbit.cpp	compat-temporary	no	a44dd2877ccb71090433c785a746018f125602d4ba6d5e9960d1b64db0f3b6d6	430535d47012ff4fdc60f28377b1201fc7fa841e3a62b2780db0c429f2b38bd3	0	0	0	source exists but pc-port behavior/shape differs
Player/MarioRabbit.hpp	src/Game/Player/MarioRabbit.hpp	decomp/include/Game/Player/MarioRabbit.hpp	exact-source	no	c1b995c50dfd94993003cab590063eaa8e296f3a74fbe79b242c3c408e1c65cd	c1b995c50dfd94993003cab590063eaa8e296f3a74fbe79b242c3c408e1c65cd	0	0	0	byte-for-byte match
Player/MarioRecovery.cpp	src/Game/Player/MarioRecovery.cpp	decomp/src/Game/Player/MarioRecovery.cpp	compat-temporary	no	0b3f0fd89147004748baa3f664477e75a0d2d0dd7a68fe400b179daf846fc39e	13cdbb2386ed2a46840699deb1543499aa4adc0ce6bf385d158418f5018b08d5	0	0	0	source exists but pc-port behavior/shape differs
Player/MarioRecovery.hpp	src/Game/Player/MarioRecovery.hpp	decomp/include/Game/Player/MarioRecovery.hpp	compat-temporary	no	13943b7679010db2fb8c6d6cd5c75be49f382ef33743c82a5624ec5695637680	8beb1883a21f88aae388651560f3c0e642d9e0b04ada2b477ea68dd973068114	0	0	0	source exists but pc-port behavior/shape differs
Player/MarioSearchLight.cpp	src/Game/Player/MarioSearchLight.cpp	decomp/src/Game/Player/MarioSearchLight.cpp	compile-only	no	f36779c4da8f586adbfb515529dca3f420d8be375367fb578ac50792cb926a80	00e181458b540d2a873cf423d4774ff5000df176ef2642f20b3e3ba92e5145d3	0	0	0	explicit CP932 literal wrappers and encoding include only
Player/MarioSearchLight.hpp	src/Game/Player/MarioSearchLight.hpp	decomp/include/Game/Player/MarioSearchLight.hpp	exact-source	no	411268373ee309752fd82111822b748a59a0fb7b848ec5c59f40b93cb28c756b	411268373ee309752fd82111822b748a59a0fb7b848ec5c59f40b93cb28c756b	0	0	0	byte-for-byte match
Player/MarioShadow.cpp	src/Game/Player/MarioShadow.cpp	decomp/src/Game/Player/MarioShadow.cpp	compat-temporary	no	490a7494d3ffe20eef8e769d6f55538e369d83f46904b1d9d95c2bb7dd37d865	d8e71a4e16bc63313c3cda388bfb16938f34f07efbfe9d58ebe1c6757d8eba11	0	0	0	source exists but pc-port behavior/shape differs
Player/MarioShadow.hpp	src/Game/Player/MarioShadow.hpp	decomp/include/Game/Player/MarioShadow.hpp	compat-temporary	no	33a5796d63dcfd8c7e1baa7ce696f594da7bee9d862436700d44c4133ea12ee0	26a36941b303844ce6802bc73b46c4c64da2ea6d093b73917eac88f8bba0d2f0	0	0	0	source exists but pc-port behavior/shape differs
Player/MarioSideStep.cpp	src/Game/Player/MarioSideStep.cpp	decomp/src/Game/Player/MarioSideStep.cpp	compat-temporary	no	e96a1a8d7840651dd4aa91bc77beccbceba19a60840c5ee662eb01d7fb152d9f	1cfdacac2e782bb28c5b178a5998ad81accb668fc35a732673b30bf8dd77ea02	0	0	0	source exists but pc-port behavior/shape differs
Player/MarioSideStep.hpp	src/Game/Player/MarioSideStep.hpp	decomp/include/Game/Player/MarioSideStep.hpp	exact-source	no	96d1c4e25ddc1df2683d50f06d7d17ce97bb2ed6f57131152f61949d6480a7d5	96d1c4e25ddc1df2683d50f06d7d17ce97bb2ed6f57131152f61949d6480a7d5	0	0	0	byte-for-byte match
Player/MarioSkate.cpp	src/Game/Player/MarioSkate.cpp	decomp/src/Game/Player/MarioSkate.cpp	compat-temporary	no	b02d425edc927252906ae37c3f29e7763ddd7cb47564e12127170682d5ba87b5	f2fbf47bc9f4691abe29ee2f021620122e449ac34195ffc06a4633b618bc6af0	0	0	0	source exists but pc-port behavior/shape differs
Player/MarioSkate.hpp	src/Game/Player/MarioSkate.hpp	decomp/include/Game/Player/MarioSkate.hpp	compat-temporary	no	b0b5e43bfb6b01d3508aaed23500225831302ba931c297e1c62d878367475c75	3fedcc8a8ed254947ac5c9db58bc3f5fc265e7d9a8d9f202a130727b6fb4135a	0	0	0	source exists but pc-port behavior/shape differs
Player/MarioSlider.cpp	src/Game/Player/MarioSlider.cpp	decomp/src/Game/Player/MarioSlider.cpp	compat-temporary	no	bbd759fde42f7d836da7e5866641a368362d70497de07a7de224fd241557aad9	e448a0db21ad6b975b8b3b9b2a7f631807d2528aa41d5b7a3bb9c604f6fe5711	0	0	0	source exists but pc-port behavior/shape differs
Player/MarioSlider.hpp	src/Game/Player/MarioSlider.hpp	decomp/include/Game/Player/MarioSlider.hpp	exact-source	no	a3fa47951afdb9b512da71f89a31433947d32df272d0493ba4f507d5f4c4627f	a3fa47951afdb9b512da71f89a31433947d32df272d0493ba4f507d5f4c4627f	0	0	0	byte-for-byte match
Player/MarioSlip.cpp	src/Game/Player/MarioSlip.cpp	decomp/src/Game/Player/MarioSlip.cpp	compat-temporary	no	d9f1ae854af299a9834588b97b420086eade29ff984d62919cfc4d1474bf9429	a524d17a552c3e0a4045d2257b0af3172d4b8fe475705d00b65a4f641a720627	0	0	0	source exists but pc-port behavior/shape differs
Player/MarioSlope.cpp	src/Game/Player/MarioSlope.cpp	decomp/src/Game/Player/MarioSlope.cpp	compat-temporary	no	0aa766c22a57359d50f4db0256a51585cfc949a95fcf1390e237096432568d3e	e5614b30243643b5e9f56a07678e2a30e8c2a679607fcf985a23865e7fe50684	0	0	0	source exists but pc-port behavior/shape differs
Player/MarioSound.cpp	src/Game/Player/MarioSound.cpp	decomp/src/Game/Player/MarioSound.cpp	compat-temporary	no	314326a44d20d866582bb2cb0ab341b45962537385e24dbfbccd66b73f344559	d578efd9c16da9c8f30e4e206bdf7b8905593e9c994115207e4c79dc6efaf9fc	0	0	0	source exists but pc-port behavior/shape differs
Player/MarioSpecial.cpp	src/Game/Player/MarioSpecial.cpp	decomp/src/Game/Player/MarioSpecial.cpp	compat-temporary	no	77602f33dfda2aba2bcb9bf049e4a85f4d855406012d28c6135732836485fa7e	42e8fe3310fc4df2ef1328ad2fe035881d85a9077d43b4425eff08c5c97f61f9	0	0	0	source exists but pc-port behavior/shape differs
Player/MarioSpin.cpp	src/Game/Player/MarioSpin.cpp	decomp/src/Game/Player/MarioSpin.cpp	compat-temporary	no	911582ddf0aa3a495b77b732030dff99bfb90dbf4889ff2d7daed5526a75f88e	9668de12fe12372893e56c8f1ec229ef8295aeb6a3d4c43f8c9683043af72e82	0	0	0	source exists but pc-port behavior/shape differs
Player/MarioState.cpp	src/Game/Player/MarioState.cpp	decomp/src/Game/Player/MarioState.cpp	compat-temporary	no	e74e4d6e6f8a1bc400bc6997a0e051f729a7766caffe0eba3eacb981a472df6d	3368e490090d16f27feb4c24b229384301d7b0b7a12ebf32de24659494057def	0	0	0	source exists but pc-port behavior/shape differs
Player/MarioState.hpp	src/Game/Player/MarioState.hpp	decomp/include/Game/Player/MarioState.hpp	exact-source	no	99f7b53155cbc59fa90c7ec479d3b9b9b1848f8c1c7c08cb8c69216554425998	99f7b53155cbc59fa90c7ec479d3b9b9b1848f8c1c7c08cb8c69216554425998	0	0	0	byte-for-byte match
Player/MarioStep.cpp	src/Game/Player/MarioStep.cpp	decomp/src/Game/Player/MarioStep.cpp	compat-temporary	no	d420ccb0591a2c6c5fb24edcb9483d9715222ac6a01c34d804dfbb7d5f1421f7	8b6cb8c5914749d2dd9798c22c4d03125d9c1ebd01cdd921007fbe239b2f93f0	0	0	0	source exists but pc-port behavior/shape differs
Player/MarioStep.hpp	src/Game/Player/MarioStep.hpp	decomp/include/Game/Player/MarioStep.hpp	exact-source	no	35941db4ff4cb9c99335269c5945b5264629bed42fec94239c995182d6ac8116	35941db4ff4cb9c99335269c5945b5264629bed42fec94239c995182d6ac8116	0	0	0	byte-for-byte match
Player/MarioStick.cpp	src/Game/Player/MarioStick.cpp	decomp/src/Game/Player/MarioStick.cpp	compat-temporary	no	3ecb11db7fc19c1a1491c47dd72bd7834646bbfe6c3e98f70db365d3610e6270	62cc0e4a5492aa2ad01b76fd6558a1d4dcfaf9c819af6642f6538df2e04c6a85	0	0	0	source exists but pc-port behavior/shape differs
Player/MarioStick.hpp	src/Game/Player/MarioStick.hpp	decomp/include/Game/Player/MarioStick.hpp	exact-source	no	e05272255973f1ada40f7b6ec7e35c0c901e0a1caea9231c0c189a499117dd3c	e05272255973f1ada40f7b6ec7e35c0c901e0a1caea9231c0c189a499117dd3c	0	0	0	byte-for-byte match
Player/MarioStun.hpp	src/Game/Player/MarioStun.hpp	decomp/include/Game/Player/MarioStun.hpp	exact-source	no	4a386beb412ebc157db160decff30c464d35846d80c9d479a0a472c3938ac0a8	4a386beb412ebc157db160decff30c464d35846d80c9d479a0a472c3938ac0a8	0	0	0	byte-for-byte match
Player/MarioSukekiyo.cpp	src/Game/Player/MarioSukekiyo.cpp	decomp/src/Game/Player/MarioSukekiyo.cpp	compat-temporary	no	ea46b811e57f3e7325d03cb5b05ea048323e40156d97d569ea8b9f46eed8186c	8d06f164e7952115af764985dded59396b71f96a49f8752f920dc836a5dfcd59	0	0	0	source exists but pc-port behavior/shape differs
Player/MarioSukekiyo.hpp	src/Game/Player/MarioSukekiyo.hpp	decomp/include/Game/Player/MarioSukekiyo.hpp	exact-source	no	42a525fe686776047853b1d6fd2c9affa3871c180bead10f58def443b5989347	42a525fe686776047853b1d6fd2c9affa3871c180bead10f58def443b5989347	0	0	0	byte-for-byte match
Player/MarioSwim.cpp	src/Game/Player/MarioSwim.cpp	decomp/src/Game/Player/MarioSwim.cpp	compile-only	no	7f7fce25c52fee99d6e0f27dd6602a734a9ad8031f9378d35ab26ec67bbdc072	69ce21a2f45f1ec29f1f75a8f06dd71573206c6bc88ab72aa49e696a6ac60ba0	0	0	0	explicit CP932 literal wrappers and encoding include only
Player/MarioSwim.hpp	src/Game/Player/MarioSwim.hpp	decomp/include/Game/Player/MarioSwim.hpp	compat-temporary	no	940029c9f17147bb57b85d21659bfd4ae6ee6f3bd7d307015c5115dfa058d58d	419447002669ea7c5e850dff5aec666d0a018b57b83acd16fba66e97953d9a61	0	0	0	source exists but pc-port behavior/shape differs
Player/MarioSwimDamage.cpp	src/Game/Player/MarioSwimDamage.cpp	decomp/src/Game/Player/MarioSwimDamage.cpp	compat-temporary	no	edf7f5aa93c70192899b6f34c84599a4b1d201af1274e6fecf26aa0708c8128a	481b27793957f951ba6377f823032906ac0c96cbc0360ab1149a439d231481a0	0	0	0	source exists but pc-port behavior/shape differs
Player/MarioTalk.cpp	src/Game/Player/MarioTalk.cpp	decomp/src/Game/Player/MarioTalk.cpp	compile-only	no	16ec60f07326fa668862fc7e7fb2c892b9bb2e63d62768e5ed50a201b7144974	3cbae8aab2e23cc4519dd110d635cd1b9ead8c241ed3892e517d2dae22545d11	0	0	0	explicit CP932 literal wrappers and encoding include only
Player/MarioTalk.hpp	src/Game/Player/MarioTalk.hpp	decomp/include/Game/Player/MarioTalk.hpp	exact-source	no	7042f450be268251a9d5788d437d46706438367cc7b50b26cf8c476a220558d1	7042f450be268251a9d5788d437d46706438367cc7b50b26cf8c476a220558d1	0	0	0	byte-for-byte match
Player/MarioTask.cpp	src/Game/Player/MarioTask.cpp	decomp/src/Game/Player/MarioTask.cpp	compat-temporary	no	ab28179558b6e2ca8add797fafec3f075ebdcdb60d37bed327450d860a449fd2	4a5feda942c09cd903ed3e1ffa433aa1775b86a4bf1669d3509a941938cb5fe4	0	0	0	source exists but pc-port behavior/shape differs
Player/MarioTeresa.cpp	src/Game/Player/MarioTeresa.cpp	decomp/src/Game/Player/MarioTeresa.cpp	compat-temporary	no	9064ae603d8ca9892cba3c0bf52220840539675f7922d72aae349143c74f8d6e	336b79a90a2fe9706354804ee87e42bf7621f1336be1a1dacf1639de755fdcb5	0	0	0	source exists but pc-port behavior/shape differs
Player/MarioTeresa.hpp	src/Game/Player/MarioTeresa.hpp	decomp/include/Game/Player/MarioTeresa.hpp	compat-temporary	no	6aaeb43b11603c0bccd885c911255ad4d68db7a80dad502e4e017aaf67719e42	ebcb7d65fc11ea7da649a3ec398e551fdbe436cc4228c509d07a844d4c227085	0	0	0	source exists but pc-port behavior/shape differs
Player/MarioWait.cpp	src/Game/Player/MarioWait.cpp	decomp/src/Game/Player/MarioWait.cpp	compat-temporary	no	3e9d0cfb571a8ec7d2e7d937108d10d517ab1203366278a3eca1c3667bc82f07	2c1a28ed60f569533efe9bf44e6ce3c995f5a64ef684a403703f153c121010a2	0	0	0	source exists but pc-port behavior/shape differs
Player/MarioWait.hpp	src/Game/Player/MarioWait.hpp	decomp/include/Game/Player/MarioWait.hpp	exact-source	no	2c2896f32bdac5d8ad1ad98725a4db3631571e9823ba18485f2f4bc2ab2e4b9a	2c2896f32bdac5d8ad1ad98725a4db3631571e9823ba18485f2f4bc2ab2e4b9a	0	0	0	byte-for-byte match
Player/MarioWalk.cpp	src/Game/Player/MarioWalk.cpp	decomp/src/Game/Player/MarioWalk.cpp	compile-only	no	461701ea57f5d3d4d7cad47a3fde561df1ab0bfbe4f167d8c4839009414794dd	3be05aef659297a8206552b9da5675387ec51ccd70478851976d2d79fb2d32e4	0	0	0	explicit CP932 literal wrappers and encoding include only
Player/MarioWall.cpp	src/Game/Player/MarioWall.cpp	decomp/src/Game/Player/MarioWall.cpp	compat-temporary	no	36de8a22a69156af66f59609502cfd52923811ef228fc92dd45ea8699e35e65e	7495323df4c104cba9d932911403ce86e67b1d683a0cec837d3cb43fb676ef99	0	0	0	source exists but pc-port behavior/shape differs
Player/MarioWall.hpp	src/Game/Player/MarioWall.hpp	decomp/include/Game/Player/MarioWall.hpp	compat-temporary	no	c2041ec36a81ecef599f3bfcada09198c28ee0ce3d5442a646350faef8f2ec82	bd0b39d085e284e9a83ce2263f3b0e3b7e8da4ce1a9155b5d6a6720e4c0188f3	0	0	0	source exists but pc-port behavior/shape differs
Player/MarioWarp.cpp	src/Game/Player/MarioWarp.cpp	decomp/src/Game/Player/MarioWarp.cpp	compat-temporary	no	107f8b63c2ac6ba4e2e781c991d87e832d98542c3854ebe763f6bcf3d5f59d10	05b3b58dfeebd9a35377e5d2547d691510499841e9147c306e3a0b98ad31f2df	0	0	4	source exists but pc-port behavior/shape differs
Player/MarioWarp.hpp	src/Game/Player/MarioWarp.hpp	decomp/include/Game/Player/MarioWarp.hpp	exact-source	no	a235c2c35f54b7281659eeb4ba38c329784956330b838edfa301d762098fea02	a235c2c35f54b7281659eeb4ba38c329784956330b838edfa301d762098fea02	0	0	0	byte-for-byte match
Player/MatrixControl.cpp	src/Game/Player/MatrixControl.cpp	decomp/src/Game/Player/MatrixControl.cpp	compat-temporary	no	d579f871e0523602c83d426a7602e6cc3ec3ea1e248082ba451d09d795f988de	14b3ab9d4a7bd65edd5b56c5e2af8780921b9441fa18bed64c3bb3d71775c720	0	0	0	source exists but pc-port behavior/shape differs
Player/MatrixControl.hpp	src/Game/Player/MatrixControl.hpp	decomp/include/Game/Player/MatrixControl.hpp	exact-source	no	72f5f35c01a6c462de2de32749449da51c55acfcb37764aa1eaa1b794b59269c	72f5f35c01a6c462de2de32749449da51c55acfcb37764aa1eaa1b794b59269c	0	0	0	byte-for-byte match
Player/ModelHolder.cpp	src/Game/Player/ModelHolder.cpp	decomp/src/Game/Player/ModelHolder.cpp	exact-source	no	a662d718aeeafb6d84854524f49ee3e794e6101b7544bfe5432f704f1eac8d28	a662d718aeeafb6d84854524f49ee3e794e6101b7544bfe5432f704f1eac8d28	0	0	0	byte-for-byte match
Player/ModelHolder.hpp	src/Game/Player/ModelHolder.hpp	decomp/include/Game/Player/ModelHolder.hpp	exact-source	no	1c7be2e8b95ba7b78fb8345e4f1e1f23f2cfba75ad6f701a0d9669fef2dcb438	1c7be2e8b95ba7b78fb8345e4f1e1f23f2cfba75ad6f701a0d9669fef2dcb438	0	0	0	byte-for-byte match
Player/PlayerEvent.cpp	src/Game/Player/PlayerEvent.cpp	decomp/src/Game/Player/PlayerEvent.cpp	compile-only	no	e51f0de1614e84794d18fd05d33ecc8f21b348f2730e5e7288b953b073fc7d0a	862e42d3a48cd609e24daa76dd20660547f75659906d2599a9f0f97914d1d9d3	0	0	0	explicit CP932 literal wrappers and encoding include only
Player/PlayerEvent.hpp	src/Game/Player/PlayerEvent.hpp	decomp/include/Game/Player/PlayerEvent.hpp	exact-source	no	72acb47488403adccdef33f91cbd32d4a7b16ee1b075477ba2b7f71a77ec555b	72acb47488403adccdef33f91cbd32d4a7b16ee1b075477ba2b7f71a77ec555b	0	0	0	byte-for-byte match
Player/PlayerEventAbyss.cpp	src/Game/Player/PlayerEventAbyss.cpp	decomp/src/Game/Player/PlayerEventAbyss.cpp	compile-only	no	8471959f4a2b29c720450ba8e5eb612f1e6f1889168b03a5336b9fdeee30486e	33989dafc45a1a49deb4fed955e9e3bceb126647f405d50f956a7665d515db5e	0	0	0	explicit CP932 literal wrappers and encoding include only
Player/PlayerEventAbyss.hpp	src/Game/Player/PlayerEventAbyss.hpp	decomp/include/Game/Player/PlayerEventAbyss.hpp	exact-source	no	a6ee3e890b16106e446d8aa37c74c9cc7ea67091507b698536fed3a951664d85	a6ee3e890b16106e446d8aa37c74c9cc7ea67091507b698536fed3a951664d85	0	0	0	byte-for-byte match
Player/PlayerEventDown.cpp	src/Game/Player/PlayerEventDown.cpp	decomp/src/Game/Player/PlayerEventDown.cpp	compile-only	no	87ccec8495ca9c8088cecdd95bfe5b6c769d361f60b4c3210f7b1c5450465c4f	2a8c4adbd34a38fcc1c82640755a7c2aefc8d918488ee2781d5c9ce51f7368db	0	0	0	explicit CP932 literal wrappers and encoding include only
Player/PlayerEventDown.hpp	src/Game/Player/PlayerEventDown.hpp	decomp/include/Game/Player/PlayerEventDown.hpp	exact-source	no	525768263b722ee3e6762493f5a5dedb5fcb634470ce091b9be055f7a6a11866	525768263b722ee3e6762493f5a5dedb5fcb634470ce091b9be055f7a6a11866	0	0	0	byte-for-byte match
Player/PlayerEventFireDown.cpp	src/Game/Player/PlayerEventFireDown.cpp	decomp/src/Game/Player/PlayerEventFireDown.cpp	compile-only	no	8b57cab1c031bb58b815347f9e35cf78853193539f759eb91c17c0880ade8bd0	2d54e15806ffba427ce129a3f5818468213c039db4d8349e607e48c26ce05e84	0	0	0	explicit CP932 literal wrappers and encoding include only
Player/PlayerEventFireDown.hpp	src/Game/Player/PlayerEventFireDown.hpp	decomp/include/Game/Player/PlayerEventFireDown.hpp	exact-source	no	42183432ce2cbe4363fb5d21823b0433dde482436da9b40895c9c3541ed0a07c	42183432ce2cbe4363fb5d21823b0433dde482436da9b40895c9c3541ed0a07c	0	0	0	byte-for-byte match
Player/PlayerEventGameOver.cpp	src/Game/Player/PlayerEventGameOver.cpp	decomp/src/Game/Player/PlayerEventGameOver.cpp	compile-only	no	9b05c9452e3567860399a7ab982759dc75134449ac312a6a888cb4897daa755a	e30b8b0f51998394b43183a330927abd38b642b9a0e8e62146f62f86ec47a683	0	0	0	explicit CP932 literal wrappers and encoding include only
Player/PlayerEventGameOver.hpp	src/Game/Player/PlayerEventGameOver.hpp	decomp/include/Game/Player/PlayerEventGameOver.hpp	exact-source	no	a3329406578826d3427a996c49d1a59766172bd00da5ddcf01d48e6762a50d7a	a3329406578826d3427a996c49d1a59766172bd00da5ddcf01d48e6762a50d7a	0	0	0	byte-for-byte match
Player/PlayerEventGhostRaceDown.cpp	src/Game/Player/PlayerEventGhostRaceDown.cpp	decomp/src/Game/Player/PlayerEventGhostRaceDown.cpp	compile-only	no	47282ce5a4d0ee08884382918d5b55ab58ecb7459b6b1e38ddd6c1f2427ddf6b	c8e3aabf4d4ac76f8c41ba23f21450871c696368b6222e039a7243fa8d21bacb	0	0	0	explicit CP932 literal wrappers and encoding include only
Player/PlayerEventGhostRaceDown.hpp	src/Game/Player/PlayerEventGhostRaceDown.hpp	decomp/include/Game/Player/PlayerEventGhostRaceDown.hpp	exact-source	no	7feec1063388d0b7ac0ae6875051e175b1a3db05d47522b7636229f150308d68	7feec1063388d0b7ac0ae6875051e175b1a3db05d47522b7636229f150308d68	0	0	0	byte-for-byte match
Player/PlayerEventRaceDown.cpp	src/Game/Player/PlayerEventRaceDown.cpp	decomp/src/Game/Player/PlayerEventRaceDown.cpp	compile-only	no	b3869b22e2ddd5b664858e3da6099d325adae9182adb211831c68cd3e3b4f2e7	c7d7049d9356324c7985335e6502e1289f5cb006944f596b52b9851d3f5d356d	0	0	0	explicit CP932 literal wrappers and encoding include only
Player/PlayerEventRaceDown.hpp	src/Game/Player/PlayerEventRaceDown.hpp	decomp/include/Game/Player/PlayerEventRaceDown.hpp	exact-source	no	0021c9787e51142f4c111aef4d447a3d30aede522ad8ee409846acba9b99a050	0021c9787e51142f4c111aef4d447a3d30aede522ad8ee409846acba9b99a050	0	0	0	byte-for-byte match
Player/RushEndInfo.cpp	src/Game/Player/RushEndInfo.cpp	decomp/src/Game/Player/RushEndInfo.cpp	compat-temporary	no	9a5d4b9528baf1c3e4a8046a99ec1f4f2c90381bed52dd923b10430373788ca8	6d6070309e0d8997ba2558d32db1ff8cddff9e42c8b1e970e82959102a200533	0	0	0	source exists but pc-port behavior/shape differs
Player/RushEndInfo.hpp	src/Game/Player/RushEndInfo.hpp	decomp/include/Game/Player/RushEndInfo.hpp	compat-temporary	no	115afef439622c8027bb8bdc3e18be5f4746e2a35a8d255dfc1fffb2b1292e5a	9a290215e680854b3434ff6c9ad8c90a6146b2d0a1648da6d4461f58ce921c20	0	0	0	source exists but pc-port behavior/shape differs
Player/TornadoMario.cpp	src/Game/Player/TornadoMario.cpp	decomp/src/Game/Player/TornadoMario.cpp	exact-source	no	c050c938d491ba4073de933b45e5d59e1ebe640b28d6e9b3e5f744da6e27c430	c050c938d491ba4073de933b45e5d59e1ebe640b28d6e9b3e5f744da6e27c430	0	0	0	byte-for-byte match
Player/TornadoMario.hpp	src/Game/Player/TornadoMario.hpp	decomp/include/Game/Player/TornadoMario.hpp	exact-source	no	5e71cf2ca47a2869ecd9cd4c37455accbc685fe8a9670fca0d1875d2b85de272	5e71cf2ca47a2869ecd9cd4c37455accbc685fe8a9670fca0d1875d2b85de272	0	0	0	byte-for-byte match
RhythmLib/AudBgmTempoAdjuster.hpp	src/Game/RhythmLib/AudBgmTempoAdjuster.hpp	decomp/include/Game/RhythmLib/AudBgmTempoAdjuster.hpp	exact-source	no	f17dcae62e8b40755f5f974c86cb119183c6a6430e96d978e508fac12428b792	f17dcae62e8b40755f5f974c86cb119183c6a6430e96d978e508fac12428b792	0	0	0	byte-for-byte match
RhythmLib/AudChordInfo.hpp	src/Game/RhythmLib/AudChordInfo.hpp	decomp/include/Game/RhythmLib/AudChordInfo.hpp	exact-source	no	e05f7c3fc453c1f2f1490854094b38acd1643d7a3ca5ead8576f4b4da2245e43	e05f7c3fc453c1f2f1490854094b38acd1643d7a3ca5ead8576f4b4da2245e43	0	0	0	byte-for-byte match
RhythmLib/AudMeChannelMgr.hpp	src/Game/RhythmLib/AudMeChannelMgr.hpp	decomp/include/Game/RhythmLib/AudMeChannelMgr.hpp	exact-source	no	1e6807f0f36af6818a7885a7122f8571d4aa241c6ef37b79362937723d120202	1e6807f0f36af6818a7885a7122f8571d4aa241c6ef37b79362937723d120202	0	0	0	byte-for-byte match
RhythmLib/AudMeHandles.hpp	src/Game/RhythmLib/AudMeHandles.hpp	decomp/include/Game/RhythmLib/AudMeHandles.hpp	exact-source	no	36ccf17eb8761f0df64758ddbb91da83005593b1dd40b01eb2392e536d4a5daf	36ccf17eb8761f0df64758ddbb91da83005593b1dd40b01eb2392e536d4a5daf	0	0	0	byte-for-byte match
RhythmLib/AudMeObject.hpp	src/Game/RhythmLib/AudMeObject.hpp	decomp/include/Game/RhythmLib/AudMeObject.hpp	exact-source	no	7a9d5dabc9bbd221e13d4efb1bfbfe6a605a36a9854fc12b1f35025ce301019a	7a9d5dabc9bbd221e13d4efb1bfbfe6a605a36a9854fc12b1f35025ce301019a	0	0	0	byte-for-byte match
RhythmLib/AudMePlayer.hpp	src/Game/RhythmLib/AudMePlayer.hpp	decomp/include/Game/RhythmLib/AudMePlayer.hpp	exact-source	no	7c0d2387233a06cf5f47f185bad41ebea8722c5a795df888da862bf2516f53f7	7c0d2387233a06cf5f47f185bad41ebea8722c5a795df888da862bf2516f53f7	0	0	0	byte-for-byte match
RhythmLib/AudMeSeqCtrl.hpp	src/Game/RhythmLib/AudMeSeqCtrl.hpp	decomp/include/Game/RhythmLib/AudMeSeqCtrl.hpp	exact-source	no	0a3bdf4704bda31ed293dfbd76524c8f0eb0919207f6cca2a9a17f407f935147	0a3bdf4704bda31ed293dfbd76524c8f0eb0919207f6cca2a9a17f407f935147	0	0	0	byte-for-byte match
RhythmLib/AudMeSeqParser.hpp	src/Game/RhythmLib/AudMeSeqParser.hpp	decomp/include/Game/RhythmLib/AudMeSeqParser.hpp	exact-source	no	3b66711260ae13339cec0f337390fdab35cdae0d614b703e0c2fdd9fb3d5ed4f	3b66711260ae13339cec0f337390fdab35cdae0d614b703e0c2fdd9fb3d5ed4f	0	0	0	byte-for-byte match
RhythmLib/AudMeSeqReader.hpp	src/Game/RhythmLib/AudMeSeqReader.hpp	decomp/include/Game/RhythmLib/AudMeSeqReader.hpp	exact-source	no	34336a632f1e3798959d058a7215f8156dd93788fb51d55fc31160673fb7a5a2	34336a632f1e3798959d058a7215f8156dd93788fb51d55fc31160673fb7a5a2	0	0	0	byte-for-byte match
RhythmLib/AudMeTrack.hpp	src/Game/RhythmLib/AudMeTrack.hpp	decomp/include/Game/RhythmLib/AudMeTrack.hpp	exact-source	no	9eab95aa0c01db80f710fba4f9bba1e2e4a2b99fd9a1856adab76a336ec858c9	9eab95aa0c01db80f710fba4f9bba1e2e4a2b99fd9a1856adab76a336ec858c9	0	0	0	byte-for-byte match
RhythmLib/AudMeTrackCallback.hpp	src/Game/RhythmLib/AudMeTrackCallback.hpp	decomp/include/Game/RhythmLib/AudMeTrackCallback.hpp	exact-source	no	775b7012c0740f27a8ae8b31bd1ba4e10ceb7c1fefec894d35d6d0a2fecca26c	775b7012c0740f27a8ae8b31bd1ba4e10ceb7c1fefec894d35d6d0a2fecca26c	0	0	0	byte-for-byte match
RhythmLib/AudRhythmHolder.hpp	src/Game/RhythmLib/AudRhythmHolder.hpp	decomp/include/Game/RhythmLib/AudRhythmHolder.hpp	exact-source	no	d8bcf033841576450f774fb76cfcd79fe15295803a34a5ff1c5a95f9957116e9	d8bcf033841576450f774fb76cfcd79fe15295803a34a5ff1c5a95f9957116e9	0	0	0	byte-for-byte match
RhythmLib/AudRhythmMeSystem.hpp	src/Game/RhythmLib/AudRhythmMeSystem.hpp	decomp/include/Game/RhythmLib/AudRhythmMeSystem.hpp	exact-source	no	c33a14d5db0f39a22c35a7e6d58bc927cb3e18e7fff5e1266d8add76b61f176f	c33a14d5db0f39a22c35a7e6d58bc927cb3e18e7fff5e1266d8add76b61f176f	0	0	0	byte-for-byte match
RhythmLib/AudRhythmSeqParser.hpp	src/Game/RhythmLib/AudRhythmSeqParser.hpp	decomp/include/Game/RhythmLib/AudRhythmSeqParser.hpp	exact-source	no	15524065867299c653ae4f2b57037aaba70e225c342c26ef7c2a21a2b43168cc	15524065867299c653ae4f2b57037aaba70e225c342c26ef7c2a21a2b43168cc	0	0	0	byte-for-byte match
RhythmLib/AudRhythmWrap.hpp	src/Game/RhythmLib/AudRhythmWrap.hpp	decomp/include/Game/RhythmLib/AudRhythmWrap.hpp	exact-source	no	9f4d21f894c0818d422590465e42f3b1fca5de71c1087a6764dabe45c767be52	9f4d21f894c0818d422590465e42f3b1fca5de71c1087a6764dabe45c767be52	0	0	0	byte-for-byte match
Scene/GameScene.cpp	src/Game/Scene/GameScene.cpp	decomp/src/Game/Scene/GameScene.cpp	compat-temporary	yes	d41802f060fdf4ef5786d78481bc7245c2ea3a108b4d4856581b0532748b1829	dd8ddcdcdde6830cfd2242ed7eb46140ad924bfe4f69cdcc09fe4eda57d389f8	0	0	1	source exists but pc-port behavior/shape differs
Scene/GameScene.hpp	src/Game/Scene/GameScene.hpp	decomp/include/Game/Scene/GameScene.hpp	compat-temporary	yes	a1443240a97829b1974b786ce3328985969ee0c638cb36cfe6741de1d9c561b1	dc7456b02494135d6f63b777e3fc748bd46517f271ec5dbab6a96aab9c43bb6c	0	0	0	source exists but pc-port behavior/shape differs
Scene/GameSceneFunction.cpp	src/Game/Scene/GameSceneFunction.cpp	decomp/src/Game/Scene/GameSceneFunction.cpp	exact-source	yes	62a78476c0510ed244b75080db02fa4166800b2ab75031026f0497ee6875c789	62a78476c0510ed244b75080db02fa4166800b2ab75031026f0497ee6875c789	0	0	0	byte-for-byte match
Scene/GameSceneFunction.hpp	src/Game/Scene/GameSceneFunction.hpp	decomp/include/Game/Scene/GameSceneFunction.hpp	exact-source	yes	f5d8795387cad5acf9e6c7d20526c00ac4069347d68379dea81fcfda9afb5d40	f5d8795387cad5acf9e6c7d20526c00ac4069347d68379dea81fcfda9afb5d40	0	0	0	byte-for-byte match
Scene/GameScenePauseControl.cpp	src/Game/Scene/GameScenePauseControl.cpp	decomp/src/Game/Scene/GameScenePauseControl.cpp	compat-temporary	yes	ef80fd38119b3961189a6b865a30e51adfd590c4424065fe7cad109b72cc66ab	bbd3c4bad8d5675bbbfcef030a2513c194db5dd36825f998fc56b7813a96c015	0	0	0	source exists but pc-port behavior/shape differs
Scene/GameScenePauseControl.hpp	src/Game/Scene/GameScenePauseControl.hpp	decomp/include/Game/Scene/GameScenePauseControl.hpp	exact-source	yes	f5bd1c0bf384884d2c634d6daded231ac0d99915cf6910a43101d4fc2bf9d40c	f5bd1c0bf384884d2c634d6daded231ac0d99915cf6910a43101d4fc2bf9d40c	0	0	0	byte-for-byte match
Scene/GameSceneScenarioOpeningCameraState.cpp	src/Game/Scene/GameSceneScenarioOpeningCameraState.cpp	decomp/src/Game/Scene/GameSceneScenarioOpeningCameraState.cpp	compile-only	yes	d1a8ff722a39336587d23ed555313b60161fb9c2a54431a5e78ef52b7e859ced	f941be042d028ff27c8853a4636597733d47158135b97f8508f4ae5c06ef9720	0	0	0	explicit CP932 literal wrappers and encoding include only
Scene/GameSceneScenarioOpeningCameraState.hpp	src/Game/Scene/GameSceneScenarioOpeningCameraState.hpp	decomp/include/Game/Scene/GameSceneScenarioOpeningCameraState.hpp	exact-source	yes	25b68c305ee83be8354edcac8dc7ea42e82c12e6186217491a3cd6f3b66ec799	25b68c305ee83be8354edcac8dc7ea42e82c12e6186217491a3cd6f3b66ec799	0	0	0	byte-for-byte match
Scene/IntermissionScene.cpp	src/Game/Scene/IntermissionScene.cpp	decomp/src/Game/Scene/IntermissionScene.cpp	exact-source	yes	ba82790fd3a6d5f972303a95fe3a6f348e96453403e3617e8df031500c785022	ba82790fd3a6d5f972303a95fe3a6f348e96453403e3617e8df031500c785022	0	0	0	byte-for-byte match
Scene/IntermissionScene.hpp	src/Game/Scene/IntermissionScene.hpp	decomp/include/Game/Scene/IntermissionScene.hpp	exact-source	yes	c4c95008eee59f704ed03e3b4231dcf603a7f421e1e081245e55da0d821c49ed	c4c95008eee59f704ed03e3b4231dcf603a7f421e1e081245e55da0d821c49ed	0	0	0	byte-for-byte match
Scene/LogoScene.cpp	src/Game/Scene/LogoScene.cpp	decomp/src/Game/Scene/LogoScene.cpp	compat-temporary	yes	6ff867f70097b74efcf4c16b2d099c8481128fc22778d305a3b7fe13fa9131c1	81f7de77098056e47985d3f2dc1d85e3210054bc745504f7c9ca14034f7f2cff	0	0	0	source exists but pc-port behavior/shape differs
Scene/LogoScene.hpp	src/Game/Scene/LogoScene.hpp	decomp/include/Game/Scene/LogoScene.hpp	exact-source	yes	7a832f768c9c4db33d448588fb3398bf6c546f05b38cdfef556343048d6e729d	7a832f768c9c4db33d448588fb3398bf6c546f05b38cdfef556343048d6e729d	0	0	0	byte-for-byte match
Scene/MultiSceneActor.cpp	src/Game/Scene/MultiSceneActor.cpp	decomp/src/Game/Scene/MultiSceneActor.cpp	exact-source	yes	6ac149e36fa3f43e49c06519570e01cfe1cbc99604b1dc6ec4197c69f936909d	6ac149e36fa3f43e49c06519570e01cfe1cbc99604b1dc6ec4197c69f936909d	0	0	0	byte-for-byte match
Scene/MultiSceneActor.hpp	src/Game/Scene/MultiSceneActor.hpp	decomp/include/Game/Scene/MultiSceneActor.hpp	exact-source	yes	19ce7ac29a6d1904aab1b8f3069d7351ba274008dcef1a9f5448a8bc88d85294	19ce7ac29a6d1904aab1b8f3069d7351ba274008dcef1a9f5448a8bc88d85294	0	0	0	byte-for-byte match
Scene/MultiSceneEffectKeeper.cpp	src/Game/Scene/MultiSceneEffectKeeper.cpp	decomp/src/Game/Scene/MultiSceneEffectKeeper.cpp	exact-source	yes	6da1dd1362ad873a4f7e17d394c67b1fee1b24aa8168b1e7a7b1c9ddf4c66c39	6da1dd1362ad873a4f7e17d394c67b1fee1b24aa8168b1e7a7b1c9ddf4c66c39	0	0	0	byte-for-byte match
Scene/MultiSceneEffectKeeper.hpp	src/Game/Scene/MultiSceneEffectKeeper.hpp	decomp/include/Game/Scene/MultiSceneEffectKeeper.hpp	exact-source	yes	9adbcabc61941d178932426aaee2c6aed9e499f611fce37a217830327e03fb02	9adbcabc61941d178932426aaee2c6aed9e499f611fce37a217830327e03fb02	0	0	0	byte-for-byte match
Scene/PlacementInfoOrdered.cpp	src/Game/Scene/PlacementInfoOrdered.cpp	decomp/src/Game/Scene/PlacementInfoOrdered.cpp	exact-source	yes	f1d0be7283591e0cd6ad5cdceff9b8127aab5eb780b88b207a52776166deae21	f1d0be7283591e0cd6ad5cdceff9b8127aab5eb780b88b207a52776166deae21	0	0	0	byte-for-byte match
Scene/PlacementInfoOrdered.hpp	src/Game/Scene/PlacementInfoOrdered.hpp	decomp/include/Game/Scene/PlacementInfoOrdered.hpp	exact-source	yes	5e46d99ae7f2bfbdebbe3cd73a7919673dcaf683e107723809d4de7e9f34e2f4	5e46d99ae7f2bfbdebbe3cd73a7919673dcaf683e107723809d4de7e9f34e2f4	0	0	0	byte-for-byte match
Scene/PlacementStateChecker.cpp	src/Game/Scene/PlacementStateChecker.cpp	decomp/src/Game/Scene/PlacementStateChecker.cpp	exact-source	yes	43afae694ada624ecdf43978a87caed5204aa71000177710d056ac6d9453fa99	43afae694ada624ecdf43978a87caed5204aa71000177710d056ac6d9453fa99	0	0	0	byte-for-byte match
Scene/PlacementStateChecker.hpp	src/Game/Scene/PlacementStateChecker.hpp	decomp/include/Game/Scene/PlacementStateChecker.hpp	exact-source	yes	fc80974842440f745cd8849644e940c515ed4ed8d9f9f54e07f9468dfcefb85f	fc80974842440f745cd8849644e940c515ed4ed8d9f9f54e07f9468dfcefb85f	0	0	0	byte-for-byte match
Scene/PlayTimerScene.cpp	src/Game/Scene/PlayTimerScene.cpp	decomp/src/Game/Scene/PlayTimerScene.cpp	exact-source	yes	728e1e06b68977f4acdd8f7d3f50d8456a95ae1ef86ad34ad3646324978b2d45	728e1e06b68977f4acdd8f7d3f50d8456a95ae1ef86ad34ad3646324978b2d45	0	0	0	byte-for-byte match
Scene/PlayTimerScene.hpp	src/Game/Scene/PlayTimerScene.hpp	decomp/include/Game/Scene/PlayTimerScene.hpp	exact-source	yes	3b349f21a7dc86b5d1e66995b9fc37f6f4492c8d4d5986f3f5f8746559c1d9f6	3b349f21a7dc86b5d1e66995b9fc37f6f4492c8d4d5986f3f5f8746559c1d9f6	0	0	0	byte-for-byte match
Scene/ScenarioSelectScene.cpp	src/Game/Scene/ScenarioSelectScene.cpp	decomp/src/Game/Scene/ScenarioSelectScene.cpp	compile-only	yes	405bb6509a98b013c2b59c22ceff15e24b91919288447fb4b2f85faf15cc541a	d7838421c64442e648cd5c9a805c03b404667225b3f985caba09221ee2035f10	0	0	0	explicit CP932 literal wrappers and encoding include only
Scene/ScenarioSelectScene.hpp	src/Game/Scene/ScenarioSelectScene.hpp	decomp/include/Game/Scene/ScenarioSelectScene.hpp	exact-source	yes	ff7fab8d17d19c733198b8c34d66e2559cf1aa5d0a60cf4047df17a999b4e3ec	ff7fab8d17d19c733198b8c34d66e2559cf1aa5d0a60cf4047df17a999b4e3ec	0	0	0	byte-for-byte match
Scene/Scene.cpp	src/Game/Scene/Scene.cpp	decomp/src/Game/Scene/Scene.cpp	exact-source	yes	00a82248ee4b6eb23cd1a9196c0b59e42b3243980f68e9561c5c0b9b06510eee	00a82248ee4b6eb23cd1a9196c0b59e42b3243980f68e9561c5c0b9b06510eee	0	0	0	byte-for-byte match
Scene/Scene.hpp	src/Game/Scene/Scene.hpp	decomp/include/Game/Scene/Scene.hpp	exact-source	yes	85079cfa7c53b62c0bbdb076061d370833961f2a6c04e5ca012d2351757bebf0	85079cfa7c53b62c0bbdb076061d370833961f2a6c04e5ca012d2351757bebf0	0	0	0	byte-for-byte match
Scene/SceneDataInitializer.cpp	src/Game/Scene/SceneDataInitializer.cpp	decomp/src/Game/Scene/SceneDataInitializer.cpp	exact-source	yes	63028486ad91748d8c1fe159af8f50cc1570504d347b9fe8ac230751ec105797	63028486ad91748d8c1fe159af8f50cc1570504d347b9fe8ac230751ec105797	0	0	0	byte-for-byte match
Scene/SceneDataInitializer.hpp	src/Game/Scene/SceneDataInitializer.hpp	decomp/include/Game/Scene/SceneDataInitializer.hpp	exact-source	yes	7e4fbbb31f155859b905b55b0d017cb0ea727790529b9bf760761a702fafdc04	7e4fbbb31f155859b905b55b0d017cb0ea727790529b9bf760761a702fafdc04	0	0	0	byte-for-byte match
Scene/SceneExecutor.cpp	src/Game/Scene/SceneExecutor.cpp	decomp/src/Game/Scene/SceneExecutor.cpp	exact-source	yes	473eb6eb6692b2c7b5e53554b16557763f98cc707c6af60ea0f682c936fc58de	473eb6eb6692b2c7b5e53554b16557763f98cc707c6af60ea0f682c936fc58de	0	0	0	byte-for-byte match
Scene/SceneFactory.cpp	src/Game/Scene/SceneFactory.cpp	decomp/src/Game/Scene/SceneFactory.cpp	exact-source	yes	e837c47a5d984ca17ffbf6139e9fd6576448addf12d1ae801dd4d8c1f1d89e6b	e837c47a5d984ca17ffbf6139e9fd6576448addf12d1ae801dd4d8c1f1d89e6b	0	0	0	byte-for-byte match
Scene/SceneFactory.hpp	src/Game/Scene/SceneFactory.hpp	decomp/include/Game/Scene/SceneFactory.hpp	exact-source	yes	a86594ed0503f35ef497c3588414b6dfeab7701d7022a8e40f13d6fd84b98fd8	a86594ed0503f35ef497c3588414b6dfeab7701d7022a8e40f13d6fd84b98fd8	0	0	0	byte-for-byte match
Scene/SceneFunction.cpp	src/Game/Scene/SceneFunction.cpp	decomp/src/Game/Scene/SceneFunction.cpp	exact-source	yes	c5cc22855ccf73a5f8fdf042812998b4395fb62035901cd221e155b29b5a1e9f	c5cc22855ccf73a5f8fdf042812998b4395fb62035901cd221e155b29b5a1e9f	0	0	0	byte-for-byte match
Scene/SceneFunction.hpp	src/Game/Scene/SceneFunction.hpp	decomp/include/Game/Scene/SceneFunction.hpp	compat-temporary	yes	7cdd10f83efe476997d6f691f16cfc895b169053b7f7f77da625238b15c2a3da	bcba0918a5c922d154eaae89a76664e35e67c70c299b7231db45314481442c65	0	0	0	source exists but pc-port behavior/shape differs
Scene/SceneNameObjListExecutor.cpp	src/Game/Scene/SceneNameObjListExecutor.cpp	decomp/src/Game/Scene/SceneNameObjListExecutor.cpp	compat-temporary	yes	4a1487ff4c097c903d249deb456fb9227ab8db856977e79a5c90ba9164277ffc	541770beb8ece07668f4d5a50dff5c936350c190908758076a969b5ae6cf8328	0	0	0	source exists but pc-port behavior/shape differs
Scene/SceneNameObjListExecutor.hpp	src/Game/Scene/SceneNameObjListExecutor.hpp	decomp/include/Game/Scene/SceneNameObjListExecutor.hpp	exact-source	yes	19d228c4d09d134a4a29fe639b7b1b0ac8b679118292bc88c85629e9a77861cc	19d228c4d09d134a4a29fe639b7b1b0ac8b679118292bc88c85629e9a77861cc	0	0	0	byte-for-byte match
Scene/SceneNameObjMovementController.cpp	src/Game/Scene/SceneNameObjMovementController.cpp	decomp/src/Game/Scene/SceneNameObjMovementController.cpp	exact-source	yes	c2d2e56b566f495db2d8e90f969a45beefb59c3b8ff9e1026d09deb7e1d7a3f8	c2d2e56b566f495db2d8e90f969a45beefb59c3b8ff9e1026d09deb7e1d7a3f8	0	0	2	byte-for-byte match
Scene/SceneNameObjMovementController.hpp	src/Game/Scene/SceneNameObjMovementController.hpp	decomp/include/Game/Scene/SceneNameObjMovementController.hpp	compat-temporary	yes	0517ff9bb9939a75933e4b9813f75b9f15cc8ad3e2bd843663cf53b1b76b65fe	85d140776990e02ac0afc07156672c47df2c217dd26ac98e783c71dc194b7405	0	0	0	source exists but pc-port behavior/shape differs
Scene/SceneObjHolder.cpp	src/Game/Scene/SceneObjHolder.cpp	decomp/src/Game/Scene/SceneObjHolder.cpp	compile-only	yes	c3e5a3bef03fe7a5d2716362ee6e4c5fd21c9ea0d095e68eed245df0a5c0f368	ea2a2a2dad5fcd4c9a789d68477fe74ec63835fc3f1ece6e824b70895e605823	0	0	3	explicit CP932 literal wrappers and encoding include only
Scene/SceneObjHolder.hpp	src/Game/Scene/SceneObjHolder.hpp	decomp/include/Game/Scene/SceneObjHolder.hpp	exact-source	yes	8e830cfc37c2fbc37d8f8604c0334257d4d56ad584aacfabcca605540867ee7e	8e830cfc37c2fbc37d8f8604c0334257d4d56ad584aacfabcca605540867ee7e	0	0	1	byte-for-byte match
Scene/ScenePlayingResult.cpp	src/Game/Scene/ScenePlayingResult.cpp	decomp/src/Game/Scene/ScenePlayingResult.cpp	compile-only	yes	61c1692b45a100806641ae5f98afafb0d67a0363e994c0b7c7d5d6e9ac09c782	b0f6543c8e731ecf55c7456d3b18a17437b462bb38bd848f263b70070c61ae26	0	0	0	explicit CP932 literal wrappers and encoding include only
Scene/ScenePlayingResult.hpp	src/Game/Scene/ScenePlayingResult.hpp	decomp/include/Game/Scene/ScenePlayingResult.hpp	exact-source	yes	036a59503baccedbbff8e39ed9c3e87ad14d000b603a41fddfcebf47b1e7f8ed	036a59503baccedbbff8e39ed9c3e87ad14d000b603a41fddfcebf47b1e7f8ed	0	0	0	byte-for-byte match
Scene/StageDataHolder.cpp	src/Game/Scene/StageDataHolder.cpp	decomp/src/Game/Scene/StageDataHolder.cpp	compat-temporary	yes	3a99b6f8a6131abcb2337bdc519574d96ebdd81ead4fc21a11864b0b209d4710	a49ed47665ba095ee37ee756d0e90af491957bb12b901ccb44fa33d00d7fe778	0	0	0	source exists but pc-port behavior/shape differs
Scene/StageDataHolder.hpp	src/Game/Scene/StageDataHolder.hpp	decomp/include/Game/Scene/StageDataHolder.hpp	compat-temporary	yes	91e23c8030e23465530c1fc402640aa5da6df1aa0e08ef23d21dce44f1596cf1	3c6e158e121d8b627a8b3490211307ce0dd038269eba28dd9c2073adc137563d	0	0	0	source exists but pc-port behavior/shape differs
Scene/StageFileLoader.cpp	src/Game/Scene/StageFileLoader.cpp	decomp/src/Game/Scene/StageFileLoader.cpp	exact-source	yes	322c4d36701b5470e804ad5c929b90b54a86a69cafa2c87900c5bc81a43b9e90	322c4d36701b5470e804ad5c929b90b54a86a69cafa2c87900c5bc81a43b9e90	0	0	0	byte-for-byte match
Scene/StageFileLoader.hpp	src/Game/Scene/StageFileLoader.hpp	decomp/include/Game/Scene/StageFileLoader.hpp	exact-source	yes	d344e7d53b1b4e1af75094faac768ba053dcdbaa3974223a1d8c37034941f99d	d344e7d53b1b4e1af75094faac768ba053dcdbaa3974223a1d8c37034941f99d	0	0	0	byte-for-byte match
Scene/StageResourceLoader.cpp	src/Game/Scene/StageResourceLoader.cpp	decomp/src/Game/Scene/StageResourceLoader.cpp	exact-source	yes	072f6f5bbaa7fb1cc720954963b843f567ceeed3b51ede485a31fc2e1f95a595	072f6f5bbaa7fb1cc720954963b843f567ceeed3b51ede485a31fc2e1f95a595	0	0	0	byte-for-byte match
Scene/StageResourceLoader.hpp	src/Game/Scene/StageResourceLoader.hpp	decomp/include/Game/Scene/StageResourceLoader.hpp	exact-source	yes	6b1813e70c4ebad9bc7872647d46e1574ab8adfc50250c46353278ac168ecfa4	6b1813e70c4ebad9bc7872647d46e1574ab8adfc50250c46353278ac168ecfa4	0	0	0	byte-for-byte match
Scene/StopSceneController.cpp	src/Game/Scene/StopSceneController.cpp	decomp/src/Game/Scene/StopSceneController.cpp	compile-only	yes	2d722ba28ae1f5f6f0ccb3bbe4b694b746c276defaac15ac867fd8ef7e7a3cc1	c761ec785fd7497c842da9d38a633d9f7bef59add3968cde7746a0d3a4f494a0	0	0	0	explicit CP932 literal wrappers and encoding include only
Scene/StopSceneController.hpp	src/Game/Scene/StopSceneController.hpp	decomp/include/Game/Scene/StopSceneController.hpp	exact-source	yes	c7882dbe3a5c5b652b4bff54f6c98ea7fd65f84d897fb7c8291c50f719db8fde	c7882dbe3a5c5b652b4bff54f6c98ea7fd65f84d897fb7c8291c50f719db8fde	0	0	0	byte-for-byte match
Screen/BackButton.cpp	src/Game/Screen/BackButton.cpp	decomp/src/Game/Screen/BackButton.cpp	exact-source	yes	001553dfd3200895062fe40315b42002755ae5ab02a8065c76efddfaf1612b16	001553dfd3200895062fe40315b42002755ae5ab02a8065c76efddfaf1612b16	0	0	0	byte-for-byte match
Screen/BackButton.hpp	src/Game/Screen/BackButton.hpp	decomp/include/Game/Screen/BackButton.hpp	exact-source	yes	b7d7febc63a8b9371012cb4551bb2156704c7a209261c2ab634a3c94e6d9629d	b7d7febc63a8b9371012cb4551bb2156704c7a209261c2ab634a3c94e6d9629d	0	0	0	byte-for-byte match
Screen/BatteryInfo.cpp	src/Game/Screen/BatteryInfo.cpp	decomp/src/Game/Screen/BatteryInfo.cpp	exact-source	no	9515e6932df0f365476927a2759fa0e88f2e882bfb2d9897a982783f4df1bec4	9515e6932df0f365476927a2759fa0e88f2e882bfb2d9897a982783f4df1bec4	0	0	0	byte-for-byte match
Screen/BatteryInfo.hpp	src/Game/Screen/BatteryInfo.hpp	decomp/include/Game/Screen/BatteryInfo.hpp	exact-source	no	b0529cc798ebbe0cbb1e313859f510d7877759a4c35aca96b3d7673b73313b1d	b0529cc798ebbe0cbb1e313859f510d7877759a4c35aca96b3d7673b73313b1d	0	0	0	byte-for-byte match
Screen/BloomEffect.cpp	src/Game/Screen/BloomEffect.cpp	decomp/src/Game/Screen/BloomEffect.cpp	compat-temporary	no	3ee77f2948080dab287788353bf5964ef674618c78830e7d568a5254f0078204	af9a347d26a1192375b5af82159f0ee6b3fbbd2619458fcd88cc2cc70d61c0ad	0	0	0	source exists but pc-port behavior/shape differs
Screen/BloomEffect.hpp	src/Game/Screen/BloomEffect.hpp	decomp/include/Game/Screen/BloomEffect.hpp	exact-source	no	17f98b8567d16b18706565ea2830d0fedf15fba1081a0ee85227626cc066017c	17f98b8567d16b18706565ea2830d0fedf15fba1081a0ee85227626cc066017c	0	0	0	byte-for-byte match
Screen/BloomEffectSimple.cpp	src/Game/Screen/BloomEffectSimple.cpp	decomp/src/Game/Screen/BloomEffectSimple.cpp	compile-only	no	adaa426b953a0d7bcfe7c0c71a41b2586f032b6c703859e86f7e4413b94890e8	1ab13cb5e756301f879c9fbf74127c7b0dcc01ab8b20bfa41607844887907e55	0	0	0	explicit CP932 literal wrappers and encoding include only
Screen/BloomEffectSimple.hpp	src/Game/Screen/BloomEffectSimple.hpp	decomp/include/Game/Screen/BloomEffectSimple.hpp	exact-source	no	9470b3eca29bbddf91246a8ce5012bbddc0eb2393e3d5d9427bdaea8fd2f7cd5	9470b3eca29bbddf91246a8ce5012bbddc0eb2393e3d5d9427bdaea8fd2f7cd5	0	0	0	byte-for-byte match
Screen/BrosButton.cpp	src/Game/Screen/BrosButton.cpp	decomp/src/Game/Screen/BrosButton.cpp	exact-source	yes	920d383e0c12e73c08942c2029f25c55208b99c727876db657ada4cfedcc2d88	920d383e0c12e73c08942c2029f25c55208b99c727876db657ada4cfedcc2d88	0	0	0	byte-for-byte match
Screen/BrosButton.hpp	src/Game/Screen/BrosButton.hpp	decomp/include/Game/Screen/BrosButton.hpp	exact-source	yes	020b7942788017fddeb0e451a4ec489d7f44c8fe6c85896d34a21054f790affb	020b7942788017fddeb0e451a4ec489d7f44c8fe6c85896d34a21054f790affb	0	0	0	byte-for-byte match
Screen/ButtonPaneController.cpp	src/Game/Screen/ButtonPaneController.cpp	decomp/src/Game/Screen/ButtonPaneController.cpp	compile-only	yes	206c5004c48f7b9bec71e541908ff78d2df2022a6a4082093fe6091aaf92a796	d25c13010c59ca5d23aaf02660bc72a00149be6075e14f8871ce5d62faa5cd0a	0	0	0	explicit CP932 literal wrappers and encoding include only
Screen/ButtonPaneController.hpp	src/Game/Screen/ButtonPaneController.hpp	decomp/include/Game/Screen/ButtonPaneController.hpp	compile-only	yes	9af6c4cf1b40a419e40dde309c6d886d665520e88785f86729a28437eb4374a2	bd85cd43d2c7cb4b83282627dd7bab2374cfce4763c8e7b84a538197164f181b	0	0	0	line ending or trailing whitespace only
Screen/CameraInfo.cpp	src/Game/Screen/CameraInfo.cpp	decomp/src/Game/Screen/CameraInfo.cpp	exact-source	no	d0fdde170fee0c341e59aa79135ee9c74a9a0a870c8ed88599cce5fb54d274b7	d0fdde170fee0c341e59aa79135ee9c74a9a0a870c8ed88599cce5fb54d274b7	0	0	0	byte-for-byte match
Screen/CameraInfo.hpp	src/Game/Screen/CameraInfo.hpp	decomp/include/Game/Screen/CameraInfo.hpp	exact-source	no	12cfbf1d2920eaf05488175604becba3a6b36f9375174cbf4f311aff4c954a35	12cfbf1d2920eaf05488175604becba3a6b36f9375174cbf4f311aff4c954a35	0	0	0	byte-for-byte match
Screen/CaptureScreenDirector.cpp	src/Game/Screen/CaptureScreenDirector.cpp	decomp/src/Game/Screen/CaptureScreenDirector.cpp	compat-temporary	yes	87dcb4d1992a9a1cd6a3415c2087ee0463ea9af70ddcb8a058d9fadfe853aa35	19c9e1c0ae768269455902eabf724598a70618640be0eb4c5c26ae476d298aec	0	0	0	source exists but pc-port behavior/shape differs
Screen/CaptureScreenDirector.hpp	src/Game/Screen/CaptureScreenDirector.hpp	decomp/include/Game/Screen/CaptureScreenDirector.hpp	compat-temporary	yes	defdad2e4042e1baabac146f110cf0f4dece1d9696c29067469c0a9960993d8d	179124fb067de78ae97cfb0083494ba8290ab6efd6588dc22c5c3333f99a290f	0	0	0	source exists but pc-port behavior/shape differs
Screen/CenterScreenBlur.cpp	src/Game/Screen/CenterScreenBlur.cpp	decomp/src/Game/Screen/CenterScreenBlur.cpp	compile-only	no	d9947158426ed08ceecf977a5c645b5a3e4e7a935c52f78e02383dfeb4f3a741	bc359e06abf0bf019a2661b15327ed142517383ae0270a16a4e5cc1c6f60ef0f	0	0	0	explicit CP932 literal wrappers and encoding include only
Screen/CenterScreenBlur.hpp	src/Game/Screen/CenterScreenBlur.hpp	decomp/include/Game/Screen/CenterScreenBlur.hpp	exact-source	no	ca50522bdb647838165eb0b04e536081d131975c52d3417f23b5faf22fb8bb2c	ca50522bdb647838165eb0b04e536081d131975c52d3417f23b5faf22fb8bb2c	0	0	0	byte-for-byte match
Screen/CinemaFrame.cpp	src/Game/Screen/CinemaFrame.cpp	decomp/src/Game/Screen/CinemaFrame.cpp	compile-only	no	a826dca92e3a6e56217a0c8e13810be886aedbf5faec62238e03cf8f272523a5	f1233699835c93da80df48e1d479b78e8825e182204875c94a8b5f20ff3a9427	0	0	0	explicit CP932 literal wrappers and encoding include only
Screen/CinemaFrame.hpp	src/Game/Screen/CinemaFrame.hpp	decomp/include/Game/Screen/CinemaFrame.hpp	exact-source	no	1747997a5822213213dc97cb89ca138777ed71b006e4116edb74ee4f3933cfeb	1747997a5822213213dc97cb89ca138777ed71b006e4116edb74ee4f3933cfeb	0	0	0	byte-for-byte match
Screen/CoinCounter.cpp	src/Game/Screen/CoinCounter.cpp	decomp/src/Game/Screen/CoinCounter.cpp	exact-source	no	869c8772bd2269cfe9800630f432b9d0d4b7aff6aeb41613b2df92cfe9afa29f	869c8772bd2269cfe9800630f432b9d0d4b7aff6aeb41613b2df92cfe9afa29f	0	0	0	byte-for-byte match
Screen/CoinCounter.hpp	src/Game/Screen/CoinCounter.hpp	decomp/include/Game/Screen/CoinCounter.hpp	exact-source	no	3c1b6ec6fa27090c7bb8af39ff9df8d36d533b14d7c6915720e8f37b26120e91	3c1b6ec6fa27090c7bb8af39ff9df8d36d533b14d7c6915720e8f37b26120e91	0	0	0	byte-for-byte match
Screen/CometRetryButton.hpp	src/Game/Screen/CometRetryButton.hpp	decomp/include/Game/Screen/CometRetryButton.hpp	exact-source	no	91289a63e4384a22d71cc102c5b1ade573ab7d900898382f5945f506e332ccd4	91289a63e4384a22d71cc102c5b1ade573ab7d900898382f5945f506e332ccd4	0	0	0	byte-for-byte match
Screen/CopyFilterNegater.cpp	src/Game/Screen/CopyFilterNegater.cpp	decomp/src/Game/Screen/CopyFilterNegater.cpp	exact-source	no	4e61fc96369c4f4300c155a181709a10d225f73024c7c4c5fad9a284d9c9fc72	4e61fc96369c4f4300c155a181709a10d225f73024c7c4c5fad9a284d9c9fc72	0	0	0	byte-for-byte match
Screen/CopyFilterNegater.hpp	src/Game/Screen/CopyFilterNegater.hpp	decomp/include/Game/Screen/CopyFilterNegater.hpp	exact-source	no	94817eb3daae051569ea1520041007962242692f1b7660c36d7d7dcc2402a8d2	94817eb3daae051569ea1520041007962242692f1b7660c36d7d7dcc2402a8d2	0	0	0	byte-for-byte match
Screen/CountUpPaneRumbler.cpp	src/Game/Screen/CountUpPaneRumbler.cpp	decomp/src/Game/Screen/CountUpPaneRumbler.cpp	exact-source	no	8e8b7595bfb9ed0df4b472fa47cf7648824cf16909ca05ef8b5ba8f5068d0276	8e8b7595bfb9ed0df4b472fa47cf7648824cf16909ca05ef8b5ba8f5068d0276	0	0	0	byte-for-byte match
Screen/CountUpPaneRumbler.hpp	src/Game/Screen/CountUpPaneRumbler.hpp	decomp/include/Game/Screen/CountUpPaneRumbler.hpp	exact-source	no	1db68202ede0241e96f7aad53edb0454616c58656327de42d44a1337e4f00a21	1db68202ede0241e96f7aad53edb0454616c58656327de42d44a1337e4f00a21	0	0	0	byte-for-byte match
Screen/CounterLayoutAppearer.cpp	src/Game/Screen/CounterLayoutAppearer.cpp	decomp/src/Game/Screen/CounterLayoutAppearer.cpp	compile-only	no	26d087195a27f539791a5e4e448effb06b434db922dbd59f11e4e5ad637e9ebb	04e7e07a1288ffffeeb44c1ec3b7f12e40ed07a1c9b9f0ea57242798955b510d	0	0	0	explicit CP932 literal wrappers and encoding include only
Screen/CounterLayoutAppearer.hpp	src/Game/Screen/CounterLayoutAppearer.hpp	decomp/include/Game/Screen/CounterLayoutAppearer.hpp	exact-source	no	ac242de583cfe3b3746e50fa0ecebf8e322097236ccabb3293673714bf467263	ac242de583cfe3b3746e50fa0ecebf8e322097236ccabb3293673714bf467263	0	0	0	byte-for-byte match
Screen/CounterLayoutController.cpp	src/Game/Screen/CounterLayoutController.cpp	decomp/src/Game/Screen/CounterLayoutController.cpp	compile-only	no	d8dcb7853fc0aac2e5ee4d474d75cd93491120aa7728c49c96873526d6b4387f	1abcede75a4e3bacd9881b1cd3963cabb3a4315a2c594040322e16c2a01f8637	0	0	0	explicit CP932 literal wrappers and encoding include only
Screen/CounterLayoutController.hpp	src/Game/Screen/CounterLayoutController.hpp	decomp/include/Game/Screen/CounterLayoutController.hpp	exact-source	no	c61567bb383b6e3ae5b002b84f5c809e7938a5fbec5cff9f977a9936fcd3546e	c61567bb383b6e3ae5b002b84f5c809e7938a5fbec5cff9f977a9936fcd3546e	0	0	0	byte-for-byte match
Screen/CustomTagProcessor.cpp	src/Game/Screen/CustomTagProcessor.cpp	decomp/src/Game/Screen/CustomTagProcessor.cpp	compat-temporary	no	3b963e43268de1b8faafe7d5693ff347c2c8b5028b7f75e6f93409375662714b	558e01b222be26a820d33731eed7c0e8205e5a6abcba1da727e41bccb28312ad	0	0	0	source exists but pc-port behavior/shape differs
Screen/CustomTagProcessor.hpp	src/Game/Screen/CustomTagProcessor.hpp	decomp/include/Game/Screen/CustomTagProcessor.hpp	exact-source	no	ca06cfb7a173c91b0ff5dfcfc79a13f54ee2bbb0d0207fbfdacf7864cb340e40	ca06cfb7a173c91b0ff5dfcfc79a13f54ee2bbb0d0207fbfdacf7864cb340e40	0	0	0	byte-for-byte match
Screen/DepthOfFieldBlur.cpp	src/Game/Screen/DepthOfFieldBlur.cpp	decomp/src/Game/Screen/DepthOfFieldBlur.cpp	exact-source	no	461368b7d22f6580318bb1ad69e4bb6844b34884fd8344ff6b280ead86a30b0b	461368b7d22f6580318bb1ad69e4bb6844b34884fd8344ff6b280ead86a30b0b	0	0	0	byte-for-byte match
Screen/DepthOfFieldBlur.hpp	src/Game/Screen/DepthOfFieldBlur.hpp	decomp/include/Game/Screen/DepthOfFieldBlur.hpp	exact-source	no	05c2aa8219176f147d170db2a7777fa385cb77eb11339d6bc2d0065a9192bad3	05c2aa8219176f147d170db2a7777fa385cb77eb11339d6bc2d0065a9192bad3	0	0	0	byte-for-byte match
Screen/EncouragePal60Window.cpp	src/Game/Screen/EncouragePal60Window.cpp	decomp/src/Game/Screen/EncouragePal60Window.cpp	compat-temporary	yes	8a8f55687a67fca719f630e564d0bc8c3a0a802cb18f20d9a6085b8495583572	80b7a19832655b25d4bdc969774da05693c23c4e903f328d205cc4e5ba3d35ed	0	0	0	source exists but pc-port behavior/shape differs
Screen/EncouragePal60Window.hpp	src/Game/Screen/EncouragePal60Window.hpp	decomp/include/Game/Screen/EncouragePal60Window.hpp	compat-temporary	yes	2162d94d19aa93224513ef22f9d34700815d0f985e83d1bb18f973d85b8cc639	d7f5a3b5d36b35f5097d9cb4e3b3edb0eac0eff85d49c5a694a05204d19a7157	0	0	0	source exists but pc-port behavior/shape differs
Screen/ErrorMessageWindow.cpp	src/Game/Screen/ErrorMessageWindow.cpp	decomp/src/Game/Screen/ErrorMessageWindow.cpp	compile-only	no	7311c9de54a333c18cd9f5c98a44528b4874e0f038339967c432a7a3e5f16958	cec020d67212039f7a4a6c7676afc3a0ff770deb6705e03cab90736d67c1676b	0	0	0	explicit CP932 literal wrappers and encoding include only
Screen/ErrorMessageWindow.hpp	src/Game/Screen/ErrorMessageWindow.hpp	decomp/include/Game/Screen/ErrorMessageWindow.hpp	exact-source	no	5d9ea4a3f7966f4a1687ffd7b990cad56bc03f964effe6230df6e98e766dee9b	5d9ea4a3f7966f4a1687ffd7b990cad56bc03f964effe6230df6e98e766dee9b	0	0	0	byte-for-byte match
Screen/FileSelectButton.cpp	src/Game/Screen/FileSelectButton.cpp	decomp/src/Game/Screen/FileSelectButton.cpp	exact-source	yes	447e4511ad042969bceae43340b1fc484ecdf4a0df426b66769f1bb5eb17f7db	447e4511ad042969bceae43340b1fc484ecdf4a0df426b66769f1bb5eb17f7db	0	0	0	byte-for-byte match
Screen/FileSelectButton.hpp	src/Game/Screen/FileSelectButton.hpp	decomp/include/Game/Screen/FileSelectButton.hpp	exact-source	yes	6d0af74668eac9fc24da5edd5296b1139561d767342e277af41f64c7b1cfeed2	6d0af74668eac9fc24da5edd5296b1139561d767342e277af41f64c7b1cfeed2	0	0	0	byte-for-byte match
Screen/FileSelectInfo.cpp	src/Game/Screen/FileSelectInfo.cpp	decomp/src/Game/Screen/FileSelectInfo.cpp	compat-temporary	yes	cd3c339aafa695bbf02be96947de6b0f7a83b4e37163ea67012d82c6f4c3ffa6	a96cd9ff44b160c7c1ff3ef5b16dd56d496d4d439e2d8d81dfc52db1a830e622	0	0	0	source exists but pc-port behavior/shape differs
Screen/FileSelectInfo.hpp	src/Game/Screen/FileSelectInfo.hpp	decomp/include/Game/Screen/FileSelectInfo.hpp	exact-source	yes	0b9cdf2db96c25b984920761d5c4c9fa87d14acf217f50997fc012449a2ef82c	0b9cdf2db96c25b984920761d5c4c9fa87d14acf217f50997fc012449a2ef82c	0	0	0	byte-for-byte match
Screen/FileSelectNumber.cpp	src/Game/Screen/FileSelectNumber.cpp	decomp/src/Game/Screen/FileSelectNumber.cpp	compile-only	yes	07de39ccc5c015f59f1d6a1e2b3bfa0fcb9657ca2a8a6c6e7956130da527ed7b	27528706101a2d71c5306829d3d170cd76cb7548bd9909450a87a6f7cc3c8aff	0	0	0	explicit CP932 literal wrappers and encoding include only
Screen/FileSelectNumber.hpp	src/Game/Screen/FileSelectNumber.hpp	decomp/include/Game/Screen/FileSelectNumber.hpp	exact-source	yes	d93e9b0c37aa11267e2918d926374af9aeb287b528ac690fba472873fff9f73c	d93e9b0c37aa11267e2918d926374af9aeb287b528ac690fba472873fff9f73c	0	0	0	byte-for-byte match
Screen/FullScreenBlur.cpp	src/Game/Screen/FullScreenBlur.cpp	decomp/src/Game/Screen/FullScreenBlur.cpp	exact-source	no	ccd9f4f7708f141295a99bc5e6f5505c70b9414e79d30a56cff58772edbc89a8	ccd9f4f7708f141295a99bc5e6f5505c70b9414e79d30a56cff58772edbc89a8	0	0	0	byte-for-byte match
Screen/FullScreenBlur.hpp	src/Game/Screen/FullScreenBlur.hpp	decomp/include/Game/Screen/FullScreenBlur.hpp	exact-source	no	5ec2e36a80e374e1c6f05cc217c9395a0fd0aa81586c6d5ed00fff486ae5b64f	5ec2e36a80e374e1c6f05cc217c9395a0fd0aa81586c6d5ed00fff486ae5b64f	0	0	0	byte-for-byte match
Screen/GalaxyCometScreenFilter.cpp	src/Game/Screen/GalaxyCometScreenFilter.cpp	decomp/src/Game/Screen/GalaxyCometScreenFilter.cpp	compile-only	no	eeb25a86e98aaa77bf766433146abbf261e33360862104ab36e03807ca890c83	e204728961c32ff0d81537c7e032f55e8c13260fedb0fdbf7d2ee706de4dabb8	0	0	0	explicit CP932 literal wrappers and encoding include only
Screen/GalaxyCometScreenFilter.hpp	src/Game/Screen/GalaxyCometScreenFilter.hpp	decomp/include/Game/Screen/GalaxyCometScreenFilter.hpp	exact-source	no	144a6d2907ba8274dcc237828f357817b5bd2c57b705a8a09b1bac6fbcbf4745	144a6d2907ba8274dcc237828f357817b5bd2c57b705a8a09b1bac6fbcbf4745	0	0	0	byte-for-byte match
Screen/GalaxyMapGalaxyPlain.cpp	src/Game/Screen/GalaxyMapGalaxyPlain.cpp	decomp/src/Game/Screen/GalaxyMapGalaxyPlain.cpp	compat-temporary	no	69ecb7075e4ac9b61b98d344015f13092887fe0109eb7373f92fc5c22c39df38	8ac8656ba968040fd4984ebeeb32da077517b64a1c1d98bf56fdcdd6ef3366cc	0	0	0	source exists but pc-port behavior/shape differs
Screen/GalaxyMapGalaxyPlain.hpp	src/Game/Screen/GalaxyMapGalaxyPlain.hpp	decomp/include/Game/Screen/GalaxyMapGalaxyPlain.hpp	compat-temporary	no	fd9927dcd38ebdc85ce0b34e0cb7927914d781d8387dcc0ae098c76ce1082404	6b5d4c118800631f6374ecf99acc98bbfe97706babeeedb710d52564947e2b5e	0	0	0	source exists but pc-port behavior/shape differs
Screen/GamePauseSequence.cpp	src/Game/Screen/GamePauseSequence.cpp	decomp/src/Game/Screen/GamePauseSequence.cpp	compat-temporary	no	6309d644cf9181229f158c77b9ac74f2e5eb28de4c5c4af003397273a016d871	7504119808cd8f47e073c2e719b5349019ba09a8c95a85c45e7161046c5f3620	0	0	0	source exists but pc-port behavior/shape differs
Screen/GamePauseSequence.hpp	src/Game/Screen/GamePauseSequence.hpp	decomp/include/Game/Screen/GamePauseSequence.hpp	exact-source	no	15366c70cc9a0184fc0d16f6ac783d13b2fac7ace2a96dfbe40ebe09787c26d7	15366c70cc9a0184fc0d16f6ac783d13b2fac7ace2a96dfbe40ebe09787c26d7	0	0	0	byte-for-byte match
Screen/GameSceneLayoutHolder.cpp	src/Game/Screen/GameSceneLayoutHolder.cpp	decomp/src/Game/Screen/GameSceneLayoutHolder.cpp	compile-only	no	ab0487d736a0e67792e996e22e7927f9dece3b7ca47076ecd2d1eda5d7b26cef	88726d69eb399de3abaa178209561340a3d7d22fc8fb4b11fd7be76beba46d30	0	0	0	explicit CP932 literal wrappers and encoding include only
Screen/GameSceneLayoutHolder.hpp	src/Game/Screen/GameSceneLayoutHolder.hpp	decomp/include/Game/Screen/GameSceneLayoutHolder.hpp	exact-source	no	098a73ea23eab6a48ac1e44b1a6dd4cb7c6f4787b03b77c39b1dd93cb3f98b55	098a73ea23eab6a48ac1e44b1a6dd4cb7c6f4787b03b77c39b1dd93cb3f98b55	0	0	0	byte-for-byte match
Screen/GameStageClearSequence.cpp	src/Game/Screen/GameStageClearSequence.cpp	decomp/src/Game/Screen/GameStageClearSequence.cpp	compile-only	no	188e81379f78e253383df69758d546c79035c0881ca169ce69db68703884ac0d	b5429c6311587f3dfdee870d9f068a934e81fddee9ac6c4cbf4316979b63ed12	0	0	0	explicit CP932 literal wrappers and encoding include only
Screen/GameStageClearSequence.hpp	src/Game/Screen/GameStageClearSequence.hpp	decomp/include/Game/Screen/GameStageClearSequence.hpp	exact-source	no	080398e3cfbadc7d1587a836fe7490165b0055d0d8537c9b90a64781e91a5fb8	080398e3cfbadc7d1587a836fe7490165b0055d0d8537c9b90a64781e91a5fb8	0	0	0	byte-for-byte match
Screen/IconAButton.cpp	src/Game/Screen/IconAButton.cpp	decomp/src/Game/Screen/IconAButton.cpp	compile-only	yes	59c596ff01515ffbcd621baef8a33ac3a1f106ef0508f5c74ba6aa6ad1784e7b	b779ac30acd9928a64d57c1bfe825d444d5832126c2f203cdb0b73dc9707f29b	0	0	0	explicit CP932 literal wrappers and encoding include only
Screen/IconAButton.hpp	src/Game/Screen/IconAButton.hpp	decomp/include/Game/Screen/IconAButton.hpp	exact-source	yes	918a3b4c04125a4b22397cc4585627075a7dad20d0dc8342beb5c31c4788240a	918a3b4c04125a4b22397cc4585627075a7dad20d0dc8342beb5c31c4788240a	0	0	0	byte-for-byte match
Screen/ImageEffectBase.cpp	src/Game/Screen/ImageEffectBase.cpp	decomp/src/Game/Screen/ImageEffectBase.cpp	exact-source	no	1e70c567866e5f49cae52c4ec86a443eddd7e398d7d9e668493d13da8ea272be	1e70c567866e5f49cae52c4ec86a443eddd7e398d7d9e668493d13da8ea272be	0	0	0	byte-for-byte match
Screen/ImageEffectBase.hpp	src/Game/Screen/ImageEffectBase.hpp	decomp/include/Game/Screen/ImageEffectBase.hpp	exact-source	no	640d19cc348888e5c7151e385093c66fc2dc142daba5dff064f85781be971b6b	640d19cc348888e5c7151e385093c66fc2dc142daba5dff064f85781be971b6b	0	0	0	byte-for-byte match
Screen/ImageEffectDirector.cpp	src/Game/Screen/ImageEffectDirector.cpp	decomp/src/Game/Screen/ImageEffectDirector.cpp	exact-source	no	4807f677b027f27c05a5b38cddcd235e6ba6be7a7d4ed042f29f6f7dd5138231	4807f677b027f27c05a5b38cddcd235e6ba6be7a7d4ed042f29f6f7dd5138231	0	0	0	byte-for-byte match
Screen/ImageEffectDirector.hpp	src/Game/Screen/ImageEffectDirector.hpp	decomp/include/Game/Screen/ImageEffectDirector.hpp	exact-source	no	b2c86cbc077228949def5f7b64822964d641bc665f6cf6064e3e212626c93c53	b2c86cbc077228949def5f7b64822964d641bc665f6cf6064e3e212626c93c53	0	0	0	byte-for-byte match
Screen/ImageEffectLocalUtil.cpp	src/Game/Screen/ImageEffectLocalUtil.cpp	decomp/src/Game/Screen/ImageEffectLocalUtil.cpp	exact-source	no	8e334a351db52c1f1057d5f7210704fb117ae146c5db8dc4cefbf1b51a3add63	8e334a351db52c1f1057d5f7210704fb117ae146c5db8dc4cefbf1b51a3add63	0	0	0	byte-for-byte match
Screen/ImageEffectLocalUtil.hpp	src/Game/Screen/ImageEffectLocalUtil.hpp	decomp/include/Game/Screen/ImageEffectLocalUtil.hpp	exact-source	no	68ef69e48e9e86b0c6ce5037abaddbcf8e48571510a26282b671f9c8a49d1c2c	68ef69e48e9e86b0c6ce5037abaddbcf8e48571510a26282b671f9c8a49d1c2c	0	0	0	byte-for-byte match
Screen/ImageEffectResource.cpp	src/Game/Screen/ImageEffectResource.cpp	decomp/src/Game/Screen/ImageEffectResource.cpp	exact-source	no	70a315c3ffb6c8d6be9ff4d949dae6392f376c0975bb88cb2269df721fa0d579	70a315c3ffb6c8d6be9ff4d949dae6392f376c0975bb88cb2269df721fa0d579	0	0	0	byte-for-byte match
Screen/ImageEffectResource.hpp	src/Game/Screen/ImageEffectResource.hpp	decomp/include/Game/Screen/ImageEffectResource.hpp	exact-source	no	74720eb6a6f03d2525bd60a55d1380d00f8c2fb3e95b77287b19c66b5c189d24	74720eb6a6f03d2525bd60a55d1380d00f8c2fb3e95b77287b19c66b5c189d24	0	0	0	byte-for-byte match
Screen/ImageEffectState.cpp	src/Game/Screen/ImageEffectState.cpp	decomp/src/Game/Screen/ImageEffectState.cpp	exact-source	no	0a475bfe3f0eb8a34312966acededa5a90bd26995b8b50a8a3b7f5e08bf63b33	0a475bfe3f0eb8a34312966acededa5a90bd26995b8b50a8a3b7f5e08bf63b33	0	0	0	byte-for-byte match
Screen/ImageEffectState.hpp	src/Game/Screen/ImageEffectState.hpp	decomp/include/Game/Screen/ImageEffectState.hpp	exact-source	no	40919bb3f68001f74899afbd0e06c280eb05384f28903d8f6be875e7a340becc	40919bb3f68001f74899afbd0e06c280eb05384f28903d8f6be875e7a340becc	0	0	0	byte-for-byte match
Screen/ImageEffectSystemHolder.cpp	src/Game/Screen/ImageEffectSystemHolder.cpp	decomp/src/Game/Screen/ImageEffectSystemHolder.cpp	compile-only	no	50c38933a5ae3a17a385c702efd52276c03b99e3a7295bb805264044469cba86	d4bcbc7fb0af850fc532c67dd319a539ac7b32412a20cbcffbeec954a7657163	0	0	0	explicit CP932 literal wrappers and encoding include only
Screen/ImageEffectSystemHolder.hpp	src/Game/Screen/ImageEffectSystemHolder.hpp	decomp/include/Game/Screen/ImageEffectSystemHolder.hpp	exact-source	no	af01c71a84e14eba3ce6e6ca936a7059d8803eec8a1837ae5b3f6abbd674bc01	af01c71a84e14eba3ce6e6ca936a7059d8803eec8a1837ae5b3f6abbd674bc01	0	0	0	byte-for-byte match
Screen/InformationMessage.cpp	src/Game/Screen/InformationMessage.cpp	decomp/src/Game/Screen/InformationMessage.cpp	compile-only	yes	cd9aa18e87b2bc95658b58e2e77b6e694cc2d8777809c7e9bcb8fb66ff1bb257	e25681b6135066318dbde76411380e5aa3eb89e934f38564f2851ce4107c8cd3	0	0	0	explicit CP932 literal wrappers and encoding include only
Screen/InformationMessage.hpp	src/Game/Screen/InformationMessage.hpp	decomp/include/Game/Screen/InformationMessage.hpp	exact-source	yes	244154bffda8e68331f338b5a8ac26eca0e8db17eab80f8f580318967dc3f40c	244154bffda8e68331f338b5a8ac26eca0e8db17eab80f8f580318967dc3f40c	0	0	0	byte-for-byte match
Screen/InformationObserver.cpp	src/Game/Screen/InformationObserver.cpp	decomp/src/Game/Screen/InformationObserver.cpp	compile-only	no	b2292cb1332dac6feb43b982f5ea5f8f1b3a803c60db8650154b06f020dd47ad	7dc1ea7956609ac357efc84956406ec08ae4ee85e3a2f86921c8f45e143f61d9	0	0	60	explicit CP932 literal wrappers and encoding include only
Screen/InformationObserver.hpp	src/Game/Screen/InformationObserver.hpp	decomp/include/Game/Screen/InformationObserver.hpp	exact-source	no	716d01922b97dc984ceff69ca2fc9da7e9842540cc93ba49dcb88d5bf5a371bf	716d01922b97dc984ceff69ca2fc9da7e9842540cc93ba49dcb88d5bf5a371bf	0	0	6	byte-for-byte match
Screen/IsbnManager.cpp	src/Game/Screen/IsbnManager.cpp	decomp/src/Game/Screen/IsbnManager.cpp	compat-temporary	no	eda9492c94163cb19695e2aae1ab72b68116ffd660ab42fdfab470864a124e72	82c23f87062c67871677d9474532fdd4468c4eb894b76725e540ebeb0282f054	0	0	0	source exists but pc-port behavior/shape differs
Screen/IsbnManager.hpp	src/Game/Screen/IsbnManager.hpp	decomp/include/Game/Screen/IsbnManager.hpp	exact-source	no	1bae7fcb7381562e08ab3eb288c7d9ad06aaec60a41affedfb68ba5737800166	1bae7fcb7381562e08ab3eb288c7d9ad06aaec60a41affedfb68ba5737800166	0	0	0	byte-for-byte match
Screen/LayoutActor.cpp	src/Game/Screen/LayoutActor.cpp	decomp/src/Game/Screen/LayoutActor.cpp	exact-source	yes	b3a77ab8d38fa1f7e124bd95d43cb25bc67c8f35ae8e6119bb0a2f84cbb50d92	b3a77ab8d38fa1f7e124bd95d43cb25bc67c8f35ae8e6119bb0a2f84cbb50d92	0	0	0	byte-for-byte match
Screen/LayoutActor.hpp	src/Game/Screen/LayoutActor.hpp	decomp/include/Game/Screen/LayoutActor.hpp	compat-temporary	yes	5db08f177910050a46da6a178667ed3752a4cd5c0625a97e7185e6c471da3ab9	cf39441c8b4f6418775b8e6c516448c6f7a06ef9f954d0f46f7dc3dc6f9d85a4	0	0	0	source exists but pc-port behavior/shape differs
Screen/LayoutActorFlag.hpp	src/Game/Screen/LayoutActorFlag.hpp	decomp/include/Game/Screen/LayoutActorFlag.hpp	compat-temporary	yes	a58408ca3b465f50a6d53e4c5937c2f19e817565883942d98c13c5db0ba317cc	ae3d293a408ad1b5ed06a0b80b5eb4e05e16e915c1f1303a9d9202b085644bf4	0	0	0	source exists but pc-port behavior/shape differs
Screen/LayoutCoreUtil.cpp	src/Game/Screen/LayoutCoreUtil.cpp	decomp/src/Game/Screen/LayoutCoreUtil.cpp	compat-temporary	no	266dd29b3ea86296fe4410da4992aeaeb93c4010de8c555138b0300713696183	55acbcfa378c4eeeb07e067d1c786492539388933fcab04161c49b285f5c1fba	0	0	0	source exists but pc-port behavior/shape differs
Screen/LayoutCoreUtil.hpp	src/Game/Screen/LayoutCoreUtil.hpp	decomp/include/Game/Screen/LayoutCoreUtil.hpp	exact-source	no	1d30c0c2ffd7fc8c1f254a0e86b9e033fe2d4925b465349937635ade411eacb5	1d30c0c2ffd7fc8c1f254a0e86b9e033fe2d4925b465349937635ade411eacb5	0	0	0	byte-for-byte match
Screen/LayoutGroupCtrl.cpp	src/Game/Screen/LayoutGroupCtrl.cpp	decomp/src/Game/Screen/LayoutGroupCtrl.cpp	exact-source	no	2051be76e8cd86920cbaf45be57a537c5af3d58644ea2ade32fe2536e5fa3346	2051be76e8cd86920cbaf45be57a537c5af3d58644ea2ade32fe2536e5fa3346	0	0	0	byte-for-byte match
Screen/LayoutGroupCtrl.hpp	src/Game/Screen/LayoutGroupCtrl.hpp	decomp/include/Game/Screen/LayoutGroupCtrl.hpp	exact-source	no	458a3df75eb444e20b283539ca11fafd00f8dd01496e604b390a309dd44b544c	458a3df75eb444e20b283539ca11fafd00f8dd01496e604b390a309dd44b544c	0	0	0	byte-for-byte match
Screen/LayoutManager.cpp	src/Game/Screen/LayoutManager.cpp	decomp/src/Game/Screen/LayoutManager.cpp	compat-temporary	yes	010da658f16c10db5ebe9545b31200f546b1a0b9161eb0bd3a2bd542664d9147	62dd83db268bc1b462e450c324e569a4271cf2e109de1d628b1fdb1183cefbf6	0	0	0	source exists but pc-port behavior/shape differs
Screen/LayoutManager.hpp	src/Game/Screen/LayoutManager.hpp	decomp/include/Game/Screen/LayoutManager.hpp	exact-source	yes	2d4769bb508d6fef6b524cd5c7784256f707fd6ef8f1ef4f3d43b972909c3af4	2d4769bb508d6fef6b524cd5c7784256f707fd6ef8f1ef4f3d43b972909c3af4	0	0	0	byte-for-byte match
Screen/LayoutPaneCtrl.cpp	src/Game/Screen/LayoutPaneCtrl.cpp	decomp/src/Game/Screen/LayoutPaneCtrl.cpp	exact-source	yes	6264f345a10b0b73e8f9bca26c44bfb8fcb9befe4e91368f78f35500eceb1917	6264f345a10b0b73e8f9bca26c44bfb8fcb9befe4e91368f78f35500eceb1917	0	0	0	byte-for-byte match
Screen/LayoutPaneCtrl.hpp	src/Game/Screen/LayoutPaneCtrl.hpp	decomp/include/Game/Screen/LayoutPaneCtrl.hpp	exact-source	yes	e5af8a2a5db8faae18a328851c8253526d0edb75dba365836b4803e318a99aa3	e5af8a2a5db8faae18a328851c8253526d0edb75dba365836b4803e318a99aa3	0	0	0	byte-for-byte match
Screen/LensFlare.cpp	src/Game/Screen/LensFlare.cpp	decomp/src/Game/Screen/LensFlare.cpp	compat-temporary	no	51f4464ea3fb4b22e7e587b094e9cfc14a92f0afea94073324326a46cdcde353	1ede089aadf7bb3f8753821db27988c5e36aa8578a87f7955004b19162ff91d1	0	0	0	source exists but pc-port behavior/shape differs
Screen/LensFlare.hpp	src/Game/Screen/LensFlare.hpp	decomp/include/Game/Screen/LensFlare.hpp	compat-temporary	no	286cb9584ebf242699f1861e20598c6fc7280518b15448847d069e4029e712ab	30240b515d6672ed9cbab3ca366eb1f3c058d049fc1b5eeb913ab78bca87bf77	0	0	0	source exists but pc-port behavior/shape differs
Screen/LogoFader.cpp	src/Game/Screen/LogoFader.cpp	decomp/src/Game/Screen/LogoFader.cpp	compat-temporary	no	c45b63b8ce64ea4d27179bf1f297b0e2892ff81103876d3ce0c4efff408c2782	c20acec8ab75a5b8eb686c52656a87af227acd15538abceabaf82b663432fc22	0	0	0	source exists but pc-port behavior/shape differs
Screen/LogoFader.hpp	src/Game/Screen/LogoFader.hpp	decomp/include/Game/Screen/LogoFader.hpp	exact-source	no	f8c1888e874f552683e6a183cdd9c978097072971837cd26ac8b95e33d2b90d6	f8c1888e874f552683e6a183cdd9c978097072971837cd26ac8b95e33d2b90d6	0	0	0	byte-for-byte match
Screen/LuigiLetter.cpp	src/Game/Screen/LuigiLetter.cpp	decomp/src/Game/Screen/LuigiLetter.cpp	compile-only	no	c55ca7871bd5ea28c19df0eab7bfdd8749747bbd3de416ac1ca632bf03424e49	2ef24c50a807c3e666323557c5a0af413b6a4302695a899bd5169098ec663b08	0	0	0	explicit CP932 literal wrappers and encoding include only
Screen/LuigiLetter.hpp	src/Game/Screen/LuigiLetter.hpp	decomp/include/Game/Screen/LuigiLetter.hpp	exact-source	no	e4b1e3ac70c0bc306327543c2c7d0dd82bbcf8cb92d54eb0d812b923d196e9b4	e4b1e3ac70c0bc306327543c2c7d0dd82bbcf8cb92d54eb0d812b923d196e9b4	0	0	0	byte-for-byte match
Screen/Manual2P.cpp	src/Game/Screen/Manual2P.cpp	decomp/src/Game/Screen/Manual2P.cpp	compat-temporary	yes	b66be9c3877c60615fdc5331027003d0b6e5e9ad47593ba798951afd7b248f0e	90fd71dec698be717a3d641b397c1758532eed8c91906f27a76b428c4d928fa7	0	0	0	source exists but pc-port behavior/shape differs
Screen/Manual2P.hpp	src/Game/Screen/Manual2P.hpp	decomp/include/Game/Screen/Manual2P.hpp	compat-temporary	yes	762f2f7653314c11d3d0789bc9c4a027749cb2b2ae85dc2e8cd57584b05a8195	a7fc99785affb6aa37cd0abc9381a6759df5267d1dff6242bc8c0e08aff0dc32	0	0	0	source exists but pc-port behavior/shape differs
Screen/MarioMeter.cpp	src/Game/Screen/MarioMeter.cpp	decomp/src/Game/Screen/MarioMeter.cpp	compile-only	no	e7b8e2ab8a260ce8b973919955cff15312e1c3bb7d526ac48c414b53f8447bec	4189524d36f1cc90e277eb137eaa41712bb4b0df99b18bc3d9ecf3b6068d53bf	0	0	0	explicit CP932 literal wrappers and encoding include only
Screen/MarioMeter.hpp	src/Game/Screen/MarioMeter.hpp	decomp/include/Game/Screen/MarioMeter.hpp	exact-source	no	ee3a111c7de529eb31157e3b0ea347d28f6fdb8ee4461a59530f48b127cb1b91	ee3a111c7de529eb31157e3b0ea347d28f6fdb8ee4461a59530f48b127cb1b91	0	0	0	byte-for-byte match
Screen/MarioSubMeter.cpp	src/Game/Screen/MarioSubMeter.cpp	decomp/src/Game/Screen/MarioSubMeter.cpp	compile-only	no	8d0d98d3da467e5206a37df0c41abe16e281cc05322c626c1a1cce3f899903f3	fe44c850870dabe502cad040c0fa3984935cec06e93ac8a29bfd9981fcf1dc8b	0	0	0	explicit CP932 literal wrappers and encoding include only
Screen/MarioSubMeter.hpp	src/Game/Screen/MarioSubMeter.hpp	decomp/include/Game/Screen/MarioSubMeter.hpp	exact-source	no	9269a63a577e669d54dcfd3201e37e08707a15bf831a2329dfd97e626f7dec63	9269a63a577e669d54dcfd3201e37e08707a15bf831a2329dfd97e626f7dec63	0	0	0	byte-for-byte match
Screen/MessageEditorMessageTag.hpp	src/Game/Screen/MessageEditorMessageTag.hpp	decomp/include/Game/Screen/MessageEditorMessageTag.hpp	exact-source	no	ebb695beb366e03d8797e58fddb0b551a06f8d63b0479dbfac2bff0bf089c952	ebb695beb366e03d8797e58fddb0b551a06f8d63b0479dbfac2bff0bf089c952	0	0	0	byte-for-byte match
Screen/MessageTagSkipTagProcessor.cpp	src/Game/Screen/MessageTagSkipTagProcessor.cpp	decomp/src/Game/Screen/MessageTagSkipTagProcessor.cpp	compat-temporary	no	616191360fd819f0bc9b42f38c06f4fec3e808b997ca050170a2ad901899fb8e	146dbb22ef6f3de22a73c9a60da501c9e982b847cbc2da6c7fd9c2028e0de939	0	0	0	source exists but pc-port behavior/shape differs
Screen/MessageTagSkipTagProcessor.hpp	src/Game/Screen/MessageTagSkipTagProcessor.hpp	decomp/include/Game/Screen/MessageTagSkipTagProcessor.hpp	exact-source	no	aac1a63c7f4faf0803a2cfadab4ca40e8fb8751b0fd32dd3b3e0cde8356ff13c	aac1a63c7f4faf0803a2cfadab4ca40e8fb8751b0fd32dd3b3e0cde8356ff13c	0	0	0	byte-for-byte match
Screen/MeterLayout.cpp	src/Game/Screen/MeterLayout.cpp	decomp/src/Game/Screen/MeterLayout.cpp	exact-source	no	aaf978839b08e838af0d6b4eea89a85f577ca36056d25e99d6d6517ed0b493d7	aaf978839b08e838af0d6b4eea89a85f577ca36056d25e99d6d6517ed0b493d7	0	0	0	byte-for-byte match
Screen/MeterLayout.hpp	src/Game/Screen/MeterLayout.hpp	decomp/include/Game/Screen/MeterLayout.hpp	exact-source	no	60ca4e45312622ecb618a84996a388821ce1cc04e2ab146043bf0085025b81be	60ca4e45312622ecb618a84996a388821ce1cc04e2ab146043bf0085025b81be	0	0	0	byte-for-byte match
Screen/MiiConfirmIcon.cpp	src/Game/Screen/MiiConfirmIcon.cpp	decomp/src/Game/Screen/MiiConfirmIcon.cpp	exact-source	yes	22d55dd1d3999bbfbc962d892d33f843292baf87a7f0d3656456d808b6a48267	22d55dd1d3999bbfbc962d892d33f843292baf87a7f0d3656456d808b6a48267	0	0	0	byte-for-byte match
Screen/MiiConfirmIcon.hpp	src/Game/Screen/MiiConfirmIcon.hpp	decomp/include/Game/Screen/MiiConfirmIcon.hpp	exact-source	yes	434f2db93f825e7a2f53ef95c5b9471073805bf292f43bd8c34425b9d606bd79	434f2db93f825e7a2f53ef95c5b9471073805bf292f43bd8c34425b9d606bd79	0	0	0	byte-for-byte match
Screen/MiiSelect.cpp	src/Game/Screen/MiiSelect.cpp	decomp/src/Game/Screen/MiiSelect.cpp	compat-temporary	yes	9e1c0c83db397fe5cf7c03e3e29db622d539b94ce397f1b1d7a75aab0a039d2d	60762785bc941d6e2807663550b6e3a6a0f616fa05a1e94e11eccbda76142197	0	0	0	source exists but pc-port behavior/shape differs
Screen/MiiSelect.hpp	src/Game/Screen/MiiSelect.hpp	decomp/include/Game/Screen/MiiSelect.hpp	compat-temporary	yes	7fa2de2281c223dcded9a27c733bb28b8428031672858203c02c945e25533b35	647de143028d0a2129fc6f1c6fbbe58960080581ad65ebc6fada2c4132f69ff0	0	0	0	source exists but pc-port behavior/shape differs
Screen/MissLayout.cpp	src/Game/Screen/MissLayout.cpp	decomp/src/Game/Screen/MissLayout.cpp	compile-only	no	af24f4817c44c8792f9c8d1aa85528ecc0c48b9cf631cee66f4b2f5171dd1d18	11cc94a872485ae49d4876afa059cea040a2159b51e961be6ad68158834861df	0	0	0	explicit CP932 literal wrappers and encoding include only
Screen/MissLayout.hpp	src/Game/Screen/MissLayout.hpp	decomp/include/Game/Screen/MissLayout.hpp	exact-source	no	c66799c2670542be5d91d9e20f30cab3c4d2173f0e1637857114e5d890c9bd32	c66799c2670542be5d91d9e20f30cab3c4d2173f0e1637857114e5d890c9bd32	0	0	0	byte-for-byte match
Screen/MoviePlayerSimple.cpp	src/Game/Screen/MoviePlayerSimple.cpp	decomp/src/Game/Screen/MoviePlayerSimple.cpp	compile-only	no	8a35f09d6beaa33aec3e7e2c9575e24573e996179a54fbe6942b245fa9da3e05	dd943d5be5c166d91eb0983dc73d6d373c0aa332f7db2083dffb998791ebded6	0	0	0	explicit CP932 literal wrappers and encoding include only
Screen/MoviePlayerSimple.hpp	src/Game/Screen/MoviePlayerSimple.hpp	decomp/include/Game/Screen/MoviePlayerSimple.hpp	exact-source	no	7e9008f586fbc5dc63d208ff1a83ca0b5a310aad831d458830234adc3675347a	7e9008f586fbc5dc63d208ff1a83ca0b5a310aad831d458830234adc3675347a	0	0	0	byte-for-byte match
Screen/MoviePlayingSequence.cpp	src/Game/Screen/MoviePlayingSequence.cpp	decomp/src/Game/Screen/MoviePlayingSequence.cpp	compile-only	no	29fea80b1086de9e8623e129b463201fbb10f62aeef77a39536ea85588a67376	aaff6d4db856568709bd51ef8ce723930b956b2e24ba4cae216337a2ed736ddd	0	0	0	explicit CP932 literal wrappers and encoding include only
Screen/MoviePlayingSequence.hpp	src/Game/Screen/MoviePlayingSequence.hpp	decomp/include/Game/Screen/MoviePlayingSequence.hpp	exact-source	no	f7a075e42353bf413edc89de240facee0e742be6f74231400fc051580a52740e	f7a075e42353bf413edc89de240facee0e742be6f74231400fc051580a52740e	0	0	0	byte-for-byte match
Screen/MovieSubtitles.cpp	src/Game/Screen/MovieSubtitles.cpp	decomp/src/Game/Screen/MovieSubtitles.cpp	compile-only	no	0ef6018ec79a443570d367c9bf7b4dbd458c1b1c8bccc4cf585d08a7d2c49600	b68b8c838d1c89ba38b4a000f45fb8b8d24b24f1e56083cafd0d0e4c4b85167c	0	0	0	explicit CP932 literal wrappers and encoding include only
Screen/MovieSubtitles.hpp	src/Game/Screen/MovieSubtitles.hpp	decomp/include/Game/Screen/MovieSubtitles.hpp	exact-source	no	5b1daaa83e7e7eaec911725980111be1130b1f7802e43d8492c29cecd854110a	5b1daaa83e7e7eaec911725980111be1130b1f7802e43d8492c29cecd854110a	0	0	0	byte-for-byte match
Screen/MovieSubtitlesDataTable.cpp	src/Game/Screen/MovieSubtitlesDataTable.cpp	decomp/src/Game/Screen/MovieSubtitlesDataTable.cpp	exact-source	no	af02a5fb4187936a5f54c23a0e42fe008c22dd82eb0cce1e31f085e24323ff77	af02a5fb4187936a5f54c23a0e42fe008c22dd82eb0cce1e31f085e24323ff77	0	0	0	byte-for-byte match
Screen/MovieSubtitlesDataTable.hpp	src/Game/Screen/MovieSubtitlesDataTable.hpp	decomp/include/Game/Screen/MovieSubtitlesDataTable.hpp	exact-source	no	7837f4954ec8ca1968268e26fb9f82c247b0526d02aed9a518590331c4912074	7837f4954ec8ca1968268e26fb9f82c247b0526d02aed9a518590331c4912074	0	0	0	byte-for-byte match
Screen/NoteCounter.cpp	src/Game/Screen/NoteCounter.cpp	decomp/src/Game/Screen/NoteCounter.cpp	exact-source	no	50248b1e96e6da911c8f53b1ffb0ed80a6158023f5fd85dcdec528ead09b7954	50248b1e96e6da911c8f53b1ffb0ed80a6158023f5fd85dcdec528ead09b7954	0	0	0	byte-for-byte match
Screen/NoteCounter.hpp	src/Game/Screen/NoteCounter.hpp	decomp/include/Game/Screen/NoteCounter.hpp	exact-source	no	80d952aff31891de1bb2cbe3b871a4ca603a6d5eff05113e52ae788546e3a2bf	80d952aff31891de1bb2cbe3b871a4ca603a6d5eff05113e52ae788546e3a2bf	0	0	0	byte-for-byte match
Screen/OdhConverter.hpp	src/Game/Screen/OdhConverter.hpp	decomp/include/Game/Screen/OdhConverter.hpp	exact-source	no	f9fb7ef3ae9f96491e75972acd588b44bc4be747e68ffc9e1ff6687ad169eac8	f9fb7ef3ae9f96491e75972acd588b44bc4be747e68ffc9e1ff6687ad169eac8	0	0	0	byte-for-byte match
Screen/OneUpBoard.cpp	src/Game/Screen/OneUpBoard.cpp	decomp/src/Game/Screen/OneUpBoard.cpp	compile-only	no	f379b7ff443ef5b4a594b6002ce01aa396d6c7922cba43c9ab9db7ab1ecf5e9e	bf0c93ed5e0e5b5aea24d53d8f80d0aa7bd58d810b5a7dc02eacb307c7ce83c4	0	0	0	explicit CP932 literal wrappers and encoding include only
Screen/OneUpBoard.hpp	src/Game/Screen/OneUpBoard.hpp	decomp/include/Game/Screen/OneUpBoard.hpp	exact-source	no	1ce2c6e7113d16765e49e1800bf6f935c884225cebd36ecf4f58bc60f92bc7f0	1ce2c6e7113d16765e49e1800bf6f935c884225cebd36ecf4f58bc60f92bc7f0	0	0	0	byte-for-byte match
Screen/PaneEffectKeeper.cpp	src/Game/Screen/PaneEffectKeeper.cpp	decomp/src/Game/Screen/PaneEffectKeeper.cpp	exact-source	no	0320d86c7744bbaa951fe8dc7e7709df29b4259a87a35881403b10aeb6bb2eba	0320d86c7744bbaa951fe8dc7e7709df29b4259a87a35881403b10aeb6bb2eba	0	0	0	byte-for-byte match
Screen/PaneEffectKeeper.hpp	src/Game/Screen/PaneEffectKeeper.hpp	decomp/include/Game/Screen/PaneEffectKeeper.hpp	exact-source	no	e4a164f0538da48ab5a7a0727e320a543fbe62f5e837409902c8872cdfd3b205	e4a164f0538da48ab5a7a0727e320a543fbe62f5e837409902c8872cdfd3b205	0	0	0	byte-for-byte match
Screen/PauseMenu.cpp	src/Game/Screen/PauseMenu.cpp	decomp/src/Game/Screen/PauseMenu.cpp	compile-only	no	2eecc344cc8d64131923d25d266bc1b53314ac9dcdd5abb97d1b84076c9a0bd7	48a23d98bbe713d2a7e1c47416d783c583612a83fc5fbd6ae66572bdfe1b5b03	0	0	0	explicit CP932 literal wrappers and encoding include only
Screen/PauseMenu.hpp	src/Game/Screen/PauseMenu.hpp	decomp/include/Game/Screen/PauseMenu.hpp	exact-source	no	ffd134656ea03863c9307bbf78d957589711d253fa9060ba380d42a83f20108a	ffd134656ea03863c9307bbf78d957589711d253fa9060ba380d42a83f20108a	0	0	0	byte-for-byte match
Screen/PictureBookCloseButton.cpp	src/Game/Screen/PictureBookCloseButton.cpp	decomp/src/Game/Screen/PictureBookCloseButton.cpp	compile-only	yes	85dc891011404c84b1c60bf9ab252a2d7676d7770becec8f79b9c2ff56dd2b13	4edda14b6f324747ec9cba318ef6c8a0d549f919ea9efef4d21a0955bfcd88b4	0	0	0	explicit CP932 literal wrappers and encoding include only
Screen/PictureBookCloseButton.hpp	src/Game/Screen/PictureBookCloseButton.hpp	decomp/include/Game/Screen/PictureBookCloseButton.hpp	exact-source	yes	56fb1c459e9c82aa274994180d167f71356e61a817983512edaa9dfd623a7e40	56fb1c459e9c82aa274994180d167f71356e61a817983512edaa9dfd623a7e40	0	0	0	byte-for-byte match
Screen/PictureBookLayout.cpp	src/Game/Screen/PictureBookLayout.cpp	decomp/src/Game/Screen/PictureBookLayout.cpp	compile-only	yes	10deaac6f5a99de751f8daa61c63621f75ab1bbad429b1e157a02f34e5fa7796	7f59d2bf6eed2cafac8346e1aa3a52a07f0390b5f80af4c6ab5136640decbce9	0	0	0	explicit CP932 literal wrappers and encoding include only
Screen/PictureBookLayout.hpp	src/Game/Screen/PictureBookLayout.hpp	decomp/include/Game/Screen/PictureBookLayout.hpp	exact-source	yes	7e211b04fbc7b6640b4a56c31a469092fca5f0454afddc72ac67cae88f52d076	7e211b04fbc7b6640b4a56c31a469092fca5f0454afddc72ac67cae88f52d076	0	0	0	byte-for-byte match
Screen/PlayerLeft.cpp	src/Game/Screen/PlayerLeft.cpp	decomp/src/Game/Screen/PlayerLeft.cpp	exact-source	no	db3a53f619cdb1c9b4fc0cd4507f0c35feebbe7c5a11315207ee74b3368a31f7	db3a53f619cdb1c9b4fc0cd4507f0c35feebbe7c5a11315207ee74b3368a31f7	0	0	0	byte-for-byte match
Screen/PlayerLeft.hpp	src/Game/Screen/PlayerLeft.hpp	decomp/include/Game/Screen/PlayerLeft.hpp	exact-source	no	936766fede289bf1fd301309acdce5af231141ecab52816307803ec147ad84ca	936766fede289bf1fd301309acdce5af231141ecab52816307803ec147ad84ca	0	0	0	byte-for-byte match
Screen/PlayerMissLeft.cpp	src/Game/Screen/PlayerMissLeft.cpp	decomp/src/Game/Screen/PlayerMissLeft.cpp	exact-source	no	401b60ae8105302a7ca9c3d9e041ae76e20a5815e136ef910be7d684cfdb1f77	401b60ae8105302a7ca9c3d9e041ae76e20a5815e136ef910be7d684cfdb1f77	0	0	0	byte-for-byte match
Screen/PlayerMissLeft.hpp	src/Game/Screen/PlayerMissLeft.hpp	decomp/include/Game/Screen/PlayerMissLeft.hpp	exact-source	no	de468d7a2d009f8e751e2c5d328ffdc623ea6ee746248b993a830eeff92d5e46	de468d7a2d009f8e751e2c5d328ffdc623ea6ee746248b993a830eeff92d5e46	0	0	0	byte-for-byte match
Screen/PrologueLetter.cpp	src/Game/Screen/PrologueLetter.cpp	decomp/src/Game/Screen/PrologueLetter.cpp	exact-source	yes	364f8698b727b4aab8afcfb246acf531dc0fbbccc395f15402f2be8edeb2507e	364f8698b727b4aab8afcfb246acf531dc0fbbccc395f15402f2be8edeb2507e	0	0	0	byte-for-byte match
Screen/PrologueLetter.hpp	src/Game/Screen/PrologueLetter.hpp	decomp/include/Game/Screen/PrologueLetter.hpp	exact-source	yes	863d7137d822f15f9af8f4720a990224989079acbefb4bfcbf6c35927a4b6f52	863d7137d822f15f9af8f4720a990224989079acbefb4bfcbf6c35927a4b6f52	0	0	0	byte-for-byte match
Screen/ProloguePictureBook.cpp	src/Game/Screen/ProloguePictureBook.cpp	decomp/src/Game/Screen/ProloguePictureBook.cpp	compile-only	yes	fc08284d7244333bbff8b90e4e488d0cf38a0f3564d79773701817a49d2dbc01	6a8be74adc64e0c0118efddb60703380be26dfad0be67472b158ca4b3b1c34cc	0	0	0	explicit CP932 literal wrappers and encoding include only
Screen/ProloguePictureBook.hpp	src/Game/Screen/ProloguePictureBook.hpp	decomp/include/Game/Screen/ProloguePictureBook.hpp	exact-source	yes	b75c89992e1327f53e112301e45e186e16391b3ccdcb37dd8b99c32c4e27cabf	b75c89992e1327f53e112301e45e186e16391b3ccdcb37dd8b99c32c4e27cabf	0	0	0	byte-for-byte match
Screen/PurpleCoinCounter.cpp	src/Game/Screen/PurpleCoinCounter.cpp	decomp/src/Game/Screen/PurpleCoinCounter.cpp	exact-source	no	80209323f7bbe4c7dd8d8396d7c732af6138accb43e1829afe90be8476c6ce86	80209323f7bbe4c7dd8d8396d7c732af6138accb43e1829afe90be8476c6ce86	0	0	0	byte-for-byte match
Screen/PurpleCoinCounter.hpp	src/Game/Screen/PurpleCoinCounter.hpp	decomp/include/Game/Screen/PurpleCoinCounter.hpp	exact-source	no	a879db71374570d197f1c409d1b5fa76d8247e115805328eb531086ab3c1b89d	a879db71374570d197f1c409d1b5fa76d8247e115805328eb531086ab3c1b89d	0	0	0	byte-for-byte match
Screen/ReplaceTagProcessor.cpp	src/Game/Screen/ReplaceTagProcessor.cpp	decomp/src/Game/Screen/ReplaceTagProcessor.cpp	exact-source	yes	170134d26b485d82fc0e642901d51d3e0f4006b1acde58f78cb5d1fec9d0c9fa	170134d26b485d82fc0e642901d51d3e0f4006b1acde58f78cb5d1fec9d0c9fa	0	0	0	byte-for-byte match
Screen/ReplaceTagProcessor.hpp	src/Game/Screen/ReplaceTagProcessor.hpp	decomp/include/Game/Screen/ReplaceTagProcessor.hpp	exact-source	yes	da5fb3445c6b4027ffad08290c3c743fdd682a14d701b0b761182c456743987a	da5fb3445c6b4027ffad08290c3c743fdd682a14d701b0b761182c456743987a	0	0	0	byte-for-byte match
Screen/SaveIcon.cpp	src/Game/Screen/SaveIcon.cpp	decomp/src/Game/Screen/SaveIcon.cpp	compat-temporary	yes	5903f4e1fdb955f841a15394e3b997e2ad2cd58e465c87fd61541452e0d4428a	638f6b17a16d28752654e2999e15993129a13abd31a0f962a65f63dbe592d970	0	0	0	source exists but pc-port behavior/shape differs
Screen/SaveIcon.hpp	src/Game/Screen/SaveIcon.hpp	decomp/include/Game/Screen/SaveIcon.hpp	compat-temporary	yes	7e293857f5a6f64afd41c12bc263a7b6ab1fa5122499295feb27ebcc16538015	71572cb7bcb0f4981f46c593f8b506cc827d6dd8ca0b79a931a8625ae021aa7c	0	0	0	source exists but pc-port behavior/shape differs
Screen/ScenarioSelectLayout.cpp	src/Game/Screen/ScenarioSelectLayout.cpp	decomp/src/Game/Screen/ScenarioSelectLayout.cpp	compile-only	no	4b81f4c1acc34e0289702b6d00f2575718004e4675ce5ad5d3ad5bb28c4502e6	6ab162c006c216a60e399635c906a9dbd971a73c42c182c3bda1905a36036c83	0	0	0	explicit CP932 literal wrappers and encoding include only
Screen/ScenarioSelectLayout.hpp	src/Game/Screen/ScenarioSelectLayout.hpp	decomp/include/Game/Screen/ScenarioSelectLayout.hpp	exact-source	no	95c54dbbe8e7f78bd7d1bb40d1e8a494c3780e9296378d39a8608a10b82ab4a9	95c54dbbe8e7f78bd7d1bb40d1e8a494c3780e9296378d39a8608a10b82ab4a9	0	0	0	byte-for-byte match
Screen/ScenarioTitle.cpp	src/Game/Screen/ScenarioTitle.cpp	decomp/src/Game/Screen/ScenarioTitle.cpp	compile-only	no	da83f60c84ba6806bab45c958fa7f68fbc65c4f96e9019fac3c109ba93f32c46	9ebe7d7cf6a8005c4b3b510aaf2e8656126006753ec056a1161feb27c074083b	0	0	0	explicit CP932 literal wrappers and encoding include only
Screen/ScenarioTitle.hpp	src/Game/Screen/ScenarioTitle.hpp	decomp/include/Game/Screen/ScenarioTitle.hpp	exact-source	no	1494a78e478be064e4103308a64950f312f21cf03366e04bfe4883c32bc2bfdb	1494a78e478be064e4103308a64950f312f21cf03366e04bfe4883c32bc2bfdb	0	0	0	byte-for-byte match
Screen/SceneWipeHolder.cpp	src/Game/Screen/SceneWipeHolder.cpp	decomp/src/Game/Screen/SceneWipeHolder.cpp	compile-only	no	0ca21948fc509aa15ce52f982d11ac934f9c94210c5727e1f6e29b0fea40f92a	93df73978978d9a34fe2bc1e382d1c3591da916bdea71859ea622f0097f2acbd	0	0	0	explicit CP932 literal wrappers and encoding include only
Screen/SceneWipeHolder.hpp	src/Game/Screen/SceneWipeHolder.hpp	decomp/include/Game/Screen/SceneWipeHolder.hpp	exact-source	no	43b8a3859b38a8ff66b7be4f0bce8c1d77dedb24c163fc0564d36dfd1aa8f2e2	43b8a3859b38a8ff66b7be4f0bce8c1d77dedb24c163fc0564d36dfd1aa8f2e2	0	0	0	byte-for-byte match
Screen/ScreenAlphaCapture.cpp	src/Game/Screen/ScreenAlphaCapture.cpp	decomp/src/Game/Screen/ScreenAlphaCapture.cpp	exact-source	yes	be0035abd69e882ffa0a5b8ffb24db44c2015cda55358c015a615867593c9a90	be0035abd69e882ffa0a5b8ffb24db44c2015cda55358c015a615867593c9a90	0	0	0	byte-for-byte match
Screen/ScreenAlphaCapture.hpp	src/Game/Screen/ScreenAlphaCapture.hpp	decomp/include/Game/Screen/ScreenAlphaCapture.hpp	exact-source	yes	a205e20721990bea2d196ed1a1fc6e6db712ed8f31fa935c5a5621792a856b58	a205e20721990bea2d196ed1a1fc6e6db712ed8f31fa935c5a5621792a856b58	0	0	0	byte-for-byte match
Screen/ScreenBlurEffect.cpp	src/Game/Screen/ScreenBlurEffect.cpp	decomp/src/Game/Screen/ScreenBlurEffect.cpp	exact-source	no	60233b7c992e02455f4ae22c67db88e03e745448e24da682fb58cab422b602d5	60233b7c992e02455f4ae22c67db88e03e745448e24da682fb58cab422b602d5	0	0	0	byte-for-byte match
Screen/ScreenBlurEffect.hpp	src/Game/Screen/ScreenBlurEffect.hpp	decomp/include/Game/Screen/ScreenBlurEffect.hpp	exact-source	no	ecc17e81ad6c69fd7ed376e0d87036bef6484a752cce4f2ab5dd30434a65ccd7	ecc17e81ad6c69fd7ed376e0d87036bef6484a752cce4f2ab5dd30434a65ccd7	0	0	0	byte-for-byte match
Screen/ScreenPreserver.cpp	src/Game/Screen/ScreenPreserver.cpp	decomp/src/Game/Screen/ScreenPreserver.cpp	exact-source	no	c0aa47d04a8a6672fcd61e09f2058c7fe4e762bd30a3b64ade6f1a872242beed	c0aa47d04a8a6672fcd61e09f2058c7fe4e762bd30a3b64ade6f1a872242beed	0	0	0	byte-for-byte match
Screen/ScreenPreserver.hpp	src/Game/Screen/ScreenPreserver.hpp	decomp/include/Game/Screen/ScreenPreserver.hpp	exact-source	no	e26471021b26b481f0329d47bd3358efb73e96edc3628f9d3320202cda087b07	e26471021b26b481f0329d47bd3358efb73e96edc3628f9d3320202cda087b07	0	0	0	byte-for-byte match
Screen/SimpleLayout.cpp	src/Game/Screen/SimpleLayout.cpp	decomp/src/Game/Screen/SimpleLayout.cpp	exact-source	yes	baf31bc5c694f8e6b379a18db45553577951997ce13189eba398c0131da99d31	baf31bc5c694f8e6b379a18db45553577951997ce13189eba398c0131da99d31	0	0	0	byte-for-byte match
Screen/SimpleLayout.hpp	src/Game/Screen/SimpleLayout.hpp	decomp/include/Game/Screen/SimpleLayout.hpp	exact-source	yes	7ac81189ff70227afde08fa383ae1fa69e5ba402ed29630c53ef9d0f6492bd6e	7ac81189ff70227afde08fa383ae1fa69e5ba402ed29630c53ef9d0f6492bd6e	0	0	0	byte-for-byte match
Screen/StaffRoll.hpp	src/Game/Screen/StaffRoll.hpp	decomp/include/Game/Screen/StaffRoll.hpp	exact-source	no	94ae438d9c69483684a1dc0624a98dedffb154f36ec23c794bddab0124d8550c	94ae438d9c69483684a1dc0624a98dedffb154f36ec23c794bddab0124d8550c	0	0	0	byte-for-byte match
Screen/StarCounter.cpp	src/Game/Screen/StarCounter.cpp	decomp/src/Game/Screen/StarCounter.cpp	compile-only	no	75bedba3484bd95d22d4e87614f9a544994413fb25bf6063555d1206edb0069d	24bfda5a77a734c51906a7e909231a9166bb2cf88412d18340b5744b8bdd06b9	0	0	0	explicit CP932 literal wrappers and encoding include only
Screen/StarCounter.hpp	src/Game/Screen/StarCounter.hpp	decomp/include/Game/Screen/StarCounter.hpp	exact-source	no	c1eac70f3b89173daeb66ab8c75103e3a34e66e1c3e64eccad8515420f2733ab	c1eac70f3b89173daeb66ab8c75103e3a34e66e1c3e64eccad8515420f2733ab	0	0	0	byte-for-byte match
Screen/StarPieceCounter.cpp	src/Game/Screen/StarPieceCounter.cpp	decomp/src/Game/Screen/StarPieceCounter.cpp	exact-source	no	92b94584c1cc3051bb2418e67528b92f542ff2e948d450a5c608b74e08718249	92b94584c1cc3051bb2418e67528b92f542ff2e948d450a5c608b74e08718249	0	0	0	byte-for-byte match
Screen/StarPieceCounter.hpp	src/Game/Screen/StarPieceCounter.hpp	decomp/include/Game/Screen/StarPieceCounter.hpp	exact-source	no	51b0ca682fb35327ba4737587d7468d1fdc1e6c69d1961935745754e519befe5	51b0ca682fb35327ba4737587d7468d1fdc1e6c69d1961935745754e519befe5	0	0	0	byte-for-byte match
Screen/StarPointerBlur.cpp	src/Game/Screen/StarPointerBlur.cpp	decomp/src/Game/Screen/StarPointerBlur.cpp	compile-only	no	7f8c250edc921d30d0633cb356d8188838a3a6e9a6abed161cca37b1b5739f2a	30e3037c24d07e2a7707f71a16d8dd57f424985cf987d3cc1c319e15d3241c8d	0	0	0	explicit CP932 literal wrappers and encoding include only
Screen/StarPointerBlur.hpp	src/Game/Screen/StarPointerBlur.hpp	decomp/include/Game/Screen/StarPointerBlur.hpp	exact-source	no	dfe34b6a4aad0ebacee93b71b7413b9e13504dbc5201535d95664202375b0510	dfe34b6a4aad0ebacee93b71b7413b9e13504dbc5201535d95664202375b0510	0	0	0	byte-for-byte match
Screen/StarPointerCommandStream.cpp	src/Game/Screen/StarPointerCommandStream.cpp	decomp/src/Game/Screen/StarPointerCommandStream.cpp	compile-only	no	71842ea5f90ca5c2fc52b7e54f4f9f52122098142a5c3faff7caf8a049b11fcd	5ac43ecb799f4672d0a49837818bdc1bbff5460d3be7fbfdccf903f26cef07d5	0	0	0	explicit CP932 literal wrappers and encoding include only
Screen/StarPointerCommandStream.hpp	src/Game/Screen/StarPointerCommandStream.hpp	decomp/include/Game/Screen/StarPointerCommandStream.hpp	exact-source	no	ca6a42b6af8bda2ed5f32966a440ab658d61cde68f758650144ed6d6fbcfe0fd	ca6a42b6af8bda2ed5f32966a440ab658d61cde68f758650144ed6d6fbcfe0fd	0	0	0	byte-for-byte match
Screen/StarPointerController.cpp	src/Game/Screen/StarPointerController.cpp	decomp/src/Game/Screen/StarPointerController.cpp	exact-source	no	f436f07da49407963a7351c85fffd25663556a32ccbf3357929670d34429c538	f436f07da49407963a7351c85fffd25663556a32ccbf3357929670d34429c538	0	0	1	byte-for-byte match
Screen/StarPointerController.hpp	src/Game/Screen/StarPointerController.hpp	decomp/include/Game/Screen/StarPointerController.hpp	exact-source	no	a5d65fce786220fe0d87a0821bba84da0dafd28859126e5f36883dafe6bb2c65	a5d65fce786220fe0d87a0821bba84da0dafd28859126e5f36883dafe6bb2c65	0	0	0	byte-for-byte match
Screen/StarPointerDirector.hpp	src/Game/Screen/StarPointerDirector.hpp	decomp/include/Game/Screen/StarPointerDirector.hpp	exact-source	no	0f57046c9eadfabdde1c242a18a940c30246079e1e4534ad4f2b38fa40573a86	0f57046c9eadfabdde1c242a18a940c30246079e1e4534ad4f2b38fa40573a86	0	0	0	byte-for-byte match
Screen/StarPointerGuidance.cpp	src/Game/Screen/StarPointerGuidance.cpp	decomp/src/Game/Screen/StarPointerGuidance.cpp	exact-source	no	6a8a1898730a8496baa4ee25c9155486994f866c7a1ef85d0ec0cd4f5f94e60b	6a8a1898730a8496baa4ee25c9155486994f866c7a1ef85d0ec0cd4f5f94e60b	0	0	0	byte-for-byte match
Screen/StarPointerGuidance.hpp	src/Game/Screen/StarPointerGuidance.hpp	decomp/include/Game/Screen/StarPointerGuidance.hpp	exact-source	no	881cc26e858a473bf601020a6e4a08e9e8e8c32be32fc465b9b425a9fe964024	881cc26e858a473bf601020a6e4a08e9e8e8c32be32fc465b9b425a9fe964024	0	0	0	byte-for-byte match
Screen/StarPointerLayout.cpp	src/Game/Screen/StarPointerLayout.cpp	decomp/src/Game/Screen/StarPointerLayout.cpp	compile-only	no	a26ab5cc8dc18575a0959c4a58ba99e09a5cade429c7ede3db20eeea4a6dcb6d	6bdbfaca13cbaf969c7fc452946c5a7c1d0ecb20fe06aa48b68a369862a67a58	0	0	0	explicit CP932 literal wrappers and encoding include only
Screen/StarPointerLayout.hpp	src/Game/Screen/StarPointerLayout.hpp	decomp/include/Game/Screen/StarPointerLayout.hpp	compile-only	no	623a10810bf4188ac72641f834246e3904f405e3be4315af9a829b0a08170618	5b22afbb08302b699c5b4a8f03147e5b411599022aec87e20b4f178ae80fbb5f	0	0	0	explicit CP932 literal wrappers and encoding include only
Screen/StarPointerTarget.cpp	src/Game/Screen/StarPointerTarget.cpp	decomp/src/Game/Screen/StarPointerTarget.cpp	exact-source	no	450cef14b8607a6e7c4838508caa980a128d987f29d1fc7d2855aec4e086328a	450cef14b8607a6e7c4838508caa980a128d987f29d1fc7d2855aec4e086328a	0	0	0	byte-for-byte match
Screen/StarPointerTarget.hpp	src/Game/Screen/StarPointerTarget.hpp	decomp/include/Game/Screen/StarPointerTarget.hpp	exact-source	no	499cd69e5d9a664345a7a5a4f38c18651a6e2df149ec57a141fb1f2299b62d5d	499cd69e5d9a664345a7a5a4f38c18651a6e2df149ec57a141fb1f2299b62d5d	0	0	0	byte-for-byte match
Screen/SubMeterLayout.cpp	src/Game/Screen/SubMeterLayout.cpp	decomp/src/Game/Screen/SubMeterLayout.cpp	exact-source	no	22df5fa428fcd4229c53d73227eabdb42b82886bfde49aabd0ec8c7e0510b374	22df5fa428fcd4229c53d73227eabdb42b82886bfde49aabd0ec8c7e0510b374	0	0	0	byte-for-byte match
Screen/SubMeterLayout.hpp	src/Game/Screen/SubMeterLayout.hpp	decomp/include/Game/Screen/SubMeterLayout.hpp	exact-source	no	88f1d04107542b2c827716d21ba0a53349798d1460a43c6f79c30fe510944828	88f1d04107542b2c827716d21ba0a53349798d1460a43c6f79c30fe510944828	0	0	0	byte-for-byte match
Screen/SuddenDeathMeter.cpp	src/Game/Screen/SuddenDeathMeter.cpp	decomp/src/Game/Screen/SuddenDeathMeter.cpp	exact-source	no	846e18fc03cea79fd9f99705c01b4388861d8af9b0c03e76c850a4def3321626	846e18fc03cea79fd9f99705c01b4388861d8af9b0c03e76c850a4def3321626	0	0	0	byte-for-byte match
Screen/SuddenDeathMeter.hpp	src/Game/Screen/SuddenDeathMeter.hpp	decomp/include/Game/Screen/SuddenDeathMeter.hpp	exact-source	no	453a2aec5d03e1c6470702659f6580ed16aece86dc5adfb74653051cc011a78e	453a2aec5d03e1c6470702659f6580ed16aece86dc5adfb74653051cc011a78e	0	0	0	byte-for-byte match
Screen/SysInfoWindow.cpp	src/Game/Screen/SysInfoWindow.cpp	decomp/src/Game/Screen/SysInfoWindow.cpp	compile-only	yes	86610b983b1c757f27a0322fa17ddc1c47d0462705de913d8204cc1ddfeab4ee	5f7fb6e219ca4106bebdce10b3fc6f61dd40fb5f7f3ea2228a11a9418966eada	0	0	0	explicit CP932 literal wrappers and encoding include only
Screen/SysInfoWindow.hpp	src/Game/Screen/SysInfoWindow.hpp	decomp/include/Game/Screen/SysInfoWindow.hpp	exact-source	yes	8acaba4133c14ea737ef00747fd25104c47aee2654c92ffa6feaa3125d10bded	8acaba4133c14ea737ef00747fd25104c47aee2654c92ffa6feaa3125d10bded	0	0	0	byte-for-byte match
Screen/SystemWipeHolder.cpp	src/Game/Screen/SystemWipeHolder.cpp	decomp/src/Game/Screen/SystemWipeHolder.cpp	compile-only	no	1cf2df367284d9d84ef293d36279fc30f1a1fef0025d401e21df466d51264c51	c8c8dbd68d337116795adbaef2bf0dbc6bc3b075c81b584e9f66ed731a1faac9	0	0	0	explicit CP932 literal wrappers and encoding include only
Screen/SystemWipeHolder.hpp	src/Game/Screen/SystemWipeHolder.hpp	decomp/include/Game/Screen/SystemWipeHolder.hpp	exact-source	no	5ab00162e68663674b01e8771357c7cba74041ec86a53cd5e8b5304c93ec969f	5ab00162e68663674b01e8771357c7cba74041ec86a53cd5e8b5304c93ec969f	0	0	0	byte-for-byte match
Screen/THPDraw.cpp	src/Game/Screen/THPDraw.cpp		decomp-needed	no	851a23dde66a5e4612ee6129af2f49db2670fd5fd327cee7e653940eae5e8b36		0	0	0	no root src/Game or include/Game counterpart
Screen/THPSimplePlayerWrapper.cpp	src/Game/Screen/THPSimplePlayerWrapper.cpp	decomp/src/Game/Screen/THPSimplePlayerWrapper.cpp	compat-temporary	no	5f6b22e73a7753b0c7ad048b53e14cdb09d534f6019c15c48d0e7f92eb8b88fb	b9cf22059c4a9cd3375a9d3d638e1cfb3cab9d478efda17c166f331b5e2b8c78	0	0	0	source exists but pc-port behavior/shape differs
Screen/THPSimplePlayerWrapper.hpp	src/Game/Screen/THPSimplePlayerWrapper.hpp	decomp/include/Game/Screen/THPSimplePlayerWrapper.hpp	exact-source	no	0a8489248c76ebe422dfa3ce43f49ad13db7b11c2d26da0511fd45fe3b2254b1	0a8489248c76ebe422dfa3ce43f49ad13db7b11c2d26da0511fd45fe3b2254b1	0	0	0	byte-for-byte match
Screen/TimeLimitLayout.cpp	src/Game/Screen/TimeLimitLayout.cpp	decomp/src/Game/Screen/TimeLimitLayout.cpp	compile-only	no	0c547a8df3a678c613210aff0d43cd17e94ecef8a3308540424f23c95a021dd2	7de0e077166d377c855731844224a1b7de6c8c23f530b5f5eeba8fcdc0cedd09	0	0	0	explicit CP932 literal wrappers and encoding include only
Screen/TimeLimitLayout.hpp	src/Game/Screen/TimeLimitLayout.hpp	decomp/include/Game/Screen/TimeLimitLayout.hpp	compile-only	no	37298b0845cd6867f13806b8eb7ddfd0e3c4290932492d01d1c61c5f4c74b9f5	780f568231a287dbae242923700e872e50309e6b84191a92d3ff8f3b4243323b	0	0	0	explicit CP932 literal wrappers and encoding include only
Screen/TitleSequenceProduct.cpp	src/Game/Screen/TitleSequenceProduct.cpp	decomp/src/Game/Screen/TitleSequenceProduct.cpp	compile-only	yes	a3c5aa68befaf78ea74242c23239e8c2d3cf95a31b0a31d00237b2223a346981	f55e17622dea719d031717ae0a3d6687b29e4972ef6385d687a12b502a90fb48	0	0	0	explicit CP932 literal wrappers and encoding include only
Screen/TitleSequenceProduct.hpp	src/Game/Screen/TitleSequenceProduct.hpp	decomp/include/Game/Screen/TitleSequenceProduct.hpp	exact-source	yes	a7206e752c2a7d8f586b6a67055460bf071fd962e8ea6ab1cfceef4ec3c39deb	a7206e752c2a7d8f586b6a67055460bf071fd962e8ea6ab1cfceef4ec3c39deb	0	0	0	byte-for-byte match
Screen/WaterCameraFilter.cpp	src/Game/Screen/WaterCameraFilter.cpp	decomp/src/Game/Screen/WaterCameraFilter.cpp	compat-temporary	no	aec6a951a1748f09dc02da3ae303ba96b25b206e91e60f3ef6af8129cb0d5657	e945cf6c60644e49c48640170539ec0ba69c1279a1ca3f7d63698d4310187f73	0	0	0	source exists but pc-port behavior/shape differs
Screen/WaterCameraFilter.hpp	src/Game/Screen/WaterCameraFilter.hpp	decomp/include/Game/Screen/WaterCameraFilter.hpp	exact-source	no	420c532673cf3ac7ff615c013ea4688526c940bf01044be97b54dd6bc5bea1a5	420c532673cf3ac7ff615c013ea4688526c940bf01044be97b54dd6bc5bea1a5	0	0	0	byte-for-byte match
Screen/WipeFade.cpp	src/Game/Screen/WipeFade.cpp	decomp/src/Game/Screen/WipeFade.cpp	exact-source	no	1fb5ae9c1d46d3bd5d4066dd94f8e410b13919d92b2f4b01cb3f85e9522db805	1fb5ae9c1d46d3bd5d4066dd94f8e410b13919d92b2f4b01cb3f85e9522db805	0	0	0	byte-for-byte match
Screen/WipeFade.hpp	src/Game/Screen/WipeFade.hpp	decomp/include/Game/Screen/WipeFade.hpp	exact-source	no	d140f2636b8bf57e0838bbb21e9262ab69d2b10a43d848be7709712b7b4f0c14	d140f2636b8bf57e0838bbb21e9262ab69d2b10a43d848be7709712b7b4f0c14	0	0	0	byte-for-byte match
Screen/WipeGameOver.cpp	src/Game/Screen/WipeGameOver.cpp	decomp/src/Game/Screen/WipeGameOver.cpp	compile-only	no	83a315b5a597eedf6e62cf32289b8f343042d1e83027d3f5326e32881dae5e90	2986434b3203ee52f51421ac19069a30f5c2405dc15b7aee11945cb82c85fc04	0	0	0	explicit CP932 literal wrappers and encoding include only
Screen/WipeGameOver.hpp	src/Game/Screen/WipeGameOver.hpp	decomp/include/Game/Screen/WipeGameOver.hpp	exact-source	no	9228fb6af540af6a96287f0f83faa03d7f7f4b61c8a0425c4ec5c1868b05a1c0	9228fb6af540af6a96287f0f83faa03d7f7f4b61c8a0425c4ec5c1868b05a1c0	0	0	0	byte-for-byte match
Screen/WipeHolderBase.cpp	src/Game/Screen/WipeHolderBase.cpp	decomp/src/Game/Screen/WipeHolderBase.cpp	exact-source	no	4866925dcb4428c744021cec19bdbfe3916ed6b90bf4f673f011fdbe2a06eac2	4866925dcb4428c744021cec19bdbfe3916ed6b90bf4f673f011fdbe2a06eac2	0	0	0	byte-for-byte match
Screen/WipeHolderBase.hpp	src/Game/Screen/WipeHolderBase.hpp	decomp/include/Game/Screen/WipeHolderBase.hpp	exact-source	no	8836c2aaebf9280dd47a8f8afdff9245528a99408efb085753373859041c74aa	8836c2aaebf9280dd47a8f8afdff9245528a99408efb085753373859041c74aa	0	0	0	byte-for-byte match
Screen/WipeKoopa.cpp	src/Game/Screen/WipeKoopa.cpp	decomp/src/Game/Screen/WipeKoopa.cpp	compile-only	no	df06836675e1a07acc1865c58aebc67fe869aa678b4d8977960422ea72ef4ed7	b019adf4a3234bc54e78003f41cdd57291e087aac8843a2c98e2f63b5349877b	0	0	0	explicit CP932 literal wrappers and encoding include only
Screen/WipeKoopa.hpp	src/Game/Screen/WipeKoopa.hpp	decomp/include/Game/Screen/WipeKoopa.hpp	exact-source	no	e9ac22c0cbd5a7097393e217eb857bc1a5434c41e3a801d4a46b88b1e4296832	e9ac22c0cbd5a7097393e217eb857bc1a5434c41e3a801d4a46b88b1e4296832	0	0	0	byte-for-byte match
Screen/WipeLayoutBase.hpp	src/Game/Screen/WipeLayoutBase.hpp	decomp/include/Game/Screen/WipeLayoutBase.hpp	exact-source	no	9963cec225b01c380043e2ccd0b180d7d6ef83dafb473b7a6b91156cf6c4f0ac	9963cec225b01c380043e2ccd0b180d7d6ef83dafb473b7a6b91156cf6c4f0ac	0	0	0	byte-for-byte match
Screen/WipeRing.cpp	src/Game/Screen/WipeRing.cpp	decomp/src/Game/Screen/WipeRing.cpp	exact-source	no	d1e3b18a678ccdb4308fe2b6e1d64ea3c126b7b80e9d964b887b7e49bd9dc95e	d1e3b18a678ccdb4308fe2b6e1d64ea3c126b7b80e9d964b887b7e49bd9dc95e	0	0	0	byte-for-byte match
Screen/WipeRing.hpp	src/Game/Screen/WipeRing.hpp	decomp/include/Game/Screen/WipeRing.hpp	exact-source	no	76e1780fe6c23123afa3ef07e7e4ea0237b2b463ac838d788cf6624c3d851483	76e1780fe6c23123afa3ef07e7e4ea0237b2b463ac838d788cf6624c3d851483	0	0	0	byte-for-byte match
Screen/YesNoController.cpp	src/Game/Screen/YesNoController.cpp	decomp/src/Game/Screen/YesNoController.cpp	compat-temporary	yes	5f7ed8a38cf9685bed300630e5032fee84de7beacf805fff38749738750b0bd2	c262403795df565cacd79e7ee6a7dfc457e7329285f61d6aa918bea33467660b	0	0	0	source exists but pc-port behavior/shape differs
Screen/YesNoController.hpp	src/Game/Screen/YesNoController.hpp	decomp/include/Game/Screen/YesNoController.hpp	compat-temporary	yes	d8758c378bf9c09514e4c8c1825d3f290af4b9760482c3df1f60b563a6386ab8	353eaa2d4d185d2fc006f3f50239a16d3a1f2fad52cb1cbcab912e56f7f43dce	0	0	0	source exists but pc-port behavior/shape differs
Screen/YesNoLayout.cpp	src/Game/Screen/YesNoLayout.cpp	decomp/src/Game/Screen/YesNoLayout.cpp	compile-only	no	6a848f4acdee932bb64d18f510dd3d6489fa8ba2964680ad88730980644708da	a067947d5b6aab16d82f079775003a475e8e1ed455d942966559736a516bf8e3	0	0	0	explicit CP932 literal wrappers and encoding include only
Screen/YesNoLayout.hpp	src/Game/Screen/YesNoLayout.hpp	decomp/include/Game/Screen/YesNoLayout.hpp	exact-source	no	b6abf3bb8a52221072ee2fc25b59be77460ace2ccd24856fec8f3acd5a6979ea	b6abf3bb8a52221072ee2fc25b59be77460ace2ccd24856fec8f3acd5a6979ea	0	0	0	byte-for-byte match
Speaker/SpkData.hpp	src/Game/Speaker/SpkData.hpp	decomp/include/Game/Speaker/SpkData.hpp	exact-source	no	ffca630dc3613fc6e06a3a6e301b1ec9dcd3922a81c7cedbc2f9996c244c3acb	ffca630dc3613fc6e06a3a6e301b1ec9dcd3922a81c7cedbc2f9996c244c3acb	0	0	0	byte-for-byte match
Speaker/SpkMixingBuffer.hpp	src/Game/Speaker/SpkMixingBuffer.hpp	decomp/include/Game/Speaker/SpkMixingBuffer.hpp	exact-source	no	229b6b423c4ce4b5a4677a428d089187f41aa44f5f7449c6918f98b409794c5a	229b6b423c4ce4b5a4677a428d089187f41aa44f5f7449c6918f98b409794c5a	0	0	0	byte-for-byte match
Speaker/SpkSound.hpp	src/Game/Speaker/SpkSound.hpp	decomp/include/Game/Speaker/SpkSound.hpp	exact-source	no	16b6c294355a86fe267f2d3f7e807faa3f22eee75557855cba058229906072b5	16b6c294355a86fe267f2d3f7e807faa3f22eee75557855cba058229906072b5	0	0	0	byte-for-byte match
Speaker/SpkSpeakerCtrl.hpp	src/Game/Speaker/SpkSpeakerCtrl.hpp	decomp/include/Game/Speaker/SpkSpeakerCtrl.hpp	exact-source	no	2d1dec22e6a73bc787214c13ee85cbd5c822c70eaf3d62d75e7274c9b5bbb155	2d1dec22e6a73bc787214c13ee85cbd5c822c70eaf3d62d75e7274c9b5bbb155	0	0	0	byte-for-byte match
Speaker/SpkSystem.hpp	src/Game/Speaker/SpkSystem.hpp	decomp/include/Game/Speaker/SpkSystem.hpp	exact-source	no	d4c91677d2de03861c47764a411e0f78503a5c1fffcf555051ac26ecab1ab474	d4c91677d2de03861c47764a411e0f78503a5c1fffcf555051ac26ecab1ab474	0	0	0	byte-for-byte match
Speaker/SpkTable.hpp	src/Game/Speaker/SpkTable.hpp	decomp/include/Game/Speaker/SpkTable.hpp	exact-source	no	72fffa4fe660143364d61c51a782ed928d8f178f6faa632740e66fe7ac4a63fe	72fffa4fe660143364d61c51a782ed928d8f178f6faa632740e66fe7ac4a63fe	0	0	0	byte-for-byte match
Speaker/SpkWave.hpp	src/Game/Speaker/SpkWave.hpp	decomp/include/Game/Speaker/SpkWave.hpp	exact-source	no	c1e407a2a4311bca66c2edee3cfcd36b5eaf42ea33d4de69945459fdd38be57f	c1e407a2a4311bca66c2edee3cfcd36b5eaf42ea33d4de69945459fdd38be57f	0	0	0	byte-for-byte match
System/AlreadyDoneFlagInGalaxy.cpp	src/Game/System/AlreadyDoneFlagInGalaxy.cpp	decomp/src/Game/System/AlreadyDoneFlagInGalaxy.cpp	compat-temporary	yes	d289f588ce33eae039a5b6902e0b3569fb2b7245a8e3509b70e3e0a3825abcc8	658f5ead1be50567945ab00f76cf417d48762e9abbd7f8b55132b8f7557b6064	0	0	0	source exists but pc-port behavior/shape differs
System/AlreadyDoneFlagInGalaxy.hpp	src/Game/System/AlreadyDoneFlagInGalaxy.hpp	decomp/include/Game/System/AlreadyDoneFlagInGalaxy.hpp	compat-temporary	yes	0b76e4c40c09fff6368058e0765843fd2a45c57f832fb334592b523c799e1dfc	c0ab27404ee6a10a6d506bbd9a3558a790c0da5b765468f8a794b64e07b882b1	0	0	0	source exists but pc-port behavior/shape differs
System/ArchiveHolder.cpp	src/Game/System/ArchiveHolder.cpp	decomp/src/Game/System/ArchiveHolder.cpp	exact-source	yes	e7372d59d7a2cf92d5d11f2f4b84f82a0a4f18f2b9d9b13eb6bcb77ddd77507d	e7372d59d7a2cf92d5d11f2f4b84f82a0a4f18f2b9d9b13eb6bcb77ddd77507d	0	0	0	byte-for-byte match
System/ArchiveHolder.hpp	src/Game/System/ArchiveHolder.hpp	decomp/include/Game/System/ArchiveHolder.hpp	exact-source	yes	e7c97ebfd4ce728e8d8058bce97a5295716ad234b533b758fec847030f6d6d0f	e7c97ebfd4ce728e8d8058bce97a5295716ad234b533b758fec847030f6d6d0f	0	0	0	byte-for-byte match
System/AudSystemWrapper.hpp	src/Game/System/AudSystemWrapper.hpp	decomp/include/Game/System/AudSystemWrapper.hpp	compat-temporary	yes	0b3d70aae9f1786e780c7741dfa9123d661c6ebc19fae0e2c19c200a18b5ce8c	3d807e7146a5ff6cef90e4c3eeabe1bc31ab8bb7cb38e4858b64958e3910dc65	0	0	0	source exists but pc-port behavior/shape differs
System/BinaryDataChunkHolder.cpp	src/Game/System/BinaryDataChunkHolder.cpp	decomp/src/Game/System/BinaryDataChunkHolder.cpp	exact-source	yes	ce1d114ff667ff827f81bf0c80541c4c39b3da7ba3f14928a1354103e679664f	ce1d114ff667ff827f81bf0c80541c4c39b3da7ba3f14928a1354103e679664f	0	0	0	byte-for-byte match
System/BinaryDataChunkHolder.hpp	src/Game/System/BinaryDataChunkHolder.hpp	decomp/include/Game/System/BinaryDataChunkHolder.hpp	exact-source	yes	e3945bc6c997a0c5b419537b571f59232c7050177e9ea87ea8c76bac65fc98e3	e3945bc6c997a0c5b419537b571f59232c7050177e9ea87ea8c76bac65fc98e3	0	0	0	byte-for-byte match
System/BinaryDataContentAccessor.cpp	src/Game/System/BinaryDataContentAccessor.cpp	decomp/src/Game/System/BinaryDataContentAccessor.cpp	exact-source	yes	7266e45d4e0623f0c5be6c6a395494cf734fc274551d3b4828534d391d39dcc8	7266e45d4e0623f0c5be6c6a395494cf734fc274551d3b4828534d391d39dcc8	0	0	0	byte-for-byte match
System/BinaryDataContentAccessor.hpp	src/Game/System/BinaryDataContentAccessor.hpp	decomp/include/Game/System/BinaryDataContentAccessor.hpp	exact-source	yes	6494b3d2bf4450b153d05944f52bc93ee37e6649da707eeab587b78d5ec0ebbb	6494b3d2bf4450b153d05944f52bc93ee37e6649da707eeab587b78d5ec0ebbb	0	0	0	byte-for-byte match
System/ConfigDataHolder.cpp	src/Game/System/ConfigDataHolder.cpp	decomp/src/Game/System/ConfigDataHolder.cpp	exact-source	yes	854df52c8cf8350359ccf8becc387d719e33078cbf63f4bf04e65a084fae1b32	854df52c8cf8350359ccf8becc387d719e33078cbf63f4bf04e65a084fae1b32	0	0	0	byte-for-byte match
System/ConfigDataHolder.hpp	src/Game/System/ConfigDataHolder.hpp	decomp/include/Game/System/ConfigDataHolder.hpp	exact-source	yes	4cfd529acc9298f97694c5da11dd610f5d4ecc0520b0bece08b9f35ad4aae682	4cfd529acc9298f97694c5da11dd610f5d4ecc0520b0bece08b9f35ad4aae682	0	0	0	byte-for-byte match
System/ConfigDataMii.cpp	src/Game/System/ConfigDataMii.cpp	decomp/src/Game/System/ConfigDataMii.cpp	exact-source	yes	750a0ce62214e43d612c9d19155005b45951c57433ecc2761b1cf07d17049999	750a0ce62214e43d612c9d19155005b45951c57433ecc2761b1cf07d17049999	0	0	0	byte-for-byte match
System/ConfigDataMii.hpp	src/Game/System/ConfigDataMii.hpp	decomp/include/Game/System/ConfigDataMii.hpp	exact-source	yes	77f4cea2e0ad7dd3535d3e70c4200a556e9fd8c314b6339644fe1dba496e0b9a	77f4cea2e0ad7dd3535d3e70c4200a556e9fd8c314b6339644fe1dba496e0b9a	0	0	0	byte-for-byte match
System/ConfigDataMisc.cpp	src/Game/System/ConfigDataMisc.cpp	decomp/src/Game/System/ConfigDataMisc.cpp	exact-source	yes	cbd4e780ac1c2fed9e23d5418e1c640060a9f74fe16e7f1900cf487ea6806d0f	cbd4e780ac1c2fed9e23d5418e1c640060a9f74fe16e7f1900cf487ea6806d0f	0	0	0	byte-for-byte match
System/ConfigDataMisc.hpp	src/Game/System/ConfigDataMisc.hpp	decomp/include/Game/System/ConfigDataMisc.hpp	exact-source	yes	2132f76c6883378ee209a2d7aed42625dd42668fe2117ab3ec5022cde944d0cd	2132f76c6883378ee209a2d7aed42625dd42668fe2117ab3ec5022cde944d0cd	0	0	0	byte-for-byte match
System/DrawBuffer.cpp	src/Game/System/DrawBuffer.cpp	decomp/src/Game/System/DrawBuffer.cpp	exact-source	yes	5d6e8bb02bf651650646c686d878d2bb01a874f997e1fa1215b41570f7e04373	5d6e8bb02bf651650646c686d878d2bb01a874f997e1fa1215b41570f7e04373	0	0	0	byte-for-byte match
System/DrawBuffer.hpp	src/Game/System/DrawBuffer.hpp	decomp/include/Game/System/DrawBuffer.hpp	exact-source	yes	45329aa64df240b2adfd3b6b9624ff49a9693a63ab756877ed6f5895bb27ac86	45329aa64df240b2adfd3b6b9624ff49a9693a63ab756877ed6f5895bb27ac86	0	0	0	byte-for-byte match
System/DrawBufferExecuter.cpp	src/Game/System/DrawBufferExecuter.cpp	decomp/src/Game/System/DrawBufferExecuter.cpp	exact-source	yes	ef4f4b93a93453cb76ed85cfd0616f0d19cbef6c456f26b27e35c6ca5d85585c	ef4f4b93a93453cb76ed85cfd0616f0d19cbef6c456f26b27e35c6ca5d85585c	0	0	0	byte-for-byte match
System/DrawBufferExecuter.hpp	src/Game/System/DrawBufferExecuter.hpp	decomp/include/Game/System/DrawBufferExecuter.hpp	exact-source	yes	d7884616d289631bcecdc6049fd91d18169e762ac6a6fa160c1132c4203b0418	d7884616d289631bcecdc6049fd91d18169e762ac6a6fa160c1132c4203b0418	0	0	0	byte-for-byte match
System/DrawBufferGroup.cpp	src/Game/System/DrawBufferGroup.cpp	decomp/src/Game/System/DrawBufferGroup.cpp	exact-source	yes	30f4d3b829fd12c09b6d2e5157b6281953ab7d4df30d092103cbf3efac2e8ca6	30f4d3b829fd12c09b6d2e5157b6281953ab7d4df30d092103cbf3efac2e8ca6	0	0	0	byte-for-byte match
System/DrawBufferGroup.hpp	src/Game/System/DrawBufferGroup.hpp	decomp/include/Game/System/DrawBufferGroup.hpp	exact-source	yes	02d3cb894fb5f71b1e754fc5e61f1d82768b21b25ebfb70a495b0958d8ff0817	02d3cb894fb5f71b1e754fc5e61f1d82768b21b25ebfb70a495b0958d8ff0817	0	0	0	byte-for-byte match
System/DrawBufferHolder.cpp	src/Game/System/DrawBufferHolder.cpp	decomp/src/Game/System/DrawBufferHolder.cpp	exact-source	yes	5343e98caf34fbace0320de2c1d96a1047cc7537c825fcdc59a289cf1293b292	5343e98caf34fbace0320de2c1d96a1047cc7537c825fcdc59a289cf1293b292	0	0	0	byte-for-byte match
System/DrawBufferHolder.hpp	src/Game/System/DrawBufferHolder.hpp	decomp/include/Game/System/DrawBufferHolder.hpp	exact-source	yes	8e472785ab55d588b86c14076b69080a57277a7887c852ed618fe596752fcb6d	8e472785ab55d588b86c14076b69080a57277a7887c852ed618fe596752fcb6d	0	0	0	byte-for-byte match
System/DrawSyncManager.cpp	src/Game/System/DrawSyncManager.cpp	decomp/src/Game/System/DrawSyncManager.cpp	exact-source	yes	5fd35171ff5c489e40f3fcf546907ac9a5f26ee38eaceafdc94fbf8b6b045a45	5fd35171ff5c489e40f3fcf546907ac9a5f26ee38eaceafdc94fbf8b6b045a45	0	0	0	byte-for-byte match
System/DrawSyncManager.hpp	src/Game/System/DrawSyncManager.hpp	decomp/include/Game/System/DrawSyncManager.hpp	exact-source	yes	97706fdf9ef694df2af14d4876d3c52354ea11f988bcd1df99b63d8f984f0785	97706fdf9ef694df2af14d4876d3c52354ea11f988bcd1df99b63d8f984f0785	0	0	0	byte-for-byte match
System/ErrorArchive.hpp	src/Game/System/ErrorArchive.hpp	decomp/include/Game/System/ErrorArchive.hpp	exact-source	yes	e599734b43ffb964b41085c3b12455cc045c33a64b7106df3c421bfbffe4609c	e599734b43ffb964b41085c3b12455cc045c33a64b7106df3c421bfbffe4609c	0	0	0	byte-for-byte match
System/FileHolder.cpp	src/Game/System/FileHolder.cpp	decomp/src/Game/System/FileHolder.cpp	exact-source	yes	91019d4c2bec3717672961654683bb8421abb3f5e9bf411632d1e77fddd284ce	91019d4c2bec3717672961654683bb8421abb3f5e9bf411632d1e77fddd284ce	0	0	0	byte-for-byte match
System/FileHolder.hpp	src/Game/System/FileHolder.hpp	decomp/include/Game/System/FileHolder.hpp	exact-source	yes	b66b63081dca53ed6f73261425acf7ee61718cd6b9cd1988d9278b9fc75fac17	b66b63081dca53ed6f73261425acf7ee61718cd6b9cd1988d9278b9fc75fac17	0	0	0	byte-for-byte match
System/FileLoader.cpp	src/Game/System/FileLoader.cpp	decomp/src/Game/System/FileLoader.cpp	exact-source	yes	c9f607caa633cfe540e0ab33252a03c3bea7960573854515c26d05fb16d1dc88	c9f607caa633cfe540e0ab33252a03c3bea7960573854515c26d05fb16d1dc88	0	0	0	byte-for-byte match
System/FileLoader.hpp	src/Game/System/FileLoader.hpp	decomp/include/Game/System/FileLoader.hpp	exact-source	yes	196c51634f6e3a989623074e89f3ebd7d79d6e6e62d76950bb3adf8c0f2155ff	196c51634f6e3a989623074e89f3ebd7d79d6e6e62d76950bb3adf8c0f2155ff	0	0	0	byte-for-byte match
System/FileLoaderThread.cpp	src/Game/System/FileLoaderThread.cpp	decomp/src/Game/System/FileLoaderThread.cpp	exact-source	yes	d7965558063b61b3c527206f162acf339d4f2666c3736b6021bfc9d2eba208bd	d7965558063b61b3c527206f162acf339d4f2666c3736b6021bfc9d2eba208bd	0	0	0	byte-for-byte match
System/FileLoaderThread.hpp	src/Game/System/FileLoaderThread.hpp	decomp/include/Game/System/FileLoaderThread.hpp	exact-source	yes	8f5c45566d006187412a39993c36544b4e3adc7e31a731c3c258c2538e30f146	8f5c45566d006187412a39993c36544b4e3adc7e31a731c3c258c2538e30f146	0	0	0	byte-for-byte match
System/FileRipper.cpp	src/Game/System/FileRipper.cpp	decomp/src/Game/System/FileRipper.cpp	compat-temporary	yes	eba908b4be4c0c0ceb8d517741408f4b669a7f151e2369ec6b34342a6f9d45b7	d7a71c110e2e1872640f57fe5163d1e2f801eb6bb2a0c23d1af88959d6f73d23	0	0	0	source exists but pc-port behavior/shape differs
System/FileRipper.hpp	src/Game/System/FileRipper.hpp	decomp/include/Game/System/FileRipper.hpp	exact-source	yes	098adaca8da6885759a2aca9db695352061a49c0932f10a1add20dc28cdff42f	098adaca8da6885759a2aca9db695352061a49c0932f10a1add20dc28cdff42f	0	0	0	byte-for-byte match
System/FindingLuigiEventScheduler.cpp	src/Game/System/FindingLuigiEventScheduler.cpp	decomp/src/Game/System/FindingLuigiEventScheduler.cpp	exact-source	yes	7bcf2f5008cc2400c0b70e91376600b64a6110c40494e888f8ed6bc7d2aed81d	7bcf2f5008cc2400c0b70e91376600b64a6110c40494e888f8ed6bc7d2aed81d	0	0	0	byte-for-byte match
System/FindingLuigiEventScheduler.hpp	src/Game/System/FindingLuigiEventScheduler.hpp	decomp/include/Game/System/FindingLuigiEventScheduler.hpp	exact-source	yes	1dc1817d2f53a92785f0b1ece9a7382d18260906bce657dca1e4ef4bd8958421	1dc1817d2f53a92785f0b1ece9a7382d18260906bce657dca1e4ef4bd8958421	0	0	0	byte-for-byte match
System/FunctionAsyncExecutor.cpp	src/Game/System/FunctionAsyncExecutor.cpp	decomp/src/Game/System/FunctionAsyncExecutor.cpp	compat-temporary	yes	4a9edb40830e107291d0d46d79404be5ae28934439f904facd8f480d3be236f1	28827f1873259ac0f1589d8d617d951bdc879cafc29ac8f9b4484b2233b93fca	0	0	0	source exists but pc-port behavior/shape differs
System/FunctionAsyncExecutor.hpp	src/Game/System/FunctionAsyncExecutor.hpp	decomp/include/Game/System/FunctionAsyncExecutor.hpp	exact-source	yes	0b39e43708166d3ac514358e0bf8f9de6122070a9e729901e4e0764fc2d629be	0b39e43708166d3ac514358e0bf8f9de6122070a9e729901e4e0764fc2d629be	0	0	0	byte-for-byte match
System/GalaxyCometScheduler.cpp	src/Game/System/GalaxyCometScheduler.cpp	decomp/src/Game/System/GalaxyCometScheduler.cpp	exact-source	yes	ffaa242145bfba207d5e76db8a66df29351b35e107d2887fbfdfaa6dbc5382a7	ffaa242145bfba207d5e76db8a66df29351b35e107d2887fbfdfaa6dbc5382a7	0	0	0	byte-for-byte match
System/GalaxyCometScheduler.hpp	src/Game/System/GalaxyCometScheduler.hpp	decomp/include/Game/System/GalaxyCometScheduler.hpp	exact-source	yes	4420bf940c9c945d2eef73fd88bdaa37b869d525e80e1bb318a900cf3ffa0815	4420bf940c9c945d2eef73fd88bdaa37b869d525e80e1bb318a900cf3ffa0815	0	0	0	byte-for-byte match
System/GalaxyCometState.cpp	src/Game/System/GalaxyCometState.cpp	decomp/src/Game/System/GalaxyCometState.cpp	exact-source	yes	5e36fef3584c20b26ddbdffabce29b281001094a0430f3dd1a1951947518c616	5e36fef3584c20b26ddbdffabce29b281001094a0430f3dd1a1951947518c616	0	0	0	byte-for-byte match
System/GalaxyCometState.hpp	src/Game/System/GalaxyCometState.hpp	decomp/include/Game/System/GalaxyCometState.hpp	exact-source	yes	d98cd8400bc6b0ddee54daa25ca467fac385c256faae814e5e2f31f0d11f328c	d98cd8400bc6b0ddee54daa25ca467fac385c256faae814e5e2f31f0d11f328c	0	0	0	byte-for-byte match
System/GalaxyIDBCSV.cpp	src/Game/System/GalaxyIDBCSV.cpp		decomp-needed	yes	96dd07db53ece0187a7916eb6d3f5e3ed0a8847a5280a66ba28cf67ccd239d1f		0	0	0	no root src/Game or include/Game counterpart
System/GalaxyMapController.hpp	src/Game/System/GalaxyMapController.hpp	decomp/include/Game/System/GalaxyMapController.hpp	exact-source	yes	076acb98daa8fd015b95fde863dd0e68c60cfd307071cea5b662057d8506b462	076acb98daa8fd015b95fde863dd0e68c60cfd307071cea5b662057d8506b462	0	0	0	byte-for-byte match
System/GalaxyMoveArgument.cpp	src/Game/System/GalaxyMoveArgument.cpp	decomp/src/Game/System/GalaxyMoveArgument.cpp	exact-source	yes	c036145091fcdd170ee34c7e895fe4f429d873984e141b26610d93e5fa180f61	c036145091fcdd170ee34c7e895fe4f429d873984e141b26610d93e5fa180f61	0	0	0	byte-for-byte match
System/GalaxyMoveArgument.hpp	src/Game/System/GalaxyMoveArgument.hpp	decomp/include/Game/System/GalaxyMoveArgument.hpp	exact-source	yes	1a97b9b576f62e047d5a02576dce2a213a1928a89e3ecce8fd09ec944999de0b	1a97b9b576f62e047d5a02576dce2a213a1928a89e3ecce8fd09ec944999de0b	0	0	0	byte-for-byte match
System/GalaxyNameSortTable.cpp	src/Game/System/GalaxyNameSortTable.cpp	decomp/src/Game/System/GalaxyNameSortTable.cpp	compat-temporary	yes	f966ad91f210bf1531acd55c9faa997d83cc3761c48beb685dd7e8c4031834fa	bab6b2f58f024d72bc5094a2bed90730e558b62e8aaa5632f4e8179554cc6895	0	0	0	source exists but pc-port behavior/shape differs
System/GalaxyNameSortTable.hpp	src/Game/System/GalaxyNameSortTable.hpp	decomp/include/Game/System/GalaxyNameSortTable.hpp	exact-source	yes	0a646a3414ca42b882fa35e12db16caaeb1233aa24dfe7839aa3c04bf8420a09	0a646a3414ca42b882fa35e12db16caaeb1233aa24dfe7839aa3c04bf8420a09	0	0	0	byte-for-byte match
System/GalaxyStatusAccessor.cpp	src/Game/System/GalaxyStatusAccessor.cpp	decomp/src/Game/System/GalaxyStatusAccessor.cpp	compile-only	yes	8cc2b214b1edd46074aada45e728ec9e04fce6b07385b8f46d700b6cc11ad661	1e12151b74a036f68979c78ce7e6afa36616e7ef32ce544f15bb655c38bab2f1	0	0	0	explicit CP932 literal wrappers and encoding include only
System/GalaxyStatusAccessor.hpp	src/Game/System/GalaxyStatusAccessor.hpp	decomp/include/Game/System/GalaxyStatusAccessor.hpp	exact-source	yes	d257b3cf17614bcad815c1def9213d91b459e920339e3d6c970c76602d123aa0	d257b3cf17614bcad815c1def9213d91b459e920339e3d6c970c76602d123aa0	0	0	0	byte-for-byte match
System/GameDataConst.cpp	src/Game/System/GameDataConst.cpp	decomp/src/Game/System/GameDataConst.cpp	exact-source	yes	fd39e0a3078c2ee74eb6ff67ee1a790a00501083546aba64a31fd6b3938471cb	fd39e0a3078c2ee74eb6ff67ee1a790a00501083546aba64a31fd6b3938471cb	0	0	0	byte-for-byte match
System/GameDataConst.hpp	src/Game/System/GameDataConst.hpp	decomp/include/Game/System/GameDataConst.hpp	compat-temporary	yes	9a59d0811fd02fa17622a0914b65ccd2762c1fb6852fd14973762505afe82e52	5f59ecd06317267fc7496e8f840c0be4a79b0f0d4f4a19bf97cca1e368422bc1	0	0	0	source exists but pc-port behavior/shape differs
System/GameDataFunction.cpp	src/Game/System/GameDataFunction.cpp	decomp/src/Game/System/GameDataFunction.cpp	exact-source	yes	88dd99eb01b6fe5324b4a75fa85215f502f18796041f7dcf897f249f423de7af	88dd99eb01b6fe5324b4a75fa85215f502f18796041f7dcf897f249f423de7af	0	0	0	byte-for-byte match
System/GameDataFunction.hpp	src/Game/System/GameDataFunction.hpp	decomp/include/Game/System/GameDataFunction.hpp	exact-source	yes	454408e4404ec5231ea345a59b46d1bbaa5aa957d0fa74fbff63ff1d57954390	454408e4404ec5231ea345a59b46d1bbaa5aa957d0fa74fbff63ff1d57954390	0	0	0	byte-for-byte match
System/GameDataGalaxyStorage.cpp	src/Game/System/GameDataGalaxyStorage.cpp	decomp/src/Game/System/GameDataGalaxyStorage.cpp	exact-source	yes	5ab64c2a0586453d02ce194c03cec63fd83cb0f4ad6d1b76d5179a439706e35d	5ab64c2a0586453d02ce194c03cec63fd83cb0f4ad6d1b76d5179a439706e35d	0	0	0	byte-for-byte match
System/GameDataGalaxyStorage.hpp	src/Game/System/GameDataGalaxyStorage.hpp	decomp/include/Game/System/GameDataGalaxyStorage.hpp	exact-source	yes	ed94feb7b995e6d7054d16fd3e023041413e8664f9f66399c99ba30b55e84a80	ed94feb7b995e6d7054d16fd3e023041413e8664f9f66399c99ba30b55e84a80	0	0	0	byte-for-byte match
System/GameDataHolder.cpp	src/Game/System/GameDataHolder.cpp	decomp/src/Game/System/GameDataHolder.cpp	compile-only	yes	78272e2157e3d5fef58736808b55331b723c7b7279dc0ae00cc5888112437f1e	57fae13e42f4bac2ac6f1f2237a5adc34d7260fdb80c312906cf491d3391667c	0	0	0	explicit CP932 literal wrappers and encoding include only
System/GameDataHolder.hpp	src/Game/System/GameDataHolder.hpp	decomp/include/Game/System/GameDataHolder.hpp	exact-source	yes	6c72c30c04b85e2089534107419e1bf345e2ffaa5314b97c37361e54c99b778f	6c72c30c04b85e2089534107419e1bf345e2ffaa5314b97c37361e54c99b778f	0	0	0	byte-for-byte match
System/GameDataPlayerStatus.cpp	src/Game/System/GameDataPlayerStatus.cpp	decomp/src/Game/System/GameDataPlayerStatus.cpp	exact-source	yes	e591e729174941d87d6450a2af746e826a78dda47163a4f03beb9412a6c8be76	e591e729174941d87d6450a2af746e826a78dda47163a4f03beb9412a6c8be76	0	0	0	byte-for-byte match
System/GameDataPlayerStatus.hpp	src/Game/System/GameDataPlayerStatus.hpp	decomp/include/Game/System/GameDataPlayerStatus.hpp	exact-source	yes	a5fa4559d1fd957278ac6a898a68b32d4fb2bf497e3901f8c5fdf413f49a228d	a5fa4559d1fd957278ac6a898a68b32d4fb2bf497e3901f8c5fdf413f49a228d	0	0	0	byte-for-byte match
System/GameDataTemporaryInGalaxy.cpp	src/Game/System/GameDataTemporaryInGalaxy.cpp	decomp/src/Game/System/GameDataTemporaryInGalaxy.cpp	exact-source	yes	dc1998378e63cc6327a5e42702fa28d21919ae0bacf455308d33f80834a49e58	dc1998378e63cc6327a5e42702fa28d21919ae0bacf455308d33f80834a49e58	0	0	0	byte-for-byte match
System/GameDataTemporaryInGalaxy.hpp	src/Game/System/GameDataTemporaryInGalaxy.hpp	decomp/include/Game/System/GameDataTemporaryInGalaxy.hpp	exact-source	yes	81f9be711ffe83d5857d2461ad8b46b62dead2c963c8f563a710495998d5835d	81f9be711ffe83d5857d2461ad8b46b62dead2c963c8f563a710495998d5835d	0	0	0	byte-for-byte match
System/GameEventFlag.cpp	src/Game/System/GameEventFlag.cpp	decomp/src/Game/System/GameEventFlag.cpp	exact-source	yes	46c12e66461bd615bdee3af63141d6339dc50dacf38ffdab75288abc74496841	46c12e66461bd615bdee3af63141d6339dc50dacf38ffdab75288abc74496841	0	0	0	byte-for-byte match
System/GameEventFlag.hpp	src/Game/System/GameEventFlag.hpp	decomp/include/Game/System/GameEventFlag.hpp	exact-source	yes	b13786971a3d4aa64c4dab976657fefe49463de2aa715c76d82aede2ce516156	b13786971a3d4aa64c4dab976657fefe49463de2aa715c76d82aede2ce516156	0	0	0	byte-for-byte match
System/GameEventFlagChecker.cpp	src/Game/System/GameEventFlagChecker.cpp	decomp/src/Game/System/GameEventFlagChecker.cpp	compat-temporary	yes	85a641b5d6622fde9ec47dedd326b6ce17ba52a1747c7384f390ae7042ad183c	fb9fa9d386b8604b4100e82613a034638e506d85b5df40926b4039a54fc7e5da	0	0	0	source exists but pc-port behavior/shape differs
System/GameEventFlagChecker.hpp	src/Game/System/GameEventFlagChecker.hpp	decomp/include/Game/System/GameEventFlagChecker.hpp	exact-source	yes	df5caecd9bb2a98b2969910ee89a1cd3c8de64c7b27302c3a0d9b646e0fb5977	df5caecd9bb2a98b2969910ee89a1cd3c8de64c7b27302c3a0d9b646e0fb5977	0	0	0	byte-for-byte match
System/GameEventFlagStorage.cpp	src/Game/System/GameEventFlagStorage.cpp	decomp/src/Game/System/GameEventFlagStorage.cpp	exact-source	yes	10e82dcbbf0618aafcf4bb56336fb1a292ea7e6e7ef8c57395abe6b160aa3a15	10e82dcbbf0618aafcf4bb56336fb1a292ea7e6e7ef8c57395abe6b160aa3a15	0	0	0	byte-for-byte match
System/GameEventFlagStorage.hpp	src/Game/System/GameEventFlagStorage.hpp	decomp/include/Game/System/GameEventFlagStorage.hpp	exact-source	yes	d8ed627d4d3f38e161f14951d22cd3d81d9b06c37c8aa0007351dc4373f42933	d8ed627d4d3f38e161f14951d22cd3d81d9b06c37c8aa0007351dc4373f42933	0	0	0	byte-for-byte match
System/GameEventFlagTable.cpp	src/Game/System/GameEventFlagTable.cpp	decomp/src/Game/System/GameEventFlagTable.cpp	compat-temporary	yes	4f340b7f368d6d225d511c2d19e07ebca0a64ea4cff67b9d358583dd8de6be5f	a653b96074c558e878fcd1acc5dc6aa12129e6ca9789c859a9d13625afd23062	0	0	0	source exists but pc-port behavior/shape differs
System/GameEventFlagTable.hpp	src/Game/System/GameEventFlagTable.hpp	decomp/include/Game/System/GameEventFlagTable.hpp	exact-source	yes	c7f5712ce0cf552e0f87fe564a8ec8ef18f148bbb11935cd09f61ca728009a17	c7f5712ce0cf552e0f87fe564a8ec8ef18f148bbb11935cd09f61ca728009a17	0	0	0	byte-for-byte match
System/GameEventValueChecker.cpp	src/Game/System/GameEventValueChecker.cpp	decomp/src/Game/System/GameEventValueChecker.cpp	compile-only	yes	e376e0f198b61eeafefabd9165084d713c99df57af618b22838c442fe46ca88b	0a31a476a7b2c9d4a3c32bb94c734cb1793fadd6135f3b5bc581f1793f111c93	0	0	0	explicit CP932 literal wrappers and encoding include only
System/GameEventValueChecker.hpp	src/Game/System/GameEventValueChecker.hpp	decomp/include/Game/System/GameEventValueChecker.hpp	exact-source	yes	df3dded8a682e61da4c889b9bd607e4d1c4f3dd0b2c65b5a51d5792369eaacb6	df3dded8a682e61da4c889b9bd607e4d1c4f3dd0b2c65b5a51d5792369eaacb6	0	0	0	byte-for-byte match
System/GameSequenceDirector.cpp	src/Game/System/GameSequenceDirector.cpp	decomp/src/Game/System/GameSequenceDirector.cpp	exact-source	yes	1823b9a6e5c8f57906a38027a9c4ba31f0dc887d052f5a31a714dde6ce17e01e	1823b9a6e5c8f57906a38027a9c4ba31f0dc887d052f5a31a714dde6ce17e01e	0	0	0	byte-for-byte match
System/GameSequenceDirector.hpp	src/Game/System/GameSequenceDirector.hpp	decomp/include/Game/System/GameSequenceDirector.hpp	exact-source	yes	10c2fad303d328712dfc989a7527df264df2fb6a8fb81c25b48fb7f842919898	10c2fad303d328712dfc989a7527df264df2fb6a8fb81c25b48fb7f842919898	0	0	0	byte-for-byte match
System/GameSequenceFunction.cpp	src/Game/System/GameSequenceFunction.cpp	decomp/src/Game/System/GameSequenceFunction.cpp	compile-only	yes	1e1d49ea2fa8ae484c42631aebf53a5f6372c20b7b523615a51cddd7f83cecac	d4579518e56a56a32633b405209d949956b96a430929b7a71770931335945639	0	0	0	explicit CP932 literal wrappers and encoding include only
System/GameSequenceFunction.hpp	src/Game/System/GameSequenceFunction.hpp	decomp/include/Game/System/GameSequenceFunction.hpp	exact-source	yes	209c21a893ab63780a05d966d07c1982ddb8d34494e4987ce559a5592cc01540	209c21a893ab63780a05d966d07c1982ddb8d34494e4987ce559a5592cc01540	0	0	0	byte-for-byte match
System/GameSequenceProgress.cpp	src/Game/System/GameSequenceProgress.cpp	decomp/src/Game/System/GameSequenceProgress.cpp	compile-only	yes	037089a9125beebf78fe04c8e14f26295cefb683331fa81cb58af08a58a3ec20	dafc15ab29f4b7259597e8e8574f5ddb16a99d7b658c05b0119f47a6b0749c8c	0	0	0	explicit CP932 literal wrappers and encoding include only
System/GameSequenceProgress.hpp	src/Game/System/GameSequenceProgress.hpp	decomp/include/Game/System/GameSequenceProgress.hpp	exact-source	yes	2f8c1c849a537951bd05eee108b15657db834b3693ab4dfbd05abcd979f110f3	2f8c1c849a537951bd05eee108b15657db834b3693ab4dfbd05abcd979f110f3	0	0	0	byte-for-byte match
System/GameSystem.cpp	src/Game/System/GameSystem.cpp	decomp/src/Game/System/GameSystem.cpp	compat-temporary	yes	c83f44f96a42d0f53e1fdd42e61d4db07890f0a7805d16a5c214ffa4d71fa51d	4c911e97d1ceadf8cc60e54d28de1632be2f6a0678b20b6e8dda6228a11afec8	0	0	0	source exists but pc-port behavior/shape differs
System/GameSystem.hpp	src/Game/System/GameSystem.hpp	decomp/include/Game/System/GameSystem.hpp	compat-temporary	yes	df4d4dba3b0b5db9ab73ac69381587b857338394f818a39c081349ee31ede28c	faaaf8667d1ab1db15f4c9a75ce608ce763c436c1e85c86c033e31aabf94c722	0	0	0	source exists but pc-port behavior/shape differs
System/GameSystemDimmingWatcher.cpp	src/Game/System/GameSystemDimmingWatcher.cpp	decomp/src/Game/System/GameSystemDimmingWatcher.cpp	exact-source	yes	38c93021b0221e7876458ce611e97b56b36f02a1bf47f083b05baa27bd7ccc0a	38c93021b0221e7876458ce611e97b56b36f02a1bf47f083b05baa27bd7ccc0a	0	0	0	byte-for-byte match
System/GameSystemDimmingWatcher.hpp	src/Game/System/GameSystemDimmingWatcher.hpp	decomp/include/Game/System/GameSystemDimmingWatcher.hpp	exact-source	yes	d5b6d1efca58c3b11aadb4f7e68c1bb675c893411f7e7e59d928970ff7c3b323	d5b6d1efca58c3b11aadb4f7e68c1bb675c893411f7e7e59d928970ff7c3b323	0	0	0	byte-for-byte match
System/GameSystemErrorWatcher.cpp	src/Game/System/GameSystemErrorWatcher.cpp	decomp/src/Game/System/GameSystemErrorWatcher.cpp	compat-temporary	yes	4efbc7bce601a0d4de212d7e006f00519dd7384af0073b1093f0247616899185	6aa0613a3a4e221a18707fb726d94b234a7dbcca9450857cffd99848c4d8d658	0	0	0	source exists but pc-port behavior/shape differs
System/GameSystemErrorWatcher.hpp	src/Game/System/GameSystemErrorWatcher.hpp	decomp/include/Game/System/GameSystemErrorWatcher.hpp	exact-source	yes	28b5418a9e0fa9a702290853bcc7672449fb25532d9772ba18fb0c09f71c817e	28b5418a9e0fa9a702290853bcc7672449fb25532d9772ba18fb0c09f71c817e	0	0	0	byte-for-byte match
System/GameSystemException.cpp	src/Game/System/GameSystemException.cpp	decomp/src/Game/System/GameSystemException.cpp	compat-temporary	yes	7ef723d586e48a36b8b052f80d83ab711d97a8f1bef881b7e4e3fd502ca2002b	60ba83222b83f451b9acd61b65e707fc8a15c4fa51a34580a3eee967928b4ebf	0	0	0	source exists but pc-port behavior/shape differs
System/GameSystemException.hpp	src/Game/System/GameSystemException.hpp	decomp/include/Game/System/GameSystemException.hpp	exact-source	yes	38b53c8ad0a28021fe7393a8054a202e08d65e6eb2608a72a2bbaf693597d9e5	38b53c8ad0a28021fe7393a8054a202e08d65e6eb2608a72a2bbaf693597d9e5	0	0	0	byte-for-byte match
System/GameSystemFontHolder.cpp	src/Game/System/GameSystemFontHolder.cpp	decomp/src/Game/System/GameSystemFontHolder.cpp	exact-source	yes	5fe7f3db7beb40f8bc10f05162dd003cdd9f055e1ccc1de1ebb07b462b2bfbf9	5fe7f3db7beb40f8bc10f05162dd003cdd9f055e1ccc1de1ebb07b462b2bfbf9	0	0	0	byte-for-byte match
System/GameSystemFontHolder.hpp	src/Game/System/GameSystemFontHolder.hpp	decomp/include/Game/System/GameSystemFontHolder.hpp	exact-source	yes	c42b67a3cc4fb69e357bd3688fe21aae3693e5ec3b7ed2885e0773c2127bd038	c42b67a3cc4fb69e357bd3688fe21aae3693e5ec3b7ed2885e0773c2127bd038	0	0	0	byte-for-byte match
System/GameSystemFrameControl.cpp	src/Game/System/GameSystemFrameControl.cpp	decomp/src/Game/System/GameSystemFrameControl.cpp	exact-source	yes	1445347d94544292c24a9ea2ef24bb247027ae613d45ecb6efc8a2b7fdfce6e6	1445347d94544292c24a9ea2ef24bb247027ae613d45ecb6efc8a2b7fdfce6e6	0	0	0	byte-for-byte match
System/GameSystemFrameControl.hpp	src/Game/System/GameSystemFrameControl.hpp	decomp/include/Game/System/GameSystemFrameControl.hpp	exact-source	yes	080281010454c6357801dc3236adbbc9c4b78fef48538b40da28c799e79361cc	080281010454c6357801dc3236adbbc9c4b78fef48538b40da28c799e79361cc	0	0	0	byte-for-byte match
System/GameSystemFunction.cpp	src/Game/System/GameSystemFunction.cpp	decomp/src/Game/System/GameSystemFunction.cpp	compat-temporary	yes	4e45fe0155357aefad384373d89553d0b91c0438571810d12f10d4950e112c90	442b2cc89c7c14ab7dad30b25a17590682588e368b68fecc695e7e48a317335c	0	0	0	source exists but pc-port behavior/shape differs
System/GameSystemFunction.hpp	src/Game/System/GameSystemFunction.hpp	decomp/include/Game/System/GameSystemFunction.hpp	compat-temporary	yes	65900b46f12d12b4aeabe6fabb04bcb594afde2f01ca4be098c1177a6e84215a	f9978ec41af19f16668b4a9deb11d4579a072666e2bf67cafb7c139ede0fa5cb	0	0	0	source exists but pc-port behavior/shape differs
System/GameSystemObjHolder.cpp	src/Game/System/GameSystemObjHolder.cpp	decomp/src/Game/System/GameSystemObjHolder.cpp	compat-temporary	yes	0be2e2db18cfe9a3fb8c0249242ca937dfa34d347d26b889a223931355d6ce9c	2fa5eb0c350c9a36ea729504d2f28447dad8736b92c4a91361f85dc770776b3f	0	0	0	source exists but pc-port behavior/shape differs
System/GameSystemObjHolder.hpp	src/Game/System/GameSystemObjHolder.hpp	decomp/include/Game/System/GameSystemObjHolder.hpp	exact-source	yes	a09539b93148240c48e1fc98f5560bb11adbf4c59b5423871c6077079d74b345	a09539b93148240c48e1fc98f5560bb11adbf4c59b5423871c6077079d74b345	0	0	0	byte-for-byte match
System/GameSystemResetAndPowerProcess.cpp	src/Game/System/GameSystemResetAndPowerProcess.cpp	decomp/src/Game/System/GameSystemResetAndPowerProcess.cpp	compat-temporary	yes	a1c1e0816e7f4568c77e98cfc16ff27a50b07c6609cb39d40f1d13b24900f8b6	6c84da8880ec9fd4e696c5bc2fba01405e424259b87b80f6e67fad9670b4bc84	0	0	0	source exists but pc-port behavior/shape differs
System/GameSystemResetAndPowerProcess.hpp	src/Game/System/GameSystemResetAndPowerProcess.hpp	decomp/include/Game/System/GameSystemResetAndPowerProcess.hpp	exact-source	yes	4300185bc2a9aa7b93d7ba795a73cebbe631434013922e08942bbcc540a1b150	4300185bc2a9aa7b93d7ba795a73cebbe631434013922e08942bbcc540a1b150	0	0	0	byte-for-byte match
System/GameSystemSceneController.cpp	src/Game/System/GameSystemSceneController.cpp	decomp/src/Game/System/GameSystemSceneController.cpp	compile-only	yes	66004de348d034d99c15f5b25226d45de637b8962cbe3e57316a6d1f78610d7b	a8c6bc4a1972f00f801a383874cae7c14811022c203d90018c6af7675d71fa6d	0	0	0	explicit CP932 literal wrappers and encoding include only
System/GameSystemSceneController.hpp	src/Game/System/GameSystemSceneController.hpp	decomp/include/Game/System/GameSystemSceneController.hpp	exact-source	yes	bed71d397c713f50a76b7bb7089058e30bb27223c20cedb3911dd7cac0f430cb	bed71d397c713f50a76b7bb7089058e30bb27223c20cedb3911dd7cac0f430cb	0	0	0	byte-for-byte match
System/GameSystemStationedArchiveLoader.cpp	src/Game/System/GameSystemStationedArchiveLoader.cpp	decomp/src/Game/System/GameSystemStationedArchiveLoader.cpp	compat-temporary	yes	fca8513b1f13292076f7a2b3907efc30ef0848419c2c10788fb35a626e8120ea	33c4160b983979826034b7c979e8278a89c0fe3536a360e7618924f3f0f0fd7e	0	0	0	source exists but pc-port behavior/shape differs
System/GameSystemStationedArchiveLoader.hpp	src/Game/System/GameSystemStationedArchiveLoader.hpp	decomp/include/Game/System/GameSystemStationedArchiveLoader.hpp	exact-source	yes	5904a09f945f4a7a7a19beaa4a2fb9f1db548ddaea288630f746e0eac296f56e	5904a09f945f4a7a7a19beaa4a2fb9f1db548ddaea288630f746e0eac296f56e	0	0	0	byte-for-byte match
System/HeapMemoryWatcher.cpp	src/Game/System/HeapMemoryWatcher.cpp	decomp/src/Game/System/HeapMemoryWatcher.cpp	compat-temporary	yes	e0accf0df6fb02589910465d27e197bb89d3e47176066dbf867eacf569b7a844	a04135a4dec1ddbf676795d014eeb334ec0ab2fef7add3c59a8c18a2f3a4f3b3	0	0	0	source exists but pc-port behavior/shape differs
System/HeapMemoryWatcher.hpp	src/Game/System/HeapMemoryWatcher.hpp	decomp/include/Game/System/HeapMemoryWatcher.hpp	compat-temporary	yes	212e7670dacf45ac8b809c68f1200eb649d5ee1cad7dc3b4243e9c4dac976767	b826908432c385e6be497ba9b2a5409faeb655fdb5e3dec9bef2716cb529d03a	0	0	0	source exists but pc-port behavior/shape differs
System/HomeButtonStateNotifier.cpp	src/Game/System/HomeButtonStateNotifier.cpp	decomp/src/Game/System/HomeButtonStateNotifier.cpp	exact-source	yes	ca99987bbd1f651c863be0a4e43bbbb979abfd74e380b639c8a7f8223a87cb65	ca99987bbd1f651c863be0a4e43bbbb979abfd74e380b639c8a7f8223a87cb65	0	0	0	byte-for-byte match
System/HomeButtonStateNotifier.hpp	src/Game/System/HomeButtonStateNotifier.hpp	decomp/include/Game/System/HomeButtonStateNotifier.hpp	exact-source	yes	9c7671394547e2cb30617b43c24f4eb08a6332639d9801b46b8a483d83396793	9c7671394547e2cb30617b43c24f4eb08a6332639d9801b46b8a483d83396793	0	0	0	byte-for-byte match
System/Language.cpp	src/Game/System/Language.cpp	decomp/src/Game/System/Language.cpp	exact-source	yes	47f401f2758ae6a6f46e2041222853a7e11b1cc1aebd37882aee95c85096bc19	47f401f2758ae6a6f46e2041222853a7e11b1cc1aebd37882aee95c85096bc19	0	0	0	byte-for-byte match
System/Language.hpp	src/Game/System/Language.hpp	decomp/include/Game/System/Language.hpp	exact-source	yes	5bce64915e0449288644f8cfd1063cbc3e0e768addeeed17c19ca3febfa62b21	5bce64915e0449288644f8cfd1063cbc3e0e768addeeed17c19ca3febfa62b21	0	0	0	byte-for-byte match
System/LayoutHolder.cpp	src/Game/System/LayoutHolder.cpp	decomp/src/Game/System/LayoutHolder.cpp	compat-temporary	yes	d766f3fa396f53835a1d89beb2bb62b653c743d2618c512a5e3f7d6d4b2e840d	440a462e4693bb0984802efa710d29a70cca183febf69c2d4864f02efcd3b8b6	0	0	0	source exists but pc-port behavior/shape differs
System/LayoutHolder.hpp	src/Game/System/LayoutHolder.hpp	decomp/include/Game/System/LayoutHolder.hpp	exact-source	yes	cc70a63f471f9d9e1123debb59584f968d9c7796782f5cde29f4ce9e222bf232	cc70a63f471f9d9e1123debb59584f968d9c7796782f5cde29f4ce9e222bf232	0	0	0	byte-for-byte match
System/LuigiLeftSupplier.cpp	src/Game/System/LuigiLeftSupplier.cpp	decomp/src/Game/System/LuigiLeftSupplier.cpp	exact-source	yes	def51912be32834846ea898af835ba5d7e52b658e4fc3414b67739a674ca985b	def51912be32834846ea898af835ba5d7e52b658e4fc3414b67739a674ca985b	0	0	0	byte-for-byte match
System/LuigiLeftSupplier.hpp	src/Game/System/LuigiLeftSupplier.hpp	decomp/include/Game/System/LuigiLeftSupplier.hpp	exact-source	yes	72de1cae2a288322857fc3261af535eb8d70bfbadf65ddc9cdbb0f8223ac0178	72de1cae2a288322857fc3261af535eb8d70bfbadf65ddc9cdbb0f8223ac0178	0	0	0	byte-for-byte match
System/MainLoopFramework.cpp	src/Game/System/MainLoopFramework.cpp	decomp/src/Game/System/MainLoopFramework.cpp	compat-temporary	yes	de7c7e5e513f8400adbe07a655afb8268003ee28e416ed9939d6065b6944ec2c	e3e8dfdfcf4726d7e2a5cd0eb962b49ec636e4a01d3ef8244fbe62aeb23b42d8	0	0	0	source exists but pc-port behavior/shape differs
System/MainLoopFramework.hpp	src/Game/System/MainLoopFramework.hpp	decomp/include/Game/System/MainLoopFramework.hpp	exact-source	yes	f5c8839c426167e46fd8e24430152c3f69b38f4d78402ef23094251852facb11	f5c8839c426167e46fd8e24430152c3f69b38f4d78402ef23094251852facb11	0	0	0	byte-for-byte match
System/MessageHolder.cpp	src/Game/System/MessageHolder.cpp	decomp/src/Game/System/MessageHolder.cpp	compat-temporary	yes	15718429de8dbed29d6f5e179129372ba7457b53824a3bc0f6ed91ae2a742373	2e10df99c50e6e7ca3c28bd9c48294f6c13af3fabfb6c9ebf6d3997cbdc93bdc	0	0	0	source exists but pc-port behavior/shape differs
System/MessageHolder.hpp	src/Game/System/MessageHolder.hpp	decomp/include/Game/System/MessageHolder.hpp	compat-temporary	yes	2fc7722aa2ff88b96d32306367cfb4e2ec96d7b8ea85ab636d6dff0996819daf	83a58349c9c52302540a7590b5fb4df0d0503dcaffe4e36d8c017f01ae9256be	0	0	0	source exists but pc-port behavior/shape differs
System/NANDErrorSequence.cpp	src/Game/System/NANDErrorSequence.cpp	decomp/src/Game/System/NANDErrorSequence.cpp	exact-source	yes	38a92f5dd51b8529445fa7c403def5c4fa015df72e125278b1f70c001ccd66eb	38a92f5dd51b8529445fa7c403def5c4fa015df72e125278b1f70c001ccd66eb	0	0	0	byte-for-byte match
System/NANDErrorSequence.hpp	src/Game/System/NANDErrorSequence.hpp	decomp/include/Game/System/NANDErrorSequence.hpp	exact-source	yes	86a968818f7c3ae8d1c1ca39660fe20c8bcc65c6aec4d288180e6a72adf8d0e1	86a968818f7c3ae8d1c1ca39660fe20c8bcc65c6aec4d288180e6a72adf8d0e1	0	0	0	byte-for-byte match
System/NANDManager.cpp	src/Game/System/NANDManager.cpp	decomp/src/Game/System/NANDManager.cpp	exact-source	yes	d95ba81ed593edff8ad9056371784de17e161a200b13e52b1ef4e1a4a2a7ad23	d95ba81ed593edff8ad9056371784de17e161a200b13e52b1ef4e1a4a2a7ad23	0	0	0	byte-for-byte match
System/NANDManager.hpp	src/Game/System/NANDManager.hpp	decomp/include/Game/System/NANDManager.hpp	compat-temporary	yes	34e9f4138a2639b9cb5a53f78d001ba23194e11dc6674433009395f389a868e8	adf709116443bb94b49d863e1e5e45a28dd7f023391bb8fcc5bef16c801e90fd	0	0	0	source exists but pc-port behavior/shape differs
System/NANDManagerThread.cpp	src/Game/System/NANDManagerThread.cpp	decomp/src/Game/System/NANDManagerThread.cpp	exact-source	yes	e99e052d69eb57289f4c20dba6461efcbaaa7d5cb00fdeb2bea20a0cf51d0f40	e99e052d69eb57289f4c20dba6461efcbaaa7d5cb00fdeb2bea20a0cf51d0f40	0	0	0	byte-for-byte match
System/NANDManagerThread.hpp	src/Game/System/NANDManagerThread.hpp	decomp/include/Game/System/NANDManagerThread.hpp	exact-source	yes	033bc45f858546cf36aadbc86c9539ef916b8595275d5a64dd6acfc98d6c8103	033bc45f858546cf36aadbc86c9539ef916b8595275d5a64dd6acfc98d6c8103	0	0	0	byte-for-byte match
System/NerveExecutor.cpp	src/Game/System/NerveExecutor.cpp	decomp/src/Game/System/NerveExecutor.cpp	exact-source	yes	4256bfb674d4f33b1e8e1422129da25ba4331c8e3fe6136b473552a66d76c191	4256bfb674d4f33b1e8e1422129da25ba4331c8e3fe6136b473552a66d76c191	0	0	0	byte-for-byte match
System/NerveExecutor.hpp	src/Game/System/NerveExecutor.hpp	decomp/include/Game/System/NerveExecutor.hpp	exact-source	yes	e45056380d44412818feaa6b2272edb25fcac64500ab360a5a3e8229007fe212	e45056380d44412818feaa6b2272edb25fcac64500ab360a5a3e8229007fe212	0	0	0	byte-for-byte match
System/OSThreadWrapper.cpp	src/Game/System/OSThreadWrapper.cpp	decomp/src/Game/System/OSThreadWrapper.cpp	exact-source	yes	362913178a3aed56ee16725eaeb5db23876802505818929440e11586ae8ea758	362913178a3aed56ee16725eaeb5db23876802505818929440e11586ae8ea758	0	0	0	byte-for-byte match
System/OSThreadWrapper.hpp	src/Game/System/OSThreadWrapper.hpp	decomp/include/Game/System/OSThreadWrapper.hpp	exact-source	yes	0be19431b034e59686778965313b9df25855fc4feba9104a54d671693b666d6c	0be19431b034e59686778965313b9df25855fc4feba9104a54d671693b666d6c	0	0	0	byte-for-byte match
System/PauseButtonCheckerInGame.cpp	src/Game/System/PauseButtonCheckerInGame.cpp	decomp/src/Game/System/PauseButtonCheckerInGame.cpp	exact-source	yes	ba6495ef670a927dd64685608b9646967ce1d7309d4e28c72eb5d6f9655e1716	ba6495ef670a927dd64685608b9646967ce1d7309d4e28c72eb5d6f9655e1716	0	0	0	byte-for-byte match
System/PauseButtonCheckerInGame.hpp	src/Game/System/PauseButtonCheckerInGame.hpp	decomp/include/Game/System/PauseButtonCheckerInGame.hpp	exact-source	yes	22947f9de2fd7318ffd3b1d1f3b8d3498735d36d87a32b4d22d66abc16f72891	22947f9de2fd7318ffd3b1d1f3b8d3498735d36d87a32b4d22d66abc16f72891	0	0	0	byte-for-byte match
System/PlacedHiddenStarScenarioTable.cpp	src/Game/System/PlacedHiddenStarScenarioTable.cpp	decomp/src/Game/System/PlacedHiddenStarScenarioTable.cpp	exact-source	yes	e9814c37e92fa3e7a80f2ce9cd7e1356fc7a061294d046a48560f6cc60b71335	e9814c37e92fa3e7a80f2ce9cd7e1356fc7a061294d046a48560f6cc60b71335	0	0	0	byte-for-byte match
System/PlacedHiddenStarScenarioTable.hpp	src/Game/System/PlacedHiddenStarScenarioTable.hpp	decomp/include/Game/System/PlacedHiddenStarScenarioTable.hpp	exact-source	yes	6e142bea00ea2290c1aaf9b8feceab82f38d902d8947daa62eb1cf08d1d37259	6e142bea00ea2290c1aaf9b8feceab82f38d902d8947daa62eb1cf08d1d37259	0	0	0	byte-for-byte match
System/RenderMode.cpp	src/Game/System/RenderMode.cpp	decomp/src/Game/System/RenderMode.cpp	exact-source	yes	a8a66ff9cf299c4d245bd91f7d750db4eeff322ebf0bab849ac7df271a3d1e18	a8a66ff9cf299c4d245bd91f7d750db4eeff322ebf0bab849ac7df271a3d1e18	0	0	0	byte-for-byte match
System/RenderMode.hpp	src/Game/System/RenderMode.hpp	decomp/include/Game/System/RenderMode.hpp	exact-source	yes	f105f47acd5c44488e81e353d791e14da1c9bc3c14a9896eb82f6759340c7ca8	f105f47acd5c44488e81e353d791e14da1c9bc3c14a9896eb82f6759340c7ca8	0	0	0	byte-for-byte match
System/ResourceHolder.cpp	src/Game/System/ResourceHolder.cpp	decomp/src/Game/System/ResourceHolder.cpp	exact-source	yes	fc5e312e8b8417590279bbebc547706091a852a7fd8ce7b4786c9b08d11f8537	fc5e312e8b8417590279bbebc547706091a852a7fd8ce7b4786c9b08d11f8537	0	0	0	byte-for-byte match
System/ResourceHolder.hpp	src/Game/System/ResourceHolder.hpp	decomp/include/Game/System/ResourceHolder.hpp	exact-source	yes	e769ab919df6653475263e308e366341a75540bef2902141aa3cce035ac3396b	e769ab919df6653475263e308e366341a75540bef2902141aa3cce035ac3396b	0	0	0	byte-for-byte match
System/ResourceHolderManager.hpp	src/Game/System/ResourceHolderManager.hpp	decomp/include/Game/System/ResourceHolderManager.hpp	exact-source	yes	bb88ec7a94bb3f3ada8c2ed6771df5a91a53207bf1bad20bf896b41dc706ce42	bb88ec7a94bb3f3ada8c2ed6771df5a91a53207bf1bad20bf896b41dc706ce42	0	0	0	byte-for-byte match
System/ResourceInfo.cpp	src/Game/System/ResourceInfo.cpp	decomp/src/Game/System/ResourceInfo.cpp	compat-temporary	yes	f873ac2ff31302b07055f3b97bd5f4a2f0c0175982881c052b4dad0d5e03237a	babff49bd59738c09e1934e46741c223ed9310dd6ba3feef12d68745e9930606	0	0	0	source exists but pc-port behavior/shape differs
System/ResourceInfo.hpp	src/Game/System/ResourceInfo.hpp	decomp/include/Game/System/ResourceInfo.hpp	exact-source	yes	d39d7b7a567ed27d91dd43700286be3f434e8ce3bba51bf0e16947fa84adaddf	d39d7b7a567ed27d91dd43700286be3f434e8ce3bba51bf0e16947fa84adaddf	0	0	0	byte-for-byte match
System/SaveDataBannerCreator.cpp	src/Game/System/SaveDataBannerCreator.cpp	decomp/src/Game/System/SaveDataBannerCreator.cpp	compat-temporary	yes	63205f5f74aacbbf50f97c7a9d594b940d8e25fcab487f7e49dd47ab8837a466	432b1f928a93ad9db767b46b37865220ee176fa9002b1daa903e78bda533828e	0	0	0	source exists but pc-port behavior/shape differs
System/SaveDataBannerCreator.hpp	src/Game/System/SaveDataBannerCreator.hpp	decomp/include/Game/System/SaveDataBannerCreator.hpp	exact-source	yes	3b868c3f8ec9300962ef9248f4e1ec278de77fceceeaddf5c197b8e041bd4a97	3b868c3f8ec9300962ef9248f4e1ec278de77fceceeaddf5c197b8e041bd4a97	0	0	0	byte-for-byte match
System/SaveDataFileAccessor.cpp	src/Game/System/SaveDataFileAccessor.cpp	decomp/src/Game/System/SaveDataFileAccessor.cpp	exact-source	yes	1a9116bd47d550004f229244a82a93bb73f3570a0a6ed547900ff83a76589af7	1a9116bd47d550004f229244a82a93bb73f3570a0a6ed547900ff83a76589af7	0	0	0	byte-for-byte match
System/SaveDataFileAccessor.hpp	src/Game/System/SaveDataFileAccessor.hpp	decomp/include/Game/System/SaveDataFileAccessor.hpp	exact-source	yes	5d91d01e0998bb2a681d44a599a4eff47806b06068deccdb83d48e97a9f82941	5d91d01e0998bb2a681d44a599a4eff47806b06068deccdb83d48e97a9f82941	0	0	0	byte-for-byte match
System/SaveDataHandleSequence.cpp	src/Game/System/SaveDataHandleSequence.cpp	decomp/src/Game/System/SaveDataHandleSequence.cpp	compile-only	yes	e332b145bc8bf5f8a0b6f772d5b1ddaa06b1c2aceee8ff437a093886a49adc94	8827336b8ae41f2611510c1e94eec67f663ae87f56f36cf2db5b843c0d72e19f	0	0	0	explicit CP932 literal wrappers and encoding include only
System/SaveDataHandleSequence.hpp	src/Game/System/SaveDataHandleSequence.hpp	decomp/include/Game/System/SaveDataHandleSequence.hpp	exact-source	yes	7b61b50593f658de4dbc8a82f657590b162ad098b7898f8fefcaef1abf304864	7b61b50593f658de4dbc8a82f657590b162ad098b7898f8fefcaef1abf304864	0	0	0	byte-for-byte match
System/SaveDataHandler.cpp	src/Game/System/SaveDataHandler.cpp	decomp/src/Game/System/SaveDataHandler.cpp	exact-source	yes	b8a96f3e13d64d256c5f8e844592ea8f13a8129388d01aa327bfc576900d1347	b8a96f3e13d64d256c5f8e844592ea8f13a8129388d01aa327bfc576900d1347	0	0	0	byte-for-byte match
System/SaveDataHandler.hpp	src/Game/System/SaveDataHandler.hpp	decomp/include/Game/System/SaveDataHandler.hpp	exact-source	yes	6c32afda30a2f84ba9545dba9f2dae6c0637618d944d0e6e330ddfcae202f03a	6c32afda30a2f84ba9545dba9f2dae6c0637618d944d0e6e330ddfcae202f03a	0	0	0	byte-for-byte match
System/ScenarioDataParser.cpp	src/Game/System/ScenarioDataParser.cpp	decomp/src/Game/System/ScenarioDataParser.cpp	compat-temporary	yes	e82ea2f9f5b515668acc870ea6c8f09970c4a3ebd96fc019abae6b7c739ab897	517b8d49ccc25906f120819db412bfc0f437ed6126e1121c8703e37da891a5e4	0	0	0	source exists but pc-port behavior/shape differs
System/ScenarioDataParser.hpp	src/Game/System/ScenarioDataParser.hpp	decomp/include/Game/System/ScenarioDataParser.hpp	compat-temporary	yes	3d452f6153ee1421df7886638cdf10342ac97357408f3ba1256cfaf44250a8be	632f753c80091aa90d650600636e118504e45e7436dff6a3f209665670fad14e	0	0	0	source exists but pc-port behavior/shape differs
System/ScenarioProgressTestRun.cpp	src/Game/System/ScenarioProgressTestRun.cpp	decomp/src/Game/System/ScenarioProgressTestRun.cpp	exact-source	yes	a6e2b9c58e8fe0d1e94fde8d7d96471b1dec526fcebd8e364fe23d6464dd1b9f	a6e2b9c58e8fe0d1e94fde8d7d96471b1dec526fcebd8e364fe23d6464dd1b9f	0	0	0	byte-for-byte match
System/ScenarioProgressTestRun.hpp	src/Game/System/ScenarioProgressTestRun.hpp	decomp/include/Game/System/ScenarioProgressTestRun.hpp	exact-source	yes	74ac161e119a3e73e8e86411753bc7c0b490adf2a80c724c0e1829e043146b30	74ac161e119a3e73e8e86411753bc7c0b490adf2a80c724c0e1829e043146b30	0	0	0	byte-for-byte match
System/ShapePacketUserData.cpp	src/Game/System/ShapePacketUserData.cpp		decomp-needed	yes	b750aaac7fb5c13301c5b1365af7adb35c62ba7eb9910306d94ed0342294ad1d		0	0	0	no root implementation counterpart; declaration counterpart decomp/include/Game/System/ShapePacketUserData.hpp
System/ShapePacketUserData.hpp	src/Game/System/ShapePacketUserData.hpp	decomp/include/Game/System/ShapePacketUserData.hpp	compat-temporary	yes	9d4bfcaf7dfdcaf0978d2ab9af21465952327334550c52ed27950d744ab404d9	e750462d0a1dad348ffbee2923dca76b538149d9c6d391d7b400e4f680f892c6	0	0	0	source exists but pc-port behavior/shape differs
System/SpinDriverPathStorage.cpp	src/Game/System/SpinDriverPathStorage.cpp	decomp/src/Game/System/SpinDriverPathStorage.cpp	exact-source	yes	cae16b1a3eb53d5c5f5ef6c5ae764c0f3ace2af70ff9a36ac2a5d8926a62696a	cae16b1a3eb53d5c5f5ef6c5ae764c0f3ace2af70ff9a36ac2a5d8926a62696a	0	0	0	byte-for-byte match
System/SpinDriverPathStorage.hpp	src/Game/System/SpinDriverPathStorage.hpp	decomp/include/Game/System/SpinDriverPathStorage.hpp	exact-source	yes	2fcd10c8d71ea4dbd990cc621df53adf1b109f9990cbcc04566ac630b77de682	2fcd10c8d71ea4dbd990cc621df53adf1b109f9990cbcc04566ac630b77de682	0	0	0	byte-for-byte match
System/StageResultSequenceChecker.cpp	src/Game/System/StageResultSequenceChecker.cpp	decomp/src/Game/System/StageResultSequenceChecker.cpp	exact-source	yes	ed380f849111d4101fec5e9cfe0a4ea765f135c5cffd6cc915baa33bca320827	ed380f849111d4101fec5e9cfe0a4ea765f135c5cffd6cc915baa33bca320827	0	0	0	byte-for-byte match
System/StageResultSequenceChecker.hpp	src/Game/System/StageResultSequenceChecker.hpp	decomp/include/Game/System/StageResultSequenceChecker.hpp	exact-source	yes	47797e4836655ce4b2569445f89e54adc4af9e03e9c311c03bc2cd6cc4b4b6d0	47797e4836655ce4b2569445f89e54adc4af9e03e9c311c03bc2cd6cc4b4b6d0	0	0	0	byte-for-byte match
System/StarPieceAlmsStorage.cpp	src/Game/System/StarPieceAlmsStorage.cpp	decomp/src/Game/System/StarPieceAlmsStorage.cpp	exact-source	yes	96f9bafd36676c37689a8984563ca3b6edd61a82026a757bec4a330a9775f610	96f9bafd36676c37689a8984563ca3b6edd61a82026a757bec4a330a9775f610	0	0	0	byte-for-byte match
System/StarPieceAlmsStorage.hpp	src/Game/System/StarPieceAlmsStorage.hpp	decomp/include/Game/System/StarPieceAlmsStorage.hpp	exact-source	yes	631e875225ebacbe6fb5974d77fa2b6771d732f2a51908b4a44f3f3aeb7a7159	631e875225ebacbe6fb5974d77fa2b6771d732f2a51908b4a44f3f3aeb7a7159	0	0	0	byte-for-byte match
System/StarPointerOnOffController.cpp	src/Game/System/StarPointerOnOffController.cpp	decomp/src/Game/System/StarPointerOnOffController.cpp	compile-only	yes	24785d7df7413da849bac36e8a74fd74287db8b4e7da12d8dcce2b66c4240394	d0c7ab3a7d6ba288737e2b4c5fc20e8a07413da8955910f898dd6295c21a042f	0	0	2	explicit CP932 literal wrappers and encoding include only
System/StarPointerOnOffController.hpp	src/Game/System/StarPointerOnOffController.hpp	decomp/include/Game/System/StarPointerOnOffController.hpp	exact-source	yes	5e5280fa79118fe0f0437d1feaa701a20e86b2d90f26a580574fe65f59dd591d	5e5280fa79118fe0f0437d1feaa701a20e86b2d90f26a580574fe65f59dd591d	0	0	0	byte-for-byte match
System/StationedArchiveLoader.cpp	src/Game/System/StationedArchiveLoader.cpp	decomp/src/Game/System/StationedArchiveLoader.cpp	exact-source	yes	b6d41e13ccda30b140479df54a2e095faf1c146e03502a9d5684765062afc43b	b6d41e13ccda30b140479df54a2e095faf1c146e03502a9d5684765062afc43b	0	0	0	byte-for-byte match
System/StationedArchiveLoader.hpp	src/Game/System/StationedArchiveLoader.hpp	decomp/include/Game/System/StationedArchiveLoader.hpp	compat-temporary	yes	2453e25a38f3e25298ddb5be99cbf11e490f79527b31a1283dbf4a04390ab0d8	e984f6554e262a5d50e26704f18e6c13cb24feb2f3ac4216abec2325ad6cf288	0	0	0	source exists but pc-port behavior/shape differs
System/StationedFileInfo.cpp	src/Game/System/StationedFileInfo.cpp	decomp/src/Game/System/StationedFileInfo.cpp	compat-temporary	yes	1c73e76674fcb824c663bd56995a30a716f83726dc12bf1c63508e0bab2366da	68d5369f682004e8ebb5b1746b96ef9b6cd522a4c4e87478438011b56a661fd0	0	0	0	source exists but pc-port behavior/shape differs
System/StationedFileInfo.hpp	src/Game/System/StationedFileInfo.hpp	decomp/include/Game/System/StationedFileInfo.hpp	exact-source	yes	50bfcd24d4c6cdf04bf43a48f17527178091b40294987c414880d338499813e5	50bfcd24d4c6cdf04bf43a48f17527178091b40294987c414880d338499813e5	0	0	0	byte-for-byte match
System/StorySequenceExecutor.cpp	src/Game/System/StorySequenceExecutor.cpp	decomp/src/Game/System/StorySequenceExecutor.cpp	compile-only	yes	925d82069ddb3b06c2700dc450ce0458f7eb9649cb5e228ef4fe172a15a0ae39	d464f2d89d9e53e58788f8a58f7cfc8d748c88416416be4b2a2710e0313fa5f1	0	0	0	explicit CP932 literal wrappers and encoding include only
System/StorySequenceExecutor.hpp	src/Game/System/StorySequenceExecutor.hpp	decomp/include/Game/System/StorySequenceExecutor.hpp	exact-source	yes	8cf1170fa7561db34fa5fdc308ee361efa6e9a14f02ea1790364b773688e8e47	8cf1170fa7561db34fa5fdc308ee361efa6e9a14f02ea1790364b773688e8e47	0	0	0	byte-for-byte match
System/SysConfigFile.cpp	src/Game/System/SysConfigFile.cpp	decomp/src/Game/System/SysConfigFile.cpp	exact-source	yes	f3b755ce2887f63f365dd0dc823052a84d494a5231dc1dcad1bf7c238877ef84	f3b755ce2887f63f365dd0dc823052a84d494a5231dc1dcad1bf7c238877ef84	0	0	0	byte-for-byte match
System/SysConfigFile.hpp	src/Game/System/SysConfigFile.hpp	decomp/include/Game/System/SysConfigFile.hpp	exact-source	yes	f468b2c83ff5e77a368b0edd41f1ff1592bf8e7f3273a091ba4ce5d2df0b965e	f468b2c83ff5e77a368b0edd41f1ff1592bf8e7f3273a091ba4ce5d2df0b965e	0	0	0	byte-for-byte match
System/UserFile.cpp	src/Game/System/UserFile.cpp	decomp/src/Game/System/UserFile.cpp	exact-source	yes	ef5636ad553d7281ecc75e3ccfc4b5f190ef4b2f2ebb8e14baaa581402ee662f	ef5636ad553d7281ecc75e3ccfc4b5f190ef4b2f2ebb8e14baaa581402ee662f	0	0	0	byte-for-byte match
System/UserFile.hpp	src/Game/System/UserFile.hpp	decomp/include/Game/System/UserFile.hpp	exact-source	yes	fbdfcae942d5dda0eb1a81d836e0dee6fa09b33c3529613ec4c22fc0429f51a2	fbdfcae942d5dda0eb1a81d836e0dee6fa09b33c3529613ec4c22fc0429f51a2	0	0	0	byte-for-byte match
System/WPad.cpp	src/Game/System/WPad.cpp	decomp/src/Game/System/WPad.cpp	exact-source	yes	d2d5f5c2b36f0cb2941d9489e0d2ddba638c5d98bdd036db3a300514c5afd24b	d2d5f5c2b36f0cb2941d9489e0d2ddba638c5d98bdd036db3a300514c5afd24b	0	0	0	byte-for-byte match
System/WPad.hpp	src/Game/System/WPad.hpp	decomp/include/Game/System/WPad.hpp	exact-source	yes	f3c5b7b7ea4909d0d5dee07fb51246876cb61280513b6e818ad35554186ec208	f3c5b7b7ea4909d0d5dee07fb51246876cb61280513b6e818ad35554186ec208	0	0	0	byte-for-byte match
System/WPadAcceleration.cpp	src/Game/System/WPadAcceleration.cpp	decomp/src/Game/System/WPadAcceleration.cpp	exact-source	yes	447ff70ec3db05a8342a09f00fc3aa10ec44746acd94251cc28974eb12a0494e	447ff70ec3db05a8342a09f00fc3aa10ec44746acd94251cc28974eb12a0494e	0	0	0	byte-for-byte match
System/WPadAcceleration.hpp	src/Game/System/WPadAcceleration.hpp	decomp/include/Game/System/WPadAcceleration.hpp	exact-source	yes	d79ad722038ced758405206c9e80d2c0a216ce2d7146ebab7ccf250ba868c9e2	d79ad722038ced758405206c9e80d2c0a216ce2d7146ebab7ccf250ba868c9e2	0	0	0	byte-for-byte match
System/WPadButton.cpp	src/Game/System/WPadButton.cpp	decomp/src/Game/System/WPadButton.cpp	exact-source	yes	cb63973e0ead41eacb56c26ebe63275422bc86cdbac596eb2d84e8f8cedffc76	cb63973e0ead41eacb56c26ebe63275422bc86cdbac596eb2d84e8f8cedffc76	0	0	0	byte-for-byte match
System/WPadButton.hpp	src/Game/System/WPadButton.hpp	decomp/include/Game/System/WPadButton.hpp	exact-source	yes	2f03e529f556e4f0bd0a916185f6cc52a53b6949622669116d8dec2a078af419	2f03e529f556e4f0bd0a916185f6cc52a53b6949622669116d8dec2a078af419	0	0	0	byte-for-byte match
System/WPadHVSwing.cpp	src/Game/System/WPadHVSwing.cpp	decomp/src/Game/System/WPadHVSwing.cpp	exact-source	yes	41e2bf5d5a3bc5f4f692e7cbd3d54ce15347b686d1f40145bd12faa41a2b887a	41e2bf5d5a3bc5f4f692e7cbd3d54ce15347b686d1f40145bd12faa41a2b887a	0	0	0	byte-for-byte match
System/WPadHVSwing.hpp	src/Game/System/WPadHVSwing.hpp	decomp/include/Game/System/WPadHVSwing.hpp	exact-source	yes	30f5203bf6eef94ab9d8382bd4e7dbcea6dd0c180ec64e67ebdedf1435cbcac0	30f5203bf6eef94ab9d8382bd4e7dbcea6dd0c180ec64e67ebdedf1435cbcac0	0	0	0	byte-for-byte match
System/WPadHolder.hpp	src/Game/System/WPadHolder.hpp	decomp/include/Game/System/WPadHolder.hpp	exact-source	yes	721476827c06c6393a49fa54362050f820f52cd9fe1ff59bbf8f179a7d69849c	721476827c06c6393a49fa54362050f820f52cd9fe1ff59bbf8f179a7d69849c	0	0	0	byte-for-byte match
System/WPadInfoChecker.cpp	src/Game/System/WPadInfoChecker.cpp	decomp/src/Game/System/WPadInfoChecker.cpp	exact-source	yes	1073dc7b6d7012c676200c2e5609f8922228b274b3add7ca9f3332f98875646a	1073dc7b6d7012c676200c2e5609f8922228b274b3add7ca9f3332f98875646a	0	0	0	byte-for-byte match
System/WPadInfoChecker.hpp	src/Game/System/WPadInfoChecker.hpp	decomp/include/Game/System/WPadInfoChecker.hpp	exact-source	yes	f6d5cde25b8571e20d068275127d76710f5e8c35424a686aad10d461cad6ec80	f6d5cde25b8571e20d068275127d76710f5e8c35424a686aad10d461cad6ec80	0	0	0	byte-for-byte match
System/WPadLeaveWatcher.cpp	src/Game/System/WPadLeaveWatcher.cpp	decomp/src/Game/System/WPadLeaveWatcher.cpp	exact-source	yes	c1653f3beb73ef2a15454bee46b999c46389a7cd8c4ddc185527ce5df29e4602	c1653f3beb73ef2a15454bee46b999c46389a7cd8c4ddc185527ce5df29e4602	0	0	0	byte-for-byte match
System/WPadLeaveWatcher.hpp	src/Game/System/WPadLeaveWatcher.hpp	decomp/include/Game/System/WPadLeaveWatcher.hpp	exact-source	yes	314bfc2bf005ade320d1bad591b9edb45350a3cec9e39dde8a27e6b5b1b09363	314bfc2bf005ade320d1bad591b9edb45350a3cec9e39dde8a27e6b5b1b09363	0	0	0	byte-for-byte match
System/WPadPointer.cpp	src/Game/System/WPadPointer.cpp	decomp/src/Game/System/WPadPointer.cpp	exact-source	yes	5eb140a50a293046af6ca22eee81fc32f3c688b5bef43dce9209b6e89e182bf5	5eb140a50a293046af6ca22eee81fc32f3c688b5bef43dce9209b6e89e182bf5	0	0	0	byte-for-byte match
System/WPadPointer.hpp	src/Game/System/WPadPointer.hpp	decomp/include/Game/System/WPadPointer.hpp	exact-source	yes	70b48f4160a3da493ac7ed7128e59d29ed2a63f589d7ffc465b1129da7d473d2	70b48f4160a3da493ac7ed7128e59d29ed2a63f589d7ffc465b1129da7d473d2	0	0	0	byte-for-byte match
System/WPadRumble.cpp	src/Game/System/WPadRumble.cpp	decomp/src/Game/System/WPadRumble.cpp	exact-source	yes	aaf26ce26b9188be8cd475ae20e1dc35605bc394240cdf3d7a1f34aa70470f55	aaf26ce26b9188be8cd475ae20e1dc35605bc394240cdf3d7a1f34aa70470f55	0	0	0	byte-for-byte match
System/WPadRumble.hpp	src/Game/System/WPadRumble.hpp	decomp/include/Game/System/WPadRumble.hpp	exact-source	yes	3cb4caba30a78c5aab79bd40cd0c610948af0a2922a3ff17e72b61ea72fd5e62	3cb4caba30a78c5aab79bd40cd0c610948af0a2922a3ff17e72b61ea72fd5e62	0	0	0	byte-for-byte match
System/WPadRumbleData.cpp	src/Game/System/WPadRumbleData.cpp	decomp/src/Game/System/WPadRumbleData.cpp	compile-only	yes	f757abd2bc3e490c0522118dc56b9fd4c918c44de695a6685d8883fe9d69a942	76bc96891dd4dc7b7351205e1ebeece3e71c824aebc0860a2a1dc58edc1d5053	0	0	0	explicit CP932 literal wrappers and encoding include only
System/WPadRumbleData.hpp	src/Game/System/WPadRumbleData.hpp	decomp/include/Game/System/WPadRumbleData.hpp	exact-source	yes	fae41824759cb53f204312b9b35ef70a833792ab763fb4c0fb7d1f6ad73ddffe	fae41824759cb53f204312b9b35ef70a833792ab763fb4c0fb7d1f6ad73ddffe	0	0	0	byte-for-byte match
System/WPadStick.cpp	src/Game/System/WPadStick.cpp	decomp/src/Game/System/WPadStick.cpp	exact-source	yes	26b5f3cbd3bb7e5f39dee19814f888b6be895008ed9dd04405ca44ecfb531174	26b5f3cbd3bb7e5f39dee19814f888b6be895008ed9dd04405ca44ecfb531174	0	0	0	byte-for-byte match
System/WPadStick.hpp	src/Game/System/WPadStick.hpp	decomp/include/Game/System/WPadStick.hpp	exact-source	yes	c24b17fc3bd2cb97b267740ac90410d0ce726937c9a1c9ad0402967d1058102a	c24b17fc3bd2cb97b267740ac90410d0ce726937c9a1c9ad0402967d1058102a	0	0	0	byte-for-byte match
Util.hpp	src/Game/Util.hpp	decomp/include/Game/Util.hpp	compat-temporary	no	2bb659736c3c78f269e55980a05e4cd9d7beb1b9f9ebeee4af006bfe28c05bd0	7557bcadcbea791c4412df891ab819b388a6e8d022634cd50d50abf269ee1723	0	0	0	source exists but pc-port behavior/shape differs
Util/ActorCameraUtil.cpp	src/Game/Util/ActorCameraUtil.cpp	decomp/src/Game/Util/ActorCameraUtil.cpp	compile-only	yes	a3a9a950d5f4fa786c2d6b919ffa26867c079dff569899996518702a20e70575	d7236a7f05126eb2abfd53cc06c6b6cd93d3fea18abd67ca015c21ac9bc7cfb6	0	0	0	explicit CP932 literal wrappers and encoding include only
Util/ActorCameraUtil.hpp	src/Game/Util/ActorCameraUtil.hpp	decomp/include/Game/Util/ActorCameraUtil.hpp	exact-source	yes	fd8f28bba7c201dcd8b4da45786e0390289b527b5d51d9db16e06a5355b237c7	fd8f28bba7c201dcd8b4da45786e0390289b527b5d51d9db16e06a5355b237c7	0	0	0	byte-for-byte match
Util/ActorMovementUtil.cpp	src/Game/Util/ActorMovementUtil.cpp	decomp/src/Game/Util/ActorMovementUtil.cpp	exact-source	yes	90ba2839babeaa64c48ecd652b8cf8657cade5b9e4cfddaebe904e4a618540c5	90ba2839babeaa64c48ecd652b8cf8657cade5b9e4cfddaebe904e4a618540c5	0	0	0	byte-for-byte match
Util/ActorMovementUtil.hpp	src/Game/Util/ActorMovementUtil.hpp	decomp/include/Game/Util/ActorMovementUtil.hpp	exact-source	yes	4c8bb8ebb1383545cd3d413cf4ea80dcd84ac88799320c5960071c60414e2a54	4c8bb8ebb1383545cd3d413cf4ea80dcd84ac88799320c5960071c60414e2a54	0	0	0	byte-for-byte match
Util/ActorSensorUtil.cpp	src/Game/Util/ActorSensorUtil.cpp	decomp/src/Game/Util/ActorSensorUtil.cpp	exact-source	yes	2c5a4a3f6d13ca02e56b1f90473f5c177a2f4d16017966108917d7799cbf7385	2c5a4a3f6d13ca02e56b1f90473f5c177a2f4d16017966108917d7799cbf7385	0	0	0	byte-for-byte match
Util/ActorSensorUtil.hpp	src/Game/Util/ActorSensorUtil.hpp	decomp/include/Game/Util/ActorSensorUtil.hpp	exact-source	yes	ec92fc97a80029fc40e8535ecfdc5beca1b15eee29b14664ff3fb9fd11a8ab74	ec92fc97a80029fc40e8535ecfdc5beca1b15eee29b14664ff3fb9fd11a8ab74	0	0	0	byte-for-byte match
Util/ActorShadowLocalUtil.hpp	src/Game/Util/ActorShadowLocalUtil.hpp	decomp/include/Game/Util/ActorShadowLocalUtil.hpp	exact-source	yes	bc2f3a2c60ae82d152da704edb12ad00fffeda5b8abb26ab3590d868bcaa016f	bc2f3a2c60ae82d152da704edb12ad00fffeda5b8abb26ab3590d868bcaa016f	0	0	0	byte-for-byte match
Util/ActorShadowUtil.cpp	src/Game/Util/ActorShadowUtil.cpp	decomp/src/Game/Util/ActorShadowUtil.cpp	compile-only	yes	e09e3f9e5efd20a3b3b3e793ee5c99b63fa7bb203a62579b03c070467cc87769	019212eaff3a54c4c8df0bd4888be9a3947f38cf4aac46f61b59ece34427bf5b	0	0	0	explicit CP932 literal wrappers and encoding include only
Util/ActorShadowUtil.hpp	src/Game/Util/ActorShadowUtil.hpp	decomp/include/Game/Util/ActorShadowUtil.hpp	exact-source	yes	608550e8048637e2854e970b189ec48c5dfa6d3cd5f6ad32c83d98066456830e	608550e8048637e2854e970b189ec48c5dfa6d3cd5f6ad32c83d98066456830e	0	0	0	byte-for-byte match
Util/ActorStateUtil.cpp	src/Game/Util/ActorStateUtil.cpp	decomp/src/Game/Util/ActorStateUtil.cpp	exact-source	yes	0f3d43df1093f8d3c64fd81c183bc67d7e0dbf9ff77596ddfbc26098d78da2ec	0f3d43df1093f8d3c64fd81c183bc67d7e0dbf9ff77596ddfbc26098d78da2ec	0	0	0	byte-for-byte match
Util/ActorStateUtil.hpp	src/Game/Util/ActorStateUtil.hpp	decomp/include/Game/Util/ActorStateUtil.hpp	exact-source	yes	e62284aa108611b0579ee23926501fd6251db4d553438d407cf7d38acfbb4e4c	e62284aa108611b0579ee23926501fd6251db4d553438d407cf7d38acfbb4e4c	0	0	0	byte-for-byte match
Util/ActorSwitchUtil.cpp	src/Game/Util/ActorSwitchUtil.cpp	decomp/src/Game/Util/ActorSwitchUtil.cpp	exact-source	yes	ad4af62a22824c1d21e18121be177776c549d3af04f2475ae99f4a4b6c297ab0	ad4af62a22824c1d21e18121be177776c549d3af04f2475ae99f4a4b6c297ab0	0	0	0	byte-for-byte match
Util/ActorSwitchUtil.hpp	src/Game/Util/ActorSwitchUtil.hpp	decomp/include/Game/Util/ActorSwitchUtil.hpp	exact-source	yes	760dff27a162ad335fe87f8fac1ddb87b6b7adce67784168079411dd9cb9721b	760dff27a162ad335fe87f8fac1ddb87b6b7adce67784168079411dd9cb9721b	0	0	0	byte-for-byte match
Util/AreaObjUtil.cpp	src/Game/Util/AreaObjUtil.cpp	decomp/src/Game/Util/AreaObjUtil.cpp	exact-source	yes	317909026601baff7ed63a4d161c64e8c64a0eb6e174ae4dc61382b2b1e26971	317909026601baff7ed63a4d161c64e8c64a0eb6e174ae4dc61382b2b1e26971	0	0	0	byte-for-byte match
Util/AreaObjUtil.hpp	src/Game/Util/AreaObjUtil.hpp	decomp/include/Game/Util/AreaObjUtil.hpp	compat-temporary	yes	8844134afe474d12bfad31b22ade5049a4af8ebdac806b4abccb66ba3c205449	788ab2e2d4a765422d406d6674a1684cb40dc746885ba5d49fe34f88e5c653fb	0	0	0	source exists but pc-port behavior/shape differs
Util/Array.hpp	src/Game/Util/Array.hpp	decomp/include/Game/Util/Array.hpp	exact-source	yes	834315a716cb1730752d2f1ddc81068f3a53bcc92df24d3c1ecd600e25cbcb9e	834315a716cb1730752d2f1ddc81068f3a53bcc92df24d3c1ecd600e25cbcb9e	0	0	0	byte-for-byte match
Util/BaseMatrixFollowTargetHolder.cpp	src/Game/Util/BaseMatrixFollowTargetHolder.cpp	decomp/src/Game/Util/BaseMatrixFollowTargetHolder.cpp	compat-temporary	yes	7f5a349cc713fa444f316df1b47472aea728a87b4a3c025c7083a9860d32ef0d	70c28f83f32b3ff224d2db7d519cc59300921a41b9bc5438fee23e7f64e591f1	0	0	0	source exists but pc-port behavior/shape differs
Util/BaseMatrixFollowTargetHolder.hpp	src/Game/Util/BaseMatrixFollowTargetHolder.hpp	decomp/include/Game/Util/BaseMatrixFollowTargetHolder.hpp	compat-temporary	yes	5eb173e46825212c96145456aa46bb0b9a970769e12eeaabe590edf81ebe6f80	334b7f66c539f7e1a2ecc201c30c9806f11a1d258de822cdfd4b89d0b364d65d	0	0	0	source exists but pc-port behavior/shape differs
Util/BitArray.cpp	src/Game/Util/BitArray.cpp	decomp/src/Game/Util/BitArray.cpp	exact-source	yes	128994d1f77d7cd61162982e7c493750f2f54a85589134a9133a0899ecb672ec	128994d1f77d7cd61162982e7c493750f2f54a85589134a9133a0899ecb672ec	0	0	0	byte-for-byte match
Util/BitArray.hpp	src/Game/Util/BitArray.hpp	decomp/include/Game/Util/BitArray.hpp	exact-source	yes	1175887d1f6eaf5c8ea54d9875e22d0b10c1b8588d0e0944798034a775f33c0b	1175887d1f6eaf5c8ea54d9875e22d0b10c1b8588d0e0944798034a775f33c0b	0	0	0	byte-for-byte match
Util/BothDirList.cpp	src/Game/Util/BothDirList.cpp	decomp/src/Game/Util/BothDirList.cpp	compat-temporary	yes	4caf1aef9aac80b13a03dfd41a2fcf74e8a854ae377192798337e3b462141d5e	12c25bc04416cb1a135feb22d0b9a1ec1b2ec14d396ee5b1c4388d468c4a249b	0	0	0	source exists but pc-port behavior/shape differs
Util/BothDirList.hpp	src/Game/Util/BothDirList.hpp	decomp/include/Game/Util/BothDirList.hpp	exact-source	yes	9d888a317b7b0f01356a6251d298e547edb6547c9cbc6f7a6855bf8d039a71a1	9d888a317b7b0f01356a6251d298e547edb6547c9cbc6f7a6855bf8d039a71a1	0	0	0	byte-for-byte match
Util/CameraUtil.cpp	src/Game/Util/CameraUtil.cpp	decomp/src/Game/Util/CameraUtil.cpp	compat-temporary	yes	030eccec707ef0a85bc85e8c6de0c213ae87014394637413b086b926f2654754	ffd714534115af145cc3aa7b22e15f2fd51cc82f12a81be79b05c327f13baff6	2	0	0	source exists but pc-port behavior/shape differs
Util/CameraUtil.hpp	src/Game/Util/CameraUtil.hpp	decomp/include/Game/Util/CameraUtil.hpp	exact-source	yes	0a269d5a9e38c5a23f147c7fd56f176390749429bf194eac60bb62d3b782e3a3	0a269d5a9e38c5a23f147c7fd56f176390749429bf194eac60bb62d3b782e3a3	0	0	0	byte-for-byte match
Util/CollisionPartsFilter.cpp	src/Game/Util/CollisionPartsFilter.cpp	decomp/src/Game/Util/CollisionPartsFilter.cpp	exact-source	yes	1f9ba9f3433f2497366b29d791f6c7ef2a9880192ac28376d701e4fa5eddc3ef	1f9ba9f3433f2497366b29d791f6c7ef2a9880192ac28376d701e4fa5eddc3ef	0	0	0	byte-for-byte match
Util/CollisionPartsFilter.hpp	src/Game/Util/CollisionPartsFilter.hpp	decomp/include/Game/Util/CollisionPartsFilter.hpp	exact-source	yes	e4afdf5645435794957c3b2f07587b93b43a5837216f283a20990ee9f162866b	e4afdf5645435794957c3b2f07587b93b43a5837216f283a20990ee9f162866b	0	0	0	byte-for-byte match
Util/Color.cpp	src/Game/Util/Color.cpp	decomp/src/Game/Util/Color.cpp	exact-source	yes	d49e207c63e286bc9720d5641bd4aac316564acd3adcf13e2d019e7459767496	d49e207c63e286bc9720d5641bd4aac316564acd3adcf13e2d019e7459767496	0	0	0	byte-for-byte match
Util/Color.hpp	src/Game/Util/Color.hpp	decomp/include/Game/Util/Color.hpp	compat-temporary	yes	4e1494804ee951ae98d43acfce199621bfc4cb2839e67b0d3801f9d25c09a93b	ab273cd6333709c486efff55771e85bbc8832b814e25a703f59f00654a4219e2	0	0	0	source exists but pc-port behavior/shape differs
Util/DemoUtil.cpp	src/Game/Util/DemoUtil.cpp	decomp/src/Game/Util/DemoUtil.cpp	compile-only	yes	83f128badba30595222dddbebeca27155ad12e207cb3d1b71f779e150dc2a3a2	70ec465c532c7d276248b7282cbbfde9f868326557474b84daf925f762e4c30a	0	0	0	explicit CP932 literal wrappers and encoding include only
Util/DemoUtil.hpp	src/Game/Util/DemoUtil.hpp	decomp/include/Game/Util/DemoUtil.hpp	exact-source	yes	e5c88fde4d70a8308a33bb6e699d34b8ed6560f666937dcedf30439b5bc09404	e5c88fde4d70a8308a33bb6e699d34b8ed6560f666937dcedf30439b5bc09404	0	0	0	byte-for-byte match
Util/DirectDraw.cpp	src/Game/Util/DirectDraw.cpp	decomp/src/Game/Util/DirectDraw.cpp	exact-source	yes	8bd3de308bedd71e4b0736c16109d1669fe34021bf63714f1ce97d8d1cbbbdd8	8bd3de308bedd71e4b0736c16109d1669fe34021bf63714f1ce97d8d1cbbbdd8	0	0	0	byte-for-byte match
Util/DirectDraw.hpp	src/Game/Util/DirectDraw.hpp	decomp/include/Game/Util/DirectDraw.hpp	exact-source	yes	13259a1b6ecb6cdf1093bec332f404b1c7841ee871cd72599ee1ef0e2653ead4	13259a1b6ecb6cdf1093bec332f404b1c7841ee871cd72599ee1ef0e2653ead4	0	0	0	byte-for-byte match
Util/DirectDrawUtil.cpp	src/Game/Util/DirectDrawUtil.cpp	decomp/src/Game/Util/DirectDrawUtil.cpp	exact-source	yes	8b581043c1cd4b7f80ba60158be8ef68a28f9bb01d52f978774f42bd74f20251	8b581043c1cd4b7f80ba60158be8ef68a28f9bb01d52f978774f42bd74f20251	0	0	0	byte-for-byte match
Util/DirectDrawUtil.hpp	src/Game/Util/DirectDrawUtil.hpp	decomp/include/Game/Util/DirectDrawUtil.hpp	exact-source	yes	fe5e35af1b84ab50eaa9a6989feeb573f9de767fa5b67c6e8b8a2835313577df	fe5e35af1b84ab50eaa9a6989feeb573f9de767fa5b67c6e8b8a2835313577df	0	0	0	byte-for-byte match
Util/DrawUtil.cpp	src/Game/Util/DrawUtil.cpp	decomp/src/Game/Util/DrawUtil.cpp	compat-temporary	yes	fb5afbb986a7a8176d976fe45915cdd2f012fab67bde416032e788d1992bc27d	5f3539cb45bc858caf52d395cdffaffe7e3fe5661387e50a54ebd5d1c6097152	0	0	0	source exists but pc-port behavior/shape differs
Util/DrawUtil.hpp	src/Game/Util/DrawUtil.hpp	decomp/include/Game/Util/DrawUtil.hpp	exact-source	yes	d7705d7f3833324371bc66f248922e0c21796874642e896ed974eee3badad4bb	d7705d7f3833324371bc66f248922e0c21796874642e896ed974eee3badad4bb	0	0	0	byte-for-byte match
Util/EffectUtil.cpp	src/Game/Util/EffectUtil.cpp	decomp/src/Game/Util/EffectUtil.cpp	exact-source	yes	71e75aada9682377790ca004e7a31f054df88cdebf852a4256afedecdf139145	71e75aada9682377790ca004e7a31f054df88cdebf852a4256afedecdf139145	0	0	0	byte-for-byte match
Util/EffectUtil.hpp	src/Game/Util/EffectUtil.hpp	decomp/include/Game/Util/EffectUtil.hpp	exact-source	yes	f05409ad5dac9e7113dff524ee25cbcd0f1d515b7ab54f62421e07129736e8af	f05409ad5dac9e7113dff524ee25cbcd0f1d515b7ab54f62421e07129736e8af	0	0	0	byte-for-byte match
Util/EventUtil.cpp	src/Game/Util/EventUtil.cpp	decomp/src/Game/Util/EventUtil.cpp	compile-only	yes	9ffdcf141c4fdd48451fef3a73dcde8ef91d71c3f99d5151ce1a46ba9c34f22b	da828c95bc26347dfc68cc3643ba9325e9bdcfb7e9c6638f0acda4c09e3a1ed0	0	0	11	explicit CP932 literal wrappers and encoding include only
Util/EventUtil.hpp	src/Game/Util/EventUtil.hpp	decomp/include/Game/Util/EventUtil.hpp	exact-source	yes	dba47690a371666bdf0f0a1407bf3f6d2d54b099f4467ba4dd7630e0f1dbf196	dba47690a371666bdf0f0a1407bf3f6d2d54b099f4467ba4dd7630e0f1dbf196	0	0	0	byte-for-byte match
Util/FileUtil.cpp	src/Game/Util/FileUtil.cpp	decomp/src/Game/Util/FileUtil.cpp	exact-source	yes	00658681813043049bd4e2080f2e2375a3a49eba34d849ca9aaa3dadb56bf1e7	00658681813043049bd4e2080f2e2375a3a49eba34d849ca9aaa3dadb56bf1e7	0	0	0	byte-for-byte match
Util/FileUtil.hpp	src/Game/Util/FileUtil.hpp	decomp/include/Game/Util/FileUtil.hpp	compat-temporary	yes	1c03bd5ce6377d89ad26ed427ee3ce8df50e1224b117ef00fcce5d2f8381602c	1da8462c9e45575d0847a39a675e473a0d641e430f37504da8dd4269c8847d16	0	0	0	source exists but pc-port behavior/shape differs
Util/FixedPosition.cpp	src/Game/Util/FixedPosition.cpp	decomp/src/Game/Util/FixedPosition.cpp	exact-source	yes	340b6c35219a9bc3066ecacc9b3ba3b34fbbd09b43d650c5e006986177e53974	340b6c35219a9bc3066ecacc9b3ba3b34fbbd09b43d650c5e006986177e53974	0	0	0	byte-for-byte match
Util/FixedPosition.hpp	src/Game/Util/FixedPosition.hpp	decomp/include/Game/Util/FixedPosition.hpp	exact-source	yes	979b1de3c8f5571755988525065a003bddc7be03539acf6a0a09486e03ed13d3	979b1de3c8f5571755988525065a003bddc7be03539acf6a0a09486e03ed13d3	0	0	0	byte-for-byte match
Util/FootPrint.cpp	src/Game/Util/FootPrint.cpp	decomp/src/Game/Util/FootPrint.cpp	exact-source	yes	fc613ba00f6cf750bbbd84829bb8425fa755b18ca04d32a6a1ed524c0f329096	fc613ba00f6cf750bbbd84829bb8425fa755b18ca04d32a6a1ed524c0f329096	0	0	0	byte-for-byte match
Util/FootPrint.hpp	src/Game/Util/FootPrint.hpp	decomp/include/Game/Util/FootPrint.hpp	exact-source	yes	bae2ba1861fb3a40b54f7c2c812132fa7b54751d1a40745f0d67ff42fb17b75d	bae2ba1861fb3a40b54f7c2c812132fa7b54751d1a40745f0d67ff42fb17b75d	0	0	0	byte-for-byte match
Util/Functor.hpp	src/Game/Util/Functor.hpp	decomp/include/Game/Util/Functor.hpp	compat-temporary	yes	7061707def2dd214f8d6f4e47b44bee79c5f2d912df8a843d21d2cb47b4afa85	77e9583e534068be3716c2882e1fac004a0686f4a95f55b2813353baac649b80	0	0	0	source exists but pc-port behavior/shape differs
Util/FurCtrl.cpp	src/Game/Util/FurCtrl.cpp	decomp/src/Game/Util/FurCtrl.cpp	compile-only	yes	6594a07b2948f512b52a1d15b4057af1a2ba76239e690a9d5d2c64d18500deef	67ae673cb7dd2d6ba02b65777e80ff966979c9fa921eba16bb23c23227e10f3a	0	0	0	explicit CP932 literal wrappers and encoding include only
Util/FurCtrl.hpp	src/Game/Util/FurCtrl.hpp	decomp/include/Game/Util/FurCtrl.hpp	exact-source	yes	234b2ba42504bd18efae1f6e3a93ddb4124b5655dece566c2721adb82d4d0004	234b2ba42504bd18efae1f6e3a93ddb4124b5655dece566c2721adb82d4d0004	0	0	0	byte-for-byte match
Util/FurDrawer.cpp	src/Game/Util/FurDrawer.cpp	decomp/src/Game/Util/FurDrawer.cpp	compat-temporary	yes	c8aeba7dbe03efe400d8ae19f560298bd151e2081ca4b9035e6c926452586a8f	e7056dcc772d05435965629fc2a0081c1a8748f6c5b6b433dd5404b268d54cb7	0	0	0	source exists but pc-port behavior/shape differs
Util/FurDrawer.hpp	src/Game/Util/FurDrawer.hpp	decomp/include/Game/Util/FurDrawer.hpp	exact-source	yes	b78b46aae51ad762484fa6ec6a9b897729c86237ca4f21943b2f13dc34dfe86b	b78b46aae51ad762484fa6ec6a9b897729c86237ca4f21943b2f13dc34dfe86b	0	0	0	byte-for-byte match
Util/FurMulti.cpp	src/Game/Util/FurMulti.cpp	decomp/src/Game/Util/FurMulti.cpp	exact-source	yes	1b897409890b34239ed57f7a21dd980351d31e7f4ce54a2a19067853332301a6	1b897409890b34239ed57f7a21dd980351d31e7f4ce54a2a19067853332301a6	0	0	0	byte-for-byte match
Util/FurMulti.hpp	src/Game/Util/FurMulti.hpp	decomp/include/Game/Util/FurMulti.hpp	exact-source	yes	84c17da9d52a4cabcc0b3c24ef83f4e0ae9ee4c419922ca7adbd41b675aca838	84c17da9d52a4cabcc0b3c24ef83f4e0ae9ee4c419922ca7adbd41b675aca838	0	0	0	byte-for-byte match
Util/FurParam.hpp	src/Game/Util/FurParam.hpp	decomp/include/Game/Util/FurParam.hpp	exact-source	yes	4f13a76a1d2eb7f299e625c08b42de37cfe2cbd9d56b2727e2a61188ee307460	4f13a76a1d2eb7f299e625c08b42de37cfe2cbd9d56b2727e2a61188ee307460	0	0	0	byte-for-byte match
Util/FurShader.cpp	src/Game/Util/FurShader.cpp	decomp/src/Game/Util/FurShader.cpp	compat-temporary	yes	d7c4cf882eb37cabeb02a9449ae089be33c2ee0e87e18aaa00c05b7ad2597009	c4015e85bad58df88ceab062790cba575ece9fd75928657ae4e4368b33d2b837	0	0	0	source exists but pc-port behavior/shape differs
Util/FurShader.hpp	src/Game/Util/FurShader.hpp	decomp/include/Game/Util/FurShader.hpp	exact-source	yes	2b4375cf56b00454cff791d5f706921b553e6672d6b617ab3603747f02c95802	2b4375cf56b00454cff791d5f706921b553e6672d6b617ab3603747f02c95802	0	0	0	byte-for-byte match
Util/GamePadUtil.cpp	src/Game/Util/GamePadUtil.cpp	decomp/src/Game/Util/GamePadUtil.cpp	exact-source	yes	83bff1b7229e8c75583793876283fce1e7c42f4bec9ccb322f8119c96f9ade86	83bff1b7229e8c75583793876283fce1e7c42f4bec9ccb322f8119c96f9ade86	0	0	0	byte-for-byte match
Util/GamePadUtil.hpp	src/Game/Util/GamePadUtil.hpp	decomp/include/Game/Util/GamePadUtil.hpp	exact-source	yes	81b63b5a8fe6185305c16779e5a07bbe875b4124bd37cde1488c7090775ef3c1	81b63b5a8fe6185305c16779e5a07bbe875b4124bd37cde1488c7090775ef3c1	0	0	0	byte-for-byte match
Util/GravityUtil.cpp	src/Game/Util/GravityUtil.cpp	decomp/src/Game/Util/GravityUtil.cpp	exact-source	yes	e289101d7677410c13afdef953825e4a715195dde8ed7fbc029e42cc611f129e	e289101d7677410c13afdef953825e4a715195dde8ed7fbc029e42cc611f129e	0	0	0	byte-for-byte match
Util/GravityUtil.hpp	src/Game/Util/GravityUtil.hpp	decomp/include/Game/Util/GravityUtil.hpp	exact-source	yes	2aca6193729e081576ebf29f097af5d61582df766b1c2dc02d2ca56adbe06810	2aca6193729e081576ebf29f097af5d61582df766b1c2dc02d2ca56adbe06810	0	0	0	byte-for-byte match
Util/HashUtil.hpp	src/Game/Util/HashUtil.hpp	decomp/include/Game/Util/HashUtil.hpp	exact-source	yes	d98bcc17a3ed40ff62ed00c5bc07b14c8065672ef01701573405d4221f07b55f	d98bcc17a3ed40ff62ed00c5bc07b14c8065672ef01701573405d4221f07b55f	0	0	0	byte-for-byte match
Util/JMapIdInfo.cpp	src/Game/Util/JMapIdInfo.cpp	decomp/src/Game/Util/JMapIdInfo.cpp	exact-source	yes	a9ffcb143f94491929fd84a6561fe193728c488e8453010fd8d73fdf92159b4e	a9ffcb143f94491929fd84a6561fe193728c488e8453010fd8d73fdf92159b4e	0	0	0	byte-for-byte match
Util/JMapIdInfo.hpp	src/Game/Util/JMapIdInfo.hpp	decomp/include/Game/Util/JMapIdInfo.hpp	exact-source	yes	903f2aa4318abd5408b2807f25c114ecdfc7a245cc78849c018f0ff684f9e449	903f2aa4318abd5408b2807f25c114ecdfc7a245cc78849c018f0ff684f9e449	0	0	0	byte-for-byte match
Util/JMapInfo.cpp	src/Game/Util/JMapInfo.cpp	decomp/src/Game/Util/JMapInfo.cpp	compat-temporary	yes	f9d29f6847dc49474f7ef698cacbdefd64e7bec86094d6984857c28a2b7cb266	3ca63b91ef4e10bcdf5f810d25667999dbecac472999a59000059efbaf0da98e	0	0	0	source exists but pc-port behavior/shape differs
Util/JMapInfo.hpp	src/Game/Util/JMapInfo.hpp	decomp/include/Game/Util/JMapInfo.hpp	compat-temporary	yes	2e3a85a90a09a7b9004212fef24c19db125788f6b45ce3477aa7656552b57810	646a0d03989697b0a2c801d7a50606122d9e359d6e139df40d18eaf2c4de5532	0	0	0	source exists but pc-port behavior/shape differs
Util/JMapLinkInfo.cpp	src/Game/Util/JMapLinkInfo.cpp	decomp/src/Game/Util/JMapLinkInfo.cpp	exact-source	yes	79684c684a3260aa446bcf6acd7715fb87ad7607617886b442788b771f3cc354	79684c684a3260aa446bcf6acd7715fb87ad7607617886b442788b771f3cc354	0	0	0	byte-for-byte match
Util/JMapLinkInfo.hpp	src/Game/Util/JMapLinkInfo.hpp	decomp/include/Game/Util/JMapLinkInfo.hpp	exact-source	yes	586873bfbbd26715ca60b6054cad8a82a1956d9be2437247b8e82b5d5637ffc1	586873bfbbd26715ca60b6054cad8a82a1956d9be2437247b8e82b5d5637ffc1	0	0	0	byte-for-byte match
Util/JMapUtil.cpp	src/Game/Util/JMapUtil.cpp	decomp/src/Game/Util/JMapUtil.cpp	compat-temporary	yes	94231305d1bb5005c0afa8e227434dbaa1f2d67562ee2b852dd9e7840cc93d72	96d0251e910428b2e2c8af90fbcee7c6726e3436ae0ae235c9cf978a7c5b9dd6	0	0	0	source exists but pc-port behavior/shape differs
Util/JMapUtil.hpp	src/Game/Util/JMapUtil.hpp	decomp/include/Game/Util/JMapUtil.hpp	compat-temporary	yes	6307fbee5293e3310833f7ecc9c28722e702ff7f1511965565d88115488db7e7	fa5fabd361983f49afb3a1dbb4707a872785931ab2b4be44b71129fd50dba74c	0	0	0	source exists but pc-port behavior/shape differs
Util/JointController.cpp	src/Game/Util/JointController.cpp	decomp/src/Game/Util/JointController.cpp	exact-source	yes	05b5ed6d600b9fdbf257aa5d203c0d5b71136cfa4658b6ac204dec088d797606	05b5ed6d600b9fdbf257aa5d203c0d5b71136cfa4658b6ac204dec088d797606	0	0	0	byte-for-byte match
Util/JointController.hpp	src/Game/Util/JointController.hpp	decomp/include/Game/Util/JointController.hpp	exact-source	yes	fe3fb87f33c458814cc958de71ff9c69445385fa1761fc27ca4134ebc78d81b1	fe3fb87f33c458814cc958de71ff9c69445385fa1761fc27ca4134ebc78d81b1	0	0	0	byte-for-byte match
Util/JointUtil.hpp	src/Game/Util/JointUtil.hpp	decomp/include/Game/Util/JointUtil.hpp	exact-source	yes	adb14eed7c625856da6213c07128e5bbed4f8a98daa594f56a103713e4495633	adb14eed7c625856da6213c07128e5bbed4f8a98daa594f56a103713e4495633	0	0	0	byte-for-byte match
Util/LayoutUtil.cpp	src/Game/Util/LayoutUtil.cpp	decomp/src/Game/Util/LayoutUtil.cpp	exact-source	yes	426403a783928d1b32602b2b7fb6712565743ea06cffaa3584e1579c5a92d578	426403a783928d1b32602b2b7fb6712565743ea06cffaa3584e1579c5a92d578	0	0	0	byte-for-byte match
Util/LayoutUtil.hpp	src/Game/Util/LayoutUtil.hpp	decomp/include/Game/Util/LayoutUtil.hpp	exact-source	yes	e1e89d9bb9273b1e6ada96ef070b35023ebf93315653e02c5ba35de93bcef670	e1e89d9bb9273b1e6ada96ef070b35023ebf93315653e02c5ba35de93bcef670	0	0	0	byte-for-byte match
Util/LightUtil.cpp	src/Game/Util/LightUtil.cpp	decomp/src/Game/Util/LightUtil.cpp	exact-source	yes	111ee6f921f406b1205d2ac1fe5ab951428bf6be0f50ccbedf7d90f4df90334a	111ee6f921f406b1205d2ac1fe5ab951428bf6be0f50ccbedf7d90f4df90334a	0	0	0	byte-for-byte match
Util/LightUtil.hpp	src/Game/Util/LightUtil.hpp	decomp/include/Game/Util/LightUtil.hpp	compat-temporary	yes	330e6a7febe432408b2d721ae095defdca0ffe217b061871113b7da11dc837d6	8ed044912fddcbdd332da6c4804cce6c9455fefc26862f33ceb184c98e42c146	0	0	0	source exists but pc-port behavior/shape differs
Util/LiveActorUtil.cpp	src/Game/Util/LiveActorUtil.cpp	decomp/src/Game/Util/LiveActorUtil.cpp	compile-only	yes	39cc7cd0b40b6d4604d8b75ce5b516ae7131a161daf1f144e5df094f10f3124e	a5a196d5d0f4d338d284e4a596b96a050b04731e3d0d9f9e33076f7a63020267	0	0	0	explicit CP932 literal wrappers and encoding include only
Util/LiveActorUtil.hpp	src/Game/Util/LiveActorUtil.hpp	decomp/include/Game/Util/LiveActorUtil.hpp	compat-temporary	yes	990ad4da51bebcc30970369e734fc750125a5a1364453b68e26e382b7fd4cfa9	176d8458bd8b2c030fc6215bca05cebe9a6ee4fbba76ac681d9ecbdbe199e430	0	0	0	source exists but pc-port behavior/shape differs
Util/MapPartsUtil.cpp	src/Game/Util/MapPartsUtil.cpp	decomp/src/Game/Util/MapPartsUtil.cpp	exact-source	yes	0f548a7b115a97ee53be0539f3645e49c7dbab6dc951ef8d6512f38a2eb9c1d0	0f548a7b115a97ee53be0539f3645e49c7dbab6dc951ef8d6512f38a2eb9c1d0	0	0	0	byte-for-byte match
Util/MapPartsUtil.hpp	src/Game/Util/MapPartsUtil.hpp	decomp/include/Game/Util/MapPartsUtil.hpp	exact-source	yes	f66fbc6fab5afa61549534a7e0856687305e3c34f90971f02d7723bbe1b53429	f66fbc6fab5afa61549534a7e0856687305e3c34f90971f02d7723bbe1b53429	0	0	0	byte-for-byte match
Util/MapUtil.cpp	src/Game/Util/MapUtil.cpp	decomp/src/Game/Util/MapUtil.cpp	compat-temporary	yes	c0a8a6abb28048fdf69f21b1f2aae2233a5a7ac1c8a3d63b3241b4f0b6609a73	e1650f90a2b0ee86bd7c94da67f0ef9eb32becd7271c95e6a49f9e5126937639	0	0	0	source exists but pc-port behavior/shape differs
Util/MapUtil.hpp	src/Game/Util/MapUtil.hpp	decomp/include/Game/Util/MapUtil.hpp	exact-source	yes	715afb98a4fd935c0aba191a9f8b3331e80db178fa90dccbbe7d75edbc33ce27	715afb98a4fd935c0aba191a9f8b3331e80db178fa90dccbbe7d75edbc33ce27	0	0	0	byte-for-byte match
Util/MathUtil.cpp	src/Game/Util/MathUtil.cpp	decomp/src/Game/Util/MathUtil.cpp	compat-temporary	yes	36449362a796582c1eacd8ea7272367a69880ede21957549121245c8cabdc3d9	da88b5a2c96517089ca787ceb0fee19693189c2269acbe9b7e60e091015fded8	0	0	0	source exists but pc-port behavior/shape differs
Util/MathUtil.hpp	src/Game/Util/MathUtil.hpp	decomp/include/Game/Util/MathUtil.hpp	exact-source	yes	7c64b7fd41ec151d838d237d0767c24d5325aff836113003c6426694c6ae988e	7c64b7fd41ec151d838d237d0767c24d5325aff836113003c6426694c6ae988e	0	0	0	byte-for-byte match
Util/MemoryUtil.hpp	src/Game/Util/MemoryUtil.hpp	decomp/include/Game/Util/MemoryUtil.hpp	compat-temporary	yes	14c16162d0e347e2488d2bc90a7739999e7f89d0affb8f8d4c6ec3b5f9d73e47	2d5dc803bde514515c2b7ab1d99b913aac5e88ef09e4384387720def4f3ddcab	0	0	0	source exists but pc-port behavior/shape differs
Util/MessageUtil.cpp	src/Game/Util/MessageUtil.cpp	decomp/src/Game/Util/MessageUtil.cpp	compat-temporary	yes	4f9537921a8869170979960d8c40265560f1f369ed022d8d10d144549c3f6f70	ce1ed5a4a4a4d42c36779e2f1340a5f93363592344030e5ab927c7de8370a966	0	0	0	source exists but pc-port behavior/shape differs
Util/MessageUtil.hpp	src/Game/Util/MessageUtil.hpp	decomp/include/Game/Util/MessageUtil.hpp	exact-source	yes	cf8c63e8e84d85fc04f2f81774c9731aa3756901ea33ea1620e66a27a864ce21	cf8c63e8e84d85fc04f2f81774c9731aa3756901ea33ea1620e66a27a864ce21	0	0	0	byte-for-byte match
Util/ModelUtil.hpp	src/Game/Util/ModelUtil.hpp	decomp/include/Game/Util/ModelUtil.hpp	compat-temporary	yes	046e861378c2cbeb25b270c32e360c089a252e7755da6b357b652a789e6df845	3556891e0a05cc1c2b1dc11cb77d43a3f8b5fbb6bfc7801da0eaedafe1ac1591	0	0	0	source exists but pc-port behavior/shape differs
Util/MtxUtil.hpp	src/Game/Util/MtxUtil.hpp	decomp/include/Game/Util/MtxUtil.hpp	exact-source	yes	328d512e07d565bedb855f0dca2df633b9b47dc54dbf3d4ef6ce4cf816d5cc2f	328d512e07d565bedb855f0dca2df633b9b47dc54dbf3d4ef6ce4cf816d5cc2f	0	0	0	byte-for-byte match
Util/MutexHolder.hpp	src/Game/Util/MutexHolder.hpp	decomp/include/Game/Util/MutexHolder.hpp	exact-source	yes	dde11cb9bed6751cd194994497065345241a4df76a2819e7baa920e8c067b7d1	dde11cb9bed6751cd194994497065345241a4df76a2819e7baa920e8c067b7d1	0	0	0	byte-for-byte match
Util/NPCUtil.cpp	src/Game/Util/NPCUtil.cpp	decomp/src/Game/Util/NPCUtil.cpp	compile-only	yes	a22f84a501a12b3dd73095b18817df0fcf4d19a2bf5014892b987d72c322fa81	deb18f278070e43fb28acd9119d6b395631f53b90280f04368088a4d8b0523de	0	0	0	explicit CP932 literal wrappers and encoding include only
Util/NPCUtil.hpp	src/Game/Util/NPCUtil.hpp	decomp/include/Game/Util/NPCUtil.hpp	exact-source	yes	9390c9401c5ba50f443d8eb2417887374aa3974ecf615c068f97ea2b096786d1	9390c9401c5ba50f443d8eb2417887374aa3974ecf615c068f97ea2b096786d1	0	0	0	byte-for-byte match
Util/NerveUtil.cpp	src/Game/Util/NerveUtil.cpp	decomp/src/Game/Util/NerveUtil.cpp	exact-source	yes	f8027b4165ab3a8567dd10edbdfbc310882788871f27fc20e51bdaad3a32ad78	f8027b4165ab3a8567dd10edbdfbc310882788871f27fc20e51bdaad3a32ad78	0	0	0	byte-for-byte match
Util/NerveUtil.hpp	src/Game/Util/NerveUtil.hpp	decomp/include/Game/Util/NerveUtil.hpp	exact-source	yes	f5254848be0a331d66c4a4ac6821e1427f040018a9b1055925962d24c77ccb50	f5254848be0a331d66c4a4ac6821e1427f040018a9b1055925962d24c77ccb50	0	0	0	byte-for-byte match
Util/ObjUtil.cpp	src/Game/Util/ObjUtil.cpp	decomp/src/Game/Util/ObjUtil.cpp	compat-temporary	yes	ad5d8192bb75882b952455beca1d89dcc9c219112d284433ea766546d92ebcad	5a88dfcaf25fdd93c00c711300b4de18afb8e75ac5211f68ed041dc7662c083c	0	0	0	source exists but pc-port behavior/shape differs
Util/ObjUtil.hpp	src/Game/Util/ObjUtil.hpp	decomp/include/Game/Util/ObjUtil.hpp	compat-temporary	yes	4611e53915d52b3225db8ef6587f5e5aba6d3f38baa4105ac23807581a2178c6	7b79cdfe90fc7c785ed579bb9b12bfa8114064fbac0fd6d26acf67cdf6a820af	0	0	0	source exists but pc-port behavior/shape differs
Util/ParabolicPath.hpp	src/Game/Util/ParabolicPath.hpp	decomp/include/Game/Util/ParabolicPath.hpp	exact-source	yes	1b12383c304c0faaca4190f0cc03216cb06ece5c81ae1f7b25eba1311b8f7957	1b12383c304c0faaca4190f0cc03216cb06ece5c81ae1f7b25eba1311b8f7957	0	0	0	byte-for-byte match
Util/PlayerUtil.cpp	src/Game/Util/PlayerUtil.cpp	decomp/src/Game/Util/PlayerUtil.cpp	compile-only	yes	51eeba0d69ac4d2049d1c0e305ed107af458866b245925663d62fb9581e409d2	fc4f5685c2ded2cf5304cb8475953a0f2d29f93147e4ad36fe9d6e1f526286be	0	0	0	explicit CP932 literal wrappers and encoding include only
Util/PlayerUtil.hpp	src/Game/Util/PlayerUtil.hpp	decomp/include/Game/Util/PlayerUtil.hpp	exact-source	yes	9d621ed9d3a4407a38709a5ec1141b02d30a40e1b0614009b3b039a21a4e4ee1	9d621ed9d3a4407a38709a5ec1141b02d30a40e1b0614009b3b039a21a4e4ee1	0	0	0	byte-for-byte match
Util/RailUtil.cpp	src/Game/Util/RailUtil.cpp	decomp/src/Game/Util/RailUtil.cpp	exact-source	yes	1c47c0dd323bf40623260d2cf34e5aa9665d1c913f31f99f53f37632dd634582	1c47c0dd323bf40623260d2cf34e5aa9665d1c913f31f99f53f37632dd634582	0	0	0	byte-for-byte match
Util/RailUtil.hpp	src/Game/Util/RailUtil.hpp	decomp/include/Game/Util/RailUtil.hpp	exact-source	yes	283ffa82585eee9105de7d6f99e824905078867e4b99056c8037add3b3c5728b	283ffa82585eee9105de7d6f99e824905078867e4b99056c8037add3b3c5728b	0	0	0	byte-for-byte match
Util/RumbleCalculator.cpp	src/Game/Util/RumbleCalculator.cpp	decomp/src/Game/Util/RumbleCalculator.cpp	exact-source	yes	1fcefb18ae279483302be3a416f27213162aa8044a67acc60aee635ee5eb8ed4	1fcefb18ae279483302be3a416f27213162aa8044a67acc60aee635ee5eb8ed4	0	0	0	byte-for-byte match
Util/RumbleCalculator.hpp	src/Game/Util/RumbleCalculator.hpp	decomp/include/Game/Util/RumbleCalculator.hpp	exact-source	yes	b5101936b911786b2ac89ab1220e41ade51e9d94f05b66cc90ea3b9e498498ee	b5101936b911786b2ac89ab1220e41ade51e9d94f05b66cc90ea3b9e498498ee	0	0	0	byte-for-byte match
Util/SceneUtil.cpp	src/Game/Util/SceneUtil.cpp	decomp/src/Game/Util/SceneUtil.cpp	compile-only	yes	05bfa4758bc87aaa54a669b2239bb04f89d76649a969c777ac199916bbc5bbf0	8c95e01714527facf38774899e79adf0ce0bf910ff975472e8012d5f80bd21d4	0	0	0	explicit CP932 literal wrappers and encoding include only
Util/SceneUtil.hpp	src/Game/Util/SceneUtil.hpp	decomp/include/Game/Util/SceneUtil.hpp	exact-source	yes	baea88f74e5782d6692330f85402ff69c02e82cc17be44e066d1669a8b42bc83	baea88f74e5782d6692330f85402ff69c02e82cc17be44e066d1669a8b42bc83	0	0	0	byte-for-byte match
Util/SchedulerUtil.cpp	src/Game/Util/SchedulerUtil.cpp	decomp/src/Game/Util/SchedulerUtil.cpp	exact-source	yes	5e91305f5b4f149dc3bdd33ba4a63d5eb84cc03c9f9386e28976189b0478dc9a	5e91305f5b4f149dc3bdd33ba4a63d5eb84cc03c9f9386e28976189b0478dc9a	0	0	0	byte-for-byte match
Util/SchedulerUtil.hpp	src/Game/Util/SchedulerUtil.hpp	decomp/include/Game/Util/SchedulerUtil.hpp	exact-source	yes	99f84422123ab27864825477f04d4470b5ee9bb05f3f3b95c6235ca9f4cb0835	99f84422123ab27864825477f04d4470b5ee9bb05f3f3b95c6235ca9f4cb0835	0	0	0	byte-for-byte match
Util/ScreenUtil.cpp	src/Game/Util/ScreenUtil.cpp	decomp/src/Game/Util/ScreenUtil.cpp	compile-only	yes	2ce73a04456f0e5c12caaedb92523b9184e7942822e610d28686f090d736b97f	e62eb2435f1cdb445cfb1c24d458ee384aec0874703e4d9f8c544187f24c81d2	0	0	0	explicit CP932 literal wrappers and encoding include only
Util/ScreenUtil.hpp	src/Game/Util/ScreenUtil.hpp	decomp/include/Game/Util/ScreenUtil.hpp	exact-source	yes	8223432473e3abaf870c2e670efdfb41bb6747e0e24f102f328e1591a336268d	8223432473e3abaf870c2e670efdfb41bb6747e0e24f102f328e1591a336268d	0	0	0	byte-for-byte match
Util/SequenceUtil.cpp	src/Game/Util/SequenceUtil.cpp	decomp/src/Game/Util/SequenceUtil.cpp	exact-source	yes	3914352f1198c3b641f01f43e9c54dbde0bbb9753230c64ea5ccd718b5d627ad	3914352f1198c3b641f01f43e9c54dbde0bbb9753230c64ea5ccd718b5d627ad	0	0	0	byte-for-byte match
Util/SequenceUtil.hpp	src/Game/Util/SequenceUtil.hpp	decomp/include/Game/Util/SequenceUtil.hpp	exact-source	yes	5528893121755f41670af6729884edd8bc15d1b70fba34f828dbcf7c263043c6	5528893121755f41670af6729884edd8bc15d1b70fba34f828dbcf7c263043c6	0	0	0	byte-for-byte match
Util/ShareUtil.cpp	src/Game/Util/ShareUtil.cpp	decomp/src/Game/Util/ShareUtil.cpp	compile-only	yes	f681f4117d890f896a522a28cf60ebb093c71db788206aab3181fe86f2b975dd	0defd42b1cdb4ad688d53adede16d507eedf191a58e522fba0e69eb530db9e59	0	0	0	explicit CP932 literal wrappers and encoding include only
Util/ShareUtil.hpp	src/Game/Util/ShareUtil.hpp	decomp/include/Game/Util/ShareUtil.hpp	exact-source	yes	f56bb9adbe074ecfc3625ef49a64bbb868a50f50191ed41e84e29b95cc35822d	f56bb9adbe074ecfc3625ef49a64bbb868a50f50191ed41e84e29b95cc35822d	0	0	0	byte-for-byte match
Util/SingletonHolder.hpp	src/Game/Util/SingletonHolder.hpp	decomp/include/Game/Util/SingletonHolder.hpp	compat-temporary	yes	62bd3b0c23415ab5ff96a62b09f2ca678ef6ed4861eaec7abba6fb8bfe2ff6ca	23a336bb22a4d62e7d466dfa5295478025aa91d0e8bf548b430fcd89bf7cbeb7	0	0	0	source exists but pc-port behavior/shape differs
Util/SoundUtil.cpp	src/Game/Util/SoundUtil.cpp	decomp/src/Game/Util/SoundUtil.cpp	exact-source	yes	50dfd27b509823581fa11b631a6183053cc6af25f44c7746d9a32071eeeb2db6	50dfd27b509823581fa11b631a6183053cc6af25f44c7746d9a32071eeeb2db6	0	0	0	byte-for-byte match
Util/SoundUtil.hpp	src/Game/Util/SoundUtil.hpp	decomp/include/Game/Util/SoundUtil.hpp	exact-source	yes	8bf88b3c35899a555574a05d7da59a49b3b14e55b2bd312b4879aefce3eba344	8bf88b3c35899a555574a05d7da59a49b3b14e55b2bd312b4879aefce3eba344	0	0	0	byte-for-byte match
Util/StarPointerUtil.cpp	src/Game/Util/StarPointerUtil.cpp	decomp/src/Game/Util/StarPointerUtil.cpp	exact-source	yes	877549b6ad76bc7b07bf8c928655c6fad1686b20f2717534b263475b16a6efc2	877549b6ad76bc7b07bf8c928655c6fad1686b20f2717534b263475b16a6efc2	0	0	0	byte-for-byte match
Util/StarPointerUtil.hpp	src/Game/Util/StarPointerUtil.hpp	decomp/include/Game/Util/StarPointerUtil.hpp	compat-temporary	yes	b82d0d7d15d057fc5d1457be41de0fda065cfe58409abd16de66059846d2bc15	2109742a8be4a0cdc49878da223327eaccd2ee1dfb0429c5edcf0119aac297f6	0	0	0	source exists but pc-port behavior/shape differs
Util/StringUtil.cpp	src/Game/Util/StringUtil.cpp	decomp/src/Game/Util/StringUtil.cpp	compat-temporary	yes	16fe32542080a481befcc4c9bcaab8deb5f787a64ba796f0be2682536a0f5340	04f912c73c9ac771bf3fd3efaea8de644458774a6eab1932524b1799384189ae	0	0	0	source exists but pc-port behavior/shape differs
Util/StringUtil.hpp	src/Game/Util/StringUtil.hpp	decomp/include/Game/Util/StringUtil.hpp	exact-source	yes	a9722916e06a29b882e6c0d3715545335ea593ec6ad1fb76ab780ea26be5e97f	a9722916e06a29b882e6c0d3715545335ea593ec6ad1fb76ab780ea26be5e97f	0	0	0	byte-for-byte match
Util/SwitchEventFunctorListener.cpp	src/Game/Util/SwitchEventFunctorListener.cpp	decomp/src/Game/Util/SwitchEventFunctorListener.cpp	exact-source	yes	9701b41e860b3f3e899bcfce07f397016514b94dd2e291535006872b1eca6714	9701b41e860b3f3e899bcfce07f397016514b94dd2e291535006872b1eca6714	0	0	0	byte-for-byte match
Util/SwitchEventFunctorListener.hpp	src/Game/Util/SwitchEventFunctorListener.hpp	decomp/include/Game/Util/SwitchEventFunctorListener.hpp	exact-source	yes	5648012f9cc8ea989ad23a7bc96d95a71d068afd3bf9438010c08a0e0c0e080e	5648012f9cc8ea989ad23a7bc96d95a71d068afd3bf9438010c08a0e0c0e080e	0	0	0	byte-for-byte match
Util/SystemUtil.cpp	src/Game/Util/SystemUtil.cpp	decomp/src/Game/Util/SystemUtil.cpp	compat-temporary	yes	9b8972121c04a5e7117163928d184dd1c23f6984a8e69a5d48d832d1350ceefa	22d82da5a8a942c44e1eb7bccaee3fbbbbc2ada8a559186b28f26d9e5536cc2a	0	0	0	source exists but pc-port behavior/shape differs
Util/SystemUtil.hpp	src/Game/Util/SystemUtil.hpp	decomp/include/Game/Util/SystemUtil.hpp	exact-source	yes	ae84fb160f3fabce7a2f4c616d6845ab93b1e718855d05c2248a828991c3216d	ae84fb160f3fabce7a2f4c616d6845ab93b1e718855d05c2248a828991c3216d	0	0	0	byte-for-byte match
Util/TalkUtil.cpp	src/Game/Util/TalkUtil.cpp	decomp/src/Game/Util/TalkUtil.cpp	exact-source	yes	f2efa4c203239d48cbf9e7e3b030e96943a8795df19f3fd8258303588fd2ddaa	f2efa4c203239d48cbf9e7e3b030e96943a8795df19f3fd8258303588fd2ddaa	0	0	0	byte-for-byte match
Util/TalkUtil.hpp	src/Game/Util/TalkUtil.hpp	decomp/include/Game/Util/TalkUtil.hpp	exact-source	yes	1ed675e3d3603fab331374a2f6c0ea9cd56c24a66ff11920972503e442c2b7b5	1ed675e3d3603fab331374a2f6c0ea9cd56c24a66ff11920972503e442c2b7b5	0	0	0	byte-for-byte match
Util/TriangleFilter.cpp	src/Game/Util/TriangleFilter.cpp		decomp-needed	yes	1e2ee30f622a0e836226a492f9237e862c0c17c8773090bb778ca0d633945720		0	0	0	no root implementation counterpart; declaration counterpart decomp/include/Game/Util/TriangleFilter.hpp
Util/TriangleFilter.hpp	src/Game/Util/TriangleFilter.hpp	decomp/include/Game/Util/TriangleFilter.hpp	exact-source	yes	415276f768efdd2703319d0b8c8557bd380ed11ad8756a0085be73c8a7c0aa56	415276f768efdd2703319d0b8c8557bd380ed11ad8756a0085be73c8a7c0aa56	0	0	0	byte-for-byte match
Util/TriggerChecker.cpp	src/Game/Util/TriggerChecker.cpp	decomp/src/Game/Util/TriggerChecker.cpp	compat-temporary	yes	7dc3dcc7f99d601bc93f4988092d0f4795b6f52166ef129c8f652eaddd39caae	b465d1de122bf3d0b119253dd5e0b266fa59d10c40912c49cc0336098971f5f2	0	0	0	source exists but pc-port behavior/shape differs
Util/TriggerChecker.hpp	src/Game/Util/TriggerChecker.hpp	decomp/include/Game/Util/TriggerChecker.hpp	compat-temporary	yes	878766c78d99d09285fd707f4a038b864cd0fd2ec73aa9ce03506376663504b9	b8ef00e1f2fb4cf0be475723783377bbe3f93e9f128f795fbd4e95e6bd7e8f03	0	0	0	source exists but pc-port behavior/shape differs
Util/ValueControl.cpp	src/Game/Util/ValueControl.cpp	decomp/src/Game/Util/ValueControl.cpp	exact-source	yes	bdc2ec3494c6c62dc0bfed23555f61e3537cc006d8fa5fe3a2a6faffdacb55d5	bdc2ec3494c6c62dc0bfed23555f61e3537cc006d8fa5fe3a2a6faffdacb55d5	0	0	0	byte-for-byte match
Util/ValueControl.hpp	src/Game/Util/ValueControl.hpp	decomp/include/Game/Util/ValueControl.hpp	exact-source	yes	1fd8a2d45be466a9312c3c4aafca82ffa0cf5eb4d7d9c5d863513bd0528d29bb	1fd8a2d45be466a9312c3c4aafca82ffa0cf5eb4d7d9c5d863513bd0528d29bb	0	0	0	byte-for-byte match
Util/VectorUtil.hpp	src/Game/Util/VectorUtil.hpp	decomp/include/Game/Util/VectorUtil.hpp	exact-source	yes	121a0c6ad88e090a3f7c69be7ef887207ebe12f6b2b6db576b949ee459784d8e	121a0c6ad88e090a3f7c69be7ef887207ebe12f6b2b6db576b949ee459784d8e	0	0	0	byte-for-byte match
