[0mchecking for Xcode SDK ... [38;5;2;1m/Applications/Xcode.app (sdk: 27.0, arm64-apple-macos26.0)[0m
[0mchecking for disc ... [38;5;1;1mno[0m
[0mchecking for Xcode SDK ... [38;5;2;1m/Applications/Xcode.app (sdk: 27.0, arm64-apple-macos26.0)[0m
[0m[38;5;2;1m[  9%]:[0m [38;5;5;1m<smg-pc-game>[0m cache compiling.debug src/Game/Demo/DemoStartRequestHolder.cpp[0m
[0m[38;5;2;1m[  9%]:[0m [38;5;5;1m<smg-pc-game>[0m cache compiling.debug src/Game/Demo/DemoSubPartKeeper.cpp[0m
[0m[38;5;2;1m[  9%]:[0m [38;5;5;1m<smg-pc-app>[0m cache compiling.debug src/app/OriginalGameApplication.cpp[0m
[0m[38;5;2;1m[  9%]:[0m [38;5;5;1m<smg-pc-game>[0m cache compiling.debug src/Game/Demo/PrologueDirector.cpp[0m
[0m[38;5;2;1m[ 10%]:[0m [38;5;5;1m<smg-pc-game>[0m cache compiling.debug src/Game/Demo/DemoStartRequestUtil.cpp[0m
[0m[38;5;2;1m[ 11%]:[0m [38;5;5;1m<smg-pc-game>[0m cache compiling.debug src/Game/Gravity/PlanetGravity.cpp[0m
[0m[38;5;2;1m[ 11%]:[0m [38;5;5;1m<smg-pc-game>[0m cache compiling.debug src/Game/Gravity/ParallelGravity.cpp[0m
[0m[38;5;2;1m[ 11%]:[0m [38;5;5;1m<smg-pc-game>[0m cache compiling.debug src/Game/Gravity/GlobalGravityObj.cpp[0m
[0m[38;5;2;1m[ 11%]:[0m [38;5;5;1m<smg-pc-game>[0m cache compiling.debug src/Game/Gravity/PlanetGravityManager.cpp[0m
[0m[38;5;2;1m[ 11%]:[0m [38;5;5;1m<smg-pc-game>[0m cache compiling.debug src/Game/Gravity/CubeGravity.cpp[0m
[0m[38;5;2;1m[ 11%]:[0m [38;5;5;1m<smg-pc-game>[0m cache compiling.debug src/Game/Gravity/DiskTorusGravity.cpp[0m
[0m[38;5;2;1m[ 11%]:[0m [38;5;5;1m<smg-pc-game>[0m cache compiling.debug src/Game/Gravity/WireGravity.cpp[0m
[0m[38;5;2;1m[ 11%]:[0m [38;5;5;1m<smg-pc-game>[0m cache compiling.debug src/Game/Gravity/SegmentGravity.cpp[0m
[0m[38;5;2;1m[ 11%]:[0m [38;5;5;1m<smg-pc-game>[0m cache compiling.debug src/Game/Gravity/GravityCreator.cpp[0m
[0m[38;5;2;1m[ 11%]:[0m [38;5;5;1m<smg-pc-game>[0m cache compiling.debug src/Game/Gravity/GraviryFollower.cpp[0m
[0m[38;5;2;1m[ 11%]:[0m [38;5;5;1m<smg-pc-game>[0m cache compiling.debug src/Game/Gravity/PointGravity.cpp[0m
[0m[38;5;2;1m[ 11%]:[0m [38;5;5;1m<smg-pc-game>[0m cache compiling.debug src/Game/Gravity/DiskGravity.cpp[0m
[0m[38;5;2;1m[ 11%]:[0m [38;5;5;1m<smg-pc-game>[0m cache compiling.debug src/Game/Gravity/GravityInfo.cpp[0m
[0m[38;5;2;1m[ 11%]:[0m [38;5;5;1m<smg-pc-game>[0m cache compiling.debug src/Game/Gravity/ConeGravity.cpp[0m
[0m[38;5;2;1m[ 12%]:[0m [38;5;5;1m<smg-pc-game>[0m cache compiling.debug src/Game/Util/PlayerUtil.cpp[0m
[0m[38;5;2;1m[ 12%]:[0m [38;5;5;1m<smg-pc-game>[0m cache compiling.debug src/Game/Util/LayoutUtil.cpp[0m
[0m[38;5;2;1m[ 12%]:[0m [38;5;5;1m<smg-pc-game>[0m cache compiling.debug src/Game/Util/GamePadUtil.cpp[0m
[0m[38;5;2;1m[ 12%]:[0m [38;5;5;1m<smg-pc-game>[0m cache compiling.debug src/Game/Util/EffectUtil.cpp[0m
[0m[38;5;3;1mIn file included from src/Game/Gravity/DiskTorusGravity.cpp:2:
In file included from src/Game/Util.hpp:18:
src/Game/Util/Functor.hpp:114:105: warning: GCC does not allow 'noinline' attribute in this position on a function definition [-Wgcc-compat]
  114 |     static FunctorV1M< T*, void (T::*)(U), U > Functor(T* a1, void (T::*a2)(U), U arg_0) __attribute__((noinline)) {
      |                                                                                                         ^
1 warning generated.[0m
[0m[38;5;2;1m[ 13%]:[0m [38;5;5;1m<smg-pc-game>[0m cache compiling.debug src/Game/Util/GravityUtil.cpp[0m
[0m[38;5;2;1m[ 13%]:[0m [38;5;5;1m<smg-pc-game>[0m cache compiling.debug src/Game/Util/ScreenUtil.cpp[0m
[0m[38;5;3;1mIn file included from src/Game/Gravity/DiskGravity.cpp:2:
In file included from src/Game/Util.hpp:18:
src/Game/Util/Functor.hpp:114:105: warning: GCC does not allow 'noinline' attribute in this position on a function definition [-Wgcc-compat]
  114 |     static FunctorV1M< T*, void (T::*)(U), U > Functor(T* a1, void (T::*a2)(U), U arg_0) __attribute__((noinline)) {
      |                                                                                                         ^
1 warning generated.[0m
[0m[38;5;2;1m[ 13%]:[0m [38;5;5;1m<smg-pc-game>[0m cache compiling.debug src/Game/Util/FixedPosition.cpp[0m
[0m[38;5;3;1mIn file included from src/Game/Gravity/PlanetGravity.cpp:2:
In file included from src/Game/Util.hpp:18:
src/Game/Util/Functor.hpp:114:105: warning: GCC does not allow 'noinline' attribute in this position on a function definition [-Wgcc-compat]
  114 |     static FunctorV1M< T*, void (T::*)(U), U > Functor(T* a1, void (T::*a2)(U), U arg_0) __attribute__((noinline)) {
      |                                                                                                         ^
1 warning generated.[0m
[0m[38;5;2;1m[ 13%]:[0m [38;5;5;1m<smg-pc-game>[0m cache compiling.debug src/Game/Util/RumbleCalculator.cpp[0m
[0m[38;5;3;1mIn file included from src/Game/Demo/DemoSubPartKeeper.cpp:4:
In file included from src/Game/Util.hpp:18:
src/Game/Util/Functor.hpp:114:105: warning: GCC does not allow 'noinline' attribute in this position on a function definition [-Wgcc-compat]
  114 |     static FunctorV1M< T*, void (T::*)(U), U > Functor(T* a1, void (T::*a2)(U), U arg_0) __attribute__((noinline)) {
      |                                                                                                         ^
1 warning generated.[0m
[0m[38;5;3;1mIn file included from src/Game/Gravity/SegmentGravity.cpp:2:
In file included from src/Game/Util.hpp:18:
src/Game/Util/Functor.hpp:114:105: warning: GCC does not allow 'noinline' attribute in this position on a function definition [-Wgcc-compat]
  114 |     static FunctorV1M< T*, void (T::*)(U), U > Functor(T* a1, void (T::*a2)(U), U arg_0) __attribute__((noinline)) {
      |                                                                                                         ^
1 warning generated.[0m
[0m[38;5;2;1m[ 13%]:[0m [38;5;5;1m<smg-pc-game>[0m cache compiling.debug src/Game/Util/JointController.cpp[0m
[0m[38;5;3;1mIn file included from src/Game/Gravity/WireGravity.cpp:2:
In file included from src/Game/Util.hpp:18:
src/Game/Util/Functor.hpp:114:105: warning: GCC does not allow 'noinline' attribute in this position on a function definition [-Wgcc-compat]
  114 |     static FunctorV1M< T*, void (T::*)(U), U > Functor(T* a1, void (T::*a2)(U), U arg_0) __attribute__((noinline)) {
      |                                                                                                         ^
1 warning generated.[0m
[0m[38;5;2;1m[ 14%]:[0m [38;5;5;1m<smg-pc-game>[0m cache compiling.debug src/Game/Util/RailUtil.cpp[0m
[0m[38;5;2;1m[ 14%]:[0m [38;5;5;1m<smg-pc-game>[0m cache compiling.debug src/Game/Util/FurCtrl.cpp[0m
[0m[38;5;3;1mIn file included from src/Game/Gravity/PointGravity.cpp:2:
In file included from src/Game/Util.hpp:18:
src/Game/Util/Functor.hpp:114:105: warning: GCC does not allow 'noinline' attribute in this position on a function definition [-Wgcc-compat]
  114 |     static FunctorV1M< T*, void (T::*)(U), U > Functor(T* a1, void (T::*a2)(U), U arg_0) __attribute__((noinline)) {
      |                                                                                                         ^
1 warning generated.[0m
[0m[38;5;2;1m[ 14%]:[0m [38;5;5;1m<smg-pc-game>[0m cache compiling.debug src/Game/Util/FurMulti.cpp[0m
[0m[38;5;3;1mIn file included from src/Game/Gravity/ParallelGravity.cpp:2:
In file included from src/Game/Util.hpp:18:
src/Game/Util/Functor.hpp:114:105: warning: GCC does not allow 'noinline' attribute in this position on a function definition [-Wgcc-compat]
  114 |     static FunctorV1M< T*, void (T::*)(U), U > Functor(T* a1, void (T::*a2)(U), U arg_0) __attribute__((noinline)) {
      |                                                                                                         ^
1 warning generated.[0m
[0m[38;5;2;1m[ 14%]:[0m [38;5;5;1m<smg-pc-game>[0m cache compiling.debug src/Game/Util/NPCUtil.cpp[0m
[0m[38;5;3;1mIn file included from src/Game/Gravity/GlobalGravityObj.cpp:2:
In file included from src/Game/Util.hpp:18:
src/Game/Util/Functor.hpp:114:105: warning: GCC does not allow 'noinline' attribute in this position on a function definition [-Wgcc-compat]
  114 |     static FunctorV1M< T*, void (T::*)(U), U > Functor(T* a1, void (T::*a2)(U), U arg_0) __attribute__((noinline)) {
      |                                                                                                         ^
1 warning generated.[0m
[0m[38;5;2;1m[ 14%]:[0m [38;5;5;1m<smg-pc-game>[0m cache compiling.debug src/Game/Util/ObjUtil.cpp[0m
[0m[38;5;2;1m[ 14%]:[0m [38;5;5;1m<smg-pc-game>[0m cache compiling.debug src/Game/Util/ModelUtil.cpp[0m
[0m[38;5;3;1mIn file included from src/Game/Gravity/GravityCreator.cpp:2:
In file included from src/Game/Util.hpp:18:
src/Game/Util/Functor.hpp:114:105: warning: GCC does not allow 'noinline' attribute in this position on a function definition [-Wgcc-compat]
  114 |     static FunctorV1M< T*, void (T::*)(U), U > Functor(T* a1, void (T::*a2)(U), U arg_0) __attribute__((noinline)) {
      |                                                                                                         ^
1 warning generated.[0m
[0m[38;5;2;1m[ 15%]:[0m [38;5;5;1m<smg-pc-game>[0m cache compiling.debug src/Game/Util/DrawUtil.cpp[0m
[0m[38;5;2;1m[ 15%]:[0m [38;5;5;1m<smg-pc-game>[0m cache compiling.debug src/Game/Util/MtxUtil.cpp[0m
[0m[38;5;2;1m[ 15%]:[0m [38;5;5;1m<smg-pc-game>[0m cache compiling.debug src/Game/Util/JMapUtil.cpp[0m
[0m[38;5;3;1mIn file included from src/Game/Util/LayoutUtil.cpp:4:
In file included from src/Game/Screen/LayoutCoreUtil.hpp:4:
src/nw4r/lyt/pane.h:37:37: warning: 'offsetof' on non-standard-layout type 'detail::PaneBase' [-Winvalid-offsetof]
   37 |         typedef ut::LinkList< Pane, __builtin_offsetof(detail::PaneBase, mLink) > PaneList;
      |                                     ^                                    ~~~~~
In file included from src/Game/Util/LayoutUtil.cpp:4:
In file included from src/Game/Screen/LayoutCoreUtil.hpp:5:
In file included from src/nw4r/lyt/textBox.h:3:
src/nw4r/lyt/common.h:14:28: warning: comparison of different enumeration types ('_GXTexFmt' (aka 'GXTexFmt') and 'GXCITexFmt') is deprecated [-Wdeprecated-enum-compare]
   14 |                 return fmt == GX_TF_C4 || fmt == GX_TF_C8 || fmt == GX_TF_C14X2;
      |                        ~~~ ^  ~~~~~~~~
src/nw4r/lyt/common.h:14:47: warning: comparison of different enumeration types ('_GXTexFmt' (aka 'GXTexFmt') and 'GXCITexFmt') is deprecated [-Wdeprecated-enum-compare]
   14 |                 return fmt == GX_TF_C4 || fmt == GX_TF_C8 || fmt == GX_TF_C14X2;
      |                                           ~~~ ^  ~~~~~~~~
src/nw4r/lyt/common.h:14:66: warning: comparison of different enumeration types ('_GXTexFmt' (aka 'GXTexFmt') and 'GXCITexFmt') is deprecated [-Wdeprecated-enum-compare]
   14 |                 return fmt == GX_TF_C4 || fmt == GX_TF_C8 || fmt == GX_TF_C14X2;[0m
[0m[38;5;2;1m[ 15%]:[0m [38;5;5;1m<smg-pc-game>[0m cache compiling.debug src/Game/Util/DirectDraw.cpp[0m
[0m[38;5;2;1m[ 15%]:[0m [38;5;5;1m<smg-pc-game>[0m cache compiling.debug src/Game/Util/JointUtil.cpp[0m
[0m[38;5;2;1m[ 16%]:[0m [38;5;5;1m<smg-pc-game>[0m cache compiling.debug src/Game/Util/MapPartsUtil.cpp[0m
[0m[38;5;2;1m[ 16%]:[0m [38;5;5;1m<smg-pc-game>[0m cache compiling.debug src/Game/Util/ActorMovementUtil.cpp[0m
[0m[38;5;2;1m[ 16%]:[0m [38;5;5;1m<smg-pc-game>[0m cache compiling.debug src/Game/Util/CameraUtil.cpp[0m
[0m[38;5;2;1m[ 16%]:[0m [38;5;5;1m<smg-pc-game>[0m cache compiling.debug src/Game/Util/CollisionPartsFilter.cpp[0m
[0m[38;5;3;1msrc/Game/Util/GravityUtil.cpp:62:65: warning: GCC does not allow 'noinline' attribute in this position on a function definition [-Wgcc-compat]
   62 |                                  uintptr_t host) __attribute__((noinline)) {
      |                                                                 ^
1 warning generated.[0m
[0m[38;5;2;1m[ 16%]:[0m [38;5;5;1m<smg-pc-game>[0m cache compiling.debug src/Game/Util/AreaObjUtil.cpp[0m
[0m[38;5;2;1m[ 16%]:[0m [38;5;5;1m<smg-pc-game>[0m cache compiling.debug src/Game/Util/MathUtil.cpp[0m
[0m[38;5;3;1mIn file included from src/Game/Util/JointController.cpp:4:
In file included from src/JSystem/J3DGraphAnimator/J3DJoint.hpp:4:
In file included from src/JSystem/J3DGraphBase/J3DMaterial.hpp:3:
src/JSystem/J3DGraphBase/J3DMatBlock.hpp:248:35: warning: result of comparison of constant 65535 with expression of type 'const u8' (aka 'const unsigned char') is always false [-Wtautological-constant-out-of-range-compare]
  248 |         u32 ambSrc = info.mAmbSrc == 0xFFFF ? 0 : info.mAmbSrc;
      |                      ~~~~~~~~~~~~ ^  ~~~~~~
1 warning generated.[0m
[0m[38;5;2;1m[ 17%]:[0m [38;5;5;1m<smg-pc-game>[0m cache compiling.debug src/Game/NWC24/NWC24Messenger.cpp[0m
[0m[38;5;3;1msrc/Game/Util/RailUtil.cpp:628:111: warning: GCC does not allow 'noinline' attribute in this position on a function definition [-Wgcc-compat]
  628 |     bool getRailPointArgF32WithInit(const LiveActor* pActor, s32 argNum, s32 index, f32* pArg) __attribute__((noinline)) {
      |                                                                                                               ^
src/Game/Util/RailUtil.cpp:636:109: warning: GCC does not allow 'noinline' attribute in this position on a function definition [-Wgcc-compat]
  636 |     bool getRailPointArgF32NoInit(const LiveActor* pActor, s32 argNum, s32 index, f32* pArg) __attribute__((noinline)) {
      |                                                                                                             ^
src/Game/Util/RailUtil.cpp:644:107: warning: GCC does not allow 'noinline' attribute in this position on a function definition [-Wgcc-compat]
  644 |     bool getRailCurrentPointArgF32WithInit(const LiveActor* pActor, s32 argNum, f32* pArg) __attribute__((noinline)) {
      |                                                                                                           ^
src/Game/Util/RailUtil.cpp:652:105: warning: GCC does not allow 'noinline' attribute in this position on a function definition [-Wgcc-compat]
  652 |     bool getRailCurrentPointArgF32NoInit(const LiveActor* pActor, s32 argNum, f32* pArg) __attribute__((noinline)) {
      |                                                                                                         ^
src/Game/Util/RailUtil.cpp:660:102: warning: GCC does not allow 'noinline' attribute in this position on a function definition [-Wgcc-compat]
  660 |     bool getRailNextPointArgF32NoInit(const LiveActor* pActor, s32 argNum, f32* pArg) __attribute__((noinline)) {
      |                                                                                                      ^
src/Game/Util/RailUtil.cpp:668:104: warning: GCC does not allow 'noinline' attribute in this position on a function definition [-Wgcc-compat][0m
[0m[38;5;2;1m[ 17%]:[0m [38;5;5;1m<smg-pc-game>[0m cache compiling.debug src/Game/Camera/CameraShakeTask.cpp[0m
[0m[38;5;3;1msrc/Game/Util/ScreenUtil.cpp:38:70: warning: GCC does not allow 'noinline' attribute in this position on a function definition [-Wgcc-compat]
   38 |     CaptureScreenDirector* getCaptureScreenDirector() __attribute__((noinline)) {
      |                                                                      ^
src/Game/Util/ScreenUtil.cpp:42:56: warning: GCC does not allow 'noinline' attribute in this position on a function definition [-Wgcc-compat]
   42 |     PlayTimerScene* getPlayTimerScene() __attribute__((noinline)) {
      |                                                        ^
src/Game/Util/ScreenUtil.cpp:60:50: warning: GCC does not allow 'noinline' attribute in this position on a function definition [-Wgcc-compat]
   60 |     StarCounter* getStarCounter() __attribute__((noinline)) {
      |                                                  ^
src/Game/Util/ScreenUtil.cpp:64:60: warning: GCC does not allow 'noinline' attribute in this position on a function definition [-Wgcc-compat]
   64 |     StarPieceCounter* getStarPieceCounter() __attribute__((noinline)) {
      |                                                            ^
4 warnings generated.[0m
[0m[38;5;2;1m[ 17%]:[0m [38;5;5;1m<smg-pc-game>[0m cache compiling.debug src/Game/Camera/CameraViewInterpolator.cpp[0m
[0m[38;5;3;1mIn file included from src/Game/Util/FurCtrl.cpp:9:
In file included from src/Game/Util.hpp:18:
src/Game/Util/Functor.hpp:114:105: warning: GCC does not allow 'noinline' attribute in this position on a function definition [-Wgcc-compat]
  114 |     static FunctorV1M< T*, void (T::*)(U), U > Functor(T* a1, void (T::*a2)(U), U arg_0) __attribute__((noinline)) {
      |                                                                                                         ^
src/Game/Util/FurCtrl.cpp:150:9: warning: 'sprintf' is deprecated: This function is provided for compatibility reasons only.  Due to security concerns inherent in the design of sprintf(3), it is highly recommended that you use snprintf(3) instead. [-Wdeprecated-declarations]
  150 |         sprintf(name, (::smgpc::compat::cp932::EncodedLiteral<::smgpc::compat::cp932::Utf8Literal{"レイヤ %d"}>::value.bytes), i);
      |         ^
/Applications/Xcode.app/Contents/Developer/Platforms/MacOSX.platform/Developer/SDKs/MacOSX27.0.sdk/usr/include/_stdio.h:278:16: note: 'sprintf' has been explicitly marked deprecated here
  278 | __attribute__((__deprecated__("This function is provided for compatibility reasons only.  Due to security concerns inherent in the design of sprintf(3), it is highly recommended that you use snprintf(3) instead.")))
      |                ^
src/Game/Util/FurCtrl.cpp:186:9: warning: 'sprintf' is deprecated: This function is provided for compatibility reasons only.  Due to security concerns inherent in the design of sprintf(3), it is highly recommended that you use snprintf(3) instead. [-Wdeprecated-declarations]
  186 |         sprintf(name, (::smgpc::compat::cp932::EncodedLiteral<::smgpc::compat::cp932::Utf8Literal{"レイヤ(コピー) %d"}>::value.bytes), i);
      |         ^
/Applications/Xcode.app/Contents/Developer/Platforms/MacOSX.platform/Developer/SDKs/MacOSX27.0.sdk/usr/include/_stdio.h:278:16: note: 'sprintf' has been explicitly marked deprecated here
  278 | __attribute__((__deprecated__("This function is provided for compatibility reasons only.  Due to security concerns inherent in the design of sprintf(3), it is highly recommended that you use snprintf(3) instead.")))[0m
[0m[38;5;2;1m[ 17%]:[0m [38;5;5;1m<smg-pc-game>[0m cache compiling.debug src/Game/Camera/CameraHolder.cpp[0m
[0m[38;5;3;1msrc/Game/Util/MtxUtil.cpp:528:9: warning: ignoring return value of function declared with 'nodiscard' attribute [-Wunused-result]
  528 |         JGeometry::TUtil< f32 >::sqrt(magAll);
      |         ^~~~~~~~~~~~~~~~~~~~~~~~~~~~~~~~~~~~~
1 warning generated.[0m
[0m[38;5;2;1m[ 17%]:[0m [38;5;5;1m<smg-pc-game>[0m cache compiling.debug src/Game/Camera/CameraTripodBossJoint.cpp[0m
[0m[38;5;2;1m[ 18%]:[0m [38;5;5;1m<smg-pc-game>[0m cache compiling.debug src/Game/Camera/CameraContext.cpp[0m
[0m[38;5;3;1mIn file included from src/Game/Util/FurMulti.cpp:10:
In file included from src/JSystem/J3DGraphBase/J3DMaterial.hpp:3:
src/JSystem/J3DGraphBase/J3DMatBlock.hpp:248:35: warning: result of comparison of constant 65535 with expression of type 'const u8' (aka 'const unsigned char') is always false [-Wtautological-constant-out-of-range-compare]
  248 |         u32 ambSrc = info.mAmbSrc == 0xFFFF ? 0 : info.mAmbSrc;
      |                      ~~~~~~~~~~~~ ^  ~~~~~~
1 warning generated.[0m
[0m[38;5;2;1m[ 18%]:[0m [38;5;5;1m<smg-pc-game>[0m cache compiling.debug src/Game/Camera/CameraMedianPlanet.cpp[0m
[0m[38;5;3;1mIn file included from src/Game/Util/ModelUtil.cpp:17:
In file included from src/JSystem/J3DGraphBase/J3DMaterial.hpp:3:
src/JSystem/J3DGraphBase/J3DMatBlock.hpp:248:35: warning: result of comparison of constant 65535 with expression of type 'const u8' (aka 'const unsigned char') is always false [-Wtautological-constant-out-of-range-compare]
  248 |         u32 ambSrc = info.mAmbSrc == 0xFFFF ? 0 : info.mAmbSrc;
      |                      ~~~~~~~~~~~~ ^  ~~~~~~
1 warning generated.[0m
[0m[38;5;2;1m[ 19%]:[0m [38;5;5;1m<smg-pc-game>[0m cache compiling.debug src/Game/Camera/CameraCharmedVecReg.cpp[0m
[0m[38;5;2;1m[ 19%]:[0m [38;5;5;1m<smg-pc-game>[0m cache compiling.debug src/Game/Camera/CamTranslatorFix.cpp[0m
[0m[38;5;3;1msrc/Game/Util/ObjUtil.cpp:53:117: warning: GCC does not allow 'noinline' attribute in this position on a function definition [-Wgcc-compat]
   53 |     bool isExistFileInArcLocal(const ResourceHolder* pHolder, const char* pArchive, va_list pFormat) __attribute__((noinline)) {
      |                                                                                                                     ^
src/Game/Util/ObjUtil.cpp:60:124: warning: GCC does not allow 'noinline' attribute in this position on a function definition [-Wgcc-compat]
   60 |     JMapInfo* tryCreateCsvParserLocal(const ResourceHolder* pHolder, const char* pArchive, va_list pFormat) __attribute__((noinline)) {
      |                                                                                                                            ^
src/Game/Util/ObjUtil.cpp:571:9: warning: ignoring return value of function declared with 'nodiscard' attribute [-Wunused-result]
  571 |         pMapInfo->getValue(idx, pKey, pOut);
      |         ^~~~~~~~~~~~~~~~~~~~~~~~~~~~~~~~~~~
src/Game/Util/ObjUtil.cpp:583:9: warning: ignoring return value of function declared with 'nodiscard' attribute [-Wunused-result]
  583 |         pMapInfo->getValue< s32 >(idx, pKey, pOut);
      |         ^~~~~~~~~~~~~~~~~~~~~~~~~~~~~~~~~~~~~~~~~~
src/Game/Util/ObjUtil.cpp:589:9: warning: ignoring return value of function declared with 'nodiscard' attribute [-Wunused-result]
  589 |         pMapInfo->getValue< s32 >(idx, pKey, &val);
      |         ^~~~~~~~~~~~~~~~~~~~~~~~~~~~~~~~~~~~~~~~~~
src/Game/Util/ObjUtil.cpp:595:9: warning: ignoring return value of function declared with 'nodiscard' attribute [-Wunused-result][0m
[0m[38;5;2;1m[ 20%]:[0m [38;5;5;1m<smg-pc-game>[0m cache compiling.debug src/Game/Camera/CameraMtxRegParallel.cpp[0m
[0m[38;5;3;1mIn file included from src/app/OriginalGameApplication.cpp:11:
In file included from src/Game/System/FileLoader.hpp:3:
In file included from src/Game/System/ArchiveHolder.hpp:4:
In file included from src/JSystem/JKernel/JKRMemArchive.hpp:3:
src/JSystem/JKernel/JKRArchive.hpp:122:33: warning: 'getResource' overrides a member function but is not marked 'override' [-Winconsistent-missing-override]
  122 |     [[nodiscard]] virtual void *getResource(const char *pPath) const;
      |                                 ^
src/JSystem/JKernel/JKRFileLoader.hpp:15:19: note: overridden virtual function is here
   15 |     virtual void* getResource(const char*) const = 0;
      |                   ^
In file included from src/app/OriginalGameApplication.cpp:11:
In file included from src/Game/System/FileLoader.hpp:3:
In file included from src/Game/System/ArchiveHolder.hpp:4:
In file included from src/JSystem/JKernel/JKRMemArchive.hpp:3:
src/JSystem/JKernel/JKRArchive.hpp:124:33: warning: 'getResource' overrides a member function but is not marked 'override' [-Winconsistent-missing-override]
  124 |     [[nodiscard]] virtual void *getResource(std::uint32_t, const char *pPath) const;[0m
[0m[38;5;2;1m[ 20%]:[0m [38;5;5;1m<smg-pc-game>[0m cache compiling.debug src/Game/Camera/CameraWonderPlanet.cpp[0m
[0m[38;5;2;1m[ 20%]:[0m [38;5;5;1m<smg-pc-game>[0m cache compiling.debug src/Game/Camera/CameraTowerPos.cpp[0m
[0m[38;5;2;1m[ 20%]:[0m [38;5;5;1m<smg-pc-game>[0m cache compiling.debug src/Game/Camera/CameraShaker.cpp[0m
[0m[38;5;2;1m[ 20%]:[0m [38;5;5;1m<smg-pc-game>[0m cache compiling.debug src/Game/Camera/CameraFooFighterPlanet.cpp[0m
[0m[38;5;2;1m[ 20%]:[0m [38;5;5;1m<smg-pc-game>[0m cache compiling.debug src/Game/Camera/CamTranslatorMedianPlanet.cpp[0m
[0m[38;5;2;1mcreate ok![0m
[0m[1;38;5;1;1merror: [0msrc/Game/Util/JMapUtil.cpp:682:10: error: out-of-line definition of 'isLoopRailPathIter' does not match any declaration in namespace 'MR'
  682 | bool MR::isLoopRailPathIter(const JMapInfoIter& rIter) {
      |          ^~~~~~~~~~~~~~~~~~
src/Game/Util/JMapUtil.cpp:684:5: warning: ignoring return value of function declared with 'nodiscard' attribute [-Wunused-result]
  684 |     rIter.getValue< const char* >("closed", &closed);
      |     ^~~~~~~~~~~~~~~~~~~~~~~~~~~~~~~~~~~~~~~~~~~~~~~~
30 warnings and 1 error generated.
  [38;5;3m> in [1msrc/Game/Util/JMapUtil.cpp[0m
[0m[38;5;2;1m[ 10%]:[0m [38;5;5;1m<smg-pc-game>[0m cache compiling.debug src/Game/Demo/AstroDemoFunction.cpp[0m
[0m[38;5;2;1m[ 10%]:[0m [38;5;5;1m<smg-pc-game>[0m cache compiling.debug src/Game/Demo/DemoCastGroup.cpp[0m
[0m[38;5;2;1m[ 10%]:[0m [38;5;5;1m<smg-pc-game>[0m cache compiling.debug src/Game/Demo/DemoDirector.cpp[0m
[0m[38;5;2;1m[ 10%]:[0m [38;5;5;1m<smg-pc-game>[0m cache compiling.debug src/Game/Demo/DemoExecutor.cpp[0m
[0m[38;5;2;1m[ 11%]:[0m [38;5;5;1m<smg-pc-game>[0m cache compiling.debug src/Game/Demo/DemoSubPartKeeper.cpp[0m
[0m[38;5;2;1m[ 11%]:[0m [38;5;5;1m<smg-pc-game>[0m cache compiling.debug src/Game/Demo/DemoFunction.cpp[0m
[0m[38;5;2;1m[ 11%]:[0m [38;5;5;1m<smg-pc-game>[0m cache compiling.debug src/Game/Gravity/PlanetGravity.cpp[0m
[0m[38;5;2;1m[ 11%]:[0m [38;5;5;1m<smg-pc-game>[0m cache compiling.debug src/Game/Gravity/ParallelGravity.cpp[0m
[0m[38;5;2;1m[ 11%]:[0m [38;5;5;1m<smg-pc-game>[0m cache compiling.debug src/Game/Gravity/GlobalGravityObj.cpp[0m
[0m[38;5;2;1m[ 12%]:[0m [38;5;5;1m<smg-pc-game>[0m cache compiling.debug src/Game/Gravity/DiskTorusGravity.cpp[0m
[0m[38;5;2;1m[ 12%]:[0m [38;5;5;1m<smg-pc-game>[0m cache compiling.debug src/Game/Gravity/WireGravity.cpp[0m
[0m[38;5;2;1m[ 12%]:[0m [38;5;5;1m<smg-pc-game>[0m cache compiling.debug src/Game/Gravity/SegmentGravity.cpp[0m
[0m[38;5;2;1m[ 12%]:[0m [38;5;5;1m<smg-pc-game>[0m cache compiling.debug src/Game/Gravity/GravityCreator.cpp[0m
[0m[38;5;2;1m[ 12%]:[0m [38;5;5;1m<smg-pc-game>[0m cache compiling.debug src/Game/Gravity/PointGravity.cpp[0m
[0m[38;5;2;1m[ 12%]:[0m [38;5;5;1m<smg-pc-game>[0m cache compiling.debug src/Game/Gravity/DiskGravity.cpp[0m
[0m[38;5;2;1m[ 13%]:[0m [38;5;5;1m<smg-pc-game>[0m cache compiling.debug src/Game/Util/JMapIdInfo.cpp[0m
[0m[38;5;2;1m[ 13%]:[0m [38;5;5;1m<smg-pc-game>[0m cache compiling.debug src/Game/Util/ActorMovementUtil.cpp[0m
[0m[38;5;2;1m[ 13%]:[0m [38;5;5;1m<smg-pc-game>[0m cache compiling.debug src/Game/Util/BaseMatrixFollowTargetHolder.cpp[0m
[0m[38;5;2;1m[ 13%]:[0m [38;5;5;1m<smg-pc-game>[0m cache compiling.debug src/Game/Util/MathUtil.cpp[0m
[0m[38;5;2;1m[ 14%]:[0m [38;5;5;1m<smg-pc-game>[0m cache compiling.debug src/Game/Util/FurCtrl.cpp[0m
[0m[38;5;2;1m[ 14%]:[0m [38;5;5;1m<smg-pc-game>[0m cache compiling.debug src/Game/Util/ActorSwitchUtil.cpp[0m
[0m[38;5;2;1m[ 15%]:[0m [38;5;5;1m<smg-pc-game>[0m cache compiling.debug src/Game/Util/DrawUtil.cpp[0m
[0m[38;5;3;1mIn file included from src/Game/Gravity/PointGravity.cpp:2:
In file included from src/Game/Util.hpp:18:
src/Game/Util/Functor.hpp:114:105: warning: GCC does not allow 'noinline' attribute in this position on a function definition [-Wgcc-compat]
  114 |     static FunctorV1M< T*, void (T::*)(U), U > Functor(T* a1, void (T::*a2)(U), U arg_0) __attribute__((noinline)) {
      |                                                                                                         ^
1 warning generated.[0m
[0m[38;5;2;1m[ 15%]:[0m [38;5;5;1m<smg-pc-game>[0m cache compiling.debug src/Game/Util/JMapUtil.cpp[0m
[0m[38;5;2;1m[ 15%]:[0m [38;5;5;1m<smg-pc-game>[0m cache compiling.debug src/Game/Util/JointUtil.cpp[0m
[0m[38;5;3;1mIn file included from src/Game/Gravity/DiskGravity.cpp:2:
In file included from src/Game/Util.hpp:18:
src/Game/Util/Functor.hpp:114:105: warning: GCC does not allow 'noinline' attribute in this position on a function definition [-Wgcc-compat]
  114 |     static FunctorV1M< T*, void (T::*)(U), U > Functor(T* a1, void (T::*a2)(U), U arg_0) __attribute__((noinline)) {
      |                                                                                                         ^
1 warning generated.[0m
[0m[38;5;2;1m[ 15%]:[0m [38;5;5;1m<smg-pc-game>[0m cache compiling.debug src/Game/Util/SceneUtil.cpp[0m
[0m[38;5;3;1mIn file included from src/Game/Demo/DemoSubPartKeeper.cpp:4:
In file included from src/Game/Util.hpp:18:
src/Game/Util/Functor.hpp:114:105: warning: GCC does not allow 'noinline' attribute in this position on a function definition [-Wgcc-compat]
  114 |     static FunctorV1M< T*, void (T::*)(U), U > Functor(T* a1, void (T::*a2)(U), U arg_0) __attribute__((noinline)) {
      |                                                                                                         ^
1 warning generated.[0m
[0m[38;5;2;1m[ 16%]:[0m [38;5;5;1m<smg-pc-game>[0m cache compiling.debug src/Game/Util/MapPartsUtil.cpp[0m
[0m[38;5;3;1mIn file included from src/Game/Gravity/PlanetGravity.cpp:2:
In file included from src/Game/Util.hpp:18:
src/Game/Util/Functor.hpp:114:105: warning: GCC does not allow 'noinline' attribute in this position on a function definition [-Wgcc-compat]
  114 |     static FunctorV1M< T*, void (T::*)(U), U > Functor(T* a1, void (T::*a2)(U), U arg_0) __attribute__((noinline)) {
      |                                                                                                         ^
1 warning generated.[0m
[0m[38;5;2;1m[ 16%]:[0m [38;5;5;1m<smg-pc-game>[0m cache compiling.debug src/Game/Util/CameraUtil.cpp[0m
[0m[38;5;3;1mIn file included from src/Game/Gravity/DiskTorusGravity.cpp:2:
In file included from src/Game/Util.hpp:18:
src/Game/Util/Functor.hpp:114:105: warning: GCC does not allow 'noinline' attribute in this position on a function definition [-Wgcc-compat]
  114 |     static FunctorV1M< T*, void (T::*)(U), U > Functor(T* a1, void (T::*a2)(U), U arg_0) __attribute__((noinline)) {
      |                                                                                                         ^
1 warning generated.[0m
[0m[38;5;2;1m[ 17%]:[0m [38;5;5;1m<smg-pc-game>[0m cache compiling.debug src/Game/NWC24/NWC24Messenger.cpp[0m
[0m[38;5;3;1mIn file included from src/Game/Gravity/GravityCreator.cpp:2:
In file included from src/Game/Util.hpp:18:
src/Game/Util/Functor.hpp:114:105: warning: GCC does not allow 'noinline' attribute in this position on a function definition [-Wgcc-compat]
  114 |     static FunctorV1M< T*, void (T::*)(U), U > Functor(T* a1, void (T::*a2)(U), U arg_0) __attribute__((noinline)) {
      |                                                                                                         ^
1 warning generated.[0m
[0m[38;5;2;1m[ 17%]:[0m [38;5;5;1m<smg-pc-game>[0m cache compiling.debug src/Game/Camera/CameraViewInterpolator.cpp[0m
[0m[38;5;3;1mIn file included from src/Game/Gravity/SegmentGravity.cpp:2:
In file included from src/Game/Util.hpp:18:
src/Game/Util/Functor.hpp:114:105: warning: GCC does not allow 'noinline' attribute in this position on a function definition [-Wgcc-compat]
  114 |     static FunctorV1M< T*, void (T::*)(U), U > Functor(T* a1, void (T::*a2)(U), U arg_0) __attribute__((noinline)) {
      |                                                                                                         ^
1 warning generated.[0m
[0m[38;5;2;1m[ 17%]:[0m [38;5;5;1m<smg-pc-game>[0m cache compiling.debug src/Game/Camera/CameraHolder.cpp[0m
[0m[38;5;3;1msrc/Game/Demo/DemoFunction.cpp:121:59: warning: GCC does not allow 'noinline' attribute in this position on a function definition [-Wgcc-compat]
  121 |     DemoTimeKeeper* getCurrentTimeKeeper() __attribute__((noinline)) {
      |                                                           ^
src/Game/Demo/DemoFunction.cpp:125:65: warning: GCC does not allow 'noinline' attribute in this position on a function definition [-Wgcc-compat]
  125 |     DemoSubPartKeeper* getCurrentSubPartKeeper() __attribute__((noinline)) {
      |                                                                 ^
src/Game/Demo/DemoFunction.cpp:129:66: warning: GCC does not allow 'noinline' attribute in this position on a function definition [-Wgcc-compat]
  129 |     bool isCurrentMainPart(const char* pPartName) __attribute__((noinline)) {
      |                                                                  ^
3 warnings generated.[0m
[0m[38;5;2;1m[ 17%]:[0m [38;5;5;1m<smg-pc-game>[0m cache compiling.debug src/Game/Camera/CameraTripodBossJoint.cpp[0m
[0m[38;5;3;1mIn file included from src/Game/Gravity/WireGravity.cpp:2:
In file included from src/Game/Util.hpp:18:
src/Game/Util/Functor.hpp:114:105: warning: GCC does not allow 'noinline' attribute in this position on a function definition [-Wgcc-compat]
  114 |     static FunctorV1M< T*, void (T::*)(U), U > Functor(T* a1, void (T::*a2)(U), U arg_0) __attribute__((noinline)) {
      |                                                                                                         ^
1 warning generated.[0m
[0m[38;5;2;1m[ 18%]:[0m [38;5;5;1m<smg-pc-game>[0m cache compiling.debug src/Game/Camera/CameraContext.cpp[0m
[0m[38;5;3;1mIn file included from src/Game/Gravity/GlobalGravityObj.cpp:2:
In file included from src/Game/Util.hpp:18:
src/Game/Util/Functor.hpp:114:105: warning: GCC does not allow 'noinline' attribute in this position on a function definition [-Wgcc-compat]
  114 |     static FunctorV1M< T*, void (T::*)(U), U > Functor(T* a1, void (T::*a2)(U), U arg_0) __attribute__((noinline)) {
      |                                                                                                         ^
1 warning generated.[0m
[0m[38;5;2;1m[ 18%]:[0m [38;5;5;1m<smg-pc-game>[0m cache compiling.debug src/Game/Camera/CameraMedianPlanet.cpp[0m
[0m[38;5;3;1mIn file included from src/Game/Gravity/ParallelGravity.cpp:2:
In file included from src/Game/Util.hpp:18:
src/Game/Util/Functor.hpp:114:105: warning: GCC does not allow 'noinline' attribute in this position on a function definition [-Wgcc-compat]
  114 |     static FunctorV1M< T*, void (T::*)(U), U > Functor(T* a1, void (T::*a2)(U), U arg_0) __attribute__((noinline)) {
      |                                                                                                         ^
1 warning generated.[0m
[0m[38;5;2;1m[ 19%]:[0m [38;5;5;1m<smg-pc-game>[0m cache compiling.debug src/Game/Camera/CameraCharmedVecReg.cpp[0m
[0m[38;5;2;1m[ 19%]:[0m [38;5;5;1m<smg-pc-game>[0m cache compiling.debug src/Game/Camera/CamTranslatorFix.cpp[0m
[0m[38;5;3;1mIn file included from src/Game/Demo/DemoExecutor.cpp:15:
src/Game/Util/Functor.hpp:114:105: warning: GCC does not allow 'noinline' attribute in this position on a function definition [-Wgcc-compat]
  114 |     static FunctorV1M< T*, void (T::*)(U), U > Functor(T* a1, void (T::*a2)(U), U arg_0) __attribute__((noinline)) {
      |                                                                                                         ^
1 warning generated.[0m
[0m[38;5;2;1m[ 20%]:[0m [38;5;5;1m<smg-pc-game>[0m cache compiling.debug src/Game/Camera/CameraMtxRegParallel.cpp[0m
[0m[38;5;2;1m[ 20%]:[0m [38;5;5;1m<smg-pc-game>[0m cache compiling.debug src/Game/Camera/CameraWonderPlanet.cpp[0m
[0m[38;5;3;1mIn file included from src/Game/Util/FurCtrl.cpp:9:
In file included from src/Game/Util.hpp:18:
src/Game/Util/Functor.hpp:114:105: warning: GCC does not allow 'noinline' attribute in this position on a function definition [-Wgcc-compat]
  114 |     static FunctorV1M< T*, void (T::*)(U), U > Functor(T* a1, void (T::*a2)(U), U arg_0) __attribute__((noinline)) {
      |                                                                                                         ^
src/Game/Util/FurCtrl.cpp:150:9: warning: 'sprintf' is deprecated: This function is provided for compatibility reasons only.  Due to security concerns inherent in the design of sprintf(3), it is highly recommended that you use snprintf(3) instead. [-Wdeprecated-declarations]
  150 |         sprintf(name, (::smgpc::compat::cp932::EncodedLiteral<::smgpc::compat::cp932::Utf8Literal{"レイヤ %d"}>::value.bytes), i);
      |         ^
/Applications/Xcode.app/Contents/Developer/Platforms/MacOSX.platform/Developer/SDKs/MacOSX27.0.sdk/usr/include/_stdio.h:278:16: note: 'sprintf' has been explicitly marked deprecated here
  278 | __attribute__((__deprecated__("This function is provided for compatibility reasons only.  Due to security concerns inherent in the design of sprintf(3), it is highly recommended that you use snprintf(3) instead.")))
      |                ^
src/Game/Util/FurCtrl.cpp:186:9: warning: 'sprintf' is deprecated: This function is provided for compatibility reasons only.  Due to security concerns inherent in the design of sprintf(3), it is highly recommended that you use snprintf(3) instead. [-Wdeprecated-declarations]
  186 |         sprintf(name, (::smgpc::compat::cp932::EncodedLiteral<::smgpc::compat::cp932::Utf8Literal{"レイヤ(コピー) %d"}>::value.bytes), i);
      |         ^
/Applications/Xcode.app/Contents/Developer/Platforms/MacOSX.platform/Developer/SDKs/MacOSX27.0.sdk/usr/include/_stdio.h:278:16: note: 'sprintf' has been explicitly marked deprecated here
  278 | __attribute__((__deprecated__("This function is provided for compatibility reasons only.  Due to security concerns inherent in the design of sprintf(3), it is highly recommended that you use snprintf(3) instead.")))[0m
[0m[38;5;2;1m[ 20%]:[0m [38;5;5;1m<smg-pc-game>[0m cache compiling.debug src/Game/Camera/CameraTowerPos.cpp[0m
[0m[38;5;3;1msrc/Game/Util/ActorMovementUtil.cpp:2:10: warning: non-portable path to file '"Game/Animation/XanimeCore.hpp"'; specified path differs in case from file name on disk [-Wnonportable-include-path]
    2 | #include "Game/Animation/Xanimecore.hpp"
      |          ^~~~~~~~~~~~~~~~~~~~~~~~~~~~~~~
      |          "Game/Animation/XanimeCore.hpp"
1 warning generated.
In file included from src/Game/Util/ActorMovementUtil.cpp:2:
In file included from src/Game/Animation/Xanimecore.hpp:3:
In file included from src/JSystem/J3DGraphAnimator/J3DJoint.hpp:4:
In file included from src/JSystem/J3DGraphBase/J3DMaterial.hpp:3:
src/JSystem/J3DGraphBase/J3DMatBlock.hpp:248:35: warning: result of comparison of constant 65535 with expression of type 'const u8' (aka 'const unsigned char') is always false [-Wtautological-constant-out-of-range-compare]
  248 |         u32 ambSrc = info.mAmbSrc == 0xFFFF ? 0 : info.mAmbSrc;
      |                      ~~~~~~~~~~~~ ^  ~~~~~~
In file included from src/Game/Util/ActorMovementUtil.cpp:8:
In file included from src/Game/Util.hpp:18:
src/Game/Util/Functor.hpp:114:105: warning: GCC does not allow 'noinline' attribute in this position on a function definition [-Wgcc-compat]
  114 |     static FunctorV1M< T*, void (T::*)(U), U > Functor(T* a1, void (T::*a2)(U), U arg_0) __attribute__((noinline)) {[0m
[0m[38;5;2;1m[ 20%]:[0m [38;5;5;1m<smg-pc-game>[0m cache compiling.debug src/Game/Camera/CameraShaker.cpp[0m
[0m[38;5;2;1m[ 20%]:[0m [38;5;5;1m<smg-pc-game>[0m cache compiling.debug src/Game/Camera/CameraFooFighterPlanet.cpp[0m
[0m[38;5;2;1m[ 20%]:[0m [38;5;5;1m<smg-pc-game>[0m cache compiling.debug src/Game/Camera/CamTranslatorMedianPlanet.cpp[0m
[0m[38;5;2;1m[ 20%]:[0m [38;5;5;1m<smg-pc-game>[0m cache compiling.debug src/Game/Camera/CameraTargetObj.cpp[0m
[0m[38;5;2;1m[ 21%]:[0m [38;5;5;1m<smg-pc-game>[0m cache compiling.debug src/Game/Camera/CameraWaterPlanet.cpp[0m
[0m[38;5;2;1m[ 21%]:[0m [38;5;5;1m<smg-pc-game>[0m cache compiling.debug src/Game/Camera/CameraCalc.cpp[0m
[0m[38;5;2;1m[ 21%]:[0m [38;5;5;1m<smg-pc-game>[0m cache compiling.debug src/Game/Camera/GameCameraCreator.cpp[0m
[0m[38;5;2;1m[ 22%]:[0m [38;5;5;1m<smg-pc-game>[0m cache compiling.debug src/Game/Camera/CameraFollow.cpp[0m
[0m[38;5;2;1m[ 22%]:[0m [38;5;5;1m<smg-pc-game>[0m cache compiling.debug src/Game/Camera/CameraTargetMtx.cpp[0m
[0m[38;5;3;1mIn file included from src/Game/Util/JMapUtil.cpp:2:
In file included from src/Game/Util.hpp:18:
src/Game/Util/Functor.hpp:114:105: warning: GCC does not allow 'noinline' attribute in this position on a function definition [-Wgcc-compat]
  114 |     static FunctorV1M< T*, void (T::*)(U), U > Functor(T* a1, void (T::*a2)(U), U arg_0) __attribute__((noinline)) {
      |                                                                                                         ^
src/Game/Util/JMapUtil.cpp:143:103: warning: GCC does not allow 'noinline' attribute in this position on a function definition [-Wgcc-compat]
  143 |     bool getJMapInfoArgNoInit(const JMapInfoIter& rIter, const char* pName, s32* pOut) __attribute__((noinline)) {
      |                                                                                                       ^
src/Game/Util/JMapUtil.cpp:159:103: warning: GCC does not allow 'noinline' attribute in this position on a function definition [-Wgcc-compat]
  159 |     bool getJMapInfoArgNoInit(const JMapInfoIter& rIter, const char* pName, f32* pOut) __attribute__((noinline)) {
      |                                                                                                       ^
src/Game/Util/JMapUtil.cpp:171:104: warning: GCC does not allow 'noinline' attribute in this position on a function definition [-Wgcc-compat]
  171 |     bool getJMapInfoArgNoInit(const JMapInfoIter& rIter, const char* pName, bool* pOut) __attribute__((noinline)) {
      |                                                                                                        ^
src/Game/Util/JMapUtil.cpp:414:5: warning: ignoring return value of function declared with 'nodiscard' attribute [-Wunused-result]
  414 |     rIter.getValue< s32 >("DemoGroupId", &groupID);[0m
[0m[38;5;2;1m[ 22%]:[0m [38;5;5;1m<smg-pc-game>[0m cache compiling.debug src/Game/Camera/CameraDirector.cpp[0m
[0m[38;5;2;1m[ 23%]:[0m [38;5;5;1m<smg-pc-game>[0m cache compiling.debug src/Game/Camera/CameraParallel.cpp[0m
[0m[38;5;2;1m[ 23%]:[0m [38;5;5;1m<smg-pc-game>[0m cache compiling.debug src/Game/Camera/CameraRailHolder.cpp[0m
[0m[38;5;3;1mIn file included from src/Game/Util/CameraUtil.cpp:20:
In file included from src/Game/Util.hpp:18:
src/Game/Util/Functor.hpp:114:105: warning: GCC does not allow 'noinline' attribute in this position on a function definition [-Wgcc-compat]
  114 |     static FunctorV1M< T*, void (T::*)(U), U > Functor(T* a1, void (T::*a2)(U), U arg_0) __attribute__((noinline)) {
      |                                                                                                         ^
1 warning generated.[0m
[0m[38;5;2;1m[ 24%]:[0m [38;5;5;1m<smg-pc-game>[0m cache compiling.debug src/Game/Camera/CameraManPause.cpp[0m
[0m[38;5;2;1m[ 24%]:[0m [38;5;5;1m<smg-pc-game>[0m cache compiling.debug src/Game/Camera/CameraFixedThere.cpp[0m
[0m[38;5;2;1m[ 24%]:[0m [38;5;5;1m<smg-pc-game>[0m cache compiling.debug src/Game/Camera/CamTranslatorCharmedVecRegTower.cpp[0m
[0m[38;5;3;1msrc/Game/NWC24/NWC24Messenger.cpp:24:56: warning: GCC does not allow 'noinline' attribute in this position on a function definition [-Wgcc-compat]
   24 |     NWC24Messenger* getNWC24Messenger() __attribute__((noinline)) {
      |                                                        ^
1 warning generated.[0m
[0m[38;5;2;1m[ 24%]:[0m [38;5;5;1m<smg-pc-game>[0m cache compiling.debug src/Game/Camera/CameraTower.cpp[0m
[0m[38;5;2;1m[ 25%]:[0m [38;5;5;1m<smg-pc-game>[0m cache compiling.debug src/Game/Camera/CameraManGame.cpp[0m
[0m[38;5;2;1m[ 25%]:[0m [38;5;5;1m<smg-pc-game>[0m cache compiling.debug src/Game/Camera/CameraCover.cpp[0m
[0m[38;5;2;1m[ 25%]:[0m [38;5;5;1m<smg-pc-game>[0m cache compiling.debug src/Game/Camera/CameraGround.cpp[0m
[0m[38;5;3;1msrc/Game/Util/SceneUtil.cpp:28:137: warning: GCC does not allow 'noinline' attribute in this position on a function definition [-Wgcc-compat]
   28 |     void getRailInfoFromRailId(JMapInfoIter* pIter, const JMapInfo** ppInfo, const StageDataHolder* pHolder, int railId) __attribute__((noinline)) {
      |                                                                                                                                         ^
src/Game/Util/SceneUtil.cpp:199:9: warning: ignoring return value of function declared with 'nodiscard' attribute [-Wunused-result]
  199 |         iter.getValue("PosName", ppName);
      |         ^~~~~~~~~~~~~~~~~~~~~~~~~~~~~~~~
2 warnings generated.[0m
[0m[38;5;2;1m[ 25%]:[0m [38;5;5;1m<smg-pc-game>[0m cache compiling.debug src/Game/Camera/CameraBehind.cpp[0m
[0m[38;5;2;1m[ 26%]:[0m [38;5;5;1m<smg-pc-game>[0m cache compiling.debug src/Game/LiveActor/MirrorActor.cpp[0m
[0m[38;5;3;1mIn file included from src/Game/Camera/CameraCover.cpp:4:
In file included from src/Game/Util.hpp:18:
src/Game/Util/Functor.hpp:114:90: warning: GCC does not allow 'noinline' attribute in this position on a function definition [-Wgcc-compat]
  114 |     static FunctorV1M< T*, void (T::*)(U), U > Functor(T* a1, void (T::*a2)(U), U arg_0) NO_INLINE {
      |                                                                                          ^
src/Inline.hpp:5:34: note: expanded from macro 'NO_INLINE'
    5 | #define NO_INLINE __attribute__((noinline))
      |                                  ^
src/Game/Camera/CameraCover.cpp:38:17: warning: decrement of object of volatile-qualified type 'volatile s32' (aka 'volatile int') is deprecated [-Wdeprecated-volatile]
   38 |     if (_3C && !--_3C) {
      |                 ^
2 warnings generated.[0m
[0m[38;5;3;1msrc/Game/Camera/CameraRailHolder.cpp:40:17: warning: ignoring return value of function declared with 'nodiscard' attribute [-Wunused-result]
   40 |                 iter.getValue("l_id", &linkId);
      |                 ^~~~~~~~~~~~~~~~~~~~~~~~~~~~~~
1 warning generated.[0m
[0m[38;5;3;1mIn file included from src/Game/Camera/CamTranslatorCharmedVecRegTower.cpp:3:
In file included from src/Game/Util.hpp:18:
src/Game/Util/Functor.hpp:114:90: warning: GCC does not allow 'noinline' attribute in this position on a function definition [-Wgcc-compat]
  114 |     static FunctorV1M< T*, void (T::*)(U), U > Functor(T* a1, void (T::*a2)(U), U arg_0) NO_INLINE {
      |                                                                                          ^
src/Inline.hpp:5:34: note: expanded from macro 'NO_INLINE'
    5 | #define NO_INLINE __attribute__((noinline))
      |                                  ^
1 warning generated.[0m
[0m[38;5;2;1mcreate ok![0m
[0m[1;38;5;1;1merror: [0msrc/Game/Util/JointUtil.cpp:158:15: error: functions that differ only in their return type cannot be overloaded
  158 |     J3DJoint* searchChildJoint(J3DJoint* pRoot, J3DJoint* pJoint) {
      |     ~~~~~~~~~ ^
src/Game/Util/JointUtil.hpp:42:9: note: previous declaration is here
   42 |     s32 searchChildJoint(J3DJoint*, J3DJoint*);
      |     ~~~ ^
src/Game/Util/JointUtil.cpp:179:19: error: cannot initialize a variable of type 'J3DJoint *' with an rvalue of type 's32' (aka 'int')
  179 |         J3DJoint* pParent = searchChildJoint(pRoot->mYounger, pJoint);
      |                   ^         ~~~~~~~~~~~~~~~~~~~~~~~~~~~~~~~~~~~~~~~~~
src/Game/Util/JointUtil.cpp:184:16: error: cannot initialize return object of type 'J3DJoint *' with an rvalue of type 's32' (aka 'int')
  184 |         return searchChildJoint(pRoot->mChild, pJoint);
      |                ^~~~~~~~~~~~~~~~~~~~~~~~~~~~~~~~~~~~~~~
src/Game/Util/JointUtil.cpp:187:15: error: functions that differ only in their return type cannot be overloaded
  187 |     J3DJoint* getParentJoint(J3DModelData* pModelData, J3DJoint* pJoint) {
      |     ~~~~~~~~~ ^
src/Game/Util/JointUtil.hpp:43:9: note: previous declaration is here
   43 |     s32 getParentJoint(J3DModelData*, J3DJoint*);
  [38;5;3m> in [1msrc/Game/Util/JointUtil.cpp[0m
[0m[38;5;2;1m[ 11%]:[0m [38;5;5;1m<smg-pc-game>[0m cache compiling.debug src/Game/Demo/DemoSubPartKeeper.cpp[0m
[0m[38;5;2;1m[ 11%]:[0m [38;5;5;1m<smg-pc-game>[0m cache compiling.debug src/Game/Demo/PrologueDirector.cpp[0m
[0m[38;5;2;1m[ 12%]:[0m [38;5;5;1m<smg-pc-game>[0m cache compiling.debug src/Game/Gravity/PlanetGravity.cpp[0m
[0m[38;5;2;1m[ 12%]:[0m [38;5;5;1m<smg-pc-game>[0m cache compiling.debug src/Game/Gravity/ParallelGravity.cpp[0m
[0m[38;5;2;1m[ 12%]:[0m [38;5;5;1m<smg-pc-game>[0m cache compiling.debug src/Game/Gravity/GlobalGravityObj.cpp[0m
[0m[38;5;2;1m[ 12%]:[0m [38;5;5;1m<smg-pc-game>[0m cache compiling.debug src/Game/Gravity/DiskTorusGravity.cpp[0m
[0m[38;5;2;1m[ 12%]:[0m [38;5;5;1m<smg-pc-game>[0m cache compiling.debug src/Game/Gravity/WireGravity.cpp[0m
[0m[38;5;2;1m[ 12%]:[0m [38;5;5;1m<smg-pc-game>[0m cache compiling.debug src/Game/Gravity/SegmentGravity.cpp[0m
[0m[38;5;2;1m[ 12%]:[0m [38;5;5;1m<smg-pc-game>[0m cache compiling.debug src/Game/Gravity/GravityCreator.cpp[0m
[0m[38;5;2;1m[ 12%]:[0m [38;5;5;1m<smg-pc-game>[0m cache compiling.debug src/Game/Gravity/PointGravity.cpp[0m
[0m[38;5;2;1m[ 12%]:[0m [38;5;5;1m<smg-pc-game>[0m cache compiling.debug src/Game/Gravity/DiskGravity.cpp[0m
[0m[38;5;2;1m[ 12%]:[0m [38;5;5;1m<smg-pc-game>[0m cache compiling.debug src/Game/Util/PlayerUtil.cpp[0m
[0m[38;5;2;1m[ 13%]:[0m [38;5;5;1m<smg-pc-game>[0m cache compiling.debug src/Game/Util/ActorMovementUtil.cpp[0m
[0m[38;5;2;1m[ 13%]:[0m [38;5;5;1m<smg-pc-game>[0m cache compiling.debug src/Game/Util/FixedPosition.cpp[0m
[0m[38;5;2;1m[ 14%]:[0m [38;5;5;1m<smg-pc-game>[0m cache compiling.debug src/Game/Util/JointController.cpp[0m
[0m[38;5;2;1m[ 14%]:[0m [38;5;5;1m<smg-pc-game>[0m cache compiling.debug src/Game/Util/FurCtrl.cpp[0m
[0m[38;5;2;1m[ 14%]:[0m [38;5;5;1m<smg-pc-game>[0m cache compiling.debug src/Game/Util/NPCUtil.cpp[0m
[0m[38;5;2;1m[ 14%]:[0m [38;5;5;1m<smg-pc-game>[0m cache compiling.debug src/Game/Util/ModelUtil.cpp[0m
[0m[38;5;2;1m[ 15%]:[0m [38;5;5;1m<smg-pc-game>[0m cache compiling.debug src/Game/Util/JMapUtil.cpp[0m
[0m[38;5;2;1m[ 15%]:[0m [38;5;5;1m<smg-pc-game>[0m cache compiling.debug src/Game/Util/JointUtil.cpp[0m
[0m[38;5;3;1mIn file included from src/Game/Demo/DemoSubPartKeeper.cpp:4:
In file included from src/Game/Util.hpp:18:
src/Game/Util/Functor.hpp:114:105: warning: GCC does not allow 'noinline' attribute in this position on a function definition [-Wgcc-compat]
  114 |     static FunctorV1M< T*, void (T::*)(U), U > Functor(T* a1, void (T::*a2)(U), U arg_0) __attribute__((noinline)) {
      |                                                                                                         ^
1 warning generated.[0m
[0m[38;5;2;1m[ 16%]:[0m [38;5;5;1m<smg-pc-game>[0m cache compiling.debug src/Game/Util/MapPartsUtil.cpp[0m
[0m[38;5;3;1mIn file included from src/Game/Gravity/PlanetGravity.cpp:2:
In file included from src/Game/Util.hpp:18:
src/Game/Util/Functor.hpp:114:105: warning: GCC does not allow 'noinline' attribute in this position on a function definition [-Wgcc-compat]
  114 |     static FunctorV1M< T*, void (T::*)(U), U > Functor(T* a1, void (T::*a2)(U), U arg_0) __attribute__((noinline)) {
      |                                                                                                         ^
1 warning generated.[0m
[0m[38;5;2;1m[ 16%]:[0m [38;5;5;1m<smg-pc-game>[0m cache compiling.debug src/Game/Util/ActorSensorUtil.cpp[0m
[0m[38;5;2;1m[ 16%]:[0m [38;5;5;1m<smg-pc-game>[0m cache compiling.debug src/Game/Util/CameraUtil.cpp[0m
[0m[38;5;3;1mIn file included from src/Game/Gravity/PointGravity.cpp:2:
In file included from src/Game/Util.hpp:18:
src/Game/Util/Functor.hpp:114:105: warning: GCC does not allow 'noinline' attribute in this position on a function definition [-Wgcc-compat]
  114 |     static FunctorV1M< T*, void (T::*)(U), U > Functor(T* a1, void (T::*a2)(U), U arg_0) __attribute__((noinline)) {
      |                                                                                                         ^
1 warning generated.[0m
[0m[38;5;2;1m[ 24%]:[0m [38;5;5;1m<smg-pc-game>[0m cache compiling.debug src/Game/Camera/CamTranslatorCharmedVecRegTower.cpp[0m
[0m[38;5;3;1mIn file included from src/Game/Gravity/DiskGravity.cpp:2:
In file included from src/Game/Util.hpp:18:
src/Game/Util/Functor.hpp:114:105: warning: GCC does not allow 'noinline' attribute in this position on a function definition [-Wgcc-compat]
  114 |     static FunctorV1M< T*, void (T::*)(U), U > Functor(T* a1, void (T::*a2)(U), U arg_0) __attribute__((noinline)) {
      |                                                                                                         ^
1 warning generated.[0m
[0m[38;5;2;1m[ 25%]:[0m [38;5;5;1m<smg-pc-game>[0m cache compiling.debug src/Game/Camera/CameraCover.cpp[0m
[0m[38;5;3;1mIn file included from src/Game/Gravity/GlobalGravityObj.cpp:2:
In file included from src/Game/Util.hpp:18:
src/Game/Util/Functor.hpp:114:105: warning: GCC does not allow 'noinline' attribute in this position on a function definition [-Wgcc-compat]
  114 |     static FunctorV1M< T*, void (T::*)(U), U > Functor(T* a1, void (T::*a2)(U), U arg_0) __attribute__((noinline)) {
      |                                                                                                         ^
1 warning generated.[0m
[0m[38;5;2;1m[ 26%]:[0m [38;5;5;1m<smg-pc-game>[0m cache compiling.debug src/Game/LiveActor/ClippingActorHolder.cpp[0m
[0m[38;5;3;1mIn file included from src/Game/Gravity/ParallelGravity.cpp:2:
In file included from src/Game/Util.hpp:18:
src/Game/Util/Functor.hpp:114:105: warning: GCC does not allow 'noinline' attribute in this position on a function definition [-Wgcc-compat]
  114 |     static FunctorV1M< T*, void (T::*)(U), U > Functor(T* a1, void (T::*a2)(U), U arg_0) __attribute__((noinline)) {
      |                                                                                                         ^
1 warning generated.[0m
[0m[38;5;2;1m[ 26%]:[0m [38;5;5;1m<smg-pc-game>[0m cache compiling.debug src/Game/LiveActor/ActorLightCtrl.cpp[0m
[0m[38;5;3;1mIn file included from src/Game/Gravity/SegmentGravity.cpp:2:
In file included from src/Game/Util.hpp:18:
src/Game/Util/Functor.hpp:114:105: warning: GCC does not allow 'noinline' attribute in this position on a function definition [-Wgcc-compat]
  114 |     static FunctorV1M< T*, void (T::*)(U), U > Functor(T* a1, void (T::*a2)(U), U arg_0) __attribute__((noinline)) {
      |                                                                                                         ^
1 warning generated.[0m
[0m[38;5;2;1m[ 26%]:[0m [38;5;5;1m<smg-pc-game>[0m cache compiling.debug src/Game/LiveActor/ActorCameraInfo.cpp[0m
[0m[38;5;3;1mIn file included from src/Game/Gravity/DiskTorusGravity.cpp:2:
In file included from src/Game/Util.hpp:18:
src/Game/Util/Functor.hpp:114:105: warning: GCC does not allow 'noinline' attribute in this position on a function definition [-Wgcc-compat]
  114 |     static FunctorV1M< T*, void (T::*)(U), U > Functor(T* a1, void (T::*a2)(U), U arg_0) __attribute__((noinline)) {
      |                                                                                                         ^
1 warning generated.[0m
[0m[38;5;2;1m[ 26%]:[0m [38;5;5;1m<smg-pc-game>[0m cache compiling.debug src/Game/LiveActor/ShadowVolumeCylinder.cpp[0m
[0m[38;5;3;1mIn file included from src/Game/Gravity/WireGravity.cpp:2:
In file included from src/Game/Util.hpp:18:
src/Game/Util/Functor.hpp:114:105: warning: GCC does not allow 'noinline' attribute in this position on a function definition [-Wgcc-compat]
  114 |     static FunctorV1M< T*, void (T::*)(U), U > Functor(T* a1, void (T::*a2)(U), U arg_0) __attribute__((noinline)) {
      |                                                                                                         ^
1 warning generated.[0m
[0m[38;5;2;1m[ 26%]:[0m [38;5;5;1m<smg-pc-game>[0m cache compiling.debug src/Game/LiveActor/ActorPadAndCameraCtrl.cpp[0m
[0m[38;5;3;1mIn file included from src/Game/Util/JointController.cpp:4:
In file included from src/JSystem/J3DGraphAnimator/J3DJoint.hpp:4:
In file included from src/JSystem/J3DGraphBase/J3DMaterial.hpp:3:
src/JSystem/J3DGraphBase/J3DMatBlock.hpp:248:35: warning: result of comparison of constant 65535 with expression of type 'const u8' (aka 'const unsigned char') is always false [-Wtautological-constant-out-of-range-compare]
  248 |         u32 ambSrc = info.mAmbSrc == 0xFFFF ? 0 : info.mAmbSrc;
      |                      ~~~~~~~~~~~~ ^  ~~~~~~
1 warning generated.[0m
[0m[38;5;2;1m[ 26%]:[0m [38;5;5;1m<smg-pc-game>[0m cache compiling.debug src/Game/LiveActor/ShadowVolumeOval.cpp[0m
[0m[38;5;2;1m[ 26%]:[0m [38;5;5;1m<smg-pc-game>[0m cache compiling.debug src/Game/LiveActor/Binder.cpp[0m
[0m[38;5;3;1mIn file included from src/Game/Gravity/GravityCreator.cpp:2:
In file included from src/Game/Util.hpp:18:
src/Game/Util/Functor.hpp:114:105: warning: GCC does not allow 'noinline' attribute in this position on a function definition [-Wgcc-compat]
  114 |     static FunctorV1M< T*, void (T::*)(U), U > Functor(T* a1, void (T::*a2)(U), U arg_0) __attribute__((noinline)) {
      |                                                                                                         ^
1 warning generated.[0m
[0m[38;5;2;1m[ 27%]:[0m [38;5;5;1m<smg-pc-game>[0m cache compiling.debug src/Game/LiveActor/ClippingJudge.cpp[0m
[0m[38;5;3;1mIn file included from src/Game/Util/JointUtil.cpp:3:
In file included from src/JSystem/J3DGraphAnimator/J3DJoint.hpp:4:
In file included from src/JSystem/J3DGraphBase/J3DMaterial.hpp:3:
src/JSystem/J3DGraphBase/J3DMatBlock.hpp:248:35: warning: result of comparison of constant 65535 with expression of type 'const u8' (aka 'const unsigned char') is always false [-Wtautological-constant-out-of-range-compare]
  248 |         u32 ambSrc = info.mAmbSrc == 0xFFFF ? 0 : info.mAmbSrc;
      |                      ~~~~~~~~~~~~ ^  ~~~~~~
src/Game/Util/JointUtil.cpp:38:82: warning: GCC does not allow 'noinline' attribute in this position on a function definition [-Wgcc-compat]
   38 |     u16 getJointIndex(const LiveActor* pActor, const char* pName) __attribute__((noinline)) {
      |                                                                                  ^
2 warnings generated.[0m
[0m[38;5;2;1m[ 27%]:[0m [38;5;5;1m<smg-pc-game>[0m cache compiling.debug src/Game/LiveActor/MaterialCtrl.cpp[0m
[0m[38;5;2;1m[ 27%]:[0m [38;5;5;1m<smg-pc-game>[0m cache compiling.debug src/Game/LiveActor/ClippingDirector.cpp[0m
[0m[38;5;3;1mIn file included from src/Game/Util/FurCtrl.cpp:9:
In file included from src/Game/Util.hpp:18:
src/Game/Util/Functor.hpp:114:105: warning: GCC does not allow 'noinline' attribute in this position on a function definition [-Wgcc-compat]
  114 |     static FunctorV1M< T*, void (T::*)(U), U > Functor(T* a1, void (T::*a2)(U), U arg_0) __attribute__((noinline)) {
      |                                                                                                         ^
src/Game/Util/FurCtrl.cpp:150:9: warning: 'sprintf' is deprecated: This function is provided for compatibility reasons only.  Due to security concerns inherent in the design of sprintf(3), it is highly recommended that you use snprintf(3) instead. [-Wdeprecated-declarations]
  150 |         sprintf(name, (::smgpc::compat::cp932::EncodedLiteral<::smgpc::compat::cp932::Utf8Literal{"レイヤ %d"}>::value.bytes), i);
      |         ^
/Applications/Xcode.app/Contents/Developer/Platforms/MacOSX.platform/Developer/SDKs/MacOSX27.0.sdk/usr/include/_stdio.h:278:16: note: 'sprintf' has been explicitly marked deprecated here
  278 | __attribute__((__deprecated__("This function is provided for compatibility reasons only.  Due to security concerns inherent in the design of sprintf(3), it is highly recommended that you use snprintf(3) instead.")))
      |                ^
src/Game/Util/FurCtrl.cpp:186:9: warning: 'sprintf' is deprecated: This function is provided for compatibility reasons only.  Due to security concerns inherent in the design of sprintf(3), it is highly recommended that you use snprintf(3) instead. [-Wdeprecated-declarations]
  186 |         sprintf(name, (::smgpc::compat::cp932::EncodedLiteral<::smgpc::compat::cp932::Utf8Literal{"レイヤ(コピー) %d"}>::value.bytes), i);
      |         ^
/Applications/Xcode.app/Contents/Developer/Platforms/MacOSX.platform/Developer/SDKs/MacOSX27.0.sdk/usr/include/_stdio.h:278:16: note: 'sprintf' has been explicitly marked deprecated here
  278 | __attribute__((__deprecated__("This function is provided for compatibility reasons only.  Due to security concerns inherent in the design of sprintf(3), it is highly recommended that you use snprintf(3) instead.")))[0m
[0m[38;5;2;1m[ 27%]:[0m [38;5;5;1m<smg-pc-game>[0m cache compiling.debug src/Game/LiveActor/LodCtrl.cpp[0m
[0m[38;5;3;1mIn file included from src/Game/Util/JMapUtil.cpp:2:
In file included from src/Game/Util.hpp:18:
src/Game/Util/Functor.hpp:114:105: warning: GCC does not allow 'noinline' attribute in this position on a function definition [-Wgcc-compat]
  114 |     static FunctorV1M< T*, void (T::*)(U), U > Functor(T* a1, void (T::*a2)(U), U arg_0) __attribute__((noinline)) {
      |                                                                                                         ^
src/Game/Util/JMapUtil.cpp:143:103: warning: GCC does not allow 'noinline' attribute in this position on a function definition [-Wgcc-compat]
  143 |     bool getJMapInfoArgNoInit(const JMapInfoIter& rIter, const char* pName, s32* pOut) __attribute__((noinline)) {
      |                                                                                                       ^
src/Game/Util/JMapUtil.cpp:159:103: warning: GCC does not allow 'noinline' attribute in this position on a function definition [-Wgcc-compat]
  159 |     bool getJMapInfoArgNoInit(const JMapInfoIter& rIter, const char* pName, f32* pOut) __attribute__((noinline)) {
      |                                                                                                       ^
src/Game/Util/JMapUtil.cpp:171:104: warning: GCC does not allow 'noinline' attribute in this position on a function definition [-Wgcc-compat]
  171 |     bool getJMapInfoArgNoInit(const JMapInfoIter& rIter, const char* pName, bool* pOut) __attribute__((noinline)) {
      |                                                                                                        ^
src/Game/Util/JMapUtil.cpp:414:5: warning: ignoring return value of function declared with 'nodiscard' attribute [-Wunused-result]
  414 |     rIter.getValue< s32 >("DemoGroupId", &groupID);[0m
[0m[38;5;2;1m[ 27%]:[0m [38;5;5;1m<smg-pc-game>[0m cache compiling.debug src/Game/LiveActor/MirrorCamera.cpp[0m
[0m[38;5;3;1msrc/Game/Util/ActorMovementUtil.cpp:2:10: warning: non-portable path to file '"Game/Animation/XanimeCore.hpp"'; specified path differs in case from file name on disk [-Wnonportable-include-path]
    2 | #include "Game/Animation/Xanimecore.hpp"
      |          ^~~~~~~~~~~~~~~~~~~~~~~~~~~~~~~
      |          "Game/Animation/XanimeCore.hpp"
1 warning generated.
In file included from src/Game/Util/ActorMovementUtil.cpp:2:
In file included from src/Game/Animation/Xanimecore.hpp:3:
In file included from src/JSystem/J3DGraphAnimator/J3DJoint.hpp:4:
In file included from src/JSystem/J3DGraphBase/J3DMaterial.hpp:3:
src/JSystem/J3DGraphBase/J3DMatBlock.hpp:248:35: warning: result of comparison of constant 65535 with expression of type 'const u8' (aka 'const unsigned char') is always false [-Wtautological-constant-out-of-range-compare]
  248 |         u32 ambSrc = info.mAmbSrc == 0xFFFF ? 0 : info.mAmbSrc;
      |                      ~~~~~~~~~~~~ ^  ~~~~~~
In file included from src/Game/Util/ActorMovementUtil.cpp:8:
In file included from src/Game/Util.hpp:18:
src/Game/Util/Functor.hpp:114:105: warning: GCC does not allow 'noinline' attribute in this position on a function definition [-Wgcc-compat]
  114 |     static FunctorV1M< T*, void (T::*)(U), U > Functor(T* a1, void (T::*a2)(U), U arg_0) __attribute__((noinline)) {[0m
[0m[38;5;2;1m[ 27%]:[0m [38;5;5;1m<smg-pc-game>[0m cache compiling.debug src/Game/LiveActor/DisplayListMaker.cpp[0m
[0m[38;5;2;1m[ 28%]:[0m [38;5;5;1m<smg-pc-game>[0m cache compiling.debug src/Game/LiveActor/ShadowVolumeDrawer.cpp[0m
[0m[38;5;3;1mIn file included from src/Game/Util/ModelUtil.cpp:17:
In file included from src/JSystem/J3DGraphBase/J3DMaterial.hpp:3:
src/JSystem/J3DGraphBase/J3DMatBlock.hpp:248:35: warning: result of comparison of constant 65535 with expression of type 'const u8' (aka 'const unsigned char') is always false [-Wtautological-constant-out-of-range-compare]
  248 |         u32 ambSrc = info.mAmbSrc == 0xFFFF ? 0 : info.mAmbSrc;
      |                      ~~~~~~~~~~~~ ^  ~~~~~~
1 warning generated.[0m
[0m[38;5;2;1m[ 28%]:[0m [38;5;5;1m<smg-pc-game>[0m cache compiling.debug src/Game/LiveActor/HitSensorKeeper.cpp[0m
[0m[38;5;2;1m[ 28%]:[0m [38;5;5;1m<smg-pc-game>[0m cache compiling.debug src/Game/LiveActor/DynamicJointCtrl.cpp[0m
[0m[38;5;2;1m[ 28%]:[0m [38;5;5;1m<smg-pc-game>[0m cache compiling.debug src/Game/LiveActor/RailRider.cpp[0m
[0m[38;5;3;1mIn file included from src/Game/Util/CameraUtil.cpp:20:
In file included from src/Game/Util.hpp:18:
src/Game/Util/Functor.hpp:114:105: warning: GCC does not allow 'noinline' attribute in this position on a function definition [-Wgcc-compat]
  114 |     static FunctorV1M< T*, void (T::*)(U), U > Functor(T* a1, void (T::*a2)(U), U arg_0) __attribute__((noinline)) {
      |                                                                                                         ^
1 warning generated.[0m
[0m[38;5;2;1m[ 28%]:[0m [38;5;5;1m<smg-pc-game>[0m cache compiling.debug src/Game/LiveActor/ViewGroupCtrl.cpp[0m
[0m[38;5;2;1m[ 28%]:[0m [38;5;5;1m<smg-pc-game>[0m cache compiling.debug src/Game/LiveActor/LiveActorGroupArray.cpp[0m
[0m[38;5;2;1m[ 29%]:[0m [38;5;5;1m<smg-pc-game>[0m cache compiling.debug src/Game/LiveActor/ShadowVolumeOvalPole.cpp[0m
[0m[38;5;2;1m[ 29%]:[0m [38;5;5;1m<smg-pc-game>[0m cache compiling.debug src/Game/LiveActor/MessageSensorHolder.cpp[0m
[0m[38;5;2;1m[ 29%]:[0m [38;5;5;1m<smg-pc-game>[0m cache compiling.debug src/Game/LiveActor/LiveActor.cpp[0m
[0m[38;5;2;1m[ 29%]:[0m [38;5;5;1m<smg-pc-game>[0m cache compiling.debug src/Game/LiveActor/ShadowVolumeModel.cpp[0m
[0m[38;5;3;1mIn file included from src/Game/Camera/CamTranslatorCharmedVecRegTower.cpp:3:
In file included from src/Game/Util.hpp:18:
src/Game/Util/Functor.hpp:114:105: warning: GCC does not allow 'noinline' attribute in this position on a function definition [-Wgcc-compat]
  114 |     static FunctorV1M< T*, void (T::*)(U), U > Functor(T* a1, void (T::*a2)(U), U arg_0) __attribute__((noinline)) {
      |                                                                                                         ^
1 warning generated.[0m
[0m[38;5;2;1m[ 29%]:[0m [38;5;5;1m<smg-pc-game>[0m cache compiling.debug src/Game/LiveActor/ModelManager.cpp[0m
[0m[38;5;3;1mIn file included from src/Game/Camera/CameraCover.cpp:4:
In file included from src/Game/Util.hpp:18:
src/Game/Util/Functor.hpp:114:105: warning: GCC does not allow 'noinline' attribute in this position on a function definition [-Wgcc-compat]
  114 |     static FunctorV1M< T*, void (T::*)(U), U > Functor(T* a1, void (T::*a2)(U), U arg_0) __attribute__((noinline)) {
      |                                                                                                         ^
src/Game/Camera/CameraCover.cpp:38:17: warning: decrement of object of volatile-qualified type 'volatile s32' (aka 'volatile int') is deprecated [-Wdeprecated-volatile]
   38 |     if (_3C && !--_3C) {
      |                 ^
2 warnings generated.[0m
[0m[38;5;2;1m[ 29%]:[0m [38;5;5;1m<smg-pc-game>[0m cache compiling.debug src/Game/LiveActor/ClippingActorInfo.cpp[0m
[0m[38;5;3;1mIn file included from src/Game/LiveActor/ClippingJudge.cpp:3:
In file included from src/Game/Util.hpp:18:
src/Game/Util/Functor.hpp:114:105: warning: GCC does not allow 'noinline' attribute in this position on a function definition [-Wgcc-compat]
  114 |     static FunctorV1M< T*, void (T::*)(U), U > Functor(T* a1, void (T::*a2)(U), U arg_0) __attribute__((noinline)) {
      |                                                                                                         ^
1 warning generated.[0m
[0m[38;5;2;1m[ 29%]:[0m [38;5;5;1m<smg-pc-game>[0m cache compiling.debug src/Game/Effect/EffectSystem.cpp[0m
[0m[38;5;3;1mIn file included from src/Game/LiveActor/MirrorCamera.cpp:4:
In file included from src/Game/Util.hpp:18:
src/Game/Util/Functor.hpp:114:105: warning: GCC does not allow 'noinline' attribute in this position on a function definition [-Wgcc-compat]
  114 |     static FunctorV1M< T*, void (T::*)(U), U > Functor(T* a1, void (T::*a2)(U), U arg_0) __attribute__((noinline)) {
      |                                                                                                         ^
1 warning generated.[0m
[0m[38;5;2;1m[ 29%]:[0m [38;5;5;1m<smg-pc-game>[0m cache compiling.debug src/Game/Effect/SingleEmitter.cpp[0m
[0m[38;5;3;1mIn file included from src/Game/LiveActor/ShadowVolumeDrawer.cpp:6:
src/Game/Util/Functor.hpp:114:105: warning: GCC does not allow 'noinline' attribute in this position on a function definition [-Wgcc-compat]
  114 |     static FunctorV1M< T*, void (T::*)(U), U > Functor(T* a1, void (T::*a2)(U), U arg_0) __attribute__((noinline)) {
      |                                                                                                         ^
1 warning generated.[0m
[0m[38;5;2;1m[ 29%]:[0m [38;5;5;1m<smg-pc-game>[0m cache compiling.debug src/Game/Effect/MultiEmitterAccess.cpp[0m
[0m[38;5;3;1mIn file included from src/Game/LiveActor/ActorLightCtrl.cpp:7:
In file included from src/Game/Util.hpp:18:
src/Game/Util/Functor.hpp:114:105: warning: GCC does not allow 'noinline' attribute in this position on a function definition [-Wgcc-compat]
  114 |     static FunctorV1M< T*, void (T::*)(U), U > Functor(T* a1, void (T::*a2)(U), U arg_0) __attribute__((noinline)) {
      |                                                                                                         ^
1 warning generated.[0m
[0m[38;5;2;1m[ 30%]:[0m [38;5;5;1m<smg-pc-game>[0m cache compiling.debug src/Game/Effect/MultiEmitter.cpp[0m
[0m[38;5;2;1m[ 30%]:[0m [38;5;5;1m<smg-pc-game>[0m cache compiling.debug src/Game/Effect/SimpleEffectObj.cpp[0m
[0m[38;5;2;1m[ 30%]:[0m [38;5;5;1m<smg-pc-game>[0m cache compiling.debug src/Game/Effect/EffectSystemUtil.cpp[0m
[0m[38;5;3;1msrc/Game/LiveActor/ActorPadAndCameraCtrl.cpp:43:17: warning: ignoring return value of function declared with 'nodiscard' attribute [-Wunused-result]
   43 |                 parser->getValue(i, distanceInvalidKey, &info->mDistanceInvalid);
      |                 ^~~~~~~~~~~~~~~~~~~~~~~~~~~~~~~~~~~~~~~~~~~~~~~~~~~~~~~~~~~~~~~~
1 warning generated.[0m
[0m[38;5;2;1m[ 30%]:[0m [38;5;5;1m<smg-pc-game>[0m cache compiling.debug src/Game/Effect/ParticleCalcExecutor.cpp[0m
[0m[38;5;2;1m[ 30%]:[0m [38;5;5;1m<smg-pc-game>[0m cache compiling.debug src/Game/Effect/ParticleEmitter.cpp[0m
[0m[38;5;3;1mIn file included from src/Game/LiveActor/MaterialCtrl.cpp:3:
In file included from src/Game/Util.hpp:18:
src/Game/Util/Functor.hpp:114:105: warning: GCC does not allow 'noinline' attribute in this position on a function definition [-Wgcc-compat]
  114 |     static FunctorV1M< T*, void (T::*)(U), U > Functor(T* a1, void (T::*a2)(U), U arg_0) __attribute__((noinline)) {
      |                                                                                                         ^
In file included from src/Game/LiveActor/MaterialCtrl.cpp:6:
In file included from src/JSystem/J3DGraphBase/J3DMaterial.hpp:3:
src/JSystem/J3DGraphBase/J3DMatBlock.hpp:248:35: warning: result of comparison of constant 65535 with expression of type 'const u8' (aka 'const unsigned char') is always false [-Wtautological-constant-out-of-range-compare]
  248 |         u32 ambSrc = info.mAmbSrc == 0xFFFF ? 0 : info.mAmbSrc;
      |                      ~~~~~~~~~~~~ ^  ~~~~~~
2 warnings generated.[0m
[0m[38;5;2;1m[ 30%]:[0m [38;5;5;1m<smg-pc-game>[0m cache compiling.debug src/Game/Effect/ParticleEmitterHolder.cpp[0m
[0m[38;5;3;1mIn file included from src/Game/LiveActor/DisplayListMaker.cpp:5:
In file included from src/Game/Util.hpp:18:
src/Game/Util/Functor.hpp:114:105: warning: GCC does not allow 'noinline' attribute in this position on a function definition [-Wgcc-compat]
  114 |     static FunctorV1M< T*, void (T::*)(U), U > Functor(T* a1, void (T::*a2)(U), U arg_0) __attribute__((noinline)) {
      |                                                                                                         ^
In file included from src/Game/LiveActor/DisplayListMaker.cpp:7:
In file included from src/JSystem/J3DGraphBase/J3DMaterial.hpp:3:
src/JSystem/J3DGraphBase/J3DMatBlock.hpp:248:35: warning: result of comparison of constant 65535 with expression of type 'const u8' (aka 'const unsigned char') is always false [-Wtautological-constant-out-of-range-compare]
  248 |         u32 ambSrc = info.mAmbSrc == 0xFFFF ? 0 : info.mAmbSrc;
      |                      ~~~~~~~~~~~~ ^  ~~~~~~
2 warnings generated.[0m
[0m[38;5;2;1m[ 30%]:[0m [38;5;5;1m<smg-pc-game>[0m cache compiling.debug src/Game/Effect/MultiEmitterCallBack.cpp[0m
[0m[38;5;3;1mIn file included from src/Game/LiveActor/DynamicJointCtrl.cpp:2:
In file included from src/Game/Util.hpp:18:
src/Game/Util/Functor.hpp:114:105: warning: GCC does not allow 'noinline' attribute in this position on a function definition [-Wgcc-compat]
  114 |     static FunctorV1M< T*, void (T::*)(U), U > Functor(T* a1, void (T::*a2)(U), U arg_0) __attribute__((noinline)) {
      |                                                                                                         ^
1 warning generated.[0m
[0m[38;5;2;1m[ 31%]:[0m [38;5;5;1m<smg-pc-game>[0m cache compiling.debug src/Game/Animation/XanimeCore.cpp[0m
[0m[38;5;2;1m[ 31%]:[0m [38;5;5;1m<smg-pc-game>[0m cache compiling.debug src/Game/Animation/BckCtrl.cpp[0m
[0m[38;5;3;1msrc/Game/LiveActor/RailRider.cpp:247:5: warning: ignoring return value of function declared with 'nodiscard' attribute [-Wunused-result]
  247 |     iter.getValue< s32 >(pStr, &val);
      |     ^~~~~~~~~~~~~~~~~~~~~~~~~~~~~~~~
src/Game/LiveActor/RailRider.cpp:260:5: warning: ignoring return value of function declared with 'nodiscard' attribute [-Wunused-result]
  260 |     iter.getValue< s32 >(pStr, pOut);
      |     ^~~~~~~~~~~~~~~~~~~~~~~~~~~~~~~~
src/Game/LiveActor/RailRider.cpp:270:5: warning: ignoring return value of function declared with 'nodiscard' attribute [-Wunused-result]
  270 |     iter.getValue< s32 >(pStr, &val);
      |     ^~~~~~~~~~~~~~~~~~~~~~~~~~~~~~~~
src/Game/LiveActor/RailRider.cpp:283:5: warning: ignoring return value of function declared with 'nodiscard' attribute [-Wunused-result]
  283 |     iter.getValue< s32 >(pStr, pOut);
      |     ^~~~~~~~~~~~~~~~~~~~~~~~~~~~~~~~
src/Game/LiveActor/RailRider.cpp:293:5: warning: ignoring return value of function declared with 'nodiscard' attribute [-Wunused-result]
  293 |     iter.getValue< s32 >(pStr, &val);
      |     ^~~~~~~~~~~~~~~~~~~~~~~~~~~~~~~~
src/Game/LiveActor/RailRider.cpp:306:5: warning: ignoring return value of function declared with 'nodiscard' attribute [-Wunused-result][0m
[0m[38;5;2;1m[ 31%]:[0m [38;5;5;1m<smg-pc-game>[0m cache compiling.debug src/Game/Enemy/AnimScaleController.cpp[0m
[0m[38;5;3;1mIn file included from src/Game/LiveActor/MessageSensorHolder.cpp:2:
In file included from src/Game/Util.hpp:18:
src/Game/Util/Functor.hpp:114:105: warning: GCC does not allow 'noinline' attribute in this position on a function definition [-Wgcc-compat]
  114 |     static FunctorV1M< T*, void (T::*)(U), U > Functor(T* a1, void (T::*a2)(U), U arg_0) __attribute__((noinline)) {
      |                                                                                                         ^
1 warning generated.[0m
[0m[38;5;2;1m[ 32%]:[0m [38;5;5;1m<smg-pc-game>[0m cache compiling.debug src/Game/System/GameSystemErrorWatcher.cpp[0m
[0m[38;5;2;1m[ 32%]:[0m [38;5;5;1m<smg-pc-game>[0m cache compiling.debug src/Game/System/WPadHolder.cpp[0m
[0m[38;5;2;1m[ 34%]:[0m [38;5;5;1m<smg-pc-game>[0m cache compiling.debug src/Game/System/ResourceHolder.cpp[0m
[0m[38;5;2;1m[ 34%]:[0m [38;5;5;1m<smg-pc-game>[0m cache compiling.debug src/Game/System/NANDErrorSequence.cpp[0m
[0m[38;5;2;1m[ 34%]:[0m [38;5;5;1m<smg-pc-game>[0m cache compiling.debug src/Game/System/WPad.cpp[0m
[0m[38;5;3;1mIn file included from src/Game/LiveActor/ShadowVolumeModel.cpp:2:
In file included from src/Game/Util.hpp:18:
src/Game/Util/Functor.hpp:114:105: warning: GCC does not allow 'noinline' attribute in this position on a function definition [-Wgcc-compat]
  114 |     static FunctorV1M< T*, void (T::*)(U), U > Functor(T* a1, void (T::*a2)(U), U arg_0) __attribute__((noinline)) {
      |                                                                                                         ^
1 warning generated.[0m
[0m[38;5;2;1m[ 34%]:[0m [38;5;5;1m<smg-pc-game>[0m cache compiling.debug src/Game/System/GameDataConst.cpp[0m
[0m[38;5;3;1mIn file included from src/Game/LiveActor/ClippingActorInfo.cpp:5:
In file included from src/Game/Util.hpp:18:
src/Game/Util/Functor.hpp:114:105: warning: GCC does not allow 'noinline' attribute in this position on a function definition [-Wgcc-compat]
  114 |     static FunctorV1M< T*, void (T::*)(U), U > Functor(T* a1, void (T::*a2)(U), U arg_0) __attribute__((noinline)) {
      |                                                                                                         ^
1 warning generated.[0m
[0m[38;5;2;1m[ 34%]:[0m [38;5;5;1m<smg-pc-game>[0m cache compiling.debug src/Game/System/DrawBuffer.cpp[0m
[0m[38;5;2;1m[ 35%]:[0m [38;5;5;1m<smg-pc-game>[0m cache compiling.debug src/Game/System/SaveDataHandleSequence.cpp[0m
[0m[38;5;2;1m[ 35%]:[0m [38;5;5;1m<smg-pc-game>[0m cache compiling.debug src/Game/System/DrawBufferGroup.cpp[0m
[0m[38;5;3;1mIn file included from src/Game/Effect/SimpleEffectObj.cpp:7:
src/Game/Util/Functor.hpp:114:105: warning: GCC does not allow 'noinline' attribute in this position on a function definition [-Wgcc-compat]
  114 |     static FunctorV1M< T*, void (T::*)(U), U > Functor(T* a1, void (T::*a2)(U), U arg_0) __attribute__((noinline)) {
      |                                                                                                         ^
1 warning generated.[0m
[0m[38;5;2;1m[ 36%]:[0m [38;5;5;1m<smg-pc-game>[0m cache compiling.debug src/Game/System/GameSequenceProgress.cpp[0m
[0m[38;5;2;1m[ 36%]:[0m [38;5;5;1m<smg-pc-game>[0m cache compiling.debug src/Game/System/FileHolder.cpp[0m
[0m[38;5;3;1mIn file included from src/Game/Effect/ParticleCalcExecutor.cpp:6:
src/Game/Util/Functor.hpp:114:105: warning: GCC does not allow 'noinline' attribute in this position on a function definition [-Wgcc-compat]
  114 |     static FunctorV1M< T*, void (T::*)(U), U > Functor(T* a1, void (T::*a2)(U), U arg_0) __attribute__((noinline)) {
      |                                                                                                         ^
1 warning generated.[0m
[0m[38;5;2;1m[ 36%]:[0m [38;5;5;1m<smg-pc-game>[0m cache compiling.debug src/Game/System/ShapePacketUserData.cpp[0m
[0m[38;5;2;1m[ 37%]:[0m [38;5;5;1m<smg-pc-game>[0m cache compiling.debug src/Game/System/ArchiveHolder.cpp[0m
[0m[38;5;3;1msrc/Game/Effect/EffectSystemUtil.cpp:277:13: warning: ignoring return value of function declared with 'nodiscard' attribute [-Wunused-result]
  277 |             iter.getValue("GroupName", &pGroupName);
      |             ^~~~~~~~~~~~~~~~~~~~~~~~~~~~~~~~~~~~~~~
1 warning generated.[0m
[0m[38;5;2;1m[ 37%]:[0m [38;5;5;1m<smg-pc-game>[0m cache compiling.debug src/Game/System/GameSystemObjHolder.cpp[0m
[0m[38;5;2;1m[ 37%]:[0m [38;5;5;1m<smg-pc-game>[0m cache compiling.debug src/Game/System/MainLoopFramework.cpp[0m
[0m[38;5;3;1mIn file included from src/Game/LiveActor/ModelManager.cpp:8:
In file included from src/Game/Animation/XanimeCore.hpp:3:
In file included from src/JSystem/J3DGraphAnimator/J3DJoint.hpp:4:
In file included from src/JSystem/J3DGraphBase/J3DMaterial.hpp:3:
src/JSystem/J3DGraphBase/J3DMatBlock.hpp:248:35: warning: result of comparison of constant 65535 with expression of type 'const u8' (aka 'const unsigned char') is always false [-Wtautological-constant-out-of-range-compare]
  248 |         u32 ambSrc = info.mAmbSrc == 0xFFFF ? 0 : info.mAmbSrc;
      |                      ~~~~~~~~~~~~ ^  ~~~~~~
1 warning generated.[0m
[0m[38;5;2;1m[ 37%]:[0m [38;5;5;1m<smg-pc-game>[0m cache compiling.debug src/Game/System/WPadPointer.cpp[0m
[0m[38;5;3;1msrc/Game/System/WPadHolder.cpp:153:48: warning: GCC does not allow 'noinline' attribute in this position on a function definition [-Wgcc-compat]
  153 |     WPadHolder* getWPadHolder() __attribute__((noinline)) {
      |                                                ^
1 warning generated.[0m
[0m[38;5;2;1m[ 37%]:[0m [38;5;5;1m<smg-pc-game>[0m cache compiling.debug src/Game/System/ResourceInfo.cpp[0m
[0m[38;5;2;1m[ 38%]:[0m [38;5;5;1m<smg-pc-game>[0m cache compiling.debug src/Game/System/GameSystemResetAndPowerProcess.cpp[0m
[0m[38;5;2;1m[ 38%]:[0m [38;5;5;1m<smg-pc-game>[0m cache compiling.debug src/Game/System/Overwrite.cpp[0m
[0m[38;5;3;1mIn file included from src/Game/System/FileHolder.cpp:2:
In file included from src/Game/Util.hpp:18:
src/Game/Util/Functor.hpp:114:105: warning: GCC does not allow 'noinline' attribute in this position on a function definition [-Wgcc-compat]
  114 |     static FunctorV1M< T*, void (T::*)(U), U > Functor(T* a1, void (T::*a2)(U), U arg_0) __attribute__((noinline)) {
      |                                                                                                         ^
1 warning generated.[0m
[0m[38;5;2;1m[ 38%]:[0m [38;5;5;1m<smg-pc-game>[0m cache compiling.debug src/Game/System/WPadLeaveWatcher.cpp[0m
[0m[38;5;3;1mIn file included from src/Game/Animation/XanimeCore.cpp:1:
In file included from src/Game/Animation/XanimeCore.hpp:3:
In file included from src/JSystem/J3DGraphAnimator/J3DJoint.hpp:4:
In file included from src/JSystem/J3DGraphBase/J3DMaterial.hpp:3:
src/JSystem/J3DGraphBase/J3DMatBlock.hpp:248:35: warning: result of comparison of constant 65535 with expression of type 'const u8' (aka 'const unsigned char') is always false [-Wtautological-constant-out-of-range-compare]
  248 |         u32 ambSrc = info.mAmbSrc == 0xFFFF ? 0 : info.mAmbSrc;
      |                      ~~~~~~~~~~~~ ^  ~~~~~~
1 warning generated.[0m
[0m[38;5;2;1m[ 38%]:[0m [38;5;5;1m<smg-pc-game>[0m cache compiling.debug src/Game/System/AlreadyDoneFlagInGalaxy.cpp[0m
[0m[38;5;2;1m[ 39%]:[0m [38;5;5;1m<smg-pc-game>[0m cache compiling.debug src/Game/Map/OceanSphere.cpp[0m
[0m[38;5;2;1m[ 39%]:[0m [38;5;5;1m<smg-pc-game>[0m cache compiling.debug src/Game/Map/WaterAreaHolder.cpp[0m
[0m[38;5;2;1m[ 39%]:[0m [38;5;5;1m<smg-pc-game>[0m cache compiling.debug src/Game/Map/WaterInfo.cpp[0m
[0m[38;5;3;1mIn file included from src/Game/System/SaveDataHandleSequence.cpp:11:
src/Game/Util/Functor.hpp:114:105: warning: GCC does not allow 'noinline' attribute in this position on a function definition [-Wgcc-compat]
  114 |     static FunctorV1M< T*, void (T::*)(U), U > Functor(T* a1, void (T::*a2)(U), U arg_0) __attribute__((noinline)) {
      |                                                                                                         ^
1 warning generated.[0m
[0m[38;5;2;1m[ 39%]:[0m [38;5;5;1m<smg-pc-game>[0m cache compiling.debug src/Game/Map/SphereSelector.cpp[0m
[0m[38;5;3;1mIn file included from src/Game/System/GameDataConst.cpp:4:
In file included from src/Game/Util.hpp:18:
src/Game/Util/Functor.hpp:114:105: warning: GCC does not allow 'noinline' attribute in this position on a function definition [-Wgcc-compat]
  114 |     static FunctorV1M< T*, void (T::*)(U), U > Functor(T* a1, void (T::*a2)(U), U arg_0) __attribute__((noinline)) {
      |                                                                                                         ^
src/Game/System/GameDataConst.cpp:12:5: warning: ignoring return value of function declared with 'nodiscard' attribute [-Wunused-result]
   12 |     element.getValue< u32 >("PowerStarNum", &powerStarNum);
      |     ^~~~~~~~~~~~~~~~~~~~~~~~~~~~~~~~~~~~~~~~~~~~~~~~~~~~~~
src/Game/System/GameDataConst.cpp:71:5: warning: ignoring return value of function declared with 'nodiscard' attribute [-Wunused-result]
   71 |     element.getValue< u32 >("GrandGalaxyNo", &grandGalaxyNo);
      |     ^~~~~~~~~~~~~~~~~~~~~~~~~~~~~~~~~~~~~~~~~~~~~~~~~~~~~~~~
3 warnings generated.[0m
[0m[38;5;2;1m[ 39%]:[0m [38;5;5;1m<smg-pc-game>[0m cache compiling.debug src/Game/Map/OceanRing.cpp[0m
[0m[38;5;3;1mIn file included from src/Game/System/ShapePacketUserData.cpp:5:
In file included from src/JSystem/J3DGraphBase/J3DMaterial.hpp:3:
src/JSystem/J3DGraphBase/J3DMatBlock.hpp:248:35: warning: result of comparison of constant 65535 with expression of type 'const u8' (aka 'const unsigned char') is always false [-Wtautological-constant-out-of-range-compare]
  248 |         u32 ambSrc = info.mAmbSrc == 0xFFFF ? 0 : info.mAmbSrc;
      |                      ~~~~~~~~~~~~ ^  ~~~~~~
1 warning generated.[0m
[0m[38;5;2;1m[ 40%]:[0m [38;5;5;1m<smg-pc-game>[0m cache compiling.debug src/Game/Map/RaceManager.cpp[0m
[0m[38;5;3;1mIn file included from src/Game/System/DrawBuffer.cpp:7:
In file included from src/JSystem/J3DGraphBase/J3DMaterial.hpp:3:
src/JSystem/J3DGraphBase/J3DMatBlock.hpp:248:35: warning: result of comparison of constant 65535 with expression of type 'const u8' (aka 'const unsigned char') is always false [-Wtautological-constant-out-of-range-compare]
  248 |         u32 ambSrc = info.mAmbSrc == 0xFFFF ? 0 : info.mAmbSrc;
      |                      ~~~~~~~~~~~~ ^  ~~~~~~
1 warning generated.[0m
[0m[38;5;2;1m[ 40%]:[0m [38;5;5;1m<smg-pc-game>[0m cache compiling.debug src/Game/Map/KCollision.cpp[0m
[0m[38;5;3;1mIn file included from src/Game/System/MainLoopFramework.cpp:8:
src/JSystem/JUtility/JUTConsole.hpp:122:63: warning: 'offsetof' on non-standard-layout type 'JUTConsole' [-Winvalid-offsetof]
  122 |     typedef JGadget::TLinkList< JUTConsole, -static_cast<int>(__builtin_offsetof(JUTConsole, mListNode)) > ConsoleList;
      |                                                               ^                              ~~~~~~~~~
1 warning generated.[0m
[0m[38;5;2;1m[ 40%]:[0m [38;5;5;1m<smg-pc-game>[0m cache compiling.debug src/Game/Map/Sky.cpp[0m
[0m[38;5;2;1m[ 40%]:[0m [38;5;5;1m<smg-pc-game>[0m cache compiling.debug src/Game/Map/SunshadeMapHolder.cpp[0m
[0m[38;5;3;1mIn file included from src/Game/Animation/BckCtrl.cpp:4:
In file included from src/Game/Util.hpp:18:
src/Game/Util/Functor.hpp:114:105: warning: GCC does not allow 'noinline' attribute in this position on a function definition [-Wgcc-compat]
  114 |     static FunctorV1M< T*, void (T::*)(U), U > Functor(T* a1, void (T::*a2)(U), U arg_0) __attribute__((noinline)) {
      |                                                                                                         ^
src/Game/Animation/BckCtrl.cpp:47:13: warning: ignoring return value of function declared with 'nodiscard' attribute [-Wunused-result]
   47 |             iter.getValue("name", &name);
      |             ^~~~~~~~~~~~~~~~~~~~~~~~~~~~
src/Game/Animation/BckCtrl.cpp:49:13: warning: ignoring return value of function declared with 'nodiscard' attribute [-Wunused-result]
   49 |             iter.getValue("interpole", &interpole);
      |             ^~~~~~~~~~~~~~~~~~~~~~~~~~~~~~~~~~~~~~
src/Game/Animation/BckCtrl.cpp:51:13: warning: ignoring return value of function declared with 'nodiscard' attribute [-Wunused-result]
   51 |             iter.getValue("play_frame", &playFrame);
      |             ^~~~~~~~~~~~~~~~~~~~~~~~~~~~~~~~~~~~~~~
src/Game/Animation/BckCtrl.cpp:53:13: warning: ignoring return value of function declared with 'nodiscard' attribute [-Wunused-result]
   53 |             iter.getValue("start_frame", &startFrame);[0m
[0m[38;5;2;1m[ 40%]:[0m [38;5;5;1m<smg-pc-game>[0m cache compiling.debug src/Game/Map/PlanetMap.cpp[0m
[0m[38;5;3;1mIn file included from src/Game/System/WPadPointer.cpp:2:
In file included from src/Game/Util.hpp:18:
src/Game/Util/Functor.hpp:114:105: warning: GCC does not allow 'noinline' attribute in this position on a function definition [-Wgcc-compat]
  114 |     static FunctorV1M< T*, void (T::*)(U), U > Functor(T* a1, void (T::*a2)(U), U arg_0) __attribute__((noinline)) {
      |                                                                                                         ^
1 warning generated.[0m
[0m[38;5;2;1m[ 40%]:[0m [38;5;5;1m<smg-pc-game>[0m cache compiling.debug src/Game/Map/BezierRail.cpp[0m
[0m[38;5;2;1m[ 40%]:[0m [38;5;5;1m<smg-pc-game>[0m cache compiling.debug src/Game/Map/WaterPoint.cpp[0m
[0m[38;5;2;1m[ 40%]:[0m [38;5;5;1m<smg-pc-game>[0m cache compiling.debug src/Game/Map/CollisionDirector.cpp[0m
[0m[38;5;3;1mIn file included from src/Game/System/ArchiveHolder.cpp:2:
In file included from src/Game/Util.hpp:18:
src/Game/Util/Functor.hpp:114:105: warning: GCC does not allow 'noinline' attribute in this position on a function definition [-Wgcc-compat]
  114 |     static FunctorV1M< T*, void (T::*)(U), U > Functor(T* a1, void (T::*a2)(U), U arg_0) __attribute__((noinline)) {
      |                                                                                                         ^
1 warning generated.[0m
[0m[38;5;2;1m[ 41%]:[0m [38;5;5;1m<smg-pc-game>[0m cache compiling.debug src/Game/Map/LightDataHolder.cpp[0m
[0m[38;5;2;1m[ 41%]:[0m [38;5;5;1m<smg-pc-game>[0m cache compiling.debug src/Game/Map/CollisionParts.cpp[0m
[0m[38;5;2;1m[ 41%]:[0m [38;5;5;1m<smg-pc-game>[0m cache compiling.debug src/Game/Map/LightPointCtrl.cpp[0m
[0m[38;5;2;1m[ 41%]:[0m [38;5;5;1m<smg-pc-game>[0m cache compiling.debug src/Game/Map/Butterfly.cpp[0m
[0m[38;5;2;1m[ 41%]:[0m [38;5;5;1m<smg-pc-game>[0m cache compiling.debug src/Game/Map/LightZoneDataHolder.cpp[0m
[0m[38;5;3;1mIn file included from src/Game/System/ResourceInfo.cpp:2:
In file included from src/Game/Util.hpp:18:
src/Game/Util/Functor.hpp:114:105: warning: GCC does not allow 'noinline' attribute in this position on a function definition [-Wgcc-compat]
  114 |     static FunctorV1M< T*, void (T::*)(U), U > Functor(T* a1, void (T::*a2)(U), U arg_0) __attribute__((noinline)) {
      |                                                                                                         ^
1 warning generated.[0m
[0m[38;5;2;1m[ 41%]:[0m [38;5;5;1m<smg-pc-game>[0m cache compiling.debug src/Game/Map/OceanBowl.cpp[0m
[0m[38;5;3;1mIn file included from src/Game/Map/Sky.cpp:10:
src/Game/Util/Functor.hpp:114:105: warning: GCC does not allow 'noinline' attribute in this position on a function definition [-Wgcc-compat]
  114 |     static FunctorV1M< T*, void (T::*)(U), U > Functor(T* a1, void (T::*a2)(U), U arg_0) __attribute__((noinline)) {
      |                                                                                                         ^
1 warning generated.[0m
[0m[38;5;2;1m[ 41%]:[0m [38;5;5;1m<smg-pc-game>[0m cache compiling.debug src/Game/Map/CollisionCategorizedKeeper.cpp[0m
[0m[38;5;2;1m[ 41%]:[0m [38;5;5;1m<smg-pc-game>[0m cache compiling.debug src/Game/Map/GroupSwitchWatcher.cpp[0m
[0m[38;5;2;1m[ 41%]:[0m [38;5;5;1m<smg-pc-game>[0m cache compiling.debug src/Game/Map/SphereSelectorHandle.cpp[0m
[0m[38;5;2;1m[ 42%]:[0m [38;5;5;1m<smg-pc-game>[0m cache compiling.debug src/Game/Map/Air.cpp[0m
[0m[38;5;2;1m[ 42%]:[0m [38;5;5;1m<smg-pc-game>[0m cache compiling.debug src/Game/Map/SleepControllerHolder.cpp[0m
[0m[38;5;3;1mIn file included from src/Game/Map/SphereSelector.cpp:7:
In file included from src/Game/Util.hpp:18:
src/Game/Util/Functor.hpp:114:105: warning: GCC does not allow 'noinline' attribute in this position on a function definition [-Wgcc-compat]
  114 |     static FunctorV1M< T*, void (T::*)(U), U > Functor(T* a1, void (T::*a2)(U), U arg_0) __attribute__((noinline)) {
      |                                                                                                         ^
1 warning generated.[0m
[0m[38;5;2;1m[ 42%]:[0m [38;5;5;1m<smg-pc-game>[0m cache compiling.debug src/Game/Map/OceanBowlPoint.cpp[0m
[0m[38;5;3;1msrc/Game/Map/OceanRing.cpp:216:9: warning: expression result unused [-Wunused-value]
  216 |         static_cast< f32 >(index);
      |         ^~~~~~~~~~~~~~~~~~~~~~~~~
1 warning generated.[0m
[0m[38;5;2;1m[ 42%]:[0m [38;5;5;1m<smg-pc-game>[0m cache compiling.debug src/Game/AreaObj/AreaForm.cpp[0m
[0m[38;5;3;1mIn file included from src/Game/Map/WaterPoint.cpp:2:
In file included from src/Game/Util.hpp:18:
src/Game/Util/Functor.hpp:114:105: warning: GCC does not allow 'noinline' attribute in this position on a function definition [-Wgcc-compat]
  114 |     static FunctorV1M< T*, void (T::*)(U), U > Functor(T* a1, void (T::*a2)(U), U arg_0) __attribute__((noinline)) {
      |                                                                                                         ^
1 warning generated.[0m
[0m[38;5;2;1m[ 42%]:[0m [38;5;5;1m<smg-pc-game>[0m cache compiling.debug src/Game/AreaObj/WaterArea.cpp[0m
[0m[38;5;3;1msrc/Game/Map/BezierRail.cpp:29:5: warning: ignoring return value of function declared with 'nodiscard' attribute [-Wunused-result]
   29 |     pMapInfo->getValue(idx, pKey, pOut);
      |     ^~~~~~~~~~~~~~~~~~~~~~~~~~~~~~~~~~~
1 warning generated.[0m
[0m[38;5;2;1m[ 42%]:[0m [38;5;5;1m<smg-pc-game>[0m cache compiling.debug src/Game/AreaObj/CameraRepulsiveArea.cpp[0m
[0m[38;5;2;1m[ 42%]:[0m [38;5;5;1m<smg-pc-game>[0m cache compiling.debug src/Game/AreaObj/AreaObj.cpp[0m
[0m[38;5;2;1m[ 43%]:[0m [38;5;5;1m<smg-pc-game>[0m cache compiling.debug src/Game/AreaObj/WarpCube.cpp[0m
[0m[38;5;2;1m[ 43%]:[0m [38;5;5;1m<smg-pc-game>[0m cache compiling.debug src/Game/AreaObj/GlaringLightArea.cpp[0m
[0m[38;5;2;1m[ 43%]:[0m [38;5;5;1m<smg-pc-game>[0m cache compiling.debug src/Game/AreaObj/CollisionArea.cpp[0m
[0m[38;5;3;1mIn file included from src/Game/Map/LightDataHolder.cpp:4:
In file included from src/Game/Util.hpp:18:
src/Game/Util/Functor.hpp:114:105: warning: GCC does not allow 'noinline' attribute in this position on a function definition [-Wgcc-compat]
  114 |     static FunctorV1M< T*, void (T::*)(U), U > Functor(T* a1, void (T::*a2)(U), U arg_0) __attribute__((noinline)) {
      |                                                                                                         ^
1 warning generated.[0m
[0m[38;5;2;1m[ 43%]:[0m [38;5;5;1m<smg-pc-game>[0m cache compiling.debug src/Game/Screen/OneUpBoard.cpp[0m
[0m[38;5;3;1mIn file included from src/Game/System/ResourceHolder.cpp:20:
In file included from src/JSystem/J3DGraphBase/J3DMaterial.hpp:3:
src/JSystem/J3DGraphBase/J3DMatBlock.hpp:248:35: warning: result of comparison of constant 65535 with expression of type 'const u8' (aka 'const unsigned char') is always false [-Wtautological-constant-out-of-range-compare]
  248 |         u32 ambSrc = info.mAmbSrc == 0xFFFF ? 0 : info.mAmbSrc;
      |                      ~~~~~~~~~~~~ ^  ~~~~~~
src/Game/System/ResourceHolder.cpp:367:17: warning: 'sprintf' is deprecated: This function is provided for compatibility reasons only.  Due to security concerns inherent in the design of sprintf(3), it is highly recommended that you use snprintf(3) instead. [-Wdeprecated-declarations]
  367 |                 sprintf(path, "%s%s%s", pPath, "/", finder->mName);
      |                 ^
/Applications/Xcode.app/Contents/Developer/Platforms/MacOSX.platform/Developer/SDKs/MacOSX27.0.sdk/usr/include/_stdio.h:278:16: note: 'sprintf' has been explicitly marked deprecated here
  278 | __attribute__((__deprecated__("This function is provided for compatibility reasons only.  Due to security concerns inherent in the design of sprintf(3), it is highly recommended that you use snprintf(3) instead.")))
      |                ^
2 warnings generated.[0m
[0m[38;5;2;1m[ 44%]:[0m [38;5;5;1m<smg-pc-game>[0m cache compiling.debug src/Game/Screen/CinemaFrame.cpp[0m
[0m[38;5;3;1mIn file included from src/Game/Map/LightZoneDataHolder.cpp:4:
In file included from src/Game/Util.hpp:18:
src/Game/Util/Functor.hpp:114:105: warning: GCC does not allow 'noinline' attribute in this position on a function definition [-Wgcc-compat]
  114 |     static FunctorV1M< T*, void (T::*)(U), U > Functor(T* a1, void (T::*a2)(U), U arg_0) __attribute__((noinline)) {
      |                                                                                                         ^
1 warning generated.[0m
[0m[38;5;2;1m[ 44%]:[0m [38;5;5;1m<smg-pc-game>[0m cache compiling.debug src/Game/Screen/StarPointerCommandStream.cpp[0m
[0m[38;5;2;1m[ 44%]:[0m [38;5;5;1m<smg-pc-game>[0m cache compiling.debug src/Game/Screen/SystemWipeHolder.cpp[0m
[0m[38;5;2;1m[ 44%]:[0m [38;5;5;1m<smg-pc-game>[0m cache compiling.debug src/Game/Screen/PurpleCoinCounter.cpp[0m
[0m[38;5;3;1mIn file included from src/Game/Map/Air.cpp:10:
src/Game/Util/Functor.hpp:114:105: warning: GCC does not allow 'noinline' attribute in this position on a function definition [-Wgcc-compat]
  114 |     static FunctorV1M< T*, void (T::*)(U), U > Functor(T* a1, void (T::*a2)(U), U arg_0) __attribute__((noinline)) {
      |                                                                                                         ^
src/Game/Map/Air.cpp:197:41: warning: expression result unused [-Wunused-value]
  197 |     for (; curAir != &mAirs[mAirCount]; *curAir++) {
      |                                         ^~~~~~~~~
2 warnings generated.[0m
[0m[38;5;2;1m[ 44%]:[0m [38;5;5;1m<smg-pc-game>[0m cache compiling.debug src/Game/Screen/CameraInfo.cpp[0m
[0m[38;5;2;1m[ 44%]:[0m [38;5;5;1m<smg-pc-game>[0m cache compiling.debug src/Game/Screen/StarPointerGuidance.cpp[0m
[0m[38;5;2;1m[ 44%]:[0m [38;5;5;1m<smg-pc-game>[0m cache compiling.debug src/Game/Screen/FileSelectButton.cpp[0m
[0m[38;5;2;1m[ 45%]:[0m [38;5;5;1m<smg-pc-game>[0m cache compiling.debug src/Game/Screen/ScreenPreserver.cpp[0m
[0m[38;5;3;1mIn file included from src/Game/Map/SphereSelectorHandle.cpp:6:
In file included from src/Game/Util.hpp:18:
src/Game/Util/Functor.hpp:114:105: warning: GCC does not allow 'noinline' attribute in this position on a function definition [-Wgcc-compat]
  114 |     static FunctorV1M< T*, void (T::*)(U), U > Functor(T* a1, void (T::*a2)(U), U arg_0) __attribute__((noinline)) {
      |                                                                                                         ^
1 warning generated.[0m
[0m[38;5;2;1m[ 45%]:[0m [38;5;5;1m<smg-pc-game>[0m cache compiling.debug src/Game/Screen/StarPointerTarget.cpp[0m
[0m[38;5;2;1m[ 45%]:[0m [38;5;5;1m<smg-pc-game>[0m cache compiling.debug src/Game/Screen/MoviePlayingSequence.cpp[0m
[0m[38;5;3;1mIn file included from src/Game/Map/SleepControllerHolder.cpp:7:
src/Game/Util/Functor.hpp:114:105: warning: GCC does not allow 'noinline' attribute in this position on a function definition [-Wgcc-compat]
  114 |     static FunctorV1M< T*, void (T::*)(U), U > Functor(T* a1, void (T::*a2)(U), U arg_0) __attribute__((noinline)) {
      |                                                                                                         ^
1 warning generated.[0m
[0m[38;5;2;1m[ 45%]:[0m [38;5;5;1m<smg-pc-game>[0m cache compiling.debug src/Game/Screen/PlayerMissLeft.cpp[0m
[0m[38;5;2;1m[ 45%]:[0m [38;5;5;1m<smg-pc-game>[0m cache compiling.debug src/Game/Screen/ImageEffectLocalUtil.cpp[0m
[0m[38;5;3;1mIn file included from src/Game/Map/OceanBowl.cpp:7:
In file included from src/Game/Util.hpp:18:
src/Game/Util/Functor.hpp:114:105: warning: GCC does not allow 'noinline' attribute in this position on a function definition [-Wgcc-compat]
  114 |     static FunctorV1M< T*, void (T::*)(U), U > Functor(T* a1, void (T::*a2)(U), U arg_0) __attribute__((noinline)) {
      |                                                                                                         ^
1 warning generated.[0m
[0m[38;5;2;1m[ 45%]:[0m [38;5;5;1m<smg-pc-game>[0m cache compiling.debug src/Game/Screen/MiiSelect.cpp[0m
[0m[38;5;3;1mIn file included from src/Game/AreaObj/AreaObj.cpp:7:
src/Game/Util/Functor.hpp:114:105: warning: GCC does not allow 'noinline' attribute in this position on a function definition [-Wgcc-compat]
  114 |     static FunctorV1M< T*, void (T::*)(U), U > Functor(T* a1, void (T::*a2)(U), U arg_0) __attribute__((noinline)) {
      |                                                                                                         ^
1 warning generated.[0m
[0m[38;5;2;1m[ 45%]:[0m [38;5;5;1m<smg-pc-game>[0m cache compiling.debug src/Game/Screen/ProloguePictureBook.cpp[0m
[0m[38;5;3;1msrc/Game/AreaObj/WarpCube.cpp:111:5: warning: 'sprintf' is deprecated: This function is provided for compatibility reasons only.  Due to security concerns inherent in the design of sprintf(3), it is highly recommended that you use snprintf(3) instead. [-Wdeprecated-declarations]
  111 |     sprintf(eventName, (::smgpc::compat::cp932::EncodedLiteral<::smgpc::compat::cp932::Utf8Literal{"ワープカメラ %d-%c"}>::value.bytes), groupID, local118 + 65);
      |     ^
/Applications/Xcode.app/Contents/Developer/Platforms/MacOSX.platform/Developer/SDKs/MacOSX27.0.sdk/usr/include/_stdio.h:278:16: note: 'sprintf' has been explicitly marked deprecated here
  278 | __attribute__((__deprecated__("This function is provided for compatibility reasons only.  Due to security concerns inherent in the design of sprintf(3), it is highly recommended that you use snprintf(3) instead.")))
      |                ^
1 warning generated.[0m
[0m[38;5;2;1m[ 45%]:[0m [38;5;5;1m<smg-pc-game>[0m cache compiling.debug src/Game/Screen/Manual2P.cpp[0m
[0m[38;5;3;1mIn file included from src/Game/AreaObj/AreaForm.cpp:2:
In file included from src/Game/Util.hpp:18:
src/Game/Util/Functor.hpp:114:105: warning: GCC does not allow 'noinline' attribute in this position on a function definition [-Wgcc-compat]
  114 |     static FunctorV1M< T*, void (T::*)(U), U > Functor(T* a1, void (T::*a2)(U), U arg_0) __attribute__((noinline)) {
      |                                                                                                         ^
src/Game/AreaObj/AreaForm.cpp:164:5: warning: ignoring return value of function declared with 'nodiscard' attribute [-Wunused-result]
  164 |     rIter.getValue< f32 >("scale_x", &scale_x);
      |     ^~~~~~~~~~~~~~~~~~~~~~~~~~~~~~~~~~~~~~~~~~
src/Game/AreaObj/AreaForm.cpp:267:5: warning: ignoring return value of function declared with 'nodiscard' attribute [-Wunused-result]
  267 |     rIter.getValue< f32 >("scale_x", &scale_x);
      |     ^~~~~~~~~~~~~~~~~~~~~~~~~~~~~~~~~~~~~~~~~~
src/Game/AreaObj/AreaForm.cpp:291:5: warning: ignoring return value of function declared with 'nodiscard' attribute [-Wunused-result]
  291 |     rIter.getValue< f32 >("scale_x", &temp);
      |     ^~~~~~~~~~~~~~~~~~~~~~~~~~~~~~~~~~~~~~~
src/Game/AreaObj/AreaForm.cpp:296:5: warning: ignoring return value of function declared with 'nodiscard' attribute [-Wunused-result]
  296 |     rIter.getValue< f32 >("scale_y", &temp);[0m
[0m[38;5;2;1m[ 45%]:[0m [38;5;5;1m<smg-pc-game>[0m cache compiling.debug src/Game/Screen/LuigiLetter.cpp[0m
[0m[38;5;2;1m[ 46%]:[0m [38;5;5;1m<smg-pc-game>[0m cache compiling.debug src/Game/Screen/PlayerLeft.cpp[0m
[0m[38;5;2;1m[ 46%]:[0m [38;5;5;1m<smg-pc-game>[0m cache compiling.debug src/Game/Screen/MissLayout.cpp[0m
[0m[38;5;2;1m[ 46%]:[0m [38;5;5;1m<smg-pc-game>[0m cache compiling.debug src/Game/Screen/DepthOfFieldBlur.cpp[0m
[0m[38;5;2;1m[ 46%]:[0m [38;5;5;1m<smg-pc-game>[0m cache compiling.debug src/Game/Screen/WipeRing.cpp[0m
[0m[38;5;2;1m[ 46%]:[0m [38;5;5;1m<smg-pc-game>[0m cache compiling.debug src/Game/Screen/GameSceneLayoutHolder.cpp[0m
[0m[38;5;2;1m[ 46%]:[0m [38;5;5;1m<smg-pc-game>[0m cache compiling.debug src/Game/Screen/BatteryInfo.cpp[0m
[0m[38;5;2;1m[ 46%]:[0m [38;5;5;1m<smg-pc-game>[0m cache compiling.debug src/Game/Screen/ScenarioSelectLayout.cpp[0m
[0m[38;5;2;1m[ 46%]:[0m [38;5;5;1m<smg-pc-game>[0m cache compiling.debug src/Game/Screen/StarCounter.cpp[0m
[0m[38;5;2;1m[ 46%]:[0m [38;5;5;1m<smg-pc-game>[0m cache compiling.debug src/Game/Screen/StaffRoll.cpp[0m
[0m[38;5;2;1m[ 46%]:[0m [38;5;5;1m<smg-pc-game>[0m cache compiling.debug src/Game/Screen/BloomEffectSimple.cpp[0m
[0m[38;5;3;1mIn file included from src/Game/Screen/SystemWipeHolder.cpp:7:
In file included from src/Game/Util.hpp:18:
src/Game/Util/Functor.hpp:114:105: warning: GCC does not allow 'noinline' attribute in this position on a function definition [-Wgcc-compat]
  114 |     static FunctorV1M< T*, void (T::*)(U), U > Functor(T* a1, void (T::*a2)(U), U arg_0) __attribute__((noinline)) {
      |                                                                                                         ^
1 warning generated.[0m
[0m[38;5;2;1m[ 46%]:[0m [38;5;5;1m<smg-pc-game>[0m cache compiling.debug src/Game/Screen/BrosButton.cpp[0m
[0m[38;5;2;1m[ 47%]:[0m [38;5;5;1m<smg-pc-game>[0m cache compiling.debug src/Game/Screen/PrologueLetter.cpp[0m
[0m[38;5;3;1mIn file included from src/Game/Screen/StarPointerTarget.cpp:2:
In file included from src/Game/Screen/LayoutCoreUtil.hpp:4:
src/nw4r/lyt/pane.h:37:37: warning: 'offsetof' on non-standard-layout type 'detail::PaneBase' [-Winvalid-offsetof]
   37 |         typedef ut::LinkList< Pane, __builtin_offsetof(detail::PaneBase, mLink) > PaneList;
      |                                     ^                                    ~~~~~
In file included from src/Game/Screen/StarPointerTarget.cpp:2:
In file included from src/Game/Screen/LayoutCoreUtil.hpp:5:
In file included from src/nw4r/lyt/textBox.h:3:
src/nw4r/lyt/common.h:14:28: warning: comparison of different enumeration types ('_GXTexFmt' (aka 'GXTexFmt') and 'GXCITexFmt') is deprecated [-Wdeprecated-enum-compare]
   14 |                 return fmt == GX_TF_C4 || fmt == GX_TF_C8 || fmt == GX_TF_C14X2;
      |                        ~~~ ^  ~~~~~~~~
src/nw4r/lyt/common.h:14:47: warning: comparison of different enumeration types ('_GXTexFmt' (aka 'GXTexFmt') and 'GXCITexFmt') is deprecated [-Wdeprecated-enum-compare]
   14 |                 return fmt == GX_TF_C4 || fmt == GX_TF_C8 || fmt == GX_TF_C14X2;
      |                                           ~~~ ^  ~~~~~~~~
src/nw4r/lyt/common.h:14:66: warning: comparison of different enumeration types ('_GXTexFmt' (aka 'GXTexFmt') and 'GXCITexFmt') is deprecated [-Wdeprecated-enum-compare]
   14 |                 return fmt == GX_TF_C4 || fmt == GX_TF_C8 || fmt == GX_TF_C14X2;[0m
[0m[38;5;2;1m[ 47%]:[0m [38;5;5;1m<smg-pc-game>[0m cache compiling.debug src/Game/Screen/ButtonPaneController.cpp[0m
[0m[38;5;2;1m[ 47%]:[0m [38;5;5;1m<smg-pc-game>[0m cache compiling.debug src/Game/Screen/SuddenDeathMeter.cpp[0m
[0m[38;5;3;1mIn file included from src/Game/Screen/FileSelectButton.cpp:5:
src/Game/Util/Functor.hpp:114:105: warning: GCC does not allow 'noinline' attribute in this position on a function definition [-Wgcc-compat]
  114 |     static FunctorV1M< T*, void (T::*)(U), U > Functor(T* a1, void (T::*a2)(U), U arg_0) __attribute__((noinline)) {
      |                                                                                                         ^
1 warning generated.[0m
[0m[38;5;2;1m[ 47%]:[0m [38;5;5;1m<smg-pc-game>[0m cache compiling.debug src/Game/Screen/CountUpPaneRumbler.cpp[0m
[0m[38;5;2;1m[ 47%]:[0m [38;5;5;1m<smg-pc-game>[0m cache compiling.debug src/Game/Screen/WipeKoopa.cpp[0m
[0m[38;5;3;1mIn file included from src/Game/Screen/ImageEffectLocalUtil.cpp:7:
src/Game/Util/Functor.hpp:114:105: warning: GCC does not allow 'noinline' attribute in this position on a function definition [-Wgcc-compat]
  114 |     static FunctorV1M< T*, void (T::*)(U), U > Functor(T* a1, void (T::*a2)(U), U arg_0) __attribute__((noinline)) {
      |                                                                                                         ^
1 warning generated.[0m
[0m[38;5;2;1m[ 47%]:[0m [38;5;5;1m<smg-pc-game>[0m cache compiling.debug src/Game/Screen/StarPieceCounter.cpp[0m
[0m[38;5;2;1m[ 47%]:[0m [38;5;5;1m<smg-pc-game>[0m cache compiling.debug src/Game/Screen/TimeLimitLayout.cpp[0m
[0m[38;5;2;1m[ 47%]:[0m [38;5;5;1m<smg-pc-game>[0m cache compiling.debug src/Game/Screen/GamePauseSequence.cpp[0m
[0m[38;5;2;1m[ 47%]:[0m [38;5;5;1m<smg-pc-game>[0m cache compiling.debug src/Game/Screen/LensFlare.cpp[0m
[0m[38;5;3;1msrc/Game/Screen/MoviePlayingSequence.cpp:176:76: warning: GCC does not allow 'noinline' attribute in this position on a function definition [-Wgcc-compat]
  176 |     const char* getMovieName(const MoviePlayingInfo* pInfo) __attribute__((noinline)) {
      |                                                                            ^
1 warning generated.[0m
[0m[38;5;2;1m[ 47%]:[0m [38;5;5;1m<smg-pc-game>[0m cache compiling.debug src/Game/Screen/LayoutManager.cpp[0m
[0m[38;5;2;1m[ 47%]:[0m [38;5;5;1m<smg-pc-game>[0m cache compiling.debug src/Game/Screen/GalaxyMapGalaxyPlain.cpp[0m
[0m[38;5;2;1m[ 48%]:[0m [38;5;5;1m<smg-pc-game>[0m cache compiling.debug src/Game/Screen/InformationMessage.cpp[0m
[0m[38;5;2;1m[ 48%]:[0m [38;5;5;1m<smg-pc-game>[0m cache compiling.debug src/Game/Screen/MovieSubtitles.cpp[0m
[0m[38;5;2;1m[ 48%]:[0m [38;5;5;1m<smg-pc-game>[0m cache compiling.debug src/Game/Screen/IconAButton.cpp[0m
[0m[38;5;2;1m[ 48%]:[0m [38;5;5;1m<smg-pc-game>[0m cache compiling.debug src/Game/Screen/YesNoLayout.cpp[0m
[0m[38;5;2;1m[ 48%]:[0m [38;5;5;1m<smg-pc-game>[0m cache compiling.debug src/Game/Screen/TitleSequenceProduct.cpp[0m
[0m[38;5;2;1m[ 48%]:[0m [38;5;5;1m<smg-pc-game>[0m cache compiling.debug src/Game/Screen/MeterLayout.cpp[0m
[0m[38;5;2;1m[ 48%]:[0m [38;5;5;1m<smg-pc-game>[0m cache compiling.debug src/Game/Screen/ScenarioTitle.cpp[0m
[0m[38;5;2;1m[ 48%]:[0m [38;5;5;1m<smg-pc-game>[0m cache compiling.debug src/Game/Screen/ScreenAlphaCapture.cpp[0m
[0m[38;5;2;1m[ 48%]:[0m [38;5;5;1m<smg-pc-game>[0m cache compiling.debug src/Game/Screen/CoinCounter.cpp[0m
[0m[38;5;2;1m[ 48%]:[0m [38;5;5;1m<smg-pc-game>[0m cache compiling.debug src/Game/Screen/CounterLayoutAppearer.cpp[0m
[0m[38;5;2;1m[ 49%]:[0m [38;5;5;1m<smg-pc-game>[0m cache compiling.debug src/Game/Screen/GalaxyCometScreenFilter.cpp[0m
[0m[38;5;2;1m[ 49%]:[0m [38;5;5;1m<smg-pc-game>[0m cache compiling.debug src/Game/Screen/ImageEffectDirector.cpp[0m
[0m[38;5;2;1m[ 49%]:[0m [38;5;5;1m<smg-pc-game>[0m cache compiling.debug src/Game/Screen/SysInfoWindow.cpp[0m
[0m[38;5;2;1m[ 49%]:[0m [38;5;5;1m<smg-pc-game>[0m cache compiling.debug src/Game/Screen/BloomEffect.cpp[0m
[0m[38;5;2;1m[ 49%]:[0m [38;5;5;1m<smg-pc-game>[0m cache compiling.debug src/Game/Screen/PictureBookLayout.cpp[0m
[0m[38;5;2;1m[ 49%]:[0m [38;5;5;1m<smg-pc-game>[0m cache compiling.debug src/Game/Screen/WipeGameOver.cpp[0m
[0m[38;5;2;1m[ 49%]:[0m [38;5;5;1m<smg-pc-game>[0m cache compiling.debug src/Game/Screen/WipeFade.cpp[0m
[0m[38;5;3;1mIn file included from src/Game/Screen/GamePauseSequence.cpp:12:
src/Game/Util/Functor.hpp:114:105: warning: GCC does not allow 'noinline' attribute in this position on a function definition [-Wgcc-compat]
  114 |     static FunctorV1M< T*, void (T::*)(U), U > Functor(T* a1, void (T::*a2)(U), U arg_0) __attribute__((noinline)) {
      |                                                                                                         ^
1 warning generated.[0m
[0m[38;5;2;1m[ 49%]:[0m [38;5;5;1m<smg-pc-game>[0m cache compiling.debug src/Game/Screen/MoviePlayerSimple.cpp[0m
[0m[38;5;2;1m[ 49%]:[0m [38;5;5;1m<smg-pc-game>[0m cache compiling.debug src/Game/Screen/WaterCameraFilter.cpp[0m
[0m[38;5;2;1m[ 49%]:[0m [38;5;5;1m<smg-pc-game>[0m cache compiling.debug src/Game/Screen/PauseMenu.cpp[0m
[0m[38;5;3;1mIn file included from src/Game/Screen/LayoutManager.cpp:2:
In file included from src/Game/Screen/LayoutCoreUtil.hpp:4:
src/nw4r/lyt/pane.h:37:37: warning: 'offsetof' on non-standard-layout type 'detail::PaneBase' [-Winvalid-offsetof]
   37 |         typedef ut::LinkList< Pane, __builtin_offsetof(detail::PaneBase, mLink) > PaneList;
      |                                     ^                                    ~~~~~
In file included from src/Game/Screen/LayoutManager.cpp:2:
In file included from src/Game/Screen/LayoutCoreUtil.hpp:5:
In file included from src/nw4r/lyt/textBox.h:3:
src/nw4r/lyt/common.h:14:28: warning: comparison of different enumeration types ('_GXTexFmt' (aka 'GXTexFmt') and 'GXCITexFmt') is deprecated [-Wdeprecated-enum-compare]
   14 |                 return fmt == GX_TF_C4 || fmt == GX_TF_C8 || fmt == GX_TF_C14X2;
      |                        ~~~ ^  ~~~~~~~~
src/nw4r/lyt/common.h:14:47: warning: comparison of different enumeration types ('_GXTexFmt' (aka 'GXTexFmt') and 'GXCITexFmt') is deprecated [-Wdeprecated-enum-compare]
   14 |                 return fmt == GX_TF_C4 || fmt == GX_TF_C8 || fmt == GX_TF_C14X2;
      |                                           ~~~ ^  ~~~~~~~~
src/nw4r/lyt/common.h:14:66: warning: comparison of different enumeration types ('_GXTexFmt' (aka 'GXTexFmt') and 'GXCITexFmt') is deprecated [-Wdeprecated-enum-compare]
   14 |                 return fmt == GX_TF_C4 || fmt == GX_TF_C8 || fmt == GX_TF_C14X2;[0m
[0m[38;5;2;1m[ 49%]:[0m [38;5;5;1m<smg-pc-game>[0m cache compiling.debug src/Game/Screen/GameStageClearSequence.cpp[0m
[0m[38;5;2;1m[ 50%]:[0m [38;5;5;1m<smg-pc-game>[0m cache compiling.debug src/Game/Screen/SaveIcon.cpp[0m
[0m[38;5;2;1m[ 50%]:[0m [38;5;5;1m<smg-pc-game>[0m cache compiling.debug src/Game/Screen/StarPointerLayout.cpp[0m
[0m[38;5;2;1m[ 50%]:[0m [38;5;5;1m<smg-pc-game>[0m cache compiling.debug src/Game/Screen/SubMeterLayout.cpp[0m
[0m[38;5;2;1m[ 50%]:[0m [38;5;5;1m<smg-pc-game>[0m cache compiling.debug src/Game/Screen/MiiConfirmIcon.cpp[0m
[0m[38;5;2;1m[ 50%]:[0m [38;5;5;1m<smg-pc-game>[0m cache compiling.debug src/Game/Screen/LogoFader.cpp[0m
[0m[38;5;2;1m[ 50%]:[0m [38;5;5;1m<smg-pc-game>[0m cache compiling.debug src/Game/Screen/NoteCounter.cpp[0m
[0m[38;5;3;1msrc/Game/Screen/CoinCounter.cpp:104:23: warning: ISO C++11 does not allow conversion from string literal to 'char *' [-Wwritable-strings]
  104 |     char* pPaneName = "Position001";
      |                       ^
src/Game/Screen/CoinCounter.cpp:107:21: warning: ISO C++11 does not allow conversion from string literal to 'char *' [-Wwritable-strings]
  107 |         pPaneName = "Position100";
      |                     ^
src/Game/Screen/CoinCounter.cpp:109:21: warning: ISO C++11 does not allow conversion from string literal to 'char *' [-Wwritable-strings]
  109 |         pPaneName = "Position010";
      |                     ^
3 warnings generated.[0m
[0m[38;5;2;1m[ 50%]:[0m [38;5;5;1m<smg-pc-game>[0m cache compiling.debug src/Game/Screen/CounterLayoutController.cpp[0m
[0m[38;5;2;1m[ 50%]:[0m [38;5;5;1m<smg-pc-game>[0m cache compiling.debug src/Game/Screen/FileSelectNumber.cpp[0m
[0m[38;5;2;1m[ 50%]:[0m [38;5;5;1m<smg-pc-game>[0m cache compiling.debug src/Game/Screen/BackButton.cpp[0m
[0m[38;5;2;1m[ 50%]:[0m [38;5;5;1m<smg-pc-game>[0m cache compiling.debug src/Game/Screen/ErrorMessageWindow.cpp[0m
[0m[38;5;2;1m[ 51%]:[0m [38;5;5;1m<smg-pc-game>[0m cache compiling.debug src/Game/NameObj/NameObj.cpp[0m
[0m[38;5;2;1m[ 51%]:[0m [38;5;5;1m<smg-pc-game>[0m cache compiling.debug src/Game/Scene/StageFileLoader.cpp[0m
[0m[38;5;2;1m[ 51%]:[0m [38;5;5;1m<smg-pc-game>[0m cache compiling.debug src/Game/Scene/IntermissionScene.cpp[0m
[0m[38;5;2;1m[ 52%]:[0m [38;5;5;1m<smg-pc-game>[0m cache compiling.debug src/Game/Scene/SceneNameObjMovementController.cpp[0m
[0m[38;5;3;1mIn file included from src/Game/Screen/ImageEffectDirector.cpp:14:
In file included from src/Game/Util.hpp:18:
src/Game/Util/Functor.hpp:114:105: warning: GCC does not allow 'noinline' attribute in this position on a function definition [-Wgcc-compat]
  114 |     static FunctorV1M< T*, void (T::*)(U), U > Functor(T* a1, void (T::*a2)(U), U arg_0) __attribute__((noinline)) {
      |                                                                                                         ^
1 warning generated.[0m
[0m[38;5;2;1m[ 52%]:[0m [38;5;5;1m<smg-pc-game>[0m cache compiling.debug src/Game/Scene/PlayTimerScene.cpp[0m
[0m[38;5;2;1m[ 52%]:[0m [38;5;5;1m<smg-pc-game>[0m cache compiling.debug src/Game/Scene/StageDataHolder.cpp[0m
[0m[38;5;2;1m[ 52%]:[0m [38;5;5;1m<smg-pc-game>[0m cache compiling.debug src/Game/Scene/MultiSceneActor.cpp[0m
[0m[38;5;2;1m[ 52%]:[0m [38;5;5;1m<smg-pc-game>[0m cache compiling.debug src/Game/Scene/MultiSceneEffectKeeper.cpp[0m
[0m[38;5;2;1m[ 52%]:[0m [38;5;5;1m<smg-pc-game>[0m cache compiling.debug src/Game/Scene/GameScene.cpp[0m
[0m[38;5;2;1m[ 53%]:[0m [38;5;5;1m<smg-pc-game>[0m cache compiling.debug src/Game/Scene/PlacementInfoOrdered.cpp[0m
[0m[38;5;2;1m[ 53%]:[0m [38;5;5;1m<smg-pc-game>[0m cache compiling.debug src/Game/Scene/SceneExecutor.cpp[0m
[0m[38;5;2;1m[ 53%]:[0m [38;5;5;1m<smg-pc-game>[0m cache compiling.debug src/Game/Scene/ScenarioSelectScene.cpp[0m
[0m[38;5;2;1m[ 53%]:[0m [38;5;5;1m<smg-pc-game>[0m cache compiling.debug src/Game/Scene/LogoScene.cpp[0m
[0m[38;5;2;1m[ 53%]:[0m [38;5;5;1m<smg-pc-game>[0m cache compiling.debug src/Game/NPC/TurnJointCtrl.cpp[0m
[0m[38;5;2;1m[ 53%]:[0m [38;5;5;1m<smg-pc-game>[0m cache compiling.debug src/Game/NPC/TalkMessageCtrl.cpp[0m
[0m[38;5;3;1mIn file included from src/Game/Screen/SubMeterLayout.cpp:2:
In file included from src/Game/Util.hpp:18:
src/Game/Util/Functor.hpp:114:105: warning: GCC does not allow 'noinline' attribute in this position on a function definition [-Wgcc-compat]
  114 |     static FunctorV1M< T*, void (T::*)(U), U > Functor(T* a1, void (T::*a2)(U), U arg_0) __attribute__((noinline)) {
      |                                                                                                         ^
1 warning generated.[0m
[0m[38;5;2;1m[ 53%]:[0m [38;5;5;1m<smg-pc-game>[0m cache compiling.debug src/Game/NPC/NPCActor.cpp[0m
[0m[38;5;3;1mIn file included from src/Game/Screen/StarPointerLayout.cpp:4:
In file included from src/Game/Screen/LayoutCoreUtil.hpp:4:
src/nw4r/lyt/pane.h:37:37: warning: 'offsetof' on non-standard-layout type 'detail::PaneBase' [-Winvalid-offsetof]
   37 |         typedef ut::LinkList< Pane, __builtin_offsetof(detail::PaneBase, mLink) > PaneList;
      |                                     ^                                    ~~~~~
In file included from src/Game/Screen/StarPointerLayout.cpp:4:
In file included from src/Game/Screen/LayoutCoreUtil.hpp:5:
In file included from src/nw4r/lyt/textBox.h:3:
src/nw4r/lyt/common.h:14:28: warning: comparison of different enumeration types ('_GXTexFmt' (aka 'GXTexFmt') and 'GXCITexFmt') is deprecated [-Wdeprecated-enum-compare]
   14 |                 return fmt == GX_TF_C4 || fmt == GX_TF_C8 || fmt == GX_TF_C14X2;
      |                        ~~~ ^  ~~~~~~~~
src/nw4r/lyt/common.h:14:47: warning: comparison of different enumeration types ('_GXTexFmt' (aka 'GXTexFmt') and 'GXCITexFmt') is deprecated [-Wdeprecated-enum-compare]
   14 |                 return fmt == GX_TF_C4 || fmt == GX_TF_C8 || fmt == GX_TF_C14X2;
      |                                           ~~~ ^  ~~~~~~~~
src/nw4r/lyt/common.h:14:66: warning: comparison of different enumeration types ('_GXTexFmt' (aka 'GXTexFmt') and 'GXCITexFmt') is deprecated [-Wdeprecated-enum-compare]
   14 |                 return fmt == GX_TF_C4 || fmt == GX_TF_C8 || fmt == GX_TF_C14X2;[0m
[0m[38;5;2;1m[ 53%]:[0m [38;5;5;1m<smg-pc-game>[0m cache compiling.debug src/Game/NPC/RunawayTico.cpp[0m
[0m[38;5;2;1m[ 53%]:[0m [38;5;5;1m<smg-pc-game>[0m cache compiling.debug src/Game/NPC/TalkBalloon.cpp[0m
[0m[38;5;2;1m[ 53%]:[0m [38;5;5;1m<smg-pc-game>[0m cache compiling.debug src/Game/NPC/RunawayRabbitCollect.cpp[0m
[0m[38;5;2;1m[ 54%]:[0m [38;5;5;1m<smg-pc-game>[0m cache compiling.debug src/Game/NPC/TalkState.cpp[0m
[0m[38;5;2;1m[ 54%]:[0m [38;5;5;1m<smg-pc-game>[0m cache compiling.debug src/Game/NPC/TalkDirector.cpp[0m
[0m[38;5;2;1m[ 54%]:[0m [38;5;5;1m<smg-pc-game>[0m cache compiling.debug src/Game/NPC/RosettaDemoAstroDome.cpp[0m
[0m[38;5;2;1m[ 54%]:[0m [38;5;5;1m<smg-pc-game>[0m cache compiling.debug src/Game/NPC/RosettaDemoHeavensDoor.cpp[0m
[0m[38;5;2;1m[ 54%]:[0m [38;5;5;1m<smg-pc-game>[0m cache compiling.debug src/Game/NPC/RunawayRabbit.cpp[0m
[0m[38;5;3;1msrc/Game/Scene/PlacementInfoOrdered.cpp:13:100: warning: GCC does not allow 'noinline' attribute in this position on a function definition [-Wgcc-compat]
   13 |     CreationFuncPtr getCreator(const PlacementInfoOrdered::Identifier& rIdentifier) __attribute__((noinline)) {
      |                                                                                                    ^
1 warning generated.[0m
[0m[38;5;2;1m[ 55%]:[0m [38;5;5;1m<smg-pc-game>[0m cache compiling.debug src/Game/NPC/TalkTextFormer.cpp[0m
[0m[38;5;3;1mIn file included from src/Game/Scene/StageFileLoader.cpp:3:
In file included from src/Game/Util.hpp:18:
src/Game/Util/Functor.hpp:114:105: warning: GCC does not allow 'noinline' attribute in this position on a function definition [-Wgcc-compat]
  114 |     static FunctorV1M< T*, void (T::*)(U), U > Functor(T* a1, void (T::*a2)(U), U arg_0) __attribute__((noinline)) {
      |                                                                                                         ^
1 warning generated.[0m
[0m[38;5;2;1m[ 55%]:[0m [38;5;5;1m<smg-pc-game>[0m cache compiling.debug src/Game/NPC/Rosetta.cpp[0m
[0m[38;5;3;1mIn file included from src/Game/Scene/SceneExecutor.cpp:9:
In file included from src/Game/Util.hpp:18:
src/Game/Util/Functor.hpp:114:105: warning: GCC does not allow 'noinline' attribute in this position on a function definition [-Wgcc-compat]
  114 |     static FunctorV1M< T*, void (T::*)(U), U > Functor(T* a1, void (T::*a2)(U), U arg_0) __attribute__((noinline)) {
      |                                                                                                         ^
1 warning generated.[0m
[0m[38;5;2;1m[ 55%]:[0m [38;5;5;1m<smg-pc-game>[0m cache compiling.debug src/Game/NPC/TalkNodeCtrl.cpp[0m
[0m[38;5;2;1m[ 55%]:[0m [38;5;5;1m<smg-pc-game>[0m cache compiling.debug src/Game/NPC/Tico.cpp[0m
[0m[38;5;3;1mIn file included from src/Game/Scene/GameScene.cpp:37:
src/Game/Util/Functor.hpp:114:105: warning: GCC does not allow 'noinline' attribute in this position on a function definition [-Wgcc-compat]
  114 |     static FunctorV1M< T*, void (T::*)(U), U > Functor(T* a1, void (T::*a2)(U), U arg_0) __attribute__((noinline)) {
      |                                                                                                         ^
1 warning generated.[0m
[0m[38;5;2;1m[ 55%]:[0m [38;5;5;1m<smg-pc-game>[0m cache compiling.debug src/Game/NPC/DemoRabbit.cpp[0m
[0m[38;5;3;1msrc/Game/Scene/StageDataHolder.cpp:336:37: warning: trigraph ignored [-Wtrigraphs]
  336 |     return mArchive->getResource('????', pName);
      |                                     ^
src/Game/Scene/StageDataHolder.cpp:479:89: warning: trigraph ignored [-Wtrigraphs]
  479 |     void* tableFile = MR::receiveArchive("/StageData/ObjNameTable.arc")->getResource('????', "ObjNameTable.tbl");
      |                                                                                         ^
2 warnings generated.
src/Game/Scene/StageDataHolder.cpp:25:74: warning: GCC does not allow 'noinline' attribute in this position on a function definition [-Wgcc-compat]
   25 |     static bool isPrioPlacementObjInfo(const char* pName) __attribute__((noinline)) {
      |                                                                          ^
src/Game/Scene/StageDataHolder.cpp:30:118: warning: GCC does not allow 'noinline' attribute in this position on a function definition [-Wgcc-compat]
   30 |     static void calcPlacementInfoNum(int* a1, int* a2, const MR::AssignableArray< JMapInfo >& rArray) __attribute__((noinline)) {
      |                                                                                                                      ^
src/Game/Scene/StageDataHolder.cpp:60:115: warning: GCC does not allow 'noinline' attribute in this position on a function definition [-Wgcc-compat]
   60 |                                                     const MR::AssignableArray< JMapInfo >& rArray) __attribute__((noinline)) {
      |                                                                                                                   ^[0m
[0m[38;5;2;1m[ 55%]:[0m [38;5;5;1m<smg-pc-game>[0m cache compiling.debug src/Game/Player/MarioSearchLight.cpp[0m
[0m[38;5;2;1m[ 55%]:[0m [38;5;5;1m<smg-pc-game>[0m cache compiling.debug src/Game/Player/MarioMove2D.cpp[0m
[0m[38;5;2;1m[ 55%]:[0m [38;5;5;1m<smg-pc-game>[0m cache compiling.debug src/Game/Player/MarioActorEye.cpp[0m
[0m[38;5;3;1mIn file included from src/Game/NPC/TalkTextFormer.cpp:7:
In file included from src/Game/Screen/CustomTagProcessor.hpp:4:
In file included from src/nw4r/lyt/textBox.h:3:
src/nw4r/lyt/common.h:14:28: warning: comparison of different enumeration types ('_GXTexFmt' (aka 'GXTexFmt') and 'GXCITexFmt') is deprecated [-Wdeprecated-enum-compare]
   14 |                 return fmt == GX_TF_C4 || fmt == GX_TF_C8 || fmt == GX_TF_C14X2;
      |                        ~~~ ^  ~~~~~~~~
src/nw4r/lyt/common.h:14:47: warning: comparison of different enumeration types ('_GXTexFmt' (aka 'GXTexFmt') and 'GXCITexFmt') is deprecated [-Wdeprecated-enum-compare]
   14 |                 return fmt == GX_TF_C4 || fmt == GX_TF_C8 || fmt == GX_TF_C14X2;
      |                                           ~~~ ^  ~~~~~~~~
src/nw4r/lyt/common.h:14:66: warning: comparison of different enumeration types ('_GXTexFmt' (aka 'GXTexFmt') and 'GXCITexFmt') is deprecated [-Wdeprecated-enum-compare]
   14 |                 return fmt == GX_TF_C4 || fmt == GX_TF_C8 || fmt == GX_TF_C14X2;
      |                                                              ~~~ ^  ~~~~~~~~~~~
In file included from src/Game/NPC/TalkTextFormer.cpp:7:
In file included from src/Game/Screen/CustomTagProcessor.hpp:4:
In file included from src/nw4r/lyt/textBox.h:4:
src/nw4r/lyt/pane.h:37:37: warning: 'offsetof' on non-standard-layout type 'detail::PaneBase' [-Winvalid-offsetof][0m
[0m[38;5;2;1m[ 55%]:[0m [38;5;5;1m<smg-pc-game>[0m cache compiling.debug src/Game/Player/MarioMove.cpp[0m
[0m[38;5;2;1m[ 56%]:[0m [38;5;5;1m<smg-pc-game>[0m cache compiling.debug src/Game/Player/TornadoMario.cpp[0m
[0m[38;5;2;1m[ 56%]:[0m [38;5;5;1m<smg-pc-game>[0m cache compiling.debug src/Game/Player/MarioActorWipe.cpp[0m
[0m[38;5;2;1m[ 56%]:[0m [38;5;5;1m<smg-pc-game>[0m cache compiling.debug src/Game/Player/MarioAnimator.cpp[0m
[0m[38;5;2;1m[ 56%]:[0m [38;5;5;1m<smg-pc-game>[0m cache compiling.debug src/Game/Player/MarioFaint.cpp[0m
[0m[38;5;3;1mIn file included from src/Game/NPC/RunawayTico.cpp:6:
In file included from src/Game/Util.hpp:18:
src/Game/Util/Functor.hpp:114:105: warning: GCC does not allow 'noinline' attribute in this position on a function definition [-Wgcc-compat]
  114 |     static FunctorV1M< T*, void (T::*)(U), U > Functor(T* a1, void (T::*a2)(U), U arg_0) __attribute__((noinline)) {
      |                                                                                                         ^
1 warning generated.[0m
[0m[38;5;2;1m[ 56%]:[0m [38;5;5;1m<smg-pc-game>[0m cache compiling.debug src/Game/Player/MarioStep.cpp[0m
[0m[38;5;3;1mIn file included from src/Game/NPC/RosettaDemoHeavensDoor.cpp:8:
In file included from src/Game/Util.hpp:18:
src/Game/Util/Functor.hpp:114:105: warning: GCC does not allow 'noinline' attribute in this position on a function definition [-Wgcc-compat]
  114 |     static FunctorV1M< T*, void (T::*)(U), U > Functor(T* a1, void (T::*a2)(U), U arg_0) __attribute__((noinline)) {
      |                                                                                                         ^
1 warning generated.[0m
[0m[38;5;2;1m[ 56%]:[0m [38;5;5;1m<smg-pc-game>[0m cache compiling.debug src/Game/Player/MarioHang.cpp[0m
[0m[38;5;3;1mIn file included from src/Game/NPC/RosettaDemoAstroDome.cpp:11:
src/Game/Util/Functor.hpp:114:105: warning: GCC does not allow 'noinline' attribute in this position on a function definition [-Wgcc-compat]
  114 |     static FunctorV1M< T*, void (T::*)(U), U > Functor(T* a1, void (T::*a2)(U), U arg_0) __attribute__((noinline)) {
      |                                                                                                         ^
1 warning generated.[0m
[0m[38;5;2;1m[ 56%]:[0m [38;5;5;1m<smg-pc-game>[0m cache compiling.debug src/Game/Player/MarioActorSpecialDraw.cpp[0m
[0m[38;5;3;1msrc/Game/NPC/TalkDirector.cpp:409:59: warning: 'offsetof' on non-standard-layout type 'TalkDirector' [-Winvalid-offsetof]
  409 |     return reinterpret_cast< const unsigned char* >(this)[__builtin_offsetof(TalkDirector, mIsKinopioExplorerRescued) + arg] != 0;
      |                                                           ^                                ~~~~~~~~~~~~~~~~~~~~~~~~~
1 warning generated.[0m
[0m[38;5;2;1m[ 56%]:[0m [38;5;5;1m<smg-pc-game>[0m cache compiling.debug src/Game/Player/MarioNullBck.cpp[0m
[0m[38;5;3;1mIn file included from src/Game/NPC/RunawayRabbit.cpp:10:
In file included from src/Game/Util.hpp:18:
src/Game/Util/Functor.hpp:114:105: warning: GCC does not allow 'noinline' attribute in this position on a function definition [-Wgcc-compat]
  114 |     static FunctorV1M< T*, void (T::*)(U), U > Functor(T* a1, void (T::*a2)(U), U arg_0) __attribute__((noinline)) {
      |                                                                                                         ^
1 warning generated.[0m
[0m[38;5;2;1m[ 56%]:[0m [38;5;5;1m<smg-pc-game>[0m cache compiling.debug src/Game/Player/Mario.cpp[0m
[0m[38;5;3;1mIn file included from src/Game/NPC/Rosetta.cpp:11:
In file included from src/Game/Util.hpp:18:
src/Game/Util/Functor.hpp:114:105: warning: GCC does not allow 'noinline' attribute in this position on a function definition [-Wgcc-compat]
  114 |     static FunctorV1M< T*, void (T::*)(U), U > Functor(T* a1, void (T::*a2)(U), U arg_0) __attribute__((noinline)) {
      |                                                                                                         ^
1 warning generated.[0m
[0m[38;5;2;1m[ 56%]:[0m [38;5;5;1m<smg-pc-game>[0m cache compiling.debug src/Game/Player/MarioMove25D.cpp[0m
[0m[38;5;2;1m[ 57%]:[0m [38;5;5;1m<smg-pc-game>[0m cache compiling.debug src/Game/Player/MarioShadow.cpp[0m
[0m[38;5;2;1m[ 57%]:[0m [38;5;5;1m<smg-pc-game>[0m cache compiling.debug src/Game/Player/JetTurtleShadow.cpp[0m
[0m[38;5;2;1m[ 57%]:[0m [38;5;5;1m<smg-pc-game>[0m cache compiling.debug src/Game/Player/MarineSnow.cpp[0m
[0m[38;5;2;1m[ 57%]:[0m [38;5;5;1m<smg-pc-game>[0m cache compiling.debug src/Game/Player/MarioSkate.cpp[0m
[0m[38;5;3;1mIn file included from src/Game/NPC/DemoRabbit.cpp:5:
In file included from src/Game/Util.hpp:18:
src/Game/Util/Functor.hpp:114:105: warning: GCC does not allow 'noinline' attribute in this position on a function definition [-Wgcc-compat]
  114 |     static FunctorV1M< T*, void (T::*)(U), U > Functor(T* a1, void (T::*a2)(U), U arg_0) __attribute__((noinline)) {
      |                                                                                                         ^
1 warning generated.[0m
[0m[38;5;2;1m[ 57%]:[0m [38;5;5;1m<smg-pc-game>[0m cache compiling.debug src/Game/Player/J3DModelX.cpp[0m
[0m[38;5;2;1m[ 57%]:[0m [38;5;5;1m<smg-pc-game>[0m cache compiling.debug src/Game/Player/MarioWarp.cpp[0m
[0m[38;5;2;1m[ 57%]:[0m [38;5;5;1m<smg-pc-game>[0m cache compiling.debug src/Game/Player/MarioJump.cpp[0m
[0m[38;5;2;1m[ 57%]:[0m [38;5;5;1m<smg-pc-game>[0m cache compiling.debug src/Game/Player/MarioActorShadow.cpp[0m
[0m[38;5;2;1m[ 58%]:[0m [38;5;5;1m<smg-pc-game>[0m cache compiling.debug src/Game/Player/MarioActorHand.cpp[0m
[0m[38;5;3;1mIn file included from src/Game/Player/MarioSearchLight.cpp:4:
In file included from src/Game/Player/DrawAdaptor.hpp:4:
src/Game/Util/Functor.hpp:114:105: warning: GCC does not allow 'noinline' attribute in this position on a function definition [-Wgcc-compat]
  114 |     static FunctorV1M< T*, void (T::*)(U), U > Functor(T* a1, void (T::*a2)(U), U arg_0) __attribute__((noinline)) {
      |                                                                                                         ^
1 warning generated.[0m
[0m[38;5;2;1m[ 58%]:[0m [38;5;5;1m<smg-pc-game>[0m cache compiling.debug src/Game/Player/MarioDamage.cpp[0m
[0m[38;5;2;1m[ 58%]:[0m [38;5;5;1m<smg-pc-game>[0m cache compiling.debug src/Game/Player/MarioStick.cpp[0m
[0m[38;5;2;1m[ 58%]:[0m [38;5;5;1m<smg-pc-game>[0m cache compiling.debug src/Game/Player/MarioActorCamera.cpp[0m
[0m[38;5;2;1m[ 58%]:[0m [38;5;5;1m<smg-pc-game>[0m cache compiling.debug src/Game/Player/MarioSound.cpp[0m
[0m[38;5;2;1m[ 58%]:[0m [38;5;5;1m<smg-pc-game>[0m cache compiling.debug src/Game/Player/ModelHolder.cpp[0m
[0m[38;5;2;1m[ 58%]:[0m [38;5;5;1m<smg-pc-game>[0m cache compiling.debug src/Game/Player/MarioActorDraw.cpp[0m
[0m[38;5;2;1m[ 58%]:[0m [38;5;5;1m<smg-pc-game>[0m cache compiling.debug src/Game/Player/MarioEnforce.cpp[0m
[0m[38;5;2;1m[ 59%]:[0m [38;5;5;1m<smg-pc-game>[0m cache compiling.debug src/Game/Player/MarioActor.cpp[0m
[0m[38;5;2;1m[ 59%]:[0m [38;5;5;1m<smg-pc-game>[0m cache compiling.debug src/Game/Player/MarioParts.cpp[0m
[0m[38;5;3;1msrc/Game/Player/MarioMove.cpp:19:5: warning: ignoring return value of function declared with 'nodiscard' attribute [-Wunused-result]
   19 |     vec - vec2;
      |     ^~~~~~~~~~
src/Game/Player/MarioMove.cpp:899:5: warning: ignoring return value of function declared with 'nodiscard' attribute [-Wunused-result]
  899 |     moveDir.dot(mHeadVec);
      |     ^~~~~~~~~~~~~~~~~~~~~
2 warnings generated.[0m
[0m[38;5;2;1m[ 59%]:[0m [38;5;5;1m<smg-pc-game>[0m cache compiling.debug src/Game/Player/MarioActorDefensiveMsg.cpp[0m
[0m[38;5;2;1m[ 59%]:[0m [38;5;5;1m<smg-pc-game>[0m cache compiling.debug src/Game/Player/MarioFrontStep.cpp[0m
[0m[38;5;3;1mIn file included from src/Game/Player/J3DModelX.cpp:12:
In file included from src/JSystem/J3DGraphBase/J3DMaterial.hpp:3:
src/JSystem/J3DGraphBase/J3DMatBlock.hpp:248:35: warning: result of comparison of constant 65535 with expression of type 'const u8' (aka 'const unsigned char') is always false [-Wtautological-constant-out-of-range-compare]
  248 |         u32 ambSrc = info.mAmbSrc == 0xFFFF ? 0 : info.mAmbSrc;
      |                      ~~~~~~~~~~~~ ^  ~~~~~~
1 warning generated.[0m
[0m[38;5;2;1m[ 59%]:[0m [38;5;5;1m<smg-pc-game>[0m cache compiling.debug src/Game/Player/MarioSwim.cpp[0m
[0m[38;5;2;1m[ 59%]:[0m [38;5;5;1m<smg-pc-game>[0m cache compiling.debug src/Game/Player/MarioActorRush.cpp[0m
[0m[38;5;2;1m[ 60%]:[0m [38;5;5;1m<smg-pc-game>[0m cache compiling.debug src/Game/Player/MarioSideStep.cpp[0m
[0m[38;5;2;1m[ 60%]:[0m [38;5;5;1m<smg-pc-game>[0m cache compiling.debug src/Game/Player/MarioTeresa.cpp[0m
[0m[38;5;3;1mIn file included from src/Game/Player/Mario.cpp:47:
In file included from src/Game/Util.hpp:18:
src/Game/Util/Functor.hpp:114:105: warning: GCC does not allow 'noinline' attribute in this position on a function definition [-Wgcc-compat]
  114 |     static FunctorV1M< T*, void (T::*)(U), U > Functor(T* a1, void (T::*a2)(U), U arg_0) __attribute__((noinline)) {
      |                                                                                                         ^
1 warning generated.[0m
[0m[38;5;2;1m[ 60%]:[0m [38;5;5;1m<smg-pc-game>[0m cache compiling.debug src/Game/Player/MarioActorPunch.cpp[0m
[0m[38;5;3;1mIn file included from src/Game/Player/MarioAnimator.cpp:4:
In file included from src/Game/Animation/XanimeCore.hpp:3:
In file included from src/JSystem/J3DGraphAnimator/J3DJoint.hpp:4:
In file included from src/JSystem/J3DGraphBase/J3DMaterial.hpp:3:
src/JSystem/J3DGraphBase/J3DMatBlock.hpp:248:35: warning: result of comparison of constant 65535 with expression of type 'const u8' (aka 'const unsigned char') is always false [-Wtautological-constant-out-of-range-compare]
  248 |         u32 ambSrc = info.mAmbSrc == 0xFFFF ? 0 : info.mAmbSrc;
      |                      ~~~~~~~~~~~~ ^  ~~~~~~
1 warning generated.[0m
[0m[38;5;2;1m[ 60%]:[0m [38;5;5;1m<smg-pc-game>[0m cache compiling.debug src/Game/Player/GroupChecker.cpp[0m
[0m[38;5;2;1m[ 60%]:[0m [38;5;5;1m<smg-pc-game>[0m cache compiling.debug src/Game/Player/MarioActorGravity.cpp[0m
[0m[38;5;2;1m[ 60%]:[0m [38;5;5;1m<smg-pc-game>[0m cache compiling.debug src/Game/Player/MarioEffect.cpp[0m
[0m[38;5;2;1m[ 60%]:[0m [38;5;5;1m<smg-pc-game>[0m cache compiling.debug src/Game/Player/MarioWait.cpp[0m
[0m[38;5;2;1m[ 60%]:[0m [38;5;5;1m<smg-pc-game>[0m cache compiling.debug src/Game/Player/MarioSukekiyo.cpp[0m
[0m[38;5;2;1m[ 60%]:[0m [38;5;5;1m<smg-pc-game>[0m cache compiling.debug src/Game/Player/MarioCollision.cpp[0m
[0m[38;5;2;1m[ 60%]:[0m [38;5;5;1m<smg-pc-game>[0m cache compiling.debug src/Game/Player/MarioActorTakeMsg.cpp[0m
[0m[38;5;2;1m[ 61%]:[0m [38;5;5;1m<smg-pc-game>[0m cache compiling.debug src/Game/Player/MarioWalk.cpp[0m
[0m[38;5;2;1m[ 61%]:[0m [38;5;5;1m<smg-pc-game>[0m cache compiling.debug src/Game/Player/MarioFoo.cpp[0m
[0m[38;5;2;1m[ 61%]:[0m [38;5;5;1m<smg-pc-game>[0m cache compiling.debug src/Game/Player/MarioSpecial.cpp[0m
[0m[38;5;2;1m[ 61%]:[0m [38;5;5;1m<smg-pc-game>[0m cache compiling.debug src/Game/Player/Mario2D.cpp[0m
[0m[38;5;2;1m[ 61%]:[0m [38;5;5;1m<smg-pc-game>[0m cache compiling.debug src/Game/Player/MarioActorParts.cpp[0m
[0m[38;5;3;1msrc/Game/Player/MarioActorDefensiveMsg.cpp:89:5: warning: ignoring return value of function declared with 'nodiscard' attribute [-Wunused-result]
   89 |     direction.length();
      |     ^~~~~~~~~~~~~~~~~~
1 warning generated.[0m
[0m[38;5;2;1m[ 61%]:[0m [38;5;5;1m<smg-pc-game>[0m cache compiling.debug src/Game/Player/MarioActorSensor.cpp[0m
[0m[38;5;3;1mIn file included from src/Game/Player/MarioActorRush.cpp:15:
In file included from src/Game/Util.hpp:18:
src/Game/Util/Functor.hpp:114:105: warning: GCC does not allow 'noinline' attribute in this position on a function definition [-Wgcc-compat]
  114 |     static FunctorV1M< T*, void (T::*)(U), U > Functor(T* a1, void (T::*a2)(U), U arg_0) __attribute__((noinline)) {
      |                                                                                                         ^
1 warning generated.[0m
[0m[38;5;2;1m[ 61%]:[0m [38;5;5;1m<smg-pc-game>[0m cache compiling.debug src/Game/Player/MarioRabbit.cpp[0m
[0m[38;5;3;1msrc/Game/Player/MarioTeresa.cpp:592:13: warning: ignoring return value of function declared with 'nodiscard' attribute [-Wunused-result]
  592 |             velocity.dot(getWorldPadDir());
      |             ^~~~~~~~~~~~~~~~~~~~~~~~~~~~~~
1 warning generated.[0m
[0m[38;5;2;1m[ 61%]:[0m [38;5;5;1m<smg-pc-game>[0m cache compiling.debug src/Game/Player/MarioAccess.cpp[0m
[0m[38;5;3;1msrc/Game/Player/MarioJump.cpp:1034:50: warning: GCC does not allow 'noinline' attribute in this position on a function definition [-Wgcc-compat]
 1034 | bool Mario::isDigitalJump() const __attribute__((noinline)) {
      |                                                  ^
1 warning generated.[0m
[0m[38;5;2;1m[ 62%]:[0m [38;5;5;1m<smg-pc-game>[0m cache compiling.debug src/Game/Player/MarioActorBlackHole.cpp[0m
[0m[38;5;3;1mIn file included from src/Game/Player/MarioActorDraw.cpp:2:
In file included from src/JSystem/J3DGraphAnimator/J3DJoint.hpp:4:
In file included from src/JSystem/J3DGraphBase/J3DMaterial.hpp:3:
src/JSystem/J3DGraphBase/J3DMatBlock.hpp:248:35: warning: result of comparison of constant 65535 with expression of type 'const u8' (aka 'const unsigned char') is always false [-Wtautological-constant-out-of-range-compare]
  248 |         u32 ambSrc = info.mAmbSrc == 0xFFFF ? 0 : info.mAmbSrc;
      |                      ~~~~~~~~~~~~ ^  ~~~~~~
In file included from src/Game/Player/MarioActorDraw.cpp:6:
In file included from src/Game/Player/DrawAdaptor.hpp:4:
src/Game/Util/Functor.hpp:114:105: warning: GCC does not allow 'noinline' attribute in this position on a function definition [-Wgcc-compat]
  114 |     static FunctorV1M< T*, void (T::*)(U), U > Functor(T* a1, void (T::*a2)(U), U arg_0) __attribute__((noinline)) {
      |                                                                                                         ^
src/Game/Player/MarioActorDraw.cpp:40:103: warning: attribute declaration must precede definition [-Wignored-attributes]
   40 |     FunctorV0M< const T*, void (T::*)() const > Functor(const T*, void (T::*)() const) __attribute__((noinline));
      |                                                                                                       ^
src/Game/Util/Functor.hpp:104:63: note: previous definition is here
  104 |     inline static FunctorV0M< const T*, void (T::*)() const > Functor(const T* caller, void (T::*callee)() const) {[0m
[0m[38;5;2;1m[ 62%]:[0m [38;5;5;1m<smg-pc-game>[0m cache compiling.debug src/Game/Player/MarioSwimDamage.cpp[0m
[0m[38;5;2;1m[ 62%]:[0m [38;5;5;1m<smg-pc-game>[0m cache compiling.debug src/Game/Player/MarioWall.cpp[0m
[0m[38;5;3;1msrc/Game/Player/MarioSwim.cpp:2556:13: warning: ignoring return value of function declared with 'nodiscard' attribute [-Wunused-result]
 2556 |             direction.length();
      |             ^~~~~~~~~~~~~~~~~~
src/Game/Player/MarioSwim.cpp:3170:9: warning: ignoring return value of function declared with 'nodiscard' attribute [-Wunused-result]
 3170 |         mUpVec.dot(getPlayer()->mHeadVec);
      |         ^~~~~~~~~~~~~~~~~~~~~~~~~~~~~~~~~
2 warnings generated.[0m
[0m[38;5;2;1m[ 63%]:[0m [38;5;5;1m<smg-pc-game>[0m cache compiling.debug src/Game/MapObj/PunchingKinoko.cpp[0m
[0m[38;5;3;1mIn file included from src/Game/Player/MarioActor.cpp:3:
In file included from src/Game/Animation/XanimeCore.hpp:3:
In file included from src/JSystem/J3DGraphAnimator/J3DJoint.hpp:4:
In file included from src/JSystem/J3DGraphBase/J3DMaterial.hpp:3:
src/JSystem/J3DGraphBase/J3DMatBlock.hpp:248:35: warning: result of comparison of constant 65535 with expression of type 'const u8' (aka 'const unsigned char') is always false [-Wtautological-constant-out-of-range-compare]
  248 |         u32 ambSrc = info.mAmbSrc == 0xFFFF ? 0 : info.mAmbSrc;
      |                      ~~~~~~~~~~~~ ^  ~~~~~~
src/Game/Player/MarioActor.cpp:1142:25: warning: using the result of an assignment as a condition without parentheses [-Wparentheses]
 1142 |         if (requestRush = isRequestSpinJump2P()) {
      |             ~~~~~~~~~~~~^~~~~~~~~~~~~~~~~~~~~~~
src/Game/Player/MarioActor.cpp:1142:25: note: place parentheses around the assignment to silence this warning
 1142 |         if (requestRush = isRequestSpinJump2P()) {
      |                         ^                      
      |             (                                  )
src/Game/Player/MarioActor.cpp:1142:25: note: use '==' to turn this assignment into an equality comparison
 1142 |         if (requestRush = isRequestSpinJump2P()) {[0m
[0m[38;5;2;1m[ 63%]:[0m [38;5;5;1m<smg-pc-game>[0m cache compiling.debug src/Game/MapObj/PowerStarHolder.cpp[0m
[0m[38;5;2;1m[ 63%]:[0m [38;5;5;1m<smg-pc-game>[0m cache compiling.debug src/Game/MapObj/MapPartsRailGuideDrawer.cpp[0m
[0m[38;5;2;1m[ 63%]:[0m [38;5;5;1m<smg-pc-game>[0m cache compiling.debug src/Game/MapObj/MapParts.cpp[0m
[0m[38;5;2;1m[ 63%]:[0m [38;5;5;1m<smg-pc-game>[0m cache compiling.debug src/Game/MapObj/CoinHolder.cpp[0m
[0m[38;5;2;1m[ 63%]:[0m [38;5;5;1m<smg-pc-game>[0m cache compiling.debug src/Game/MapObj/EarthenPipe.cpp[0m
[0m[38;5;3;1msrc/Game/Player/Mario2D.cpp:10:5: warning: ignoring return value of function declared with 'nodiscard' attribute [-Wunused-result]
   10 |     vec + vec2;
      |     ^~~~~~~~~~
1 warning generated.[0m
[0m[38;5;2;1m[ 63%]:[0m [38;5;5;1m<smg-pc-game>[0m cache compiling.debug src/Game/MapObj/RotateMoveObj.cpp[0m
[0m[38;5;2;1m[ 63%]:[0m [38;5;5;1m<smg-pc-game>[0m cache compiling.debug src/Game/MapObj/MapPartsRailGuideHolder.cpp[0m
[0m[38;5;3;1msrc/Game/Player/MarioEffect.cpp:466:13: warning: 'sprintf' is deprecated: This function is provided for compatibility reasons only.  Due to security concerns inherent in the design of sprintf(3), it is highly recommended that you use snprintf(3) instead. [-Wdeprecated-declarations]
  466 |             sprintf(name, "%s", entry->mName);
      |             ^
/Applications/Xcode.app/Contents/Developer/Platforms/MacOSX.platform/Developer/SDKs/MacOSX27.0.sdk/usr/include/_stdio.h:278:16: note: 'sprintf' has been explicitly marked deprecated here
  278 | __attribute__((__deprecated__("This function is provided for compatibility reasons only.  Due to security concerns inherent in the design of sprintf(3), it is highly recommended that you use snprintf(3) instead.")))
      |                ^
1 warning generated.[0m
[0m[38;5;2;1m[ 63%]:[0m [38;5;5;1m<smg-pc-game>[0m cache compiling.debug src/Game/MapObj/DummyDisplayModel.cpp[0m
[0m[38;5;2;1m[ 63%]:[0m [38;5;5;1m<smg-pc-game>[0m cache compiling.debug src/Game/MapObj/BigFanHolder.cpp[0m
[0m[38;5;2;1m[ 63%]:[0m [38;5;5;1m<smg-pc-game>[0m cache compiling.debug src/Game/MapObj/PowerStar.cpp[0m
[0m[38;5;2;1m[ 63%]:[0m [38;5;5;1m<smg-pc-game>[0m cache compiling.debug src/Game/MapObj/ShockWaveGenerator.cpp[0m
[0m[38;5;2;1m[ 64%]:[0m [38;5;5;1m<smg-pc-game>[0m cache compiling.debug src/Game/MapObj/MapPartsRotator.cpp[0m
[0m[38;5;2;1m[ 64%]:[0m [38;5;5;1m<smg-pc-game>[0m cache compiling.debug src/Game/MapObj/MapPartsRailMover.cpp[0m
[0m[38;5;3;1mIn file included from src/Game/Player/MarioActorParts.cpp:2:
In file included from src/Game/Animation/XanimeCore.hpp:3:
In file included from src/JSystem/J3DGraphAnimator/J3DJoint.hpp:4:
In file included from src/JSystem/J3DGraphBase/J3DMaterial.hpp:3:
src/JSystem/J3DGraphBase/J3DMatBlock.hpp:248:35: warning: result of comparison of constant 65535 with expression of type 'const u8' (aka 'const unsigned char') is always false [-Wtautological-constant-out-of-range-compare]
  248 |         u32 ambSrc = info.mAmbSrc == 0xFFFF ? 0 : info.mAmbSrc;
      |                      ~~~~~~~~~~~~ ^  ~~~~~~
1 warning generated.[0m
[0m[38;5;2;1m[ 64%]:[0m [38;5;5;1m<smg-pc-game>[0m cache compiling.debug src/Game/MapObj/CutBushModelObj.cpp[0m
[0m[38;5;3;1mIn file included from src/Game/Player/MarioWalk.cpp:14:
In file included from src/Game/Util.hpp:18:
src/Game/Util/Functor.hpp:114:105: warning: GCC does not allow 'noinline' attribute in this position on a function definition [-Wgcc-compat]
  114 |     static FunctorV1M< T*, void (T::*)(U), U > Functor(T* a1, void (T::*a2)(U), U arg_0) __attribute__((noinline)) {
      |                                                                                                         ^
1 warning generated.[0m
[0m[38;5;2;1m[ 64%]:[0m [38;5;5;1m<smg-pc-game>[0m cache compiling.debug src/Game/MapObj/MapPartsRailPosture.cpp[0m
[0m[38;5;3;1mIn file included from src/Game/Player/MarioAccess.cpp:18:
In file included from src/Game/Util.hpp:18:
src/Game/Util/Functor.hpp:114:105: warning: GCC does not allow 'noinline' attribute in this position on a function definition [-Wgcc-compat]
  114 |     static FunctorV1M< T*, void (T::*)(U), U > Functor(T* a1, void (T::*a2)(U), U arg_0) __attribute__((noinline)) {
      |                                                                                                         ^
1 warning generated.[0m
[0m[38;5;2;1m[ 64%]:[0m [38;5;5;1m<smg-pc-game>[0m cache compiling.debug src/Game/MapObj/Coin.cpp[0m
[0m[38;5;3;1msrc/Game/Player/MarioWall.cpp:178:5: warning: ignoring return value of function declared with 'nodiscard' attribute [-Wunused-result]
  178 |     getWallNorm().dot(getAirGravityVec());
      |     ^~~~~~~~~~~~~~~~~~~~~~~~~~~~~~~~~~~~~
1 warning generated.[0m
[0m[38;5;2;1m[ 64%]:[0m [38;5;5;1m<smg-pc-game>[0m cache compiling.debug src/Game/MapObj/MapPartsRailPointPassChecker.cpp[0m
[0m[38;5;2;1m[ 64%]:[0m [38;5;5;1m<smg-pc-game>[0m cache compiling.debug src/Game/MapObj/PurpleCoinStarter.cpp[0m
[0m[38;5;3;1mIn file included from src/Game/MapObj/PowerStarHolder.cpp:4:
In file included from src/Game/Util.hpp:18:
src/Game/Util/Functor.hpp:114:105: warning: GCC does not allow 'noinline' attribute in this position on a function definition [-Wgcc-compat]
  114 |     static FunctorV1M< T*, void (T::*)(U), U > Functor(T* a1, void (T::*a2)(U), U arg_0) __attribute__((noinline)) {
      |                                                                                                         ^
1 warning generated.[0m
[0m[38;5;2;1m[ 64%]:[0m [38;5;5;1m<smg-pc-game>[0m cache compiling.debug src/Game/MapObj/StarPiece.cpp[0m
[0m[38;5;3;1mIn file included from src/Game/MapObj/PunchingKinoko.cpp:4:
In file included from src/Game/Util.hpp:18:
src/Game/Util/Functor.hpp:114:105: warning: GCC does not allow 'noinline' attribute in this position on a function definition [-Wgcc-compat]
  114 |     static FunctorV1M< T*, void (T::*)(U), U > Functor(T* a1, void (T::*a2)(U), U arg_0) __attribute__((noinline)) {
      |                                                                                                         ^
1 warning generated.[0m
[0m[38;5;2;1m[ 64%]:[0m [38;5;5;1m<smg-pc-game>[0m cache compiling.debug src/Game/MapObj/StarPieceGroup.cpp[0m
[0m[38;5;2;1m[ 64%]:[0m [38;5;5;1m<smg-pc-game>[0m cache compiling.debug src/Game/MapObj/MapObjActorInitInfo.cpp[0m
[0m[38;5;3;1mIn file included from src/Game/MapObj/MapParts.cpp:4:
In file included from src/Game/Util.hpp:18:
src/Game/Util/Functor.hpp:114:105: warning: GCC does not allow 'noinline' attribute in this position on a function definition [-Wgcc-compat]
  114 |     static FunctorV1M< T*, void (T::*)(U), U > Functor(T* a1, void (T::*a2)(U), U arg_0) __attribute__((noinline)) {
      |                                                                                                         ^
1 warning generated.[0m
[0m[38;5;2;1m[ 64%]:[0m [38;5;5;1m<smg-pc-game>[0m cache compiling.debug src/Game/MapObj/HeavensDoorDemoObj.cpp[0m
[0m[38;5;3;1mIn file included from src/Game/MapObj/MapPartsRailGuideDrawer.cpp:4:
In file included from src/Game/Util.hpp:18:
src/Game/Util/Functor.hpp:114:105: warning: GCC does not allow 'noinline' attribute in this position on a function definition [-Wgcc-compat]
  114 |     static FunctorV1M< T*, void (T::*)(U), U > Functor(T* a1, void (T::*a2)(U), U arg_0) __attribute__((noinline)) {
      |                                                                                                         ^
src/Game/MapObj/MapPartsRailGuideDrawer.cpp:22:5: warning: ignoring return value of function declared with 'nodiscard' attribute [-Wunused-result]
   22 |     rIter.getValue("CommonPath_ID", &_420);
      |     ^~~~~~~~~~~~~~~~~~~~~~~~~~~~~~~~~~~~~~
2 warnings generated.[0m
[0m[38;5;2;1m[ 64%]:[0m [38;5;5;1m<smg-pc-game>[0m cache compiling.debug src/Game/MapObj/StageEffectDataTable.cpp[0m
[0m[38;5;3;1mIn file included from src/Game/MapObj/CoinHolder.cpp:6:
In file included from src/Game/Util.hpp:18:
src/Game/Util/Functor.hpp:114:105: warning: GCC does not allow 'noinline' attribute in this position on a function definition [-Wgcc-compat]
  114 |     static FunctorV1M< T*, void (T::*)(U), U > Functor(T* a1, void (T::*a2)(U), U arg_0) __attribute__((noinline)) {
      |                                                                                                         ^
1 warning generated.[0m
[0m[38;5;2;1m[ 65%]:[0m [38;5;5;1m<smg-pc-game>[0m cache compiling.debug src/Game/MapObj/MapPartsRailRotator.cpp[0m
[0m[38;5;3;1mIn file included from src/Game/MapObj/EarthenPipe.cpp:9:
In file included from src/Game/Util.hpp:18:
src/Game/Util/Functor.hpp:114:105: warning: GCC does not allow 'noinline' attribute in this position on a function definition [-Wgcc-compat]
  114 |     static FunctorV1M< T*, void (T::*)(U), U > Functor(T* a1, void (T::*a2)(U), U arg_0) __attribute__((noinline)) {
      |                                                                                                         ^
1 warning generated.[0m
[0m[38;5;2;1m[ 65%]:[0m [38;5;5;1m<smg-pc-game>[0m cache compiling.debug src/Game/MapObj/BrightObj.cpp[0m
[0m[38;5;3;1mIn file included from src/Game/MapObj/DummyDisplayModel.cpp:8:
In file included from src/Game/Util.hpp:18:
src/Game/Util/Functor.hpp:114:105: warning: GCC does not allow 'noinline' attribute in this position on a function definition [-Wgcc-compat]
  114 |     static FunctorV1M< T*, void (T::*)(U), U > Functor(T* a1, void (T::*a2)(U), U arg_0) __attribute__((noinline)) {
      |                                                                                                         ^
src/Game/MapObj/DummyDisplayModel.cpp:44:125: warning: GCC does not allow 'noinline' attribute in this position on a function definition [-Wgcc-compat]
   44 |     DummyDisplayModel* tryCreateDummyModel(LiveActor* pHost, const JMapInfoIter& rIter, s32 a3, int itemIdx) __attribute__((noinline)) {
      |                                                                                                                             ^
2 warnings generated.[0m
[0m[38;5;2;1m[ 65%]:[0m [38;5;5;1m<smg-pc-game>[0m cache compiling.debug src/Game/MapObj/CollisionBlocker.cpp[0m
[0m[38;5;3;1mIn file included from src/Game/MapObj/RotateMoveObj.cpp:6:
In file included from src/Game/Util.hpp:18:
src/Game/Util/Functor.hpp:114:105: warning: GCC does not allow 'noinline' attribute in this position on a function definition [-Wgcc-compat]
  114 |     static FunctorV1M< T*, void (T::*)(U), U > Functor(T* a1, void (T::*a2)(U), U arg_0) __attribute__((noinline)) {
      |                                                                                                         ^
1 warning generated.[0m
[0m[38;5;2;1m[ 65%]:[0m [38;5;5;1m<smg-pc-game>[0m cache compiling.debug src/Game/MapObj/DynamicCollisionObj.cpp[0m
[0m[38;5;3;1mIn file included from src/Game/MapObj/BigFanHolder.cpp:6:
In file included from src/Game/Util.hpp:18:
src/Game/Util/Functor.hpp:114:105: warning: GCC does not allow 'noinline' attribute in this position on a function definition [-Wgcc-compat]
  114 |     static FunctorV1M< T*, void (T::*)(U), U > Functor(T* a1, void (T::*a2)(U), U arg_0) __attribute__((noinline)) {
      |                                                                                                         ^
1 warning generated.[0m
[0m[38;5;2;1m[ 65%]:[0m [38;5;5;1m<smg-pc-game>[0m cache compiling.debug src/Game/MapObj/PowerStarAppearPoint.cpp[0m
[0m[38;5;3;1mIn file included from src/Game/MapObj/ShockWaveGenerator.cpp:6:
In file included from src/Game/Util.hpp:18:
src/Game/Util/Functor.hpp:114:105: warning: GCC does not allow 'noinline' attribute in this position on a function definition [-Wgcc-compat]
  114 |     static FunctorV1M< T*, void (T::*)(U), U > Functor(T* a1, void (T::*a2)(U), U arg_0) __attribute__((noinline)) {
      |                                                                                                         ^
1 warning generated.[0m
[0m[38;5;2;1m[ 65%]:[0m [38;5;5;1m<smg-pc-game>[0m cache compiling.debug src/Game/MapObj/CoinRotater.cpp[0m
[0m[38;5;3;1mIn file included from src/Game/MapObj/MapPartsRailGuideHolder.cpp:5:
In file included from src/Game/Util.hpp:18:
src/Game/Util/Functor.hpp:114:105: warning: GCC does not allow 'noinline' attribute in this position on a function definition [-Wgcc-compat]
  114 |     static FunctorV1M< T*, void (T::*)(U), U > Functor(T* a1, void (T::*a2)(U), U arg_0) __attribute__((noinline)) {
      |                                                                                                         ^
src/Game/MapObj/MapPartsRailGuideHolder.cpp:19:5: warning: ignoring return value of function declared with 'nodiscard' attribute [-Wunused-result]
   19 |     rIter.getValue("CommonPath_ID", &id);
      |     ^~~~~~~~~~~~~~~~~~~~~~~~~~~~~~~~~~~~
2 warnings generated.[0m
[0m[38;5;2;1m[ 65%]:[0m [38;5;5;1m<smg-pc-game>[0m cache compiling.debug src/Game/MapObj/RailCoin.cpp[0m
[0m[38;5;3;1mIn file included from src/Game/MapObj/MapPartsRotator.cpp:6:
In file included from src/Game/Util.hpp:18:
src/Game/Util/Functor.hpp:114:105: warning: GCC does not allow 'noinline' attribute in this position on a function definition [-Wgcc-compat]
  114 |     static FunctorV1M< T*, void (T::*)(U), U > Functor(T* a1, void (T::*a2)(U), U arg_0) __attribute__((noinline)) {
      |                                                                                                         ^
1 warning generated.[0m
[0m[38;5;2;1m[ 65%]:[0m [38;5;5;1m<smg-pc-game>[0m cache compiling.debug src/Game/MapObj/MapPartsRailGuidePoint.cpp[0m
[0m[38;5;3;1mIn file included from src/Game/MapObj/MapPartsRailMover.cpp:7:
In file included from src/Game/Util.hpp:18:
src/Game/Util/Functor.hpp:114:105: warning: GCC does not allow 'noinline' attribute in this position on a function definition [-Wgcc-compat]
  114 |     static FunctorV1M< T*, void (T::*)(U), U > Functor(T* a1, void (T::*a2)(U), U arg_0) __attribute__((noinline)) {
      |                                                                                                         ^
1 warning generated.[0m
[0m[38;5;2;1m[ 65%]:[0m [38;5;5;1m<smg-pc-game>[0m cache compiling.debug src/Game/MapObj/ChipCounter.cpp[0m
[0m[38;5;3;1mIn file included from src/Game/MapObj/CutBushModelObj.cpp:3:
In file included from src/Game/Util.hpp:18:
src/Game/Util/Functor.hpp:114:105: warning: GCC does not allow 'noinline' attribute in this position on a function definition [-Wgcc-compat]
  114 |     static FunctorV1M< T*, void (T::*)(U), U > Functor(T* a1, void (T::*a2)(U), U arg_0) __attribute__((noinline)) {
      |                                                                                                         ^
1 warning generated.[0m
[0m[38;5;2;1m[ 65%]:[0m [38;5;5;1m<smg-pc-game>[0m cache compiling.debug src/Game/MapObj/CoinGroup.cpp[0m
[0m[38;5;3;1mIn file included from src/Game/MapObj/PurpleCoinStarter.cpp:5:
In file included from src/Game/Util.hpp:18:
src/Game/Util/Functor.hpp:114:105: warning: GCC does not allow 'noinline' attribute in this position on a function definition [-Wgcc-compat]
  114 |     static FunctorV1M< T*, void (T::*)(U), U > Functor(T* a1, void (T::*a2)(U), U arg_0) __attribute__((noinline)) {
      |                                                                                                         ^
1 warning generated.[0m
[0m[38;5;2;1m[ 65%]:[0m [38;5;5;1m<smg-pc-game>[0m cache compiling.debug src/Game/MapObj/BlackHole.cpp[0m
[0m[38;5;2;1m[ 65%]:[0m [38;5;5;1m<smg-pc-game>[0m cache compiling.debug src/Game/MapObj/WarpPod.cpp[0m
[0m[38;5;3;1mIn file included from src/Game/MapObj/MapPartsRailPosture.cpp:4:
In file included from src/Game/Util.hpp:18:
src/Game/Util/Functor.hpp:114:105: warning: GCC does not allow 'noinline' attribute in this position on a function definition [-Wgcc-compat]
  114 |     static FunctorV1M< T*, void (T::*)(U), U > Functor(T* a1, void (T::*a2)(U), U arg_0) __attribute__((noinline)) {
      |                                                                                                         ^
1 warning generated.[0m
[0m[38;5;2;1m[ 66%]:[0m [38;5;5;1m<smg-pc-game>[0m cache compiling.debug src/Game/MapObj/BigFan.cpp[0m
[0m[38;5;3;1mIn file included from src/Game/MapObj/MapPartsRailPointPassChecker.cpp:4:
In file included from src/Game/Util.hpp:18:
src/Game/Util/Functor.hpp:114:105: warning: GCC does not allow 'noinline' attribute in this position on a function definition [-Wgcc-compat]
  114 |     static FunctorV1M< T*, void (T::*)(U), U > Functor(T* a1, void (T::*a2)(U), U arg_0) __attribute__((noinline)) {
      |                                                                                                         ^
1 warning generated.[0m
[0m[38;5;2;1m[ 66%]:[0m [38;5;5;1m<smg-pc-game>[0m cache compiling.debug src/Game/MapObj/InvisiblePolygonObj.cpp[0m
[0m[38;5;3;1mIn file included from src/Game/MapObj/Coin.cpp:8:
In file included from src/Game/Util.hpp:18:
src/Game/Util/Functor.hpp:114:105: warning: GCC does not allow 'noinline' attribute in this position on a function definition [-Wgcc-compat]
  114 |     static FunctorV1M< T*, void (T::*)(U), U > Functor(T* a1, void (T::*a2)(U), U arg_0) __attribute__((noinline)) {
      |                                                                                                         ^
1 warning generated.[0m
[0m[38;5;2;1m[ 66%]:[0m [38;5;5;1m<smg-pc-game>[0m cache compiling.debug src/Game/MapObj/StarPieceDirector.cpp[0m
[0m[38;5;2;1m[ 66%]:[0m [38;5;5;1m<smg-pc-game>[0m cache compiling.debug src/Game/MapObj/FlipPanel.cpp[0m
[0m[38;5;3;1mIn file included from src/Game/MapObj/HeavensDoorDemoObj.cpp:6:
In file included from src/Game/Util.hpp:18:
src/Game/Util/Functor.hpp:114:105: warning: GCC does not allow 'noinline' attribute in this position on a function definition [-Wgcc-compat]
  114 |     static FunctorV1M< T*, void (T::*)(U), U > Functor(T* a1, void (T::*a2)(U), U arg_0) __attribute__((noinline)) {
      |                                                                                                         ^
1 warning generated.[0m
[0m[38;5;2;1m[ 66%]:[0m [38;5;5;1m<smg-pc-game>[0m cache compiling.debug src/Game/MapObj/MapPartsSeesaw2AxisRotator.cpp[0m
[0m[38;5;3;1mIn file included from src/Game/MapObj/StarPieceGroup.cpp:5:
In file included from src/Game/Util.hpp:18:
src/Game/Util/Functor.hpp:114:105: warning: GCC does not allow 'noinline' attribute in this position on a function definition [-Wgcc-compat]
  114 |     static FunctorV1M< T*, void (T::*)(U), U > Functor(T* a1, void (T::*a2)(U), U arg_0) __attribute__((noinline)) {
      |                                                                                                         ^
1 warning generated.[0m
[0m[38;5;2;1m[ 66%]:[0m [38;5;5;1m<smg-pc-game>[0m cache compiling.debug src/Game/MapObj/PlantGroup.cpp[0m
[0m[38;5;2;1m[ 66%]:[0m [38;5;5;1m<smg-pc-game>[0m cache compiling.debug src/Game/MapObj/PurpleCoinHolder.cpp[0m
[0m[38;5;3;1mIn file included from src/Game/MapObj/StarPiece.cpp:8:
In file included from src/Game/Util.hpp:18:
src/Game/Util/Functor.hpp:114:105: warning: GCC does not allow 'noinline' attribute in this position on a function definition [-Wgcc-compat]
  114 |     static FunctorV1M< T*, void (T::*)(U), U > Functor(T* a1, void (T::*a2)(U), U arg_0) __attribute__((noinline)) {
      |                                                                                                         ^
src/Game/MapObj/StarPiece.cpp:195:13: warning: enumeration value 'groupType_noGroup' not handled in switch [-Wswitch]
  195 |     switch (mGroupType) {
      |             ^~~~~~~~~~
2 warnings generated.[0m
[0m[38;5;2;1m[ 66%]:[0m [38;5;5;1m<smg-pc-game>[0m cache compiling.debug src/Game/MapObj/MapObjActor.cpp[0m
[0m[38;5;3;1mIn file included from src/Game/MapObj/StageEffectDataTable.cpp:4:
In file included from src/Game/Util.hpp:18:
src/Game/Util/Functor.hpp:114:105: warning: GCC does not allow 'noinline' attribute in this position on a function definition [-Wgcc-compat]
  114 |     static FunctorV1M< T*, void (T::*)(U), U > Functor(T* a1, void (T::*a2)(U), U arg_0) __attribute__((noinline)) {
      |                                                                                                         ^
1 warning generated.[0m
[0m[38;5;2;1m[ 66%]:[0m [38;5;5;1m<smg-pc-game>[0m cache compiling.debug src/Game/MapObj/CrystalCage.cpp[0m
[0m[38;5;3;1mIn file included from src/Game/MapObj/CollisionBlocker.cpp:3:
In file included from src/Game/Util.hpp:18:
src/Game/Util/Functor.hpp:114:105: warning: GCC does not allow 'noinline' attribute in this position on a function definition [-Wgcc-compat]
  114 |     static FunctorV1M< T*, void (T::*)(U), U > Functor(T* a1, void (T::*a2)(U), U arg_0) __attribute__((noinline)) {
      |                                                                                                         ^
1 warning generated.[0m
[0m[38;5;2;1m[ 66%]:[0m [38;5;5;1m<smg-pc-game>[0m cache compiling.debug src/Game/MapObj/SimpleMapObj.cpp[0m
[0m[38;5;3;1mIn file included from src/Game/MapObj/CoinRotater.cpp:4:
In file included from src/Game/Util.hpp:18:
src/Game/Util/Functor.hpp:114:105: warning: GCC does not allow 'noinline' attribute in this position on a function definition [-Wgcc-compat]
  114 |     static FunctorV1M< T*, void (T::*)(U), U > Functor(T* a1, void (T::*a2)(U), U arg_0) __attribute__((noinline)) {
      |                                                                                                         ^
1 warning generated.[0m
[0m[38;5;2;1m[ 66%]:[0m [38;5;5;1m<smg-pc-game>[0m cache compiling.debug src/Game/MapObj/ClipAreaHolder.cpp[0m
[0m[38;5;2;1m[ 66%]:[0m [38;5;5;1m<smg-pc-game>[0m cache compiling.debug src/Game/MapObj/CollectCounter.cpp[0m
[0m[38;5;3;1mIn file included from src/Game/MapObj/RailCoin.cpp:5:
In file included from src/Game/Util.hpp:18:
src/Game/Util/Functor.hpp:114:105: warning: GCC does not allow 'noinline' attribute in this position on a function definition [-Wgcc-compat]
  114 |     static FunctorV1M< T*, void (T::*)(U), U > Functor(T* a1, void (T::*a2)(U), U arg_0) __attribute__((noinline)) {
      |                                                                                                         ^
1 warning generated.[0m
[0m[38;5;2;1m[ 68%]:[0m [38;5;5;1m<smg-pc-game>[0m cache compiling.debug src/camera/EventCamera.cpp[0m
[0m[38;5;2;1m[ 69%]:[0m [38;5;5;1m<smg-pc-game>[0m cache compiling.debug src/camera/OriginalCameraView.cpp[0m
[0m[38;5;2;1m[ 69%]:[0m [38;5;5;1m<smg-pc-game>[0m cache compiling.debug src/camera/CameraDirectorRuntime.cpp[0m
[0m[38;5;3;1mIn file included from src/Game/MapObj/PowerStarAppearPoint.cpp:4:
In file included from src/Game/Util.hpp:18:
src/Game/Util/Functor.hpp:114:105: warning: GCC does not allow 'noinline' attribute in this position on a function definition [-Wgcc-compat]
  114 |     static FunctorV1M< T*, void (T::*)(U), U > Functor(T* a1, void (T::*a2)(U), U arg_0) __attribute__((noinline)) {
      |                                                                                                         ^
1 warning generated.[0m
[0m[38;5;2;1m[ 69%]:[0m [38;5;5;1m<smg-pc-game>[0m cache compiling.debug src/layout/LayoutRuntime.cpp[0m
[0m[38;5;2;1m[ 69%]:[0m [38;5;5;1m<smg-pc-game>[0m cache compiling.debug src/layout/LayoutUtilCompat.cpp[0m
[0m[38;5;3;1mIn file included from src/Game/MapObj/CoinGroup.cpp:5:
In file included from src/Game/Util.hpp:18:
src/Game/Util/Functor.hpp:114:105: warning: GCC does not allow 'noinline' attribute in this position on a function definition [-Wgcc-compat]
  114 |     static FunctorV1M< T*, void (T::*)(U), U > Functor(T* a1, void (T::*a2)(U), U arg_0) __attribute__((noinline)) {
      |                                                                                                         ^
1 warning generated.[0m
[0m[38;5;2;1m[ 69%]:[0m [38;5;5;1m<smg-pc-game>[0m cache compiling.debug src/layout/LayoutManagerCompat.cpp[0m
[0m[38;5;3;1mIn file included from src/Game/MapObj/BlackHole.cpp:6:
In file included from src/Game/Util.hpp:18:
src/Game/Util/Functor.hpp:114:105: warning: GCC does not allow 'noinline' attribute in this position on a function definition [-Wgcc-compat]
  114 |     static FunctorV1M< T*, void (T::*)(U), U > Functor(T* a1, void (T::*a2)(U), U arg_0) __attribute__((noinline)) {
      |                                                                                                         ^
1 warning generated.[0m
[0m[38;5;2;1m[ 70%]:[0m [38;5;5;1m<smg-pc-game>[0m cache compiling.debug src/resource/BasResource.cpp[0m
[0m[38;5;3;1mIn file included from src/Game/MapObj/BigFan.cpp:6:
In file included from src/Game/Util.hpp:18:
src/Game/Util/Functor.hpp:114:105: warning: GCC does not allow 'noinline' attribute in this position on a function definition [-Wgcc-compat]
  114 |     static FunctorV1M< T*, void (T::*)(U), U > Functor(T* a1, void (T::*a2)(U), U arg_0) __attribute__((noinline)) {
      |                                                                                                         ^
1 warning generated.[0m
[0m[38;5;2;1m[ 71%]:[0m [38;5;5;1m<smg-pc-game>[0m cache compiling.debug src/runtime/RuntimeServices.cpp[0m
[0m[38;5;3;1mIn file included from src/Game/MapObj/WarpPod.cpp:8:
In file included from src/Game/Util.hpp:18:
src/Game/Util/Functor.hpp:114:105: warning: GCC does not allow 'noinline' attribute in this position on a function definition [-Wgcc-compat]
  114 |     static FunctorV1M< T*, void (T::*)(U), U > Functor(T* a1, void (T::*a2)(U), U arg_0) __attribute__((noinline)) {
      |                                                                                                         ^
src/Game/MapObj/WarpPod.cpp:166:5: warning: 'sprintf' is deprecated: This function is provided for compatibility reasons only.  Due to security concerns inherent in the design of sprintf(3), it is highly recommended that you use snprintf(3) instead. [-Wdeprecated-declarations]
  166 |     sprintf(eventCameraName, (::smgpc::compat::cp932::EncodedLiteral<::smgpc::compat::cp932::Utf8Literal{"ワープカメラ %d-%c"}>::value.bytes), groupID, arg0 + 65);
      |     ^
/Applications/Xcode.app/Contents/Developer/Platforms/MacOSX.platform/Developer/SDKs/MacOSX27.0.sdk/usr/include/_stdio.h:278:16: note: 'sprintf' has been explicitly marked deprecated here
  278 | __attribute__((__deprecated__("This function is provided for compatibility reasons only.  Due to security concerns inherent in the design of sprintf(3), it is highly recommended that you use snprintf(3) instead.")))
      |                ^
src/Game/MapObj/WarpPod.cpp:289:5: warning: 'sprintf' is deprecated: This function is provided for compatibility reasons only.  Due to security concerns inherent in the design of sprintf(3), it is highly recommended that you use snprintf(3) instead. [-Wdeprecated-declarations]
  289 |     sprintf(buf, (::smgpc::compat::cp932::EncodedLiteral<::smgpc::compat::cp932::Utf8Literal{"wPod出現カメラ %d"}>::value.bytes), _90);
      |     ^
/Applications/Xcode.app/Contents/Developer/Platforms/MacOSX.platform/Developer/SDKs/MacOSX27.0.sdk/usr/include/_stdio.h:278:16: note: 'sprintf' has been explicitly marked deprecated here
  278 | __attribute__((__deprecated__("This function is provided for compatibility reasons only.  Due to security concerns inherent in the design of sprintf(3), it is highly recommended that you use snprintf(3) instead.")))[0m
[0m[38;5;2;1m[ 72%]:[0m [38;5;5;1m<smg-pc-game>[0m cache compiling.debug src/runtime/OriginalProcessTrace.cpp[0m
[0m[38;5;3;1mIn file included from src/Game/MapObj/StarPieceDirector.cpp:8:
In file included from src/Game/Util.hpp:18:
src/Game/Util/Functor.hpp:114:105: warning: GCC does not allow 'noinline' attribute in this position on a function definition [-Wgcc-compat]
  114 |     static FunctorV1M< T*, void (T::*)(U), U > Functor(T* a1, void (T::*a2)(U), U arg_0) __attribute__((noinline)) {
      |                                                                                                         ^
1 warning generated.[0m
[0m[38;5;2;1m[ 72%]:[0m [38;5;5;1m<smg-pc-game>[0m cache compiling.debug src/runtime/SceneScheduler.cpp[0m
[0m[38;5;3;1mIn file included from src/Game/MapObj/DynamicCollisionObj.cpp:11:
In file included from src/Game/Util.hpp:18:
src/Game/Util/Functor.hpp:114:105: warning: GCC does not allow 'noinline' attribute in this position on a function definition [-Wgcc-compat]
  114 |     static FunctorV1M< T*, void (T::*)(U), U > Functor(T* a1, void (T::*a2)(U), U arg_0) __attribute__((noinline)) {
      |                                                                                                         ^
1 warning generated.[0m
[0m[38;5;2;1m[ 72%]:[0m [38;5;5;1m<smg-pc-game>[0m cache compiling.debug src/runtime/RuntimeContext.cpp[0m
[0m[38;5;3;1mIn file included from src/Game/MapObj/FlipPanel.cpp:8:
In file included from src/Game/Util.hpp:18:
src/Game/Util/Functor.hpp:114:105: warning: GCC does not allow 'noinline' attribute in this position on a function definition [-Wgcc-compat]
  114 |     static FunctorV1M< T*, void (T::*)(U), U > Functor(T* a1, void (T::*a2)(U), U arg_0) __attribute__((noinline)) {
      |                                                                                                         ^
1 warning generated.[0m
[0m[38;5;2;1m[ 73%]:[0m [38;5;5;1m<smg-pc-game>[0m cache compiling.debug src/runtime/jut/JutTexture.cpp[0m
[0m[38;5;2;1m[ 73%]:[0m [38;5;5;1m<smg-pc-game>[0m cache compiling.debug src/runtime/ScenarioCatalogOwnership.cpp[0m
[0m[38;5;3;1mIn file included from src/Game/MapObj/PurpleCoinHolder.cpp:7:
In file included from src/Game/Util.hpp:18:
src/Game/Util/Functor.hpp:114:105: warning: GCC does not allow 'noinline' attribute in this position on a function definition [-Wgcc-compat]
  114 |     static FunctorV1M< T*, void (T::*)(U), U > Functor(T* a1, void (T::*a2)(U), U arg_0) __attribute__((noinline)) {
      |                                                                                                         ^
1 warning generated.[0m
[0m[38;5;2;1m[ 73%]:[0m [38;5;5;1m<smg-pc-game>[0m cache compiling.debug src/scene/StagePlacementResolver.cpp[0m
[0m[38;5;3;1mIn file included from src/Game/MapObj/PlantGroup.cpp:6:
In file included from src/Game/Util.hpp:18:
src/Game/Util/Functor.hpp:114:105: warning: GCC does not allow 'noinline' attribute in this position on a function definition [-Wgcc-compat]
  114 |     static FunctorV1M< T*, void (T::*)(U), U > Functor(T* a1, void (T::*a2)(U), U arg_0) __attribute__((noinline)) {
      |                                                                                                         ^
1 warning generated.[0m
[0m[38;5;2;1m[ 73%]:[0m [38;5;5;1m<smg-pc-game>[0m cache compiling.debug src/scene/SceneDrawBufferService.cpp[0m
[0m[38;5;3;1mIn file included from src/Game/MapObj/MapObjActor.cpp:17:
In file included from src/Game/Util.hpp:18:
src/Game/Util/Functor.hpp:114:105: warning: GCC does not allow 'noinline' attribute in this position on a function definition [-Wgcc-compat]
  114 |     static FunctorV1M< T*, void (T::*)(U), U > Functor(T* a1, void (T::*a2)(U), U arg_0) __attribute__((noinline)) {
      |                                                                                                         ^
1 warning generated.[0m
[0m[38;5;2;1m[ 73%]:[0m [38;5;5;1m<smg-pc-game>[0m cache compiling.debug src/scene/OriginalSceneSupport.cpp[0m
[0m[38;5;3;1mIn file included from src/Game/MapObj/CrystalCage.cpp:7:
In file included from src/Game/Util.hpp:18:
src/Game/Util/Functor.hpp:114:105: warning: GCC does not allow 'noinline' attribute in this position on a function definition [-Wgcc-compat]
  114 |     static FunctorV1M< T*, void (T::*)(U), U > Functor(T* a1, void (T::*a2)(U), U arg_0) __attribute__((noinline)) {
      |                                                                                                         ^
1 warning generated.[0m
[0m[38;5;2;1m[ 73%]:[0m [38;5;5;1m<smg-pc-game>[0m cache compiling.debug src/scene/StageCollisionService.cpp[0m
[0m[38;5;3;1mIn file included from src/Game/MapObj/CollectCounter.cpp:3:
In file included from src/Game/Util.hpp:18:
src/Game/Util/Functor.hpp:114:105: warning: GCC does not allow 'noinline' attribute in this position on a function definition [-Wgcc-compat]
  114 |     static FunctorV1M< T*, void (T::*)(U), U > Functor(T* a1, void (T::*a2)(U), U arg_0) __attribute__((noinline)) {
      |                                                                                                         ^
1 warning generated.[0m
[0m[38;5;2;1m[ 73%]:[0m [38;5;5;1m<smg-pc-game>[0m cache compiling.debug src/scene/AreaObjRuntime.cpp[0m
[0m[38;5;3;1mIn file included from src/Game/MapObj/SimpleMapObj.cpp:7:
In file included from src/Game/Util.hpp:18:
src/Game/Util/Functor.hpp:114:105: warning: GCC does not allow 'noinline' attribute in this position on a function definition [-Wgcc-compat]
  114 |     static FunctorV1M< T*, void (T::*)(U), U > Functor(T* a1, void (T::*a2)(U), U arg_0) __attribute__((noinline)) {
      |                                                                                                         ^
1 warning generated.[0m
[0m[38;5;2;1m[ 73%]:[0m [38;5;5;1m<smg-pc-game>[0m cache compiling.debug src/scene/nameobj/NameObjFactory.cpp[0m
[0m[38;5;3;1mIn file included from src/Game/MapObj/ClipAreaHolder.cpp:7:
In file included from src/Game/Util.hpp:18:
src/Game/Util/Functor.hpp:114:105: warning: GCC does not allow 'noinline' attribute in this position on a function definition [-Wgcc-compat]
  114 |     static FunctorV1M< T*, void (T::*)(U), U > Functor(T* a1, void (T::*a2)(U), U arg_0) __attribute__((noinline)) {
      |                                                                                                         ^
1 warning generated.[0m
[0m[38;5;2;1m[ 74%]:[0m [38;5;5;1m<smg-pc-game>[0m cache compiling.debug src/scene/NameObjChildOwner.cpp[0m
[0m[38;5;2;1m[ 74%]:[0m [38;5;5;1m<smg-pc-game>[0m cache compiling.debug src/scene/GameSceneBinding.cpp[0m
[0m[38;5;2;1m[ 74%]:[0m [38;5;5;1m<smg-pc-game>[0m cache compiling.debug src/scene/OriginalPlacementCoverage.cpp[0m
[0m[38;5;2;1m[ 74%]:[0m [38;5;5;1m<smg-pc-game>[0m cache compiling.debug src/compat/HitInfoCompat.cpp[0m
[0m[38;5;2;1m[ 74%]:[0m [38;5;5;1m<smg-pc-game>[0m cache compiling.debug src/compat/ActorRuntimeRegistry.cpp[0m
[0m[38;5;2;1m[ 74%]:[0m [38;5;5;1m<smg-pc-game>[0m cache compiling.debug src/compat/StarPointerDepthOwnership.cpp[0m
[0m[38;5;2;1m[ 74%]:[0m [38;5;5;1m<smg-pc-game>[0m cache compiling.debug src/compat/TalkDirectorLifetime.cpp[0m
[0m[38;5;2;1m[ 75%]:[0m [38;5;5;1m<smg-pc-game>[0m cache compiling.debug src/compat/OriginalStarPointerOwnerQueries.cpp[0m
[0m[38;5;3;1mIn file included from src/scene/GameSceneBinding.cpp:8:
src/Game/Util/Functor.hpp:114:105: warning: GCC does not allow 'noinline' attribute in this position on a function definition [-Wgcc-compat]
  114 |     static FunctorV1M< T*, void (T::*)(U), U > Functor(T* a1, void (T::*a2)(U), U arg_0) __attribute__((noinline)) {
      |                                                                                                         ^
1 warning generated.[0m
[0m[38;5;2;1m[ 75%]:[0m [38;5;5;1m<smg-pc-game>[0m cache compiling.debug src/compat/OriginalSceneDrawUtil.cpp[0m
[0m[38;5;2;1m[ 75%]:[0m [38;5;5;1m<smg-pc-game>[0m cache compiling.debug src/compat/OriginalMirrorReflectionUtil.cpp[0m
[0m[38;5;3;1mIn file included from src/scene/SceneDrawBufferService.cpp:9:
src/Game/Util/Functor.hpp:114:105: warning: GCC does not allow 'noinline' attribute in this position on a function definition [-Wgcc-compat]
  114 |     static FunctorV1M< T*, void (T::*)(U), U > Functor(T* a1, void (T::*a2)(U), U arg_0) __attribute__((noinline)) {
      |                                                                                                         ^
1 warning generated.[0m
[0m[38;5;2;1m[ 75%]:[0m [38;5;5;1m<smg-pc-game>[0m cache compiling.debug src/compat/OriginalActorBckControl.cpp[0m
[0m[38;5;2;1m[ 75%]:[0m [38;5;5;1m<smg-pc-game>[0m cache compiling.debug src/compat/OriginalClearZBuffer.cpp[0m
[0m[38;5;2;1m[ 75%]:[0m [38;5;5;1m<smg-pc-game>[0m cache compiling.debug src/compat/GlobalGravityOwnership.cpp[0m
[0m[38;5;2;1m[ 76%]:[0m [38;5;5;1m<smg-pc-game>[0m cache compiling.debug src/compat/ActorShadowCsvCompat.cpp[0m
[0m[38;5;2;1m[ 76%]:[0m [38;5;5;1m<smg-pc-game>[0m cache compiling.debug src/compat/OriginalShadowVolumeDraw.cpp[0m
[0m[38;5;2;1m[ 76%]:[0m [38;5;5;1m<smg-pc-game>[0m cache compiling.debug src/compat/OriginalBinderFilterUtil.cpp[0m
[0m[38;5;2;1m[ 76%]:[0m [38;5;5;1m<smg-pc-game>[0m cache compiling.debug src/compat/OriginalLiveActorGroupUtil.cpp[0m
[0m[38;5;2;1m[ 76%]:[0m [38;5;5;1m<smg-pc-game>[0m cache compiling.debug src/compat/OriginalAlphaClear.cpp[0m
[0m[38;5;2;1m[ 77%]:[0m [38;5;5;1m<smg-pc-game>[0m cache compiling.debug src/compat/OriginalSoundUtil.cpp[0m
[0m[38;5;3;1mIn file included from src/compat/OriginalMirrorReflectionUtil.cpp:9:
In file included from src/JSystem/J3DGraphBase/J3DMaterial.hpp:3:
src/JSystem/J3DGraphBase/J3DMatBlock.hpp:248:35: warning: result of comparison of constant 65535 with expression of type 'const u8' (aka 'const unsigned char') is always false [-Wtautological-constant-out-of-range-compare]
  248 |         u32 ambSrc = info.mAmbSrc == 0xFFFF ? 0 : info.mAmbSrc;
      |                      ~~~~~~~~~~~~ ^  ~~~~~~
1 warning generated.[0m
[0m[38;5;2;1m[ 77%]:[0m [38;5;5;1m<smg-pc-game>[0m cache compiling.debug src/compat/OriginalImageEffectUtil.cpp[0m
[0m[38;5;2;1m[ 77%]:[0m [38;5;5;1m<smg-pc-game>[0m cache compiling.debug src/compat/OriginalStarPointerDirector.cpp[0m
[0m[38;5;2;1m[ 77%]:[0m [38;5;5;1m<smg-pc-game>[0m cache compiling.debug src/compat/GameActorPhysicsCompat.cpp[0m
[0m[38;5;2;1m[ 77%]:[0m [38;5;5;1m<smg-pc-game>[0m cache compiling.debug src/compat/PlanetMapRuntimeCompat.cpp[0m
[0m[38;5;2;1m[ 77%]:[0m [38;5;5;1m<smg-pc-game>[0m cache compiling.debug src/compat/StarPointerServiceCompat.cpp[0m
[0m[38;5;3;1mIn file included from src/compat/OriginalShadowVolumeDraw.cpp:2:
In file included from src/JSystem/J3DGraphAnimator/J3DJoint.hpp:4:
In file included from src/JSystem/J3DGraphBase/J3DMaterial.hpp:3:
src/JSystem/J3DGraphBase/J3DMatBlock.hpp:248:35: warning: result of comparison of constant 65535 with expression of type 'const u8' (aka 'const unsigned char') is always false [-Wtautological-constant-out-of-range-compare]
  248 |         u32 ambSrc = info.mAmbSrc == 0xFFFF ? 0 : info.mAmbSrc;
      |                      ~~~~~~~~~~~~ ^  ~~~~~~
1 warning generated.[0m
[0m[38;5;2;1m[ 77%]:[0m [38;5;5;1m<smg-pc-game>[0m cache compiling.debug src/compat/OriginalMapQueries.cpp[0m
[0m[38;5;2;1m[ 77%]:[0m [38;5;5;1m<smg-pc-game>[0m cache compiling.debug src/compat/LiveActorUtilCompat.cpp[0m
[0m[38;5;3;1msrc/compat/OriginalLiveActorGroupUtil.cpp:12:56: warning: GCC does not allow 'noinline' attribute in this position on a function definition [-Wgcc-compat]
   12 |     bool isShowModel(LiveActor* pActor) __attribute__((noinline)) {
      |                                                        ^
src/compat/OriginalLiveActorGroupUtil.cpp:16:100: warning: GCC does not allow 'noinline' attribute in this position on a function definition [-Wgcc-compat]
   16 |     void callFuncAllGroupMember(const LiveActor* pActor, void (*pFunc)(LiveActor*)) __attribute__((noinline)) {
      |                                                                                                    ^
src/compat/OriginalLiveActorGroupUtil.cpp:33:105: warning: GCC does not allow 'noinline' attribute in this position on a function definition [-Wgcc-compat]
   33 |     void callMethodAllGroupMember(const LiveActor* pActor, void (LiveActor::*pMethod)()) __attribute__((noinline)) {
      |                                                                                                         ^
src/compat/OriginalLiveActorGroupUtil.cpp:54:117: warning: GCC does not allow 'noinline' attribute in this position on a function definition [-Wgcc-compat]
   54 |     s32 countGroupMember< bool (*)(LiveActor*) >(const LiveActor* pActor, bool (*pPred)(LiveActor*)) __attribute__((noinline)) {
      |                                                                                                                     ^
src/compat/OriginalLiveActorGroupUtil.cpp:77:129: warning: GCC does not allow 'noinline' attribute in this position on a function definition [-Wgcc-compat]
   77 |     s32 countGroupMember< bool (*)(const LiveActor*) >(const LiveActor* pActor, bool (*pPred)(const LiveActor*)) __attribute__((noinline)) {
      |                                                                                                                                 ^
5 warnings generated.[0m
[0m[38;5;2;1m[ 78%]:[0m [38;5;5;1m<smg-pc-game>[0m cache compiling.debug src/compat/CollisionPartsCompat.cpp[0m
[0m[38;5;2;1m[ 78%]:[0m [38;5;5;1m<smg-pc-game>[0m cache compiling.debug src/compat/CollisionDirectorOwnership.cpp[0m
[0m[38;5;3;1mIn file included from src/compat/OriginalStarPointerDirector.cpp:4:
In file included from src/Game/Screen/LayoutCoreUtil.hpp:4:
src/nw4r/lyt/pane.h:37:37: warning: 'offsetof' on non-standard-layout type 'detail::PaneBase' [-Winvalid-offsetof]
   37 |         typedef ut::LinkList< Pane, __builtin_offsetof(detail::PaneBase, mLink) > PaneList;
      |                                     ^                                    ~~~~~
In file included from src/compat/OriginalStarPointerDirector.cpp:4:
In file included from src/Game/Screen/LayoutCoreUtil.hpp:5:
In file included from src/nw4r/lyt/textBox.h:3:
src/nw4r/lyt/common.h:14:28: warning: comparison of different enumeration types ('_GXTexFmt' (aka 'GXTexFmt') and 'GXCITexFmt') is deprecated [-Wdeprecated-enum-compare]
   14 |                 return fmt == GX_TF_C4 || fmt == GX_TF_C8 || fmt == GX_TF_C14X2;
      |                        ~~~ ^  ~~~~~~~~
src/nw4r/lyt/common.h:14:47: warning: comparison of different enumeration types ('_GXTexFmt' (aka 'GXTexFmt') and 'GXCITexFmt') is deprecated [-Wdeprecated-enum-compare]
   14 |                 return fmt == GX_TF_C4 || fmt == GX_TF_C8 || fmt == GX_TF_C14X2;
      |                                           ~~~ ^  ~~~~~~~~
src/nw4r/lyt/common.h:14:66: warning: comparison of different enumeration types ('_GXTexFmt' (aka 'GXTexFmt') and 'GXCITexFmt') is deprecated [-Wdeprecated-enum-compare]
   14 |                 return fmt == GX_TF_C4 || fmt == GX_TF_C8 || fmt == GX_TF_C14X2;[0m
[0m[38;5;2;1m[ 78%]:[0m [38;5;5;1m<smg-pc-game>[0m cache compiling.debug src/compat/ClippingDirectorOwnership.cpp[0m
[0m[38;5;2;1m[ 78%]:[0m [38;5;5;1m<smg-pc-game>[0m cache compiling.debug src/compat/OriginalActorAnimationStart.cpp[0m
[0m[38;5;2;1m[ 78%]:[0m [38;5;5;1m<smg-pc-game>[0m cache compiling.debug src/compat/OriginalObjectSoundState.cpp[0m
[0m[38;5;2;1m[ 78%]:[0m [38;5;5;1m<smg-pc-game>[0m cache compiling.debug src/compat/OriginalStarPointerDepth.cpp[0m
[0m[38;5;3;1msrc/compat/OriginalMapQueries.cpp:54:130: warning: GCC does not allow 'noinline' attribute in this position on a function definition [-Wgcc-compat]
   54 |                                                 const TVec3f& rDirection, const HitSensor* pSensor, s32 category) __attribute__((noinline)) {
      |                                                                                                                                  ^
src/compat/OriginalMapQueries.cpp:60:101: warning: GCC does not allow 'noinline' attribute in this position on a function definition [-Wgcc-compat]
   60 |                                               const LiveActor* pActor, s32 category) __attribute__((noinline)) {
      |                                                                                                     ^
2 warnings generated.[0m
[0m[38;5;2;1m[ 78%]:[0m [38;5;5;1m<smg-pc-game>[0m cache compiling.debug src/compat/OriginalCollisionGeometry.cpp[0m
[0m[38;5;2;1m[ 78%]:[0m [38;5;5;1m<smg-pc-game>[0m cache compiling.debug src/compat/MarioAnimatorLifetime.cpp[0m
[0m[38;5;2;1m[ 78%]:[0m [38;5;5;1m<smg-pc-game>[0m cache compiling.debug src/compat/OriginalJ2DProjection.cpp[0m
[0m[38;5;2;1m[ 79%]:[0m [38;5;5;1m<smg-pc-game>[0m cache compiling.debug src/compat/OriginalCollisionPartsUtil.cpp[0m
[0m[38;5;2;1m[ 79%]:[0m [38;5;5;1m<smg-pc-game>[0m cache compiling.debug src/compat/ShadowControllerOwnership.cpp[0m
[0m[38;5;2;1m[ 79%]:[0m [38;5;5;1m<smg-pc-game>[0m cache compiling.debug src/compat/OriginalShadowTextureAccess.cpp[0m
[0m[38;5;2;1m[ 79%]:[0m [38;5;5;1m<smg-pc-game>[0m cache compiling.debug src/compat/OriginalActorModelAccess.cpp[0m
[0m[38;5;3;1msrc/compat/OriginalActorAnimationStart.cpp:12:75: warning: GCC does not allow 'noinline' attribute in this position on a function definition [-Wgcc-compat]
   12 |     void changeBckForEffectKeeper(const LiveActor* pActor) __attribute__((noinline)) {
      |                                                                           ^
1 warning generated.[0m
[0m[38;5;2;1m[ 79%]:[0m [38;5;5;1m<smg-pc-game>[0m cache compiling.debug src/compat/ImageEffectOwnership.cpp[0m
[0m[38;5;2;1m[ 79%]:[0m [38;5;5;1m<smg-pc-game>[0m cache compiling.debug src/compat/InformationMessageCompat.cpp[0m
[0m[38;5;2;1m[ 79%]:[0m [38;5;5;1m<smg-pc-game>[0m cache compiling.debug src/compat/LodCtrlRuntimeCompat.cpp[0m
[0m[38;5;2;1m[ 80%]:[0m [38;5;5;1m<smg-pc-game>[0m cache compiling.debug src/compat/SceneObjHolderCompat.cpp[0m
[0m[38;5;2;1m[ 80%]:[0m [38;5;5;1m<smg-pc-game>[0m cache compiling.debug src/compat/EffectSystemOwnership.cpp[0m
[0m[38;5;3;1mIn file included from src/layout/LayoutManagerCompat.cpp:29:
In file included from src/nw4r/lyt/group.h:4:
src/nw4r/lyt/pane.h:37:37: warning: 'offsetof' on non-standard-layout type 'detail::PaneBase' [-Winvalid-offsetof]
   37 |         typedef ut::LinkList< Pane, __builtin_offsetof(detail::PaneBase, mLink) > PaneList;
      |                                     ^                                    ~~~~~
In file included from src/layout/LayoutManagerCompat.cpp:29:
src/nw4r/lyt/group.h:55:37: warning: 'offsetof' on non-standard-layout type 'Group' [-Winvalid-offsetof]
   55 |         typedef ut::LinkList<Group, __builtin_offsetof(Group, mLink)> GroupList;
      |                                     ^                         ~~~~~
In file included from src/layout/LayoutManagerCompat.cpp:35:
In file included from src/Game/Screen/LayoutCoreUtil.hpp:5:
In file included from src/nw4r/lyt/textBox.h:3:
src/nw4r/lyt/common.h:14:28: warning: comparison of different enumeration types ('_GXTexFmt' (aka 'GXTexFmt') and 'GXCITexFmt') is deprecated [-Wdeprecated-enum-compare]
   14 |                 return fmt == GX_TF_C4 || fmt == GX_TF_C8 || fmt == GX_TF_C14X2;
      |                        ~~~ ^  ~~~~~~~~
src/nw4r/lyt/common.h:14:47: warning: comparison of different enumeration types ('_GXTexFmt' (aka 'GXTexFmt') and 'GXCITexFmt') is deprecated [-Wdeprecated-enum-compare][0m
[0m[38;5;2;1m[ 80%]:[0m [38;5;5;1m<smg-pc-game>[0m cache compiling.debug src/compat/GameRuntimeCompat.cpp[0m
[0m[38;5;2;1m[ 80%]:[0m [38;5;5;1m<smg-pc-game>[0m cache compiling.debug src/compat/GameMapCollisionCompat.cpp[0m
[0m[38;5;2;1m[ 80%]:[0m [38;5;5;1m<smg-pc-game>[0m cache compiling.debug src/compat/OriginalSceneDrawInit.cpp[0m
[0m[38;5;2;1m[ 80%]:[0m [38;5;5;1m<smg-pc-game>[0m cache compiling.debug src/compat/DisabledObjectAudio.cpp[0m
[0m[38;5;2;1m[ 81%]:[0m [38;5;5;1m<smg-pc-game>[0m cache compiling.debug src/JSystem/J2DGraph/J2DPicture.cpp[0m
[0m[38;5;3;1mIn file included from src/compat/LiveActorUtilCompat.cpp:17:
In file included from src/JSystem/J3DGraphBase/J3DMaterial.hpp:3:
src/JSystem/J3DGraphBase/J3DMatBlock.hpp:248:35: warning: result of comparison of constant 65535 with expression of type 'const u8' (aka 'const unsigned char') is always false [-Wtautological-constant-out-of-range-compare]
  248 |         u32 ambSrc = info.mAmbSrc == 0xFFFF ? 0 : info.mAmbSrc;
      |                      ~~~~~~~~~~~~ ^  ~~~~~~
1 warning generated.[0m
[0m[38;5;2;1m[ 81%]:[0m [38;5;5;1m<smg-pc-game>[0m cache compiling.debug src/JSystem/J2DGraph/J2DOrthoGraph.cpp[0m
[0m[38;5;3;1mIn file included from src/runtime/RuntimeContext.cpp:10:
In file included from src/compat/SceneJ3dScope.hpp:4:
In file included from src/JSystem/J3DGraphAnimator/J3DJoint.hpp:4:
In file included from src/JSystem/J3DGraphBase/J3DMaterial.hpp:3:
src/JSystem/J3DGraphBase/J3DMatBlock.hpp:248:35: warning: result of comparison of constant 65535 with expression of type 'const u8' (aka 'const unsigned char') is always false [-Wtautological-constant-out-of-range-compare]
  248 |         u32 ambSrc = info.mAmbSrc == 0xFFFF ? 0 : info.mAmbSrc;
      |                      ~~~~~~~~~~~~ ^  ~~~~~~
1 warning generated.[0m
[0m[38;5;2;1m[ 81%]:[0m [38;5;5;1m<smg-pc-game>[0m cache compiling.debug src/JSystem/J2DGraph/J2DPane.cpp[0m
[0m[38;5;3;1msrc/compat/OriginalCollisionPartsUtil.cpp:13:77: warning: GCC does not allow 'noinline' attribute in this position on a function definition [-Wgcc-compat]
   13 | void calcCollisionMtx(TPos3f* pMtx, const LiveActor* pActor) __attribute__((noinline)) {
      |                                                                             ^
1 warning generated.[0m
[0m[38;5;2;1m[ 81%]:[0m [38;5;5;1m<smg-pc-game>[0m cache compiling.debug src/JSystem/J2DGraph/J2DGrafContext.cpp[0m
[0m[38;5;3;1mIn file included from src/compat/OriginalActorModelAccess.cpp:4:
In file included from src/Game/Animation/XanimeCore.hpp:3:
In file included from src/JSystem/J3DGraphAnimator/J3DJoint.hpp:4:
In file included from src/JSystem/J3DGraphBase/J3DMaterial.hpp:3:
src/JSystem/J3DGraphBase/J3DMatBlock.hpp:248:35: warning: result of comparison of constant 65535 with expression of type 'const u8' (aka 'const unsigned char') is always false [-Wtautological-constant-out-of-range-compare]
  248 |         u32 ambSrc = info.mAmbSrc == 0xFFFF ? 0 : info.mAmbSrc;
      |                      ~~~~~~~~~~~~ ^  ~~~~~~
1 warning generated.[0m
[0m[38;5;2;1m[ 81%]:[0m [38;5;5;1m<smg-pc-game>[0m cache compiling.debug src/JSystem/JParticle/JPAChildShape.cpp[0m
[0m[38;5;2;1m[ 81%]:[0m [38;5;5;1m<smg-pc-game>[0m cache compiling.debug src/JSystem/JParticle/JPAFieldBlock.cpp[0m
[0m[38;5;2;1m[ 81%]:[0m [38;5;5;1m<smg-pc-game>[0m cache compiling.debug src/JSystem/JParticle/JPAMath.cpp[0m
[0m[38;5;3;1mIn file included from src/compat/MarioAnimatorLifetime.cpp:4:
In file included from src/Game/Animation/XanimeCore.hpp:3:
In file included from src/JSystem/J3DGraphAnimator/J3DJoint.hpp:4:
In file included from src/JSystem/J3DGraphBase/J3DMaterial.hpp:3:
src/JSystem/J3DGraphBase/J3DMatBlock.hpp:248:35: warning: result of comparison of constant 65535 with expression of type 'const u8' (aka 'const unsigned char') is always false [-Wtautological-constant-out-of-range-compare]
  248 |         u32 ambSrc = info.mAmbSrc == 0xFFFF ? 0 : info.mAmbSrc;
      |                      ~~~~~~~~~~~~ ^  ~~~~~~
1 warning generated.[0m
[0m[38;5;2;1m[ 81%]:[0m [38;5;5;1m<smg-pc-game>[0m cache compiling.debug src/JSystem/JParticle/JPADynamicsBlock.cpp[0m
[0m[38;5;2;1m[ 82%]:[0m [38;5;5;1m<smg-pc-game>[0m cache compiling.debug src/JSystem/JParticle/JPAEmitterManager.cpp[0m
[0m[38;5;2;1m[ 82%]:[0m [38;5;5;1m<smg-pc-game>[0m cache compiling.debug src/JSystem/JParticle/JPAKeyBlock.cpp[0m
[0m[38;5;2;1m[ 82%]:[0m [38;5;5;1m<smg-pc-game>[0m cache compiling.debug src/JSystem/JParticle/JPAEmitter.cpp[0m
[0m[38;5;2;1m[ 82%]:[0m [38;5;5;1m<smg-pc-game>[0m cache compiling.debug src/JSystem/JParticle/JPAExtraShape.cpp[0m
[0m[38;5;2;1m[ 82%]:[0m [38;5;5;1m<smg-pc-game>[0m cache compiling.debug src/JSystem/JParticle/JPABaseShape.cpp[0m
[0m[38;5;2;1m[ 82%]:[0m [38;5;5;1m<smg-pc-game>[0m cache compiling.debug src/JSystem/JParticle/JPAExTexShape.cpp[0m
[0m[38;5;2;1m[ 82%]:[0m [38;5;5;1m<smg-pc-game>[0m cache compiling.debug src/JSystem/JParticle/JPAResource.cpp[0m
[0m[38;5;2;1m[ 82%]:[0m [38;5;5;1m<smg-pc-game>[0m cache compiling.debug src/JSystem/JParticle/JPAParticle.cpp[0m
[0m[38;5;3;1mIn file included from src/runtime/SceneScheduler.cpp:17:
In file included from src/compat/SceneJ3dScope.hpp:4:
In file included from src/JSystem/J3DGraphAnimator/J3DJoint.hpp:4:
In file included from src/JSystem/J3DGraphBase/J3DMaterial.hpp:3:
src/JSystem/J3DGraphBase/J3DMatBlock.hpp:248:35: warning: result of comparison of constant 65535 with expression of type 'const u8' (aka 'const unsigned char') is always false [-Wtautological-constant-out-of-range-compare]
  248 |         u32 ambSrc = info.mAmbSrc == 0xFFFF ? 0 : info.mAmbSrc;
      |                      ~~~~~~~~~~~~ ^  ~~~~~~
1 warning generated.[0m
[0m[38;5;2;1m[ 87%]:[0m [38;5;5;1m<smg-pc-game>[0m cache compiling.debug src/JSystem/JUtility/JUTConsole.cpp[0m
[0m[38;5;3;1mIn file included from src/layout/LayoutRuntime.cpp:27:
src/nw4r/lyt/pane.h:37:37: warning: 'offsetof' on non-standard-layout type 'detail::PaneBase' [-Winvalid-offsetof]
   37 |         typedef ut::LinkList< Pane, __builtin_offsetof(detail::PaneBase, mLink) > PaneList;
      |                                     ^                                    ~~~~~
1 warning generated.[0m
[0m[38;5;3;1mIn file included from src/JSystem/JUtility/JUTConsole.cpp:1:
src/JSystem/JUtility/JUTConsole.hpp:122:63: warning: 'offsetof' on non-standard-layout type 'JUTConsole' [-Winvalid-offsetof]
  122 |     typedef JGadget::TLinkList< JUTConsole, -static_cast<int>(__builtin_offsetof(JUTConsole, mListNode)) > ConsoleList;
      |                                                               ^                              ~~~~~~~~~
In file included from src/JSystem/JUtility/JUTConsole.cpp:1:
In file included from src/JSystem/JUtility/JUTConsole.hpp:3:
src/JSystem/JGadget/linklist.hpp:18:28: warning: 'iterator<std::bidirectional_iterator_tag, JUTConsole, int>' is deprecated [-Wdeprecated-declarations]
   18 |     class TIterator : std::iterator< Category, T, Distance, Pointer, Reference > {
      |                            ^
src/JSystem/JGadget/linklist.hpp:136:34: note: in instantiation of template class 'JGadget::TIterator<std::bidirectional_iterator_tag, JUTConsole>' requested here
  136 |         struct iterator : public TIterator< std::bidirectional_iterator_tag, T >, public TNodeLinkList::iterator {
      |                                  ^
src/JSystem/JUtility/JUTConsole.cpp:273:24: note: in instantiation of member class 'JGadget::TLinkList<JUTConsole, -48>::iterator' requested here
  273 |     mList.Insert(mList.end(), console);
      |                        ^
/opt/homebrew/Cellar/llvm/23.1.1/include/c++/v1/__iterator/iterator.h:23:23: note: 'iterator<std::bidirectional_iterator_tag, JUTConsole, int>' has been explicitly marked deprecated here[0m
[0m[38;5;2;1m[ 94%]:[0m [38;5;5;1m<smg-pc-game>[0m [38;5;5;1marchiving.debug libsmg-pc-game.a[0m
[0m[38;5;2;1m[ 94%]:[0m [38;5;5;1m<smg-pc-app>[0m [38;5;5;1marchiving.debug libsmg-pc-app.a[0m
[0m[38;5;2;1m[ 94%]:[0m [38;5;5;1m<smg-pc>[0m [38;5;5;1mlinking.debug smg-pc[0m
[0m[38;5;2;1m[ 94%]:[0m [38;5;5;1m<smg-pc>[0m [38;5;5;1mgenerating.xcode.debug smg-pc.app[0m
[0m[38;5;2;1mcreate ok![0m
[0m[38;5;2;1m[100%]:[0m [38;5;2;1mbuild ok, spent 17.655s[0m
[0m[38;5;2;1m[ 10%]:[0m [38;5;5;1m<smg-pc-game>[0m cache compiling.debug src/Game/Demo/AstroDemoFunction.cpp[0m
[0m[38;5;2;1m[ 10%]:[0m [38;5;5;1m<smg-pc-game>[0m cache compiling.debug src/Game/Demo/DemoCastGroup.cpp[0m
[0m[38;5;2;1m[ 10%]:[0m [38;5;5;1m<smg-pc-game>[0m cache compiling.debug src/Game/Demo/DemoDirector.cpp[0m
[0m[38;5;2;1m[ 10%]:[0m [38;5;5;1m<smg-pc-game>[0m cache compiling.debug src/Game/Demo/DemoExecutor.cpp[0m
[0m[38;5;2;1m[ 11%]:[0m [38;5;5;1m<smg-pc-game>[0m cache compiling.debug src/Game/Demo/DemoSubPartKeeper.cpp[0m
[0m[38;5;2;1m[ 11%]:[0m [38;5;5;1m<smg-pc-game>[0m cache compiling.debug src/Game/Demo/DemoFunction.cpp[0m
[0m[38;5;2;1m[ 11%]:[0m [38;5;5;1m<smg-pc-game>[0m cache compiling.debug src/Game/Gravity/PlanetGravity.cpp[0m
[0m[38;5;2;1m[ 11%]:[0m [38;5;5;1m<smg-pc-game>[0m cache compiling.debug src/Game/Gravity/ParallelGravity.cpp[0m
[0m[38;5;2;1m[ 11%]:[0m [38;5;5;1m<smg-pc-game>[0m cache compiling.debug src/Game/Gravity/GlobalGravityObj.cpp[0m
[0m[38;5;2;1m[ 12%]:[0m [38;5;5;1m<smg-pc-game>[0m cache compiling.debug src/Game/Gravity/DiskTorusGravity.cpp[0m
[0m[38;5;2;1m[ 12%]:[0m [38;5;5;1m<smg-pc-game>[0m cache compiling.debug src/Game/Gravity/WireGravity.cpp[0m
[0m[38;5;2;1m[ 12%]:[0m [38;5;5;1m<smg-pc-game>[0m cache compiling.debug src/Game/Gravity/SegmentGravity.cpp[0m
[0m[38;5;2;1m[ 12%]:[0m [38;5;5;1m<smg-pc-game>[0m cache compiling.debug src/Game/Gravity/GravityCreator.cpp[0m
[0m[38;5;2;1m[ 12%]:[0m [38;5;5;1m<smg-pc-game>[0m cache compiling.debug src/Game/Gravity/PointGravity.cpp[0m
[0m[38;5;2;1m[ 12%]:[0m [38;5;5;1m<smg-pc-game>[0m cache compiling.debug src/Game/Gravity/DiskGravity.cpp[0m
[0m[38;5;2;1m[ 13%]:[0m [38;5;5;1m<smg-pc-game>[0m cache compiling.debug src/Game/Util/JMapIdInfo.cpp[0m
[0m[38;5;2;1m[ 13%]:[0m [38;5;5;1m<smg-pc-game>[0m cache compiling.debug src/Game/Util/ActorMovementUtil.cpp[0m
[0m[38;5;2;1m[ 13%]:[0m [38;5;5;1m<smg-pc-game>[0m cache compiling.debug src/Game/Util/BaseMatrixFollowTargetHolder.cpp[0m
[0m[38;5;2;1m[ 14%]:[0m [38;5;5;1m<smg-pc-game>[0m cache compiling.debug src/Game/Util/FurCtrl.cpp[0m
[0m[38;5;2;1m[ 14%]:[0m [38;5;5;1m<smg-pc-game>[0m cache compiling.debug src/Game/Util/ActorSwitchUtil.cpp[0m
[0m[38;5;2;1m[ 15%]:[0m [38;5;5;1m<smg-pc-game>[0m cache compiling.debug src/Game/Util/DrawUtil.cpp[0m
[0m[38;5;2;1m[ 15%]:[0m [38;5;5;1m<smg-pc-game>[0m cache compiling.debug src/Game/Util/JMapUtil.cpp[0m
[0m[38;5;2;1m[ 15%]:[0m [38;5;5;1m<smg-pc-game>[0m cache compiling.debug src/Game/Util/DirectDraw.cpp[0m
[0m[38;5;3;1mIn file included from src/Game/Gravity/PlanetGravity.cpp:2:
In file included from src/Game/Util.hpp:18:
src/Game/Util/Functor.hpp:114:105: warning: GCC does not allow 'noinline' attribute in this position on a function definition [-Wgcc-compat]
  114 |     static FunctorV1M< T*, void (T::*)(U), U > Functor(T* a1, void (T::*a2)(U), U arg_0) __attribute__((noinline)) {
      |                                                                                                         ^
1 warning generated.[0m
[0m[38;5;2;1m[ 15%]:[0m [38;5;5;1m<smg-pc-game>[0m cache compiling.debug src/Game/Util/SceneUtil.cpp[0m
[0m[38;5;3;1msrc/Game/Demo/DemoFunction.cpp:121:59: warning: GCC does not allow 'noinline' attribute in this position on a function definition [-Wgcc-compat]
  121 |     DemoTimeKeeper* getCurrentTimeKeeper() __attribute__((noinline)) {
      |                                                           ^
src/Game/Demo/DemoFunction.cpp:125:65: warning: GCC does not allow 'noinline' attribute in this position on a function definition [-Wgcc-compat]
  125 |     DemoSubPartKeeper* getCurrentSubPartKeeper() __attribute__((noinline)) {
      |                                                                 ^
src/Game/Demo/DemoFunction.cpp:129:66: warning: GCC does not allow 'noinline' attribute in this position on a function definition [-Wgcc-compat]
  129 |     bool isCurrentMainPart(const char* pPartName) __attribute__((noinline)) {
      |                                                                  ^
3 warnings generated.[0m
[0m[38;5;2;1m[ 16%]:[0m [38;5;5;1m<smg-pc-game>[0m cache compiling.debug src/Game/Util/MapPartsUtil.cpp[0m
[0m[38;5;3;1mIn file included from src/Game/Gravity/DiskTorusGravity.cpp:2:
In file included from src/Game/Util.hpp:18:
src/Game/Util/Functor.hpp:114:105: warning: GCC does not allow 'noinline' attribute in this position on a function definition [-Wgcc-compat]
  114 |     static FunctorV1M< T*, void (T::*)(U), U > Functor(T* a1, void (T::*a2)(U), U arg_0) __attribute__((noinline)) {
      |                                                                                                         ^
1 warning generated.[0m
[0m[38;5;2;1m[ 16%]:[0m [38;5;5;1m<smg-pc-game>[0m cache compiling.debug src/Game/Util/CameraUtil.cpp[0m
[0m[38;5;3;1mIn file included from src/Game/Gravity/SegmentGravity.cpp:2:
In file included from src/Game/Util.hpp:18:
src/Game/Util/Functor.hpp:114:105: warning: GCC does not allow 'noinline' attribute in this position on a function definition [-Wgcc-compat]
  114 |     static FunctorV1M< T*, void (T::*)(U), U > Functor(T* a1, void (T::*a2)(U), U arg_0) __attribute__((noinline)) {
      |                                                                                                         ^
1 warning generated.[0m
[0m[38;5;2;1m[ 23%]:[0m [38;5;5;1m<smg-pc-game>[0m cache compiling.debug src/Game/Camera/CameraRailHolder.cpp[0m
[0m[38;5;3;1mIn file included from src/Game/Gravity/WireGravity.cpp:2:
In file included from src/Game/Util.hpp:18:
src/Game/Util/Functor.hpp:114:105: warning: GCC does not allow 'noinline' attribute in this position on a function definition [-Wgcc-compat]
  114 |     static FunctorV1M< T*, void (T::*)(U), U > Functor(T* a1, void (T::*a2)(U), U arg_0) __attribute__((noinline)) {
      |                                                                                                         ^
1 warning generated.[0m
[0m[38;5;2;1m[ 24%]:[0m [38;5;5;1m<smg-pc-game>[0m cache compiling.debug src/Game/Camera/CamTranslatorCharmedVecRegTower.cpp[0m
[0m[38;5;3;1mIn file included from src/Game/Gravity/PointGravity.cpp:2:
In file included from src/Game/Util.hpp:18:
src/Game/Util/Functor.hpp:114:105: warning: GCC does not allow 'noinline' attribute in this position on a function definition [-Wgcc-compat]
  114 |     static FunctorV1M< T*, void (T::*)(U), U > Functor(T* a1, void (T::*a2)(U), U arg_0) __attribute__((noinline)) {
      |                                                                                                         ^
1 warning generated.[0m
[0m[38;5;2;1m[ 25%]:[0m [38;5;5;1m<smg-pc-game>[0m cache compiling.debug src/Game/Camera/CameraCover.cpp[0m
[0m[38;5;2;1m[ 26%]:[0m [38;5;5;1m<smg-pc-game>[0m cache compiling.debug src/Game/LiveActor/ClippingActorHolder.cpp[0m
[0m[38;5;3;1mIn file included from src/Game/Gravity/ParallelGravity.cpp:2:
In file included from src/Game/Util.hpp:18:
src/Game/Util/Functor.hpp:114:105: warning: GCC does not allow 'noinline' attribute in this position on a function definition [-Wgcc-compat]
  114 |     static FunctorV1M< T*, void (T::*)(U), U > Functor(T* a1, void (T::*a2)(U), U arg_0) __attribute__((noinline)) {
      |                                                                                                         ^
1 warning generated.[0m
[0m[38;5;2;1m[ 26%]:[0m [38;5;5;1m<smg-pc-game>[0m cache compiling.debug src/Game/LiveActor/ActorLightCtrl.cpp[0m
[0m[38;5;3;1mIn file included from src/Game/Gravity/GlobalGravityObj.cpp:2:
In file included from src/Game/Util.hpp:18:
src/Game/Util/Functor.hpp:114:105: warning: GCC does not allow 'noinline' attribute in this position on a function definition [-Wgcc-compat]
  114 |     static FunctorV1M< T*, void (T::*)(U), U > Functor(T* a1, void (T::*a2)(U), U arg_0) __attribute__((noinline)) {
      |                                                                                                         ^
1 warning generated.[0m
[0m[38;5;2;1m[ 26%]:[0m [38;5;5;1m<smg-pc-game>[0m cache compiling.debug src/Game/LiveActor/ActorCameraInfo.cpp[0m
[0m[38;5;3;1mIn file included from src/Game/Demo/DemoSubPartKeeper.cpp:4:
In file included from src/Game/Util.hpp:18:
src/Game/Util/Functor.hpp:114:105: warning: GCC does not allow 'noinline' attribute in this position on a function definition [-Wgcc-compat]
  114 |     static FunctorV1M< T*, void (T::*)(U), U > Functor(T* a1, void (T::*a2)(U), U arg_0) __attribute__((noinline)) {
      |                                                                                                         ^
1 warning generated.[0m
[0m[38;5;2;1m[ 27%]:[0m [38;5;5;1m<smg-pc-game>[0m cache compiling.debug src/Game/LiveActor/ClippingJudge.cpp[0m
[0m[38;5;3;1mIn file included from src/Game/Gravity/GravityCreator.cpp:2:
In file included from src/Game/Util.hpp:18:
src/Game/Util/Functor.hpp:114:105: warning: GCC does not allow 'noinline' attribute in this position on a function definition [-Wgcc-compat]
  114 |     static FunctorV1M< T*, void (T::*)(U), U > Functor(T* a1, void (T::*a2)(U), U arg_0) __attribute__((noinline)) {
      |                                                                                                         ^
1 warning generated.[0m
[0m[38;5;2;1m[ 27%]:[0m [38;5;5;1m<smg-pc-game>[0m cache compiling.debug src/Game/LiveActor/MaterialCtrl.cpp[0m
[0m[38;5;3;1mIn file included from src/Game/Gravity/DiskGravity.cpp:2:
In file included from src/Game/Util.hpp:18:
src/Game/Util/Functor.hpp:114:105: warning: GCC does not allow 'noinline' attribute in this position on a function definition [-Wgcc-compat]
  114 |     static FunctorV1M< T*, void (T::*)(U), U > Functor(T* a1, void (T::*a2)(U), U arg_0) __attribute__((noinline)) {
      |                                                                                                         ^
1 warning generated.[0m
[0m[38;5;2;1m[ 27%]:[0m [38;5;5;1m<smg-pc-game>[0m cache compiling.debug src/Game/LiveActor/ClippingDirector.cpp[0m
[0m[38;5;2;1m[ 27%]:[0m [38;5;5;1m<smg-pc-game>[0m cache compiling.debug src/Game/LiveActor/MirrorCamera.cpp[0m
[0m[38;5;3;1mIn file included from src/Game/Demo/DemoExecutor.cpp:15:
src/Game/Util/Functor.hpp:114:105: warning: GCC does not allow 'noinline' attribute in this position on a function definition [-Wgcc-compat]
  114 |     static FunctorV1M< T*, void (T::*)(U), U > Functor(T* a1, void (T::*a2)(U), U arg_0) __attribute__((noinline)) {
      |                                                                                                         ^
1 warning generated.[0m
[0m[38;5;2;1m[ 27%]:[0m [38;5;5;1m<smg-pc-game>[0m cache compiling.debug src/Game/LiveActor/DisplayListMaker.cpp[0m
[0m[38;5;3;1mIn file included from src/Game/Util/FurCtrl.cpp:9:
In file included from src/Game/Util.hpp:18:
src/Game/Util/Functor.hpp:114:105: warning: GCC does not allow 'noinline' attribute in this position on a function definition [-Wgcc-compat]
  114 |     static FunctorV1M< T*, void (T::*)(U), U > Functor(T* a1, void (T::*a2)(U), U arg_0) __attribute__((noinline)) {
      |                                                                                                         ^
src/Game/Util/FurCtrl.cpp:150:9: warning: 'sprintf' is deprecated: This function is provided for compatibility reasons only.  Due to security concerns inherent in the design of sprintf(3), it is highly recommended that you use snprintf(3) instead. [-Wdeprecated-declarations]
  150 |         sprintf(name, (::smgpc::compat::cp932::EncodedLiteral<::smgpc::compat::cp932::Utf8Literal{"レイヤ %d"}>::value.bytes), i);
      |         ^
/Applications/Xcode.app/Contents/Developer/Platforms/MacOSX.platform/Developer/SDKs/MacOSX27.0.sdk/usr/include/_stdio.h:278:16: note: 'sprintf' has been explicitly marked deprecated here
  278 | __attribute__((__deprecated__("This function is provided for compatibility reasons only.  Due to security concerns inherent in the design of sprintf(3), it is highly recommended that you use snprintf(3) instead.")))
      |                ^
src/Game/Util/FurCtrl.cpp:186:9: warning: 'sprintf' is deprecated: This function is provided for compatibility reasons only.  Due to security concerns inherent in the design of sprintf(3), it is highly recommended that you use snprintf(3) instead. [-Wdeprecated-declarations]
  186 |         sprintf(name, (::smgpc::compat::cp932::EncodedLiteral<::smgpc::compat::cp932::Utf8Literal{"レイヤ(コピー) %d"}>::value.bytes), i);
      |         ^
/Applications/Xcode.app/Contents/Developer/Platforms/MacOSX.platform/Developer/SDKs/MacOSX27.0.sdk/usr/include/_stdio.h:278:16: note: 'sprintf' has been explicitly marked deprecated here
  278 | __attribute__((__deprecated__("This function is provided for compatibility reasons only.  Due to security concerns inherent in the design of sprintf(3), it is highly recommended that you use snprintf(3) instead.")))[0m
[0m[38;5;2;1m[ 28%]:[0m [38;5;5;1m<smg-pc-game>[0m cache compiling.debug src/Game/LiveActor/ShadowVolumeDrawer.cpp[0m
[0m[38;5;2;1m[ 28%]:[0m [38;5;5;1m<smg-pc-game>[0m cache compiling.debug src/Game/LiveActor/DynamicJointCtrl.cpp[0m
[0m[38;5;3;1msrc/Game/Util/ActorMovementUtil.cpp:2:10: warning: non-portable path to file '"Game/Animation/XanimeCore.hpp"'; specified path differs in case from file name on disk [-Wnonportable-include-path]
    2 | #include "Game/Animation/Xanimecore.hpp"
      |          ^~~~~~~~~~~~~~~~~~~~~~~~~~~~~~~
      |          "Game/Animation/XanimeCore.hpp"
1 warning generated.
In file included from src/Game/Util/ActorMovementUtil.cpp:2:
In file included from src/Game/Animation/Xanimecore.hpp:3:
In file included from src/JSystem/J3DGraphAnimator/J3DJoint.hpp:4:
In file included from src/JSystem/J3DGraphBase/J3DMaterial.hpp:3:
src/JSystem/J3DGraphBase/J3DMatBlock.hpp:248:35: warning: result of comparison of constant 65535 with expression of type 'const u8' (aka 'const unsigned char') is always false [-Wtautological-constant-out-of-range-compare]
  248 |         u32 ambSrc = info.mAmbSrc == 0xFFFF ? 0 : info.mAmbSrc;
      |                      ~~~~~~~~~~~~ ^  ~~~~~~
In file included from src/Game/Util/ActorMovementUtil.cpp:8:
In file included from src/Game/Util.hpp:18:
src/Game/Util/Functor.hpp:114:105: warning: GCC does not allow 'noinline' attribute in this position on a function definition [-Wgcc-compat]
  114 |     static FunctorV1M< T*, void (T::*)(U), U > Functor(T* a1, void (T::*a2)(U), U arg_0) __attribute__((noinline)) {[0m
[0m[38;5;2;1m[ 28%]:[0m [38;5;5;1m<smg-pc-game>[0m cache compiling.debug src/Game/LiveActor/RailRider.cpp[0m
[0m[38;5;3;1mIn file included from src/Game/Util/JMapUtil.cpp:2:
In file included from src/Game/Util.hpp:18:
src/Game/Util/Functor.hpp:114:105: warning: GCC does not allow 'noinline' attribute in this position on a function definition [-Wgcc-compat]
  114 |     static FunctorV1M< T*, void (T::*)(U), U > Functor(T* a1, void (T::*a2)(U), U arg_0) __attribute__((noinline)) {
      |                                                                                                         ^
src/Game/Util/JMapUtil.cpp:143:103: warning: GCC does not allow 'noinline' attribute in this position on a function definition [-Wgcc-compat]
  143 |     bool getJMapInfoArgNoInit(const JMapInfoIter& rIter, const char* pName, s32* pOut) __attribute__((noinline)) {
      |                                                                                                       ^
src/Game/Util/JMapUtil.cpp:159:103: warning: GCC does not allow 'noinline' attribute in this position on a function definition [-Wgcc-compat]
  159 |     bool getJMapInfoArgNoInit(const JMapInfoIter& rIter, const char* pName, f32* pOut) __attribute__((noinline)) {
      |                                                                                                       ^
src/Game/Util/JMapUtil.cpp:171:104: warning: GCC does not allow 'noinline' attribute in this position on a function definition [-Wgcc-compat]
  171 |     bool getJMapInfoArgNoInit(const JMapInfoIter& rIter, const char* pName, bool* pOut) __attribute__((noinline)) {
      |                                                                                                        ^
src/Game/Util/JMapUtil.cpp:414:5: warning: ignoring return value of function declared with 'nodiscard' attribute [-Wunused-result]
  414 |     rIter.getValue< s32 >("DemoGroupId", &groupID);[0m
[0m[38;5;2;1m[ 29%]:[0m [38;5;5;1m<smg-pc-game>[0m cache compiling.debug src/Game/LiveActor/ViewGroupCtrl.cpp[0m
[0m[38;5;2;1m[ 29%]:[0m [38;5;5;1m<smg-pc-game>[0m cache compiling.debug src/Game/LiveActor/LiveActorGroupArray.cpp[0m
[0m[38;5;2;1m[ 29%]:[0m [38;5;5;1m<smg-pc-game>[0m cache compiling.debug src/Game/LiveActor/MessageSensorHolder.cpp[0m
[0m[38;5;3;1msrc/Game/Camera/CameraRailHolder.cpp:40:17: warning: ignoring return value of function declared with 'nodiscard' attribute [-Wunused-result]
   40 |                 iter.getValue("l_id", &linkId);
      |                 ^~~~~~~~~~~~~~~~~~~~~~~~~~~~~~
1 warning generated.[0m
[0m[38;5;2;1m[ 29%]:[0m [38;5;5;1m<smg-pc-game>[0m cache compiling.debug src/Game/LiveActor/ShadowVolumeModel.cpp[0m
[0m[38;5;3;1mIn file included from src/Game/Camera/CameraCover.cpp:4:
In file included from src/Game/Util.hpp:18:
src/Game/Util/Functor.hpp:114:105: warning: GCC does not allow 'noinline' attribute in this position on a function definition [-Wgcc-compat]
  114 |     static FunctorV1M< T*, void (T::*)(U), U > Functor(T* a1, void (T::*a2)(U), U arg_0) __attribute__((noinline)) {
      |                                                                                                         ^
src/Game/Camera/CameraCover.cpp:38:17: warning: decrement of object of volatile-qualified type 'volatile s32' (aka 'volatile int') is deprecated [-Wdeprecated-volatile]
   38 |     if (_3C && !--_3C) {
      |                 ^
2 warnings generated.[0m
[0m[38;5;2;1m[ 29%]:[0m [38;5;5;1m<smg-pc-game>[0m cache compiling.debug src/Game/LiveActor/ClippingActorInfo.cpp[0m
[0m[38;5;2;1m[ 30%]:[0m [38;5;5;1m<smg-pc-game>[0m cache compiling.debug src/Game/Effect/SimpleEffectObj.cpp[0m
[0m[38;5;2;1m[ 31%]:[0m [38;5;5;1m<smg-pc-game>[0m cache compiling.debug src/Game/Animation/BckCtrl.cpp[0m
[0m[38;5;3;1mIn file included from src/Game/Camera/CamTranslatorCharmedVecRegTower.cpp:3:
In file included from src/Game/Util.hpp:18:
src/Game/Util/Functor.hpp:114:105: warning: GCC does not allow 'noinline' attribute in this position on a function definition [-Wgcc-compat]
  114 |     static FunctorV1M< T*, void (T::*)(U), U > Functor(T* a1, void (T::*a2)(U), U arg_0) __attribute__((noinline)) {
      |                                                                                                         ^
1 warning generated.[0m
[0m[38;5;2;1m[ 34%]:[0m [38;5;5;1m<smg-pc-game>[0m cache compiling.debug src/Game/System/GameDataConst.cpp[0m
[0m[38;5;3;1mIn file included from src/Game/Util/CameraUtil.cpp:20:
In file included from src/Game/Util.hpp:18:
src/Game/Util/Functor.hpp:114:105: warning: GCC does not allow 'noinline' attribute in this position on a function definition [-Wgcc-compat]
  114 |     static FunctorV1M< T*, void (T::*)(U), U > Functor(T* a1, void (T::*a2)(U), U arg_0) __attribute__((noinline)) {
      |                                                                                                         ^
1 warning generated.[0m
[0m[38;5;2;1m[ 36%]:[0m [38;5;5;1m<smg-pc-game>[0m cache compiling.debug src/Game/System/FileHolder.cpp[0m
[0m[38;5;3;1mIn file included from src/Game/LiveActor/MirrorCamera.cpp:4:
In file included from src/Game/Util.hpp:18:
src/Game/Util/Functor.hpp:114:105: warning: GCC does not allow 'noinline' attribute in this position on a function definition [-Wgcc-compat]
  114 |     static FunctorV1M< T*, void (T::*)(U), U > Functor(T* a1, void (T::*a2)(U), U arg_0) __attribute__((noinline)) {
      |                                                                                                         ^
1 warning generated.[0m
[0m[38;5;2;1m[ 37%]:[0m [38;5;5;1m<smg-pc-game>[0m cache compiling.debug src/Game/System/ArchiveHolder.cpp[0m
[0m[38;5;3;1mIn file included from src/Game/LiveActor/ClippingJudge.cpp:3:
In file included from src/Game/Util.hpp:18:
src/Game/Util/Functor.hpp:114:105: warning: GCC does not allow 'noinline' attribute in this position on a function definition [-Wgcc-compat]
  114 |     static FunctorV1M< T*, void (T::*)(U), U > Functor(T* a1, void (T::*a2)(U), U arg_0) __attribute__((noinline)) {
      |                                                                                                         ^
1 warning generated.[0m
[0m[38;5;2;1m[ 37%]:[0m [38;5;5;1m<smg-pc-game>[0m cache compiling.debug src/Game/System/MainLoopFramework.cpp[0m
[0m[38;5;3;1mIn file included from src/Game/LiveActor/ShadowVolumeDrawer.cpp:6:
src/Game/Util/Functor.hpp:114:105: warning: GCC does not allow 'noinline' attribute in this position on a function definition [-Wgcc-compat]
  114 |     static FunctorV1M< T*, void (T::*)(U), U > Functor(T* a1, void (T::*a2)(U), U arg_0) __attribute__((noinline)) {
      |                                                                                                         ^
1 warning generated.[0m
[0m[38;5;2;1m[ 37%]:[0m [38;5;5;1m<smg-pc-game>[0m cache compiling.debug src/Game/System/WPadPointer.cpp[0m
[0m[38;5;2;1m[ 38%]:[0m [38;5;5;1m<smg-pc-game>[0m cache compiling.debug src/Game/System/ResourceInfo.cpp[0m
[0m[38;5;3;1mIn file included from src/Game/LiveActor/ActorLightCtrl.cpp:7:
In file included from src/Game/Util.hpp:18:
src/Game/Util/Functor.hpp:114:105: warning: GCC does not allow 'noinline' attribute in this position on a function definition [-Wgcc-compat]
  114 |     static FunctorV1M< T*, void (T::*)(U), U > Functor(T* a1, void (T::*a2)(U), U arg_0) __attribute__((noinline)) {
      |                                                                                                         ^
1 warning generated.[0m
[0m[38;5;2;1m[ 38%]:[0m [38;5;5;1m<smg-pc-game>[0m cache compiling.debug src/Game/System/GameSystemResetAndPowerProcess.cpp[0m
[0m[38;5;3;1mIn file included from src/Game/LiveActor/DynamicJointCtrl.cpp:2:
In file included from src/Game/Util.hpp:18:
src/Game/Util/Functor.hpp:114:105: warning: GCC does not allow 'noinline' attribute in this position on a function definition [-Wgcc-compat]
  114 |     static FunctorV1M< T*, void (T::*)(U), U > Functor(T* a1, void (T::*a2)(U), U arg_0) __attribute__((noinline)) {
      |                                                                                                         ^
1 warning generated.[0m
[0m[38;5;2;1m[ 39%]:[0m [38;5;5;1m<smg-pc-game>[0m cache compiling.debug src/Game/System/AlreadyDoneFlagInGalaxy.cpp[0m
[0m[38;5;3;1msrc/Game/Util/SceneUtil.cpp:28:137: warning: GCC does not allow 'noinline' attribute in this position on a function definition [-Wgcc-compat]
   28 |     void getRailInfoFromRailId(JMapInfoIter* pIter, const JMapInfo** ppInfo, const StageDataHolder* pHolder, int railId) __attribute__((noinline)) {
      |                                                                                                                                         ^
src/Game/Util/SceneUtil.cpp:199:9: warning: ignoring return value of function declared with 'nodiscard' attribute [-Wunused-result]
  199 |         iter.getValue("PosName", ppName);
      |         ^~~~~~~~~~~~~~~~~~~~~~~~~~~~~~~~
2 warnings generated.[0m
[0m[38;5;2;1m[ 40%]:[0m [38;5;5;1m<smg-pc-game>[0m cache compiling.debug src/Game/Map/SphereSelector.cpp[0m
[0m[38;5;3;1msrc/Game/LiveActor/RailRider.cpp:247:5: warning: ignoring return value of function declared with 'nodiscard' attribute [-Wunused-result]
  247 |     iter.getValue< s32 >(pStr, &val);
      |     ^~~~~~~~~~~~~~~~~~~~~~~~~~~~~~~~
src/Game/LiveActor/RailRider.cpp:260:5: warning: ignoring return value of function declared with 'nodiscard' attribute [-Wunused-result]
  260 |     iter.getValue< s32 >(pStr, pOut);
      |     ^~~~~~~~~~~~~~~~~~~~~~~~~~~~~~~~
src/Game/LiveActor/RailRider.cpp:270:5: warning: ignoring return value of function declared with 'nodiscard' attribute [-Wunused-result]
  270 |     iter.getValue< s32 >(pStr, &val);
      |     ^~~~~~~~~~~~~~~~~~~~~~~~~~~~~~~~
src/Game/LiveActor/RailRider.cpp:283:5: warning: ignoring return value of function declared with 'nodiscard' attribute [-Wunused-result]
  283 |     iter.getValue< s32 >(pStr, pOut);
      |     ^~~~~~~~~~~~~~~~~~~~~~~~~~~~~~~~
src/Game/LiveActor/RailRider.cpp:293:5: warning: ignoring return value of function declared with 'nodiscard' attribute [-Wunused-result]
  293 |     iter.getValue< s32 >(pStr, &val);
      |     ^~~~~~~~~~~~~~~~~~~~~~~~~~~~~~~~
src/Game/LiveActor/RailRider.cpp:306:5: warning: ignoring return value of function declared with 'nodiscard' attribute [-Wunused-result][0m
[0m[38;5;2;1m[ 40%]:[0m [38;5;5;1m<smg-pc-game>[0m cache compiling.debug src/Game/Map/OceanRing.cpp[0m
[0m[38;5;3;1mIn file included from src/Game/LiveActor/DisplayListMaker.cpp:5:
In file included from src/Game/Util.hpp:18:
src/Game/Util/Functor.hpp:114:105: warning: GCC does not allow 'noinline' attribute in this position on a function definition [-Wgcc-compat]
  114 |     static FunctorV1M< T*, void (T::*)(U), U > Functor(T* a1, void (T::*a2)(U), U arg_0) __attribute__((noinline)) {
      |                                                                                                         ^
In file included from src/Game/LiveActor/DisplayListMaker.cpp:7:
In file included from src/JSystem/J3DGraphBase/J3DMaterial.hpp:3:
src/JSystem/J3DGraphBase/J3DMatBlock.hpp:248:35: warning: result of comparison of constant 65535 with expression of type 'const u8' (aka 'const unsigned char') is always false [-Wtautological-constant-out-of-range-compare]
  248 |         u32 ambSrc = info.mAmbSrc == 0xFFFF ? 0 : info.mAmbSrc;
      |                      ~~~~~~~~~~~~ ^  ~~~~~~
2 warnings generated.[0m
[0m[38;5;2;1m[ 40%]:[0m [38;5;5;1m<smg-pc-game>[0m cache compiling.debug src/Game/Map/Sky.cpp[0m
[0m[38;5;3;1mIn file included from src/Game/LiveActor/MaterialCtrl.cpp:3:
In file included from src/Game/Util.hpp:18:
src/Game/Util/Functor.hpp:114:105: warning: GCC does not allow 'noinline' attribute in this position on a function definition [-Wgcc-compat]
  114 |     static FunctorV1M< T*, void (T::*)(U), U > Functor(T* a1, void (T::*a2)(U), U arg_0) __attribute__((noinline)) {
      |                                                                                                         ^
In file included from src/Game/LiveActor/MaterialCtrl.cpp:6:
In file included from src/JSystem/J3DGraphBase/J3DMaterial.hpp:3:
src/JSystem/J3DGraphBase/J3DMatBlock.hpp:248:35: warning: result of comparison of constant 65535 with expression of type 'const u8' (aka 'const unsigned char') is always false [-Wtautological-constant-out-of-range-compare]
  248 |         u32 ambSrc = info.mAmbSrc == 0xFFFF ? 0 : info.mAmbSrc;
      |                      ~~~~~~~~~~~~ ^  ~~~~~~
2 warnings generated.[0m
[0m[38;5;2;1m[ 40%]:[0m [38;5;5;1m<smg-pc-game>[0m cache compiling.debug src/Game/Map/PlanetMap.cpp[0m
[0m[38;5;2;1m[ 41%]:[0m [38;5;5;1m<smg-pc-game>[0m cache compiling.debug src/Game/Map/BezierRail.cpp[0m
[0m[38;5;2;1m[ 41%]:[0m [38;5;5;1m<smg-pc-game>[0m cache compiling.debug src/Game/Map/WaterPoint.cpp[0m
[0m[38;5;3;1mIn file included from src/Game/LiveActor/MessageSensorHolder.cpp:2:
In file included from src/Game/Util.hpp:18:
src/Game/Util/Functor.hpp:114:105: warning: GCC does not allow 'noinline' attribute in this position on a function definition [-Wgcc-compat]
  114 |     static FunctorV1M< T*, void (T::*)(U), U > Functor(T* a1, void (T::*a2)(U), U arg_0) __attribute__((noinline)) {
      |                                                                                                         ^
1 warning generated.[0m
[0m[38;5;2;1m[ 41%]:[0m [38;5;5;1m<smg-pc-game>[0m cache compiling.debug src/Game/Map/LightDataHolder.cpp[0m
[0m[38;5;3;1mIn file included from src/Game/LiveActor/ShadowVolumeModel.cpp:2:
In file included from src/Game/Util.hpp:18:
src/Game/Util/Functor.hpp:114:105: warning: GCC does not allow 'noinline' attribute in this position on a function definition [-Wgcc-compat]
  114 |     static FunctorV1M< T*, void (T::*)(U), U > Functor(T* a1, void (T::*a2)(U), U arg_0) __attribute__((noinline)) {
      |                                                                                                         ^
1 warning generated.[0m
[0m[38;5;2;1m[ 41%]:[0m [38;5;5;1m<smg-pc-game>[0m cache compiling.debug src/Game/Map/Butterfly.cpp[0m
[0m[38;5;3;1mIn file included from src/Game/Effect/SimpleEffectObj.cpp:7:
src/Game/Util/Functor.hpp:114:105: warning: GCC does not allow 'noinline' attribute in this position on a function definition [-Wgcc-compat]
  114 |     static FunctorV1M< T*, void (T::*)(U), U > Functor(T* a1, void (T::*a2)(U), U arg_0) __attribute__((noinline)) {
      |                                                                                                         ^
1 warning generated.[0m
[0m[38;5;2;1m[ 41%]:[0m [38;5;5;1m<smg-pc-game>[0m cache compiling.debug src/Game/Map/LightZoneDataHolder.cpp[0m
[0m[38;5;3;1mIn file included from src/Game/LiveActor/ClippingActorInfo.cpp:5:
In file included from src/Game/Util.hpp:18:
src/Game/Util/Functor.hpp:114:105: warning: GCC does not allow 'noinline' attribute in this position on a function definition [-Wgcc-compat]
  114 |     static FunctorV1M< T*, void (T::*)(U), U > Functor(T* a1, void (T::*a2)(U), U arg_0) __attribute__((noinline)) {
      |                                                                                                         ^
1 warning generated.[0m
[0m[38;5;2;1m[ 41%]:[0m [38;5;5;1m<smg-pc-game>[0m cache compiling.debug src/Game/Map/OceanBowl.cpp[0m
[0m[38;5;2;1m[ 42%]:[0m [38;5;5;1m<smg-pc-game>[0m cache compiling.debug src/Game/Map/GroupSwitchWatcher.cpp[0m
[0m[38;5;3;1mIn file included from src/Game/Map/WaterPoint.cpp:2:
In file included from src/Game/Util.hpp:18:
src/Game/Util/Functor.hpp:114:90: warning: GCC does not allow 'noinline' attribute in this position on a function definition [-Wgcc-compat]
  114 |     static FunctorV1M< T*, void (T::*)(U), U > Functor(T* a1, void (T::*a2)(U), U arg_0) NO_INLINE {
      |                                                                                          ^
src/Inline.hpp:5:34: note: expanded from macro 'NO_INLINE'
    5 | #define NO_INLINE __attribute__((noinline))
      |                                  ^
1 warning generated.[0m
[0m[38;5;3;1mIn file included from src/Game/Map/LightZoneDataHolder.cpp:4:
In file included from src/Game/Util.hpp:18:
src/Game/Util/Functor.hpp:114:90: warning: GCC does not allow 'noinline' attribute in this position on a function definition [-Wgcc-compat]
  114 |     static FunctorV1M< T*, void (T::*)(U), U > Functor(T* a1, void (T::*a2)(U), U arg_0) NO_INLINE {
      |                                                                                          ^
src/Inline.hpp:5:34: note: expanded from macro 'NO_INLINE'
    5 | #define NO_INLINE __attribute__((noinline))
      |                                  ^
1 warning generated.[0m
[0m[38;5;3;1mIn file included from src/Game/System/FileHolder.cpp:2:
In file included from src/Game/Util.hpp:18:
src/Game/Util/Functor.hpp:114:90: warning: GCC does not allow 'noinline' attribute in this position on a function definition [-Wgcc-compat]
  114 |     static FunctorV1M< T*, void (T::*)(U), U > Functor(T* a1, void (T::*a2)(U), U arg_0) NO_INLINE {
      |                                                                                          ^
src/Inline.hpp:5:34: note: expanded from macro 'NO_INLINE'
    5 | #define NO_INLINE __attribute__((noinline))
      |                                  ^
1 warning generated.[0m
[0m[38;5;3;1mIn file included from src/Game/System/ResourceInfo.cpp:2:
In file included from src/Game/Util.hpp:18:
src/Game/Util/Functor.hpp:114:90: warning: GCC does not allow 'noinline' attribute in this position on a function definition [-Wgcc-compat]
  114 |     static FunctorV1M< T*, void (T::*)(U), U > Functor(T* a1, void (T::*a2)(U), U arg_0) NO_INLINE {
      |                                                                                          ^
src/Inline.hpp:5:34: note: expanded from macro 'NO_INLINE'
    5 | #define NO_INLINE __attribute__((noinline))
      |                                  ^
1 warning generated.[0m
[0m[38;5;3;1mIn file included from src/Game/System/GameDataConst.cpp:4:
In file included from src/Game/Util.hpp:18:
src/Game/Util/Functor.hpp:114:90: warning: GCC does not allow 'noinline' attribute in this position on a function definition [-Wgcc-compat]
  114 |     static FunctorV1M< T*, void (T::*)(U), U > Functor(T* a1, void (T::*a2)(U), U arg_0) NO_INLINE {
      |                                                                                          ^
src/Inline.hpp:5:34: note: expanded from macro 'NO_INLINE'
    5 | #define NO_INLINE __attribute__((noinline))
      |                                  ^
src/Game/System/GameDataConst.cpp:12:5: warning: ignoring return value of function declared with 'nodiscard' attribute [-Wunused-result]
   12 |     element.getValue< u32 >("PowerStarNum", &powerStarNum);
      |     ^~~~~~~~~~~~~~~~~~~~~~~~~~~~~~~~~~~~~~~~~~~~~~~~~~~~~~
src/Game/System/GameDataConst.cpp:71:5: warning: ignoring return value of function declared with 'nodiscard' attribute [-Wunused-result]
   71 |     element.getValue< u32 >("GrandGalaxyNo", &grandGalaxyNo);
      |     ^~~~~~~~~~~~~~~~~~~~~~~~~~~~~~~~~~~~~~~~~~~~~~~~~~~~~~~~
3 warnings generated.[0m
[0m[38;5;3;1mIn file included from src/Game/Map/LightDataHolder.cpp:4:
In file included from src/Game/Util.hpp:18:
src/Game/Util/Functor.hpp:114:90: warning: GCC does not allow 'noinline' attribute in this position on a function definition [-Wgcc-compat]
  114 |     static FunctorV1M< T*, void (T::*)(U), U > Functor(T* a1, void (T::*a2)(U), U arg_0) NO_INLINE {
      |                                                                                          ^
src/Inline.hpp:5:34: note: expanded from macro 'NO_INLINE'
    5 | #define NO_INLINE __attribute__((noinline))
      |                                  ^
1 warning generated.[0m
[0m[38;5;3;1mIn file included from src/Game/Map/Sky.cpp:10:
src/Game/Util/Functor.hpp:114:90: warning: GCC does not allow 'noinline' attribute in this position on a function definition [-Wgcc-compat]
  114 |     static FunctorV1M< T*, void (T::*)(U), U > Functor(T* a1, void (T::*a2)(U), U arg_0) NO_INLINE {
      |                                                                                          ^
src/Inline.hpp:5:34: note: expanded from macro 'NO_INLINE'
    5 | #define NO_INLINE __attribute__((noinline))
      |                                  ^
1 warning generated.[0m
[0m[38;5;3;1mIn file included from src/Game/System/MainLoopFramework.cpp:8:
src/JSystem/JUtility/JUTConsole.hpp:122:63: warning: 'offsetof' on non-standard-layout type 'JUTConsole' [-Winvalid-offsetof]
  122 |     typedef JGadget::TLinkList< JUTConsole, -static_cast<int>(offsetof(JUTConsole, mListNode)) > ConsoleList;
      |                                                               ^                    ~~~~~~~~~
/opt/homebrew/Cellar/llvm/23.1.1/lib/clang/23/include/__stddef_offsetof.h:16:24: note: expanded from macro 'offsetof'
   16 | #define offsetof(t, d) __builtin_offsetof(t, d)
      |                        ^                     ~
1 warning generated.[0m
[0m[38;5;3;1msrc/Game/Map/BezierRail.cpp:29:5: warning: ignoring return value of function declared with 'nodiscard' attribute [-Wunused-result]
   29 |     pMapInfo->getValue(idx, pKey, pOut);
      |     ^~~~~~~~~~~~~~~~~~~~~~~~~~~~~~~~~~~
1 warning generated.[0m
[0m[38;5;3;1mIn file included from src/Game/System/WPadPointer.cpp:2:
In file included from src/Game/Util.hpp:18:
src/Game/Util/Functor.hpp:114:90: warning: GCC does not allow 'noinline' attribute in this position on a function definition [-Wgcc-compat]
  114 |     static FunctorV1M< T*, void (T::*)(U), U > Functor(T* a1, void (T::*a2)(U), U arg_0) NO_INLINE {
      |                                                                                          ^
src/Inline.hpp:5:34: note: expanded from macro 'NO_INLINE'
    5 | #define NO_INLINE __attribute__((noinline))
      |                                  ^
1 warning generated.[0m
[0m[38;5;3;1msrc/Game/Map/OceanRing.cpp:216:9: warning: expression result unused [-Wunused-value]
  216 |         static_cast< f32 >(index);
      |         ^~~~~~~~~~~~~~~~~~~~~~~~~
1 warning generated.[0m
[0m[38;5;3;1mIn file included from src/Game/Map/OceanBowl.cpp:7:
In file included from src/Game/Util.hpp:18:
src/Game/Util/Functor.hpp:114:90: warning: GCC does not allow 'noinline' attribute in this position on a function definition [-Wgcc-compat]
  114 |     static FunctorV1M< T*, void (T::*)(U), U > Functor(T* a1, void (T::*a2)(U), U arg_0) NO_INLINE {
      |                                                                                          ^
src/Inline.hpp:5:34: note: expanded from macro 'NO_INLINE'
    5 | #define NO_INLINE __attribute__((noinline))
      |                                  ^
1 warning generated.[0m
[0m[38;5;3;1mIn file included from src/Game/Map/SphereSelector.cpp:7:
In file included from src/Game/Util.hpp:18:
src/Game/Util/Functor.hpp:114:90: warning: GCC does not allow 'noinline' attribute in this position on a function definition [-Wgcc-compat]
  114 |     static FunctorV1M< T*, void (T::*)(U), U > Functor(T* a1, void (T::*a2)(U), U arg_0) NO_INLINE {
      |                                                                                          ^
src/Inline.hpp:5:34: note: expanded from macro 'NO_INLINE'
    5 | #define NO_INLINE __attribute__((noinline))
      |                                  ^
1 warning generated.[0m
[0m[38;5;3;1mIn file included from src/Game/Animation/BckCtrl.cpp:4:
In file included from src/Game/Util.hpp:18:
src/Game/Util/Functor.hpp:114:90: warning: GCC does not allow 'noinline' attribute in this position on a function definition [-Wgcc-compat]
  114 |     static FunctorV1M< T*, void (T::*)(U), U > Functor(T* a1, void (T::*a2)(U), U arg_0) NO_INLINE {
      |                                                                                          ^
src/Inline.hpp:5:34: note: expanded from macro 'NO_INLINE'
    5 | #define NO_INLINE __attribute__((noinline))
      |                                  ^
src/Game/Animation/BckCtrl.cpp:47:13: warning: ignoring return value of function declared with 'nodiscard' attribute [-Wunused-result]
   47 |             iter.getValue("name", &name);
      |             ^~~~~~~~~~~~~~~~~~~~~~~~~~~~
src/Game/Animation/BckCtrl.cpp:49:13: warning: ignoring return value of function declared with 'nodiscard' attribute [-Wunused-result]
   49 |             iter.getValue("interpole", &interpole);
      |             ^~~~~~~~~~~~~~~~~~~~~~~~~~~~~~~~~~~~~~
src/Game/Animation/BckCtrl.cpp:51:13: warning: ignoring return value of function declared with 'nodiscard' attribute [-Wunused-result]
   51 |             iter.getValue("play_frame", &playFrame);[0m
[0m[38;5;3;1mIn file included from src/Game/System/ArchiveHolder.cpp:2:
In file included from src/Game/Util.hpp:18:
src/Game/Util/Functor.hpp:114:90: warning: GCC does not allow 'noinline' attribute in this position on a function definition [-Wgcc-compat]
  114 |     static FunctorV1M< T*, void (T::*)(U), U > Functor(T* a1, void (T::*a2)(U), U arg_0) NO_INLINE {
      |                                                                                          ^
src/Inline.hpp:5:34: note: expanded from macro 'NO_INLINE'
    5 | #define NO_INLINE __attribute__((noinline))
      |                                  ^
1 warning generated.[0m
[0m[38;5;2;1mcreate ok![0m
[0m[1;38;5;1;1merror: [0msrc/Game/Util/DrawUtil.cpp:18:10: fatal error: 'revolution/gx/GXBump.h' file not found
   18 | #include <revolution/gx/GXBump.h>
      |          ^~~~~~~~~~~~~~~~~~~~~~~~
1 warning and 1 error generated.
  [38;5;3m> in [1msrc/Game/Util/DrawUtil.cpp[0m
[0m[38;5;2;1m[ 16%]:[0m [38;5;5;1m<smg-pc-game>[0m cache compiling.debug src/Game/Util/DrawUtil.cpp[0m
[0m[38;5;2;1m[ 43%]:[0m [38;5;5;1m<smg-pc-game>[0m cache compiling.debug src/Game/Map/SphereSelectorHandle.cpp[0m
[0m[38;5;2;1m[ 43%]:[0m [38;5;5;1m<smg-pc-game>[0m cache compiling.debug src/Game/Map/Air.cpp[0m
[0m[38;5;2;1m[ 43%]:[0m [38;5;5;1m<smg-pc-game>[0m cache compiling.debug src/Game/Map/SleepControllerHolder.cpp[0m
[0m[38;5;2;1m[ 43%]:[0m [38;5;5;1m<smg-pc-game>[0m cache compiling.debug src/Game/AreaObj/AreaForm.cpp[0m
[0m[38;5;2;1m[ 43%]:[0m [38;5;5;1m<smg-pc-game>[0m cache compiling.debug src/Game/AreaObj/WaterArea.cpp[0m
[0m[38;5;2;1m[ 44%]:[0m [38;5;5;1m<smg-pc-game>[0m cache compiling.debug src/Game/AreaObj/AreaObj.cpp[0m
[0m[38;5;2;1m[ 44%]:[0m [38;5;5;1m<smg-pc-game>[0m cache compiling.debug src/Game/AreaObj/WarpCube.cpp[0m
[0m[38;5;2;1m[ 44%]:[0m [38;5;5;1m<smg-pc-game>[0m cache compiling.debug src/Game/AreaObj/CollisionArea.cpp[0m
[0m[38;5;2;1m[ 45%]:[0m [38;5;5;1m<smg-pc-game>[0m cache compiling.debug src/Game/Screen/SystemWipeHolder.cpp[0m
[0m[38;5;2;1m[ 45%]:[0m [38;5;5;1m<smg-pc-game>[0m cache compiling.debug src/Game/Screen/ScreenPreserver.cpp[0m
[0m[38;5;2;1m[ 46%]:[0m [38;5;5;1m<smg-pc-game>[0m cache compiling.debug src/Game/Screen/ImageEffectLocalUtil.cpp[0m
[0m[38;5;2;1m[ 46%]:[0m [38;5;5;1m<smg-pc-game>[0m cache compiling.debug src/Game/Screen/DepthOfFieldBlur.cpp[0m
[0m[38;5;2;1m[ 47%]:[0m [38;5;5;1m<smg-pc-game>[0m cache compiling.debug src/Game/Screen/StaffRoll.cpp[0m
[0m[38;5;2;1m[ 47%]:[0m [38;5;5;1m<smg-pc-game>[0m cache compiling.debug src/Game/Screen/BloomEffectSimple.cpp[0m
[0m[38;5;2;1m[ 49%]:[0m [38;5;5;1m<smg-pc-game>[0m cache compiling.debug src/Game/Screen/ScreenAlphaCapture.cpp[0m
[0m[38;5;2;1m[ 49%]:[0m [38;5;5;1m<smg-pc-game>[0m cache compiling.debug src/Game/Screen/ImageEffectDirector.cpp[0m
[0m[38;5;2;1m[ 49%]:[0m [38;5;5;1m<smg-pc-game>[0m cache compiling.debug src/Game/Screen/BloomEffect.cpp[0m
[0m[38;5;2;1m[ 49%]:[0m [38;5;5;1m<smg-pc-game>[0m cache compiling.debug src/Game/Screen/PictureBookLayout.cpp[0m
[0m[38;5;2;1m[ 49%]:[0m [38;5;5;1m<smg-pc-game>[0m cache compiling.debug src/Game/Screen/WipeFade.cpp[0m
[0m[38;5;2;1m[ 49%]:[0m [38;5;5;1m<smg-pc-game>[0m cache compiling.debug src/Game/Screen/MoviePlayerSimple.cpp[0m
[0m[38;5;3;1mIn file included from src/Game/Map/Air.cpp:10:
src/Game/Util/Functor.hpp:114:105: warning: GCC does not allow 'noinline' attribute in this position on a function definition [-Wgcc-compat]
  114 |     static FunctorV1M< T*, void (T::*)(U), U > Functor(T* a1, void (T::*a2)(U), U arg_0) __attribute__((noinline)) {
      |                                                                                                         ^
src/Game/Map/Air.cpp:197:41: warning: expression result unused [-Wunused-value]
  197 |     for (; curAir != &mAirs[mAirCount]; *curAir++) {
      |                                         ^~~~~~~~~
2 warnings generated.[0m
[0m[38;5;2;1m[ 50%]:[0m [38;5;5;1m<smg-pc-game>[0m cache compiling.debug src/Game/Screen/StarPointerLayout.cpp[0m
[0m[38;5;3;1mIn file included from src/Game/Map/SleepControllerHolder.cpp:7:
src/Game/Util/Functor.hpp:114:105: warning: GCC does not allow 'noinline' attribute in this position on a function definition [-Wgcc-compat]
  114 |     static FunctorV1M< T*, void (T::*)(U), U > Functor(T* a1, void (T::*a2)(U), U arg_0) __attribute__((noinline)) {
      |                                                                                                         ^
1 warning generated.[0m
[0m[38;5;2;1m[ 50%]:[0m [38;5;5;1m<smg-pc-game>[0m cache compiling.debug src/Game/Screen/SubMeterLayout.cpp[0m
[0m[38;5;3;1mIn file included from src/Game/AreaObj/AreaObj.cpp:7:
src/Game/Util/Functor.hpp:114:105: warning: GCC does not allow 'noinline' attribute in this position on a function definition [-Wgcc-compat]
  114 |     static FunctorV1M< T*, void (T::*)(U), U > Functor(T* a1, void (T::*a2)(U), U arg_0) __attribute__((noinline)) {
      |                                                                                                         ^
1 warning generated.[0m
[0m[38;5;2;1m[ 50%]:[0m [38;5;5;1m<smg-pc-game>[0m cache compiling.debug src/Game/Screen/LogoFader.cpp[0m
[0m[38;5;3;1msrc/Game/AreaObj/WarpCube.cpp:111:5: warning: 'sprintf' is deprecated: This function is provided for compatibility reasons only.  Due to security concerns inherent in the design of sprintf(3), it is highly recommended that you use snprintf(3) instead. [-Wdeprecated-declarations]
  111 |     sprintf(eventName, (::smgpc::compat::cp932::EncodedLiteral<::smgpc::compat::cp932::Utf8Literal{"ワープカメラ %d-%c"}>::value.bytes), groupID, local118 + 65);
      |     ^
/Applications/Xcode.app/Contents/Developer/Platforms/MacOSX.platform/Developer/SDKs/MacOSX27.0.sdk/usr/include/_stdio.h:278:16: note: 'sprintf' has been explicitly marked deprecated here
  278 | __attribute__((__deprecated__("This function is provided for compatibility reasons only.  Due to security concerns inherent in the design of sprintf(3), it is highly recommended that you use snprintf(3) instead.")))
      |                ^
1 warning generated.[0m
[0m[38;5;2;1m[ 52%]:[0m [38;5;5;1m<smg-pc-game>[0m cache compiling.debug src/Game/Scene/StageFileLoader.cpp[0m
[0m[38;5;3;1mIn file included from src/Game/AreaObj/AreaForm.cpp:2:
In file included from src/Game/Util.hpp:18:
src/Game/Util/Functor.hpp:114:105: warning: GCC does not allow 'noinline' attribute in this position on a function definition [-Wgcc-compat]
  114 |     static FunctorV1M< T*, void (T::*)(U), U > Functor(T* a1, void (T::*a2)(U), U arg_0) __attribute__((noinline)) {
      |                                                                                                         ^
src/Game/AreaObj/AreaForm.cpp:164:5: warning: ignoring return value of function declared with 'nodiscard' attribute [-Wunused-result]
  164 |     rIter.getValue< f32 >("scale_x", &scale_x);
      |     ^~~~~~~~~~~~~~~~~~~~~~~~~~~~~~~~~~~~~~~~~~
src/Game/AreaObj/AreaForm.cpp:267:5: warning: ignoring return value of function declared with 'nodiscard' attribute [-Wunused-result]
  267 |     rIter.getValue< f32 >("scale_x", &scale_x);
      |     ^~~~~~~~~~~~~~~~~~~~~~~~~~~~~~~~~~~~~~~~~~
src/Game/AreaObj/AreaForm.cpp:291:5: warning: ignoring return value of function declared with 'nodiscard' attribute [-Wunused-result]
  291 |     rIter.getValue< f32 >("scale_x", &temp);
      |     ^~~~~~~~~~~~~~~~~~~~~~~~~~~~~~~~~~~~~~~
src/Game/AreaObj/AreaForm.cpp:296:5: warning: ignoring return value of function declared with 'nodiscard' attribute [-Wunused-result]
  296 |     rIter.getValue< f32 >("scale_y", &temp);[0m
[0m[38;5;2;1m[ 52%]:[0m [38;5;5;1m<smg-pc-game>[0m cache compiling.debug src/Game/Scene/IntermissionScene.cpp[0m
[0m[38;5;2;1m[ 52%]:[0m [38;5;5;1m<smg-pc-game>[0m cache compiling.debug src/Game/Scene/PlayTimerScene.cpp[0m
[0m[38;5;3;1mIn file included from src/Game/Map/SphereSelectorHandle.cpp:6:
In file included from src/Game/Util.hpp:18:
src/Game/Util/Functor.hpp:114:105: warning: GCC does not allow 'noinline' attribute in this position on a function definition [-Wgcc-compat]
  114 |     static FunctorV1M< T*, void (T::*)(U), U > Functor(T* a1, void (T::*a2)(U), U arg_0) __attribute__((noinline)) {
      |                                                                                                         ^
1 warning generated.[0m
[0m[38;5;2;1m[ 52%]:[0m [38;5;5;1m<smg-pc-game>[0m cache compiling.debug src/Game/Scene/StageDataHolder.cpp[0m
[0m[38;5;2;1m[ 53%]:[0m [38;5;5;1m<smg-pc-game>[0m cache compiling.debug src/Game/Scene/GameScene.cpp[0m
[0m[38;5;2;1m[ 53%]:[0m [38;5;5;1m<smg-pc-game>[0m cache compiling.debug src/Game/Scene/PlacementInfoOrdered.cpp[0m
[0m[38;5;3;1mIn file included from src/Game/Screen/ImageEffectLocalUtil.cpp:7:
src/Game/Util/Functor.hpp:114:105: warning: GCC does not allow 'noinline' attribute in this position on a function definition [-Wgcc-compat]
  114 |     static FunctorV1M< T*, void (T::*)(U), U > Functor(T* a1, void (T::*a2)(U), U arg_0) __attribute__((noinline)) {
      |                                                                                                         ^
1 warning generated.[0m
[0m[38;5;2;1m[ 53%]:[0m [38;5;5;1m<smg-pc-game>[0m cache compiling.debug src/Game/Scene/SceneExecutor.cpp[0m
[0m[38;5;3;1mIn file included from src/Game/Screen/SystemWipeHolder.cpp:7:
In file included from src/Game/Util.hpp:18:
src/Game/Util/Functor.hpp:114:105: warning: GCC does not allow 'noinline' attribute in this position on a function definition [-Wgcc-compat]
  114 |     static FunctorV1M< T*, void (T::*)(U), U > Functor(T* a1, void (T::*a2)(U), U arg_0) __attribute__((noinline)) {
      |                                                                                                         ^
1 warning generated.[0m
[0m[38;5;2;1m[ 53%]:[0m [38;5;5;1m<smg-pc-game>[0m cache compiling.debug src/Game/Scene/LogoScene.cpp[0m
[0m[38;5;2;1m[ 53%]:[0m [38;5;5;1m<smg-pc-game>[0m cache compiling.debug src/Game/NPC/NPCActor.cpp[0m
[0m[38;5;2;1m[ 53%]:[0m [38;5;5;1m<smg-pc-game>[0m cache compiling.debug src/Game/NPC/RunawayTico.cpp[0m
[0m[38;5;2;1m[ 55%]:[0m [38;5;5;1m<smg-pc-game>[0m cache compiling.debug src/Game/NPC/RosettaDemoHeavensDoor.cpp[0m
[0m[38;5;3;1mIn file included from src/Game/Screen/ImageEffectDirector.cpp:14:
In file included from src/Game/Util.hpp:18:
src/Game/Util/Functor.hpp:114:105: warning: GCC does not allow 'noinline' attribute in this position on a function definition [-Wgcc-compat]
  114 |     static FunctorV1M< T*, void (T::*)(U), U > Functor(T* a1, void (T::*a2)(U), U arg_0) __attribute__((noinline)) {
      |                                                                                                         ^
1 warning generated.[0m
[0m[38;5;2;1m[ 55%]:[0m [38;5;5;1m<smg-pc-game>[0m cache compiling.debug src/Game/NPC/RunawayRabbit.cpp[0m
[0m[38;5;2;1m[ 55%]:[0m [38;5;5;1m<smg-pc-game>[0m cache compiling.debug src/Game/NPC/Rosetta.cpp[0m
[0m[38;5;2;1m[ 55%]:[0m [38;5;5;1m<smg-pc-game>[0m cache compiling.debug src/Game/NPC/TalkNodeCtrl.cpp[0m
[0m[38;5;2;1m[ 55%]:[0m [38;5;5;1m<smg-pc-game>[0m cache compiling.debug src/Game/NPC/Tico.cpp[0m
[0m[38;5;2;1m[ 55%]:[0m [38;5;5;1m<smg-pc-game>[0m cache compiling.debug src/Game/NPC/DemoRabbit.cpp[0m
[0m[38;5;3;1mIn file included from src/Game/Screen/SubMeterLayout.cpp:2:
In file included from src/Game/Util.hpp:18:
src/Game/Util/Functor.hpp:114:105: warning: GCC does not allow 'noinline' attribute in this position on a function definition [-Wgcc-compat]
  114 |     static FunctorV1M< T*, void (T::*)(U), U > Functor(T* a1, void (T::*a2)(U), U arg_0) __attribute__((noinline)) {
      |                                                                                                         ^
1 warning generated.[0m
[0m[38;5;2;1m[ 56%]:[0m [38;5;5;1m<smg-pc-game>[0m cache compiling.debug src/Game/Player/MarioActorWipe.cpp[0m
[0m[38;5;2;1m[ 57%]:[0m [38;5;5;1m<smg-pc-game>[0m cache compiling.debug src/Game/Player/Mario.cpp[0m
[0m[38;5;2;1m[ 57%]:[0m [38;5;5;1m<smg-pc-game>[0m cache compiling.debug src/Game/Player/MarioShadow.cpp[0m
[0m[38;5;3;1mIn file included from src/Game/Scene/SceneExecutor.cpp:9:
In file included from src/Game/Util.hpp:18:
src/Game/Util/Functor.hpp:114:105: warning: GCC does not allow 'noinline' attribute in this position on a function definition [-Wgcc-compat]
  114 |     static FunctorV1M< T*, void (T::*)(U), U > Functor(T* a1, void (T::*a2)(U), U arg_0) __attribute__((noinline)) {
      |                                                                                                         ^
1 warning generated.[0m
[0m[38;5;2;1m[ 59%]:[0m [38;5;5;1m<smg-pc-game>[0m cache compiling.debug src/Game/Player/MarioActor.cpp[0m
[0m[38;5;3;1mIn file included from src/Game/Screen/StarPointerLayout.cpp:4:
In file included from src/Game/Screen/LayoutCoreUtil.hpp:4:
src/nw4r/lyt/pane.h:37:37: warning: 'offsetof' on non-standard-layout type 'detail::PaneBase' [-Winvalid-offsetof]
   37 |         typedef ut::LinkList< Pane, __builtin_offsetof(detail::PaneBase, mLink) > PaneList;
      |                                     ^                                    ~~~~~
In file included from src/Game/Screen/StarPointerLayout.cpp:4:
In file included from src/Game/Screen/LayoutCoreUtil.hpp:5:
In file included from src/nw4r/lyt/textBox.h:3:
src/nw4r/lyt/common.h:14:28: warning: comparison of different enumeration types ('_GXTexFmt' (aka 'GXTexFmt') and 'GXCITexFmt') is deprecated [-Wdeprecated-enum-compare]
   14 |                 return fmt == GX_TF_C4 || fmt == GX_TF_C8 || fmt == GX_TF_C14X2;
      |                        ~~~ ^  ~~~~~~~~
src/nw4r/lyt/common.h:14:47: warning: comparison of different enumeration types ('_GXTexFmt' (aka 'GXTexFmt') and 'GXCITexFmt') is deprecated [-Wdeprecated-enum-compare]
   14 |                 return fmt == GX_TF_C4 || fmt == GX_TF_C8 || fmt == GX_TF_C14X2;
      |                                           ~~~ ^  ~~~~~~~~
src/nw4r/lyt/common.h:14:66: warning: comparison of different enumeration types ('_GXTexFmt' (aka 'GXTexFmt') and 'GXCITexFmt') is deprecated [-Wdeprecated-enum-compare]
   14 |                 return fmt == GX_TF_C4 || fmt == GX_TF_C8 || fmt == GX_TF_C14X2;[0m
[0m[38;5;2;1m[ 60%]:[0m [38;5;5;1m<smg-pc-game>[0m cache compiling.debug src/Game/Player/MarioActorRush.cpp[0m
[0m[38;5;3;1msrc/Game/Scene/PlacementInfoOrdered.cpp:13:100: warning: GCC does not allow 'noinline' attribute in this position on a function definition [-Wgcc-compat]
   13 |     CreationFuncPtr getCreator(const PlacementInfoOrdered::Identifier& rIdentifier) __attribute__((noinline)) {
      |                                                                                                    ^
1 warning generated.[0m
[0m[38;5;2;1m[ 61%]:[0m [38;5;5;1m<smg-pc-game>[0m cache compiling.debug src/Game/Player/MarioWalk.cpp[0m
[0m[38;5;2;1m[ 62%]:[0m [38;5;5;1m<smg-pc-game>[0m cache compiling.debug src/Game/Player/MarioAccess.cpp[0m
[0m[38;5;2;1m[ 63%]:[0m [38;5;5;1m<smg-pc-game>[0m cache compiling.debug src/Game/MapObj/PunchingKinoko.cpp[0m
[0m[38;5;2;1m[ 63%]:[0m [38;5;5;1m<smg-pc-game>[0m cache compiling.debug src/Game/MapObj/PowerStarHolder.cpp[0m
[0m[38;5;3;1mIn file included from src/Game/NPC/Rosetta.cpp:11:
In file included from src/Game/Util.hpp:18:
src/Game/Util/Functor.hpp:114:105: warning: GCC does not allow 'noinline' attribute in this position on a function definition [-Wgcc-compat]
  114 |     static FunctorV1M< T*, void (T::*)(U), U > Functor(T* a1, void (T::*a2)(U), U arg_0) __attribute__((noinline)) {
      |                                                                                                         ^
1 warning generated.[0m
[0m[38;5;2;1m[ 63%]:[0m [38;5;5;1m<smg-pc-game>[0m cache compiling.debug src/Game/MapObj/MapPartsRailGuideDrawer.cpp[0m
[0m[38;5;3;1mIn file included from src/Game/NPC/RosettaDemoHeavensDoor.cpp:8:
In file included from src/Game/Util.hpp:18:
src/Game/Util/Functor.hpp:114:105: warning: GCC does not allow 'noinline' attribute in this position on a function definition [-Wgcc-compat]
  114 |     static FunctorV1M< T*, void (T::*)(U), U > Functor(T* a1, void (T::*a2)(U), U arg_0) __attribute__((noinline)) {
      |                                                                                                         ^
1 warning generated.[0m
[0m[38;5;2;1m[ 63%]:[0m [38;5;5;1m<smg-pc-game>[0m cache compiling.debug src/Game/MapObj/MapParts.cpp[0m
[0m[38;5;3;1mIn file included from src/Game/NPC/RunawayTico.cpp:6:
In file included from src/Game/Util.hpp:18:
src/Game/Util/Functor.hpp:114:105: warning: GCC does not allow 'noinline' attribute in this position on a function definition [-Wgcc-compat]
  114 |     static FunctorV1M< T*, void (T::*)(U), U > Functor(T* a1, void (T::*a2)(U), U arg_0) __attribute__((noinline)) {
      |                                                                                                         ^
1 warning generated.[0m
[0m[38;5;2;1m[ 63%]:[0m [38;5;5;1m<smg-pc-game>[0m cache compiling.debug src/Game/MapObj/CoinHolder.cpp[0m
[0m[38;5;3;1mIn file included from src/Game/Util/DrawUtil.cpp:10:
In file included from src/JSystem/J3DGraphAnimator/J3DJoint.hpp:4:
In file included from src/JSystem/J3DGraphBase/J3DMaterial.hpp:3:
src/JSystem/J3DGraphBase/J3DMatBlock.hpp:248:35: warning: result of comparison of constant 65535 with expression of type 'const u8' (aka 'const unsigned char') is always false [-Wtautological-constant-out-of-range-compare]
  248 |         u32 ambSrc = info.mAmbSrc == 0xFFFF ? 0 : info.mAmbSrc;
      |                      ~~~~~~~~~~~~ ^  ~~~~~~
1 warning generated.[0m
[0m[38;5;2;1m[ 63%]:[0m [38;5;5;1m<smg-pc-game>[0m cache compiling.debug src/Game/MapObj/EarthenPipe.cpp[0m
[0m[38;5;2;1m[ 63%]:[0m [38;5;5;1m<smg-pc-game>[0m cache compiling.debug src/Game/MapObj/RotateMoveObj.cpp[0m
[0m[38;5;3;1mIn file included from src/Game/Scene/StageFileLoader.cpp:3:
In file included from src/Game/Util.hpp:18:
src/Game/Util/Functor.hpp:114:105: warning: GCC does not allow 'noinline' attribute in this position on a function definition [-Wgcc-compat]
  114 |     static FunctorV1M< T*, void (T::*)(U), U > Functor(T* a1, void (T::*a2)(U), U arg_0) __attribute__((noinline)) {
      |                                                                                                         ^
1 warning generated.[0m
[0m[38;5;2;1m[ 63%]:[0m [38;5;5;1m<smg-pc-game>[0m cache compiling.debug src/Game/MapObj/MapPartsRailGuideHolder.cpp[0m
[0m[38;5;3;1mIn file included from src/Game/NPC/RunawayRabbit.cpp:10:
In file included from src/Game/Util.hpp:18:
src/Game/Util/Functor.hpp:114:105: warning: GCC does not allow 'noinline' attribute in this position on a function definition [-Wgcc-compat]
  114 |     static FunctorV1M< T*, void (T::*)(U), U > Functor(T* a1, void (T::*a2)(U), U arg_0) __attribute__((noinline)) {
      |                                                                                                         ^
1 warning generated.[0m
[0m[38;5;2;1m[ 64%]:[0m [38;5;5;1m<smg-pc-game>[0m cache compiling.debug src/Game/MapObj/DummyDisplayModel.cpp[0m
[0m[38;5;2;1m[ 64%]:[0m [38;5;5;1m<smg-pc-game>[0m cache compiling.debug src/Game/MapObj/BigFanHolder.cpp[0m
[0m[38;5;3;1mIn file included from src/Game/Scene/GameScene.cpp:37:
src/Game/Util/Functor.hpp:114:105: warning: GCC does not allow 'noinline' attribute in this position on a function definition [-Wgcc-compat]
  114 |     static FunctorV1M< T*, void (T::*)(U), U > Functor(T* a1, void (T::*a2)(U), U arg_0) __attribute__((noinline)) {
      |                                                                                                         ^
1 warning generated.[0m
[0m[38;5;2;1m[ 64%]:[0m [38;5;5;1m<smg-pc-game>[0m cache compiling.debug src/Game/MapObj/PowerStar.cpp[0m
[0m[38;5;3;1msrc/Game/Scene/StageDataHolder.cpp:336:37: warning: trigraph ignored [-Wtrigraphs]
  336 |     return mArchive->getResource('????', pName);
      |                                     ^
src/Game/Scene/StageDataHolder.cpp:479:89: warning: trigraph ignored [-Wtrigraphs]
  479 |     void* tableFile = MR::receiveArchive("/StageData/ObjNameTable.arc")->getResource('????', "ObjNameTable.tbl");
      |                                                                                         ^
2 warnings generated.
src/Game/Scene/StageDataHolder.cpp:25:74: warning: GCC does not allow 'noinline' attribute in this position on a function definition [-Wgcc-compat]
   25 |     static bool isPrioPlacementObjInfo(const char* pName) __attribute__((noinline)) {
      |                                                                          ^
src/Game/Scene/StageDataHolder.cpp:30:118: warning: GCC does not allow 'noinline' attribute in this position on a function definition [-Wgcc-compat]
   30 |     static void calcPlacementInfoNum(int* a1, int* a2, const MR::AssignableArray< JMapInfo >& rArray) __attribute__((noinline)) {
      |                                                                                                                      ^
src/Game/Scene/StageDataHolder.cpp:60:115: warning: GCC does not allow 'noinline' attribute in this position on a function definition [-Wgcc-compat]
   60 |                                                     const MR::AssignableArray< JMapInfo >& rArray) __attribute__((noinline)) {
      |                                                                                                                   ^[0m
[0m[38;5;2;1m[ 64%]:[0m [38;5;5;1m<smg-pc-game>[0m cache compiling.debug src/Game/MapObj/ShockWaveGenerator.cpp[0m
[0m[38;5;2;1m[ 64%]:[0m [38;5;5;1m<smg-pc-game>[0m cache compiling.debug src/Game/MapObj/MapPartsRotator.cpp[0m
[0m[38;5;3;1mIn file included from src/Game/NPC/DemoRabbit.cpp:5:
In file included from src/Game/Util.hpp:18:
src/Game/Util/Functor.hpp:114:105: warning: GCC does not allow 'noinline' attribute in this position on a function definition [-Wgcc-compat]
  114 |     static FunctorV1M< T*, void (T::*)(U), U > Functor(T* a1, void (T::*a2)(U), U arg_0) __attribute__((noinline)) {
      |                                                                                                         ^
1 warning generated.[0m
[0m[38;5;2;1m[ 64%]:[0m [38;5;5;1m<smg-pc-game>[0m cache compiling.debug src/Game/MapObj/MapPartsRailMover.cpp[0m
[0m[38;5;2;1m[ 64%]:[0m [38;5;5;1m<smg-pc-game>[0m cache compiling.debug src/Game/MapObj/CutBushModelObj.cpp[0m
[0m[38;5;3;1mIn file included from src/Game/MapObj/RotateMoveObj.cpp:6:
In file included from src/Game/Util.hpp:18:
src/Game/Util/Functor.hpp:114:105: warning: GCC does not allow 'noinline' attribute in this position on a function definition [-Wgcc-compat]
  114 |     static FunctorV1M< T*, void (T::*)(U), U > Functor(T* a1, void (T::*a2)(U), U arg_0) __attribute__((noinline)) {
      |                                                                                                         ^
1 warning generated.[0m
[0m[38;5;2;1m[ 64%]:[0m [38;5;5;1m<smg-pc-game>[0m cache compiling.debug src/Game/MapObj/MapPartsRailPosture.cpp[0m
[0m[38;5;3;1mIn file included from src/Game/Player/MarioActorRush.cpp:15:
In file included from src/Game/Util.hpp:18:
src/Game/Util/Functor.hpp:114:105: warning: GCC does not allow 'noinline' attribute in this position on a function definition [-Wgcc-compat]
  114 |     static FunctorV1M< T*, void (T::*)(U), U > Functor(T* a1, void (T::*a2)(U), U arg_0) __attribute__((noinline)) {
      |                                                                                                         ^
1 warning generated.[0m
[0m[38;5;2;1m[ 64%]:[0m [38;5;5;1m<smg-pc-game>[0m cache compiling.debug src/Game/MapObj/Coin.cpp[0m
[0m[38;5;3;1mIn file included from src/Game/MapObj/MapParts.cpp:4:
In file included from src/Game/Util.hpp:18:
src/Game/Util/Functor.hpp:114:105: warning: GCC does not allow 'noinline' attribute in this position on a function definition [-Wgcc-compat]
  114 |     static FunctorV1M< T*, void (T::*)(U), U > Functor(T* a1, void (T::*a2)(U), U arg_0) __attribute__((noinline)) {
      |                                                                                                         ^
1 warning generated.[0m
[0m[38;5;2;1m[ 64%]:[0m [38;5;5;1m<smg-pc-game>[0m cache compiling.debug src/Game/MapObj/MapPartsRailPointPassChecker.cpp[0m
[0m[38;5;3;1mIn file included from src/Game/MapObj/PowerStarHolder.cpp:4:
In file included from src/Game/Util.hpp:18:
src/Game/Util/Functor.hpp:114:105: warning: GCC does not allow 'noinline' attribute in this position on a function definition [-Wgcc-compat]
  114 |     static FunctorV1M< T*, void (T::*)(U), U > Functor(T* a1, void (T::*a2)(U), U arg_0) __attribute__((noinline)) {
      |                                                                                                         ^
1 warning generated.[0m
[0m[38;5;2;1m[ 64%]:[0m [38;5;5;1m<smg-pc-game>[0m cache compiling.debug src/Game/MapObj/PurpleCoinStarter.cpp[0m
[0m[38;5;3;1mIn file included from src/Game/MapObj/MapPartsRailGuideHolder.cpp:5:
In file included from src/Game/Util.hpp:18:
src/Game/Util/Functor.hpp:114:105: warning: GCC does not allow 'noinline' attribute in this position on a function definition [-Wgcc-compat]
  114 |     static FunctorV1M< T*, void (T::*)(U), U > Functor(T* a1, void (T::*a2)(U), U arg_0) __attribute__((noinline)) {
      |                                                                                                         ^
src/Game/MapObj/MapPartsRailGuideHolder.cpp:19:5: warning: ignoring return value of function declared with 'nodiscard' attribute [-Wunused-result]
   19 |     rIter.getValue("CommonPath_ID", &id);
      |     ^~~~~~~~~~~~~~~~~~~~~~~~~~~~~~~~~~~~
2 warnings generated.[0m
[0m[38;5;2;1m[ 64%]:[0m [38;5;5;1m<smg-pc-game>[0m cache compiling.debug src/Game/MapObj/StarPiece.cpp[0m
[0m[38;5;3;1mIn file included from src/Game/Player/Mario.cpp:47:
In file included from src/Game/Util.hpp:18:
src/Game/Util/Functor.hpp:114:105: warning: GCC does not allow 'noinline' attribute in this position on a function definition [-Wgcc-compat]
  114 |     static FunctorV1M< T*, void (T::*)(U), U > Functor(T* a1, void (T::*a2)(U), U arg_0) __attribute__((noinline)) {
      |                                                                                                         ^
1 warning generated.[0m
[0m[38;5;2;1m[ 64%]:[0m [38;5;5;1m<smg-pc-game>[0m cache compiling.debug src/Game/MapObj/StarPieceGroup.cpp[0m
[0m[38;5;3;1mIn file included from src/Game/MapObj/MapPartsRailGuideDrawer.cpp:4:
In file included from src/Game/Util.hpp:18:
src/Game/Util/Functor.hpp:114:105: warning: GCC does not allow 'noinline' attribute in this position on a function definition [-Wgcc-compat]
  114 |     static FunctorV1M< T*, void (T::*)(U), U > Functor(T* a1, void (T::*a2)(U), U arg_0) __attribute__((noinline)) {
      |                                                                                                         ^
src/Game/MapObj/MapPartsRailGuideDrawer.cpp:22:5: warning: ignoring return value of function declared with 'nodiscard' attribute [-Wunused-result]
   22 |     rIter.getValue("CommonPath_ID", &_420);
      |     ^~~~~~~~~~~~~~~~~~~~~~~~~~~~~~~~~~~~~~
2 warnings generated.[0m
[0m[38;5;2;1m[ 65%]:[0m [38;5;5;1m<smg-pc-game>[0m cache compiling.debug src/Game/MapObj/MapObjActorInitInfo.cpp[0m
[0m[38;5;3;1mIn file included from src/Game/MapObj/DummyDisplayModel.cpp:8:
In file included from src/Game/Util.hpp:18:
src/Game/Util/Functor.hpp:114:105: warning: GCC does not allow 'noinline' attribute in this position on a function definition [-Wgcc-compat]
  114 |     static FunctorV1M< T*, void (T::*)(U), U > Functor(T* a1, void (T::*a2)(U), U arg_0) __attribute__((noinline)) {
      |                                                                                                         ^
src/Game/MapObj/DummyDisplayModel.cpp:44:125: warning: GCC does not allow 'noinline' attribute in this position on a function definition [-Wgcc-compat]
   44 |     DummyDisplayModel* tryCreateDummyModel(LiveActor* pHost, const JMapInfoIter& rIter, s32 a3, int itemIdx) __attribute__((noinline)) {
      |                                                                                                                             ^
2 warnings generated.[0m
[0m[38;5;2;1m[ 65%]:[0m [38;5;5;1m<smg-pc-game>[0m cache compiling.debug src/Game/MapObj/HeavensDoorDemoObj.cpp[0m
[0m[38;5;3;1mIn file included from src/Game/Player/MarioAccess.cpp:18:
In file included from src/Game/Util.hpp:18:
src/Game/Util/Functor.hpp:114:105: warning: GCC does not allow 'noinline' attribute in this position on a function definition [-Wgcc-compat]
  114 |     static FunctorV1M< T*, void (T::*)(U), U > Functor(T* a1, void (T::*a2)(U), U arg_0) __attribute__((noinline)) {
      |                                                                                                         ^
1 warning generated.[0m
[0m[38;5;2;1m[ 65%]:[0m [38;5;5;1m<smg-pc-game>[0m cache compiling.debug src/Game/MapObj/StageEffectDataTable.cpp[0m
[0m[38;5;3;1mIn file included from src/Game/MapObj/BigFanHolder.cpp:6:
In file included from src/Game/Util.hpp:18:
src/Game/Util/Functor.hpp:114:105: warning: GCC does not allow 'noinline' attribute in this position on a function definition [-Wgcc-compat]
  114 |     static FunctorV1M< T*, void (T::*)(U), U > Functor(T* a1, void (T::*a2)(U), U arg_0) __attribute__((noinline)) {
      |                                                                                                         ^
1 warning generated.[0m
[0m[38;5;2;1m[ 65%]:[0m [38;5;5;1m<smg-pc-game>[0m cache compiling.debug src/Game/MapObj/BrightObj.cpp[0m
[0m[38;5;3;1mIn file included from src/Game/Player/MarioWalk.cpp:14:
In file included from src/Game/Util.hpp:18:
src/Game/Util/Functor.hpp:114:105: warning: GCC does not allow 'noinline' attribute in this position on a function definition [-Wgcc-compat]
  114 |     static FunctorV1M< T*, void (T::*)(U), U > Functor(T* a1, void (T::*a2)(U), U arg_0) __attribute__((noinline)) {
      |                                                                                                         ^
1 warning generated.[0m
[0m[38;5;2;1m[ 65%]:[0m [38;5;5;1m<smg-pc-game>[0m cache compiling.debug src/Game/MapObj/CollisionBlocker.cpp[0m
[0m[38;5;3;1mIn file included from src/Game/MapObj/CoinHolder.cpp:6:
In file included from src/Game/Util.hpp:18:
src/Game/Util/Functor.hpp:114:105: warning: GCC does not allow 'noinline' attribute in this position on a function definition [-Wgcc-compat]
  114 |     static FunctorV1M< T*, void (T::*)(U), U > Functor(T* a1, void (T::*a2)(U), U arg_0) __attribute__((noinline)) {
      |                                                                                                         ^
1 warning generated.[0m
[0m[38;5;2;1m[ 65%]:[0m [38;5;5;1m<smg-pc-game>[0m cache compiling.debug src/Game/MapObj/DynamicCollisionObj.cpp[0m
[0m[38;5;3;1mIn file included from src/Game/MapObj/PunchingKinoko.cpp:4:
In file included from src/Game/Util.hpp:18:
src/Game/Util/Functor.hpp:114:105: warning: GCC does not allow 'noinline' attribute in this position on a function definition [-Wgcc-compat]
  114 |     static FunctorV1M< T*, void (T::*)(U), U > Functor(T* a1, void (T::*a2)(U), U arg_0) __attribute__((noinline)) {
      |                                                                                                         ^
1 warning generated.[0m
[0m[38;5;2;1m[ 65%]:[0m [38;5;5;1m<smg-pc-game>[0m cache compiling.debug src/Game/MapObj/PowerStarAppearPoint.cpp[0m
[0m[38;5;3;1mIn file included from src/Game/MapObj/ShockWaveGenerator.cpp:6:
In file included from src/Game/Util.hpp:18:
src/Game/Util/Functor.hpp:114:105: warning: GCC does not allow 'noinline' attribute in this position on a function definition [-Wgcc-compat]
  114 |     static FunctorV1M< T*, void (T::*)(U), U > Functor(T* a1, void (T::*a2)(U), U arg_0) __attribute__((noinline)) {
      |                                                                                                         ^
1 warning generated.[0m
[0m[38;5;2;1m[ 65%]:[0m [38;5;5;1m<smg-pc-game>[0m cache compiling.debug src/Game/MapObj/CoinRotater.cpp[0m
[0m[38;5;3;1mIn file included from src/Game/MapObj/EarthenPipe.cpp:9:
In file included from src/Game/Util.hpp:18:
src/Game/Util/Functor.hpp:114:105: warning: GCC does not allow 'noinline' attribute in this position on a function definition [-Wgcc-compat]
  114 |     static FunctorV1M< T*, void (T::*)(U), U > Functor(T* a1, void (T::*a2)(U), U arg_0) __attribute__((noinline)) {
      |                                                                                                         ^
1 warning generated.[0m
[0m[38;5;2;1m[ 65%]:[0m [38;5;5;1m<smg-pc-game>[0m cache compiling.debug src/Game/MapObj/RailCoin.cpp[0m
[0m[38;5;2;1m[ 66%]:[0m [38;5;5;1m<smg-pc-game>[0m cache compiling.debug src/Game/MapObj/CoinGroup.cpp[0m
[0m[38;5;3;1mIn file included from src/Game/Player/MarioActor.cpp:3:
In file included from src/Game/Animation/XanimeCore.hpp:3:
In file included from src/JSystem/J3DGraphAnimator/J3DJoint.hpp:4:
In file included from src/JSystem/J3DGraphBase/J3DMaterial.hpp:3:
src/JSystem/J3DGraphBase/J3DMatBlock.hpp:248:35: warning: result of comparison of constant 65535 with expression of type 'const u8' (aka 'const unsigned char') is always false [-Wtautological-constant-out-of-range-compare]
  248 |         u32 ambSrc = info.mAmbSrc == 0xFFFF ? 0 : info.mAmbSrc;
      |                      ~~~~~~~~~~~~ ^  ~~~~~~
src/Game/Player/MarioActor.cpp:1142:25: warning: using the result of an assignment as a condition without parentheses [-Wparentheses]
 1142 |         if (requestRush = isRequestSpinJump2P()) {
      |             ~~~~~~~~~~~~^~~~~~~~~~~~~~~~~~~~~~~
src/Game/Player/MarioActor.cpp:1142:25: note: place parentheses around the assignment to silence this warning
 1142 |         if (requestRush = isRequestSpinJump2P()) {
      |                         ^                      
      |             (                                  )
src/Game/Player/MarioActor.cpp:1142:25: note: use '==' to turn this assignment into an equality comparison
 1142 |         if (requestRush = isRequestSpinJump2P()) {[0m
[0m[38;5;2;1m[ 66%]:[0m [38;5;5;1m<smg-pc-game>[0m cache compiling.debug src/Game/MapObj/BlackHole.cpp[0m
[0m[38;5;3;1mIn file included from src/Game/MapObj/MapPartsRotator.cpp:6:
In file included from src/Game/Util.hpp:18:
src/Game/Util/Functor.hpp:114:105: warning: GCC does not allow 'noinline' attribute in this position on a function definition [-Wgcc-compat]
  114 |     static FunctorV1M< T*, void (T::*)(U), U > Functor(T* a1, void (T::*a2)(U), U arg_0) __attribute__((noinline)) {
      |                                                                                                         ^
1 warning generated.[0m
[0m[38;5;2;1m[ 66%]:[0m [38;5;5;1m<smg-pc-game>[0m cache compiling.debug src/Game/MapObj/WarpPod.cpp[0m
[0m[38;5;3;1mIn file included from src/Game/MapObj/MapPartsRailMover.cpp:7:
In file included from src/Game/Util.hpp:18:
src/Game/Util/Functor.hpp:114:105: warning: GCC does not allow 'noinline' attribute in this position on a function definition [-Wgcc-compat]
  114 |     static FunctorV1M< T*, void (T::*)(U), U > Functor(T* a1, void (T::*a2)(U), U arg_0) __attribute__((noinline)) {
      |                                                                                                         ^
1 warning generated.[0m
[0m[38;5;2;1m[ 66%]:[0m [38;5;5;1m<smg-pc-game>[0m cache compiling.debug src/Game/MapObj/BigFan.cpp[0m
[0m[38;5;3;1mIn file included from src/Game/MapObj/CutBushModelObj.cpp:3:
In file included from src/Game/Util.hpp:18:
src/Game/Util/Functor.hpp:114:105: warning: GCC does not allow 'noinline' attribute in this position on a function definition [-Wgcc-compat]
  114 |     static FunctorV1M< T*, void (T::*)(U), U > Functor(T* a1, void (T::*a2)(U), U arg_0) __attribute__((noinline)) {
      |                                                                                                         ^
1 warning generated.[0m
[0m[38;5;2;1m[ 66%]:[0m [38;5;5;1m<smg-pc-game>[0m cache compiling.debug src/Game/MapObj/SpinDriverPathDrawer.cpp[0m
[0m[38;5;2;1m[ 66%]:[0m [38;5;5;1m<smg-pc-game>[0m cache compiling.debug src/Game/MapObj/InvisiblePolygonObj.cpp[0m
[0m[38;5;3;1mIn file included from src/Game/MapObj/MapPartsRailPosture.cpp:4:
In file included from src/Game/Util.hpp:18:
src/Game/Util/Functor.hpp:114:105: warning: GCC does not allow 'noinline' attribute in this position on a function definition [-Wgcc-compat]
  114 |     static FunctorV1M< T*, void (T::*)(U), U > Functor(T* a1, void (T::*a2)(U), U arg_0) __attribute__((noinline)) {
      |                                                                                                         ^
1 warning generated.[0m
[0m[38;5;2;1m[ 66%]:[0m [38;5;5;1m<smg-pc-game>[0m cache compiling.debug src/Game/MapObj/StarPieceDirector.cpp[0m
[0m[38;5;3;1mIn file included from src/Game/MapObj/PurpleCoinStarter.cpp:5:
In file included from src/Game/Util.hpp:18:
src/Game/Util/Functor.hpp:114:105: warning: GCC does not allow 'noinline' attribute in this position on a function definition [-Wgcc-compat]
  114 |     static FunctorV1M< T*, void (T::*)(U), U > Functor(T* a1, void (T::*a2)(U), U arg_0) __attribute__((noinline)) {
      |                                                                                                         ^
1 warning generated.[0m
[0m[38;5;2;1m[ 66%]:[0m [38;5;5;1m<smg-pc-game>[0m cache compiling.debug src/Game/MapObj/FlipPanel.cpp[0m
[0m[38;5;3;1mIn file included from src/Game/MapObj/MapPartsRailPointPassChecker.cpp:4:
In file included from src/Game/Util.hpp:18:
src/Game/Util/Functor.hpp:114:105: warning: GCC does not allow 'noinline' attribute in this position on a function definition [-Wgcc-compat]
  114 |     static FunctorV1M< T*, void (T::*)(U), U > Functor(T* a1, void (T::*a2)(U), U arg_0) __attribute__((noinline)) {
      |                                                                                                         ^
1 warning generated.[0m
[0m[38;5;2;1m[ 66%]:[0m [38;5;5;1m<smg-pc-game>[0m cache compiling.debug src/Game/MapObj/PlantGroup.cpp[0m
[0m[38;5;3;1mIn file included from src/Game/MapObj/CollisionBlocker.cpp:3:
In file included from src/Game/Util.hpp:18:
src/Game/Util/Functor.hpp:114:105: warning: GCC does not allow 'noinline' attribute in this position on a function definition [-Wgcc-compat]
  114 |     static FunctorV1M< T*, void (T::*)(U), U > Functor(T* a1, void (T::*a2)(U), U arg_0) __attribute__((noinline)) {
      |                                                                                                         ^
1 warning generated.[0m
[0m[38;5;2;1m[ 66%]:[0m [38;5;5;1m<smg-pc-game>[0m cache compiling.debug src/Game/MapObj/PurpleCoinHolder.cpp[0m
[0m[38;5;3;1mIn file included from src/Game/MapObj/HeavensDoorDemoObj.cpp:6:
In file included from src/Game/Util.hpp:18:
src/Game/Util/Functor.hpp:114:105: warning: GCC does not allow 'noinline' attribute in this position on a function definition [-Wgcc-compat]
  114 |     static FunctorV1M< T*, void (T::*)(U), U > Functor(T* a1, void (T::*a2)(U), U arg_0) __attribute__((noinline)) {
      |                                                                                                         ^
1 warning generated.[0m
[0m[38;5;2;1m[ 67%]:[0m [38;5;5;1m<smg-pc-game>[0m cache compiling.debug src/Game/MapObj/SpiderThread.cpp[0m
[0m[38;5;3;1mIn file included from src/Game/MapObj/PowerStarAppearPoint.cpp:4:
In file included from src/Game/Util.hpp:18:
src/Game/Util/Functor.hpp:114:105: warning: GCC does not allow 'noinline' attribute in this position on a function definition [-Wgcc-compat]
  114 |     static FunctorV1M< T*, void (T::*)(U), U > Functor(T* a1, void (T::*a2)(U), U arg_0) __attribute__((noinline)) {
      |                                                                                                         ^
1 warning generated.[0m
[0m[38;5;2;1m[ 67%]:[0m [38;5;5;1m<smg-pc-game>[0m cache compiling.debug src/Game/MapObj/MapObjActor.cpp[0m
[0m[38;5;3;1mIn file included from src/Game/MapObj/CoinRotater.cpp:4:
In file included from src/Game/Util.hpp:18:
src/Game/Util/Functor.hpp:114:105: warning: GCC does not allow 'noinline' attribute in this position on a function definition [-Wgcc-compat]
  114 |     static FunctorV1M< T*, void (T::*)(U), U > Functor(T* a1, void (T::*a2)(U), U arg_0) __attribute__((noinline)) {
      |                                                                                                         ^
1 warning generated.[0m
[0m[38;5;2;1m[ 67%]:[0m [38;5;5;1m<smg-pc-game>[0m cache compiling.debug src/Game/MapObj/CrystalCage.cpp[0m
[0m[38;5;3;1mIn file included from src/Game/MapObj/Coin.cpp:8:
In file included from src/Game/Util.hpp:18:
src/Game/Util/Functor.hpp:114:105: warning: GCC does not allow 'noinline' attribute in this position on a function definition [-Wgcc-compat]
  114 |     static FunctorV1M< T*, void (T::*)(U), U > Functor(T* a1, void (T::*a2)(U), U arg_0) __attribute__((noinline)) {
      |                                                                                                         ^
1 warning generated.[0m
[0m[38;5;2;1m[ 67%]:[0m [38;5;5;1m<smg-pc-game>[0m cache compiling.debug src/Game/MapObj/SimpleMapObj.cpp[0m
[0m[38;5;3;1mIn file included from src/Game/MapObj/StageEffectDataTable.cpp:4:
In file included from src/Game/Util.hpp:18:
src/Game/Util/Functor.hpp:114:105: warning: GCC does not allow 'noinline' attribute in this position on a function definition [-Wgcc-compat]
  114 |     static FunctorV1M< T*, void (T::*)(U), U > Functor(T* a1, void (T::*a2)(U), U arg_0) __attribute__((noinline)) {
      |                                                                                                         ^
1 warning generated.[0m
[0m[38;5;2;1m[ 67%]:[0m [38;5;5;1m<smg-pc-game>[0m cache compiling.debug src/Game/MapObj/ClipAreaHolder.cpp[0m
[0m[38;5;3;1mIn file included from src/Game/MapObj/RailCoin.cpp:5:
In file included from src/Game/Util.hpp:18:
src/Game/Util/Functor.hpp:114:105: warning: GCC does not allow 'noinline' attribute in this position on a function definition [-Wgcc-compat]
  114 |     static FunctorV1M< T*, void (T::*)(U), U > Functor(T* a1, void (T::*a2)(U), U arg_0) __attribute__((noinline)) {
      |                                                                                                         ^
1 warning generated.[0m
[0m[38;5;2;1m[ 67%]:[0m [38;5;5;1m<smg-pc-game>[0m cache compiling.debug src/Game/MapObj/CollectCounter.cpp[0m
[0m[38;5;3;1mIn file included from src/Game/MapObj/StarPieceGroup.cpp:5:
In file included from src/Game/Util.hpp:18:
src/Game/Util/Functor.hpp:114:105: warning: GCC does not allow 'noinline' attribute in this position on a function definition [-Wgcc-compat]
  114 |     static FunctorV1M< T*, void (T::*)(U), U > Functor(T* a1, void (T::*a2)(U), U arg_0) __attribute__((noinline)) {
      |                                                                                                         ^
1 warning generated.[0m
[0m[38;5;2;1m[ 69%]:[0m [38;5;5;1m<smg-pc-game>[0m cache compiling.debug src/layout/LayoutRuntime.cpp[0m
[0m[38;5;2;1m[ 72%]:[0m [38;5;5;1m<smg-pc-game>[0m cache compiling.debug src/runtime/SceneScheduler.cpp[0m
[0m[38;5;3;1mIn file included from src/Game/MapObj/BlackHole.cpp:6:
In file included from src/Game/Util.hpp:18:
src/Game/Util/Functor.hpp:114:105: warning: GCC does not allow 'noinline' attribute in this position on a function definition [-Wgcc-compat]
  114 |     static FunctorV1M< T*, void (T::*)(U), U > Functor(T* a1, void (T::*a2)(U), U arg_0) __attribute__((noinline)) {
      |                                                                                                         ^
1 warning generated.[0m
[0m[38;5;2;1m[ 73%]:[0m [38;5;5;1m<smg-pc-game>[0m cache compiling.debug src/runtime/RuntimeContext.cpp[0m
[0m[38;5;3;1mIn file included from src/Game/MapObj/BigFan.cpp:6:
In file included from src/Game/Util.hpp:18:
src/Game/Util/Functor.hpp:114:105: warning: GCC does not allow 'noinline' attribute in this position on a function definition [-Wgcc-compat]
  114 |     static FunctorV1M< T*, void (T::*)(U), U > Functor(T* a1, void (T::*a2)(U), U arg_0) __attribute__((noinline)) {
      |                                                                                                         ^
1 warning generated.[0m
[0m[38;5;2;1m[ 73%]:[0m [38;5;5;1m<smg-pc-game>[0m cache compiling.debug src/scene/StagePlacementResolver.cpp[0m
[0m[38;5;3;1mIn file included from src/Game/MapObj/StarPiece.cpp:8:
In file included from src/Game/Util.hpp:18:
src/Game/Util/Functor.hpp:114:105: warning: GCC does not allow 'noinline' attribute in this position on a function definition [-Wgcc-compat]
  114 |     static FunctorV1M< T*, void (T::*)(U), U > Functor(T* a1, void (T::*a2)(U), U arg_0) __attribute__((noinline)) {
      |                                                                                                         ^
src/Game/MapObj/StarPiece.cpp:195:13: warning: enumeration value 'groupType_noGroup' not handled in switch [-Wswitch]
  195 |     switch (mGroupType) {
      |             ^~~~~~~~~~
2 warnings generated.[0m
[0m[38;5;2;1m[ 74%]:[0m [38;5;5;1m<smg-pc-game>[0m cache compiling.debug src/scene/OriginalPlacementCoverage.cpp[0m
[0m[38;5;3;1mIn file included from src/Game/MapObj/CoinGroup.cpp:5:
In file included from src/Game/Util.hpp:18:
src/Game/Util/Functor.hpp:114:105: warning: GCC does not allow 'noinline' attribute in this position on a function definition [-Wgcc-compat]
  114 |     static FunctorV1M< T*, void (T::*)(U), U > Functor(T* a1, void (T::*a2)(U), U arg_0) __attribute__((noinline)) {
      |                                                                                                         ^
1 warning generated.[0m
[0m[38;5;2;1m[ 77%]:[0m [38;5;5;1m<smg-pc-game>[0m cache compiling.debug src/compat/OriginalLiveActorGroupUtil.cpp[0m
[0m[38;5;3;1mIn file included from src/Game/MapObj/WarpPod.cpp:8:
In file included from src/Game/Util.hpp:18:
src/Game/Util/Functor.hpp:114:105: warning: GCC does not allow 'noinline' attribute in this position on a function definition [-Wgcc-compat]
  114 |     static FunctorV1M< T*, void (T::*)(U), U > Functor(T* a1, void (T::*a2)(U), U arg_0) __attribute__((noinline)) {
      |                                                                                                         ^
src/Game/MapObj/WarpPod.cpp:166:5: warning: 'sprintf' is deprecated: This function is provided for compatibility reasons only.  Due to security concerns inherent in the design of sprintf(3), it is highly recommended that you use snprintf(3) instead. [-Wdeprecated-declarations]
  166 |     sprintf(eventCameraName, (::smgpc::compat::cp932::EncodedLiteral<::smgpc::compat::cp932::Utf8Literal{"ワープカメラ %d-%c"}>::value.bytes), groupID, arg0 + 65);
      |     ^
/Applications/Xcode.app/Contents/Developer/Platforms/MacOSX.platform/Developer/SDKs/MacOSX27.0.sdk/usr/include/_stdio.h:278:16: note: 'sprintf' has been explicitly marked deprecated here
  278 | __attribute__((__deprecated__("This function is provided for compatibility reasons only.  Due to security concerns inherent in the design of sprintf(3), it is highly recommended that you use snprintf(3) instead.")))
      |                ^
src/Game/MapObj/WarpPod.cpp:289:5: warning: 'sprintf' is deprecated: This function is provided for compatibility reasons only.  Due to security concerns inherent in the design of sprintf(3), it is highly recommended that you use snprintf(3) instead. [-Wdeprecated-declarations]
  289 |     sprintf(buf, (::smgpc::compat::cp932::EncodedLiteral<::smgpc::compat::cp932::Utf8Literal{"wPod出現カメラ %d"}>::value.bytes), _90);
      |     ^
/Applications/Xcode.app/Contents/Developer/Platforms/MacOSX.platform/Developer/SDKs/MacOSX27.0.sdk/usr/include/_stdio.h:278:16: note: 'sprintf' has been explicitly marked deprecated here
  278 | __attribute__((__deprecated__("This function is provided for compatibility reasons only.  Due to security concerns inherent in the design of sprintf(3), it is highly recommended that you use snprintf(3) instead.")))[0m
[0m[38;5;2;1m[ 78%]:[0m [38;5;5;1m<smg-pc-game>[0m cache compiling.debug src/compat/LiveActorUtilCompat.cpp[0m
[0m[38;5;3;1mIn file included from src/Game/MapObj/DynamicCollisionObj.cpp:11:
In file included from src/Game/Util.hpp:18:
src/Game/Util/Functor.hpp:114:105: warning: GCC does not allow 'noinline' attribute in this position on a function definition [-Wgcc-compat]
  114 |     static FunctorV1M< T*, void (T::*)(U), U > Functor(T* a1, void (T::*a2)(U), U arg_0) __attribute__((noinline)) {
      |                                                                                                         ^
1 warning generated.[0m
[0m[38;5;2;1m[ 81%]:[0m [38;5;5;1m<smg-pc-game>[0m cache compiling.debug src/JSystem/J2DGraph/J2DOrthoGraph.cpp[0m
[0m[38;5;2;1m[ 87%]:[0m [38;5;5;1m<smg-pc-game>[0m cache compiling.debug src/JSystem/JUtility/JUTConsole.cpp[0m
[0m[38;5;3;1mIn file included from src/Game/MapObj/CollectCounter.cpp:3:
In file included from src/Game/Util.hpp:18:
src/Game/Util/Functor.hpp:114:105: warning: GCC does not allow 'noinline' attribute in this position on a function definition [-Wgcc-compat]
  114 |     static FunctorV1M< T*, void (T::*)(U), U > Functor(T* a1, void (T::*a2)(U), U arg_0) __attribute__((noinline)) {
      |                                                                                                         ^
1 warning generated.[0m
[0m[38;5;3;1mIn file included from src/Game/MapObj/PurpleCoinHolder.cpp:7:
In file included from src/Game/Util.hpp:18:
src/Game/Util/Functor.hpp:114:105: warning: GCC does not allow 'noinline' attribute in this position on a function definition [-Wgcc-compat]
  114 |     static FunctorV1M< T*, void (T::*)(U), U > Functor(T* a1, void (T::*a2)(U), U arg_0) __attribute__((noinline)) {
      |                                                                                                         ^
1 warning generated.[0m
[0m[38;5;3;1mIn file included from src/Game/MapObj/ClipAreaHolder.cpp:7:
In file included from src/Game/Util.hpp:18:
src/Game/Util/Functor.hpp:114:105: warning: GCC does not allow 'noinline' attribute in this position on a function definition [-Wgcc-compat]
  114 |     static FunctorV1M< T*, void (T::*)(U), U > Functor(T* a1, void (T::*a2)(U), U arg_0) __attribute__((noinline)) {
      |                                                                                                         ^
1 warning generated.[0m
[0m[38;5;3;1mIn file included from src/Game/MapObj/SimpleMapObj.cpp:7:
In file included from src/Game/Util.hpp:18:
src/Game/Util/Functor.hpp:114:105: warning: GCC does not allow 'noinline' attribute in this position on a function definition [-Wgcc-compat]
  114 |     static FunctorV1M< T*, void (T::*)(U), U > Functor(T* a1, void (T::*a2)(U), U arg_0) __attribute__((noinline)) {
      |                                                                                                         ^
1 warning generated.[0m
[0m[38;5;3;1mIn file included from src/Game/MapObj/FlipPanel.cpp:8:
In file included from src/Game/Util.hpp:18:
src/Game/Util/Functor.hpp:114:105: warning: GCC does not allow 'noinline' attribute in this position on a function definition [-Wgcc-compat]
  114 |     static FunctorV1M< T*, void (T::*)(U), U > Functor(T* a1, void (T::*a2)(U), U arg_0) __attribute__((noinline)) {
      |                                                                                                         ^
1 warning generated.[0m
[0m[38;5;3;1mIn file included from src/Game/MapObj/PlantGroup.cpp:6:
In file included from src/Game/Util.hpp:18:
src/Game/Util/Functor.hpp:114:105: warning: GCC does not allow 'noinline' attribute in this position on a function definition [-Wgcc-compat]
  114 |     static FunctorV1M< T*, void (T::*)(U), U > Functor(T* a1, void (T::*a2)(U), U arg_0) __attribute__((noinline)) {
      |                                                                                                         ^
1 warning generated.[0m
[0m[38;5;3;1mIn file included from src/Game/MapObj/CrystalCage.cpp:7:
In file included from src/Game/Util.hpp:18:
src/Game/Util/Functor.hpp:114:105: warning: GCC does not allow 'noinline' attribute in this position on a function definition [-Wgcc-compat]
  114 |     static FunctorV1M< T*, void (T::*)(U), U > Functor(T* a1, void (T::*a2)(U), U arg_0) __attribute__((noinline)) {
      |                                                                                                         ^
1 warning generated.[0m
[0m[38;5;3;1mIn file included from src/Game/MapObj/StarPieceDirector.cpp:8:
In file included from src/Game/Util.hpp:18:
src/Game/Util/Functor.hpp:114:105: warning: GCC does not allow 'noinline' attribute in this position on a function definition [-Wgcc-compat]
  114 |     static FunctorV1M< T*, void (T::*)(U), U > Functor(T* a1, void (T::*a2)(U), U arg_0) __attribute__((noinline)) {
      |                                                                                                         ^
1 warning generated.[0m
[0m[38;5;3;1msrc/compat/OriginalLiveActorGroupUtil.cpp:12:56: warning: GCC does not allow 'noinline' attribute in this position on a function definition [-Wgcc-compat]
   12 |     bool isShowModel(LiveActor* pActor) __attribute__((noinline)) {
      |                                                        ^
src/compat/OriginalLiveActorGroupUtil.cpp:16:100: warning: GCC does not allow 'noinline' attribute in this position on a function definition [-Wgcc-compat]
   16 |     void callFuncAllGroupMember(const LiveActor* pActor, void (*pFunc)(LiveActor*)) __attribute__((noinline)) {
      |                                                                                                    ^
src/compat/OriginalLiveActorGroupUtil.cpp:33:105: warning: GCC does not allow 'noinline' attribute in this position on a function definition [-Wgcc-compat]
   33 |     void callMethodAllGroupMember(const LiveActor* pActor, void (LiveActor::*pMethod)()) __attribute__((noinline)) {
      |                                                                                                         ^
src/compat/OriginalLiveActorGroupUtil.cpp:54:117: warning: GCC does not allow 'noinline' attribute in this position on a function definition [-Wgcc-compat]
   54 |     s32 countGroupMember< bool (*)(LiveActor*) >(const LiveActor* pActor, bool (*pPred)(LiveActor*)) __attribute__((noinline)) {
      |                                                                                                                     ^
src/compat/OriginalLiveActorGroupUtil.cpp:77:129: warning: GCC does not allow 'noinline' attribute in this position on a function definition [-Wgcc-compat]
   77 |     s32 countGroupMember< bool (*)(const LiveActor*) >(const LiveActor* pActor, bool (*pPred)(const LiveActor*)) __attribute__((noinline)) {
      |                                                                                                                                 ^
5 warnings generated.[0m
[0m[38;5;3;1mIn file included from src/Game/MapObj/MapObjActor.cpp:17:
In file included from src/Game/Util.hpp:18:
src/Game/Util/Functor.hpp:114:105: warning: GCC does not allow 'noinline' attribute in this position on a function definition [-Wgcc-compat]
  114 |     static FunctorV1M< T*, void (T::*)(U), U > Functor(T* a1, void (T::*a2)(U), U arg_0) __attribute__((noinline)) {
      |                                                                                                         ^
1 warning generated.[0m
[0m[38;5;3;1mIn file included from src/JSystem/JUtility/JUTConsole.cpp:1:
src/JSystem/JUtility/JUTConsole.hpp:122:63: warning: 'offsetof' on non-standard-layout type 'JUTConsole' [-Winvalid-offsetof]
  122 |     typedef JGadget::TLinkList< JUTConsole, -static_cast<int>(__builtin_offsetof(JUTConsole, mListNode)) > ConsoleList;
      |                                                               ^                              ~~~~~~~~~
In file included from src/JSystem/JUtility/JUTConsole.cpp:1:
In file included from src/JSystem/JUtility/JUTConsole.hpp:3:
src/JSystem/JGadget/linklist.hpp:18:28: warning: 'iterator<std::bidirectional_iterator_tag, JUTConsole, int>' is deprecated [-Wdeprecated-declarations]
   18 |     class TIterator : std::iterator< Category, T, Distance, Pointer, Reference > {
      |                            ^
src/JSystem/JGadget/linklist.hpp:136:34: note: in instantiation of template class 'JGadget::TIterator<std::bidirectional_iterator_tag, JUTConsole>' requested here
  136 |         struct iterator : public TIterator< std::bidirectional_iterator_tag, T >, public TNodeLinkList::iterator {
      |                                  ^
src/JSystem/JUtility/JUTConsole.cpp:273:24: note: in instantiation of member class 'JGadget::TLinkList<JUTConsole, -48>::iterator' requested here
  273 |     mList.Insert(mList.end(), console);
      |                        ^
/opt/homebrew/Cellar/llvm/23.1.1/include/c++/v1/__iterator/iterator.h:23:23: note: 'iterator<std::bidirectional_iterator_tag, JUTConsole, int>' has been explicitly marked deprecated here[0m
[0m[38;5;3;1mIn file included from src/compat/LiveActorUtilCompat.cpp:17:
In file included from src/JSystem/J3DGraphBase/J3DMaterial.hpp:3:
src/JSystem/J3DGraphBase/J3DMatBlock.hpp:248:35: warning: result of comparison of constant 65535 with expression of type 'const u8' (aka 'const unsigned char') is always false [-Wtautological-constant-out-of-range-compare]
  248 |         u32 ambSrc = info.mAmbSrc == 0xFFFF ? 0 : info.mAmbSrc;
      |                      ~~~~~~~~~~~~ ^  ~~~~~~
1 warning generated.[0m
[0m[38;5;3;1mIn file included from src/runtime/RuntimeContext.cpp:10:
In file included from src/compat/SceneJ3dScope.hpp:4:
In file included from src/JSystem/J3DGraphAnimator/J3DJoint.hpp:4:
In file included from src/JSystem/J3DGraphBase/J3DMaterial.hpp:3:
src/JSystem/J3DGraphBase/J3DMatBlock.hpp:248:35: warning: result of comparison of constant 65535 with expression of type 'const u8' (aka 'const unsigned char') is always false [-Wtautological-constant-out-of-range-compare]
  248 |         u32 ambSrc = info.mAmbSrc == 0xFFFF ? 0 : info.mAmbSrc;
      |                      ~~~~~~~~~~~~ ^  ~~~~~~
1 warning generated.[0m
[0m[38;5;3;1mIn file included from src/layout/LayoutRuntime.cpp:27:
src/nw4r/lyt/pane.h:37:37: warning: 'offsetof' on non-standard-layout type 'detail::PaneBase' [-Winvalid-offsetof]
   37 |         typedef ut::LinkList< Pane, __builtin_offsetof(detail::PaneBase, mLink) > PaneList;
      |                                     ^                                    ~~~~~
1 warning generated.[0m
[0m[38;5;3;1mIn file included from src/runtime/SceneScheduler.cpp:17:
In file included from src/compat/SceneJ3dScope.hpp:4:
In file included from src/JSystem/J3DGraphAnimator/J3DJoint.hpp:4:
In file included from src/JSystem/J3DGraphBase/J3DMaterial.hpp:3:
src/JSystem/J3DGraphBase/J3DMatBlock.hpp:248:35: warning: result of comparison of constant 65535 with expression of type 'const u8' (aka 'const unsigned char') is always false [-Wtautological-constant-out-of-range-compare]
  248 |         u32 ambSrc = info.mAmbSrc == 0xFFFF ? 0 : info.mAmbSrc;
      |                      ~~~~~~~~~~~~ ^  ~~~~~~
1 warning generated.[0m
[0m[38;5;2;1m[ 94%]:[0m [38;5;5;1m<smg-pc-game>[0m [38;5;5;1marchiving.debug libsmg-pc-game.a[0m
[0m[38;5;2;1m[ 94%]:[0m [38;5;5;1m<smg-pc-app>[0m [38;5;5;1marchiving.debug libsmg-pc-app.a[0m
[0m[38;5;2;1m[ 94%]:[0m [38;5;5;1m<smg-pc>[0m [38;5;5;1mlinking.debug smg-pc[0m
[0m[38;5;2;1m[ 94%]:[0m [38;5;5;1m<smg-pc>[0m [38;5;5;1mgenerating.xcode.debug smg-pc.app[0m
[0m[38;5;2;1mcreate ok![0m
[0m[38;5;2;1m[100%]:[0m [38;5;2;1mbuild ok, spent 7.915s[0m
