[0mchecking for Xcode SDK ... [38;5;2;1m/Applications/Xcode.app (sdk: 27.0, arm64-apple-macos26.0)[0m
[0mchecking for disc ... [38;5;1;1mno[0m
[0mchecking for Xcode SDK ... [38;5;2;1m/Applications/Xcode.app (sdk: 27.0, arm64-apple-macos26.0)[0m
[0m[38;5;2;1m[  9%]:[0m [38;5;5;1m<smg-pc-game>[0m cache compiling.debug src/Game/Demo/DemoExecutorFunction.cpp[0m
[0m[38;5;2;1m[  9%]:[0m [38;5;5;1m<smg-pc-game>[0m cache compiling.debug src/Game/Demo/DemoSimpleCastHolder.cpp[0m
[0m[38;5;2;1m[  9%]:[0m [38;5;5;1m<smg-pc-app>[0m cache compiling.debug src/app/OriginalGameApplication.cpp[0m
[0m[38;5;2;1m[  9%]:[0m [38;5;5;1m<smg-pc-game>[0m cache compiling.debug src/Game/Demo/DemoStartRequestHolder.cpp[0m
[0m[38;5;2;1m[  9%]:[0m [38;5;5;1m<smg-pc-game>[0m cache compiling.debug src/Game/Demo/DemoCastGroupHolder.cpp[0m
[0m[38;5;2;1m[  9%]:[0m [38;5;5;1m<smg-pc-game>[0m cache compiling.debug src/Game/Demo/DemoPlayerKeeper.cpp[0m
[0m[38;5;2;1m[  9%]:[0m [38;5;5;1m<smg-pc-game>[0m cache compiling.debug src/Game/Demo/DemoDirector.cpp[0m
[0m[38;5;2;1m[  9%]:[0m [38;5;5;1m<smg-pc-game>[0m cache compiling.debug src/Game/Demo/DemoExecutor.cpp[0m
[0m[38;5;2;1m[ 10%]:[0m [38;5;5;1m<smg-pc-game>[0m cache compiling.debug src/Game/Demo/DemoPadRumbler.cpp[0m
[0m[38;5;2;1m[ 10%]:[0m [38;5;5;1m<smg-pc-game>[0m cache compiling.debug src/Game/Demo/DemoWipeKeeper.cpp[0m
[0m[38;5;2;1m[ 10%]:[0m [38;5;5;1m<smg-pc-game>[0m cache compiling.debug src/Game/Demo/DemoSubPartKeeper.cpp[0m
[0m[38;5;2;1m[ 10%]:[0m [38;5;5;1m<smg-pc-game>[0m cache compiling.debug src/Game/Demo/PrologueDirector.cpp[0m
[0m[38;5;2;1m[ 10%]:[0m [38;5;5;1m<smg-pc-game>[0m cache compiling.debug src/Game/Demo/DemoStartRequestUtil.cpp[0m
[0m[38;5;2;1m[ 10%]:[0m [38;5;5;1m<smg-pc-game>[0m cache compiling.debug src/Game/Demo/DemoActionKeeper.cpp[0m
[0m[38;5;2;1m[ 10%]:[0m [38;5;5;1m<smg-pc-game>[0m cache compiling.debug src/Game/Demo/DemoTimeKeeper.cpp[0m
[0m[38;5;2;1m[ 10%]:[0m [38;5;5;1m<smg-pc-game>[0m cache compiling.debug src/Game/Demo/DemoFunction.cpp[0m
[0m[38;5;2;1m[ 11%]:[0m [38;5;5;1m<smg-pc-game>[0m cache compiling.debug src/Game/Gravity/PlanetGravity.cpp[0m
[0m[38;5;2;1m[ 11%]:[0m [38;5;5;1m<smg-pc-game>[0m cache compiling.debug src/Game/Gravity/ParallelGravity.cpp[0m
[0m[38;5;2;1m[ 11%]:[0m [38;5;5;1m<smg-pc-game>[0m cache compiling.debug src/Game/Gravity/GlobalGravityObj.cpp[0m
[0m[38;5;2;1m[ 11%]:[0m [38;5;5;1m<smg-pc-game>[0m cache compiling.debug src/Game/Gravity/DiskTorusGravity.cpp[0m
[0m[38;5;2;1m[ 11%]:[0m [38;5;5;1m<smg-pc-game>[0m cache compiling.debug src/Game/Gravity/WireGravity.cpp[0m
[0m[38;5;2;1m[ 11%]:[0m [38;5;5;1m<smg-pc-game>[0m cache compiling.debug src/Game/Gravity/SegmentGravity.cpp[0m
[0m[38;5;2;1m[ 11%]:[0m [38;5;5;1m<smg-pc-game>[0m cache compiling.debug src/Game/Gravity/GravityCreator.cpp[0m
[0m[38;5;2;1m[ 12%]:[0m [38;5;5;1m<smg-pc-game>[0m cache compiling.debug src/Game/Gravity/PointGravity.cpp[0m
[0m[38;5;2;1m[ 12%]:[0m [38;5;5;1m<smg-pc-game>[0m cache compiling.debug src/Game/Gravity/DiskGravity.cpp[0m
[0m[38;5;2;1m[ 12%]:[0m [38;5;5;1m<smg-pc-game>[0m cache compiling.debug src/Game/GameAudio/AudBgmConductor.cpp[0m
[0m[38;5;3;1mIn file included from src/Game/Gravity/GlobalGravityObj.cpp:2:
In file included from src/Game/Util.hpp:18:
src/Game/Util/Functor.hpp:114:105: warning: GCC does not allow 'noinline' attribute in this position on a function definition [-Wgcc-compat]
  114 |     static FunctorV1M< T*, void (T::*)(U), U > Functor(T* a1, void (T::*a2)(U), U arg_0) __attribute__((noinline)) {
      |                                                                                                         ^
1 warning generated.[0m
[0m[38;5;2;1m[ 12%]:[0m [38;5;5;1m<smg-pc-game>[0m cache compiling.debug src/Game/Util/PlayerUtil.cpp[0m
[0m[38;5;3;1msrc/Game/Demo/DemoFunction.cpp:121:59: warning: GCC does not allow 'noinline' attribute in this position on a function definition [-Wgcc-compat]
  121 |     DemoTimeKeeper* getCurrentTimeKeeper() __attribute__((noinline)) {
      |                                                           ^
src/Game/Demo/DemoFunction.cpp:125:65: warning: GCC does not allow 'noinline' attribute in this position on a function definition [-Wgcc-compat]
  125 |     DemoSubPartKeeper* getCurrentSubPartKeeper() __attribute__((noinline)) {
      |                                                                 ^
src/Game/Demo/DemoFunction.cpp:129:66: warning: GCC does not allow 'noinline' attribute in this position on a function definition [-Wgcc-compat]
  129 |     bool isCurrentMainPart(const char* pPartName) __attribute__((noinline)) {
      |                                                                  ^
3 warnings generated.[0m
[0m[38;5;2;1m[ 12%]:[0m [38;5;5;1m<smg-pc-game>[0m cache compiling.debug src/Game/Util/LayoutUtil.cpp[0m
[0m[38;5;2;1m[ 12%]:[0m [38;5;5;1m<smg-pc-game>[0m cache compiling.debug src/Game/Util/EffectUtil.cpp[0m
[0m[38;5;3;1mIn file included from src/Game/Demo/DemoSubPartKeeper.cpp:4:
In file included from src/Game/Util.hpp:18:
src/Game/Util/Functor.hpp:114:105: warning: GCC does not allow 'noinline' attribute in this position on a function definition [-Wgcc-compat]
  114 |     static FunctorV1M< T*, void (T::*)(U), U > Functor(T* a1, void (T::*a2)(U), U arg_0) __attribute__((noinline)) {
      |                                                                                                         ^
1 warning generated.[0m
[0m[38;5;2;1m[ 13%]:[0m [38;5;5;1m<smg-pc-game>[0m cache compiling.debug src/Game/Util/TalkUtil.cpp[0m
[0m[38;5;3;1mIn file included from src/Game/Gravity/DiskTorusGravity.cpp:2:
In file included from src/Game/Util.hpp:18:
src/Game/Util/Functor.hpp:114:105: warning: GCC does not allow 'noinline' attribute in this position on a function definition [-Wgcc-compat]
  114 |     static FunctorV1M< T*, void (T::*)(U), U > Functor(T* a1, void (T::*a2)(U), U arg_0) __attribute__((noinline)) {
      |                                                                                                         ^
1 warning generated.[0m
[0m[38;5;3;1mIn file included from src/Game/Gravity/PlanetGravity.cpp:2:
In file included from src/Game/Util.hpp:18:
src/Game/Util/Functor.hpp:114:105: warning: GCC does not allow 'noinline' attribute in this position on a function definition [-Wgcc-compat]
  114 |     static FunctorV1M< T*, void (T::*)(U), U > Functor(T* a1, void (T::*a2)(U), U arg_0) __attribute__((noinline)) {
      |                                                                                                         ^
1 warning generated.[0m
[0m[38;5;2;1m[ 13%]:[0m [38;5;5;1m<smg-pc-game>[0m cache compiling.debug src/Game/Util/ScreenUtil.cpp[0m
[0m[38;5;2;1m[ 13%]:[0m [38;5;5;1m<smg-pc-game>[0m cache compiling.debug src/Game/Util/BaseMatrixFollowTargetHolder.cpp[0m
[0m[38;5;3;1mIn file included from src/Game/Gravity/ParallelGravity.cpp:2:
In file included from src/Game/Util.hpp:18:
src/Game/Util/Functor.hpp:114:105: warning: GCC does not allow 'noinline' attribute in this position on a function definition [-Wgcc-compat]
  114 |     static FunctorV1M< T*, void (T::*)(U), U > Functor(T* a1, void (T::*a2)(U), U arg_0) __attribute__((noinline)) {
      |                                                                                                         ^
1 warning generated.[0m
[0m[38;5;2;1m[ 13%]:[0m [38;5;5;1m<smg-pc-game>[0m cache compiling.debug src/Game/Util/FixedPosition.cpp[0m
[0m[38;5;3;1mIn file included from src/Game/Demo/DemoActionKeeper.cpp:10:
src/Game/Util/Functor.hpp:114:105: warning: GCC does not allow 'noinline' attribute in this position on a function definition [-Wgcc-compat]
  114 |     static FunctorV1M< T*, void (T::*)(U), U > Functor(T* a1, void (T::*a2)(U), U arg_0) __attribute__((noinline)) {
      |                                                                                                         ^
src/Game/Demo/DemoActionKeeper.cpp:241:13: warning: ignoring return value of function declared with 'nodiscard' attribute [-Wunused-result]
  241 |             jmap->getValue< const char* >(i, "PartName", &info->mPartName);
      |             ^~~~~~~~~~~~~~~~~~~~~~~~~~~~~~~~~~~~~~~~~~~~~~~~~~~~~~~~~~~~~~
src/Game/Demo/DemoActionKeeper.cpp:242:13: warning: ignoring return value of function declared with 'nodiscard' attribute [-Wunused-result]
  242 |             jmap->getValue< const char* >(i, "CastName", &info->mCastName);
      |             ^~~~~~~~~~~~~~~~~~~~~~~~~~~~~~~~~~~~~~~~~~~~~~~~~~~~~~~~~~~~~~
src/Game/Demo/DemoActionKeeper.cpp:243:13: warning: ignoring return value of function declared with 'nodiscard' attribute [-Wunused-result]
  243 |             jmap->getValue< s32 >(i, "CastID", &info->mCastID);
      |             ^~~~~~~~~~~~~~~~~~~~~~~~~~~~~~~~~~~~~~~~~~~~~~~~~~
src/Game/Demo/DemoActionKeeper.cpp:244:13: warning: ignoring return value of function declared with 'nodiscard' attribute [-Wunused-result]
  244 |             jmap->getValue< s32 >(i, "ActionType", &info->mActionType);
      |             ^~~~~~~~~~~~~~~~~~~~~~~~~~~~~~~~~~~~~~~~~~~~~~~~~~~~~~~~~~[0m
[0m[38;5;2;1m[ 14%]:[0m [38;5;5;1m<smg-pc-game>[0m cache compiling.debug src/Game/Util/ActorShadowUtil.cpp[0m
[0m[38;5;3;1mIn file included from src/Game/Gravity/WireGravity.cpp:2:
In file included from src/Game/Util.hpp:18:
src/Game/Util/Functor.hpp:114:105: warning: GCC does not allow 'noinline' attribute in this position on a function definition [-Wgcc-compat]
  114 |     static FunctorV1M< T*, void (T::*)(U), U > Functor(T* a1, void (T::*a2)(U), U arg_0) __attribute__((noinline)) {
      |                                                                                                         ^
1 warning generated.[0m
[0m[38;5;2;1m[ 14%]:[0m [38;5;5;1m<smg-pc-game>[0m cache compiling.debug src/Game/Util/StarPointerUtil.cpp[0m
[0m[38;5;3;1mIn file included from src/Game/Demo/DemoExecutor.cpp:15:
src/Game/Util/Functor.hpp:114:105: warning: GCC does not allow 'noinline' attribute in this position on a function definition [-Wgcc-compat]
  114 |     static FunctorV1M< T*, void (T::*)(U), U > Functor(T* a1, void (T::*a2)(U), U arg_0) __attribute__((noinline)) {
      |                                                                                                         ^
1 warning generated.[0m
[0m[38;5;2;1m[ 14%]:[0m [38;5;5;1m<smg-pc-game>[0m cache compiling.debug src/Game/Util/MemoryUtil.cpp[0m
[0m[38;5;2;1m[ 14%]:[0m [38;5;5;1m<smg-pc-game>[0m cache compiling.debug src/Game/Util/DemoUtil.cpp[0m
[0m[38;5;2;1m[ 15%]:[0m [38;5;5;1m<smg-pc-game>[0m cache compiling.debug src/Game/Util/FurCtrl.cpp[0m
[0m[38;5;3;1mIn file included from src/Game/Gravity/PointGravity.cpp:2:
In file included from src/Game/Util.hpp:18:
src/Game/Util/Functor.hpp:114:105: warning: GCC does not allow 'noinline' attribute in this position on a function definition [-Wgcc-compat]
  114 |     static FunctorV1M< T*, void (T::*)(U), U > Functor(T* a1, void (T::*a2)(U), U arg_0) __attribute__((noinline)) {
      |                                                                                                         ^
1 warning generated.[0m
[0m[38;5;2;1m[ 15%]:[0m [38;5;5;1m<smg-pc-game>[0m cache compiling.debug src/Game/Util/NPCUtil.cpp[0m
[0m[38;5;2;1m[ 15%]:[0m [38;5;5;1m<smg-pc-game>[0m cache compiling.debug src/Game/Util/ObjUtil.cpp[0m
[0m[38;5;2;1m[ 15%]:[0m [38;5;5;1m<smg-pc-game>[0m cache compiling.debug src/Game/Util/ActorMovementUtil.cpp[0m
[0m[38;5;3;1mIn file included from src/Game/Gravity/GravityCreator.cpp:2:
In file included from src/Game/Util.hpp:18:
src/Game/Util/Functor.hpp:114:105: warning: GCC does not allow 'noinline' attribute in this position on a function definition [-Wgcc-compat]
  114 |     static FunctorV1M< T*, void (T::*)(U), U > Functor(T* a1, void (T::*a2)(U), U arg_0) __attribute__((noinline)) {
      |                                                                                                         ^
1 warning generated.[0m
[0m[38;5;2;1m[ 15%]:[0m [38;5;5;1m<smg-pc-game>[0m cache compiling.debug src/Game/Util/ActorSwitchUtil.cpp[0m
[0m[38;5;3;1mIn file included from src/Game/Gravity/SegmentGravity.cpp:2:
In file included from src/Game/Util.hpp:18:
src/Game/Util/Functor.hpp:114:105: warning: GCC does not allow 'noinline' attribute in this position on a function definition [-Wgcc-compat]
  114 |     static FunctorV1M< T*, void (T::*)(U), U > Functor(T* a1, void (T::*a2)(U), U arg_0) __attribute__((noinline)) {
      |                                                                                                         ^
1 warning generated.[0m
[0m[38;5;2;1m[ 15%]:[0m [38;5;5;1m<smg-pc-game>[0m cache compiling.debug src/Game/Util/LightUtil.cpp[0m
[0m[38;5;2;1m[ 15%]:[0m [38;5;5;1m<smg-pc-game>[0m cache compiling.debug src/Game/Util/LiveActorUtil.cpp[0m
[0m[38;5;3;1mIn file included from src/Game/Gravity/DiskGravity.cpp:2:
In file included from src/Game/Util.hpp:18:
src/Game/Util/Functor.hpp:114:105: warning: GCC does not allow 'noinline' attribute in this position on a function definition [-Wgcc-compat]
  114 |     static FunctorV1M< T*, void (T::*)(U), U > Functor(T* a1, void (T::*a2)(U), U arg_0) __attribute__((noinline)) {
      |                                                                                                         ^
1 warning generated.[0m
[0m[38;5;2;1m[ 15%]:[0m [38;5;5;1m<smg-pc-game>[0m cache compiling.debug src/Game/Util/DrawUtil.cpp[0m
[0m[38;5;2;1m[ 16%]:[0m [38;5;5;1m<smg-pc-game>[0m cache compiling.debug src/Game/Util/JMapUtil.cpp[0m
[0m[38;5;2;1m[ 16%]:[0m [38;5;5;1m<smg-pc-game>[0m cache compiling.debug src/Game/Util/EventUtil.cpp[0m
[0m[38;5;2;1m[ 16%]:[0m [38;5;5;1m<smg-pc-game>[0m cache compiling.debug src/Game/Util/SceneUtil.cpp[0m
[0m[38;5;2;1m[ 16%]:[0m [38;5;5;1m<smg-pc-game>[0m cache compiling.debug src/Game/Util/ActorCameraUtil.cpp[0m
[0m[38;5;3;1msrc/Game/Util/ScreenUtil.cpp:38:70: warning: GCC does not allow 'noinline' attribute in this position on a function definition [-Wgcc-compat]
   38 |     CaptureScreenDirector* getCaptureScreenDirector() __attribute__((noinline)) {
      |                                                                      ^
src/Game/Util/ScreenUtil.cpp:42:56: warning: GCC does not allow 'noinline' attribute in this position on a function definition [-Wgcc-compat]
   42 |     PlayTimerScene* getPlayTimerScene() __attribute__((noinline)) {
      |                                                        ^
src/Game/Util/ScreenUtil.cpp:60:50: warning: GCC does not allow 'noinline' attribute in this position on a function definition [-Wgcc-compat]
   60 |     StarCounter* getStarCounter() __attribute__((noinline)) {
      |                                                  ^
src/Game/Util/ScreenUtil.cpp:64:60: warning: GCC does not allow 'noinline' attribute in this position on a function definition [-Wgcc-compat]
   64 |     StarPieceCounter* getStarPieceCounter() __attribute__((noinline)) {
      |                                                            ^
4 warnings generated.[0m
[0m[38;5;2;1m[ 16%]:[0m [38;5;5;1m<smg-pc-game>[0m cache compiling.debug src/Game/Util/MessageUtil.cpp[0m
[0m[38;5;2;1m[ 17%]:[0m [38;5;5;1m<smg-pc-game>[0m cache compiling.debug src/Game/Util/CameraUtil.cpp[0m
[0m[38;5;2;1m[ 17%]:[0m [38;5;5;1m<smg-pc-game>[0m cache compiling.debug src/Game/Util/FootPrint.cpp[0m
[0m[38;5;2;1m[ 18%]:[0m [38;5;5;1m<smg-pc-game>[0m cache compiling.debug src/Game/NWC24/NWC24Messenger.cpp[0m
[0m[38;5;3;1mIn file included from src/Game/Util/StarPointerUtil.cpp:5:
In file included from src/Game/Screen/LayoutManager.hpp:6:
In file included from src/nw4r/lyt/layout.h:3:
In file included from src/nw4r/lyt/animation.h:3:
src/nw4r/lyt/common.h:14:28: warning: comparison of different enumeration types ('_GXTexFmt' (aka 'GXTexFmt') and 'GXCITexFmt') is deprecated [-Wdeprecated-enum-compare]
   14 |                 return fmt == GX_TF_C4 || fmt == GX_TF_C8 || fmt == GX_TF_C14X2;
      |                        ~~~ ^  ~~~~~~~~
src/nw4r/lyt/common.h:14:47: warning: comparison of different enumeration types ('_GXTexFmt' (aka 'GXTexFmt') and 'GXCITexFmt') is deprecated [-Wdeprecated-enum-compare]
   14 |                 return fmt == GX_TF_C4 || fmt == GX_TF_C8 || fmt == GX_TF_C14X2;
      |                                           ~~~ ^  ~~~~~~~~
src/nw4r/lyt/common.h:14:66: warning: comparison of different enumeration types ('_GXTexFmt' (aka 'GXTexFmt') and 'GXCITexFmt') is deprecated [-Wdeprecated-enum-compare]
   14 |                 return fmt == GX_TF_C4 || fmt == GX_TF_C8 || fmt == GX_TF_C14X2;
      |                                                              ~~~ ^  ~~~~~~~~~~~
In file included from src/Game/Util/StarPointerUtil.cpp:5:
In file included from src/Game/Screen/LayoutManager.hpp:6:
In file included from src/nw4r/lyt/layout.h:4:[0m
[0m[38;5;2;1m[ 20%]:[0m [38;5;5;1m<smg-pc-game>[0m cache compiling.debug src/Game/Camera/CameraLocalUtil.cpp[0m
[0m[38;5;3;1mIn file included from src/Game/Util/FurCtrl.cpp:9:
In file included from src/Game/Util.hpp:18:
src/Game/Util/Functor.hpp:114:105: warning: GCC does not allow 'noinline' attribute in this position on a function definition [-Wgcc-compat]
  114 |     static FunctorV1M< T*, void (T::*)(U), U > Functor(T* a1, void (T::*a2)(U), U arg_0) __attribute__((noinline)) {
      |                                                                                                         ^
src/Game/Util/FurCtrl.cpp:150:9: warning: 'sprintf' is deprecated: This function is provided for compatibility reasons only.  Due to security concerns inherent in the design of sprintf(3), it is highly recommended that you use snprintf(3) instead. [-Wdeprecated-declarations]
  150 |         sprintf(name, (::smgpc::compat::cp932::EncodedLiteral<::smgpc::compat::cp932::Utf8Literal{"レイヤ %d"}>::value.bytes), i);
      |         ^
/Applications/Xcode.app/Contents/Developer/Platforms/MacOSX.platform/Developer/SDKs/MacOSX27.0.sdk/usr/include/_stdio.h:278:16: note: 'sprintf' has been explicitly marked deprecated here
  278 | __attribute__((__deprecated__("This function is provided for compatibility reasons only.  Due to security concerns inherent in the design of sprintf(3), it is highly recommended that you use snprintf(3) instead.")))
      |                ^
src/Game/Util/FurCtrl.cpp:186:9: warning: 'sprintf' is deprecated: This function is provided for compatibility reasons only.  Due to security concerns inherent in the design of sprintf(3), it is highly recommended that you use snprintf(3) instead. [-Wdeprecated-declarations]
  186 |         sprintf(name, (::smgpc::compat::cp932::EncodedLiteral<::smgpc::compat::cp932::Utf8Literal{"レイヤ(コピー) %d"}>::value.bytes), i);
      |         ^
/Applications/Xcode.app/Contents/Developer/Platforms/MacOSX.platform/Developer/SDKs/MacOSX27.0.sdk/usr/include/_stdio.h:278:16: note: 'sprintf' has been explicitly marked deprecated here
  278 | __attribute__((__deprecated__("This function is provided for compatibility reasons only.  Due to security concerns inherent in the design of sprintf(3), it is highly recommended that you use snprintf(3) instead.")))[0m
[0m[38;5;2;1m[ 23%]:[0m [38;5;5;1m<smg-pc-game>[0m cache compiling.debug src/Game/Camera/CameraDirector.cpp[0m
[0m[38;5;2;1m[ 26%]:[0m [38;5;5;1m<smg-pc-game>[0m cache compiling.debug src/Game/Camera/CamTranslatorCharmedVecRegTower.cpp[0m
[0m[38;5;3;1mIn file included from src/Game/Util/LayoutUtil.cpp:4:
In file included from src/Game/Screen/LayoutCoreUtil.hpp:4:
src/nw4r/lyt/pane.h:37:37: warning: 'offsetof' on non-standard-layout type 'detail::PaneBase' [-Winvalid-offsetof]
   37 |         typedef ut::LinkList< Pane, __builtin_offsetof(detail::PaneBase, mLink) > PaneList;
      |                                     ^                                    ~~~~~
In file included from src/Game/Util/LayoutUtil.cpp:4:
In file included from src/Game/Screen/LayoutCoreUtil.hpp:5:
In file included from src/nw4r/lyt/textBox.h:3:
src/nw4r/lyt/common.h:14:28: warning: comparison of different enumeration types ('_GXTexFmt' (aka 'GXTexFmt') and 'GXCITexFmt') is deprecated [-Wdeprecated-enum-compare]
   14 |                 return fmt == GX_TF_C4 || fmt == GX_TF_C8 || fmt == GX_TF_C14X2;
      |                        ~~~ ^  ~~~~~~~~
src/nw4r/lyt/common.h:14:47: warning: comparison of different enumeration types ('_GXTexFmt' (aka 'GXTexFmt') and 'GXCITexFmt') is deprecated [-Wdeprecated-enum-compare]
   14 |                 return fmt == GX_TF_C4 || fmt == GX_TF_C8 || fmt == GX_TF_C14X2;
      |                                           ~~~ ^  ~~~~~~~~
src/nw4r/lyt/common.h:14:66: warning: comparison of different enumeration types ('_GXTexFmt' (aka 'GXTexFmt') and 'GXCITexFmt') is deprecated [-Wdeprecated-enum-compare]
   14 |                 return fmt == GX_TF_C4 || fmt == GX_TF_C8 || fmt == GX_TF_C14X2;[0m
[0m[38;5;2;1m[ 26%]:[0m [38;5;5;1m<smg-pc-game>[0m cache compiling.debug src/Game/Camera/CameraCover.cpp[0m
[0m[38;5;3;1mIn file included from src/app/OriginalGameApplication.cpp:11:
In file included from src/Game/System/FileLoader.hpp:3:
In file included from src/Game/System/ArchiveHolder.hpp:4:
In file included from src/JSystem/JKernel/JKRMemArchive.hpp:3:
src/JSystem/JKernel/JKRArchive.hpp:122:33: warning: 'getResource' overrides a member function but is not marked 'override' [-Winconsistent-missing-override]
  122 |     [[nodiscard]] virtual void *getResource(const char *pPath) const;
      |                                 ^
src/JSystem/JKernel/JKRFileLoader.hpp:15:19: note: overridden virtual function is here
   15 |     virtual void* getResource(const char*) const = 0;
      |                   ^
In file included from src/app/OriginalGameApplication.cpp:11:
In file included from src/Game/System/FileLoader.hpp:3:
In file included from src/Game/System/ArchiveHolder.hpp:4:
In file included from src/JSystem/JKernel/JKRMemArchive.hpp:3:
src/JSystem/JKernel/JKRArchive.hpp:124:33: warning: 'getResource' overrides a member function but is not marked 'override' [-Winconsistent-missing-override]
  124 |     [[nodiscard]] virtual void *getResource(std::uint32_t, const char *pPath) const;[0m
[0m[38;5;2;1m[ 27%]:[0m [38;5;5;1m<smg-pc-game>[0m cache compiling.debug src/Game/LiveActor/MirrorActor.cpp[0m
[0m[38;5;2;1m[ 27%]:[0m [38;5;5;1m<smg-pc-game>[0m cache compiling.debug src/Game/LiveActor/ActorLightCtrl.cpp[0m
[0m[38;5;2;1m[ 27%]:[0m [38;5;5;1m<smg-pc-game>[0m cache compiling.debug src/Game/LiveActor/ActorAnimKeeper.cpp[0m
[0m[38;5;2;1m[ 27%]:[0m [38;5;5;1m<smg-pc-game>[0m cache compiling.debug src/Game/LiveActor/ActorPadAndCameraCtrl.cpp[0m
[0m[38;5;3;1mIn file included from src/Game/Util/JMapUtil.cpp:2:
In file included from src/Game/Util.hpp:18:
src/Game/Util/Functor.hpp:114:105: warning: GCC does not allow 'noinline' attribute in this position on a function definition [-Wgcc-compat]
  114 |     static FunctorV1M< T*, void (T::*)(U), U > Functor(T* a1, void (T::*a2)(U), U arg_0) __attribute__((noinline)) {
      |                                                                                                         ^
src/Game/Util/JMapUtil.cpp:143:103: warning: GCC does not allow 'noinline' attribute in this position on a function definition [-Wgcc-compat]
  143 |     bool getJMapInfoArgNoInit(const JMapInfoIter& rIter, const char* pName, s32* pOut) __attribute__((noinline)) {
      |                                                                                                       ^
src/Game/Util/JMapUtil.cpp:159:103: warning: GCC does not allow 'noinline' attribute in this position on a function definition [-Wgcc-compat]
  159 |     bool getJMapInfoArgNoInit(const JMapInfoIter& rIter, const char* pName, f32* pOut) __attribute__((noinline)) {
      |                                                                                                       ^
src/Game/Util/JMapUtil.cpp:171:104: warning: GCC does not allow 'noinline' attribute in this position on a function definition [-Wgcc-compat]
  171 |     bool getJMapInfoArgNoInit(const JMapInfoIter& rIter, const char* pName, bool* pOut) __attribute__((noinline)) {
      |                                                                                                        ^
src/Game/Util/JMapUtil.cpp:414:5: warning: ignoring return value of function declared with 'nodiscard' attribute [-Wunused-result]
  414 |     rIter.getValue< s32 >("DemoGroupId", &groupID);[0m
[0m[38;5;2;1m[ 28%]:[0m [38;5;5;1m<smg-pc-game>[0m cache compiling.debug src/Game/LiveActor/SensorHitChecker.cpp[0m
[0m[38;5;2;1m[ 28%]:[0m [38;5;5;1m<smg-pc-game>[0m cache compiling.debug src/Game/LiveActor/ClippingJudge.cpp[0m
[0m[38;5;2;1m[ 28%]:[0m [38;5;5;1m<smg-pc-game>[0m cache compiling.debug src/Game/LiveActor/MaterialCtrl.cpp[0m
[0m[38;5;3;1msrc/Game/Util/ActorMovementUtil.cpp:2:10: warning: non-portable path to file '"Game/Animation/XanimeCore.hpp"'; specified path differs in case from file name on disk [-Wnonportable-include-path]
    2 | #include "Game/Animation/Xanimecore.hpp"
      |          ^~~~~~~~~~~~~~~~~~~~~~~~~~~~~~~
      |          "Game/Animation/XanimeCore.hpp"
1 warning generated.
In file included from src/Game/Util/ActorMovementUtil.cpp:2:
In file included from src/Game/Animation/Xanimecore.hpp:3:
In file included from src/JSystem/J3DGraphAnimator/J3DJoint.hpp:4:
In file included from src/JSystem/J3DGraphBase/J3DMaterial.hpp:3:
src/JSystem/J3DGraphBase/J3DMatBlock.hpp:248:35: warning: result of comparison of constant 65535 with expression of type 'const u8' (aka 'const unsigned char') is always false [-Wtautological-constant-out-of-range-compare]
  248 |         u32 ambSrc = info.mAmbSrc == 0xFFFF ? 0 : info.mAmbSrc;
      |                      ~~~~~~~~~~~~ ^  ~~~~~~
In file included from src/Game/Util/ActorMovementUtil.cpp:8:
In file included from src/Game/Util.hpp:18:
src/Game/Util/Functor.hpp:114:105: warning: GCC does not allow 'noinline' attribute in this position on a function definition [-Wgcc-compat]
  114 |     static FunctorV1M< T*, void (T::*)(U), U > Functor(T* a1, void (T::*a2)(U), U arg_0) __attribute__((noinline)) {[0m
[0m[38;5;2;1m[ 28%]:[0m [38;5;5;1m<smg-pc-game>[0m cache compiling.debug src/Game/LiveActor/ClippingDirector.cpp[0m
[0m[38;5;2;1m[ 28%]:[0m [38;5;5;1m<smg-pc-game>[0m cache compiling.debug src/Game/LiveActor/MirrorCamera.cpp[0m
[0m[38;5;3;1msrc/Game/Util/ObjUtil.cpp:53:117: warning: GCC does not allow 'noinline' attribute in this position on a function definition [-Wgcc-compat]
   53 |     bool isExistFileInArcLocal(const ResourceHolder* pHolder, const char* pArchive, va_list pFormat) __attribute__((noinline)) {
      |                                                                                                                     ^
src/Game/Util/ObjUtil.cpp:60:124: warning: GCC does not allow 'noinline' attribute in this position on a function definition [-Wgcc-compat]
   60 |     JMapInfo* tryCreateCsvParserLocal(const ResourceHolder* pHolder, const char* pArchive, va_list pFormat) __attribute__((noinline)) {
      |                                                                                                                            ^
src/Game/Util/ObjUtil.cpp:571:9: warning: ignoring return value of function declared with 'nodiscard' attribute [-Wunused-result]
  571 |         pMapInfo->getValue(idx, pKey, pOut);
      |         ^~~~~~~~~~~~~~~~~~~~~~~~~~~~~~~~~~~
src/Game/Util/ObjUtil.cpp:583:9: warning: ignoring return value of function declared with 'nodiscard' attribute [-Wunused-result]
  583 |         pMapInfo->getValue< s32 >(idx, pKey, pOut);
      |         ^~~~~~~~~~~~~~~~~~~~~~~~~~~~~~~~~~~~~~~~~~
src/Game/Util/ObjUtil.cpp:589:9: warning: ignoring return value of function declared with 'nodiscard' attribute [-Wunused-result]
  589 |         pMapInfo->getValue< s32 >(idx, pKey, &val);
      |         ^~~~~~~~~~~~~~~~~~~~~~~~~~~~~~~~~~~~~~~~~~
src/Game/Util/ObjUtil.cpp:595:9: warning: ignoring return value of function declared with 'nodiscard' attribute [-Wunused-result][0m
[0m[38;5;2;1m[ 28%]:[0m [38;5;5;1m<smg-pc-game>[0m cache compiling.debug src/Game/LiveActor/ShadowSurfaceDrawer.cpp[0m
[0m[38;5;2;1m[ 29%]:[0m [38;5;5;1m<smg-pc-game>[0m cache compiling.debug src/Game/LiveActor/DisplayListMaker.cpp[0m
[0m[38;5;3;1mIn file included from src/Game/Util/CameraUtil.cpp:20:
In file included from src/Game/Util.hpp:18:
src/Game/Util/Functor.hpp:114:105: warning: GCC does not allow 'noinline' attribute in this position on a function definition [-Wgcc-compat]
  114 |     static FunctorV1M< T*, void (T::*)(U), U > Functor(T* a1, void (T::*a2)(U), U arg_0) __attribute__((noinline)) {
      |                                                                                                         ^
1 warning generated.[0m
[0m[38;5;2;1m[ 29%]:[0m [38;5;5;1m<smg-pc-game>[0m cache compiling.debug src/Game/LiveActor/ModelObj.cpp[0m
[0m[38;5;3;1msrc/Game/NWC24/NWC24Messenger.cpp:24:56: warning: GCC does not allow 'noinline' attribute in this position on a function definition [-Wgcc-compat]
   24 |     NWC24Messenger* getNWC24Messenger() __attribute__((noinline)) {
      |                                                        ^
1 warning generated.[0m
[0m[38;5;2;1m[ 29%]:[0m [38;5;5;1m<smg-pc-game>[0m cache compiling.debug src/Game/LiveActor/FlashingCtrl.cpp[0m
[0m[38;5;3;1mIn file included from src/Game/Camera/CameraCover.cpp:4:
In file included from src/Game/Util.hpp:18:
src/Game/Util/Functor.hpp:114:105: warning: GCC does not allow 'noinline' attribute in this position on a function definition [-Wgcc-compat]
  114 |     static FunctorV1M< T*, void (T::*)(U), U > Functor(T* a1, void (T::*a2)(U), U arg_0) __attribute__((noinline)) {
      |                                                                                                         ^
src/Game/Camera/CameraCover.cpp:38:17: warning: decrement of object of volatile-qualified type 'volatile s32' (aka 'volatile int') is deprecated [-Wdeprecated-volatile]
   38 |     if (_3C && !--_3C) {
      |                 ^
2 warnings generated.[0m
[0m[38;5;2;1m[ 29%]:[0m [38;5;5;1m<smg-pc-game>[0m cache compiling.debug src/Game/LiveActor/ShadowVolumeDrawer.cpp[0m
[0m[38;5;3;1mIn file included from src/Game/Camera/CamTranslatorCharmedVecRegTower.cpp:3:
In file included from src/Game/Util.hpp:18:
src/Game/Util/Functor.hpp:114:105: warning: GCC does not allow 'noinline' attribute in this position on a function definition [-Wgcc-compat]
  114 |     static FunctorV1M< T*, void (T::*)(U), U > Functor(T* a1, void (T::*a2)(U), U arg_0) __attribute__((noinline)) {
      |                                                                                                         ^
1 warning generated.[0m
[0m[38;5;2;1m[ 29%]:[0m [38;5;5;1m<smg-pc-game>[0m cache compiling.debug src/Game/LiveActor/DynamicJointCtrl.cpp[0m
[0m[38;5;3;1msrc/Game/Util/SceneUtil.cpp:28:137: warning: GCC does not allow 'noinline' attribute in this position on a function definition [-Wgcc-compat]
   28 |     void getRailInfoFromRailId(JMapInfoIter* pIter, const JMapInfo** ppInfo, const StageDataHolder* pHolder, int railId) __attribute__((noinline)) {
      |                                                                                                                                         ^
src/Game/Util/SceneUtil.cpp:199:9: warning: ignoring return value of function declared with 'nodiscard' attribute [-Wunused-result]
  199 |         iter.getValue("PosName", ppName);
      |         ^~~~~~~~~~~~~~~~~~~~~~~~~~~~~~~~
2 warnings generated.[0m
[0m[38;5;2;1m[ 30%]:[0m [38;5;5;1m<smg-pc-game>[0m cache compiling.debug src/Game/LiveActor/ShadowController.cpp[0m
[0m[38;5;2;1m[ 30%]:[0m [38;5;5;1m<smg-pc-game>[0m cache compiling.debug src/Game/LiveActor/ViewGroupCtrl.cpp[0m
[0m[38;5;2;1m[ 30%]:[0m [38;5;5;1m<smg-pc-game>[0m cache compiling.debug src/Game/LiveActor/LiveActorGroupArray.cpp[0m
[0m[38;5;2;1m[ 30%]:[0m [38;5;5;1m<smg-pc-game>[0m cache compiling.debug src/Game/LiveActor/MessageSensorHolder.cpp[0m
[0m[38;5;3;1mIn file included from src/Game/LiveActor/ActorLightCtrl.cpp:7:
In file included from src/Game/Util.hpp:18:
src/Game/Util/Functor.hpp:114:105: warning: GCC does not allow 'noinline' attribute in this position on a function definition [-Wgcc-compat]
  114 |     static FunctorV1M< T*, void (T::*)(U), U > Functor(T* a1, void (T::*a2)(U), U arg_0) __attribute__((noinline)) {
      |                                                                                                         ^
1 warning generated.[0m
[0m[38;5;2;1m[ 30%]:[0m [38;5;5;1m<smg-pc-game>[0m cache compiling.debug src/Game/LiveActor/LiveActor.cpp[0m
[0m[38;5;2;1m[ 30%]:[0m [38;5;5;1m<smg-pc-game>[0m cache compiling.debug src/Game/LiveActor/PartsModel.cpp[0m
[0m[38;5;3;1msrc/Game/LiveActor/ActorPadAndCameraCtrl.cpp:43:17: warning: ignoring return value of function declared with 'nodiscard' attribute [-Wunused-result]
   43 |                 parser->getValue(i, distanceInvalidKey, &info->mDistanceInvalid);
      |                 ^~~~~~~~~~~~~~~~~~~~~~~~~~~~~~~~~~~~~~~~~~~~~~~~~~~~~~~~~~~~~~~~
1 warning generated.[0m
[0m[38;5;2;1m[ 31%]:[0m [38;5;5;1m<smg-pc-game>[0m cache compiling.debug src/Game/LiveActor/ShadowVolumeModel.cpp[0m
[0m[38;5;3;1mIn file included from src/Game/LiveActor/MirrorCamera.cpp:4:
In file included from src/Game/Util.hpp:18:
src/Game/Util/Functor.hpp:114:105: warning: GCC does not allow 'noinline' attribute in this position on a function definition [-Wgcc-compat]
  114 |     static FunctorV1M< T*, void (T::*)(U), U > Functor(T* a1, void (T::*a2)(U), U arg_0) __attribute__((noinline)) {
      |                                                                                                         ^
1 warning generated.[0m
[0m[38;5;2;1m[ 31%]:[0m [38;5;5;1m<smg-pc-game>[0m cache compiling.debug src/Game/LiveActor/ModelManager.cpp[0m
[0m[38;5;3;1mIn file included from src/Game/Util/LiveActorUtil.cpp:4:
In file included from src/Game/Animation/XanimeCore.hpp:3:
In file included from src/JSystem/J3DGraphAnimator/J3DJoint.hpp:4:
In file included from src/JSystem/J3DGraphBase/J3DMaterial.hpp:3:
src/JSystem/J3DGraphBase/J3DMatBlock.hpp:248:35: warning: result of comparison of constant 65535 with expression of type 'const u8' (aka 'const unsigned char') is always false [-Wtautological-constant-out-of-range-compare]
  248 |         u32 ambSrc = info.mAmbSrc == 0xFFFF ? 0 : info.mAmbSrc;
      |                      ~~~~~~~~~~~~ ^  ~~~~~~
src/Game/Util/LiveActorUtil.cpp:77:126: warning: GCC does not allow 'noinline' attribute in this position on a function definition [-Wgcc-compat]
   77 |     PartsModel* createSubModel(LiveActor* pActor, const char* pSubModelName, MtxPtr pMtx, int drawBufferType) __attribute__((noinline)) {
      |                                                                                                                              ^
src/Game/Util/LiveActorUtil.cpp:94:75: warning: GCC does not allow 'noinline' attribute in this position on a function definition [-Wgcc-compat]
   94 |     void changeBckForEffectKeeper(const LiveActor* pActor) __attribute__((noinline)) {
      |                                                                           ^
src/Game/Util/LiveActorUtil.cpp:102:81: warning: GCC does not allow 'noinline' attribute in this position on a function definition [-Wgcc-compat]
  102 |     void calcCollisionMtx(TPos3f* pMtx, const LiveActor* pActor) __attribute__((noinline)) {
      |                                                                                 ^[0m
[0m[38;5;2;1m[ 31%]:[0m [38;5;5;1m<smg-pc-game>[0m cache compiling.debug src/Game/LiveActor/ClippingActorInfo.cpp[0m
[0m[38;5;3;1mIn file included from src/Game/LiveActor/ShadowSurfaceDrawer.cpp:6:
src/Game/Util/Functor.hpp:114:105: warning: GCC does not allow 'noinline' attribute in this position on a function definition [-Wgcc-compat]
  114 |     static FunctorV1M< T*, void (T::*)(U), U > Functor(T* a1, void (T::*a2)(U), U arg_0) __attribute__((noinline)) {
      |                                                                                                         ^
1 warning generated.[0m
[0m[38;5;2;1m[ 31%]:[0m [38;5;5;1m<smg-pc-game>[0m cache compiling.debug src/Game/LiveActor/MirrorReflectionModel.cpp[0m
[0m[38;5;3;1mIn file included from src/Game/LiveActor/ClippingJudge.cpp:3:
In file included from src/Game/Util.hpp:18:
src/Game/Util/Functor.hpp:114:105: warning: GCC does not allow 'noinline' attribute in this position on a function definition [-Wgcc-compat]
  114 |     static FunctorV1M< T*, void (T::*)(U), U > Functor(T* a1, void (T::*a2)(U), U arg_0) __attribute__((noinline)) {
      |                                                                                                         ^
1 warning generated.[0m
[0m[38;5;2;1m[ 31%]:[0m [38;5;5;1m<smg-pc-game>[0m cache compiling.debug src/Game/Effect/SimpleEffectObj.cpp[0m
[0m[38;5;2;1m[ 32%]:[0m [38;5;5;1m<smg-pc-game>[0m cache compiling.debug src/Game/Effect/ParticleDrawExecutor.cpp[0m
[0m[38;5;2;1m[ 32%]:[0m [38;5;5;1m<smg-pc-game>[0m cache compiling.debug src/Game/Effect/ParticleCalcExecutor.cpp[0m
[0m[38;5;2;1m[ 33%]:[0m [38;5;5;1m<smg-pc-game>[0m cache compiling.debug src/Game/Animation/BckCtrl.cpp[0m
[0m[38;5;2;1m[ 33%]:[0m [38;5;5;1m<smg-pc-game>[0m cache compiling.debug src/Game/Animation/LayoutAnmPlayer.cpp[0m
[0m[38;5;3;1mIn file included from src/Game/LiveActor/DynamicJointCtrl.cpp:2:
In file included from src/Game/Util.hpp:18:
src/Game/Util/Functor.hpp:114:105: warning: GCC does not allow 'noinline' attribute in this position on a function definition [-Wgcc-compat]
  114 |     static FunctorV1M< T*, void (T::*)(U), U > Functor(T* a1, void (T::*a2)(U), U arg_0) __attribute__((noinline)) {
      |                                                                                                         ^
1 warning generated.[0m
[0m[38;5;2;1m[ 33%]:[0m [38;5;5;1m<smg-pc-game>[0m cache compiling.debug src/Game/Enemy/KarikariDirector.cpp[0m
[0m[38;5;3;1mIn file included from src/Game/LiveActor/MessageSensorHolder.cpp:2:
In file included from src/Game/Util.hpp:18:
src/Game/Util/Functor.hpp:114:105: warning: GCC does not allow 'noinline' attribute in this position on a function definition [-Wgcc-compat]
  114 |     static FunctorV1M< T*, void (T::*)(U), U > Functor(T* a1, void (T::*a2)(U), U arg_0) __attribute__((noinline)) {
      |                                                                                                         ^
1 warning generated.[0m
[0m[38;5;2;1m[ 33%]:[0m [38;5;5;1m<smg-pc-game>[0m cache compiling.debug src/Game/Enemy/Karikari.cpp[0m
[0m[38;5;3;1mIn file included from src/Game/LiveActor/ShadowVolumeDrawer.cpp:6:
src/Game/Util/Functor.hpp:114:105: warning: GCC does not allow 'noinline' attribute in this position on a function definition [-Wgcc-compat]
  114 |     static FunctorV1M< T*, void (T::*)(U), U > Functor(T* a1, void (T::*a2)(U), U arg_0) __attribute__((noinline)) {
      |                                                                                                         ^
1 warning generated.[0m
[0m[38;5;2;1m[ 34%]:[0m [38;5;5;1m<smg-pc-game>[0m cache compiling.debug src/Game/System/GameSystemErrorWatcher.cpp[0m
[0m[38;5;2;1m[ 34%]:[0m [38;5;5;1m<smg-pc-game>[0m cache compiling.debug src/Game/System/WPadHolder.cpp[0m
[0m[38;5;2;1m[ 35%]:[0m [38;5;5;1m<smg-pc-game>[0m cache compiling.debug src/Game/System/StarPointerOnOffController.cpp[0m
[0m[38;5;3;1mIn file included from src/Game/LiveActor/DisplayListMaker.cpp:5:
In file included from src/Game/Util.hpp:18:
src/Game/Util/Functor.hpp:114:105: warning: GCC does not allow 'noinline' attribute in this position on a function definition [-Wgcc-compat]
  114 |     static FunctorV1M< T*, void (T::*)(U), U > Functor(T* a1, void (T::*a2)(U), U arg_0) __attribute__((noinline)) {
      |                                                                                                         ^
In file included from src/Game/LiveActor/DisplayListMaker.cpp:7:
In file included from src/JSystem/J3DGraphBase/J3DMaterial.hpp:3:
src/JSystem/J3DGraphBase/J3DMatBlock.hpp:248:35: warning: result of comparison of constant 65535 with expression of type 'const u8' (aka 'const unsigned char') is always false [-Wtautological-constant-out-of-range-compare]
  248 |         u32 ambSrc = info.mAmbSrc == 0xFFFF ? 0 : info.mAmbSrc;
      |                      ~~~~~~~~~~~~ ^  ~~~~~~
2 warnings generated.[0m
[0m[38;5;2;1m[ 35%]:[0m [38;5;5;1m<smg-pc-game>[0m cache compiling.debug src/Game/System/GameSystemStationedArchiveLoader.cpp[0m
[0m[38;5;3;1mIn file included from src/Game/LiveActor/MaterialCtrl.cpp:3:
In file included from src/Game/Util.hpp:18:
src/Game/Util/Functor.hpp:114:105: warning: GCC does not allow 'noinline' attribute in this position on a function definition [-Wgcc-compat]
  114 |     static FunctorV1M< T*, void (T::*)(U), U > Functor(T* a1, void (T::*a2)(U), U arg_0) __attribute__((noinline)) {
      |                                                                                                         ^
In file included from src/Game/LiveActor/MaterialCtrl.cpp:6:
In file included from src/JSystem/J3DGraphBase/J3DMaterial.hpp:3:
src/JSystem/J3DGraphBase/J3DMatBlock.hpp:248:35: warning: result of comparison of constant 65535 with expression of type 'const u8' (aka 'const unsigned char') is always false [-Wtautological-constant-out-of-range-compare]
  248 |         u32 ambSrc = info.mAmbSrc == 0xFFFF ? 0 : info.mAmbSrc;
      |                      ~~~~~~~~~~~~ ^  ~~~~~~
2 warnings generated.[0m
[0m[38;5;2;1m[ 36%]:[0m [38;5;5;1m<smg-pc-game>[0m cache compiling.debug src/Game/System/LayoutHolder.cpp[0m
[0m[38;5;3;1mIn file included from src/Game/LiveActor/ShadowVolumeModel.cpp:2:
In file included from src/Game/Util.hpp:18:
src/Game/Util/Functor.hpp:114:105: warning: GCC does not allow 'noinline' attribute in this position on a function definition [-Wgcc-compat]
  114 |     static FunctorV1M< T*, void (T::*)(U), U > Functor(T* a1, void (T::*a2)(U), U arg_0) __attribute__((noinline)) {
      |                                                                                                         ^
1 warning generated.[0m
[0m[38;5;2;1m[ 36%]:[0m [38;5;5;1m<smg-pc-game>[0m cache compiling.debug src/Game/System/NANDErrorSequence.cpp[0m
[0m[38;5;2;1m[ 36%]:[0m [38;5;5;1m<smg-pc-game>[0m cache compiling.debug src/Game/System/GameDataConst.cpp[0m
[0m[38;5;3;1mIn file included from src/Game/Util/DrawUtil.cpp:10:
In file included from src/JSystem/J3DGraphAnimator/J3DJoint.hpp:4:
In file included from src/JSystem/J3DGraphBase/J3DMaterial.hpp:3:
src/JSystem/J3DGraphBase/J3DMatBlock.hpp:248:35: warning: result of comparison of constant 65535 with expression of type 'const u8' (aka 'const unsigned char') is always false [-Wtautological-constant-out-of-range-compare]
  248 |         u32 ambSrc = info.mAmbSrc == 0xFFFF ? 0 : info.mAmbSrc;
      |                      ~~~~~~~~~~~~ ^  ~~~~~~
1 warning generated.[0m
[0m[38;5;2;1m[ 36%]:[0m [38;5;5;1m<smg-pc-game>[0m cache compiling.debug src/Game/System/SaveDataHandleSequence.cpp[0m
[0m[38;5;2;1m[ 37%]:[0m [38;5;5;1m<smg-pc-game>[0m cache compiling.debug src/Game/System/HomeButtonStateNotifier.cpp[0m
[0m[38;5;2;1m[ 37%]:[0m [38;5;5;1m<smg-pc-game>[0m cache compiling.debug src/Game/System/SaveDataBannerCreator.cpp[0m
[0m[38;5;3;1mIn file included from src/Game/LiveActor/ClippingActorInfo.cpp:5:
In file included from src/Game/Util.hpp:18:
src/Game/Util/Functor.hpp:114:105: warning: GCC does not allow 'noinline' attribute in this position on a function definition [-Wgcc-compat]
  114 |     static FunctorV1M< T*, void (T::*)(U), U > Functor(T* a1, void (T::*a2)(U), U arg_0) __attribute__((noinline)) {
      |                                                                                                         ^
1 warning generated.[0m
[0m[38;5;2;1m[ 37%]:[0m [38;5;5;1m<smg-pc-game>[0m cache compiling.debug src/Game/System/GameSystemSceneController.cpp[0m
[0m[38;5;3;1mIn file included from src/Game/Effect/SimpleEffectObj.cpp:7:
src/Game/Util/Functor.hpp:114:105: warning: GCC does not allow 'noinline' attribute in this position on a function definition [-Wgcc-compat]
  114 |     static FunctorV1M< T*, void (T::*)(U), U > Functor(T* a1, void (T::*a2)(U), U arg_0) __attribute__((noinline)) {
      |                                                                                                         ^
1 warning generated.[0m
[0m[38;5;2;1m[ 37%]:[0m [38;5;5;1m<smg-pc-game>[0m cache compiling.debug src/Game/System/StorySequenceExecutor.cpp[0m
[0m[38;5;3;1mIn file included from src/Game/Effect/ParticleDrawExecutor.cpp:7:
src/Game/Util/Functor.hpp:114:105: warning: GCC does not allow 'noinline' attribute in this position on a function definition [-Wgcc-compat]
  114 |     static FunctorV1M< T*, void (T::*)(U), U > Functor(T* a1, void (T::*a2)(U), U arg_0) __attribute__((noinline)) {
      |                                                                                                         ^
1 warning generated.[0m
[0m[38;5;2;1m[ 38%]:[0m [38;5;5;1m<smg-pc-game>[0m cache compiling.debug src/Game/System/GameSequenceProgress.cpp[0m
[0m[38;5;3;1mIn file included from src/Game/Effect/ParticleCalcExecutor.cpp:6:
src/Game/Util/Functor.hpp:114:105: warning: GCC does not allow 'noinline' attribute in this position on a function definition [-Wgcc-compat]
  114 |     static FunctorV1M< T*, void (T::*)(U), U > Functor(T* a1, void (T::*a2)(U), U arg_0) __attribute__((noinline)) {
      |                                                                                                         ^
1 warning generated.[0m
[0m[38;5;2;1m[ 38%]:[0m [38;5;5;1m<smg-pc-game>[0m cache compiling.debug src/Game/System/GameSystemFunction.cpp[0m
[0m[38;5;3;1mIn file included from src/Game/Animation/LayoutAnmPlayer.cpp:2:
In file included from src/Game/Screen/LayoutManager.hpp:6:
In file included from src/nw4r/lyt/layout.h:3:
In file included from src/nw4r/lyt/animation.h:3:
src/nw4r/lyt/common.h:14:28: warning: comparison of different enumeration types ('_GXTexFmt' (aka 'GXTexFmt') and 'GXCITexFmt') is deprecated [-Wdeprecated-enum-compare]
   14 |                 return fmt == GX_TF_C4 || fmt == GX_TF_C8 || fmt == GX_TF_C14X2;
      |                        ~~~ ^  ~~~~~~~~
src/nw4r/lyt/common.h:14:47: warning: comparison of different enumeration types ('_GXTexFmt' (aka 'GXTexFmt') and 'GXCITexFmt') is deprecated [-Wdeprecated-enum-compare]
   14 |                 return fmt == GX_TF_C4 || fmt == GX_TF_C8 || fmt == GX_TF_C14X2;
      |                                           ~~~ ^  ~~~~~~~~
src/nw4r/lyt/common.h:14:66: warning: comparison of different enumeration types ('_GXTexFmt' (aka 'GXTexFmt') and 'GXCITexFmt') is deprecated [-Wdeprecated-enum-compare]
   14 |                 return fmt == GX_TF_C4 || fmt == GX_TF_C8 || fmt == GX_TF_C14X2;
      |                                                              ~~~ ^  ~~~~~~~~~~~
In file included from src/Game/Animation/LayoutAnmPlayer.cpp:2:
In file included from src/Game/Screen/LayoutManager.hpp:6:
In file included from src/nw4r/lyt/layout.h:4:[0m
[0m[38;5;2;1m[ 38%]:[0m [38;5;5;1m<smg-pc-game>[0m cache compiling.debug src/Game/System/FileHolder.cpp[0m
[0m[38;5;2;1m[ 38%]:[0m [38;5;5;1m<smg-pc-game>[0m cache compiling.debug src/Game/System/ResourceHolderManager.cpp[0m
[0m[38;5;3;1msrc/Game/System/WPadHolder.cpp:155:48: warning: GCC does not allow 'noinline' attribute in this position on a function definition [-Wgcc-compat]
  155 |     WPadHolder* getWPadHolder() __attribute__((noinline)) {
      |                                                ^
1 warning generated.[0m
[0m[38;5;2;1m[ 39%]:[0m [38;5;5;1m<smg-pc-game>[0m cache compiling.debug src/Game/System/GameSystem.cpp[0m
[0m[38;5;2;1m[ 39%]:[0m [38;5;5;1m<smg-pc-game>[0m cache compiling.debug src/Game/System/ArchiveHolder.cpp[0m
[0m[38;5;2;1m[ 39%]:[0m [38;5;5;1m<smg-pc-game>[0m cache compiling.debug src/Game/System/GameSystemObjHolder.cpp[0m
[0m[38;5;2;1m[ 39%]:[0m [38;5;5;1m<smg-pc-game>[0m cache compiling.debug src/Game/System/WPadPointer.cpp[0m
[0m[38;5;3;1mIn file included from src/Game/Animation/BckCtrl.cpp:4:
In file included from src/Game/Util.hpp:18:
src/Game/Util/Functor.hpp:114:105: warning: GCC does not allow 'noinline' attribute in this position on a function definition [-Wgcc-compat]
  114 |     static FunctorV1M< T*, void (T::*)(U), U > Functor(T* a1, void (T::*a2)(U), U arg_0) __attribute__((noinline)) {
      |                                                                                                         ^
src/Game/Animation/BckCtrl.cpp:47:13: warning: ignoring return value of function declared with 'nodiscard' attribute [-Wunused-result]
   47 |             iter.getValue("name", &name);
      |             ^~~~~~~~~~~~~~~~~~~~~~~~~~~~
src/Game/Animation/BckCtrl.cpp:49:13: warning: ignoring return value of function declared with 'nodiscard' attribute [-Wunused-result]
   49 |             iter.getValue("interpole", &interpole);
      |             ^~~~~~~~~~~~~~~~~~~~~~~~~~~~~~~~~~~~~~
src/Game/Animation/BckCtrl.cpp:51:13: warning: ignoring return value of function declared with 'nodiscard' attribute [-Wunused-result]
   51 |             iter.getValue("play_frame", &playFrame);
      |             ^~~~~~~~~~~~~~~~~~~~~~~~~~~~~~~~~~~~~~~
src/Game/Animation/BckCtrl.cpp:53:13: warning: ignoring return value of function declared with 'nodiscard' attribute [-Wunused-result]
   53 |             iter.getValue("start_frame", &startFrame);[0m
[0m[38;5;2;1m[ 39%]:[0m [38;5;5;1m<smg-pc-game>[0m cache compiling.debug src/Game/System/ResourceInfo.cpp[0m
[0m[38;5;3;1mIn file included from src/Game/LiveActor/ModelManager.cpp:8:
In file included from src/Game/Animation/XanimeCore.hpp:3:
In file included from src/JSystem/J3DGraphAnimator/J3DJoint.hpp:4:
In file included from src/JSystem/J3DGraphBase/J3DMaterial.hpp:3:
src/JSystem/J3DGraphBase/J3DMatBlock.hpp:248:35: warning: result of comparison of constant 65535 with expression of type 'const u8' (aka 'const unsigned char') is always false [-Wtautological-constant-out-of-range-compare]
  248 |         u32 ambSrc = info.mAmbSrc == 0xFFFF ? 0 : info.mAmbSrc;
      |                      ~~~~~~~~~~~~ ^  ~~~~~~
1 warning generated.[0m
[0m[38;5;2;1m[ 39%]:[0m [38;5;5;1m<smg-pc-game>[0m cache compiling.debug src/Game/System/GameSystemResetAndPowerProcess.cpp[0m
[0m[38;5;2;1m[ 41%]:[0m [38;5;5;1m<smg-pc-game>[0m cache compiling.debug src/Game/Map/FileSelectModel.cpp[0m
[0m[38;5;2;1m[ 41%]:[0m [38;5;5;1m<smg-pc-game>[0m cache compiling.debug src/Game/Map/OceanSphere.cpp[0m
[0m[38;5;2;1m[ 41%]:[0m [38;5;5;1m<smg-pc-game>[0m cache compiling.debug src/Game/Map/WaterAreaHolder.cpp[0m
[0m[38;5;3;1mIn file included from src/Game/System/GameSystemStationedArchiveLoader.cpp:9:
src/Game/Util/Functor.hpp:114:105: warning: GCC does not allow 'noinline' attribute in this position on a function definition [-Wgcc-compat]
  114 |     static FunctorV1M< T*, void (T::*)(U), U > Functor(T* a1, void (T::*a2)(U), U arg_0) __attribute__((noinline)) {
      |                                                                                                         ^
1 warning generated.[0m
[0m[38;5;2;1m[ 41%]:[0m [38;5;5;1m<smg-pc-game>[0m cache compiling.debug src/Game/Map/SwitchWatcherHolder.cpp[0m
[0m[38;5;2;1m[ 41%]:[0m [38;5;5;1m<smg-pc-game>[0m cache compiling.debug src/Game/Map/OceanHomeMapCtrl.cpp[0m
[0m[38;5;3;1mIn file included from src/Game/System/GameDataConst.cpp:4:
In file included from src/Game/Util.hpp:18:
src/Game/Util/Functor.hpp:114:105: warning: GCC does not allow 'noinline' attribute in this position on a function definition [-Wgcc-compat]
  114 |     static FunctorV1M< T*, void (T::*)(U), U > Functor(T* a1, void (T::*a2)(U), U arg_0) __attribute__((noinline)) {
      |                                                                                                         ^
src/Game/System/GameDataConst.cpp:12:5: warning: ignoring return value of function declared with 'nodiscard' attribute [-Wunused-result]
   12 |     element.getValue< u32 >("PowerStarNum", &powerStarNum);
      |     ^~~~~~~~~~~~~~~~~~~~~~~~~~~~~~~~~~~~~~~~~~~~~~~~~~~~~~
src/Game/System/GameDataConst.cpp:71:5: warning: ignoring return value of function declared with 'nodiscard' attribute [-Wunused-result]
   71 |     element.getValue< u32 >("GrandGalaxyNo", &grandGalaxyNo);
      |     ^~~~~~~~~~~~~~~~~~~~~~~~~~~~~~~~~~~~~~~~~~~~~~~~~~~~~~~~
3 warnings generated.[0m
[0m[38;5;2;1m[ 41%]:[0m [38;5;5;1m<smg-pc-game>[0m cache compiling.debug src/Game/Map/FileSelectCameraController.cpp[0m
[0m[38;5;3;1mIn file included from src/Game/System/SaveDataHandleSequence.cpp:11:
src/Game/Util/Functor.hpp:114:105: warning: GCC does not allow 'noinline' attribute in this position on a function definition [-Wgcc-compat]
  114 |     static FunctorV1M< T*, void (T::*)(U), U > Functor(T* a1, void (T::*a2)(U), U arg_0) __attribute__((noinline)) {
      |                                                                                                         ^
1 warning generated.[0m
[0m[38;5;2;1m[ 41%]:[0m [38;5;5;1m<smg-pc-game>[0m cache compiling.debug src/Game/Map/SwitchSynchronizer.cpp[0m
[0m[38;5;3;1msrc/Game/System/GameSystemFunction.cpp:33:60: warning: GCC does not allow 'noinline' attribute in this position on a function definition [-Wgcc-compat]
   33 |     AudSystemWrapper* getAudSystemWrapper() __attribute__((noinline)) {
      |                                                            ^
src/Game/System/GameSystemFunction.cpp:37:72: warning: GCC does not allow 'noinline' attribute in this position on a function definition [-Wgcc-compat]
   37 |     SaveDataHandleSequence* getSaveDataHandleSequence() __attribute__((noinline)) {
      |                                                                        ^
2 warnings generated.[0m
[0m[38;5;2;1m[ 41%]:[0m [38;5;5;1m<smg-pc-game>[0m cache compiling.debug src/Game/Map/SphereSelector.cpp[0m
[0m[38;5;2;1m[ 41%]:[0m [38;5;5;1m<smg-pc-game>[0m cache compiling.debug src/Game/Map/OceanRing.cpp[0m
[0m[38;5;3;1mIn file included from src/Game/System/FileHolder.cpp:2:
In file included from src/Game/Util.hpp:18:
src/Game/Util/Functor.hpp:114:105: warning: GCC does not allow 'noinline' attribute in this position on a function definition [-Wgcc-compat]
  114 |     static FunctorV1M< T*, void (T::*)(U), U > Functor(T* a1, void (T::*a2)(U), U arg_0) __attribute__((noinline)) {
      |                                                                                                         ^
1 warning generated.[0m
[0m[38;5;2;1m[ 42%]:[0m [38;5;5;1m<smg-pc-game>[0m cache compiling.debug src/Game/Map/RaceManager.cpp[0m
[0m[38;5;2;1m[ 42%]:[0m [38;5;5;1m<smg-pc-game>[0m cache compiling.debug src/Game/Map/LightDirector.cpp[0m
[0m[38;5;3;1mIn file included from src/Game/System/GameSystem.cpp:24:
src/Game/Util/Functor.hpp:114:105: warning: GCC does not allow 'noinline' attribute in this position on a function definition [-Wgcc-compat]
  114 |     static FunctorV1M< T*, void (T::*)(U), U > Functor(T* a1, void (T::*a2)(U), U arg_0) __attribute__((noinline)) {
      |                                                                                                         ^
1 warning generated.[0m
[0m[38;5;2;1m[ 42%]:[0m [38;5;5;1m<smg-pc-game>[0m cache compiling.debug src/Game/Map/FileSelectSky.cpp[0m
[0m[38;5;3;1msrc/Game/System/LayoutHolder.cpp:211:17: warning: 'sprintf' is deprecated: This function is provided for compatibility reasons only.  Due to security concerns inherent in the design of sprintf(3), it is highly recommended that you use snprintf(3) instead. [-Wdeprecated-declarations]
  211 |                 sprintf(path, "%s%s%s", pPath, "/", finder->mName);
      |                 ^
/Applications/Xcode.app/Contents/Developer/Platforms/MacOSX.platform/Developer/SDKs/MacOSX27.0.sdk/usr/include/_stdio.h:278:16: note: 'sprintf' has been explicitly marked deprecated here
  278 | __attribute__((__deprecated__("This function is provided for compatibility reasons only.  Due to security concerns inherent in the design of sprintf(3), it is highly recommended that you use snprintf(3) instead.")))
      |                ^
src/Game/System/LayoutHolder.cpp:232:13: warning: ignoring return value of function declared with 'nodiscard' attribute [-Wunused-result]
  232 |             mArchive->getFileAttribute(finder->mFileID);
      |             ^~~~~~~~~~~~~~~~~~~~~~~~~~~~~~~~~~~~~~~~~~~
2 warnings generated.[0m
[0m[38;5;2;1m[ 42%]:[0m [38;5;5;1m<smg-pc-game>[0m cache compiling.debug src/Game/Map/Sky.cpp[0m
[0m[38;5;3;1mIn file included from src/Game/System/GameSystemSceneController.cpp:19:
src/Game/Util/Functor.hpp:114:105: warning: GCC does not allow 'noinline' attribute in this position on a function definition [-Wgcc-compat]
  114 |     static FunctorV1M< T*, void (T::*)(U), U > Functor(T* a1, void (T::*a2)(U), U arg_0) __attribute__((noinline)) {
      |                                                                                                         ^
src/Game/System/GameSystemSceneController.cpp:31:62: warning: GCC does not allow 'noinline' attribute in this position on a function definition [-Wgcc-compat]
   31 |     AudSystemWrapper* getAudioSystemWrapper() __attribute__((noinline)) {
      |                                                              ^
2 warnings generated.[0m
[0m[38;5;2;1m[ 42%]:[0m [38;5;5;1m<smg-pc-game>[0m cache compiling.debug src/Game/Map/SpaceInner.cpp[0m
[0m[38;5;3;1mIn file included from src/Game/System/WPadPointer.cpp:2:
In file included from src/Game/Util.hpp:18:
src/Game/Util/Functor.hpp:114:105: warning: GCC does not allow 'noinline' attribute in this position on a function definition [-Wgcc-compat]
  114 |     static FunctorV1M< T*, void (T::*)(U), U > Functor(T* a1, void (T::*a2)(U), U arg_0) __attribute__((noinline)) {
      |                                                                                                         ^
1 warning generated.[0m
[0m[38;5;2;1m[ 42%]:[0m [38;5;5;1m<smg-pc-game>[0m cache compiling.debug src/Game/Map/PlanetMap.cpp[0m
[0m[38;5;3;1mIn file included from src/Game/System/ResourceInfo.cpp:2:
In file included from src/Game/Util.hpp:18:
src/Game/Util/Functor.hpp:114:105: warning: GCC does not allow 'noinline' attribute in this position on a function definition [-Wgcc-compat]
  114 |     static FunctorV1M< T*, void (T::*)(U), U > Functor(T* a1, void (T::*a2)(U), U arg_0) __attribute__((noinline)) {
      |                                                                                                         ^
1 warning generated.[0m
[0m[38;5;2;1m[ 42%]:[0m [38;5;5;1m<smg-pc-game>[0m cache compiling.debug src/Game/Map/ScenarioSelectStar.cpp[0m
[0m[38;5;2;1m[ 42%]:[0m [38;5;5;1m<smg-pc-game>[0m cache compiling.debug src/Game/Map/WaterPoint.cpp[0m
[0m[38;5;3;1mIn file included from src/Game/System/ResourceHolderManager.cpp:5:
src/Game/Util/Functor.hpp:114:105: warning: GCC does not allow 'noinline' attribute in this position on a function definition [-Wgcc-compat]
  114 |     static FunctorV1M< T*, void (T::*)(U), U > Functor(T* a1, void (T::*a2)(U), U arg_0) __attribute__((noinline)) {
      |                                                                                                         ^
1 warning generated.[0m
[0m[38;5;2;1m[ 43%]:[0m [38;5;5;1m<smg-pc-game>[0m cache compiling.debug src/Game/Map/CollisionDirector.cpp[0m
[0m[38;5;2;1m[ 43%]:[0m [38;5;5;1m<smg-pc-game>[0m cache compiling.debug src/Game/Map/LightDataHolder.cpp[0m
[0m[38;5;2;1m[ 43%]:[0m [38;5;5;1m<smg-pc-game>[0m cache compiling.debug src/Game/Map/Butterfly.cpp[0m
[0m[38;5;2;1m[ 43%]:[0m [38;5;5;1m<smg-pc-game>[0m cache compiling.debug src/Game/Map/LightZoneDataHolder.cpp[0m
[0m[38;5;2;1m[ 43%]:[0m [38;5;5;1m<smg-pc-game>[0m cache compiling.debug src/Game/Map/OceanBowl.cpp[0m
[0m[38;5;2;1m[ 43%]:[0m [38;5;5;1m<smg-pc-game>[0m cache compiling.debug src/Game/Map/Flag.cpp[0m
[0m[38;5;2;1m[ 43%]:[0m [38;5;5;1m<smg-pc-game>[0m cache compiling.debug src/Game/Map/LightFunction.cpp[0m
[0m[38;5;2;1m[ 44%]:[0m [38;5;5;1m<smg-pc-game>[0m cache compiling.debug src/Game/Map/GroupSwitchWatcher.cpp[0m
[0m[38;5;3;1mIn file included from src/Game/System/ArchiveHolder.cpp:2:
In file included from src/Game/Util.hpp:18:
src/Game/Util/Functor.hpp:114:105: warning: GCC does not allow 'noinline' attribute in this position on a function definition [-Wgcc-compat]
  114 |     static FunctorV1M< T*, void (T::*)(U), U > Functor(T* a1, void (T::*a2)(U), U arg_0) __attribute__((noinline)) {
      |                                                                                                         ^
1 warning generated.[0m
[0m[38;5;2;1m[ 44%]:[0m [38;5;5;1m<smg-pc-game>[0m cache compiling.debug src/Game/Map/SphereSelectorHandle.cpp[0m
[0m[38;5;2;1m[ 44%]:[0m [38;5;5;1m<smg-pc-game>[0m cache compiling.debug src/Game/Map/Air.cpp[0m
[0m[38;5;3;1mIn file included from src/Game/Map/SphereSelector.cpp:7:
In file included from src/Game/Util.hpp:18:
src/Game/Util/Functor.hpp:114:105: warning: GCC does not allow 'noinline' attribute in this position on a function definition [-Wgcc-compat]
  114 |     static FunctorV1M< T*, void (T::*)(U), U > Functor(T* a1, void (T::*a2)(U), U arg_0) __attribute__((noinline)) {
      |                                                                                                         ^
1 warning generated.[0m
[0m[38;5;2;1m[ 44%]:[0m [38;5;5;1m<smg-pc-game>[0m cache compiling.debug src/Game/Map/SleepControllerHolder.cpp[0m
[0m[38;5;2;1m[ 44%]:[0m [38;5;5;1m<smg-pc-game>[0m cache compiling.debug src/Game/AreaObj/AreaForm.cpp[0m
[0m[38;5;2;1m[ 45%]:[0m [38;5;5;1m<smg-pc-game>[0m cache compiling.debug src/Game/AreaObj/AreaObj.cpp[0m
[0m[38;5;3;1msrc/Game/Map/OceanRing.cpp:216:9: warning: expression result unused [-Wunused-value]
  216 |         static_cast< f32 >(index);
      |         ^~~~~~~~~~~~~~~~~~~~~~~~~
1 warning generated.[0m
[0m[38;5;2;1m[ 45%]:[0m [38;5;5;1m<smg-pc-game>[0m cache compiling.debug src/Game/AreaObj/CubeCamera.cpp[0m
[0m[38;5;3;1mIn file included from src/Game/Map/Sky.cpp:10:
src/Game/Util/Functor.hpp:114:105: warning: GCC does not allow 'noinline' attribute in this position on a function definition [-Wgcc-compat]
  114 |     static FunctorV1M< T*, void (T::*)(U), U > Functor(T* a1, void (T::*a2)(U), U arg_0) __attribute__((noinline)) {
      |                                                                                                         ^
1 warning generated.[0m
[0m[38;5;2;1m[ 45%]:[0m [38;5;5;1m<smg-pc-game>[0m cache compiling.debug src/Game/AreaObj/SwitchArea.cpp[0m
[0m[38;5;2;1m[ 45%]:[0m [38;5;5;1m<smg-pc-game>[0m cache compiling.debug src/Game/AreaObj/WarpCube.cpp[0m
[0m[38;5;2;1m[ 45%]:[0m [38;5;5;1m<smg-pc-game>[0m cache compiling.debug src/Game/AreaObj/GlaringLightArea.cpp[0m
[0m[38;5;2;1m[ 45%]:[0m [38;5;5;1m<smg-pc-game>[0m cache compiling.debug src/Game/AreaObj/CollisionArea.cpp[0m
[0m[38;5;2;1m[ 46%]:[0m [38;5;5;1m<smg-pc-game>[0m cache compiling.debug src/Game/Screen/OneUpBoard.cpp[0m
[0m[38;5;3;1mIn file included from src/Game/Map/WaterPoint.cpp:2:
In file included from src/Game/Util.hpp:18:
src/Game/Util/Functor.hpp:114:105: warning: GCC does not allow 'noinline' attribute in this position on a function definition [-Wgcc-compat]
  114 |     static FunctorV1M< T*, void (T::*)(U), U > Functor(T* a1, void (T::*a2)(U), U arg_0) __attribute__((noinline)) {
      |                                                                                                         ^
1 warning generated.[0m
[0m[38;5;2;1m[ 46%]:[0m [38;5;5;1m<smg-pc-game>[0m cache compiling.debug src/Game/Screen/CaptureScreenDirector.cpp[0m
[0m[38;5;3;1mIn file included from src/Game/Map/LightDataHolder.cpp:4:
In file included from src/Game/Util.hpp:18:
src/Game/Util/Functor.hpp:114:105: warning: GCC does not allow 'noinline' attribute in this position on a function definition [-Wgcc-compat]
  114 |     static FunctorV1M< T*, void (T::*)(U), U > Functor(T* a1, void (T::*a2)(U), U arg_0) __attribute__((noinline)) {
      |                                                                                                         ^
1 warning generated.[0m
[0m[38;5;2;1m[ 46%]:[0m [38;5;5;1m<smg-pc-game>[0m cache compiling.debug src/Game/Screen/CinemaFrame.cpp[0m
[0m[38;5;2;1m[ 46%]:[0m [38;5;5;1m<smg-pc-game>[0m cache compiling.debug src/Game/Screen/SimpleLayout.cpp[0m
[0m[38;5;2;1m[ 46%]:[0m [38;5;5;1m<smg-pc-game>[0m cache compiling.debug src/Game/Screen/StarPointerCommandStream.cpp[0m
[0m[38;5;3;1mIn file included from src/Game/Map/LightZoneDataHolder.cpp:4:
In file included from src/Game/Util.hpp:18:
src/Game/Util/Functor.hpp:114:105: warning: GCC does not allow 'noinline' attribute in this position on a function definition [-Wgcc-compat]
  114 |     static FunctorV1M< T*, void (T::*)(U), U > Functor(T* a1, void (T::*a2)(U), U arg_0) __attribute__((noinline)) {
      |                                                                                                         ^
1 warning generated.[0m
[0m[38;5;2;1m[ 46%]:[0m [38;5;5;1m<smg-pc-game>[0m cache compiling.debug src/Game/Screen/LayoutPaneCtrl.cpp[0m
[0m[38;5;3;1mIn file included from src/Game/Map/OceanBowl.cpp:7:
In file included from src/Game/Util.hpp:18:
src/Game/Util/Functor.hpp:114:105: warning: GCC does not allow 'noinline' attribute in this position on a function definition [-Wgcc-compat]
  114 |     static FunctorV1M< T*, void (T::*)(U), U > Functor(T* a1, void (T::*a2)(U), U arg_0) __attribute__((noinline)) {
      |                                                                                                         ^
1 warning generated.[0m
[0m[38;5;2;1m[ 46%]:[0m [38;5;5;1m<smg-pc-game>[0m cache compiling.debug src/Game/Screen/SystemWipeHolder.cpp[0m
[0m[38;5;2;1m[ 46%]:[0m [38;5;5;1m<smg-pc-game>[0m cache compiling.debug src/Game/Screen/PurpleCoinCounter.cpp[0m
[0m[38;5;3;1mIn file included from src/Game/Map/SphereSelectorHandle.cpp:6:
In file included from src/Game/Util.hpp:18:
src/Game/Util/Functor.hpp:114:105: warning: GCC does not allow 'noinline' attribute in this position on a function definition [-Wgcc-compat]
  114 |     static FunctorV1M< T*, void (T::*)(U), U > Functor(T* a1, void (T::*a2)(U), U arg_0) __attribute__((noinline)) {
      |                                                                                                         ^
1 warning generated.[0m
[0m[38;5;2;1m[ 46%]:[0m [38;5;5;1m<smg-pc-game>[0m cache compiling.debug src/Game/Screen/StarPointerController.cpp[0m
[0m[38;5;3;1msrc/Game/Map/LightFunction.cpp:192:96: warning: GCC does not allow 'noinline' attribute in this position on a function definition [-Wgcc-compat]
  192 |     void loadLightDiffuse(GXColor color, const TVec3f& rPos, GXLightID lightID) __attribute__((noinline)) {
      |                                                                                                ^
src/Game/Map/LightFunction.cpp:203:89: warning: GCC does not allow 'noinline' attribute in this position on a function definition [-Wgcc-compat]
  203 |     void loadLightInfoDiffuse(const LightInfo& rInfo, GXLightID lightID) __attribute__((noinline)) {
      |                                                                                         ^
2 warnings generated.[0m
[0m[38;5;2;1m[ 47%]:[0m [38;5;5;1m<smg-pc-game>[0m cache compiling.debug src/Game/Screen/CameraInfo.cpp[0m
[0m[38;5;2;1m[ 47%]:[0m [38;5;5;1m<smg-pc-game>[0m cache compiling.debug src/Game/Screen/StarPointerGuidance.cpp[0m
[0m[38;5;2;1m[ 47%]:[0m [38;5;5;1m<smg-pc-game>[0m cache compiling.debug src/Game/Screen/FileSelectButton.cpp[0m
[0m[38;5;3;1mIn file included from src/Game/Map/Air.cpp:10:
src/Game/Util/Functor.hpp:114:105: warning: GCC does not allow 'noinline' attribute in this position on a function definition [-Wgcc-compat]
  114 |     static FunctorV1M< T*, void (T::*)(U), U > Functor(T* a1, void (T::*a2)(U), U arg_0) __attribute__((noinline)) {
      |                                                                                                         ^
src/Game/Map/Air.cpp:197:41: warning: expression result unused [-Wunused-value]
  197 |     for (; curAir != &mAirs[mAirCount]; *curAir++) {
      |                                         ^~~~~~~~~
2 warnings generated.[0m
[0m[38;5;2;1m[ 47%]:[0m [38;5;5;1m<smg-pc-game>[0m cache compiling.debug src/Game/Screen/LayoutGroupCtrl.cpp[0m
[0m[38;5;2;1m[ 47%]:[0m [38;5;5;1m<smg-pc-game>[0m cache compiling.debug src/Game/Screen/MoviePlayingSequence.cpp[0m
[0m[38;5;3;1mIn file included from src/Game/Map/SleepControllerHolder.cpp:7:
src/Game/Util/Functor.hpp:114:105: warning: GCC does not allow 'noinline' attribute in this position on a function definition [-Wgcc-compat]
  114 |     static FunctorV1M< T*, void (T::*)(U), U > Functor(T* a1, void (T::*a2)(U), U arg_0) __attribute__((noinline)) {
      |                                                                                                         ^
1 warning generated.[0m
[0m[38;5;2;1m[ 47%]:[0m [38;5;5;1m<smg-pc-game>[0m cache compiling.debug src/Game/Screen/PlayerMissLeft.cpp[0m
[0m[38;5;3;1mIn file included from src/Game/AreaObj/AreaForm.cpp:2:
In file included from src/Game/Util.hpp:18:
src/Game/Util/Functor.hpp:114:105: warning: GCC does not allow 'noinline' attribute in this position on a function definition [-Wgcc-compat]
  114 |     static FunctorV1M< T*, void (T::*)(U), U > Functor(T* a1, void (T::*a2)(U), U arg_0) __attribute__((noinline)) {
      |                                                                                                         ^
src/Game/AreaObj/AreaForm.cpp:164:5: warning: ignoring return value of function declared with 'nodiscard' attribute [-Wunused-result]
  164 |     rIter.getValue< f32 >("scale_x", &scale_x);
      |     ^~~~~~~~~~~~~~~~~~~~~~~~~~~~~~~~~~~~~~~~~~
src/Game/AreaObj/AreaForm.cpp:267:5: warning: ignoring return value of function declared with 'nodiscard' attribute [-Wunused-result]
  267 |     rIter.getValue< f32 >("scale_x", &scale_x);
      |     ^~~~~~~~~~~~~~~~~~~~~~~~~~~~~~~~~~~~~~~~~~
src/Game/AreaObj/AreaForm.cpp:291:5: warning: ignoring return value of function declared with 'nodiscard' attribute [-Wunused-result]
  291 |     rIter.getValue< f32 >("scale_x", &temp);
      |     ^~~~~~~~~~~~~~~~~~~~~~~~~~~~~~~~~~~~~~~
src/Game/AreaObj/AreaForm.cpp:296:5: warning: ignoring return value of function declared with 'nodiscard' attribute [-Wunused-result]
  296 |     rIter.getValue< f32 >("scale_y", &temp);[0m
[0m[38;5;2;1m[ 47%]:[0m [38;5;5;1m<smg-pc-game>[0m cache compiling.debug src/Game/Screen/ImageEffectLocalUtil.cpp[0m
[0m[38;5;3;1mIn file included from src/Game/AreaObj/AreaObj.cpp:7:
src/Game/Util/Functor.hpp:114:105: warning: GCC does not allow 'noinline' attribute in this position on a function definition [-Wgcc-compat]
  114 |     static FunctorV1M< T*, void (T::*)(U), U > Functor(T* a1, void (T::*a2)(U), U arg_0) __attribute__((noinline)) {
      |                                                                                                         ^
1 warning generated.[0m
[0m[38;5;2;1m[ 47%]:[0m [38;5;5;1m<smg-pc-game>[0m cache compiling.debug src/Game/Screen/MiiSelect.cpp[0m
[0m[38;5;2;1m[ 47%]:[0m [38;5;5;1m<smg-pc-game>[0m cache compiling.debug src/Game/Screen/ProloguePictureBook.cpp[0m
[0m[38;5;3;1msrc/Game/AreaObj/WarpCube.cpp:111:5: warning: 'sprintf' is deprecated: This function is provided for compatibility reasons only.  Due to security concerns inherent in the design of sprintf(3), it is highly recommended that you use snprintf(3) instead. [-Wdeprecated-declarations]
  111 |     sprintf(eventName, (::smgpc::compat::cp932::EncodedLiteral<::smgpc::compat::cp932::Utf8Literal{"ワープカメラ %d-%c"}>::value.bytes), groupID, local118 + 65);
      |     ^
/Applications/Xcode.app/Contents/Developer/Platforms/MacOSX.platform/Developer/SDKs/MacOSX27.0.sdk/usr/include/_stdio.h:278:16: note: 'sprintf' has been explicitly marked deprecated here
  278 | __attribute__((__deprecated__("This function is provided for compatibility reasons only.  Due to security concerns inherent in the design of sprintf(3), it is highly recommended that you use snprintf(3) instead.")))
      |                ^
1 warning generated.[0m
[0m[38;5;2;1m[ 47%]:[0m [38;5;5;1m<smg-pc-game>[0m cache compiling.debug src/Game/Screen/Manual2P.cpp[0m
[0m[38;5;2;1m[ 48%]:[0m [38;5;5;1m<smg-pc-game>[0m cache compiling.debug src/Game/Screen/MarioSubMeter.cpp[0m
[0m[38;5;2;1m[ 48%]:[0m [38;5;5;1m<smg-pc-game>[0m cache compiling.debug src/Game/Screen/LuigiLetter.cpp[0m
[0m[38;5;2;1m[ 48%]:[0m [38;5;5;1m<smg-pc-game>[0m cache compiling.debug src/Game/Screen/PaneEffectKeeper.cpp[0m
[0m[38;5;2;1m[ 48%]:[0m [38;5;5;1m<smg-pc-game>[0m cache compiling.debug src/Game/Screen/PlayerLeft.cpp[0m
[0m[38;5;2;1m[ 48%]:[0m [38;5;5;1m<smg-pc-game>[0m cache compiling.debug src/Game/Screen/EncouragePal60Window.cpp[0m
[0m[38;5;2;1m[ 48%]:[0m [38;5;5;1m<smg-pc-game>[0m cache compiling.debug src/Game/Screen/MissLayout.cpp[0m
[0m[38;5;2;1m[ 48%]:[0m [38;5;5;1m<smg-pc-game>[0m cache compiling.debug src/Game/Screen/WipeRing.cpp[0m
[0m[38;5;3;1mIn file included from src/Game/Screen/SystemWipeHolder.cpp:7:
In file included from src/Game/Util.hpp:18:
src/Game/Util/Functor.hpp:114:105: warning: GCC does not allow 'noinline' attribute in this position on a function definition [-Wgcc-compat]
  114 |     static FunctorV1M< T*, void (T::*)(U), U > Functor(T* a1, void (T::*a2)(U), U arg_0) __attribute__((noinline)) {
      |                                                                                                         ^
1 warning generated.[0m
[0m[38;5;2;1m[ 48%]:[0m [38;5;5;1m<smg-pc-game>[0m cache compiling.debug src/Game/Screen/GameSceneLayoutHolder.cpp[0m
[0m[38;5;3;1mIn file included from src/Game/Screen/FileSelectButton.cpp:5:
src/Game/Util/Functor.hpp:114:105: warning: GCC does not allow 'noinline' attribute in this position on a function definition [-Wgcc-compat]
  114 |     static FunctorV1M< T*, void (T::*)(U), U > Functor(T* a1, void (T::*a2)(U), U arg_0) __attribute__((noinline)) {
      |                                                                                                         ^
1 warning generated.[0m
[0m[38;5;2;1m[ 48%]:[0m [38;5;5;1m<smg-pc-game>[0m cache compiling.debug src/Game/Screen/BatteryInfo.cpp[0m
[0m[38;5;2;1m[ 48%]:[0m [38;5;5;1m<smg-pc-game>[0m cache compiling.debug src/Game/Screen/ScenarioSelectLayout.cpp[0m
[0m[38;5;2;1m[ 49%]:[0m [38;5;5;1m<smg-pc-game>[0m cache compiling.debug src/Game/Screen/StarCounter.cpp[0m
[0m[38;5;3;1mIn file included from src/Game/Screen/LayoutGroupCtrl.cpp:3:
In file included from src/Game/Screen/LayoutManager.hpp:6:
In file included from src/nw4r/lyt/layout.h:3:
In file included from src/nw4r/lyt/animation.h:3:
src/nw4r/lyt/common.h:14:28: warning: comparison of different enumeration types ('_GXTexFmt' (aka 'GXTexFmt') and 'GXCITexFmt') is deprecated [-Wdeprecated-enum-compare]
   14 |                 return fmt == GX_TF_C4 || fmt == GX_TF_C8 || fmt == GX_TF_C14X2;
      |                        ~~~ ^  ~~~~~~~~
src/nw4r/lyt/common.h:14:47: warning: comparison of different enumeration types ('_GXTexFmt' (aka 'GXTexFmt') and 'GXCITexFmt') is deprecated [-Wdeprecated-enum-compare]
   14 |                 return fmt == GX_TF_C4 || fmt == GX_TF_C8 || fmt == GX_TF_C14X2;
      |                                           ~~~ ^  ~~~~~~~~
src/nw4r/lyt/common.h:14:66: warning: comparison of different enumeration types ('_GXTexFmt' (aka 'GXTexFmt') and 'GXCITexFmt') is deprecated [-Wdeprecated-enum-compare]
   14 |                 return fmt == GX_TF_C4 || fmt == GX_TF_C8 || fmt == GX_TF_C14X2;
      |                                                              ~~~ ^  ~~~~~~~~~~~
In file included from src/Game/Screen/LayoutGroupCtrl.cpp:3:
In file included from src/Game/Screen/LayoutManager.hpp:6:
In file included from src/nw4r/lyt/layout.h:4:[0m
[0m[38;5;2;1m[ 49%]:[0m [38;5;5;1m<smg-pc-game>[0m cache compiling.debug src/Game/Screen/WipeHolderBase.cpp[0m
[0m[38;5;2;1m[ 49%]:[0m [38;5;5;1m<smg-pc-game>[0m cache compiling.debug src/Game/Screen/StaffRoll.cpp[0m
[0m[38;5;2;1m[ 49%]:[0m [38;5;5;1m<smg-pc-game>[0m cache compiling.debug src/Game/Screen/BrosButton.cpp[0m
[0m[38;5;3;1mIn file included from src/Game/Screen/ImageEffectLocalUtil.cpp:7:
src/Game/Util/Functor.hpp:114:105: warning: GCC does not allow 'noinline' attribute in this position on a function definition [-Wgcc-compat]
  114 |     static FunctorV1M< T*, void (T::*)(U), U > Functor(T* a1, void (T::*a2)(U), U arg_0) __attribute__((noinline)) {
      |                                                                                                         ^
1 warning generated.[0m
[0m[38;5;2;1m[ 49%]:[0m [38;5;5;1m<smg-pc-game>[0m cache compiling.debug src/Game/Screen/PrologueLetter.cpp[0m
[0m[38;5;3;1msrc/Game/Screen/MoviePlayingSequence.cpp:176:76: warning: GCC does not allow 'noinline' attribute in this position on a function definition [-Wgcc-compat]
  176 |     const char* getMovieName(const MoviePlayingInfo* pInfo) __attribute__((noinline)) {
      |                                                                            ^
1 warning generated.[0m
[0m[38;5;2;1m[ 49%]:[0m [38;5;5;1m<smg-pc-game>[0m cache compiling.debug src/Game/Screen/SuddenDeathMeter.cpp[0m
[0m[38;5;2;1m[ 49%]:[0m [38;5;5;1m<smg-pc-game>[0m cache compiling.debug src/Game/Screen/WipeKoopa.cpp[0m
[0m[38;5;2;1m[ 49%]:[0m [38;5;5;1m<smg-pc-game>[0m cache compiling.debug src/Game/Screen/InformationObserver.cpp[0m
[0m[38;5;2;1m[ 49%]:[0m [38;5;5;1m<smg-pc-game>[0m cache compiling.debug src/Game/Screen/StarPieceCounter.cpp[0m
[0m[38;5;2;1m[ 49%]:[0m [38;5;5;1m<smg-pc-game>[0m cache compiling.debug src/Game/Screen/TimeLimitLayout.cpp[0m
[0m[38;5;3;1mIn file included from src/Game/Screen/PaneEffectKeeper.cpp:6:
In file included from src/Game/Screen/LayoutManager.hpp:6:
In file included from src/nw4r/lyt/layout.h:3:
In file included from src/nw4r/lyt/animation.h:3:
src/nw4r/lyt/common.h:14:28: warning: comparison of different enumeration types ('_GXTexFmt' (aka 'GXTexFmt') and 'GXCITexFmt') is deprecated [-Wdeprecated-enum-compare]
   14 |                 return fmt == GX_TF_C4 || fmt == GX_TF_C8 || fmt == GX_TF_C14X2;
      |                        ~~~ ^  ~~~~~~~~
src/nw4r/lyt/common.h:14:47: warning: comparison of different enumeration types ('_GXTexFmt' (aka 'GXTexFmt') and 'GXCITexFmt') is deprecated [-Wdeprecated-enum-compare]
   14 |                 return fmt == GX_TF_C4 || fmt == GX_TF_C8 || fmt == GX_TF_C14X2;
      |                                           ~~~ ^  ~~~~~~~~
src/nw4r/lyt/common.h:14:66: warning: comparison of different enumeration types ('_GXTexFmt' (aka 'GXTexFmt') and 'GXCITexFmt') is deprecated [-Wdeprecated-enum-compare]
   14 |                 return fmt == GX_TF_C4 || fmt == GX_TF_C8 || fmt == GX_TF_C14X2;
      |                                                              ~~~ ^  ~~~~~~~~~~~
In file included from src/Game/Screen/PaneEffectKeeper.cpp:6:
In file included from src/Game/Screen/LayoutManager.hpp:6:
In file included from src/nw4r/lyt/layout.h:4:[0m
[0m[38;5;2;1mcreate ok![0m
[0m[1;38;5;1;1merror: [0msrc/Game/Screen/LayoutPaneCtrl.cpp:111:45: error: no viable conversion from 'const float' to '_VEC3'
  111 |         nw4r::math::VEC3 offset(mFollowPos->x, mFollowPos->y, 0.0f);
      |                                 ~~~~~~~~~~~~^
src/nw4r/math/types.h:13:16: note: candidate constructor (the implicit copy constructor) not viable: no known conversion from 'const float' to 'const _VEC3 &' for 1st argument
   13 |         struct _VEC3
      |                ^~~~~
src/nw4r/math/types.h:13:16: note: candidate constructor (the implicit move constructor) not viable: no known conversion from 'const float' to '_VEC3 &&' for 1st argument
   13 |         struct _VEC3
      |                ^~~~~
src/Game/Screen/LayoutPaneCtrl.cpp:112:21: error: no member named 'VEC3TransformNormal' in namespace 'nw4r::math'
  112 |         nw4r::math::VEC3TransformNormal(&offset, &mPane->mMtx, &offset);
      |                     ^~~~~~~~~~~~~~~~~~~
6 warnings and 2 errors generated.
  [38;5;3m> in [1msrc/Game/Screen/LayoutPaneCtrl.cpp[0m
[0mchecking for Xcode SDK ... [38;5;2;1m/Applications/Xcode.app (sdk: 27.0, arm64-apple-macos26.0)[0m
[0mchecking for disc ... [38;5;1;1mno[0m
[0mchecking for Xcode SDK ... [38;5;2;1m/Applications/Xcode.app (sdk: 27.0, arm64-apple-macos26.0)[0m
[0m[38;5;2;1m[ 12%]:[0m [38;5;5;1m<smg-pc-game>[0m cache compiling.debug src/Game/Util/LayoutUtil.cpp[0m
[0m[38;5;2;1m[ 13%]:[0m [38;5;5;1m<smg-pc-game>[0m cache compiling.debug src/Game/Util/SystemUtil.cpp[0m
[0m[38;5;2;1m[ 33%]:[0m [38;5;5;1m<smg-pc-game>[0m cache compiling.debug src/Game/Animation/LayoutAnmPlayer.cpp[0m
[0m[38;5;2;1m[ 35%]:[0m [38;5;5;1m<smg-pc-game>[0m cache compiling.debug src/Game/System/LayoutHolder.cpp[0m
[0m[38;5;2;1m[ 46%]:[0m [38;5;5;1m<smg-pc-game>[0m cache compiling.debug src/Game/Screen/LayoutPaneCtrl.cpp[0m
[0m[38;5;3;1mIn file included from src/Game/Util/LayoutUtil.cpp:4:
In file included from src/Game/Screen/LayoutCoreUtil.hpp:4:
src/nw4r/lyt/pane.h:37:37: warning: 'offsetof' on non-standard-layout type 'detail::PaneBase' [-Winvalid-offsetof]
   37 |         typedef ut::LinkList< Pane, __builtin_offsetof(detail::PaneBase, mLink) > PaneList;
      |                                     ^                                    ~~~~~
In file included from src/Game/Util/LayoutUtil.cpp:4:
In file included from src/Game/Screen/LayoutCoreUtil.hpp:5:
In file included from src/nw4r/lyt/textBox.h:3:
src/nw4r/lyt/common.h:14:28: warning: comparison of different enumeration types ('_GXTexFmt' (aka 'GXTexFmt') and 'GXCITexFmt') is deprecated [-Wdeprecated-enum-compare]
   14 |                 return fmt == GX_TF_C4 || fmt == GX_TF_C8 || fmt == GX_TF_C14X2;
      |                        ~~~ ^  ~~~~~~~~
src/nw4r/lyt/common.h:14:47: warning: comparison of different enumeration types ('_GXTexFmt' (aka 'GXTexFmt') and 'GXCITexFmt') is deprecated [-Wdeprecated-enum-compare]
   14 |                 return fmt == GX_TF_C4 || fmt == GX_TF_C8 || fmt == GX_TF_C14X2;
      |                                           ~~~ ^  ~~~~~~~~
src/nw4r/lyt/common.h:14:66: warning: comparison of different enumeration types ('_GXTexFmt' (aka 'GXTexFmt') and 'GXCITexFmt') is deprecated [-Wdeprecated-enum-compare]
   14 |                 return fmt == GX_TF_C4 || fmt == GX_TF_C8 || fmt == GX_TF_C14X2;[0m
[0m[38;5;2;1m[ 46%]:[0m [38;5;5;1m<smg-pc-game>[0m cache compiling.debug src/Game/Screen/CustomTagProcessor.cpp[0m
[0m[38;5;3;1mIn file included from src/Game/Util/SystemUtil.cpp:21:
In file included from src/nw4r/lyt/layout.h:3:
In file included from src/nw4r/lyt/animation.h:3:
src/nw4r/lyt/common.h:14:28: warning: comparison of different enumeration types ('_GXTexFmt' (aka 'GXTexFmt') and 'GXCITexFmt') is deprecated [-Wdeprecated-enum-compare]
   14 |                 return fmt == GX_TF_C4 || fmt == GX_TF_C8 || fmt == GX_TF_C14X2;
      |                        ~~~ ^  ~~~~~~~~
src/nw4r/lyt/common.h:14:47: warning: comparison of different enumeration types ('_GXTexFmt' (aka 'GXTexFmt') and 'GXCITexFmt') is deprecated [-Wdeprecated-enum-compare]
   14 |                 return fmt == GX_TF_C4 || fmt == GX_TF_C8 || fmt == GX_TF_C14X2;
      |                                           ~~~ ^  ~~~~~~~~
src/nw4r/lyt/common.h:14:66: warning: comparison of different enumeration types ('_GXTexFmt' (aka 'GXTexFmt') and 'GXCITexFmt') is deprecated [-Wdeprecated-enum-compare]
   14 |                 return fmt == GX_TF_C4 || fmt == GX_TF_C8 || fmt == GX_TF_C14X2;
      |                                                              ~~~ ^  ~~~~~~~~~~~
In file included from src/Game/Util/SystemUtil.cpp:21:
In file included from src/nw4r/lyt/layout.h:4:
In file included from src/nw4r/lyt/group.h:4:
src/nw4r/lyt/pane.h:37:37: warning: 'offsetof' on non-standard-layout type 'detail::PaneBase' [-Winvalid-offsetof][0m
[0m[38;5;2;1m[ 46%]:[0m [38;5;5;1m<smg-pc-game>[0m cache compiling.debug src/Game/Screen/IsbnManager.cpp[0m
[0m[38;5;3;1mIn file included from src/Game/Animation/LayoutAnmPlayer.cpp:2:
In file included from src/Game/Screen/LayoutManager.hpp:6:
In file included from src/nw4r/lyt/layout.h:3:
In file included from src/nw4r/lyt/animation.h:3:
src/nw4r/lyt/common.h:14:28: warning: comparison of different enumeration types ('_GXTexFmt' (aka 'GXTexFmt') and 'GXCITexFmt') is deprecated [-Wdeprecated-enum-compare]
   14 |                 return fmt == GX_TF_C4 || fmt == GX_TF_C8 || fmt == GX_TF_C14X2;
      |                        ~~~ ^  ~~~~~~~~
src/nw4r/lyt/common.h:14:47: warning: comparison of different enumeration types ('_GXTexFmt' (aka 'GXTexFmt') and 'GXCITexFmt') is deprecated [-Wdeprecated-enum-compare]
   14 |                 return fmt == GX_TF_C4 || fmt == GX_TF_C8 || fmt == GX_TF_C14X2;
      |                                           ~~~ ^  ~~~~~~~~
src/nw4r/lyt/common.h:14:66: warning: comparison of different enumeration types ('_GXTexFmt' (aka 'GXTexFmt') and 'GXCITexFmt') is deprecated [-Wdeprecated-enum-compare]
   14 |                 return fmt == GX_TF_C4 || fmt == GX_TF_C8 || fmt == GX_TF_C14X2;
      |                                                              ~~~ ^  ~~~~~~~~~~~
In file included from src/Game/Animation/LayoutAnmPlayer.cpp:2:
In file included from src/Game/Screen/LayoutManager.hpp:6:
In file included from src/nw4r/lyt/layout.h:4:[0m
[0m[38;5;2;1m[ 47%]:[0m [38;5;5;1m<smg-pc-game>[0m cache compiling.debug src/Game/Screen/StarPointerTarget.cpp[0m
[0m[38;5;2;1m[ 47%]:[0m [38;5;5;1m<smg-pc-game>[0m cache compiling.debug src/Game/Screen/LayoutGroupCtrl.cpp[0m
[0m[38;5;2;1m[ 48%]:[0m [38;5;5;1m<smg-pc-game>[0m cache compiling.debug src/Game/Screen/PaneEffectKeeper.cpp[0m
[0m[38;5;2;1m[ 49%]:[0m [38;5;5;1m<smg-pc-game>[0m cache compiling.debug src/Game/Screen/MarioMeter.cpp[0m
[0m[38;5;2;1m[ 50%]:[0m [38;5;5;1m<smg-pc-game>[0m cache compiling.debug src/Game/Screen/GamePauseSequence.cpp[0m
[0m[38;5;2;1m[ 50%]:[0m [38;5;5;1m<smg-pc-game>[0m cache compiling.debug src/Game/Util/StarPointerUtil.cpp[0m
[0m[38;5;2;1m[ 50%]:[0m [38;5;5;1m<smg-pc-game>[0m cache compiling.debug src/Game/Screen/LensFlare.cpp[0m
[0m[38;5;2;1m[ 50%]:[0m [38;5;5;1m<smg-pc-game>[0m cache compiling.debug src/Game/Screen/LayoutManager.cpp[0m
[0m[38;5;2;1m[ 50%]:[0m [38;5;5;1m<smg-pc-game>[0m cache compiling.debug src/Game/Screen/GalaxyMapGalaxyPlain.cpp[0m
[0m[38;5;2;1m[ 50%]:[0m [38;5;5;1m<smg-pc-game>[0m cache compiling.debug src/Game/Screen/InformationMessage.cpp[0m
[0m[38;5;2;1m[ 50%]:[0m [38;5;5;1m<smg-pc-game>[0m cache compiling.debug src/Game/Screen/ImageEffectSystemHolder.cpp[0m
[0m[38;5;2;1m[ 50%]:[0m [38;5;5;1m<smg-pc-game>[0m cache compiling.debug src/Game/Screen/MovieSubtitles.cpp[0m
[0m[38;5;2;1m[ 50%]:[0m [38;5;5;1m<smg-pc-game>[0m cache compiling.debug src/Game/Screen/IconAButton.cpp[0m
[0m[38;5;2;1m[ 50%]:[0m [38;5;5;1m<smg-pc-game>[0m cache compiling.debug src/Game/Screen/YesNoLayout.cpp[0m
[0m[38;5;3;1mIn file included from src/Game/Screen/LayoutPaneCtrl.cpp:3:
In file included from src/Game/Screen/LayoutManager.hpp:6:
In file included from src/nw4r/lyt/layout.h:3:
In file included from src/nw4r/lyt/animation.h:3:
src/nw4r/lyt/common.h:14:28: warning: comparison of different enumeration types ('_GXTexFmt' (aka 'GXTexFmt') and 'GXCITexFmt') is deprecated [-Wdeprecated-enum-compare]
   14 |                 return fmt == GX_TF_C4 || fmt == GX_TF_C8 || fmt == GX_TF_C14X2;
      |                        ~~~ ^  ~~~~~~~~
src/nw4r/lyt/common.h:14:47: warning: comparison of different enumeration types ('_GXTexFmt' (aka 'GXTexFmt') and 'GXCITexFmt') is deprecated [-Wdeprecated-enum-compare]
   14 |                 return fmt == GX_TF_C4 || fmt == GX_TF_C8 || fmt == GX_TF_C14X2;
      |                                           ~~~ ^  ~~~~~~~~
src/nw4r/lyt/common.h:14:66: warning: comparison of different enumeration types ('_GXTexFmt' (aka 'GXTexFmt') and 'GXCITexFmt') is deprecated [-Wdeprecated-enum-compare]
   14 |                 return fmt == GX_TF_C4 || fmt == GX_TF_C8 || fmt == GX_TF_C14X2;
      |                                                              ~~~ ^  ~~~~~~~~~~~
In file included from src/Game/Screen/LayoutPaneCtrl.cpp:3:
In file included from src/Game/Screen/LayoutManager.hpp:6:
In file included from src/nw4r/lyt/layout.h:4:[0m
[0m[38;5;2;1m[ 50%]:[0m [38;5;5;1m<smg-pc-game>[0m cache compiling.debug src/Game/Screen/TitleSequenceProduct.cpp[0m
[0m[38;5;2;1m[ 50%]:[0m [38;5;5;1m<smg-pc-game>[0m cache compiling.debug src/Game/Screen/MeterLayout.cpp[0m
[0m[38;5;2;1m[ 50%]:[0m [38;5;5;1m<smg-pc-game>[0m cache compiling.debug src/Game/Screen/ScenarioTitle.cpp[0m
[0m[38;5;3;1msrc/Game/System/LayoutHolder.cpp:215:17: warning: 'sprintf' is deprecated: This function is provided for compatibility reasons only.  Due to security concerns inherent in the design of sprintf(3), it is highly recommended that you use snprintf(3) instead. [-Wdeprecated-declarations]
  215 |                 sprintf(path, "%s%s%s", pPath, "/", finder->mName);
      |                 ^
/Applications/Xcode.app/Contents/Developer/Platforms/MacOSX.platform/Developer/SDKs/MacOSX27.0.sdk/usr/include/_stdio.h:278:16: note: 'sprintf' has been explicitly marked deprecated here
  278 | __attribute__((__deprecated__("This function is provided for compatibility reasons only.  Due to security concerns inherent in the design of sprintf(3), it is highly recommended that you use snprintf(3) instead.")))
      |                ^
src/Game/System/LayoutHolder.cpp:236:13: warning: ignoring return value of function declared with 'nodiscard' attribute [-Wunused-result]
  236 |             mArchive->getFileAttribute(finder->mFileID);
      |             ^~~~~~~~~~~~~~~~~~~~~~~~~~~~~~~~~~~~~~~~~~~
2 warnings generated.[0m
[0m[38;5;2;1m[ 51%]:[0m [38;5;5;1m<smg-pc-game>[0m cache compiling.debug src/Game/Screen/LayoutCoreUtil.cpp[0m
[0m[38;5;3;1mIn file included from src/Game/Screen/CustomTagProcessor.cpp:1:
In file included from src/Game/Screen/CustomTagProcessor.hpp:4:
In file included from src/nw4r/lyt/textBox.h:3:
src/nw4r/lyt/common.h:14:28: warning: comparison of different enumeration types ('_GXTexFmt' (aka 'GXTexFmt') and 'GXCITexFmt') is deprecated [-Wdeprecated-enum-compare]
   14 |                 return fmt == GX_TF_C4 || fmt == GX_TF_C8 || fmt == GX_TF_C14X2;
      |                        ~~~ ^  ~~~~~~~~
src/nw4r/lyt/common.h:14:47: warning: comparison of different enumeration types ('_GXTexFmt' (aka 'GXTexFmt') and 'GXCITexFmt') is deprecated [-Wdeprecated-enum-compare]
   14 |                 return fmt == GX_TF_C4 || fmt == GX_TF_C8 || fmt == GX_TF_C14X2;
      |                                           ~~~ ^  ~~~~~~~~
src/nw4r/lyt/common.h:14:66: warning: comparison of different enumeration types ('_GXTexFmt' (aka 'GXTexFmt') and 'GXCITexFmt') is deprecated [-Wdeprecated-enum-compare]
   14 |                 return fmt == GX_TF_C4 || fmt == GX_TF_C8 || fmt == GX_TF_C14X2;
      |                                                              ~~~ ^  ~~~~~~~~~~~
In file included from src/Game/Screen/CustomTagProcessor.cpp:1:
In file included from src/Game/Screen/CustomTagProcessor.hpp:4:
In file included from src/nw4r/lyt/textBox.h:4:
src/nw4r/lyt/pane.h:37:37: warning: 'offsetof' on non-standard-layout type 'detail::PaneBase' [-Winvalid-offsetof][0m
[0m[38;5;2;1m[ 51%]:[0m [38;5;5;1m<smg-pc-game>[0m cache compiling.debug src/Game/Screen/CoinCounter.cpp[0m
[0m[38;5;3;1mIn file included from src/Game/Screen/IsbnManager.cpp:4:
In file included from src/nw4r/lyt/layout.h:3:
In file included from src/nw4r/lyt/animation.h:3:
src/nw4r/lyt/common.h:14:28: warning: comparison of different enumeration types ('_GXTexFmt' (aka 'GXTexFmt') and 'GXCITexFmt') is deprecated [-Wdeprecated-enum-compare]
   14 |                 return fmt == GX_TF_C4 || fmt == GX_TF_C8 || fmt == GX_TF_C14X2;
      |                        ~~~ ^  ~~~~~~~~
src/nw4r/lyt/common.h:14:47: warning: comparison of different enumeration types ('_GXTexFmt' (aka 'GXTexFmt') and 'GXCITexFmt') is deprecated [-Wdeprecated-enum-compare]
   14 |                 return fmt == GX_TF_C4 || fmt == GX_TF_C8 || fmt == GX_TF_C14X2;
      |                                           ~~~ ^  ~~~~~~~~
src/nw4r/lyt/common.h:14:66: warning: comparison of different enumeration types ('_GXTexFmt' (aka 'GXTexFmt') and 'GXCITexFmt') is deprecated [-Wdeprecated-enum-compare]
   14 |                 return fmt == GX_TF_C4 || fmt == GX_TF_C8 || fmt == GX_TF_C14X2;
      |                                                              ~~~ ^  ~~~~~~~~~~~
In file included from src/Game/Screen/IsbnManager.cpp:4:
In file included from src/nw4r/lyt/layout.h:4:
In file included from src/nw4r/lyt/group.h:4:
src/nw4r/lyt/pane.h:37:37: warning: 'offsetof' on non-standard-layout type 'detail::PaneBase' [-Winvalid-offsetof][0m
[0m[38;5;2;1m[ 51%]:[0m [38;5;5;1m<smg-pc-game>[0m cache compiling.debug src/Game/Screen/GalaxyCometScreenFilter.cpp[0m
[0m[38;5;3;1mIn file included from src/Game/Screen/StarPointerTarget.cpp:2:
In file included from src/Game/Screen/LayoutCoreUtil.hpp:4:
src/nw4r/lyt/pane.h:37:37: warning: 'offsetof' on non-standard-layout type 'detail::PaneBase' [-Winvalid-offsetof]
   37 |         typedef ut::LinkList< Pane, __builtin_offsetof(detail::PaneBase, mLink) > PaneList;
      |                                     ^                                    ~~~~~
In file included from src/Game/Screen/StarPointerTarget.cpp:2:
In file included from src/Game/Screen/LayoutCoreUtil.hpp:5:
In file included from src/nw4r/lyt/textBox.h:3:
src/nw4r/lyt/common.h:14:28: warning: comparison of different enumeration types ('_GXTexFmt' (aka 'GXTexFmt') and 'GXCITexFmt') is deprecated [-Wdeprecated-enum-compare]
   14 |                 return fmt == GX_TF_C4 || fmt == GX_TF_C8 || fmt == GX_TF_C14X2;
      |                        ~~~ ^  ~~~~~~~~
src/nw4r/lyt/common.h:14:47: warning: comparison of different enumeration types ('_GXTexFmt' (aka 'GXTexFmt') and 'GXCITexFmt') is deprecated [-Wdeprecated-enum-compare]
   14 |                 return fmt == GX_TF_C4 || fmt == GX_TF_C8 || fmt == GX_TF_C14X2;
      |                                           ~~~ ^  ~~~~~~~~
src/nw4r/lyt/common.h:14:66: warning: comparison of different enumeration types ('_GXTexFmt' (aka 'GXTexFmt') and 'GXCITexFmt') is deprecated [-Wdeprecated-enum-compare]
   14 |                 return fmt == GX_TF_C4 || fmt == GX_TF_C8 || fmt == GX_TF_C14X2;[0m
[0m[38;5;2;1m[ 51%]:[0m [38;5;5;1m<smg-pc-game>[0m cache compiling.debug src/Game/Screen/ImageEffectDirector.cpp[0m
[0m[38;5;3;1mIn file included from src/Game/Screen/LayoutGroupCtrl.cpp:3:
In file included from src/Game/Screen/LayoutManager.hpp:6:
In file included from src/nw4r/lyt/layout.h:3:
In file included from src/nw4r/lyt/animation.h:3:
src/nw4r/lyt/common.h:14:28: warning: comparison of different enumeration types ('_GXTexFmt' (aka 'GXTexFmt') and 'GXCITexFmt') is deprecated [-Wdeprecated-enum-compare]
   14 |                 return fmt == GX_TF_C4 || fmt == GX_TF_C8 || fmt == GX_TF_C14X2;
      |                        ~~~ ^  ~~~~~~~~
src/nw4r/lyt/common.h:14:47: warning: comparison of different enumeration types ('_GXTexFmt' (aka 'GXTexFmt') and 'GXCITexFmt') is deprecated [-Wdeprecated-enum-compare]
   14 |                 return fmt == GX_TF_C4 || fmt == GX_TF_C8 || fmt == GX_TF_C14X2;
      |                                           ~~~ ^  ~~~~~~~~
src/nw4r/lyt/common.h:14:66: warning: comparison of different enumeration types ('_GXTexFmt' (aka 'GXTexFmt') and 'GXCITexFmt') is deprecated [-Wdeprecated-enum-compare]
   14 |                 return fmt == GX_TF_C4 || fmt == GX_TF_C8 || fmt == GX_TF_C14X2;
      |                                                              ~~~ ^  ~~~~~~~~~~~
In file included from src/Game/Screen/LayoutGroupCtrl.cpp:3:
In file included from src/Game/Screen/LayoutManager.hpp:6:
In file included from src/nw4r/lyt/layout.h:4:[0m
[0m[38;5;2;1m[ 51%]:[0m [38;5;5;1m<smg-pc-game>[0m cache compiling.debug src/Game/Screen/LayoutActor.cpp[0m
[0m[38;5;3;1mIn file included from src/Game/Screen/PaneEffectKeeper.cpp:6:
In file included from src/Game/Screen/LayoutManager.hpp:6:
In file included from src/nw4r/lyt/layout.h:3:
In file included from src/nw4r/lyt/animation.h:3:
src/nw4r/lyt/common.h:14:28: warning: comparison of different enumeration types ('_GXTexFmt' (aka 'GXTexFmt') and 'GXCITexFmt') is deprecated [-Wdeprecated-enum-compare]
   14 |                 return fmt == GX_TF_C4 || fmt == GX_TF_C8 || fmt == GX_TF_C14X2;
      |                        ~~~ ^  ~~~~~~~~
src/nw4r/lyt/common.h:14:47: warning: comparison of different enumeration types ('_GXTexFmt' (aka 'GXTexFmt') and 'GXCITexFmt') is deprecated [-Wdeprecated-enum-compare]
   14 |                 return fmt == GX_TF_C4 || fmt == GX_TF_C8 || fmt == GX_TF_C14X2;
      |                                           ~~~ ^  ~~~~~~~~
src/nw4r/lyt/common.h:14:66: warning: comparison of different enumeration types ('_GXTexFmt' (aka 'GXTexFmt') and 'GXCITexFmt') is deprecated [-Wdeprecated-enum-compare]
   14 |                 return fmt == GX_TF_C4 || fmt == GX_TF_C8 || fmt == GX_TF_C14X2;
      |                                                              ~~~ ^  ~~~~~~~~~~~
In file included from src/Game/Screen/PaneEffectKeeper.cpp:6:
In file included from src/Game/Screen/LayoutManager.hpp:6:
In file included from src/nw4r/lyt/layout.h:4:[0m
[0m[38;5;2;1m[ 51%]:[0m [38;5;5;1m<smg-pc-game>[0m cache compiling.debug src/Game/Screen/SysInfoWindow.cpp[0m
[0m[38;5;2;1m[ 51%]:[0m [38;5;5;1m<smg-pc-game>[0m cache compiling.debug src/Game/Screen/CenterScreenBlur.cpp[0m
[0m[38;5;2;1m[ 52%]:[0m [38;5;5;1m<smg-pc-game>[0m cache compiling.debug src/Game/Screen/PictureBookLayout.cpp[0m
[0m[38;5;2;1m[ 52%]:[0m [38;5;5;1m<smg-pc-game>[0m cache compiling.debug src/Game/Screen/WipeGameOver.cpp[0m
[0m[38;5;2;1m[ 52%]:[0m [38;5;5;1m<smg-pc-game>[0m cache compiling.debug src/Game/Screen/WipeFade.cpp[0m
[0m[38;5;2;1m[ 52%]:[0m [38;5;5;1m<smg-pc-game>[0m cache compiling.debug src/Game/Screen/MoviePlayerSimple.cpp[0m
[0m[38;5;3;1mIn file included from src/Game/Screen/GamePauseSequence.cpp:12:
src/Game/Util/Functor.hpp:114:105: warning: GCC does not allow 'noinline' attribute in this position on a function definition [-Wgcc-compat]
  114 |     static FunctorV1M< T*, void (T::*)(U), U > Functor(T* a1, void (T::*a2)(U), U arg_0) __attribute__((noinline)) {
      |                                                                                                         ^
1 warning generated.[0m
[0m[38;5;2;1m[ 52%]:[0m [38;5;5;1m<smg-pc-game>[0m cache compiling.debug src/Game/Screen/WaterCameraFilter.cpp[0m
[0m[38;5;2;1m[ 52%]:[0m [38;5;5;1m<smg-pc-game>[0m cache compiling.debug src/Game/Screen/PauseMenu.cpp[0m
[0m[38;5;2;1m[ 52%]:[0m [38;5;5;1m<smg-pc-game>[0m cache compiling.debug src/Game/Screen/GameStageClearSequence.cpp[0m
[0m[38;5;2;1m[ 52%]:[0m [38;5;5;1m<smg-pc-game>[0m cache compiling.debug src/Game/Screen/SaveIcon.cpp[0m
[0m[38;5;2;1m[ 52%]:[0m [38;5;5;1m<smg-pc-game>[0m cache compiling.debug src/Game/Screen/StarPointerLayout.cpp[0m
[0m[38;5;3;1mIn file included from src/Game/Screen/LayoutCoreUtil.cpp:1:
In file included from src/Game/Screen/LayoutCoreUtil.hpp:4:
src/nw4r/lyt/pane.h:37:37: warning: 'offsetof' on non-standard-layout type 'detail::PaneBase' [-Winvalid-offsetof]
   37 |         typedef ut::LinkList< Pane, __builtin_offsetof(detail::PaneBase, mLink) > PaneList;
      |                                     ^                                    ~~~~~
In file included from src/Game/Screen/LayoutCoreUtil.cpp:1:
In file included from src/Game/Screen/LayoutCoreUtil.hpp:5:
In file included from src/nw4r/lyt/textBox.h:3:
src/nw4r/lyt/common.h:14:28: warning: comparison of different enumeration types ('_GXTexFmt' (aka 'GXTexFmt') and 'GXCITexFmt') is deprecated [-Wdeprecated-enum-compare]
   14 |                 return fmt == GX_TF_C4 || fmt == GX_TF_C8 || fmt == GX_TF_C14X2;
      |                        ~~~ ^  ~~~~~~~~
src/nw4r/lyt/common.h:14:47: warning: comparison of different enumeration types ('_GXTexFmt' (aka 'GXTexFmt') and 'GXCITexFmt') is deprecated [-Wdeprecated-enum-compare]
   14 |                 return fmt == GX_TF_C4 || fmt == GX_TF_C8 || fmt == GX_TF_C14X2;
      |                                           ~~~ ^  ~~~~~~~~
src/nw4r/lyt/common.h:14:66: warning: comparison of different enumeration types ('_GXTexFmt' (aka 'GXTexFmt') and 'GXCITexFmt') is deprecated [-Wdeprecated-enum-compare]
   14 |                 return fmt == GX_TF_C4 || fmt == GX_TF_C8 || fmt == GX_TF_C14X2;[0m
[0m[38;5;2;1m[ 52%]:[0m [38;5;5;1m<smg-pc-game>[0m cache compiling.debug src/Game/Screen/StarPointerDirector.cpp[0m
[0m[38;5;2;1m[ 52%]:[0m [38;5;5;1m<smg-pc-game>[0m cache compiling.debug src/Game/Screen/SubMeterLayout.cpp[0m
[0m[38;5;3;1mIn file included from src/Game/Util/StarPointerUtil.cpp:5:
In file included from src/Game/Screen/LayoutManager.hpp:6:
In file included from src/nw4r/lyt/layout.h:3:
In file included from src/nw4r/lyt/animation.h:3:
src/nw4r/lyt/common.h:14:28: warning: comparison of different enumeration types ('_GXTexFmt' (aka 'GXTexFmt') and 'GXCITexFmt') is deprecated [-Wdeprecated-enum-compare]
   14 |                 return fmt == GX_TF_C4 || fmt == GX_TF_C8 || fmt == GX_TF_C14X2;
      |                        ~~~ ^  ~~~~~~~~
src/nw4r/lyt/common.h:14:47: warning: comparison of different enumeration types ('_GXTexFmt' (aka 'GXTexFmt') and 'GXCITexFmt') is deprecated [-Wdeprecated-enum-compare]
   14 |                 return fmt == GX_TF_C4 || fmt == GX_TF_C8 || fmt == GX_TF_C14X2;
      |                                           ~~~ ^  ~~~~~~~~
src/nw4r/lyt/common.h:14:66: warning: comparison of different enumeration types ('_GXTexFmt' (aka 'GXTexFmt') and 'GXCITexFmt') is deprecated [-Wdeprecated-enum-compare]
   14 |                 return fmt == GX_TF_C4 || fmt == GX_TF_C8 || fmt == GX_TF_C14X2;
      |                                                              ~~~ ^  ~~~~~~~~~~~
In file included from src/Game/Util/StarPointerUtil.cpp:5:
In file included from src/Game/Screen/LayoutManager.hpp:6:
In file included from src/nw4r/lyt/layout.h:4:[0m
[0m[38;5;2;1m[ 52%]:[0m [38;5;5;1m<smg-pc-game>[0m cache compiling.debug src/Game/Screen/MiiConfirmIcon.cpp[0m
[0m[38;5;2;1m[ 52%]:[0m [38;5;5;1m<smg-pc-game>[0m cache compiling.debug src/Game/Screen/LogoFader.cpp[0m
[0m[38;5;3;1msrc/Game/Screen/CoinCounter.cpp:104:23: warning: ISO C++11 does not allow conversion from string literal to 'char *' [-Wwritable-strings]
  104 |     char* pPaneName = "Position001";
      |                       ^
src/Game/Screen/CoinCounter.cpp:107:21: warning: ISO C++11 does not allow conversion from string literal to 'char *' [-Wwritable-strings]
  107 |         pPaneName = "Position100";
      |                     ^
src/Game/Screen/CoinCounter.cpp:109:21: warning: ISO C++11 does not allow conversion from string literal to 'char *' [-Wwritable-strings]
  109 |         pPaneName = "Position010";
      |                     ^
3 warnings generated.[0m
[0m[38;5;2;1m[ 52%]:[0m [38;5;5;1m<smg-pc-game>[0m cache compiling.debug src/Game/Screen/StarPointerBlur.cpp[0m
[0m[38;5;2;1m[ 53%]:[0m [38;5;5;1m<smg-pc-game>[0m cache compiling.debug src/Game/Screen/NoteCounter.cpp[0m
[0m[38;5;2;1m[ 53%]:[0m [38;5;5;1m<smg-pc-game>[0m cache compiling.debug src/Game/Screen/CounterLayoutController.cpp[0m
[0m[38;5;2;1m[ 53%]:[0m [38;5;5;1m<smg-pc-game>[0m cache compiling.debug src/Game/Screen/FileSelectNumber.cpp[0m
[0m[38;5;2;1m[ 53%]:[0m [38;5;5;1m<smg-pc-game>[0m cache compiling.debug src/Game/Screen/BackButton.cpp[0m
[0m[38;5;2;1m[ 53%]:[0m [38;5;5;1m<smg-pc-game>[0m cache compiling.debug src/Game/Screen/ErrorMessageWindow.cpp[0m
[0m[38;5;3;1mIn file included from src/Game/Screen/ImageEffectDirector.cpp:14:
In file included from src/Game/Util.hpp:18:
src/Game/Util/Functor.hpp:114:105: warning: GCC does not allow 'noinline' attribute in this position on a function definition [-Wgcc-compat]
  114 |     static FunctorV1M< T*, void (T::*)(U), U > Functor(T* a1, void (T::*a2)(U), U arg_0) __attribute__((noinline)) {
      |                                                                                                         ^
1 warning generated.[0m
[0m[38;5;2;1m[ 53%]:[0m [38;5;5;1m<smg-pc-game>[0m cache compiling.debug src/Game/Screen/SceneWipeHolder.cpp[0m
[0m[38;5;2;1m[ 53%]:[0m [38;5;5;1m<smg-pc-game>[0m cache compiling.debug src/Game/Screen/PictureBookCloseButton.cpp[0m
[0m[38;5;2;1m[ 53%]:[0m [38;5;5;1m<smg-pc-game>[0m cache compiling.debug src/Game/NameObj/MovementOnOffGroupHolder.cpp[0m
[0m[38;5;2;1m[ 53%]:[0m [38;5;5;1m<smg-pc-game>[0m cache compiling.debug src/Game/NameObj/NameObjCategoryList.cpp[0m
[0m[38;5;3;1mIn file included from src/Game/Screen/SubMeterLayout.cpp:2:
In file included from src/Game/Util.hpp:18:
src/Game/Util/Functor.hpp:114:105: warning: GCC does not allow 'noinline' attribute in this position on a function definition [-Wgcc-compat]
  114 |     static FunctorV1M< T*, void (T::*)(U), U > Functor(T* a1, void (T::*a2)(U), U arg_0) __attribute__((noinline)) {
      |                                                                                                         ^
1 warning generated.[0m
[0m[38;5;2;1m[ 53%]:[0m [38;5;5;1m<smg-pc-game>[0m cache compiling.debug src/Game/NameObj/NameObjListExecutor.cpp[0m
[0m[38;5;2;1m[ 54%]:[0m [38;5;5;1m<smg-pc-game>[0m cache compiling.debug src/Game/NameObj/NameObjGroup.cpp[0m
[0m[38;5;2;1m[ 54%]:[0m [38;5;5;1m<smg-pc-game>[0m cache compiling.debug src/Game/NameObj/NameObj.cpp[0m
[0m[38;5;2;1m[ 54%]:[0m [38;5;5;1m<smg-pc-game>[0m cache compiling.debug src/Game/NameObj/NameObjHolder.cpp[0m
[0m[38;5;2;1m[ 54%]:[0m [38;5;5;1m<smg-pc-game>[0m cache compiling.debug src/Game/NameObj/NameObjExecuteHolder.cpp[0m
[0m[38;5;3;1mIn file included from src/Game/Screen/StarPointerLayout.cpp:4:
In file included from src/Game/Screen/LayoutCoreUtil.hpp:4:
src/nw4r/lyt/pane.h:37:37: warning: 'offsetof' on non-standard-layout type 'detail::PaneBase' [-Winvalid-offsetof]
   37 |         typedef ut::LinkList< Pane, __builtin_offsetof(detail::PaneBase, mLink) > PaneList;
      |                                     ^                                    ~~~~~
In file included from src/Game/Screen/StarPointerLayout.cpp:4:
In file included from src/Game/Screen/LayoutCoreUtil.hpp:5:
In file included from src/nw4r/lyt/textBox.h:3:
src/nw4r/lyt/common.h:14:28: warning: comparison of different enumeration types ('_GXTexFmt' (aka 'GXTexFmt') and 'GXCITexFmt') is deprecated [-Wdeprecated-enum-compare]
   14 |                 return fmt == GX_TF_C4 || fmt == GX_TF_C8 || fmt == GX_TF_C14X2;
      |                        ~~~ ^  ~~~~~~~~
src/nw4r/lyt/common.h:14:47: warning: comparison of different enumeration types ('_GXTexFmt' (aka 'GXTexFmt') and 'GXCITexFmt') is deprecated [-Wdeprecated-enum-compare]
   14 |                 return fmt == GX_TF_C4 || fmt == GX_TF_C8 || fmt == GX_TF_C14X2;
      |                                           ~~~ ^  ~~~~~~~~
src/nw4r/lyt/common.h:14:66: warning: comparison of different enumeration types ('_GXTexFmt' (aka 'GXTexFmt') and 'GXCITexFmt') is deprecated [-Wdeprecated-enum-compare]
   14 |                 return fmt == GX_TF_C4 || fmt == GX_TF_C8 || fmt == GX_TF_C14X2;[0m
[0m[38;5;2;1m[ 54%]:[0m [38;5;5;1m<smg-pc-game>[0m cache compiling.debug src/Game/Scene/SceneFactory.cpp[0m
[0m[38;5;3;1mIn file included from src/Game/Screen/StarPointerDirector.cpp:3:
In file included from src/Game/Screen/LayoutCoreUtil.hpp:4:
src/nw4r/lyt/pane.h:37:37: warning: 'offsetof' on non-standard-layout type 'detail::PaneBase' [-Winvalid-offsetof]
   37 |         typedef ut::LinkList< Pane, __builtin_offsetof(detail::PaneBase, mLink) > PaneList;
      |                                     ^                                    ~~~~~
In file included from src/Game/Screen/StarPointerDirector.cpp:3:
In file included from src/Game/Screen/LayoutCoreUtil.hpp:5:
In file included from src/nw4r/lyt/textBox.h:3:
src/nw4r/lyt/common.h:14:28: warning: comparison of different enumeration types ('_GXTexFmt' (aka 'GXTexFmt') and 'GXCITexFmt') is deprecated [-Wdeprecated-enum-compare]
   14 |                 return fmt == GX_TF_C4 || fmt == GX_TF_C8 || fmt == GX_TF_C14X2;
      |                        ~~~ ^  ~~~~~~~~
src/nw4r/lyt/common.h:14:47: warning: comparison of different enumeration types ('_GXTexFmt' (aka 'GXTexFmt') and 'GXCITexFmt') is deprecated [-Wdeprecated-enum-compare]
   14 |                 return fmt == GX_TF_C4 || fmt == GX_TF_C8 || fmt == GX_TF_C14X2;
      |                                           ~~~ ^  ~~~~~~~~
src/nw4r/lyt/common.h:14:66: warning: comparison of different enumeration types ('_GXTexFmt' (aka 'GXTexFmt') and 'GXCITexFmt') is deprecated [-Wdeprecated-enum-compare]
   14 |                 return fmt == GX_TF_C4 || fmt == GX_TF_C8 || fmt == GX_TF_C14X2;[0m
[0m[38;5;2;1m[ 54%]:[0m [38;5;5;1m<smg-pc-game>[0m cache compiling.debug src/Game/Scene/StageFileLoader.cpp[0m
[0m[38;5;2;1m[ 54%]:[0m [38;5;5;1m<smg-pc-game>[0m cache compiling.debug src/Game/Scene/Scene.cpp[0m
[0m[38;5;3;1mIn file included from src/Game/Scene/StageFileLoader.cpp:3:
In file included from src/Game/Util.hpp:18:
src/Game/Util/Functor.hpp:114:90: warning: GCC does not allow 'noinline' attribute in this position on a function definition [-Wgcc-compat]
  114 |     static FunctorV1M< T*, void (T::*)(U), U > Functor(T* a1, void (T::*a2)(U), U arg_0) NO_INLINE {
      |                                                                                          ^
src/Inline.hpp:5:34: note: expanded from macro 'NO_INLINE'
    5 | #define NO_INLINE __attribute__((noinline))
      |                                  ^
1 warning generated.[0m
[0m[38;5;3;1mIn file included from src/Game/NameObj/NameObjCategoryList.cpp:2:
src/Game/Util/Functor.hpp:114:90: warning: GCC does not allow 'noinline' attribute in this position on a function definition [-Wgcc-compat]
  114 |     static FunctorV1M< T*, void (T::*)(U), U > Functor(T* a1, void (T::*a2)(U), U arg_0) NO_INLINE {
      |                                                                                          ^
src/Inline.hpp:5:34: note: expanded from macro 'NO_INLINE'
    5 | #define NO_INLINE __attribute__((noinline))
      |                                  ^
1 warning generated.[0m
[0m[38;5;3;1mIn file included from src/Game/NameObj/NameObjListExecutor.cpp:4:
In file included from src/compat/SceneJ3dScope.hpp:4:
In file included from src/JSystem/J3DGraphAnimator/J3DJoint.hpp:4:
In file included from src/JSystem/J3DGraphBase/J3DMaterial.hpp:3:
src/JSystem/J3DGraphBase/J3DMatBlock.hpp:248:35: warning: result of comparison of constant 65535 with expression of type 'const u8' (aka 'const unsigned char') is always false [-Wtautological-constant-out-of-range-compare]
  248 |         u32 ambSrc = info.mAmbSrc == 0xFFFF ? 0 : info.mAmbSrc;
      |                      ~~~~~~~~~~~~ ^  ~~~~~~
1 warning generated.[0m
[0m[38;5;3;1mIn file included from src/Game/Screen/LayoutActor.cpp:6:
In file included from src/Game/Screen/LayoutCoreUtil.hpp:4:
src/nw4r/lyt/pane.h:37:37: warning: 'offsetof' on non-standard-layout type 'detail::PaneBase' [-Winvalid-offsetof]
   37 |         typedef ut::LinkList< Pane, offsetof(detail::PaneBase, mLink) > PaneList;
      |                                     ^                          ~~~~~
/opt/homebrew/Cellar/llvm/23.1.1/lib/clang/23/include/__stddef_offsetof.h:16:24: note: expanded from macro 'offsetof'
   16 | #define offsetof(t, d) __builtin_offsetof(t, d)
      |                        ^                     ~
In file included from src/Game/Screen/LayoutActor.cpp:6:
In file included from src/Game/Screen/LayoutCoreUtil.hpp:5:
In file included from src/nw4r/lyt/textBox.h:3:
src/nw4r/lyt/common.h:14:28: warning: comparison of different enumeration types ('_GXTexFmt' (aka 'GXTexFmt') and 'GXCITexFmt') is deprecated [-Wdeprecated-enum-compare]
   14 |                 return fmt == GX_TF_C4 || fmt == GX_TF_C8 || fmt == GX_TF_C14X2;
      |                        ~~~ ^  ~~~~~~~~
src/nw4r/lyt/common.h:14:47: warning: comparison of different enumeration types ('_GXTexFmt' (aka 'GXTexFmt') and 'GXCITexFmt') is deprecated [-Wdeprecated-enum-compare]
   14 |                 return fmt == GX_TF_C4 || fmt == GX_TF_C8 || fmt == GX_TF_C14X2;[0m
[0m[38;5;2;1mcreate ok![0m
[0m[1;38;5;1;1merror: [0msrc/Game/Screen/LayoutManager.cpp:284:19: error: no member named 'SetLocationAdjustScale' in 'nw4r::lyt::DrawInfo'
  284 |         mDrawInfo.SetLocationAdjustScale(scale);
      |         ~~~~~~~~~ ^
src/Game/Screen/LayoutManager.cpp:289:19: error: no member named 'SetLocationAdjustScale' in 'nw4r::lyt::DrawInfo'
  289 |         mDrawInfo.SetLocationAdjustScale(scale);
      |         ~~~~~~~~~ ^
src/Game/Screen/LayoutManager.cpp:628:15: error: no member named 'SetMultipleViewMtxOnDraw' in 'nw4r::lyt::DrawInfo'
  628 |     mDrawInfo.SetMultipleViewMtxOnDraw(true);
      |     ~~~~~~~~~ ^
src/Game/Screen/LayoutManager.cpp:630:15: error: no member named 'SetLocationAdjust' in 'nw4r::lyt::DrawInfo'
  630 |     mDrawInfo.SetLocationAdjust(true);
      |     ~~~~~~~~~ ^
6 warnings and 4 errors generated.
  [38;5;3m> in [1msrc/Game/Screen/LayoutManager.cpp[0m
[0m[38;5;2;1m[ 14%]:[0m [38;5;5;1m<smg-pc-game>[0m cache compiling.debug src/Game/Util/LayoutUtil.cpp[0m
[0m[38;5;2;1m[ 15%]:[0m [38;5;5;1m<smg-pc-game>[0m cache compiling.debug src/Game/Util/StarPointerUtil.cpp[0m
[0m[38;5;2;1m[ 34%]:[0m [38;5;5;1m<smg-pc-game>[0m cache compiling.debug src/Game/Animation/LayoutAnmPlayer.cpp[0m
[0m[38;5;2;1m[ 47%]:[0m [38;5;5;1m<smg-pc-game>[0m cache compiling.debug src/Game/Screen/LayoutPaneCtrl.cpp[0m
[0m[38;5;2;1m[ 47%]:[0m [38;5;5;1m<smg-pc-game>[0m cache compiling.debug src/Game/Screen/IsbnManager.cpp[0m
[0m[38;5;2;1m[ 48%]:[0m [38;5;5;1m<smg-pc-game>[0m cache compiling.debug src/Game/Screen/LayoutGroupCtrl.cpp[0m
[0m[38;5;2;1m[ 49%]:[0m [38;5;5;1m<smg-pc-game>[0m cache compiling.debug src/Game/Screen/PaneEffectKeeper.cpp[0m
[0m[38;5;2;1m[ 51%]:[0m [38;5;5;1m<smg-pc-game>[0m cache compiling.debug src/Game/Screen/LayoutManager.cpp[0m
[0m[38;5;2;1m[ 52%]:[0m [38;5;5;1m<smg-pc-game>[0m cache compiling.debug src/Game/Screen/LayoutActor.cpp[0m
[0m[38;5;2;1m[ 55%]:[0m [38;5;5;1m<smg-pc-game>[0m cache compiling.debug src/Game/Scene/IntermissionScene.cpp[0m
[0m[38;5;2;1m[ 55%]:[0m [38;5;5;1m<smg-pc-game>[0m cache compiling.debug src/Game/Scene/SceneNameObjMovementController.cpp[0m
[0m[38;5;2;1m[ 55%]:[0m [38;5;5;1m<smg-pc-game>[0m cache compiling.debug src/Game/Scene/PlayTimerScene.cpp[0m
[0m[38;5;2;1m[ 55%]:[0m [38;5;5;1m<smg-pc-game>[0m cache compiling.debug src/Game/Scene/GameSceneFunction.cpp[0m
[0m[38;5;2;1m[ 55%]:[0m [38;5;5;1m<smg-pc-game>[0m cache compiling.debug src/Game/Scene/SceneFunction.cpp[0m
[0m[38;5;2;1m[ 55%]:[0m [38;5;5;1m<smg-pc-game>[0m cache compiling.debug src/Game/Scene/GameScenePauseControl.cpp[0m
[0m[38;5;2;1m[ 55%]:[0m [38;5;5;1m<smg-pc-game>[0m cache compiling.debug src/Game/Scene/ScenePlayingResult.cpp[0m
[0m[38;5;2;1m[ 55%]:[0m [38;5;5;1m<smg-pc-game>[0m cache compiling.debug src/Game/Scene/SceneNameObjListExecutor.cpp[0m
[0m[38;5;2;1m[ 55%]:[0m [38;5;5;1m<smg-pc-game>[0m cache compiling.debug src/Game/Scene/GameScene.cpp[0m
[0m[38;5;2;1m[ 55%]:[0m [38;5;5;1m<smg-pc-game>[0m cache compiling.debug src/Game/Scene/GameSceneScenarioOpeningCameraState.cpp[0m
[0m[38;5;2;1m[ 55%]:[0m [38;5;5;1m<smg-pc-game>[0m cache compiling.debug src/Game/Scene/StopSceneController.cpp[0m
[0m[38;5;3;1mIn file included from src/Game/Animation/LayoutAnmPlayer.cpp:2:
In file included from src/Game/Screen/LayoutManager.hpp:6:
In file included from src/nw4r/lyt/layout.h:3:
In file included from src/nw4r/lyt/animation.h:3:
src/nw4r/lyt/common.h:14:28: warning: comparison of different enumeration types ('_GXTexFmt' (aka 'GXTexFmt') and 'GXCITexFmt') is deprecated [-Wdeprecated-enum-compare]
   14 |                 return fmt == GX_TF_C4 || fmt == GX_TF_C8 || fmt == GX_TF_C14X2;
      |                        ~~~ ^  ~~~~~~~~
src/nw4r/lyt/common.h:14:47: warning: comparison of different enumeration types ('_GXTexFmt' (aka 'GXTexFmt') and 'GXCITexFmt') is deprecated [-Wdeprecated-enum-compare]
   14 |                 return fmt == GX_TF_C4 || fmt == GX_TF_C8 || fmt == GX_TF_C14X2;
      |                                           ~~~ ^  ~~~~~~~~
src/nw4r/lyt/common.h:14:66: warning: comparison of different enumeration types ('_GXTexFmt' (aka 'GXTexFmt') and 'GXCITexFmt') is deprecated [-Wdeprecated-enum-compare]
   14 |                 return fmt == GX_TF_C4 || fmt == GX_TF_C8 || fmt == GX_TF_C14X2;
      |                                                              ~~~ ^  ~~~~~~~~~~~
In file included from src/Game/Animation/LayoutAnmPlayer.cpp:2:
In file included from src/Game/Screen/LayoutManager.hpp:6:
In file included from src/nw4r/lyt/layout.h:4:[0m
[0m[38;5;2;1m[ 55%]:[0m [38;5;5;1m<smg-pc-game>[0m cache compiling.debug src/Game/Scene/SceneDataInitializer.cpp[0m
[0m[38;5;3;1mIn file included from src/Game/Screen/LayoutGroupCtrl.cpp:3:
In file included from src/Game/Screen/LayoutManager.hpp:6:
In file included from src/nw4r/lyt/layout.h:3:
In file included from src/nw4r/lyt/animation.h:3:
src/nw4r/lyt/common.h:14:28: warning: comparison of different enumeration types ('_GXTexFmt' (aka 'GXTexFmt') and 'GXCITexFmt') is deprecated [-Wdeprecated-enum-compare]
   14 |                 return fmt == GX_TF_C4 || fmt == GX_TF_C8 || fmt == GX_TF_C14X2;
      |                        ~~~ ^  ~~~~~~~~
src/nw4r/lyt/common.h:14:47: warning: comparison of different enumeration types ('_GXTexFmt' (aka 'GXTexFmt') and 'GXCITexFmt') is deprecated [-Wdeprecated-enum-compare]
   14 |                 return fmt == GX_TF_C4 || fmt == GX_TF_C8 || fmt == GX_TF_C14X2;
      |                                           ~~~ ^  ~~~~~~~~
src/nw4r/lyt/common.h:14:66: warning: comparison of different enumeration types ('_GXTexFmt' (aka 'GXTexFmt') and 'GXCITexFmt') is deprecated [-Wdeprecated-enum-compare]
   14 |                 return fmt == GX_TF_C4 || fmt == GX_TF_C8 || fmt == GX_TF_C14X2;
      |                                                              ~~~ ^  ~~~~~~~~~~~
In file included from src/Game/Screen/LayoutGroupCtrl.cpp:3:
In file included from src/Game/Screen/LayoutManager.hpp:6:
In file included from src/nw4r/lyt/layout.h:4:[0m
[0m[38;5;2;1m[ 55%]:[0m [38;5;5;1m<smg-pc-game>[0m cache compiling.debug src/Game/Scene/SceneExecutor.cpp[0m
[0m[38;5;3;1mIn file included from src/Game/Screen/IsbnManager.cpp:4:
In file included from src/nw4r/lyt/layout.h:3:
In file included from src/nw4r/lyt/animation.h:3:
src/nw4r/lyt/common.h:14:28: warning: comparison of different enumeration types ('_GXTexFmt' (aka 'GXTexFmt') and 'GXCITexFmt') is deprecated [-Wdeprecated-enum-compare]
   14 |                 return fmt == GX_TF_C4 || fmt == GX_TF_C8 || fmt == GX_TF_C14X2;
      |                        ~~~ ^  ~~~~~~~~
src/nw4r/lyt/common.h:14:47: warning: comparison of different enumeration types ('_GXTexFmt' (aka 'GXTexFmt') and 'GXCITexFmt') is deprecated [-Wdeprecated-enum-compare]
   14 |                 return fmt == GX_TF_C4 || fmt == GX_TF_C8 || fmt == GX_TF_C14X2;
      |                                           ~~~ ^  ~~~~~~~~
src/nw4r/lyt/common.h:14:66: warning: comparison of different enumeration types ('_GXTexFmt' (aka 'GXTexFmt') and 'GXCITexFmt') is deprecated [-Wdeprecated-enum-compare]
   14 |                 return fmt == GX_TF_C4 || fmt == GX_TF_C8 || fmt == GX_TF_C14X2;
      |                                                              ~~~ ^  ~~~~~~~~~~~
In file included from src/Game/Screen/IsbnManager.cpp:4:
In file included from src/nw4r/lyt/layout.h:4:
In file included from src/nw4r/lyt/group.h:4:
src/nw4r/lyt/pane.h:37:37: warning: 'offsetof' on non-standard-layout type 'detail::PaneBase' [-Winvalid-offsetof][0m
[0m[38;5;2;1m[ 55%]:[0m [38;5;5;1m<smg-pc-game>[0m cache compiling.debug src/Game/Scene/ScenarioSelectScene.cpp[0m
[0m[38;5;3;1mIn file included from src/Game/Screen/LayoutPaneCtrl.cpp:3:
In file included from src/Game/Screen/LayoutManager.hpp:6:
In file included from src/nw4r/lyt/layout.h:3:
In file included from src/nw4r/lyt/animation.h:3:
src/nw4r/lyt/common.h:14:28: warning: comparison of different enumeration types ('_GXTexFmt' (aka 'GXTexFmt') and 'GXCITexFmt') is deprecated [-Wdeprecated-enum-compare]
   14 |                 return fmt == GX_TF_C4 || fmt == GX_TF_C8 || fmt == GX_TF_C14X2;
      |                        ~~~ ^  ~~~~~~~~
src/nw4r/lyt/common.h:14:47: warning: comparison of different enumeration types ('_GXTexFmt' (aka 'GXTexFmt') and 'GXCITexFmt') is deprecated [-Wdeprecated-enum-compare]
   14 |                 return fmt == GX_TF_C4 || fmt == GX_TF_C8 || fmt == GX_TF_C14X2;
      |                                           ~~~ ^  ~~~~~~~~
src/nw4r/lyt/common.h:14:66: warning: comparison of different enumeration types ('_GXTexFmt' (aka 'GXTexFmt') and 'GXCITexFmt') is deprecated [-Wdeprecated-enum-compare]
   14 |                 return fmt == GX_TF_C4 || fmt == GX_TF_C8 || fmt == GX_TF_C14X2;
      |                                                              ~~~ ^  ~~~~~~~~~~~
In file included from src/Game/Screen/LayoutPaneCtrl.cpp:3:
In file included from src/Game/Screen/LayoutManager.hpp:6:
In file included from src/nw4r/lyt/layout.h:4:[0m
[0m[38;5;2;1m[ 56%]:[0m [38;5;5;1m<smg-pc-game>[0m cache compiling.debug src/Game/Scene/LogoScene.cpp[0m
[0m[38;5;3;1mIn file included from src/Game/Util/StarPointerUtil.cpp:5:
In file included from src/Game/Screen/LayoutManager.hpp:6:
In file included from src/nw4r/lyt/layout.h:3:
In file included from src/nw4r/lyt/animation.h:3:
src/nw4r/lyt/common.h:14:28: warning: comparison of different enumeration types ('_GXTexFmt' (aka 'GXTexFmt') and 'GXCITexFmt') is deprecated [-Wdeprecated-enum-compare]
   14 |                 return fmt == GX_TF_C4 || fmt == GX_TF_C8 || fmt == GX_TF_C14X2;
      |                        ~~~ ^  ~~~~~~~~
src/nw4r/lyt/common.h:14:47: warning: comparison of different enumeration types ('_GXTexFmt' (aka 'GXTexFmt') and 'GXCITexFmt') is deprecated [-Wdeprecated-enum-compare]
   14 |                 return fmt == GX_TF_C4 || fmt == GX_TF_C8 || fmt == GX_TF_C14X2;
      |                                           ~~~ ^  ~~~~~~~~
src/nw4r/lyt/common.h:14:66: warning: comparison of different enumeration types ('_GXTexFmt' (aka 'GXTexFmt') and 'GXCITexFmt') is deprecated [-Wdeprecated-enum-compare]
   14 |                 return fmt == GX_TF_C4 || fmt == GX_TF_C8 || fmt == GX_TF_C14X2;
      |                                                              ~~~ ^  ~~~~~~~~~~~
In file included from src/Game/Util/StarPointerUtil.cpp:5:
In file included from src/Game/Screen/LayoutManager.hpp:6:
In file included from src/nw4r/lyt/layout.h:4:[0m
[0m[38;5;2;1m[ 56%]:[0m [38;5;5;1m<smg-pc-game>[0m cache compiling.debug src/Game/NPC/TalkMessageCtrl.cpp[0m
[0m[38;5;3;1mIn file included from src/Game/Screen/PaneEffectKeeper.cpp:6:
In file included from src/Game/Screen/LayoutManager.hpp:6:
In file included from src/nw4r/lyt/layout.h:3:
In file included from src/nw4r/lyt/animation.h:3:
src/nw4r/lyt/common.h:14:28: warning: comparison of different enumeration types ('_GXTexFmt' (aka 'GXTexFmt') and 'GXCITexFmt') is deprecated [-Wdeprecated-enum-compare]
   14 |                 return fmt == GX_TF_C4 || fmt == GX_TF_C8 || fmt == GX_TF_C14X2;
      |                        ~~~ ^  ~~~~~~~~
src/nw4r/lyt/common.h:14:47: warning: comparison of different enumeration types ('_GXTexFmt' (aka 'GXTexFmt') and 'GXCITexFmt') is deprecated [-Wdeprecated-enum-compare]
   14 |                 return fmt == GX_TF_C4 || fmt == GX_TF_C8 || fmt == GX_TF_C14X2;
      |                                           ~~~ ^  ~~~~~~~~
src/nw4r/lyt/common.h:14:66: warning: comparison of different enumeration types ('_GXTexFmt' (aka 'GXTexFmt') and 'GXCITexFmt') is deprecated [-Wdeprecated-enum-compare]
   14 |                 return fmt == GX_TF_C4 || fmt == GX_TF_C8 || fmt == GX_TF_C14X2;
      |                                                              ~~~ ^  ~~~~~~~~~~~
In file included from src/Game/Screen/PaneEffectKeeper.cpp:6:
In file included from src/Game/Screen/LayoutManager.hpp:6:
In file included from src/nw4r/lyt/layout.h:4:[0m
[0m[38;5;2;1m[ 56%]:[0m [38;5;5;1m<smg-pc-game>[0m cache compiling.debug src/Game/NPC/NPCActor.cpp[0m
[0m[38;5;3;1msrc/Game/Scene/ScenePlayingResult.cpp:17:83: warning: GCC does not allow 'noinline' attribute in this position on a function definition [-Wgcc-compat]
   17 |     void requestOneUpIfNeed(int prevNum, int currNum, int stepNum) __attribute__((noinline)) {
      |                                                                                   ^
1 warning generated.[0m
[0m[38;5;2;1m[ 56%]:[0m [38;5;5;1m<smg-pc-game>[0m cache compiling.debug src/Game/NPC/RunawayTico.cpp[0m
[0m[38;5;2;1m[ 56%]:[0m [38;5;5;1m<smg-pc-game>[0m cache compiling.debug src/Game/NPC/TalkBalloon.cpp[0m
[0m[38;5;3;1msrc/Game/Scene/GameSceneFunction.cpp:8:46: warning: GCC does not allow 'noinline' attribute in this position on a function definition [-Wgcc-compat]
    8 |     GameScene* getGameScene() __attribute__((noinline)) {
      |                                              ^
1 warning generated.[0m
[0m[38;5;2;1m[ 56%]:[0m [38;5;5;1m<smg-pc-game>[0m cache compiling.debug src/Game/NPC/NPCDirector.cpp[0m
[0m[38;5;2;1m[ 56%]:[0m [38;5;5;1m<smg-pc-game>[0m cache compiling.debug src/Game/NPC/RunawayRabbitCollect.cpp[0m
[0m[38;5;2;1m[ 57%]:[0m [38;5;5;1m<smg-pc-game>[0m cache compiling.debug src/Game/NPC/TalkState.cpp[0m
[0m[38;5;2;1m[ 57%]:[0m [38;5;5;1m<smg-pc-game>[0m cache compiling.debug src/Game/NPC/TalkDirector.cpp[0m
[0m[38;5;2;1m[ 57%]:[0m [38;5;5;1m<smg-pc-game>[0m cache compiling.debug src/Game/NPC/CometEventKeeper.cpp[0m
[0m[38;5;2;1m[ 57%]:[0m [38;5;5;1m<smg-pc-game>[0m cache compiling.debug src/Game/NPC/RosettaDemoAstroDome.cpp[0m
[0m[38;5;2;1m[ 57%]:[0m [38;5;5;1m<smg-pc-game>[0m cache compiling.debug src/Game/NPC/RosettaDemoHeavensDoor.cpp[0m
[0m[38;5;3;1mIn file included from src/Game/Util/LayoutUtil.cpp:4:
In file included from src/Game/Screen/LayoutCoreUtil.hpp:4:
src/nw4r/lyt/pane.h:37:37: warning: 'offsetof' on non-standard-layout type 'detail::PaneBase' [-Winvalid-offsetof]
   37 |         typedef ut::LinkList< Pane, __builtin_offsetof(detail::PaneBase, mLink) > PaneList;
      |                                     ^                                    ~~~~~
In file included from src/Game/Util/LayoutUtil.cpp:4:
In file included from src/Game/Screen/LayoutCoreUtil.hpp:5:
In file included from src/nw4r/lyt/textBox.h:3:
src/nw4r/lyt/common.h:14:28: warning: comparison of different enumeration types ('_GXTexFmt' (aka 'GXTexFmt') and 'GXCITexFmt') is deprecated [-Wdeprecated-enum-compare]
   14 |                 return fmt == GX_TF_C4 || fmt == GX_TF_C8 || fmt == GX_TF_C14X2;
      |                        ~~~ ^  ~~~~~~~~
src/nw4r/lyt/common.h:14:47: warning: comparison of different enumeration types ('_GXTexFmt' (aka 'GXTexFmt') and 'GXCITexFmt') is deprecated [-Wdeprecated-enum-compare]
   14 |                 return fmt == GX_TF_C4 || fmt == GX_TF_C8 || fmt == GX_TF_C14X2;
      |                                           ~~~ ^  ~~~~~~~~
src/nw4r/lyt/common.h:14:66: warning: comparison of different enumeration types ('_GXTexFmt' (aka 'GXTexFmt') and 'GXCITexFmt') is deprecated [-Wdeprecated-enum-compare]
   14 |                 return fmt == GX_TF_C4 || fmt == GX_TF_C8 || fmt == GX_TF_C14X2;[0m
[0m[38;5;2;1m[ 57%]:[0m [38;5;5;1m<smg-pc-game>[0m cache compiling.debug src/Game/NPC/RunawayRabbit.cpp[0m
[0m[38;5;2;1m[ 57%]:[0m [38;5;5;1m<smg-pc-game>[0m cache compiling.debug src/Game/NPC/CometEventExecutorTimeLimit.cpp[0m
[0m[38;5;3;1mIn file included from src/Game/Scene/GameScene.cpp:37:
src/Game/Util/Functor.hpp:114:105: warning: GCC does not allow 'noinline' attribute in this position on a function definition [-Wgcc-compat]
  114 |     static FunctorV1M< T*, void (T::*)(U), U > Functor(T* a1, void (T::*a2)(U), U arg_0) __attribute__((noinline)) {
      |                                                                                                         ^
1 warning generated.[0m
[0m[38;5;2;1m[ 57%]:[0m [38;5;5;1m<smg-pc-game>[0m cache compiling.debug src/Game/NPC/TalkTextFormer.cpp[0m
[0m[38;5;3;1mIn file included from src/Game/Screen/LayoutManager.cpp:1:
In file included from src/Game/Screen/LayoutManager.hpp:6:
In file included from src/nw4r/lyt/layout.h:3:
In file included from src/nw4r/lyt/animation.h:3:
src/nw4r/lyt/common.h:14:28: warning: comparison of different enumeration types ('_GXTexFmt' (aka 'GXTexFmt') and 'GXCITexFmt') is deprecated [-Wdeprecated-enum-compare]
   14 |                 return fmt == GX_TF_C4 || fmt == GX_TF_C8 || fmt == GX_TF_C14X2;
      |                        ~~~ ^  ~~~~~~~~
src/nw4r/lyt/common.h:14:47: warning: comparison of different enumeration types ('_GXTexFmt' (aka 'GXTexFmt') and 'GXCITexFmt') is deprecated [-Wdeprecated-enum-compare]
   14 |                 return fmt == GX_TF_C4 || fmt == GX_TF_C8 || fmt == GX_TF_C14X2;
      |                                           ~~~ ^  ~~~~~~~~
src/nw4r/lyt/common.h:14:66: warning: comparison of different enumeration types ('_GXTexFmt' (aka 'GXTexFmt') and 'GXCITexFmt') is deprecated [-Wdeprecated-enum-compare]
   14 |                 return fmt == GX_TF_C4 || fmt == GX_TF_C8 || fmt == GX_TF_C14X2;
      |                                                              ~~~ ^  ~~~~~~~~~~~
In file included from src/Game/Screen/LayoutManager.cpp:1:
In file included from src/Game/Screen/LayoutManager.hpp:6:
In file included from src/nw4r/lyt/layout.h:4:[0m
[0m[38;5;2;1m[ 57%]:[0m [38;5;5;1m<smg-pc-game>[0m cache compiling.debug src/Game/NPC/Rosetta.cpp[0m
[0m[38;5;3;1mIn file included from src/Game/Scene/SceneExecutor.cpp:9:
In file included from src/Game/Util.hpp:18:
src/Game/Util/Functor.hpp:114:105: warning: GCC does not allow 'noinline' attribute in this position on a function definition [-Wgcc-compat]
  114 |     static FunctorV1M< T*, void (T::*)(U), U > Functor(T* a1, void (T::*a2)(U), U arg_0) __attribute__((noinline)) {
      |                                                                                                         ^
1 warning generated.[0m
[0m[38;5;2;1m[ 58%]:[0m [38;5;5;1m<smg-pc-game>[0m cache compiling.debug src/Game/NPC/DemoRabbit.cpp[0m
[0m[38;5;2;1m[ 58%]:[0m [38;5;5;1m<smg-pc-game>[0m cache compiling.debug src/Game/Player/DrawAdaptor.cpp[0m
[0m[38;5;2;1m[ 58%]:[0m [38;5;5;1m<smg-pc-game>[0m cache compiling.debug src/Game/Player/MarioSearchLight.cpp[0m
[0m[38;5;2;1m[ 58%]:[0m [38;5;5;1m<smg-pc-game>[0m cache compiling.debug src/Game/Player/TornadoMario.cpp[0m
[0m[38;5;2;1m[ 59%]:[0m [38;5;5;1m<smg-pc-game>[0m cache compiling.debug src/Game/Player/MarioMessenger.cpp[0m
[0m[38;5;2;1m[ 59%]:[0m [38;5;5;1m<smg-pc-game>[0m cache compiling.debug src/Game/Player/Mario.cpp[0m
[0m[38;5;2;1m[ 60%]:[0m [38;5;5;1m<smg-pc-game>[0m cache compiling.debug src/Game/Player/MarineSnow.cpp[0m
[0m[38;5;2;1m[ 60%]:[0m [38;5;5;1m<smg-pc-game>[0m cache compiling.debug src/Game/Player/PlayerEvent.cpp[0m
[0m[38;5;3;1mIn file included from src/Game/NPC/RunawayTico.cpp:6:
In file included from src/Game/Util.hpp:18:
src/Game/Util/Functor.hpp:114:105: warning: GCC does not allow 'noinline' attribute in this position on a function definition [-Wgcc-compat]
  114 |     static FunctorV1M< T*, void (T::*)(U), U > Functor(T* a1, void (T::*a2)(U), U arg_0) __attribute__((noinline)) {
      |                                                                                                         ^
1 warning generated.[0m
[0m[38;5;2;1m[ 60%]:[0m [38;5;5;1m<smg-pc-game>[0m cache compiling.debug src/Game/Player/MarioActorShadow.cpp[0m
[0m[38;5;3;1mIn file included from src/Game/NPC/RosettaDemoAstroDome.cpp:11:
src/Game/Util/Functor.hpp:114:105: warning: GCC does not allow 'noinline' attribute in this position on a function definition [-Wgcc-compat]
  114 |     static FunctorV1M< T*, void (T::*)(U), U > Functor(T* a1, void (T::*a2)(U), U arg_0) __attribute__((noinline)) {
      |                                                                                                         ^
1 warning generated.[0m
[0m[38;5;2;1m[ 61%]:[0m [38;5;5;1m<smg-pc-game>[0m cache compiling.debug src/Game/Player/MarioModule.cpp[0m
[0m[38;5;3;1msrc/Game/NPC/TalkDirector.cpp:409:59: warning: 'offsetof' on non-standard-layout type 'TalkDirector' [-Winvalid-offsetof]
  409 |     return reinterpret_cast< const unsigned char* >(this)[__builtin_offsetof(TalkDirector, mIsKinopioExplorerRescued) + arg] != 0;
      |                                                           ^                                ~~~~~~~~~~~~~~~~~~~~~~~~~
1 warning generated.[0m
[0m[38;5;2;1m[ 61%]:[0m [38;5;5;1m<smg-pc-game>[0m cache compiling.debug src/Game/Player/MarioActorDraw.cpp[0m
[0m[38;5;2;1m[ 62%]:[0m [38;5;5;1m<smg-pc-game>[0m cache compiling.debug src/Game/Player/MarioActor.cpp[0m
[0m[38;5;2;1m[ 62%]:[0m [38;5;5;1m<smg-pc-game>[0m cache compiling.debug src/Game/Player/MarioParts.cpp[0m
[0m[38;5;2;1m[ 62%]:[0m [38;5;5;1m<smg-pc-game>[0m cache compiling.debug src/Game/Player/MarioActorRush.cpp[0m
[0m[38;5;2;1m[ 63%]:[0m [38;5;5;1m<smg-pc-game>[0m cache compiling.debug src/Game/Player/FireMarioBall.cpp[0m
[0m[38;5;3;1mIn file included from src/Game/NPC/RosettaDemoHeavensDoor.cpp:8:
In file included from src/Game/Util.hpp:18:
src/Game/Util/Functor.hpp:114:105: warning: GCC does not allow 'noinline' attribute in this position on a function definition [-Wgcc-compat]
  114 |     static FunctorV1M< T*, void (T::*)(U), U > Functor(T* a1, void (T::*a2)(U), U arg_0) __attribute__((noinline)) {
      |                                                                                                         ^
1 warning generated.[0m
[0m[38;5;2;1m[ 64%]:[0m [38;5;5;1m<smg-pc-game>[0m cache compiling.debug src/Game/Player/MarioWalk.cpp[0m
[0m[38;5;3;1mIn file included from src/Game/NPC/RunawayRabbit.cpp:10:
In file included from src/Game/Util.hpp:18:
src/Game/Util/Functor.hpp:114:105: warning: GCC does not allow 'noinline' attribute in this position on a function definition [-Wgcc-compat]
  114 |     static FunctorV1M< T*, void (T::*)(U), U > Functor(T* a1, void (T::*a2)(U), U arg_0) __attribute__((noinline)) {
      |                                                                                                         ^
1 warning generated.[0m
[0m[38;5;2;1m[ 64%]:[0m [38;5;5;1m<smg-pc-game>[0m cache compiling.debug src/Game/Player/MarioActorParts.cpp[0m
[0m[38;5;3;1mIn file included from src/Game/Screen/LayoutActor.cpp:6:
In file included from src/Game/Screen/LayoutCoreUtil.hpp:4:
src/nw4r/lyt/pane.h:37:37: warning: 'offsetof' on non-standard-layout type 'detail::PaneBase' [-Winvalid-offsetof]
   37 |         typedef ut::LinkList< Pane, __builtin_offsetof(detail::PaneBase, mLink) > PaneList;
      |                                     ^                                    ~~~~~
In file included from src/Game/Screen/LayoutActor.cpp:6:
In file included from src/Game/Screen/LayoutCoreUtil.hpp:5:
In file included from src/nw4r/lyt/textBox.h:3:
src/nw4r/lyt/common.h:14:28: warning: comparison of different enumeration types ('_GXTexFmt' (aka 'GXTexFmt') and 'GXCITexFmt') is deprecated [-Wdeprecated-enum-compare]
   14 |                 return fmt == GX_TF_C4 || fmt == GX_TF_C8 || fmt == GX_TF_C14X2;
      |                        ~~~ ^  ~~~~~~~~
src/nw4r/lyt/common.h:14:47: warning: comparison of different enumeration types ('_GXTexFmt' (aka 'GXTexFmt') and 'GXCITexFmt') is deprecated [-Wdeprecated-enum-compare]
   14 |                 return fmt == GX_TF_C4 || fmt == GX_TF_C8 || fmt == GX_TF_C14X2;
      |                                           ~~~ ^  ~~~~~~~~
src/nw4r/lyt/common.h:14:66: warning: comparison of different enumeration types ('_GXTexFmt' (aka 'GXTexFmt') and 'GXCITexFmt') is deprecated [-Wdeprecated-enum-compare]
   14 |                 return fmt == GX_TF_C4 || fmt == GX_TF_C8 || fmt == GX_TF_C14X2;[0m
[0m[38;5;2;1m[ 64%]:[0m [38;5;5;1m<smg-pc-game>[0m cache compiling.debug src/Game/Player/MarioActorSensor.cpp[0m
[0m[38;5;3;1mIn file included from src/Game/NPC/TalkTextFormer.cpp:7:
In file included from src/Game/Screen/CustomTagProcessor.hpp:4:
In file included from src/nw4r/lyt/textBox.h:3:
src/nw4r/lyt/common.h:14:28: warning: comparison of different enumeration types ('_GXTexFmt' (aka 'GXTexFmt') and 'GXCITexFmt') is deprecated [-Wdeprecated-enum-compare]
   14 |                 return fmt == GX_TF_C4 || fmt == GX_TF_C8 || fmt == GX_TF_C14X2;
      |                        ~~~ ^  ~~~~~~~~
src/nw4r/lyt/common.h:14:47: warning: comparison of different enumeration types ('_GXTexFmt' (aka 'GXTexFmt') and 'GXCITexFmt') is deprecated [-Wdeprecated-enum-compare]
   14 |                 return fmt == GX_TF_C4 || fmt == GX_TF_C8 || fmt == GX_TF_C14X2;
      |                                           ~~~ ^  ~~~~~~~~
src/nw4r/lyt/common.h:14:66: warning: comparison of different enumeration types ('_GXTexFmt' (aka 'GXTexFmt') and 'GXCITexFmt') is deprecated [-Wdeprecated-enum-compare]
   14 |                 return fmt == GX_TF_C4 || fmt == GX_TF_C8 || fmt == GX_TF_C14X2;
      |                                                              ~~~ ^  ~~~~~~~~~~~
In file included from src/Game/NPC/TalkTextFormer.cpp:7:
In file included from src/Game/Screen/CustomTagProcessor.hpp:4:
In file included from src/nw4r/lyt/textBox.h:4:
src/nw4r/lyt/pane.h:37:37: warning: 'offsetof' on non-standard-layout type 'detail::PaneBase' [-Winvalid-offsetof][0m
[0m[38;5;2;1m[ 65%]:[0m [38;5;5;1m<smg-pc-game>[0m cache compiling.debug src/Game/Player/MarioAccess.cpp[0m
[0m[38;5;3;1mIn file included from src/Game/NPC/Rosetta.cpp:11:
In file included from src/Game/Util.hpp:18:
src/Game/Util/Functor.hpp:114:105: warning: GCC does not allow 'noinline' attribute in this position on a function definition [-Wgcc-compat]
  114 |     static FunctorV1M< T*, void (T::*)(U), U > Functor(T* a1, void (T::*a2)(U), U arg_0) __attribute__((noinline)) {
      |                                                                                                         ^
1 warning generated.[0m
[0m[38;5;2;1m[ 65%]:[0m [38;5;5;1m<smg-pc-game>[0m cache compiling.debug src/Game/Player/MarioActorOffensiveMsg.cpp[0m
[0m[38;5;3;1mIn file included from src/Game/Player/DrawAdaptor.cpp:2:
In file included from src/Game/Player/DrawAdaptor.hpp:4:
src/Game/Util/Functor.hpp:114:105: warning: GCC does not allow 'noinline' attribute in this position on a function definition [-Wgcc-compat]
  114 |     static FunctorV1M< T*, void (T::*)(U), U > Functor(T* a1, void (T::*a2)(U), U arg_0) __attribute__((noinline)) {
      |                                                                                                         ^
1 warning generated.[0m
[0m[38;5;2;1m[ 66%]:[0m [38;5;5;1m<smg-pc-game>[0m cache compiling.debug src/Game/MapObj/PunchingKinoko.cpp[0m
[0m[38;5;2;1m[ 66%]:[0m [38;5;5;1m<smg-pc-game>[0m cache compiling.debug src/Game/MapObj/PowerStarHolder.cpp[0m
[0m[38;5;2;1m[ 66%]:[0m [38;5;5;1m<smg-pc-game>[0m cache compiling.debug src/Game/MapObj/MapPartsRailGuideDrawer.cpp[0m
[0m[38;5;3;1mIn file included from src/Game/Player/MarioSearchLight.cpp:4:
In file included from src/Game/Player/DrawAdaptor.hpp:4:
src/Game/Util/Functor.hpp:114:105: warning: GCC does not allow 'noinline' attribute in this position on a function definition [-Wgcc-compat]
  114 |     static FunctorV1M< T*, void (T::*)(U), U > Functor(T* a1, void (T::*a2)(U), U arg_0) __attribute__((noinline)) {
      |                                                                                                         ^
1 warning generated.[0m
[0m[38;5;2;1m[ 66%]:[0m [38;5;5;1m<smg-pc-game>[0m cache compiling.debug src/Game/MapObj/MapParts.cpp[0m
[0m[38;5;2;1m[ 66%]:[0m [38;5;5;1m<smg-pc-game>[0m cache compiling.debug src/Game/MapObj/CoinHolder.cpp[0m
[0m[38;5;3;1mIn file included from src/Game/NPC/DemoRabbit.cpp:5:
In file included from src/Game/Util.hpp:18:
src/Game/Util/Functor.hpp:114:105: warning: GCC does not allow 'noinline' attribute in this position on a function definition [-Wgcc-compat]
  114 |     static FunctorV1M< T*, void (T::*)(U), U > Functor(T* a1, void (T::*a2)(U), U arg_0) __attribute__((noinline)) {
      |                                                                                                         ^
1 warning generated.[0m
[0m[38;5;2;1m[ 66%]:[0m [38;5;5;1m<smg-pc-game>[0m cache compiling.debug src/Game/MapObj/EarthenPipe.cpp[0m
[0m[38;5;2;1m[ 66%]:[0m [38;5;5;1m<smg-pc-game>[0m cache compiling.debug src/Game/MapObj/RotateMoveObj.cpp[0m
[0m[38;5;2;1m[ 66%]:[0m [38;5;5;1m<smg-pc-game>[0m cache compiling.debug src/Game/MapObj/Sun.cpp[0m
[0m[38;5;2;1m[ 66%]:[0m [38;5;5;1m<smg-pc-game>[0m cache compiling.debug src/Game/MapObj/MapPartsRailGuideHolder.cpp[0m
[0m[38;5;3;1mIn file included from src/Game/Player/MarioModule.cpp:3:
In file included from src/Game/Animation/XanimeCore.hpp:3:
In file included from src/JSystem/J3DGraphAnimator/J3DJoint.hpp:4:
In file included from src/JSystem/J3DGraphBase/J3DMaterial.hpp:3:
src/JSystem/J3DGraphBase/J3DMatBlock.hpp:248:35: warning: result of comparison of constant 65535 with expression of type 'const u8' (aka 'const unsigned char') is always false [-Wtautological-constant-out-of-range-compare]
  248 |         u32 ambSrc = info.mAmbSrc == 0xFFFF ? 0 : info.mAmbSrc;
      |                      ~~~~~~~~~~~~ ^  ~~~~~~
1 warning generated.[0m
[0m[38;5;2;1m[ 66%]:[0m [38;5;5;1m<smg-pc-game>[0m cache compiling.debug src/Game/MapObj/DummyDisplayModel.cpp[0m
[0m[38;5;2;1m[ 66%]:[0m [38;5;5;1m<smg-pc-game>[0m cache compiling.debug src/Game/MapObj/BigFanHolder.cpp[0m
[0m[38;5;3;1mIn file included from src/Game/Player/MarioActorRush.cpp:15:
In file included from src/Game/Util.hpp:18:
src/Game/Util/Functor.hpp:114:105: warning: GCC does not allow 'noinline' attribute in this position on a function definition [-Wgcc-compat]
  114 |     static FunctorV1M< T*, void (T::*)(U), U > Functor(T* a1, void (T::*a2)(U), U arg_0) __attribute__((noinline)) {
      |                                                                                                         ^
1 warning generated.[0m
[0m[38;5;2;1m[ 66%]:[0m [38;5;5;1m<smg-pc-game>[0m cache compiling.debug src/Game/MapObj/PowerStar.cpp[0m
[0m[38;5;3;1mIn file included from src/Game/Player/MarioWalk.cpp:14:
In file included from src/Game/Util.hpp:18:
src/Game/Util/Functor.hpp:114:105: warning: GCC does not allow 'noinline' attribute in this position on a function definition [-Wgcc-compat]
  114 |     static FunctorV1M< T*, void (T::*)(U), U > Functor(T* a1, void (T::*a2)(U), U arg_0) __attribute__((noinline)) {
      |                                                                                                         ^
1 warning generated.[0m
[0m[38;5;2;1m[ 67%]:[0m [38;5;5;1m<smg-pc-game>[0m cache compiling.debug src/Game/MapObj/ShockWaveGenerator.cpp[0m
[0m[38;5;2;1m[ 67%]:[0m [38;5;5;1m<smg-pc-game>[0m cache compiling.debug src/Game/MapObj/MapPartsRotator.cpp[0m
[0m[38;5;3;1mIn file included from src/Game/Player/MarioActorParts.cpp:2:
In file included from src/Game/Animation/XanimeCore.hpp:3:
In file included from src/JSystem/J3DGraphAnimator/J3DJoint.hpp:4:
In file included from src/JSystem/J3DGraphBase/J3DMaterial.hpp:3:
src/JSystem/J3DGraphBase/J3DMatBlock.hpp:248:35: warning: result of comparison of constant 65535 with expression of type 'const u8' (aka 'const unsigned char') is always false [-Wtautological-constant-out-of-range-compare]
  248 |         u32 ambSrc = info.mAmbSrc == 0xFFFF ? 0 : info.mAmbSrc;
      |                      ~~~~~~~~~~~~ ^  ~~~~~~
1 warning generated.[0m
[0m[38;5;2;1m[ 67%]:[0m [38;5;5;1m<smg-pc-game>[0m cache compiling.debug src/Game/MapObj/MapPartsRailMover.cpp[0m
[0m[38;5;3;1mIn file included from src/Game/Player/Mario.cpp:47:
In file included from src/Game/Util.hpp:18:
src/Game/Util/Functor.hpp:114:105: warning: GCC does not allow 'noinline' attribute in this position on a function definition [-Wgcc-compat]
  114 |     static FunctorV1M< T*, void (T::*)(U), U > Functor(T* a1, void (T::*a2)(U), U arg_0) __attribute__((noinline)) {
      |                                                                                                         ^
1 warning generated.[0m
[0m[38;5;2;1m[ 67%]:[0m [38;5;5;1m<smg-pc-game>[0m cache compiling.debug src/Game/MapObj/CutBushModelObj.cpp[0m
[0m[38;5;3;1mIn file included from src/Game/Player/MarioActorDraw.cpp:2:
In file included from src/JSystem/J3DGraphAnimator/J3DJoint.hpp:4:
In file included from src/JSystem/J3DGraphBase/J3DMaterial.hpp:3:
src/JSystem/J3DGraphBase/J3DMatBlock.hpp:248:35: warning: result of comparison of constant 65535 with expression of type 'const u8' (aka 'const unsigned char') is always false [-Wtautological-constant-out-of-range-compare]
  248 |         u32 ambSrc = info.mAmbSrc == 0xFFFF ? 0 : info.mAmbSrc;
      |                      ~~~~~~~~~~~~ ^  ~~~~~~
In file included from src/Game/Player/MarioActorDraw.cpp:6:
In file included from src/Game/Player/DrawAdaptor.hpp:4:
src/Game/Util/Functor.hpp:114:105: warning: GCC does not allow 'noinline' attribute in this position on a function definition [-Wgcc-compat]
  114 |     static FunctorV1M< T*, void (T::*)(U), U > Functor(T* a1, void (T::*a2)(U), U arg_0) __attribute__((noinline)) {
      |                                                                                                         ^
src/Game/Player/MarioActorDraw.cpp:40:103: warning: attribute declaration must precede definition [-Wignored-attributes]
   40 |     FunctorV0M< const T*, void (T::*)() const > Functor(const T*, void (T::*)() const) __attribute__((noinline));
      |                                                                                                       ^
src/Game/Util/Functor.hpp:104:63: note: previous definition is here
  104 |     inline static FunctorV0M< const T*, void (T::*)() const > Functor(const T* caller, void (T::*callee)() const) {[0m
[0m[38;5;2;1m[ 67%]:[0m [38;5;5;1m<smg-pc-game>[0m cache compiling.debug src/Game/MapObj/MapPartsRailPosture.cpp[0m
[0m[38;5;3;1mIn file included from src/Game/Player/MarioAccess.cpp:18:
In file included from src/Game/Util.hpp:18:
src/Game/Util/Functor.hpp:114:105: warning: GCC does not allow 'noinline' attribute in this position on a function definition [-Wgcc-compat]
  114 |     static FunctorV1M< T*, void (T::*)(U), U > Functor(T* a1, void (T::*a2)(U), U arg_0) __attribute__((noinline)) {
      |                                                                                                         ^
1 warning generated.[0m
[0m[38;5;2;1m[ 67%]:[0m [38;5;5;1m<smg-pc-game>[0m cache compiling.debug src/Game/MapObj/Coin.cpp[0m
[0m[38;5;3;1mIn file included from src/Game/Player/MarioActor.cpp:3:
In file included from src/Game/Animation/XanimeCore.hpp:3:
In file included from src/JSystem/J3DGraphAnimator/J3DJoint.hpp:4:
In file included from src/JSystem/J3DGraphBase/J3DMaterial.hpp:3:
src/JSystem/J3DGraphBase/J3DMatBlock.hpp:248:35: warning: result of comparison of constant 65535 with expression of type 'const u8' (aka 'const unsigned char') is always false [-Wtautological-constant-out-of-range-compare]
  248 |         u32 ambSrc = info.mAmbSrc == 0xFFFF ? 0 : info.mAmbSrc;
      |                      ~~~~~~~~~~~~ ^  ~~~~~~
src/Game/Player/MarioActor.cpp:1142:25: warning: using the result of an assignment as a condition without parentheses [-Wparentheses]
 1142 |         if (requestRush = isRequestSpinJump2P()) {
      |             ~~~~~~~~~~~~^~~~~~~~~~~~~~~~~~~~~~~
src/Game/Player/MarioActor.cpp:1142:25: note: place parentheses around the assignment to silence this warning
 1142 |         if (requestRush = isRequestSpinJump2P()) {
      |                         ^                      
      |             (                                  )
src/Game/Player/MarioActor.cpp:1142:25: note: use '==' to turn this assignment into an equality comparison
 1142 |         if (requestRush = isRequestSpinJump2P()) {[0m
[0m[38;5;2;1m[ 67%]:[0m [38;5;5;1m<smg-pc-game>[0m cache compiling.debug src/Game/MapObj/MapPartsRailPointPassChecker.cpp[0m
[0m[38;5;3;1mIn file included from src/Game/MapObj/PowerStarHolder.cpp:4:
In file included from src/Game/Util.hpp:18:
src/Game/Util/Functor.hpp:114:105: warning: GCC does not allow 'noinline' attribute in this position on a function definition [-Wgcc-compat]
  114 |     static FunctorV1M< T*, void (T::*)(U), U > Functor(T* a1, void (T::*a2)(U), U arg_0) __attribute__((noinline)) {
      |                                                                                                         ^
1 warning generated.[0m
[0m[38;5;2;1m[ 67%]:[0m [38;5;5;1m<smg-pc-game>[0m cache compiling.debug src/Game/MapObj/PurpleCoinStarter.cpp[0m
[0m[38;5;2;1m[ 67%]:[0m [38;5;5;1m<smg-pc-game>[0m cache compiling.debug src/Game/MapObj/StarPiece.cpp[0m
[0m[38;5;2;1m[ 67%]:[0m [38;5;5;1m<smg-pc-game>[0m cache compiling.debug src/Game/MapObj/StarPieceGroup.cpp[0m
[0m[38;5;3;1mIn file included from src/Game/MapObj/MapPartsRailGuideDrawer.cpp:4:
In file included from src/Game/Util.hpp:18:
src/Game/Util/Functor.hpp:114:105: warning: GCC does not allow 'noinline' attribute in this position on a function definition [-Wgcc-compat]
  114 |     static FunctorV1M< T*, void (T::*)(U), U > Functor(T* a1, void (T::*a2)(U), U arg_0) __attribute__((noinline)) {
      |                                                                                                         ^
src/Game/MapObj/MapPartsRailGuideDrawer.cpp:22:5: warning: ignoring return value of function declared with 'nodiscard' attribute [-Wunused-result]
   22 |     rIter.getValue("CommonPath_ID", &_420);
      |     ^~~~~~~~~~~~~~~~~~~~~~~~~~~~~~~~~~~~~~
2 warnings generated.[0m
[0m[38;5;2;1m[ 67%]:[0m [38;5;5;1m<smg-pc-game>[0m cache compiling.debug src/Game/MapObj/HeavensDoorDemoObj.cpp[0m
[0m[38;5;3;1mIn file included from src/Game/MapObj/MapParts.cpp:4:
In file included from src/Game/Util.hpp:18:
src/Game/Util/Functor.hpp:114:105: warning: GCC does not allow 'noinline' attribute in this position on a function definition [-Wgcc-compat]
  114 |     static FunctorV1M< T*, void (T::*)(U), U > Functor(T* a1, void (T::*a2)(U), U arg_0) __attribute__((noinline)) {
      |                                                                                                         ^
1 warning generated.[0m
[0m[38;5;2;1m[ 68%]:[0m [38;5;5;1m<smg-pc-game>[0m cache compiling.debug src/Game/MapObj/StageEffectDataTable.cpp[0m
[0m[38;5;3;1mIn file included from src/Game/MapObj/CoinHolder.cpp:6:
In file included from src/Game/Util.hpp:18:
src/Game/Util/Functor.hpp:114:105: warning: GCC does not allow 'noinline' attribute in this position on a function definition [-Wgcc-compat]
  114 |     static FunctorV1M< T*, void (T::*)(U), U > Functor(T* a1, void (T::*a2)(U), U arg_0) __attribute__((noinline)) {
      |                                                                                                         ^
1 warning generated.[0m
[0m[38;5;2;1m[ 68%]:[0m [38;5;5;1m<smg-pc-game>[0m cache compiling.debug src/Game/MapObj/BrightObj.cpp[0m
[0m[38;5;3;1mIn file included from src/Game/MapObj/RotateMoveObj.cpp:6:
In file included from src/Game/Util.hpp:18:
src/Game/Util/Functor.hpp:114:105: warning: GCC does not allow 'noinline' attribute in this position on a function definition [-Wgcc-compat]
  114 |     static FunctorV1M< T*, void (T::*)(U), U > Functor(T* a1, void (T::*a2)(U), U arg_0) __attribute__((noinline)) {
      |                                                                                                         ^
1 warning generated.[0m
[0m[38;5;2;1m[ 68%]:[0m [38;5;5;1m<smg-pc-game>[0m cache compiling.debug src/Game/MapObj/CollisionBlocker.cpp[0m
[0m[38;5;3;1mIn file included from src/Game/MapObj/PunchingKinoko.cpp:4:
In file included from src/Game/Util.hpp:18:
src/Game/Util/Functor.hpp:114:105: warning: GCC does not allow 'noinline' attribute in this position on a function definition [-Wgcc-compat]
  114 |     static FunctorV1M< T*, void (T::*)(U), U > Functor(T* a1, void (T::*a2)(U), U arg_0) __attribute__((noinline)) {
      |                                                                                                         ^
1 warning generated.[0m
[0m[38;5;2;1m[ 68%]:[0m [38;5;5;1m<smg-pc-game>[0m cache compiling.debug src/Game/MapObj/DynamicCollisionObj.cpp[0m
[0m[38;5;3;1mIn file included from src/Game/MapObj/EarthenPipe.cpp:9:
In file included from src/Game/Util.hpp:18:
src/Game/Util/Functor.hpp:114:105: warning: GCC does not allow 'noinline' attribute in this position on a function definition [-Wgcc-compat]
  114 |     static FunctorV1M< T*, void (T::*)(U), U > Functor(T* a1, void (T::*a2)(U), U arg_0) __attribute__((noinline)) {
      |                                                                                                         ^
1 warning generated.[0m
[0m[38;5;2;1m[ 68%]:[0m [38;5;5;1m<smg-pc-game>[0m cache compiling.debug src/Game/MapObj/IceStep.cpp[0m
[0m[38;5;3;1mIn file included from src/Game/MapObj/MapPartsRailGuideHolder.cpp:5:
In file included from src/Game/Util.hpp:18:
src/Game/Util/Functor.hpp:114:105: warning: GCC does not allow 'noinline' attribute in this position on a function definition [-Wgcc-compat]
  114 |     static FunctorV1M< T*, void (T::*)(U), U > Functor(T* a1, void (T::*a2)(U), U arg_0) __attribute__((noinline)) {
      |                                                                                                         ^
src/Game/MapObj/MapPartsRailGuideHolder.cpp:19:5: warning: ignoring return value of function declared with 'nodiscard' attribute [-Wunused-result]
   19 |     rIter.getValue("CommonPath_ID", &id);
      |     ^~~~~~~~~~~~~~~~~~~~~~~~~~~~~~~~~~~~
2 warnings generated.[0m
[0m[38;5;2;1m[ 68%]:[0m [38;5;5;1m<smg-pc-game>[0m cache compiling.debug src/Game/MapObj/PowerStarAppearPoint.cpp[0m
[0m[38;5;3;1mIn file included from src/Game/MapObj/BigFanHolder.cpp:6:
In file included from src/Game/Util.hpp:18:
src/Game/Util/Functor.hpp:114:105: warning: GCC does not allow 'noinline' attribute in this position on a function definition [-Wgcc-compat]
  114 |     static FunctorV1M< T*, void (T::*)(U), U > Functor(T* a1, void (T::*a2)(U), U arg_0) __attribute__((noinline)) {
      |                                                                                                         ^
1 warning generated.[0m
[0m[38;5;2;1m[ 68%]:[0m [38;5;5;1m<smg-pc-game>[0m cache compiling.debug src/Game/MapObj/CoinRotater.cpp[0m
[0m[38;5;3;1mIn file included from src/Game/MapObj/DummyDisplayModel.cpp:8:
In file included from src/Game/Util.hpp:18:
src/Game/Util/Functor.hpp:114:105: warning: GCC does not allow 'noinline' attribute in this position on a function definition [-Wgcc-compat]
  114 |     static FunctorV1M< T*, void (T::*)(U), U > Functor(T* a1, void (T::*a2)(U), U arg_0) __attribute__((noinline)) {
      |                                                                                                         ^
src/Game/MapObj/DummyDisplayModel.cpp:44:125: warning: GCC does not allow 'noinline' attribute in this position on a function definition [-Wgcc-compat]
   44 |     DummyDisplayModel* tryCreateDummyModel(LiveActor* pHost, const JMapInfoIter& rIter, s32 a3, int itemIdx) __attribute__((noinline)) {
      |                                                                                                                             ^
2 warnings generated.[0m
[0m[38;5;2;1m[ 68%]:[0m [38;5;5;1m<smg-pc-game>[0m cache compiling.debug src/Game/MapObj/RailCoin.cpp[0m
[0m[38;5;3;1mIn file included from src/Game/MapObj/ShockWaveGenerator.cpp:6:
In file included from src/Game/Util.hpp:18:
src/Game/Util/Functor.hpp:114:105: warning: GCC does not allow 'noinline' attribute in this position on a function definition [-Wgcc-compat]
  114 |     static FunctorV1M< T*, void (T::*)(U), U > Functor(T* a1, void (T::*a2)(U), U arg_0) __attribute__((noinline)) {
      |                                                                                                         ^
1 warning generated.[0m
[0m[38;5;2;1m[ 68%]:[0m [38;5;5;1m<smg-pc-game>[0m cache compiling.debug src/Game/MapObj/MapPartsRailGuidePoint.cpp[0m
[0m[38;5;2;1m[ 68%]:[0m [38;5;5;1m<smg-pc-game>[0m cache compiling.debug src/Game/MapObj/ChipCounter.cpp[0m
[0m[38;5;3;1mIn file included from src/Game/MapObj/CutBushModelObj.cpp:3:
In file included from src/Game/Util.hpp:18:
src/Game/Util/Functor.hpp:114:105: warning: GCC does not allow 'noinline' attribute in this position on a function definition [-Wgcc-compat]
  114 |     static FunctorV1M< T*, void (T::*)(U), U > Functor(T* a1, void (T::*a2)(U), U arg_0) __attribute__((noinline)) {
      |                                                                                                         ^
1 warning generated.[0m
[0m[38;5;2;1m[ 68%]:[0m [38;5;5;1m<smg-pc-game>[0m cache compiling.debug src/Game/MapObj/CoinGroup.cpp[0m
[0m[38;5;3;1mIn file included from src/Game/MapObj/MapPartsRailPosture.cpp:4:
In file included from src/Game/Util.hpp:18:
src/Game/Util/Functor.hpp:114:105: warning: GCC does not allow 'noinline' attribute in this position on a function definition [-Wgcc-compat]
  114 |     static FunctorV1M< T*, void (T::*)(U), U > Functor(T* a1, void (T::*a2)(U), U arg_0) __attribute__((noinline)) {
      |                                                                                                         ^
1 warning generated.[0m
[0m[38;5;2;1m[ 68%]:[0m [38;5;5;1m<smg-pc-game>[0m cache compiling.debug src/Game/MapObj/BlackHole.cpp[0m
[0m[38;5;3;1mIn file included from src/Game/MapObj/MapPartsRailMover.cpp:7:
In file included from src/Game/Util.hpp:18:
src/Game/Util/Functor.hpp:114:105: warning: GCC does not allow 'noinline' attribute in this position on a function definition [-Wgcc-compat]
  114 |     static FunctorV1M< T*, void (T::*)(U), U > Functor(T* a1, void (T::*a2)(U), U arg_0) __attribute__((noinline)) {
      |                                                                                                         ^
1 warning generated.[0m
[0m[38;5;2;1m[ 69%]:[0m [38;5;5;1m<smg-pc-game>[0m cache compiling.debug src/Game/MapObj/WarpPod.cpp[0m
[0m[38;5;3;1mIn file included from src/Game/MapObj/MapPartsRailPointPassChecker.cpp:4:
In file included from src/Game/Util.hpp:18:
src/Game/Util/Functor.hpp:114:105: warning: GCC does not allow 'noinline' attribute in this position on a function definition [-Wgcc-compat]
  114 |     static FunctorV1M< T*, void (T::*)(U), U > Functor(T* a1, void (T::*a2)(U), U arg_0) __attribute__((noinline)) {
      |                                                                                                         ^
1 warning generated.[0m
[0m[38;5;2;1m[ 69%]:[0m [38;5;5;1m<smg-pc-game>[0m cache compiling.debug src/Game/MapObj/BigFan.cpp[0m
[0m[38;5;3;1mIn file included from src/Game/MapObj/MapPartsRotator.cpp:6:
In file included from src/Game/Util.hpp:18:
src/Game/Util/Functor.hpp:114:105: warning: GCC does not allow 'noinline' attribute in this position on a function definition [-Wgcc-compat]
  114 |     static FunctorV1M< T*, void (T::*)(U), U > Functor(T* a1, void (T::*a2)(U), U arg_0) __attribute__((noinline)) {
      |                                                                                                         ^
1 warning generated.[0m
[0m[38;5;2;1m[ 69%]:[0m [38;5;5;1m<smg-pc-game>[0m cache compiling.debug src/Game/MapObj/InvisiblePolygonObj.cpp[0m
[0m[38;5;3;1mIn file included from src/Game/MapObj/Coin.cpp:8:
In file included from src/Game/Util.hpp:18:
src/Game/Util/Functor.hpp:114:105: warning: GCC does not allow 'noinline' attribute in this position on a function definition [-Wgcc-compat]
  114 |     static FunctorV1M< T*, void (T::*)(U), U > Functor(T* a1, void (T::*a2)(U), U arg_0) __attribute__((noinline)) {
      |                                                                                                         ^
1 warning generated.[0m
[0m[38;5;2;1m[ 69%]:[0m [38;5;5;1m<smg-pc-game>[0m cache compiling.debug src/Game/MapObj/StarPieceDirector.cpp[0m
[0m[38;5;3;1mIn file included from src/Game/MapObj/PurpleCoinStarter.cpp:5:
In file included from src/Game/Util.hpp:18:
src/Game/Util/Functor.hpp:114:105: warning: GCC does not allow 'noinline' attribute in this position on a function definition [-Wgcc-compat]
  114 |     static FunctorV1M< T*, void (T::*)(U), U > Functor(T* a1, void (T::*a2)(U), U arg_0) __attribute__((noinline)) {
      |                                                                                                         ^
1 warning generated.[0m
[0m[38;5;2;1m[ 69%]:[0m [38;5;5;1m<smg-pc-game>[0m cache compiling.debug src/Game/MapObj/ChipHolder.cpp[0m
[0m[38;5;3;1mIn file included from src/Game/MapObj/CollisionBlocker.cpp:3:
In file included from src/Game/Util.hpp:18:
src/Game/Util/Functor.hpp:114:105: warning: GCC does not allow 'noinline' attribute in this position on a function definition [-Wgcc-compat]
  114 |     static FunctorV1M< T*, void (T::*)(U), U > Functor(T* a1, void (T::*a2)(U), U arg_0) __attribute__((noinline)) {
      |                                                                                                         ^
1 warning generated.[0m
[0m[38;5;2;1m[ 69%]:[0m [38;5;5;1m<smg-pc-game>[0m cache compiling.debug src/Game/MapObj/FlipPanel.cpp[0m
[0m[38;5;2;1m[ 69%]:[0m [38;5;5;1m<smg-pc-game>[0m cache compiling.debug src/Game/MapObj/PlantGroup.cpp[0m
[0m[38;5;3;1mIn file included from src/Game/MapObj/PowerStarAppearPoint.cpp:4:
In file included from src/Game/Util.hpp:18:
src/Game/Util/Functor.hpp:114:105: warning: GCC does not allow 'noinline' attribute in this position on a function definition [-Wgcc-compat]
  114 |     static FunctorV1M< T*, void (T::*)(U), U > Functor(T* a1, void (T::*a2)(U), U arg_0) __attribute__((noinline)) {
      |                                                                                                         ^
1 warning generated.[0m
[0m[38;5;2;1m[ 69%]:[0m [38;5;5;1m<smg-pc-game>[0m cache compiling.debug src/Game/MapObj/PurpleCoinHolder.cpp[0m
[0m[38;5;3;1mIn file included from src/Game/MapObj/HeavensDoorDemoObj.cpp:6:
In file included from src/Game/Util.hpp:18:
src/Game/Util/Functor.hpp:114:105: warning: GCC does not allow 'noinline' attribute in this position on a function definition [-Wgcc-compat]
  114 |     static FunctorV1M< T*, void (T::*)(U), U > Functor(T* a1, void (T::*a2)(U), U arg_0) __attribute__((noinline)) {
      |                                                                                                         ^
1 warning generated.[0m
[0m[38;5;2;1m[ 69%]:[0m [38;5;5;1m<smg-pc-game>[0m cache compiling.debug src/Game/MapObj/SpiderThread.cpp[0m
[0m[38;5;3;1mIn file included from src/Game/MapObj/CoinRotater.cpp:4:
In file included from src/Game/Util.hpp:18:
src/Game/Util/Functor.hpp:114:105: warning: GCC does not allow 'noinline' attribute in this position on a function definition [-Wgcc-compat]
  114 |     static FunctorV1M< T*, void (T::*)(U), U > Functor(T* a1, void (T::*a2)(U), U arg_0) __attribute__((noinline)) {
      |                                                                                                         ^
1 warning generated.[0m
[0m[38;5;2;1m[ 69%]:[0m [38;5;5;1m<smg-pc-game>[0m cache compiling.debug src/Game/MapObj/MapObjActor.cpp[0m
[0m[38;5;3;1mIn file included from src/Game/MapObj/StageEffectDataTable.cpp:4:
In file included from src/Game/Util.hpp:18:
src/Game/Util/Functor.hpp:114:105: warning: GCC does not allow 'noinline' attribute in this position on a function definition [-Wgcc-compat]
  114 |     static FunctorV1M< T*, void (T::*)(U), U > Functor(T* a1, void (T::*a2)(U), U arg_0) __attribute__((noinline)) {
      |                                                                                                         ^
1 warning generated.[0m
[0m[38;5;2;1m[ 70%]:[0m [38;5;5;1m<smg-pc-game>[0m cache compiling.debug src/Game/MapObj/CrystalCage.cpp[0m
[0m[38;5;3;1mIn file included from src/Game/MapObj/RailCoin.cpp:5:
In file included from src/Game/Util.hpp:18:
src/Game/Util/Functor.hpp:114:105: warning: GCC does not allow 'noinline' attribute in this position on a function definition [-Wgcc-compat]
  114 |     static FunctorV1M< T*, void (T::*)(U), U > Functor(T* a1, void (T::*a2)(U), U arg_0) __attribute__((noinline)) {
      |                                                                                                         ^
1 warning generated.[0m
[0m[38;5;2;1m[ 70%]:[0m [38;5;5;1m<smg-pc-game>[0m cache compiling.debug src/Game/MapObj/SimpleMapObj.cpp[0m
[0m[38;5;3;1mIn file included from src/Game/MapObj/StarPieceGroup.cpp:5:
In file included from src/Game/Util.hpp:18:
src/Game/Util/Functor.hpp:114:105: warning: GCC does not allow 'noinline' attribute in this position on a function definition [-Wgcc-compat]
  114 |     static FunctorV1M< T*, void (T::*)(U), U > Functor(T* a1, void (T::*a2)(U), U arg_0) __attribute__((noinline)) {
      |                                                                                                         ^
1 warning generated.[0m
[0m[38;5;2;1m[ 70%]:[0m [38;5;5;1m<smg-pc-game>[0m cache compiling.debug src/Game/MapObj/ClipAreaHolder.cpp[0m
[0m[38;5;2;1m[ 70%]:[0m [38;5;5;1m<smg-pc-game>[0m cache compiling.debug src/Game/MapObj/CollectCounter.cpp[0m
[0m[38;5;3;1mIn file included from src/Game/MapObj/DynamicCollisionObj.cpp:11:
In file included from src/Game/Util.hpp:18:
src/Game/Util/Functor.hpp:114:105: warning: GCC does not allow 'noinline' attribute in this position on a function definition [-Wgcc-compat]
  114 |     static FunctorV1M< T*, void (T::*)(U), U > Functor(T* a1, void (T::*a2)(U), U arg_0) __attribute__((noinline)) {
      |                                                                                                         ^
1 warning generated.[0m
[0m[38;5;2;1m[ 70%]:[0m [38;5;5;1m<smg-pc-game>[0m cache compiling.debug src/nw4r/ut/ut_CharWriter.cpp[0m
[0m[38;5;3;1mIn file included from src/Game/MapObj/StarPiece.cpp:8:
In file included from src/Game/Util.hpp:18:
src/Game/Util/Functor.hpp:114:105: warning: GCC does not allow 'noinline' attribute in this position on a function definition [-Wgcc-compat]
  114 |     static FunctorV1M< T*, void (T::*)(U), U > Functor(T* a1, void (T::*a2)(U), U arg_0) __attribute__((noinline)) {
      |                                                                                                         ^
src/Game/MapObj/StarPiece.cpp:195:13: warning: enumeration value 'groupType_noGroup' not handled in switch [-Wswitch]
  195 |     switch (mGroupType) {
      |             ^~~~~~~~~~
2 warnings generated.[0m
[0m[38;5;2;1m[ 70%]:[0m [38;5;5;1m<smg-pc-game>[0m cache compiling.debug src/nw4r/ut/ut_TextWriterBase.cpp[0m
[0m[38;5;2;1m[ 70%]:[0m [38;5;5;1m<smg-pc-game>[0m cache compiling.debug src/nw4r/ut/ut_TagProcessorBase.cpp[0m
[0m[38;5;2;1m[ 70%]:[0m [38;5;5;1m<smg-pc-game>[0m cache compiling.debug src/nw4r/lyt/lyt_animation.cpp[0m
[0m[38;5;3;1mIn file included from src/Game/MapObj/BlackHole.cpp:6:
In file included from src/Game/Util.hpp:18:
src/Game/Util/Functor.hpp:114:105: warning: GCC does not allow 'noinline' attribute in this position on a function definition [-Wgcc-compat]
  114 |     static FunctorV1M< T*, void (T::*)(U), U > Functor(T* a1, void (T::*a2)(U), U arg_0) __attribute__((noinline)) {
      |                                                                                                         ^
1 warning generated.[0m
[0m[38;5;2;1m[ 70%]:[0m [38;5;5;1m<smg-pc-game>[0m cache compiling.debug src/nw4r/lyt/lyt_group.cpp[0m
[0m[38;5;2;1m[ 70%]:[0m [38;5;5;1m<smg-pc-game>[0m cache compiling.debug src/nw4r/lyt/lyt_layout.cpp[0m
[0m[38;5;3;1mIn file included from src/Game/MapObj/CoinGroup.cpp:5:
In file included from src/Game/Util.hpp:18:
src/Game/Util/Functor.hpp:114:105: warning: GCC does not allow 'noinline' attribute in this position on a function definition [-Wgcc-compat]
  114 |     static FunctorV1M< T*, void (T::*)(U), U > Functor(T* a1, void (T::*a2)(U), U arg_0) __attribute__((noinline)) {
      |                                                                                                         ^
1 warning generated.[0m
[0m[38;5;2;1m[ 70%]:[0m [38;5;5;1m<smg-pc-game>[0m cache compiling.debug src/nw4r/lyt/lyt_arcResourceAccessor.cpp[0m
[0m[38;5;3;1mIn file included from src/Game/MapObj/WarpPod.cpp:8:
In file included from src/Game/Util.hpp:18:
src/Game/Util/Functor.hpp:114:105: warning: GCC does not allow 'noinline' attribute in this position on a function definition [-Wgcc-compat]
  114 |     static FunctorV1M< T*, void (T::*)(U), U > Functor(T* a1, void (T::*a2)(U), U arg_0) __attribute__((noinline)) {
      |                                                                                                         ^
src/Game/MapObj/WarpPod.cpp:166:5: warning: 'sprintf' is deprecated: This function is provided for compatibility reasons only.  Due to security concerns inherent in the design of sprintf(3), it is highly recommended that you use snprintf(3) instead. [-Wdeprecated-declarations]
  166 |     sprintf(eventCameraName, (::smgpc::compat::cp932::EncodedLiteral<::smgpc::compat::cp932::Utf8Literal{"ワープカメラ %d-%c"}>::value.bytes), groupID, arg0 + 65);
      |     ^
/Applications/Xcode.app/Contents/Developer/Platforms/MacOSX.platform/Developer/SDKs/MacOSX27.0.sdk/usr/include/_stdio.h:278:16: note: 'sprintf' has been explicitly marked deprecated here
  278 | __attribute__((__deprecated__("This function is provided for compatibility reasons only.  Due to security concerns inherent in the design of sprintf(3), it is highly recommended that you use snprintf(3) instead.")))
      |                ^
src/Game/MapObj/WarpPod.cpp:289:5: warning: 'sprintf' is deprecated: This function is provided for compatibility reasons only.  Due to security concerns inherent in the design of sprintf(3), it is highly recommended that you use snprintf(3) instead. [-Wdeprecated-declarations]
  289 |     sprintf(buf, (::smgpc::compat::cp932::EncodedLiteral<::smgpc::compat::cp932::Utf8Literal{"wPod出現カメラ %d"}>::value.bytes), _90);
      |     ^
/Applications/Xcode.app/Contents/Developer/Platforms/MacOSX.platform/Developer/SDKs/MacOSX27.0.sdk/usr/include/_stdio.h:278:16: note: 'sprintf' has been explicitly marked deprecated here
  278 | __attribute__((__deprecated__("This function is provided for compatibility reasons only.  Due to security concerns inherent in the design of sprintf(3), it is highly recommended that you use snprintf(3) instead.")))[0m
[0m[38;5;2;1m[ 71%]:[0m [38;5;5;1m<smg-pc-game>[0m cache compiling.debug src/nw4r/lyt/lyt_common.cpp[0m
[0m[38;5;3;1mIn file included from src/Game/MapObj/BigFan.cpp:6:
In file included from src/Game/Util.hpp:18:
src/Game/Util/Functor.hpp:114:105: warning: GCC does not allow 'noinline' attribute in this position on a function definition [-Wgcc-compat]
  114 |     static FunctorV1M< T*, void (T::*)(U), U > Functor(T* a1, void (T::*a2)(U), U arg_0) __attribute__((noinline)) {
      |                                                                                                         ^
1 warning generated.[0m
[0m[38;5;2;1m[ 71%]:[0m [38;5;5;1m<smg-pc-game>[0m cache compiling.debug src/nw4r/lyt/lyt_material.cpp[0m
[0m[38;5;2;1m[ 71%]:[0m [38;5;5;1m<smg-pc-game>[0m cache compiling.debug src/nw4r/lyt/lyt_texMap.cpp[0m
[0m[38;5;2;1m[ 71%]:[0m [38;5;5;1m<smg-pc-game>[0m cache compiling.debug src/nw4r/lyt/lyt_textBox.cpp[0m
[0m[38;5;3;1mIn file included from src/Game/MapObj/CollectCounter.cpp:3:
In file included from src/Game/Util.hpp:18:
src/Game/Util/Functor.hpp:114:105: warning: GCC does not allow 'noinline' attribute in this position on a function definition [-Wgcc-compat]
  114 |     static FunctorV1M< T*, void (T::*)(U), U > Functor(T* a1, void (T::*a2)(U), U arg_0) __attribute__((noinline)) {
      |                                                                                                         ^
1 warning generated.[0m
[0m[38;5;2;1m[ 71%]:[0m [38;5;5;1m<smg-pc-game>[0m cache compiling.debug src/nw4r/lyt/lyt_picture.cpp[0m
[0m[38;5;3;1mIn file included from src/Game/MapObj/PurpleCoinHolder.cpp:7:
In file included from src/Game/Util.hpp:18:
src/Game/Util/Functor.hpp:114:105: warning: GCC does not allow 'noinline' attribute in this position on a function definition [-Wgcc-compat]
  114 |     static FunctorV1M< T*, void (T::*)(U), U > Functor(T* a1, void (T::*a2)(U), U arg_0) __attribute__((noinline)) {
      |                                                                                                         ^
1 warning generated.[0m
[0m[38;5;2;1m[ 71%]:[0m [38;5;5;1m<smg-pc-game>[0m cache compiling.debug src/nw4r/lyt/lyt_window.cpp[0m
[0m[38;5;3;1mIn file included from src/Game/MapObj/StarPieceDirector.cpp:8:
In file included from src/Game/Util.hpp:18:
src/Game/Util/Functor.hpp:114:105: warning: GCC does not allow 'noinline' attribute in this position on a function definition [-Wgcc-compat]
  114 |     static FunctorV1M< T*, void (T::*)(U), U > Functor(T* a1, void (T::*a2)(U), U arg_0) __attribute__((noinline)) {
      |                                                                                                         ^
1 warning generated.[0m
[0m[38;5;2;1m[ 71%]:[0m [38;5;5;1m<smg-pc-game>[0m cache compiling.debug src/nw4r/lyt/lyt_bounding.cpp[0m
[0m[38;5;3;1mIn file included from src/Game/MapObj/ClipAreaHolder.cpp:7:
In file included from src/Game/Util.hpp:18:
src/Game/Util/Functor.hpp:114:105: warning: GCC does not allow 'noinline' attribute in this position on a function definition [-Wgcc-compat]
  114 |     static FunctorV1M< T*, void (T::*)(U), U > Functor(T* a1, void (T::*a2)(U), U arg_0) __attribute__((noinline)) {
      |                                                                                                         ^
1 warning generated.[0m
[0m[38;5;2;1m[ 71%]:[0m [38;5;5;1m<smg-pc-game>[0m cache compiling.debug src/nw4r/lyt/lyt_drawInfo.cpp[0m
[0m[38;5;3;1mIn file included from src/Game/MapObj/FlipPanel.cpp:8:
In file included from src/Game/Util.hpp:18:
src/Game/Util/Functor.hpp:114:105: warning: GCC does not allow 'noinline' attribute in this position on a function definition [-Wgcc-compat]
  114 |     static FunctorV1M< T*, void (T::*)(U), U > Functor(T* a1, void (T::*a2)(U), U arg_0) __attribute__((noinline)) {
      |                                                                                                         ^
1 warning generated.[0m
[0m[38;5;2;1m[ 71%]:[0m [38;5;5;1m<smg-pc-game>[0m cache compiling.debug src/nw4r/lyt/lyt_pane.cpp[0m
[0m[38;5;3;1mIn file included from src/Game/MapObj/CrystalCage.cpp:7:
In file included from src/Game/Util.hpp:18:
src/Game/Util/Functor.hpp:114:105: warning: GCC does not allow 'noinline' attribute in this position on a function definition [-Wgcc-compat]
  114 |     static FunctorV1M< T*, void (T::*)(U), U > Functor(T* a1, void (T::*a2)(U), U arg_0) __attribute__((noinline)) {
      |                                                                                                         ^
1 warning generated.[0m
[0m[38;5;2;1m[ 71%]:[0m [38;5;5;1m<smg-pc-game>[0m cache compiling.debug src/nw4r/math/math_types.cpp[0m
[0m[38;5;3;1mIn file included from src/Game/MapObj/PlantGroup.cpp:6:
In file included from src/Game/Util.hpp:18:
src/Game/Util/Functor.hpp:114:105: warning: GCC does not allow 'noinline' attribute in this position on a function definition [-Wgcc-compat]
  114 |     static FunctorV1M< T*, void (T::*)(U), U > Functor(T* a1, void (T::*a2)(U), U arg_0) __attribute__((noinline)) {
      |                                                                                                         ^
1 warning generated.[0m
[0m[38;5;2;1m[ 72%]:[0m [38;5;5;1m<smg-pc-game>[0m cache compiling.debug src/layout/LayoutRuntime.cpp[0m
[0m[38;5;2;1m[ 72%]:[0m [38;5;5;1m<smg-pc-game>[0m cache compiling.debug src/layout/NativeLayoutResource.cpp[0m
[0m[38;5;3;1mIn file included from src/Game/MapObj/SimpleMapObj.cpp:7:
In file included from src/Game/Util.hpp:18:
src/Game/Util/Functor.hpp:114:105: warning: GCC does not allow 'noinline' attribute in this position on a function definition [-Wgcc-compat]
  114 |     static FunctorV1M< T*, void (T::*)(U), U > Functor(T* a1, void (T::*a2)(U), U arg_0) __attribute__((noinline)) {
      |                                                                                                         ^
1 warning generated.[0m
[0m[38;5;2;1m[ 72%]:[0m [38;5;5;1m<smg-pc-game>[0m cache compiling.debug src/layout/Nw4rLayoutRecords.cpp[0m
[0m[38;5;3;1mIn file included from src/Game/MapObj/MapObjActor.cpp:17:
In file included from src/Game/Util.hpp:18:
src/Game/Util/Functor.hpp:114:105: warning: GCC does not allow 'noinline' attribute in this position on a function definition [-Wgcc-compat]
  114 |     static FunctorV1M< T*, void (T::*)(U), U > Functor(T* a1, void (T::*a2)(U), U arg_0) __attribute__((noinline)) {
      |                                                                                                         ^
1 warning generated.[0m
[0m[38;5;2;1m[ 72%]:[0m [38;5;5;1m<smg-pc-game>[0m cache compiling.debug src/layout/LytTexMap.cpp[0m
[0m[38;5;2;1m[ 74%]:[0m [38;5;5;1m<smg-pc-game>[0m cache compiling.debug src/runtime/RuntimeServices.cpp[0m
[0m[38;5;2;1m[ 75%]:[0m [38;5;5;1m<smg-pc-game>[0m cache compiling.debug src/runtime/OriginalProcessTrace.cpp[0m
[0m[38;5;3;1mIn file included from src/nw4r/lyt/lyt_group.cpp:1:
In file included from src/nw4r/lyt/group.h:4:
src/nw4r/lyt/pane.h:37:37: warning: 'offsetof' on non-standard-layout type 'detail::PaneBase' [-Winvalid-offsetof]
   37 |         typedef ut::LinkList< Pane, __builtin_offsetof(detail::PaneBase, mLink) > PaneList;
      |                                     ^                                    ~~~~~
In file included from src/nw4r/lyt/lyt_group.cpp:1:
src/nw4r/lyt/group.h:55:37: warning: 'offsetof' on non-standard-layout type 'Group' [-Winvalid-offsetof]
   55 |         typedef ut::LinkList<Group, __builtin_offsetof(Group, mLink)> GroupList;
      |                                     ^                         ~~~~~
In file included from src/nw4r/lyt/lyt_group.cpp:2:
In file included from src/nw4r/lyt/layout.h:3:
In file included from src/nw4r/lyt/animation.h:3:
src/nw4r/lyt/common.h:14:28: warning: comparison of different enumeration types ('_GXTexFmt' (aka 'GXTexFmt') and 'GXCITexFmt') is deprecated [-Wdeprecated-enum-compare]
   14 |                 return fmt == GX_TF_C4 || fmt == GX_TF_C8 || fmt == GX_TF_C14X2;
      |                        ~~~ ^  ~~~~~~~~
src/nw4r/lyt/common.h:14:47: warning: comparison of different enumeration types ('_GXTexFmt' (aka 'GXTexFmt') and 'GXCITexFmt') is deprecated [-Wdeprecated-enum-compare][0m
[0m[38;5;2;1m[ 75%]:[0m [38;5;5;1m<smg-pc-game>[0m cache compiling.debug src/runtime/SceneScheduler.cpp[0m
[0m[38;5;3;1mIn file included from src/nw4r/lyt/lyt_animation.cpp:6:
src/nw4r/lyt/common.h:14:28: warning: comparison of different enumeration types ('_GXTexFmt' (aka 'GXTexFmt') and 'GXCITexFmt') is deprecated [-Wdeprecated-enum-compare]
   14 |                 return fmt == GX_TF_C4 || fmt == GX_TF_C8 || fmt == GX_TF_C14X2;
      |                        ~~~ ^  ~~~~~~~~
src/nw4r/lyt/common.h:14:47: warning: comparison of different enumeration types ('_GXTexFmt' (aka 'GXTexFmt') and 'GXCITexFmt') is deprecated [-Wdeprecated-enum-compare]
   14 |                 return fmt == GX_TF_C4 || fmt == GX_TF_C8 || fmt == GX_TF_C14X2;
      |                                           ~~~ ^  ~~~~~~~~
src/nw4r/lyt/common.h:14:66: warning: comparison of different enumeration types ('_GXTexFmt' (aka 'GXTexFmt') and 'GXCITexFmt') is deprecated [-Wdeprecated-enum-compare]
   14 |                 return fmt == GX_TF_C4 || fmt == GX_TF_C8 || fmt == GX_TF_C14X2;
      |                                                              ~~~ ^  ~~~~~~~~~~~
In file included from src/nw4r/lyt/lyt_animation.cpp:7:
src/nw4r/lyt/pane.h:37:37: warning: 'offsetof' on non-standard-layout type 'detail::PaneBase' [-Winvalid-offsetof]
   37 |         typedef ut::LinkList< Pane, __builtin_offsetof(detail::PaneBase, mLink) > PaneList;
      |                                     ^                                    ~~~~~
In file included from src/nw4r/lyt/lyt_animation.cpp:8:
src/nw4r/lyt/group.h:55:37: warning: 'offsetof' on non-standard-layout type 'Group' [-Winvalid-offsetof][0m
[0m[38;5;2;1m[ 75%]:[0m [38;5;5;1m<smg-pc-game>[0m cache compiling.debug src/runtime/rfl/RVLFaceLib.cpp[0m
[0m[38;5;3;1mIn file included from src/nw4r/lyt/lyt_layout.cpp:3:
In file included from src/nw4r/lyt/textBox.h:3:
src/nw4r/lyt/common.h:14:28: warning: comparison of different enumeration types ('_GXTexFmt' (aka 'GXTexFmt') and 'GXCITexFmt') is deprecated [-Wdeprecated-enum-compare]
   14 |                 return fmt == GX_TF_C4 || fmt == GX_TF_C8 || fmt == GX_TF_C14X2;
      |                        ~~~ ^  ~~~~~~~~
src/nw4r/lyt/common.h:14:47: warning: comparison of different enumeration types ('_GXTexFmt' (aka 'GXTexFmt') and 'GXCITexFmt') is deprecated [-Wdeprecated-enum-compare]
   14 |                 return fmt == GX_TF_C4 || fmt == GX_TF_C8 || fmt == GX_TF_C14X2;
      |                                           ~~~ ^  ~~~~~~~~
src/nw4r/lyt/common.h:14:66: warning: comparison of different enumeration types ('_GXTexFmt' (aka 'GXTexFmt') and 'GXCITexFmt') is deprecated [-Wdeprecated-enum-compare]
   14 |                 return fmt == GX_TF_C4 || fmt == GX_TF_C8 || fmt == GX_TF_C14X2;
      |                                                              ~~~ ^  ~~~~~~~~~~~
In file included from src/nw4r/lyt/lyt_layout.cpp:3:
In file included from src/nw4r/lyt/textBox.h:4:
src/nw4r/lyt/pane.h:37:37: warning: 'offsetof' on non-standard-layout type 'detail::PaneBase' [-Winvalid-offsetof]
   37 |         typedef ut::LinkList< Pane, __builtin_offsetof(detail::PaneBase, mLink) > PaneList;
      |                                     ^                                    ~~~~~[0m
[0m[38;5;2;1m[ 75%]:[0m [38;5;5;1m<smg-pc-game>[0m cache compiling.debug src/runtime/RuntimeContext.cpp[0m
[0m[38;5;3;1mIn file included from src/nw4r/lyt/lyt_common.cpp:1:
src/nw4r/lyt/common.h:14:28: warning: comparison of different enumeration types ('_GXTexFmt' (aka 'GXTexFmt') and 'GXCITexFmt') is deprecated [-Wdeprecated-enum-compare]
   14 |                 return fmt == GX_TF_C4 || fmt == GX_TF_C8 || fmt == GX_TF_C14X2;
      |                        ~~~ ^  ~~~~~~~~
src/nw4r/lyt/common.h:14:47: warning: comparison of different enumeration types ('_GXTexFmt' (aka 'GXTexFmt') and 'GXCITexFmt') is deprecated [-Wdeprecated-enum-compare]
   14 |                 return fmt == GX_TF_C4 || fmt == GX_TF_C8 || fmt == GX_TF_C14X2;
      |                                           ~~~ ^  ~~~~~~~~
src/nw4r/lyt/common.h:14:66: warning: comparison of different enumeration types ('_GXTexFmt' (aka 'GXTexFmt') and 'GXCITexFmt') is deprecated [-Wdeprecated-enum-compare]
   14 |                 return fmt == GX_TF_C4 || fmt == GX_TF_C8 || fmt == GX_TF_C14X2;
      |                                                              ~~~ ^  ~~~~~~~~~~~
In file included from src/nw4r/lyt/lyt_common.cpp:2:
In file included from src/nw4r/lyt/layout.h:4:
In file included from src/nw4r/lyt/group.h:4:
src/nw4r/lyt/pane.h:37:37: warning: 'offsetof' on non-standard-layout type 'detail::PaneBase' [-Winvalid-offsetof]
   37 |         typedef ut::LinkList< Pane, __builtin_offsetof(detail::PaneBase, mLink) > PaneList;
      |                                     ^                                    ~~~~~[0m
[0m[38;5;2;1m[ 75%]:[0m [38;5;5;1m<smg-pc-game>[0m cache compiling.debug src/runtime/ParityTrace.cpp[0m
[0m[38;5;2;1m[ 75%]:[0m [38;5;5;1m<smg-pc-game>[0m cache compiling.debug src/runtime/WiiPlatformService.cpp[0m
[0m[38;5;3;1mIn file included from src/nw4r/lyt/lyt_textBox.cpp:2:
In file included from src/nw4r/lyt/layout.h:3:
In file included from src/nw4r/lyt/animation.h:3:
src/nw4r/lyt/common.h:14:28: warning: comparison of different enumeration types ('_GXTexFmt' (aka 'GXTexFmt') and 'GXCITexFmt') is deprecated [-Wdeprecated-enum-compare]
   14 |                 return fmt == GX_TF_C4 || fmt == GX_TF_C8 || fmt == GX_TF_C14X2;
      |                        ~~~ ^  ~~~~~~~~
src/nw4r/lyt/common.h:14:47: warning: comparison of different enumeration types ('_GXTexFmt' (aka 'GXTexFmt') and 'GXCITexFmt') is deprecated [-Wdeprecated-enum-compare]
   14 |                 return fmt == GX_TF_C4 || fmt == GX_TF_C8 || fmt == GX_TF_C14X2;
      |                                           ~~~ ^  ~~~~~~~~
src/nw4r/lyt/common.h:14:66: warning: comparison of different enumeration types ('_GXTexFmt' (aka 'GXTexFmt') and 'GXCITexFmt') is deprecated [-Wdeprecated-enum-compare]
   14 |                 return fmt == GX_TF_C4 || fmt == GX_TF_C8 || fmt == GX_TF_C14X2;
      |                                                              ~~~ ^  ~~~~~~~~~~~
In file included from src/nw4r/lyt/lyt_textBox.cpp:2:
In file included from src/nw4r/lyt/layout.h:4:
In file included from src/nw4r/lyt/group.h:4:
src/nw4r/lyt/pane.h:37:37: warning: 'offsetof' on non-standard-layout type 'detail::PaneBase' [-Winvalid-offsetof][0m
[0m[38;5;2;1m[ 76%]:[0m [38;5;5;1m<smg-pc-game>[0m cache compiling.debug src/scene/SceneDrawBufferService.cpp[0m
[0m[38;5;2;1m[ 76%]:[0m [38;5;5;1m<smg-pc-game>[0m cache compiling.debug src/scene/OriginalSceneSupport.cpp[0m
[0m[38;5;3;1mIn file included from src/nw4r/lyt/lyt_texMap.cpp:1:
src/nw4r/lyt/common.h:14:28: warning: comparison of different enumeration types ('_GXTexFmt' (aka 'GXTexFmt') and 'GXCITexFmt') is deprecated [-Wdeprecated-enum-compare]
   14 |                 return fmt == GX_TF_C4 || fmt == GX_TF_C8 || fmt == GX_TF_C14X2;
      |                        ~~~ ^  ~~~~~~~~
src/nw4r/lyt/common.h:14:47: warning: comparison of different enumeration types ('_GXTexFmt' (aka 'GXTexFmt') and 'GXCITexFmt') is deprecated [-Wdeprecated-enum-compare]
   14 |                 return fmt == GX_TF_C4 || fmt == GX_TF_C8 || fmt == GX_TF_C14X2;
      |                                           ~~~ ^  ~~~~~~~~
src/nw4r/lyt/common.h:14:66: warning: comparison of different enumeration types ('_GXTexFmt' (aka 'GXTexFmt') and 'GXCITexFmt') is deprecated [-Wdeprecated-enum-compare]
   14 |                 return fmt == GX_TF_C4 || fmt == GX_TF_C8 || fmt == GX_TF_C14X2;
      |                                                              ~~~ ^  ~~~~~~~~~~~
3 warnings generated.[0m
[0m[38;5;2;1m[ 77%]:[0m [38;5;5;1m<smg-pc-game>[0m cache compiling.debug src/scene/SceneExecutionBinding.cpp[0m
[0m[38;5;3;1mIn file included from src/nw4r/lyt/lyt_bounding.cpp:1:
In file included from src/nw4r/lyt/bounding.h:3:
src/nw4r/lyt/pane.h:37:37: warning: 'offsetof' on non-standard-layout type 'detail::PaneBase' [-Winvalid-offsetof]
   37 |         typedef ut::LinkList< Pane, __builtin_offsetof(detail::PaneBase, mLink) > PaneList;
      |                                     ^                                    ~~~~~
In file included from src/nw4r/lyt/lyt_bounding.cpp:2:
src/nw4r/lyt/common.h:14:28: warning: comparison of different enumeration types ('_GXTexFmt' (aka 'GXTexFmt') and 'GXCITexFmt') is deprecated [-Wdeprecated-enum-compare]
   14 |                 return fmt == GX_TF_C4 || fmt == GX_TF_C8 || fmt == GX_TF_C14X2;
      |                        ~~~ ^  ~~~~~~~~
src/nw4r/lyt/common.h:14:47: warning: comparison of different enumeration types ('_GXTexFmt' (aka 'GXTexFmt') and 'GXCITexFmt') is deprecated [-Wdeprecated-enum-compare]
   14 |                 return fmt == GX_TF_C4 || fmt == GX_TF_C8 || fmt == GX_TF_C14X2;
      |                                           ~~~ ^  ~~~~~~~~
src/nw4r/lyt/common.h:14:66: warning: comparison of different enumeration types ('_GXTexFmt' (aka 'GXTexFmt') and 'GXCITexFmt') is deprecated [-Wdeprecated-enum-compare]
   14 |                 return fmt == GX_TF_C4 || fmt == GX_TF_C8 || fmt == GX_TF_C14X2;
      |                                                              ~~~ ^  ~~~~~~~~~~~
4 warnings generated.[0m
[0m[38;5;2;1m[ 77%]:[0m [38;5;5;1m<smg-pc-game>[0m cache compiling.debug src/scene/GameSceneBinding.cpp[0m
[0m[38;5;3;1mIn file included from src/nw4r/lyt/lyt_picture.cpp:1:
In file included from src/nw4r/lyt/layout.h:3:
In file included from src/nw4r/lyt/animation.h:3:
src/nw4r/lyt/common.h:14:28: warning: comparison of different enumeration types ('_GXTexFmt' (aka 'GXTexFmt') and 'GXCITexFmt') is deprecated [-Wdeprecated-enum-compare]
   14 |                 return fmt == GX_TF_C4 || fmt == GX_TF_C8 || fmt == GX_TF_C14X2;
      |                        ~~~ ^  ~~~~~~~~
src/nw4r/lyt/common.h:14:47: warning: comparison of different enumeration types ('_GXTexFmt' (aka 'GXTexFmt') and 'GXCITexFmt') is deprecated [-Wdeprecated-enum-compare]
   14 |                 return fmt == GX_TF_C4 || fmt == GX_TF_C8 || fmt == GX_TF_C14X2;
      |                                           ~~~ ^  ~~~~~~~~
src/nw4r/lyt/common.h:14:66: warning: comparison of different enumeration types ('_GXTexFmt' (aka 'GXTexFmt') and 'GXCITexFmt') is deprecated [-Wdeprecated-enum-compare]
   14 |                 return fmt == GX_TF_C4 || fmt == GX_TF_C8 || fmt == GX_TF_C14X2;
      |                                                              ~~~ ^  ~~~~~~~~~~~
In file included from src/nw4r/lyt/lyt_picture.cpp:1:
In file included from src/nw4r/lyt/layout.h:4:
In file included from src/nw4r/lyt/group.h:4:
src/nw4r/lyt/pane.h:37:37: warning: 'offsetof' on non-standard-layout type 'detail::PaneBase' [-Winvalid-offsetof][0m
[0m[38;5;2;1m[ 77%]:[0m [38;5;5;1m<smg-pc-game>[0m cache compiling.debug src/compat/OriginalTripodBossQuery.cpp[0m
[0m[38;5;2;1m[ 77%]:[0m [38;5;5;1m<smg-pc-game>[0m cache compiling.debug src/compat/ActorRuntimeRegistry.cpp[0m
[0m[38;5;3;1mIn file included from src/nw4r/lyt/lyt_window.cpp:1:
In file included from src/nw4r/lyt/layout.h:3:
In file included from src/nw4r/lyt/animation.h:3:
src/nw4r/lyt/common.h:14:28: warning: comparison of different enumeration types ('_GXTexFmt' (aka 'GXTexFmt') and 'GXCITexFmt') is deprecated [-Wdeprecated-enum-compare]
   14 |                 return fmt == GX_TF_C4 || fmt == GX_TF_C8 || fmt == GX_TF_C14X2;
      |                        ~~~ ^  ~~~~~~~~
src/nw4r/lyt/common.h:14:47: warning: comparison of different enumeration types ('_GXTexFmt' (aka 'GXTexFmt') and 'GXCITexFmt') is deprecated [-Wdeprecated-enum-compare]
   14 |                 return fmt == GX_TF_C4 || fmt == GX_TF_C8 || fmt == GX_TF_C14X2;
      |                                           ~~~ ^  ~~~~~~~~
src/nw4r/lyt/common.h:14:66: warning: comparison of different enumeration types ('_GXTexFmt' (aka 'GXTexFmt') and 'GXCITexFmt') is deprecated [-Wdeprecated-enum-compare]
   14 |                 return fmt == GX_TF_C4 || fmt == GX_TF_C8 || fmt == GX_TF_C14X2;
      |                                                              ~~~ ^  ~~~~~~~~~~~
In file included from src/nw4r/lyt/lyt_window.cpp:1:
In file included from src/nw4r/lyt/layout.h:4:
In file included from src/nw4r/lyt/group.h:4:
src/nw4r/lyt/pane.h:37:37: warning: 'offsetof' on non-standard-layout type 'detail::PaneBase' [-Winvalid-offsetof][0m
[0m[38;5;2;1m[ 77%]:[0m [38;5;5;1m<smg-pc-game>[0m cache compiling.debug src/compat/TalkDirectorLifetime.cpp[0m
[0m[38;5;3;1mIn file included from src/nw4r/lyt/lyt_pane.cpp:2:
In file included from src/nw4r/lyt/animation.h:3:
src/nw4r/lyt/common.h:14:28: warning: comparison of different enumeration types ('_GXTexFmt' (aka 'GXTexFmt') and 'GXCITexFmt') is deprecated [-Wdeprecated-enum-compare]
   14 |                 return fmt == GX_TF_C4 || fmt == GX_TF_C8 || fmt == GX_TF_C14X2;
      |                        ~~~ ^  ~~~~~~~~
src/nw4r/lyt/common.h:14:47: warning: comparison of different enumeration types ('_GXTexFmt' (aka 'GXTexFmt') and 'GXCITexFmt') is deprecated [-Wdeprecated-enum-compare]
   14 |                 return fmt == GX_TF_C4 || fmt == GX_TF_C8 || fmt == GX_TF_C14X2;
      |                                           ~~~ ^  ~~~~~~~~
src/nw4r/lyt/common.h:14:66: warning: comparison of different enumeration types ('_GXTexFmt' (aka 'GXTexFmt') and 'GXCITexFmt') is deprecated [-Wdeprecated-enum-compare]
   14 |                 return fmt == GX_TF_C4 || fmt == GX_TF_C8 || fmt == GX_TF_C14X2;
      |                                                              ~~~ ^  ~~~~~~~~~~~
In file included from src/nw4r/lyt/lyt_pane.cpp:5:
In file included from src/nw4r/lyt/layout.h:4:
In file included from src/nw4r/lyt/group.h:4:
src/nw4r/lyt/pane.h:37:37: warning: 'offsetof' on non-standard-layout type 'detail::PaneBase' [-Winvalid-offsetof]
   37 |         typedef ut::LinkList< Pane, __builtin_offsetof(detail::PaneBase, mLink) > PaneList;[0m
[0m[38;5;2;1m[ 78%]:[0m [38;5;5;1m<smg-pc-game>[0m cache compiling.debug src/compat/AudioFacadeCompat.cpp[0m
[0m[38;5;3;1mIn file included from src/nw4r/lyt/lyt_material.cpp:1:
In file included from src/nw4r/lyt/animation.h:3:
src/nw4r/lyt/common.h:14:28: warning: comparison of different enumeration types ('_GXTexFmt' (aka 'GXTexFmt') and 'GXCITexFmt') is deprecated [-Wdeprecated-enum-compare]
   14 |                 return fmt == GX_TF_C4 || fmt == GX_TF_C8 || fmt == GX_TF_C14X2;
      |                        ~~~ ^  ~~~~~~~~
src/nw4r/lyt/common.h:14:47: warning: comparison of different enumeration types ('_GXTexFmt' (aka 'GXTexFmt') and 'GXCITexFmt') is deprecated [-Wdeprecated-enum-compare]
   14 |                 return fmt == GX_TF_C4 || fmt == GX_TF_C8 || fmt == GX_TF_C14X2;
      |                                           ~~~ ^  ~~~~~~~~
src/nw4r/lyt/common.h:14:66: warning: comparison of different enumeration types ('_GXTexFmt' (aka 'GXTexFmt') and 'GXCITexFmt') is deprecated [-Wdeprecated-enum-compare]
   14 |                 return fmt == GX_TF_C4 || fmt == GX_TF_C8 || fmt == GX_TF_C14X2;
      |                                                              ~~~ ^  ~~~~~~~~~~~
In file included from src/nw4r/lyt/lyt_material.cpp:3:
In file included from src/nw4r/lyt/layout.h:4:
In file included from src/nw4r/lyt/group.h:4:
src/nw4r/lyt/pane.h:37:37: warning: 'offsetof' on non-standard-layout type 'detail::PaneBase' [-Winvalid-offsetof]
   37 |         typedef ut::LinkList< Pane, __builtin_offsetof(detail::PaneBase, mLink) > PaneList;[0m
[0m[38;5;2;1m[ 78%]:[0m [38;5;5;1m<smg-pc-game>[0m cache compiling.debug src/compat/CollisionPartsCompat.cpp[0m
[0m[38;5;2;1m[ 79%]:[0m [38;5;5;1m<smg-pc-game>[0m cache compiling.debug src/compat/InformationMessageCompat.cpp[0m
[0m[38;5;3;1msrc/compat/OriginalTripodBossQuery.cpp:11:53: warning: GCC does not allow 'noinline' attribute in this position on a function definition [-Wgcc-compat]
   11 |     s32 convertBoneIDToIndex(s32 id) __attribute__((noinline)) {
      |                                                     ^
1 warning generated.[0m
[0m[38;5;2;1m[ 79%]:[0m [38;5;5;1m<smg-pc-game>[0m cache compiling.debug src/compat/SceneObjHolderCompat.cpp[0m
[0m[38;5;3;1mIn file included from src/scene/GameSceneBinding.cpp:8:
src/Game/Util/Functor.hpp:114:105: warning: GCC does not allow 'noinline' attribute in this position on a function definition [-Wgcc-compat]
  114 |     static FunctorV1M< T*, void (T::*)(U), U > Functor(T* a1, void (T::*a2)(U), U arg_0) __attribute__((noinline)) {
      |                                                                                                         ^
1 warning generated.[0m
[0m[38;5;2;1m[ 79%]:[0m [38;5;5;1m<smg-pc-game>[0m cache compiling.debug src/compat/EffectSystemOwnership.cpp[0m
[0m[38;5;3;1msrc/layout/NativeLayoutResource.cpp:103:33: warning: first argument in call to 'memcpy' is a pointer to non-trivially copyable type 'nw4r::lyt::res::Pane' [-Wnontrivial-memcall]
  103 |                     std::memcpy(static_cast<nw4r::lyt::res::Pane*>(&text), out.data(), 76);
      |                                 ^
src/layout/NativeLayoutResource.cpp:103:33: note: explicitly cast the pointer to silence this warning
  103 |                     std::memcpy(static_cast<nw4r::lyt::res::Pane*>(&text), out.data(), 76);
      |                                 ^
      |                                 (void*)
1 warning generated.[0m
[0m[38;5;3;1mIn file included from src/scene/SceneDrawBufferService.cpp:9:
src/Game/Util/Functor.hpp:114:105: warning: GCC does not allow 'noinline' attribute in this position on a function definition [-Wgcc-compat]
  114 |     static FunctorV1M< T*, void (T::*)(U), U > Functor(T* a1, void (T::*a2)(U), U arg_0) __attribute__((noinline)) {
      |                                                                                                         ^
1 warning generated.[0m
[0m[38;5;3;1mIn file included from src/layout/Nw4rLayoutRecords.cpp:8:
In file included from src/nw4r/lyt/group.h:4:
src/nw4r/lyt/pane.h:37:37: warning: 'offsetof' on non-standard-layout type 'detail::PaneBase' [-Winvalid-offsetof]
   37 |         typedef ut::LinkList< Pane, __builtin_offsetof(detail::PaneBase, mLink) > PaneList;
      |                                     ^                                    ~~~~~
In file included from src/layout/Nw4rLayoutRecords.cpp:8:
src/nw4r/lyt/group.h:55:37: warning: 'offsetof' on non-standard-layout type 'Group' [-Winvalid-offsetof]
   55 |         typedef ut::LinkList<Group, __builtin_offsetof(Group, mLink)> GroupList;
      |                                     ^                         ~~~~~
In file included from src/layout/Nw4rLayoutRecords.cpp:9:
In file included from src/nw4r/lyt/textBox.h:3:
src/nw4r/lyt/common.h:14:28: warning: comparison of different enumeration types ('_GXTexFmt' (aka 'GXTexFmt') and 'GXCITexFmt') is deprecated [-Wdeprecated-enum-compare]
   14 |                 return fmt == GX_TF_C4 || fmt == GX_TF_C8 || fmt == GX_TF_C14X2;
      |                        ~~~ ^  ~~~~~~~~
src/nw4r/lyt/common.h:14:47: warning: comparison of different enumeration types ('_GXTexFmt' (aka 'GXTexFmt') and 'GXCITexFmt') is deprecated [-Wdeprecated-enum-compare]
   14 |                 return fmt == GX_TF_C4 || fmt == GX_TF_C8 || fmt == GX_TF_C14X2;[0m
[0m[38;5;3;1mIn file included from src/runtime/RuntimeContext.cpp:10:
In file included from src/compat/SceneJ3dScope.hpp:4:
In file included from src/JSystem/J3DGraphAnimator/J3DJoint.hpp:4:
In file included from src/JSystem/J3DGraphBase/J3DMaterial.hpp:3:
src/JSystem/J3DGraphBase/J3DMatBlock.hpp:248:35: warning: result of comparison of constant 65535 with expression of type 'const u8' (aka 'const unsigned char') is always false [-Wtautological-constant-out-of-range-compare]
  248 |         u32 ambSrc = info.mAmbSrc == 0xFFFF ? 0 : info.mAmbSrc;
      |                      ~~~~~~~~~~~~ ^  ~~~~~~
1 warning generated.[0m
[0m[38;5;3;1mIn file included from src/layout/LayoutRuntime.cpp:27:
src/nw4r/lyt/pane.h:37:37: warning: 'offsetof' on non-standard-layout type 'detail::PaneBase' [-Winvalid-offsetof]
   37 |         typedef ut::LinkList< Pane, __builtin_offsetof(detail::PaneBase, mLink) > PaneList;
      |                                     ^                                    ~~~~~
1 warning generated.[0m
[0m[38;5;2;1mcreate ok![0m
[0m[1;38;5;1;1merror: [0msrc/runtime/SceneScheduler.cpp:1427:35: error: no member named 'is_layout_actor_dead' in namespace 'smgpc::layout'
 1427 |             return smgpc::layout::is_layout_actor_dead(entry.layout_actor);
      |                                   ^~~~~~~~~~~~~~~~~~~~
7 warnings and 1 error generated.
  [38;5;3m> in [1msrc/runtime/SceneScheduler.cpp[0m
[0m[38;5;2;1m[ 76%]:[0m [38;5;5;1m<smg-pc-game>[0m cache compiling.debug src/runtime/SceneScheduler.cpp[0m
[0m[38;5;3;1mIn file included from src/runtime/SceneScheduler.cpp:17:
In file included from src/compat/SceneJ3dScope.hpp:4:
In file included from src/JSystem/J3DGraphAnimator/J3DJoint.hpp:4:
In file included from src/JSystem/J3DGraphBase/J3DMaterial.hpp:3:
src/JSystem/J3DGraphBase/J3DMatBlock.hpp:248:35: warning: result of comparison of constant 65535 with expression of type 'const u8' (aka 'const unsigned char') is always false [-Wtautological-constant-out-of-range-compare]
  248 |         u32 ambSrc = info.mAmbSrc == 0xFFFF ? 0 : info.mAmbSrc;
      |                      ~~~~~~~~~~~~ ^  ~~~~~~
In file included from src/runtime/SceneScheduler.cpp:35:
In file included from src/Game/Screen/LayoutManager.hpp:6:
In file included from src/nw4r/lyt/layout.h:3:
In file included from src/nw4r/lyt/animation.h:3:
src/nw4r/lyt/common.h:14:28: warning: comparison of different enumeration types ('_GXTexFmt' (aka 'GXTexFmt') and 'GXCITexFmt') is deprecated [-Wdeprecated-enum-compare]
   14 |                 return fmt == GX_TF_C4 || fmt == GX_TF_C8 || fmt == GX_TF_C14X2;
      |                        ~~~ ^  ~~~~~~~~
src/nw4r/lyt/common.h:14:47: warning: comparison of different enumeration types ('_GXTexFmt' (aka 'GXTexFmt') and 'GXCITexFmt') is deprecated [-Wdeprecated-enum-compare]
   14 |                 return fmt == GX_TF_C4 || fmt == GX_TF_C8 || fmt == GX_TF_C14X2;[0m
[0m[38;5;2;1m[ 94%]:[0m [38;5;5;1m<smg-pc-game>[0m [38;5;5;1marchiving.debug libsmg-pc-game.a[0m
[0m[38;5;2;1m[ 94%]:[0m [38;5;5;1m<smg-pc-app>[0m [38;5;5;1marchiving.debug libsmg-pc-app.a[0m
[0m[38;5;2;1m[ 94%]:[0m [38;5;5;1m<smg-pc>[0m [38;5;5;1mlinking.debug smg-pc[0m
[0m[38;5;2;1m[ 94%]:[0m [38;5;5;1m<smg-pc>[0m [38;5;5;1mgenerating.xcode.debug smg-pc.app[0m
[0m[38;5;2;1mcreate ok![0m
[0m[38;5;2;1m[100%]:[0m [38;5;2;1mbuild ok, spent 5.463s[0m
[0m[38;5;2;1m[ 16%]:[0m [38;5;5;1m<smg-pc-game>[0m cache compiling.debug src/Game/Util/ObjUtil.cpp[0m
[0m[38;5;2;1m[ 16%]:[0m [38;5;5;1m<smg-pc-game>[0m cache compiling.debug src/Game/Util/LiveActorUtil.cpp[0m
[0m[38;5;2;1m[ 28%]:[0m [38;5;5;1m<smg-pc-game>[0m cache compiling.debug src/Game/LiveActor/MirrorActor.cpp[0m
[0m[38;5;2;1m[ 28%]:[0m [38;5;5;1m<smg-pc-game>[0m cache compiling.debug src/Game/LiveActor/ActorLightCtrl.cpp[0m
[0m[38;5;2;1m[ 31%]:[0m [38;5;5;1m<smg-pc-game>[0m cache compiling.debug src/Game/LiveActor/LiveActor.cpp[0m
[0m[38;5;2;1m[ 31%]:[0m [38;5;5;1m<smg-pc-game>[0m cache compiling.debug src/Game/LiveActor/PartsModel.cpp[0m
[0m[38;5;2;1m[ 32%]:[0m [38;5;5;1m<smg-pc-game>[0m cache compiling.debug src/Game/LiveActor/MirrorReflectionModel.cpp[0m
[0m[38;5;2;1m[ 55%]:[0m [38;5;5;1m<smg-pc-game>[0m cache compiling.debug src/Game/NameObj/NameObjExecuteHolder.cpp[0m
[0m[38;5;2;1m[ 55%]:[0m [38;5;5;1m<smg-pc-game>[0m cache compiling.debug src/Game/Scene/SceneFunction.cpp[0m
[0m[38;5;2;1m[ 56%]:[0m [38;5;5;1m<smg-pc-game>[0m cache compiling.debug src/Game/Scene/SceneExecutor.cpp[0m
[0m[38;5;2;1m[ 75%]:[0m [38;5;5;1m<smg-pc-game>[0m cache compiling.debug src/runtime/SceneScheduler.cpp[0m
[0m[38;5;2;1m[ 77%]:[0m [38;5;5;1m<smg-pc-game>[0m cache compiling.debug src/scene/SceneExecutionBinding.cpp[0m
[0m[38;5;2;1m[ 80%]:[0m [38;5;5;1m<smg-pc-game>[0m cache compiling.debug src/compat/SceneObjHolderCompat.cpp[0m
[0m[38;5;3;1mIn file included from src/Game/LiveActor/ActorLightCtrl.cpp:7:
In file included from src/Game/Util.hpp:18:
src/Game/Util/Functor.hpp:114:105: warning: GCC does not allow 'noinline' attribute in this position on a function definition [-Wgcc-compat]
  114 |     static FunctorV1M< T*, void (T::*)(U), U > Functor(T* a1, void (T::*a2)(U), U arg_0) __attribute__((noinline)) {
      |                                                                                                         ^
1 warning generated.[0m
[0m[38;5;3;1mIn file included from src/Game/Scene/SceneExecutor.cpp:9:
In file included from src/Game/Util.hpp:18:
src/Game/Util/Functor.hpp:114:105: warning: GCC does not allow 'noinline' attribute in this position on a function definition [-Wgcc-compat]
  114 |     static FunctorV1M< T*, void (T::*)(U), U > Functor(T* a1, void (T::*a2)(U), U arg_0) __attribute__((noinline)) {
      |                                                                                                         ^
1 warning generated.[0m
[0m[38;5;3;1msrc/Game/Util/ObjUtil.cpp:53:117: warning: GCC does not allow 'noinline' attribute in this position on a function definition [-Wgcc-compat]
   53 |     bool isExistFileInArcLocal(const ResourceHolder* pHolder, const char* pArchive, va_list pFormat) __attribute__((noinline)) {
      |                                                                                                                     ^
src/Game/Util/ObjUtil.cpp:60:124: warning: GCC does not allow 'noinline' attribute in this position on a function definition [-Wgcc-compat]
   60 |     JMapInfo* tryCreateCsvParserLocal(const ResourceHolder* pHolder, const char* pArchive, va_list pFormat) __attribute__((noinline)) {
      |                                                                                                                            ^
src/Game/Util/ObjUtil.cpp:571:9: warning: ignoring return value of function declared with 'nodiscard' attribute [-Wunused-result]
  571 |         pMapInfo->getValue(idx, pKey, pOut);
      |         ^~~~~~~~~~~~~~~~~~~~~~~~~~~~~~~~~~~
src/Game/Util/ObjUtil.cpp:583:9: warning: ignoring return value of function declared with 'nodiscard' attribute [-Wunused-result]
  583 |         pMapInfo->getValue< s32 >(idx, pKey, pOut);
      |         ^~~~~~~~~~~~~~~~~~~~~~~~~~~~~~~~~~~~~~~~~~
src/Game/Util/ObjUtil.cpp:589:9: warning: ignoring return value of function declared with 'nodiscard' attribute [-Wunused-result]
  589 |         pMapInfo->getValue< s32 >(idx, pKey, &val);
      |         ^~~~~~~~~~~~~~~~~~~~~~~~~~~~~~~~~~~~~~~~~~
src/Game/Util/ObjUtil.cpp:595:9: warning: ignoring return value of function declared with 'nodiscard' attribute [-Wunused-result][0m
[0m[38;5;3;1mIn file included from src/Game/Util/LiveActorUtil.cpp:4:
In file included from src/Game/Animation/XanimeCore.hpp:3:
In file included from src/JSystem/J3DGraphAnimator/J3DJoint.hpp:4:
In file included from src/JSystem/J3DGraphBase/J3DMaterial.hpp:3:
src/JSystem/J3DGraphBase/J3DMatBlock.hpp:248:35: warning: result of comparison of constant 65535 with expression of type 'const u8' (aka 'const unsigned char') is always false [-Wtautological-constant-out-of-range-compare]
  248 |         u32 ambSrc = info.mAmbSrc == 0xFFFF ? 0 : info.mAmbSrc;
      |                      ~~~~~~~~~~~~ ^  ~~~~~~
src/Game/Util/LiveActorUtil.cpp:77:126: warning: GCC does not allow 'noinline' attribute in this position on a function definition [-Wgcc-compat]
   77 |     PartsModel* createSubModel(LiveActor* pActor, const char* pSubModelName, MtxPtr pMtx, int drawBufferType) __attribute__((noinline)) {
      |                                                                                                                              ^
src/Game/Util/LiveActorUtil.cpp:94:75: warning: GCC does not allow 'noinline' attribute in this position on a function definition [-Wgcc-compat]
   94 |     void changeBckForEffectKeeper(const LiveActor* pActor) __attribute__((noinline)) {
      |                                                                           ^
src/Game/Util/LiveActorUtil.cpp:102:81: warning: GCC does not allow 'noinline' attribute in this position on a function definition [-Wgcc-compat]
  102 |     void calcCollisionMtx(TPos3f* pMtx, const LiveActor* pActor) __attribute__((noinline)) {
      |                                                                                 ^[0m
[0m[38;5;3;1mIn file included from src/runtime/SceneScheduler.cpp:17:
In file included from src/compat/SceneJ3dScope.hpp:4:
In file included from src/JSystem/J3DGraphAnimator/J3DJoint.hpp:4:
In file included from src/JSystem/J3DGraphBase/J3DMaterial.hpp:3:
src/JSystem/J3DGraphBase/J3DMatBlock.hpp:248:35: warning: result of comparison of constant 65535 with expression of type 'const u8' (aka 'const unsigned char') is always false [-Wtautological-constant-out-of-range-compare]
  248 |         u32 ambSrc = info.mAmbSrc == 0xFFFF ? 0 : info.mAmbSrc;
      |                      ~~~~~~~~~~~~ ^  ~~~~~~
In file included from src/runtime/SceneScheduler.cpp:35:
In file included from src/Game/Screen/LayoutManager.hpp:6:
In file included from src/nw4r/lyt/layout.h:3:
In file included from src/nw4r/lyt/animation.h:3:
src/nw4r/lyt/common.h:14:28: warning: comparison of different enumeration types ('_GXTexFmt' (aka 'GXTexFmt') and 'GXCITexFmt') is deprecated [-Wdeprecated-enum-compare]
   14 |                 return fmt == GX_TF_C4 || fmt == GX_TF_C8 || fmt == GX_TF_C14X2;
      |                        ~~~ ^  ~~~~~~~~
src/nw4r/lyt/common.h:14:47: warning: comparison of different enumeration types ('_GXTexFmt' (aka 'GXTexFmt') and 'GXCITexFmt') is deprecated [-Wdeprecated-enum-compare]
   14 |                 return fmt == GX_TF_C4 || fmt == GX_TF_C8 || fmt == GX_TF_C14X2;[0m
[0m[38;5;2;1m[ 94%]:[0m [38;5;5;1m<smg-pc-game>[0m [38;5;5;1marchiving.debug libsmg-pc-game.a[0m
[0m[38;5;2;1m[ 94%]:[0m [38;5;5;1m<smg-pc-app>[0m [38;5;5;1marchiving.debug libsmg-pc-app.a[0m
[0m[38;5;2;1m[ 94%]:[0m [38;5;5;1m<smg-pc>[0m [38;5;5;1mlinking.debug smg-pc[0m
[0m[38;5;2;1m[ 94%]:[0m [38;5;5;1m<smg-pc>[0m [38;5;5;1mgenerating.xcode.debug smg-pc.app[0m
[0m[38;5;2;1mcreate ok![0m
[0m[38;5;2;1m[100%]:[0m [38;5;2;1mbuild ok, spent 4.968s[0m
