[src/app/Application.cpp:59][APP - INFO] Opened Aurora disc image /Users/frityet/Projects/petari/Super Mario Wii - Galaxy Adventure (Korea).rvz
[aurora:info:aurora] Aurora initializing
[aurora:info:aurora::system_info] CPU model: Apple M5 Max
[aurora:info:aurora::system_info] Memory: 131072 MiB
[aurora:info:aurora::system_info] Architecture: aarch64
[aurora:info:aurora::system_info] OS: macOS Version 27.0 (Build 26A428)
2026-09-25 21:03:33.596 smg-pc[55869:6699608] ApplePersistenceIgnoreState: Existing state will not be touched. New state will be written to /var/folders/4x/jzbfrvb10tq3ff4dwng8nzgm0000gn/T/org.petari.smg-pc.game.savedState
[aurora:info:aurora::gpu] Creating WebGPU instance
[aurora:info:aurora::gpu] Attempting to initialize Metal
[aurora:info:aurora::gpu] Requesting adapter
  Feature level: Compatibility
  Power preference: HighPerformance
  Backend: Metal
  Compatible surface: true
[aurora:info:aurora::gpu] Graphics adapter information
  API: Metal
  Device: Apple M5 Max (IntegratedGPU)
  Driver: Metal driver on macOS Version 27.0 (Build 26A428)
[aurora:info:aurora::gpu] Using limits:
  maxTextureDimension1D: 16384
  maxTextureDimension2D: 16384
  maxTextureDimension3D: 2048
  maxTextureArrayLayers: 2048
  maxStorageBuffersPerShaderStage: 2
  minUniformBufferOffsetAlignment: 256
  minStorageBufferOffsetAlignment: 256
  maxImmediateSize: 64
[aurora:info:aurora::gpu] Enabling features: 
  CoreFeaturesAndLimits
  DepthClipControl
  TextureCompressionBC
  TextureCompressionASTC
  ClipDistances
  DualSourceBlending
  TextureComponentSwizzle
[aurora:info:aurora::gpu] Using surface format BGRA8Unorm, present mode Fifo
[aurora:info:aurora::gfx::pipeline_cache] No bundled initial pipeline cache found at '/Users/frityet/Projects/petari/build/macosx/arm64/debug/smg-pc.app/Contents/Resources/initial_pipeline_cache.db'
[aurora:info:aurora] Using framebuffer size 2560x1440 scale 2
[original-process] Preparing original heap arenas
[original-process] Initializing SDK, layout allocator and original heap watcher
[original-process] Initialized console language 9 for disc region K
<< NW4R    - LYT 	final   build: Jul 17 2007 12:25:23 (0x4199_60831) >>
[original-process] Initializing original file and exception services
[original-process] Constructing GameSystem
[original-process] Entering GameSystem::init
[original-process] GameSystem::init completed
[debug-input-file] frame=0 revision=1 scripts={"buttons":"","pointer":"","stick":""}
[original-process] Requesting authored stage HeavensDoorGalaxy scenario 1 through GameSequence
[debug-input-file] frame=1404 revision=2 scripts={"buttons":"1401-1410:A","pointer":"","stick":"1401-1490:0.000000:0.000000"}
[original-process] Debug controller script frame 1404: buttons=active pointer=inactive stick=active hold=0x00000800 axes=0,0
[original-process] Debug controller script frame 1411: buttons=inactive pointer=inactive stick=active hold=0x00000000 axes=0,0
[debug-input-file] frame=1414 revision=3 scripts={"buttons":"","pointer":"","stick":"1411-1500:0.266366:-0.252072"}
[debug-input-file] frame=1424 revision=4 scripts={"buttons":"","pointer":"","stick":"1421-1510:0.333084:-0.286547"}
[debug-input-file] frame=1434 revision=5 scripts={"buttons":"","pointer":"","stick":"1431-1520:0.546324:-0.350239"}
[debug-input-file] frame=1444 revision=6 scripts={"buttons":"","pointer":"","stick":"1441-1530:0.566156:0.352011"}
[debug-input-file] frame=1454 revision=7 scripts={"buttons":"","pointer":"","stick":"1451-1540:0.528849:0.405910"}
[debug-input-file] frame=1464 revision=8 scripts={"buttons":"","pointer":"","stick":"1461-1550:0.383342:0.545430"}
[debug-input-file] frame=1474 revision=9 scripts={"buttons":"","pointer":"","stick":"1471-1560:0.283552:0.603359"}
[debug-input-file] frame=1484 revision=10 scripts={"buttons":"","pointer":"","stick":"1481-1570:0.273238:0.608100"}
[debug-input-file] frame=1494 revision=11 scripts={"buttons":"","pointer":"","stick":"1491-1580:0.265164:0.611664"}
[debug-input-file] frame=1504 revision=12 scripts={"buttons":"","pointer":"","stick":"1501-1590:0.267602:0.610601"}
[debug-input-file] frame=1514 revision=13 scripts={"buttons":"","pointer":"","stick":"1511-1600:0.276250:0.606737"}
[debug-input-file] frame=1524 revision=14 scripts={"buttons":"","pointer":"","stick":"1521-1610:0.304477:0.593075"}
[debug-input-file] frame=1534 revision=15 scripts={"buttons":"","pointer":"","stick":"1531-1620:0.368248:0.555732"}
[debug-input-file] frame=1545 revision=16 scripts={"buttons":"","pointer":"","stick":"1541-1630:0.419987:0.517741"}
[debug-input-file] frame=1554 revision=17 scripts={"buttons":"","pointer":"","stick":"1551-1640:0.451647:0.490367"}
[debug-input-file] frame=1565 revision=18 scripts={"buttons":"","pointer":"","stick":"1561-1650:0.461552:0.481056"}
[debug-input-file] frame=1574 revision=19 scripts={"buttons":"","pointer":"","stick":"1571-1660:0.443710:0.497560"}
[debug-input-file] frame=1584 revision=20 scripts={"buttons":"","pointer":"","stick":"1581-1670:0.503529:0.436925"}
[debug-input-file] frame=1594 revision=21 scripts={"buttons":"","pointer":"","stick":"1591-1680:0.391578:0.539547"}
[debug-input-file] frame=1604 revision=22 scripts={"buttons":"","pointer":"","stick":"1601-1690:0.325787:0.581642"}
[debug-input-file] frame=1614 revision=23 scripts={"buttons":"","pointer":"","stick":"1611-1700:0.262923:0.612630"}
[debug-input-file] frame=1624 revision=24 scripts={"buttons":"","pointer":"","stick":"1621-1710:-0.218189:0.629951"}
[debug-input-file] frame=1634 revision=25 scripts={"buttons":"","pointer":"","stick":"1631-1720:-0.279049:0.605455"}
[debug-input-file] frame=1644 revision=26 scripts={"buttons":"","pointer":"","stick":"1641-1730:-0.360869:0.560551"}
[debug-input-file] frame=1654 revision=27 scripts={"buttons":"","pointer":"","stick":"1651-1740:-0.444805:0.496582"}
[debug-input-file] frame=1664 revision=28 scripts={"buttons":"","pointer":"","stick":"1661-1750:-0.509589:0.429841"}
[debug-input-file] frame=1673 revision=29 scripts={"buttons":"","pointer":"","stick":"1671-1760:-0.553422:0.371710"}
[debug-input-file] frame=1683 revision=30 scripts={"buttons":"","pointer":"","stick":"1681-1770:-0.565685:0.352768"}
[debug-input-file] frame=1693 revision=31 scripts={"buttons":"","pointer":"","stick":"1691-1780:-0.566156:0.352011"}
[debug-input-file] frame=1702 revision=32 scripts={"buttons":"","pointer":"","stick":"1701-1790:-0.565685:0.352768"}
[debug-input-file] frame=1712 revision=33 scripts={"buttons":"","pointer":"","stick":"1711-1800:-0.541530:0.388832"}
[debug-input-file] frame=1722 revision=34 scripts={"buttons":"","pointer":"","stick":"1721-1810:-0.515151:0.423159"}
[debug-input-file] frame=1732 revision=35 scripts={"buttons":"","pointer":"","stick":"1731-1820:-0.474845:0.467938"}
[debug-input-file] frame=1742 revision=36 scripts={"buttons":"","pointer":"","stick":"1741-1830:-0.433984:0.506065"}
[debug-input-file] frame=1752 revision=37 scripts={"buttons":"","pointer":"","stick":"1751-1840:-0.477920:0.464798"}
[debug-input-file] frame=1766 revision=38 scripts={"buttons":"","pointer":"","stick":"1761-1850:-0.447266:0.485698"}
[debug-input-file] frame=1777 revision=39 scripts={"buttons":"","pointer":"","stick":"1771-1860:-0.309464:0.558785"}
[debug-input-file] frame=1786 revision=40 scripts={"buttons":"","pointer":"","stick":"1781-1870:0.226415:0.624451"}
[debug-input-file] frame=1796 revision=41 scripts={"buttons":"","pointer":"","stick":"1791-1880:0.255046:0.615951"}
[debug-input-file] frame=1807 revision=42 scripts={"buttons":"","pointer":"","stick":"1801-1890:0.261528:0.613227"}
[debug-input-file] frame=1816 revision=43 scripts={"buttons":"","pointer":"","stick":"1811-1900:0.244744:0.620117"}
[debug-input-file] frame=1827 revision=44 scripts={"buttons":"","pointer":"","stick":"1821-1910:-0.238861:0.622406"}
[debug-input-file] frame=1831 revision=45 scripts={"buttons":"","pointer":"","stick":"1831-1920:-0.319040:0.562999"}
[debug-input-file] frame=1842 revision=46 scripts={"buttons":"","pointer":"","stick":"1841-1930:-0.347724:0.528342"}
[debug-input-file] frame=1856 revision=47 scripts={"buttons":"","pointer":"","stick":"1851-1940:-0.409884:0.500153"}
[debug-input-file] frame=1862 revision=48 scripts={"buttons":"","pointer":"","stick":"1861-1950:-0.461964:0.480659"}
[debug-input-file] frame=1872 revision=49 scripts={"buttons":"","pointer":"","stick":"1871-1960:-0.475343:0.467433"}
[debug-input-file] frame=1882 revision=50 scripts={"buttons":"","pointer":"","stick":"1881-1970:-0.466356:0.476399"}
[debug-input-file] frame=1892 revision=51 scripts={"buttons":"","pointer":"","stick":"1891-1980:-0.433215:0.465952"}
[debug-input-file] frame=1902 revision=52 scripts={"buttons":"","pointer":"","stick":"1901-1990:-0.487937:0.345142"}
[debug-input-file] frame=1912 revision=53 scripts={"buttons":"","pointer":"","stick":"1911-2000:-0.461588:0.342915"}
[debug-input-file] frame=1922 revision=54 scripts={"buttons":"","pointer":"","stick":"1921-2010:-0.393799:0.388867"}
[debug-input-file] frame=1935 revision=55 scripts={"buttons":"","pointer":"","stick":"1931-2020:-0.252106:0.476750"}
[debug-input-file] frame=1945 revision=56 scripts={"buttons":"","pointer":"","stick":"1941-2030:0.263652:0.515566"}
[debug-input-file] frame=1956 revision=57 scripts={"buttons":"","pointer":"","stick":"1951-2040:0.413678:0.459654"}
[debug-input-file] frame=1966 revision=58 scripts={"buttons":"","pointer":"","stick":"1961-2050:0.477777:0.458726"}
[debug-input-file] frame=1976 revision=59 scripts={"buttons":"","pointer":"","stick":"1971-2060:0.464309:0.478395"}
[debug-input-file] frame=1985 revision=60 scripts={"buttons":"","pointer":"","stick":"1981-2070:0.416384:0.520643"}
[debug-input-file] frame=1996 revision=61 scripts={"buttons":"","pointer":"","stick":"1991-2080:0.365413:0.557600"}
[debug-input-file] frame=2006 revision=62 scripts={"buttons":"","pointer":"","stick":"2001-2090:0.326560:0.581208"}
[debug-input-file] frame=2015 revision=63 scripts={"buttons":"","pointer":"","stick":"2011-2100:0.306840:0.591856"}
[debug-input-file] frame=2026 revision=64 scripts={"buttons":"","pointer":"","stick":"2021-2110:0.281721:0.604217"}
[debug-input-file] frame=2036 revision=65 scripts={"buttons":"","pointer":"","stick":"2031-2120:0.263193:0.609205"}
[debug-input-file] frame=2046 revision=66 scripts={"buttons":"","pointer":"","stick":"2041-2130:0.262723:0.583487"}
[debug-input-file] frame=2056 revision=67 scripts={"buttons":"","pointer":"","stick":"2051-2140:0.277679:0.550096"}
[debug-input-file] frame=2066 revision=68 scripts={"buttons":"","pointer":"","stick":"2061-2150:0.299536:0.541047"}
[debug-input-file] frame=2076 revision=69 scripts={"buttons":"","pointer":"","stick":"2071-2160:0.318598:0.546725"}
[debug-input-file] frame=2086 revision=70 scripts={"buttons":"","pointer":"","stick":"2081-2170:0.335548:0.561256"}
[debug-input-file] frame=2091 revision=71 scripts={"buttons":"","pointer":"","stick":"2091-2180:0.341721:0.572426"}
[debug-input-file] frame=2106 revision=72 scripts={"buttons":"","pointer":"","stick":"2101-2190:0.342906:0.571717"}
[debug-input-file] frame=2116 revision=73 scripts={"buttons":"","pointer":"","stick":"2111-2200:0.341459:0.541440"}
[debug-input-file] frame=2127 revision=74 scripts={"buttons":"","pointer":"","stick":"2121-2210:0.341347:0.493416"}
[debug-input-file] frame=2132 revision=75 scripts={"buttons":"","pointer":"","stick":"2131-2220:0.347328:0.462276"}
[debug-input-file] frame=2142 revision=76 scripts={"buttons":"","pointer":"","stick":"2141-2230:0.364391:0.439280"}
[debug-input-file] frame=2152 revision=77 scripts={"buttons":"","pointer":"","stick":"2151-2240:0.382258:0.421158"}
[debug-input-file] frame=2162 revision=78 scripts={"buttons":"","pointer":"","stick":"2161-2250:0.382368:0.419973"}
[debug-input-file] frame=2172 revision=79 scripts={"buttons":"","pointer":"","stick":"2171-2260:0.383917:0.418818"}
[debug-input-file] frame=2183 revision=80 scripts={"buttons":"","pointer":"","stick":"2181-2270:0.384702:0.418179"}
[debug-input-file] frame=2193 revision=81 scripts={"buttons":"","pointer":"","stick":"2191-2280:0.385463:0.417731"}
[debug-input-file] frame=2203 revision=82 scripts={"buttons":"","pointer":"","stick":"2201-2290:0.386124:0.417400"}
[debug-input-file] frame=2213 revision=83 scripts={"buttons":"","pointer":"","stick":"2211-2300:0.386615:0.417080"}
[debug-input-file] frame=2222 revision=84 scripts={"buttons":"","pointer":"","stick":"2221-2310:0.315137:0.431069"}
[debug-input-file] frame=2232 revision=85 scripts={"buttons":"","pointer":"","stick":"2231-2320:0.315291:0.431102"}
[debug-input-file] frame=2242 revision=86 scripts={"buttons":"","pointer":"","stick":"2241-2330:0.315494:0.431122"}
[debug-input-file] frame=2253 revision=87 scripts={"buttons":"","pointer":"","stick":"2251-2340:0.315510:0.431339"}
[debug-input-file] frame=2263 revision=88 scripts={"buttons":"","pointer":"","stick":"2261-2350:0.315758:0.431678"}
[debug-input-file] frame=2273 revision=89 scripts={"buttons":"","pointer":"","stick":"2271-2360:0.315817:0.431884"}
[debug-input-file] frame=2283 revision=90 scripts={"buttons":"2281-2290:A","pointer":"","stick":"2281-2370:0.000000:0.000000"}
[original-process] Debug controller script frame 2283: buttons=active pointer=inactive stick=active hold=0x00000800 axes=0,0
[original-process] Debug controller script frame 2291: buttons=inactive pointer=inactive stick=active hold=0x00000000 axes=0,0
[debug-input-file] frame=2293 revision=91 scripts={"buttons":"2281-2290:A","pointer":"","stick":"2291-2380:0.000000:0.000000"}
[debug-input-file] frame=2303 revision=92 scripts={"buttons":"2281-2290:A","pointer":"","stick":"2301-2390:0.000000:0.000000"}
[debug-input-file] frame=2313 revision=93 scripts={"buttons":"2281-2290:A","pointer":"","stick":"2311-2400:0.000000:0.000000"}
[debug-input-file] frame=2324 revision=94 scripts={"buttons":"2281-2290:A","pointer":"","stick":"2321-2410:0.000000:0.000000"}
[debug-input-file] frame=2334 revision=95 scripts={"buttons":"2281-2290:A","pointer":"","stick":"2331-2420:0.000000:0.000000"}
[debug-input-file] frame=2344 revision=96 scripts={"buttons":"2281-2290:A","pointer":"","stick":"2341-2430:0.000000:0.000000"}
[debug-input-file] frame=2354 revision=97 scripts={"buttons":"2281-2290:A","pointer":"","stick":"2351-2440:0.000000:0.000000"}
[debug-input-file] frame=2365 revision=98 scripts={"buttons":"2281-2290:A","pointer":"","stick":"2361-2450:0.000000:0.000000"}
[debug-input-file] frame=2375 revision=99 scripts={"buttons":"2281-2290:A","pointer":"","stick":"2371-2460:0.000000:0.000000"}
[debug-input-file] frame=2385 revision=100 scripts={"buttons":"2281-2290:A","pointer":"","stick":"2381-2470:0.000000:0.000000"}
[debug-input-file] frame=2395 revision=101 scripts={"buttons":"2281-2290:A","pointer":"","stick":"2391-2480:0.000000:0.000000"}
[debug-input-file] frame=2405 revision=102 scripts={"buttons":"2401-2410:A","pointer":"","stick":"2401-2490:0.000000:0.000000"}
[original-process] Debug controller script frame 2405: buttons=active pointer=inactive stick=active hold=0x00000800 axes=0,0
[original-process] Debug controller script frame 2411: buttons=inactive pointer=inactive stick=active hold=0x00000000 axes=0,0
[debug-input-file] frame=2416 revision=103 scripts={"buttons":"2401-2410:A","pointer":"","stick":"2411-2500:0.000000:0.000000"}
[debug-input-file] frame=2426 revision=104 scripts={"buttons":"2401-2410:A","pointer":"","stick":"2421-2510:0.000000:0.000000"}
[debug-input-file] frame=2436 revision=105 scripts={"buttons":"2401-2410:A","pointer":"","stick":"2431-2520:0.000000:0.000000"}
[debug-input-file] frame=2446 revision=106 scripts={"buttons":"2401-2410:A","pointer":"","stick":"2441-2530:0.000000:0.000000"}
[debug-input-file] frame=2456 revision=107 scripts={"buttons":"2401-2410:A","pointer":"","stick":"2451-2540:0.000000:0.000000"}
[debug-input-file] frame=2466 revision=108 scripts={"buttons":"2401-2410:A","pointer":"","stick":"2461-2550:0.000000:0.000000"}
[debug-input-file] frame=2476 revision=109 scripts={"buttons":"2401-2410:A","pointer":"","stick":"2471-2560:0.000000:0.000000"}
[debug-input-file] frame=2486 revision=110 scripts={"buttons":"2401-2410:A","pointer":"","stick":"2481-2570:0.000000:0.000000"}
[debug-input-file] frame=2496 revision=111 scripts={"buttons":"2401-2410:A","pointer":"","stick":"2491-2580:0.000000:0.000000"}
[debug-input-file] frame=2506 revision=112 scripts={"buttons":"2401-2410:A","pointer":"","stick":"2501-2590:0.000000:0.000000"}
[debug-input-file] frame=2516 revision=113 scripts={"buttons":"2401-2410:A","pointer":"","stick":"2511-2600:0.000000:0.000000"}
[debug-input-file] frame=2526 revision=114 scripts={"buttons":"2521-2530:A","pointer":"","stick":"2521-2610:0.000000:0.000000"}
[original-process] Debug controller script frame 2526: buttons=active pointer=inactive stick=active hold=0x00000800 axes=0,0
[original-process] Debug controller script frame 2531: buttons=inactive pointer=inactive stick=active hold=0x00000000 axes=0,0
[debug-input-file] frame=2536 revision=115 scripts={"buttons":"2521-2530:A","pointer":"","stick":"2531-2620:0.000000:0.000000"}
[debug-input-file] frame=2546 revision=116 scripts={"buttons":"2521-2530:A","pointer":"","stick":"2541-2630:0.000000:0.000000"}
[debug-input-file] frame=2556 revision=117 scripts={"buttons":"2521-2530:A","pointer":"","stick":"2551-2640:0.000000:0.000000"}
[debug-input-file] frame=2566 revision=118 scripts={"buttons":"2521-2530:A","pointer":"","stick":"2561-2650:0.000000:0.000000"}
[debug-input-file] frame=2576 revision=119 scripts={"buttons":"2521-2530:A","pointer":"","stick":"2571-2660:0.000000:0.000000"}
[debug-input-file] frame=2586 revision=120 scripts={"buttons":"2521-2530:A","pointer":"","stick":"2581-2670:0.000000:0.000000"}
[debug-input-file] frame=2596 revision=121 scripts={"buttons":"2521-2530:A","pointer":"","stick":"2591-2680:0.000000:0.000000"}
[debug-input-file] frame=2606 revision=122 scripts={"buttons":"2521-2530:A","pointer":"","stick":"2601-2690:0.000000:0.000000"}
[debug-input-file] frame=2616 revision=123 scripts={"buttons":"2521-2530:A","pointer":"","stick":"2611-2700:0.000000:0.000000"}
[debug-input-file] frame=2626 revision=124 scripts={"buttons":"","pointer":"","stick":"2621-2710:-0.348628:0.568245"}
[debug-input-file] frame=2636 revision=125 scripts={"buttons":"","pointer":"","stick":"2631-2720:-0.330094:0.579208"}
[debug-input-file] frame=2646 revision=126 scripts={"buttons":"","pointer":"","stick":"2641-2730:-0.290133:0.600223"}
[debug-input-file] frame=2656 revision=127 scripts={"buttons":"","pointer":"","stick":"2651-2740:-0.239831:0.622033"}
[debug-input-file] frame=2665 revision=128 scripts={"buttons":"","pointer":"","stick":"2661-2750:0.214806:0.631112"}
[debug-input-file] frame=2675 revision=129 scripts={"buttons":"","pointer":"","stick":"2671-2760:0.225441:0.627392"}
[debug-input-file] frame=2685 revision=130 scripts={"buttons":"","pointer":"","stick":"2681-2770:0.225277:0.627451"}
[debug-input-file] frame=2694 revision=131 scripts={"buttons":"","pointer":"","stick":"2691-2780:0.224015:0.627903"}
[debug-input-file] frame=2704 revision=132 scripts={"buttons":"","pointer":"","stick":"2701-2790:0.224180:0.627844"}
[debug-input-file] frame=2713 revision=133 scripts={"buttons":"","pointer":"","stick":"2711-2800:0.224942:0.627571"}
[debug-input-file] frame=2723 revision=134 scripts={"buttons":"","pointer":"","stick":"2721-2810:0.224996:0.627552"}
[debug-input-file] frame=2733 revision=135 scripts={"buttons":"","pointer":"","stick":"2731-2820:0.225680:0.627306"}
[debug-input-file] frame=2743 revision=136 scripts={"buttons":"","pointer":"","stick":"2741-2830:0.225813:0.627258"}
[debug-input-file] frame=2753 revision=137 scripts={"buttons":"","pointer":"","stick":"2751-2840:0.226213:0.627114"}
[debug-input-file] frame=2762 revision=138 scripts={"buttons":"","pointer":"","stick":"2761-2850:0.226663:0.626952"}
[debug-input-file] frame=2772 revision=139 scripts={"buttons":"","pointer":"","stick":"2771-2860:0.226497:0.627011"}
[debug-input-file] frame=2782 revision=140 scripts={"buttons":"","pointer":"","stick":"2781-2870:0.234519:0.624056"}
[debug-input-file] frame=2792 revision=141 scripts={"buttons":"","pointer":"","stick":"2791-2880:0.242948:0.620823"}
[debug-input-file] frame=2802 revision=142 scripts={"buttons":"","pointer":"","stick":"2801-2890:-0.418474:0.518965"}
[debug-input-file] frame=2812 revision=143 scripts={"buttons":"","pointer":"","stick":"2811-2900:-0.225791:0.627266"}
[debug-input-file] frame=2822 revision=144 scripts={"buttons":"","pointer":"","stick":"2821-2910:0.247192:0.619145"}
[debug-input-file] frame=2832 revision=145 scripts={"buttons":"","pointer":"","stick":"2831-2920:0.268102:0.610382"}
[debug-input-file] frame=2842 revision=146 scripts={"buttons":"","pointer":"","stick":"2841-2930:0.299185:0.595762"}
[debug-input-file] frame=2852 revision=147 scripts={"buttons":"","pointer":"","stick":"2851-2940:0.253440:0.616614"}
[debug-input-file] frame=2862 revision=148 scripts={"buttons":"","pointer":"","stick":"2861-2950:0.277791:0.606033"}
[debug-input-file] frame=2873 revision=149 scripts={"buttons":"","pointer":"","stick":"2871-2960:0.231683:0.625114"}
[debug-input-file] frame=2883 revision=150 scripts={"buttons":"","pointer":"","stick":"2881-2970:0.245574:0.619789"}
[debug-input-file] frame=2893 revision=151 scripts={"buttons":"","pointer":"","stick":"2891-2980:0.226433:0.627035"}
[debug-input-file] frame=2903 revision=152 scripts={"buttons":"","pointer":"","stick":"2901-2990:0.224931:0.627575"}
[debug-input-file] frame=2913 revision=153 scripts={"buttons":"","pointer":"","stick":"2911-3000:0.225591:0.627338"}
[debug-input-file] frame=2923 revision=154 scripts={"buttons":"","pointer":"","stick":"2921-3010:0.226055:0.627171"}
[debug-input-file] frame=2933 revision=155 scripts={"buttons":"","pointer":"","stick":"2931-3020:0.226562:0.626988"}
[debug-input-file] frame=2943 revision=156 scripts={"buttons":"","pointer":"","stick":"2941-3030:0.227192:0.626760"}
[debug-input-file] frame=2953 revision=157 scripts={"buttons":"","pointer":"","stick":"2951-3040:0.226323:0.627074"}
[debug-input-file] frame=2963 revision=158 scripts={"buttons":"","pointer":"","stick":"2961-3050:0.227812:0.626535"}
[debug-input-file] frame=2973 revision=159 scripts={"buttons":"","pointer":"","stick":"2971-3060:0.227497:0.626649"}
[debug-input-file] frame=2983 revision=160 scripts={"buttons":"","pointer":"","stick":"2981-3070:0.231068:0.625341"}
[debug-input-file] frame=2993 revision=161 scripts={"buttons":"","pointer":"","stick":"2991-3080:-0.212123:0.600917"}
[debug-input-file] frame=3003 revision=162 scripts={"buttons":"","pointer":"","stick":"3001-3090:-0.537742:0.394053"}
[debug-input-file] frame=3013 revision=163 scripts={"buttons":"","pointer":"","stick":"3011-3100:-0.565685:0.352768"}
[debug-input-file] frame=3022 revision=164 scripts={"buttons":"","pointer":"","stick":"3021-3110:-0.547053:0.381021"}
[debug-input-file] frame=3032 revision=165 scripts={"buttons":"","pointer":"","stick":"3031-3120:-0.500543:0.440342"}
[debug-input-file] frame=3046 revision=166 scripts={"buttons":"","pointer":"","stick":"3041-3130:-0.455130:0.487135"}
[debug-input-file] frame=3056 revision=167 scripts={"buttons":"","pointer":"","stick":"3051-3140:-0.427489:0.511564"}
[debug-input-file] frame=3065 revision=168 scripts={"buttons":"","pointer":"","stick":"3061-3150:-0.408565:0.526801"}
[debug-input-file] frame=3075 revision=169 scripts={"buttons":"","pointer":"","stick":"3071-3160:-0.379783:0.547914"}
[debug-input-file] frame=3084 revision=170 scripts={"buttons":"","pointer":"","stick":"3081-3170:-0.304054:0.593292"}
[debug-input-file] frame=3094 revision=171 scripts={"buttons":"","pointer":"","stick":"3091-3180:0.267611:0.610597"}
[debug-input-file] frame=3104 revision=172 scripts={"buttons":"","pointer":"","stick":"3101-3190:0.458443:0.484019"}
[debug-input-file] frame=3114 revision=173 scripts={"buttons":"","pointer":"","stick":"3111-3200:0.566156:0.352011"}
[debug-input-file] frame=3124 revision=174 scripts={"buttons":"","pointer":"","stick":"3121-3210:0.630901:0.215427"}
[debug-input-file] frame=3133 revision=175 scripts={"buttons":"","pointer":"","stick":"3131-3220:0.606476:-0.276823"}
[debug-input-file] frame=3144 revision=176 scripts={"buttons":"","pointer":"","stick":"3141-3230:0.565685:-0.352768"}
[debug-input-file] frame=3154 revision=177 scripts={"buttons":"","pointer":"","stick":"3151-3240:0.446339:-0.495203"}
[debug-input-file] frame=3163 revision=178 scripts={"buttons":"","pointer":"","stick":"3161-3250:0.306540:-0.592011"}
[debug-input-file] frame=3172 revision=179 scripts={"buttons":"","pointer":"","stick":"3171-3260:-0.470768:-0.472041"}
[debug-input-file] frame=3182 revision=180 scripts={"buttons":"","pointer":"","stick":"3181-3270:-0.639778:-0.187426"}
[debug-input-file] frame=3196 revision=181 scripts={"buttons":"","pointer":"","stick":"3191-3280:-0.598455:0.293763"}
[debug-input-file] frame=3205 revision=182 scripts={"buttons":"","pointer":"","stick":"3201-3290:-0.565685:0.352768"}
[debug-input-file] frame=3214 revision=183 scripts={"buttons":"","pointer":"","stick":"3211-3300:-0.441814:0.499244"}
[debug-input-file] frame=3223 revision=184 scripts={"buttons":"","pointer":"","stick":"3221-3310:-0.240220:0.621883"}
[debug-input-file] frame=3232 revision=185 scripts={"buttons":"","pointer":"","stick":"3231-3320:0.409914:0.525752"}
[debug-input-file] frame=3241 revision=186 scripts={"buttons":"","pointer":"","stick":"3241-3330:0.539211:0.392041"}
[debug-input-file] frame=3252 revision=187 scripts={"buttons":"","pointer":"","stick":"3251-3340:0.383312:0.545451"}
[debug-input-file] frame=3262 revision=188 scripts={"buttons":"","pointer":"","stick":"3261-3350:-0.225809:0.627260"}
[debug-input-file] frame=3276 revision=189 scripts={"buttons":"","pointer":"","stick":"3271-3360:-0.329186:0.579725"}
[debug-input-file] frame=3286 revision=190 scripts={"buttons":"","pointer":"","stick":"3281-3370:-0.404297:0.530083"}
[debug-input-file] frame=3296 revision=191 scripts={"buttons":"","pointer":"","stick":"3291-3380:-0.457159:0.485232"}
[debug-input-file] frame=3307 revision=192 scripts={"buttons":"","pointer":"","stick":"3301-3390:0.000000:0.000000"}
[debug-input-file] frame=3312 revision=193 scripts={"buttons":"","pointer":"","stick":"3311-3400:0.000000:0.000000"}
[debug-input-file] frame=3327 revision=194 scripts={"buttons":"","pointer":"","stick":"3321-3410:0.000000:0.000000"}
[debug-input-file] frame=3332 revision=195 scripts={"buttons":"","pointer":"","stick":"3331-3420:0.000000:0.000000"}
[debug-input-file] frame=3343 revision=196 scripts={"buttons":"","pointer":"","stick":"3341-3430:0.000000:0.000000"}
[debug-input-file] frame=3353 revision=197 scripts={"buttons":"","pointer":"","stick":"3351-3440:0.000000:0.000000"}
[debug-input-file] frame=3363 revision=198 scripts={"buttons":"","pointer":"","stick":"3361-3450:0.000000:0.000000"}
[debug-input-file] frame=3373 revision=199 scripts={"buttons":"","pointer":"","stick":"3371-3460:0.000000:0.000000"}
[debug-input-file] frame=3383 revision=200 scripts={"buttons":"","pointer":"","stick":"3381-3470:0.000000:0.000000"}
[debug-input-file] frame=3393 revision=201 scripts={"buttons":"","pointer":"","stick":"3391-3480:0.000000:0.000000"}
[debug-input-file] frame=3403 revision=202 scripts={"buttons":"","pointer":"","stick":"3401-3490:0.000000:0.000000"}
[debug-input-file] frame=3413 revision=203 scripts={"buttons":"","pointer":"","stick":"3411-3500:0.000000:0.000000"}
[debug-input-file] frame=3423 revision=204 scripts={"buttons":"3421-3430:A","pointer":"","stick":"3421-3510:0.000000:0.000000"}
[original-process] Debug controller script frame 3423: buttons=active pointer=inactive stick=active hold=0x00000800 axes=0,0
[original-process] Debug controller script frame 3431: buttons=inactive pointer=inactive stick=active hold=0x00000000 axes=0,0
[debug-input-file] frame=3433 revision=205 scripts={"buttons":"3421-3430:A","pointer":"","stick":"3431-3520:0.000000:0.000000"}
[debug-input-file] frame=3443 revision=206 scripts={"buttons":"3421-3430:A","pointer":"","stick":"3441-3530:0.000000:0.000000"}
[debug-input-file] frame=3453 revision=207 scripts={"buttons":"3421-3430:A","pointer":"","stick":"3451-3540:0.000000:0.000000"}
[debug-input-file] frame=3463 revision=208 scripts={"buttons":"3421-3430:A","pointer":"","stick":"3461-3550:0.000000:0.000000"}
[debug-input-file] frame=3473 revision=209 scripts={"buttons":"3421-3430:A","pointer":"","stick":"3471-3560:0.000000:0.000000"}
[debug-input-file] frame=3483 revision=210 scripts={"buttons":"3421-3430:A","pointer":"","stick":"3481-3570:0.000000:0.000000"}
[debug-input-file] frame=3493 revision=211 scripts={"buttons":"3421-3430:A","pointer":"","stick":"3491-3580:0.000000:0.000000"}
[debug-input-file] frame=3503 revision=212 scripts={"buttons":"3421-3430:A","pointer":"","stick":"3501-3590:0.000000:0.000000"}
[debug-input-file] frame=3513 revision=213 scripts={"buttons":"3421-3430:A","pointer":"","stick":"3511-3600:0.000000:0.000000"}
[debug-input-file] frame=3523 revision=214 scripts={"buttons":"3421-3430:A","pointer":"","stick":"3521-3610:0.000000:0.000000"}
[debug-input-file] frame=3533 revision=215 scripts={"buttons":"3421-3430:A","pointer":"","stick":"3531-3620:0.000000:0.000000"}
[debug-input-file] frame=3543 revision=216 scripts={"buttons":"3541-3550:A","pointer":"","stick":"3541-3630:0.000000:0.000000"}
[original-process] Debug controller script frame 3543: buttons=active pointer=inactive stick=active hold=0x00000800 axes=0,0
[original-process] Debug controller script frame 3551: buttons=inactive pointer=inactive stick=active hold=0x00000000 axes=0,0
[debug-input-file] frame=3553 revision=217 scripts={"buttons":"3541-3550:A","pointer":"","stick":"3551-3640:0.000000:0.000000"}
[debug-input-file] frame=3563 revision=218 scripts={"buttons":"3541-3550:A","pointer":"","stick":"3561-3650:0.000000:0.000000"}
[debug-input-file] frame=3572 revision=219 scripts={"buttons":"3541-3550:A","pointer":"","stick":"3571-3660:0.000000:0.000000"}
[debug-input-file] frame=3583 revision=220 scripts={"buttons":"3541-3550:A","pointer":"","stick":"3581-3670:0.000000:0.000000"}
[debug-input-file] frame=3593 revision=221 scripts={"buttons":"3541-3550:A","pointer":"","stick":"3591-3680:0.000000:0.000000"}
[debug-input-file] frame=3603 revision=222 scripts={"buttons":"3541-3550:A","pointer":"","stick":"3601-3690:0.000000:0.000000"}
[debug-input-file] frame=3613 revision=223 scripts={"buttons":"3541-3550:A","pointer":"","stick":"3611-3700:0.000000:0.000000"}
[debug-input-file] frame=3623 revision=224 scripts={"buttons":"3541-3550:A","pointer":"","stick":"3621-3710:0.000000:0.000000"}
[debug-input-file] frame=3633 revision=225 scripts={"buttons":"3541-3550:A","pointer":"","stick":"3631-3720:0.000000:0.000000"}
[debug-input-file] frame=3644 revision=226 scripts={"buttons":"3541-3550:A","pointer":"","stick":"3641-3730:0.000000:0.000000"}
[debug-input-file] frame=3653 revision=227 scripts={"buttons":"3541-3550:A","pointer":"","stick":"3651-3740:0.000000:0.000000"}
[debug-input-file] frame=3664 revision=228 scripts={"buttons":"3661-3670:A","pointer":"","stick":"3661-3750:0.000000:0.000000"}
[original-process] Debug controller script frame 3664: buttons=active pointer=inactive stick=active hold=0x00000800 axes=0,0
[original-process] Debug controller script frame 3671: buttons=inactive pointer=inactive stick=active hold=0x00000000 axes=0,0
[debug-input-file] frame=3674 revision=229 scripts={"buttons":"","pointer":"","stick":"3671-3760:-0.549822:-0.377015"}
[debug-input-file] frame=3683 revision=230 scripts={"buttons":"","pointer":"","stick":"3681-3770:-0.544285:-0.384965"}
[debug-input-file] frame=3693 revision=231 scripts={"buttons":"","pointer":"","stick":"3691-3780:-0.516010:-0.422111"}
[debug-input-file] frame=3703 revision=232 scripts={"buttons":"","pointer":"","stick":"3701-3790:-0.500004:-0.440954"}
[debug-input-file] frame=3714 revision=233 scripts={"buttons":"","pointer":"","stick":"3711-3800:-0.455444:-0.486842"}
[debug-input-file] frame=3724 revision=234 scripts={"buttons":"","pointer":"","stick":"3721-3810:-0.460595:-0.481971"}
[debug-input-file] frame=3733 revision=235 scripts={"buttons":"","pointer":"","stick":"3731-3820:-0.467156:-0.475615"}
[debug-input-file] frame=3743 revision=236 scripts={"buttons":"","pointer":"","stick":"3741-3830:-0.470160:-0.472646"}
[debug-input-file] frame=3753 revision=237 scripts={"buttons":"","pointer":"","stick":"3751-3840:-0.475057:-0.467724"}
[debug-input-file] frame=3763 revision=238 scripts={"buttons":"","pointer":"","stick":"3761-3850:-0.476248:-0.466511"}
[debug-input-file] frame=3773 revision=239 scripts={"buttons":"","pointer":"","stick":"3771-3860:-0.480138:-0.462506"}
[debug-input-file] frame=3783 revision=240 scripts={"buttons":"","pointer":"","stick":"3781-3870:-0.480087:-0.462559"}
[debug-input-file] frame=3793 revision=241 scripts={"buttons":"","pointer":"","stick":"3791-3880:-0.482084:-0.460478"}
[debug-input-file] frame=3803 revision=242 scripts={"buttons":"","pointer":"","stick":"3801-3890:-0.377312:-0.336759"}
[debug-input-file] frame=3813 revision=243 scripts={"buttons":"","pointer":"","stick":"3811-3900:-0.280821:-0.284677"}
[debug-input-file] frame=3823 revision=244 scripts={"buttons":"","pointer":"","stick":"3821-3910:-0.273235:-0.278121"}
[debug-input-file] frame=3833 revision=245 scripts={"buttons":"","pointer":"","stick":"3831-3920:-0.270651:-0.280533"}
[debug-input-file] frame=3843 revision=246 scripts={"buttons":"","pointer":"","stick":"3841-3930:-0.269017:-0.282027"}
[debug-input-file] frame=3853 revision=247 scripts={"buttons":"","pointer":"","stick":"3851-3940:-0.267379:-0.283527"}
[debug-input-file] frame=3864 revision=248 scripts={"buttons":"","pointer":"","stick":"3861-3950:-0.265606:-0.285150"}
[debug-input-file] frame=3874 revision=249 scripts={"buttons":"","pointer":"","stick":"3871-3960:-0.264390:-0.286254"}
[debug-input-file] frame=3885 revision=250 scripts={"buttons":"","pointer":"","stick":"3881-3970:-0.263707:-0.286870"}
[debug-input-file] frame=3894 revision=251 scripts={"buttons":"","pointer":"","stick":"3891-3980:-0.262340:-0.288115"}
[debug-input-file] frame=3905 revision=252 scripts={"buttons":"","pointer":"","stick":"3901-3990:-0.261486:-0.288883"}
[debug-input-file] frame=3915 revision=253 scripts={"buttons":"","pointer":"","stick":"3911-4000:-0.261083:-0.289246"}
[debug-input-file] frame=3925 revision=254 scripts={"buttons":"","pointer":"","stick":"3921-4010:-0.260350:-0.289907"}
[debug-input-file] frame=3935 revision=255 scripts={"buttons":"","pointer":"","stick":"3931-4020:-0.259687:-0.290507"}
[debug-input-file] frame=3945 revision=256 scripts={"buttons":"","pointer":"","stick":"3941-4030:-0.258715:-0.291380"}
[debug-input-file] frame=3955 revision=257 scripts={"buttons":"","pointer":"","stick":"3951-4040:-0.258198:-0.291844"}
[debug-input-file] frame=3965 revision=258 scripts={"buttons":"","pointer":"","stick":"3961-4050:-0.257726:-0.292264"}
[debug-input-file] frame=3975 revision=259 scripts={"buttons":"","pointer":"","stick":"3971-4060:-0.257290:-0.292655"}
[debug-input-file] frame=3985 revision=260 scripts={"buttons":"","pointer":"","stick":"3981-4070:-0.256876:-0.293022"}
[debug-input-file] frame=3995 revision=261 scripts={"buttons":"","pointer":"","stick":"3991-4080:-0.259548:-0.296446"}
[debug-input-file] frame=4005 revision=262 scripts={"buttons":"","pointer":"","stick":"4001-4090:-0.262622:-0.296239"}
[debug-input-file] frame=4015 revision=263 scripts={"buttons":"","pointer":"","stick":"4011-4100:-0.267878:-0.293343"}
[debug-input-file] frame=4025 revision=264 scripts={"buttons":"","pointer":"","stick":"4021-4110:-0.272062:-0.289516"}
[debug-input-file] frame=4035 revision=265 scripts={"buttons":"","pointer":"","stick":"4031-4120:-0.276345:-0.285539"}
[debug-input-file] frame=4046 revision=266 scripts={"buttons":"","pointer":"","stick":"4041-4130:-0.280403:-0.281735"}
[debug-input-file] frame=4055 revision=267 scripts={"buttons":"4051-4080:A","pointer":"","stick":"4051-4140:-0.284635:-0.277693"}
[original-process] Debug controller script frame 4055: buttons=active pointer=inactive stick=active hold=0x00000800 axes=-0.284635,-0.277693
[debug-input-file] frame=4066 revision=268 scripts={"buttons":"4051-4080:A","pointer":"","stick":"4061-4150:-0.259283:-0.252537"}
[debug-input-file] frame=4076 revision=269 scripts={"buttons":"4051-4080:A","pointer":"","stick":"4071-4160:-0.486562:-0.431125"}
[original-process] Debug controller script frame 4081: buttons=inactive pointer=inactive stick=active hold=0x00000000 axes=-0.486562,-0.431125
[debug-input-file] frame=4086 revision=270 scripts={"buttons":"4051-4080:A","pointer":"","stick":"4081-4170:-0.492775:-0.449018"}
[debug-input-file] frame=4096 revision=271 scripts={"buttons":"","pointer":"","stick":"4091-4180:-0.491712:-0.450182"}
[debug-input-file] frame=4106 revision=272 scripts={"buttons":"","pointer":"","stick":"4101-4190:-0.489046:-0.453076"}
[debug-input-file] frame=4115 revision=273 scripts={"buttons":"","pointer":"","stick":"4111-4200:-0.477196:-0.448867"}
[debug-input-file] frame=4125 revision=274 scripts={"buttons":"","pointer":"","stick":"4121-4210:-0.183499:-0.206930"}
[debug-input-file] frame=4136 revision=275 scripts={"buttons":"","pointer":"","stick":"4131-4220:0.000000:0.000000"}
[debug-input-file] frame=4146 revision=276 scripts={"buttons":"","pointer":"","stick":"4141-4230:0.000000:0.000000"}
[debug-input-file] frame=4156 revision=277 scripts={"buttons":"","pointer":"","stick":"4151-4240:0.000000:0.000000"}
[debug-input-file] frame=4166 revision=278 scripts={"buttons":"","pointer":"","stick":"4161-4250:0.000000:0.000000"}
[debug-input-file] frame=4176 revision=279 scripts={"buttons":"","pointer":"","stick":"4171-4260:0.000000:0.000000"}
[debug-input-file] frame=4186 revision=280 scripts={"buttons":"","pointer":"","stick":"4181-4270:0.000000:0.000000"}
[debug-input-file] frame=4196 revision=281 scripts={"buttons":"","pointer":"","stick":"4191-4280:0.000000:0.000000"}
[debug-input-file] frame=4206 revision=282 scripts={"buttons":"","pointer":"","stick":"4201-4290:0.000000:0.000000"}
[debug-input-file] frame=4216 revision=283 scripts={"buttons":"","pointer":"","stick":"4211-4300:0.000000:0.000000"}
[debug-input-file] frame=4226 revision=284 scripts={"buttons":"","pointer":"","stick":"4221-4310:0.000000:0.000000"}
[debug-input-file] frame=4236 revision=285 scripts={"buttons":"","pointer":"","stick":"4231-4320:-0.626801:0.227080"}
[debug-input-file] frame=4246 revision=286 scripts={"buttons":"","pointer":"","stick":"4241-4330:-0.497293:-0.444009"}
[debug-input-file] frame=4255 revision=287 scripts={"buttons":"","pointer":"","stick":"4251-4340:-0.463975:-0.478719"}
[debug-input-file] frame=4264 revision=288 scripts={"buttons":"","pointer":"","stick":"4261-4350:-0.460684:-0.481887"}
[debug-input-file] frame=4274 revision=289 scripts={"buttons":"","pointer":"","stick":"4271-4360:-0.460598:-0.481969"}
[debug-input-file] frame=4283 revision=290 scripts={"buttons":"","pointer":"","stick":"4281-4370:-0.460595:-0.481971"}
[debug-input-file] frame=4292 revision=291 scripts={"buttons":"","pointer":"","stick":"4291-4380:-0.460595:-0.481971"}
[debug-input-file] frame=4301 revision=292 scripts={"buttons":"","pointer":"","stick":"4301-4390:-0.460595:-0.481971"}
[debug-input-file] frame=4315 revision=293 scripts={"buttons":"","pointer":"","stick":"4311-4400:-0.484462:0.457975"}
[debug-input-file] frame=4324 revision=294 scripts={"buttons":"","pointer":"","stick":"4321-4410:-0.484296:0.458150"}
[debug-input-file] frame=4333 revision=295 scripts={"buttons":"","pointer":"","stick":"4331-4420:-0.496152:0.445284"}
[debug-input-file] frame=4345 revision=296 scripts={"buttons":"","pointer":"","stick":"4341-4430:-0.512473:0.426399"}
[debug-input-file] frame=4355 revision=297 scripts={"buttons":"","pointer":"","stick":"4351-4440:-0.533489:0.399792"}
[debug-input-file] frame=4365 revision=298 scripts={"buttons":"","pointer":"","stick":"4361-4450:-0.296554:-0.597076"}
[debug-input-file] frame=4374 revision=299 scripts={"buttons":"","pointer":"","stick":"4371-4460:-0.249529:-0.618207"}
[debug-input-file] frame=4384 revision=300 scripts={"buttons":"","pointer":"","stick":"4381-4470:-0.253132:-0.616740"}
[debug-input-file] frame=4394 revision=301 scripts={"buttons":"","pointer":"","stick":"4391-4480:-0.243219:-0.620716"}
[debug-input-file] frame=4405 revision=302 scripts={"buttons":"","pointer":"","stick":"4401-4490:0.216563:-0.630512"}
[debug-input-file] frame=4415 revision=303 scripts={"buttons":"","pointer":"","stick":"4411-4500:0.235637:-0.623634"}
[debug-input-file] frame=4424 revision=304 scripts={"buttons":"","pointer":"","stick":"4421-4510:0.343753:-0.571208"}
[debug-input-file] frame=4434 revision=305 scripts={"buttons":"","pointer":"","stick":"4431-4520:0.416437:-0.520600"}
[debug-input-file] frame=4444 revision=306 scripts={"buttons":"","pointer":"","stick":"4441-4530:0.513338:-0.425357"}
[debug-input-file] frame=4453 revision=307 scripts={"buttons":"","pointer":"","stick":"4451-4540:0.566156:-0.352011"}
[debug-input-file] frame=4463 revision=308 scripts={"buttons":"","pointer":"","stick":"4461-4550:0.629701:-0.218909"}
[debug-input-file] frame=4473 revision=309 scripts={"buttons":"","pointer":"","stick":"4471-4560:0.593641:0.303372"}
[debug-input-file] frame=4482 revision=310 scripts={"buttons":"","pointer":"","stick":"4481-4570:0.522861:0.413595"}
[debug-input-file] frame=4492 revision=311 scripts={"buttons":"","pointer":"","stick":"4491-4580:0.457705:0.484717"}
[debug-input-file] frame=4506 revision=312 scripts={"buttons":"","pointer":"","stick":"4501-4590:0.389583:0.540990"}
[debug-input-file] frame=4515 revision=313 scripts={"buttons":"","pointer":"","stick":"4511-4600:0.275380:0.607133"}
[debug-input-file] frame=4524 revision=314 scripts={"buttons":"","pointer":"","stick":"4521-4610:-0.260796:0.613539"}
[debug-input-file] frame=4533 revision=315 scripts={"buttons":"","pointer":"","stick":"4531-4620:-0.351643:0.566384"}
[debug-input-file] frame=4542 revision=316 scripts={"buttons":"","pointer":"","stick":"4541-4630:-0.464885:0.477836"}
[debug-input-file] frame=4556 revision=317 scripts={"buttons":"","pointer":"","stick":"4551-4640:-0.565685:0.352768"}
[debug-input-file] frame=4564 revision=318 scripts={"buttons":"","pointer":"","stick":"4561-4650:-0.626900:0.226806"}
[debug-input-file] frame=4573 revision=319 scripts={"buttons":"","pointer":"","stick":"4571-4660:-0.585394:-0.318996"}
[debug-input-file] frame=4583 revision=320 scripts={"buttons":"","pointer":"","stick":"4581-4670:-0.532728:-0.400806"}
[debug-input-file] frame=4592 revision=321 scripts={"buttons":"","pointer":"","stick":"4591-4680:-0.424115:-0.514364"}
[debug-input-file] frame=4606 revision=322 scripts={"buttons":"","pointer":"","stick":"4601-4690:-0.327160:-0.580871"}
[debug-input-file] frame=4615 revision=323 scripts={"buttons":"","pointer":"","stick":"4611-4700:0.228950:-0.626120"}
[debug-input-file] frame=4625 revision=324 scripts={"buttons":"","pointer":"","stick":"4621-4710:0.360327:-0.560900"}
[debug-input-file] frame=4635 revision=325 scripts={"buttons":"","pointer":"","stick":"4631-4720:0.498430:-0.442732"}
[debug-input-file] frame=4645 revision=326 scripts={"buttons":"","pointer":"","stick":"4641-4730:0.569217:-0.347039"}
[debug-input-file] frame=4655 revision=327 scripts={"buttons":"","pointer":"","stick":"4651-4740:0.640544:0.184792"}
[debug-input-file] frame=4664 revision=328 scripts={"buttons":"","pointer":"","stick":"4661-4750:0.568532:0.348161"}
[debug-input-file] frame=4674 revision=329 scripts={"buttons":"","pointer":"","stick":"4671-4760:0.505477:0.434670"}
[debug-input-file] frame=4683 revision=330 scripts={"buttons":"","pointer":"","stick":"4681-4770:0.395575:0.536623"}
[debug-input-file] frame=4692 revision=331 scripts={"buttons":"","pointer":"","stick":"4691-4780:0.253648:0.616528"}
[debug-input-file] frame=4705 revision=332 scripts={"buttons":"","pointer":"","stick":"4701-4790:-0.294784:0.597952"}
[debug-input-file] frame=4714 revision=333 scripts={"buttons":"","pointer":"","stick":"4711-4800:-0.458646:0.483826"}
[debug-input-file] frame=4723 revision=334 scripts={"buttons":"","pointer":"","stick":"4721-4810:-0.566156:0.352011"}
[debug-input-file] frame=4732 revision=335 scripts={"buttons":"","pointer":"","stick":"4731-4820:-0.629369:0.219863"}
[debug-input-file] frame=4745 revision=336 scripts={"buttons":"","pointer":"","stick":"4741-4830:-0.581712:-0.325661"}
[debug-input-file] frame=4754 revision=337 scripts={"buttons":"","pointer":"","stick":"4751-4840:-0.444054:-0.497253"}
[debug-input-file] frame=4763 revision=338 scripts={"buttons":"","pointer":"","stick":"4761-4850:-0.270399:-0.609367"}
[debug-input-file] frame=4773 revision=339 scripts={"buttons":"","pointer":"","stick":"4771-4860:0.314632:-0.587751"}
[debug-input-file] frame=4782 revision=340 scripts={"buttons":"","pointer":"","stick":"4781-4870:0.481367:-0.461227"}
[debug-input-file] frame=4792 revision=341 scripts={"buttons":"","pointer":"","stick":"4791-4880:0.603481:-0.283294"}
[debug-input-file] frame=4806 revision=342 scripts={"buttons":"","pointer":"","stick":"4801-4890:0.566156:0.352011"}
[debug-input-file] frame=4814 revision=343 scripts={"buttons":"","pointer":"","stick":"4811-4900:0.370350:0.554333"}
[debug-input-file] frame=4823 revision=344 scripts={"buttons":"","pointer":"","stick":"4821-4910:-0.217761:0.630099"}
[debug-input-file] frame=4832 revision=345 scripts={"buttons":"","pointer":"","stick":"4831-4920:-0.337299:0.575042"}
[debug-input-file] frame=4847 revision=346 scripts={"buttons":"","pointer":"","stick":"4841-4930:-0.495886:0.445580"}
[debug-input-file] frame=4857 revision=347 scripts={"buttons":"","pointer":"","stick":"4851-4940:0.000000:0.000000"}
[debug-input-file] frame=4862 revision=348 scripts={"buttons":"","pointer":"","stick":"4861-4950:0.000000:0.000000"}
[debug-input-file] frame=4872 revision=349 scripts={"buttons":"","pointer":"","stick":"4871-4960:0.000000:0.000000"}
[debug-input-file] frame=4882 revision=350 scripts={"buttons":"","pointer":"","stick":"4881-4970:0.000000:0.000000"}
[debug-input-file] frame=4892 revision=351 scripts={"buttons":"","pointer":"","stick":"4891-4980:0.000000:0.000000"}
[debug-input-file] frame=4902 revision=352 scripts={"buttons":"","pointer":"","stick":"4901-4990:0.000000:0.000000"}
[debug-input-file] frame=4912 revision=353 scripts={"buttons":"","pointer":"","stick":"4911-5000:0.000000:0.000000"}
[debug-input-file] frame=4922 revision=354 scripts={"buttons":"","pointer":"","stick":"4921-5010:0.000000:0.000000"}
[debug-input-file] frame=4932 revision=355 scripts={"buttons":"","pointer":"","stick":"4931-5020:0.000000:0.000000"}
[debug-input-file] frame=4943 revision=356 scripts={"buttons":"","pointer":"","stick":"4941-5030:0.000000:0.000000"}
[debug-input-file] frame=4953 revision=357 scripts={"buttons":"","pointer":"","stick":"4951-5040:0.000000:0.000000"}
[debug-input-file] frame=4963 revision=358 scripts={"buttons":"","pointer":"","stick":"4961-5050:0.000000:0.000000"}
[debug-input-file] frame=4973 revision=359 scripts={"buttons":"4971-4980:A","pointer":"","stick":"4971-5060:0.000000:0.000000"}
[original-process] Debug controller script frame 4973: buttons=active pointer=inactive stick=active hold=0x00000800 axes=0,0
[original-process] Debug controller script frame 4981: buttons=inactive pointer=inactive stick=active hold=0x00000000 axes=0,0
[debug-input-file] frame=4982 revision=360 scripts={"buttons":"4971-4980:A","pointer":"","stick":"4981-5070:0.000000:0.000000"}
[debug-input-file] frame=4992 revision=361 scripts={"buttons":"4971-4980:A","pointer":"","stick":"4991-5080:0.000000:0.000000"}
[debug-input-file] frame=5002 revision=362 scripts={"buttons":"4971-4980:A","pointer":"","stick":"5001-5090:0.000000:0.000000"}
[debug-input-file] frame=5013 revision=363 scripts={"buttons":"4971-4980:A","pointer":"","stick":"5011-5100:0.000000:0.000000"}
[debug-input-file] frame=5023 revision=364 scripts={"buttons":"4971-4980:A","pointer":"","stick":"5021-5110:0.000000:0.000000"}
[debug-input-file] frame=5032 revision=365 scripts={"buttons":"4971-4980:A","pointer":"","stick":"5031-5120:0.000000:0.000000"}
[debug-input-file] frame=5042 revision=366 scripts={"buttons":"4971-4980:A","pointer":"","stick":"5041-5130:0.000000:0.000000"}
[debug-input-file] frame=5052 revision=367 scripts={"buttons":"4971-4980:A","pointer":"","stick":"5051-5140:0.000000:0.000000"}
[debug-input-file] frame=5063 revision=368 scripts={"buttons":"4971-4980:A","pointer":"","stick":"5061-5150:0.000000:0.000000"}
[debug-input-file] frame=5073 revision=369 scripts={"buttons":"4971-4980:A","pointer":"","stick":"5071-5160:0.000000:0.000000"}
[debug-input-file] frame=5083 revision=370 scripts={"buttons":"4971-4980:A","pointer":"","stick":"5081-5170:0.000000:0.000000"}
[debug-input-file] frame=5094 revision=371 scripts={"buttons":"5091-5100:A","pointer":"","stick":"5091-5180:0.000000:0.000000"}
[original-process] Debug controller script frame 5094: buttons=active pointer=inactive stick=active hold=0x00000800 axes=0,0
[original-process] Debug controller script frame 5101: buttons=inactive pointer=inactive stick=active hold=0x00000000 axes=0,0
[debug-input-file] frame=5104 revision=372 scripts={"buttons":"5091-5100:A","pointer":"","stick":"5101-5190:0.000000:0.000000"}
[debug-input-file] frame=5114 revision=373 scripts={"buttons":"5091-5100:A","pointer":"","stick":"5111-5200:0.000000:0.000000"}
[debug-input-file] frame=5123 revision=374 scripts={"buttons":"5091-5100:A","pointer":"","stick":"5121-5210:0.000000:0.000000"}
[debug-input-file] frame=5133 revision=375 scripts={"buttons":"5091-5100:A","pointer":"","stick":"5131-5220:0.000000:0.000000"}
[debug-input-file] frame=5143 revision=376 scripts={"buttons":"5091-5100:A","pointer":"","stick":"5141-5230:0.000000:0.000000"}
[debug-input-file] frame=5153 revision=377 scripts={"buttons":"5091-5100:A","pointer":"","stick":"5151-5240:0.000000:0.000000"}
[debug-input-file] frame=5163 revision=378 scripts={"buttons":"5091-5100:A","pointer":"","stick":"5161-5250:0.000000:0.000000"}
[debug-input-file] frame=5173 revision=379 scripts={"buttons":"5091-5100:A","pointer":"","stick":"5171-5260:0.000000:0.000000"}
[debug-input-file] frame=5183 revision=380 scripts={"buttons":"5091-5100:A","pointer":"","stick":"5181-5270:0.000000:0.000000"}
[debug-input-file] frame=5193 revision=381 scripts={"buttons":"5091-5100:A","pointer":"","stick":"5191-5280:0.000000:0.000000"}
[debug-input-file] frame=5203 revision=382 scripts={"buttons":"5091-5100:A","pointer":"","stick":"5201-5290:0.000000:0.000000"}
[debug-input-file] frame=5213 revision=383 scripts={"buttons":"5211-5220:A","pointer":"","stick":"5211-5300:0.000000:0.000000"}
[original-process] Debug controller script frame 5213: buttons=active pointer=inactive stick=active hold=0x00000800 axes=0,0
[original-process] Debug controller script frame 5221: buttons=inactive pointer=inactive stick=active hold=0x00000000 axes=0,0
[debug-input-file] frame=5222 revision=384 scripts={"buttons":"","pointer":"","stick":"5221-5310:0.322749:0.583333"}
[debug-input-file] frame=5232 revision=385 scripts={"buttons":"","pointer":"","stick":"5231-5320:-0.242778:0.620889"}
[debug-input-file] frame=5242 revision=386 scripts={"buttons":"","pointer":"","stick":"5241-5330:-0.403028:0.531049"}
[debug-input-file] frame=5252 revision=387 scripts={"buttons":"","pointer":"","stick":"5251-5340:-0.460762:0.481812"}
[debug-input-file] frame=5266 revision=388 scripts={"buttons":"","pointer":"","stick":"5261-5350:-0.514977:0.423371"}
[debug-input-file] frame=5274 revision=389 scripts={"buttons":"","pointer":"","stick":"5271-5360:-0.462092:0.480536"}
[debug-input-file] frame=5284 revision=390 scripts={"buttons":"","pointer":"","stick":"5281-5370:-0.459359:0.483150"}
[debug-input-file] frame=5294 revision=391 scripts={"buttons":"","pointer":"","stick":"5291-5380:-0.465548:0.477189"}
[debug-input-file] frame=5304 revision=392 scripts={"buttons":"","pointer":"","stick":"5301-5390:-0.453547:0.488610"}
[debug-input-file] frame=5314 revision=393 scripts={"buttons":"","pointer":"","stick":"5311-5400:-0.442680:0.498477"}
[debug-input-file] frame=5324 revision=394 scripts={"buttons":"","pointer":"","stick":"5321-5410:-0.373998:0.551879"}
[debug-input-file] frame=5333 revision=395 scripts={"buttons":"","pointer":"","stick":"5331-5420:-0.367873:0.555980"}
[debug-input-file] frame=5344 revision=396 scripts={"buttons":"","pointer":"","stick":"5341-5430:-0.373785:0.552023"}
[debug-input-file] frame=5353 revision=397 scripts={"buttons":"","pointer":"","stick":"5351-5440:-0.331976:0.578132"}
[debug-input-file] frame=5364 revision=398 scripts={"buttons":"","pointer":"","stick":"5361-5450:-0.346923:0.569288"}
[debug-input-file] frame=5373 revision=399 scripts={"buttons":"","pointer":"","stick":"5371-5460:-0.399227:0.533912"}
[debug-input-file] frame=5383 revision=400 scripts={"buttons":"","pointer":"","stick":"5381-5470:-0.349855:0.567491"}
[debug-input-file] frame=5393 revision=401 scripts={"buttons":"","pointer":"","stick":"5391-5480:-0.351889:0.566232"}
[debug-input-file] frame=5403 revision=402 scripts={"buttons":"","pointer":"","stick":"5401-5490:-0.336013:0.575795"}
[debug-input-file] frame=5413 revision=403 scripts={"buttons":"","pointer":"","stick":"5411-5500:-0.326133:0.581448"}
[debug-input-file] frame=5424 revision=404 scripts={"buttons":"","pointer":"","stick":"5421-5510:-0.334791:0.576506"}
[debug-input-file] frame=5434 revision=405 scripts={"buttons":"","pointer":"","stick":"5431-5520:-0.325965:0.581542"}
[debug-input-file] frame=5444 revision=406 scripts={"buttons":"","pointer":"","stick":"5441-5530:-0.324935:0.582118"}
[debug-input-file] frame=5454 revision=407 scripts={"buttons":"","pointer":"","stick":"5451-5540:-0.326028:0.581507"}
[debug-input-file] frame=5464 revision=408 scripts={"buttons":"","pointer":"","stick":"5461-5550:-0.390335:0.540447"}
[debug-input-file] frame=5474 revision=409 scripts={"buttons":"","pointer":"","stick":"5471-5560:-0.310473:0.589958"}
[debug-input-file] frame=5484 revision=410 scripts={"buttons":"","pointer":"","stick":"5481-5570:-0.313958:0.588111"}
[debug-input-file] frame=5494 revision=411 scripts={"buttons":"","pointer":"","stick":"5491-5580:-0.328698:0.580002"}
[debug-input-file] frame=5504 revision=412 scripts={"buttons":"","pointer":"","stick":"5501-5590:-0.352298:0.565978"}
[debug-input-file] frame=5515 revision=413 scripts={"buttons":"","pointer":"","stick":"5511-5600:-0.327253:0.580818"}
[debug-input-file] frame=5525 revision=414 scripts={"buttons":"","pointer":"","stick":"5521-5610:-0.321631:0.583950"}
[debug-input-file] frame=5535 revision=415 scripts={"buttons":"","pointer":"","stick":"5531-5620:-0.321665:0.583931"}
[debug-input-file] frame=5545 revision=416 scripts={"buttons":"","pointer":"","stick":"5541-5630:-0.321545:0.583998"}
[debug-input-file] frame=5556 revision=417 scripts={"buttons":"","pointer":"","stick":"5551-5640:-0.321520:0.584011"}
[debug-input-file] frame=5565 revision=418 scripts={"buttons":"","pointer":"","stick":"5561-5650:-0.321454:0.584048"}
[debug-input-file] frame=5575 revision=419 scripts={"buttons":"","pointer":"","stick":"5571-5660:-0.322031:0.583730"}
[debug-input-file] frame=5585 revision=420 scripts={"buttons":"","pointer":"","stick":"5581-5670:-0.322126:0.583677"}
[debug-input-file] frame=5595 revision=421 scripts={"buttons":"","pointer":"","stick":"5591-5680:-0.320797:0.584409"}
[debug-input-file] frame=5605 revision=422 scripts={"buttons":"","pointer":"","stick":"5601-5690:-0.320381:0.584637"}
[debug-input-file] frame=5615 revision=423 scripts={"buttons":"","pointer":"","stick":"5611-5700:-0.319746:0.584985"}
[debug-input-file] frame=5625 revision=424 scripts={"buttons":"","pointer":"","stick":"5621-5710:-0.317806:0.586041"}
[debug-input-file] frame=5634 revision=425 scripts={"buttons":"","pointer":"","stick":"5631-5720:-0.319309:0.585223"}
[debug-input-file] frame=5645 revision=426 scripts={"buttons":"","pointer":"","stick":"5641-5730:-0.311507:0.589413"}
[debug-input-file] frame=5654 revision=427 scripts={"buttons":"","pointer":"","stick":"5651-5740:-0.344028:0.571042"}
[debug-input-file] frame=5664 revision=428 scripts={"buttons":"","pointer":"","stick":"5661-5750:-0.413767:0.522725"}
[debug-input-file] frame=5674 revision=429 scripts={"buttons":"","pointer":"","stick":"5671-5760:-0.329842:0.579352"}
[debug-input-file] frame=5684 revision=430 scripts={"buttons":"","pointer":"","stick":"5681-5770:-0.276737:0.606515"}
[debug-input-file] frame=5694 revision=431 scripts={"buttons":"","pointer":"","stick":"5691-5780:-0.269368:0.609824"}
[debug-input-file] frame=5703 revision=432 scripts={"buttons":"","pointer":"","stick":"5701-5790:-0.272760:0.608314"}
[debug-input-file] frame=5713 revision=433 scripts={"buttons":"","pointer":"","stick":"5711-5800:-0.362970:0.559193"}
[debug-input-file] frame=5723 revision=434 scripts={"buttons":"","pointer":"","stick":"5721-5810:-0.400373:0.533053"}
[debug-input-file] frame=5732 revision=435 scripts={"buttons":"","pointer":"","stick":"5731-5820:-0.544428:0.384763"}
[debug-input-file] frame=5745 revision=436 scripts={"buttons":"","pointer":"","stick":"5741-5830:-0.547340:0.380609"}
[debug-input-file] frame=5754 revision=437 scripts={"buttons":"","pointer":"","stick":"5751-5840:-0.551897:0.373971"}
[debug-input-file] frame=5762 revision=438 scripts={"buttons":"","pointer":"","stick":"5761-5850:-0.555622:0.368413"}
[debug-input-file] frame=5775 revision=439 scripts={"buttons":"","pointer":"","stick":"5771-5860:-0.558939:0.363361"}
[debug-input-file] frame=5784 revision=440 scripts={"buttons":"","pointer":"","stick":"5781-5870:-0.562572:0.357710"}
[debug-input-file] frame=5792 revision=441 scripts={"buttons":"","pointer":"","stick":"5791-5880:-0.564508:0.354648"}
[debug-input-file] frame=5805 revision=442 scripts={"buttons":"","pointer":"","stick":"5801-5890:-0.565804:0.352576"}
[debug-input-file] frame=5814 revision=443 scripts={"buttons":"","pointer":"","stick":"5811-5900:-0.565685:0.352768"}
[debug-input-file] frame=5822 revision=444 scripts={"buttons":"","pointer":"","stick":"5821-5910:-0.565685:0.352768"}
[debug-input-file] frame=5834 revision=445 scripts={"buttons":"","pointer":"","stick":"5831-5920:-0.565685:0.352768"}
[debug-input-file] frame=5843 revision=446 scripts={"buttons":"","pointer":"","stick":"5841-5930:-0.565685:0.352768"}
[debug-input-file] frame=5856 revision=447 scripts={"buttons":"","pointer":"","stick":"5851-5940:-0.565685:0.352768"}
[debug-input-file] frame=5864 revision=448 scripts={"buttons":"","pointer":"","stick":"5861-5950:-0.565685:0.352768"}
[debug-input-file] frame=5873 revision=449 scripts={"buttons":"","pointer":"","stick":"5871-5960:-0.565685:0.352768"}
[debug-input-file] frame=5882 revision=450 scripts={"buttons":"","pointer":"","stick":"5881-5970:-0.565685:0.352768"}
[debug-input-file] frame=5895 revision=451 scripts={"buttons":"","pointer":"","stick":"5891-5980:-0.565685:0.352768"}
[debug-input-file] frame=5905 revision=452 scripts={"buttons":"","pointer":"","stick":"5901-5990:-0.565685:0.352768"}
[debug-input-file] frame=5914 revision=453 scripts={"buttons":"","pointer":"","stick":"5911-6000:-0.565685:0.352768"}
[debug-input-file] frame=5923 revision=454 scripts={"buttons":"","pointer":"","stick":"5921-6010:-0.565685:0.352768"}
[debug-input-file] frame=5931 revision=455 scripts={"buttons":"","pointer":"","stick":"5931-6020:-0.565672:0.352788"}
[debug-input-file] frame=5945 revision=456 scripts={"buttons":"","pointer":"","stick":"5941-6030:-0.565685:0.352768"}
[debug-input-file] frame=5954 revision=457 scripts={"buttons":"","pointer":"","stick":"5951-6040:-0.565685:0.352768"}
[debug-input-file] frame=5963 revision=458 scripts={"buttons":"","pointer":"","stick":"5961-6050:-0.565685:0.352768"}
[debug-input-file] frame=5972 revision=459 scripts={"buttons":"","pointer":"","stick":"5971-6060:-0.565685:0.352768"}
[debug-input-file] frame=5985 revision=460 scripts={"buttons":"","pointer":"","stick":"5981-6070:-0.565685:0.352768"}
[debug-input-file] frame=5994 revision=461 scripts={"buttons":"","pointer":"","stick":"5991-6080:-0.565685:0.352768"}
[debug-input-file] frame=6002 revision=462 scripts={"buttons":"","pointer":"","stick":"6001-6090:-0.565685:0.352768"}
[debug-input-file] frame=6015 revision=463 scripts={"buttons":"","pointer":"","stick":"6011-6100:-0.565685:0.352768"}
[debug-input-file] frame=6024 revision=464 scripts={"buttons":"","pointer":"","stick":"6021-6110:-0.565685:0.352768"}
[debug-input-file] frame=6032 revision=465 scripts={"buttons":"","pointer":"","stick":"6031-6120:-0.565685:0.352768"}
[debug-input-file] frame=6046 revision=466 scripts={"buttons":"","pointer":"","stick":"6041-6130:-0.565685:0.352768"}
[debug-input-file] frame=6054 revision=467 scripts={"buttons":"","pointer":"","stick":"6051-6140:-0.565685:0.352768"}
[debug-input-file] frame=6063 revision=468 scripts={"buttons":"","pointer":"","stick":"6061-6150:-0.565685:0.352768"}
[debug-input-file] frame=6076 revision=469 scripts={"buttons":"","pointer":"","stick":"6071-6160:-0.565685:0.352768"}
[debug-input-file] frame=6084 revision=470 scripts={"buttons":"","pointer":"","stick":"6081-6170:-0.565685:0.352768"}
[debug-input-file] frame=6093 revision=471 scripts={"buttons":"","pointer":"","stick":"6091-6180:-0.565685:0.352768"}
[debug-input-file] frame=6106 revision=472 scripts={"buttons":"","pointer":"","stick":"6101-6190:-0.565685:0.352768"}
[debug-input-file] frame=6114 revision=473 scripts={"buttons":"","pointer":"","stick":"6111-6200:-0.565685:0.352768"}
[debug-input-file] frame=6123 revision=474 scripts={"buttons":"","pointer":"","stick":"6121-6210:-0.565685:0.352768"}
[debug-input-file] frame=6132 revision=475 scripts={"buttons":"","pointer":"","stick":"6131-6220:-0.565685:0.352768"}
[debug-input-file] frame=6142 revision=476 scripts={"buttons":"","pointer":"","stick":"6141-6230:-0.565685:0.352768"}
[debug-input-file] frame=6155 revision=477 scripts={"buttons":"","pointer":"","stick":"6151-6240:-0.565685:0.352768"}
[debug-input-file] frame=6164 revision=478 scripts={"buttons":"","pointer":"","stick":"6161-6250:-0.565685:0.352768"}
[debug-input-file] frame=6174 revision=479 scripts={"buttons":"","pointer":"","stick":"6171-6260:-0.565685:0.352768"}
[debug-input-file] frame=6183 revision=480 scripts={"buttons":"","pointer":"","stick":"6181-6270:-0.565685:0.352768"}
[debug-input-file] frame=6192 revision=481 scripts={"buttons":"","pointer":"","stick":"6191-6280:-0.565685:0.352768"}
[debug-input-file] frame=6206 revision=482 scripts={"buttons":"","pointer":"","stick":"6201-6290:-0.565685:0.352768"}
[debug-input-file] frame=6215 revision=483 scripts={"buttons":"","pointer":"","stick":"6211-6300:-0.565685:0.352768"}
[debug-input-file] frame=6223 revision=484 scripts={"buttons":"","pointer":"","stick":"6221-6310:-0.565685:0.352768"}
[debug-input-file] frame=6232 revision=485 scripts={"buttons":"","pointer":"","stick":"6231-6320:-0.565685:0.352768"}
[debug-input-file] frame=6245 revision=486 scripts={"buttons":"","pointer":"","stick":"6241-6330:-0.565685:0.352768"}
[debug-input-file] frame=6254 revision=487 scripts={"buttons":"","pointer":"","stick":"6251-6340:-0.565685:0.352768"}
[debug-input-file] frame=6262 revision=488 scripts={"buttons":"","pointer":"","stick":"6261-6350:-0.565685:0.352768"}
[debug-input-file] frame=6275 revision=489 scripts={"buttons":"","pointer":"","stick":"6271-6360:-0.565685:0.352768"}
[debug-input-file] frame=6284 revision=490 scripts={"buttons":"","pointer":"","stick":"6281-6370:-0.565685:0.352768"}
[debug-input-file] frame=6293 revision=491 scripts={"buttons":"","pointer":"","stick":"6291-6380:-0.565685:0.352768"}
[debug-input-file] frame=6301 revision=492 scripts={"buttons":"","pointer":"","stick":"6301-6390:-0.565685:0.352768"}
[debug-input-file] frame=6314 revision=493 scripts={"buttons":"","pointer":"","stick":"6311-6400:-0.565685:0.352768"}
[debug-input-file] frame=6323 revision=494 scripts={"buttons":"","pointer":"","stick":"6321-6410:-0.565685:0.352768"}
[debug-input-file] frame=6332 revision=495 scripts={"buttons":"","pointer":"","stick":"6331-6420:-0.565685:0.352768"}
[debug-input-file] frame=6345 revision=496 scripts={"buttons":"","pointer":"","stick":"6341-6430:-0.565685:0.352768"}
[debug-input-file] frame=6353 revision=497 scripts={"buttons":"","pointer":"","stick":"6351-6440:-0.565685:0.352768"}
[debug-input-file] frame=6362 revision=498 scripts={"buttons":"","pointer":"","stick":"6361-6450:-0.565685:0.352768"}
[debug-input-file] frame=6375 revision=499 scripts={"buttons":"","pointer":"","stick":"6371-6460:-0.565685:0.352768"}
[debug-input-file] frame=6384 revision=500 scripts={"buttons":"","pointer":"","stick":"6381-6470:-0.565685:0.352768"}
[debug-input-file] frame=6393 revision=501 scripts={"buttons":"","pointer":"","stick":"6391-6480:-0.565685:0.352768"}
[debug-input-file] frame=6402 revision=502 scripts={"buttons":"","pointer":"","stick":"6401-6490:-0.565685:0.352768"}
[debug-input-file] frame=6415 revision=503 scripts={"buttons":"","pointer":"","stick":"6411-6500:-0.565685:0.352768"}
[debug-input-file] frame=6424 revision=504 scripts={"buttons":"","pointer":"","stick":"6421-6510:-0.565685:0.352768"}
[debug-input-file] frame=6433 revision=505 scripts={"buttons":"","pointer":"","stick":"6431-6520:-0.565685:0.352768"}
[debug-input-file] frame=6442 revision=506 scripts={"buttons":"","pointer":"","stick":"6441-6530:-0.565685:0.352768"}
[debug-input-file] frame=6452 revision=507 scripts={"buttons":"","pointer":"","stick":"6451-6540:-0.565685:0.352768"}
[debug-input-file] frame=6465 revision=508 scripts={"buttons":"","pointer":"","stick":"6461-6550:-0.565685:0.352768"}
[debug-input-file] frame=6474 revision=509 scripts={"buttons":"","pointer":"","stick":"6471-6560:-0.565685:0.352768"}
[debug-input-file] frame=6483 revision=510 scripts={"buttons":"","pointer":"","stick":"6481-6570:-0.565685:0.352768"}
[debug-input-file] frame=6496 revision=511 scripts={"buttons":"","pointer":"","stick":"6491-6580:-0.565685:0.352768"}
[debug-input-file] frame=6504 revision=512 scripts={"buttons":"","pointer":"","stick":"6501-6590:-0.565685:0.352768"}
[debug-input-file] frame=6513 revision=513 scripts={"buttons":"","pointer":"","stick":"6511-6600:-0.565685:0.352768"}
[debug-input-file] frame=6525 revision=514 scripts={"buttons":"","pointer":"","stick":"6521-6610:-0.565685:0.352768"}
[debug-input-file] frame=6534 revision=515 scripts={"buttons":"","pointer":"","stick":"6531-6620:-0.565685:0.352768"}
[debug-input-file] frame=6542 revision=516 scripts={"buttons":"","pointer":"","stick":"6541-6630:-0.565685:0.352768"}
[debug-input-file] frame=6555 revision=517 scripts={"buttons":"","pointer":"","stick":"6551-6640:-0.565685:0.352768"}
[debug-input-file] frame=6564 revision=518 scripts={"buttons":"","pointer":"","stick":"6561-6650:-0.565685:0.352768"}
[debug-input-file] frame=6572 revision=519 scripts={"buttons":"","pointer":"","stick":"6571-6660:-0.565685:0.352768"}
[debug-input-file] frame=6585 revision=520 scripts={"buttons":"","pointer":"","stick":"6581-6670:-0.565685:0.352768"}
[debug-input-file] frame=6593 revision=521 scripts={"buttons":"","pointer":"","stick":"6591-6680:-0.565685:0.352768"}
[debug-input-file] frame=6602 revision=522 scripts={"buttons":"","pointer":"","stick":"6601-6690:-0.565685:0.352768"}
[debug-input-file] frame=6615 revision=523 scripts={"buttons":"","pointer":"","stick":"6611-6700:-0.565685:0.352768"}
[debug-input-file] frame=6623 revision=524 scripts={"buttons":"","pointer":"","stick":"6621-6710:-0.565685:0.352768"}
[debug-input-file] frame=6633 revision=525 scripts={"buttons":"","pointer":"","stick":"6631-6720:-0.565685:0.352768"}
[debug-input-file] frame=6642 revision=526 scripts={"buttons":"","pointer":"","stick":"6641-6730:-0.565685:0.352768"}
[debug-input-file] frame=6655 revision=527 scripts={"buttons":"","pointer":"","stick":"6651-6740:-0.565685:0.352768"}
[debug-input-file] frame=6664 revision=528 scripts={"buttons":"","pointer":"","stick":"6661-6750:-0.565685:0.352768"}
[debug-input-file] frame=6674 revision=529 scripts={"buttons":"","pointer":"","stick":"6671-6760:-0.565685:0.352768"}
[debug-input-file] frame=6683 revision=530 scripts={"buttons":"","pointer":"","stick":"6681-6770:-0.565685:0.352768"}
[debug-input-file] frame=6692 revision=531 scripts={"buttons":"","pointer":"","stick":"6691-6780:-0.565685:0.352768"}
[debug-input-file] frame=6706 revision=532 scripts={"buttons":"","pointer":"","stick":"6701-6790:-0.565685:0.352768"}
[debug-input-file] frame=6715 revision=533 scripts={"buttons":"","pointer":"","stick":"6711-6800:-0.565685:0.352768"}
[debug-input-file] frame=6723 revision=534 scripts={"buttons":"","pointer":"","stick":"6721-6810:-0.565685:0.352768"}
[debug-input-file] frame=6732 revision=535 scripts={"buttons":"","pointer":"","stick":"6731-6820:-0.565685:0.352768"}
[debug-input-file] frame=6745 revision=536 scripts={"buttons":"","pointer":"","stick":"6741-6830:-0.565685:0.352768"}
[debug-input-file] frame=6753 revision=537 scripts={"buttons":"","pointer":"","stick":"6751-6840:-0.565685:0.352768"}
[debug-input-file] frame=6762 revision=538 scripts={"buttons":"","pointer":"","stick":"6761-6850:-0.565685:0.352768"}
[debug-input-file] frame=6775 revision=539 scripts={"buttons":"","pointer":"","stick":"6771-6860:-0.565685:0.352768"}
[debug-input-file] frame=6783 revision=540 scripts={"buttons":"","pointer":"","stick":"6781-6870:-0.565685:0.352768"}
[debug-input-file] frame=6792 revision=541 scripts={"buttons":"","pointer":"","stick":"6791-6880:-0.565685:0.352768"}
[debug-input-file] frame=6806 revision=542 scripts={"buttons":"","pointer":"","stick":"6801-6890:-0.565685:0.352768"}
[debug-input-file] frame=6814 revision=543 scripts={"buttons":"","pointer":"","stick":"6811-6900:-0.565685:0.352768"}
[debug-input-file] frame=6823 revision=544 scripts={"buttons":"","pointer":"","stick":"6821-6910:-0.565685:0.352768"}
[debug-input-file] frame=6832 revision=545 scripts={"buttons":"","pointer":"","stick":"6831-6920:-0.565685:0.352768"}
[debug-input-file] frame=6844 revision=546 scripts={"buttons":"","pointer":"","stick":"6841-6930:-0.565685:0.352768"}
[debug-input-file] frame=6853 revision=547 scripts={"buttons":"","pointer":"","stick":"6851-6940:-0.565685:0.352768"}
[debug-input-file] frame=6866 revision=548 scripts={"buttons":"","pointer":"","stick":"6861-6950:-0.565685:0.352768"}
[debug-input-file] frame=6874 revision=549 scripts={"buttons":"","pointer":"","stick":"6871-6960:-0.565685:0.352768"}
[debug-input-file] frame=6883 revision=550 scripts={"buttons":"","pointer":"","stick":"6881-6970:-0.565685:0.352768"}
[debug-input-file] frame=6891 revision=551 scripts={"buttons":"","pointer":"","stick":"6891-6980:-0.565685:0.352768"}
[debug-input-file] frame=6905 revision=552 scripts={"buttons":"","pointer":"","stick":"6901-6990:-0.565685:0.352768"}
[debug-input-file] frame=6914 revision=553 scripts={"buttons":"","pointer":"","stick":"6911-7000:-0.565685:0.352768"}
[debug-input-file] frame=6923 revision=554 scripts={"buttons":"","pointer":"","stick":"6921-7010:-0.565685:0.352768"}
[debug-input-file] frame=6932 revision=555 scripts={"buttons":"","pointer":"","stick":"6931-7020:-0.565685:0.352768"}
[debug-input-file] frame=6941 revision=556 scripts={"buttons":"","pointer":"","stick":"6941-7030:-0.565685:0.352768"}
[debug-input-file] frame=6955 revision=557 scripts={"buttons":"","pointer":"","stick":"6951-7040:-0.565685:0.352768"}
[debug-input-file] frame=6964 revision=558 scripts={"buttons":"","pointer":"","stick":"6961-7050:-0.565685:0.352768"}
[debug-input-file] frame=6973 revision=559 scripts={"buttons":"","pointer":"","stick":"6971-7060:-0.565685:0.352768"}
[debug-input-file] frame=6986 revision=560 scripts={"buttons":"","pointer":"","stick":"6981-7070:-0.565685:0.352768"}
[debug-input-file] frame=6994 revision=561 scripts={"buttons":"","pointer":"","stick":"6991-7080:-0.565685:0.352768"}
[debug-input-file] frame=7003 revision=562 scripts={"buttons":"","pointer":"","stick":"7001-7090:-0.565685:0.352768"}
[debug-input-file] frame=7016 revision=563 scripts={"buttons":"","pointer":"","stick":"7011-7100:-0.565685:0.352768"}
[debug-input-file] frame=7024 revision=564 scripts={"buttons":"","pointer":"","stick":"7021-7110:-0.565685:0.352768"}
[debug-input-file] frame=7033 revision=565 scripts={"buttons":"","pointer":"","stick":"7031-7120:-0.566156:0.352011"}
[debug-input-file] frame=7041 revision=566 scripts={"buttons":"","pointer":"","stick":"7041-7130:-0.566156:0.352011"}
[debug-input-file] frame=7055 revision=567 scripts={"buttons":"","pointer":"","stick":"7051-7140:-0.566156:0.352011"}
[debug-input-file] frame=7064 revision=568 scripts={"buttons":"","pointer":"","stick":"7061-7150:-0.566156:0.352011"}
[debug-input-file] frame=7072 revision=569 scripts={"buttons":"","pointer":"","stick":"7071-7160:-0.566156:0.352011"}
[debug-input-file] frame=7085 revision=570 scripts={"buttons":"","pointer":"","stick":"7081-7170:-0.566156:0.352011"}
[debug-input-file] frame=7094 revision=571 scripts={"buttons":"","pointer":"","stick":"7091-7180:-0.566176:0.351979"}
[debug-input-file] frame=7102 revision=572 scripts={"buttons":"","pointer":"","stick":"7101-7190:-0.566394:0.351628"}
[debug-input-file] frame=7115 revision=573 scripts={"buttons":"","pointer":"","stick":"7111-7200:-0.566521:0.351423"}
[debug-input-file] frame=7124 revision=574 scripts={"buttons":"","pointer":"","stick":"7121-7210:-0.566651:0.351214"}
[debug-input-file] frame=7133 revision=575 scripts={"buttons":"","pointer":"","stick":"7131-7220:-0.566746:0.351060"}
[debug-input-file] frame=7142 revision=576 scripts={"buttons":"","pointer":"","stick":"7141-7230:-0.566815:0.350949"}
[debug-input-file] frame=7156 revision=577 scripts={"buttons":"","pointer":"","stick":"7151-7240:-0.566868:0.350863"}
[debug-input-file] frame=7165 revision=578 scripts={"buttons":"","pointer":"","stick":"7161-7250:-0.566919:0.350780"}
[debug-input-file] frame=7174 revision=579 scripts={"buttons":"","pointer":"","stick":"7171-7260:-0.566807:0.350962"}
[debug-input-file] frame=7183 revision=580 scripts={"buttons":"","pointer":"","stick":"7181-7270:-0.566831:0.350923"}
[debug-input-file] frame=7192 revision=581 scripts={"buttons":"","pointer":"","stick":"7191-7280:-0.566156:0.352011"}
[debug-input-file] frame=7206 revision=582 scripts={"buttons":"","pointer":"","stick":"7201-7290:-0.568101:0.348864"}
[debug-input-file] frame=7215 revision=583 scripts={"buttons":"","pointer":"","stick":"7211-7300:-0.570937:0.344203"}
[debug-input-file] frame=7224 revision=584 scripts={"buttons":"","pointer":"","stick":"7221-7310:-0.572847:0.341015"}
[debug-input-file] frame=7232 revision=585 scripts={"buttons":"","pointer":"","stick":"7231-7320:-0.574814:0.337688"}
[debug-input-file] frame=7245 revision=586 scripts={"buttons":"","pointer":"","stick":"7241-7330:-0.577132:0.333711"}
[debug-input-file] frame=7254 revision=587 scripts={"buttons":"","pointer":"","stick":"7251-7340:-0.579589:0.329425"}
[debug-input-file] frame=7263 revision=588 scripts={"buttons":"","pointer":"","stick":"7261-7350:-0.581741:0.325610"}
[debug-input-file] frame=7276 revision=589 scripts={"buttons":"","pointer":"","stick":"7271-7360:-0.585470:0.318857"}
[debug-input-file] frame=7285 revision=590 scripts={"buttons":"","pointer":"","stick":"7281-7370:-0.588980:0.312326"}
[debug-input-file] frame=7293 revision=591 scripts={"buttons":"","pointer":"","stick":"7291-7380:-0.591631:0.307274"}
[debug-input-file] frame=7302 revision=592 scripts={"buttons":"","pointer":"","stick":"7301-7390:-0.593382:0.303879"}
[debug-input-file] frame=7315 revision=593 scripts={"buttons":"","pointer":"","stick":"7311-7400:-0.596097:0.298517"}
[debug-input-file] frame=7324 revision=594 scripts={"buttons":"","pointer":"","stick":"7321-7410:-0.598703:0.293255"}
[debug-input-file] frame=7333 revision=595 scripts={"buttons":"","pointer":"","stick":"7331-7420:-0.601056:0.288403"}
[debug-input-file] frame=7346 revision=596 scripts={"buttons":"","pointer":"","stick":"7341-7430:-0.601521:0.287431"}
[debug-input-file] frame=7354 revision=597 scripts={"buttons":"","pointer":"","stick":"7351-7440:-0.601325:0.287841"}
[debug-input-file] frame=7363 revision=598 scripts={"buttons":"","pointer":"","stick":"7361-7450:-0.601079:0.288354"}
[debug-input-file] frame=7376 revision=599 scripts={"buttons":"","pointer":"","stick":"7371-7460:-0.600874:0.288782"}
[debug-input-file] frame=7385 revision=600 scripts={"buttons":"","pointer":"","stick":"7381-7470:-0.600638:0.289273"}
[debug-input-file] frame=7394 revision=601 scripts={"buttons":"","pointer":"","stick":"7391-7480:-0.600373:0.289822"}
[debug-input-file] frame=7404 revision=602 scripts={"buttons":"","pointer":"","stick":"7401-7490:-0.600069:0.290450"}
[debug-input-file] frame=7412 revision=603 scripts={"buttons":"","pointer":"","stick":"7411-7500:-0.599754:0.291101"}
[debug-input-file] frame=7426 revision=604 scripts={"buttons":"","pointer":"","stick":"7421-7510:-0.599302:0.292030"}
[debug-input-file] frame=7435 revision=605 scripts={"buttons":"","pointer":"","stick":"7431-7520:-0.598834:0.292989"}
[debug-input-file] frame=7444 revision=606 scripts={"buttons":"","pointer":"","stick":"7441-7530:-0.595365:0.299975"}
[debug-input-file] frame=7454 revision=607 scripts={"buttons":"","pointer":"","stick":"7451-7540:-0.598791:0.293077"}
[debug-input-file] frame=7463 revision=608 scripts={"buttons":"","pointer":"","stick":"7461-7550:-0.601035:0.288446"}
[debug-input-file] frame=7476 revision=609 scripts={"buttons":"","pointer":"","stick":"7471-7560:-0.605760:0.278388"}
[debug-input-file] frame=7485 revision=610 scripts={"buttons":"","pointer":"","stick":"7481-7570:-0.607797:0.273910"}
[debug-input-file] frame=7493 revision=611 scripts={"buttons":"","pointer":"","stick":"7491-7580:-0.610531:0.267762"}
[debug-input-file] frame=7502 revision=612 scripts={"buttons":"","pointer":"","stick":"7501-7590:-0.613737:0.260330"}
[debug-input-file] frame=7515 revision=613 scripts={"buttons":"","pointer":"","stick":"7511-7600:-0.616870:0.252816"}
[debug-input-file] frame=7523 revision=614 scripts={"buttons":"","pointer":"","stick":"7521-7610:-0.620260:0.244381"}
[debug-input-file] frame=7532 revision=615 scripts={"buttons":"","pointer":"","stick":"7531-7620:-0.625665:0.230190"}
[debug-input-file] frame=7545 revision=616 scripts={"buttons":"","pointer":"","stick":"7541-7630:-0.629599:0.219203"}
[debug-input-file] frame=7553 revision=617 scripts={"buttons":"","pointer":"","stick":"7551-7640:-0.631982:0.212232"}
[debug-input-file] frame=7562 revision=618 scripts={"buttons":"","pointer":"","stick":"7561-7650:-0.634020:0.206066"}
[debug-input-file] frame=7575 revision=619 scripts={"buttons":"","pointer":"","stick":"7571-7660:-0.636229:0.199141"}
[debug-input-file] frame=7584 revision=620 scripts={"buttons":"","pointer":"","stick":"7581-7670:-0.638469:0.191839"}
[debug-input-file] frame=7592 revision=621 scripts={"buttons":"","pointer":"","stick":"7591-7680:-0.640937:0.183424"}
[debug-input-file] frame=7605 revision=622 scripts={"buttons":"","pointer":"","stick":"7601-7690:-0.640777:-0.183981"}
[debug-input-file] frame=7613 revision=623 scripts={"buttons":"","pointer":"","stick":"7611-7700:-0.640376:-0.185371"}
[debug-input-file] frame=7626 revision=624 scripts={"buttons":"","pointer":"","stick":"7621-7710:-0.640256:-0.185787"}
[debug-input-file] frame=7635 revision=625 scripts={"buttons":"","pointer":"","stick":"7631-7720:-0.640265:-0.185754"}
[debug-input-file] frame=7644 revision=626 scripts={"buttons":"","pointer":"","stick":"7641-7730:-0.640348:-0.185469"}
[debug-input-file] frame=7654 revision=627 scripts={"buttons":"","pointer":"","stick":"7651-7740:-0.640463:-0.185073"}
[debug-input-file] frame=7663 revision=628 scripts={"buttons":"","pointer":"","stick":"7661-7750:-0.640630:-0.184492"}
[debug-input-file] frame=7672 revision=629 scripts={"buttons":"","pointer":"","stick":"7671-7760:-0.640798:-0.183909"}
[debug-input-file] frame=7685 revision=630 scripts={"buttons":"","pointer":"","stick":"7681-7770:-0.641251:-0.182323"}
[debug-input-file] frame=7695 revision=631 scripts={"buttons":"","pointer":"","stick":"7691-7780:-0.641552:-0.181261"}
[debug-input-file] frame=7704 revision=632 scripts={"buttons":"","pointer":"","stick":"7701-7790:-0.639815:0.187301"}
[debug-input-file] frame=7713 revision=633 scripts={"buttons":"","pointer":"","stick":"7711-7800:-0.640009:-0.186636"}
[debug-input-file] frame=7722 revision=634 scripts={"buttons":"","pointer":"","stick":"7721-7810:-0.632623:-0.210317"}
[debug-input-file] frame=7735 revision=635 scripts={"buttons":"","pointer":"","stick":"7731-7820:-0.635727:-0.200739"}
[debug-input-file] frame=7744 revision=636 scripts={"buttons":"","pointer":"","stick":"7741-7830:-0.641410:0.181763"}
[debug-input-file] frame=7752 revision=637 scripts={"buttons":"","pointer":"","stick":"7751-7840:-0.634161:0.205630"}
[debug-input-file] frame=7765 revision=638 scripts={"buttons":"","pointer":"","stick":"7761-7850:-0.625109:0.231697"}
[debug-input-file] frame=7773 revision=639 scripts={"buttons":"","pointer":"","stick":"7771-7860:-0.614979:0.257382"}
[debug-input-file] frame=7782 revision=640 scripts={"buttons":"","pointer":"","stick":"7781-7870:-0.607998:0.273464"}
[debug-input-file] frame=7795 revision=641 scripts={"buttons":"","pointer":"","stick":"7791-7880:-0.601830:0.286783"}
[debug-input-file] frame=7804 revision=642 scripts={"buttons":"","pointer":"","stick":"7801-7890:-0.595746:0.299218"}
[debug-input-file] frame=7813 revision=643 scripts={"buttons":"","pointer":"","stick":"7811-7900:-0.589831:0.310716"}
[debug-input-file] frame=7826 revision=644 scripts={"buttons":"","pointer":"","stick":"7821-7910:-0.584847:0.319998"}
[debug-input-file] frame=7834 revision=645 scripts={"buttons":"","pointer":"","stick":"7831-7920:-0.580502:0.327813"}
[debug-input-file] frame=7842 revision=646 scripts={"buttons":"","pointer":"","stick":"7841-7930:-0.578102:0.332029"}
[debug-input-file] frame=7856 revision=647 scripts={"buttons":"","pointer":"","stick":"7851-7940:-0.577153:0.333675"}
[debug-input-file] frame=7864 revision=648 scripts={"buttons":"","pointer":"","stick":"7861-7950:-0.576631:0.334576"}
[debug-input-file] frame=7873 revision=649 scripts={"buttons":"","pointer":"","stick":"7871-7960:-0.576229:0.335269"}
[debug-input-file] frame=7882 revision=650 scripts={"buttons":"","pointer":"","stick":"7881-7970:-0.575796:0.336011"}
[debug-input-file] frame=7895 revision=651 scripts={"buttons":"","pointer":"","stick":"7891-7980:-0.575430:0.336637"}
[debug-input-file] frame=7904 revision=652 scripts={"buttons":"","pointer":"","stick":"7901-7990:-0.575143:0.337127"}
[debug-input-file] frame=7913 revision=653 scripts={"buttons":"","pointer":"","stick":"7911-8000:-0.574804:0.337705"}
[debug-input-file] frame=7922 revision=654 scripts={"buttons":"","pointer":"","stick":"7921-8010:-0.574624:0.338011"}
[debug-input-file] frame=7932 revision=655 scripts={"buttons":"","pointer":"","stick":"7931-8020:-0.574357:0.338465"}
[debug-input-file] frame=7945 revision=656 scripts={"buttons":"","pointer":"","stick":"7941-8030:-0.574143:0.338827"}
[debug-input-file] frame=7954 revision=657 scripts={"buttons":"","pointer":"","stick":"7951-8040:-0.571057:0.344003"}
[debug-input-file] frame=7963 revision=658 scripts={"buttons":"","pointer":"","stick":"7961-8050:-0.574521:0.338186"}
[debug-input-file] frame=7973 revision=659 scripts={"buttons":"","pointer":"","stick":"7971-8060:-0.576107:0.335478"}
[debug-input-file] frame=7986 revision=660 scripts={"buttons":"","pointer":"","stick":"7981-8070:-0.579052:0.330368"}
[debug-input-file] frame=7994 revision=661 scripts={"buttons":"","pointer":"","stick":"7991-8080:-0.580149:0.328438"}
[debug-input-file] frame=8003 revision=662 scripts={"buttons":"","pointer":"","stick":"8001-8090:-0.581616:0.325833"}
[debug-input-file] frame=8012 revision=663 scripts={"buttons":"","pointer":"","stick":"8011-8100:-0.583183:0.323019"}
[debug-input-file] frame=8025 revision=664 scripts={"buttons":"","pointer":"","stick":"8021-8110:-0.584493:0.320643"}
[debug-input-file] frame=8034 revision=665 scripts={"buttons":"","pointer":"","stick":"8031-8120:-0.586289:0.317348"}
[debug-input-file] frame=8042 revision=666 scripts={"buttons":"","pointer":"","stick":"8041-8130:-0.589441:0.311453"}
[debug-input-file] frame=8056 revision=667 scripts={"buttons":"","pointer":"","stick":"8051-8140:-0.591813:0.306923"}
[debug-input-file] frame=8064 revision=668 scripts={"buttons":"","pointer":"","stick":"8061-8150:-0.593073:0.304482"}
[debug-input-file] frame=8072 revision=669 scripts={"buttons":"","pointer":"","stick":"8071-8160:-0.594829:0.301036"}
[debug-input-file] frame=8085 revision=670 scripts={"buttons":"","pointer":"","stick":"8081-8170:-0.597085:0.296536"}
[debug-input-file] frame=8094 revision=671 scripts={"buttons":"","pointer":"","stick":"8091-8180:-0.599289:0.292057"}
[debug-input-file] frame=8102 revision=672 scripts={"buttons":"","pointer":"","stick":"8101-8190:-0.600353:0.289863"}
[debug-input-file] frame=8115 revision=673 scripts={"buttons":"","pointer":"","stick":"8111-8200:-0.600276:0.290022"}
[debug-input-file] frame=8123 revision=674 scripts={"buttons":"","pointer":"","stick":"8121-8210:-0.600052:0.290485"}
[debug-input-file] frame=8132 revision=675 scripts={"buttons":"","pointer":"","stick":"8131-8220:-0.599872:0.290857"}
[debug-input-file] frame=8145 revision=676 scripts={"buttons":"","pointer":"","stick":"8141-8230:-0.599660:0.291295"}
[debug-input-file] frame=8154 revision=677 scripts={"buttons":"","pointer":"","stick":"8151-8240:-0.599403:0.291822"}
[debug-input-file] frame=8163 revision=678 scripts={"buttons":"","pointer":"","stick":"8161-8250:-0.599129:0.292385"}
[debug-input-file] frame=8173 revision=679 scripts={"buttons":"","pointer":"","stick":"8171-8260:-0.598840:0.292975"}
[debug-input-file] frame=8182 revision=680 scripts={"buttons":"","pointer":"","stick":"8181-8270:-0.598505:0.293659"}
[debug-input-file] frame=8195 revision=681 scripts={"buttons":"","pointer":"","stick":"8191-8280:-0.598010:0.294666"}
[debug-input-file] frame=8204 revision=682 scripts={"buttons":"","pointer":"","stick":"8201-8290:-0.595371:0.299963"}
[debug-input-file] frame=8213 revision=683 scripts={"buttons":"","pointer":"","stick":"8211-8300:-0.597222:0.296260"}
[debug-input-file] frame=8223 revision=684 scripts={"buttons":"","pointer":"","stick":"8221-8310:-0.598901:0.292852"}
[debug-input-file] frame=8232 revision=685 scripts={"buttons":"","pointer":"","stick":"8231-8320:-0.604145:0.281875"}
[debug-input-file] frame=8244 revision=686 scripts={"buttons":"","pointer":"","stick":"8241-8330:-0.606366:0.277065"}
[debug-input-file] frame=8253 revision=687 scripts={"buttons":"","pointer":"","stick":"8251-8340:-0.609476:0.270155"}
[debug-input-file] frame=8262 revision=688 scripts={"buttons":"","pointer":"","stick":"8261-8350:-0.613008:0.262040"}
[debug-input-file] frame=8274 revision=689 scripts={"buttons":"","pointer":"","stick":"8271-8360:-0.616925:0.252680"}
[debug-input-file] frame=8283 revision=690 scripts={"buttons":"","pointer":"","stick":"8281-8370:-0.620700:0.243260"}
[debug-input-file] frame=8292 revision=691 scripts={"buttons":"","pointer":"","stick":"8291-8380:-0.626395:0.228197"}
[debug-input-file] frame=8304 revision=692 scripts={"buttons":"","pointer":"","stick":"8301-8390:-0.631118:0.214788"}
[debug-input-file] frame=8313 revision=693 scripts={"buttons":"","pointer":"","stick":"8311-8400:-0.634274:0.205284"}
[debug-input-file] frame=8322 revision=694 scripts={"buttons":"","pointer":"","stick":"8321-8410:-0.635726:0.200742"}
[debug-input-file] frame=8335 revision=695 scripts={"buttons":"","pointer":"","stick":"8331-8420:-0.637716:0.194325"}
[debug-input-file] frame=8343 revision=696 scripts={"buttons":"","pointer":"","stick":"8341-8430:-0.639879:0.187079"}
[debug-input-file] frame=8352 revision=697 scripts={"buttons":"","pointer":"","stick":"8351-8440:-0.640955:-0.183361"}
[debug-input-file] frame=8365 revision=698 scripts={"buttons":"","pointer":"","stick":"8361-8450:-0.638671:-0.191165"}
[debug-input-file] frame=8373 revision=699 scripts={"buttons":"","pointer":"","stick":"8371-8460:-0.637927:-0.193633"}
[debug-input-file] frame=8382 revision=700 scripts={"buttons":"","pointer":"","stick":"8381-8470:-0.637706:-0.194360"}
[debug-input-file] frame=8395 revision=701 scripts={"buttons":"","pointer":"","stick":"8391-8480:-0.637647:-0.194553"}
[debug-input-file] frame=8404 revision=702 scripts={"buttons":"","pointer":"","stick":"8401-8490:-0.637769:-0.194154"}
[debug-input-file] frame=8413 revision=703 scripts={"buttons":"","pointer":"","stick":"8411-8500:-0.637909:-0.193693"}
[debug-input-file] frame=8422 revision=704 scripts={"buttons":"","pointer":"","stick":"8421-8510:-0.638054:-0.193214"}
[debug-input-file] frame=8431 revision=705 scripts={"buttons":"","pointer":"","stick":"8431-8520:-0.638231:-0.192629"}
[debug-input-file] frame=8445 revision=706 scripts={"buttons":"","pointer":"","stick":"8441-8530:-0.638636:-0.191282"}
[debug-input-file] frame=8454 revision=707 scripts={"buttons":"","pointer":"","stick":"8451-8540:-0.638961:-0.190193"}
[debug-input-file] frame=8464 revision=708 scripts={"buttons":"","pointer":"","stick":"8461-8550:-0.640647:0.184434"}
[debug-input-file] frame=8473 revision=709 scripts={"buttons":"","pointer":"","stick":"8471-8560:-0.638173:-0.192821"}
[debug-input-file] frame=8482 revision=710 scripts={"buttons":"","pointer":"","stick":"8481-8570:-0.628984:-0.220961"}
[debug-input-file] frame=8495 revision=711 scripts={"buttons":"","pointer":"","stick":"8491-8580:-0.616301:-0.254200"}
[debug-input-file] frame=8503 revision=712 scripts={"buttons":"","pointer":"","stick":"8501-8590:-0.606208:-0.277411"}
[debug-input-file] frame=8512 revision=713 scripts={"buttons":"","pointer":"","stick":"8511-8600:-0.593561:-0.303529"}
[debug-input-file] frame=8525 revision=714 scripts={"buttons":"","pointer":"","stick":"8521-8610:-0.579668:-0.329286"}
[debug-input-file] frame=8534 revision=715 scripts={"buttons":"","pointer":"","stick":"8531-8620:-0.566483:-0.351484"}
[debug-input-file] frame=8542 revision=716 scripts={"buttons":"","pointer":"","stick":"8541-8630:-0.566156:-0.352011"}
[debug-input-file] frame=8555 revision=717 scripts={"buttons":"","pointer":"","stick":"8551-8640:-0.565685:-0.352768"}
[debug-input-file] frame=8564 revision=718 scripts={"buttons":"","pointer":"","stick":"8561-8650:-0.558699:-0.363730"}
[debug-input-file] frame=8572 revision=719 scripts={"buttons":"","pointer":"","stick":"8571-8660:-0.547803:-0.379942"}
[debug-input-file] frame=8585 revision=720 scripts={"buttons":"","pointer":"","stick":"8581-8670:-0.541357:-0.389072"}
[debug-input-file] frame=8594 revision=721 scripts={"buttons":"","pointer":"","stick":"8591-8680:-0.537300:-0.394655"}
[debug-input-file] frame=8602 revision=722 scripts={"buttons":"","pointer":"","stick":"8601-8690:-0.532399:-0.401243"}
[debug-input-file] frame=8615 revision=723 scripts={"buttons":"","pointer":"","stick":"8611-8700:-0.524406:-0.411634"}
[debug-input-file] frame=8624 revision=724 scripts={"buttons":"","pointer":"","stick":"8621-8710:-0.512578:-0.426272"}
[debug-input-file] frame=8632 revision=725 scripts={"buttons":"","pointer":"","stick":"8631-8720:-0.497210:-0.444102"}
[debug-input-file] frame=8645 revision=726 scripts={"buttons":"","pointer":"","stick":"8641-8730:-0.479152:-0.463527"}
[debug-input-file] frame=8654 revision=727 scripts={"buttons":"","pointer":"","stick":"8651-8740:-0.460245:-0.482306"}
[debug-input-file] frame=8664 revision=728 scripts={"buttons":"","pointer":"","stick":"8661-8750:-0.443396:-0.497840"}
[debug-input-file] frame=8672 revision=729 scripts={"buttons":"","pointer":"","stick":"8671-8760:-0.431734:-0.507987"}
[debug-input-file] frame=8682 revision=730 scripts={"buttons":"","pointer":"","stick":"8681-8770:-0.423629:-0.514765"}
[debug-input-file] frame=8696 revision=731 scripts={"buttons":"","pointer":"","stick":"8691-8780:-0.417308:-0.519902"}
[debug-input-file] frame=8705 revision=732 scripts={"buttons":"","pointer":"","stick":"8701-8790:-0.414890:-0.521834"}
[debug-input-file] frame=8714 revision=733 scripts={"buttons":"","pointer":"","stick":"8711-8800:-0.413860:-0.522651"}
[debug-input-file] frame=8723 revision=734 scripts={"buttons":"","pointer":"","stick":"8721-8810:-0.411474:-0.524532"}
[debug-input-file] frame=8735 revision=735 scripts={"buttons":"","pointer":"","stick":"8731-8820:-0.383176:-0.545546"}
[debug-input-file] frame=8744 revision=736 scripts={"buttons":"","pointer":"","stick":"8741-8830:-0.373979:-0.551891"}
[debug-input-file] frame=8754 revision=737 scripts={"buttons":"","pointer":"","stick":"8751-8840:-0.388936:-0.541455"}
[debug-input-file] frame=8763 revision=738 scripts={"buttons":"","pointer":"","stick":"8761-8850:-0.395267:-0.536851"}
[debug-input-file] frame=8773 revision=739 scripts={"buttons":"","pointer":"","stick":"8771-8860:-0.391860:-0.539343"}
[debug-input-file] frame=8782 revision=740 scripts={"buttons":"","pointer":"","stick":"8781-8870:-0.339758:-0.573593"}
[debug-input-file] frame=8792 revision=741 scripts={"buttons":"","pointer":"","stick":"8791-8880:-0.324980:-0.582093"}
[debug-input-file] frame=8801 revision=742 scripts={"buttons":"","pointer":"","stick":"8801-8890:-0.336257:-0.575652"}
[debug-input-file] frame=8812 revision=743 scripts={"buttons":"","pointer":"","stick":"8811-8900:-0.345988:-0.569857"}
[debug-input-file] frame=8822 revision=744 scripts={"buttons":"","pointer":"","stick":"8821-8910:-0.281260:-0.604432"}
[debug-input-file] frame=8832 revision=745 scripts={"buttons":"","pointer":"","stick":"8831-8920:-0.274738:-0.607424"}
[debug-input-file] frame=8842 revision=746 scripts={"buttons":"","pointer":"","stick":"8841-8930:-0.249274:-0.618310"}
[debug-input-file] frame=8852 revision=747 scripts={"buttons":"","pointer":"","stick":"8851-8940:0.209909:-0.632758"}
[debug-input-file] frame=8862 revision=748 scripts={"buttons":"","pointer":"","stick":"8861-8950:0.261440:-0.613265"}
[debug-input-file] frame=8872 revision=749 scripts={"buttons":"","pointer":"","stick":"8871-8960:0.298811:-0.595950"}
[debug-input-file] frame=8886 revision=750 scripts={"buttons":"","pointer":"","stick":"8881-8970:0.347865:-0.568713"}
[debug-input-file] frame=8896 revision=751 scripts={"buttons":"","pointer":"","stick":"8891-8980:0.441174:-0.499810"}
[debug-input-file] frame=8905 revision=752 scripts={"buttons":"","pointer":"","stick":"8901-8990:0.527781:-0.407298"}
[debug-input-file] frame=8915 revision=753 scripts={"buttons":"","pointer":"","stick":"8911-9000:0.565685:-0.352768"}
[debug-input-file] frame=8924 revision=754 scripts={"buttons":"","pointer":"","stick":"8921-9010:0.591021:-0.308445"}
[debug-input-file] frame=8934 revision=755 scripts={"buttons":"","pointer":"","stick":"8931-9020:0.622997:-0.237318"}
[debug-input-file] frame=8944 revision=756 scripts={"buttons":"","pointer":"","stick":"8941-9030:0.633999:-0.206131"}
[debug-input-file] frame=8955 revision=757 scripts={"buttons":"","pointer":"","stick":"8951-9040:0.638806:-0.190711"}
[debug-input-file] frame=8965 revision=758 scripts={"buttons":"","pointer":"","stick":"8961-9050:0.635883:-0.200242"}
[debug-input-file] frame=8975 revision=759 scripts={"buttons":"","pointer":"","stick":"8971-9060:0.613285:-0.261392"}
[debug-input-file] frame=8985 revision=760 scripts={"buttons":"","pointer":"","stick":"8981-9070:0.566344:-0.351708"}
[debug-input-file] frame=8995 revision=761 scripts={"buttons":"","pointer":"","stick":"8991-9080:0.511575:-0.427476"}
[debug-input-file] frame=9005 revision=762 scripts={"buttons":"","pointer":"","stick":"9001-9090:0.424792:-0.513805"}
[debug-input-file] frame=9015 revision=763 scripts={"buttons":"","pointer":"","stick":"9011-9100:0.309678:-0.590376"}
[debug-input-file] frame=9025 revision=764 scripts={"buttons":"","pointer":"","stick":"9021-9110:-0.265946:-0.611324"}
[debug-input-file] frame=9035 revision=765 scripts={"buttons":"","pointer":"","stick":"9031-9120:-0.460519:-0.482044"}
[debug-input-file] frame=9045 revision=766 scripts={"buttons":"","pointer":"","stick":"9041-9130:-0.566156:-0.352011"}
[debug-input-file] frame=9054 revision=767 scripts={"buttons":"","pointer":"","stick":"9051-9140:-0.624174:-0.234205"}
[debug-input-file] frame=9064 revision=768 scripts={"buttons":"","pointer":"","stick":"9061-9150:-0.625926:0.229481"}
[debug-input-file] frame=9074 revision=769 scripts={"buttons":"","pointer":"","stick":"9071-9160:-0.603821:0.282568"}
[debug-input-file] frame=9084 revision=770 scripts={"buttons":"","pointer":"","stick":"9081-9170:-0.596030:0.298651"}
[debug-input-file] frame=9094 revision=771 scripts={"buttons":"","pointer":"","stick":"9091-9180:-0.604333:0.281470"}
[debug-input-file] frame=9103 revision=772 scripts={"buttons":"","pointer":"","stick":"9101-9190:-0.631649:0.213222"}
[debug-input-file] frame=9112 revision=773 scripts={"buttons":"","pointer":"","stick":"9111-9200:-0.591232:0.308040"}
[debug-input-file] frame=9122 revision=774 scripts={"buttons":"","pointer":"","stick":"9121-9210:-0.571942:0.342531"}
[debug-input-file] frame=9136 revision=775 scripts={"buttons":"","pointer":"","stick":"9131-9220:-0.602197:-0.286013"}
[debug-input-file] frame=9145 revision=776 scripts={"buttons":"","pointer":"","stick":"9141-9230:-0.531871:0.401942"}
[debug-input-file] frame=9153 revision=777 scripts={"buttons":"","pointer":"","stick":"9151-9240:-0.618965:0.247642"}
[debug-input-file] frame=9163 revision=778 scripts={"buttons":"","pointer":"","stick":"9161-9250:-0.434531:0.505596"}
[debug-input-file] frame=9172 revision=779 scripts={"buttons":"","pointer":"","stick":"9171-9260:-0.378098:0.549077"}
[debug-input-file] frame=9182 revision=780 scripts={"buttons":"","pointer":"","stick":"9181-9270:-0.338029:0.574614"}
[debug-input-file] frame=9192 revision=781 scripts={"buttons":"","pointer":"","stick":"9191-9280:-0.255675:0.615691"}
[debug-input-file] frame=9202 revision=782 scripts={"buttons":"","pointer":"","stick":"9201-9290:0.368849:0.555333"}
[debug-input-file] frame=9216 revision=783 scripts={"buttons":"","pointer":"","stick":"9211-9300:0.506368:0.433631"}
[debug-input-file] frame=9226 revision=784 scripts={"buttons":"","pointer":"","stick":"9221-9310:0.578324:0.331642"}
[debug-input-file] frame=9236 revision=785 scripts={"buttons":"","pointer":"","stick":"9231-9320:0.641288:-0.182193"}
[debug-input-file] frame=9245 revision=786 scripts={"buttons":"","pointer":"","stick":"9241-9330:0.566156:-0.352011"}
[debug-input-file] frame=9255 revision=787 scripts={"buttons":"","pointer":"","stick":"9251-9340:0.441995:-0.499084"}
[debug-input-file] frame=9265 revision=788 scripts={"buttons":"","pointer":"","stick":"9261-9350:0.295532:-0.597583"}
[debug-input-file] frame=9274 revision=789 scripts={"buttons":"","pointer":"","stick":"9271-9360:-0.266876:-0.610919"}
[debug-input-file] frame=9283 revision=790 scripts={"buttons":"","pointer":"","stick":"9281-9370:-0.424257:-0.514248"}
[debug-input-file] frame=9292 revision=791 scripts={"buttons":"","pointer":"","stick":"9291-9380:-0.566156:-0.352011"}
[debug-input-file] frame=9306 revision=792 scripts={"buttons":"","pointer":"","stick":"9301-9390:-0.624865:0.232352"}
[debug-input-file] frame=9314 revision=793 scripts={"buttons":"","pointer":"","stick":"9311-9400:-0.530724:0.403456"}
[debug-input-file] frame=9323 revision=794 scripts={"buttons":"","pointer":"","stick":"9321-9410:-0.425342:0.513350"}
[debug-input-file] frame=9332 revision=795 scripts={"buttons":"","pointer":"","stick":"9331-9420:-0.299639:0.595534"}
[debug-input-file] frame=9342 revision=796 scripts={"buttons":"","pointer":"","stick":"9341-9430:0.335707:0.575973"}
[debug-input-file] frame=9352 revision=797 scripts={"buttons":"","pointer":"","stick":"9351-9440:0.523601:0.412658"}
[debug-input-file] frame=9363 revision=798 scripts={"buttons":"","pointer":"","stick":"9361-9450:0.609831:0.269353"}
[debug-input-file] frame=9373 revision=799 scripts={"buttons":"","pointer":"","stick":"9371-9460:0.575929:-0.335783"}
[debug-input-file] frame=9383 revision=800 scripts={"buttons":"","pointer":"","stick":"9381-9470:0.423905:-0.514538"}
[debug-input-file] frame=9392 revision=801 scripts={"buttons":"","pointer":"","stick":"9391-9480:-0.211135:-0.632350"}
[debug-input-file] frame=9402 revision=802 scripts={"buttons":"","pointer":"","stick":"9401-9490:-0.396493:-0.535945"}
[debug-input-file] frame=9415 revision=803 scripts={"buttons":"","pointer":"","stick":"9411-9500:-0.565685:-0.352768"}
[debug-input-file] frame=9424 revision=804 scripts={"buttons":"","pointer":"","stick":"9421-9510:-0.589921:0.310543"}
[debug-input-file] frame=9434 revision=805 scripts={"buttons":"","pointer":"","stick":"9431-9520:-0.483453:0.459040"}
[debug-input-file] frame=9443 revision=806 scripts={"buttons":"","pointer":"","stick":"9441-9530:-0.361284:0.560284"}
[debug-input-file] frame=9454 revision=807 scripts={"buttons":"","pointer":"","stick":"9451-9540:0.000000:0.000000"}
[debug-input-file] frame=9464 revision=808 scripts={"buttons":"","pointer":"","stick":"9461-9550:0.000000:0.000000"}
[debug-input-file] frame=9474 revision=809 scripts={"buttons":"","pointer":"","stick":"9471-9560:0.000000:0.000000"}
[debug-input-file] frame=9484 revision=810 scripts={"buttons":"","pointer":"","stick":"9481-9570:0.000000:0.000000"}
[debug-input-file] frame=9494 revision=811 scripts={"buttons":"","pointer":"","stick":"9491-9580:0.000000:0.000000"}
[debug-input-file] frame=9504 revision=812 scripts={"buttons":"","pointer":"","stick":"9501-9590:0.000000:0.000000"}
[debug-input-file] frame=9513 revision=813 scripts={"buttons":"","pointer":"","stick":"9511-9600:0.000000:0.000000"}
[debug-input-file] frame=9523 revision=814 scripts={"buttons":"","pointer":"","stick":"9521-9610:0.000000:0.000000"}
[debug-input-file] frame=9533 revision=815 scripts={"buttons":"","pointer":"","stick":"9531-9620:0.000000:0.000000"}
[debug-input-file] frame=9543 revision=816 scripts={"buttons":"","pointer":"","stick":"9541-9630:0.000000:0.000000"}
[debug-input-file] frame=9553 revision=817 scripts={"buttons":"","pointer":"","stick":"9551-9640:0.000000:0.000000"}
[debug-input-file] frame=9563 revision=818 scripts={"buttons":"","pointer":"","stick":"9561-9650:0.000000:0.000000"}
[debug-input-file] frame=9573 revision=819 scripts={"buttons":"9571-9580:A","pointer":"","stick":"9571-9660:0.000000:0.000000"}
[original-process] Debug controller script frame 9573: buttons=active pointer=inactive stick=active hold=0x00000800 axes=0,0
[original-process] Debug controller script frame 9581: buttons=inactive pointer=inactive stick=active hold=0x00000000 axes=0,0
[debug-input-file] frame=9583 revision=820 scripts={"buttons":"9571-9580:A","pointer":"","stick":"9581-9670:0.000000:0.000000"}
[debug-input-file] frame=9593 revision=821 scripts={"buttons":"9571-9580:A","pointer":"","stick":"9591-9680:0.000000:0.000000"}
[debug-input-file] frame=9603 revision=822 scripts={"buttons":"9571-9580:A","pointer":"","stick":"9601-9690:0.000000:0.000000"}
[debug-input-file] frame=9614 revision=823 scripts={"buttons":"9571-9580:A","pointer":"","stick":"9611-9700:0.000000:0.000000"}
[debug-input-file] frame=9623 revision=824 scripts={"buttons":"9571-9580:A","pointer":"","stick":"9621-9710:0.000000:0.000000"}
[debug-input-file] frame=9633 revision=825 scripts={"buttons":"9571-9580:A","pointer":"","stick":"9631-9720:0.000000:0.000000"}
[debug-input-file] frame=9643 revision=826 scripts={"buttons":"9571-9580:A","pointer":"","stick":"9641-9730:0.000000:0.000000"}
[debug-input-file] frame=9653 revision=827 scripts={"buttons":"9571-9580:A","pointer":"","stick":"9651-9740:0.000000:0.000000"}
[debug-input-file] frame=9664 revision=828 scripts={"buttons":"9571-9580:A","pointer":"","stick":"9661-9750:0.000000:0.000000"}
[debug-input-file] frame=9674 revision=829 scripts={"buttons":"9571-9580:A","pointer":"","stick":"9671-9760:0.000000:0.000000"}
[debug-input-file] frame=9683 revision=830 scripts={"buttons":"9571-9580:A","pointer":"","stick":"9681-9770:0.000000:0.000000"}
[debug-input-file] frame=9693 revision=831 scripts={"buttons":"9691-9700:A","pointer":"","stick":"9691-9780:0.000000:0.000000"}
[original-process] Debug controller script frame 9693: buttons=active pointer=inactive stick=active hold=0x00000800 axes=0,0
[original-process] Debug controller script frame 9701: buttons=inactive pointer=inactive stick=active hold=0x00000000 axes=0,0
[debug-input-file] frame=9703 revision=832 scripts={"buttons":"9691-9700:A","pointer":"","stick":"9701-9790:0.000000:0.000000"}
[debug-input-file] frame=9713 revision=833 scripts={"buttons":"9691-9700:A","pointer":"","stick":"9711-9800:0.000000:0.000000"}
[debug-input-file] frame=9723 revision=834 scripts={"buttons":"9691-9700:A","pointer":"","stick":"9721-9810:0.000000:0.000000"}
[debug-input-file] frame=9734 revision=835 scripts={"buttons":"9691-9700:A","pointer":"","stick":"9731-9820:0.000000:0.000000"}
[debug-input-file] frame=9744 revision=836 scripts={"buttons":"9691-9700:A","pointer":"","stick":"9741-9830:0.000000:0.000000"}
[debug-input-file] frame=9754 revision=837 scripts={"buttons":"9691-9700:A","pointer":"","stick":"9751-9840:0.000000:0.000000"}
[debug-input-file] frame=9764 revision=838 scripts={"buttons":"9691-9700:A","pointer":"","stick":"9761-9850:0.000000:0.000000"}
[debug-input-file] frame=9774 revision=839 scripts={"buttons":"9691-9700:A","pointer":"","stick":"9771-9860:0.000000:0.000000"}
[debug-input-file] frame=9784 revision=840 scripts={"buttons":"9691-9700:A","pointer":"","stick":"9781-9870:0.000000:0.000000"}
[debug-input-file] frame=9794 revision=841 scripts={"buttons":"9691-9700:A","pointer":"","stick":"9791-9880:0.000000:0.000000"}
[debug-input-file] frame=9804 revision=842 scripts={"buttons":"9691-9700:A","pointer":"","stick":"9801-9890:0.000000:0.000000"}
[debug-input-file] frame=9814 revision=843 scripts={"buttons":"9811-9820:A","pointer":"","stick":"9811-9900:0.000000:0.000000"}
[original-process] Debug controller script frame 9814: buttons=active pointer=inactive stick=active hold=0x00000800 axes=0,0
[original-process] Debug controller script frame 9821: buttons=inactive pointer=inactive stick=active hold=0x00000000 axes=0,0
[debug-input-file] frame=9824 revision=844 scripts={"buttons":"9811-9820:A","pointer":"","stick":"9821-9910:0.000000:0.000000"}
[debug-input-file] frame=9834 revision=845 scripts={"buttons":"9811-9820:A","pointer":"","stick":"9831-9920:0.000000:0.000000"}
[debug-input-file] frame=9844 revision=846 scripts={"buttons":"9811-9820:A","pointer":"","stick":"9841-9930:0.000000:0.000000"}
[debug-input-file] frame=9854 revision=847 scripts={"buttons":"9811-9820:A","pointer":"","stick":"9851-9940:0.000000:0.000000"}
[debug-input-file] frame=9865 revision=848 scripts={"buttons":"9811-9820:A","pointer":"","stick":"9861-9950:0.000000:0.000000"}
[debug-input-file] frame=9875 revision=849 scripts={"buttons":"9811-9820:A","pointer":"","stick":"9871-9960:0.000000:0.000000"}
[debug-input-file] frame=9885 revision=850 scripts={"buttons":"9811-9820:A","pointer":"","stick":"9881-9970:0.000000:0.000000"}
[debug-input-file] frame=9895 revision=851 scripts={"buttons":"9811-9820:A","pointer":"","stick":"9891-9980:0.000000:0.000000"}
[debug-input-file] frame=9906 revision=852 scripts={"buttons":"9811-9820:A","pointer":"","stick":"9901-9990:0.000000:0.000000"}
[debug-input-file] frame=9916 revision=853 scripts={"buttons":"9811-9820:A","pointer":"","stick":"9911-10000:0.000000:0.000000"}
[debug-input-file] frame=9926 revision=854 scripts={"buttons":"9811-9820:A","pointer":"","stick":"9921-10010:0.000000:0.000000"}
[debug-input-file] frame=9936 revision=855 scripts={"buttons":"9931-9940:A","pointer":"","stick":"9931-10020:0.000000:0.000000"}
[original-process] Debug controller script frame 9936: buttons=active pointer=inactive stick=active hold=0x00000800 axes=0,0
[original-process] Debug controller script frame 9941: buttons=inactive pointer=inactive stick=active hold=0x00000000 axes=0,0
[debug-input-file] frame=9946 revision=856 scripts={"buttons":"","pointer":"","stick":"9941-10030:0.000000:0.000000"}
[debug-input-file] frame=9956 revision=857 scripts={"buttons":"","pointer":"","stick":"9951-10040:0.000000:0.000000"}
[debug-input-file] frame=9966 revision=858 scripts={"buttons":"","pointer":"","stick":"9961-10050:0.000000:0.000000"}
[debug-input-file] frame=9976 revision=859 scripts={"buttons":"","pointer":"","stick":"9971-10060:0.000000:0.000000"}
[debug-input-file] frame=9986 revision=860 scripts={"buttons":"","pointer":"","stick":"9981-10070:0.000000:0.000000"}
[debug-input-file] frame=9996 revision=861 scripts={"buttons":"","pointer":"","stick":"9991-10080:0.000000:0.000000"}
[debug-input-file] frame=10006 revision=862 scripts={"buttons":"","pointer":"","stick":"10001-10090:0.000000:0.000000"}
[debug-input-file] frame=10011 revision=863 scripts={"buttons":"","pointer":"","stick":"10011-10100:0.000000:0.000000"}
[debug-input-file] frame=10022 revision=864 scripts={"buttons":"","pointer":"","stick":"10021-10110:0.000000:0.000000"}
[debug-input-file] frame=10032 revision=865 scripts={"buttons":"","pointer":"","stick":"10031-10120:0.000000:0.000000"}
[debug-input-file] frame=10047 revision=866 scripts={"buttons":"","pointer":"","stick":"10041-10130:0.000000:0.000000"}
[debug-input-file] frame=10057 revision=867 scripts={"buttons":"","pointer":"","stick":"10051-10140:0.000000:0.000000"}
[debug-input-file] frame=10067 revision=868 scripts={"buttons":"","pointer":"","stick":"10061-10150:0.000000:0.000000"}
[debug-input-file] frame=10077 revision=869 scripts={"buttons":"","pointer":"","stick":"10071-10160:0.000000:0.000000"}
[debug-input-file] frame=10082 revision=870 scripts={"buttons":"","pointer":"","stick":"10081-10170:0.000000:0.000000"}
[debug-input-file] frame=10097 revision=871 scripts={"buttons":"","pointer":"","stick":"10091-10180:0.000000:0.000000"}
[debug-input-file] frame=10107 revision=872 scripts={"buttons":"","pointer":"","stick":"10101-10190:0.000000:0.000000"}
[debug-input-file] frame=10111 revision=873 scripts={"buttons":"","pointer":"","stick":"10111-10200:0.000000:0.000000"}
[debug-input-file] frame=10127 revision=874 scripts={"buttons":"","pointer":"","stick":"10121-10210:0.000000:0.000000"}
[debug-input-file] frame=10131 revision=875 scripts={"buttons":"","pointer":"","stick":"10131-10220:0.000000:0.000000"}
[debug-input-file] frame=10146 revision=876 scripts={"buttons":"","pointer":"","stick":"10141-10230:0.000000:0.000000"}
[debug-input-file] frame=10157 revision=877 scripts={"buttons":"","pointer":"","stick":"10151-10240:0.000000:0.000000"}
[debug-input-file] frame=10167 revision=878 scripts={"buttons":"","pointer":"","stick":"10161-10250:0.000000:0.000000"}
[debug-input-file] frame=10177 revision=879 scripts={"buttons":"","pointer":"","stick":"10171-10260:0.000000:0.000000"}
[debug-input-file] frame=10182 revision=880 scripts={"buttons":"","pointer":"","stick":"10181-10270:0.000000:0.000000"}
[debug-input-file] frame=10192 revision=881 scripts={"buttons":"","pointer":"","stick":"10191-10280:0.000000:0.000000"}
[debug-input-file] frame=10202 revision=882 scripts={"buttons":"","pointer":"","stick":"10201-10290:0.000000:0.000000"}
[debug-input-file] frame=10212 revision=883 scripts={"buttons":"","pointer":"","stick":"10211-10300:0.000000:0.000000"}
[debug-input-file] frame=10222 revision=884 scripts={"buttons":"","pointer":"","stick":"10221-10310:0.000000:0.000000"}
[debug-input-file] frame=10232 revision=885 scripts={"buttons":"","pointer":"","stick":"10231-10320:0.000000:0.000000"}
[debug-input-file] frame=10242 revision=886 scripts={"buttons":"","pointer":"","stick":"10241-10330:0.000000:0.000000"}
[debug-input-file] frame=10253 revision=887 scripts={"buttons":"","pointer":"","stick":"10251-10340:0.000000:0.000000"}
[debug-input-file] frame=10263 revision=888 scripts={"buttons":"","pointer":"","stick":"10261-10350:0.000000:0.000000"}
[debug-input-file] frame=10273 revision=889 scripts={"buttons":"","pointer":"","stick":"10271-10360:0.000000:0.000000"}
[debug-input-file] frame=10282 revision=890 scripts={"buttons":"","pointer":"","stick":"10281-10370:0.000000:0.000000"}
[debug-input-file] frame=10292 revision=891 scripts={"buttons":"","pointer":"","stick":"10291-10380:0.000000:0.000000"}
[debug-input-file] frame=10302 revision=892 scripts={"buttons":"","pointer":"","stick":"10301-10390:0.000000:0.000000"}
[debug-input-file] frame=10313 revision=893 scripts={"buttons":"","pointer":"","stick":"10311-10400:0.000000:0.000000"}
[debug-input-file] frame=10323 revision=894 scripts={"buttons":"","pointer":"","stick":"10321-10410:0.000000:0.000000"}
[debug-input-file] frame=10333 revision=895 scripts={"buttons":"","pointer":"","stick":"10331-10420:0.000000:0.000000"}
[debug-input-file] frame=10343 revision=896 scripts={"buttons":"","pointer":"","stick":"10341-10430:0.000000:0.000000"}
[debug-input-file] frame=10353 revision=897 scripts={"buttons":"","pointer":"","stick":"10351-10440:0.000000:0.000000"}
[debug-input-file] frame=10363 revision=898 scripts={"buttons":"","pointer":"","stick":"10361-10450:0.000000:0.000000"}
[debug-input-file] frame=10374 revision=899 scripts={"buttons":"","pointer":"","stick":"10371-10460:0.000000:0.000000"}
[debug-input-file] frame=10384 revision=900 scripts={"buttons":"","pointer":"","stick":"10381-10470:0.000000:0.000000"}
[debug-input-file] frame=10394 revision=901 scripts={"buttons":"","pointer":"","stick":"10391-10480:0.000000:0.000000"}
[debug-input-file] frame=10404 revision=902 scripts={"buttons":"","pointer":"","stick":"10401-10490:0.000000:0.000000"}
[debug-input-file] frame=10414 revision=903 scripts={"buttons":"","pointer":"","stick":""}
[original-process] Debug controller script frame 10414: buttons=inactive pointer=inactive stick=inactive hold=0x00000000 axes=0,0
[debug-input-file] frame=10974 revision=904 scripts={"buttons":"","pointer":"","stick":"10971-11060:-0.418829:0.518678"}
[original-process] Debug controller script frame 10974: buttons=inactive pointer=inactive stick=active hold=0x00000000 axes=-0.418829,0.518678
[debug-input-file] frame=10984 revision=905 scripts={"buttons":"","pointer":"","stick":"10981-11070:-0.342546:0.571933"}
[debug-input-file] frame=10994 revision=906 scripts={"buttons":"","pointer":"","stick":"10991-11080:-0.335737:0.575956"}
[debug-input-file] frame=11004 revision=907 scripts={"buttons":"","pointer":"","stick":"11001-11090:-0.331273:0.578535"}
[debug-input-file] frame=11013 revision=908 scripts={"buttons":"","pointer":"","stick":"11011-11100:-0.321895:0.583805"}
[debug-input-file] frame=11023 revision=909 scripts={"buttons":"","pointer":"","stick":"11021-11110:-0.311659:0.589333"}
[debug-input-file] frame=11033 revision=910 scripts={"buttons":"","pointer":"","stick":"11031-11120:-0.295561:0.597569"}
[debug-input-file] frame=11042 revision=911 scripts={"buttons":"","pointer":"","stick":"11041-11130:-0.338682:0.574229"}
[debug-input-file] frame=11052 revision=912 scripts={"buttons":"","pointer":"","stick":"11051-11140:-0.350461:0.567117"}
[debug-input-file] frame=11062 revision=913 scripts={"buttons":"","pointer":"","stick":"11061-11150:-0.309381:0.475077"}
[debug-input-file] frame=11072 revision=914 scripts={"buttons":"","pointer":"","stick":"11071-11160:0.193975:0.326630"}
[debug-input-file] frame=11086 revision=915 scripts={"buttons":"","pointer":"","stick":"11081-11170:0.102741:0.212080"}
[debug-input-file] frame=11096 revision=916 scripts={"buttons":"","pointer":"","stick":"11091-11180:0.130308:0.193557"}
[debug-input-file] frame=11105 revision=917 scripts={"buttons":"","pointer":"","stick":"11101-11190:0.082110:-0.218409"}
[debug-input-file] frame=11115 revision=918 scripts={"buttons":"","pointer":"","stick":"11111-11200:0.359976:-0.253239"}
[debug-input-file] frame=11124 revision=919 scripts={"buttons":"","pointer":"","stick":"11121-11210:0.328486:-0.198360"}
[debug-input-file] frame=11134 revision=920 scripts={"buttons":"","pointer":"","stick":"11131-11220:0.315601:-0.051897"}
[debug-input-file] frame=11143 revision=921 scripts={"buttons":"","pointer":"","stick":"11141-11230:0.290385:0.044968"}
[debug-input-file] frame=11152 revision=922 scripts={"buttons":"","pointer":"","stick":"11151-11240:0.288397:0.090131"}
[debug-input-file] frame=11161 revision=923 scripts={"buttons":"","pointer":"","stick":"11161-11250:0.306310:0.118555"}
[debug-input-file] frame=11176 revision=924 scripts={"buttons":"","pointer":"","stick":"11171-11260:0.329630:0.203290"}
[debug-input-file] frame=11185 revision=925 scripts={"buttons":"","pointer":"","stick":"11181-11270:0.366461:-0.155039"}
[debug-input-file] frame=11194 revision=926 scripts={"buttons":"","pointer":"","stick":"11191-11280:0.325911:-0.082500"}
[debug-input-file] frame=11204 revision=927 scripts={"buttons":"","pointer":"","stick":"11201-11290:0.253989:-0.095259"}
[debug-input-file] frame=11213 revision=928 scripts={"buttons":"","pointer":"","stick":"11211-11300:0.211248:-0.099090"}
[debug-input-file] frame=11223 revision=929 scripts={"buttons":"","pointer":"","stick":"11221-11310:0.201937:-0.116901"}
[debug-input-file] frame=11232 revision=930 scripts={"buttons":"","pointer":"","stick":"11231-11320:0.498005:0.177437"}
[debug-input-file] frame=11246 revision=931 scripts={"buttons":"","pointer":"","stick":"11241-11330:0.434640:0.178184"}
[debug-input-file] frame=11255 revision=932 scripts={"buttons":"","pointer":"","stick":"11251-11340:0.426303:0.182157"}
[debug-input-file] frame=11265 revision=933 scripts={"buttons":"","pointer":"","stick":"11261-11350:0.452907:0.175309"}
[debug-input-file] frame=11274 revision=934 scripts={"buttons":"","pointer":"","stick":"11271-11360:0.471290:-0.165605"}
[debug-input-file] frame=11283 revision=935 scripts={"buttons":"","pointer":"","stick":"11281-11370:0.467324:-0.177347"}
[debug-input-file] frame=11293 revision=936 scripts={"buttons":"","pointer":"","stick":"11291-11380:0.474262:-0.185785"}
[debug-input-file] frame=11302 revision=937 scripts={"buttons":"","pointer":"","stick":"11301-11390:0.476022:-0.189059"}
[debug-input-file] frame=11315 revision=938 scripts={"buttons":"","pointer":"","stick":"11311-11400:0.462084:-0.187186"}
[debug-input-file] frame=11324 revision=939 scripts={"buttons":"","pointer":"","stick":"11321-11410:0.443203:-0.185929"}
[debug-input-file] frame=11334 revision=940 scripts={"buttons":"","pointer":"","stick":"11331-11420:0.419978:-0.184807"}
[debug-input-file] frame=11343 revision=941 scripts={"buttons":"","pointer":"","stick":"11341-11430:0.371909:-0.174009"}
[debug-input-file] frame=11353 revision=942 scripts={"buttons":"","pointer":"","stick":"11351-11440:0.331321:0.153907"}
[debug-input-file] frame=11362 revision=943 scripts={"buttons":"","pointer":"","stick":"11361-11450:0.376678:0.191761"}
[debug-input-file] frame=11376 revision=944 scripts={"buttons":"","pointer":"","stick":"11371-11460:0.435972:0.212156"}
[debug-input-file] frame=11385 revision=945 scripts={"buttons":"","pointer":"","stick":"11381-11470:0.453453:0.218724"}
[debug-input-file] frame=11394 revision=946 scripts={"buttons":"","pointer":"","stick":"11391-11480:0.454082:0.212046"}
[debug-input-file] frame=11404 revision=947 scripts={"buttons":"","pointer":"","stick":"11401-11490:0.462916:0.198093"}
[debug-input-file] frame=11413 revision=948 scripts={"buttons":"","pointer":"","stick":"11411-11500:0.472085:0.186111"}
[debug-input-file] frame=11422 revision=949 scripts={"buttons":"","pointer":"","stick":"11421-11510:0.483136:0.178205"}
[debug-input-file] frame=11432 revision=950 scripts={"buttons":"","pointer":"","stick":"11431-11520:0.475894:-0.174897"}
[debug-input-file] frame=11446 revision=951 scripts={"buttons":"","pointer":"","stick":"11441-11530:0.440465:-0.189488"}
[debug-input-file] frame=11455 revision=952 scripts={"buttons":"","pointer":"","stick":"11451-11540:0.397166:-0.187889"}
[debug-input-file] frame=11464 revision=953 scripts={"buttons":"","pointer":"","stick":"11461-11550:0.368555:-0.167970"}
[debug-input-file] frame=11474 revision=954 scripts={"buttons":"","pointer":"","stick":"11471-11560:0.386060:0.156867"}
[debug-input-file] frame=11483 revision=955 scripts={"buttons":"","pointer":"","stick":"11481-11570:0.411546:0.164367"}
[debug-input-file] frame=11492 revision=956 scripts={"buttons":"","pointer":"","stick":"11491-11580:0.437724:0.168034"}
[debug-input-file] frame=11501 revision=957 scripts={"buttons":"","pointer":"","stick":"11501-11590:0.457654:-0.168546"}
[debug-input-file] frame=11515 revision=958 scripts={"buttons":"","pointer":"","stick":"11511-11600:0.445450:-0.185591"}
[debug-input-file] frame=11524 revision=959 scripts={"buttons":"","pointer":"","stick":"11521-11610:0.457729:-0.198986"}
[debug-input-file] frame=11534 revision=960 scripts={"buttons":"","pointer":"","stick":"11531-11620:0.457186:-0.202328"}
[debug-input-file] frame=11543 revision=961 scripts={"buttons":"","pointer":"","stick":"11541-11630:0.465567:-0.202868"}
[debug-input-file] frame=11552 revision=962 scripts={"buttons":"","pointer":"","stick":"11551-11640:0.445661:-0.201727"}
[debug-input-file] frame=11562 revision=963 scripts={"buttons":"","pointer":"","stick":"11561-11650:0.438975:-0.202399"}
[debug-input-file] frame=11576 revision=964 scripts={"buttons":"","pointer":"","stick":"11571-11660:0.399215:-0.192445"}
[debug-input-file] frame=11585 revision=965 scripts={"buttons":"","pointer":"","stick":"11581-11670:0.361431:-0.173016"}
[debug-input-file] frame=11594 revision=966 scripts={"buttons":"","pointer":"","stick":"11591-11680:0.340818:0.169433"}
[debug-input-file] frame=11603 revision=967 scripts={"buttons":"","pointer":"","stick":"11601-11690:0.403249:0.223769"}
[debug-input-file] frame=11612 revision=968 scripts={"buttons":"","pointer":"","stick":"11611-11700:0.435192:0.239878"}
[debug-input-file] frame=11626 revision=969 scripts={"buttons":"","pointer":"","stick":"11621-11710:0.434505:0.248243"}
[debug-input-file] frame=11636 revision=970 scripts={"buttons":"","pointer":"","stick":"11631-11720:0.432333:0.247477"}
[debug-input-file] frame=11645 revision=971 scripts={"buttons":"","pointer":"","stick":"11641-11730:0.421367:0.229384"}
[debug-input-file] frame=11654 revision=972 scripts={"buttons":"","pointer":"","stick":"11651-11740:0.455564:0.212450"}
[debug-input-file] frame=11663 revision=973 scripts={"buttons":"","pointer":"","stick":"11661-11750:0.446621:0.199946"}
[debug-input-file] frame=11672 revision=974 scripts={"buttons":"","pointer":"","stick":"11671-11760:0.456256:0.187369"}
[debug-input-file] frame=11682 revision=975 scripts={"buttons":"","pointer":"","stick":"11681-11770:0.450119:0.174884"}
[debug-input-file] frame=11696 revision=976 scripts={"buttons":"","pointer":"","stick":"11691-11780:0.429869:0.178353"}
[debug-input-file] frame=11705 revision=977 scripts={"buttons":"","pointer":"","stick":"11701-11790:0.409667:0.204203"}
[debug-input-file] frame=11714 revision=978 scripts={"buttons":"","pointer":"","stick":"11711-11800:0.432816:0.231640"}
[debug-input-file] frame=11724 revision=979 scripts={"buttons":"","pointer":"","stick":"11721-11810:0.422823:0.235748"}
[debug-input-file] frame=11733 revision=980 scripts={"buttons":"","pointer":"","stick":"11731-11820:0.430232:0.249802"}
[debug-input-file] frame=11742 revision=981 scripts={"buttons":"","pointer":"","stick":"11741-11830:0.417660:0.259049"}
[debug-input-file] frame=11756 revision=982 scripts={"buttons":"","pointer":"","stick":"11751-11840:0.409509:0.258954"}
[debug-input-file] frame=11765 revision=983 scripts={"buttons":"","pointer":"","stick":"11761-11850:0.397284:0.238961"}
[debug-input-file] frame=11774 revision=984 scripts={"buttons":"","pointer":"","stick":"11771-11860:0.437088:0.219087"}
[debug-input-file] frame=11784 revision=985 scripts={"buttons":"","pointer":"","stick":"11781-11870:0.438188:0.203640"}
[debug-input-file] frame=11793 revision=986 scripts={"buttons":"","pointer":"","stick":"11791-11880:0.451078:0.192433"}
[debug-input-file] frame=11802 revision=987 scripts={"buttons":"","pointer":"","stick":"11801-11890:0.441866:0.182700"}
[debug-input-file] frame=11816 revision=988 scripts={"buttons":"","pointer":"","stick":"11811-11900:0.428500:0.192493"}
[debug-input-file] frame=11825 revision=989 scripts={"buttons":"","pointer":"","stick":"11821-11910:0.412452:0.218794"}
[debug-input-file] frame=11835 revision=990 scripts={"buttons":"","pointer":"","stick":"11831-11920:0.420205:0.234556"}
[debug-input-file] frame=11844 revision=991 scripts={"buttons":"","pointer":"","stick":"11841-11930:0.415138:0.251861"}
[debug-input-file] frame=11854 revision=992 scripts={"buttons":"","pointer":"","stick":"11851-11940:0.400943:0.276534"}
[debug-input-file] frame=11863 revision=993 scripts={"buttons":"","pointer":"","stick":"11861-11950:0.369172:0.299374"}
[debug-input-file] frame=11872 revision=994 scripts={"buttons":"","pointer":"","stick":"11871-11960:0.331243:0.297513"}
[debug-input-file] frame=11882 revision=995 scripts={"buttons":"","pointer":"","stick":"11881-11970:0.328186:0.247450"}
[debug-input-file] frame=11895 revision=996 scripts={"buttons":"","pointer":"","stick":"11891-11980:0.288339:0.212647"}
[debug-input-file] frame=11904 revision=997 scripts={"buttons":"","pointer":"","stick":"11901-11990:0.277942:0.209013"}
[debug-input-file] frame=11914 revision=998 scripts={"buttons":"","pointer":"","stick":"11911-12000:0.290578:0.231482"}
[debug-input-file] frame=11922 revision=999 scripts={"buttons":"","pointer":"","stick":"11921-12010:0.293892:0.269140"}
[debug-input-file] frame=11932 revision=1000 scripts={"buttons":"","pointer":"","stick":"11931-12020:0.248076:0.258574"}
[debug-input-file] frame=11945 revision=1001 scripts={"buttons":"","pointer":"","stick":"11941-12030:0.189185:0.200297"}
[debug-input-file] frame=11955 revision=1002 scripts={"buttons":"","pointer":"","stick":"11951-12040:0.160500:0.169364"}
[debug-input-file] frame=11964 revision=1003 scripts={"buttons":"","pointer":"","stick":"11961-12050:0.163212:0.166752"}
[debug-input-file] frame=11974 revision=1004 scripts={"buttons":"","pointer":"","stick":"11971-12060:0.407381:0.307769"}
[debug-input-file] frame=11983 revision=1005 scripts={"buttons":"","pointer":"","stick":"11981-12070:0.367843:0.273070"}
[debug-input-file] frame=11993 revision=1006 scripts={"buttons":"","pointer":"","stick":"11991-12080:0.326805:0.210904"}
[debug-input-file] frame=12002 revision=1007 scripts={"buttons":"","pointer":"","stick":"12001-12090:0.307867:0.146458"}
[debug-input-file] frame=12011 revision=1008 scripts={"buttons":"","pointer":"","stick":"12011-12100:0.264927:0.123969"}
[debug-input-file] frame=12025 revision=1009 scripts={"buttons":"","pointer":"","stick":"12021-12110:0.226952:0.108056"}
[debug-input-file] frame=12035 revision=1010 scripts={"buttons":"","pointer":"","stick":"12031-12120:0.208565:0.104619"}
[debug-input-file] frame=12044 revision=1011 scripts={"buttons":"","pointer":"","stick":"12041-12130:0.448501:0.341828"}
[debug-input-file] frame=12053 revision=1012 scripts={"buttons":"","pointer":"","stick":"12051-12140:0.386494:0.334809"}
[debug-input-file] frame=12062 revision=1013 scripts={"buttons":"","pointer":"","stick":"12061-12150:0.328229:0.248407"}
[debug-input-file] frame=12072 revision=1014 scripts={"buttons":"","pointer":"","stick":"12071-12160:0.255898:0.197720"}
[debug-input-file] frame=12086 revision=1015 scripts={"buttons":"","pointer":"","stick":"12081-12170:0.205444:0.165705"}
[debug-input-file] frame=12095 revision=1016 scripts={"buttons":"","pointer":"","stick":"12091-12180:0.177818:0.151080"}
[debug-input-file] frame=12105 revision=1017 scripts={"buttons":"","pointer":"","stick":"12101-12190:0.418983:0.395171"}
[debug-input-file] frame=12114 revision=1018 scripts={"buttons":"","pointer":"","stick":"12111-12200:0.385887:0.357648"}
[debug-input-file] frame=12123 revision=1019 scripts={"buttons":"","pointer":"","stick":"12121-12210:0.272027:0.329386"}
[debug-input-file] frame=12133 revision=1020 scripts={"buttons":"","pointer":"","stick":"12131-12220:0.226131:0.291343"}
[debug-input-file] frame=12142 revision=1021 scripts={"buttons":"","pointer":"","stick":"12141-12230:0.225388:0.291918"}
[debug-input-file] frame=12152 revision=1022 scripts={"buttons":"","pointer":"","stick":"12151-12240:0.225378:0.291926"}
[debug-input-file] frame=12166 revision=1023 scripts={"buttons":"","pointer":"","stick":"12161-12250:0.225768:0.291624"}
[debug-input-file] frame=12175 revision=1024 scripts={"buttons":"","pointer":"","stick":"12171-12260:0.225378:0.291926"}
[debug-input-file] frame=12185 revision=1025 scripts={"buttons":"","pointer":"","stick":"12181-12270:0.225378:0.291926"}
[debug-input-file] frame=12194 revision=1026 scripts={"buttons":"","pointer":"","stick":"12191-12280:0.225768:0.291624"}
[debug-input-file] frame=12204 revision=1027 scripts={"buttons":"","pointer":"","stick":"12201-12290:0.225378:0.291926"}
[debug-input-file] frame=12213 revision=1028 scripts={"buttons":"","pointer":"","stick":"12211-12300:0.225378:0.291926"}
[debug-input-file] frame=12223 revision=1029 scripts={"buttons":"","pointer":"","stick":"12221-12310:0.225378:0.291926"}
[debug-input-file] frame=12232 revision=1030 scripts={"buttons":"","pointer":"","stick":"12231-12320:0.225768:0.291624"}
[debug-input-file] frame=12246 revision=1031 scripts={"buttons":"","pointer":"","stick":"12241-12330:0.225768:0.291624"}
[debug-input-file] frame=12255 revision=1032 scripts={"buttons":"","pointer":"","stick":"12251-12340:0.225768:0.291624"}
[debug-input-file] frame=12265 revision=1033 scripts={"buttons":"","pointer":"","stick":"12261-12350:0.225378:0.291926"}
[debug-input-file] frame=12274 revision=1034 scripts={"buttons":"","pointer":"","stick":"12271-12360:0.225378:0.291926"}
[debug-input-file] frame=12284 revision=1035 scripts={"buttons":"","pointer":"","stick":"12281-12370:0.225768:0.291624"}
[debug-input-file] frame=12293 revision=1036 scripts={"buttons":"","pointer":"","stick":"12291-12380:0.225378:0.291926"}
[debug-input-file] frame=12302 revision=1037 scripts={"buttons":"","pointer":"","stick":"12301-12390:0.225768:0.291624"}
[debug-input-file] frame=12311 revision=1038 scripts={"buttons":"","pointer":"","stick":"12311-12400:0.225378:0.291926"}
[debug-input-file] frame=12326 revision=1039 scripts={"buttons":"","pointer":"","stick":"12321-12410:0.225378:0.291926"}
[debug-input-file] frame=12335 revision=1040 scripts={"buttons":"","pointer":"","stick":"12331-12420:0.225378:0.291926"}
[debug-input-file] frame=12345 revision=1041 scripts={"buttons":"","pointer":"","stick":"12341-12430:0.225378:0.291926"}
[debug-input-file] frame=12354 revision=1042 scripts={"buttons":"","pointer":"","stick":"12351-12440:0.225378:0.291926"}
[debug-input-file] frame=12363 revision=1043 scripts={"buttons":"","pointer":"","stick":"12361-12450:0.225378:0.291926"}
[debug-input-file] frame=12373 revision=1044 scripts={"buttons":"12371-12400:A","pointer":"","stick":"12371-12460:0.225378:0.291926"}
[original-process] Debug controller script frame 12373: buttons=active pointer=inactive stick=active hold=0x00000800 axes=0.225378,0.291926
[debug-input-file] frame=12382 revision=1045 scripts={"buttons":"12371-12400:A","pointer":"","stick":"12381-12470:0.327056:0.333144"}
[debug-input-file] frame=12396 revision=1046 scripts={"buttons":"12371-12400:A","pointer":"","stick":"12391-12480:0.456850:0.485523"}
[original-process] Debug controller script frame 12401: buttons=inactive pointer=inactive stick=active hold=0x00000000 axes=0.45685,0.485523
[debug-input-file] frame=12405 revision=1047 scripts={"buttons":"12371-12400:A","pointer":"","stick":"12401-12490:0.459837:0.482695"}
[debug-input-file] frame=12414 revision=1048 scripts={"buttons":"","pointer":"","stick":"12411-12500:0.458492:0.483973"}
[debug-input-file] frame=12424 revision=1049 scripts={"buttons":"","pointer":"","stick":"12421-12510:0.449813:0.492049"}
[debug-input-file] frame=12434 revision=1050 scripts={"buttons":"","pointer":"","stick":"12431-12520:0.434925:0.505257"}
[debug-input-file] frame=12443 revision=1051 scripts={"buttons":"","pointer":"","stick":"12441-12530:0.172725:0.268980"}
[debug-input-file] frame=12453 revision=1052 scripts={"buttons":"","pointer":"","stick":"12451-12540:0.120444:0.199844"}
[debug-input-file] frame=12463 revision=1053 scripts={"buttons":"","pointer":"","stick":"12461-12550:0.119963:0.200133"}
[debug-input-file] frame=12472 revision=1054 scripts={"buttons":"","pointer":"","stick":"12471-12560:0.120202:0.199990"}
[debug-input-file] frame=12481 revision=1055 scripts={"buttons":"","pointer":"","stick":"12481-12570:0.121229:0.199369"}
[debug-input-file] frame=12496 revision=1056 scripts={"buttons":"","pointer":"","stick":"12491-12580:0.325270:0.426245"}
[debug-input-file] frame=12506 revision=1057 scripts={"buttons":"","pointer":"","stick":"12501-12590:0.308491:0.370048"}
[debug-input-file] frame=12515 revision=1058 scripts={"buttons":"","pointer":"","stick":"12511-12600:0.204551:0.326622"}
[debug-input-file] frame=12524 revision=1059 scripts={"buttons":"","pointer":"","stick":"12521-12610:0.158045:0.228574"}
[debug-input-file] frame=12533 revision=1060 scripts={"buttons":"","pointer":"","stick":"12531-12620:0.140883:0.186001"}
[debug-input-file] frame=12543 revision=1061 scripts={"buttons":"","pointer":"","stick":"12541-12630:0.148665:0.179842"}
[debug-input-file] frame=12552 revision=1062 scripts={"buttons":"","pointer":"","stick":"12551-12640:0.332841:0.414699"}
[debug-input-file] frame=12562 revision=1063 scripts={"buttons":"","pointer":"","stick":"12561-12650:0.311712:0.352044"}
[debug-input-file] frame=12572 revision=1064 scripts={"buttons":"","pointer":"","stick":"12571-12660:0.197631:0.304786"}
[debug-input-file] frame=12582 revision=1065 scripts={"buttons":"","pointer":"","stick":"12581-12670:0.162017:0.218354"}
[debug-input-file] frame=12592 revision=1066 scripts={"buttons":"","pointer":"","stick":"12591-12680:0.145535:0.182385"}
[debug-input-file] frame=12606 revision=1067 scripts={"buttons":"","pointer":"","stick":"12601-12690:0.342106:0.440085"}
[debug-input-file] frame=12615 revision=1068 scripts={"buttons":"","pointer":"","stick":"12611-12700:0.328966:0.400680"}
[debug-input-file] frame=12625 revision=1069 scripts={"buttons":"","pointer":"","stick":"12621-12710:0.276365:0.330012"}
[debug-input-file] frame=12635 revision=1070 scripts={"buttons":"","pointer":"","stick":"12631-12720:0.187692:0.267615"}
[debug-input-file] frame=12644 revision=1071 scripts={"buttons":"","pointer":"","stick":"12641-12730:0.163646:0.213729"}
[debug-input-file] frame=12653 revision=1072 scripts={"buttons":"","pointer":"","stick":"12651-12740:0.142619:-0.184673"}
[debug-input-file] frame=12663 revision=1073 scripts={"buttons":"","pointer":"","stick":"12661-12750:0.133337:-0.191483"}
[debug-input-file] frame=12673 revision=1074 scripts={"buttons":"","pointer":"","stick":"12671-12760:0.405627:-0.338961"}
[debug-input-file] frame=12683 revision=1075 scripts={"buttons":"","pointer":"","stick":"12681-12770:0.332911:-0.323581"}
[debug-input-file] frame=12693 revision=1076 scripts={"buttons":"","pointer":"","stick":"12691-12780:0.315260:-0.225349"}
[debug-input-file] frame=12702 revision=1077 scripts={"buttons":"","pointer":"","stick":"12701-12790:0.277744:-0.188408"}
[debug-input-file] frame=12712 revision=1078 scripts={"buttons":"","pointer":"","stick":"12711-12800:0.239473:-0.154271"}
[debug-input-file] frame=12726 revision=1079 scripts={"buttons":"","pointer":"","stick":"12721-12810:0.205884:-0.128885"}
[debug-input-file] frame=12736 revision=1080 scripts={"buttons":"","pointer":"","stick":"12731-12820:0.201145:-0.118259"}
[debug-input-file] frame=12745 revision=1081 scripts={"buttons":"","pointer":"","stick":"12741-12830:0.441064:-0.255440"}
[debug-input-file] frame=12755 revision=1082 scripts={"buttons":"","pointer":"","stick":"12751-12840:0.379344:-0.222398"}
[debug-input-file] frame=12765 revision=1083 scripts={"buttons":"","pointer":"","stick":"12761-12850:0.326190:-0.126400"}
[debug-input-file] frame=12775 revision=1084 scripts={"buttons":"","pointer":"","stick":"12771-12860:0.290101:-0.065472"}
[debug-input-file] frame=12784 revision=1085 scripts={"buttons":"","pointer":"","stick":"12781-12870:0.233761:-0.037471"}
[debug-input-file] frame=12794 revision=1086 scripts={"buttons":"","pointer":"","stick":"12791-12880:0.231618:-0.028238"}
[debug-input-file] frame=12804 revision=1087 scripts={"buttons":"","pointer":"","stick":"12801-12890:0.554836:-0.187084"}
[debug-input-file] frame=12814 revision=1088 scripts={"buttons":"","pointer":"","stick":"12811-12900:0.493880:-0.170679"}
[debug-input-file] frame=12824 revision=1089 scripts={"buttons":"","pointer":"","stick":"12821-12910:0.374995:0.165301"}
[debug-input-file] frame=12834 revision=1090 scripts={"buttons":"","pointer":"","stick":"12831-12920:0.263306:0.055124"}
[debug-input-file] frame=12843 revision=1091 scripts={"buttons":"","pointer":"","stick":"12841-12930:0.549874:0.248809"}
[debug-input-file] frame=12853 revision=1092 scripts={"buttons":"","pointer":"","stick":"12851-12940:0.474463:0.245101"}
[debug-input-file] frame=12863 revision=1093 scripts={"buttons":"","pointer":"","stick":"12861-12950:0.351065:0.226390"}
[debug-input-file] frame=12872 revision=1094 scripts={"buttons":"","pointer":"","stick":"12871-12960:0.281047:0.120964"}
[debug-input-file] frame=12882 revision=1095 scripts={"buttons":"","pointer":"","stick":"12881-12970:0.218157:0.102825"}
[debug-input-file] frame=12891 revision=1096 scripts={"buttons":"","pointer":"","stick":"12891-12980:0.207490:0.106736"}
[debug-input-file] frame=12906 revision=1097 scripts={"buttons":"","pointer":"","stick":"12901-12990:0.455718:0.400248"}
[debug-input-file] frame=12916 revision=1098 scripts={"buttons":"","pointer":"","stick":"12911-13000:0.414099:0.373761"}
[debug-input-file] frame=12926 revision=1099 scripts={"buttons":"","pointer":"","stick":"12921-13010:0.318971:0.332149"}
[debug-input-file] frame=12936 revision=1100 scripts={"buttons":"","pointer":"","stick":"12931-13020:0.241808:0.302126"}
[debug-input-file] frame=12945 revision=1101 scripts={"buttons":"","pointer":"","stick":"12941-13030:0.241118:0.302678"}
[debug-input-file] frame=12955 revision=1102 scripts={"buttons":"","pointer":"","stick":"12951-13040:0.240693:0.303016"}
[debug-input-file] frame=12965 revision=1103 scripts={"buttons":"","pointer":"","stick":"12961-13050:0.240692:0.303016"}
[debug-input-file] frame=12975 revision=1104 scripts={"buttons":"","pointer":"","stick":"12971-13060:0.241097:0.302694"}
[debug-input-file] frame=12985 revision=1105 scripts={"buttons":"","pointer":"","stick":"12981-13070:0.240692:0.303016"}
[debug-input-file] frame=12995 revision=1106 scripts={"buttons":"","pointer":"","stick":"12991-13080:0.240692:0.303016"}
[debug-input-file] frame=13004 revision=1107 scripts={"buttons":"","pointer":"","stick":"13001-13090:0.240692:0.303016"}
[debug-input-file] frame=13014 revision=1108 scripts={"buttons":"","pointer":"","stick":"13011-13100:0.241098:0.302694"}
[debug-input-file] frame=13024 revision=1109 scripts={"buttons":"","pointer":"","stick":"13021-13110:0.241097:0.302694"}
[debug-input-file] frame=13034 revision=1110 scripts={"buttons":"","pointer":"","stick":"13031-13120:0.241098:0.302694"}
[debug-input-file] frame=13043 revision=1111 scripts={"buttons":"","pointer":"","stick":"13041-13130:0.240692:0.303016"}
[debug-input-file] frame=13053 revision=1112 scripts={"buttons":"","pointer":"","stick":"13051-13140:0.241097:0.302694"}
[debug-input-file] frame=13063 revision=1113 scripts={"buttons":"","pointer":"","stick":"13061-13150:0.240692:0.303016"}
[debug-input-file] frame=13073 revision=1114 scripts={"buttons":"","pointer":"","stick":"13071-13160:0.241098:0.302694"}
[debug-input-file] frame=13086 revision=1115 scripts={"buttons":"","pointer":"","stick":"13081-13170:0.240692:0.303016"}
[debug-input-file] frame=13094 revision=1116 scripts={"buttons":"","pointer":"","stick":"13091-13180:0.241097:0.302694"}
[debug-input-file] frame=13104 revision=1117 scripts={"buttons":"","pointer":"","stick":"13101-13190:0.240692:0.303016"}
[debug-input-file] frame=13113 revision=1118 scripts={"buttons":"","pointer":"","stick":"13111-13200:0.240692:0.303016"}
[debug-input-file] frame=13123 revision=1119 scripts={"buttons":"","pointer":"","stick":"13121-13210:0.241097:0.302694"}
[debug-input-file] frame=13132 revision=1120 scripts={"buttons":"","pointer":"","stick":"13131-13220:0.240692:0.303016"}
[debug-input-file] frame=13142 revision=1121 scripts={"buttons":"","pointer":"","stick":"13141-13230:0.240692:0.303016"}
[debug-input-file] frame=13152 revision=1122 scripts={"buttons":"","pointer":"","stick":"13151-13240:0.240692:0.303016"}
[debug-input-file] frame=13166 revision=1123 scripts={"buttons":"","pointer":"","stick":"13161-13250:0.240692:0.303016"}
[debug-input-file] frame=13175 revision=1124 scripts={"buttons":"13171-13200:A","pointer":"","stick":"13171-13260:0.240692:0.303016"}
[original-process] Debug controller script frame 13175: buttons=active pointer=inactive stick=active hold=0x00000800 axes=0.240692,0.303016
[debug-input-file] frame=13185 revision=1125 scripts={"buttons":"13171-13200:A","pointer":"","stick":"13181-13270:0.272251:0.329398"}
[debug-input-file] frame=13195 revision=1126 scripts={"buttons":"13171-13200:A","pointer":"","stick":"13191-13280:0.460519:0.482044"}
[original-process] Debug controller script frame 13201: buttons=inactive pointer=inactive stick=active hold=0x00000000 axes=0.460519,0.482044
[debug-input-file] frame=13205 revision=1127 scripts={"buttons":"13171-13200:A","pointer":"","stick":"13201-13290:0.464333:0.478371"}
[debug-input-file] frame=13214 revision=1128 scripts={"buttons":"","pointer":"","stick":"13211-13300:0.463901:0.478790"}
[debug-input-file] frame=13224 revision=1129 scripts={"buttons":"","pointer":"","stick":"13221-13310:0.455490:0.486799"}
[debug-input-file] frame=13234 revision=1130 scripts={"buttons":"","pointer":"","stick":"13231-13320:0.442277:0.498834"}
[debug-input-file] frame=13244 revision=1131 scripts={"buttons":"","pointer":"","stick":"13241-13330:0.239413:0.327838"}
[debug-input-file] frame=13253 revision=1132 scripts={"buttons":"","pointer":"","stick":"13251-13340:0.135939:0.216859"}
[debug-input-file] frame=13263 revision=1133 scripts={"buttons":"","pointer":"","stick":"13261-13350:0.127189:0.195621"}
[debug-input-file] frame=13272 revision=1134 scripts={"buttons":"","pointer":"","stick":"13271-13360:0.128533:0.194740"}
[debug-input-file] frame=13282 revision=1135 scripts={"buttons":"","pointer":"","stick":"13281-13370:0.128910:0.194491"}
[debug-input-file] frame=13292 revision=1136 scripts={"buttons":"","pointer":"","stick":"13291-13380:0.355212:0.487860"}
[debug-input-file] frame=13301 revision=1137 scripts={"buttons":"","pointer":"","stick":"13301-13390:0.335656:0.419694"}
[debug-input-file] frame=13316 revision=1138 scripts={"buttons":"","pointer":"","stick":"13311-13400:0.260757:0.328812"}
[debug-input-file] frame=13326 revision=1139 scripts={"buttons":"","pointer":"","stick":"13321-13410:0.172625:0.226015"}
[debug-input-file] frame=13336 revision=1140 scripts={"buttons":"","pointer":"","stick":"13331-13420:0.153472:0.175758"}
[debug-input-file] frame=13345 revision=1141 scripts={"buttons":"","pointer":"","stick":"13341-13430:0.382950:0.495838"}
[debug-input-file] frame=13355 revision=1142 scripts={"buttons":"","pointer":"","stick":"13351-13440:0.372373:0.459394"}
[debug-input-file] frame=13365 revision=1143 scripts={"buttons":"","pointer":"","stick":"13361-13450:0.343521:0.371533"}
[debug-input-file] frame=13374 revision=1144 scripts={"buttons":"","pointer":"","stick":"13371-13460:0.241566:0.316433"}
[debug-input-file] frame=13384 revision=1145 scripts={"buttons":"","pointer":"","stick":"13381-13470:0.246311:0.314300"}
[debug-input-file] frame=13394 revision=1146 scripts={"buttons":"","pointer":"","stick":"13391-13480:0.246003:0.314541"}
[debug-input-file] frame=13404 revision=1147 scripts={"buttons":"","pointer":"","stick":"13401-13490:0.246006:0.314539"}
[debug-input-file] frame=13413 revision=1148 scripts={"buttons":"","pointer":"","stick":"13411-13500:0.246427:0.314209"}
[debug-input-file] frame=13423 revision=1149 scripts={"buttons":"","pointer":"","stick":"13421-13510:0.246006:0.314539"}
[debug-input-file] frame=13433 revision=1150 scripts={"buttons":"","pointer":"","stick":"13431-13520:0.246427:0.314209"}
[debug-input-file] frame=13443 revision=1151 scripts={"buttons":"","pointer":"","stick":"13441-13530:0.246427:0.314209"}
[debug-input-file] frame=13453 revision=1152 scripts={"buttons":"","pointer":"","stick":"13451-13540:0.246427:0.314209"}
[debug-input-file] frame=13463 revision=1153 scripts={"buttons":"","pointer":"","stick":"13461-13550:0.246427:0.314209"}
[debug-input-file] frame=13472 revision=1154 scripts={"buttons":"","pointer":"","stick":"13471-13560:0.246006:0.314539"}
[debug-input-file] frame=13482 revision=1155 scripts={"buttons":"","pointer":"","stick":"13481-13570:0.246006:0.314539"}
[debug-input-file] frame=13492 revision=1156 scripts={"buttons":"","pointer":"","stick":"13491-13580:0.246006:0.314539"}
[debug-input-file] frame=13502 revision=1157 scripts={"buttons":"","pointer":"","stick":"13501-13590:0.246006:0.314539"}
[debug-input-file] frame=13512 revision=1158 scripts={"buttons":"","pointer":"","stick":"13511-13600:0.246006:0.314538"}
[debug-input-file] frame=13526 revision=1159 scripts={"buttons":"","pointer":"","stick":"13521-13610:0.246427:0.314209"}
[debug-input-file] frame=13536 revision=1160 scripts={"buttons":"","pointer":"","stick":"13531-13620:0.246006:0.314539"}
[debug-input-file] frame=13546 revision=1161 scripts={"buttons":"","pointer":"","stick":"13541-13630:0.246427:0.314209"}
[debug-input-file] frame=13555 revision=1162 scripts={"buttons":"","pointer":"","stick":"13551-13640:0.246427:0.314209"}
[debug-input-file] frame=13565 revision=1163 scripts={"buttons":"","pointer":"","stick":"13561-13650:0.246006:0.314539"}
[debug-input-file] frame=13574 revision=1164 scripts={"buttons":"","pointer":"","stick":"13571-13660:0.246006:0.314538"}
[debug-input-file] frame=13584 revision=1165 scripts={"buttons":"","pointer":"","stick":"13581-13670:0.246006:0.314538"}
[debug-input-file] frame=13594 revision=1166 scripts={"buttons":"","pointer":"","stick":"13591-13680:0.246006:0.314538"}
[debug-input-file] frame=13604 revision=1167 scripts={"buttons":"","pointer":"","stick":"13601-13690:0.246006:0.314538"}
[debug-input-file] frame=13614 revision=1168 scripts={"buttons":"","pointer":"","stick":"13611-13700:0.246006:0.314538"}
[debug-input-file] frame=13623 revision=1169 scripts={"buttons":"","pointer":"","stick":"13621-13710:0.246006:0.314538"}
[debug-input-file] frame=13633 revision=1170 scripts={"buttons":"","pointer":"","stick":"13631-13720:0.246006:0.314538"}
[debug-input-file] frame=13643 revision=1171 scripts={"buttons":"","pointer":"","stick":"13641-13730:0.246006:0.314538"}
[debug-input-file] frame=13653 revision=1172 scripts={"buttons":"","pointer":"","stick":"13651-13740:0.246006:0.314538"}
[debug-input-file] frame=13662 revision=1173 scripts={"buttons":"","pointer":"","stick":"13661-13750:0.246006:0.314538"}
[debug-input-file] frame=13672 revision=1174 scripts={"buttons":"","pointer":"","stick":"13671-13760:0.246006:0.314538"}
[debug-input-file] frame=13682 revision=1175 scripts={"buttons":"","pointer":"","stick":"13681-13770:0.246006:0.314538"}
[debug-input-file] frame=13692 revision=1176 scripts={"buttons":"","pointer":"","stick":"13691-13780:0.246006:0.314538"}
[debug-input-file] frame=13702 revision=1177 scripts={"buttons":"","pointer":"","stick":"13701-13790:0.246006:0.314538"}
[debug-input-file] frame=13712 revision=1178 scripts={"buttons":"13711-13740:A","pointer":"","stick":"13711-13800:0.246006:0.314538"}
[original-process] Debug controller script frame 13712: buttons=active pointer=inactive stick=active hold=0x00000800 axes=0.246006,0.314538
[debug-input-file] frame=13722 revision=1179 scripts={"buttons":"13711-13740:A","pointer":"","stick":"13721-13810:0.361997:0.341315"}
[debug-input-file] frame=13736 revision=1180 scripts={"buttons":"13711-13740:A","pointer":"","stick":"13731-13820:0.457964:0.484472"}
[original-process] Debug controller script frame 13741: buttons=inactive pointer=inactive stick=active hold=0x00000000 axes=0.457964,0.484472
[debug-input-file] frame=13746 revision=1181 scripts={"buttons":"13711-13740:A","pointer":"","stick":"13741-13830:0.458273:0.484180"}
[debug-input-file] frame=13756 revision=1182 scripts={"buttons":"","pointer":"","stick":"13751-13840:0.454787:0.487456"}
[debug-input-file] frame=13765 revision=1183 scripts={"buttons":"","pointer":"","stick":"13761-13850:0.443579:0.497677"}
[debug-input-file] frame=13776 revision=1184 scripts={"buttons":"","pointer":"","stick":"13771-13860:0.415189:0.491108"}
[debug-input-file] frame=13786 revision=1185 scripts={"buttons":"","pointer":"","stick":"13781-13870:0.164754:0.247702"}
[debug-input-file] frame=13795 revision=1186 scripts={"buttons":"","pointer":"","stick":"13791-13880:0.155996:0.228672"}
[debug-input-file] frame=13805 revision=1187 scripts={"buttons":"","pointer":"","stick":"13801-13890:0.143937:0.207975"}
[debug-input-file] frame=13815 revision=1188 scripts={"buttons":"","pointer":"","stick":"13811-13900:0.136319:0.189371"}
[debug-input-file] frame=13824 revision=1189 scripts={"buttons":"","pointer":"","stick":"13821-13910:0.377052:0.508876"}
[debug-input-file] frame=13834 revision=1190 scripts={"buttons":"","pointer":"","stick":"13831-13920:0.357944:0.443416"}
[debug-input-file] frame=13843 revision=1191 scripts={"buttons":"","pointer":"","stick":"13841-13930:0.320784:0.332725"}
[debug-input-file] frame=13853 revision=1192 scripts={"buttons":"","pointer":"","stick":"13851-13940:0.222492:0.286079"}
[debug-input-file] frame=13863 revision=1193 scripts={"buttons":"","pointer":"","stick":"13861-13950:0.197099:0.232093"}
[debug-input-file] frame=13873 revision=1194 scripts={"buttons":"","pointer":"","stick":"13871-13960:0.172017:0.181887"}
[debug-input-file] frame=13883 revision=1195 scripts={"buttons":"","pointer":"","stick":"13881-13970:0.164512:0.165470"}
[debug-input-file] frame=13893 revision=1196 scripts={"buttons":"","pointer":"","stick":"13891-13980:0.354508:0.411119"}
[debug-input-file] frame=13903 revision=1197 scripts={"buttons":"","pointer":"","stick":"13901-13990:0.346406:0.386965"}
[debug-input-file] frame=13912 revision=1198 scripts={"buttons":"","pointer":"","stick":"13911-14000:0.283870:0.330030"}
[debug-input-file] frame=13922 revision=1199 scripts={"buttons":"","pointer":"","stick":"13921-14010:0.228760:0.304541"}
[debug-input-file] frame=13932 revision=1200 scripts={"buttons":"","pointer":"","stick":"13931-14020:0.211322:0.273770"}
[debug-input-file] frame=13942 revision=1201 scripts={"buttons":"","pointer":"","stick":"13941-14030:0.176237:0.214915"}
[debug-input-file] frame=13952 revision=1202 scripts={"buttons":"","pointer":"","stick":"13951-14040:0.154717:0.174663"}
[debug-input-file] frame=13962 revision=1203 scripts={"buttons":"","pointer":"","stick":"13961-14050:0.158398:0.171332"}
[debug-input-file] frame=13976 revision=1204 scripts={"buttons":"","pointer":"","stick":"13971-14060:0.369195:0.442906"}
[debug-input-file] frame=13986 revision=1205 scripts={"buttons":"","pointer":"","stick":"13981-14070:0.345377:0.384789"}
[debug-input-file] frame=13996 revision=1206 scripts={"buttons":"","pointer":"","stick":"13991-14080:0.247764:0.328200"}
[debug-input-file] frame=14005 revision=1207 scripts={"buttons":"","pointer":"","stick":"14001-14090:0.183218:0.215934"}
[debug-input-file] frame=14015 revision=1208 scripts={"buttons":"","pointer":"","stick":"14011-14100:0.162336:0.167605"}
[debug-input-file] frame=14025 revision=1209 scripts={"buttons":"","pointer":"","stick":"14021-14110:0.166282:0.163691"}
[debug-input-file] frame=14034 revision=1210 scripts={"buttons":"","pointer":"","stick":"14031-14120:0.414798:0.521907"}
[debug-input-file] frame=14044 revision=1211 scripts={"buttons":"","pointer":"","stick":"14041-14130:0.403331:0.484196"}
[debug-input-file] frame=14053 revision=1212 scripts={"buttons":"","pointer":"","stick":"14051-14140:0.365410:0.367329"}
[debug-input-file] frame=14063 revision=1213 scripts={"buttons":"","pointer":"","stick":"14061-14150:0.388828:0.337642"}
[debug-input-file] frame=14073 revision=1214 scripts={"buttons":"","pointer":"","stick":"14071-14160:0.393759:0.337464"}
[debug-input-file] frame=14083 revision=1215 scripts={"buttons":"","pointer":"","stick":"14081-14170:0.393132:0.337416"}
[debug-input-file] frame=14093 revision=1216 scripts={"buttons":"","pointer":"","stick":"14091-14180:0.392508:0.337368"}
[debug-input-file] frame=14102 revision=1217 scripts={"buttons":"","pointer":"","stick":"14101-14190:0.392125:0.336116"}
[debug-input-file] frame=14112 revision=1218 scripts={"buttons":"","pointer":"","stick":"14111-14200:0.388489:0.337062"}
[debug-input-file] frame=14122 revision=1219 scripts={"buttons":"","pointer":"","stick":"14121-14210:0.385906:0.336866"}
[debug-input-file] frame=14132 revision=1220 scripts={"buttons":"","pointer":"","stick":"14131-14220:0.383504:0.336684"}
[debug-input-file] frame=14142 revision=1221 scripts={"buttons":"","pointer":"","stick":"14141-14230:0.381053:0.336500"}
[debug-input-file] frame=14151 revision=1222 scripts={"buttons":"","pointer":"","stick":"14151-14240:0.378793:0.336331"}
[debug-input-file] frame=14166 revision=1223 scripts={"buttons":"","pointer":"","stick":"14161-14250:0.376606:0.336168"}
[debug-input-file] frame=14176 revision=1224 scripts={"buttons":"","pointer":"","stick":"14171-14260:0.374505:0.336012"}
[debug-input-file] frame=14185 revision=1225 scripts={"buttons":"","pointer":"","stick":"14181-14270:0.371102:0.335761"}
[debug-input-file] frame=14195 revision=1226 scripts={"buttons":"","pointer":"","stick":"14191-14280:0.369166:0.335618"}
[debug-input-file] frame=14205 revision=1227 scripts={"buttons":"","pointer":"","stick":"14201-14290:0.367293:0.335481"}
[debug-input-file] frame=14215 revision=1228 scripts={"buttons":"","pointer":"","stick":"14211-14300:0.365486:0.335350"}
[debug-input-file] frame=14225 revision=1229 scripts={"buttons":"","pointer":"","stick":"14221-14310:0.364152:0.335253"}
[debug-input-file] frame=14235 revision=1230 scripts={"buttons":"","pointer":"","stick":"14231-14320:0.363330:0.335712"}
[debug-input-file] frame=14244 revision=1231 scripts={"buttons":"","pointer":"","stick":"14241-14330:0.361064:0.335545"}
[debug-input-file] frame=14254 revision=1232 scripts={"buttons":"","pointer":"","stick":"14251-14340:0.361064:0.335545"}
[debug-input-file] frame=14264 revision=1233 scripts={"buttons":"","pointer":"","stick":"14261-14350:0.361064:0.335545"}
[debug-input-file] frame=14273 revision=1234 scripts={"buttons":"","pointer":"","stick":"14271-14360:0.361064:0.335545"}
[debug-input-file] frame=14283 revision=1235 scripts={"buttons":"","pointer":"","stick":"14281-14370:0.361064:0.335545"}
[debug-input-file] frame=14293 revision=1236 scripts={"buttons":"","pointer":"","stick":"14291-14380:0.361064:0.335545"}
[debug-input-file] frame=14303 revision=1237 scripts={"buttons":"","pointer":"","stick":"14301-14390:0.361064:0.335545"}
[debug-input-file] frame=14312 revision=1238 scripts={"buttons":"","pointer":"","stick":"14311-14400:0.361064:0.335545"}
[debug-input-file] frame=14322 revision=1239 scripts={"buttons":"","pointer":"","stick":"14321-14410:0.361064:0.335545"}
[debug-input-file] frame=14332 revision=1240 scripts={"buttons":"","pointer":"","stick":"14331-14420:0.361064:0.335545"}
[debug-input-file] frame=14342 revision=1241 scripts={"buttons":"","pointer":"","stick":"14341-14430:0.361064:0.335545"}
[debug-input-file] frame=14356 revision=1242 scripts={"buttons":"","pointer":"","stick":"14351-14440:0.361064:0.335545"}
[debug-input-file] frame=14366 revision=1243 scripts={"buttons":"","pointer":"","stick":"14361-14450:0.361064:0.335545"}
[debug-input-file] frame=14375 revision=1244 scripts={"buttons":"","pointer":"","stick":"14371-14460:0.361064:0.335545"}
[debug-input-file] frame=14385 revision=1245 scripts={"buttons":"","pointer":"","stick":"14381-14470:0.361064:0.335545"}
[debug-input-file] frame=14395 revision=1246 scripts={"buttons":"","pointer":"","stick":"14391-14480:0.361064:0.335545"}
[debug-input-file] frame=14405 revision=1247 scripts={"buttons":"","pointer":"","stick":"14401-14490:0.361064:0.335545"}
[debug-input-file] frame=14415 revision=1248 scripts={"buttons":"","pointer":"","stick":"14411-14500:0.361064:0.335545"}
[debug-input-file] frame=14424 revision=1249 scripts={"buttons":"14421-14450:A","pointer":"","stick":"14421-14510:0.361064:0.335545"}
[original-process] Debug controller script frame 14424: buttons=active pointer=inactive stick=active hold=0x00000800 axes=0.361064,0.335545
[debug-input-file] frame=14434 revision=1250 scripts={"buttons":"14421-14450:A","pointer":"","stick":"14431-14520:0.327285:0.320029"}
[debug-input-file] frame=14444 revision=1251 scripts={"buttons":"14421-14450:A","pointer":"","stick":"14441-14530:0.497957:0.443264"}
[original-process] Debug controller script frame 14451: buttons=inactive pointer=inactive stick=active hold=0x00000000 axes=0.497957,0.443264
[debug-input-file] frame=14454 revision=1252 scripts={"buttons":"14421-14450:A","pointer":"","stick":"14451-14540:0.496252:0.445172"}
[debug-input-file] frame=14464 revision=1253 scripts={"buttons":"","pointer":"","stick":"14461-14550:0.492435:0.449391"}
[debug-input-file] frame=14474 revision=1254 scripts={"buttons":"","pointer":"","stick":"14471-14560:0.481477:0.461112"}
[debug-input-file] frame=14484 revision=1255 scripts={"buttons":"","pointer":"","stick":"14481-14570:0.456610:0.460526"}
[debug-input-file] frame=14494 revision=1256 scripts={"buttons":"","pointer":"","stick":"14491-14580:0.222078:0.267221"}
[debug-input-file] frame=14504 revision=1257 scripts={"buttons":"","pointer":"","stick":"14501-14590:0.212330:0.249844"}
[debug-input-file] frame=14514 revision=1258 scripts={"buttons":"","pointer":"","stick":"14511-14600:0.192166:0.220425"}
[debug-input-file] frame=14523 revision=1259 scripts={"buttons":"","pointer":"","stick":"14521-14610:0.170624:0.186697"}
[debug-input-file] frame=14533 revision=1260 scripts={"buttons":"","pointer":"","stick":"14531-14620:0.159014:0.170760"}
[debug-input-file] frame=14543 revision=1261 scripts={"buttons":"","pointer":"","stick":"14541-14630:0.161957:0.167971"}
[debug-input-file] frame=14552 revision=1262 scripts={"buttons":"","pointer":"","stick":"14551-14640:0.365397:0.406735"}
[debug-input-file] frame=14562 revision=1263 scripts={"buttons":"","pointer":"","stick":"14561-14650:0.336209:0.334984"}
[debug-input-file] frame=14572 revision=1264 scripts={"buttons":"","pointer":"","stick":"14571-14660:0.224384:0.284299"}
[debug-input-file] frame=14582 revision=1265 scripts={"buttons":"","pointer":"","stick":"14581-14670:0.179826:0.199301"}
[debug-input-file] frame=14592 revision=1266 scripts={"buttons":"","pointer":"","stick":"14591-14680:0.162661:0.167290"}
[debug-input-file] frame=14606 revision=1267 scripts={"buttons":"","pointer":"","stick":"14601-14690:0.391358:0.453166"}
[debug-input-file] frame=14616 revision=1268 scripts={"buttons":"","pointer":"","stick":"14611-14700:0.375368:0.414480"}
[debug-input-file] frame=14626 revision=1269 scripts={"buttons":"","pointer":"","stick":"14621-14710:0.325044:0.333009"}
[debug-input-file] frame=14636 revision=1270 scripts={"buttons":"","pointer":"","stick":"14631-14720:0.225139:0.260341"}
[debug-input-file] frame=14646 revision=1271 scripts={"buttons":"","pointer":"","stick":"14641-14730:0.191472:0.200259"}
[debug-input-file] frame=14655 revision=1272 scripts={"buttons":"","pointer":"","stick":"14651-14740:0.170867:0.158899"}
[debug-input-file] frame=14665 revision=1273 scripts={"buttons":"","pointer":"","stick":"14661-14750:0.427444:0.511601"}
[debug-input-file] frame=14675 revision=1274 scripts={"buttons":"","pointer":"","stick":"14671-14760:0.431660:0.508049"}
[debug-input-file] frame=14685 revision=1275 scripts={"buttons":"","pointer":"","stick":"14681-14770:0.411463:0.426681"}
[debug-input-file] frame=14695 revision=1276 scripts={"buttons":"","pointer":"","stick":"14691-14780:0.450587:0.342642"}
[debug-input-file] frame=14705 revision=1277 scripts={"buttons":"","pointer":"","stick":"14701-14790:0.456676:0.342505"}
[debug-input-file] frame=14715 revision=1278 scripts={"buttons":"","pointer":"","stick":"14711-14800:0.457175:0.342547"}
[debug-input-file] frame=14725 revision=1279 scripts={"buttons":"","pointer":"","stick":"14721-14810:0.457142:0.342544"}
[debug-input-file] frame=14734 revision=1280 scripts={"buttons":"","pointer":"","stick":"14731-14820:0.457136:0.342543"}
[debug-input-file] frame=14744 revision=1281 scripts={"buttons":"","pointer":"","stick":"14741-14830:0.457232:0.342551"}
[debug-input-file] frame=14754 revision=1282 scripts={"buttons":"","pointer":"","stick":"14751-14840:0.457198:0.342549"}
[debug-input-file] frame=14764 revision=1283 scripts={"buttons":"","pointer":"","stick":"14761-14850:0.457192:0.342548"}
[debug-input-file] frame=14774 revision=1284 scripts={"buttons":"","pointer":"","stick":"14771-14860:0.457131:0.342543"}
[debug-input-file] frame=14783 revision=1285 scripts={"buttons":"","pointer":"","stick":"14781-14870:0.457125:0.342543"}
[debug-input-file] frame=14793 revision=1286 scripts={"buttons":"","pointer":"","stick":"14791-14880:0.457218:0.342550"}
[debug-input-file] frame=14803 revision=1287 scripts={"buttons":"","pointer":"","stick":"14801-14890:0.457182:0.342547"}
[debug-input-file] frame=14812 revision=1288 scripts={"buttons":"","pointer":"","stick":"14811-14900:0.457126:0.342543"}
[debug-input-file] frame=14822 revision=1289 scripts={"buttons":"","pointer":"","stick":"14821-14910:0.457123:0.342542"}
[debug-input-file] frame=14832 revision=1290 scripts={"buttons":"","pointer":"","stick":"14831-14920:0.457219:0.342550"}
[debug-input-file] frame=14842 revision=1291 scripts={"buttons":"","pointer":"","stick":"14841-14930:0.457184:0.342547"}
[debug-input-file] frame=14852 revision=1292 scripts={"buttons":"","pointer":"","stick":"14851-14940:0.457129:0.342543"}
[debug-input-file] frame=14862 revision=1293 scripts={"buttons":"","pointer":"","stick":"14861-14950:0.457127:0.342543"}
[debug-input-file] frame=14872 revision=1294 scripts={"buttons":"","pointer":"","stick":"14871-14960:0.457222:0.342551"}
[debug-input-file] frame=14881 revision=1295 scripts={"buttons":"","pointer":"","stick":"14881-14970:0.457188:0.342548"}
[debug-input-file] frame=14892 revision=1296 scripts={"buttons":"","pointer":"","stick":"14891-14980:0.457133:0.342543"}
[debug-input-file] frame=14906 revision=1297 scripts={"buttons":"","pointer":"","stick":"14901-14990:0.457130:0.342543"}
[debug-input-file] frame=14916 revision=1298 scripts={"buttons":"","pointer":"","stick":"14911-15000:0.457226:0.342551"}
[debug-input-file] frame=14926 revision=1299 scripts={"buttons":"","pointer":"","stick":"14921-15010:0.457191:0.342548"}
[debug-input-file] frame=14935 revision=1300 scripts={"buttons":"","pointer":"","stick":"14931-15020:0.457136:0.342543"}
[debug-input-file] frame=14945 revision=1301 scripts={"buttons":"","pointer":"","stick":"14941-15030:0.457133:0.342543"}
[debug-input-file] frame=14955 revision=1302 scripts={"buttons":"","pointer":"","stick":"14951-15040:0.457228:0.342551"}
[debug-input-file] frame=14964 revision=1303 scripts={"buttons":"14961-14990:A","pointer":"","stick":"14961-15050:0.457194:0.342548"}
[original-process] Debug controller script frame 14964: buttons=active pointer=inactive stick=active hold=0x00000800 axes=0.457194,0.342548
[debug-input-file] frame=14974 revision=1304 scripts={"buttons":"14961-14990:A","pointer":"","stick":"14971-15060:0.361134:0.312037"}
[debug-input-file] frame=14984 revision=1305 scripts={"buttons":"14961-14990:A","pointer":"","stick":"14981-15070:0.559308:0.352188"}
[original-process] Debug controller script frame 14991: buttons=inactive pointer=inactive stick=active hold=0x00000000 axes=0.559308,0.352188
[debug-input-file] frame=14993 revision=1306 scripts={"buttons":"14961-14990:A","pointer":"","stick":"14991-15080:0.565685:0.352768"}
[debug-input-file] frame=15005 revision=1307 scripts={"buttons":"","pointer":"","stick":"15001-15090:0.566156:0.352011"}
[debug-input-file] frame=15015 revision=1308 scripts={"buttons":"","pointer":"","stick":"15011-15100:0.566156:0.352011"}
[debug-input-file] frame=15025 revision=1309 scripts={"buttons":"","pointer":"","stick":"15021-15110:0.478854:0.342824"}
[debug-input-file] frame=15035 revision=1310 scripts={"buttons":"","pointer":"","stick":"15031-15120:0.322847:0.174836"}
[debug-input-file] frame=15045 revision=1311 scripts={"buttons":"","pointer":"","stick":"15041-15130:0.277505:0.138119"}
[debug-input-file] frame=15055 revision=1312 scripts={"buttons":"","pointer":"","stick":"15051-15140:0.249478:0.117403"}
[debug-input-file] frame=15064 revision=1313 scripts={"buttons":"","pointer":"","stick":"15061-15150:0.243815:0.113956"}
[debug-input-file] frame=15074 revision=1314 scripts={"buttons":"","pointer":"","stick":"15071-15160:0.212675:0.095989"}
[debug-input-file] frame=15084 revision=1315 scripts={"buttons":"","pointer":"","stick":"15081-15170:0.401166:0.370520"}
[debug-input-file] frame=15094 revision=1316 scripts={"buttons":"","pointer":"","stick":"15091-15180:0.338901:0.333957"}
[debug-input-file] frame=15103 revision=1317 scripts={"buttons":"","pointer":"","stick":"15101-15190:0.254335:0.262072"}
[debug-input-file] frame=15113 revision=1318 scripts={"buttons":"","pointer":"","stick":"15111-15200:0.204266:0.170500"}
[debug-input-file] frame=15123 revision=1319 scripts={"buttons":"","pointer":"","stick":"15121-15210:0.186619:0.140064"}
[debug-input-file] frame=15133 revision=1320 scripts={"buttons":"","pointer":"","stick":"15131-15220:0.404909:0.432673"}
[debug-input-file] frame=15142 revision=1321 scripts={"buttons":"","pointer":"","stick":"15141-15230:0.370889:0.365251"}
[debug-input-file] frame=15152 revision=1322 scripts={"buttons":"","pointer":"","stick":"15151-15240:0.261172:0.302912"}
[debug-input-file] frame=15162 revision=1323 scripts={"buttons":"","pointer":"","stick":"15161-15250:0.207699:0.209599"}
[debug-input-file] frame=15171 revision=1324 scripts={"buttons":"","pointer":"","stick":"15171-15260:0.170039:0.159785"}
[debug-input-file] frame=15186 revision=1325 scripts={"buttons":"","pointer":"","stick":"15181-15270:0.175634:0.153613"}
[debug-input-file] frame=15195 revision=1326 scripts={"buttons":"","pointer":"","stick":"15191-15280:-0.413853:0.403776"}
[debug-input-file] frame=15205 revision=1327 scripts={"buttons":"","pointer":"","stick":"15201-15290:-0.430639:0.375203"}
[debug-input-file] frame=15215 revision=1328 scripts={"buttons":"","pointer":"","stick":"15211-15300:-0.361478:0.335059"}
[debug-input-file] frame=15224 revision=1329 scripts={"buttons":"","pointer":"","stick":"15221-15310:-0.263708:0.256160"}
[debug-input-file] frame=15234 revision=1330 scripts={"buttons":"","pointer":"","stick":"15231-15320:-0.196671:0.215471"}
[debug-input-file] frame=15243 revision=1331 scripts={"buttons":"","pointer":"","stick":"15241-15330:-0.196688:0.215455"}
[debug-input-file] frame=15253 revision=1332 scripts={"buttons":"","pointer":"","stick":"15251-15340:-0.196689:0.215455"}
[debug-input-file] frame=15263 revision=1333 scripts={"buttons":"","pointer":"","stick":"15261-15350:-0.196689:0.215455"}
[debug-input-file] frame=15273 revision=1334 scripts={"buttons":"","pointer":"","stick":"15271-15360:-0.196400:0.215718"}
[debug-input-file] frame=15282 revision=1335 scripts={"buttons":"","pointer":"","stick":"15281-15370:-0.196400:0.215718"}
[debug-input-file] frame=15292 revision=1336 scripts={"buttons":"","pointer":"","stick":"15291-15380:-0.196400:0.215718"}
[debug-input-file] frame=15302 revision=1337 scripts={"buttons":"","pointer":"","stick":"15301-15390:-0.196689:0.215455"}
[debug-input-file] frame=15316 revision=1338 scripts={"buttons":"","pointer":"","stick":"15311-15400:-0.196400:0.215718"}
[debug-input-file] frame=15326 revision=1339 scripts={"buttons":"","pointer":"","stick":"15321-15410:-0.196400:0.215718"}
[debug-input-file] frame=15336 revision=1340 scripts={"buttons":"","pointer":"","stick":"15331-15420:-0.196689:0.215455"}
[debug-input-file] frame=15345 revision=1341 scripts={"buttons":"","pointer":"","stick":"15341-15430:-0.196689:0.215455"}
[debug-input-file] frame=15355 revision=1342 scripts={"buttons":"","pointer":"","stick":"15351-15440:-0.196400:0.215718"}
[debug-input-file] frame=15365 revision=1343 scripts={"buttons":"","pointer":"","stick":"15361-15450:-0.196400:0.215718"}
[debug-input-file] frame=15375 revision=1344 scripts={"buttons":"","pointer":"","stick":"15371-15460:-0.196689:0.215455"}
[debug-input-file] frame=15384 revision=1345 scripts={"buttons":"","pointer":"","stick":"15381-15470:-0.196689:0.215455"}
[debug-input-file] frame=15394 revision=1346 scripts={"buttons":"","pointer":"","stick":"15391-15480:-0.196400:0.215718"}
[debug-input-file] frame=15404 revision=1347 scripts={"buttons":"","pointer":"","stick":"15401-15490:-0.196400:0.215718"}
[debug-input-file] frame=15414 revision=1348 scripts={"buttons":"","pointer":"","stick":"15411-15500:-0.196400:0.215718"}
[debug-input-file] frame=15423 revision=1349 scripts={"buttons":"","pointer":"","stick":"15421-15510:-0.196689:0.215455"}
[debug-input-file] frame=15433 revision=1350 scripts={"buttons":"","pointer":"","stick":"15431-15520:-0.196400:0.215718"}
[debug-input-file] frame=15443 revision=1351 scripts={"buttons":"","pointer":"","stick":"15441-15530:-0.196400:0.215718"}
[debug-input-file] frame=15453 revision=1352 scripts={"buttons":"","pointer":"","stick":"15451-15540:-0.196400:0.215718"}
[debug-input-file] frame=15463 revision=1353 scripts={"buttons":"","pointer":"","stick":"15461-15550:-0.196400:0.215718"}
[debug-input-file] frame=15472 revision=1354 scripts={"buttons":"","pointer":"","stick":"15471-15560:-0.196400:0.215718"}
[debug-input-file] frame=15482 revision=1355 scripts={"buttons":"","pointer":"","stick":"15481-15570:-0.196400:0.215718"}
[debug-input-file] frame=15493 revision=1356 scripts={"buttons":"","pointer":"","stick":"15491-15580:-0.196400:0.215718"}
[debug-input-file] frame=15502 revision=1357 scripts={"buttons":"15501-15530:A","pointer":"","stick":"15501-15590:-0.196400:0.215718"}
[original-process] Debug controller script frame 15502: buttons=active pointer=inactive stick=active hold=0x00000800 axes=-0.1964,0.215718
[debug-input-file] frame=15512 revision=1358 scripts={"buttons":"15501-15530:A","pointer":"","stick":"15511-15600:-0.258062:0.280336"}
[debug-input-file] frame=15522 revision=1359 scripts={"buttons":"15501-15530:A","pointer":"","stick":"15521-15610:-0.482439:0.460105"}
[original-process] Debug controller script frame 15531: buttons=inactive pointer=inactive stick=active hold=0x00000000 axes=-0.482439,0.460105
[debug-input-file] frame=15532 revision=1360 scripts={"buttons":"15501-15530:A","pointer":"","stick":"15531-15620:-0.483458:0.459034"}
[debug-input-file] frame=15546 revision=1361 scripts={"buttons":"","pointer":"","stick":"15541-15630:-0.481903:0.460667"}
[debug-input-file] frame=15556 revision=1362 scripts={"buttons":"","pointer":"","stick":"15551-15640:-0.475819:0.466948"}
[debug-input-file] frame=15566 revision=1363 scripts={"buttons":"","pointer":"","stick":"15561-15650:-0.409849:0.394083"}
[debug-input-file] frame=15575 revision=1364 scripts={"buttons":"","pointer":"","stick":"15571-15660:-0.140595:0.186219"}
[debug-input-file] frame=15585 revision=1365 scripts={"buttons":"","pointer":"","stick":"15581-15670:-0.402501:0.328041"}
[debug-input-file] frame=15595 revision=1366 scripts={"buttons":"","pointer":"","stick":"15591-15680:-0.372658:0.305708"}
[debug-input-file] frame=15604 revision=1367 scripts={"buttons":"","pointer":"","stick":"15601-15690:-0.363399:0.301286"}
[debug-input-file] frame=15614 revision=1368 scripts={"buttons":"","pointer":"","stick":"15611-15700:-0.329238:0.261848"}
[debug-input-file] frame=15624 revision=1369 scripts={"buttons":"","pointer":"","stick":"15621-15710:-0.327263:0.224700"}
[debug-input-file] frame=15634 revision=1370 scripts={"buttons":"","pointer":"","stick":"15631-15720:-0.326961:0.215881"}
[debug-input-file] frame=15643 revision=1371 scripts={"buttons":"","pointer":"","stick":"15641-15730:-0.282543:0.269966"}
[debug-input-file] frame=15652 revision=1372 scripts={"buttons":"","pointer":"","stick":"15651-15740:-0.213768:0.326893"}
[debug-input-file] frame=15666 revision=1373 scripts={"buttons":"","pointer":"","stick":"15661-15750:0.200272:0.335289"}
[debug-input-file] frame=15675 revision=1374 scripts={"buttons":"","pointer":"","stick":"15671-15760:0.213267:0.327177"}
[debug-input-file] frame=15683 revision=1375 scripts={"buttons":"","pointer":"","stick":"15681-15770:0.213704:0.326891"}
[debug-input-file] frame=15692 revision=1376 scripts={"buttons":"","pointer":"","stick":"15691-15780:0.213704:0.326891"}
[debug-input-file] frame=15706 revision=1377 scripts={"buttons":"15701-15706:A","pointer":"","stick":"15701-15790:0.000000:0.000000"}
[original-process] Debug controller script frame 15706: buttons=active pointer=inactive stick=active hold=0x00000800 axes=0,0
[original-process] Debug controller script frame 15707: buttons=inactive pointer=inactive stick=active hold=0x00000000 axes=0,0
[debug-input-file] frame=15716 revision=1378 scripts={"buttons":"15701-15706:A","pointer":"","stick":"15711-15800:0.000000:0.000000"}
[debug-input-file] frame=15726 revision=1379 scripts={"buttons":"15701-15706:A","pointer":"","stick":"15721-15810:0.000000:0.000000"}
[debug-input-file] frame=15736 revision=1380 scripts={"buttons":"15701-15706:A","pointer":"","stick":"15731-15820:0.000000:0.000000"}
[debug-input-file] frame=15746 revision=1381 scripts={"buttons":"15701-15706:A","pointer":"","stick":"15741-15830:0.000000:0.000000"}
[debug-input-file] frame=15756 revision=1382 scripts={"buttons":"15701-15706:A","pointer":"","stick":"15751-15840:0.000000:0.000000"}
[debug-input-file] frame=15766 revision=1383 scripts={"buttons":"15701-15706:A","pointer":"","stick":"15761-15850:0.000000:0.000000"}
[debug-input-file] frame=15776 revision=1384 scripts={"buttons":"15701-15706:A","pointer":"","stick":"15771-15860:0.000000:0.000000"}
[debug-input-file] frame=15786 revision=1385 scripts={"buttons":"15701-15706:A","pointer":"","stick":"15781-15870:0.000000:0.000000"}
[debug-input-file] frame=15796 revision=1386 scripts={"buttons":"15701-15706:A","pointer":"","stick":"15791-15880:0.000000:0.000000"}
[debug-input-file] frame=15806 revision=1387 scripts={"buttons":"15801-15806:A","pointer":"","stick":"15801-15890:0.000000:0.000000"}
[original-process] Debug controller script frame 15806: buttons=active pointer=inactive stick=active hold=0x00000800 axes=0,0
[original-process] Debug controller script frame 15807: buttons=inactive pointer=inactive stick=active hold=0x00000000 axes=0,0
[debug-input-file] frame=15816 revision=1388 scripts={"buttons":"15801-15806:A","pointer":"","stick":"15811-15900:0.000000:0.000000"}
[debug-input-file] frame=15826 revision=1389 scripts={"buttons":"15801-15806:A","pointer":"","stick":"15821-15910:0.000000:0.000000"}
[debug-input-file] frame=15836 revision=1390 scripts={"buttons":"15801-15806:A","pointer":"","stick":"15831-15920:0.000000:0.000000"}
[debug-input-file] frame=15846 revision=1391 scripts={"buttons":"15801-15806:A","pointer":"","stick":"15841-15930:0.000000:0.000000"}
[debug-input-file] frame=15856 revision=1392 scripts={"buttons":"15801-15806:A","pointer":"","stick":"15851-15940:0.000000:0.000000"}
[debug-input-file] frame=15866 revision=1393 scripts={"buttons":"15801-15806:A","pointer":"","stick":"15861-15950:0.000000:0.000000"}
[debug-input-file] frame=15876 revision=1394 scripts={"buttons":"15801-15806:A","pointer":"","stick":"15871-15960:0.000000:0.000000"}
[debug-input-file] frame=15886 revision=1395 scripts={"buttons":"15801-15806:A","pointer":"","stick":"15881-15970:0.000000:0.000000"}
[debug-input-file] frame=15897 revision=1396 scripts={"buttons":"15801-15806:A","pointer":"","stick":"15891-15980:0.000000:0.000000"}
[debug-input-file] frame=15907 revision=1397 scripts={"buttons":"15901-15906:A","pointer":"","stick":"15901-15990:0.000000:0.000000"}
[debug-input-file] frame=15912 revision=1398 scripts={"buttons":"15901-15906:A","pointer":"","stick":"15911-16000:0.000000:0.000000"}
[debug-input-file] frame=15922 revision=1399 scripts={"buttons":"15901-15906:A","pointer":"","stick":"15921-16010:0.000000:0.000000"}
[debug-input-file] frame=15937 revision=1400 scripts={"buttons":"15901-15906:A","pointer":"","stick":"15931-16020:0.000000:0.000000"}
[debug-input-file] frame=15942 revision=1401 scripts={"buttons":"15901-15906:A","pointer":"","stick":"15941-16030:0.000000:0.000000"}
[debug-input-file] frame=15951 revision=1402 scripts={"buttons":"15901-15906:A","pointer":"","stick":"15951-16040:0.000000:0.000000"}
[debug-input-file] frame=15961 revision=1403 scripts={"buttons":"15901-15906:A","pointer":"","stick":"15961-16050:0.000000:0.000000"}
[debug-input-file] frame=15976 revision=1404 scripts={"buttons":"15901-15906:A","pointer":"","stick":"15971-16060:0.000000:0.000000"}
[debug-input-file] frame=15987 revision=1405 scripts={"buttons":"15901-15906:A","pointer":"","stick":"15981-16070:0.000000:0.000000"}
[debug-input-file] frame=15991 revision=1406 scripts={"buttons":"15901-15906:A","pointer":"","stick":"15991-16080:0.000000:0.000000"}
[debug-input-file] frame=16002 revision=1407 scripts={"buttons":"16001-16006:A","pointer":"","stick":"16001-16090:0.000000:0.000000"}
[original-process] Debug controller script frame 16002: buttons=active pointer=inactive stick=active hold=0x00000800 axes=0,0
[original-process] Debug controller script frame 16007: buttons=inactive pointer=inactive stick=active hold=0x00000000 axes=0,0
[debug-input-file] frame=16012 revision=1408 scripts={"buttons":"16001-16006:A","pointer":"","stick":"16011-16100:0.000000:0.000000"}
[debug-input-file] frame=16022 revision=1409 scripts={"buttons":"16001-16006:A","pointer":"","stick":"16021-16110:0.000000:0.000000"}
[debug-input-file] frame=16032 revision=1410 scripts={"buttons":"16001-16006:A","pointer":"","stick":"16031-16120:0.000000:0.000000"}
[debug-input-file] frame=16041 revision=1411 scripts={"buttons":"16001-16006:A","pointer":"","stick":"16041-16130:0.000000:0.000000"}
[debug-input-file] frame=16052 revision=1412 scripts={"buttons":"16001-16006:A","pointer":"","stick":"16051-16140:0.000000:0.000000"}
[debug-input-file] frame=16062 revision=1413 scripts={"buttons":"16001-16006:A","pointer":"","stick":"16061-16150:0.000000:0.000000"}
[debug-input-file] frame=16072 revision=1414 scripts={"buttons":"16001-16006:A","pointer":"","stick":"16071-16160:0.000000:0.000000"}
[debug-input-file] frame=16083 revision=1415 scripts={"buttons":"16001-16006:A","pointer":"","stick":"16081-16170:0.000000:0.000000"}
[debug-input-file] frame=16093 revision=1416 scripts={"buttons":"16001-16006:A","pointer":"","stick":"16091-16180:0.000000:0.000000"}
[debug-input-file] frame=16103 revision=1417 scripts={"buttons":"16101-16106:A","pointer":"","stick":"16101-16190:0.000000:0.000000"}
[original-process] Debug controller script frame 16103: buttons=active pointer=inactive stick=active hold=0x00000800 axes=0,0
[original-process] Debug controller script frame 16107: buttons=inactive pointer=inactive stick=active hold=0x00000000 axes=0,0
[debug-input-file] frame=16113 revision=1418 scripts={"buttons":"16101-16106:A","pointer":"","stick":"16111-16200:0.000000:0.000000"}
[debug-input-file] frame=16123 revision=1419 scripts={"buttons":"16101-16106:A","pointer":"","stick":"16121-16210:0.000000:0.000000"}
[debug-input-file] frame=16133 revision=1420 scripts={"buttons":"16101-16106:A","pointer":"","stick":"16131-16220:0.000000:0.000000"}
[debug-input-file] frame=16143 revision=1421 scripts={"buttons":"16101-16106:A","pointer":"","stick":"16141-16230:0.000000:0.000000"}
[debug-input-file] frame=16153 revision=1422 scripts={"buttons":"16101-16106:A","pointer":"","stick":"16151-16240:0.000000:0.000000"}
[debug-input-file] frame=16163 revision=1423 scripts={"buttons":"16101-16106:A","pointer":"","stick":"16161-16250:0.000000:0.000000"}
[debug-input-file] frame=16173 revision=1424 scripts={"buttons":"16101-16106:A","pointer":"","stick":"16171-16260:0.000000:0.000000"}
[debug-input-file] frame=16183 revision=1425 scripts={"buttons":"16101-16106:A","pointer":"","stick":"16181-16270:0.000000:0.000000"}
[debug-input-file] frame=16193 revision=1426 scripts={"buttons":"16101-16106:A","pointer":"","stick":"16191-16280:0.000000:0.000000"}
[debug-input-file] frame=16203 revision=1427 scripts={"buttons":"16201-16206:A","pointer":"","stick":"16201-16290:0.000000:0.000000"}
[original-process] Debug controller script frame 16203: buttons=active pointer=inactive stick=active hold=0x00000800 axes=0,0
[original-process] Debug controller script frame 16207: buttons=inactive pointer=inactive stick=active hold=0x00000000 axes=0,0
[debug-input-file] frame=16213 revision=1428 scripts={"buttons":"16201-16206:A","pointer":"","stick":"16211-16300:0.000000:0.000000"}
[debug-input-file] frame=16223 revision=1429 scripts={"buttons":"16201-16206:A","pointer":"","stick":"16221-16310:0.000000:0.000000"}
[debug-input-file] frame=16234 revision=1430 scripts={"buttons":"16201-16206:A","pointer":"","stick":"16231-16320:0.000000:0.000000"}
[debug-input-file] frame=16244 revision=1431 scripts={"buttons":"16201-16206:A","pointer":"","stick":"16241-16330:0.000000:0.000000"}
[debug-input-file] frame=16254 revision=1432 scripts={"buttons":"16201-16206:A","pointer":"","stick":"16251-16340:0.000000:0.000000"}
[debug-input-file] frame=16264 revision=1433 scripts={"buttons":"16201-16206:A","pointer":"","stick":"16261-16350:0.000000:0.000000"}
[debug-input-file] frame=16274 revision=1434 scripts={"buttons":"16201-16206:A","pointer":"","stick":"16271-16360:0.000000:0.000000"}
[debug-input-file] frame=16284 revision=1435 scripts={"buttons":"16201-16206:A","pointer":"","stick":"16281-16370:0.000000:0.000000"}
[debug-input-file] frame=16294 revision=1436 scripts={"buttons":"16201-16206:A","pointer":"","stick":"16291-16380:0.000000:0.000000"}
[debug-input-file] frame=16304 revision=1437 scripts={"buttons":"16301-16306:A","pointer":"","stick":"16301-16390:0.000000:0.000000"}
[original-process] Debug controller script frame 16304: buttons=active pointer=inactive stick=active hold=0x00000800 axes=0,0
[original-process] Debug controller script frame 16307: buttons=inactive pointer=inactive stick=active hold=0x00000000 axes=0,0
[debug-input-file] frame=16314 revision=1438 scripts={"buttons":"16301-16306:A","pointer":"","stick":"16311-16400:0.000000:0.000000"}
[debug-input-file] frame=16325 revision=1439 scripts={"buttons":"16301-16306:A","pointer":"","stick":"16321-16410:0.000000:0.000000"}
[debug-input-file] frame=16335 revision=1440 scripts={"buttons":"16301-16306:A","pointer":"","stick":"16331-16420:0.000000:0.000000"}
[debug-input-file] frame=16345 revision=1441 scripts={"buttons":"16301-16306:A","pointer":"","stick":"16341-16430:0.000000:0.000000"}
[debug-input-file] frame=16355 revision=1442 scripts={"buttons":"16301-16306:A","pointer":"","stick":"16351-16440:0.000000:0.000000"}
[debug-input-file] frame=16365 revision=1443 scripts={"buttons":"16301-16306:A","pointer":"","stick":"16361-16450:0.000000:0.000000"}
[debug-input-file] frame=16375 revision=1444 scripts={"buttons":"16301-16306:A","pointer":"","stick":"16371-16460:0.000000:0.000000"}
[debug-input-file] frame=16385 revision=1445 scripts={"buttons":"16301-16306:A","pointer":"","stick":"16381-16470:0.000000:0.000000"}
[debug-input-file] frame=16396 revision=1446 scripts={"buttons":"16301-16306:A","pointer":"","stick":"16391-16480:0.000000:0.000000"}
[debug-input-file] frame=16405 revision=1447 scripts={"buttons":"16401-16406:A","pointer":"","stick":"16401-16490:0.000000:0.000000"}
[original-process] Debug controller script frame 16405: buttons=active pointer=inactive stick=active hold=0x00000800 axes=0,0
[original-process] Debug controller script frame 16407: buttons=inactive pointer=inactive stick=active hold=0x00000000 axes=0,0
[debug-input-file] frame=16416 revision=1448 scripts={"buttons":"16401-16406:A","pointer":"","stick":"16411-16500:0.000000:0.000000"}
[debug-input-file] frame=16426 revision=1449 scripts={"buttons":"16401-16406:A","pointer":"","stick":"16421-16510:0.000000:0.000000"}
[debug-input-file] frame=16436 revision=1450 scripts={"buttons":"16401-16406:A","pointer":"","stick":"16431-16520:0.000000:0.000000"}
[debug-input-file] frame=16446 revision=1451 scripts={"buttons":"16401-16406:A","pointer":"","stick":"16441-16530:0.000000:0.000000"}
[debug-input-file] frame=16456 revision=1452 scripts={"buttons":"16401-16406:A","pointer":"","stick":"16451-16540:0.000000:0.000000"}
[debug-input-file] frame=16466 revision=1453 scripts={"buttons":"16401-16406:A","pointer":"","stick":"16461-16550:0.000000:0.000000"}
[debug-input-file] frame=16476 revision=1454 scripts={"buttons":"16401-16406:A","pointer":"","stick":"16471-16560:0.000000:0.000000"}
[debug-input-file] frame=16487 revision=1455 scripts={"buttons":"16401-16406:A","pointer":"","stick":"16481-16570:0.000000:0.000000"}
[debug-input-file] frame=16497 revision=1456 scripts={"buttons":"16401-16406:A","pointer":"","stick":"16491-16580:0.000000:0.000000"}
[debug-input-file] frame=16507 revision=1457 scripts={"buttons":"16501-16506:A","pointer":"","stick":"16501-16590:0.000000:0.000000"}
[debug-input-file] frame=16517 revision=1458 scripts={"buttons":"16501-16506:A","pointer":"","stick":"16511-16600:0.000000:0.000000"}
[debug-input-file] frame=16521 revision=1459 scripts={"buttons":"16501-16506:A","pointer":"","stick":"16521-16610:0.000000:0.000000"}
[debug-input-file] frame=16532 revision=1460 scripts={"buttons":"16501-16506:A","pointer":"","stick":"16531-16620:0.000000:0.000000"}
[debug-input-file] frame=16542 revision=1461 scripts={"buttons":"16501-16506:A","pointer":"","stick":"16541-16630:0.000000:0.000000"}
[debug-input-file] frame=16552 revision=1462 scripts={"buttons":"16501-16506:A","pointer":"","stick":"16551-16640:0.000000:0.000000"}
[debug-input-file] frame=16562 revision=1463 scripts={"buttons":"16501-16506:A","pointer":"","stick":"16561-16650:0.000000:0.000000"}
[debug-input-file] frame=16572 revision=1464 scripts={"buttons":"16501-16506:A","pointer":"","stick":"16571-16660:0.000000:0.000000"}
[debug-input-file] frame=16582 revision=1465 scripts={"buttons":"16501-16506:A","pointer":"","stick":"16581-16670:0.000000:0.000000"}
[debug-input-file] frame=16593 revision=1466 scripts={"buttons":"16501-16506:A","pointer":"","stick":"16591-16680:0.000000:0.000000"}
[debug-input-file] frame=16603 revision=1467 scripts={"buttons":"16601-16606:A","pointer":"","stick":"16601-16690:0.000000:0.000000"}
[original-process] Debug controller script frame 16603: buttons=active pointer=inactive stick=active hold=0x00000800 axes=0,0
[original-process] Debug controller script frame 16607: buttons=inactive pointer=inactive stick=active hold=0x00000000 axes=0,0
[debug-input-file] frame=16613 revision=1468 scripts={"buttons":"16601-16606:A","pointer":"","stick":"16611-16700:0.000000:0.000000"}
[debug-input-file] frame=16623 revision=1469 scripts={"buttons":"16601-16606:A","pointer":"","stick":"16621-16710:0.000000:0.000000"}
[debug-input-file] frame=16633 revision=1470 scripts={"buttons":"16601-16606:A","pointer":"","stick":"16631-16720:0.000000:0.000000"}
[debug-input-file] frame=16643 revision=1471 scripts={"buttons":"16601-16606:A","pointer":"","stick":"16641-16730:0.000000:0.000000"}
[debug-input-file] frame=16654 revision=1472 scripts={"buttons":"16601-16606:A","pointer":"","stick":"16651-16740:0.000000:0.000000"}
[debug-input-file] frame=16664 revision=1473 scripts={"buttons":"16601-16606:A","pointer":"","stick":"16661-16750:0.000000:0.000000"}
[debug-input-file] frame=16674 revision=1474 scripts={"buttons":"16601-16606:A","pointer":"","stick":"16671-16760:0.000000:0.000000"}
[debug-input-file] frame=16684 revision=1475 scripts={"buttons":"16601-16606:A","pointer":"","stick":"16681-16770:0.000000:0.000000"}
[debug-input-file] frame=16694 revision=1476 scripts={"buttons":"16601-16606:A","pointer":"","stick":"16691-16780:0.000000:0.000000"}
[debug-input-file] frame=16704 revision=1477 scripts={"buttons":"16701-16706:A","pointer":"","stick":"16701-16790:0.000000:0.000000"}
[original-process] Debug controller script frame 16704: buttons=active pointer=inactive stick=active hold=0x00000800 axes=0,0
[original-process] Debug controller script frame 16707: buttons=inactive pointer=inactive stick=active hold=0x00000000 axes=0,0
[debug-input-file] frame=16712 revision=1478 scripts={"buttons":"16701-16706:A","pointer":"","stick":"16711-16800:0.000000:0.000000"}
[debug-input-file] frame=16722 revision=1479 scripts={"buttons":"16701-16706:A","pointer":"","stick":"16721-16810:0.000000:0.000000"}
[debug-input-file] frame=16732 revision=1480 scripts={"buttons":"16701-16706:A","pointer":"","stick":"16731-16820:0.000000:0.000000"}
[debug-input-file] frame=16742 revision=1481 scripts={"buttons":"16701-16706:A","pointer":"","stick":"16741-16830:0.000000:0.000000"}
[debug-input-file] frame=16752 revision=1482 scripts={"buttons":"16701-16706:A","pointer":"","stick":"16751-16840:0.000000:0.000000"}
[debug-input-file] frame=16762 revision=1483 scripts={"buttons":"16701-16706:A","pointer":"","stick":"16761-16850:0.000000:0.000000"}
[debug-input-file] frame=16773 revision=1484 scripts={"buttons":"16701-16706:A","pointer":"","stick":"16771-16860:0.000000:0.000000"}
[debug-input-file] frame=16783 revision=1485 scripts={"buttons":"16701-16706:A","pointer":"","stick":"16781-16870:0.000000:0.000000"}
[debug-input-file] frame=16793 revision=1486 scripts={"buttons":"16701-16706:A","pointer":"","stick":"16791-16880:0.000000:0.000000"}
[debug-input-file] frame=16803 revision=1487 scripts={"buttons":"16801-16806:A","pointer":"","stick":"16801-16890:0.000000:0.000000"}
[original-process] Debug controller script frame 16803: buttons=active pointer=inactive stick=active hold=0x00000800 axes=0,0
[original-process] Debug controller script frame 16807: buttons=inactive pointer=inactive stick=active hold=0x00000000 axes=0,0
[debug-input-file] frame=16813 revision=1488 scripts={"buttons":"16801-16806:A","pointer":"","stick":"16811-16900:0.000000:0.000000"}
[debug-input-file] frame=16823 revision=1489 scripts={"buttons":"16801-16806:A","pointer":"","stick":"16821-16910:0.000000:0.000000"}
[debug-input-file] frame=16833 revision=1490 scripts={"buttons":"16801-16806:A","pointer":"","stick":"16831-16920:0.000000:0.000000"}
[debug-input-file] frame=16843 revision=1491 scripts={"buttons":"16801-16806:A","pointer":"","stick":"16841-16930:0.000000:0.000000"}
[debug-input-file] frame=16853 revision=1492 scripts={"buttons":"16801-16806:A","pointer":"","stick":"16851-16940:0.000000:0.000000"}
[debug-input-file] frame=16863 revision=1493 scripts={"buttons":"16801-16806:A","pointer":"","stick":"16861-16950:0.000000:0.000000"}
[debug-input-file] frame=16873 revision=1494 scripts={"buttons":"16801-16806:A","pointer":"","stick":"16871-16960:0.000000:0.000000"}
[debug-input-file] frame=16883 revision=1495 scripts={"buttons":"16801-16806:A","pointer":"","stick":"16881-16970:0.000000:0.000000"}
[debug-input-file] frame=16893 revision=1496 scripts={"buttons":"16801-16806:A","pointer":"","stick":"16891-16980:0.000000:0.000000"}
[debug-input-file] frame=16903 revision=1497 scripts={"buttons":"16901-16906:A","pointer":"","stick":"16901-16990:0.000000:0.000000"}
[original-process] Debug controller script frame 16903: buttons=active pointer=inactive stick=active hold=0x00000800 axes=0,0
[original-process] Debug controller script frame 16907: buttons=inactive pointer=inactive stick=active hold=0x00000000 axes=0,0
[debug-input-file] frame=16913 revision=1498 scripts={"buttons":"16901-16906:A","pointer":"","stick":"16911-17000:0.000000:0.000000"}
[debug-input-file] frame=16923 revision=1499 scripts={"buttons":"16901-16906:A","pointer":"","stick":"16921-17010:0.000000:0.000000"}
[debug-input-file] frame=16933 revision=1500 scripts={"buttons":"16901-16906:A","pointer":"","stick":"16931-17020:0.000000:0.000000"}
[debug-input-file] frame=16943 revision=1501 scripts={"buttons":"16901-16906:A","pointer":"","stick":"16941-17030:0.000000:0.000000"}
[debug-input-file] frame=16953 revision=1502 scripts={"buttons":"16901-16906:A","pointer":"","stick":"16951-17040:0.000000:0.000000"}
[debug-input-file] frame=16963 revision=1503 scripts={"buttons":"16901-16906:A","pointer":"","stick":"16961-17050:0.000000:0.000000"}
[debug-input-file] frame=16974 revision=1504 scripts={"buttons":"16901-16906:A","pointer":"","stick":"16971-17060:0.000000:0.000000"}
[debug-input-file] frame=16983 revision=1505 scripts={"buttons":"16901-16906:A","pointer":"","stick":"16981-17070:0.000000:0.000000"}
[debug-input-file] frame=16994 revision=1506 scripts={"buttons":"16901-16906:A","pointer":"","stick":"16991-17080:0.000000:0.000000"}
[debug-input-file] frame=17004 revision=1507 scripts={"buttons":"17001-17006:A","pointer":"","stick":"17001-17090:0.000000:0.000000"}
[original-process] Debug controller script frame 17004: buttons=active pointer=inactive stick=active hold=0x00000800 axes=0,0
[original-process] Debug controller script frame 17007: buttons=inactive pointer=inactive stick=active hold=0x00000000 axes=0,0
[debug-input-file] frame=17014 revision=1508 scripts={"buttons":"17001-17006:A","pointer":"","stick":"17011-17100:0.000000:0.000000"}
[debug-input-file] frame=17024 revision=1509 scripts={"buttons":"17001-17006:A","pointer":"","stick":"17021-17110:0.000000:0.000000"}
[debug-input-file] frame=17034 revision=1510 scripts={"buttons":"17001-17006:A","pointer":"","stick":"17031-17120:0.000000:0.000000"}
[debug-input-file] frame=17043 revision=1511 scripts={"buttons":"17001-17006:A","pointer":"","stick":"17041-17130:0.000000:0.000000"}
[debug-input-file] frame=17053 revision=1512 scripts={"buttons":"17001-17006:A","pointer":"","stick":"17051-17140:0.000000:0.000000"}
[debug-input-file] frame=17063 revision=1513 scripts={"buttons":"17001-17006:A","pointer":"","stick":"17061-17150:0.000000:0.000000"}
[debug-input-file] frame=17073 revision=1514 scripts={"buttons":"17001-17006:A","pointer":"","stick":"17071-17160:0.000000:0.000000"}
[debug-input-file] frame=17083 revision=1515 scripts={"buttons":"17001-17006:A","pointer":"","stick":"17081-17170:0.000000:0.000000"}
[debug-input-file] frame=17093 revision=1516 scripts={"buttons":"17001-17006:A","pointer":"","stick":"17091-17180:0.000000:0.000000"}
[debug-input-file] frame=17103 revision=1517 scripts={"buttons":"17101-17106:A","pointer":"","stick":"17101-17190:0.000000:0.000000"}
[original-process] Debug controller script frame 17103: buttons=active pointer=inactive stick=active hold=0x00000800 axes=0,0
[original-process] Debug controller script frame 17107: buttons=inactive pointer=inactive stick=active hold=0x00000000 axes=0,0
[debug-input-file] frame=17113 revision=1518 scripts={"buttons":"17101-17106:A","pointer":"","stick":"17111-17200:0.000000:0.000000"}
[debug-input-file] frame=17123 revision=1519 scripts={"buttons":"17101-17106:A","pointer":"","stick":"17121-17210:0.000000:0.000000"}
[debug-input-file] frame=17134 revision=1520 scripts={"buttons":"17101-17106:A","pointer":"","stick":"17131-17220:0.000000:0.000000"}
[debug-input-file] frame=17144 revision=1521 scripts={"buttons":"17101-17106:A","pointer":"","stick":"17141-17230:0.000000:0.000000"}
[debug-input-file] frame=17154 revision=1522 scripts={"buttons":"17101-17106:A","pointer":"","stick":"17151-17240:0.000000:0.000000"}
[debug-input-file] frame=17164 revision=1523 scripts={"buttons":"17101-17106:A","pointer":"","stick":"17161-17250:0.000000:0.000000"}
[debug-input-file] frame=17174 revision=1524 scripts={"buttons":"17101-17106:A","pointer":"","stick":"17171-17260:0.000000:0.000000"}
[debug-input-file] frame=17184 revision=1525 scripts={"buttons":"17101-17106:A","pointer":"","stick":"17181-17270:0.000000:0.000000"}
[debug-input-file] frame=17194 revision=1526 scripts={"buttons":"17101-17106:A","pointer":"","stick":"17191-17280:0.000000:0.000000"}
[debug-input-file] frame=17204 revision=1527 scripts={"buttons":"17201-17206:A","pointer":"","stick":"17201-17290:0.000000:0.000000"}
[original-process] Debug controller script frame 17204: buttons=active pointer=inactive stick=active hold=0x00000800 axes=0,0
[original-process] Debug controller script frame 17207: buttons=inactive pointer=inactive stick=active hold=0x00000000 axes=0,0
[debug-input-file] frame=17215 revision=1528 scripts={"buttons":"17201-17206:A","pointer":"","stick":"17211-17300:0.000000:0.000000"}
[debug-input-file] frame=17224 revision=1529 scripts={"buttons":"17201-17206:A","pointer":"","stick":"17221-17310:0.000000:0.000000"}
[debug-input-file] frame=17234 revision=1530 scripts={"buttons":"17201-17206:A","pointer":"","stick":"17231-17320:0.000000:0.000000"}
[debug-input-file] frame=17244 revision=1531 scripts={"buttons":"17201-17206:A","pointer":"","stick":"17241-17330:0.000000:0.000000"}
[debug-input-file] frame=17254 revision=1532 scripts={"buttons":"17201-17206:A","pointer":"","stick":"17251-17340:0.000000:0.000000"}
[debug-input-file] frame=17264 revision=1533 scripts={"buttons":"17201-17206:A","pointer":"","stick":"17261-17350:0.000000:0.000000"}
[debug-input-file] frame=17274 revision=1534 scripts={"buttons":"17201-17206:A","pointer":"","stick":"17271-17360:0.000000:0.000000"}
[debug-input-file] frame=17284 revision=1535 scripts={"buttons":"17201-17206:A","pointer":"","stick":"17281-17370:0.000000:0.000000"}
[debug-input-file] frame=17294 revision=1536 scripts={"buttons":"17201-17206:A","pointer":"","stick":"17291-17380:0.000000:0.000000"}
[debug-input-file] frame=17304 revision=1537 scripts={"buttons":"17301-17306:A","pointer":"","stick":"17301-17390:0.000000:0.000000"}
[original-process] Debug controller script frame 17304: buttons=active pointer=inactive stick=active hold=0x00000800 axes=0,0
[original-process] Debug controller script frame 17307: buttons=inactive pointer=inactive stick=active hold=0x00000000 axes=0,0
[debug-input-file] frame=17314 revision=1538 scripts={"buttons":"17301-17306:A","pointer":"","stick":"17311-17400:0.000000:0.000000"}
[debug-input-file] frame=17324 revision=1539 scripts={"buttons":"17301-17306:A","pointer":"","stick":"17321-17410:0.000000:0.000000"}
[debug-input-file] frame=17334 revision=1540 scripts={"buttons":"17301-17306:A","pointer":"","stick":"17331-17420:0.000000:0.000000"}
[debug-input-file] frame=17344 revision=1541 scripts={"buttons":"17301-17306:A","pointer":"","stick":"17341-17430:0.000000:0.000000"}
[debug-input-file] frame=17354 revision=1542 scripts={"buttons":"17301-17306:A","pointer":"","stick":"17351-17440:0.000000:0.000000"}
[debug-input-file] frame=17364 revision=1543 scripts={"buttons":"17301-17306:A","pointer":"","stick":"17361-17450:0.000000:0.000000"}
[debug-input-file] frame=17372 revision=1544 scripts={"buttons":"17301-17306:A","pointer":"","stick":"17371-17460:0.000000:0.000000"}
[debug-input-file] frame=17387 revision=1545 scripts={"buttons":"17301-17306:A","pointer":"","stick":"17381-17470:0.000000:0.000000"}
[debug-input-file] frame=17392 revision=1546 scripts={"buttons":"17301-17306:A","pointer":"","stick":"17391-17480:0.000000:0.000000"}
[debug-input-file] frame=17401 revision=1547 scripts={"buttons":"17401-17406:A","pointer":"","stick":"17401-17490:0.000000:0.000000"}
[original-process] Debug controller script frame 17401: buttons=active pointer=inactive stick=active hold=0x00000800 axes=0,0
[original-process] Debug controller script frame 17407: buttons=inactive pointer=inactive stick=active hold=0x00000000 axes=0,0
[debug-input-file] frame=17417 revision=1548 scripts={"buttons":"17401-17406:A","pointer":"","stick":"17411-17500:0.000000:0.000000"}
[debug-input-file] frame=17422 revision=1549 scripts={"buttons":"17401-17406:A","pointer":"","stick":"17421-17510:0.000000:0.000000"}
[debug-input-file] frame=17432 revision=1550 scripts={"buttons":"17401-17406:A","pointer":"","stick":"17431-17520:0.000000:0.000000"}
[debug-input-file] frame=17442 revision=1551 scripts={"buttons":"17401-17406:A","pointer":"","stick":"17441-17530:0.000000:0.000000"}
[debug-input-file] frame=17452 revision=1552 scripts={"buttons":"17401-17406:A","pointer":"","stick":"17451-17540:0.000000:0.000000"}
[debug-input-file] frame=17462 revision=1553 scripts={"buttons":"17401-17406:A","pointer":"","stick":"17461-17550:0.000000:0.000000"}
[debug-input-file] frame=17472 revision=1554 scripts={"buttons":"17401-17406:A","pointer":"","stick":"17471-17560:0.000000:0.000000"}
[debug-input-file] frame=17481 revision=1555 scripts={"buttons":"17401-17406:A","pointer":"","stick":"17481-17570:0.000000:0.000000"}
[debug-input-file] frame=17497 revision=1556 scripts={"buttons":"17401-17406:A","pointer":"","stick":"17491-17580:0.000000:0.000000"}
[debug-input-file] frame=17502 revision=1557 scripts={"buttons":"17501-17506:A","pointer":"","stick":"17501-17590:0.000000:0.000000"}
[original-process] Debug controller script frame 17502: buttons=active pointer=inactive stick=active hold=0x00000800 axes=0,0
[src/app/OriginalGameApplication.cpp:512][APP - INFO] Booting the original GameSystem
[src/app/OriginalGameApplication.cpp:514][APP - INFO] Running the original GameSystem frame loop
[aurora:warning:aurora::gpu] WebGPU message: Calling [RenderPassEncoder "EFB 2"].Draw with a vertex count of 0 is unusual.
[original-process] Debug controller script frame 17507: buttons=inactive pointer=inactive stick=active hold=0x00000000 axes=0,0
[debug-input-file] frame=17512 revision=1558 scripts={"buttons":"17501-17506:A","pointer":"","stick":"17511-17600:0.000000:0.000000"}
[debug-input-file] frame=17521 revision=1559 scripts={"buttons":"17501-17506:A","pointer":"","stick":"17521-17610:0.000000:0.000000"}
[debug-input-file] frame=17532 revision=1560 scripts={"buttons":"17501-17506:A","pointer":"","stick":"17531-17620:0.000000:0.000000"}
[debug-input-file] frame=17542 revision=1561 scripts={"buttons":"17501-17506:A","pointer":"","stick":"17541-17630:0.000000:0.000000"}
[debug-input-file] frame=17552 revision=1562 scripts={"buttons":"17501-17506:A","pointer":"","stick":"17551-17640:0.000000:0.000000"}
[debug-input-file] frame=17562 revision=1563 scripts={"buttons":"17501-17506:A","pointer":"","stick":"17561-17650:0.000000:0.000000"}
[debug-input-file] frame=17572 revision=1564 scripts={"buttons":"17501-17506:A","pointer":"","stick":"17571-17660:0.000000:0.000000"}
[debug-input-file] frame=17582 revision=1565 scripts={"buttons":"17501-17506:A","pointer":"","stick":"17581-17670:0.000000:0.000000"}
[debug-input-file] frame=17592 revision=1566 scripts={"buttons":"17501-17506:A","pointer":"","stick":"17591-17680:0.000000:0.000000"}
[debug-input-file] frame=17603 revision=1567 scripts={"buttons":"17601-17606:A","pointer":"","stick":"17601-17690:0.000000:0.000000"}
[original-process] Debug controller script frame 17603: buttons=active pointer=inactive stick=active hold=0x00000800 axes=0,0
[original-process] Debug controller script frame 17607: buttons=inactive pointer=inactive stick=active hold=0x00000000 axes=0,0
[debug-input-file] frame=17613 revision=1568 scripts={"buttons":"17601-17606:A","pointer":"","stick":"17611-17700:0.000000:0.000000"}
[debug-input-file] frame=17623 revision=1569 scripts={"buttons":"17601-17606:A","pointer":"","stick":"17621-17710:0.000000:0.000000"}
[debug-input-file] frame=17633 revision=1570 scripts={"buttons":"17601-17606:A","pointer":"","stick":"17631-17720:0.000000:0.000000"}
[debug-input-file] frame=17643 revision=1571 scripts={"buttons":"17601-17606:A","pointer":"","stick":"17641-17730:0.000000:0.000000"}
[debug-input-file] frame=17653 revision=1572 scripts={"buttons":"17601-17606:A","pointer":"","stick":"17651-17740:0.000000:0.000000"}
[debug-input-file] frame=17663 revision=1573 scripts={"buttons":"17601-17606:A","pointer":"","stick":"17661-17750:0.000000:0.000000"}
[debug-input-file] frame=17673 revision=1574 scripts={"buttons":"17601-17606:A","pointer":"","stick":"17671-17760:0.000000:0.000000"}
[debug-input-file] frame=17684 revision=1575 scripts={"buttons":"17601-17606:A","pointer":"","stick":"17681-17770:0.000000:0.000000"}
[debug-input-file] frame=17694 revision=1576 scripts={"buttons":"17601-17606:A","pointer":"","stick":"17691-17780:0.000000:0.000000"}
[debug-input-file] frame=17704 revision=1577 scripts={"buttons":"17701-17706:A","pointer":"","stick":"17701-17790:0.000000:0.000000"}
[original-process] Debug controller script frame 17704: buttons=active pointer=inactive stick=active hold=0x00000800 axes=0,0
[original-process] Debug controller script frame 17707: buttons=inactive pointer=inactive stick=active hold=0x00000000 axes=0,0
[debug-input-file] frame=17714 revision=1578 scripts={"buttons":"17701-17706:A","pointer":"","stick":"17711-17800:0.000000:0.000000"}
[debug-input-file] frame=17724 revision=1579 scripts={"buttons":"17701-17706:A","pointer":"","stick":"17721-17810:0.000000:0.000000"}
[debug-input-file] frame=17734 revision=1580 scripts={"buttons":"17701-17706:A","pointer":"","stick":"17731-17820:0.000000:0.000000"}
[debug-input-file] frame=17745 revision=1581 scripts={"buttons":"17701-17706:A","pointer":"","stick":"17741-17830:0.000000:0.000000"}
[debug-input-file] frame=17754 revision=1582 scripts={"buttons":"17701-17706:A","pointer":"","stick":"17751-17840:0.000000:0.000000"}
[debug-input-file] frame=17764 revision=1583 scripts={"buttons":"17701-17706:A","pointer":"","stick":"17761-17850:0.000000:0.000000"}
[debug-input-file] frame=17774 revision=1584 scripts={"buttons":"17701-17706:A","pointer":"","stick":"17771-17860:0.000000:0.000000"}
[debug-input-file] frame=17785 revision=1585 scripts={"buttons":"17701-17706:A","pointer":"","stick":"17781-17870:0.000000:0.000000"}
[debug-input-file] frame=17795 revision=1586 scripts={"buttons":"17701-17706:A","pointer":"","stick":"17791-17880:0.000000:0.000000"}
[debug-input-file] frame=17805 revision=1587 scripts={"buttons":"17801-17806:A","pointer":"","stick":"17801-17890:0.000000:0.000000"}
[original-process] Debug controller script frame 17805: buttons=active pointer=inactive stick=active hold=0x00000800 axes=0,0
[original-process] Debug controller script frame 17807: buttons=inactive pointer=inactive stick=active hold=0x00000000 axes=0,0
[debug-input-file] frame=17814 revision=1588 scripts={"buttons":"17801-17806:A","pointer":"","stick":"17811-17900:0.000000:0.000000"}
[debug-input-file] frame=17824 revision=1589 scripts={"buttons":"17801-17806:A","pointer":"","stick":"17821-17910:0.000000:0.000000"}
[debug-input-file] frame=17834 revision=1590 scripts={"buttons":"17801-17806:A","pointer":"","stick":"17831-17920:0.000000:0.000000"}
[debug-input-file] frame=17844 revision=1591 scripts={"buttons":"17801-17806:A","pointer":"","stick":"17841-17930:0.000000:0.000000"}
[debug-input-file] frame=17854 revision=1592 scripts={"buttons":"17801-17806:A","pointer":"","stick":"17851-17940:0.000000:0.000000"}
[debug-input-file] frame=17864 revision=1593 scripts={"buttons":"17801-17806:A","pointer":"","stick":"17861-17950:0.000000:0.000000"}
[debug-input-file] frame=17874 revision=1594 scripts={"buttons":"17801-17806:A","pointer":"","stick":"17871-17960:0.000000:0.000000"}
[debug-input-file] frame=17884 revision=1595 scripts={"buttons":"17801-17806:A","pointer":"","stick":"17881-17970:0.000000:0.000000"}
[debug-input-file] frame=17894 revision=1596 scripts={"buttons":"17801-17806:A","pointer":"","stick":"17891-17980:0.000000:0.000000"}
[debug-input-file] frame=17904 revision=1597 scripts={"buttons":"17901-17906:A","pointer":"","stick":"17901-17990:0.000000:0.000000"}
[original-process] Debug controller script frame 17904: buttons=active pointer=inactive stick=active hold=0x00000800 axes=0,0
[original-process] Debug controller script frame 17907: buttons=inactive pointer=inactive stick=active hold=0x00000000 axes=0,0
[debug-input-file] frame=17914 revision=1598 scripts={"buttons":"17901-17906:A","pointer":"","stick":"17911-18000:0.000000:0.000000"}
[debug-input-file] frame=17924 revision=1599 scripts={"buttons":"17901-17906:A","pointer":"","stick":"17921-18010:0.000000:0.000000"}
[debug-input-file] frame=17934 revision=1600 scripts={"buttons":"17901-17906:A","pointer":"","stick":"17931-18020:0.000000:0.000000"}
[debug-input-file] frame=17944 revision=1601 scripts={"buttons":"17901-17906:A","pointer":"","stick":"17941-18030:0.000000:0.000000"}
[debug-input-file] frame=17954 revision=1602 scripts={"buttons":"17901-17906:A","pointer":"","stick":"17951-18040:0.000000:0.000000"}
[debug-input-file] frame=17964 revision=1603 scripts={"buttons":"17901-17906:A","pointer":"","stick":"17961-18050:0.000000:0.000000"}
[debug-input-file] frame=17974 revision=1604 scripts={"buttons":"17901-17906:A","pointer":"","stick":"17971-18060:0.000000:0.000000"}
[debug-input-file] frame=17984 revision=1605 scripts={"buttons":"17901-17906:A","pointer":"","stick":"17981-18070:0.000000:0.000000"}
[debug-input-file] frame=17994 revision=1606 scripts={"buttons":"17901-17906:A","pointer":"","stick":"17991-18080:0.000000:0.000000"}
[debug-input-file] frame=18004 revision=1607 scripts={"buttons":"18001-18006:A","pointer":"","stick":"18001-18090:0.000000:0.000000"}
[original-process] Debug controller script frame 18004: buttons=active pointer=inactive stick=active hold=0x00000800 axes=0,0
[original-process] Debug controller script frame 18007: buttons=inactive pointer=inactive stick=active hold=0x00000000 axes=0,0
[debug-input-file] frame=18014 revision=1608 scripts={"buttons":"18001-18006:A","pointer":"","stick":"18011-18100:0.000000:0.000000"}
[debug-input-file] frame=18024 revision=1609 scripts={"buttons":"18001-18006:A","pointer":"","stick":"18021-18110:0.000000:0.000000"}
[debug-input-file] frame=18034 revision=1610 scripts={"buttons":"18001-18006:A","pointer":"","stick":"18031-18120:0.000000:0.000000"}
[debug-input-file] frame=18044 revision=1611 scripts={"buttons":"18001-18006:A","pointer":"","stick":"18041-18130:0.000000:0.000000"}
[debug-input-file] frame=18054 revision=1612 scripts={"buttons":"18001-18006:A","pointer":"","stick":"18051-18140:0.000000:0.000000"}
[debug-input-file] frame=18064 revision=1613 scripts={"buttons":"18001-18006:A","pointer":"","stick":"18061-18150:0.000000:0.000000"}
[debug-input-file] frame=18074 revision=1614 scripts={"buttons":"18001-18006:A","pointer":"","stick":"18071-18160:0.000000:0.000000"}
[debug-input-file] frame=18084 revision=1615 scripts={"buttons":"18001-18006:A","pointer":"","stick":"18081-18170:0.000000:0.000000"}
[debug-input-file] frame=18094 revision=1616 scripts={"buttons":"18001-18006:A","pointer":"","stick":"18091-18180:0.000000:0.000000"}
[debug-input-file] frame=18104 revision=1617 scripts={"buttons":"18101-18106:A","pointer":"","stick":"18101-18190:0.000000:0.000000"}
[original-process] Debug controller script frame 18104: buttons=active pointer=inactive stick=active hold=0x00000800 axes=0,0
[original-process] Debug controller script frame 18107: buttons=inactive pointer=inactive stick=active hold=0x00000000 axes=0,0
[debug-input-file] frame=18114 revision=1618 scripts={"buttons":"18101-18106:A","pointer":"","stick":"18111-18200:0.000000:0.000000"}
[debug-input-file] frame=18124 revision=1619 scripts={"buttons":"18101-18106:A","pointer":"","stick":"18121-18210:0.000000:0.000000"}
[debug-input-file] frame=18134 revision=1620 scripts={"buttons":"18101-18106:A","pointer":"","stick":"18131-18220:0.000000:0.000000"}
[debug-input-file] frame=18144 revision=1621 scripts={"buttons":"18101-18106:A","pointer":"","stick":"18141-18230:0.000000:0.000000"}
[debug-input-file] frame=18154 revision=1622 scripts={"buttons":"18101-18106:A","pointer":"","stick":"18151-18240:0.000000:0.000000"}
[debug-input-file] frame=18165 revision=1623 scripts={"buttons":"18101-18106:A","pointer":"","stick":"18161-18250:0.000000:0.000000"}
[debug-input-file] frame=18175 revision=1624 scripts={"buttons":"18101-18106:A","pointer":"","stick":"18171-18260:0.000000:0.000000"}
[debug-input-file] frame=18185 revision=1625 scripts={"buttons":"18101-18106:A","pointer":"","stick":"18181-18270:0.000000:0.000000"}
[debug-input-file] frame=18195 revision=1626 scripts={"buttons":"18101-18106:A","pointer":"","stick":"18191-18280:0.000000:0.000000"}
[debug-input-file] frame=18205 revision=1627 scripts={"buttons":"18201-18206:A","pointer":"","stick":"18201-18290:0.000000:0.000000"}
[original-process] Debug controller script frame 18205: buttons=active pointer=inactive stick=active hold=0x00000800 axes=0,0
[original-process] Debug controller script frame 18207: buttons=inactive pointer=inactive stick=active hold=0x00000000 axes=0,0
[debug-input-file] frame=18215 revision=1628 scripts={"buttons":"18201-18206:A","pointer":"","stick":"18211-18300:0.000000:0.000000"}
[debug-input-file] frame=18225 revision=1629 scripts={"buttons":"18201-18206:A","pointer":"","stick":"18221-18310:0.000000:0.000000"}
[debug-input-file] frame=18234 revision=1630 scripts={"buttons":"18201-18206:A","pointer":"","stick":"18231-18320:0.000000:0.000000"}
[debug-input-file] frame=18245 revision=1631 scripts={"buttons":"18201-18206:A","pointer":"","stick":"18241-18330:0.000000:0.000000"}
[debug-input-file] frame=18255 revision=1632 scripts={"buttons":"18201-18206:A","pointer":"","stick":"18251-18340:0.000000:0.000000"}
[debug-input-file] frame=18265 revision=1633 scripts={"buttons":"18201-18206:A","pointer":"","stick":"18261-18350:0.000000:0.000000"}
[debug-input-file] frame=18275 revision=1634 scripts={"buttons":"18201-18206:A","pointer":"","stick":"18271-18360:0.000000:0.000000"}
[debug-input-file] frame=18285 revision=1635 scripts={"buttons":"18201-18206:A","pointer":"","stick":"18281-18370:0.000000:0.000000"}
[debug-input-file] frame=18296 revision=1636 scripts={"buttons":"18201-18206:A","pointer":"","stick":"18291-18380:0.000000:0.000000"}
[debug-input-file] frame=18306 revision=1637 scripts={"buttons":"18301-18306:A","pointer":"","stick":"18301-18390:0.000000:0.000000"}
[original-process] Debug controller script frame 18306: buttons=active pointer=inactive stick=active hold=0x00000800 axes=0,0
[original-process] Debug controller script frame 18307: buttons=inactive pointer=inactive stick=active hold=0x00000000 axes=0,0
[debug-input-file] frame=18316 revision=1638 scripts={"buttons":"18301-18306:A","pointer":"","stick":"18311-18400:0.000000:0.000000"}
[debug-input-file] frame=18326 revision=1639 scripts={"buttons":"18301-18306:A","pointer":"","stick":"18321-18410:0.000000:0.000000"}
[debug-input-file] frame=18336 revision=1640 scripts={"buttons":"18301-18306:A","pointer":"","stick":"18331-18420:0.000000:0.000000"}
[debug-input-file] frame=18346 revision=1641 scripts={"buttons":"18301-18306:A","pointer":"","stick":"18341-18430:0.000000:0.000000"}
[debug-input-file] frame=18356 revision=1642 scripts={"buttons":"18301-18306:A","pointer":"","stick":"18351-18440:0.000000:0.000000"}
[debug-input-file] frame=18366 revision=1643 scripts={"buttons":"18301-18306:A","pointer":"","stick":"18361-18450:0.000000:0.000000"}
[debug-input-file] frame=18376 revision=1644 scripts={"buttons":"18301-18306:A","pointer":"","stick":"18371-18460:0.000000:0.000000"}
[debug-input-file] frame=18386 revision=1645 scripts={"buttons":"18301-18306:A","pointer":"","stick":"18381-18470:0.000000:0.000000"}
[debug-input-file] frame=18396 revision=1646 scripts={"buttons":"18301-18306:A","pointer":"","stick":"18391-18480:0.000000:0.000000"}
[debug-input-file] frame=18407 revision=1647 scripts={"buttons":"18401-18406:A","pointer":"","stick":"18401-18490:0.000000:0.000000"}
[debug-input-file] frame=18416 revision=1648 scripts={"buttons":"18401-18406:A","pointer":"","stick":"18411-18500:0.000000:0.000000"}
[debug-input-file] frame=18426 revision=1649 scripts={"buttons":"18401-18406:A","pointer":"","stick":"18421-18510:0.000000:0.000000"}
[debug-input-file] frame=18436 revision=1650 scripts={"buttons":"18401-18406:A","pointer":"","stick":"18431-18520:0.000000:0.000000"}
[debug-input-file] frame=18446 revision=1651 scripts={"buttons":"18401-18406:A","pointer":"","stick":"18441-18530:0.000000:0.000000"}
[debug-input-file] frame=18457 revision=1652 scripts={"buttons":"18401-18406:A","pointer":"","stick":"18451-18540:0.000000:0.000000"}
[debug-input-file] frame=18467 revision=1653 scripts={"buttons":"18401-18406:A","pointer":"","stick":"18461-18550:0.000000:0.000000"}
[debug-input-file] frame=18471 revision=1654 scripts={"buttons":"18401-18406:A","pointer":"","stick":"18471-18560:0.000000:0.000000"}
[debug-input-file] frame=18482 revision=1655 scripts={"buttons":"18401-18406:A","pointer":"","stick":"18481-18570:0.000000:0.000000"}
[debug-input-file] frame=18492 revision=1656 scripts={"buttons":"18401-18406:A","pointer":"","stick":"18491-18580:0.000000:0.000000"}
[debug-input-file] frame=18502 revision=1657 scripts={"buttons":"18501-18506:A","pointer":"","stick":"18501-18590:0.000000:0.000000"}
[original-process] Debug controller script frame 18502: buttons=active pointer=inactive stick=active hold=0x00000800 axes=0,0
[original-process] Debug controller script frame 18507: buttons=inactive pointer=inactive stick=active hold=0x00000000 axes=0,0
[debug-input-file] frame=18512 revision=1658 scripts={"buttons":"18501-18506:A","pointer":"","stick":"18511-18600:0.000000:0.000000"}
[debug-input-file] frame=18522 revision=1659 scripts={"buttons":"18501-18506:A","pointer":"","stick":"18521-18610:0.000000:0.000000"}
[debug-input-file] frame=18532 revision=1660 scripts={"buttons":"18501-18506:A","pointer":"","stick":"18531-18620:0.000000:0.000000"}
[debug-input-file] frame=18543 revision=1661 scripts={"buttons":"18501-18506:A","pointer":"","stick":"18541-18630:0.000000:0.000000"}
[debug-input-file] frame=18553 revision=1662 scripts={"buttons":"18501-18506:A","pointer":"","stick":"18551-18640:0.000000:0.000000"}
[debug-input-file] frame=18562 revision=1663 scripts={"buttons":"18501-18506:A","pointer":"","stick":"18561-18650:0.000000:0.000000"}
[debug-input-file] frame=18572 revision=1664 scripts={"buttons":"18501-18506:A","pointer":"","stick":"18571-18660:0.000000:0.000000"}
[debug-input-file] frame=18583 revision=1665 scripts={"buttons":"18501-18506:A","pointer":"","stick":"18581-18670:0.000000:0.000000"}
[debug-input-file] frame=18593 revision=1666 scripts={"buttons":"18501-18506:A","pointer":"","stick":"18591-18680:0.000000:0.000000"}
[debug-input-file] frame=18603 revision=1667 scripts={"buttons":"18601-18606:A","pointer":"","stick":"18601-18690:0.000000:0.000000"}
[original-process] Debug controller script frame 18603: buttons=active pointer=inactive stick=active hold=0x00000800 axes=0,0
[original-process] Debug controller script frame 18607: buttons=inactive pointer=inactive stick=active hold=0x00000000 axes=0,0
[debug-input-file] frame=18613 revision=1668 scripts={"buttons":"18601-18606:A","pointer":"","stick":"18611-18700:0.000000:0.000000"}
[debug-input-file] frame=18623 revision=1669 scripts={"buttons":"18601-18606:A","pointer":"","stick":"18621-18710:0.000000:0.000000"}
[debug-input-file] frame=18633 revision=1670 scripts={"buttons":"18601-18606:A","pointer":"","stick":"18631-18720:0.000000:0.000000"}
[debug-input-file] frame=18643 revision=1671 scripts={"buttons":"18601-18606:A","pointer":"","stick":"18641-18730:0.000000:0.000000"}
[debug-input-file] frame=18653 revision=1672 scripts={"buttons":"18601-18606:A","pointer":"","stick":"18651-18740:0.000000:0.000000"}
[debug-input-file] frame=18663 revision=1673 scripts={"buttons":"18601-18606:A","pointer":"","stick":"18661-18750:0.000000:0.000000"}
[debug-input-file] frame=18673 revision=1674 scripts={"buttons":"18601-18606:A","pointer":"","stick":"18671-18760:0.000000:0.000000"}
[debug-input-file] frame=18683 revision=1675 scripts={"buttons":"18601-18606:A","pointer":"","stick":"18681-18770:0.000000:0.000000"}
[debug-input-file] frame=18693 revision=1676 scripts={"buttons":"18601-18606:A","pointer":"","stick":"18691-18780:0.000000:0.000000"}
[debug-input-file] frame=18703 revision=1677 scripts={"buttons":"18701-18706:A","pointer":"","stick":"18701-18790:0.000000:0.000000"}
[original-process] Debug controller script frame 18703: buttons=active pointer=inactive stick=active hold=0x00000800 axes=0,0
[original-process] Debug controller script frame 18707: buttons=inactive pointer=inactive stick=active hold=0x00000000 axes=0,0
[debug-input-file] frame=18713 revision=1678 scripts={"buttons":"18701-18706:A","pointer":"","stick":"18711-18800:0.000000:0.000000"}
[debug-input-file] frame=18723 revision=1679 scripts={"buttons":"18701-18706:A","pointer":"","stick":"18721-18810:0.000000:0.000000"}
[debug-input-file] frame=18732 revision=1680 scripts={"buttons":"18701-18706:A","pointer":"","stick":"18731-18820:0.000000:0.000000"}
[debug-input-file] frame=18742 revision=1681 scripts={"buttons":"18701-18706:A","pointer":"","stick":"18741-18830:0.000000:0.000000"}
[debug-input-file] frame=18752 revision=1682 scripts={"buttons":"18701-18706:A","pointer":"","stick":"18751-18840:0.000000:0.000000"}
[debug-input-file] frame=18762 revision=1683 scripts={"buttons":"18701-18706:A","pointer":"","stick":"18761-18850:0.000000:0.000000"}
[debug-input-file] frame=18772 revision=1684 scripts={"buttons":"18701-18706:A","pointer":"","stick":"18771-18860:0.000000:0.000000"}
[debug-input-file] frame=18782 revision=1685 scripts={"buttons":"18701-18706:A","pointer":"","stick":"18781-18870:0.000000:0.000000"}
[debug-input-file] frame=18792 revision=1686 scripts={"buttons":"18701-18706:A","pointer":"","stick":"18791-18880:0.000000:0.000000"}
[debug-input-file] frame=18802 revision=1687 scripts={"buttons":"18801-18806:A","pointer":"","stick":"18801-18890:0.000000:0.000000"}
[original-process] Debug controller script frame 18802: buttons=active pointer=inactive stick=active hold=0x00000800 axes=0,0
[original-process] Debug controller script frame 18807: buttons=inactive pointer=inactive stick=active hold=0x00000000 axes=0,0
[debug-input-file] frame=18816 revision=1688 scripts={"buttons":"18801-18806:A","pointer":"","stick":"18811-18900:0.000000:0.000000"}
[debug-input-file] frame=18826 revision=1689 scripts={"buttons":"18801-18806:A","pointer":"","stick":"18821-18910:0.000000:0.000000"}
[debug-input-file] frame=18835 revision=1690 scripts={"buttons":"18801-18806:A","pointer":"","stick":"18831-18920:0.000000:0.000000"}
[debug-input-file] frame=18845 revision=1691 scripts={"buttons":"18801-18806:A","pointer":"","stick":"18841-18930:0.000000:0.000000"}
[debug-input-file] frame=18855 revision=1692 scripts={"buttons":"18801-18806:A","pointer":"","stick":"18851-18940:0.000000:0.000000"}
[debug-input-file] frame=18865 revision=1693 scripts={"buttons":"18801-18806:A","pointer":"","stick":"18861-18950:0.000000:0.000000"}
[debug-input-file] frame=18875 revision=1694 scripts={"buttons":"18801-18806:A","pointer":"","stick":"18871-18960:0.000000:0.000000"}
[debug-input-file] frame=18884 revision=1695 scripts={"buttons":"18801-18806:A","pointer":"","stick":"18881-18970:0.000000:0.000000"}
[debug-input-file] frame=18894 revision=1696 scripts={"buttons":"18801-18806:A","pointer":"","stick":"18891-18980:0.000000:0.000000"}
[debug-input-file] frame=18904 revision=1697 scripts={"buttons":"18901-18906:A","pointer":"","stick":"18901-18990:0.000000:0.000000"}
[original-process] Debug controller script frame 18904: buttons=active pointer=inactive stick=active hold=0x00000800 axes=0,0
[original-process] Debug controller script frame 18907: buttons=inactive pointer=inactive stick=active hold=0x00000000 axes=0,0
[debug-input-file] frame=18914 revision=1698 scripts={"buttons":"18901-18906:A","pointer":"","stick":"18911-19000:0.000000:0.000000"}
[debug-input-file] frame=18923 revision=1699 scripts={"buttons":"18901-18906:A","pointer":"","stick":"18921-19010:0.000000:0.000000"}
[debug-input-file] frame=18933 revision=1700 scripts={"buttons":"18901-18906:A","pointer":"","stick":"18931-19020:0.000000:0.000000"}
[debug-input-file] frame=18942 revision=1701 scripts={"buttons":"18901-18906:A","pointer":"","stick":"18941-19030:0.000000:0.000000"}
[debug-input-file] frame=18952 revision=1702 scripts={"buttons":"18901-18906:A","pointer":"","stick":"18951-19040:0.000000:0.000000"}
[debug-input-file] frame=18962 revision=1703 scripts={"buttons":"18901-18906:A","pointer":"","stick":"18961-19050:0.000000:0.000000"}
[debug-input-file] frame=18972 revision=1704 scripts={"buttons":"18901-18906:A","pointer":"","stick":"18971-19060:0.000000:0.000000"}
[debug-input-file] frame=18986 revision=1705 scripts={"buttons":"18901-18906:A","pointer":"","stick":"18981-19070:0.000000:0.000000"}
[debug-input-file] frame=18996 revision=1706 scripts={"buttons":"18901-18906:A","pointer":"","stick":"18991-19080:0.000000:0.000000"}
[debug-input-file] frame=19006 revision=1707 scripts={"buttons":"19001-19006:A","pointer":"","stick":"19001-19090:0.000000:0.000000"}
[original-process] Debug controller script frame 19006: buttons=active pointer=inactive stick=active hold=0x00000800 axes=0,0
[original-process] Debug controller script frame 19007: buttons=inactive pointer=inactive stick=active hold=0x00000000 axes=0,0
[debug-input-file] frame=19015 revision=1708 scripts={"buttons":"19001-19006:A","pointer":"","stick":"19011-19100:0.000000:0.000000"}
[debug-input-file] frame=19025 revision=1709 scripts={"buttons":"19001-19006:A","pointer":"","stick":"19021-19110:0.000000:0.000000"}
[debug-input-file] frame=19034 revision=1710 scripts={"buttons":"19001-19006:A","pointer":"","stick":"19031-19120:0.000000:0.000000"}
[debug-input-file] frame=19044 revision=1711 scripts={"buttons":"19001-19006:A","pointer":"","stick":"19041-19130:0.000000:0.000000"}
[debug-input-file] frame=19054 revision=1712 scripts={"buttons":"19001-19006:A","pointer":"","stick":"19051-19140:0.000000:0.000000"}
[debug-input-file] frame=19063 revision=1713 scripts={"buttons":"19001-19006:A","pointer":"","stick":"19061-19150:0.000000:0.000000"}
[debug-input-file] frame=19073 revision=1714 scripts={"buttons":"19001-19006:A","pointer":"","stick":"19071-19160:0.000000:0.000000"}
[debug-input-file] frame=19083 revision=1715 scripts={"buttons":"19001-19006:A","pointer":"","stick":"19081-19170:0.000000:0.000000"}
[debug-input-file] frame=19093 revision=1716 scripts={"buttons":"19001-19006:A","pointer":"","stick":"19091-19180:0.000000:0.000000"}
[debug-input-file] frame=19103 revision=1717 scripts={"buttons":"19101-19106:A","pointer":"","stick":"19101-19190:0.000000:0.000000"}
[original-process] Debug controller script frame 19103: buttons=active pointer=inactive stick=active hold=0x00000800 axes=0,0
[original-process] Debug controller script frame 19107: buttons=inactive pointer=inactive stick=active hold=0x00000000 axes=0,0
[debug-input-file] frame=19113 revision=1718 scripts={"buttons":"19101-19106:A","pointer":"","stick":"19111-19200:0.000000:0.000000"}
[debug-input-file] frame=19123 revision=1719 scripts={"buttons":"19101-19106:A","pointer":"","stick":"19121-19210:0.000000:0.000000"}
[debug-input-file] frame=19133 revision=1720 scripts={"buttons":"19101-19106:A","pointer":"","stick":"19131-19220:0.000000:0.000000"}
[debug-input-file] frame=19143 revision=1721 scripts={"buttons":"19101-19106:A","pointer":"","stick":"19141-19230:0.000000:0.000000"}
[debug-input-file] frame=19153 revision=1722 scripts={"buttons":"19101-19106:A","pointer":"","stick":"19151-19240:0.000000:0.000000"}
[debug-input-file] frame=19163 revision=1723 scripts={"buttons":"19101-19106:A","pointer":"","stick":"19161-19250:0.000000:0.000000"}
[debug-input-file] frame=19173 revision=1724 scripts={"buttons":"19101-19106:A","pointer":"","stick":"19171-19260:0.000000:0.000000"}
[debug-input-file] frame=19183 revision=1725 scripts={"buttons":"19101-19106:A","pointer":"","stick":"19181-19270:0.000000:0.000000"}
[debug-input-file] frame=19193 revision=1726 scripts={"buttons":"19101-19106:A","pointer":"","stick":"19191-19280:0.000000:0.000000"}
[debug-input-file] frame=19203 revision=1727 scripts={"buttons":"19201-19206:A","pointer":"","stick":"19201-19290:0.000000:0.000000"}
[original-process] Debug controller script frame 19203: buttons=active pointer=inactive stick=active hold=0x00000800 axes=0,0
[original-process] Debug controller script frame 19207: buttons=inactive pointer=inactive stick=active hold=0x00000000 axes=0,0
[debug-input-file] frame=19213 revision=1728 scripts={"buttons":"19201-19206:A","pointer":"","stick":"19211-19300:0.000000:0.000000"}
[debug-input-file] frame=19223 revision=1729 scripts={"buttons":"19201-19206:A","pointer":"","stick":"19221-19310:0.000000:0.000000"}
[debug-input-file] frame=19233 revision=1730 scripts={"buttons":"19201-19206:A","pointer":"","stick":"19231-19320:0.000000:0.000000"}
[debug-input-file] frame=19243 revision=1731 scripts={"buttons":"19201-19206:A","pointer":"","stick":"19241-19330:0.000000:0.000000"}
[debug-input-file] frame=19253 revision=1732 scripts={"buttons":"19201-19206:A","pointer":"","stick":"19251-19340:0.000000:0.000000"}
[debug-input-file] frame=19262 revision=1733 scripts={"buttons":"19201-19206:A","pointer":"","stick":"19261-19350:0.000000:0.000000"}
[debug-input-file] frame=19272 revision=1734 scripts={"buttons":"19201-19206:A","pointer":"","stick":"19271-19360:0.000000:0.000000"}
[debug-input-file] frame=19282 revision=1735 scripts={"buttons":"19201-19206:A","pointer":"","stick":"19281-19370:0.000000:0.000000"}
[debug-input-file] frame=19292 revision=1736 scripts={"buttons":"19201-19206:A","pointer":"","stick":"19291-19380:0.000000:0.000000"}
[debug-input-file] frame=19302 revision=1737 scripts={"buttons":"19301-19306:A","pointer":"","stick":"19301-19390:0.000000:0.000000"}
[original-process] Debug controller script frame 19302: buttons=active pointer=inactive stick=active hold=0x00000800 axes=0,0
[original-process] Debug controller script frame 19307: buttons=inactive pointer=inactive stick=active hold=0x00000000 axes=0,0
[debug-input-file] frame=19312 revision=1738 scripts={"buttons":"19301-19306:A","pointer":"","stick":"19311-19400:0.000000:0.000000"}
[debug-input-file] frame=19322 revision=1739 scripts={"buttons":"19301-19306:A","pointer":"","stick":"19321-19410:0.000000:0.000000"}
[debug-input-file] frame=19332 revision=1740 scripts={"buttons":"19301-19306:A","pointer":"","stick":"19331-19420:0.000000:0.000000"}
[debug-input-file] frame=19342 revision=1741 scripts={"buttons":"19301-19306:A","pointer":"","stick":"19341-19430:0.000000:0.000000"}
[debug-input-file] frame=19352 revision=1742 scripts={"buttons":"19301-19306:A","pointer":"","stick":"19351-19440:0.000000:0.000000"}
[debug-input-file] frame=19366 revision=1743 scripts={"buttons":"19301-19306:A","pointer":"","stick":"19361-19450:0.000000:0.000000"}
[debug-input-file] frame=19376 revision=1744 scripts={"buttons":"19301-19306:A","pointer":"","stick":"19371-19460:0.000000:0.000000"}
[debug-input-file] frame=19381 revision=1745 scripts={"buttons":"19301-19306:A","pointer":"","stick":"19381-19470:0.000000:0.000000"}
[debug-input-file] frame=19392 revision=1746 scripts={"buttons":"19301-19306:A","pointer":"","stick":"19391-19480:0.000000:0.000000"}
[debug-input-file] frame=19406 revision=1747 scripts={"buttons":"19401-19406:A","pointer":"","stick":"19401-19490:0.000000:0.000000"}
[original-process] Debug controller script frame 19406: buttons=active pointer=inactive stick=active hold=0x00000800 axes=0,0
[original-process] Debug controller script frame 19407: buttons=inactive pointer=inactive stick=active hold=0x00000000 axes=0,0
[debug-input-file] frame=19416 revision=1748 scripts={"buttons":"19401-19406:A","pointer":"","stick":"19411-19500:0.000000:0.000000"}
[debug-input-file] frame=19426 revision=1749 scripts={"buttons":"19401-19406:A","pointer":"","stick":"19421-19510:0.000000:0.000000"}
[debug-input-file] frame=19436 revision=1750 scripts={"buttons":"19401-19406:A","pointer":"","stick":"19431-19520:0.000000:0.000000"}
[debug-input-file] frame=19445 revision=1751 scripts={"buttons":"19401-19406:A","pointer":"","stick":"19441-19530:0.000000:0.000000"}
[debug-input-file] frame=19455 revision=1752 scripts={"buttons":"19401-19406:A","pointer":"","stick":"19451-19540:0.000000:0.000000"}
[debug-input-file] frame=19465 revision=1753 scripts={"buttons":"19401-19406:A","pointer":"","stick":"19461-19550:0.000000:0.000000"}
[debug-input-file] frame=19475 revision=1754 scripts={"buttons":"19401-19406:A","pointer":"","stick":"19471-19560:0.000000:0.000000"}
[debug-input-file] frame=19484 revision=1755 scripts={"buttons":"19401-19406:A","pointer":"","stick":"19481-19570:0.000000:0.000000"}
[debug-input-file] frame=19494 revision=1756 scripts={"buttons":"19401-19406:A","pointer":"","stick":"19491-19580:0.000000:0.000000"}
[debug-input-file] frame=19504 revision=1757 scripts={"buttons":"19501-19506:A","pointer":"","stick":"19501-19590:0.000000:0.000000"}
[original-process] Debug controller script frame 19504: buttons=active pointer=inactive stick=active hold=0x00000800 axes=0,0
[original-process] Debug controller script frame 19507: buttons=inactive pointer=inactive stick=active hold=0x00000000 axes=0,0
[debug-input-file] frame=19514 revision=1758 scripts={"buttons":"19501-19506:A","pointer":"","stick":"19511-19600:0.000000:0.000000"}
[debug-input-file] frame=19523 revision=1759 scripts={"buttons":"19501-19506:A","pointer":"","stick":"19521-19610:0.000000:0.000000"}
[debug-input-file] frame=19533 revision=1760 scripts={"buttons":"19501-19506:A","pointer":"","stick":"19531-19620:0.000000:0.000000"}
[debug-input-file] frame=19543 revision=1761 scripts={"buttons":"19501-19506:A","pointer":"","stick":"19541-19630:0.000000:0.000000"}
[debug-input-file] frame=19553 revision=1762 scripts={"buttons":"19501-19506:A","pointer":"","stick":"19551-19640:0.000000:0.000000"}
[debug-input-file] frame=19563 revision=1763 scripts={"buttons":"19501-19506:A","pointer":"","stick":"19561-19650:0.000000:0.000000"}
[debug-input-file] frame=19573 revision=1764 scripts={"buttons":"19501-19506:A","pointer":"","stick":"19571-19660:0.000000:0.000000"}
[debug-input-file] frame=19583 revision=1765 scripts={"buttons":"19501-19506:A","pointer":"","stick":"19581-19670:0.000000:0.000000"}
[debug-input-file] frame=19593 revision=1766 scripts={"buttons":"19501-19506:A","pointer":"","stick":"19591-19680:0.000000:0.000000"}
[debug-input-file] frame=19602 revision=1767 scripts={"buttons":"19601-19606:A","pointer":"","stick":"19601-19690:0.000000:0.000000"}
[original-process] Debug controller script frame 19602: buttons=active pointer=inactive stick=active hold=0x00000800 axes=0,0
[original-process] Debug controller script frame 19607: buttons=inactive pointer=inactive stick=active hold=0x00000000 axes=0,0
[debug-input-file] frame=19612 revision=1768 scripts={"buttons":"19601-19606:A","pointer":"","stick":"19611-19700:0.000000:0.000000"}
[debug-input-file] frame=19622 revision=1769 scripts={"buttons":"19601-19606:A","pointer":"","stick":"19621-19710:0.000000:0.000000"}
[debug-input-file] frame=19632 revision=1770 scripts={"buttons":"19601-19606:A","pointer":"","stick":"19631-19720:0.000000:0.000000"}
[debug-input-file] frame=19641 revision=1771 scripts={"buttons":"19601-19606:A","pointer":"","stick":"19641-19730:0.000000:0.000000"}
[debug-input-file] frame=19656 revision=1772 scripts={"buttons":"19601-19606:A","pointer":"","stick":"19651-19740:0.000000:0.000000"}
[debug-input-file] frame=19666 revision=1773 scripts={"buttons":"19601-19606:A","pointer":"","stick":"19661-19750:0.000000:0.000000"}
[debug-input-file] frame=19676 revision=1774 scripts={"buttons":"19601-19606:A","pointer":"","stick":"19671-19760:0.000000:0.000000"}
[debug-input-file] frame=19686 revision=1775 scripts={"buttons":"19601-19606:A","pointer":"","stick":"19681-19770:0.000000:0.000000"}
[debug-input-file] frame=19695 revision=1776 scripts={"buttons":"19601-19606:A","pointer":"","stick":"19691-19780:0.000000:0.000000"}
[debug-input-file] frame=19705 revision=1777 scripts={"buttons":"19701-19706:A","pointer":"","stick":"19701-19790:0.000000:0.000000"}
[original-process] Debug controller script frame 19705: buttons=active pointer=inactive stick=active hold=0x00000800 axes=0,0
[original-process] Debug controller script frame 19707: buttons=inactive pointer=inactive stick=active hold=0x00000000 axes=0,0
[debug-input-file] frame=19715 revision=1778 scripts={"buttons":"19701-19706:A","pointer":"","stick":"19711-19800:0.000000:0.000000"}
[debug-input-file] frame=19724 revision=1779 scripts={"buttons":"19701-19706:A","pointer":"","stick":"19721-19810:0.000000:0.000000"}
[debug-input-file] frame=19734 revision=1780 scripts={"buttons":"19701-19706:A","pointer":"","stick":"19731-19820:0.000000:0.000000"}
[debug-input-file] frame=19744 revision=1781 scripts={"buttons":"19701-19706:A","pointer":"","stick":"19741-19830:0.000000:0.000000"}
[debug-input-file] frame=19753 revision=1782 scripts={"buttons":"19701-19706:A","pointer":"","stick":"19751-19840:0.000000:0.000000"}
[debug-input-file] frame=19763 revision=1783 scripts={"buttons":"19701-19706:A","pointer":"","stick":"19761-19850:0.000000:0.000000"}
[debug-input-file] frame=19773 revision=1784 scripts={"buttons":"19701-19706:A","pointer":"","stick":"19771-19860:0.000000:0.000000"}
[debug-input-file] frame=19782 revision=1785 scripts={"buttons":"19701-19706:A","pointer":"","stick":"19781-19870:0.000000:0.000000"}
[debug-input-file] frame=19792 revision=1786 scripts={"buttons":"19701-19706:A","pointer":"","stick":"19791-19880:0.000000:0.000000"}
[debug-input-file] frame=19802 revision=1787 scripts={"buttons":"19801-19806:A","pointer":"","stick":"19801-19890:0.000000:0.000000"}
[original-process] Debug controller script frame 19802: buttons=active pointer=inactive stick=active hold=0x00000800 axes=0,0
[original-process] Debug controller script frame 19807: buttons=inactive pointer=inactive stick=active hold=0x00000000 axes=0,0
[debug-input-file] frame=19812 revision=1788 scripts={"buttons":"19801-19806:A","pointer":"","stick":"19811-19900:0.000000:0.000000"}
[debug-input-file] frame=19822 revision=1789 scripts={"buttons":"19801-19806:A","pointer":"","stick":"19821-19910:0.000000:0.000000"}
[debug-input-file] frame=19831 revision=1790 scripts={"buttons":"19801-19806:A","pointer":"","stick":"19831-19920:0.000000:0.000000"}
[debug-input-file] frame=19846 revision=1791 scripts={"buttons":"19801-19806:A","pointer":"","stick":"19841-19930:0.000000:0.000000"}
[debug-input-file] frame=19856 revision=1792 scripts={"buttons":"19801-19806:A","pointer":"","stick":"19851-19940:0.000000:0.000000"}
[debug-input-file] frame=19866 revision=1793 scripts={"buttons":"19801-19806:A","pointer":"","stick":"19861-19950:0.000000:0.000000"}
[debug-input-file] frame=19875 revision=1794 scripts={"buttons":"19801-19806:A","pointer":"","stick":"19871-19960:0.000000:0.000000"}
[debug-input-file] frame=19885 revision=1795 scripts={"buttons":"19801-19806:A","pointer":"","stick":"19881-19970:0.000000:0.000000"}
[debug-input-file] frame=19895 revision=1796 scripts={"buttons":"19801-19806:A","pointer":"","stick":"19891-19980:0.000000:0.000000"}
[debug-input-file] frame=19905 revision=1797 scripts={"buttons":"19901-19906:A","pointer":"","stick":"19901-19990:0.000000:0.000000"}
[original-process] Debug controller script frame 19905: buttons=active pointer=inactive stick=active hold=0x00000800 axes=0,0
[original-process] Debug controller script frame 19907: buttons=inactive pointer=inactive stick=active hold=0x00000000 axes=0,0
[debug-input-file] frame=19915 revision=1798 scripts={"buttons":"19901-19906:A","pointer":"","stick":"19911-20000:0.000000:0.000000"}
[debug-input-file] frame=19925 revision=1799 scripts={"buttons":"19901-19906:A","pointer":"","stick":"19921-20010:0.000000:0.000000"}
[debug-input-file] frame=19935 revision=1800 scripts={"buttons":"19901-19906:A","pointer":"","stick":"19931-20020:0.000000:0.000000"}
[debug-input-file] frame=19944 revision=1801 scripts={"buttons":"19901-19906:A","pointer":"","stick":"19941-20030:0.000000:0.000000"}
[debug-input-file] frame=19954 revision=1802 scripts={"buttons":"19901-19906:A","pointer":"","stick":"19951-20040:0.000000:0.000000"}
[debug-input-file] frame=19964 revision=1803 scripts={"buttons":"19901-19906:A","pointer":"","stick":"19961-20050:0.000000:0.000000"}
[debug-input-file] frame=19974 revision=1804 scripts={"buttons":"19901-19906:A","pointer":"","stick":"19971-20060:0.000000:0.000000"}
[debug-input-file] frame=19984 revision=1805 scripts={"buttons":"19901-19906:A","pointer":"","stick":"19981-20070:0.000000:0.000000"}
[debug-input-file] frame=19994 revision=1806 scripts={"buttons":"19901-19906:A","pointer":"","stick":"19991-20080:0.000000:0.000000"}
[debug-input-file] frame=20003 revision=1807 scripts={"buttons":"20001-20006:A","pointer":"","stick":"20001-20090:0.000000:0.000000"}
[original-process] Debug controller script frame 20003: buttons=active pointer=inactive stick=active hold=0x00000800 axes=0,0
[original-process] Debug controller script frame 20007: buttons=inactive pointer=inactive stick=active hold=0x00000000 axes=0,0
[debug-input-file] frame=20013 revision=1808 scripts={"buttons":"20001-20006:A","pointer":"","stick":"20011-20100:0.000000:0.000000"}
[debug-input-file] frame=20023 revision=1809 scripts={"buttons":"20001-20006:A","pointer":"","stick":"20021-20110:0.000000:0.000000"}
[debug-input-file] frame=20033 revision=1810 scripts={"buttons":"20001-20006:A","pointer":"","stick":"20031-20120:0.000000:0.000000"}
[debug-input-file] frame=20043 revision=1811 scripts={"buttons":"20001-20006:A","pointer":"","stick":"20041-20130:0.000000:0.000000"}
[debug-input-file] frame=20053 revision=1812 scripts={"buttons":"20001-20006:A","pointer":"","stick":"20051-20140:0.000000:0.000000"}
[debug-input-file] frame=20062 revision=1813 scripts={"buttons":"20001-20006:A","pointer":"","stick":"20061-20150:0.000000:0.000000"}
[debug-input-file] frame=20072 revision=1814 scripts={"buttons":"20001-20006:A","pointer":"","stick":"20071-20160:0.000000:0.000000"}
[debug-input-file] frame=20082 revision=1815 scripts={"buttons":"20001-20006:A","pointer":"","stick":"20081-20170:0.000000:0.000000"}
[debug-input-file] frame=20096 revision=1816 scripts={"buttons":"20001-20006:A","pointer":"","stick":"20091-20180:0.000000:0.000000"}
[debug-input-file] frame=20106 revision=1817 scripts={"buttons":"20101-20106:A","pointer":"","stick":"20101-20190:0.000000:0.000000"}
[original-process] Debug controller script frame 20106: buttons=active pointer=inactive stick=active hold=0x00000800 axes=0,0
[original-process] Debug controller script frame 20107: buttons=inactive pointer=inactive stick=active hold=0x00000000 axes=0,0
[debug-input-file] frame=20115 revision=1818 scripts={"buttons":"20101-20106:A","pointer":"","stick":"20111-20200:0.000000:0.000000"}
[debug-input-file] frame=20125 revision=1819 scripts={"buttons":"20101-20106:A","pointer":"","stick":"20121-20210:0.000000:0.000000"}
[debug-input-file] frame=20135 revision=1820 scripts={"buttons":"20101-20106:A","pointer":"","stick":"20131-20220:0.000000:0.000000"}
[debug-input-file] frame=20145 revision=1821 scripts={"buttons":"20101-20106:A","pointer":"","stick":"20141-20230:0.000000:0.000000"}
[debug-input-file] frame=20155 revision=1822 scripts={"buttons":"20101-20106:A","pointer":"","stick":"20151-20240:0.000000:0.000000"}
[debug-input-file] frame=20164 revision=1823 scripts={"buttons":"20101-20106:A","pointer":"","stick":"20161-20250:0.000000:0.000000"}
[debug-input-file] frame=20174 revision=1824 scripts={"buttons":"20101-20106:A","pointer":"","stick":"20171-20260:0.000000:0.000000"}
[debug-input-file] frame=20184 revision=1825 scripts={"buttons":"20101-20106:A","pointer":"","stick":"20181-20270:0.000000:0.000000"}
[debug-input-file] frame=20193 revision=1826 scripts={"buttons":"20101-20106:A","pointer":"","stick":"20191-20280:0.000000:0.000000"}
[debug-input-file] frame=20203 revision=1827 scripts={"buttons":"20201-20206:A","pointer":"","stick":"20201-20290:0.000000:0.000000"}
[original-process] Debug controller script frame 20203: buttons=active pointer=inactive stick=active hold=0x00000800 axes=0,0
[original-process] Debug controller script frame 20207: buttons=inactive pointer=inactive stick=active hold=0x00000000 axes=0,0
[debug-input-file] frame=20213 revision=1828 scripts={"buttons":"20201-20206:A","pointer":"","stick":"20211-20300:0.000000:0.000000"}
[debug-input-file] frame=20223 revision=1829 scripts={"buttons":"20201-20206:A","pointer":"","stick":"20221-20310:0.000000:0.000000"}
[debug-input-file] frame=20232 revision=1830 scripts={"buttons":"20201-20206:A","pointer":"","stick":"20231-20320:0.000000:0.000000"}
[debug-input-file] frame=20242 revision=1831 scripts={"buttons":"20201-20206:A","pointer":"","stick":"20241-20330:0.000000:0.000000"}
[debug-input-file] frame=20252 revision=1832 scripts={"buttons":"20201-20206:A","pointer":"","stick":"20251-20340:0.000000:0.000000"}
[debug-input-file] frame=20266 revision=1833 scripts={"buttons":"20201-20206:A","pointer":"","stick":"20261-20350:0.000000:0.000000"}
[debug-input-file] frame=20276 revision=1834 scripts={"buttons":"20201-20206:A","pointer":"","stick":"20271-20360:0.000000:0.000000"}
[debug-input-file] frame=20286 revision=1835 scripts={"buttons":"20201-20206:A","pointer":"","stick":"20281-20370:0.000000:0.000000"}
[debug-input-file] frame=20296 revision=1836 scripts={"buttons":"20201-20206:A","pointer":"","stick":"20291-20380:0.000000:0.000000"}
[debug-input-file] frame=20306 revision=1837 scripts={"buttons":"20301-20306:A","pointer":"","stick":"20301-20390:0.000000:0.000000"}
[original-process] Debug controller script frame 20306: buttons=active pointer=inactive stick=active hold=0x00000800 axes=0,0
[original-process] Debug controller script frame 20307: buttons=inactive pointer=inactive stick=active hold=0x00000000 axes=0,0
[debug-input-file] frame=20316 revision=1838 scripts={"buttons":"20301-20306:A","pointer":"","stick":"20311-20400:0.000000:0.000000"}
[debug-input-file] frame=20326 revision=1839 scripts={"buttons":"20301-20306:A","pointer":"","stick":"20321-20410:0.000000:0.000000"}
[debug-input-file] frame=20335 revision=1840 scripts={"buttons":"20301-20306:A","pointer":"","stick":"20331-20420:0.000000:0.000000"}
[debug-input-file] frame=20345 revision=1841 scripts={"buttons":"20301-20306:A","pointer":"","stick":"20341-20430:0.000000:0.000000"}
[debug-input-file] frame=20355 revision=1842 scripts={"buttons":"20301-20306:A","pointer":"","stick":"20351-20440:0.000000:0.000000"}
[debug-input-file] frame=20363 revision=1843 scripts={"buttons":"20301-20306:A","pointer":"","stick":"20361-20450:0.000000:0.000000"}
[debug-input-file] frame=20373 revision=1844 scripts={"buttons":"20301-20306:A","pointer":"","stick":"20371-20460:0.000000:0.000000"}
[debug-input-file] frame=20383 revision=1845 scripts={"buttons":"20301-20306:A","pointer":"","stick":"20381-20470:0.000000:0.000000"}
[debug-input-file] frame=20393 revision=1846 scripts={"buttons":"20301-20306:A","pointer":"","stick":"20391-20480:0.000000:0.000000"}
[debug-input-file] frame=20403 revision=1847 scripts={"buttons":"20401-20406:A","pointer":"","stick":"20401-20490:0.000000:0.000000"}
[original-process] Debug controller script frame 20403: buttons=active pointer=inactive stick=active hold=0x00000800 axes=0,0
[original-process] Debug controller script frame 20407: buttons=inactive pointer=inactive stick=active hold=0x00000000 axes=0,0
[debug-input-file] frame=20412 revision=1848 scripts={"buttons":"20401-20406:A","pointer":"","stick":"20411-20500:0.000000:0.000000"}
[debug-input-file] frame=20422 revision=1849 scripts={"buttons":"20401-20406:A","pointer":"","stick":"20421-20510:0.000000:0.000000"}
[debug-input-file] frame=20432 revision=1850 scripts={"buttons":"20401-20406:A","pointer":"","stick":"20431-20520:0.000000:0.000000"}
[debug-input-file] frame=20446 revision=1851 scripts={"buttons":"20401-20406:A","pointer":"","stick":"20441-20530:0.000000:0.000000"}
[debug-input-file] frame=20456 revision=1852 scripts={"buttons":"20401-20406:A","pointer":"","stick":"20451-20540:0.000000:0.000000"}
[debug-input-file] frame=20466 revision=1853 scripts={"buttons":"20401-20406:A","pointer":"","stick":"20461-20550:0.000000:0.000000"}
[debug-input-file] frame=20476 revision=1854 scripts={"buttons":"20401-20406:A","pointer":"","stick":"20471-20560:0.000000:0.000000"}
[debug-input-file] frame=20485 revision=1855 scripts={"buttons":"20401-20406:A","pointer":"","stick":"20481-20570:0.000000:0.000000"}
[debug-input-file] frame=20495 revision=1856 scripts={"buttons":"20401-20406:A","pointer":"","stick":"20491-20580:0.000000:0.000000"}
[debug-input-file] frame=20505 revision=1857 scripts={"buttons":"20501-20506:A","pointer":"","stick":"20501-20590:0.000000:0.000000"}
[original-process] Debug controller script frame 20505: buttons=active pointer=inactive stick=active hold=0x00000800 axes=0,0
[original-process] Debug controller script frame 20507: buttons=inactive pointer=inactive stick=active hold=0x00000000 axes=0,0
[debug-input-file] frame=20514 revision=1858 scripts={"buttons":"20501-20506:A","pointer":"","stick":"20511-20600:0.000000:0.000000"}
[debug-input-file] frame=20524 revision=1859 scripts={"buttons":"20501-20506:A","pointer":"","stick":"20521-20610:0.000000:0.000000"}
[debug-input-file] frame=20534 revision=1860 scripts={"buttons":"20501-20506:A","pointer":"","stick":"20531-20620:0.000000:0.000000"}
[debug-input-file] frame=20544 revision=1861 scripts={"buttons":"20501-20506:A","pointer":"","stick":"20541-20630:0.000000:0.000000"}
[debug-input-file] frame=20554 revision=1862 scripts={"buttons":"20501-20506:A","pointer":"","stick":"20551-20640:0.000000:0.000000"}
[debug-input-file] frame=20563 revision=1863 scripts={"buttons":"20501-20506:A","pointer":"","stick":"20561-20650:0.000000:0.000000"}
[debug-input-file] frame=20573 revision=1864 scripts={"buttons":"20501-20506:A","pointer":"","stick":"20571-20660:0.000000:0.000000"}
[debug-input-file] frame=20583 revision=1865 scripts={"buttons":"20501-20506:A","pointer":"","stick":"20581-20670:0.000000:0.000000"}
[debug-input-file] frame=20593 revision=1866 scripts={"buttons":"20501-20506:A","pointer":"","stick":"20591-20680:0.000000:0.000000"}
[debug-input-file] frame=20603 revision=1867 scripts={"buttons":"20601-20606:A","pointer":"","stick":"20601-20690:0.000000:0.000000"}
[original-process] Debug controller script frame 20603: buttons=active pointer=inactive stick=active hold=0x00000800 axes=0,0
[original-process] Debug controller script frame 20607: buttons=inactive pointer=inactive stick=active hold=0x00000000 axes=0,0
[debug-input-file] frame=20612 revision=1868 scripts={"buttons":"20601-20606:A","pointer":"","stick":"20611-20700:0.000000:0.000000"}
[debug-input-file] frame=20622 revision=1869 scripts={"buttons":"20601-20606:A","pointer":"","stick":"20621-20710:0.000000:0.000000"}
[debug-input-file] frame=20632 revision=1870 scripts={"buttons":"20601-20606:A","pointer":"","stick":"20631-20720:0.000000:0.000000"}
[debug-input-file] frame=20642 revision=1871 scripts={"buttons":"20601-20606:A","pointer":"","stick":"20641-20730:0.000000:0.000000"}
[debug-input-file] frame=20656 revision=1872 scripts={"buttons":"20601-20606:A","pointer":"","stick":"20651-20740:0.000000:0.000000"}
[debug-input-file] frame=20666 revision=1873 scripts={"buttons":"20601-20606:A","pointer":"","stick":"20661-20750:0.000000:0.000000"}
[debug-input-file] frame=20676 revision=1874 scripts={"buttons":"20601-20606:A","pointer":"","stick":"20671-20760:0.000000:0.000000"}
[debug-input-file] frame=20685 revision=1875 scripts={"buttons":"20601-20606:A","pointer":"","stick":"20681-20770:0.000000:0.000000"}
[debug-input-file] frame=20695 revision=1876 scripts={"buttons":"20601-20606:A","pointer":"","stick":"20691-20780:0.000000:0.000000"}
[debug-input-file] frame=20705 revision=1877 scripts={"buttons":"20701-20706:A","pointer":"","stick":"20701-20790:0.000000:0.000000"}
[original-process] Debug controller script frame 20705: buttons=active pointer=inactive stick=active hold=0x00000800 axes=0,0
[original-process] Debug controller script frame 20707: buttons=inactive pointer=inactive stick=active hold=0x00000000 axes=0,0
[debug-input-file] frame=20715 revision=1878 scripts={"buttons":"20701-20706:A","pointer":"","stick":"20711-20800:0.000000:0.000000"}
[debug-input-file] frame=20725 revision=1879 scripts={"buttons":"20701-20706:A","pointer":"","stick":"20721-20810:0.000000:0.000000"}
[debug-input-file] frame=20734 revision=1880 scripts={"buttons":"20701-20706:A","pointer":"","stick":"20731-20820:0.000000:0.000000"}
[debug-input-file] frame=20744 revision=1881 scripts={"buttons":"20701-20706:A","pointer":"","stick":"20741-20830:0.000000:0.000000"}
[debug-input-file] frame=20754 revision=1882 scripts={"buttons":"20701-20706:A","pointer":"","stick":"20751-20840:0.000000:0.000000"}
[debug-input-file] frame=20763 revision=1883 scripts={"buttons":"20701-20706:A","pointer":"","stick":"20761-20850:0.000000:0.000000"}
[debug-input-file] frame=20773 revision=1884 scripts={"buttons":"20701-20706:A","pointer":"","stick":"20771-20860:0.000000:0.000000"}
[debug-input-file] frame=20783 revision=1885 scripts={"buttons":"20701-20706:A","pointer":"","stick":"20781-20870:0.000000:0.000000"}
[debug-input-file] frame=20793 revision=1886 scripts={"buttons":"20701-20706:A","pointer":"","stick":"20791-20880:0.000000:0.000000"}
[debug-input-file] frame=20802 revision=1887 scripts={"buttons":"20801-20806:A","pointer":"","stick":"20801-20890:0.000000:0.000000"}
[original-process] Debug controller script frame 20802: buttons=active pointer=inactive stick=active hold=0x00000800 axes=0,0
[original-process] Debug controller script frame 20807: buttons=inactive pointer=inactive stick=active hold=0x00000000 axes=0,0
[debug-input-file] frame=20812 revision=1888 scripts={"buttons":"20801-20806:A","pointer":"","stick":"20811-20900:0.000000:0.000000"}
[debug-input-file] frame=20821 revision=1889 scripts={"buttons":"20801-20806:A","pointer":"","stick":"20821-20910:0.000000:0.000000"}
[debug-input-file] frame=20836 revision=1890 scripts={"buttons":"20801-20806:A","pointer":"","stick":"20831-20920:0.000000:0.000000"}
[debug-input-file] frame=20846 revision=1891 scripts={"buttons":"20801-20806:A","pointer":"","stick":"20841-20930:0.000000:0.000000"}
[debug-input-file] frame=20856 revision=1892 scripts={"buttons":"20801-20806:A","pointer":"","stick":"20851-20940:0.000000:0.000000"}
[debug-input-file] frame=20866 revision=1893 scripts={"buttons":"20801-20806:A","pointer":"","stick":"20861-20950:0.000000:0.000000"}
[debug-input-file] frame=20875 revision=1894 scripts={"buttons":"20801-20806:A","pointer":"","stick":"20871-20960:0.000000:0.000000"}
[debug-input-file] frame=20885 revision=1895 scripts={"buttons":"20801-20806:A","pointer":"","stick":"20881-20970:0.000000:0.000000"}
[debug-input-file] frame=20895 revision=1896 scripts={"buttons":"20801-20806:A","pointer":"","stick":"20891-20980:0.000000:0.000000"}
[debug-input-file] frame=20905 revision=1897 scripts={"buttons":"20901-20906:A","pointer":"","stick":"20901-20990:0.000000:0.000000"}
[original-process] Debug controller script frame 20905: buttons=active pointer=inactive stick=active hold=0x00000800 axes=0,0
[original-process] Debug controller script frame 20907: buttons=inactive pointer=inactive stick=active hold=0x00000000 axes=0,0
[debug-input-file] frame=20914 revision=1898 scripts={"buttons":"20901-20906:A","pointer":"","stick":"20911-21000:0.000000:0.000000"}
[debug-input-file] frame=20924 revision=1899 scripts={"buttons":"20901-20906:A","pointer":"","stick":"20921-21010:0.000000:0.000000"}
[debug-input-file] frame=20933 revision=1900 scripts={"buttons":"20901-20906:A","pointer":"","stick":"20931-21020:0.000000:0.000000"}
[debug-input-file] frame=20943 revision=1901 scripts={"buttons":"20901-20906:A","pointer":"","stick":"20941-21030:0.000000:0.000000"}
[debug-input-file] frame=20953 revision=1902 scripts={"buttons":"20901-20906:A","pointer":"","stick":"20951-21040:0.000000:0.000000"}
[debug-input-file] frame=20963 revision=1903 scripts={"buttons":"20901-20906:A","pointer":"","stick":"20961-21050:0.000000:0.000000"}
[debug-input-file] frame=20973 revision=1904 scripts={"buttons":"20901-20906:A","pointer":"","stick":"20971-21060:0.000000:0.000000"}
[debug-input-file] frame=20982 revision=1905 scripts={"buttons":"20901-20906:A","pointer":"","stick":"20981-21070:0.000000:0.000000"}
[debug-input-file] frame=20992 revision=1906 scripts={"buttons":"20901-20906:A","pointer":"","stick":"20991-21080:0.000000:0.000000"}
[debug-input-file] frame=21002 revision=1907 scripts={"buttons":"21001-21006:A","pointer":"","stick":"21001-21090:0.000000:0.000000"}
[original-process] Debug controller script frame 21002: buttons=active pointer=inactive stick=active hold=0x00000800 axes=0,0
[original-process] Debug controller script frame 21007: buttons=inactive pointer=inactive stick=active hold=0x00000000 axes=0,0
[debug-input-file] frame=21016 revision=1908 scripts={"buttons":"21001-21006:A","pointer":"","stick":"21011-21100:0.000000:0.000000"}
[debug-input-file] frame=21025 revision=1909 scripts={"buttons":"21001-21006:A","pointer":"","stick":"21021-21110:0.000000:0.000000"}
[debug-input-file] frame=21035 revision=1910 scripts={"buttons":"21001-21006:A","pointer":"","stick":"21031-21120:0.000000:0.000000"}
[debug-input-file] frame=21045 revision=1911 scripts={"buttons":"21001-21006:A","pointer":"","stick":"21041-21130:0.000000:0.000000"}
[debug-input-file] frame=21055 revision=1912 scripts={"buttons":"21001-21006:A","pointer":"","stick":"21051-21140:0.000000:0.000000"}
[debug-input-file] frame=21064 revision=1913 scripts={"buttons":"21001-21006:A","pointer":"","stick":"21061-21150:0.000000:0.000000"}
[debug-input-file] frame=21074 revision=1914 scripts={"buttons":"21001-21006:A","pointer":"","stick":"21071-21160:0.000000:0.000000"}
[debug-input-file] frame=21084 revision=1915 scripts={"buttons":"21001-21006:A","pointer":"","stick":"21081-21170:0.000000:0.000000"}
[debug-input-file] frame=21094 revision=1916 scripts={"buttons":"21001-21006:A","pointer":"","stick":"21091-21180:0.000000:0.000000"}
[debug-input-file] frame=21104 revision=1917 scripts={"buttons":"21101-21106:A","pointer":"","stick":"21101-21190:0.000000:0.000000"}
[original-process] Debug controller script frame 21104: buttons=active pointer=inactive stick=active hold=0x00000800 axes=0,0
[original-process] Debug controller script frame 21107: buttons=inactive pointer=inactive stick=active hold=0x00000000 axes=0,0
[debug-input-file] frame=21113 revision=1918 scripts={"buttons":"21101-21106:A","pointer":"","stick":"21111-21200:0.000000:0.000000"}
[debug-input-file] frame=21123 revision=1919 scripts={"buttons":"21101-21106:A","pointer":"","stick":"21121-21210:0.000000:0.000000"}
[debug-input-file] frame=21133 revision=1920 scripts={"buttons":"21101-21106:A","pointer":"","stick":"21131-21220:0.000000:0.000000"}
[debug-input-file] frame=21143 revision=1921 scripts={"buttons":"21101-21106:A","pointer":"","stick":"21141-21230:0.000000:0.000000"}
[debug-input-file] frame=21153 revision=1922 scripts={"buttons":"21101-21106:A","pointer":"","stick":"21151-21240:0.000000:0.000000"}
[debug-input-file] frame=21163 revision=1923 scripts={"buttons":"21101-21106:A","pointer":"","stick":"21161-21250:0.000000:0.000000"}
[debug-input-file] frame=21173 revision=1924 scripts={"buttons":"21101-21106:A","pointer":"","stick":"21171-21260:0.000000:0.000000"}
[debug-input-file] frame=21182 revision=1925 scripts={"buttons":"21101-21106:A","pointer":"","stick":"21181-21270:0.000000:0.000000"}
[debug-input-file] frame=21192 revision=1926 scripts={"buttons":"21101-21106:A","pointer":"","stick":"21191-21280:0.000000:0.000000"}
[debug-input-file] frame=21206 revision=1927 scripts={"buttons":"21201-21206:A","pointer":"","stick":"21201-21290:0.000000:0.000000"}
[original-process] Debug controller script frame 21206: buttons=active pointer=inactive stick=active hold=0x00000800 axes=0,0
[original-process] Debug controller script frame 21207: buttons=inactive pointer=inactive stick=active hold=0x00000000 axes=0,0
[debug-input-file] frame=21216 revision=1928 scripts={"buttons":"21201-21206:A","pointer":"","stick":"21211-21300:0.000000:0.000000"}
[debug-input-file] frame=21226 revision=1929 scripts={"buttons":"21201-21206:A","pointer":"","stick":"21221-21310:0.000000:0.000000"}
[debug-input-file] frame=21235 revision=1930 scripts={"buttons":"21201-21206:A","pointer":"","stick":"21231-21320:0.000000:0.000000"}
[debug-input-file] frame=21245 revision=1931 scripts={"buttons":"21201-21206:A","pointer":"","stick":"21241-21330:0.000000:0.000000"}
[debug-input-file] frame=21255 revision=1932 scripts={"buttons":"21201-21206:A","pointer":"","stick":"21251-21340:0.000000:0.000000"}
[debug-input-file] frame=21265 revision=1933 scripts={"buttons":"21201-21206:A","pointer":"","stick":"21261-21350:0.000000:0.000000"}
[debug-input-file] frame=21275 revision=1934 scripts={"buttons":"21201-21206:A","pointer":"","stick":"21271-21360:0.000000:0.000000"}
[debug-input-file] frame=21284 revision=1935 scripts={"buttons":"21201-21206:A","pointer":"","stick":"21281-21370:0.000000:0.000000"}
[debug-input-file] frame=21294 revision=1936 scripts={"buttons":"21201-21206:A","pointer":"","stick":"21291-21380:0.000000:0.000000"}
[debug-input-file] frame=21304 revision=1937 scripts={"buttons":"21301-21306:A","pointer":"","stick":"21301-21390:0.000000:0.000000"}
[original-process] Debug controller script frame 21304: buttons=active pointer=inactive stick=active hold=0x00000800 axes=0,0
[original-process] Debug controller script frame 21307: buttons=inactive pointer=inactive stick=active hold=0x00000000 axes=0,0
[debug-input-file] frame=21314 revision=1938 scripts={"buttons":"21301-21306:A","pointer":"","stick":"21311-21400:0.000000:0.000000"}
[debug-input-file] frame=21324 revision=1939 scripts={"buttons":"21301-21306:A","pointer":"","stick":"21321-21410:0.000000:0.000000"}
[debug-input-file] frame=21333 revision=1940 scripts={"buttons":"21301-21306:A","pointer":"","stick":"21331-21420:0.000000:0.000000"}
[debug-input-file] frame=21343 revision=1941 scripts={"buttons":"21301-21306:A","pointer":"","stick":"21341-21430:0.000000:0.000000"}
[debug-input-file] frame=21352 revision=1942 scripts={"buttons":"21301-21306:A","pointer":"","stick":"21351-21440:0.000000:0.000000"}
[debug-input-file] frame=21362 revision=1943 scripts={"buttons":"21301-21306:A","pointer":"","stick":"21361-21450:0.000000:0.000000"}
[debug-input-file] frame=21372 revision=1944 scripts={"buttons":"21301-21306:A","pointer":"","stick":"21371-21460:0.000000:0.000000"}
[debug-input-file] frame=21381 revision=1945 scripts={"buttons":"21301-21306:A","pointer":"","stick":"21381-21470:0.000000:0.000000"}
[debug-input-file] frame=21396 revision=1946 scripts={"buttons":"21301-21306:A","pointer":"","stick":"21391-21480:0.000000:0.000000"}
[debug-input-file] frame=21406 revision=1947 scripts={"buttons":"21401-21406:A","pointer":"","stick":"21401-21490:0.000000:0.000000"}
[original-process] Debug controller script frame 21406: buttons=active pointer=inactive stick=active hold=0x00000800 axes=0,0
[original-process] Debug controller script frame 21407: buttons=inactive pointer=inactive stick=active hold=0x00000000 axes=0,0
[debug-input-file] frame=21416 revision=1948 scripts={"buttons":"21401-21406:A","pointer":"","stick":"21411-21500:0.000000:0.000000"}
[debug-input-file] frame=21426 revision=1949 scripts={"buttons":"21401-21406:A","pointer":"","stick":"21421-21510:0.000000:0.000000"}
[debug-input-file] frame=21436 revision=1950 scripts={"buttons":"21401-21406:A","pointer":"","stick":"21431-21520:0.000000:0.000000"}
[debug-input-file] frame=21445 revision=1951 scripts={"buttons":"21401-21406:A","pointer":"","stick":"21441-21530:0.000000:0.000000"}
[debug-input-file] frame=21455 revision=1952 scripts={"buttons":"21401-21406:A","pointer":"","stick":"21451-21540:0.000000:0.000000"}
[debug-input-file] frame=21465 revision=1953 scripts={"buttons":"21401-21406:A","pointer":"","stick":"21461-21550:0.000000:0.000000"}
[debug-input-file] frame=21474 revision=1954 scripts={"buttons":"21401-21406:A","pointer":"","stick":"21471-21560:0.000000:0.000000"}
[debug-input-file] frame=21484 revision=1955 scripts={"buttons":"21401-21406:A","pointer":"","stick":"21481-21570:0.000000:0.000000"}
[debug-input-file] frame=21494 revision=1956 scripts={"buttons":"21401-21406:A","pointer":"","stick":"21491-21580:0.000000:0.000000"}
[debug-input-file] frame=21503 revision=1957 scripts={"buttons":"21501-21506:A","pointer":"","stick":"21501-21590:0.000000:0.000000"}
[original-process] Debug controller script frame 21503: buttons=active pointer=inactive stick=active hold=0x00000800 axes=0,0
[original-process] Debug controller script frame 21507: buttons=inactive pointer=inactive stick=active hold=0x00000000 axes=0,0
[debug-input-file] frame=21512 revision=1958 scripts={"buttons":"21501-21506:A","pointer":"","stick":"21511-21600:0.000000:0.000000"}
[debug-input-file] frame=21522 revision=1959 scripts={"buttons":"21501-21506:A","pointer":"","stick":"21521-21610:0.000000:0.000000"}
[debug-input-file] frame=21532 revision=1960 scripts={"buttons":"21501-21506:A","pointer":"","stick":"21531-21620:0.000000:0.000000"}
[debug-input-file] frame=21542 revision=1961 scripts={"buttons":"21501-21506:A","pointer":"","stick":"21541-21630:0.000000:0.000000"}
[debug-input-file] frame=21552 revision=1962 scripts={"buttons":"21501-21506:A","pointer":"","stick":"21551-21640:0.000000:0.000000"}
[debug-input-file] frame=21561 revision=1963 scripts={"buttons":"21501-21506:A","pointer":"","stick":"21561-21650:0.000000:0.000000"}
[debug-input-file] frame=21576 revision=1964 scripts={"buttons":"21501-21506:A","pointer":"","stick":"21571-21660:0.000000:0.000000"}
[debug-input-file] frame=21586 revision=1965 scripts={"buttons":"21501-21506:A","pointer":"","stick":"21581-21670:0.000000:0.000000"}
[debug-input-file] frame=21596 revision=1966 scripts={"buttons":"21501-21506:A","pointer":"","stick":"21591-21680:0.000000:0.000000"}
[debug-input-file] frame=21605 revision=1967 scripts={"buttons":"21601-21606:A","pointer":"","stick":"21601-21690:0.000000:0.000000"}
[original-process] Debug controller script frame 21605: buttons=active pointer=inactive stick=active hold=0x00000800 axes=0,0
[original-process] Debug controller script frame 21607: buttons=inactive pointer=inactive stick=active hold=0x00000000 axes=0,0
[debug-input-file] frame=21615 revision=1968 scripts={"buttons":"21601-21606:A","pointer":"","stick":"21611-21700:0.000000:0.000000"}
[debug-input-file] frame=21625 revision=1969 scripts={"buttons":"21601-21606:A","pointer":"","stick":"21621-21710:0.000000:0.000000"}
[debug-input-file] frame=21635 revision=1970 scripts={"buttons":"21601-21606:A","pointer":"","stick":"21631-21720:0.000000:0.000000"}
[debug-input-file] frame=21645 revision=1971 scripts={"buttons":"21601-21606:A","pointer":"","stick":"21641-21730:0.000000:0.000000"}
[debug-input-file] frame=21655 revision=1972 scripts={"buttons":"21601-21606:A","pointer":"","stick":"21651-21740:0.000000:0.000000"}
[debug-input-file] frame=21664 revision=1973 scripts={"buttons":"21601-21606:A","pointer":"","stick":"21661-21750:0.000000:0.000000"}
[debug-input-file] frame=21674 revision=1974 scripts={"buttons":"21601-21606:A","pointer":"","stick":"21671-21760:0.000000:0.000000"}
[debug-input-file] frame=21684 revision=1975 scripts={"buttons":"21601-21606:A","pointer":"","stick":"21681-21770:0.000000:0.000000"}
[debug-input-file] frame=21693 revision=1976 scripts={"buttons":"21601-21606:A","pointer":"","stick":"21691-21780:0.000000:0.000000"}
[debug-input-file] frame=21703 revision=1977 scripts={"buttons":"21701-21706:A","pointer":"","stick":"21701-21790:0.000000:0.000000"}
[original-process] Debug controller script frame 21703: buttons=active pointer=inactive stick=active hold=0x00000800 axes=0,0
[original-process] Debug controller script frame 21707: buttons=inactive pointer=inactive stick=active hold=0x00000000 axes=0,0
[debug-input-file] frame=21712 revision=1978 scripts={"buttons":"21701-21706:A","pointer":"","stick":"21711-21800:0.000000:0.000000"}
[debug-input-file] frame=21722 revision=1979 scripts={"buttons":"21701-21706:A","pointer":"","stick":"21721-21810:0.000000:0.000000"}
[debug-input-file] frame=21732 revision=1980 scripts={"buttons":"21701-21706:A","pointer":"","stick":"21731-21820:0.000000:0.000000"}
[debug-input-file] frame=21742 revision=1981 scripts={"buttons":"21701-21706:A","pointer":"","stick":"21741-21830:0.000000:0.000000"}
[debug-input-file] frame=21752 revision=1982 scripts={"buttons":"21701-21706:A","pointer":"","stick":"21751-21840:0.000000:0.000000"}
[debug-input-file] frame=21766 revision=1983 scripts={"buttons":"21701-21706:A","pointer":"","stick":"21761-21850:0.000000:0.000000"}
[debug-input-file] frame=21776 revision=1984 scripts={"buttons":"21701-21706:A","pointer":"","stick":"21771-21860:0.000000:0.000000"}
[debug-input-file] frame=21785 revision=1985 scripts={"buttons":"21701-21706:A","pointer":"","stick":"21781-21870:0.000000:0.000000"}
[debug-input-file] frame=21795 revision=1986 scripts={"buttons":"21701-21706:A","pointer":"","stick":"21791-21880:0.000000:0.000000"}
[debug-input-file] frame=21805 revision=1987 scripts={"buttons":"21801-21806:A","pointer":"","stick":"21801-21890:0.000000:0.000000"}
[original-process] Debug controller script frame 21805: buttons=active pointer=inactive stick=active hold=0x00000800 axes=0,0
[original-process] Debug controller script frame 21807: buttons=inactive pointer=inactive stick=active hold=0x00000000 axes=0,0
[debug-input-file] frame=21815 revision=1988 scripts={"buttons":"21801-21806:A","pointer":"","stick":"21811-21900:0.000000:0.000000"}
[debug-input-file] frame=21824 revision=1989 scripts={"buttons":"21801-21806:A","pointer":"","stick":"21821-21910:0.000000:0.000000"}
[debug-input-file] frame=21834 revision=1990 scripts={"buttons":"21801-21806:A","pointer":"","stick":"21831-21920:0.000000:0.000000"}
[debug-input-file] frame=21844 revision=1991 scripts={"buttons":"21801-21806:A","pointer":"","stick":"21841-21930:0.000000:0.000000"}
[debug-input-file] frame=21854 revision=1992 scripts={"buttons":"21801-21806:A","pointer":"","stick":"21851-21940:0.000000:0.000000"}
[debug-input-file] frame=21864 revision=1993 scripts={"buttons":"21801-21806:A","pointer":"","stick":"21861-21950:0.000000:0.000000"}
[debug-input-file] frame=21874 revision=1994 scripts={"buttons":"21801-21806:A","pointer":"","stick":"21871-21960:0.000000:0.000000"}
[debug-input-file] frame=21883 revision=1995 scripts={"buttons":"21801-21806:A","pointer":"","stick":"21881-21970:0.000000:0.000000"}
[debug-input-file] frame=21893 revision=1996 scripts={"buttons":"21801-21806:A","pointer":"","stick":"21891-21980:0.000000:0.000000"}
[debug-input-file] frame=21903 revision=1997 scripts={"buttons":"21901-21906:A","pointer":"","stick":"21901-21990:0.000000:0.000000"}
[original-process] Debug controller script frame 21903: buttons=active pointer=inactive stick=active hold=0x00000800 axes=0,0
[original-process] Debug controller script frame 21907: buttons=inactive pointer=inactive stick=active hold=0x00000000 axes=0,0
[debug-input-file] frame=21913 revision=1998 scripts={"buttons":"21901-21906:A","pointer":"","stick":"21911-22000:0.000000:0.000000"}
[debug-input-file] frame=21922 revision=1999 scripts={"buttons":"21901-21906:A","pointer":"","stick":"21921-22010:0.000000:0.000000"}
[debug-input-file] frame=21932 revision=2000 scripts={"buttons":"21901-21906:A","pointer":"","stick":"21931-22020:0.000000:0.000000"}
[debug-input-file] frame=21942 revision=2001 scripts={"buttons":"21901-21906:A","pointer":"","stick":"21941-22030:0.000000:0.000000"}
[debug-input-file] frame=21952 revision=2002 scripts={"buttons":"21901-21906:A","pointer":"","stick":"21951-22040:0.000000:0.000000"}
[debug-input-file] frame=21962 revision=2003 scripts={"buttons":"21901-21906:A","pointer":"","stick":"21961-22050:0.000000:0.000000"}
[debug-input-file] frame=21976 revision=2004 scripts={"buttons":"21901-21906:A","pointer":"","stick":"21971-22060:0.000000:0.000000"}
[debug-input-file] frame=21986 revision=2005 scripts={"buttons":"21901-21906:A","pointer":"","stick":"21981-22070:0.000000:0.000000"}
[debug-input-file] frame=21996 revision=2006 scripts={"buttons":"21901-21906:A","pointer":"","stick":"21991-22080:0.000000:0.000000"}
[debug-input-file] frame=22006 revision=2007 scripts={"buttons":"22001-22006:A","pointer":"","stick":"22001-22090:0.000000:0.000000"}
[original-process] Debug controller script frame 22006: buttons=active pointer=inactive stick=active hold=0x00000800 axes=0,0
[original-process] Debug controller script frame 22007: buttons=inactive pointer=inactive stick=active hold=0x00000000 axes=0,0
[debug-input-file] frame=22016 revision=2008 scripts={"buttons":"22001-22006:A","pointer":"","stick":"22011-22100:0.000000:0.000000"}
[debug-input-file] frame=22026 revision=2009 scripts={"buttons":"22001-22006:A","pointer":"","stick":"22021-22110:0.000000:0.000000"}
[debug-input-file] frame=22035 revision=2010 scripts={"buttons":"22001-22006:A","pointer":"","stick":"22031-22120:0.000000:0.000000"}
[debug-input-file] frame=22045 revision=2011 scripts={"buttons":"22001-22006:A","pointer":"","stick":"22041-22130:0.000000:0.000000"}
[debug-input-file] frame=22054 revision=2012 scripts={"buttons":"22001-22006:A","pointer":"","stick":"22051-22140:0.000000:0.000000"}
[debug-input-file] frame=22064 revision=2013 scripts={"buttons":"22001-22006:A","pointer":"","stick":"22061-22150:0.000000:0.000000"}
[debug-input-file] frame=22074 revision=2014 scripts={"buttons":"22001-22006:A","pointer":"","stick":"22071-22160:0.000000:0.000000"}
[debug-input-file] frame=22084 revision=2015 scripts={"buttons":"22001-22006:A","pointer":"","stick":"22081-22170:0.000000:0.000000"}
[debug-input-file] frame=22094 revision=2016 scripts={"buttons":"22001-22006:A","pointer":"","stick":"22091-22180:0.000000:0.000000"}
[debug-input-file] frame=22103 revision=2017 scripts={"buttons":"22101-22106:A","pointer":"","stick":"22101-22190:0.000000:0.000000"}
[original-process] Debug controller script frame 22103: buttons=active pointer=inactive stick=active hold=0x00000800 axes=0,0
[original-process] Debug controller script frame 22107: buttons=inactive pointer=inactive stick=active hold=0x00000000 axes=0,0
[debug-input-file] frame=22113 revision=2018 scripts={"buttons":"22101-22106:A","pointer":"","stick":"22111-22200:0.000000:0.000000"}
[debug-input-file] frame=22122 revision=2019 scripts={"buttons":"22101-22106:A","pointer":"","stick":"22121-22210:0.000000:0.000000"}
[debug-input-file] frame=22132 revision=2020 scripts={"buttons":"22101-22106:A","pointer":"","stick":"22131-22220:0.000000:0.000000"}
[debug-input-file] frame=22142 revision=2021 scripts={"buttons":"22101-22106:A","pointer":"","stick":"22141-22230:0.000000:0.000000"}
[debug-input-file] frame=22152 revision=2022 scripts={"buttons":"22101-22106:A","pointer":"","stick":"22151-22240:0.000000:0.000000"}
[debug-input-file] frame=22161 revision=2023 scripts={"buttons":"22101-22106:A","pointer":"","stick":"22161-22250:0.000000:0.000000"}
[debug-input-file] frame=22176 revision=2024 scripts={"buttons":"22101-22106:A","pointer":"","stick":"22171-22260:0.000000:0.000000"}
[debug-input-file] frame=22186 revision=2025 scripts={"buttons":"22101-22106:A","pointer":"","stick":"22181-22270:0.000000:0.000000"}
[debug-input-file] frame=22195 revision=2026 scripts={"buttons":"22101-22106:A","pointer":"","stick":"22191-22280:0.000000:0.000000"}
[debug-input-file] frame=22208 revision=2027 scripts={"buttons":"","pointer":"","stick":""}
[original-process] Debug controller script frame 22208: buttons=inactive pointer=inactive stick=inactive hold=0x00000000 axes=0,0
[debug-input-file] frame=22302 revision=2028 scripts={"buttons":"","pointer":"","stick":"20231-20320:0.565685:0.352768"}
[debug-input-file] frame=22303 revision=2029 scripts={"buttons":"","pointer":"","stick":"20411-20500:0.565685:0.352768"}
[debug-input-file] frame=22304 revision=2030 scripts={"buttons":"","pointer":"","stick":"20591-20680:0.565685:0.352768"}
[debug-input-file] frame=22305 revision=2031 scripts={"buttons":"","pointer":"","stick":"20771-20860:0.565685:0.352768"}
[debug-input-file] frame=22306 revision=2032 scripts={"buttons":"","pointer":"","stick":"20961-21050:0.565685:0.352768"}
[debug-input-file] frame=22307 revision=2033 scripts={"buttons":"","pointer":"","stick":"21141-21230:0.565685:0.352768"}
[debug-input-file] frame=22308 revision=2034 scripts={"buttons":"","pointer":"","stick":"21331-21420:0.565685:0.352768"}
[debug-input-file] frame=22309 revision=2035 scripts={"buttons":"","pointer":"","stick":"21501-21590:0.565685:0.352768"}
[debug-input-file] frame=22310 revision=2036 scripts={"buttons":"","pointer":"","stick":"21731-21820:0.565685:0.352768"}
[debug-input-file] frame=22311 revision=2037 scripts={"buttons":"","pointer":"","stick":"21981-22070:0.565685:0.352768"}
[debug-input-file] frame=22312 revision=2038 scripts={"buttons":"","pointer":"","stick":"22151-22240:0.565685:0.352768"}
[debug-input-file] frame=22313 revision=2039 scripts={"buttons":"","pointer":"","stick":"22311-22400:0.565685:0.352768"}
[original-process] Debug controller script frame 22313: buttons=inactive pointer=inactive stick=active hold=0x00000000 axes=0.565685,0.352768
[debug-input-file] frame=22326 revision=2040 scripts={"buttons":"","pointer":"","stick":"22321-22410:0.565685:0.352768"}
[debug-input-file] frame=22332 revision=2041 scripts={"buttons":"","pointer":"","stick":"22331-22420:0.565685:0.352768"}
[debug-input-file] frame=22345 revision=2042 scripts={"buttons":"","pointer":"","stick":"22341-22430:0.565685:0.352768"}
[debug-input-file] frame=22357 revision=2043 scripts={"buttons":"","pointer":"","stick":"22351-22440:0.563512:0.356229"}
[debug-input-file] frame=22364 revision=2044 scripts={"buttons":"","pointer":"","stick":"22361-22450:0.525559:0.410162"}
[debug-input-file] frame=22376 revision=2045 scripts={"buttons":"","pointer":"","stick":"22371-22460:0.484219:0.458232"}
[debug-input-file] frame=22382 revision=2046 scripts={"buttons":"","pointer":"","stick":"22381-22470:0.474114:0.468679"}
[debug-input-file] frame=22395 revision=2047 scripts={"buttons":"","pointer":"","stick":"22391-22480:0.473531:0.469268"}
[debug-input-file] frame=22408 revision=2048 scripts={"buttons":"","pointer":"","stick":"22401-22490:0.473514:0.469286"}
[debug-input-file] frame=22414 revision=2049 scripts={"buttons":"","pointer":"","stick":"22411-22500:0.473514:0.469286"}
[debug-input-file] frame=22427 revision=2050 scripts={"buttons":"","pointer":"","stick":"22421-22510:0.473514:0.469286"}
[debug-input-file] frame=22432 revision=2051 scripts={"buttons":"","pointer":"","stick":"22431-22520:0.473514:0.469286"}
[debug-input-file] frame=22445 revision=2052 scripts={"buttons":"","pointer":"","stick":"22441-22530:0.473514:0.469286"}
[debug-input-file] frame=22457 revision=2053 scripts={"buttons":"","pointer":"","stick":"22451-22540:0.473514:0.469286"}
[debug-input-file] frame=22464 revision=2054 scripts={"buttons":"","pointer":"","stick":"22461-22550:0.473514:0.469286"}
[debug-input-file] frame=22476 revision=2055 scripts={"buttons":"","pointer":"","stick":"22471-22560:0.473514:0.469286"}
[debug-input-file] frame=22481 revision=2056 scripts={"buttons":"","pointer":"","stick":"22481-22570:0.473514:0.469286"}
[debug-input-file] frame=22494 revision=2057 scripts={"buttons":"","pointer":"","stick":"22491-22580:0.473514:0.469286"}
[debug-input-file] frame=22507 revision=2058 scripts={"buttons":"","pointer":"","stick":"22501-22590:0.473514:0.469286"}
[debug-input-file] frame=22513 revision=2059 scripts={"buttons":"","pointer":"","stick":"22511-22600:0.473514:0.469286"}
[debug-input-file] frame=22525 revision=2060 scripts={"buttons":"","pointer":"","stick":"22521-22610:0.473514:0.469286"}
[debug-input-file] frame=22538 revision=2061 scripts={"buttons":"","pointer":"","stick":"22531-22620:0.473514:0.469286"}
[debug-input-file] frame=22544 revision=2062 scripts={"buttons":"","pointer":"","stick":"22541-22630:0.473514:0.469286"}
[debug-input-file] frame=22557 revision=2063 scripts={"buttons":"","pointer":"","stick":"22551-22640:0.473514:0.469286"}
[debug-input-file] frame=22563 revision=2064 scripts={"buttons":"","pointer":"","stick":"22561-22650:0.473514:0.469286"}
[debug-input-file] frame=22576 revision=2065 scripts={"buttons":"","pointer":"","stick":"22571-22660:0.473514:0.469286"}
[debug-input-file] frame=22581 revision=2066 scripts={"buttons":"","pointer":"","stick":"22581-22670:0.473514:0.469286"}
[debug-input-file] frame=22594 revision=2067 scripts={"buttons":"","pointer":"","stick":"22591-22680:0.473514:0.469286"}
[debug-input-file] frame=22607 revision=2068 scripts={"buttons":"","pointer":"","stick":"22601-22690:0.473514:0.469286"}
[debug-input-file] frame=22613 revision=2069 scripts={"buttons":"","pointer":"","stick":"22611-22700:0.473514:0.469286"}
[debug-input-file] frame=22626 revision=2070 scripts={"buttons":"","pointer":"","stick":"22621-22710:0.473514:0.469286"}
[debug-input-file] frame=22632 revision=2071 scripts={"buttons":"","pointer":"","stick":"22631-22720:0.473514:0.469286"}
[debug-input-file] frame=22645 revision=2072 scripts={"buttons":"","pointer":"","stick":"22641-22730:0.473514:0.469286"}
[debug-input-file] frame=22658 revision=2073 scripts={"buttons":"","pointer":"","stick":"22651-22740:0.473514:0.469286"}
[debug-input-file] frame=22664 revision=2074 scripts={"buttons":"","pointer":"","stick":"22661-22750:0.473514:0.469286"}
[debug-input-file] frame=22677 revision=2075 scripts={"buttons":"","pointer":"","stick":"22671-22760:0.473514:0.469286"}
[debug-input-file] frame=22683 revision=2076 scripts={"buttons":"","pointer":"","stick":"22681-22770:0.473514:0.469286"}
[debug-input-file] frame=22695 revision=2077 scripts={"buttons":"","pointer":"","stick":"22691-22780:0.473514:0.469286"}
[debug-input-file] frame=22708 revision=2078 scripts={"buttons":"","pointer":"","stick":"22701-22790:0.473514:0.469286"}
[debug-input-file] frame=22714 revision=2079 scripts={"buttons":"","pointer":"","stick":"22711-22800:0.473514:0.469286"}
[debug-input-file] frame=22726 revision=2080 scripts={"buttons":"","pointer":"","stick":"22721-22810:0.473514:0.469286"}
[debug-input-file] frame=22732 revision=2081 scripts={"buttons":"","pointer":"","stick":"22731-22820:0.473514:0.469286"}
[debug-input-file] frame=22745 revision=2082 scripts={"buttons":"","pointer":"","stick":"22741-22830:0.473514:0.469286"}
[debug-input-file] frame=22758 revision=2083 scripts={"buttons":"","pointer":"","stick":"22751-22840:0.473514:0.469286"}
[debug-input-file] frame=22764 revision=2084 scripts={"buttons":"","pointer":"","stick":"22761-22850:0.473514:0.469286"}
[debug-input-file] frame=22776 revision=2085 scripts={"buttons":"","pointer":"","stick":"22771-22860:0.473514:0.469286"}
[debug-input-file] frame=22783 revision=2086 scripts={"buttons":"","pointer":"","stick":"22781-22870:0.473514:0.469286"}
[debug-input-file] frame=22795 revision=2087 scripts={"buttons":"","pointer":"","stick":"22791-22880:0.473514:0.469286"}
[debug-input-file] frame=22808 revision=2088 scripts={"buttons":"","pointer":"","stick":"22801-22890:0.473514:0.469286"}
[debug-input-file] frame=22814 revision=2089 scripts={"buttons":"","pointer":"","stick":"22811-22900:0.473514:0.469286"}
[debug-input-file] frame=22826 revision=2090 scripts={"buttons":"","pointer":"","stick":"22821-22910:0.473514:0.469286"}
[debug-input-file] frame=22832 revision=2091 scripts={"buttons":"","pointer":"","stick":"22831-22920:0.473514:0.469286"}
[debug-input-file] frame=22845 revision=2092 scripts={"buttons":"","pointer":"","stick":"22841-22930:0.473514:0.469286"}
[debug-input-file] frame=22858 revision=2093 scripts={"buttons":"","pointer":"","stick":"22851-22940:0.473514:0.469286"}
[debug-input-file] frame=22864 revision=2094 scripts={"buttons":"","pointer":"","stick":"22861-22950:0.473514:0.469286"}
[debug-input-file] frame=22876 revision=2095 scripts={"buttons":"","pointer":"","stick":"22871-22960:0.473514:0.469286"}
[debug-input-file] frame=22882 revision=2096 scripts={"buttons":"","pointer":"","stick":"22881-22970:0.473514:0.469286"}
[debug-input-file] frame=22895 revision=2097 scripts={"buttons":"","pointer":"","stick":"22891-22980:0.473514:0.469286"}
[debug-input-file] frame=22908 revision=2098 scripts={"buttons":"","pointer":"","stick":"22901-22990:0.473514:0.469286"}
[debug-input-file] frame=22914 revision=2099 scripts={"buttons":"","pointer":"","stick":"22911-23000:0.473514:0.469286"}
[debug-input-file] frame=22926 revision=2100 scripts={"buttons":"","pointer":"","stick":"22921-23010:0.473514:0.469286"}
[debug-input-file] frame=22932 revision=2101 scripts={"buttons":"","pointer":"","stick":"22931-23020:0.473514:0.469286"}
[debug-input-file] frame=22945 revision=2102 scripts={"buttons":"","pointer":"","stick":"22941-23030:0.473514:0.469286"}
[debug-input-file] frame=22957 revision=2103 scripts={"buttons":"","pointer":"","stick":"22951-23040:0.473514:0.469286"}
[debug-input-file] frame=22963 revision=2104 scripts={"buttons":"","pointer":"","stick":"22961-23050:0.473514:0.469286"}
[debug-input-file] frame=22976 revision=2105 scripts={"buttons":"","pointer":"","stick":"22971-23060:0.473514:0.469286"}
[debug-input-file] frame=22982 revision=2106 scripts={"buttons":"","pointer":"","stick":"22981-23070:0.473514:0.469286"}
[debug-input-file] frame=22994 revision=2107 scripts={"buttons":"","pointer":"","stick":"22991-23080:0.473514:0.469286"}
[debug-input-file] frame=23007 revision=2108 scripts={"buttons":"","pointer":"","stick":"23001-23090:0.473514:0.469286"}
[debug-input-file] frame=23013 revision=2109 scripts={"buttons":"","pointer":"","stick":"23011-23100:0.473514:0.469286"}
[debug-input-file] frame=23026 revision=2110 scripts={"buttons":"","pointer":"","stick":"23021-23110:0.473514:0.469286"}
[debug-input-file] frame=23032 revision=2111 scripts={"buttons":"","pointer":"","stick":"23031-23120:0.473514:0.469286"}
[debug-input-file] frame=23045 revision=2112 scripts={"buttons":"","pointer":"","stick":"23041-23130:0.473514:0.469286"}
[debug-input-file] frame=23057 revision=2113 scripts={"buttons":"","pointer":"","stick":"23051-23140:0.473514:0.469286"}
[debug-input-file] frame=23063 revision=2114 scripts={"buttons":"","pointer":"","stick":"23061-23150:0.473514:0.469286"}
[debug-input-file] frame=23075 revision=2115 scripts={"buttons":"","pointer":"","stick":"23071-23160:0.473514:0.469286"}
[debug-input-file] frame=23087 revision=2116 scripts={"buttons":"","pointer":"","stick":"23081-23170:0.473514:0.469286"}
[debug-input-file] frame=23093 revision=2117 scripts={"buttons":"","pointer":"","stick":"23091-23180:0.473514:0.469286"}
[debug-input-file] frame=23106 revision=2118 scripts={"buttons":"","pointer":"","stick":"23101-23190:0.473514:0.469286"}
[debug-input-file] frame=23112 revision=2119 scripts={"buttons":"","pointer":"","stick":"23111-23200:0.473514:0.469286"}
[debug-input-file] frame=23125 revision=2120 scripts={"buttons":"","pointer":"","stick":"23121-23210:0.473514:0.469286"}
[debug-input-file] frame=23137 revision=2121 scripts={"buttons":"","pointer":"","stick":"23131-23220:0.473514:0.469286"}
[debug-input-file] frame=23143 revision=2122 scripts={"buttons":"","pointer":"","stick":"23141-23230:0.473514:0.469286"}
[debug-input-file] frame=23156 revision=2123 scripts={"buttons":"","pointer":"","stick":"23151-23240:0.473514:0.469286"}
[debug-input-file] frame=23162 revision=2124 scripts={"buttons":"","pointer":"","stick":"23161-23250:0.473514:0.469286"}
[debug-input-file] frame=23174 revision=2125 scripts={"buttons":"","pointer":"","stick":"23171-23260:0.473514:0.469286"}
[debug-input-file] frame=23186 revision=2126 scripts={"buttons":"","pointer":"","stick":"23181-23270:0.473514:0.469286"}
[debug-input-file] frame=23192 revision=2127 scripts={"buttons":"","pointer":"","stick":"23191-23280:0.473514:0.469286"}
[debug-input-file] frame=23205 revision=2128 scripts={"buttons":"","pointer":"","stick":"23201-23290:0.473514:0.469286"}
[debug-input-file] frame=23218 revision=2129 scripts={"buttons":"","pointer":"","stick":"23211-23300:0.473514:0.469286"}
[debug-input-file] frame=23224 revision=2130 scripts={"buttons":"","pointer":"","stick":"23221-23310:0.473514:0.469286"}
[debug-input-file] frame=23236 revision=2131 scripts={"buttons":"","pointer":"","stick":"23231-23320:0.473514:0.469286"}
[debug-input-file] frame=23242 revision=2132 scripts={"buttons":"","pointer":"","stick":"23241-23330:0.473514:0.469286"}
[debug-input-file] frame=23255 revision=2133 scripts={"buttons":"","pointer":"","stick":"23251-23340:0.473514:0.469286"}
[debug-input-file] frame=23261 revision=2134 scripts={"buttons":"","pointer":"","stick":"23261-23350:0.473514:0.469286"}
[debug-input-file] frame=23274 revision=2135 scripts={"buttons":"","pointer":"","stick":"23271-23360:0.473514:0.469286"}
[debug-input-file] frame=23287 revision=2136 scripts={"buttons":"","pointer":"","stick":"23281-23370:0.473514:0.469286"}
[debug-input-file] frame=23293 revision=2137 scripts={"buttons":"","pointer":"","stick":"23291-23380:0.473514:0.469286"}
[debug-input-file] frame=23306 revision=2138 scripts={"buttons":"","pointer":"","stick":"23301-23390:0.473514:0.469286"}
[debug-input-file] frame=23311 revision=2139 scripts={"buttons":"","pointer":"","stick":"23311-23400:0.473514:0.469286"}
[debug-input-file] frame=23324 revision=2140 scripts={"buttons":"","pointer":"","stick":"23321-23410:0.473514:0.469286"}
[debug-input-file] frame=23337 revision=2141 scripts={"buttons":"","pointer":"","stick":"23331-23420:0.473514:0.469286"}
[debug-input-file] frame=23343 revision=2142 scripts={"buttons":"","pointer":"","stick":"23341-23430:0.473514:0.469286"}
[debug-input-file] frame=23356 revision=2143 scripts={"buttons":"","pointer":"","stick":"23351-23440:0.473514:0.469286"}
[debug-input-file] frame=23361 revision=2144 scripts={"buttons":"","pointer":"","stick":"23361-23450:0.473514:0.469286"}
[debug-input-file] frame=23374 revision=2145 scripts={"buttons":"","pointer":"","stick":"23371-23460:0.473514:0.469286"}
[debug-input-file] frame=23387 revision=2146 scripts={"buttons":"","pointer":"","stick":"23381-23470:0.473514:0.469286"}
[debug-input-file] frame=23393 revision=2147 scripts={"buttons":"","pointer":"","stick":"23391-23480:0.473514:0.469286"}
[debug-input-file] frame=23406 revision=2148 scripts={"buttons":"","pointer":"","stick":"23401-23490:0.473514:0.469286"}
[debug-input-file] frame=23412 revision=2149 scripts={"buttons":"","pointer":"","stick":"23411-23500:0.473514:0.469286"}
[debug-input-file] frame=23425 revision=2150 scripts={"buttons":"","pointer":"","stick":"23421-23510:0.473514:0.469286"}
[debug-input-file] frame=23437 revision=2151 scripts={"buttons":"","pointer":"","stick":"23431-23520:0.473514:0.469286"}
[debug-input-file] frame=23443 revision=2152 scripts={"buttons":"","pointer":"","stick":"23441-23530:0.473514:0.469286"}
[debug-input-file] frame=23456 revision=2153 scripts={"buttons":"","pointer":"","stick":"23451-23540:0.473514:0.469286"}
[debug-input-file] frame=23462 revision=2154 scripts={"buttons":"","pointer":"","stick":"23461-23550:0.473514:0.469286"}
[debug-input-file] frame=23475 revision=2155 scripts={"buttons":"","pointer":"","stick":"23471-23560:0.473514:0.469286"}
[debug-input-file] frame=23487 revision=2156 scripts={"buttons":"","pointer":"","stick":"23481-23570:0.473514:0.469286"}
[debug-input-file] frame=23493 revision=2157 scripts={"buttons":"","pointer":"","stick":"23491-23580:0.473514:0.469286"}
[debug-input-file] frame=23506 revision=2158 scripts={"buttons":"","pointer":"","stick":"23501-23590:0.473514:0.469286"}
[debug-input-file] frame=23512 revision=2159 scripts={"buttons":"","pointer":"","stick":"23511-23600:0.473514:0.469286"}
[debug-input-file] frame=23525 revision=2160 scripts={"buttons":"","pointer":"","stick":"23521-23610:0.473514:0.469286"}
[debug-input-file] frame=23537 revision=2161 scripts={"buttons":"","pointer":"","stick":"23531-23620:0.473514:0.469286"}
[debug-input-file] frame=23543 revision=2162 scripts={"buttons":"","pointer":"","stick":"23541-23630:0.473514:0.469286"}
[debug-input-file] frame=23556 revision=2163 scripts={"buttons":"","pointer":"","stick":"23551-23640:0.473514:0.469286"}
[debug-input-file] frame=23562 revision=2164 scripts={"buttons":"","pointer":"","stick":"23561-23650:0.473514:0.469286"}
[debug-input-file] frame=23575 revision=2165 scripts={"buttons":"","pointer":"","stick":"23571-23660:0.473514:0.469286"}
[debug-input-file] frame=23587 revision=2166 scripts={"buttons":"","pointer":"","stick":"23581-23670:0.473514:0.469286"}
[debug-input-file] frame=23594 revision=2167 scripts={"buttons":"","pointer":"","stick":"23591-23680:0.473514:0.469286"}
[debug-input-file] frame=23606 revision=2168 scripts={"buttons":"","pointer":"","stick":"23601-23690:0.473514:0.469286"}
[debug-input-file] frame=23612 revision=2169 scripts={"buttons":"","pointer":"","stick":"23611-23700:0.473514:0.469286"}
[debug-input-file] frame=23625 revision=2170 scripts={"buttons":"","pointer":"","stick":"23621-23710:0.473514:0.469286"}
[debug-input-file] frame=23638 revision=2171 scripts={"buttons":"","pointer":"","stick":"23631-23720:0.473514:0.469286"}
[debug-input-file] frame=23644 revision=2172 scripts={"buttons":"","pointer":"","stick":"23641-23730:0.473514:0.469286"}
[debug-input-file] frame=23656 revision=2173 scripts={"buttons":"","pointer":"","stick":"23651-23740:0.473514:0.469286"}
[debug-input-file] frame=23662 revision=2174 scripts={"buttons":"","pointer":"","stick":"23661-23750:0.473514:0.469286"}
[debug-input-file] frame=23675 revision=2175 scripts={"buttons":"","pointer":"","stick":"23671-23760:0.473514:0.469286"}
[debug-input-file] frame=23687 revision=2176 scripts={"buttons":"","pointer":"","stick":"23681-23770:0.473514:0.469286"}
[debug-input-file] frame=23694 revision=2177 scripts={"buttons":"","pointer":"","stick":"23691-23780:0.473514:0.469286"}
[debug-input-file] frame=23706 revision=2178 scripts={"buttons":"","pointer":"","stick":"23701-23790:0.473514:0.469286"}
[debug-input-file] frame=23712 revision=2179 scripts={"buttons":"","pointer":"","stick":"23711-23800:0.473514:0.469286"}
[debug-input-file] frame=23725 revision=2180 scripts={"buttons":"","pointer":"","stick":"23721-23810:0.473514:0.469286"}
[debug-input-file] frame=23738 revision=2181 scripts={"buttons":"","pointer":"","stick":"23731-23820:0.473514:0.469286"}
[debug-input-file] frame=23744 revision=2182 scripts={"buttons":"","pointer":"","stick":"23741-23830:0.473514:0.469286"}
[debug-input-file] frame=23757 revision=2183 scripts={"buttons":"","pointer":"","stick":"23751-23840:0.473514:0.469286"}
[debug-input-file] frame=23763 revision=2184 scripts={"buttons":"","pointer":"","stick":"23761-23850:0.473514:0.469286"}
[debug-input-file] frame=23775 revision=2185 scripts={"buttons":"","pointer":"","stick":"23771-23860:0.473514:0.469286"}
[debug-input-file] frame=23788 revision=2186 scripts={"buttons":"","pointer":"","stick":"23781-23870:0.473514:0.469286"}
[debug-input-file] frame=23794 revision=2187 scripts={"buttons":"","pointer":"","stick":"23791-23880:0.473514:0.469286"}
[debug-input-file] frame=23806 revision=2188 scripts={"buttons":"","pointer":"","stick":"23801-23890:0.473514:0.469286"}
[debug-input-file] frame=23812 revision=2189 scripts={"buttons":"","pointer":"","stick":"23811-23900:0.473514:0.469286"}
[debug-input-file] frame=23825 revision=2190 scripts={"buttons":"","pointer":"","stick":"23821-23910:0.473514:0.469286"}
[debug-input-file] frame=23838 revision=2191 scripts={"buttons":"","pointer":"","stick":"23831-23920:0.473514:0.469286"}
[debug-input-file] frame=23844 revision=2192 scripts={"buttons":"","pointer":"","stick":"23841-23930:0.473514:0.469286"}
[debug-input-file] frame=23857 revision=2193 scripts={"buttons":"","pointer":"","stick":"23851-23940:0.473514:0.469286"}
[debug-input-file] frame=23863 revision=2194 scripts={"buttons":"","pointer":"","stick":"23861-23950:0.473514:0.469286"}
[debug-input-file] frame=23876 revision=2195 scripts={"buttons":"","pointer":"","stick":"23871-23960:0.473514:0.469286"}
[debug-input-file] frame=23888 revision=2196 scripts={"buttons":"","pointer":"","stick":"23881-23970:0.473514:0.469286"}
[debug-input-file] frame=23895 revision=2197 scripts={"buttons":"","pointer":"","stick":"23891-23980:0.473514:0.469286"}
[debug-input-file] frame=23907 revision=2198 scripts={"buttons":"","pointer":"","stick":"23901-23990:0.473514:0.469286"}
[debug-input-file] frame=23913 revision=2199 scripts={"buttons":"","pointer":"","stick":"23911-24000:0.473514:0.469286"}
[debug-input-file] frame=23926 revision=2200 scripts={"buttons":"","pointer":"","stick":"23921-24010:0.473514:0.469286"}
[debug-input-file] frame=23932 revision=2201 scripts={"buttons":"","pointer":"","stick":"23931-24020:0.473514:0.469286"}
[debug-input-file] frame=23945 revision=2202 scripts={"buttons":"","pointer":"","stick":"23941-24030:0.473514:0.469286"}
[debug-input-file] frame=23958 revision=2203 scripts={"buttons":"","pointer":"","stick":"23951-24040:0.473514:0.469286"}
[debug-input-file] frame=23964 revision=2204 scripts={"buttons":"","pointer":"","stick":"23961-24050:0.473514:0.469286"}
[debug-input-file] frame=23976 revision=2205 scripts={"buttons":"","pointer":"","stick":"23971-24060:0.473514:0.469286"}
[debug-input-file] frame=23983 revision=2206 scripts={"buttons":"","pointer":"","stick":"23981-24070:0.473514:0.469286"}
[debug-input-file] frame=23996 revision=2207 scripts={"buttons":"","pointer":"","stick":"23991-24080:0.473514:0.469286"}
[debug-input-file] frame=24008 revision=2208 scripts={"buttons":"","pointer":"","stick":"24001-24090:0.473514:0.469286"}
[debug-input-file] frame=24014 revision=2209 scripts={"buttons":"","pointer":"","stick":"24011-24100:0.473514:0.469286"}
[debug-input-file] frame=24026 revision=2210 scripts={"buttons":"","pointer":"","stick":"24021-24110:0.473514:0.469286"}
[debug-input-file] frame=24033 revision=2211 scripts={"buttons":"","pointer":"","stick":"24031-24120:0.473514:0.469286"}
[debug-input-file] frame=24045 revision=2212 scripts={"buttons":"","pointer":"","stick":"24041-24130:0.473514:0.469286"}
[debug-input-file] frame=24058 revision=2213 scripts={"buttons":"","pointer":"","stick":"24051-24140:0.473514:0.469286"}
[debug-input-file] frame=24064 revision=2214 scripts={"buttons":"","pointer":"","stick":"24061-24150:0.473514:0.469286"}
[debug-input-file] frame=24076 revision=2215 scripts={"buttons":"","pointer":"","stick":"24071-24160:0.473514:0.469286"}
[debug-input-file] frame=24083 revision=2216 scripts={"buttons":"","pointer":"","stick":"24081-24170:0.473514:0.469286"}
[debug-input-file] frame=24096 revision=2217 scripts={"buttons":"","pointer":"","stick":"24091-24180:0.473514:0.469286"}
[debug-input-file] frame=24102 revision=2218 scripts={"buttons":"","pointer":"","stick":"24101-24190:0.473514:0.469286"}
[debug-input-file] frame=24114 revision=2219 scripts={"buttons":"","pointer":"","stick":"24111-24200:0.473514:0.469286"}
[debug-input-file] frame=24127 revision=2220 scripts={"buttons":"","pointer":"","stick":"24121-24210:0.473514:0.469286"}
[debug-input-file] frame=24133 revision=2221 scripts={"buttons":"","pointer":"","stick":"24131-24220:0.473514:0.469286"}
[debug-input-file] frame=24145 revision=2222 scripts={"buttons":"","pointer":"","stick":"24141-24230:0.473514:0.469286"}
[debug-input-file] frame=24158 revision=2223 scripts={"buttons":"","pointer":"","stick":"24151-24240:0.473514:0.469286"}
[debug-input-file] frame=24164 revision=2224 scripts={"buttons":"","pointer":"","stick":"24161-24250:0.473514:0.469286"}
[debug-input-file] frame=24176 revision=2225 scripts={"buttons":"","pointer":"","stick":"24171-24260:0.473514:0.469286"}
[debug-input-file] frame=24182 revision=2226 scripts={"buttons":"","pointer":"","stick":"24181-24270:0.473514:0.469286"}
[debug-input-file] frame=24195 revision=2227 scripts={"buttons":"","pointer":"","stick":"24191-24280:0.473514:0.469286"}
[debug-input-file] frame=24208 revision=2228 scripts={"buttons":"","pointer":"","stick":"24201-24290:0.473514:0.469286"}
[debug-input-file] frame=24214 revision=2229 scripts={"buttons":"","pointer":"","stick":"24211-24300:0.473514:0.469286"}
[debug-input-file] frame=24226 revision=2230 scripts={"buttons":"","pointer":"","stick":"24221-24310:0.473514:0.469286"}
[debug-input-file] frame=24232 revision=2231 scripts={"buttons":"","pointer":"","stick":"24231-24320:0.473514:0.469286"}
[debug-input-file] frame=24245 revision=2232 scripts={"buttons":"","pointer":"","stick":"24241-24330:0.473514:0.469286"}
[debug-input-file] frame=24258 revision=2233 scripts={"buttons":"","pointer":"","stick":"24251-24340:0.473514:0.469286"}
[debug-input-file] frame=24264 revision=2234 scripts={"buttons":"","pointer":"","stick":"24261-24350:0.473514:0.469286"}
[debug-input-file] frame=24276 revision=2235 scripts={"buttons":"","pointer":"","stick":"24271-24360:0.473514:0.469286"}
[debug-input-file] frame=24283 revision=2236 scripts={"buttons":"","pointer":"","stick":"24281-24370:0.473514:0.469286"}
[debug-input-file] frame=24295 revision=2237 scripts={"buttons":"","pointer":"","stick":"24291-24380:0.473514:0.469286"}
[debug-input-file] frame=24308 revision=2238 scripts={"buttons":"","pointer":"","stick":"24301-24390:0.473514:0.469286"}
[debug-input-file] frame=24314 revision=2239 scripts={"buttons":"","pointer":"","stick":"24311-24400:0.473514:0.469286"}
[debug-input-file] frame=24326 revision=2240 scripts={"buttons":"","pointer":"","stick":"24321-24410:0.473514:0.469286"}
[debug-input-file] frame=24332 revision=2241 scripts={"buttons":"","pointer":"","stick":"24331-24420:0.473514:0.469286"}
[debug-input-file] frame=24345 revision=2242 scripts={"buttons":"","pointer":"","stick":"24341-24430:0.473514:0.469286"}
[debug-input-file] frame=24358 revision=2243 scripts={"buttons":"","pointer":"","stick":"24351-24440:0.473514:0.469286"}
[debug-input-file] frame=24364 revision=2244 scripts={"buttons":"","pointer":"","stick":"24361-24450:0.473514:0.469286"}
[debug-input-file] frame=24377 revision=2245 scripts={"buttons":"","pointer":"","stick":"24371-24460:0.473514:0.469286"}
[debug-input-file] frame=24383 revision=2246 scripts={"buttons":"","pointer":"","stick":"24381-24470:0.473514:0.469286"}
[debug-input-file] frame=24396 revision=2247 scripts={"buttons":"","pointer":"","stick":"24391-24480:0.473514:0.469286"}
[debug-input-file] frame=24402 revision=2248 scripts={"buttons":"","pointer":"","stick":"24401-24490:0.473514:0.469286"}
[debug-input-file] frame=24415 revision=2249 scripts={"buttons":"","pointer":"","stick":"24411-24500:0.473514:0.469286"}
[debug-input-file] frame=24427 revision=2250 scripts={"buttons":"","pointer":"","stick":"24421-24510:0.473514:0.469286"}
[debug-input-file] frame=24434 revision=2251 scripts={"buttons":"","pointer":"","stick":"24431-24520:0.473514:0.469286"}
[debug-input-file] frame=24446 revision=2252 scripts={"buttons":"","pointer":"","stick":"24441-24530:0.473514:0.469286"}
[debug-input-file] frame=24453 revision=2253 scripts={"buttons":"","pointer":"","stick":"24451-24540:0.473514:0.469286"}
[debug-input-file] frame=24465 revision=2254 scripts={"buttons":"","pointer":"","stick":"24461-24550:0.473514:0.469286"}
[debug-input-file] frame=24478 revision=2255 scripts={"buttons":"","pointer":"","stick":"24471-24560:0.473514:0.469286"}
[debug-input-file] frame=24484 revision=2256 scripts={"buttons":"","pointer":"","stick":"24481-24570:0.473514:0.469286"}
[debug-input-file] frame=24496 revision=2257 scripts={"buttons":"","pointer":"","stick":"24491-24580:0.473514:0.469286"}
[debug-input-file] frame=24502 revision=2258 scripts={"buttons":"","pointer":"","stick":"24501-24590:0.473514:0.469286"}
[debug-input-file] frame=24515 revision=2259 scripts={"buttons":"","pointer":"","stick":"24511-24600:0.473514:0.469286"}
[debug-input-file] frame=24527 revision=2260 scripts={"buttons":"","pointer":"","stick":"24521-24610:0.473514:0.469286"}
[debug-input-file] frame=24534 revision=2261 scripts={"buttons":"","pointer":"","stick":"24531-24620:0.473514:0.469286"}
[debug-input-file] frame=24546 revision=2262 scripts={"buttons":"","pointer":"","stick":"24541-24630:0.473514:0.469286"}
[debug-input-file] frame=24553 revision=2263 scripts={"buttons":"","pointer":"","stick":"24551-24640:0.473514:0.469286"}
[debug-input-file] frame=24565 revision=2264 scripts={"buttons":"","pointer":"","stick":"24561-24650:0.473514:0.469286"}
[debug-input-file] frame=24578 revision=2265 scripts={"buttons":"","pointer":"","stick":"24571-24660:0.473514:0.469286"}
[debug-input-file] frame=24584 revision=2266 scripts={"buttons":"","pointer":"","stick":"24581-24670:0.473514:0.469286"}
[debug-input-file] frame=24596 revision=2267 scripts={"buttons":"","pointer":"","stick":"24591-24680:0.473514:0.469286"}
[debug-input-file] frame=24602 revision=2268 scripts={"buttons":"","pointer":"","stick":"24601-24690:0.473514:0.469286"}
[debug-input-file] frame=24615 revision=2269 scripts={"buttons":"","pointer":"","stick":"24611-24700:0.473514:0.469286"}
[debug-input-file] frame=24627 revision=2270 scripts={"buttons":"","pointer":"","stick":"24621-24710:0.473514:0.469286"}
[debug-input-file] frame=24634 revision=2271 scripts={"buttons":"","pointer":"","stick":"24631-24720:0.473514:0.469286"}
[debug-input-file] frame=24646 revision=2272 scripts={"buttons":"","pointer":"","stick":"24641-24730:0.473514:0.469286"}
[debug-input-file] frame=24652 revision=2273 scripts={"buttons":"","pointer":"","stick":"24651-24740:0.473514:0.469286"}
[debug-input-file] frame=24665 revision=2274 scripts={"buttons":"","pointer":"","stick":"24661-24750:0.473514:0.469286"}
[debug-input-file] frame=24677 revision=2275 scripts={"buttons":"","pointer":"","stick":"24671-24760:0.473514:0.469286"}
[debug-input-file] frame=24684 revision=2276 scripts={"buttons":"","pointer":"","stick":"24681-24770:0.473514:0.469286"}
[debug-input-file] frame=24696 revision=2277 scripts={"buttons":"","pointer":"","stick":"24691-24780:0.473514:0.469286"}
[debug-input-file] frame=24702 revision=2278 scripts={"buttons":"","pointer":"","stick":"24701-24790:0.473514:0.469286"}
[debug-input-file] frame=24715 revision=2279 scripts={"buttons":"","pointer":"","stick":"24711-24800:0.473514:0.469286"}
[debug-input-file] frame=24728 revision=2280 scripts={"buttons":"","pointer":"","stick":"24721-24810:0.473514:0.469286"}
[debug-input-file] frame=24734 revision=2281 scripts={"buttons":"","pointer":"","stick":"24731-24820:0.473514:0.469286"}
[debug-input-file] frame=24746 revision=2282 scripts={"buttons":"","pointer":"","stick":"24741-24830:0.473514:0.469286"}
[debug-input-file] frame=24753 revision=2283 scripts={"buttons":"","pointer":"","stick":"24751-24840:0.473514:0.469286"}
[debug-input-file] frame=24766 revision=2284 scripts={"buttons":"","pointer":"","stick":"24761-24850:0.473514:0.469286"}
[debug-input-file] frame=24771 revision=2285 scripts={"buttons":"","pointer":"","stick":"24771-24860:0.473514:0.469286"}
[debug-input-file] frame=24784 revision=2286 scripts={"buttons":"","pointer":"","stick":"24781-24870:0.473514:0.469286"}
[debug-input-file] frame=24797 revision=2287 scripts={"buttons":"","pointer":"","stick":"24791-24880:0.473514:0.469286"}
[debug-input-file] frame=24803 revision=2288 scripts={"buttons":"","pointer":"","stick":"24801-24890:0.473514:0.469286"}
[debug-input-file] frame=24816 revision=2289 scripts={"buttons":"","pointer":"","stick":"24811-24900:0.473514:0.469286"}
[debug-input-file] frame=24822 revision=2290 scripts={"buttons":"","pointer":"","stick":"24821-24910:0.473514:0.469286"}
[debug-input-file] frame=24835 revision=2291 scripts={"buttons":"","pointer":"","stick":"24831-24920:0.473514:0.469286"}
[debug-input-file] frame=24847 revision=2292 scripts={"buttons":"","pointer":"","stick":"24841-24930:0.473514:0.469286"}
[debug-input-file] frame=24853 revision=2293 scripts={"buttons":"","pointer":"","stick":"24851-24940:0.473514:0.469286"}
[debug-input-file] frame=24866 revision=2294 scripts={"buttons":"","pointer":"","stick":"24861-24950:0.473514:0.469286"}
[debug-input-file] frame=24872 revision=2295 scripts={"buttons":"","pointer":"","stick":"24871-24960:0.473514:0.469286"}
[debug-input-file] frame=24885 revision=2296 scripts={"buttons":"","pointer":"","stick":"24881-24970:0.473514:0.469286"}
[debug-input-file] frame=24897 revision=2297 scripts={"buttons":"","pointer":"","stick":"24891-24980:0.473514:0.469286"}
[debug-input-file] frame=24904 revision=2298 scripts={"buttons":"","pointer":"","stick":"24901-24990:0.473514:0.469286"}
[debug-input-file] frame=24916 revision=2299 scripts={"buttons":"","pointer":"","stick":"24911-25000:0.473514:0.469286"}
[debug-input-file] frame=24922 revision=2300 scripts={"buttons":"","pointer":"","stick":"24921-25010:0.473514:0.469286"}
[debug-input-file] frame=24935 revision=2301 scripts={"buttons":"","pointer":"","stick":"24931-25020:0.473514:0.469286"}
[debug-input-file] frame=24947 revision=2302 scripts={"buttons":"","pointer":"","stick":"24941-25030:0.473514:0.469286"}
[debug-input-file] frame=24954 revision=2303 scripts={"buttons":"","pointer":"","stick":"24951-25040:0.473514:0.469286"}
[debug-input-file] frame=24966 revision=2304 scripts={"buttons":"","pointer":"","stick":"24961-25050:0.473514:0.469286"}
[debug-input-file] frame=24972 revision=2305 scripts={"buttons":"","pointer":"","stick":"24971-25060:0.473514:0.469286"}
[debug-input-file] frame=24985 revision=2306 scripts={"buttons":"","pointer":"","stick":"24981-25070:0.473514:0.469286"}
[debug-input-file] frame=24997 revision=2307 scripts={"buttons":"","pointer":"","stick":"24991-25080:0.473514:0.469286"}
[debug-input-file] frame=25004 revision=2308 scripts={"buttons":"","pointer":"","stick":"25001-25090:0.473514:0.469286"}
[debug-input-file] frame=25016 revision=2309 scripts={"buttons":"","pointer":"","stick":"25011-25100:0.473514:0.469286"}
[debug-input-file] frame=25022 revision=2310 scripts={"buttons":"","pointer":"","stick":"25021-25110:0.473514:0.469286"}
[debug-input-file] frame=25035 revision=2311 scripts={"buttons":"","pointer":"","stick":"25031-25120:0.473514:0.469286"}
[debug-input-file] frame=25047 revision=2312 scripts={"buttons":"","pointer":"","stick":"25041-25130:0.473514:0.469286"}
[debug-input-file] frame=25053 revision=2313 scripts={"buttons":"","pointer":"","stick":"25051-25140:0.473514:0.469286"}
[debug-input-file] frame=25066 revision=2314 scripts={"buttons":"","pointer":"","stick":"25061-25150:0.473514:0.469286"}
[debug-input-file] frame=25072 revision=2315 scripts={"buttons":"","pointer":"","stick":"25071-25160:0.473514:0.469286"}
[debug-input-file] frame=25085 revision=2316 scripts={"buttons":"","pointer":"","stick":"25081-25170:0.473514:0.469286"}
[debug-input-file] frame=25097 revision=2317 scripts={"buttons":"","pointer":"","stick":"25091-25180:0.473514:0.469286"}
[debug-input-file] frame=25103 revision=2318 scripts={"buttons":"","pointer":"","stick":"25101-25190:0.473514:0.469286"}
[debug-input-file] frame=25116 revision=2319 scripts={"buttons":"","pointer":"","stick":"25111-25200:0.473514:0.469286"}
[debug-input-file] frame=25122 revision=2320 scripts={"buttons":"","pointer":"","stick":"25121-25210:0.473514:0.469286"}
[debug-input-file] frame=25135 revision=2321 scripts={"buttons":"","pointer":"","stick":"25131-25220:0.473514:0.469286"}
[debug-input-file] frame=25147 revision=2322 scripts={"buttons":"","pointer":"","stick":"25141-25230:0.473514:0.469286"}
[debug-input-file] frame=25153 revision=2323 scripts={"buttons":"","pointer":"","stick":"25151-25240:0.473514:0.469286"}
[debug-input-file] frame=25166 revision=2324 scripts={"buttons":"","pointer":"","stick":"25161-25250:0.473514:0.469286"}
[debug-input-file] frame=25178 revision=2325 scripts={"buttons":"","pointer":"","stick":"25171-25260:0.473514:0.469286"}
[debug-input-file] frame=25184 revision=2326 scripts={"buttons":"","pointer":"","stick":"25181-25270:0.473514:0.469286"}
[debug-input-file] frame=25197 revision=2327 scripts={"buttons":"","pointer":"","stick":"25191-25280:0.473514:0.469286"}
[debug-input-file] frame=25203 revision=2328 scripts={"buttons":"","pointer":"","stick":"25201-25290:0.473514:0.469286"}
[debug-input-file] frame=25216 revision=2329 scripts={"buttons":"","pointer":"","stick":"25211-25300:0.473514:0.469286"}
[debug-input-file] frame=25222 revision=2330 scripts={"buttons":"","pointer":"","stick":"25221-25310:0.473514:0.469286"}
[debug-input-file] frame=25235 revision=2331 scripts={"buttons":"","pointer":"","stick":"25231-25320:0.473514:0.469286"}
[debug-input-file] frame=25248 revision=2332 scripts={"buttons":"","pointer":"","stick":"25241-25330:0.473514:0.469286"}
[debug-input-file] frame=25254 revision=2333 scripts={"buttons":"","pointer":"","stick":"25251-25340:0.473514:0.469286"}
[debug-input-file] frame=25267 revision=2334 scripts={"buttons":"","pointer":"","stick":"25261-25350:0.473514:0.469286"}
[debug-input-file] frame=25273 revision=2335 scripts={"buttons":"","pointer":"","stick":"25271-25360:0.473514:0.469286"}
[debug-input-file] frame=25286 revision=2336 scripts={"buttons":"","pointer":"","stick":"25281-25370:0.473514:0.469286"}
[debug-input-file] frame=25298 revision=2337 scripts={"buttons":"","pointer":"","stick":"25291-25380:0.473514:0.469286"}
[debug-input-file] frame=25304 revision=2338 scripts={"buttons":"","pointer":"","stick":"25301-25390:0.473514:0.469286"}
[debug-input-file] frame=25317 revision=2339 scripts={"buttons":"","pointer":"","stick":"25311-25400:0.473514:0.469286"}
[debug-input-file] frame=25323 revision=2340 scripts={"buttons":"","pointer":"","stick":"25321-25410:0.473514:0.469286"}
[debug-input-file] frame=25335 revision=2341 scripts={"buttons":"","pointer":"","stick":"25331-25420:0.473514:0.469286"}
[debug-input-file] frame=25348 revision=2342 scripts={"buttons":"","pointer":"","stick":"25341-25430:0.473514:0.469286"}
[debug-input-file] frame=25354 revision=2343 scripts={"buttons":"","pointer":"","stick":"25351-25440:0.473514:0.469286"}
[debug-input-file] frame=25366 revision=2344 scripts={"buttons":"","pointer":"","stick":"25361-25450:0.473514:0.469286"}
[debug-input-file] frame=25373 revision=2345 scripts={"buttons":"","pointer":"","stick":"25371-25460:0.473514:0.469286"}
[debug-input-file] frame=25386 revision=2346 scripts={"buttons":"","pointer":"","stick":"25381-25470:0.473514:0.469286"}
[debug-input-file] frame=25391 revision=2347 scripts={"buttons":"","pointer":"","stick":"25391-25480:0.473514:0.469286"}
[debug-input-file] frame=25404 revision=2348 scripts={"buttons":"","pointer":"","stick":"25401-25490:0.473514:0.469286"}
[debug-input-file] frame=25417 revision=2349 scripts={"buttons":"","pointer":"","stick":"25411-25500:0.473514:0.469286"}
[debug-input-file] frame=25423 revision=2350 scripts={"buttons":"","pointer":"","stick":"25421-25510:0.473514:0.469286"}
[debug-input-file] frame=25436 revision=2351 scripts={"buttons":"","pointer":"","stick":"25431-25520:0.473514:0.469286"}
[debug-input-file] frame=25442 revision=2352 scripts={"buttons":"","pointer":"","stick":"25441-25530:0.473514:0.469286"}
[debug-input-file] frame=25454 revision=2353 scripts={"buttons":"","pointer":"","stick":"25451-25540:0.473514:0.469286"}
[debug-input-file] frame=25467 revision=2354 scripts={"buttons":"","pointer":"","stick":"25461-25550:0.473514:0.469286"}
[debug-input-file] frame=25473 revision=2355 scripts={"buttons":"","pointer":"","stick":"25471-25560:0.473514:0.469286"}
[debug-input-file] frame=25485 revision=2356 scripts={"buttons":"","pointer":"","stick":"25481-25570:0.473514:0.469286"}
[debug-input-file] frame=25498 revision=2357 scripts={"buttons":"","pointer":"","stick":"25491-25580:0.473514:0.469286"}
[debug-input-file] frame=25504 revision=2358 scripts={"buttons":"","pointer":"","stick":"25501-25590:0.473514:0.469286"}
[debug-input-file] frame=25517 revision=2359 scripts={"buttons":"","pointer":"","stick":"25511-25600:0.473514:0.469286"}
[debug-input-file] frame=25523 revision=2360 scripts={"buttons":"","pointer":"","stick":"25521-25610:0.473514:0.469286"}
[debug-input-file] frame=25535 revision=2361 scripts={"buttons":"","pointer":"","stick":"25531-25620:0.473514:0.469286"}
[debug-input-file] frame=25547 revision=2362 scripts={"buttons":"","pointer":"","stick":"25541-25630:0.473514:0.469286"}
[debug-input-file] frame=25553 revision=2363 scripts={"buttons":"","pointer":"","stick":"25551-25640:0.473514:0.469286"}
[debug-input-file] frame=25566 revision=2364 scripts={"buttons":"","pointer":"","stick":"25561-25650:0.473514:0.469286"}
[debug-input-file] frame=25572 revision=2365 scripts={"buttons":"","pointer":"","stick":"25571-25660:0.473514:0.469286"}
[debug-input-file] frame=25585 revision=2366 scripts={"buttons":"","pointer":"","stick":"25581-25670:0.473514:0.469286"}
[debug-input-file] frame=25597 revision=2367 scripts={"buttons":"","pointer":"","stick":"25591-25680:0.473514:0.469286"}
[debug-input-file] frame=25603 revision=2368 scripts={"buttons":"","pointer":"","stick":"25601-25690:0.473514:0.469286"}
[debug-input-file] frame=25616 revision=2369 scripts={"buttons":"","pointer":"","stick":"25611-25700:0.473514:0.469286"}
[debug-input-file] frame=25622 revision=2370 scripts={"buttons":"","pointer":"","stick":"25621-25710:0.473514:0.469286"}
[debug-input-file] frame=25635 revision=2371 scripts={"buttons":"","pointer":"","stick":"25631-25720:0.473514:0.469286"}
[debug-input-file] frame=25647 revision=2372 scripts={"buttons":"","pointer":"","stick":"25641-25730:0.473514:0.469286"}
[debug-input-file] frame=25654 revision=2373 scripts={"buttons":"","pointer":"","stick":"25651-25740:0.473514:0.469286"}
[debug-input-file] frame=25666 revision=2374 scripts={"buttons":"","pointer":"","stick":"25661-25750:0.473514:0.469286"}
[debug-input-file] frame=25672 revision=2375 scripts={"buttons":"","pointer":"","stick":"25671-25760:0.473514:0.469286"}
[debug-input-file] frame=25685 revision=2376 scripts={"buttons":"","pointer":"","stick":"25681-25770:0.473514:0.469286"}
[debug-input-file] frame=25697 revision=2377 scripts={"buttons":"","pointer":"","stick":"25691-25780:0.473514:0.469286"}
[debug-input-file] frame=25704 revision=2378 scripts={"buttons":"","pointer":"","stick":"25701-25790:0.473514:0.469286"}
[debug-input-file] frame=25716 revision=2379 scripts={"buttons":"","pointer":"","stick":"25711-25800:0.473514:0.469286"}
[debug-input-file] frame=25722 revision=2380 scripts={"buttons":"","pointer":"","stick":"25721-25810:0.473514:0.469286"}
[debug-input-file] frame=25735 revision=2381 scripts={"buttons":"","pointer":"","stick":"25731-25820:0.473514:0.469286"}
[debug-input-file] frame=25747 revision=2382 scripts={"buttons":"","pointer":"","stick":"25741-25830:0.473514:0.469286"}
[debug-input-file] frame=25753 revision=2383 scripts={"buttons":"","pointer":"","stick":"25751-25840:0.473514:0.469286"}
[debug-input-file] frame=25766 revision=2384 scripts={"buttons":"","pointer":"","stick":"25761-25850:0.473514:0.469286"}
[debug-input-file] frame=25772 revision=2385 scripts={"buttons":"","pointer":"","stick":"25771-25860:0.473514:0.469286"}
[debug-input-file] frame=25785 revision=2386 scripts={"buttons":"","pointer":"","stick":"25781-25870:0.473514:0.469286"}
[debug-input-file] frame=25798 revision=2387 scripts={"buttons":"","pointer":"","stick":"25791-25880:0.473514:0.469286"}
[debug-input-file] frame=25804 revision=2388 scripts={"buttons":"","pointer":"","stick":"25801-25890:0.473514:0.469286"}
[debug-input-file] frame=25816 revision=2389 scripts={"buttons":"","pointer":"","stick":"25811-25900:0.473514:0.469286"}
[debug-input-file] frame=25823 revision=2390 scripts={"buttons":"","pointer":"","stick":"25821-25910:0.473514:0.469286"}
[debug-input-file] frame=25835 revision=2391 scripts={"buttons":"","pointer":"","stick":"25831-25920:0.473514:0.469286"}
[debug-input-file] frame=25848 revision=2392 scripts={"buttons":"","pointer":"","stick":"25841-25930:0.473514:0.469286"}
[debug-input-file] frame=25854 revision=2393 scripts={"buttons":"","pointer":"","stick":"25851-25940:0.473514:0.469286"}
[debug-input-file] frame=25867 revision=2394 scripts={"buttons":"","pointer":"","stick":"25861-25950:0.473514:0.469286"}
[debug-input-file] frame=25873 revision=2395 scripts={"buttons":"","pointer":"","stick":"25871-25960:0.473514:0.469286"}
[debug-input-file] frame=25886 revision=2396 scripts={"buttons":"","pointer":"","stick":"25881-25970:0.473514:0.469286"}
[debug-input-file] frame=25892 revision=2397 scripts={"buttons":"","pointer":"","stick":"25891-25980:0.473514:0.469286"}
[debug-input-file] frame=25905 revision=2398 scripts={"buttons":"","pointer":"","stick":"25901-25990:0.473514:0.469286"}
[debug-input-file] frame=25917 revision=2399 scripts={"buttons":"","pointer":"","stick":"25911-26000:0.473514:0.469286"}
[debug-input-file] frame=25924 revision=2400 scripts={"buttons":"","pointer":"","stick":"25921-26010:0.473514:0.469286"}
[debug-input-file] frame=25936 revision=2401 scripts={"buttons":"","pointer":"","stick":"25931-26020:0.473514:0.469286"}
[debug-input-file] frame=25942 revision=2402 scripts={"buttons":"","pointer":"","stick":"25941-26030:0.473514:0.469286"}
[debug-input-file] frame=25954 revision=2403 scripts={"buttons":"","pointer":"","stick":"25951-26040:0.473514:0.469286"}
[debug-input-file] frame=25967 revision=2404 scripts={"buttons":"","pointer":"","stick":"25961-26050:0.473514:0.469286"}
[debug-input-file] frame=25973 revision=2405 scripts={"buttons":"","pointer":"","stick":"25971-26060:0.473514:0.469286"}
[debug-input-file] frame=25986 revision=2406 scripts={"buttons":"","pointer":"","stick":"25981-26070:0.473514:0.469286"}
[debug-input-file] frame=25992 revision=2407 scripts={"buttons":"","pointer":"","stick":"25991-26080:0.473514:0.469286"}
[debug-input-file] frame=26005 revision=2408 scripts={"buttons":"","pointer":"","stick":"26001-26090:0.000000:0.000000"}
[original-process] Debug controller script frame 26091: buttons=inactive pointer=inactive stick=inactive hold=0x00000000 axes=0,0
[debug-input-file] frame=29455 revision=2409 scripts={"buttons":"29460-29490:A;29590-29620:A","pointer":"","stick":""}
[original-process] Debug controller script frame 29460: buttons=active pointer=inactive stick=inactive hold=0x00000800 axes=0,0
[original-process] Debug controller script frame 29491: buttons=inactive pointer=inactive stick=inactive hold=0x00000000 axes=0,0
[original-process] Debug controller script frame 29590: buttons=active pointer=inactive stick=inactive hold=0x00000800 axes=0,0
[original-process] Debug controller script frame 29621: buttons=inactive pointer=inactive stick=inactive hold=0x00000000 axes=0,0
[debug-input-file] frame=30781 revision=2410 scripts={"buttons":"","pointer":"","stick":"29861-29950:0.565685:0.352768"}
[debug-input-file] frame=30782 revision=2411 scripts={"buttons":"","pointer":"","stick":"30041-30130:0.565685:0.352768"}
[debug-input-file] frame=30783 revision=2412 scripts={"buttons":"","pointer":"","stick":"30211-30300:0.565685:0.352768"}
[debug-input-file] frame=30784 revision=2413 scripts={"buttons":"","pointer":"","stick":"30371-30460:0.565685:0.352768"}
[debug-input-file] frame=30785 revision=2414 scripts={"buttons":"","pointer":"","stick":"30551-30640:0.565685:0.352768"}
[debug-input-file] frame=30786 revision=2415 scripts={"buttons":"","pointer":"","stick":"30741-30830:0.565685:0.352768"}
[original-process] Debug controller script frame 30786: buttons=inactive pointer=inactive stick=active hold=0x00000000 axes=0.565685,0.352768
[debug-input-file] frame=30787 revision=2416 scripts={"buttons":"","pointer":"","stick":"30781-30870:0.565685:0.352768"}
[debug-input-file] frame=30793 revision=2417 scripts={"buttons":"","pointer":"","stick":"30791-30880:0.565685:0.352768"}
[debug-input-file] frame=30805 revision=2418 scripts={"buttons":"","pointer":"","stick":"30801-30890:0.565685:0.352768"}
[debug-input-file] frame=30817 revision=2419 scripts={"buttons":"","pointer":"","stick":"30811-30900:0.565685:0.352768"}
[debug-input-file] frame=30822 revision=2420 scripts={"buttons":"","pointer":"","stick":"30821-30910:0.565685:0.352768"}
[debug-input-file] frame=30834 revision=2421 scripts={"buttons":"","pointer":"","stick":"30831-30920:0.565685:0.352768"}
[debug-input-file] frame=30846 revision=2422 scripts={"buttons":"","pointer":"","stick":"30841-30930:0.565685:0.352768"}
[debug-input-file] frame=30852 revision=2423 scripts={"buttons":"","pointer":"","stick":"30851-30940:0.366770:0.300168"}
[debug-input-file] frame=30864 revision=2424 scripts={"buttons":"","pointer":"","stick":"30861-30950:0.327489:0.230747"}
[debug-input-file] frame=30876 revision=2425 scripts={"buttons":"","pointer":"","stick":"30871-30960:0.327476:0.230412"}
[debug-input-file] frame=30882 revision=2426 scripts={"buttons":"","pointer":"","stick":"30881-30970:0.327258:0.224553"}
[debug-input-file] frame=30894 revision=2427 scripts={"buttons":"","pointer":"","stick":"30891-30980:0.327185:0.222513"}
[debug-input-file] frame=30906 revision=2428 scripts={"buttons":"","pointer":"","stick":"30901-30990:0.327118:0.220588"}
[debug-input-file] frame=30912 revision=2429 scripts={"buttons":"","pointer":"","stick":"30911-31000:0.325633:0.220567"}
[debug-input-file] frame=30923 revision=2430 scripts={"buttons":"","pointer":"","stick":"30921-31010:0.322652:0.222512"}
[debug-input-file] frame=30935 revision=2431 scripts={"buttons":"","pointer":"","stick":"30931-31020:0.318327:0.225681"}
[debug-input-file] frame=30947 revision=2432 scripts={"buttons":"","pointer":"","stick":"30941-31030:0.306799:0.236509"}
[debug-input-file] frame=30953 revision=2433 scripts={"buttons":"","pointer":"","stick":"30951-31040:0.305308:0.239027"}
[debug-input-file] frame=30965 revision=2434 scripts={"buttons":"","pointer":"","stick":"30961-31050:0.303495:0.241382"}
[debug-input-file] frame=30977 revision=2435 scripts={"buttons":"","pointer":"","stick":"30971-31060:0.306037:0.238113"}
[debug-input-file] frame=30982 revision=2436 scripts={"buttons":"","pointer":"","stick":"30981-31070:0.304543:0.240029"}
[debug-input-file] frame=30994 revision=2437 scripts={"buttons":"","pointer":"","stick":"30991-31080:0.306887:0.237055"}
[debug-input-file] frame=31006 revision=2438 scripts={"buttons":"","pointer":"","stick":"31001-31090:0.305116:0.239245"}
[debug-input-file] frame=31012 revision=2439 scripts={"buttons":"","pointer":"","stick":"31011-31100:0.302679:0.242320"}
[debug-input-file] frame=31024 revision=2440 scripts={"buttons":"","pointer":"","stick":"31021-31110:0.305900:0.238280"}
[debug-input-file] frame=31036 revision=2441 scripts={"buttons":"","pointer":"","stick":"31031-31120:0.303684:0.241181"}
[debug-input-file] frame=31042 revision=2442 scripts={"buttons":"","pointer":"","stick":"31041-31130:0.306678:0.237370"}
[debug-input-file] frame=31054 revision=2443 scripts={"buttons":"","pointer":"","stick":"31051-31140:0.304293:0.240479"}
[debug-input-file] frame=31066 revision=2444 scripts={"buttons":"","pointer":"","stick":"31061-31150:0.306949:0.237102"}
[debug-input-file] frame=31072 revision=2445 scripts={"buttons":"","pointer":"","stick":"31071-31160:0.305240:0.239215"}
[debug-input-file] frame=31084 revision=2446 scripts={"buttons":"","pointer":"","stick":"31081-31170:0.302892:0.242205"}
[debug-input-file] frame=31096 revision=2447 scripts={"buttons":"","pointer":"","stick":"31091-31180:0.306041:0.238234"}
[debug-input-file] frame=31102 revision=2448 scripts={"buttons":"","pointer":"","stick":"31101-31190:0.304139:0.240554"}
[debug-input-file] frame=31113 revision=2449 scripts={"buttons":"","pointer":"","stick":"31111-31200:0.306556:0.237499"}
[debug-input-file] frame=31126 revision=2450 scripts={"buttons":"","pointer":"","stick":"31121-31210:0.304481:0.240133"}
[debug-input-file] frame=31131 revision=2451 scripts={"buttons":"","pointer":"","stick":"31131-31220:0.307069:0.236826"}
[debug-input-file] frame=31143 revision=2452 scripts={"buttons":"","pointer":"","stick":"31141-31230:0.305199:0.239185"}
[debug-input-file] frame=31155 revision=2453 scripts={"buttons":"","pointer":"","stick":"31151-31240:0.302844:0.242241"}
[debug-input-file] frame=31167 revision=2454 scripts={"buttons":"","pointer":"","stick":"31161-31250:0.305939:0.238256"}
[debug-input-file] frame=31173 revision=2455 scripts={"buttons":"","pointer":"","stick":"31171-31260:0.303790:0.241002"}
[debug-input-file] frame=31185 revision=2456 scripts={"buttons":"","pointer":"","stick":"31181-31270:0.306507:0.237495"}
[debug-input-file] frame=31197 revision=2457 scripts={"buttons":"","pointer":"","stick":"31191-31280:0.304832:0.239632"}
[debug-input-file] frame=31203 revision=2458 scripts={"buttons":"","pointer":"","stick":"31201-31290:0.307386:0.236402"}
[debug-input-file] frame=31215 revision=2459 scripts={"buttons":"","pointer":"","stick":"31211-31300:0.304915:0.239568"}
[debug-input-file] frame=31227 revision=2460 scripts={"buttons":"","pointer":"","stick":"31221-31310:0.302830:0.242267"}
[debug-input-file] frame=31233 revision=2461 scripts={"buttons":"","pointer":"","stick":"31231-31320:0.305890:0.238324"}
[debug-input-file] frame=31245 revision=2462 scripts={"buttons":"","pointer":"","stick":"31241-31330:0.303591:0.241214"}
[debug-input-file] frame=31257 revision=2463 scripts={"buttons":"","pointer":"","stick":"31251-31340:0.306336:0.237820"}
[debug-input-file] frame=31263 revision=2464 scripts={"buttons":"","pointer":"","stick":"31261-31350:0.304769:0.239840"}
[debug-input-file] frame=31274 revision=2465 scripts={"buttons":"","pointer":"","stick":"31271-31360:0.307435:0.236493"}
[debug-input-file] frame=31286 revision=2466 scripts={"buttons":"","pointer":"","stick":"31281-31370:0.304972:0.239566"}
[debug-input-file] frame=31292 revision=2467 scripts={"buttons":"","pointer":"","stick":"31291-31380:0.302826:0.242256"}
[debug-input-file] frame=31304 revision=2468 scripts={"buttons":"","pointer":"","stick":"31301-31390:0.306038:0.238223"}
[debug-input-file] frame=31316 revision=2469 scripts={"buttons":"","pointer":"","stick":"31311-31400:0.303802:0.241152"}
[debug-input-file] frame=31322 revision=2470 scripts={"buttons":"","pointer":"","stick":"31321-31410:0.306467:0.237763"}
[debug-input-file] frame=31334 revision=2471 scripts={"buttons":"","pointer":"","stick":"31331-31420:0.304728:0.240042"}
[debug-input-file] frame=31346 revision=2472 scripts={"buttons":"","pointer":"","stick":"31341-31430:0.307359:0.236682"}
[debug-input-file] frame=31351 revision=2473 scripts={"buttons":"","pointer":"","stick":"31351-31440:0.305296:0.239257"}
[debug-input-file] frame=31364 revision=2474 scripts={"buttons":"","pointer":"","stick":"31361-31450:0.302966:0.242286"}
[debug-input-file] frame=31376 revision=2475 scripts={"buttons":"","pointer":"","stick":"31371-31460:0.306103:0.238321"}
[debug-input-file] frame=31382 revision=2476 scripts={"buttons":"","pointer":"","stick":"31381-31470:0.304201:0.240641"}
[debug-input-file] frame=31394 revision=2477 scripts={"buttons":"","pointer":"","stick":"31391-31480:0.306935:0.237176"}
[debug-input-file] frame=31406 revision=2478 scripts={"buttons":"","pointer":"","stick":"31401-31490:0.304844:0.239760"}
[debug-input-file] frame=31411 revision=2479 scripts={"buttons":"","pointer":"","stick":"31411-31500:0.307059:0.236912"}
[debug-input-file] frame=31423 revision=2480 scripts={"buttons":"","pointer":"","stick":"31421-31510:0.305188:0.239287"}
[debug-input-file] frame=31435 revision=2481 scripts={"buttons":"","pointer":"","stick":"31431-31520:0.302833:0.242344"}
[debug-input-file] frame=31447 revision=2482 scripts={"buttons":"","pointer":"","stick":"31441-31530:0.305928:0.238358"}
[debug-input-file] frame=31453 revision=2483 scripts={"buttons":"","pointer":"","stick":"31451-31540:0.304105:0.240688"}
[debug-input-file] frame=31464 revision=2484 scripts={"buttons":"","pointer":"","stick":"31461-31550:0.306485:0.237618"}
[debug-input-file] frame=31477 revision=2485 scripts={"buttons":"","pointer":"","stick":"31471-31560:0.304743:0.239761"}
[debug-input-file] frame=31483 revision=2486 scripts={"buttons":"","pointer":"","stick":"31481-31570:0.306996:0.236928"}
[debug-input-file] frame=31495 revision=2487 scripts={"buttons":"","pointer":"","stick":"31491-31580:0.304865:0.239645"}
[debug-input-file] frame=31507 revision=2488 scripts={"buttons":"","pointer":"","stick":"31501-31590:0.302793:0.242323"}
[debug-input-file] frame=31513 revision=2489 scripts={"buttons":"","pointer":"","stick":"31511-31600:0.305853:0.238381"}
[debug-input-file] frame=31525 revision=2490 scripts={"buttons":"","pointer":"","stick":"31521-31610:0.303877:0.240865"}
[debug-input-file] frame=31537 revision=2491 scripts={"buttons":"","pointer":"","stick":"31531-31620:0.306272:0.237888"}
[debug-input-file] frame=31543 revision=2492 scripts={"buttons":"","pointer":"","stick":"31541-31630:0.304352:0.240347"}
[debug-input-file] frame=31555 revision=2493 scripts={"buttons":"","pointer":"","stick":"31551-31640:0.307069:0.236969"}
[debug-input-file] frame=31568 revision=2494 scripts={"buttons":"","pointer":"","stick":"31561-31650:0.305025:0.239587"}
[debug-input-file] frame=31573 revision=2495 scripts={"buttons":"","pointer":"","stick":"31571-31660:0.303168:0.241907"}
[debug-input-file] frame=31585 revision=2496 scripts={"buttons":"","pointer":"","stick":"31581-31670:0.305987:0.238293"}
[debug-input-file] frame=31598 revision=2497 scripts={"buttons":"","pointer":"","stick":"31591-31680:0.304067:0.240735"}
[debug-input-file] frame=31603 revision=2498 scripts={"buttons":"","pointer":"","stick":"31601-31690:0.306341:0.237821"}
[debug-input-file] frame=31615 revision=2499 scripts={"buttons":"","pointer":"","stick":"31611-31700:0.304287:0.240414"}
[debug-input-file] frame=31627 revision=2500 scripts={"buttons":"","pointer":"","stick":"31621-31710:0.306948:0.237089"}
[debug-input-file] frame=31633 revision=2501 scripts={"buttons":"","pointer":"","stick":"31631-31720:0.305302:0.239216"}
[debug-input-file] frame=31645 revision=2502 scripts={"buttons":"","pointer":"","stick":"31641-31730:0.303256:0.241871"}
[debug-input-file] frame=31657 revision=2503 scripts={"buttons":"","pointer":"","stick":"31651-31740:0.305679:0.238727"}
[debug-input-file] frame=31663 revision=2504 scripts={"buttons":"","pointer":"","stick":"31661-31750:0.303841:0.241067"}
[debug-input-file] frame=31675 revision=2505 scripts={"buttons":"","pointer":"","stick":"31671-31760:0.306897:0.237143"}
[debug-input-file] frame=31687 revision=2506 scripts={"buttons":"","pointer":"","stick":"31681-31770:0.304887:0.239716"}
[debug-input-file] frame=31693 revision=2507 scripts={"buttons":"","pointer":"","stick":"31691-31780:0.307417:0.236520"}
[debug-input-file] frame=31706 revision=2508 scripts={"buttons":"","pointer":"","stick":"31701-31790:0.304945:0.239687"}
[debug-input-file] frame=31712 revision=2509 scripts={"buttons":"","pointer":"","stick":"31711-31800:0.303125:0.241966"}
[debug-input-file] frame=31724 revision=2510 scripts={"buttons":"","pointer":"","stick":"31721-31810:0.305989:0.238362"}
[debug-input-file] frame=31736 revision=2511 scripts={"buttons":"","pointer":"","stick":"31731-31820:0.304072:0.240877"}
[debug-input-file] frame=31742 revision=2512 scripts={"buttons":"","pointer":"","stick":"31741-31830:0.306410:0.237897"}
[debug-input-file] frame=31754 revision=2513 scripts={"buttons":"","pointer":"","stick":"31751-31840:0.304351:0.240564"}
[debug-input-file] frame=31766 revision=2514 scripts={"buttons":"","pointer":"","stick":"31761-31850:0.307334:0.236761"}
[debug-input-file] frame=31772 revision=2515 scripts={"buttons":"","pointer":"","stick":"31771-31860:0.305290:0.239302"}
[debug-input-file] frame=31783 revision=2516 scripts={"buttons":"","pointer":"","stick":"31781-31870:0.303257:0.241897"}
[debug-input-file] frame=31795 revision=2517 scripts={"buttons":"","pointer":"","stick":"31791-31880:0.306068:0.238286"}
[debug-input-file] frame=31807 revision=2518 scripts={"buttons":"","pointer":"","stick":"31801-31890:0.303825:0.241135"}
[debug-input-file] frame=31813 revision=2519 scripts={"buttons":"","pointer":"","stick":"31811-31900:0.306805:0.237410"}
[debug-input-file] frame=31825 revision=2520 scripts={"buttons":"","pointer":"","stick":"31821-31910:0.304410:0.240446"}
[debug-input-file] frame=31837 revision=2521 scripts={"buttons":"","pointer":"","stick":"31831-31920:0.307051:0.237159"}
[debug-input-file] frame=31843 revision=2522 scripts={"buttons":"","pointer":"","stick":"31841-31930:0.305084:0.239695"}
[debug-input-file] frame=31855 revision=2523 scripts={"buttons":"","pointer":"","stick":"31851-31940:0.303395:0.241901"}
[debug-input-file] frame=31867 revision=2524 scripts={"buttons":"","pointer":"","stick":"31861-31950:0.306166:0.238350"}
[debug-input-file] frame=31872 revision=2525 scripts={"buttons":"","pointer":"","stick":"31871-31960:0.303989:0.241146"}
[debug-input-file] frame=31884 revision=2526 scripts={"buttons":"","pointer":"","stick":"31881-31970:0.306758:0.237653"}
[debug-input-file] frame=31896 revision=2527 scripts={"buttons":"","pointer":"","stick":"31891-31980:0.304696:0.240181"}
[debug-input-file] frame=31902 revision=2528 scripts={"buttons":"","pointer":"","stick":"31901-31990:0.302620:0.242779"}
[debug-input-file] frame=31914 revision=2529 scripts={"buttons":"","pointer":"","stick":"31911-32000:0.305896:0.238690"}
[debug-input-file] frame=31925 revision=2530 scripts={"buttons":"","pointer":"","stick":"31921-32010:0.304027:0.241153"}
[debug-input-file] frame=31938 revision=2531 scripts={"buttons":"","pointer":"","stick":"31931-32020:0.306430:0.238165"}
[debug-input-file] frame=31944 revision=2532 scripts={"buttons":"","pointer":"","stick":"31941-32030:0.304520:0.240542"}
[debug-input-file] frame=31956 revision=2533 scripts={"buttons":"","pointer":"","stick":"31951-32040:0.307512:0.236736"}
[debug-input-file] frame=31961 revision=2534 scripts={"buttons":"","pointer":"","stick":"31961-32050:0.305464:0.239280"}
[debug-input-file] frame=31973 revision=2535 scripts={"buttons":"","pointer":"","stick":"31971-32060:0.303457:0.241905"}
[debug-input-file] frame=31985 revision=2536 scripts={"buttons":"","pointer":"","stick":"31981-32070:0.305930:0.238729"}
[debug-input-file] frame=31997 revision=2537 scripts={"buttons":"","pointer":"","stick":"31991-32080:0.304017:0.241158"}
[debug-input-file] frame=32003 revision=2538 scripts={"buttons":"","pointer":"","stick":"32001-32090:0.307013:0.237400"}
[debug-input-file] frame=32015 revision=2539 scripts={"buttons":"","pointer":"","stick":"32011-32100:0.304936:0.240038"}
[debug-input-file] frame=32027 revision=2540 scripts={"buttons":"","pointer":"","stick":"32021-32110:0.307538:0.236769"}
[debug-input-file] frame=32033 revision=2541 scripts={"buttons":"","pointer":"","stick":"32031-32120:0.305527:0.239382"}
[debug-input-file] frame=32045 revision=2542 scripts={"buttons":"","pointer":"","stick":"32041-32130:0.303146:0.242467"}
[debug-input-file] frame=32057 revision=2543 scripts={"buttons":"","pointer":"","stick":"32051-32140:0.305906:0.238896"}
[debug-input-file] frame=32063 revision=2544 scripts={"buttons":"","pointer":"","stick":"32061-32150:0.304087:0.241208"}
[debug-input-file] frame=32075 revision=2545 scripts={"buttons":"","pointer":"","stick":"32071-32160:0.307143:0.237283"}
[debug-input-file] frame=32087 revision=2546 scripts={"buttons":"","pointer":"","stick":"32081-32170:0.305133:0.239857"}
[debug-input-file] frame=32093 revision=2547 scripts={"buttons":"","pointer":"","stick":"32091-32180:0.307663:0.236661"}
[debug-input-file] frame=32105 revision=2548 scripts={"buttons":"","pointer":"","stick":"32101-32190:0.305512:0.239419"}
[debug-input-file] frame=32117 revision=2549 scripts={"buttons":"","pointer":"","stick":"32111-32200:0.303081:0.242557"}
[debug-input-file] frame=32123 revision=2550 scripts={"buttons":"","pointer":"","stick":"32121-32210:0.305784:0.239040"}
[debug-input-file] frame=32135 revision=2551 scripts={"buttons":"","pointer":"","stick":"32131-32220:0.304154:0.241080"}
[debug-input-file] frame=32147 revision=2552 scripts={"buttons":"","pointer":"","stick":"32141-32230:0.306880:0.237674"}
[debug-input-file] frame=32153 revision=2553 scripts={"buttons":"","pointer":"","stick":"32151-32240:0.304958:0.240151"}
[debug-input-file] frame=32165 revision=2554 scripts={"buttons":"","pointer":"","stick":"32161-32250:0.307301:0.237231"}
[debug-input-file] frame=32177 revision=2555 scripts={"buttons":"","pointer":"","stick":"32171-32260:0.305240:0.239874"}
[debug-input-file] frame=32183 revision=2556 scripts={"buttons":"","pointer":"","stick":"32181-32270:0.303125:0.242589"}
[debug-input-file] frame=32194 revision=2557 scripts={"buttons":"","pointer":"","stick":"32191-32280:0.306310:0.238527"}
[debug-input-file] frame=32207 revision=2558 scripts={"buttons":"","pointer":"","stick":"32201-32290:0.304409:0.241043"}
[debug-input-file] frame=32212 revision=2559 scripts={"buttons":"","pointer":"","stick":"32211-32300:0.306731:0.238142"}
[debug-input-file] frame=32225 revision=2560 scripts={"buttons":"","pointer":"","stick":"32221-32310:0.304994:0.240400"}
[debug-input-file] frame=32237 revision=2561 scripts={"buttons":"","pointer":"","stick":"32231-32320:0.307629:0.237085"}
[debug-input-file] frame=32242 revision=2562 scripts={"buttons":"","pointer":"","stick":"32241-32330:0.305311:0.240085"}
[debug-input-file] frame=32254 revision=2563 scripts={"buttons":"","pointer":"","stick":"32251-32340:0.303616:0.242237"}
[debug-input-file] frame=32266 revision=2564 scripts={"buttons":"","pointer":"","stick":"32261-32350:0.306434:0.238679"}
[debug-input-file] frame=32272 revision=2565 scripts={"buttons":"","pointer":"","stick":"32271-32360:0.304205:0.241427"}
[debug-input-file] frame=32285 revision=2566 scripts={"buttons":"","pointer":"","stick":"32281-32370:0.306996:0.237913"}
[debug-input-file] frame=32297 revision=2567 scripts={"buttons":"","pointer":"","stick":"32291-32380:0.305333:0.240028"}
[debug-input-file] frame=32302 revision=2568 scripts={"buttons":"","pointer":"","stick":"32301-32390:0.307577:0.237201"}
[debug-input-file] frame=32314 revision=2569 scripts={"buttons":"","pointer":"","stick":"32311-32400:0.305708:0.239506"}
[debug-input-file] frame=32326 revision=2570 scripts={"buttons":"","pointer":"","stick":"32321-32410:0.303615:0.242160"}
[debug-input-file] frame=32332 revision=2571 scripts={"buttons":"","pointer":"","stick":"32331-32420:0.306352:0.238676"}
[debug-input-file] frame=32344 revision=2572 scripts={"buttons":"","pointer":"","stick":"32341-32430:0.304364:0.241262"}
[debug-input-file] frame=32356 revision=2573 scripts={"buttons":"","pointer":"","stick":"32351-32440:0.306762:0.238223"}
[debug-input-file] frame=32362 revision=2574 scripts={"buttons":"","pointer":"","stick":"32361-32450:0.304782:0.240665"}
[debug-input-file] frame=32374 revision=2575 scripts={"buttons":"","pointer":"","stick":"32371-32460:0.307503:0.237222"}
[debug-input-file] frame=32387 revision=2576 scripts={"buttons":"","pointer":"","stick":"32381-32470:0.305391:0.239823"}
[debug-input-file] frame=32392 revision=2577 scripts={"buttons":"","pointer":"","stick":"32391-32480:0.303585:0.242155"}
[debug-input-file] frame=32405 revision=2578 scripts={"buttons":"","pointer":"","stick":"32401-32490:0.306448:0.238553"}
[debug-input-file] frame=32417 revision=2579 scripts={"buttons":"","pointer":"","stick":"32411-32500:0.304528:0.240995"}
[debug-input-file] frame=32423 revision=2580 scripts={"buttons":"","pointer":"","stick":"32421-32510:0.306843:0.238097"}
[debug-input-file] frame=32435 revision=2581 scripts={"buttons":"","pointer":"","stick":"32431-32520:0.305107:0.240290"}
[debug-input-file] frame=32447 revision=2582 scripts={"buttons":"","pointer":"","stick":"32441-32530:0.307412:0.237395"}
[debug-input-file] frame=32452 revision=2583 scripts={"buttons":"","pointer":"","stick":"32451-32540:0.305729:0.239572"}
[debug-input-file] frame=32464 revision=2584 scripts={"buttons":"","pointer":"","stick":"32461-32550:0.303684:0.242175"}
[debug-input-file] frame=32476 revision=2585 scripts={"buttons":"","pointer":"","stick":"32471-32560:0.306159:0.239046"}
[debug-input-file] frame=32482 revision=2586 scripts={"buttons":"","pointer":"","stick":"32481-32570:0.304585:0.240964"}
[debug-input-file] frame=32494 revision=2587 scripts={"buttons":"","pointer":"","stick":"32491-32580:0.307329:0.237488"}
[debug-input-file] frame=32506 revision=2588 scripts={"buttons":"","pointer":"","stick":"32501-32590:0.305237:0.240073"}
[debug-input-file] frame=32512 revision=2589 scripts={"buttons":"","pointer":"","stick":"32511-32600:0.307769:0.236813"}
[debug-input-file] frame=32524 revision=2590 scripts={"buttons":"","pointer":"","stick":"32521-32610:0.305238:0.239966"}
[debug-input-file] frame=32535 revision=2591 scripts={"buttons":"","pointer":"","stick":"32531-32620:0.303480:0.242182"}
[debug-input-file] frame=32548 revision=2592 scripts={"buttons":"","pointer":"","stick":"32541-32630:0.306256:0.238613"}
[debug-input-file] frame=32554 revision=2593 scripts={"buttons":"","pointer":"","stick":"32551-32640:0.304097:0.241290"}
[debug-input-file] frame=32565 revision=2594 scripts={"buttons":"","pointer":"","stick":"32561-32650:0.306832:0.237831"}
[debug-input-file] frame=32577 revision=2595 scripts={"buttons":"","pointer":"","stick":"32571-32660:0.304848:0.240355"}
[debug-input-file] frame=32583 revision=2596 scripts={"buttons":"","pointer":"","stick":"32581-32670:0.307748:0.236700"}
[debug-input-file] frame=32596 revision=2597 scripts={"buttons":"","pointer":"","stick":"32591-32680:0.305607:0.239438"}
[debug-input-file] frame=32601 revision=2598 scripts={"buttons":"","pointer":"","stick":"32601-32690:0.303127:0.242564"}
[debug-input-file] frame=32614 revision=2599 scripts={"buttons":"","pointer":"","stick":"32611-32700:0.306335:0.238460"}
[debug-input-file] frame=32625 revision=2600 scripts={"buttons":"","pointer":"","stick":"32621-32710:0.304099:0.241389"}
[debug-input-file] frame=32637 revision=2601 scripts={"buttons":"","pointer":"","stick":"32631-32720:0.306820:0.238015"}
[debug-input-file] frame=32643 revision=2602 scripts={"buttons":"","pointer":"","stick":"32641-32730:0.305231:0.240058"}
[debug-input-file] frame=32655 revision=2603 scripts={"buttons":"","pointer":"","stick":"32651-32740:0.307557:0.237148"}
[debug-input-file] frame=32667 revision=2604 scripts={"buttons":"","pointer":"","stick":"32661-32750:0.305476:0.239820"}
[debug-input-file] frame=32673 revision=2605 scripts={"buttons":"","pointer":"","stick":"32671-32760:0.303346:0.242558"}
[debug-input-file] frame=32685 revision=2606 scripts={"buttons":"","pointer":"","stick":"32681-32770:0.306508:0.238510"}
[debug-input-file] frame=32697 revision=2607 scripts={"buttons":"","pointer":"","stick":"32691-32780:0.304277:0.241339"}
[debug-input-file] frame=32703 revision=2608 scripts={"buttons":"","pointer":"","stick":"32701-32790:0.306932:0.238027"}
[debug-input-file] frame=32715 revision=2609 scripts={"buttons":"","pointer":"","stick":"32711-32800:0.304871:0.240634"}
[debug-input-file] frame=32727 revision=2610 scripts={"buttons":"","pointer":"","stick":"32721-32810:0.307516:0.237333"}
[debug-input-file] frame=32732 revision=2611 scripts={"buttons":"","pointer":"","stick":"32731-32820:0.305532:0.239893"}
[debug-input-file] frame=32745 revision=2612 scripts={"buttons":"","pointer":"","stick":"32741-32830:0.303513:0.242456"}
[debug-input-file] frame=32757 revision=2613 scripts={"buttons":"","pointer":"","stick":"32751-32840:0.306298:0.238880"}
[debug-input-file] frame=32763 revision=2614 scripts={"buttons":"","pointer":"","stick":"32761-32850:0.304469:0.241208"}
[debug-input-file] frame=32775 revision=2615 scripts={"buttons":"","pointer":"","stick":"32771-32860:0.307509:0.237301"}
[debug-input-file] frame=32787 revision=2616 scripts={"buttons":"","pointer":"","stick":"32781-32870:0.305161:0.240310"}
[debug-input-file] frame=32792 revision=2617 scripts={"buttons":"","pointer":"","stick":"32791-32880:0.303364:0.242628"}
[debug-input-file] frame=32804 revision=2618 scripts={"buttons":"","pointer":"","stick":"32801-32890:0.305937:0.239402"}
[debug-input-file] frame=32816 revision=2619 scripts={"buttons":"","pointer":"","stick":"32811-32900:0.304049:0.241852"}
[debug-input-file] frame=32822 revision=2620 scripts={"buttons":"","pointer":"","stick":"32821-32910:0.306770:0.238402"}
[debug-input-file] frame=32834 revision=2621 scripts={"buttons":"","pointer":"","stick":"32831-32920:0.305065:0.240634"}
[debug-input-file] frame=32846 revision=2622 scripts={"buttons":"","pointer":"","stick":"32841-32930:0.307724:0.237246"}
[debug-input-file] frame=32857 revision=2623 scripts={"buttons":"","pointer":"","stick":"32851-32940:0.305349:0.240211"}
[debug-input-file] frame=32863 revision=2624 scripts={"buttons":"","pointer":"","stick":"32861-32950:0.303537:0.242548"}
[debug-input-file] frame=32876 revision=2625 scripts={"buttons":"","pointer":"","stick":"32871-32960:0.306381:0.238910"}
[debug-input-file] frame=32888 revision=2626 scripts={"buttons":"","pointer":"","stick":"32881-32970:0.304483:0.241232"}
[debug-input-file] frame=32893 revision=2627 scripts={"buttons":"","pointer":"","stick":"32891-32980:0.307092:0.237889"}
[debug-input-file] frame=32905 revision=2628 scripts={"buttons":"","pointer":"","stick":"32901-32990:0.304703:0.240924"}
[debug-input-file] frame=32911 revision=2629 scripts={"buttons":"","pointer":"","stick":"32911-33000:0.307361:0.237618"}
[debug-input-file] frame=32923 revision=2630 scripts={"buttons":"","pointer":"","stick":"32921-33010:0.305524:0.239928"}
[debug-input-file] frame=32935 revision=2631 scripts={"buttons":"","pointer":"","stick":"32931-33020:0.303189:0.242949"}
[debug-input-file] frame=32947 revision=2632 scripts={"buttons":"","pointer":"","stick":"32941-33030:0.306000:0.239340"}
[debug-input-file] frame=32953 revision=2633 scripts={"buttons":"","pointer":"","stick":"32951-33040:0.304540:0.241203"}
[debug-input-file] frame=32965 revision=2634 scripts={"buttons":"","pointer":"","stick":"32961-33050:0.307267:0.237696"}
[debug-input-file] frame=32977 revision=2635 scripts={"buttons":"","pointer":"","stick":"32971-33060:0.304934:0.240679"}
[debug-input-file] frame=32983 revision=2636 scripts={"buttons":"","pointer":"","stick":"32981-33070:0.307822:0.237049"}
[debug-input-file] frame=32994 revision=2637 scripts={"buttons":"","pointer":"","stick":"32991-33080:0.305690:0.239769"}
[debug-input-file] frame=33007 revision=2638 scripts={"buttons":"","pointer":"","stick":"33001-33090:0.303603:0.242418"}
[debug-input-file] frame=33012 revision=2639 scripts={"buttons":"","pointer":"","stick":"33011-33100:0.306314:0.238901"}
[debug-input-file] frame=33024 revision=2640 scripts={"buttons":"","pointer":"","stick":"33021-33110:0.304019:0.241869"}
[debug-input-file] frame=33037 revision=2641 scripts={"buttons":"","pointer":"","stick":"33031-33120:0.306783:0.238386"}
[debug-input-file] frame=33042 revision=2642 scripts={"buttons":"","pointer":"","stick":"33041-33130:0.304906:0.240799"}
[debug-input-file] frame=33055 revision=2643 scripts={"buttons":"","pointer":"","stick":"33051-33140:0.307950:0.236941"}
[debug-input-file] frame=33067 revision=2644 scripts={"buttons":"","pointer":"","stick":"33061-33150:0.305576:0.239992"}
[debug-input-file] frame=33073 revision=2645 scripts={"buttons":"","pointer":"","stick":"33071-33160:0.303752:0.242351"}
[debug-input-file] frame=33085 revision=2646 scripts={"buttons":"","pointer":"","stick":"33081-33170:0.306571:0.238737"}
[debug-input-file] frame=33097 revision=2647 scripts={"buttons":"","pointer":"","stick":"33091-33180:0.304328:0.241587"}
[debug-input-file] frame=33102 revision=2648 scripts={"buttons":"","pointer":"","stick":"33101-33190:0.306989:0.238273"}
[debug-input-file] frame=33115 revision=2649 scripts={"buttons":"","pointer":"","stick":"33111-33200:0.304938:0.240932"}
[debug-input-file] frame=33127 revision=2650 scripts={"buttons":"","pointer":"","stick":"33121-33210:0.307918:0.237194"}
[debug-input-file] frame=33132 revision=2651 scripts={"buttons":"","pointer":"","stick":"33131-33220:0.305624:0.240161"}
[debug-input-file] frame=33144 revision=2652 scripts={"buttons":"","pointer":"","stick":"33141-33230:0.303930:0.242313"}
[debug-input-file] frame=33156 revision=2653 scripts={"buttons":"","pointer":"","stick":"33151-33240:0.306739:0.238772"}
[debug-input-file] frame=33162 revision=2654 scripts={"buttons":"","pointer":"","stick":"33161-33250:0.304818:0.241143"}
[debug-input-file] frame=33174 revision=2655 scripts={"buttons":"","pointer":"","stick":"33171-33260:0.307234:0.238090"}
[debug-input-file] frame=33186 revision=2656 scripts={"buttons":"","pointer":"","stick":"33181-33270:0.305170:0.240640"}
[debug-input-file] frame=33192 revision=2657 scripts={"buttons":"","pointer":"","stick":"33191-33280:0.298055:0.238133"}
[debug-input-file] frame=33203 revision=2658 scripts={"buttons":"","pointer":"","stick":"33201-33290:0.000000:0.000000"}
[original-process] Debug controller script frame 33291: buttons=inactive pointer=inactive stick=inactive hold=0x00000000 axes=0,0
[debug-input-file] frame=35433 revision=2659 scripts={"buttons":"","pointer":"","stick":"33421-33510:0.416212:0.520780"}
[debug-input-file] frame=35434 revision=2660 scripts={"buttons":"","pointer":"","stick":"33591-33680:0.416212:0.520780"}
[debug-input-file] frame=35435 revision=2661 scripts={"buttons":"","pointer":"","stick":"33771-33860:0.416212:0.520780"}
[debug-input-file] frame=35436 revision=2662 scripts={"buttons":"","pointer":"","stick":"33941-34030:0.416212:0.520780"}
[debug-input-file] frame=35437 revision=2663 scripts={"buttons":"","pointer":"","stick":"34121-34210:0.416212:0.520780"}
[debug-input-file] frame=35438 revision=2664 scripts={"buttons":"","pointer":"","stick":"34301-34390:0.416212:0.520780"}
[debug-input-file] frame=35439 revision=2665 scripts={"buttons":"","pointer":"","stick":"34471-34560:0.416212:0.520780"}
[debug-input-file] frame=35440 revision=2666 scripts={"buttons":"","pointer":"","stick":"34651-34740:0.416212:0.520780"}
[debug-input-file] frame=35441 revision=2667 scripts={"buttons":"","pointer":"","stick":"34901-34990:0.416212:0.520780"}
[debug-input-file] frame=35442 revision=2668 scripts={"buttons":"","pointer":"","stick":"35081-35170:0.416212:0.520780"}
[debug-input-file] frame=35443 revision=2669 scripts={"buttons":"","pointer":"","stick":"35251-35340:0.416212:0.520780"}
[debug-input-file] frame=35444 revision=2670 scripts={"buttons":"","pointer":"","stick":"35431-35520:0.416212:0.520780"}
[original-process] Debug controller script frame 35444: buttons=inactive pointer=inactive stick=active hold=0x00000000 axes=0.416212,0.52078
[debug-input-file] frame=35445 revision=2671 scripts={"buttons":"","pointer":"","stick":"35441-35530:0.416212:0.520780"}
[debug-input-file] frame=35457 revision=2672 scripts={"buttons":"","pointer":"","stick":"35451-35540:0.416212:0.520781"}
[debug-input-file] frame=35463 revision=2673 scripts={"buttons":"","pointer":"","stick":"35461-35550:0.416192:0.520796"}
[debug-input-file] frame=35475 revision=2674 scripts={"buttons":"","pointer":"","stick":"35471-35560:0.404485:0.498111"}
[debug-input-file] frame=35487 revision=2675 scripts={"buttons":"","pointer":"","stick":"35481-35570:0.358473:0.408288"}
[debug-input-file] frame=35493 revision=2676 scripts={"buttons":"","pointer":"","stick":"35491-35580:0.358473:0.408288"}
[debug-input-file] frame=35505 revision=2677 scripts={"buttons":"","pointer":"","stick":"35501-35590:0.358473:0.408288"}
[debug-input-file] frame=35517 revision=2678 scripts={"buttons":"","pointer":"","stick":"35511-35600:0.358473:0.408288"}
[debug-input-file] frame=35523 revision=2679 scripts={"buttons":"","pointer":"","stick":"35521-35610:0.358473:0.408288"}
[debug-input-file] frame=35535 revision=2680 scripts={"buttons":"","pointer":"","stick":"35531-35620:0.358473:0.408288"}
[debug-input-file] frame=35547 revision=2681 scripts={"buttons":"","pointer":"","stick":"35541-35630:0.358473:0.408288"}
[debug-input-file] frame=35553 revision=2682 scripts={"buttons":"","pointer":"","stick":"35551-35640:0.358473:0.408288"}
[debug-input-file] frame=35565 revision=2683 scripts={"buttons":"","pointer":"","stick":"35561-35650:0.358473:0.408288"}
[debug-input-file] frame=35577 revision=2684 scripts={"buttons":"","pointer":"","stick":"35571-35660:0.358473:0.408288"}
[debug-input-file] frame=35583 revision=2685 scripts={"buttons":"","pointer":"","stick":"35581-35670:0.358473:0.408288"}
[debug-input-file] frame=35595 revision=2686 scripts={"buttons":"","pointer":"","stick":"35591-35680:0.358473:0.408288"}
[debug-input-file] frame=35607 revision=2687 scripts={"buttons":"","pointer":"","stick":"35601-35690:0.000000:0.000000"}
[original-process] Debug controller script frame 35691: buttons=inactive pointer=inactive stick=inactive hold=0x00000000 axes=0,0
[src/app/OriginalGameApplication.cpp:551][APP - INFO] Original GameSystem stopped after 36000 completed frames
[aurora:warning:aurora::gpu] Device lost: Device was destroyed.
