[0m[38;5;2;1m[  1%]:[0m [38;5;5;1m<smg-pc-app>[0m cache compiling.debug src/app/OriginalGameApplication.cpp[0m
[0m[38;5;2;1m[ 11%]:[0m [38;5;5;1m<smg-pc-game>[0m cache compiling.debug src/Game/Demo/DemoSubPartKeeper.cpp[0m
[0m[38;5;2;1m[ 11%]:[0m [38;5;5;1m<smg-pc-game>[0m cache compiling.debug src/Game/Demo/DemoActionKeeper.cpp[0m
[0m[38;5;2;1m[ 11%]:[0m [38;5;5;1m<smg-pc-game>[0m cache compiling.debug src/Game/Demo/DemoCastSubGroup.cpp[0m
[0m[38;5;2;1m[ 12%]:[0m [38;5;5;1m<smg-pc-game>[0m cache compiling.debug src/Game/Gravity/PlanetGravity.cpp[0m
[0m[38;5;2;1m[ 12%]:[0m [38;5;5;1m<smg-pc-game>[0m cache compiling.debug src/Game/Gravity/ParallelGravity.cpp[0m
[0m[38;5;2;1m[ 12%]:[0m [38;5;5;1m<smg-pc-game>[0m cache compiling.debug src/Game/Gravity/GlobalGravityObj.cpp[0m
[0m[38;5;2;1m[ 12%]:[0m [38;5;5;1m<smg-pc-game>[0m cache compiling.debug src/Game/Gravity/DiskTorusGravity.cpp[0m
[0m[38;5;2;1m[ 12%]:[0m [38;5;5;1m<smg-pc-game>[0m cache compiling.debug src/Game/Gravity/WireGravity.cpp[0m
[0m[38;5;2;1m[ 12%]:[0m [38;5;5;1m<smg-pc-game>[0m cache compiling.debug src/Game/Gravity/SegmentGravity.cpp[0m
[0m[38;5;2;1m[ 12%]:[0m [38;5;5;1m<smg-pc-game>[0m cache compiling.debug src/Game/Gravity/GravityCreator.cpp[0m
[0m[38;5;2;1m[ 12%]:[0m [38;5;5;1m<smg-pc-game>[0m cache compiling.debug src/Game/Gravity/PointGravity.cpp[0m
[0m[38;5;2;1m[ 12%]:[0m [38;5;5;1m<smg-pc-game>[0m cache compiling.debug src/Game/Gravity/DiskGravity.cpp[0m
[0m[38;5;2;1m[ 13%]:[0m [38;5;5;1m<smg-pc-game>[0m cache compiling.debug src/Game/Util/LayoutUtil.cpp[0m
[0m[38;5;2;1m[ 13%]:[0m [38;5;5;1m<smg-pc-game>[0m cache compiling.debug src/Game/Util/TalkUtil.cpp[0m
[0m[38;5;2;1m[ 13%]:[0m [38;5;5;1m<smg-pc-game>[0m cache compiling.debug src/Game/Util/ActorMovementUtil.cpp[0m
[0m[38;5;2;1m[ 14%]:[0m [38;5;5;1m<smg-pc-game>[0m cache compiling.debug src/Game/Util/SystemUtil.cpp[0m
[0m[38;5;2;1m[ 14%]:[0m [38;5;5;1m<smg-pc-game>[0m cache compiling.debug src/Game/Util/StarPointerUtil.cpp[0m
[0m[38;5;2;1m[ 15%]:[0m [38;5;5;1m<smg-pc-game>[0m cache compiling.debug src/Game/Util/DemoUtil.cpp[0m
[0m[38;5;2;1m[ 15%]:[0m [38;5;5;1m<smg-pc-game>[0m cache compiling.debug src/Game/Util/FurCtrl.cpp[0m
[0m[38;5;2;1m[ 15%]:[0m [38;5;5;1m<smg-pc-game>[0m cache compiling.debug src/Game/Util/NPCUtil.cpp[0m
[0m[38;5;3;1mIn file included from src/Game/Gravity/PlanetGravity.cpp:2:
In file included from src/Game/Util.hpp:18:
src/Game/Util/Functor.hpp:114:105: warning: GCC does not allow 'noinline' attribute in this position on a function definition [-Wgcc-compat]
  114 |     static FunctorV1M< T*, void (T::*)(U), U > Functor(T* a1, void (T::*a2)(U), U arg_0) __attribute__((noinline)) {
      |                                                                                                         ^
1 warning generated.[0m
[0m[38;5;2;1m[ 15%]:[0m [38;5;5;1m<smg-pc-game>[0m cache compiling.debug src/Game/Util/DrawUtil.cpp[0m
[0m[38;5;3;1mIn file included from src/Game/Gravity/PointGravity.cpp:2:
In file included from src/Game/Util.hpp:18:
src/Game/Util/Functor.hpp:114:105: warning: GCC does not allow 'noinline' attribute in this position on a function definition [-Wgcc-compat]
  114 |     static FunctorV1M< T*, void (T::*)(U), U > Functor(T* a1, void (T::*a2)(U), U arg_0) __attribute__((noinline)) {
      |                                                                                                         ^
1 warning generated.[0m
[0m[38;5;2;1m[ 16%]:[0m [38;5;5;1m<smg-pc-game>[0m cache compiling.debug src/Game/Util/JMapUtil.cpp[0m
[0m[38;5;2;1m[ 16%]:[0m [38;5;5;1m<smg-pc-game>[0m cache compiling.debug src/Game/Util/StringUtil.cpp[0m
[0m[38;5;3;1mIn file included from src/Game/Gravity/SegmentGravity.cpp:2:
In file included from src/Game/Util.hpp:18:
src/Game/Util/Functor.hpp:114:105: warning: GCC does not allow 'noinline' attribute in this position on a function definition [-Wgcc-compat]
  114 |     static FunctorV1M< T*, void (T::*)(U), U > Functor(T* a1, void (T::*a2)(U), U arg_0) __attribute__((noinline)) {
      |                                                                                                         ^
1 warning generated.[0m
[0m[38;5;2;1m[ 16%]:[0m [38;5;5;1m<smg-pc-game>[0m cache compiling.debug src/Game/Util/MessageUtil.cpp[0m
[0m[38;5;3;1mIn file included from src/Game/Gravity/DiskGravity.cpp:2:
In file included from src/Game/Util.hpp:18:
src/Game/Util/Functor.hpp:114:105: warning: GCC does not allow 'noinline' attribute in this position on a function definition [-Wgcc-compat]
  114 |     static FunctorV1M< T*, void (T::*)(U), U > Functor(T* a1, void (T::*a2)(U), U arg_0) __attribute__((noinline)) {
      |                                                                                                         ^
1 warning generated.[0m
[0m[38;5;2;1m[ 17%]:[0m [38;5;5;1m<smg-pc-game>[0m cache compiling.debug src/Game/Util/CameraUtil.cpp[0m
[0m[38;5;3;1mIn file included from src/Game/Gravity/DiskTorusGravity.cpp:2:
In file included from src/Game/Util.hpp:18:
src/Game/Util/Functor.hpp:114:105: warning: GCC does not allow 'noinline' attribute in this position on a function definition [-Wgcc-compat]
  114 |     static FunctorV1M< T*, void (T::*)(U), U > Functor(T* a1, void (T::*a2)(U), U arg_0) __attribute__((noinline)) {
      |                                                                                                         ^
1 warning generated.[0m
[0m[38;5;2;1m[ 17%]:[0m [38;5;5;1m<smg-pc-game>[0m cache compiling.debug src/Game/NWC24/LuigiMailDirector.cpp[0m
[0m[38;5;3;1mIn file included from src/Game/Util/SystemUtil.cpp:21:
In file included from src/nw4r/lyt/layout.h:3:
In file included from src/nw4r/lyt/animation.h:3:
src/nw4r/lyt/common.h:14:28: warning: comparison of different enumeration types ('_GXTexFmt' (aka 'GXTexFmt') and 'GXCITexFmt') is deprecated [-Wdeprecated-enum-compare]
   14 |                 return fmt == GX_TF_C4 || fmt == GX_TF_C8 || fmt == GX_TF_C14X2;
      |                        ~~~ ^  ~~~~~~~~
src/nw4r/lyt/common.h:14:47: warning: comparison of different enumeration types ('_GXTexFmt' (aka 'GXTexFmt') and 'GXCITexFmt') is deprecated [-Wdeprecated-enum-compare]
   14 |                 return fmt == GX_TF_C4 || fmt == GX_TF_C8 || fmt == GX_TF_C14X2;
      |                                           ~~~ ^  ~~~~~~~~
src/nw4r/lyt/common.h:14:66: warning: comparison of different enumeration types ('_GXTexFmt' (aka 'GXTexFmt') and 'GXCITexFmt') is deprecated [-Wdeprecated-enum-compare]
   14 |                 return fmt == GX_TF_C4 || fmt == GX_TF_C8 || fmt == GX_TF_C14X2;
      |                                                              ~~~ ^  ~~~~~~~~~~~
In file included from src/Game/Util/SystemUtil.cpp:21:
In file included from src/nw4r/lyt/layout.h:4:
In file included from src/nw4r/lyt/group.h:4:
src/nw4r/lyt/pane.h:37:37: warning: 'offsetof' on non-standard-layout type 'detail::PaneBase' [-Winvalid-offsetof][0m
[0m[38;5;2;1m[ 17%]:[0m [38;5;5;1m<smg-pc-game>[0m cache compiling.debug src/Game/NWC24/NWC24Function.cpp[0m
[0m[38;5;3;1mIn file included from src/Game/Gravity/WireGravity.cpp:2:
In file included from src/Game/Util.hpp:18:
src/Game/Util/Functor.hpp:114:105: warning: GCC does not allow 'noinline' attribute in this position on a function definition [-Wgcc-compat]
  114 |     static FunctorV1M< T*, void (T::*)(U), U > Functor(T* a1, void (T::*a2)(U), U arg_0) __attribute__((noinline)) {
      |                                                                                                         ^
1 warning generated.[0m
[0m[38;5;2;1m[ 26%]:[0m [38;5;5;1m<smg-pc-game>[0m cache compiling.debug src/Game/Camera/CamTranslatorCharmedVecRegTower.cpp[0m
[0m[38;5;3;1mIn file included from src/Game/Gravity/GravityCreator.cpp:2:
In file included from src/Game/Util.hpp:18:
src/Game/Util/Functor.hpp:114:105: warning: GCC does not allow 'noinline' attribute in this position on a function definition [-Wgcc-compat]
  114 |     static FunctorV1M< T*, void (T::*)(U), U > Functor(T* a1, void (T::*a2)(U), U arg_0) __attribute__((noinline)) {
      |                                                                                                         ^
1 warning generated.[0m
[0m[38;5;2;1m[ 26%]:[0m [38;5;5;1m<smg-pc-game>[0m cache compiling.debug src/Game/Camera/CameraCover.cpp[0m
[0m[38;5;3;1mIn file included from src/Game/Gravity/ParallelGravity.cpp:2:
In file included from src/Game/Util.hpp:18:
src/Game/Util/Functor.hpp:114:105: warning: GCC does not allow 'noinline' attribute in this position on a function definition [-Wgcc-compat]
  114 |     static FunctorV1M< T*, void (T::*)(U), U > Functor(T* a1, void (T::*a2)(U), U arg_0) __attribute__((noinline)) {
      |                                                                                                         ^
1 warning generated.[0m
[0m[38;5;2;1m[ 27%]:[0m [38;5;5;1m<smg-pc-game>[0m cache compiling.debug src/Game/LiveActor/ActorLightCtrl.cpp[0m
[0m[38;5;3;1mIn file included from src/Game/Demo/DemoSubPartKeeper.cpp:4:
In file included from src/Game/Util.hpp:18:
src/Game/Util/Functor.hpp:114:105: warning: GCC does not allow 'noinline' attribute in this position on a function definition [-Wgcc-compat]
  114 |     static FunctorV1M< T*, void (T::*)(U), U > Functor(T* a1, void (T::*a2)(U), U arg_0) __attribute__((noinline)) {
      |                                                                                                         ^
1 warning generated.[0m
[0m[38;5;2;1m[ 28%]:[0m [38;5;5;1m<smg-pc-game>[0m cache compiling.debug src/Game/LiveActor/ClippingJudge.cpp[0m
[0m[38;5;2;1m[ 28%]:[0m [38;5;5;1m<smg-pc-game>[0m cache compiling.debug src/Game/LiveActor/MaterialCtrl.cpp[0m
[0m[38;5;3;1mIn file included from src/Game/Gravity/GlobalGravityObj.cpp:2:
In file included from src/Game/Util.hpp:18:
src/Game/Util/Functor.hpp:114:105: warning: GCC does not allow 'noinline' attribute in this position on a function definition [-Wgcc-compat]
  114 |     static FunctorV1M< T*, void (T::*)(U), U > Functor(T* a1, void (T::*a2)(U), U arg_0) __attribute__((noinline)) {
      |                                                                                                         ^
1 warning generated.[0m
[0m[38;5;2;1m[ 28%]:[0m [38;5;5;1m<smg-pc-game>[0m cache compiling.debug src/Game/LiveActor/MirrorCamera.cpp[0m
[0m[38;5;3;1mIn file included from src/Game/Demo/DemoActionKeeper.cpp:10:
src/Game/Util/Functor.hpp:114:105: warning: GCC does not allow 'noinline' attribute in this position on a function definition [-Wgcc-compat]
  114 |     static FunctorV1M< T*, void (T::*)(U), U > Functor(T* a1, void (T::*a2)(U), U arg_0) __attribute__((noinline)) {
      |                                                                                                         ^
src/Game/Demo/DemoActionKeeper.cpp:241:13: warning: ignoring return value of function declared with 'nodiscard' attribute [-Wunused-result]
  241 |             jmap->getValue< const char* >(i, "PartName", &info->mPartName);
      |             ^~~~~~~~~~~~~~~~~~~~~~~~~~~~~~~~~~~~~~~~~~~~~~~~~~~~~~~~~~~~~~
src/Game/Demo/DemoActionKeeper.cpp:242:13: warning: ignoring return value of function declared with 'nodiscard' attribute [-Wunused-result]
  242 |             jmap->getValue< const char* >(i, "CastName", &info->mCastName);
      |             ^~~~~~~~~~~~~~~~~~~~~~~~~~~~~~~~~~~~~~~~~~~~~~~~~~~~~~~~~~~~~~
src/Game/Demo/DemoActionKeeper.cpp:243:13: warning: ignoring return value of function declared with 'nodiscard' attribute [-Wunused-result]
  243 |             jmap->getValue< s32 >(i, "CastID", &info->mCastID);
      |             ^~~~~~~~~~~~~~~~~~~~~~~~~~~~~~~~~~~~~~~~~~~~~~~~~~
src/Game/Demo/DemoActionKeeper.cpp:244:13: warning: ignoring return value of function declared with 'nodiscard' attribute [-Wunused-result]
  244 |             jmap->getValue< s32 >(i, "ActionType", &info->mActionType);
      |             ^~~~~~~~~~~~~~~~~~~~~~~~~~~~~~~~~~~~~~~~~~~~~~~~~~~~~~~~~~[0m
[0m[38;5;2;1m[ 29%]:[0m [38;5;5;1m<smg-pc-game>[0m cache compiling.debug src/Game/LiveActor/DisplayListMaker.cpp[0m
[0m[38;5;3;1mIn file included from src/Game/Util/FurCtrl.cpp:9:
In file included from src/Game/Util.hpp:18:
src/Game/Util/Functor.hpp:114:105: warning: GCC does not allow 'noinline' attribute in this position on a function definition [-Wgcc-compat]
  114 |     static FunctorV1M< T*, void (T::*)(U), U > Functor(T* a1, void (T::*a2)(U), U arg_0) __attribute__((noinline)) {
      |                                                                                                         ^
src/Game/Util/FurCtrl.cpp:150:9: warning: 'sprintf' is deprecated: This function is provided for compatibility reasons only.  Due to security concerns inherent in the design of sprintf(3), it is highly recommended that you use snprintf(3) instead. [-Wdeprecated-declarations]
  150 |         sprintf(name, (::smgpc::compat::cp932::EncodedLiteral<::smgpc::compat::cp932::Utf8Literal{"レイヤ %d"}>::value.bytes), i);
      |         ^
/Applications/Xcode.app/Contents/Developer/Platforms/MacOSX.platform/Developer/SDKs/MacOSX27.0.sdk/usr/include/_stdio.h:278:16: note: 'sprintf' has been explicitly marked deprecated here
  278 | __attribute__((__deprecated__("This function is provided for compatibility reasons only.  Due to security concerns inherent in the design of sprintf(3), it is highly recommended that you use snprintf(3) instead.")))
      |                ^
src/Game/Util/FurCtrl.cpp:186:9: warning: 'sprintf' is deprecated: This function is provided for compatibility reasons only.  Due to security concerns inherent in the design of sprintf(3), it is highly recommended that you use snprintf(3) instead. [-Wdeprecated-declarations]
  186 |         sprintf(name, (::smgpc::compat::cp932::EncodedLiteral<::smgpc::compat::cp932::Utf8Literal{"レイヤ(コピー) %d"}>::value.bytes), i);
      |         ^
/Applications/Xcode.app/Contents/Developer/Platforms/MacOSX.platform/Developer/SDKs/MacOSX27.0.sdk/usr/include/_stdio.h:278:16: note: 'sprintf' has been explicitly marked deprecated here
  278 | __attribute__((__deprecated__("This function is provided for compatibility reasons only.  Due to security concerns inherent in the design of sprintf(3), it is highly recommended that you use snprintf(3) instead.")))[0m
[0m[38;5;2;1m[ 29%]:[0m [38;5;5;1m<smg-pc-game>[0m cache compiling.debug src/Game/LiveActor/DynamicJointCtrl.cpp[0m
[0m[38;5;3;1mIn file included from src/Game/Util/StarPointerUtil.cpp:5:
In file included from src/Game/Screen/LayoutManager.hpp:6:
In file included from src/nw4r/lyt/layout.h:3:
In file included from src/nw4r/lyt/animation.h:3:
src/nw4r/lyt/common.h:14:28: warning: comparison of different enumeration types ('_GXTexFmt' (aka 'GXTexFmt') and 'GXCITexFmt') is deprecated [-Wdeprecated-enum-compare]
   14 |                 return fmt == GX_TF_C4 || fmt == GX_TF_C8 || fmt == GX_TF_C14X2;
      |                        ~~~ ^  ~~~~~~~~
src/nw4r/lyt/common.h:14:47: warning: comparison of different enumeration types ('_GXTexFmt' (aka 'GXTexFmt') and 'GXCITexFmt') is deprecated [-Wdeprecated-enum-compare]
   14 |                 return fmt == GX_TF_C4 || fmt == GX_TF_C8 || fmt == GX_TF_C14X2;
      |                                           ~~~ ^  ~~~~~~~~
src/nw4r/lyt/common.h:14:66: warning: comparison of different enumeration types ('_GXTexFmt' (aka 'GXTexFmt') and 'GXCITexFmt') is deprecated [-Wdeprecated-enum-compare]
   14 |                 return fmt == GX_TF_C4 || fmt == GX_TF_C8 || fmt == GX_TF_C14X2;
      |                                                              ~~~ ^  ~~~~~~~~~~~
In file included from src/Game/Util/StarPointerUtil.cpp:5:
In file included from src/Game/Screen/LayoutManager.hpp:6:
In file included from src/nw4r/lyt/layout.h:4:[0m
[0m[38;5;2;1m[ 30%]:[0m [38;5;5;1m<smg-pc-game>[0m cache compiling.debug src/Game/LiveActor/MessageSensorHolder.cpp[0m
[0m[38;5;3;1msrc/Game/Util/ActorMovementUtil.cpp:2:10: warning: non-portable path to file '"Game/Animation/XanimeCore.hpp"'; specified path differs in case from file name on disk [-Wnonportable-include-path]
    2 | #include "Game/Animation/Xanimecore.hpp"
      |          ^~~~~~~~~~~~~~~~~~~~~~~~~~~~~~~
      |          "Game/Animation/XanimeCore.hpp"
1 warning generated.
In file included from src/Game/Util/ActorMovementUtil.cpp:2:
In file included from src/Game/Animation/Xanimecore.hpp:3:
In file included from src/JSystem/J3DGraphAnimator/J3DJoint.hpp:4:
In file included from src/JSystem/J3DGraphBase/J3DMaterial.hpp:3:
src/JSystem/J3DGraphBase/J3DMatBlock.hpp:248:35: warning: result of comparison of constant 65535 with expression of type 'const u8' (aka 'const unsigned char') is always false [-Wtautological-constant-out-of-range-compare]
  248 |         u32 ambSrc = info.mAmbSrc == 0xFFFF ? 0 : info.mAmbSrc;
      |                      ~~~~~~~~~~~~ ^  ~~~~~~
In file included from src/Game/Util/ActorMovementUtil.cpp:8:
In file included from src/Game/Util.hpp:18:
src/Game/Util/Functor.hpp:114:105: warning: GCC does not allow 'noinline' attribute in this position on a function definition [-Wgcc-compat]
  114 |     static FunctorV1M< T*, void (T::*)(U), U > Functor(T* a1, void (T::*a2)(U), U arg_0) __attribute__((noinline)) {[0m
[0m[38;5;2;1m[ 30%]:[0m [38;5;5;1m<smg-pc-game>[0m cache compiling.debug src/Game/LiveActor/LiveActor.cpp[0m
[0m[38;5;3;1mIn file included from src/Game/Util/LayoutUtil.cpp:4:
In file included from src/Game/Screen/LayoutCoreUtil.hpp:4:
src/nw4r/lyt/pane.h:37:37: warning: 'offsetof' on non-standard-layout type 'detail::PaneBase' [-Winvalid-offsetof]
   37 |         typedef ut::LinkList< Pane, __builtin_offsetof(detail::PaneBase, mLink) > PaneList;
      |                                     ^                                    ~~~~~
In file included from src/Game/Util/LayoutUtil.cpp:4:
In file included from src/Game/Screen/LayoutCoreUtil.hpp:5:
In file included from src/nw4r/lyt/textBox.h:3:
src/nw4r/lyt/common.h:14:28: warning: comparison of different enumeration types ('_GXTexFmt' (aka 'GXTexFmt') and 'GXCITexFmt') is deprecated [-Wdeprecated-enum-compare]
   14 |                 return fmt == GX_TF_C4 || fmt == GX_TF_C8 || fmt == GX_TF_C14X2;
      |                        ~~~ ^  ~~~~~~~~
src/nw4r/lyt/common.h:14:47: warning: comparison of different enumeration types ('_GXTexFmt' (aka 'GXTexFmt') and 'GXCITexFmt') is deprecated [-Wdeprecated-enum-compare]
   14 |                 return fmt == GX_TF_C4 || fmt == GX_TF_C8 || fmt == GX_TF_C14X2;
      |                                           ~~~ ^  ~~~~~~~~
src/nw4r/lyt/common.h:14:66: warning: comparison of different enumeration types ('_GXTexFmt' (aka 'GXTexFmt') and 'GXCITexFmt') is deprecated [-Wdeprecated-enum-compare]
   14 |                 return fmt == GX_TF_C4 || fmt == GX_TF_C8 || fmt == GX_TF_C14X2;[0m
[0m[38;5;2;1m[ 31%]:[0m [38;5;5;1m<smg-pc-game>[0m cache compiling.debug src/Game/LiveActor/ShadowVolumeModel.cpp[0m
[0m[38;5;2;1m[ 31%]:[0m [38;5;5;1m<smg-pc-game>[0m cache compiling.debug src/Game/LiveActor/ClippingActorInfo.cpp[0m
[0m[38;5;2;1m[ 33%]:[0m [38;5;5;1m<smg-pc-game>[0m cache compiling.debug src/Game/Animation/BckCtrl.cpp[0m
[0m[38;5;2;1m[ 35%]:[0m [38;5;5;1m<smg-pc-game>[0m cache compiling.debug src/Game/System/StarPointerOnOffController.cpp[0m
[0m[38;5;2;1m[ 36%]:[0m [38;5;5;1m<smg-pc-game>[0m cache compiling.debug src/Game/System/GameDataConst.cpp[0m
[0m[38;5;3;1mIn file included from src/Game/Util/JMapUtil.cpp:2:
In file included from src/Game/Util.hpp:18:
src/Game/Util/Functor.hpp:114:105: warning: GCC does not allow 'noinline' attribute in this position on a function definition [-Wgcc-compat]
  114 |     static FunctorV1M< T*, void (T::*)(U), U > Functor(T* a1, void (T::*a2)(U), U arg_0) __attribute__((noinline)) {
      |                                                                                                         ^
src/Game/Util/JMapUtil.cpp:143:103: warning: GCC does not allow 'noinline' attribute in this position on a function definition [-Wgcc-compat]
  143 |     bool getJMapInfoArgNoInit(const JMapInfoIter& rIter, const char* pName, s32* pOut) __attribute__((noinline)) {
      |                                                                                                       ^
src/Game/Util/JMapUtil.cpp:159:103: warning: GCC does not allow 'noinline' attribute in this position on a function definition [-Wgcc-compat]
  159 |     bool getJMapInfoArgNoInit(const JMapInfoIter& rIter, const char* pName, f32* pOut) __attribute__((noinline)) {
      |                                                                                                       ^
src/Game/Util/JMapUtil.cpp:171:104: warning: GCC does not allow 'noinline' attribute in this position on a function definition [-Wgcc-compat]
  171 |     bool getJMapInfoArgNoInit(const JMapInfoIter& rIter, const char* pName, bool* pOut) __attribute__((noinline)) {
      |                                                                                                        ^
src/Game/Util/JMapUtil.cpp:414:5: warning: ignoring return value of function declared with 'nodiscard' attribute [-Wunused-result]
  414 |     rIter.getValue< s32 >("DemoGroupId", &groupID);[0m
[0m[38;5;2;1m[ 36%]:[0m [38;5;5;1m<smg-pc-game>[0m cache compiling.debug src/Game/System/MessageHolder.cpp[0m
[0m[38;5;3;1mIn file included from src/Game/Util/CameraUtil.cpp:22:
In file included from src/Game/Util.hpp:18:
src/Game/Util/Functor.hpp:114:105: warning: GCC does not allow 'noinline' attribute in this position on a function definition [-Wgcc-compat]
  114 |     static FunctorV1M< T*, void (T::*)(U), U > Functor(T* a1, void (T::*a2)(U), U arg_0) __attribute__((noinline)) {
      |                                                                                                         ^
1 warning generated.[0m
[0m[38;5;2;1m[ 37%]:[0m [38;5;5;1m<smg-pc-game>[0m cache compiling.debug src/Game/System/SaveDataBannerCreator.cpp[0m
[0m[38;5;3;1mIn file included from src/Game/Camera/CameraCover.cpp:4:
In file included from src/Game/Util.hpp:18:
src/Game/Util/Functor.hpp:114:105: warning: GCC does not allow 'noinline' attribute in this position on a function definition [-Wgcc-compat]
  114 |     static FunctorV1M< T*, void (T::*)(U), U > Functor(T* a1, void (T::*a2)(U), U arg_0) __attribute__((noinline)) {
      |                                                                                                         ^
src/Game/Camera/CameraCover.cpp:38:17: warning: decrement of object of volatile-qualified type 'volatile s32' (aka 'volatile int') is deprecated [-Wdeprecated-volatile]
   38 |     if (_3C && !--_3C) {
      |                 ^
2 warnings generated.[0m
[0m[38;5;2;1m[ 38%]:[0m [38;5;5;1m<smg-pc-game>[0m cache compiling.debug src/Game/System/FileHolder.cpp[0m
[0m[38;5;3;1mIn file included from src/Game/LiveActor/MessageSensorHolder.cpp:2:
In file included from src/Game/Util.hpp:18:
src/Game/Util/Functor.hpp:114:105: warning: GCC does not allow 'noinline' attribute in this position on a function definition [-Wgcc-compat]
  114 |     static FunctorV1M< T*, void (T::*)(U), U > Functor(T* a1, void (T::*a2)(U), U arg_0) __attribute__((noinline)) {
      |                                                                                                         ^
1 warning generated.[0m
[0m[38;5;2;1m[ 39%]:[0m [38;5;5;1m<smg-pc-game>[0m cache compiling.debug src/Game/System/GameSystem.cpp[0m
[0m[38;5;3;1mIn file included from src/Game/LiveActor/ShadowVolumeModel.cpp:2:
In file included from src/Game/Util.hpp:18:
src/Game/Util/Functor.hpp:114:105: warning: GCC does not allow 'noinline' attribute in this position on a function definition [-Wgcc-compat]
  114 |     static FunctorV1M< T*, void (T::*)(U), U > Functor(T* a1, void (T::*a2)(U), U arg_0) __attribute__((noinline)) {
      |                                                                                                         ^
1 warning generated.[0m
[0m[38;5;2;1m[ 39%]:[0m [38;5;5;1m<smg-pc-game>[0m cache compiling.debug src/Game/System/ArchiveHolder.cpp[0m
[0m[38;5;3;1mIn file included from src/Game/LiveActor/ClippingJudge.cpp:3:
In file included from src/Game/Util.hpp:18:
src/Game/Util/Functor.hpp:114:105: warning: GCC does not allow 'noinline' attribute in this position on a function definition [-Wgcc-compat]
  114 |     static FunctorV1M< T*, void (T::*)(U), U > Functor(T* a1, void (T::*a2)(U), U arg_0) __attribute__((noinline)) {
      |                                                                                                         ^
1 warning generated.[0m
[0m[38;5;2;1m[ 39%]:[0m [38;5;5;1m<smg-pc-game>[0m cache compiling.debug src/Game/System/DrawSyncManager.cpp[0m
[0m[38;5;3;1mIn file included from src/Game/LiveActor/ActorLightCtrl.cpp:7:
In file included from src/Game/Util.hpp:18:
src/Game/Util/Functor.hpp:114:105: warning: GCC does not allow 'noinline' attribute in this position on a function definition [-Wgcc-compat]
  114 |     static FunctorV1M< T*, void (T::*)(U), U > Functor(T* a1, void (T::*a2)(U), U arg_0) __attribute__((noinline)) {
      |                                                                                                         ^
1 warning generated.[0m
[0m[38;5;2;1m[ 39%]:[0m [38;5;5;1m<smg-pc-game>[0m cache compiling.debug src/Game/System/GameSystemObjHolder.cpp[0m
[0m[38;5;3;1mIn file included from src/Game/Camera/CamTranslatorCharmedVecRegTower.cpp:3:
In file included from src/Game/Util.hpp:18:
src/Game/Util/Functor.hpp:114:105: warning: GCC does not allow 'noinline' attribute in this position on a function definition [-Wgcc-compat]
  114 |     static FunctorV1M< T*, void (T::*)(U), U > Functor(T* a1, void (T::*a2)(U), U arg_0) __attribute__((noinline)) {
      |                                                                                                         ^
1 warning generated.[0m
[0m[38;5;2;1m[ 39%]:[0m [38;5;5;1m<smg-pc-game>[0m cache compiling.debug src/Game/System/MainLoopFramework.cpp[0m
[0m[38;5;3;1mIn file included from src/Game/LiveActor/MirrorCamera.cpp:4:
In file included from src/Game/Util.hpp:18:
src/Game/Util/Functor.hpp:114:105: warning: GCC does not allow 'noinline' attribute in this position on a function definition [-Wgcc-compat]
  114 |     static FunctorV1M< T*, void (T::*)(U), U > Functor(T* a1, void (T::*a2)(U), U arg_0) __attribute__((noinline)) {
      |                                                                                                         ^
1 warning generated.[0m
[0m[38;5;2;1m[ 39%]:[0m [38;5;5;1m<smg-pc-game>[0m cache compiling.debug src/Game/System/WPadPointer.cpp[0m
[0m[38;5;3;1mIn file included from src/Game/LiveActor/DynamicJointCtrl.cpp:2:
In file included from src/Game/Util.hpp:18:
src/Game/Util/Functor.hpp:114:105: warning: GCC does not allow 'noinline' attribute in this position on a function definition [-Wgcc-compat]
  114 |     static FunctorV1M< T*, void (T::*)(U), U > Functor(T* a1, void (T::*a2)(U), U arg_0) __attribute__((noinline)) {
      |                                                                                                         ^
1 warning generated.[0m
[0m[38;5;2;1m[ 39%]:[0m [38;5;5;1m<smg-pc-game>[0m cache compiling.debug src/Game/System/ResourceInfo.cpp[0m
[0m[38;5;2;1m[ 40%]:[0m [38;5;5;1m<smg-pc-game>[0m cache compiling.debug src/Game/System/GameSystemResetAndPowerProcess.cpp[0m
[0m[38;5;3;1mIn file included from src/Game/LiveActor/MaterialCtrl.cpp:3:
In file included from src/Game/Util.hpp:18:
src/Game/Util/Functor.hpp:114:105: warning: GCC does not allow 'noinline' attribute in this position on a function definition [-Wgcc-compat]
  114 |     static FunctorV1M< T*, void (T::*)(U), U > Functor(T* a1, void (T::*a2)(U), U arg_0) __attribute__((noinline)) {
      |                                                                                                         ^
In file included from src/Game/LiveActor/MaterialCtrl.cpp:6:
In file included from src/JSystem/J3DGraphBase/J3DMaterial.hpp:3:
src/JSystem/J3DGraphBase/J3DMatBlock.hpp:248:35: warning: result of comparison of constant 65535 with expression of type 'const u8' (aka 'const unsigned char') is always false [-Wtautological-constant-out-of-range-compare]
  248 |         u32 ambSrc = info.mAmbSrc == 0xFFFF ? 0 : info.mAmbSrc;
      |                      ~~~~~~~~~~~~ ^  ~~~~~~
2 warnings generated.[0m
[0m[38;5;2;1m[ 41%]:[0m [38;5;5;1m<smg-pc-game>[0m cache compiling.debug src/Game/Map/SwitchWatcherHolder.cpp[0m
[0m[38;5;3;1mIn file included from src/Game/LiveActor/DisplayListMaker.cpp:5:
In file included from src/Game/Util.hpp:18:
src/Game/Util/Functor.hpp:114:105: warning: GCC does not allow 'noinline' attribute in this position on a function definition [-Wgcc-compat]
  114 |     static FunctorV1M< T*, void (T::*)(U), U > Functor(T* a1, void (T::*a2)(U), U arg_0) __attribute__((noinline)) {
      |                                                                                                         ^
In file included from src/Game/LiveActor/DisplayListMaker.cpp:7:
In file included from src/JSystem/J3DGraphBase/J3DMaterial.hpp:3:
src/JSystem/J3DGraphBase/J3DMatBlock.hpp:248:35: warning: result of comparison of constant 65535 with expression of type 'const u8' (aka 'const unsigned char') is always false [-Wtautological-constant-out-of-range-compare]
  248 |         u32 ambSrc = info.mAmbSrc == 0xFFFF ? 0 : info.mAmbSrc;
      |                      ~~~~~~~~~~~~ ^  ~~~~~~
2 warnings generated.[0m
[0m[38;5;2;1m[ 41%]:[0m [38;5;5;1m<smg-pc-game>[0m cache compiling.debug src/Game/Map/SphereSelector.cpp[0m
[0m[38;5;3;1mIn file included from src/app/OriginalGameApplication.cpp:11:
In file included from src/Game/System/FileLoader.hpp:3:
In file included from src/Game/System/ArchiveHolder.hpp:4:
In file included from src/JSystem/JKernel/JKRMemArchive.hpp:3:
src/JSystem/JKernel/JKRArchive.hpp:122:33: warning: 'getResource' overrides a member function but is not marked 'override' [-Winconsistent-missing-override]
  122 |     [[nodiscard]] virtual void *getResource(const char *pPath) const;
      |                                 ^
src/JSystem/JKernel/JKRFileLoader.hpp:15:19: note: overridden virtual function is here
   15 |     virtual void* getResource(const char*) const = 0;
      |                   ^
In file included from src/app/OriginalGameApplication.cpp:11:
In file included from src/Game/System/FileLoader.hpp:3:
In file included from src/Game/System/ArchiveHolder.hpp:4:
In file included from src/JSystem/JKernel/JKRMemArchive.hpp:3:
src/JSystem/JKernel/JKRArchive.hpp:124:33: warning: 'getResource' overrides a member function but is not marked 'override' [-Winconsistent-missing-override]
  124 |     [[nodiscard]] virtual void *getResource(std::uint32_t, const char *pPath) const;[0m
[0m[38;5;2;1m[ 43%]:[0m [38;5;5;1m<smg-pc-game>[0m cache compiling.debug src/Game/Map/WaterPoint.cpp[0m
[0m[38;5;3;1mIn file included from src/Game/LiveActor/ClippingActorInfo.cpp:5:
In file included from src/Game/Util.hpp:18:
src/Game/Util/Functor.hpp:114:105: warning: GCC does not allow 'noinline' attribute in this position on a function definition [-Wgcc-compat]
  114 |     static FunctorV1M< T*, void (T::*)(U), U > Functor(T* a1, void (T::*a2)(U), U arg_0) __attribute__((noinline)) {
      |                                                                                                         ^
1 warning generated.[0m
[0m[38;5;2;1m[ 43%]:[0m [38;5;5;1m<smg-pc-game>[0m cache compiling.debug src/Game/Map/LightDataHolder.cpp[0m
[0m[38;5;2;1m[ 43%]:[0m [38;5;5;1m<smg-pc-game>[0m cache compiling.debug src/Game/Map/FileSelectFunc.cpp[0m
[0m[38;5;3;1mIn file included from src/Game/System/GameDataConst.cpp:4:
In file included from src/Game/Util.hpp:18:
src/Game/Util/Functor.hpp:114:105: warning: GCC does not allow 'noinline' attribute in this position on a function definition [-Wgcc-compat]
  114 |     static FunctorV1M< T*, void (T::*)(U), U > Functor(T* a1, void (T::*a2)(U), U arg_0) __attribute__((noinline)) {
      |                                                                                                         ^
src/Game/System/GameDataConst.cpp:12:5: warning: ignoring return value of function declared with 'nodiscard' attribute [-Wunused-result]
   12 |     element.getValue< u32 >("PowerStarNum", &powerStarNum);
      |     ^~~~~~~~~~~~~~~~~~~~~~~~~~~~~~~~~~~~~~~~~~~~~~~~~~~~~~
src/Game/System/GameDataConst.cpp:71:5: warning: ignoring return value of function declared with 'nodiscard' attribute [-Wunused-result]
   71 |     element.getValue< u32 >("GrandGalaxyNo", &grandGalaxyNo);
      |     ^~~~~~~~~~~~~~~~~~~~~~~~~~~~~~~~~~~~~~~~~~~~~~~~~~~~~~~~
3 warnings generated.[0m
[0m[38;5;2;1m[ 43%]:[0m [38;5;5;1m<smg-pc-game>[0m cache compiling.debug src/Game/Map/LightZoneDataHolder.cpp[0m
[0m[38;5;2;1m[ 43%]:[0m [38;5;5;1m<smg-pc-game>[0m cache compiling.debug src/Game/Map/OceanBowl.cpp[0m
[0m[38;5;3;1mIn file included from src/Game/System/FileHolder.cpp:2:
In file included from src/Game/Util.hpp:18:
src/Game/Util/Functor.hpp:114:105: warning: GCC does not allow 'noinline' attribute in this position on a function definition [-Wgcc-compat]
  114 |     static FunctorV1M< T*, void (T::*)(U), U > Functor(T* a1, void (T::*a2)(U), U arg_0) __attribute__((noinline)) {
      |                                                                                                         ^
1 warning generated.[0m
[0m[38;5;2;1m[ 44%]:[0m [38;5;5;1m<smg-pc-game>[0m cache compiling.debug src/Game/Map/SphereSelectorHandle.cpp[0m
[0m[38;5;3;1mIn file included from src/Game/Animation/BckCtrl.cpp:4:
In file included from src/Game/Util.hpp:18:
src/Game/Util/Functor.hpp:114:105: warning: GCC does not allow 'noinline' attribute in this position on a function definition [-Wgcc-compat]
  114 |     static FunctorV1M< T*, void (T::*)(U), U > Functor(T* a1, void (T::*a2)(U), U arg_0) __attribute__((noinline)) {
      |                                                                                                         ^
src/Game/Animation/BckCtrl.cpp:47:13: warning: ignoring return value of function declared with 'nodiscard' attribute [-Wunused-result]
   47 |             iter.getValue("name", &name);
      |             ^~~~~~~~~~~~~~~~~~~~~~~~~~~~
src/Game/Animation/BckCtrl.cpp:49:13: warning: ignoring return value of function declared with 'nodiscard' attribute [-Wunused-result]
   49 |             iter.getValue("interpole", &interpole);
      |             ^~~~~~~~~~~~~~~~~~~~~~~~~~~~~~~~~~~~~~
src/Game/Animation/BckCtrl.cpp:51:13: warning: ignoring return value of function declared with 'nodiscard' attribute [-Wunused-result]
   51 |             iter.getValue("play_frame", &playFrame);
      |             ^~~~~~~~~~~~~~~~~~~~~~~~~~~~~~~~~~~~~~~
src/Game/Animation/BckCtrl.cpp:53:13: warning: ignoring return value of function declared with 'nodiscard' attribute [-Wunused-result]
   53 |             iter.getValue("start_frame", &startFrame);[0m
[0m[38;5;2;1m[ 44%]:[0m [38;5;5;1m<smg-pc-game>[0m cache compiling.debug src/Game/AreaObj/AreaForm.cpp[0m
[0m[38;5;3;1mIn file included from src/Game/Util/DrawUtil.cpp:10:
In file included from src/JSystem/J3DGraphAnimator/J3DJoint.hpp:4:
In file included from src/JSystem/J3DGraphBase/J3DMaterial.hpp:3:
src/JSystem/J3DGraphBase/J3DMatBlock.hpp:248:35: warning: result of comparison of constant 65535 with expression of type 'const u8' (aka 'const unsigned char') is always false [-Wtautological-constant-out-of-range-compare]
  248 |         u32 ambSrc = info.mAmbSrc == 0xFFFF ? 0 : info.mAmbSrc;
      |                      ~~~~~~~~~~~~ ^  ~~~~~~
1 warning generated.[0m
[0m[38;5;2;1m[ 46%]:[0m [38;5;5;1m<smg-pc-game>[0m cache compiling.debug src/Game/Screen/ReplaceTagProcessor.cpp[0m
[0m[38;5;2;1m[ 46%]:[0m [38;5;5;1m<smg-pc-game>[0m cache compiling.debug src/Game/Screen/StarPointerCommandStream.cpp[0m
[0m[38;5;2;1m[ 46%]:[0m [38;5;5;1m<smg-pc-game>[0m cache compiling.debug src/Game/Screen/SystemWipeHolder.cpp[0m
[0m[38;5;3;1mIn file included from src/Game/System/GameSystem.cpp:24:
src/Game/Util/Functor.hpp:114:105: warning: GCC does not allow 'noinline' attribute in this position on a function definition [-Wgcc-compat]
  114 |     static FunctorV1M< T*, void (T::*)(U), U > Functor(T* a1, void (T::*a2)(U), U arg_0) __attribute__((noinline)) {
      |                                                                                                         ^
1 warning generated.[0m
[0m[38;5;2;1m[ 46%]:[0m [38;5;5;1m<smg-pc-game>[0m cache compiling.debug src/Game/Screen/CustomTagProcessor.cpp[0m
[0m[38;5;3;1mIn file included from src/Game/System/MainLoopFramework.cpp:8:
src/JSystem/JUtility/JUTConsole.hpp:122:63: warning: 'offsetof' on non-standard-layout type 'JUTConsole' [-Winvalid-offsetof]
  122 |     typedef JGadget::TLinkList< JUTConsole, -static_cast<int>(__builtin_offsetof(JUTConsole, mListNode)) > ConsoleList;
      |                                                               ^                              ~~~~~~~~~
1 warning generated.[0m
[0m[38;5;2;1m[ 46%]:[0m [38;5;5;1m<smg-pc-game>[0m cache compiling.debug src/Game/Screen/StarPointerController.cpp[0m
[0m[38;5;3;1mIn file included from src/Game/System/ResourceInfo.cpp:2:
In file included from src/Game/Util.hpp:18:
src/Game/Util/Functor.hpp:114:105: warning: GCC does not allow 'noinline' attribute in this position on a function definition [-Wgcc-compat]
  114 |     static FunctorV1M< T*, void (T::*)(U), U > Functor(T* a1, void (T::*a2)(U), U arg_0) __attribute__((noinline)) {
      |                                                                                                         ^
1 warning generated.[0m
[0m[38;5;2;1m[ 47%]:[0m [38;5;5;1m<smg-pc-game>[0m cache compiling.debug src/Game/Screen/StarPointerGuidance.cpp[0m
[0m[38;5;3;1msrc/Game/System/MessageHolder.cpp:188:5: warning: ignoring return value of function declared with 'nodiscard' attribute [-Wunused-result]
  188 |     iter.getValue("Index", &messageIndex);
      |     ^~~~~~~~~~~~~~~~~~~~~~~~~~~~~~~~~~~~~
1 warning generated.[0m
[0m[38;5;2;1m[ 47%]:[0m [38;5;5;1m<smg-pc-game>[0m cache compiling.debug src/Game/Screen/FileSelectButton.cpp[0m
[0m[38;5;3;1mIn file included from src/Game/System/WPadPointer.cpp:2:
In file included from src/Game/Util.hpp:18:
src/Game/Util/Functor.hpp:114:105: warning: GCC does not allow 'noinline' attribute in this position on a function definition [-Wgcc-compat]
  114 |     static FunctorV1M< T*, void (T::*)(U), U > Functor(T* a1, void (T::*a2)(U), U arg_0) __attribute__((noinline)) {
      |                                                                                                         ^
1 warning generated.[0m
[0m[38;5;2;1m[ 47%]:[0m [38;5;5;1m<smg-pc-game>[0m cache compiling.debug src/Game/Screen/MiiSelect.cpp[0m
[0m[38;5;2;1m[ 48%]:[0m [38;5;5;1m<smg-pc-game>[0m cache compiling.debug src/Game/Screen/Manual2P.cpp[0m
[0m[38;5;2;1m[ 49%]:[0m [38;5;5;1m<smg-pc-game>[0m cache compiling.debug src/Game/Screen/ScenarioSelectLayout.cpp[0m
[0m[38;5;3;1mIn file included from src/Game/Map/WaterPoint.cpp:2:
In file included from src/Game/Util.hpp:18:
src/Game/Util/Functor.hpp:114:105: warning: GCC does not allow 'noinline' attribute in this position on a function definition [-Wgcc-compat]
  114 |     static FunctorV1M< T*, void (T::*)(U), U > Functor(T* a1, void (T::*a2)(U), U arg_0) __attribute__((noinline)) {
      |                                                                                                         ^
1 warning generated.[0m
[0m[38;5;2;1m[ 49%]:[0m [38;5;5;1m<smg-pc-game>[0m cache compiling.debug src/Game/Screen/StaffRoll.cpp[0m
[0m[38;5;3;1mIn file included from src/Game/Map/SphereSelector.cpp:7:
In file included from src/Game/Util.hpp:18:
src/Game/Util/Functor.hpp:114:105: warning: GCC does not allow 'noinline' attribute in this position on a function definition [-Wgcc-compat]
  114 |     static FunctorV1M< T*, void (T::*)(U), U > Functor(T* a1, void (T::*a2)(U), U arg_0) __attribute__((noinline)) {
      |                                                                                                         ^
1 warning generated.[0m
[0m[38;5;2;1m[ 49%]:[0m [38;5;5;1m<smg-pc-game>[0m cache compiling.debug src/Game/Screen/InformationObserver.cpp[0m
[0m[38;5;2;1m[ 50%]:[0m [38;5;5;1m<smg-pc-game>[0m cache compiling.debug src/Game/Screen/LayoutManager.cpp[0m
[0m[38;5;3;1mIn file included from src/Game/System/ArchiveHolder.cpp:2:
In file included from src/Game/Util.hpp:18:
src/Game/Util/Functor.hpp:114:105: warning: GCC does not allow 'noinline' attribute in this position on a function definition [-Wgcc-compat]
  114 |     static FunctorV1M< T*, void (T::*)(U), U > Functor(T* a1, void (T::*a2)(U), U arg_0) __attribute__((noinline)) {
      |                                                                                                         ^
1 warning generated.[0m
[0m[38;5;2;1m[ 50%]:[0m [38;5;5;1m<smg-pc-game>[0m cache compiling.debug src/Game/Screen/MovieSubtitles.cpp[0m
[0m[38;5;2;1m[ 51%]:[0m [38;5;5;1m<smg-pc-game>[0m cache compiling.debug src/Game/Screen/ScenarioTitle.cpp[0m
[0m[38;5;3;1mIn file included from src/Game/Map/LightDataHolder.cpp:4:
In file included from src/Game/Util.hpp:18:
src/Game/Util/Functor.hpp:114:105: warning: GCC does not allow 'noinline' attribute in this position on a function definition [-Wgcc-compat]
  114 |     static FunctorV1M< T*, void (T::*)(U), U > Functor(T* a1, void (T::*a2)(U), U arg_0) __attribute__((noinline)) {
      |                                                                                                         ^
1 warning generated.[0m
[0m[38;5;2;1m[ 51%]:[0m [38;5;5;1m<smg-pc-game>[0m cache compiling.debug src/Game/Screen/LayoutCoreUtil.cpp[0m
[0m[38;5;3;1mIn file included from src/Game/Map/LightZoneDataHolder.cpp:4:
In file included from src/Game/Util.hpp:18:
src/Game/Util/Functor.hpp:114:105: warning: GCC does not allow 'noinline' attribute in this position on a function definition [-Wgcc-compat]
  114 |     static FunctorV1M< T*, void (T::*)(U), U > Functor(T* a1, void (T::*a2)(U), U arg_0) __attribute__((noinline)) {
      |                                                                                                         ^
1 warning generated.[0m
[0m[38;5;2;1m[ 51%]:[0m [38;5;5;1m<smg-pc-game>[0m cache compiling.debug src/Game/Screen/ImageEffectDirector.cpp[0m
[0m[38;5;3;1mIn file included from src/Game/Map/OceanBowl.cpp:7:
In file included from src/Game/Util.hpp:18:
src/Game/Util/Functor.hpp:114:105: warning: GCC does not allow 'noinline' attribute in this position on a function definition [-Wgcc-compat]
  114 |     static FunctorV1M< T*, void (T::*)(U), U > Functor(T* a1, void (T::*a2)(U), U arg_0) __attribute__((noinline)) {
      |                                                                                                         ^
1 warning generated.[0m
[0m[38;5;2;1m[ 51%]:[0m [38;5;5;1m<smg-pc-game>[0m cache compiling.debug src/Game/Screen/LayoutActor.cpp[0m
[0m[38;5;3;1mIn file included from src/Game/AreaObj/AreaForm.cpp:2:
In file included from src/Game/Util.hpp:18:
src/Game/Util/Functor.hpp:114:105: warning: GCC does not allow 'noinline' attribute in this position on a function definition [-Wgcc-compat]
  114 |     static FunctorV1M< T*, void (T::*)(U), U > Functor(T* a1, void (T::*a2)(U), U arg_0) __attribute__((noinline)) {
      |                                                                                                         ^
src/Game/AreaObj/AreaForm.cpp:164:5: warning: ignoring return value of function declared with 'nodiscard' attribute [-Wunused-result]
  164 |     rIter.getValue< f32 >("scale_x", &scale_x);
      |     ^~~~~~~~~~~~~~~~~~~~~~~~~~~~~~~~~~~~~~~~~~
src/Game/AreaObj/AreaForm.cpp:267:5: warning: ignoring return value of function declared with 'nodiscard' attribute [-Wunused-result]
  267 |     rIter.getValue< f32 >("scale_x", &scale_x);
      |     ^~~~~~~~~~~~~~~~~~~~~~~~~~~~~~~~~~~~~~~~~~
src/Game/AreaObj/AreaForm.cpp:291:5: warning: ignoring return value of function declared with 'nodiscard' attribute [-Wunused-result]
  291 |     rIter.getValue< f32 >("scale_x", &temp);
      |     ^~~~~~~~~~~~~~~~~~~~~~~~~~~~~~~~~~~~~~~
src/Game/AreaObj/AreaForm.cpp:296:5: warning: ignoring return value of function declared with 'nodiscard' attribute [-Wunused-result]
  296 |     rIter.getValue< f32 >("scale_y", &temp);[0m
[0m[38;5;2;1m[ 52%]:[0m [38;5;5;1m<smg-pc-game>[0m cache compiling.debug src/Game/Screen/PictureBookLayout.cpp[0m
[0m[38;5;3;1mIn file included from src/Game/Map/SphereSelectorHandle.cpp:6:
In file included from src/Game/Util.hpp:18:
src/Game/Util/Functor.hpp:114:105: warning: GCC does not allow 'noinline' attribute in this position on a function definition [-Wgcc-compat]
  114 |     static FunctorV1M< T*, void (T::*)(U), U > Functor(T* a1, void (T::*a2)(U), U arg_0) __attribute__((noinline)) {
      |                                                                                                         ^
1 warning generated.[0m
[0m[38;5;2;1m[ 52%]:[0m [38;5;5;1m<smg-pc-game>[0m cache compiling.debug src/Game/Screen/PauseMenu.cpp[0m
[0m[38;5;2;1m[ 52%]:[0m [38;5;5;1m<smg-pc-game>[0m cache compiling.debug src/Game/Screen/StarPointerLayout.cpp[0m
[0m[38;5;2;1m[ 52%]:[0m [38;5;5;1m<smg-pc-game>[0m cache compiling.debug src/Game/Screen/StarPointerDirector.cpp[0m
[0m[38;5;2;1m[ 52%]:[0m [38;5;5;1m<smg-pc-game>[0m cache compiling.debug src/Game/Screen/SubMeterLayout.cpp[0m
[0m[38;5;2;1m[ 53%]:[0m [38;5;5;1m<smg-pc-game>[0m cache compiling.debug src/Game/Screen/StarPointerBlur.cpp[0m
[0m[38;5;3;1mIn file included from src/Game/Screen/FileSelectButton.cpp:5:
src/Game/Util/Functor.hpp:114:105: warning: GCC does not allow 'noinline' attribute in this position on a function definition [-Wgcc-compat]
  114 |     static FunctorV1M< T*, void (T::*)(U), U > Functor(T* a1, void (T::*a2)(U), U arg_0) __attribute__((noinline)) {
      |                                                                                                         ^
1 warning generated.[0m
[0m[38;5;2;1m[ 53%]:[0m [38;5;5;1m<smg-pc-game>[0m cache compiling.debug src/Game/Screen/ErrorMessageWindow.cpp[0m
[0m[38;5;2;1m[ 54%]:[0m [38;5;5;1m<smg-pc-game>[0m cache compiling.debug src/Game/NameObj/NameObjListExecutor.cpp[0m
[0m[38;5;3;1mIn file included from src/Game/Screen/SystemWipeHolder.cpp:7:
In file included from src/Game/Util.hpp:18:
src/Game/Util/Functor.hpp:114:105: warning: GCC does not allow 'noinline' attribute in this position on a function definition [-Wgcc-compat]
  114 |     static FunctorV1M< T*, void (T::*)(U), U > Functor(T* a1, void (T::*a2)(U), U arg_0) __attribute__((noinline)) {
      |                                                                                                         ^
1 warning generated.[0m
[0m[38;5;2;1m[ 54%]:[0m [38;5;5;1m<smg-pc-game>[0m cache compiling.debug src/Game/NameObj/NameObj.cpp[0m
[0m[38;5;3;1mIn file included from src/Game/Screen/CustomTagProcessor.cpp:1:
In file included from src/Game/Screen/CustomTagProcessor.hpp:4:
In file included from src/nw4r/lyt/textBox.h:3:
src/nw4r/lyt/common.h:14:28: warning: comparison of different enumeration types ('_GXTexFmt' (aka 'GXTexFmt') and 'GXCITexFmt') is deprecated [-Wdeprecated-enum-compare]
   14 |                 return fmt == GX_TF_C4 || fmt == GX_TF_C8 || fmt == GX_TF_C14X2;
      |                        ~~~ ^  ~~~~~~~~
src/nw4r/lyt/common.h:14:47: warning: comparison of different enumeration types ('_GXTexFmt' (aka 'GXTexFmt') and 'GXCITexFmt') is deprecated [-Wdeprecated-enum-compare]
   14 |                 return fmt == GX_TF_C4 || fmt == GX_TF_C8 || fmt == GX_TF_C14X2;
      |                                           ~~~ ^  ~~~~~~~~
src/nw4r/lyt/common.h:14:66: warning: comparison of different enumeration types ('_GXTexFmt' (aka 'GXTexFmt') and 'GXCITexFmt') is deprecated [-Wdeprecated-enum-compare]
   14 |                 return fmt == GX_TF_C4 || fmt == GX_TF_C8 || fmt == GX_TF_C14X2;
      |                                                              ~~~ ^  ~~~~~~~~~~~
In file included from src/Game/Screen/CustomTagProcessor.cpp:1:
In file included from src/Game/Screen/CustomTagProcessor.hpp:4:
In file included from src/nw4r/lyt/textBox.h:4:
src/nw4r/lyt/pane.h:37:37: warning: 'offsetof' on non-standard-layout type 'detail::PaneBase' [-Winvalid-offsetof][0m
[0m[38;5;2;1m[ 54%]:[0m [38;5;5;1m<smg-pc-game>[0m cache compiling.debug src/Game/Scene/StageFileLoader.cpp[0m
[0m[38;5;2;1m[ 54%]:[0m [38;5;5;1m<smg-pc-game>[0m cache compiling.debug src/Game/Scene/SceneNameObjMovementController.cpp[0m
[0m[38;5;2;1m[ 55%]:[0m [38;5;5;1m<smg-pc-game>[0m cache compiling.debug src/Game/Scene/GameScene.cpp[0m
[0m[38;5;3;1mIn file included from src/Game/Screen/LayoutCoreUtil.cpp:1:
In file included from src/Game/Screen/LayoutCoreUtil.hpp:4:
src/nw4r/lyt/pane.h:37:37: warning: 'offsetof' on non-standard-layout type 'detail::PaneBase' [-Winvalid-offsetof]
   37 |         typedef ut::LinkList< Pane, __builtin_offsetof(detail::PaneBase, mLink) > PaneList;
      |                                     ^                                    ~~~~~
In file included from src/Game/Screen/LayoutCoreUtil.cpp:1:
In file included from src/Game/Screen/LayoutCoreUtil.hpp:5:
In file included from src/nw4r/lyt/textBox.h:3:
src/nw4r/lyt/common.h:14:28: warning: comparison of different enumeration types ('_GXTexFmt' (aka 'GXTexFmt') and 'GXCITexFmt') is deprecated [-Wdeprecated-enum-compare]
   14 |                 return fmt == GX_TF_C4 || fmt == GX_TF_C8 || fmt == GX_TF_C14X2;
      |                        ~~~ ^  ~~~~~~~~
src/nw4r/lyt/common.h:14:47: warning: comparison of different enumeration types ('_GXTexFmt' (aka 'GXTexFmt') and 'GXCITexFmt') is deprecated [-Wdeprecated-enum-compare]
   14 |                 return fmt == GX_TF_C4 || fmt == GX_TF_C8 || fmt == GX_TF_C14X2;
      |                                           ~~~ ^  ~~~~~~~~
src/nw4r/lyt/common.h:14:66: warning: comparison of different enumeration types ('_GXTexFmt' (aka 'GXTexFmt') and 'GXCITexFmt') is deprecated [-Wdeprecated-enum-compare]
   14 |                 return fmt == GX_TF_C4 || fmt == GX_TF_C8 || fmt == GX_TF_C14X2;[0m
[0m[38;5;2;1m[ 56%]:[0m [38;5;5;1m<smg-pc-game>[0m cache compiling.debug src/Game/Scene/SceneExecutor.cpp[0m
[0m[38;5;2;1m[ 56%]:[0m [38;5;5;1m<smg-pc-game>[0m cache compiling.debug src/Game/NPC/TalkMessageCtrl.cpp[0m
[0m[38;5;2;1m[ 56%]:[0m [38;5;5;1m<smg-pc-game>[0m cache compiling.debug src/Game/NPC/NPCActor.cpp[0m
[0m[38;5;2;1m[ 56%]:[0m [38;5;5;1m<smg-pc-game>[0m cache compiling.debug src/Game/NPC/RunawayTico.cpp[0m
[0m[38;5;3;1mIn file included from src/Game/Screen/ImageEffectDirector.cpp:14:
In file included from src/Game/Util.hpp:18:
src/Game/Util/Functor.hpp:114:105: warning: GCC does not allow 'noinline' attribute in this position on a function definition [-Wgcc-compat]
  114 |     static FunctorV1M< T*, void (T::*)(U), U > Functor(T* a1, void (T::*a2)(U), U arg_0) __attribute__((noinline)) {
      |                                                                                                         ^
1 warning generated.[0m
[0m[38;5;2;1m[ 56%]:[0m [38;5;5;1m<smg-pc-game>[0m cache compiling.debug src/Game/NPC/TalkBalloon.cpp[0m
[0m[38;5;3;1mIn file included from src/Game/Screen/LayoutManager.cpp:1:
In file included from src/Game/Screen/LayoutManager.hpp:6:
In file included from src/nw4r/lyt/layout.h:3:
In file included from src/nw4r/lyt/animation.h:3:
src/nw4r/lyt/common.h:14:28: warning: comparison of different enumeration types ('_GXTexFmt' (aka 'GXTexFmt') and 'GXCITexFmt') is deprecated [-Wdeprecated-enum-compare]
   14 |                 return fmt == GX_TF_C4 || fmt == GX_TF_C8 || fmt == GX_TF_C14X2;
      |                        ~~~ ^  ~~~~~~~~
src/nw4r/lyt/common.h:14:47: warning: comparison of different enumeration types ('_GXTexFmt' (aka 'GXTexFmt') and 'GXCITexFmt') is deprecated [-Wdeprecated-enum-compare]
   14 |                 return fmt == GX_TF_C4 || fmt == GX_TF_C8 || fmt == GX_TF_C14X2;
      |                                           ~~~ ^  ~~~~~~~~
src/nw4r/lyt/common.h:14:66: warning: comparison of different enumeration types ('_GXTexFmt' (aka 'GXTexFmt') and 'GXCITexFmt') is deprecated [-Wdeprecated-enum-compare]
   14 |                 return fmt == GX_TF_C4 || fmt == GX_TF_C8 || fmt == GX_TF_C14X2;
      |                                                              ~~~ ^  ~~~~~~~~~~~
In file included from src/Game/Screen/LayoutManager.cpp:1:
In file included from src/Game/Screen/LayoutManager.hpp:6:
In file included from src/nw4r/lyt/layout.h:4:[0m
[0m[38;5;2;1m[ 56%]:[0m [38;5;5;1m<smg-pc-game>[0m cache compiling.debug src/Game/NPC/NPCParameter.cpp[0m
[0m[38;5;2;1m[ 56%]:[0m [38;5;5;1m<smg-pc-game>[0m cache compiling.debug src/Game/NPC/NPCDirector.cpp[0m
[0m[38;5;2;1m[ 56%]:[0m [38;5;5;1m<smg-pc-game>[0m cache compiling.debug src/Game/NPC/RunawayRabbitCollect.cpp[0m
[0m[38;5;3;1mIn file included from src/Game/Screen/StarPointerLayout.cpp:4:
In file included from src/Game/Screen/LayoutCoreUtil.hpp:4:
src/nw4r/lyt/pane.h:37:37: warning: 'offsetof' on non-standard-layout type 'detail::PaneBase' [-Winvalid-offsetof]
   37 |         typedef ut::LinkList< Pane, __builtin_offsetof(detail::PaneBase, mLink) > PaneList;
      |                                     ^                                    ~~~~~
In file included from src/Game/Screen/StarPointerLayout.cpp:4:
In file included from src/Game/Screen/LayoutCoreUtil.hpp:5:
In file included from src/nw4r/lyt/textBox.h:3:
src/nw4r/lyt/common.h:14:28: warning: comparison of different enumeration types ('_GXTexFmt' (aka 'GXTexFmt') and 'GXCITexFmt') is deprecated [-Wdeprecated-enum-compare]
   14 |                 return fmt == GX_TF_C4 || fmt == GX_TF_C8 || fmt == GX_TF_C14X2;
      |                        ~~~ ^  ~~~~~~~~
src/nw4r/lyt/common.h:14:47: warning: comparison of different enumeration types ('_GXTexFmt' (aka 'GXTexFmt') and 'GXCITexFmt') is deprecated [-Wdeprecated-enum-compare]
   14 |                 return fmt == GX_TF_C4 || fmt == GX_TF_C8 || fmt == GX_TF_C14X2;
      |                                           ~~~ ^  ~~~~~~~~
src/nw4r/lyt/common.h:14:66: warning: comparison of different enumeration types ('_GXTexFmt' (aka 'GXTexFmt') and 'GXCITexFmt') is deprecated [-Wdeprecated-enum-compare]
   14 |                 return fmt == GX_TF_C4 || fmt == GX_TF_C8 || fmt == GX_TF_C14X2;[0m
[0m[38;5;2;1m[ 57%]:[0m [38;5;5;1m<smg-pc-game>[0m cache compiling.debug src/Game/NPC/RosettaDemoEpilogue.cpp[0m
[0m[38;5;3;1mIn file included from src/Game/Screen/SubMeterLayout.cpp:2:
In file included from src/Game/Util.hpp:18:
src/Game/Util/Functor.hpp:114:105: warning: GCC does not allow 'noinline' attribute in this position on a function definition [-Wgcc-compat]
  114 |     static FunctorV1M< T*, void (T::*)(U), U > Functor(T* a1, void (T::*a2)(U), U arg_0) __attribute__((noinline)) {
      |                                                                                                         ^
1 warning generated.[0m
[0m[38;5;2;1m[ 57%]:[0m [38;5;5;1m<smg-pc-game>[0m cache compiling.debug src/Game/NPC/TalkDirector.cpp[0m
[0m[38;5;3;1mIn file included from src/Game/Screen/StarPointerDirector.cpp:3:
In file included from src/Game/Screen/LayoutCoreUtil.hpp:4:
src/nw4r/lyt/pane.h:37:37: warning: 'offsetof' on non-standard-layout type 'detail::PaneBase' [-Winvalid-offsetof]
   37 |         typedef ut::LinkList< Pane, __builtin_offsetof(detail::PaneBase, mLink) > PaneList;
      |                                     ^                                    ~~~~~
In file included from src/Game/Screen/StarPointerDirector.cpp:3:
In file included from src/Game/Screen/LayoutCoreUtil.hpp:5:
In file included from src/nw4r/lyt/textBox.h:3:
src/nw4r/lyt/common.h:14:28: warning: comparison of different enumeration types ('_GXTexFmt' (aka 'GXTexFmt') and 'GXCITexFmt') is deprecated [-Wdeprecated-enum-compare]
   14 |                 return fmt == GX_TF_C4 || fmt == GX_TF_C8 || fmt == GX_TF_C14X2;
      |                        ~~~ ^  ~~~~~~~~
src/nw4r/lyt/common.h:14:47: warning: comparison of different enumeration types ('_GXTexFmt' (aka 'GXTexFmt') and 'GXCITexFmt') is deprecated [-Wdeprecated-enum-compare]
   14 |                 return fmt == GX_TF_C4 || fmt == GX_TF_C8 || fmt == GX_TF_C14X2;
      |                                           ~~~ ^  ~~~~~~~~
src/nw4r/lyt/common.h:14:66: warning: comparison of different enumeration types ('_GXTexFmt' (aka 'GXTexFmt') and 'GXCITexFmt') is deprecated [-Wdeprecated-enum-compare]
   14 |                 return fmt == GX_TF_C4 || fmt == GX_TF_C8 || fmt == GX_TF_C14X2;[0m
[0m[38;5;2;1m[ 57%]:[0m [38;5;5;1m<smg-pc-game>[0m cache compiling.debug src/Game/NPC/TicoDemoGetPower.cpp[0m
[0m[38;5;2;1m[ 57%]:[0m [38;5;5;1m<smg-pc-game>[0m cache compiling.debug src/Game/NPC/NPCFunction.cpp[0m
[0m[38;5;2;1m[ 57%]:[0m [38;5;5;1m<smg-pc-game>[0m cache compiling.debug src/Game/NPC/RosettaDemoAstroDome.cpp[0m
[0m[38;5;2;1m[ 57%]:[0m [38;5;5;1m<smg-pc-game>[0m cache compiling.debug src/Game/NPC/RosettaDemoHeavensDoor.cpp[0m
[0m[38;5;3;1mIn file included from src/Game/Scene/SceneExecutor.cpp:9:
In file included from src/Game/Util.hpp:18:
src/Game/Util/Functor.hpp:114:105: warning: GCC does not allow 'noinline' attribute in this position on a function definition [-Wgcc-compat]
  114 |     static FunctorV1M< T*, void (T::*)(U), U > Functor(T* a1, void (T::*a2)(U), U arg_0) __attribute__((noinline)) {
      |                                                                                                         ^
1 warning generated.[0m
[0m[38;5;2;1m[ 57%]:[0m [38;5;5;1m<smg-pc-game>[0m cache compiling.debug src/Game/NPC/RunawayRabbit.cpp[0m
[0m[38;5;3;1mIn file included from src/Game/NPC/RunawayTico.cpp:6:
In file included from src/Game/Util.hpp:18:
src/Game/Util/Functor.hpp:114:105: warning: GCC does not allow 'noinline' attribute in this position on a function definition [-Wgcc-compat]
  114 |     static FunctorV1M< T*, void (T::*)(U), U > Functor(T* a1, void (T::*a2)(U), U arg_0) __attribute__((noinline)) {
      |                                                                                                         ^
1 warning generated.[0m
[0m[38;5;2;1m[ 58%]:[0m [38;5;5;1m<smg-pc-game>[0m cache compiling.debug src/Game/NPC/TalkTextFormer.cpp[0m
[0m[38;5;2;1m[ 58%]:[0m [38;5;5;1m<smg-pc-game>[0m cache compiling.debug src/Game/NPC/Rosetta.cpp[0m
[0m[38;5;2;1m[ 58%]:[0m [38;5;5;1m<smg-pc-game>[0m cache compiling.debug src/Game/NPC/TalkNodeCtrl.cpp[0m
[0m[38;5;2;1m[ 58%]:[0m [38;5;5;1m<smg-pc-game>[0m cache compiling.debug src/Game/NPC/Tico.cpp[0m
[0m[38;5;3;1mIn file included from src/Game/Scene/StageFileLoader.cpp:3:
In file included from src/Game/Util.hpp:18:
src/Game/Util/Functor.hpp:114:105: warning: GCC does not allow 'noinline' attribute in this position on a function definition [-Wgcc-compat]
  114 |     static FunctorV1M< T*, void (T::*)(U), U > Functor(T* a1, void (T::*a2)(U), U arg_0) __attribute__((noinline)) {
      |                                                                                                         ^
1 warning generated.[0m
[0m[38;5;2;1m[ 58%]:[0m [38;5;5;1m<smg-pc-game>[0m cache compiling.debug src/Game/NPC/DemoRabbit.cpp[0m
[0m[38;5;2;1m[ 59%]:[0m [38;5;5;1m<smg-pc-game>[0m cache compiling.debug src/Game/Player/Mario.cpp[0m
[0m[38;5;2;1m[ 63%]:[0m [38;5;5;1m<smg-pc-game>[0m cache compiling.debug src/Game/Player/MarioActorRush.cpp[0m
[0m[38;5;3;1msrc/Game/NPC/NPCParameter.cpp:13:5: warning: ignoring return value of function declared with 'nodiscard' attribute [-Wunused-result]
   13 |     pInfo->getValue(a2, mName, _8);
      |     ^~~~~~~~~~~~~~~~~~~~~~~~~~~~~~
src/Game/NPC/NPCParameter.cpp:20:5: warning: ignoring return value of function declared with 'nodiscard' attribute [-Wunused-result]
   20 |     pInfo->getValue(a2, mName, _8);
      |     ^~~~~~~~~~~~~~~~~~~~~~~~~~~~~~
src/Game/NPC/NPCParameter.cpp:31:5: warning: ignoring return value of function declared with 'nodiscard' attribute [-Wunused-result]
   31 |     pInfo->getValue(a2, str, &_8->x);
      |     ^~~~~~~~~~~~~~~~~~~~~~~~~~~~~~~~
src/Game/NPC/NPCParameter.cpp:33:5: warning: ignoring return value of function declared with 'nodiscard' attribute [-Wunused-result]
   33 |     pInfo->getValue(a2, str, &_8->y);
      |     ^~~~~~~~~~~~~~~~~~~~~~~~~~~~~~~~
src/Game/NPC/NPCParameter.cpp:35:5: warning: ignoring return value of function declared with 'nodiscard' attribute [-Wunused-result]
   35 |     pInfo->getValue(a2, str, &_8->z);
      |     ^~~~~~~~~~~~~~~~~~~~~~~~~~~~~~~~
src/Game/NPC/NPCParameter.cpp:76:5: warning: ignoring return value of function declared with 'nodiscard' attribute [-Wunused-result][0m
[0m[38;5;2;1m[ 64%]:[0m [38;5;5;1m<smg-pc-game>[0m cache compiling.debug src/Game/Player/MarioWalk.cpp[0m
[0m[38;5;3;1mIn file included from src/Game/Scene/GameScene.cpp:37:
src/Game/Util/Functor.hpp:114:105: warning: GCC does not allow 'noinline' attribute in this position on a function definition [-Wgcc-compat]
  114 |     static FunctorV1M< T*, void (T::*)(U), U > Functor(T* a1, void (T::*a2)(U), U arg_0) __attribute__((noinline)) {
      |                                                                                                         ^
1 warning generated.[0m
[0m[38;5;2;1m[ 65%]:[0m [38;5;5;1m<smg-pc-game>[0m cache compiling.debug src/Game/Player/MarioAccess.cpp[0m
[0m[38;5;2;1m[ 66%]:[0m [38;5;5;1m<smg-pc-game>[0m cache compiling.debug src/Game/MapObj/PunchingKinoko.cpp[0m
[0m[38;5;3;1mIn file included from src/Game/NPC/RosettaDemoEpilogue.cpp:8:
src/Game/Util/Functor.hpp:114:105: warning: GCC does not allow 'noinline' attribute in this position on a function definition [-Wgcc-compat]
  114 |     static FunctorV1M< T*, void (T::*)(U), U > Functor(T* a1, void (T::*a2)(U), U arg_0) __attribute__((noinline)) {
      |                                                                                                         ^
1 warning generated.[0m
[0m[38;5;2;1m[ 66%]:[0m [38;5;5;1m<smg-pc-game>[0m cache compiling.debug src/Game/MapObj/PowerStarHolder.cpp[0m
[0m[38;5;3;1mIn file included from src/Game/NPC/TicoDemoGetPower.cpp:8:
src/Game/Util/Functor.hpp:114:105: warning: GCC does not allow 'noinline' attribute in this position on a function definition [-Wgcc-compat]
  114 |     static FunctorV1M< T*, void (T::*)(U), U > Functor(T* a1, void (T::*a2)(U), U arg_0) __attribute__((noinline)) {
      |                                                                                                         ^
1 warning generated.[0m
[0m[38;5;2;1m[ 66%]:[0m [38;5;5;1m<smg-pc-game>[0m cache compiling.debug src/Game/MapObj/MapPartsRailGuideDrawer.cpp[0m
[0m[38;5;3;1mIn file included from src/Game/NPC/RosettaDemoAstroDome.cpp:11:
src/Game/Util/Functor.hpp:114:105: warning: GCC does not allow 'noinline' attribute in this position on a function definition [-Wgcc-compat]
  114 |     static FunctorV1M< T*, void (T::*)(U), U > Functor(T* a1, void (T::*a2)(U), U arg_0) __attribute__((noinline)) {
      |                                                                                                         ^
1 warning generated.[0m
[0m[38;5;2;1m[ 66%]:[0m [38;5;5;1m<smg-pc-game>[0m cache compiling.debug src/Game/MapObj/MapParts.cpp[0m
[0m[38;5;3;1mIn file included from src/Game/NPC/RosettaDemoHeavensDoor.cpp:8:
In file included from src/Game/Util.hpp:18:
src/Game/Util/Functor.hpp:114:105: warning: GCC does not allow 'noinline' attribute in this position on a function definition [-Wgcc-compat]
  114 |     static FunctorV1M< T*, void (T::*)(U), U > Functor(T* a1, void (T::*a2)(U), U arg_0) __attribute__((noinline)) {
      |                                                                                                         ^
1 warning generated.[0m
[0m[38;5;2;1m[ 66%]:[0m [38;5;5;1m<smg-pc-game>[0m cache compiling.debug src/Game/MapObj/CoinHolder.cpp[0m
[0m[38;5;3;1mIn file included from src/Game/Screen/LayoutActor.cpp:6:
In file included from src/Game/Screen/LayoutCoreUtil.hpp:4:
src/nw4r/lyt/pane.h:37:37: warning: 'offsetof' on non-standard-layout type 'detail::PaneBase' [-Winvalid-offsetof]
   37 |         typedef ut::LinkList< Pane, __builtin_offsetof(detail::PaneBase, mLink) > PaneList;
      |                                     ^                                    ~~~~~
In file included from src/Game/Screen/LayoutActor.cpp:6:
In file included from src/Game/Screen/LayoutCoreUtil.hpp:5:
In file included from src/nw4r/lyt/textBox.h:3:
src/nw4r/lyt/common.h:14:28: warning: comparison of different enumeration types ('_GXTexFmt' (aka 'GXTexFmt') and 'GXCITexFmt') is deprecated [-Wdeprecated-enum-compare]
   14 |                 return fmt == GX_TF_C4 || fmt == GX_TF_C8 || fmt == GX_TF_C14X2;
      |                        ~~~ ^  ~~~~~~~~
src/nw4r/lyt/common.h:14:47: warning: comparison of different enumeration types ('_GXTexFmt' (aka 'GXTexFmt') and 'GXCITexFmt') is deprecated [-Wdeprecated-enum-compare]
   14 |                 return fmt == GX_TF_C4 || fmt == GX_TF_C8 || fmt == GX_TF_C14X2;
      |                                           ~~~ ^  ~~~~~~~~
src/nw4r/lyt/common.h:14:66: warning: comparison of different enumeration types ('_GXTexFmt' (aka 'GXTexFmt') and 'GXCITexFmt') is deprecated [-Wdeprecated-enum-compare]
   14 |                 return fmt == GX_TF_C4 || fmt == GX_TF_C8 || fmt == GX_TF_C14X2;[0m
[0m[38;5;2;1m[ 66%]:[0m [38;5;5;1m<smg-pc-game>[0m cache compiling.debug src/Game/MapObj/EarthenPipe.cpp[0m
[0m[38;5;3;1mIn file included from src/Game/NPC/TalkTextFormer.cpp:7:
In file included from src/Game/Screen/CustomTagProcessor.hpp:4:
In file included from src/nw4r/lyt/textBox.h:3:
src/nw4r/lyt/common.h:14:28: warning: comparison of different enumeration types ('_GXTexFmt' (aka 'GXTexFmt') and 'GXCITexFmt') is deprecated [-Wdeprecated-enum-compare]
   14 |                 return fmt == GX_TF_C4 || fmt == GX_TF_C8 || fmt == GX_TF_C14X2;
      |                        ~~~ ^  ~~~~~~~~
src/nw4r/lyt/common.h:14:47: warning: comparison of different enumeration types ('_GXTexFmt' (aka 'GXTexFmt') and 'GXCITexFmt') is deprecated [-Wdeprecated-enum-compare]
   14 |                 return fmt == GX_TF_C4 || fmt == GX_TF_C8 || fmt == GX_TF_C14X2;
      |                                           ~~~ ^  ~~~~~~~~
src/nw4r/lyt/common.h:14:66: warning: comparison of different enumeration types ('_GXTexFmt' (aka 'GXTexFmt') and 'GXCITexFmt') is deprecated [-Wdeprecated-enum-compare]
   14 |                 return fmt == GX_TF_C4 || fmt == GX_TF_C8 || fmt == GX_TF_C14X2;
      |                                                              ~~~ ^  ~~~~~~~~~~~
In file included from src/Game/NPC/TalkTextFormer.cpp:7:
In file included from src/Game/Screen/CustomTagProcessor.hpp:4:
In file included from src/nw4r/lyt/textBox.h:4:
src/nw4r/lyt/pane.h:37:37: warning: 'offsetof' on non-standard-layout type 'detail::PaneBase' [-Winvalid-offsetof][0m
[0m[38;5;2;1m[ 66%]:[0m [38;5;5;1m<smg-pc-game>[0m cache compiling.debug src/Game/MapObj/RotateMoveObj.cpp[0m
[0m[38;5;2;1m[ 66%]:[0m [38;5;5;1m<smg-pc-game>[0m cache compiling.debug src/Game/MapObj/MapPartsRailGuideHolder.cpp[0m
[0m[38;5;3;1mIn file included from src/Game/NPC/RunawayRabbit.cpp:10:
In file included from src/Game/Util.hpp:18:
src/Game/Util/Functor.hpp:114:105: warning: GCC does not allow 'noinline' attribute in this position on a function definition [-Wgcc-compat]
  114 |     static FunctorV1M< T*, void (T::*)(U), U > Functor(T* a1, void (T::*a2)(U), U arg_0) __attribute__((noinline)) {
      |                                                                                                         ^
1 warning generated.[0m
[0m[38;5;2;1m[ 67%]:[0m [38;5;5;1m<smg-pc-game>[0m cache compiling.debug src/Game/MapObj/DummyDisplayModel.cpp[0m
[0m[38;5;2;1m[ 67%]:[0m [38;5;5;1m<smg-pc-game>[0m cache compiling.debug src/Game/MapObj/BigFanHolder.cpp[0m
[0m[38;5;2;1m[ 67%]:[0m [38;5;5;1m<smg-pc-game>[0m cache compiling.debug src/Game/MapObj/ShockWaveGenerator.cpp[0m
[0m[38;5;3;1mIn file included from src/Game/NPC/Rosetta.cpp:11:
In file included from src/Game/Util.hpp:18:
src/Game/Util/Functor.hpp:114:105: warning: GCC does not allow 'noinline' attribute in this position on a function definition [-Wgcc-compat]
  114 |     static FunctorV1M< T*, void (T::*)(U), U > Functor(T* a1, void (T::*a2)(U), U arg_0) __attribute__((noinline)) {
      |                                                                                                         ^
1 warning generated.[0m
[0m[38;5;2;1m[ 67%]:[0m [38;5;5;1m<smg-pc-game>[0m cache compiling.debug src/Game/MapObj/MapPartsRotator.cpp[0m
[0m[38;5;3;1mIn file included from src/Game/NPC/DemoRabbit.cpp:5:
In file included from src/Game/Util.hpp:18:
src/Game/Util/Functor.hpp:114:105: warning: GCC does not allow 'noinline' attribute in this position on a function definition [-Wgcc-compat]
  114 |     static FunctorV1M< T*, void (T::*)(U), U > Functor(T* a1, void (T::*a2)(U), U arg_0) __attribute__((noinline)) {
      |                                                                                                         ^
1 warning generated.[0m
[0m[38;5;2;1m[ 67%]:[0m [38;5;5;1m<smg-pc-game>[0m cache compiling.debug src/Game/MapObj/MapPartsRailMover.cpp[0m
[0m[38;5;3;1msrc/Game/NPC/TalkDirector.cpp:474:59: warning: 'offsetof' on non-standard-layout type 'TalkDirector' [-Winvalid-offsetof]
  474 |     return reinterpret_cast< const unsigned char* >(this)[__builtin_offsetof(TalkDirector, mIsKinopioExplorerRescued) + arg] != 0;
      |                                                           ^                                ~~~~~~~~~~~~~~~~~~~~~~~~~
1 warning generated.[0m
[0m[38;5;2;1m[ 67%]:[0m [38;5;5;1m<smg-pc-game>[0m cache compiling.debug src/Game/MapObj/CutBushModelObj.cpp[0m
[0m[38;5;2;1m[ 67%]:[0m [38;5;5;1m<smg-pc-game>[0m cache compiling.debug src/Game/MapObj/MapPartsRailPosture.cpp[0m
[0m[38;5;3;1mIn file included from src/Game/NameObj/NameObjListExecutor.cpp:4:
In file included from src/compat/SceneJ3dScope.hpp:4:
In file included from src/JSystem/J3DGraphAnimator/J3DJoint.hpp:4:
In file included from src/JSystem/J3DGraphBase/J3DMaterial.hpp:3:
src/JSystem/J3DGraphBase/J3DMatBlock.hpp:248:35: warning: result of comparison of constant 65535 with expression of type 'const u8' (aka 'const unsigned char') is always false [-Wtautological-constant-out-of-range-compare]
  248 |         u32 ambSrc = info.mAmbSrc == 0xFFFF ? 0 : info.mAmbSrc;
      |                      ~~~~~~~~~~~~ ^  ~~~~~~
1 warning generated.[0m
[0m[38;5;2;1m[ 67%]:[0m [38;5;5;1m<smg-pc-game>[0m cache compiling.debug src/Game/MapObj/Coin.cpp[0m
[0m[38;5;3;1mIn file included from src/Game/Player/MarioActorRush.cpp:15:
In file included from src/Game/Util.hpp:18:
src/Game/Util/Functor.hpp:114:105: warning: GCC does not allow 'noinline' attribute in this position on a function definition [-Wgcc-compat]
  114 |     static FunctorV1M< T*, void (T::*)(U), U > Functor(T* a1, void (T::*a2)(U), U arg_0) __attribute__((noinline)) {
      |                                                                                                         ^
1 warning generated.[0m
[0m[38;5;2;1m[ 67%]:[0m [38;5;5;1m<smg-pc-game>[0m cache compiling.debug src/Game/MapObj/MapPartsRailPointPassChecker.cpp[0m
[0m[38;5;3;1mIn file included from src/Game/MapObj/PowerStarHolder.cpp:4:
In file included from src/Game/Util.hpp:18:
src/Game/Util/Functor.hpp:114:105: warning: GCC does not allow 'noinline' attribute in this position on a function definition [-Wgcc-compat]
  114 |     static FunctorV1M< T*, void (T::*)(U), U > Functor(T* a1, void (T::*a2)(U), U arg_0) __attribute__((noinline)) {
      |                                                                                                         ^
1 warning generated.[0m
[0m[38;5;2;1m[ 67%]:[0m [38;5;5;1m<smg-pc-game>[0m cache compiling.debug src/Game/MapObj/PurpleCoinStarter.cpp[0m
[0m[38;5;3;1mIn file included from src/Game/Player/MarioWalk.cpp:14:
In file included from src/Game/Util.hpp:18:
src/Game/Util/Functor.hpp:114:105: warning: GCC does not allow 'noinline' attribute in this position on a function definition [-Wgcc-compat]
  114 |     static FunctorV1M< T*, void (T::*)(U), U > Functor(T* a1, void (T::*a2)(U), U arg_0) __attribute__((noinline)) {
      |                                                                                                         ^
1 warning generated.[0m
[0m[38;5;2;1m[ 67%]:[0m [38;5;5;1m<smg-pc-game>[0m cache compiling.debug src/Game/MapObj/StarPiece.cpp[0m
[0m[38;5;3;1mIn file included from src/Game/MapObj/PunchingKinoko.cpp:4:
In file included from src/Game/Util.hpp:18:
src/Game/Util/Functor.hpp:114:105: warning: GCC does not allow 'noinline' attribute in this position on a function definition [-Wgcc-compat]
  114 |     static FunctorV1M< T*, void (T::*)(U), U > Functor(T* a1, void (T::*a2)(U), U arg_0) __attribute__((noinline)) {
      |                                                                                                         ^
1 warning generated.[0m
[0m[38;5;2;1m[ 68%]:[0m [38;5;5;1m<smg-pc-game>[0m cache compiling.debug src/Game/MapObj/StarPieceGroup.cpp[0m
[0m[38;5;3;1mIn file included from src/Game/MapObj/MapParts.cpp:4:
In file included from src/Game/Util.hpp:18:
src/Game/Util/Functor.hpp:114:105: warning: GCC does not allow 'noinline' attribute in this position on a function definition [-Wgcc-compat]
  114 |     static FunctorV1M< T*, void (T::*)(U), U > Functor(T* a1, void (T::*a2)(U), U arg_0) __attribute__((noinline)) {
      |                                                                                                         ^
1 warning generated.[0m
[0m[38;5;2;1m[ 68%]:[0m [38;5;5;1m<smg-pc-game>[0m cache compiling.debug src/Game/MapObj/HeavensDoorDemoObj.cpp[0m
[0m[38;5;3;1mIn file included from src/Game/MapObj/MapPartsRailGuideDrawer.cpp:4:
In file included from src/Game/Util.hpp:18:
src/Game/Util/Functor.hpp:114:105: warning: GCC does not allow 'noinline' attribute in this position on a function definition [-Wgcc-compat]
  114 |     static FunctorV1M< T*, void (T::*)(U), U > Functor(T* a1, void (T::*a2)(U), U arg_0) __attribute__((noinline)) {
      |                                                                                                         ^
src/Game/MapObj/MapPartsRailGuideDrawer.cpp:22:5: warning: ignoring return value of function declared with 'nodiscard' attribute [-Wunused-result]
   22 |     rIter.getValue("CommonPath_ID", &_420);
      |     ^~~~~~~~~~~~~~~~~~~~~~~~~~~~~~~~~~~~~~
2 warnings generated.[0m
[0m[38;5;2;1m[ 68%]:[0m [38;5;5;1m<smg-pc-game>[0m cache compiling.debug src/Game/MapObj/StageEffectDataTable.cpp[0m
[0m[38;5;3;1mIn file included from src/Game/Player/MarioAccess.cpp:18:
In file included from src/Game/Util.hpp:18:
src/Game/Util/Functor.hpp:114:105: warning: GCC does not allow 'noinline' attribute in this position on a function definition [-Wgcc-compat]
  114 |     static FunctorV1M< T*, void (T::*)(U), U > Functor(T* a1, void (T::*a2)(U), U arg_0) __attribute__((noinline)) {
      |                                                                                                         ^
1 warning generated.[0m
[0m[38;5;2;1m[ 68%]:[0m [38;5;5;1m<smg-pc-game>[0m cache compiling.debug src/Game/MapObj/CollisionBlocker.cpp[0m
[0m[38;5;3;1mIn file included from src/Game/Player/Mario.cpp:47:
In file included from src/Game/Util.hpp:18:
src/Game/Util/Functor.hpp:114:105: warning: GCC does not allow 'noinline' attribute in this position on a function definition [-Wgcc-compat]
  114 |     static FunctorV1M< T*, void (T::*)(U), U > Functor(T* a1, void (T::*a2)(U), U arg_0) __attribute__((noinline)) {
      |                                                                                                         ^
1 warning generated.[0m
[0m[38;5;2;1m[ 68%]:[0m [38;5;5;1m<smg-pc-game>[0m cache compiling.debug src/Game/MapObj/DynamicCollisionObj.cpp[0m
[0m[38;5;3;1mIn file included from src/Game/MapObj/CoinHolder.cpp:6:
In file included from src/Game/Util.hpp:18:
src/Game/Util/Functor.hpp:114:105: warning: GCC does not allow 'noinline' attribute in this position on a function definition [-Wgcc-compat]
  114 |     static FunctorV1M< T*, void (T::*)(U), U > Functor(T* a1, void (T::*a2)(U), U arg_0) __attribute__((noinline)) {
      |                                                                                                         ^
1 warning generated.[0m
[0m[38;5;2;1m[ 68%]:[0m [38;5;5;1m<smg-pc-game>[0m cache compiling.debug src/Game/MapObj/PowerStarAppearPoint.cpp[0m
[0m[38;5;3;1mIn file included from src/Game/MapObj/MapPartsRailGuideHolder.cpp:5:
In file included from src/Game/Util.hpp:18:
src/Game/Util/Functor.hpp:114:105: warning: GCC does not allow 'noinline' attribute in this position on a function definition [-Wgcc-compat]
  114 |     static FunctorV1M< T*, void (T::*)(U), U > Functor(T* a1, void (T::*a2)(U), U arg_0) __attribute__((noinline)) {
      |                                                                                                         ^
src/Game/MapObj/MapPartsRailGuideHolder.cpp:19:5: warning: ignoring return value of function declared with 'nodiscard' attribute [-Wunused-result]
   19 |     rIter.getValue("CommonPath_ID", &id);
      |     ^~~~~~~~~~~~~~~~~~~~~~~~~~~~~~~~~~~~
2 warnings generated.[0m
[0m[38;5;2;1m[ 68%]:[0m [38;5;5;1m<smg-pc-game>[0m cache compiling.debug src/Game/MapObj/CoinRotater.cpp[0m
[0m[38;5;3;1mIn file included from src/Game/MapObj/DummyDisplayModel.cpp:8:
In file included from src/Game/Util.hpp:18:
src/Game/Util/Functor.hpp:114:105: warning: GCC does not allow 'noinline' attribute in this position on a function definition [-Wgcc-compat]
  114 |     static FunctorV1M< T*, void (T::*)(U), U > Functor(T* a1, void (T::*a2)(U), U arg_0) __attribute__((noinline)) {
      |                                                                                                         ^
src/Game/MapObj/DummyDisplayModel.cpp:44:125: warning: GCC does not allow 'noinline' attribute in this position on a function definition [-Wgcc-compat]
   44 |     DummyDisplayModel* tryCreateDummyModel(LiveActor* pHost, const JMapInfoIter& rIter, s32 a3, int itemIdx) __attribute__((noinline)) {
      |                                                                                                                             ^
2 warnings generated.[0m
[0m[38;5;2;1m[ 68%]:[0m [38;5;5;1m<smg-pc-game>[0m cache compiling.debug src/Game/MapObj/RailCoin.cpp[0m
[0m[38;5;3;1mIn file included from src/Game/MapObj/RotateMoveObj.cpp:6:
In file included from src/Game/Util.hpp:18:
src/Game/Util/Functor.hpp:114:105: warning: GCC does not allow 'noinline' attribute in this position on a function definition [-Wgcc-compat]
  114 |     static FunctorV1M< T*, void (T::*)(U), U > Functor(T* a1, void (T::*a2)(U), U arg_0) __attribute__((noinline)) {
      |                                                                                                         ^
1 warning generated.[0m
[0m[38;5;2;1m[ 69%]:[0m [38;5;5;1m<smg-pc-game>[0m cache compiling.debug src/Game/MapObj/ChipCounter.cpp[0m
[0m[38;5;3;1mIn file included from src/Game/MapObj/BigFanHolder.cpp:6:
In file included from src/Game/Util.hpp:18:
src/Game/Util/Functor.hpp:114:105: warning: GCC does not allow 'noinline' attribute in this position on a function definition [-Wgcc-compat]
  114 |     static FunctorV1M< T*, void (T::*)(U), U > Functor(T* a1, void (T::*a2)(U), U arg_0) __attribute__((noinline)) {
      |                                                                                                         ^
1 warning generated.[0m
[0m[38;5;2;1m[ 69%]:[0m [38;5;5;1m<smg-pc-game>[0m cache compiling.debug src/Game/MapObj/CoinGroup.cpp[0m
[0m[38;5;3;1mIn file included from src/Game/MapObj/CutBushModelObj.cpp:3:
In file included from src/Game/Util.hpp:18:
src/Game/Util/Functor.hpp:114:105: warning: GCC does not allow 'noinline' attribute in this position on a function definition [-Wgcc-compat]
  114 |     static FunctorV1M< T*, void (T::*)(U), U > Functor(T* a1, void (T::*a2)(U), U arg_0) __attribute__((noinline)) {
      |                                                                                                         ^
1 warning generated.[0m
[0m[38;5;2;1m[ 69%]:[0m [38;5;5;1m<smg-pc-game>[0m cache compiling.debug src/Game/MapObj/BlackHole.cpp[0m
[0m[38;5;3;1mIn file included from src/Game/MapObj/EarthenPipe.cpp:9:
In file included from src/Game/Util.hpp:18:
src/Game/Util/Functor.hpp:114:105: warning: GCC does not allow 'noinline' attribute in this position on a function definition [-Wgcc-compat]
  114 |     static FunctorV1M< T*, void (T::*)(U), U > Functor(T* a1, void (T::*a2)(U), U arg_0) __attribute__((noinline)) {
      |                                                                                                         ^
1 warning generated.[0m
[0m[38;5;2;1m[ 69%]:[0m [38;5;5;1m<smg-pc-game>[0m cache compiling.debug src/Game/MapObj/WarpPod.cpp[0m
[0m[38;5;3;1mIn file included from src/Game/MapObj/ShockWaveGenerator.cpp:6:
In file included from src/Game/Util.hpp:18:
src/Game/Util/Functor.hpp:114:105: warning: GCC does not allow 'noinline' attribute in this position on a function definition [-Wgcc-compat]
  114 |     static FunctorV1M< T*, void (T::*)(U), U > Functor(T* a1, void (T::*a2)(U), U arg_0) __attribute__((noinline)) {
      |                                                                                                         ^
1 warning generated.[0m
[0m[38;5;2;1m[ 69%]:[0m [38;5;5;1m<smg-pc-game>[0m cache compiling.debug src/Game/MapObj/BigFan.cpp[0m
[0m[38;5;3;1mIn file included from src/Game/MapObj/MapPartsRailPosture.cpp:4:
In file included from src/Game/Util.hpp:18:
src/Game/Util/Functor.hpp:114:105: warning: GCC does not allow 'noinline' attribute in this position on a function definition [-Wgcc-compat]
  114 |     static FunctorV1M< T*, void (T::*)(U), U > Functor(T* a1, void (T::*a2)(U), U arg_0) __attribute__((noinline)) {
      |                                                                                                         ^
1 warning generated.[0m
[0m[38;5;2;1m[ 69%]:[0m [38;5;5;1m<smg-pc-game>[0m cache compiling.debug src/Game/MapObj/StarPieceDirector.cpp[0m
[0m[38;5;3;1mIn file included from src/Game/MapObj/MapPartsRailMover.cpp:7:
In file included from src/Game/Util.hpp:18:
src/Game/Util/Functor.hpp:114:105: warning: GCC does not allow 'noinline' attribute in this position on a function definition [-Wgcc-compat]
  114 |     static FunctorV1M< T*, void (T::*)(U), U > Functor(T* a1, void (T::*a2)(U), U arg_0) __attribute__((noinline)) {
      |                                                                                                         ^
1 warning generated.[0m
[0m[38;5;2;1m[ 69%]:[0m [38;5;5;1m<smg-pc-game>[0m cache compiling.debug src/Game/MapObj/FlipPanel.cpp[0m
[0m[38;5;3;1mIn file included from src/Game/MapObj/MapPartsRotator.cpp:6:
In file included from src/Game/Util.hpp:18:
src/Game/Util/Functor.hpp:114:105: warning: GCC does not allow 'noinline' attribute in this position on a function definition [-Wgcc-compat]
  114 |     static FunctorV1M< T*, void (T::*)(U), U > Functor(T* a1, void (T::*a2)(U), U arg_0) __attribute__((noinline)) {
      |                                                                                                         ^
1 warning generated.[0m
[0m[38;5;2;1m[ 69%]:[0m [38;5;5;1m<smg-pc-game>[0m cache compiling.debug src/Game/MapObj/PlantGroup.cpp[0m
[0m[38;5;3;1mIn file included from src/Game/MapObj/MapPartsRailPointPassChecker.cpp:4:
In file included from src/Game/Util.hpp:18:
src/Game/Util/Functor.hpp:114:105: warning: GCC does not allow 'noinline' attribute in this position on a function definition [-Wgcc-compat]
  114 |     static FunctorV1M< T*, void (T::*)(U), U > Functor(T* a1, void (T::*a2)(U), U arg_0) __attribute__((noinline)) {
      |                                                                                                         ^
1 warning generated.[0m
[0m[38;5;2;1m[ 70%]:[0m [38;5;5;1m<smg-pc-game>[0m cache compiling.debug src/Game/MapObj/PurpleCoinHolder.cpp[0m
[0m[38;5;3;1mIn file included from src/Game/MapObj/Coin.cpp:8:
In file included from src/Game/Util.hpp:18:
src/Game/Util/Functor.hpp:114:105: warning: GCC does not allow 'noinline' attribute in this position on a function definition [-Wgcc-compat]
  114 |     static FunctorV1M< T*, void (T::*)(U), U > Functor(T* a1, void (T::*a2)(U), U arg_0) __attribute__((noinline)) {
      |                                                                                                         ^
1 warning generated.[0m
[0m[38;5;2;1m[ 70%]:[0m [38;5;5;1m<smg-pc-game>[0m cache compiling.debug src/Game/MapObj/MapObjActor.cpp[0m
[0m[38;5;3;1mIn file included from src/Game/MapObj/PurpleCoinStarter.cpp:5:
In file included from src/Game/Util.hpp:18:
src/Game/Util/Functor.hpp:114:105: warning: GCC does not allow 'noinline' attribute in this position on a function definition [-Wgcc-compat]
  114 |     static FunctorV1M< T*, void (T::*)(U), U > Functor(T* a1, void (T::*a2)(U), U arg_0) __attribute__((noinline)) {
      |                                                                                                         ^
1 warning generated.[0m
[0m[38;5;2;1m[ 70%]:[0m [38;5;5;1m<smg-pc-game>[0m cache compiling.debug src/Game/MapObj/CrystalCage.cpp[0m
[0m[38;5;3;1mIn file included from src/Game/MapObj/CollisionBlocker.cpp:3:
In file included from src/Game/Util.hpp:18:
src/Game/Util/Functor.hpp:114:105: warning: GCC does not allow 'noinline' attribute in this position on a function definition [-Wgcc-compat]
  114 |     static FunctorV1M< T*, void (T::*)(U), U > Functor(T* a1, void (T::*a2)(U), U arg_0) __attribute__((noinline)) {
      |                                                                                                         ^
1 warning generated.[0m
[0m[38;5;2;1m[ 70%]:[0m [38;5;5;1m<smg-pc-game>[0m cache compiling.debug src/Game/MapObj/SimpleMapObj.cpp[0m
[0m[38;5;3;1mIn file included from src/Game/MapObj/HeavensDoorDemoObj.cpp:6:
In file included from src/Game/Util.hpp:18:
src/Game/Util/Functor.hpp:114:105: warning: GCC does not allow 'noinline' attribute in this position on a function definition [-Wgcc-compat]
  114 |     static FunctorV1M< T*, void (T::*)(U), U > Functor(T* a1, void (T::*a2)(U), U arg_0) __attribute__((noinline)) {
      |                                                                                                         ^
1 warning generated.[0m
[0m[38;5;2;1m[ 70%]:[0m [38;5;5;1m<smg-pc-game>[0m cache compiling.debug src/Game/MapObj/ClipAreaHolder.cpp[0m
[0m[38;5;3;1mIn file included from src/Game/MapObj/StarPieceGroup.cpp:5:
In file included from src/Game/Util.hpp:18:
src/Game/Util/Functor.hpp:114:105: warning: GCC does not allow 'noinline' attribute in this position on a function definition [-Wgcc-compat]
  114 |     static FunctorV1M< T*, void (T::*)(U), U > Functor(T* a1, void (T::*a2)(U), U arg_0) __attribute__((noinline)) {
      |                                                                                                         ^
1 warning generated.[0m
[0m[38;5;2;1m[ 70%]:[0m [38;5;5;1m<smg-pc-game>[0m cache compiling.debug src/Game/MapObj/CollectCounter.cpp[0m
[0m[38;5;3;1mIn file included from src/Game/MapObj/PowerStarAppearPoint.cpp:4:
In file included from src/Game/Util.hpp:18:
src/Game/Util/Functor.hpp:114:105: warning: GCC does not allow 'noinline' attribute in this position on a function definition [-Wgcc-compat]
  114 |     static FunctorV1M< T*, void (T::*)(U), U > Functor(T* a1, void (T::*a2)(U), U arg_0) __attribute__((noinline)) {
      |                                                                                                         ^
1 warning generated.[0m
[0m[38;5;2;1m[ 72%]:[0m [38;5;5;1m<smg-pc-game>[0m cache compiling.debug src/camera/CameraDirectorRuntime.cpp[0m
[0m[38;5;3;1mIn file included from src/Game/MapObj/StageEffectDataTable.cpp:4:
In file included from src/Game/Util.hpp:18:
src/Game/Util/Functor.hpp:114:105: warning: GCC does not allow 'noinline' attribute in this position on a function definition [-Wgcc-compat]
  114 |     static FunctorV1M< T*, void (T::*)(U), U > Functor(T* a1, void (T::*a2)(U), U arg_0) __attribute__((noinline)) {
      |                                                                                                         ^
1 warning generated.[0m
[0m[38;5;2;1m[ 72%]:[0m [38;5;5;1m<smg-pc-game>[0m cache compiling.debug src/layout/LayoutRuntime.cpp[0m
[0m[38;5;3;1mIn file included from src/Game/MapObj/CoinRotater.cpp:4:
In file included from src/Game/Util.hpp:18:
src/Game/Util/Functor.hpp:114:105: warning: GCC does not allow 'noinline' attribute in this position on a function definition [-Wgcc-compat]
  114 |     static FunctorV1M< T*, void (T::*)(U), U > Functor(T* a1, void (T::*a2)(U), U arg_0) __attribute__((noinline)) {
      |                                                                                                         ^
1 warning generated.[0m
[0m[38;5;2;1m[ 72%]:[0m [38;5;5;1m<smg-pc-game>[0m cache compiling.debug src/layout/Nw4rLayoutRecords.cpp[0m
[0m[38;5;2;1m[ 75%]:[0m [38;5;5;1m<smg-pc-game>[0m cache compiling.debug src/runtime/MessageHolderOwnership.cpp[0m
[0m[38;5;3;1mIn file included from src/Game/MapObj/RailCoin.cpp:5:
In file included from src/Game/Util.hpp:18:
src/Game/Util/Functor.hpp:114:105: warning: GCC does not allow 'noinline' attribute in this position on a function definition [-Wgcc-compat]
  114 |     static FunctorV1M< T*, void (T::*)(U), U > Functor(T* a1, void (T::*a2)(U), U arg_0) __attribute__((noinline)) {
      |                                                                                                         ^
1 warning generated.[0m
[0m[38;5;2;1m[ 75%]:[0m [38;5;5;1m<smg-pc-game>[0m cache compiling.debug src/runtime/OriginalProcessTrace.cpp[0m
[0m[38;5;3;1mIn file included from src/Game/MapObj/StarPiece.cpp:8:
In file included from src/Game/Util.hpp:18:
src/Game/Util/Functor.hpp:114:105: warning: GCC does not allow 'noinline' attribute in this position on a function definition [-Wgcc-compat]
  114 |     static FunctorV1M< T*, void (T::*)(U), U > Functor(T* a1, void (T::*a2)(U), U arg_0) __attribute__((noinline)) {
      |                                                                                                         ^
src/Game/MapObj/StarPiece.cpp:195:13: warning: enumeration value 'groupType_noGroup' not handled in switch [-Wswitch]
  195 |     switch (mGroupType) {
      |             ^~~~~~~~~~
2 warnings generated.[0m
[0m[38;5;2;1m[ 75%]:[0m [38;5;5;1m<smg-pc-game>[0m cache compiling.debug src/runtime/SceneScheduler.cpp[0m
[0m[38;5;3;1mIn file included from src/Game/MapObj/BlackHole.cpp:6:
In file included from src/Game/Util.hpp:18:
src/Game/Util/Functor.hpp:114:105: warning: GCC does not allow 'noinline' attribute in this position on a function definition [-Wgcc-compat]
  114 |     static FunctorV1M< T*, void (T::*)(U), U > Functor(T* a1, void (T::*a2)(U), U arg_0) __attribute__((noinline)) {
      |                                                                                                         ^
1 warning generated.[0m
[0m[38;5;2;1m[ 75%]:[0m [38;5;5;1m<smg-pc-game>[0m cache compiling.debug src/runtime/rfl/RVLFaceLib.cpp[0m
[0m[38;5;3;1mIn file included from src/Game/MapObj/CoinGroup.cpp:5:
In file included from src/Game/Util.hpp:18:
src/Game/Util/Functor.hpp:114:105: warning: GCC does not allow 'noinline' attribute in this position on a function definition [-Wgcc-compat]
  114 |     static FunctorV1M< T*, void (T::*)(U), U > Functor(T* a1, void (T::*a2)(U), U arg_0) __attribute__((noinline)) {
      |                                                                                                         ^
1 warning generated.[0m
[0m[38;5;2;1m[ 75%]:[0m [38;5;5;1m<smg-pc-game>[0m cache compiling.debug src/runtime/RuntimeContext.cpp[0m
[0m[38;5;3;1mIn file included from src/Game/MapObj/DynamicCollisionObj.cpp:11:
In file included from src/Game/Util.hpp:18:
src/Game/Util/Functor.hpp:114:105: warning: GCC does not allow 'noinline' attribute in this position on a function definition [-Wgcc-compat]
  114 |     static FunctorV1M< T*, void (T::*)(U), U > Functor(T* a1, void (T::*a2)(U), U arg_0) __attribute__((noinline)) {
      |                                                                                                         ^
1 warning generated.[0m
[0m[38;5;2;1m[ 76%]:[0m [38;5;5;1m<smg-pc-game>[0m cache compiling.debug src/runtime/ParityTrace.cpp[0m
[0m[38;5;3;1mIn file included from src/Game/MapObj/BigFan.cpp:6:
In file included from src/Game/Util.hpp:18:
src/Game/Util/Functor.hpp:114:105: warning: GCC does not allow 'noinline' attribute in this position on a function definition [-Wgcc-compat]
  114 |     static FunctorV1M< T*, void (T::*)(U), U > Functor(T* a1, void (T::*a2)(U), U arg_0) __attribute__((noinline)) {
      |                                                                                                         ^
1 warning generated.[0m
[0m[38;5;2;1m[ 76%]:[0m [38;5;5;1m<smg-pc-game>[0m cache compiling.debug src/runtime/WiiPlatformService.cpp[0m
[0m[38;5;3;1mIn file included from src/Game/MapObj/WarpPod.cpp:8:
In file included from src/Game/Util.hpp:18:
src/Game/Util/Functor.hpp:114:105: warning: GCC does not allow 'noinline' attribute in this position on a function definition [-Wgcc-compat]
  114 |     static FunctorV1M< T*, void (T::*)(U), U > Functor(T* a1, void (T::*a2)(U), U arg_0) __attribute__((noinline)) {
      |                                                                                                         ^
src/Game/MapObj/WarpPod.cpp:166:5: warning: 'sprintf' is deprecated: This function is provided for compatibility reasons only.  Due to security concerns inherent in the design of sprintf(3), it is highly recommended that you use snprintf(3) instead. [-Wdeprecated-declarations]
  166 |     sprintf(eventCameraName, (::smgpc::compat::cp932::EncodedLiteral<::smgpc::compat::cp932::Utf8Literal{"ワープカメラ %d-%c"}>::value.bytes), groupID, arg0 + 65);
      |     ^
/Applications/Xcode.app/Contents/Developer/Platforms/MacOSX.platform/Developer/SDKs/MacOSX27.0.sdk/usr/include/_stdio.h:278:16: note: 'sprintf' has been explicitly marked deprecated here
  278 | __attribute__((__deprecated__("This function is provided for compatibility reasons only.  Due to security concerns inherent in the design of sprintf(3), it is highly recommended that you use snprintf(3) instead.")))
      |                ^
src/Game/MapObj/WarpPod.cpp:289:5: warning: 'sprintf' is deprecated: This function is provided for compatibility reasons only.  Due to security concerns inherent in the design of sprintf(3), it is highly recommended that you use snprintf(3) instead. [-Wdeprecated-declarations]
  289 |     sprintf(buf, (::smgpc::compat::cp932::EncodedLiteral<::smgpc::compat::cp932::Utf8Literal{"wPod出現カメラ %d"}>::value.bytes), _90);
      |     ^
/Applications/Xcode.app/Contents/Developer/Platforms/MacOSX.platform/Developer/SDKs/MacOSX27.0.sdk/usr/include/_stdio.h:278:16: note: 'sprintf' has been explicitly marked deprecated here
  278 | __attribute__((__deprecated__("This function is provided for compatibility reasons only.  Due to security concerns inherent in the design of sprintf(3), it is highly recommended that you use snprintf(3) instead.")))[0m
[0m[38;5;2;1m[ 76%]:[0m [38;5;5;1m<smg-pc-game>[0m cache compiling.debug src/scene/OriginalSceneSupport.cpp[0m
[0m[38;5;3;1mIn file included from src/Game/MapObj/FlipPanel.cpp:8:
In file included from src/Game/Util.hpp:18:
src/Game/Util/Functor.hpp:114:105: warning: GCC does not allow 'noinline' attribute in this position on a function definition [-Wgcc-compat]
  114 |     static FunctorV1M< T*, void (T::*)(U), U > Functor(T* a1, void (T::*a2)(U), U arg_0) __attribute__((noinline)) {
      |                                                                                                         ^
1 warning generated.[0m
[0m[38;5;2;1m[ 77%]:[0m [38;5;5;1m<smg-pc-game>[0m cache compiling.debug src/scene/nameobj/NameObjFactory.cpp[0m
[0m[38;5;3;1mIn file included from src/Game/MapObj/StarPieceDirector.cpp:8:
In file included from src/Game/Util.hpp:18:
src/Game/Util/Functor.hpp:114:105: warning: GCC does not allow 'noinline' attribute in this position on a function definition [-Wgcc-compat]
  114 |     static FunctorV1M< T*, void (T::*)(U), U > Functor(T* a1, void (T::*a2)(U), U arg_0) __attribute__((noinline)) {
      |                                                                                                         ^
1 warning generated.[0m
[0m[38;5;2;1m[ 77%]:[0m [38;5;5;1m<smg-pc-game>[0m cache compiling.debug src/scene/NameObjChildOwner.cpp[0m
[0m[38;5;3;1mIn file included from src/Game/MapObj/PlantGroup.cpp:6:
In file included from src/Game/Util.hpp:18:
src/Game/Util/Functor.hpp:114:105: warning: GCC does not allow 'noinline' attribute in this position on a function definition [-Wgcc-compat]
  114 |     static FunctorV1M< T*, void (T::*)(U), U > Functor(T* a1, void (T::*a2)(U), U arg_0) __attribute__((noinline)) {
      |                                                                                                         ^
1 warning generated.[0m
[0m[38;5;2;1m[ 77%]:[0m [38;5;5;1m<smg-pc-game>[0m cache compiling.debug src/scene/GameSceneBinding.cpp[0m
[0m[38;5;3;1mIn file included from src/Game/MapObj/PurpleCoinHolder.cpp:7:
In file included from src/Game/Util.hpp:18:
src/Game/Util/Functor.hpp:114:105: warning: GCC does not allow 'noinline' attribute in this position on a function definition [-Wgcc-compat]
  114 |     static FunctorV1M< T*, void (T::*)(U), U > Functor(T* a1, void (T::*a2)(U), U arg_0) __attribute__((noinline)) {
      |                                                                                                         ^
1 warning generated.[0m
[0m[38;5;2;1m[ 77%]:[0m [38;5;5;1m<smg-pc-game>[0m cache compiling.debug src/compat/ActorRuntimeRegistry.cpp[0m
[0m[38;5;3;1mIn file included from src/Game/MapObj/MapObjActor.cpp:17:
In file included from src/Game/Util.hpp:18:
src/Game/Util/Functor.hpp:114:105: warning: GCC does not allow 'noinline' attribute in this position on a function definition [-Wgcc-compat]
  114 |     static FunctorV1M< T*, void (T::*)(U), U > Functor(T* a1, void (T::*a2)(U), U arg_0) __attribute__((noinline)) {
      |                                                                                                         ^
1 warning generated.[0m
[0m[38;5;2;1m[ 78%]:[0m [38;5;5;1m<smg-pc-game>[0m cache compiling.debug src/compat/AudioFacadeCompat.cpp[0m
[0m[38;5;3;1mIn file included from src/Game/MapObj/CrystalCage.cpp:7:
In file included from src/Game/Util.hpp:18:
src/Game/Util/Functor.hpp:114:105: warning: GCC does not allow 'noinline' attribute in this position on a function definition [-Wgcc-compat]
  114 |     static FunctorV1M< T*, void (T::*)(U), U > Functor(T* a1, void (T::*a2)(U), U arg_0) __attribute__((noinline)) {
      |                                                                                                         ^
1 warning generated.[0m
[0m[38;5;2;1m[ 78%]:[0m [38;5;5;1m<smg-pc-game>[0m cache compiling.debug src/compat/GlobalGravityOwnership.cpp[0m
[0m[38;5;3;1mIn file included from src/Game/MapObj/CollectCounter.cpp:3:
In file included from src/Game/Util.hpp:18:
src/Game/Util/Functor.hpp:114:105: warning: GCC does not allow 'noinline' attribute in this position on a function definition [-Wgcc-compat]
  114 |     static FunctorV1M< T*, void (T::*)(U), U > Functor(T* a1, void (T::*a2)(U), U arg_0) __attribute__((noinline)) {
      |                                                                                                         ^
1 warning generated.[0m
[0m[38;5;2;1m[ 79%]:[0m [38;5;5;1m<smg-pc-game>[0m cache compiling.debug src/compat/CollisionPartsCompat.cpp[0m
[0m[38;5;3;1mIn file included from src/Game/MapObj/ClipAreaHolder.cpp:7:
In file included from src/Game/Util.hpp:18:
src/Game/Util/Functor.hpp:114:105: warning: GCC does not allow 'noinline' attribute in this position on a function definition [-Wgcc-compat]
  114 |     static FunctorV1M< T*, void (T::*)(U), U > Functor(T* a1, void (T::*a2)(U), U arg_0) __attribute__((noinline)) {
      |                                                                                                         ^
1 warning generated.[0m
[0m[38;5;2;1m[ 79%]:[0m [38;5;5;1m<smg-pc-game>[0m cache compiling.debug src/compat/CollisionDirectorOwnership.cpp[0m
[0m[38;5;3;1mIn file included from src/Game/MapObj/SimpleMapObj.cpp:7:
In file included from src/Game/Util.hpp:18:
src/Game/Util/Functor.hpp:114:105: warning: GCC does not allow 'noinline' attribute in this position on a function definition [-Wgcc-compat]
  114 |     static FunctorV1M< T*, void (T::*)(U), U > Functor(T* a1, void (T::*a2)(U), U arg_0) __attribute__((noinline)) {
      |                                                                                                         ^
1 warning generated.[0m
[0m[38;5;2;1m[ 79%]:[0m [38;5;5;1m<smg-pc-game>[0m cache compiling.debug src/compat/CapturedFrameBlurService.cpp[0m
[0m[38;5;2;1m[ 79%]:[0m [38;5;5;1m<smg-pc-game>[0m cache compiling.debug src/compat/SceneObjHolderCompat.cpp[0m
[0m[38;5;2;1m[ 79%]:[0m [38;5;5;1m<smg-pc-game>[0m cache compiling.debug src/compat/EffectSystemOwnership.cpp[0m
[0m[38;5;3;1mIn file included from src/scene/GameSceneBinding.cpp:8:
src/Game/Util/Functor.hpp:114:105: warning: GCC does not allow 'noinline' attribute in this position on a function definition [-Wgcc-compat]
  114 |     static FunctorV1M< T*, void (T::*)(U), U > Functor(T* a1, void (T::*a2)(U), U arg_0) __attribute__((noinline)) {
      |                                                                                                         ^
1 warning generated.[0m
[0m[38;5;3;1mIn file included from src/layout/Nw4rLayoutRecords.cpp:8:
In file included from src/nw4r/lyt/group.h:4:
src/nw4r/lyt/pane.h:37:37: warning: 'offsetof' on non-standard-layout type 'detail::PaneBase' [-Winvalid-offsetof]
   37 |         typedef ut::LinkList< Pane, __builtin_offsetof(detail::PaneBase, mLink) > PaneList;
      |                                     ^                                    ~~~~~
In file included from src/layout/Nw4rLayoutRecords.cpp:8:
src/nw4r/lyt/group.h:55:37: warning: 'offsetof' on non-standard-layout type 'Group' [-Winvalid-offsetof]
   55 |         typedef ut::LinkList<Group, __builtin_offsetof(Group, mLink)> GroupList;
      |                                     ^                         ~~~~~
In file included from src/layout/Nw4rLayoutRecords.cpp:9:
In file included from src/nw4r/lyt/textBox.h:3:
src/nw4r/lyt/common.h:14:28: warning: comparison of different enumeration types ('_GXTexFmt' (aka 'GXTexFmt') and 'GXCITexFmt') is deprecated [-Wdeprecated-enum-compare]
   14 |                 return fmt == GX_TF_C4 || fmt == GX_TF_C8 || fmt == GX_TF_C14X2;
      |                        ~~~ ^  ~~~~~~~~
src/nw4r/lyt/common.h:14:47: warning: comparison of different enumeration types ('_GXTexFmt' (aka 'GXTexFmt') and 'GXCITexFmt') is deprecated [-Wdeprecated-enum-compare]
   14 |                 return fmt == GX_TF_C4 || fmt == GX_TF_C8 || fmt == GX_TF_C14X2;[0m
[0m[38;5;3;1mIn file included from src/runtime/RuntimeContext.cpp:10:
In file included from src/compat/SceneJ3dScope.hpp:4:
In file included from src/JSystem/J3DGraphAnimator/J3DJoint.hpp:4:
In file included from src/JSystem/J3DGraphBase/J3DMaterial.hpp:3:
src/JSystem/J3DGraphBase/J3DMatBlock.hpp:248:35: warning: result of comparison of constant 65535 with expression of type 'const u8' (aka 'const unsigned char') is always false [-Wtautological-constant-out-of-range-compare]
  248 |         u32 ambSrc = info.mAmbSrc == 0xFFFF ? 0 : info.mAmbSrc;
      |                      ~~~~~~~~~~~~ ^  ~~~~~~
1 warning generated.[0m
[0m[38;5;3;1mIn file included from src/runtime/SceneScheduler.cpp:17:
In file included from src/compat/SceneJ3dScope.hpp:4:
In file included from src/JSystem/J3DGraphAnimator/J3DJoint.hpp:4:
In file included from src/JSystem/J3DGraphBase/J3DMaterial.hpp:3:
src/JSystem/J3DGraphBase/J3DMatBlock.hpp:248:35: warning: result of comparison of constant 65535 with expression of type 'const u8' (aka 'const unsigned char') is always false [-Wtautological-constant-out-of-range-compare]
  248 |         u32 ambSrc = info.mAmbSrc == 0xFFFF ? 0 : info.mAmbSrc;
      |                      ~~~~~~~~~~~~ ^  ~~~~~~
In file included from src/runtime/SceneScheduler.cpp:35:
In file included from src/Game/Screen/LayoutManager.hpp:6:
In file included from src/nw4r/lyt/layout.h:3:
In file included from src/nw4r/lyt/animation.h:3:
src/nw4r/lyt/common.h:14:28: warning: comparison of different enumeration types ('_GXTexFmt' (aka 'GXTexFmt') and 'GXCITexFmt') is deprecated [-Wdeprecated-enum-compare]
   14 |                 return fmt == GX_TF_C4 || fmt == GX_TF_C8 || fmt == GX_TF_C14X2;
      |                        ~~~ ^  ~~~~~~~~
src/nw4r/lyt/common.h:14:47: warning: comparison of different enumeration types ('_GXTexFmt' (aka 'GXTexFmt') and 'GXCITexFmt') is deprecated [-Wdeprecated-enum-compare]
   14 |                 return fmt == GX_TF_C4 || fmt == GX_TF_C8 || fmt == GX_TF_C14X2;[0m
[0m[38;5;3;1mIn file included from src/layout/LayoutRuntime.cpp:27:
src/nw4r/lyt/pane.h:37:37: warning: 'offsetof' on non-standard-layout type 'detail::PaneBase' [-Winvalid-offsetof]
   37 |         typedef ut::LinkList< Pane, __builtin_offsetof(detail::PaneBase, mLink) > PaneList;
      |                                     ^                                    ~~~~~
1 warning generated.[0m
[0m[38;5;2;1m[ 94%]:[0m [38;5;5;1m<smg-pc-game>[0m [38;5;5;1marchiving.debug libsmg-pc-game.a[0m
[0m[38;5;2;1m[ 94%]:[0m [38;5;5;1m<smg-pc-app>[0m [38;5;5;1marchiving.debug libsmg-pc-app.a[0m
[0m[38;5;2;1m[ 94%]:[0m [38;5;5;1m<smg-pc>[0m [38;5;5;1mlinking.debug smg-pc[0m
[0m[38;5;2;1m[ 94%]:[0m [38;5;5;1m<smg-pc>[0m [38;5;5;1mgenerating.xcode.debug smg-pc.app[0m
[0m[38;5;2;1mcreate ok![0m
[0m[38;5;2;1m[100%]:[0m [38;5;2;1mbuild ok, spent 12.878s[0m
