(lldb) target create "build/macosx/arm64/debug/smg-pc-showcase"
Current executable set to '/Users/frityet/Projects/petari/build/macosx/arm64/debug/smg-pc-showcase' (arm64).
(lldb) settings set -- target.run-args  "gateway" "--disc" "/Users/frityet/Projects/petari/Super Mario Wii - Galaxy Adventure (Korea).rvz" "--max-frames" "120"
(lldb) breakpoint set -n __cxa_throw
Breakpoint 1: where = libc++abi.dylib`__cxa_throw, address = 0x00000001804a2040
(lldb) run
[aurora:info:aurora] Aurora initializing
[aurora:info:aurora::system_info] CPU model: Apple M5 Max
[aurora:info:aurora::system_info] Memory: 131072 MiB
[aurora:info:aurora::system_info] Architecture: aarch64
[aurora:info:aurora::system_info] OS: macOS Version 26.6.2 (Build 25G83)
2026-09-10 11:00:53.155306+0100 smg-pc-showcase[46774:11509501] [Connection] Unable to get synchronousRemoteObjectProxy, error: Error Domain=NSCocoaErrorDomain Code=4097 "connection to service named com.apple.linkd.autoShortcut" UserInfo={NSDebugDescription=connection to service named com.apple.linkd.autoShortcut}
2026-09-10 11:00:53.155507+0100 smg-pc-showcase[46774:11509501] [Application] Error registering app with intents framework: Error Domain=NSCocoaErrorDomain Code=4097 "connection to service named com.apple.linkd.autoShortcut" UserInfo={NSDebugDescription=connection to service named com.apple.linkd.autoShortcut}
2026-09-10 11:00:53.155689+0100 smg-pc-showcase[46774:11509513] [Connection] Unable to get synchronousRemoteObjectProxy, error: Error Domain=NSCocoaErrorDomain Code=4097 "connection to service named com.apple.linkd.autoShortcut" UserInfo={NSDebugDescription=connection to service named com.apple.linkd.autoShortcut}
2026-09-10 11:00:53.155703+0100 smg-pc-showcase[46774:11509513] [Connection] Unable to re-register with Process Instance Registry, error: Error Domain=NSCocoaErrorDomain Code=4097 "connection to service named com.apple.linkd.autoShortcut" UserInfo={NSDebugDescription=connection to service named com.apple.linkd.autoShortcut}
2026-09-10 11:00:53.162796+0100 smg-pc-showcase[46774:11509502] [Connection] Unable to get synchronousRemoteObjectProxy, error: Error Domain=NSCocoaErrorDomain Code=4097 "connection to service named com.apple.linkd.autoShortcut" UserInfo={NSDebugDescription=connection to service named com.apple.linkd.autoShortcut}
2026-09-10 11:00:53.162808+0100 smg-pc-showcase[46774:11509502] [Connection] Unable to re-register with Process Instance Registry, error: Error Domain=NSCocoaErrorDomain Code=4097 "connection to service named com.apple.linkd.autoShortcut" UserInfo={NSDebugDescription=connection to service named com.apple.linkd.autoShortcut}
2026-09-10 11:00:53.163134+0100 smg-pc-showcase[46774:11509502] [Connection] Will NOT re-try to establish the connection
2026-09-10 11:00:53.163161+0100 smg-pc-showcase[46774:11509513] [Connection] Unable to get synchronousRemoteObjectProxy, error: Error Domain=NSCocoaErrorDomain Code=4097 "connection to service named com.apple.linkd.autoShortcut" UserInfo={NSDebugDescription=connection to service named com.apple.linkd.autoShortcut}
2026-09-10 11:00:53.163176+0100 smg-pc-showcase[46774:11509513] [Connection] Unable to re-register with Process Instance Registry, error: Error Domain=NSCocoaErrorDomain Code=4097 "connection to service named com.apple.linkd.autoShortcut" UserInfo={NSDebugDescription=connection to service named com.apple.linkd.autoShortcut}
2026-09-10 11:00:54.121296+0100 smg-pc-showcase[46774:11509385] [WindowTab] Cannot index window tabs due to missing main bundle identifier
[aurora:info:aurora::gpu] Creating WebGPU instance
[aurora:info:aurora::gpu] Attempting to initialize Metal
[aurora:info:aurora::gpu] Requesting adapter
  Feature level: Compatibility
  Power preference: HighPerformance
  Backend: Metal
  Compatible surface: true
[aurora:info:aurora::gpu] Graphics adapter information
  API: Metal
  Device: Apple M5 Max (IntegratedGPU)
  Driver: Metal driver on macOS Version 26.6.2 (Build 25G83)
[aurora:info:aurora::gpu] Using limits:
  maxTextureDimension1D: 16384
  maxTextureDimension2D: 16384
  maxTextureDimension3D: 2048
  maxTextureArrayLayers: 2048
  maxStorageBuffersPerShaderStage: 2
  minUniformBufferOffsetAlignment: 256
  minStorageBufferOffsetAlignment: 256
  maxImmediateSize: 64
[aurora:info:aurora::gpu] Enabling features: 
  CoreFeaturesAndLimits
  DepthClipControl
  TextureCompressionBC
  TextureCompressionASTC
  ClipDistances
  TextureComponentSwizzle
[aurora:info:aurora::gpu] Using surface format BGRA8Unorm, present mode Fifo
[aurora:info:aurora::gfx::pipeline_cache] No bundled initial pipeline cache found at '/Users/frityet/Projects/petari/build/macosx/arm64/debug/initial_pipeline_cache.db'
[aurora:info:aurora] Using framebuffer size 1920x1440 scale 2
[aurora:info:aurora::gpu::cache] Pruned 4 stale Dawn cache entries
[src/runtime/RuntimeContext.cpp:558][APP - INFO] Using SMG disc image through Aurora DVD
[src/runtime/RuntimeContext.cpp:565][APP - INFO] Loaded 1994 messages from /KrKorean/MessageData/Message.arc
[src/runtime/RuntimeContext.cpp:577][APP - INFO] Loaded 3327 particle names, 3327 particle resources, and 225 particle textures from /ParticleData/Effect.arc
[src/runtime/RuntimeContext.cpp:1773][APP - INFO] SMG semantic event runtime:runtime_context_created (disc=aurora-dvd)
[src/runtime/RuntimeContext.cpp:1728][APP - INFO] Resolved original layout archive DPDPointer -> /LayoutData/DPDPointer.arc
[src/runtime/RuntimeContext.cpp:1728][APP - INFO] Resolved original layout archive CommandStream -> /LayoutData/CommandStream.arc
[src/runtime/RuntimeContext.cpp:1728][APP - INFO] Resolved original layout archive DPDPointerNumber -> /LayoutData/DPDPointerNumber.arc
[src/runtime/RuntimeContext.cpp:1728][APP - INFO] Resolved original layout archive DPDPointerSub -> /LayoutData/DPDPointerSub.arc
[src/runtime/RuntimeContext.cpp:1728][APP - INFO] Resolved original layout archive CommandStream -> /LayoutData/CommandStream.arc
[src/runtime/RuntimeContext.cpp:1728][APP - INFO] Resolved original layout archive DPDPointerNumber -> /LayoutData/DPDPointerNumber.arc
[src/runtime/RuntimeContext.cpp:1728][APP - INFO] Resolved original layout archive PointerGuidance -> /LayoutData/PointerGuidance.arc
[src/runtime/RuntimeContext.cpp:1773][APP - INFO] SMG semantic event name_obj_lifecycle:connect_to_scene (object=シーン硬直遅延発行;kind=name_obj;movement=1;calc_anim=-1;draw_buffer=-1;draw_type=-1)
[src/runtime/RuntimeContext.cpp:1773][APP - INFO] SMG semantic event name_obj_lifecycle:connect_to_scene (object=シーン硬直遅延発行;kind=name_obj;movement=1;calc_anim=-1;draw_buffer=-1;draw_type=-1)
[src/runtime/RuntimeContext.cpp:1773][APP - INFO] SMG semantic event name_obj_lifecycle:connect_to_scene (object=シーン硬直遅延発行;kind=name_obj;movement=1;calc_anim=-1;draw_buffer=-1;draw_type=-1)
[src/runtime/RuntimeContext.cpp:1773][APP - INFO] SMG semantic event name_obj_lifecycle:connect_to_scene (object=シーン硬直遅延発行;kind=name_obj;movement=1;calc_anim=-1;draw_buffer=-1;draw_type=-1)
[src/runtime/RuntimeContext.cpp:1773][APP - INFO] SMG semantic event name_obj_lifecycle:connect_to_scene (object=シーン硬直遅延発行;kind=name_obj;movement=1;calc_anim=-1;draw_buffer=-1;draw_type=-1)
[src/runtime/RuntimeContext.cpp:1773][APP - INFO] SMG semantic event name_obj_lifecycle:connect_to_scene (object=シーン硬直遅延発行;kind=name_obj;movement=1;calc_anim=-1;draw_buffer=-1;draw_type=-1)
[src/runtime/RuntimeContext.cpp:1773][APP - INFO] SMG semantic event name_obj_lifecycle:connect_to_scene (object=シーン硬直遅延発行;kind=name_obj;movement=1;calc_anim=-1;draw_buffer=-1;draw_type=-1)
[src/runtime/RuntimeContext.cpp:1773][APP - INFO] SMG semantic event name_obj_lifecycle:connect_to_scene (object=シーン硬直遅延発行;kind=name_obj;movement=1;calc_anim=-1;draw_buffer=-1;draw_type=-1)
[src/runtime/RuntimeContext.cpp:1773][APP - INFO] SMG semantic event name_obj_lifecycle:connect_to_scene (object=シーン硬直遅延発行;kind=name_obj;movement=1;calc_anim=-1;draw_buffer=-1;draw_type=-1)
[src/runtime/RuntimeContext.cpp:1773][APP - INFO] SMG semantic event name_obj_lifecycle:connect_to_scene (object=シーン硬直遅延発行;kind=name_obj;movement=1;calc_anim=-1;draw_buffer=-1;draw_type=-1)
[src/runtime/RuntimeContext.cpp:1773][APP - INFO] SMG semantic event name_obj_lifecycle:connect_to_scene (object=シーン硬直遅延発行;kind=name_obj;movement=1;calc_anim=-1;draw_buffer=-1;draw_type=-1)
[src/runtime/RuntimeContext.cpp:1773][APP - INFO] SMG semantic event name_obj_lifecycle:connect_to_scene (object=シーン硬直遅延発行;kind=name_obj;movement=1;calc_anim=-1;draw_buffer=-1;draw_type=-1)
[src/runtime/RuntimeContext.cpp:1773][APP - INFO] SMG semantic event name_obj_lifecycle:connect_to_scene (object=シーン硬直遅延発行;kind=name_obj;movement=1;calc_anim=-1;draw_buffer=-1;draw_type=-1)
[src/runtime/RuntimeContext.cpp:1773][APP - INFO] SMG semantic event name_obj_lifecycle:connect_to_scene (object=シーン硬直遅延発行;kind=name_obj;movement=1;calc_anim=-1;draw_buffer=-1;draw_type=-1)
[src/runtime/RuntimeContext.cpp:1773][APP - INFO] SMG semantic event name_obj_lifecycle:connect_to_scene (object=シーン硬直遅延発行;kind=name_obj;movement=1;calc_anim=-1;draw_buffer=-1;draw_type=-1)
[src/runtime/RuntimeContext.cpp:1773][APP - INFO] SMG semantic event name_obj_lifecycle:connect_to_scene (object=シーン硬直遅延発行;kind=name_obj;movement=1;calc_anim=-1;draw_buffer=-1;draw_type=-1)
[src/runtime/RuntimeContext.cpp:1773][APP - INFO] SMG semantic event name_obj_lifecycle:connect_to_scene (object=DemoDirector;kind=name_obj;movement=11;calc_anim=-1;draw_buffer=-1;draw_type=-1)
[src/runtime/RuntimeContext.cpp:1773][APP - INFO] SMG semantic event name_obj_lifecycle:connect_to_scene (object=3Dパーティクル;kind=name_obj;movement=-1;calc_anim=-1;draw_buffer=-1;draw_type=71)
[src/runtime/RuntimeContext.cpp:1773][APP - INFO] SMG semantic event name_obj_lifecycle:connect_to_scene (object=2Dパーティクル;kind=name_obj;movement=-1;calc_anim=-1;draw_buffer=-1;draw_type=74)
[src/runtime/RuntimeContext.cpp:1773][APP - INFO] SMG semantic event name_obj_lifecycle:connect_to_scene (object=インダイレクトパーティクル;kind=name_obj;movement=-1;calc_anim=-1;draw_buffer=-1;draw_type=72)
[src/runtime/RuntimeContext.cpp:1773][APP - INFO] SMG semantic event name_obj_lifecycle:connect_to_scene (object=インダイレクト後パーティクル;kind=name_obj;movement=-1;calc_anim=-1;draw_buffer=-1;draw_type=73)
[src/runtime/RuntimeContext.cpp:1773][APP - INFO] SMG semantic event name_obj_lifecycle:connect_to_scene (object=2Dモデル用パーティクル;kind=name_obj;movement=-1;calc_anim=-1;draw_buffer=-1;draw_type=75)
[src/runtime/RuntimeContext.cpp:1773][APP - INFO] SMG semantic event name_obj_lifecycle:connect_to_scene (object=ブルーム用パーティクル;kind=name_obj;movement=-1;calc_anim=-1;draw_buffer=-1;draw_type=76)
[src/runtime/RuntimeContext.cpp:1773][APP - INFO] SMG semantic event name_obj_lifecycle:connect_to_scene (object=イメージエフェクト後パーティクル;kind=name_obj;movement=-1;calc_anim=-1;draw_buffer=-1;draw_type=77)
[src/runtime/RuntimeContext.cpp:1773][APP - INFO] SMG semantic event name_obj_lifecycle:connect_to_scene (object=パーティクル;kind=name_obj;movement=-1;calc_anim=19;draw_buffer=-1;draw_type=-1)
[src/runtime/RuntimeContext.cpp:1773][APP - INFO] SMG semantic event name_obj_lifecycle:connect_to_scene (object=ポーズ無効3Dパーティクル;kind=name_obj;movement=-1;calc_anim=20;draw_buffer=-1;draw_type=-1)
[src/runtime/RuntimeContext.cpp:1773][APP - INFO] SMG semantic event name_obj_lifecycle:connect_to_scene (object=ポーズ無効2Dパーティクル;kind=name_obj;movement=-1;calc_anim=20;draw_buffer=-1;draw_type=-1)
[src/runtime/RuntimeContext.cpp:1773][APP - INFO] SMG semantic event name_obj_lifecycle:connect_to_scene (object=更新チェック;kind=name_obj;movement=20;calc_anim=-1;draw_buffer=-1;draw_type=-1)
[src/runtime/RuntimeContext.cpp:1773][APP - INFO] SMG semantic event name_obj_lifecycle:connect_to_scene (object=クリッピング指揮;kind=name_obj;movement=4;calc_anim=-1;draw_buffer=-1;draw_type=-1)
[src/runtime/RuntimeContext.cpp:1773][APP - INFO] SMG semantic event name_obj_lifecycle:connect_to_scene (object=ライト管理;kind=name_obj;movement=34;calc_anim=-1;draw_buffer=-1;draw_type=-1)
[src/runtime/RuntimeContext.cpp:1773][APP - INFO] SMG semantic event name_obj_lifecycle:connect_to_scene (object=画面キャプチャ;kind=name_obj;movement=-1;calc_anim=-1;draw_buffer=-1;draw_type=45)
[src/runtime/RuntimeContext.cpp:1773][APP - INFO] SMG semantic event name_obj_lifecycle:connect_to_scene (object=ファー描画マネージャ;kind=name_obj;movement=-1;calc_anim=-1;draw_buffer=-1;draw_type=49)
[src/runtime/RuntimeContext.cpp:1773][APP - INFO] SMG semantic event name_obj_lifecycle:connect_to_scene (object=SwitchWatcherHolder;kind=name_obj;movement=27;calc_anim=-1;draw_buffer=-1;draw_type=-1)
[src/runtime/RuntimeContext.cpp:1773][APP - INFO] SMG semantic event name_obj_lifecycle:connect_to_scene (object=オブジェスリープ管理;kind=name_obj;movement=34;calc_anim=-1;draw_buffer=-1;draw_type=-1)
[src/runtime/RuntimeContext.cpp:1773][APP - INFO] SMG semantic event name_obj_lifecycle:connect_to_scene (object=行列追随先リスト;kind=name_obj;movement=34;calc_anim=-1;draw_buffer=-1;draw_type=-1)
[src/runtime/RuntimeContext.cpp:1773][APP - INFO] SMG semantic event name_obj_lifecycle:connect_to_scene (object=会話統括;kind=name_obj;movement=10;calc_anim=-1;draw_buffer=-1;draw_type=-1)
[src/runtime/RuntimeContext.cpp:1773][APP - INFO] SMG semantic event name_obj_lifecycle:connect_to_scene (object=ゲームシーンのレイアウト保持;kind=name_obj;movement=14;calc_anim=-1;draw_buffer=-1;draw_type=-1)
[src/runtime/RuntimeContext.cpp:1773][APP - INFO] SMG semantic event name_obj_lifecycle:connect_to_scene (object=通常HPメーター;kind=layout_actor;movement=14;calc_anim=13;draw_buffer=-1;draw_type=60)
[src/runtime/RuntimeContext.cpp:1728][APP - INFO] Resolved original layout archive HitPointMeter -> /LayoutData/HitPointMeter.arc
[src/runtime/RuntimeContext.cpp:1680][APP - INFO] Registered effect keeper 通常HPメーター group HitPointMeter capacity 0
[src/runtime/RuntimeContext.cpp:1773][APP - INFO] SMG semantic event name_obj_lifecycle:connect_to_scene (object=サドンデスHPメーター;kind=layout_actor;movement=14;calc_anim=13;draw_buffer=-1;draw_type=60)
[src/runtime/RuntimeContext.cpp:1728][APP - INFO] Resolved original layout archive SuddenDeathMeter -> /LayoutData/SuddenDeathMeter.arc
[src/runtime/RuntimeContext.cpp:1680][APP - INFO] Registered effect keeper サドンデスHPメーター group SuddenDeathMeter capacity 0
[src/runtime/RuntimeContext.cpp:1773][APP - INFO] SMG semantic event name_obj_lifecycle:connect_to_scene (object=カウンタ系レイアウト制御;kind=layout_actor;movement=14;calc_anim=13;draw_buffer=-1;draw_type=60)
[src/runtime/RuntimeContext.cpp:1728][APP - INFO] Resolved original layout archive CoinCounter -> /LayoutData/CoinCounter.arc
[src/runtime/RuntimeContext.cpp:1680][APP - INFO] Registered effect keeper コインカウンタ group CoinCounter capacity 0
[src/runtime/RuntimeContext.cpp:1773][APP - INFO] SMG semantic event name_obj_lifecycle:connect_to_scene (object=コインカウンタ;kind=layout_actor;movement=14;calc_anim=13;draw_buffer=-1;draw_type=60)
[src/runtime/RuntimeContext.cpp:1728][APP - INFO] Resolved original layout archive StarPieceCounter -> /LayoutData/StarPieceCounter.arc
[src/runtime/RuntimeContext.cpp:1680][APP - INFO] Registered effect keeper スターピースカウンタ group StarPieceCounter capacity 0
[src/runtime/RuntimeContext.cpp:1773][APP - INFO] SMG semantic event name_obj_lifecycle:connect_to_scene (object=スターピースカウンタ;kind=layout_actor;movement=14;calc_anim=13;draw_buffer=-1;draw_type=60)
[src/runtime/RuntimeContext.cpp:1728][APP - INFO] Resolved original layout archive PlayerLeft -> /LayoutData/PlayerLeft.arc
[src/runtime/RuntimeContext.cpp:1773][APP - INFO] SMG semantic event name_obj_lifecycle:connect_to_scene (object=プレイヤー残機表示;kind=layout_actor;movement=14;calc_anim=13;draw_buffer=-1;draw_type=60)
[src/runtime/RuntimeContext.cpp:1728][APP - INFO] Resolved original layout archive StarCounter -> /LayoutData/StarCounter.arc
[src/runtime/RuntimeContext.cpp:1773][APP - INFO] SMG semantic event name_obj_lifecycle:connect_to_scene (object=スターカウンタ;kind=layout_actor;movement=14;calc_anim=13;draw_buffer=-1;draw_type=60)
[src/runtime/RuntimeContext.cpp:1728][APP - INFO] Resolved original layout archive CameraInfo -> /LayoutData/CameraInfo.arc
[src/runtime/RuntimeContext.cpp:1773][APP - INFO] SMG semantic event name_obj_lifecycle:connect_to_scene (object=カメラ情報表示;kind=layout_actor;movement=14;calc_anim=13;draw_buffer=-1;draw_type=60)
[src/runtime/RuntimeContext.cpp:1728][APP - INFO] Resolved original layout archive InformationWindow -> /LayoutData/InformationWindow.arc
[src/runtime/RuntimeContext.cpp:1773][APP - INFO] SMG semantic event name_obj_lifecycle:connect_to_scene (object=インフォメーションメッセージ;kind=layout_actor;movement=15;calc_anim=14;draw_buffer=-1;draw_type=61)
[src/runtime/RuntimeContext.cpp:1773][APP - INFO] SMG semantic event name_obj_lifecycle:connect_to_scene (object=Aボタンアイコン;kind=layout_actor;movement=14;calc_anim=13;draw_buffer=-1;draw_type=67)
[src/runtime/RuntimeContext.cpp:1728][APP - INFO] Resolved original layout archive IconAButton -> /LayoutData/IconAButton.arc
[src/runtime/RuntimeContext.cpp:1728][APP - INFO] Resolved original layout archive OneUp -> /LayoutData/OneUp.arc
[src/runtime/RuntimeContext.cpp:1773][APP - INFO] SMG semantic event name_obj_lifecycle:connect_to_scene (object=1UPボード;kind=layout_actor;movement=14;calc_anim=13;draw_buffer=-1;draw_type=60)
[src/runtime/RuntimeContext.cpp:1680][APP - INFO] Registered effect keeper 1UPボード group OneUp capacity 1
[src/runtime/RuntimeContext.cpp:1724][APP - INFO] 1UPボード deleted all effects
[src/runtime/RuntimeContext.cpp:1773][APP - INFO] SMG semantic event name_obj_lifecycle:connect_to_scene (object=ミス!;kind=layout_actor;movement=14;calc_anim=13;draw_buffer=-1;draw_type=60)
[src/runtime/RuntimeContext.cpp:1728][APP - INFO] Resolved original layout archive TooBad -> /LayoutData/TooBad.arc
[src/runtime/RuntimeContext.cpp:1680][APP - INFO] Registered effect keeper ミス! group TooBad capacity 0
[src/runtime/RuntimeContext.cpp:1724][APP - INFO] ミス! deleted all effects
[src/runtime/RuntimeContext.cpp:1773][APP - INFO] SMG semantic event name_obj_lifecycle:connect_to_scene (object=ハチメーター;kind=layout_actor;movement=14;calc_anim=13;draw_buffer=-1;draw_type=60)
[src/runtime/RuntimeContext.cpp:1728][APP - INFO] Resolved original layout archive FlyMeter -> /LayoutData/FlyMeter.arc
[src/runtime/RuntimeContext.cpp:1773][APP - INFO] SMG semantic event name_obj_lifecycle:connect_to_scene (object=水中メーター;kind=layout_actor;movement=14;calc_anim=13;draw_buffer=-1;draw_type=60)
[src/runtime/RuntimeContext.cpp:1728][APP - INFO] Resolved original layout archive AirMeter -> /LayoutData/AirMeter.arc
[src/runtime/RuntimeContext.cpp:1773][APP - INFO] SMG semantic event name_obj_lifecycle:connect_to_scene (object=Yes/Noレイアウト;kind=layout_actor;movement=14;calc_anim=13;draw_buffer=-1;draw_type=68)
[src/runtime/RuntimeContext.cpp:1728][APP - INFO] Resolved original layout archive SelectButton -> /LayoutData/SelectButton.arc
[src/runtime/RuntimeContext.cpp:1680][APP - INFO] Registered effect keeper Yes/Noレイアウト group SelectButton capacity 0
[src/runtime/RuntimeContext.cpp:1773][APP - INFO] SMG semantic event name_obj_lifecycle:connect_to_scene (object=画面キャプチャ;kind=name_obj;movement=-1;calc_anim=-1;draw_buffer=-1;draw_type=46)
[src/runtime/RuntimeContext.cpp:1773][APP - INFO] SMG semantic event name_obj_lifecycle:connect_to_scene (object=CameraCover;kind=name_obj;movement=26;calc_anim=-1;draw_buffer=-1;draw_type=81)
[src/runtime/RuntimeContext.cpp:1773][APP - INFO] SMG semantic event name_obj_lifecycle:connect_to_scene (object=カメラ管理;kind=name_obj;movement=2;calc_anim=-1;draw_buffer=-1;draw_type=-1)
[src/runtime/RuntimeContext.cpp:1773][APP - INFO] SMG semantic event name_obj_lifecycle:connect_to_scene (object=画面中心ブラー;kind=live_actor_model;movement=23;calc_anim=-1;draw_buffer=-1;draw_type=47)
[src/runtime/RuntimeContext.cpp:1773][APP - INFO] SMG semantic event name_obj_lifecycle:archive_request (object=VROrbit;archive=VROrbit;kind=object;loaded=true;disc_path=../../../../../ObjectData/VROrbit.arc)
[src/runtime/RuntimeContext.cpp:1773][APP - INFO] SMG semantic event name_obj_lifecycle:archive_request (object=BrightSun;archive=LensFlare;kind=object;loaded=true;disc_path=../../../../../ObjectData/LensFlare.arc)
[src/runtime/RuntimeContext.cpp:1773][APP - INFO] SMG semantic event name_obj_lifecycle:archive_request (object=BrightSun;archive=GlareGlow;kind=object;loaded=true;disc_path=../../../../../ObjectData/GlareGlow.arc)
[src/runtime/RuntimeContext.cpp:1773][APP - INFO] SMG semantic event name_obj_lifecycle:archive_request (object=BrightSun;archive=GlareLine;kind=object;loaded=true;disc_path=../../../../../ObjectData/GlareLine.arc)
[src/runtime/RuntimeContext.cpp:1773][APP - INFO] SMG semantic event name_obj_lifecycle:archive_request (object=BrightSun;archive=Sun;kind=object;loaded=true;disc_path=../../../../../ObjectData/Sun.arc)
[src/runtime/RuntimeContext.cpp:1773][APP - INFO] SMG semantic event name_obj_lifecycle:archive_request (object=SphereAir;archive=SphereAir;kind=object;loaded=true;disc_path=../../../../../ObjectData/SphereAir.arc)
[src/runtime/RuntimeContext.cpp:1773][APP - INFO] SMG semantic event name_obj_lifecycle:archive_request (object=HeavensDoorMysteriousPlanet;archive=HeavensDoorMysteriousPlanet;kind=object;loaded=true;disc_path=../../../../../ObjectData/HeavensDoorMysteriousPlanet.arc)
[src/runtime/RuntimeContext.cpp:1773][APP - INFO] SMG semantic event name_obj_lifecycle:archive_request (object=DemoRabbit;archive=TrickRabbitBaby;kind=object;loaded=true;disc_path=../../../../../ObjectData/TrickRabbitBaby.arc)
[src/runtime/RuntimeContext.cpp:1773][APP - INFO] SMG semantic event name_obj_lifecycle:archive_request (object=DemoRabbit;archive=TrickRabbit;kind=object;loaded=true;disc_path=../../../../../ObjectData/TrickRabbit.arc)
[src/runtime/RuntimeContext.cpp:1773][APP - INFO] SMG semantic event name_obj_lifecycle:archive_request (object=DemoRabbit;archive=TrickRabbit;kind=object;loaded=true;disc_path=../../../../../ObjectData/TrickRabbit.arc)
[src/runtime/RuntimeContext.cpp:1773][APP - INFO] SMG semantic event name_obj_lifecycle:archive_request (object=HeavensDoorMiddlePlanet;archive=HeavensDoorMiddlePlanet;kind=object;loaded=true;disc_path=../../../../../ObjectData/HeavensDoorMiddlePlanet.arc)
[src/runtime/RuntimeContext.cpp:1773][APP - INFO] SMG semantic event name_obj_lifecycle:archive_request (object=HeavensDoorSmallPlanet;archive=HeavensDoorSmallPlanet;kind=object;loaded=true;disc_path=../../../../../ObjectData/HeavensDoorSmallPlanet.arc)
[src/runtime/RuntimeContext.cpp:1773][APP - INFO] SMG semantic event name_obj_lifecycle:archive_request (object=HeavensDoorBlackHolePlanet;archive=HeavensDoorBlackHolePlanet;kind=object;loaded=true;disc_path=../../../../../ObjectData/HeavensDoorBlackHolePlanet.arc)
[src/runtime/RuntimeContext.cpp:1724][APP - INFO] サドンデスHPメーター deleted all effects
[src/runtime/RuntimeContext.cpp:1773][APP - INFO] SMG semantic event name_obj_lifecycle:connect_to_scene (object=マリオ連続踏み;kind=layout_actor;movement=14;calc_anim=13;draw_buffer=-1;draw_type=60)
[src/runtime/RuntimeContext.cpp:1728][APP - INFO] Resolved original layout archive CollectCounter -> /LayoutData/CollectCounter.arc
[src/runtime/RuntimeContext.cpp:1773][APP - INFO] SMG semantic event name_obj_lifecycle:connect_to_scene (object=ドロー2D;kind=name_obj;movement=-1;calc_anim=-1;draw_buffer=-1;draw_type=41)
[src/runtime/RuntimeContext.cpp:1773][APP - INFO] SMG semantic event name_obj_lifecycle:connect_to_scene (object=ドロー2D;kind=name_obj;movement=-1;calc_anim=-1;draw_buffer=-1;draw_type=40)
[src/runtime/RuntimeContext.cpp:1773][APP - INFO] SMG semantic event name_obj_lifecycle:connect_to_scene (object=ドロー2D;kind=name_obj;movement=-1;calc_anim=-1;draw_buffer=-1;draw_type=65)
[src/runtime/RuntimeContext.cpp:1773][APP - INFO] SMG semantic event name_obj_lifecycle:connect_to_scene (object=ドロー2D;kind=name_obj;movement=-1;calc_anim=-1;draw_buffer=-1;draw_type=47)
[src/runtime/RuntimeContext.cpp:1773][APP - INFO] SMG semantic event name_obj_lifecycle:connect_to_scene (object=ドロー2D;kind=name_obj;movement=-1;calc_anim=-1;draw_buffer=-1;draw_type=36)
[src/runtime/RuntimeContext.cpp:1773][APP - INFO] SMG semantic event name_obj_lifecycle:connect_to_scene (object=マリオ炎球;kind=live_actor_model;movement=43;calc_anim=11;draw_buffer=19;draw_type=-1)
[src/runtime/RuntimeContext.cpp:1773][APP - INFO] SMG semantic event name_obj_lifecycle:connect_to_scene (object=影管理;kind=name_obj;movement=45;calc_anim=-1;draw_buffer=-1;draw_type=-1)
[src/runtime/RuntimeContext.cpp:1773][APP - INFO] SMG semantic event name_obj_lifecycle:connect_to_scene (object=マリオ炎球;kind=live_actor_model;movement=43;calc_anim=11;draw_buffer=19;draw_type=-1)
[src/runtime/RuntimeContext.cpp:1773][APP - INFO] SMG semantic event name_obj_lifecycle:connect_to_scene (object=マリオ炎球;kind=live_actor_model;movement=43;calc_anim=11;draw_buffer=19;draw_type=-1)
[src/runtime/RuntimeContext.cpp:1773][APP - INFO] SMG semantic event name_obj_lifecycle:connect_to_scene (object=MarioActor;kind=live_actor_model;movement=37;calc_anim=9;draw_buffer=20;draw_type=34)
[src/runtime/RuntimeContext.cpp:1773][APP - INFO] SMG semantic event name_obj_lifecycle:connect_to_scene (object=WaterColumn;kind=live_actor_model;movement=35;calc_anim=11;draw_buffer=8;draw_type=-1)
[src/runtime/RuntimeContext.cpp:1773][APP - INFO] SMG semantic event name_obj_lifecycle:connect_to_scene (object=サーチライト;kind=live_actor_model;movement=43;calc_anim=11;draw_buffer=8;draw_type=-1)
[src/runtime/RuntimeContext.cpp:1773][APP - INFO] SMG semantic event name_obj_lifecycle:connect_to_scene (object=ドロー2D;kind=name_obj;movement=-1;calc_anim=-1;draw_buffer=-1;draw_type=51)
[src/runtime/RuntimeContext.cpp:1773][APP - INFO] SMG semantic event name_obj_lifecycle:connect_to_scene (object=氷結モデル;kind=live_actor_model;movement=38;calc_anim=10;draw_buffer=22;draw_type=-1)
[src/runtime/RuntimeContext.cpp:1773][APP - INFO] SMG semantic event name_obj_lifecycle:connect_to_scene (object=スピンチコ;kind=live_actor_model;movement=38;calc_anim=10;draw_buffer=21;draw_type=-1)
[src/runtime/RuntimeContext.cpp:1773][APP - INFO] SMG semantic event name_obj_lifecycle:connect_to_scene (object=マリオメッセンジャー;kind=name_obj;movement=39;calc_anim=-1;draw_buffer=-1;draw_type=-1)
[src/runtime/RuntimeContext.cpp:1773][APP - INFO] SMG semantic event name_obj_lifecycle:connect_to_scene (object=足跡;kind=name_obj;movement=34;calc_anim=-1;draw_buffer=-1;draw_type=-1)
[src/runtime/RuntimeContext.cpp:1773][APP - INFO] SMG semantic event name_obj_lifecycle:construct (object=ViewGroupCtrlCube;actor=ビューグループ制御キューブ)
[src/runtime/RuntimeContext.cpp:1773][APP - INFO] SMG semantic event name_obj_lifecycle:init_from_jmap (object=ビューグループ制御キューブ;source=placement;stage=HeavensDoorGalaxy;zone=HeavensDoorGalaxy;table=jmp/placement/common/areaobjinfo;row=12;local_id=5)
[src/runtime/RuntimeContext.cpp:1773][APP - INFO] SMG semantic event name_obj_lifecycle:construct (object=ViewGroupCtrlCube;actor=ビューグループ制御キューブ)
[src/runtime/RuntimeContext.cpp:1773][APP - INFO] SMG semantic event name_obj_lifecycle:init_from_jmap (object=ビューグループ制御キューブ;source=placement;stage=HeavensDoorGalaxy;zone=HeavensDoorGalaxy;table=jmp/placement/common/areaobjinfo;row=13;local_id=7)
[src/runtime/RuntimeContext.cpp:1773][APP - INFO] SMG semantic event name_obj_lifecycle:construct (object=ViewGroupCtrlCube;actor=ビューグループ制御キューブ)
[src/runtime/RuntimeContext.cpp:1773][APP - INFO] SMG semantic event name_obj_lifecycle:init_from_jmap (object=ビューグループ制御キューブ;source=placement;stage=HeavensDoorGalaxy;zone=HeavensDoorGalaxy;table=jmp/placement/common/areaobjinfo;row=14;local_id=8)
[src/runtime/RuntimeContext.cpp:1773][APP - INFO] SMG semantic event name_obj_lifecycle:construct (object=ViewGroupCtrlCube;actor=ビューグループ制御キューブ)
[src/runtime/RuntimeContext.cpp:1773][APP - INFO] SMG semantic event name_obj_lifecycle:init_from_jmap (object=ビューグループ制御キューブ;source=placement;stage=HeavensDoorGalaxy;zone=HeavensDoorGalaxy;table=jmp/placement/common/areaobjinfo;row=15;local_id=9)
[src/runtime/RuntimeContext.cpp:1773][APP - INFO] SMG semantic event name_obj_lifecycle:construct (object=ViewGroupCtrlCube;actor=ビューグループ制御キューブ)
[src/runtime/RuntimeContext.cpp:1773][APP - INFO] SMG semantic event name_obj_lifecycle:init_from_jmap (object=ビューグループ制御キューブ;source=placement;stage=HeavensDoorGalaxy;zone=HeavensDoorGalaxy;table=jmp/placement/common/areaobjinfo;row=16;local_id=18)
[src/runtime/RuntimeContext.cpp:1773][APP - INFO] SMG semantic event name_obj_lifecycle:construct (object=ViewGroupCtrlCube;actor=ビューグループ制御キューブ)
[src/runtime/RuntimeContext.cpp:1773][APP - INFO] SMG semantic event name_obj_lifecycle:init_from_jmap (object=ビューグループ制御キューブ;source=placement;stage=HeavensDoorGalaxy;zone=HeavensDoorGalaxy;table=jmp/placement/common/areaobjinfo;row=17;local_id=19)
[src/runtime/RuntimeContext.cpp:1773][APP - INFO] SMG semantic event name_obj_lifecycle:construct (object=ViewGroupCtrlCube;actor=ビューグループ制御キューブ)
[src/runtime/RuntimeContext.cpp:1773][APP - INFO] SMG semantic event name_obj_lifecycle:init_from_jmap (object=ビューグループ制御キューブ;source=placement;stage=HeavensDoorGalaxy;zone=HeavensDoorGalaxy;table=jmp/placement/common/areaobjinfo;row=18;local_id=20)
[src/runtime/RuntimeContext.cpp:1773][APP - INFO] SMG semantic event name_obj_lifecycle:construct (object=ViewGroupCtrlCube;actor=ビューグループ制御キューブ)
[src/runtime/RuntimeContext.cpp:1773][APP - INFO] SMG semantic event name_obj_lifecycle:init_from_jmap (object=ビューグループ制御キューブ;source=placement;stage=HeavensDoorGalaxy;zone=HeavensDoorGalaxy;table=jmp/placement/common/areaobjinfo;row=19;local_id=21)
[src/runtime/RuntimeContext.cpp:1773][APP - INFO] SMG semantic event name_obj_lifecycle:construct (object=LightCtrlCube;actor=ライト制御エリア（キューブ）)
[src/runtime/RuntimeContext.cpp:1773][APP - INFO] SMG semantic event name_obj_lifecycle:init_from_jmap (object=ライト制御エリア（キューブ）;source=placement;stage=HeavensDoorGalaxy;zone=HeavensDoorGalaxy;table=jmp/placement/common/areaobjinfo;row=5;local_id=10)
[src/runtime/RuntimeContext.cpp:1773][APP - INFO] SMG semantic event name_obj_lifecycle:construct (object=LightCtrlCube;actor=ライト制御エリア（キューブ）)
[src/runtime/RuntimeContext.cpp:1773][APP - INFO] SMG semantic event name_obj_lifecycle:init_from_jmap (object=ライト制御エリア（キューブ）;source=placement;stage=HeavensDoorGalaxy;zone=HeavensDoorGalaxy;table=jmp/placement/common/areaobjinfo;row=6;local_id=11)
[src/runtime/RuntimeContext.cpp:1773][APP - INFO] SMG semantic event name_obj_lifecycle:construct (object=LightCtrlCube;actor=ライト制御エリア（キューブ）)
[src/runtime/RuntimeContext.cpp:1773][APP - INFO] SMG semantic event name_obj_lifecycle:init_from_jmap (object=ライト制御エリア（キューブ）;source=placement;stage=HeavensDoorGalaxy;zone=HeavensDoorGalaxy;table=jmp/placement/common/areaobjinfo;row=7;local_id=12)
[src/runtime/RuntimeContext.cpp:1773][APP - INFO] SMG semantic event name_obj_lifecycle:construct (object=LightCtrlCube;actor=ライト制御エリア（キューブ）)
[src/runtime/RuntimeContext.cpp:1773][APP - INFO] SMG semantic event name_obj_lifecycle:init_from_jmap (object=ライト制御エリア（キューブ）;source=placement;stage=HeavensDoorGalaxy;zone=HeavensDoorGalaxy;table=jmp/placement/common/areaobjinfo;row=8;local_id=13)
[src/runtime/RuntimeContext.cpp:1773][APP - INFO] SMG semantic event name_obj_lifecycle:construct (object=LightCtrlCube;actor=ライト制御エリア（キューブ）)
[src/runtime/RuntimeContext.cpp:1773][APP - INFO] SMG semantic event name_obj_lifecycle:init_from_jmap (object=ライト制御エリア（キューブ）;source=placement;stage=HeavensDoorGalaxy;zone=HeavensDoorGalaxy;table=jmp/placement/common/areaobjinfo;row=9;local_id=14)
[src/runtime/RuntimeContext.cpp:1773][APP - INFO] SMG semantic event name_obj_lifecycle:construct (object=LightCtrlCube;actor=ライト制御エリア（キューブ）)
[src/runtime/RuntimeContext.cpp:1773][APP - INFO] SMG semantic event name_obj_lifecycle:init_from_jmap (object=ライト制御エリア（キューブ）;source=placement;stage=HeavensDoorGalaxy;zone=HeavensDoorGalaxy;table=jmp/placement/common/areaobjinfo;row=10;local_id=15)
[src/runtime/RuntimeContext.cpp:1773][APP - INFO] SMG semantic event name_obj_lifecycle:construct (object=LightCtrlCube;actor=ライト制御エリア（キューブ）)
[src/runtime/RuntimeContext.cpp:1773][APP - INFO] SMG semantic event name_obj_lifecycle:init_from_jmap (object=ライト制御エリア（キューブ）;source=placement;stage=HeavensDoorGalaxy;zone=HeavensDoorGalaxy;table=jmp/placement/common/areaobjinfo;row=11;local_id=16)
[src/runtime/RuntimeContext.cpp:1773][APP - INFO] SMG semantic event name_obj_lifecycle:construct (object=CubeCameraCylinder;actor=カメラ指定キューブ（円筒タイプ))
[src/runtime/RuntimeContext.cpp:1773][APP - INFO] SMG semantic event name_obj_lifecycle:init_from_jmap (object=カメラ指定キューブ（円筒タイプ);source=placement;stage=HeavensDoorMysteriousZone;zone=HeavensDoorMysteriousZone;table=jmp/placement/common/cameracubeinfo;row=1;local_id=10)
[src/runtime/RuntimeContext.cpp:1773][APP - INFO] SMG semantic event name_obj_lifecycle:connect_to_scene (object=CubeCameraCylinder;kind=name_obj;movement=13;calc_anim=-1;draw_buffer=-1;draw_type=-1)
[src/runtime/RuntimeContext.cpp:1773][APP - INFO] SMG semantic event name_obj_lifecycle:construct (object=CubeCameraCylinder;actor=カメラ指定キューブ（円筒タイプ))
[src/runtime/RuntimeContext.cpp:1773][APP - INFO] SMG semantic event name_obj_lifecycle:init_from_jmap (object=カメラ指定キューブ（円筒タイプ);source=placement;stage=HeavensDoorMysteriousZone;zone=HeavensDoorMysteriousZone;table=jmp/placement/common/cameracubeinfo;row=2;local_id=11)
[src/runtime/RuntimeContext.cpp:1773][APP - INFO] SMG semantic event name_obj_lifecycle:connect_to_scene (object=CubeCameraCylinder;kind=name_obj;movement=13;calc_anim=-1;draw_buffer=-1;draw_type=-1)
[src/runtime/RuntimeContext.cpp:1773][APP - INFO] SMG semantic event name_obj_lifecycle:construct (object=CubeCameraCylinder;actor=カメラ指定キューブ（円筒タイプ))
[src/runtime/RuntimeContext.cpp:1773][APP - INFO] SMG semantic event name_obj_lifecycle:init_from_jmap (object=カメラ指定キューブ（円筒タイプ);source=placement;stage=HeavensDoorMysteriousZone;zone=HeavensDoorMysteriousZone;table=jmp/placement/common/cameracubeinfo;row=3;local_id=16)
[src/runtime/RuntimeContext.cpp:1773][APP - INFO] SMG semantic event name_obj_lifecycle:connect_to_scene (object=CubeCameraCylinder;kind=name_obj;movement=13;calc_anim=-1;draw_buffer=-1;draw_type=-1)
[src/runtime/RuntimeContext.cpp:1773][APP - INFO] SMG semantic event name_obj_lifecycle:construct (object=CubeCameraCylinder;actor=カメラ指定キューブ（円筒タイプ))
[src/runtime/RuntimeContext.cpp:1773][APP - INFO] SMG semantic event name_obj_lifecycle:init_from_jmap (object=カメラ指定キューブ（円筒タイプ);source=placement;stage=HeavensDoorMysteriousZone;zone=HeavensDoorMysteriousZone;table=jmp/placement/common/cameracubeinfo;row=4;local_id=17)
[src/runtime/RuntimeContext.cpp:1773][APP - INFO] SMG semantic event name_obj_lifecycle:connect_to_scene (object=CubeCameraCylinder;kind=name_obj;movement=13;calc_anim=-1;draw_buffer=-1;draw_type=-1)
[src/runtime/RuntimeContext.cpp:1773][APP - INFO] SMG semantic event name_obj_lifecycle:construct (object=SwitchCube;actor=スイッチキューブ)
[src/runtime/RuntimeContext.cpp:1773][APP - INFO] SMG semantic event name_obj_lifecycle:init_from_jmap (object=スイッチキューブ;source=placement;stage=HeavensDoorMysteriousZone;zone=HeavensDoorMysteriousZone;table=jmp/placement/common/areaobjinfo;row=1;local_id=8)
[src/runtime/RuntimeContext.cpp:1773][APP - INFO] SMG semantic event name_obj_lifecycle:connect_to_scene (object=SwitchCube;kind=name_obj;movement=13;calc_anim=-1;draw_buffer=-1;draw_type=-1)
[src/runtime/RuntimeContext.cpp:1773][APP - INFO] SMG semantic event name_obj_lifecycle:construct (object=SwitchCube;actor=スイッチキューブ)
[src/runtime/RuntimeContext.cpp:1773][APP - INFO] SMG semantic event name_obj_lifecycle:init_from_jmap (object=スイッチキューブ;source=placement;stage=HeavensDoorMysteriousZone;zone=HeavensDoorMysteriousZone;table=jmp/placement/common/areaobjinfo;row=2;local_id=11)
[src/runtime/RuntimeContext.cpp:1773][APP - INFO] SMG semantic event name_obj_lifecycle:connect_to_scene (object=SwitchCube;kind=name_obj;movement=13;calc_anim=-1;draw_buffer=-1;draw_type=-1)
[src/runtime/RuntimeContext.cpp:1773][APP - INFO] SMG semantic event name_obj_lifecycle:construct (object=LensFlareArea;actor=レンズフレアエリア)
[src/runtime/RuntimeContext.cpp:1773][APP - INFO] SMG semantic event name_obj_lifecycle:init_from_jmap (object=レンズフレアエリア;source=placement;stage=HeavensDoorGalaxy;zone=HeavensDoorGalaxy;table=jmp/placement/common/areaobjinfo;row=4;local_id=6)
[src/runtime/RuntimeContext.cpp:1773][APP - INFO] SMG semantic event name_obj_lifecycle:construct (object=PullBackCylinder;actor=引き戻しエリア(円筒))
[src/runtime/RuntimeContext.cpp:1773][APP - INFO] SMG semantic event name_obj_lifecycle:init_from_jmap (object=引き戻しエリア(円筒);source=placement;stage=HeavensDoorMysteriousZone;zone=HeavensDoorMysteriousZone;table=jmp/placement/common/areaobjinfo;row=0;local_id=6)
[src/runtime/RuntimeContext.cpp:1773][APP - INFO] SMG semantic event name_obj_lifecycle:construct (object=MessageAreaCylinder;actor=会話制御シリンダー)
[src/runtime/RuntimeContext.cpp:1773][APP - INFO] SMG semantic event name_obj_lifecycle:init_from_jmap (object=会話制御シリンダー;source=placement;stage=HeavensDoorMysteriousZone;zone=HeavensDoorMysteriousZone;table=jmp/placement/common/areaobjinfo;row=3;local_id=14)
[src/runtime/RuntimeContext.cpp:1773][APP - INFO] SMG semantic event name_obj_lifecycle:construct (object=CubeCameraSphere;actor=カメラ指定キューブ（球タイプ))
[src/runtime/RuntimeContext.cpp:1773][APP - INFO] SMG semantic event name_obj_lifecycle:init_from_jmap (object=カメラ指定キューブ（球タイプ);source=placement;stage=HeavensDoorMysteriousZone;zone=HeavensDoorMysteriousZone;table=jmp/placement/common/cameracubeinfo;row=0;local_id=2)
[src/runtime/RuntimeContext.cpp:1773][APP - INFO] SMG semantic event name_obj_lifecycle:connect_to_scene (object=CubeCameraSphere;kind=name_obj;movement=13;calc_anim=-1;draw_buffer=-1;draw_type=-1)
[src/runtime/RuntimeContext.cpp:1773][APP - INFO] SMG semantic event name_obj_lifecycle:construct (object=GlobalPointGravity;actor=点重力)
[src/runtime/RuntimeContext.cpp:1773][APP - INFO] SMG semantic event name_obj_lifecycle:init_from_jmap (object=点重力;source=placement;stage=HeavensDoorMysteriousZone;zone=HeavensDoorMysteriousZone;table=jmp/placement/common/planetobjinfo;row=0;local_id=0)
[src/runtime/RuntimeContext.cpp:1773][APP - INFO] SMG semantic event name_obj_lifecycle:construct (object=CubeCameraSphere;actor=カメラ指定キューブ（球タイプ))
[src/runtime/RuntimeContext.cpp:1773][APP - INFO] SMG semantic event name_obj_lifecycle:init_from_jmap (object=カメラ指定キューブ（球タイプ);source=placement;stage=HeavensDoorSmallZone;zone=HeavensDoorSmallZone;table=jmp/placement/common/cameracubeinfo;row=0;local_id=0)
[src/runtime/RuntimeContext.cpp:1773][APP - INFO] SMG semantic event name_obj_lifecycle:connect_to_scene (object=CubeCameraSphere;kind=name_obj;movement=13;calc_anim=-1;draw_buffer=-1;draw_type=-1)
[src/runtime/RuntimeContext.cpp:1773][APP - INFO] SMG semantic event name_obj_lifecycle:construct (object=CubeCameraSphere;actor=カメラ指定キューブ（球タイプ))
[src/runtime/RuntimeContext.cpp:1773][APP - INFO] SMG semantic event name_obj_lifecycle:init_from_jmap (object=カメラ指定キューブ（球タイプ);source=placement;stage=HeavensDoorMiddleZone;zone=HeavensDoorMiddleZone;table=jmp/placement/common/cameracubeinfo;row=0;local_id=0)
[src/runtime/RuntimeContext.cpp:1773][APP - INFO] SMG semantic event name_obj_lifecycle:connect_to_scene (object=CubeCameraSphere;kind=name_obj;movement=13;calc_anim=-1;draw_buffer=-1;draw_type=-1)
[src/runtime/RuntimeContext.cpp:1773][APP - INFO] SMG semantic event name_obj_lifecycle:construct (object=CubeCameraSphere;actor=カメラ指定キューブ（球タイプ))
[src/runtime/RuntimeContext.cpp:1773][APP - INFO] SMG semantic event name_obj_lifecycle:init_from_jmap (object=カメラ指定キューブ（球タイプ);source=placement;stage=HeavensDoorMiddleZone;zone=HeavensDoorMiddleZone;table=jmp/placement/common/cameracubeinfo;row=1;local_id=2)
[src/runtime/RuntimeContext.cpp:1773][APP - INFO] SMG semantic event name_obj_lifecycle:connect_to_scene (object=CubeCameraSphere;kind=name_obj;movement=13;calc_anim=-1;draw_buffer=-1;draw_type=-1)
[src/runtime/RuntimeContext.cpp:1773][APP - INFO] SMG semantic event name_obj_lifecycle:construct (object=CubeCameraSphere;actor=カメラ指定キューブ（球タイプ))
[src/runtime/RuntimeContext.cpp:1773][APP - INFO] SMG semantic event name_obj_lifecycle:init_from_jmap (object=カメラ指定キューブ（球タイプ);source=placement;stage=HeavensDoorInsideZone;zone=HeavensDoorInsideZone;table=jmp/placement/common/cameracubeinfo;row=0;local_id=0)
[src/runtime/RuntimeContext.cpp:1773][APP - INFO] SMG semantic event name_obj_lifecycle:connect_to_scene (object=CubeCameraSphere;kind=name_obj;movement=13;calc_anim=-1;draw_buffer=-1;draw_type=-1)
[src/runtime/RuntimeContext.cpp:1773][APP - INFO] SMG semantic event name_obj_lifecycle:construct (object=CubeCameraSphere;actor=カメラ指定キューブ（球タイプ))
[src/runtime/RuntimeContext.cpp:1773][APP - INFO] SMG semantic event name_obj_lifecycle:init_from_jmap (object=カメラ指定キューブ（球タイプ);source=placement;stage=HeavensBlackHoleZone;zone=HeavensBlackHoleZone;table=jmp/placement/common/cameracubeinfo;row=0;local_id=1)
[src/runtime/RuntimeContext.cpp:1773][APP - INFO] SMG semantic event name_obj_lifecycle:connect_to_scene (object=CubeCameraSphere;kind=name_obj;movement=13;calc_anim=-1;draw_buffer=-1;draw_type=-1)
[src/runtime/RuntimeContext.cpp:1773][APP - INFO] SMG semantic event name_obj_lifecycle:construct (object=GlobalPointGravity;actor=点重力)
[src/runtime/RuntimeContext.cpp:1773][APP - INFO] SMG semantic event name_obj_lifecycle:init_from_jmap (object=点重力;source=placement;stage=HeavensDoorSmallZone;zone=HeavensDoorSmallZone;table=jmp/placement/common/planetobjinfo;row=0;local_id=1)
[src/runtime/RuntimeContext.cpp:1773][APP - INFO] SMG semantic event name_obj_lifecycle:construct (object=GlobalPointGravity;actor=点重力)
[src/runtime/RuntimeContext.cpp:1773][APP - INFO] SMG semantic event name_obj_lifecycle:init_from_jmap (object=点重力;source=placement;stage=HeavensDoorMiddleZone;zone=HeavensDoorMiddleZone;table=jmp/placement/common/planetobjinfo;row=0;local_id=1)
[src/runtime/RuntimeContext.cpp:1773][APP - INFO] SMG semantic event name_obj_lifecycle:construct (object=GlobalPointGravity;actor=点重力)
[src/runtime/RuntimeContext.cpp:1773][APP - INFO] SMG semantic event name_obj_lifecycle:init_from_jmap (object=点重力;source=placement;stage=HeavensDoorInsideZone;zone=HeavensDoorInsideZone;table=jmp/placement/common/planetobjinfo;row=0;local_id=1)
[src/runtime/RuntimeContext.cpp:1773][APP - INFO] SMG semantic event name_obj_lifecycle:construct (object=GlobalPointGravity;actor=点重力)
[src/runtime/RuntimeContext.cpp:1773][APP - INFO] SMG semantic event name_obj_lifecycle:init_from_jmap (object=点重力;source=placement;stage=HeavensBlackHoleZone;zone=HeavensBlackHoleZone;table=jmp/placement/common/planetobjinfo;row=0;local_id=0)
[src/runtime/RuntimeContext.cpp:1773][APP - INFO] SMG semantic event name_obj_lifecycle:construct (object=CubeCameraCylinder;actor=カメラ指定キューブ（円筒タイプ))
[src/runtime/RuntimeContext.cpp:1773][APP - INFO] SMG semantic event name_obj_lifecycle:init_from_jmap (object=カメラ指定キューブ（円筒タイプ);source=placement;stage=HeavensDoorMysteriousZone;zone=HeavensDoorMysteriousZone;table=jmp/placement/layera/cameracubeinfo;row=0;local_id=1)
[src/runtime/RuntimeContext.cpp:1773][APP - INFO] SMG semantic event name_obj_lifecycle:connect_to_scene (object=CubeCameraCylinder;kind=name_obj;movement=13;calc_anim=-1;draw_buffer=-1;draw_type=-1)
[src/runtime/RuntimeContext.cpp:1773][APP - INFO] SMG semantic event name_obj_lifecycle:construct (object=CubeCameraCylinder;actor=カメラ指定キューブ（円筒タイプ))
[src/runtime/RuntimeContext.cpp:1773][APP - INFO] SMG semantic event name_obj_lifecycle:init_from_jmap (object=カメラ指定キューブ（円筒タイプ);source=placement;stage=HeavensDoorMysteriousZone;zone=HeavensDoorMysteriousZone;table=jmp/placement/layera/cameracubeinfo;row=1;local_id=3)
[src/runtime/RuntimeContext.cpp:1773][APP - INFO] SMG semantic event name_obj_lifecycle:connect_to_scene (object=CubeCameraCylinder;kind=name_obj;movement=13;calc_anim=-1;draw_buffer=-1;draw_type=-1)
[src/runtime/RuntimeContext.cpp:1773][APP - INFO] SMG semantic event name_obj_lifecycle:construct (object=CubeCameraCylinder;actor=カメラ指定キューブ（円筒タイプ))
[src/runtime/RuntimeContext.cpp:1773][APP - INFO] SMG semantic event name_obj_lifecycle:init_from_jmap (object=カメラ指定キューブ（円筒タイプ);source=placement;stage=HeavensDoorSmallZone;zone=HeavensDoorSmallZone;table=jmp/placement/common/cameracubeinfo;row=1;local_id=1)
[src/runtime/RuntimeContext.cpp:1773][APP - INFO] SMG semantic event name_obj_lifecycle:connect_to_scene (object=CubeCameraCylinder;kind=name_obj;movement=13;calc_anim=-1;draw_buffer=-1;draw_type=-1)
[src/runtime/RuntimeContext.cpp:1773][APP - INFO] SMG semantic event name_obj_lifecycle:construct (object=CubeCameraCylinder;actor=カメラ指定キューブ（円筒タイプ))
[src/runtime/RuntimeContext.cpp:1773][APP - INFO] SMG semantic event name_obj_lifecycle:init_from_jmap (object=カメラ指定キューブ（円筒タイプ);source=placement;stage=HeavensDoorSmallZone;zone=HeavensDoorSmallZone;table=jmp/placement/common/cameracubeinfo;row=3;local_id=3)
[src/runtime/RuntimeContext.cpp:1773][APP - INFO] SMG semantic event name_obj_lifecycle:connect_to_scene (object=CubeCameraCylinder;kind=name_obj;movement=13;calc_anim=-1;draw_buffer=-1;draw_type=-1)
[src/runtime/RuntimeContext.cpp:1773][APP - INFO] SMG semantic event name_obj_lifecycle:construct (object=CubeCameraBox;actor=カメラ指定キューブ(キューブタイプ))
[src/runtime/RuntimeContext.cpp:1773][APP - INFO] SMG semantic event name_obj_lifecycle:init_from_jmap (object=カメラ指定キューブ(キューブタイプ);source=placement;stage=HeavensDoorMysteriousZone;zone=HeavensDoorMysteriousZone;table=jmp/placement/layera/cameracubeinfo;row=2;local_id=8)
[src/runtime/RuntimeContext.cpp:1773][APP - INFO] SMG semantic event name_obj_lifecycle:connect_to_scene (object=CubeCameraBox;kind=name_obj;movement=13;calc_anim=-1;draw_buffer=-1;draw_type=-1)
[src/runtime/RuntimeContext.cpp:1773][APP - INFO] SMG semantic event name_obj_lifecycle:construct (object=CubeCameraBox;actor=カメラ指定キューブ(キューブタイプ))
[src/runtime/RuntimeContext.cpp:1773][APP - INFO] SMG semantic event name_obj_lifecycle:init_from_jmap (object=カメラ指定キューブ(キューブタイプ);source=placement;stage=HeavensDoorSmallZone;zone=HeavensDoorSmallZone;table=jmp/placement/common/cameracubeinfo;row=2;local_id=2)
[src/runtime/RuntimeContext.cpp:1773][APP - INFO] SMG semantic event name_obj_lifecycle:connect_to_scene (object=CubeCameraBox;kind=name_obj;movement=13;calc_anim=-1;draw_buffer=-1;draw_type=-1)
[src/runtime/RuntimeContext.cpp:1773][APP - INFO] SMG semantic event name_obj_lifecycle:construct (object=SwitchCube;actor=スイッチキューブ)
[src/runtime/RuntimeContext.cpp:1773][APP - INFO] SMG semantic event name_obj_lifecycle:init_from_jmap (object=スイッチキューブ;source=placement;stage=HeavensBlackHoleZone;zone=HeavensBlackHoleZone;table=jmp/placement/common/areaobjinfo;row=0;local_id=0)
[src/runtime/RuntimeContext.cpp:1773][APP - INFO] SMG semantic event name_obj_lifecycle:connect_to_scene (object=SwitchCube;kind=name_obj;movement=13;calc_anim=-1;draw_buffer=-1;draw_type=-1)
[src/runtime/RuntimeContext.cpp:1773][APP - INFO] SMG semantic event name_obj_lifecycle:construct (object=SwitchCube;actor=スイッチキューブ)
[src/runtime/RuntimeContext.cpp:1773][APP - INFO] SMG semantic event name_obj_lifecycle:init_from_jmap (object=スイッチキューブ;source=placement;stage=HeavensBlackHoleZone;zone=HeavensBlackHoleZone;table=jmp/placement/common/areaobjinfo;row=4;local_id=4)
[src/runtime/RuntimeContext.cpp:1773][APP - INFO] SMG semantic event name_obj_lifecycle:connect_to_scene (object=SwitchCube;kind=name_obj;movement=13;calc_anim=-1;draw_buffer=-1;draw_type=-1)
[src/runtime/RuntimeContext.cpp:1773][APP - INFO] SMG semantic event name_obj_lifecycle:construct (object=BlueStarGuidanceCube;actor=ブルースターガイダンスキューブ)
[src/runtime/RuntimeContext.cpp:1773][APP - INFO] SMG semantic event name_obj_lifecycle:init_from_jmap (object=ブルースターガイダンスキューブ;source=placement;stage=HeavensDoorSmallZone;zone=HeavensDoorSmallZone;table=jmp/placement/common/areaobjinfo;row=0;local_id=0)
[src/runtime/RuntimeContext.cpp:1773][APP - INFO] SMG semantic event name_obj_lifecycle:construct (object=MessageAreaCube;actor=会話制御キューブ)
[src/runtime/RuntimeContext.cpp:1773][APP - INFO] SMG semantic event name_obj_lifecycle:init_from_jmap (object=会話制御キューブ;source=placement;stage=HeavensDoorSmallZone;zone=HeavensDoorSmallZone;table=jmp/placement/common/areaobjinfo;row=1;local_id=1)
[src/runtime/RuntimeContext.cpp:1773][APP - INFO] SMG semantic event name_obj_lifecycle:construct (object=LightCtrlCube;actor=ライト制御エリア（キューブ）)
[src/runtime/RuntimeContext.cpp:1773][APP - INFO] SMG semantic event name_obj_lifecycle:init_from_jmap (object=ライト制御エリア（キューブ）;source=placement;stage=HeavensDoorMysteriousZone;zone=HeavensDoorMysteriousZone;table=jmp/placement/layera/areaobjinfo;row=0;local_id=13)
[src/runtime/RuntimeContext.cpp:1773][APP - INFO] SMG semantic event name_obj_lifecycle:construct (object=GlobalPlaneGravity;actor=平面重力[球範囲])
[src/runtime/RuntimeContext.cpp:1773][APP - INFO] SMG semantic event name_obj_lifecycle:init_from_jmap (object=平面重力[球範囲];source=placement;stage=HeavensDoorMysteriousZone;zone=HeavensDoorMysteriousZone;table=jmp/placement/layera/planetobjinfo;row=0;local_id=4)
[src/runtime/RuntimeContext.cpp:1773][APP - INFO] SMG semantic event name_obj_lifecycle:construct (object=GlobalPlaneGravityInBox;actor=平面重力[ボックス範囲])
[src/runtime/RuntimeContext.cpp:1773][APP - INFO] SMG semantic event name_obj_lifecycle:init_from_jmap (object=平面重力[ボックス範囲];source=placement;stage=HeavensDoorSmallZone;zone=HeavensDoorSmallZone;table=jmp/placement/common/planetobjinfo;row=1;local_id=2)
[src/runtime/RuntimeContext.cpp:1773][APP - INFO] SMG semantic event name_obj_lifecycle:construct (object=BloomCube;actor=ブルームエリア（キューブ）)
[src/runtime/RuntimeContext.cpp:1773][APP - INFO] SMG semantic event name_obj_lifecycle:init_from_jmap (object=ブルームエリア（キューブ）;source=placement;stage=HeavensDoorInsideZone;zone=HeavensDoorInsideZone;table=jmp/placement/common/areaobjinfo;row=0;local_id=0)
[src/runtime/RuntimeContext.cpp:1773][APP - INFO] SMG semantic event name_obj_lifecycle:connect_to_scene (object=ブルーム;kind=name_obj;movement=-1;calc_anim=4;draw_buffer=-1;draw_type=-1)
[src/runtime/RuntimeContext.cpp:1773][APP - INFO] SMG semantic event name_obj_lifecycle:connect_to_scene (object=BloomEffect::preDraw;kind=name_obj;movement=-1;calc_anim=-1;draw_buffer=-1;draw_type=52)
[src/runtime/RuntimeContext.cpp:1773][APP - INFO] SMG semantic event name_obj_lifecycle:connect_to_scene (object=BloomEffect::postDraw;kind=name_obj;movement=-1;calc_anim=-1;draw_buffer=-1;draw_type=53)
[src/runtime/RuntimeContext.cpp:1773][APP - INFO] SMG semantic event name_obj_lifecycle:connect_to_scene (object=全画面エフェクト管理;kind=name_obj;movement=23;calc_anim=-1;draw_buffer=-1;draw_type=-1)
[src/runtime/RuntimeContext.cpp:1773][APP - INFO] SMG semantic event name_obj_lifecycle:construct (object=CollisionBlocker;actor=コリジョン抜け防止球)
[src/runtime/RuntimeContext.cpp:1773][APP - INFO] SMG semantic event name_obj_lifecycle:init_from_jmap (object=コリジョン抜け防止球;source=placement;stage=HeavensDoorMysteriousZone;zone=HeavensDoorMysteriousZone;table=jmp/placement/common/objinfo;row=29;local_id=91)
[src/runtime/RuntimeContext.cpp:1773][APP - INFO] SMG semantic event name_obj_lifecycle:connect_to_scene (object=コリジョン抜け防止球;kind=live_actor_model;movement=34;calc_anim=-1;draw_buffer=-1;draw_type=-1)
[src/runtime/RuntimeContext.cpp:1773][APP - INFO] SMG semantic event name_obj_lifecycle:construct (object=CollisionBlocker;actor=コリジョン抜け防止球)
[src/runtime/RuntimeContext.cpp:1773][APP - INFO] SMG semantic event name_obj_lifecycle:init_from_jmap (object=コリジョン抜け防止球;source=placement;stage=HeavensDoorMysteriousZone;zone=HeavensDoorMysteriousZone;table=jmp/placement/common/objinfo;row=30;local_id=94)
[src/runtime/RuntimeContext.cpp:1773][APP - INFO] SMG semantic event name_obj_lifecycle:connect_to_scene (object=コリジョン抜け防止球;kind=live_actor_model;movement=34;calc_anim=-1;draw_buffer=-1;draw_type=-1)
[src/runtime/RuntimeContext.cpp:1773][APP - INFO] SMG semantic event name_obj_lifecycle:construct (object=CollisionBlocker;actor=コリジョン抜け防止球)
[src/runtime/RuntimeContext.cpp:1773][APP - INFO] SMG semantic event name_obj_lifecycle:init_from_jmap (object=コリジョン抜け防止球;source=placement;stage=HeavensDoorMysteriousZone;zone=HeavensDoorMysteriousZone;table=jmp/placement/common/objinfo;row=31;local_id=95)
[src/runtime/RuntimeContext.cpp:1773][APP - INFO] SMG semantic event name_obj_lifecycle:connect_to_scene (object=コリジョン抜け防止球;kind=live_actor_model;movement=34;calc_anim=-1;draw_buffer=-1;draw_type=-1)
[src/runtime/RuntimeContext.cpp:1773][APP - INFO] SMG semantic event name_obj_lifecycle:construct (object=CollisionBlocker;actor=コリジョン抜け防止球)
[src/runtime/RuntimeContext.cpp:1773][APP - INFO] SMG semantic event name_obj_lifecycle:init_from_jmap (object=コリジョン抜け防止球;source=placement;stage=HeavensDoorMysteriousZone;zone=HeavensDoorMysteriousZone;table=jmp/placement/common/objinfo;row=44;local_id=188)
[src/runtime/RuntimeContext.cpp:1773][APP - INFO] SMG semantic event name_obj_lifecycle:connect_to_scene (object=コリジョン抜け防止球;kind=live_actor_model;movement=34;calc_anim=-1;draw_buffer=-1;draw_type=-1)
[src/runtime/RuntimeContext.cpp:1773][APP - INFO] SMG semantic event name_obj_lifecycle:construct (object=CollisionBlocker;actor=コリジョン抜け防止球)
[src/runtime/RuntimeContext.cpp:1773][APP - INFO] SMG semantic event name_obj_lifecycle:init_from_jmap (object=コリジョン抜け防止球;source=placement;stage=HeavensDoorMysteriousZone;zone=HeavensDoorMysteriousZone;table=jmp/placement/common/objinfo;row=45;local_id=189)
[src/runtime/RuntimeContext.cpp:1773][APP - INFO] SMG semantic event name_obj_lifecycle:connect_to_scene (object=コリジョン抜け防止球;kind=live_actor_model;movement=34;calc_anim=-1;draw_buffer=-1;draw_type=-1)
[src/runtime/RuntimeContext.cpp:1773][APP - INFO] SMG semantic event name_obj_lifecycle:construct (object=CollisionBlocker;actor=コリジョン抜け防止球)
[src/runtime/RuntimeContext.cpp:1773][APP - INFO] SMG semantic event name_obj_lifecycle:init_from_jmap (object=コリジョン抜け防止球;source=placement;stage=HeavensDoorMysteriousZone;zone=HeavensDoorMysteriousZone;table=jmp/placement/common/objinfo;row=46;local_id=190)
[src/runtime/RuntimeContext.cpp:1773][APP - INFO] SMG semantic event name_obj_lifecycle:connect_to_scene (object=コリジョン抜け防止球;kind=live_actor_model;movement=34;calc_anim=-1;draw_buffer=-1;draw_type=-1)
[src/runtime/RuntimeContext.cpp:1773][APP - INFO] SMG semantic event name_obj_lifecycle:construct (object=CollisionBlocker;actor=コリジョン抜け防止球)
[src/runtime/RuntimeContext.cpp:1773][APP - INFO] SMG semantic event name_obj_lifecycle:init_from_jmap (object=コリジョン抜け防止球;source=placement;stage=HeavensDoorMysteriousZone;zone=HeavensDoorMysteriousZone;table=jmp/placement/common/objinfo;row=47;local_id=191)
[src/runtime/RuntimeContext.cpp:1773][APP - INFO] SMG semantic event name_obj_lifecycle:connect_to_scene (object=コリジョン抜け防止球;kind=live_actor_model;movement=34;calc_anim=-1;draw_buffer=-1;draw_type=-1)
[src/runtime/RuntimeContext.cpp:1773][APP - INFO] SMG semantic event name_obj_lifecycle:construct (object=SwitchSynchronizerReverse;actor=スイッチ同期[反転])
[src/runtime/RuntimeContext.cpp:1773][APP - INFO] SMG semantic event name_obj_lifecycle:init_from_jmap (object=スイッチ同期[反転];source=placement;stage=HeavensDoorGalaxy;zone=HeavensDoorGalaxy;table=jmp/placement/common/objinfo;row=2;local_id=11)
[src/runtime/RuntimeContext.cpp:1773][APP - INFO] SMG semantic event name_obj_lifecycle:connect_to_scene (object=スイッチ同期[反転];kind=name_obj;movement=34;calc_anim=-1;draw_buffer=-1;draw_type=-1)
[src/runtime/RuntimeContext.cpp:1773][APP - INFO] SMG semantic event name_obj_lifecycle:construct (object=VROrbit;actor=VR軌道)
[src/runtime/RuntimeContext.cpp:1773][APP - INFO] SMG semantic event name_obj_lifecycle:init_from_jmap (object=VR軌道;source=placement;stage=HeavensDoorGalaxy;zone=HeavensDoorGalaxy;table=jmp/placement/common/objinfo;row=0;local_id=0)
[src/runtime/RuntimeContext.cpp:1773][APP - INFO] SMG semantic event name_obj_lifecycle:connect_to_scene (object=VR軌道;kind=live_actor_model;movement=36;calc_anim=5;draw_buffer=1;draw_type=-1)
[src/runtime/RuntimeContext.cpp:1773][APP - INFO] SMG semantic event name_obj_lifecycle:connect_to_scene (object=レンズフレアリング;kind=live_actor_model;movement=14;calc_anim=13;draw_buffer=36;draw_type=-1)
[src/runtime/RuntimeContext.cpp:1773][APP - INFO] SMG semantic event name_obj_lifecycle:connect_to_scene (object=グレア（円形）;kind=live_actor_model;movement=14;calc_anim=13;draw_buffer=36;draw_type=-1)
[src/runtime/RuntimeContext.cpp:1773][APP - INFO] SMG semantic event name_obj_lifecycle:connect_to_scene (object=グレア（ライン）;kind=live_actor_model;movement=14;calc_anim=13;draw_buffer=36;draw_type=-1)
[src/runtime/RuntimeContext.cpp:1773][APP - INFO] SMG semantic event name_obj_lifecycle:connect_to_scene (object=レンズフレア管理;kind=name_obj;movement=34;calc_anim=-1;draw_buffer=-1;draw_type=-1)
[src/runtime/RuntimeContext.cpp:1773][APP - INFO] SMG semantic event name_obj_lifecycle:construct (object=BrightSun;actor=レンズフレア用太陽)
[src/runtime/RuntimeContext.cpp:1773][APP - INFO] SMG semantic event name_obj_lifecycle:init_from_jmap (object=レンズフレア用太陽;source=placement;stage=HeavensDoorGalaxy;zone=HeavensDoorGalaxy;table=jmp/placement/common/objinfo;row=1;local_id=10)
[src/runtime/RuntimeContext.cpp:1773][APP - INFO] SMG semantic event name_obj_lifecycle:connect_to_scene (object=レンズフレア用太陽;kind=live_actor_model;movement=33;calc_anim=-1;draw_buffer=-1;draw_type=57)
[src/runtime/RuntimeContext.cpp:1773][APP - INFO] SMG semantic event name_obj_lifecycle:connect_to_scene (object=太陽;kind=live_actor_model;movement=36;calc_anim=5;draw_buffer=3;draw_type=-1)
[src/runtime/RuntimeContext.cpp:1773][APP - INFO] SMG semantic event name_obj_lifecycle:construct (object=SphereAir;actor=球状青空)
[src/runtime/RuntimeContext.cpp:1773][APP - INFO] SMG semantic event name_obj_lifecycle:init_from_jmap (object=球状青空;source=placement;stage=HeavensDoorMysteriousZone;zone=HeavensDoorMysteriousZone;table=jmp/placement/common/objinfo;row=25;local_id=70)
[src/runtime/RuntimeContext.cpp:1773][APP - INFO] SMG semantic event name_obj_lifecycle:connect_to_scene (object=球状青空;kind=live_actor_model;movement=36;calc_anim=5;draw_buffer=2;draw_type=-1)
[src/runtime/RuntimeContext.cpp:1773][APP - INFO] SMG semantic event name_obj_lifecycle:construct (object=HeavensDoorMysteriousPlanet;actor=ヘブンズドアミステリアス惑星)
[src/runtime/RuntimeContext.cpp:1773][APP - INFO] SMG semantic event name_obj_lifecycle:init_from_jmap (object=ヘブンズドアミステリアス惑星;source=placement;stage=HeavensDoorMysteriousZone;zone=HeavensDoorMysteriousZone;table=jmp/placement/common/objinfo;row=24;local_id=69)
[src/runtime/RuntimeContext.cpp:1773][APP - INFO] SMG semantic event name_obj_lifecycle:connect_to_scene (object=ヘブンズドアミステリアス惑星;kind=live_actor_model;movement=29;calc_anim=1;draw_buffer=4;draw_type=-1)
[src/runtime/RuntimeContext.cpp:1773][APP - INFO] SMG semantic event name_obj_lifecycle:connect_to_scene (object=地形コリジョン;kind=name_obj;movement=32;calc_anim=-1;draw_buffer=-1;draw_type=-1)
[src/runtime/RuntimeContext.cpp:1773][APP - INFO] SMG semantic event name_obj_lifecycle:construct (object=CollisionBlocker;actor=コリジョン抜け防止球)
[src/runtime/RuntimeContext.cpp:1773][APP - INFO] SMG semantic event name_obj_lifecycle:init_from_jmap (object=コリジョン抜け防止球;source=placement;stage=HeavensDoorGalaxy;zone=HeavensDoorGalaxy;table=jmp/placement/layera/objinfo;row=1;local_id=12)
[src/runtime/RuntimeContext.cpp:1773][APP - INFO] SMG semantic event name_obj_lifecycle:connect_to_scene (object=コリジョン抜け防止球;kind=live_actor_model;movement=34;calc_anim=-1;draw_buffer=-1;draw_type=-1)
[src/runtime/RuntimeContext.cpp:1773][APP - INFO] SMG semantic event name_obj_lifecycle:construct (object=GroupSwitchWatcher;actor=グループスイッチ監視)
[src/runtime/RuntimeContext.cpp:1773][APP - INFO] SMG semantic event name_obj_lifecycle:init_from_jmap (object=グループスイッチ監視;source=placement;stage=HeavensDoorSmallZone;zone=HeavensDoorSmallZone;table=jmp/placement/common/objinfo;row=0;local_id=6)
[src/runtime/RuntimeContext.cpp:1773][APP - INFO] SMG semantic event name_obj_lifecycle:connect_to_scene (object=グループスイッチ監視;kind=live_actor_model;movement=34;calc_anim=-1;draw_buffer=-1;draw_type=-1)
[src/runtime/RuntimeContext.cpp:1773][APP - INFO] SMG semantic event name_obj_lifecycle:construct (object=SwitchSynchronizerReverse;actor=スイッチ同期[反転])
[src/runtime/RuntimeContext.cpp:1773][APP - INFO] SMG semantic event name_obj_lifecycle:init_from_jmap (object=スイッチ同期[反転];source=placement;stage=HeavensDoorInsideZone;zone=HeavensDoorInsideZone;table=jmp/placement/common/objinfo;row=5;local_id=21)
[src/runtime/RuntimeContext.cpp:1773][APP - INFO] SMG semantic event name_obj_lifecycle:connect_to_scene (object=スイッチ同期[反転];kind=name_obj;movement=34;calc_anim=-1;draw_buffer=-1;draw_type=-1)
[src/runtime/RuntimeContext.cpp:1773][APP - INFO] SMG semantic event name_obj_lifecycle:construct (object=DemoRabbit;actor=デモウサギ)
[src/runtime/RuntimeContext.cpp:1773][APP - INFO] SMG semantic event name_obj_lifecycle:init_from_jmap (object=デモウサギ;source=placement;stage=HeavensDoorMysteriousZone;zone=HeavensDoorMysteriousZone;table=jmp/placement/layera/objinfo;row=8;local_id=66)
[src/runtime/RuntimeContext.cpp:1773][APP - INFO] SMG semantic event demo:cast_registered (actor=デモウサギ;demo=チコガイドデモ;zone=5;group=0;cast=0)
[src/runtime/RuntimeContext.cpp:1773][APP - INFO] SMG semantic event demo:nerve_registered (actor=デモウサギ;demo=チコガイドデモ;zone=5;group=0;cast=0;action=チコとの出会い[ウサギ会話])
[src/runtime/RuntimeContext.cpp:1773][APP - INFO] SMG semantic event demo:nerve_registered (actor=デモウサギ;demo=チコガイドデモ;zone=5;group=0;cast=0;action=チコとの出会い[ウサギ逃走])
[src/runtime/RuntimeContext.cpp:1773][APP - INFO] SMG semantic event demo:functor_registered (actor=デモウサギ;demo=チコガイドデモ;zone=5;group=0;cast=0;action=ウサギ追いかけ[フェードアウト])
[src/runtime/RuntimeContext.cpp:1773][APP - INFO] SMG semantic event demo:functor_registered (actor=デモウサギ;demo=チコガイドデモ;zone=5;group=0;cast=0;action=ウサギ追いかけ[フェードイン])
[src/runtime/RuntimeContext.cpp:1773][APP - INFO] SMG semantic event demo:nerve_registered (actor=デモウサギ;demo=チコガイドデモ;zone=5;group=0;cast=0;action=ウサギ追いかけ[会話])
[src/runtime/RuntimeContext.cpp:1773][APP - INFO] SMG semantic event demo:nerve_registered (actor=デモウサギ;demo=チコガイドデモ;zone=5;group=0;cast=0;action=ウサギ追いかけ[逃走])
[src/runtime/RuntimeContext.cpp:1773][APP - INFO] SMG semantic event name_obj_lifecycle:connect_to_scene (object=デモウサギ;kind=live_actor_model;movement=40;calc_anim=6;draw_buffer=16;draw_type=-1)
[src/runtime/RuntimeContext.cpp:1773][APP - INFO] SMG semantic event name_obj_lifecycle:construct (object=DemoRabbit;actor=デモウサギ)
[src/runtime/RuntimeContext.cpp:1773][APP - INFO] SMG semantic event name_obj_lifecycle:init_from_jmap (object=デモウサギ;source=placement;stage=HeavensDoorMysteriousZone;zone=HeavensDoorMysteriousZone;table=jmp/placement/layera/objinfo;row=9;local_id=67)
[src/runtime/RuntimeContext.cpp:1773][APP - INFO] SMG semantic event demo:cast_registered (actor=デモウサギ;demo=チコガイドデモ;zone=5;group=0;cast=1)
[src/runtime/RuntimeContext.cpp:1773][APP - INFO] SMG semantic event demo:nerve_registered (actor=デモウサギ;demo=チコガイドデモ;zone=5;group=0;cast=1;action=ウサギ追いかけ[逃走])
[src/runtime/RuntimeContext.cpp:1773][APP - INFO] SMG semantic event name_obj_lifecycle:connect_to_scene (object=デモウサギ;kind=live_actor_model;movement=40;calc_anim=6;draw_buffer=16;draw_type=-1)
[src/runtime/RuntimeContext.cpp:1773][APP - INFO] SMG semantic event name_obj_lifecycle:construct (object=DemoRabbit;actor=デモウサギ)
[src/runtime/RuntimeContext.cpp:1773][APP - INFO] SMG semantic event name_obj_lifecycle:init_from_jmap (object=デモウサギ;source=placement;stage=HeavensDoorMysteriousZone;zone=HeavensDoorMysteriousZone;table=jmp/placement/layera/objinfo;row=10;local_id=68)
[src/runtime/RuntimeContext.cpp:1773][APP - INFO] SMG semantic event demo:cast_registered (actor=デモウサギ;demo=チコガイドデモ;zone=5;group=0;cast=2)
[src/runtime/RuntimeContext.cpp:1773][APP - INFO] SMG semantic event demo:nerve_registered (actor=デモウサギ;demo=チコガイドデモ;zone=5;group=0;cast=2;action=ウサギ追いかけ[逃走])
[src/runtime/RuntimeContext.cpp:1773][APP - INFO] SMG semantic event name_obj_lifecycle:connect_to_scene (object=デモウサギ;kind=live_actor_model;movement=40;calc_anim=6;draw_buffer=16;draw_type=-1)
[src/runtime/RuntimeContext.cpp:1773][APP - INFO] SMG semantic event name_obj_lifecycle:construct (object=HeavensDoorMiddlePlanet;actor=ヘブンズドア惑星（中）)
[src/runtime/RuntimeContext.cpp:1773][APP - INFO] SMG semantic event name_obj_lifecycle:init_from_jmap (object=ヘブンズドア惑星（中）;source=placement;stage=HeavensDoorMiddleZone;zone=HeavensDoorMiddleZone;table=jmp/placement/common/objinfo;row=11;local_id=30)
[src/runtime/RuntimeContext.cpp:1773][APP - INFO] SMG semantic event name_obj_lifecycle:connect_to_scene (object=ヘブンズドア惑星（中）;kind=live_actor_model;movement=29;calc_anim=1;draw_buffer=4;draw_type=-1)
[src/runtime/RuntimeContext.cpp:1773][APP - INFO] SMG semantic event name_obj_lifecycle:construct (object=HeavensDoorSmallPlanet;actor=ヘブンズドア惑星（小）)
[src/runtime/RuntimeContext.cpp:1773][APP - INFO] SMG semantic event name_obj_lifecycle:init_from_jmap (object=ヘブンズドア惑星（小）;source=placement;stage=HeavensDoorSmallZone;zone=HeavensDoorSmallZone;table=jmp/placement/common/objinfo;row=4;local_id=22)
[src/runtime/RuntimeContext.cpp:1773][APP - INFO] SMG semantic event name_obj_lifecycle:connect_to_scene (object=ヘブンズドア惑星（小）;kind=live_actor_model;movement=29;calc_anim=1;draw_buffer=4;draw_type=-1)
[src/runtime/RuntimeContext.cpp:1773][APP - INFO] SMG semantic event name_obj_lifecycle:construct (object=HeavensDoorBlackHolePlanet;actor=ヘブンズドアブラックホール惑星)
[src/runtime/RuntimeContext.cpp:1773][APP - INFO] SMG semantic event name_obj_lifecycle:init_from_jmap (object=ヘブンズドアブラックホール惑星;source=placement;stage=HeavensBlackHoleZone;zone=HeavensBlackHoleZone;table=jmp/placement/common/objinfo;row=15;local_id=34)
[src/runtime/RuntimeContext.cpp:1773][APP - INFO] SMG semantic event name_obj_lifecycle:connect_to_scene (object=ヘブンズドアブラックホール惑星;kind=live_actor_model;movement=29;calc_anim=1;draw_buffer=4;draw_type=-1)
[src/runtime/RuntimeContext.cpp:1773][APP - INFO] SMG semantic event name_obj_lifecycle:init_after_placement (object=MarioActor)
[src/runtime/RuntimeContext.cpp:1773][APP - INFO] SMG semantic event name_obj_lifecycle:init_after_placement (object=ViewGroupCtrlCube)
[src/runtime/RuntimeContext.cpp:1773][APP - INFO] SMG semantic event name_obj_lifecycle:init_after_placement (object=スイッチ監視)
[src/runtime/RuntimeContext.cpp:1773][APP - INFO] SMG semantic event name_obj_lifecycle:init_after_placement (object=ViewGroupCtrlCube)
[src/runtime/RuntimeContext.cpp:1773][APP - INFO] SMG semantic event name_obj_lifecycle:init_after_placement (object=ViewGroupCtrlCube)
[src/runtime/RuntimeContext.cpp:1773][APP - INFO] SMG semantic event name_obj_lifecycle:init_after_placement (object=スイッチ監視)
[src/runtime/RuntimeContext.cpp:1773][APP - INFO] SMG semantic event name_obj_lifecycle:init_after_placement (object=ViewGroupCtrlCube)
[src/runtime/RuntimeContext.cpp:1773][APP - INFO] SMG semantic event name_obj_lifecycle:init_after_placement (object=ViewGroupCtrlCube)
[src/runtime/RuntimeContext.cpp:1773][APP - INFO] SMG semantic event name_obj_lifecycle:init_after_placement (object=スイッチ監視)
[src/runtime/RuntimeContext.cpp:1773][APP - INFO] SMG semantic event name_obj_lifecycle:init_after_placement (object=ViewGroupCtrlCube)
[src/runtime/RuntimeContext.cpp:1773][APP - INFO] SMG semantic event name_obj_lifecycle:init_after_placement (object=ViewGroupCtrlCube)
[src/runtime/RuntimeContext.cpp:1773][APP - INFO] SMG semantic event name_obj_lifecycle:init_after_placement (object=スイッチ監視)
[src/runtime/RuntimeContext.cpp:1773][APP - INFO] SMG semantic event name_obj_lifecycle:init_after_placement (object=ViewGroupCtrlCube)
[src/runtime/RuntimeContext.cpp:1773][APP - INFO] SMG semantic event name_obj_lifecycle:init_after_placement (object=LightCtrlCube)
[src/runtime/RuntimeContext.cpp:1773][APP - INFO] SMG semantic event name_obj_lifecycle:init_after_placement (object=LightCtrlCube)
[src/runtime/RuntimeContext.cpp:1773][APP - INFO] SMG semantic event name_obj_lifecycle:init_after_placement (object=LightCtrlCube)
[src/runtime/RuntimeContext.cpp:1773][APP - INFO] SMG semantic event name_obj_lifecycle:init_after_placement (object=LightCtrlCube)
[src/runtime/RuntimeContext.cpp:1773][APP - INFO] SMG semantic event name_obj_lifecycle:init_after_placement (object=LightCtrlCube)
[src/runtime/RuntimeContext.cpp:1773][APP - INFO] SMG semantic event name_obj_lifecycle:init_after_placement (object=LightCtrlCube)
[src/runtime/RuntimeContext.cpp:1773][APP - INFO] SMG semantic event name_obj_lifecycle:init_after_placement (object=LightCtrlCube)
[src/runtime/RuntimeContext.cpp:1773][APP - INFO] SMG semantic event name_obj_lifecycle:init_after_placement (object=CubeCameraCylinder)
[src/runtime/RuntimeContext.cpp:1773][APP - INFO] SMG semantic event name_obj_lifecycle:init_after_placement (object=CubeCameraCylinder)
[src/runtime/RuntimeContext.cpp:1773][APP - INFO] SMG semantic event name_obj_lifecycle:init_after_placement (object=CubeCameraCylinder)
[src/runtime/RuntimeContext.cpp:1773][APP - INFO] SMG semantic event name_obj_lifecycle:init_after_placement (object=CubeCameraCylinder)
[src/runtime/RuntimeContext.cpp:1773][APP - INFO] SMG semantic event name_obj_lifecycle:init_after_placement (object=SwitchCube)
[src/runtime/RuntimeContext.cpp:1773][APP - INFO] SMG semantic event name_obj_lifecycle:init_after_placement (object=SwitchCube)
[src/runtime/RuntimeContext.cpp:1773][APP - INFO] SMG semantic event name_obj_lifecycle:init_after_placement (object=LensFlareArea)
[src/runtime/RuntimeContext.cpp:1773][APP - INFO] SMG semantic event name_obj_lifecycle:init_after_placement (object=PullBackCylinder)
[src/runtime/RuntimeContext.cpp:1773][APP - INFO] SMG semantic event name_obj_lifecycle:init_after_placement (object=MessageAreaCylinder)
[src/runtime/RuntimeContext.cpp:1773][APP - INFO] SMG semantic event name_obj_lifecycle:init_after_placement (object=CubeCameraSphere)
[src/runtime/RuntimeContext.cpp:1773][APP - INFO] SMG semantic event name_obj_lifecycle:init_after_placement (object=点重力)
[src/runtime/RuntimeContext.cpp:1773][APP - INFO] SMG semantic event name_obj_lifecycle:init_after_placement (object=CubeCameraSphere)
[src/runtime/RuntimeContext.cpp:1773][APP - INFO] SMG semantic event name_obj_lifecycle:init_after_placement (object=CubeCameraSphere)
[src/runtime/RuntimeContext.cpp:1773][APP - INFO] SMG semantic event name_obj_lifecycle:init_after_placement (object=CubeCameraSphere)
[src/runtime/RuntimeContext.cpp:1773][APP - INFO] SMG semantic event name_obj_lifecycle:init_after_placement (object=CubeCameraSphere)
[src/runtime/RuntimeContext.cpp:1773][APP - INFO] SMG semantic event name_obj_lifecycle:init_after_placement (object=CubeCameraSphere)
[src/runtime/RuntimeContext.cpp:1773][APP - INFO] SMG semantic event name_obj_lifecycle:init_after_placement (object=点重力)
[src/runtime/RuntimeContext.cpp:1773][APP - INFO] SMG semantic event name_obj_lifecycle:init_after_placement (object=点重力)
[src/runtime/RuntimeContext.cpp:1773][APP - INFO] SMG semantic event name_obj_lifecycle:init_after_placement (object=点重力)
[src/runtime/RuntimeContext.cpp:1773][APP - INFO] SMG semantic event name_obj_lifecycle:init_after_placement (object=点重力)
[src/runtime/RuntimeContext.cpp:1773][APP - INFO] SMG semantic event name_obj_lifecycle:init_after_placement (object=CubeCameraCylinder)
[src/runtime/RuntimeContext.cpp:1773][APP - INFO] SMG semantic event name_obj_lifecycle:init_after_placement (object=スイッチ監視)
[src/runtime/RuntimeContext.cpp:1773][APP - INFO] SMG semantic event name_obj_lifecycle:init_after_placement (object=CubeCameraCylinder)
[src/runtime/RuntimeContext.cpp:1773][APP - INFO] SMG semantic event name_obj_lifecycle:init_after_placement (object=スイッチ監視)
[src/runtime/RuntimeContext.cpp:1773][APP - INFO] SMG semantic event name_obj_lifecycle:init_after_placement (object=CubeCameraCylinder)
[src/runtime/RuntimeContext.cpp:1773][APP - INFO] SMG semantic event name_obj_lifecycle:init_after_placement (object=CubeCameraCylinder)
[src/runtime/RuntimeContext.cpp:1773][APP - INFO] SMG semantic event name_obj_lifecycle:init_after_placement (object=CubeCameraBox)
[src/runtime/RuntimeContext.cpp:1773][APP - INFO] SMG semantic event name_obj_lifecycle:init_after_placement (object=スイッチ監視)
[src/runtime/RuntimeContext.cpp:1773][APP - INFO] SMG semantic event name_obj_lifecycle:init_after_placement (object=CubeCameraBox)
[src/runtime/RuntimeContext.cpp:1773][APP - INFO] SMG semantic event name_obj_lifecycle:init_after_placement (object=SwitchCube)
[src/runtime/RuntimeContext.cpp:1773][APP - INFO] SMG semantic event name_obj_lifecycle:init_after_placement (object=SwitchCube)
[src/runtime/RuntimeContext.cpp:1773][APP - INFO] SMG semantic event name_obj_lifecycle:init_after_placement (object=BlueStarGuidanceCube)
[src/runtime/RuntimeContext.cpp:1773][APP - INFO] SMG semantic event name_obj_lifecycle:init_after_placement (object=スイッチ監視)
[src/runtime/RuntimeContext.cpp:1773][APP - INFO] SMG semantic event name_obj_lifecycle:init_after_placement (object=MessageAreaCube)
[src/runtime/RuntimeContext.cpp:1773][APP - INFO] SMG semantic event name_obj_lifecycle:init_after_placement (object=LightCtrlCube)
[src/runtime/RuntimeContext.cpp:1773][APP - INFO] SMG semantic event name_obj_lifecycle:init_after_placement (object=スイッチ監視)
[src/runtime/RuntimeContext.cpp:1773][APP - INFO] SMG semantic event name_obj_lifecycle:init_after_placement (object=平面重力[球範囲])
[src/runtime/RuntimeContext.cpp:1773][APP - INFO] SMG semantic event name_obj_lifecycle:init_after_placement (object=平面重力[ボックス範囲])
[src/runtime/RuntimeContext.cpp:1773][APP - INFO] SMG semantic event name_obj_lifecycle:init_after_placement (object=BloomCube)
[src/runtime/RuntimeContext.cpp:1773][APP - INFO] SMG semantic event name_obj_lifecycle:init_after_placement (object=ブルーム)
[src/runtime/RuntimeContext.cpp:1773][APP - INFO] SMG semantic event name_obj_lifecycle:init_after_placement (object=BloomEffect::preDraw)
[src/runtime/RuntimeContext.cpp:1773][APP - INFO] SMG semantic event name_obj_lifecycle:init_after_placement (object=BloomEffect::postDraw)
[src/runtime/RuntimeContext.cpp:1773][APP - INFO] SMG semantic event name_obj_lifecycle:init_after_placement (object=画像効果管理)
[src/runtime/RuntimeContext.cpp:1773][APP - INFO] SMG semantic event name_obj_lifecycle:init_after_placement (object=全画面エフェクト管理)
[src/runtime/RuntimeContext.cpp:1773][APP - INFO] SMG semantic event name_obj_lifecycle:init_after_placement (object=コリジョン抜け防止球)
[src/runtime/RuntimeContext.cpp:1773][APP - INFO] SMG semantic event name_obj_lifecycle:init_after_placement (object=スイッチ監視)
[src/runtime/RuntimeContext.cpp:1773][APP - INFO] SMG semantic event name_obj_lifecycle:init_after_placement (object=コリジョン抜け防止球)
[src/runtime/RuntimeContext.cpp:1773][APP - INFO] SMG semantic event name_obj_lifecycle:init_after_placement (object=スイッチ監視)
[src/runtime/RuntimeContext.cpp:1773][APP - INFO] SMG semantic event name_obj_lifecycle:init_after_placement (object=コリジョン抜け防止球)
[src/runtime/RuntimeContext.cpp:1773][APP - INFO] SMG semantic event name_obj_lifecycle:init_after_placement (object=スイッチ監視)
[src/runtime/RuntimeContext.cpp:1773][APP - INFO] SMG semantic event name_obj_lifecycle:init_after_placement (object=コリジョン抜け防止球)
[src/runtime/RuntimeContext.cpp:1773][APP - INFO] SMG semantic event name_obj_lifecycle:init_after_placement (object=スイッチ監視)
[src/runtime/RuntimeContext.cpp:1773][APP - INFO] SMG semantic event name_obj_lifecycle:init_after_placement (object=コリジョン抜け防止球)
[src/runtime/RuntimeContext.cpp:1773][APP - INFO] SMG semantic event name_obj_lifecycle:init_after_placement (object=スイッチ監視)
[src/runtime/RuntimeContext.cpp:1773][APP - INFO] SMG semantic event name_obj_lifecycle:init_after_placement (object=コリジョン抜け防止球)
[src/runtime/RuntimeContext.cpp:1773][APP - INFO] SMG semantic event name_obj_lifecycle:init_after_placement (object=スイッチ監視)
[src/runtime/RuntimeContext.cpp:1773][APP - INFO] SMG semantic event name_obj_lifecycle:init_after_placement (object=コリジョン抜け防止球)
[src/runtime/RuntimeContext.cpp:1773][APP - INFO] SMG semantic event name_obj_lifecycle:init_after_placement (object=スイッチ監視)
[src/runtime/RuntimeContext.cpp:1773][APP - INFO] SMG semantic event name_obj_lifecycle:init_after_placement (object=スイッチ同期[反転])
[src/runtime/RuntimeContext.cpp:1773][APP - INFO] SMG semantic event name_obj_lifecycle:init_after_placement (object=VR軌道)
[src/runtime/RuntimeContext.cpp:1773][APP - INFO] SMG semantic event name_obj_lifecycle:init_after_placement (object=レンズフレア用太陽)
[src/runtime/RuntimeContext.cpp:1773][APP - INFO] SMG semantic event name_obj_lifecycle:init_after_placement (object=レンズフレア管理)
[src/runtime/RuntimeContext.cpp:1773][APP - INFO] SMG semantic event name_obj_lifecycle:init_after_placement (object=レンズフレアリング)
[src/runtime/RuntimeContext.cpp:1773][APP - INFO] SMG semantic event name_obj_lifecycle:init_after_placement (object=グレア（円形）)
[src/runtime/RuntimeContext.cpp:1773][APP - INFO] SMG semantic event name_obj_lifecycle:init_after_placement (object=グレア（ライン）)
[src/runtime/RuntimeContext.cpp:1773][APP - INFO] SMG semantic event name_obj_lifecycle:init_after_placement (object=太陽)
[src/runtime/RuntimeContext.cpp:1773][APP - INFO] SMG semantic event name_obj_lifecycle:init_after_placement (object=球状青空)
[src/runtime/RuntimeContext.cpp:1773][APP - INFO] SMG semantic event name_obj_lifecycle:init_after_placement (object=先描画大気保持)
[src/runtime/RuntimeContext.cpp:1773][APP - INFO] SMG semantic event name_obj_lifecycle:init_after_placement (object=ヘブンズドアミステリアス惑星)
[src/runtime/RuntimeContext.cpp:1773][APP - INFO] SMG semantic event name_obj_lifecycle:init_after_placement (object=地形コリジョン)
[src/runtime/RuntimeContext.cpp:1773][APP - INFO] SMG semantic event name_obj_lifecycle:init_after_placement (object=地形コリジョンカテゴリキーパー)
[src/runtime/RuntimeContext.cpp:1773][APP - INFO] SMG semantic event name_obj_lifecycle:init_after_placement (object=地形コリジョンカテゴリキーパー)
[src/runtime/RuntimeContext.cpp:1773][APP - INFO] SMG semantic event name_obj_lifecycle:init_after_placement (object=地形コリジョンカテゴリキーパー)
[src/runtime/RuntimeContext.cpp:1773][APP - INFO] SMG semantic event name_obj_lifecycle:init_after_placement (object=地形コリジョンカテゴリキーパー)
[src/runtime/RuntimeContext.cpp:1773][APP - INFO] SMG semantic event name_obj_lifecycle:init_after_placement (object=コリジョン抜け防止球)
[src/runtime/RuntimeContext.cpp:1773][APP - INFO] SMG semantic event name_obj_lifecycle:init_after_placement (object=スイッチ監視)
[src/runtime/RuntimeContext.cpp:1773][APP - INFO] SMG semantic event name_obj_lifecycle:init_after_placement (object=グループスイッチ監視)
[src/runtime/RuntimeContext.cpp:1773][APP - INFO] SMG semantic event name_obj_lifecycle:init_after_placement (object=スイッチ同期[反転])
[src/runtime/RuntimeContext.cpp:1773][APP - INFO] SMG semantic event name_obj_lifecycle:init_after_placement (object=デモウサギ)
[src/runtime/RuntimeContext.cpp:1773][APP - INFO] SMG semantic event name_obj_lifecycle:init_after_placement (object=会話制御)
[src/runtime/RuntimeContext.cpp:1773][APP - INFO] SMG semantic event name_obj_lifecycle:init_after_placement (object=デモウサギ)
[src/runtime/RuntimeContext.cpp:1773][APP - INFO] SMG semantic event name_obj_lifecycle:init_after_placement (object=デモウサギ)
[src/runtime/RuntimeContext.cpp:1773][APP - INFO] SMG semantic event name_obj_lifecycle:init_after_placement (object=ヘブンズドア惑星（中）)
[src/runtime/RuntimeContext.cpp:1773][APP - INFO] SMG semantic event name_obj_lifecycle:init_after_placement (object=ヘブンズドア惑星（小）)
[src/runtime/RuntimeContext.cpp:1773][APP - INFO] SMG semantic event name_obj_lifecycle:init_after_placement (object=ヘブンズドアブラックホール惑星)
[src/runtime/RuntimeContext.cpp:1773][APP - INFO] SMG semantic event placement:gateway_development_subset_summary (stage=HeavensDoorGalaxy;scenario=1;objects=242;ready=70;ignored=8;blocked=164;created=70;mode=supported_subset_for_development)
[src/runtime/RuntimeContext.cpp:1773][APP - INFO] SMG semantic event placement:gateway_development_subset_blocked (object=RestartCube;raw_name=RestartCube;zone=HeavensDoorGalaxy;table=jmp/placement/common/areaobjinfo;row=0;reason=real_mario_update_and_restart_dispatch_runtime_unavailable)
[src/runtime/RuntimeContext.cpp:1773][APP - INFO] SMG semantic event placement:gateway_development_subset_blocked (object=RestartCube;raw_name=RestartCube;zone=HeavensDoorGalaxy;table=jmp/placement/common/areaobjinfo;row=1;reason=real_mario_update_and_restart_dispatch_runtime_unavailable)
[src/runtime/RuntimeContext.cpp:1773][APP - INFO] SMG semantic event placement:gateway_development_subset_blocked (object=RestartCube;raw_name=RestartCube;zone=HeavensDoorGalaxy;table=jmp/placement/common/areaobjinfo;row=2;reason=real_mario_update_and_restart_dispatch_runtime_unavailable)
[src/runtime/RuntimeContext.cpp:1773][APP - INFO] SMG semantic event placement:gateway_development_subset_blocked (object=RestartCube;raw_name=RestartCube;zone=HeavensDoorGalaxy;table=jmp/placement/common/areaobjinfo;row=3;reason=real_mario_update_and_restart_dispatch_runtime_unavailable)
[src/runtime/RuntimeContext.cpp:1773][APP - INFO] SMG semantic event placement:gateway_development_subset_blocked (object=CollisionArea;raw_name=CollisionArea;zone=HeavensDoorMysteriousZone;table=jmp/placement/common/areaobjinfo;row=4;reason=retail_creator_not_linked)
[src/runtime/RuntimeContext.cpp:1773][APP - INFO] SMG semantic event placement:gateway_development_subset_blocked (object=CollisionArea;raw_name=CollisionArea;zone=HeavensDoorMysteriousZone;table=jmp/placement/common/areaobjinfo;row=5;reason=retail_creator_not_linked)
[src/runtime/RuntimeContext.cpp:1773][APP - INFO] SMG semantic event placement:gateway_development_subset_blocked (object=ChangeBgmCube;raw_name=ChangeBgmCube;zone=HeavensDoorGalaxy;table=jmp/placement/layera/areaobjinfo;row=0;reason=retail_creator_not_linked)
[src/runtime/RuntimeContext.cpp:1773][APP - INFO] SMG semantic event placement:gateway_development_subset_blocked (object=ChangeBgmCube;raw_name=ChangeBgmCube;zone=HeavensDoorGalaxy;table=jmp/placement/layera/areaobjinfo;row=1;reason=retail_creator_not_linked)
[src/runtime/RuntimeContext.cpp:1773][APP - INFO] SMG semantic event placement:gateway_development_subset_blocked (object=ChangeBgmCube;raw_name=ChangeBgmCube;zone=HeavensDoorGalaxy;table=jmp/placement/layera/areaobjinfo;row=2;reason=retail_creator_not_linked)
[src/runtime/RuntimeContext.cpp:1773][APP - INFO] SMG semantic event placement:gateway_development_subset_blocked (object=AudioEffectSphere;raw_name=AudioEffectSphere;zone=HeavensDoorInsideZone;table=jmp/placement/common/areaobjinfo;row=1;reason=retail_creator_not_linked)
[src/runtime/RuntimeContext.cpp:1773][APP - INFO] SMG semantic event placement:gateway_development_subset_blocked (object=SpinGuidanceCube;raw_name=SpinGuidanceCube;zone=HeavensDoorMysteriousZone;table=jmp/placement/layera/areaobjinfo;row=1;reason=retail_creator_not_linked)
[src/runtime/RuntimeContext.cpp:1773][APP - INFO] SMG semantic event placement:gateway_development_subset_blocked (object=SpinGuidanceCube;raw_name=SpinGuidanceCube;zone=HeavensDoorSmallZone;table=jmp/placement/common/areaobjinfo;row=2;reason=retail_creator_not_linked)
[src/runtime/RuntimeContext.cpp:1773][APP - INFO] SMG semantic event placement:gateway_development_subset_blocked (object=SpinGuidanceCube;raw_name=SpinGuidanceCube;zone=HeavensBlackHoleZone;table=jmp/placement/common/areaobjinfo;row=1;reason=retail_creator_not_linked)
[src/runtime/RuntimeContext.cpp:1773][APP - INFO] SMG semantic event placement:gateway_development_subset_blocked (object=SpinGuidanceCube;raw_name=SpinGuidanceCube;zone=HeavensBlackHoleZone;table=jmp/placement/common/areaobjinfo;row=2;reason=retail_creator_not_linked)
[src/runtime/RuntimeContext.cpp:1773][APP - INFO] SMG semantic event placement:gateway_development_subset_blocked (object=SpinGuidanceCube;raw_name=SpinGuidanceCube;zone=HeavensBlackHoleZone;table=jmp/placement/common/areaobjinfo;row=3;reason=retail_creator_not_linked)
[src/runtime/RuntimeContext.cpp:1773][APP - INFO] SMG semantic event placement:gateway_development_subset_blocked (object=PunchingKinoko;raw_name=PunchingKinoko;zone=HeavensDoorMysteriousZone;table=jmp/placement/common/objinfo;row=5;reason=retail_creator_not_linked)
[src/runtime/RuntimeContext.cpp:1773][APP - INFO] SMG semantic event placement:gateway_development_subset_blocked (object=PunchingKinoko;raw_name=PunchingKinoko;zone=HeavensDoorMysteriousZone;table=jmp/placement/common/objinfo;row=6;reason=retail_creator_not_linked)
[src/runtime/RuntimeContext.cpp:1773][APP - INFO] SMG semantic event placement:gateway_development_subset_blocked (object=PunchingKinoko;raw_name=PunchingKinoko;zone=HeavensDoorMysteriousZone;table=jmp/placement/common/objinfo;row=7;reason=retail_creator_not_linked)
[src/runtime/RuntimeContext.cpp:1773][APP - INFO] SMG semantic event placement:gateway_development_subset_blocked (object=PunchingKinoko;raw_name=PunchingKinoko;zone=HeavensDoorMysteriousZone;table=jmp/placement/common/objinfo;row=8;reason=retail_creator_not_linked)
[src/runtime/RuntimeContext.cpp:1773][APP - INFO] SMG semantic event placement:gateway_development_subset_blocked (object=PunchingKinoko;raw_name=PunchingKinoko;zone=HeavensDoorMysteriousZone;table=jmp/placement/common/objinfo;row=9;reason=retail_creator_not_linked)
[src/runtime/RuntimeContext.cpp:1773][APP - INFO] SMG semantic event placement:gateway_development_subset_blocked (object=PunchingKinoko;raw_name=PunchingKinoko;zone=HeavensDoorMysteriousZone;table=jmp/placement/common/objinfo;row=10;reason=retail_creator_not_linked)
[src/runtime/RuntimeContext.cpp:1773][APP - INFO] SMG semantic event placement:gateway_development_subset_blocked (object=PunchingKinoko;raw_name=PunchingKinoko;zone=HeavensDoorMysteriousZone;table=jmp/placement/common/objinfo;row=11;reason=retail_creator_not_linked)
[src/runtime/RuntimeContext.cpp:1773][APP - INFO] SMG semantic event placement:gateway_development_subset_blocked (object=PunchingKinoko;raw_name=PunchingKinoko;zone=HeavensDoorMysteriousZone;table=jmp/placement/common/objinfo;row=12;reason=retail_creator_not_linked)
[src/runtime/RuntimeContext.cpp:1773][APP - INFO] SMG semantic event placement:gateway_development_subset_blocked (object=PunchingKinoko;raw_name=PunchingKinoko;zone=HeavensDoorMysteriousZone;table=jmp/placement/common/objinfo;row=13;reason=retail_creator_not_linked)
[src/runtime/RuntimeContext.cpp:1773][APP - INFO] SMG semantic event placement:gateway_development_subset_blocked (object=PunchingKinoko;raw_name=PunchingKinoko;zone=HeavensDoorMysteriousZone;table=jmp/placement/common/objinfo;row=14;reason=retail_creator_not_linked)
[src/runtime/RuntimeContext.cpp:1773][APP - INFO] SMG semantic event placement:gateway_development_subset_blocked (object=PunchingKinoko;raw_name=PunchingKinoko;zone=HeavensDoorMysteriousZone;table=jmp/placement/common/objinfo;row=20;reason=retail_creator_not_linked)
[src/runtime/RuntimeContext.cpp:1773][APP - INFO] SMG semantic event placement:gateway_development_subset_blocked (object=PunchingKinoko;raw_name=PunchingKinoko;zone=HeavensDoorMysteriousZone;table=jmp/placement/common/objinfo;row=21;reason=retail_creator_not_linked)
[src/runtime/RuntimeContext.cpp:1773][APP - INFO] SMG semantic event placement:gateway_development_subset_blocked (object=PunchingKinoko;raw_name=PunchingKinoko;zone=HeavensDoorMysteriousZone;table=jmp/placement/common/objinfo;row=22;reason=retail_creator_not_linked)
[src/runtime/RuntimeContext.cpp:1773][APP - INFO] SMG semantic event placement:gateway_development_subset_blocked (object=PunchingKinoko;raw_name=PunchingKinoko;zone=HeavensDoorMysteriousZone;table=jmp/placement/common/objinfo;row=23;reason=retail_creator_not_linked)
[src/runtime/RuntimeContext.cpp:1773][APP - INFO] SMG semantic event placement:gateway_development_subset_blocked (object=Coin;raw_name=Coin;zone=HeavensDoorMysteriousZone;table=jmp/placement/common/objinfo;row=32;reason=shadow_runtime_unavailable)
[src/runtime/RuntimeContext.cpp:1773][APP - INFO] SMG semantic event placement:gateway_development_subset_blocked (object=Coin;raw_name=Coin;zone=HeavensDoorMysteriousZone;table=jmp/placement/common/objinfo;row=33;reason=shadow_runtime_unavailable)
[src/runtime/RuntimeContext.cpp:1773][APP - INFO] SMG semantic event placement:gateway_development_subset_blocked (object=Coin;raw_name=Coin;zone=HeavensDoorMysteriousZone;table=jmp/placement/common/objinfo;row=34;reason=shadow_runtime_unavailable)
[src/runtime/RuntimeContext.cpp:1773][APP - INFO] SMG semantic event placement:gateway_development_subset_blocked (object=Coin;raw_name=Coin;zone=HeavensDoorMysteriousZone;table=jmp/placement/common/objinfo;row=35;reason=shadow_runtime_unavailable)
[src/runtime/RuntimeContext.cpp:1773][APP - INFO] SMG semantic event placement:gateway_development_subset_blocked (object=Coin;raw_name=Coin;zone=HeavensDoorMysteriousZone;table=jmp/placement/common/objinfo;row=36;reason=shadow_runtime_unavailable)
[src/runtime/RuntimeContext.cpp:1773][APP - INFO] SMG semantic event placement:gateway_development_subset_blocked (object=Coin;raw_name=Coin;zone=HeavensDoorMysteriousZone;table=jmp/placement/common/objinfo;row=37;reason=shadow_runtime_unavailable)
[src/runtime/RuntimeContext.cpp:1773][APP - INFO] SMG semantic event placement:gateway_development_subset_blocked (object=Coin;raw_name=Coin;zone=HeavensDoorMysteriousZone;table=jmp/placement/common/objinfo;row=38;reason=shadow_runtime_unavailable)
[src/runtime/RuntimeContext.cpp:1773][APP - INFO] SMG semantic event placement:gateway_development_subset_blocked (object=Coin;raw_name=Coin;zone=HeavensDoorMysteriousZone;table=jmp/placement/common/objinfo;row=39;reason=shadow_runtime_unavailable)
[src/runtime/RuntimeContext.cpp:1773][APP - INFO] SMG semantic event placement:gateway_development_subset_blocked (object=Coin;raw_name=Coin;zone=HeavensDoorMysteriousZone;table=jmp/placement/common/objinfo;row=40;reason=shadow_runtime_unavailable)
[src/runtime/RuntimeContext.cpp:1773][APP - INFO] SMG semantic event placement:gateway_development_subset_blocked (object=Coin;raw_name=Coin;zone=HeavensDoorMysteriousZone;table=jmp/placement/common/objinfo;row=41;reason=shadow_runtime_unavailable)
[src/runtime/RuntimeContext.cpp:1773][APP - INFO] SMG semantic event placement:gateway_development_subset_blocked (object=StarPiece;raw_name=StarPiece;zone=HeavensDoorMysteriousZone;table=jmp/placement/common/objinfo;row=26;reason=retail_creator_not_linked)
[src/runtime/RuntimeContext.cpp:1773][APP - INFO] SMG semantic event placement:gateway_development_subset_blocked (object=StarPiece;raw_name=StarPiece;zone=HeavensDoorMysteriousZone;table=jmp/placement/common/objinfo;row=27;reason=retail_creator_not_linked)
[src/runtime/RuntimeContext.cpp:1773][APP - INFO] SMG semantic event placement:gateway_development_subset_blocked (object=StarPiece;raw_name=StarPiece;zone=HeavensDoorMysteriousZone;table=jmp/placement/common/objinfo;row=28;reason=retail_creator_not_linked)
[src/runtime/RuntimeContext.cpp:1773][APP - INFO] SMG semantic event placement:gateway_development_subset_blocked (object=Butterfly;raw_name=Butterfly;zone=HeavensDoorMysteriousZone;table=jmp/placement/common/objinfo;row=2;reason=retail_creator_not_linked)
[src/runtime/RuntimeContext.cpp:1773][APP - INFO] SMG semantic event placement:gateway_development_subset_blocked (object=Butterfly;raw_name=Butterfly;zone=HeavensDoorMysteriousZone;table=jmp/placement/common/objinfo;row=3;reason=retail_creator_not_linked)
[src/runtime/RuntimeContext.cpp:1773][APP - INFO] SMG semantic event placement:gateway_development_subset_blocked (object=Butterfly;raw_name=Butterfly;zone=HeavensDoorMysteriousZone;table=jmp/placement/common/objinfo;row=4;reason=retail_creator_not_linked)
[src/runtime/RuntimeContext.cpp:1773][APP - INFO] SMG semantic event placement:gateway_development_subset_blocked (object=WarpPod;raw_name=WarpPod;zone=HeavensDoorMysteriousZone;table=jmp/placement/common/objinfo;row=16;reason=retail_creator_not_linked)
[src/runtime/RuntimeContext.cpp:1773][APP - INFO] SMG semantic event placement:gateway_development_subset_blocked (object=WarpPod;raw_name=WarpPod;zone=HeavensDoorMysteriousZone;table=jmp/placement/common/objinfo;row=17;reason=retail_creator_not_linked)
[src/runtime/RuntimeContext.cpp:1773][APP - INFO] SMG semantic event placement:gateway_development_subset_blocked (object=EarthenPipe;raw_name=EarthenPipe;zone=HeavensDoorMysteriousZone;table=jmp/placement/common/objinfo;row=18;reason=retail_creator_not_linked)
[src/runtime/RuntimeContext.cpp:1773][APP - INFO] SMG semantic event placement:gateway_development_subset_blocked (object=EarthenPipe;raw_name=EarthenPipe;zone=HeavensDoorMysteriousZone;table=jmp/placement/common/objinfo;row=19;reason=retail_creator_not_linked)
[src/runtime/RuntimeContext.cpp:1773][APP - INFO] SMG semantic event placement:gateway_development_subset_blocked (object=FlowerGroup;raw_name=FlowerGroup;zone=HeavensDoorMysteriousZone;table=jmp/placement/common/objinfo;row=0;reason=retail_creator_not_linked)
[src/runtime/RuntimeContext.cpp:1773][APP - INFO] SMG semantic event placement:gateway_development_subset_blocked (object=CutBushGroup;raw_name=CutBushGroup;zone=HeavensDoorMysteriousZone;table=jmp/placement/common/objinfo;row=15;reason=retail_creator_not_linked)
[src/runtime/RuntimeContext.cpp:1773][APP - INFO] SMG semantic event placement:gateway_development_subset_blocked (object=FlowerBlueGroup;raw_name=FlowerBlueGroup;zone=HeavensDoorMysteriousZone;table=jmp/placement/common/objinfo;row=1;reason=retail_creator_not_linked)
[src/runtime/RuntimeContext.cpp:1773][APP - INFO] SMG semantic event placement:gateway_development_subset_blocked (object=HeavensDoorHouseDoor;raw_name=HeavensDoorHouseDoor;zone=HeavensDoorMysteriousZone;table=jmp/placement/common/objinfo;row=42;reason=retail_creator_not_linked)
[src/runtime/RuntimeContext.cpp:1773][APP - INFO] SMG semantic event placement:gateway_development_subset_blocked (object=HeavensDoorFlowerA;raw_name=HeavensDoorFlowerA;zone=HeavensDoorMysteriousZone;table=jmp/placement/common/objinfo;row=43;reason=retail_creator_not_linked)
[src/runtime/RuntimeContext.cpp:1773][APP - INFO] SMG semantic event placement:gateway_development_subset_blocked (object=HeavensDoorAppearStepAAfter;raw_name=HeavensDoorAppearStepAAfter;zone=HeavensDoorMysteriousZone;table=jmp/placement/common/objinfo;row=48;reason=retail_creator_not_linked)
[src/runtime/RuntimeContext.cpp:1773][APP - INFO] SMG semantic event placement:gateway_development_subset_blocked (object=Steam;raw_name=Steam;zone=HeavensDoorInsideZone;table=jmp/placement/common/objinfo;row=9;reason=clipping_group_runtime_unavailable)
[src/runtime/RuntimeContext.cpp:1773][APP - INFO] SMG semantic event placement:gateway_development_subset_blocked (object=Steam;raw_name=Steam;zone=HeavensDoorInsideZone;table=jmp/placement/common/objinfo;row=10;reason=clipping_group_runtime_unavailable)
[src/runtime/RuntimeContext.cpp:1773][APP - INFO] SMG semantic event placement:gateway_development_subset_blocked (object=Steam;raw_name=Steam;zone=HeavensDoorInsideZone;table=jmp/placement/common/objinfo;row=11;reason=clipping_group_runtime_unavailable)
[src/runtime/RuntimeContext.cpp:1773][APP - INFO] SMG semantic event placement:gateway_development_subset_blocked (object=Steam;raw_name=Steam;zone=HeavensDoorInsideZone;table=jmp/placement/common/objinfo;row=12;reason=clipping_group_runtime_unavailable)
[src/runtime/RuntimeContext.cpp:1773][APP - INFO] SMG semantic event placement:gateway_development_subset_blocked (object=Steam;raw_name=Steam;zone=HeavensDoorInsideZone;table=jmp/placement/common/objinfo;row=13;reason=clipping_group_runtime_unavailable)
[src/runtime/RuntimeContext.cpp:1773][APP - INFO] SMG semantic event placement:gateway_development_subset_blocked (object=Steam;raw_name=Steam;zone=HeavensDoorInsideZone;table=jmp/placement/common/objinfo;row=14;reason=clipping_group_runtime_unavailable)
[src/runtime/RuntimeContext.cpp:1773][APP - INFO] SMG semantic event placement:gateway_development_subset_blocked (object=Steam;raw_name=Steam;zone=HeavensDoorInsideZone;table=jmp/placement/common/objinfo;row=15;reason=clipping_group_runtime_unavailable)
[src/runtime/RuntimeContext.cpp:1773][APP - INFO] SMG semantic event placement:gateway_development_subset_blocked (object=Steam;raw_name=Steam;zone=HeavensDoorInsideZone;table=jmp/placement/common/objinfo;row=16;reason=clipping_group_runtime_unavailable)
[src/runtime/RuntimeContext.cpp:1773][APP - INFO] SMG semantic event placement:gateway_development_subset_blocked (object=Tico;raw_name=Tico;zone=HeavensDoorMysteriousZone;table=jmp/placement/layera/objinfo;row=7;reason=retail_creator_not_linked)
[src/runtime/RuntimeContext.cpp:1773][APP - INFO] SMG semantic event placement:gateway_development_subset_blocked (object=Tico;raw_name=Tico;zone=HeavensDoorSmallZone;table=jmp/placement/common/objinfo;row=1;reason=retail_creator_not_linked)
[src/runtime/RuntimeContext.cpp:1773][APP - INFO] SMG semantic event placement:gateway_development_subset_blocked (object=Tico;raw_name=Tico;zone=HeavensDoorMiddleZone;table=jmp/placement/common/objinfo;row=9;reason=retail_creator_not_linked)
[src/runtime/RuntimeContext.cpp:1773][APP - INFO] SMG semantic event placement:gateway_development_subset_blocked (object=Tico;raw_name=Tico;zone=HeavensDoorMiddleZone;table=jmp/placement/common/objinfo;row=24;reason=retail_creator_not_linked)
[src/runtime/RuntimeContext.cpp:1773][APP - INFO] SMG semantic event placement:gateway_development_subset_blocked (object=Tico;raw_name=Tico;zone=HeavensDoorInsideZone;table=jmp/placement/common/objinfo;row=3;reason=retail_creator_not_linked)
[src/runtime/RuntimeContext.cpp:1773][APP - INFO] SMG semantic event placement:gateway_development_subset_blocked (object=Tico;raw_name=Tico;zone=HeavensDoorInsideZone;table=jmp/placement/common/objinfo;row=4;reason=retail_creator_not_linked)
[src/runtime/RuntimeContext.cpp:1773][APP - INFO] SMG semantic event placement:gateway_development_subset_blocked (object=Tico;raw_name=Tico;zone=HeavensBlackHoleZone;table=jmp/placement/common/objinfo;row=10;reason=retail_creator_not_linked)
[src/runtime/RuntimeContext.cpp:1773][APP - INFO] SMG semantic event placement:gateway_development_subset_blocked (object=RailCoin;raw_name=RailCoin;zone=HeavensDoorMiddleZone;table=jmp/placement/common/objinfo;row=10;reason=shadow_area_and_mercator_runtime_unavailable)
[src/runtime/RuntimeContext.cpp:1773][APP - INFO] SMG semantic event placement:gateway_development_subset_blocked (object=RailCoin;raw_name=RailCoin;zone=HeavensDoorInsideZone;table=jmp/placement/common/objinfo;row=19;reason=shadow_area_and_mercator_runtime_unavailable)
[src/runtime/RuntimeContext.cpp:1773][APP - INFO] SMG semantic event placement:gateway_development_subset_blocked (object=StarPieceGroup;raw_name=StarPieceGroup;zone=HeavensDoorMiddleZone;table=jmp/placement/common/objinfo;row=7;reason=star_piece_director_runtime_unavailable)
[src/runtime/RuntimeContext.cpp:1773][APP - INFO] SMG semantic event placement:gateway_development_subset_blocked (object=Rosetta;raw_name=Rosetta;zone=HeavensDoorMysteriousZone;table=jmp/placement/layera/objinfo;row=12;reason=retail_creator_not_linked)
[src/runtime/RuntimeContext.cpp:1773][APP - INFO] SMG semantic event placement:gateway_development_subset_blocked (object=TicoBaby;raw_name=TicoBaby;zone=HeavensDoorMysteriousZone;table=jmp/placement/layera/objinfo;row=13;reason=retail_creator_not_linked)
[src/runtime/RuntimeContext.cpp:1773][APP - INFO] SMG semantic event placement:gateway_development_subset_blocked (object=YellowChipGroup;raw_name=YellowChipGroup;zone=HeavensBlackHoleZone;table=jmp/placement/common/objinfo;row=1;reason=retail_creator_not_linked)
[src/runtime/RuntimeContext.cpp:1773][APP - INFO] SMG semantic event placement:gateway_development_subset_blocked (object=FlipPanelObserver;raw_name=FlipPanelObserver;zone=HeavensDoorInsideZone;table=jmp/placement/common/objinfo;row=0;reason=retail_creator_not_linked)
[src/runtime/RuntimeContext.cpp:1773][APP - INFO] SMG semantic event placement:gateway_development_subset_blocked (object=FlipPanelReverse;raw_name=FlipPanelReverse;zone=HeavensDoorInsideZone;table=jmp/placement/common/objinfo;row=17;reason=retail_creator_not_linked)
[src/runtime/RuntimeContext.cpp:1773][APP - INFO] SMG semantic event placement:gateway_development_subset_blocked (object=FlipPanelReverse;raw_name=FlipPanelReverse;zone=HeavensDoorInsideZone;table=jmp/placement/common/objinfo;row=20;reason=retail_creator_not_linked)
[src/runtime/RuntimeContext.cpp:1773][APP - INFO] SMG semantic event placement:gateway_development_subset_blocked (object=FlipPanelReverse;raw_name=FlipPanelReverse;zone=HeavensDoorInsideZone;table=jmp/placement/common/objinfo;row=21;reason=retail_creator_not_linked)
[src/runtime/RuntimeContext.cpp:1773][APP - INFO] SMG semantic event placement:gateway_development_subset_blocked (object=FlipPanelReverse;raw_name=FlipPanelReverse;zone=HeavensDoorInsideZone;table=jmp/placement/common/objinfo;row=22;reason=retail_creator_not_linked)
[src/runtime/RuntimeContext.cpp:1773][APP - INFO] SMG semantic event placement:gateway_development_subset_blocked (object=FlipPanelReverse;raw_name=FlipPanelReverse;zone=HeavensDoorInsideZone;table=jmp/placement/common/objinfo;row=23;reason=retail_creator_not_linked)
[src/runtime/RuntimeContext.cpp:1773][APP - INFO] SMG semantic event placement:gateway_development_subset_blocked (object=FlipPanelReverse;raw_name=FlipPanelReverse;zone=HeavensDoorInsideZone;table=jmp/placement/common/objinfo;row=24;reason=retail_creator_not_linked)
[src/runtime/RuntimeContext.cpp:1773][APP - INFO] SMG semantic event placement:gateway_development_subset_blocked (object=FlipPanelReverse;raw_name=FlipPanelReverse;zone=HeavensDoorInsideZone;table=jmp/placement/common/objinfo;row=25;reason=retail_creator_not_linked)
[src/runtime/RuntimeContext.cpp:1773][APP - INFO] SMG semantic event placement:gateway_development_subset_blocked (object=FlipPanelReverse;raw_name=FlipPanelReverse;zone=HeavensDoorInsideZone;table=jmp/placement/common/objinfo;row=26;reason=retail_creator_not_linked)
[src/runtime/RuntimeContext.cpp:1773][APP - INFO] SMG semantic event placement:gateway_development_subset_blocked (object=FlipPanelReverse;raw_name=FlipPanelReverse;zone=HeavensDoorInsideZone;table=jmp/placement/common/objinfo;row=27;reason=retail_creator_not_linked)
[src/runtime/RuntimeContext.cpp:1773][APP - INFO] SMG semantic event placement:gateway_development_subset_blocked (object=FlipPanelReverse;raw_name=FlipPanelReverse;zone=HeavensDoorInsideZone;table=jmp/placement/common/objinfo;row=28;reason=retail_creator_not_linked)
[src/runtime/RuntimeContext.cpp:1773][APP - INFO] SMG semantic event placement:gateway_development_subset_blocked (object=FlipPanelReverse;raw_name=FlipPanelReverse;zone=HeavensDoorInsideZone;table=jmp/placement/common/objinfo;row=29;reason=retail_creator_not_linked)
[src/runtime/RuntimeContext.cpp:1773][APP - INFO] SMG semantic event placement:gateway_development_subset_blocked (object=FlipPanelReverse;raw_name=FlipPanelReverse;zone=HeavensDoorInsideZone;table=jmp/placement/common/objinfo;row=30;reason=retail_creator_not_linked)
[src/runtime/RuntimeContext.cpp:1773][APP - INFO] SMG semantic event placement:gateway_development_subset_blocked (object=FlipPanelReverse;raw_name=FlipPanelReverse;zone=HeavensDoorInsideZone;table=jmp/placement/common/objinfo;row=31;reason=retail_creator_not_linked)
[src/runtime/RuntimeContext.cpp:1773][APP - INFO] SMG semantic event placement:gateway_development_subset_blocked (object=FlipPanelReverse;raw_name=FlipPanelReverse;zone=HeavensDoorInsideZone;table=jmp/placement/common/objinfo;row=32;reason=retail_creator_not_linked)
[src/runtime/RuntimeContext.cpp:1773][APP - INFO] SMG semantic event placement:gateway_development_subset_blocked (object=FlipPanelReverse;raw_name=FlipPanelReverse;zone=HeavensDoorInsideZone;table=jmp/placement/common/objinfo;row=33;reason=retail_creator_not_linked)
[src/runtime/RuntimeContext.cpp:1773][APP - INFO] SMG semantic event placement:gateway_development_subset_blocked (object=FlipPanelReverse;raw_name=FlipPanelReverse;zone=HeavensDoorInsideZone;table=jmp/placement/common/objinfo;row=34;reason=retail_creator_not_linked)
[src/runtime/RuntimeContext.cpp:1773][APP - INFO] SMG semantic event placement:gateway_development_subset_blocked (object=ShockWaveGenerator;raw_name=ShockWaveGenerator;zone=HeavensDoorSmallZone;table=jmp/placement/common/objinfo;row=12;reason=retail_creator_not_linked)
[src/runtime/RuntimeContext.cpp:1773][APP - INFO] SMG semantic event placement:gateway_development_subset_blocked (object=ShockWaveGenerator;raw_name=ShockWaveGenerator;zone=HeavensDoorMiddleZone;table=jmp/placement/common/objinfo;row=15;reason=retail_creator_not_linked)
[src/runtime/RuntimeContext.cpp:1773][APP - INFO] SMG semantic event placement:gateway_development_subset_blocked (object=ShockWaveGenerator;raw_name=ShockWaveGenerator;zone=HeavensDoorMiddleZone;table=jmp/placement/common/objinfo;row=16;reason=retail_creator_not_linked)
[src/runtime/RuntimeContext.cpp:1773][APP - INFO] SMG semantic event placement:gateway_development_subset_blocked (object=ShockWaveGenerator;raw_name=ShockWaveGenerator;zone=HeavensDoorMiddleZone;table=jmp/placement/common/objinfo;row=17;reason=retail_creator_not_linked)
[src/runtime/RuntimeContext.cpp:1773][APP - INFO] SMG semantic event placement:gateway_development_subset_blocked (object=ShockWaveGenerator;raw_name=ShockWaveGenerator;zone=HeavensDoorMiddleZone;table=jmp/placement/common/objinfo;row=18;reason=retail_creator_not_linked)
[src/runtime/RuntimeContext.cpp:1773][APP - INFO] SMG semantic event placement:gateway_development_subset_blocked (object=ShockWaveGenerator;raw_name=ShockWaveGenerator;zone=HeavensDoorMiddleZone;table=jmp/placement/common/objinfo;row=19;reason=retail_creator_not_linked)
[src/runtime/RuntimeContext.cpp:1773][APP - INFO] SMG semantic event placement:gateway_development_subset_blocked (object=ShockWaveGenerator;raw_name=ShockWaveGenerator;zone=HeavensDoorMiddleZone;table=jmp/placement/common/objinfo;row=20;reason=retail_creator_not_linked)
[src/runtime/RuntimeContext.cpp:1773][APP - INFO] SMG semantic event placement:gateway_development_subset_blocked (object=ShockWaveGenerator;raw_name=ShockWaveGenerator;zone=HeavensDoorMiddleZone;table=jmp/placement/common/objinfo;row=21;reason=retail_creator_not_linked)
[src/runtime/RuntimeContext.cpp:1773][APP - INFO] SMG semantic event placement:gateway_development_subset_blocked (object=ShockWaveGenerator;raw_name=ShockWaveGenerator;zone=HeavensDoorMiddleZone;table=jmp/placement/common/objinfo;row=22;reason=retail_creator_not_linked)
[src/runtime/RuntimeContext.cpp:1773][APP - INFO] SMG semantic event placement:gateway_development_subset_blocked (object=KuriboMini;raw_name=KuriboMini;zone=HeavensDoorSmallZone;table=jmp/placement/common/objinfo;row=9;reason=retail_creator_not_linked)
[src/runtime/RuntimeContext.cpp:1773][APP - INFO] SMG semantic event placement:gateway_development_subset_blocked (object=KuriboMini;raw_name=KuriboMini;zone=HeavensDoorSmallZone;table=jmp/placement/common/objinfo;row=10;reason=retail_creator_not_linked)
[src/runtime/RuntimeContext.cpp:1773][APP - INFO] SMG semantic event placement:gateway_development_subset_blocked (object=KuriboMini;raw_name=KuriboMini;zone=HeavensDoorSmallZone;table=jmp/placement/common/objinfo;row=11;reason=retail_creator_not_linked)
[src/runtime/RuntimeContext.cpp:1773][APP - INFO] SMG semantic event placement:gateway_development_subset_blocked (object=KuriboMini;raw_name=KuriboMini;zone=HeavensDoorSmallZone;table=jmp/placement/common/objinfo;row=13;reason=retail_creator_not_linked)
[src/runtime/RuntimeContext.cpp:1773][APP - INFO] SMG semantic event placement:gateway_development_subset_blocked (object=KuriboMini;raw_name=KuriboMini;zone=HeavensDoorMiddleZone;table=jmp/placement/common/objinfo;row=0;reason=retail_creator_not_linked)
[src/runtime/RuntimeContext.cpp:1773][APP - INFO] SMG semantic event placement:gateway_development_subset_blocked (object=KuriboMini;raw_name=KuriboMini;zone=HeavensDoorMiddleZone;table=jmp/placement/common/objinfo;row=23;reason=retail_creator_not_linked)
[src/runtime/RuntimeContext.cpp:1773][APP - INFO] SMG semantic event placement:gateway_development_subset_blocked (object=KuriboMini;raw_name=KuriboMini;zone=HeavensBlackHoleZone;table=jmp/placement/common/objinfo;row=9;reason=retail_creator_not_linked)
[src/runtime/RuntimeContext.cpp:1773][APP - INFO] SMG semantic event placement:gateway_development_subset_blocked (object=KuriboMini;raw_name=KuriboMini;zone=HeavensBlackHoleZone;table=jmp/placement/common/objinfo;row=16;reason=retail_creator_not_linked)
[src/runtime/RuntimeContext.cpp:1773][APP - INFO] SMG semantic event placement:gateway_development_subset_blocked (object=Kuribo;raw_name=Kuribo;zone=HeavensDoorMiddleZone;table=jmp/placement/common/objinfo;row=1;reason=retail_creator_not_linked)
[src/runtime/RuntimeContext.cpp:1773][APP - INFO] SMG semantic event placement:gateway_development_subset_blocked (object=Kuribo;raw_name=Kuribo;zone=HeavensDoorMiddleZone;table=jmp/placement/common/objinfo;row=2;reason=retail_creator_not_linked)
[src/runtime/RuntimeContext.cpp:1773][APP - INFO] SMG semantic event placement:gateway_development_subset_blocked (object=Kuribo;raw_name=Kuribo;zone=HeavensDoorMiddleZone;table=jmp/placement/common/objinfo;row=3;reason=retail_creator_not_linked)
[src/runtime/RuntimeContext.cpp:1773][APP - INFO] SMG semantic event placement:gateway_development_subset_blocked (object=Kuribo;raw_name=Kuribo;zone=HeavensDoorMiddleZone;table=jmp/placement/common/objinfo;row=13;reason=retail_creator_not_linked)
[src/runtime/RuntimeContext.cpp:1773][APP - INFO] SMG semantic event placement:gateway_development_subset_blocked (object=Kuribo;raw_name=Kuribo;zone=HeavensDoorMiddleZone;table=jmp/placement/common/objinfo;row=14;reason=retail_creator_not_linked)
[src/runtime/RuntimeContext.cpp:1773][APP - INFO] SMG semantic event placement:gateway_development_subset_blocked (object=Kuribo;raw_name=Kuribo;zone=HeavensDoorInsideZone;table=jmp/placement/common/objinfo;row=1;reason=retail_creator_not_linked)
[src/runtime/RuntimeContext.cpp:1773][APP - INFO] SMG semantic event placement:gateway_development_subset_blocked (object=Kuribo;raw_name=Kuribo;zone=HeavensDoorInsideZone;table=jmp/placement/common/objinfo;row=2;reason=retail_creator_not_linked)
[src/runtime/RuntimeContext.cpp:1773][APP - INFO] SMG semantic event placement:gateway_development_subset_blocked (object=Kuribo;raw_name=Kuribo;zone=HeavensDoorInsideZone;table=jmp/placement/common/objinfo;row=18;reason=retail_creator_not_linked)
[src/runtime/RuntimeContext.cpp:1773][APP - INFO] SMG semantic event placement:gateway_development_subset_blocked (object=CrystalCageS;raw_name=CrystalCageS;zone=HeavensDoorSmallZone;table=jmp/placement/common/objinfo;row=5;reason=retail_creator_not_linked)
[src/runtime/RuntimeContext.cpp:1773][APP - INFO] SMG semantic event placement:gateway_development_subset_blocked (object=CrystalCageS;raw_name=CrystalCageS;zone=HeavensDoorSmallZone;table=jmp/placement/common/objinfo;row=6;reason=retail_creator_not_linked)
[src/runtime/RuntimeContext.cpp:1773][APP - INFO] SMG semantic event placement:gateway_development_subset_blocked (object=CrystalCageS;raw_name=CrystalCageS;zone=HeavensDoorSmallZone;table=jmp/placement/common/objinfo;row=7;reason=retail_creator_not_linked)
[src/runtime/RuntimeContext.cpp:1773][APP - INFO] SMG semantic event placement:gateway_development_subset_blocked (object=CrystalCageS;raw_name=CrystalCageS;zone=HeavensDoorSmallZone;table=jmp/placement/common/objinfo;row=8;reason=retail_creator_not_linked)
[src/runtime/RuntimeContext.cpp:1773][APP - INFO] SMG semantic event placement:gateway_development_subset_blocked (object=CrystalCageS;raw_name=CrystalCageS;zone=HeavensBlackHoleZone;table=jmp/placement/common/objinfo;row=12;reason=retail_creator_not_linked)
[src/runtime/RuntimeContext.cpp:1773][APP - INFO] SMG semantic event placement:gateway_development_subset_blocked (object=CrystalCageS;raw_name=CrystalCageS;zone=HeavensBlackHoleZone;table=jmp/placement/common/objinfo;row=13;reason=retail_creator_not_linked)
[src/runtime/RuntimeContext.cpp:1773][APP - INFO] SMG semantic event placement:gateway_development_subset_blocked (object=CrystalCageS;raw_name=CrystalCageS;zone=HeavensBlackHoleZone;table=jmp/placement/common/objinfo;row=14;reason=retail_creator_not_linked)
[src/runtime/RuntimeContext.cpp:1773][APP - INFO] SMG semantic event placement:gateway_development_subset_blocked (object=YellowChip;raw_name=YellowChip;zone=HeavensBlackHoleZone;table=jmp/placement/common/objinfo;row=2;reason=retail_creator_not_linked)
[src/runtime/RuntimeContext.cpp:1773][APP - INFO] SMG semantic event placement:gateway_development_subset_blocked (object=YellowChip;raw_name=YellowChip;zone=HeavensBlackHoleZone;table=jmp/placement/common/objinfo;row=3;reason=retail_creator_not_linked)
[src/runtime/RuntimeContext.cpp:1773][APP - INFO] SMG semantic event placement:gateway_development_subset_blocked (object=YellowChip;raw_name=YellowChip;zone=HeavensBlackHoleZone;table=jmp/placement/common/objinfo;row=4;reason=retail_creator_not_linked)
[src/runtime/RuntimeContext.cpp:1773][APP - INFO] SMG semantic event placement:gateway_development_subset_blocked (object=YellowChip;raw_name=YellowChip;zone=HeavensBlackHoleZone;table=jmp/placement/common/objinfo;row=5;reason=retail_creator_not_linked)
[src/runtime/RuntimeContext.cpp:1773][APP - INFO] SMG semantic event placement:gateway_development_subset_blocked (object=YellowChip;raw_name=YellowChip;zone=HeavensBlackHoleZone;table=jmp/placement/common/objinfo;row=6;reason=retail_creator_not_linked)
[src/runtime/RuntimeContext.cpp:1773][APP - INFO] SMG semantic event placement:gateway_development_subset_blocked (object=StarPiece;raw_name=StarPiece;zone=HeavensDoorMysteriousZone;table=jmp/placement/layera/objinfo;row=0;reason=retail_creator_not_linked)
[src/runtime/RuntimeContext.cpp:1773][APP - INFO] SMG semantic event placement:gateway_development_subset_blocked (object=StarPiece;raw_name=StarPiece;zone=HeavensDoorMysteriousZone;table=jmp/placement/layera/objinfo;row=1;reason=retail_creator_not_linked)
[src/runtime/RuntimeContext.cpp:1773][APP - INFO] SMG semantic event placement:gateway_development_subset_blocked (object=StarPiece;raw_name=StarPiece;zone=HeavensDoorMysteriousZone;table=jmp/placement/layera/objinfo;row=2;reason=retail_creator_not_linked)
[src/runtime/RuntimeContext.cpp:1773][APP - INFO] SMG semantic event placement:gateway_development_subset_blocked (object=StarPiece;raw_name=StarPiece;zone=HeavensDoorMysteriousZone;table=jmp/placement/layera/objinfo;row=3;reason=retail_creator_not_linked)
[src/runtime/RuntimeContext.cpp:1773][APP - INFO] SMG semantic event placement:gateway_development_subset_blocked (object=CrystalCageM;raw_name=CrystalCageM;zone=HeavensDoorMysteriousZone;table=jmp/placement/layera/objinfo;row=4;reason=retail_creator_not_linked)
[src/runtime/RuntimeContext.cpp:1773][APP - INFO] SMG semantic event placement:gateway_development_subset_blocked (object=CrystalCageM;raw_name=CrystalCageM;zone=HeavensDoorMysteriousZone;table=jmp/placement/layera/objinfo;row=5;reason=retail_creator_not_linked)
[src/runtime/RuntimeContext.cpp:1773][APP - INFO] SMG semantic event placement:gateway_development_subset_blocked (object=CrystalCageM;raw_name=CrystalCageM;zone=HeavensDoorMysteriousZone;table=jmp/placement/layera/objinfo;row=6;reason=retail_creator_not_linked)
[src/runtime/RuntimeContext.cpp:1773][APP - INFO] SMG semantic event placement:gateway_development_subset_blocked (object=KoopaJrNormalShipA;raw_name=KoopaJrNormalShipA;zone=HeavensDoorMiddleZone;table=jmp/placement/common/objinfo;row=4;reason=retail_creator_not_linked)
[src/runtime/RuntimeContext.cpp:1773][APP - INFO] SMG semantic event placement:gateway_development_subset_blocked (object=KoopaJrNormalShipA;raw_name=KoopaJrNormalShipA;zone=HeavensDoorMiddleZone;table=jmp/placement/common/objinfo;row=5;reason=retail_creator_not_linked)
[src/runtime/RuntimeContext.cpp:1773][APP - INFO] SMG semantic event placement:gateway_development_subset_blocked (object=KoopaJrNormalShipA;raw_name=KoopaJrNormalShipA;zone=HeavensDoorMiddleZone;table=jmp/placement/common/objinfo;row=6;reason=retail_creator_not_linked)
[src/runtime/RuntimeContext.cpp:1773][APP - INFO] SMG semantic event placement:gateway_development_subset_blocked (object=SuperSpinDriver;raw_name=SuperSpinDriver;zone=HeavensDoorGalaxy;table=jmp/placement/layera/objinfo;row=2;reason=retail_creator_not_linked)
[src/runtime/RuntimeContext.cpp:1773][APP - INFO] SMG semantic event placement:gateway_development_subset_blocked (object=SuperSpinDriver;raw_name=SuperSpinDriver;zone=HeavensDoorGalaxy;table=jmp/placement/layera/objinfo;row=3;reason=retail_creator_not_linked)
[src/runtime/RuntimeContext.cpp:1773][APP - INFO] SMG semantic event placement:gateway_development_subset_blocked (object=CapsuleCage;raw_name=CapsuleCage;zone=HeavensDoorSmallZone;table=jmp/placement/common/objinfo;row=2;reason=retail_creator_not_linked)
[src/runtime/RuntimeContext.cpp:1773][APP - INFO] SMG semantic event placement:gateway_development_subset_blocked (object=CapsuleCage;raw_name=CapsuleCage;zone=HeavensDoorMiddleZone;table=jmp/placement/common/objinfo;row=8;reason=retail_creator_not_linked)
[src/runtime/RuntimeContext.cpp:1773][APP - INFO] SMG semantic event placement:gateway_development_subset_blocked (object=EarthenPipe;raw_name=EarthenPipe;zone=HeavensDoorGalaxy;table=jmp/placement/layera/objinfo;row=4;reason=retail_creator_not_linked)
[src/runtime/RuntimeContext.cpp:1773][APP - INFO] SMG semantic event placement:gateway_development_subset_blocked (object=EarthenPipe;raw_name=EarthenPipe;zone=HeavensDoorGalaxy;table=jmp/placement/layera/objinfo;row=5;reason=retail_creator_not_linked)
[src/runtime/RuntimeContext.cpp:1773][APP - INFO] SMG semantic event placement:gateway_development_subset_blocked (object=MeteorCannon;raw_name=MeteorCannon;zone=HeavensBlackHoleZone;table=jmp/placement/common/objinfo;row=7;reason=retail_creator_not_linked)
[src/runtime/RuntimeContext.cpp:1773][APP - INFO] SMG semantic event placement:gateway_development_subset_blocked (object=MeteorCannon;raw_name=MeteorCannon;zone=HeavensBlackHoleZone;table=jmp/placement/common/objinfo;row=8;reason=retail_creator_not_linked)
[src/runtime/RuntimeContext.cpp:1773][APP - INFO] SMG semantic event placement:gateway_development_subset_blocked (object=HeavensDoorAppearStepA;raw_name=HeavensDoorAppearStepA;zone=HeavensDoorMysteriousZone;table=jmp/placement/layera/objinfo;row=14;reason=retail_creator_not_linked)
[src/runtime/RuntimeContext.cpp:1773][APP - INFO] SMG semantic event placement:gateway_development_subset_blocked (object=RunawayRabbitCollect;raw_name=RunawayRabbitCollect;zone=HeavensDoorMysteriousZone;table=jmp/placement/layera/objinfo;row=11;reason=retail_creator_not_linked)
[src/runtime/RuntimeContext.cpp:1773][APP - INFO] SMG semantic event placement:gateway_development_subset_blocked (object=SpinDriver;raw_name=SpinDriver;zone=HeavensDoorGalaxy;table=jmp/placement/layera/objinfo;row=0;reason=retail_creator_not_linked)
[src/runtime/RuntimeContext.cpp:1773][APP - INFO] SMG semantic event placement:gateway_development_subset_blocked (object=HeavensDoorMiddleRotatePartsB;raw_name=HeavensDoorMiddleRotatePartsB;zone=HeavensDoorMiddleZone;table=jmp/mapparts/common/mappartsinfo;row=0;reason=retail_creator_not_linked)
[src/runtime/RuntimeContext.cpp:1773][APP - INFO] SMG semantic event placement:gateway_development_subset_blocked (object=HeavensDoorInsidePlanet;raw_name=HeavensDoorInsidePlanet;zone=HeavensDoorInsideZone;table=jmp/placement/common/objinfo;row=7;reason=planet_unique_creator_runtime_unavailable)
[src/runtime/RuntimeContext.cpp:1773][APP - INFO] SMG semantic event placement:gateway_development_subset_blocked (object=HeavensDoorInsidePlanetPartsA;raw_name=HeavensDoorInsidePlanetPartsA;zone=HeavensDoorInsideZone;table=jmp/placement/common/objinfo;row=8;reason=retail_creator_not_linked)
[src/runtime/RuntimeContext.cpp:1773][APP - INFO] SMG semantic event placement:gateway_development_subset_blocked (object=KuriboChief;raw_name=KuriboChief;zone=HeavensDoorMiddleZone;table=jmp/placement/common/objinfo;row=12;reason=retail_creator_not_linked)
[src/runtime/RuntimeContext.cpp:1773][APP - INFO] SMG semantic event placement:gateway_development_subset_blocked (object=HeavensDoorInsideCage;raw_name=HeavensDoorInsideCage;zone=HeavensDoorInsideZone;table=jmp/placement/common/objinfo;row=6;reason=retail_creator_not_linked)
[src/runtime/RuntimeContext.cpp:1773][APP - INFO] SMG semantic event placement:gateway_development_subset_blocked (object=HeavensDoorInsideRotatePartsB;raw_name=HeavensDoorInsideRotatePartsB;zone=HeavensDoorInsideZone;table=jmp/mapparts/common/mappartsinfo;row=0;reason=retail_creator_not_linked)
[src/runtime/RuntimeContext.cpp:1773][APP - INFO] SMG semantic event placement:gateway_development_subset_blocked (object=HeavensDoorInsideRotatePartsA;raw_name=HeavensDoorInsideRotatePartsA;zone=HeavensDoorInsideZone;table=jmp/mapparts/common/mappartsinfo;row=1;reason=retail_creator_not_linked)
[src/runtime/RuntimeContext.cpp:1773][APP - INFO] SMG semantic event placement:gateway_development_subset_blocked (object=HeavensDoorInsideRotatePartsC;raw_name=HeavensDoorInsideRotatePartsC;zone=HeavensDoorInsideZone;table=jmp/mapparts/common/mappartsinfo;row=2;reason=retail_creator_not_linked)
[src/runtime/RuntimeContext.cpp:1773][APP - INFO] SMG semantic event placement:gateway_development_subset_blocked (object=GrandStar;raw_name=GrandStar;zone=HeavensDoorInsideZone;table=jmp/placement/layera/objinfo;row=0;reason=retail_creator_not_linked)
[src/runtime/RuntimeContext.cpp:1773][APP - INFO] SMG semantic event placement:gateway_development_subset_blocked (object=BlackHole;raw_name=BlackHole;zone=HeavensBlackHoleZone;table=jmp/placement/common/objinfo;row=0;reason=retail_creator_not_linked)
[src/runtime/RuntimeContext.cpp:1773][APP - INFO] SMG semantic event placement:gateway_development_subset_blocked (object=HeavensDoorMiddleRotatePartsA;raw_name=HeavensDoorMiddleRotatePartsA;zone=HeavensDoorMiddleZone;table=jmp/mapparts/common/mappartsinfo;row=1;reason=retail_creator_not_linked)
[src/runtime/RuntimeContext.cpp:1773][APP - INFO] SMG semantic event placement:gateway_development_subset_blocked (object=ExterminationKuriboKeySwitch;raw_name=ExterminationKuriboKeySwitch;zone=HeavensDoorSmallZone;table=jmp/placement/common/objinfo;row=3;reason=retail_creator_not_linked)
[src/runtime/RuntimeContext.cpp:1773][APP - INFO] SMG semantic event placement:gateway_development_subset_blocked (object=BenefitItemOneUp;raw_name=BenefitItemOneUp;zone=HeavensBlackHoleZone;table=jmp/placement/common/objinfo;row=11;reason=retail_creator_not_linked)
Process 46774 launched: '/Users/frityet/Projects/petari/build/macosx/arm64/debug/smg-pc-showcase' (arm64)
Process 46774 stopped
* thread #1, name = 'Main thread', queue = 'com.apple.main-thread', stop reason = breakpoint 1.1
    frame #0: 0x00000001889e6040 libc++abi.dylib`__cxa_throw
libc++abi.dylib`__cxa_throw:
->  0x1889e6040 <+0>:  pacibsp 
    0x1889e6044 <+4>:  stp    x22, x21, [sp, #-0x30]!
    0x1889e6048 <+8>:  stp    x20, x19, [sp, #0x10]
    0x1889e604c <+12>: stp    x29, x30, [sp, #0x20]
Target 0: (smg-pc-showcase) stopped.
(lldb) bt 30
* thread #1, name = 'Main thread', queue = 'com.apple.main-thread', stop reason = breakpoint 1.1
  * frame #0: 0x00000001889e6040 libc++abi.dylib`__cxa_throw
    frame #1: 0x00000001000056f8 smg-pc-showcase`void aurora::throw_host_exception<std::logic_error>(message="Player death/nerve-change state has not been resolved by the player implementation.") at exception.hpp:25:3
    frame #2: 0x0000000100598fcc smg-pc-showcase`MR::isPlayerDead() at PlayerStateCompat.cpp:28:13
    frame #3: 0x00000001000684ec smg-pc-showcase`CamKarikariEffector::update(this=0x00000006f5f37610, pCameraMan=0x00000006f5f37500) at CamKarikariEffector.cpp:30:9
    frame #4: 0x000000010008e324 smg-pc-showcase`CameraManGame::calc(this=0x00000006f5f37500) at CameraManGame.cpp:58:16
    frame #5: 0x000000010008c8dc smg-pc-showcase`CameraMan::movement(this=0x00000006f5f37500) at CameraMan.cpp:33:9
    frame #6: 0x0000000100080340 smg-pc-showcase`CameraDirector::updateCameraMan(this=0x00000006f5f2d4f0) at CameraDirector.cpp:195:28
    frame #7: 0x000000010008019c smg-pc-showcase`CameraDirector::movement(this=0x00000006f5f2d4f0) at CameraDirector.cpp:121:5
    frame #8: 0x000000010059127c smg-pc-showcase`NameObj::executeMovement(this=0x00000006f5f2d4f0) at NameObjLifetimeCompat.cpp:66:5
    frame #9: 0x0000000100424254 smg-pc-showcase`smgpc::runtime::SceneScheduler::execute_movement_entry(smgpc::runtime::SceneScheduler::Entry const&, int)::$_0::operator()(this=0x000000016fdfac60) const at SceneScheduler.cpp:835:30
    frame #10: 0x000000010041a33c smg-pc-showcase`decltype(auto) smgpc::runtime::(anonymous namespace)::invoke_game_callback<smgpc::runtime::SceneScheduler::execute_movement_entry(smgpc::runtime::SceneScheduler::Entry const&, int)::$_0>(domain=std::__1::shared_ptr<smgpc::compat::JkrAllocationDomain>::element_type @ 0x0000000b0f679b70 strong=23 weak=1, callback=0x000000016fdfac60) at SceneScheduler.cpp:63:20
    frame #11: 0x000000010041a044 smg-pc-showcase`smgpc::runtime::SceneScheduler::execute_movement_entry(this=0x000000016fdfc8d0, registered=0x0000000b0b6283c0, movement_type=2) at SceneScheduler.cpp:834:9
    frame #12: 0x0000000100419470 smg-pc-showcase`smgpc::runtime::SceneScheduler::execute_movement_category(this=0x000000016fdfc8d0, movement_type=2) at SceneScheduler.cpp:825:13
    frame #13: 0x00000001005cba20 smg-pc-showcase`CategoryList::execute(type=MovementType_Camera) at SceneMovementCompat.cpp:36:25
    frame #14: 0x0000000100100cdc smg-pc-showcase`SceneFunction::executeMovementList() at SceneExecutor.cpp:27:5
    frame #15: 0x00000001004b8108 smg-pc-showcase`smgpc::scene::SceneExecutionService::execute_movement(this=0x0000000b0d01ee50) at SceneExecutionService.cpp:24:9
    frame #16: 0x000000010044f22c smg-pc-showcase`smgpc::runtime::RuntimeContext::begin_frame(this=0x000000016fdfc8c8, frame_context=0x000000016fdfc638) at RuntimeContext.cpp:901:23
    frame #17: 0x0000000100002dc8 smg-pc-showcase`(anonymous namespace)::run_gateway_showcase(options=0x000000016fdfe7a0, configuration=0x000000016fdfe710, game_data_session=0x000000016fdfe828) at Showcase.cpp:782:25
    frame #18: 0x00000001000016ac smg-pc-showcase`aurora_main(argc=6, argv=0x000000016fdfef68) at Showcase.cpp:1070:16
    frame #19: 0x0000000100f3a0b4 smg-pc-showcase`main(argc=6, argv=0x000000016fdfef68) at main.cpp:6:42
    frame #20: 0x00000001886784e4 dyld`start + 6992
(lldb) kill
Process 46774 exited with status = 9 (0x00000009) killed
